Date,Open,High,Low,Close,Adj Close,Volume,MA20,MA25,MA75,MA200,RSI14,MA50,MA75_slope,MA200_slope,Ret60,High20,PrevHigh,PrevClose,PrevOpen,PrevVolume
2020-02-25,1168.0,1192.5,1165.0,1188.5,1188.5,57200.0,,,,,50.0,,,,,,,,,
2020-02-26,1188.0,1189.5,1130.0,1185.5,1185.5,35000.0,,,,,50.0,,,,,,1192.5,1188.5,1168.0,57200.0
2020-02-27,1185.5,1185.5,1045.0,1072.5,1072.5,34400.0,,,,,50.0,,,,,,1189.5,1185.5,1188.0,35000.0
2020-02-28,999.0,1033.5,902.0,923.0,923.0,100000.0,,,,,50.0,,,,,,1185.5,1072.5,1185.5,34400.0
2020-02-29,999.0,1033.5,902.0,923.0,923.0,100000.0,,,,,50.0,,,,,,1033.5,923.0,999.0,100000.0
2020-03-01,999.0,1033.5,902.0,923.0,923.0,100000.0,,,,,50.0,,,,,,1033.5,923.0,999.0,100000.0
2020-03-02,930.0,1030.0,923.0,969.0,969.0,70800.0,,,,,50.0,,,,,,1033.5,923.0,999.0,100000.0
2020-03-03,1015.0,1022.5,940.0,952.0,952.0,42600.0,,,,,50.0,,,,,,1030.0,969.0,930.0,70800.0
2020-03-04,926.0,986.5,921.0,982.5,982.5,41000.0,,,,,50.0,,,,,,1022.5,952.0,1015.0,42600.0
2020-03-05,980.5,1015.0,955.5,970.5,970.5,21200.0,,,,,50.0,,,,,,986.5,982.5,926.0,41000.0
2020-03-06,950.5,954.0,890.0,894.5,894.5,38000.0,,,,,50.0,,,,,,1015.0,970.5,980.5,21200.0
2020-03-07,950.5,954.0,890.0,894.5,894.5,38000.0,,,,,50.0,,,,,,954.0,894.5,950.5,38000.0
2020-03-08,950.5,954.0,890.0,894.5,894.5,38000.0,,,,,50.0,,,,,,954.0,894.5,950.5,38000.0
2020-03-09,774.5,802.5,750.5,750.5,750.5,45400.0,,,,,50.0,,,,,,954.0,894.5,950.5,38000.0
2020-03-10,724.5,774.5,650.0,772.0,772.0,71600.0,,,,,16.0,,,,,,802.5,750.5,774.5,45400.0
2020-03-11,756.5,807.5,721.5,723.0,723.0,43600.0,,,,,14.882308276385729,,,,,,774.5,772.0,724.5,71600.0
2020-03-12,738.0,738.0,676.5,680.5,680.5,41400.0,,,,,16.666666666666657,,,,,,807.5,723.0,756.5,43600.0
2020-03-13,575.5,591.0,535.5,545.5,545.5,123600.0,,,,,17.08805579773322,,,,,,738.0,680.5,738.0,41400.0
2020-03-14,575.5,591.0,535.5,545.5,545.5,123600.0,,,,,17.08805579773322,,,,,,591.0,545.5,575.5,123600.0
2020-03-15,575.5,591.0,535.5,545.5,545.5,123600.0,866.775,,,,17.08805579773322,,,,,1188.5,591.0,545.5,575.5,123600.0
2020-03-16,560.5,561.0,495.0,498.5,498.5,132400.0,832.275,,,,9.051348999129672,,,,,1185.5,591.0,545.5,575.5,123600.0
2020-03-17,477.0,525.0,465.0,509.0,509.0,64200.0,798.45,,,,11.003521126760576,,,,,1072.5,561.0,498.5,560.5,132400.0
2020-03-18,565.0,573.0,488.5,502.5,502.5,86800.0,769.95,,,,5.882352941176464,,,,,982.5,525.0,509.0,477.0,64200.0
2020-03-19,517.5,532.5,440.0,442.5,442.5,98400.0,745.925,,,,5.405405405405404,,,,,982.5,573.0,502.5,565.0,86800.0
2020-03-20,517.5,532.5,440.0,442.5,442.5,98400.0,721.9,789.22,,,6.201550387596896,,,,,982.5,532.5,442.5,517.5,98400.0
2020-03-21,517.5,532.5,440.0,442.5,442.5,98400.0,697.875,759.38,,,6.201550387596896,,,,,982.5,532.5,442.5,517.5,98400.0
2020-03-22,517.5,532.5,440.0,442.5,442.5,98400.0,671.55,729.66,,,6.201550387596896,,,,,982.5,532.5,442.5,517.5,98400.0
2020-03-23,457.5,457.5,435.0,440.5,440.5,40400.0,645.975,704.38,,,8.556149732620327,,,,,982.5,532.5,442.5,517.5,98400.0
2020-03-24,455.5,515.5,455.5,512.5,512.5,88600.0,622.475,687.96,,,19.434628975265014,,,,,970.5,457.5,440.5,457.5,40400.0
2020-03-25,572.5,634.5,544.0,590.0,590.0,118800.0,603.45,674.64,,,35.32008830022076,,,,,894.5,515.5,512.5,455.5,88600.0
2020-03-26,553.5,553.5,527.0,535.5,535.5,61800.0,585.5,659.14,,,34.40860215053765,,,,,894.5,634.5,590.0,572.5,118800.0
2020-03-27,565.0,572.5,530.0,530.0,530.0,41200.0,567.275,641.58,,,47.69001490312966,,,,,894.5,553.5,535.5,553.5,61800.0
2020-03-28,565.0,572.5,530.0,530.0,530.0,41200.0,549.05,624.7,,,47.69001490312966,,,,,772.0,572.5,530.0,565.0,41200.0
2020-03-29,565.0,572.5,530.0,530.0,530.0,41200.0,538.025,606.6,,,47.69001490312966,,,,,772.0,572.5,530.0,565.0,41200.0
2020-03-30,500.0,507.0,486.0,489.5,489.5,33800.0,523.9,587.36,,,48.6322188449848,,,,,723.0,572.5,530.0,565.0,41200.0
2020-03-31,502.5,502.5,480.5,487.5,487.5,39400.0,512.125,571.08,,,46.64586583463338,,,,,680.5,507.0,489.5,500.0,33800.0
2020-04-01,486.5,495.0,472.5,472.5,472.5,33000.0,501.725,554.2,,,45.44072948328268,,,,,590.0,502.5,487.5,502.5,39400.0
2020-04-02,465.5,499.5,465.5,487.0,487.0,33200.0,498.8,537.9,,,57.84832451499118,,,,,590.0,495.0,472.5,486.5,33000.0
2020-04-03,477.5,495.0,457.0,468.0,468.0,33400.0,494.925,526.6,,,54.21487603305785,,,,,590.0,499.5,487.0,465.5,33200.0
2020-04-04,477.5,495.0,457.0,468.0,468.0,33400.0,491.05,514.44,,,54.21487603305785,,,,,590.0,495.0,468.0,477.5,33400.0
2020-04-05,477.5,495.0,457.0,468.0,468.0,33400.0,489.525,504.24,,,54.21487603305785,,,,,590.0,495.0,468.0,477.5,33400.0
2020-04-06,465.0,484.0,452.5,484.0,484.0,30800.0,488.275,496.38,,,56.87203791469194,,,,,590.0,495.0,468.0,477.5,33400.0
2020-04-07,497.5,511.5,477.0,495.0,495.0,49000.0,487.9,494.36,,,46.57534246575342,,,,,590.0,484.0,484.0,465.0,30800.0
2020-04-08,500.0,557.5,467.5,555.0,555.0,130200.0,493.525,494.74,,,42.64705882352941,,,,,590.0,511.5,495.0,497.5,49000.0
2020-04-09,595.0,705.0,585.0,705.0,705.0,610400.0,506.65,501.12,,,75.41229385307346,,,,,705.0,557.5,555.0,500.0,130200.0
2020-04-10,705.5,849.0,626.5,820.0,820.0,641400.0,525.525,513.98,,,82.7313769751693,,,,,820.0,705.0,705.0,595.0,610400.0
2020-04-11,705.5,849.0,626.5,820.0,820.0,641400.0,544.4,526.42,,,82.7313769751693,,,,,820.0,849.0,820.0,705.5,641400.0
2020-04-12,705.5,849.0,626.5,820.0,820.0,641400.0,563.375,539.12,,,82.7313769751693,,,,,820.0,849.0,820.0,705.5,641400.0
2020-04-13,800.5,924.5,781.0,806.0,806.0,479600.0,578.05,553.66,,,87.99519807923168,,,,,820.0,849.0,820.0,705.5,641400.0
2020-04-14,791.0,860.5,750.5,836.0,836.0,197600.0,590.35,569.4,,,89.20134983127109,679.31,,,,836.0,924.5,806.0,800.5,479600.0
2020-04-15,827.5,894.5,819.5,856.5,856.5,161800.0,606.4,585.96,,,92.66666666666669,672.67,,,,856.5,860.5,836.0,791.0,197600.0
2020-04-16,836.5,880.0,836.5,869.0,869.0,80600.0,623.35,603.02,,,92.63392857142856,666.34,,,,869.0,894.5,856.5,827.5,161800.0
2020-04-17,882.5,965.0,860.5,935.0,935.0,203800.0,643.6,622.8,,,97.17171717171718,663.59,,,,935.0,880.0,869.0,836.5,80600.0
2020-04-18,882.5,965.0,860.5,935.0,935.0,203800.0,663.85,639.7,,,97.17171717171718,663.83,,,,935.0,965.0,935.0,882.5,203800.0
2020-04-19,882.5,965.0,860.5,935.0,935.0,203800.0,686.125,653.5,,,97.17171717171718,664.07,,,,935.0,965.0,935.0,882.5,203800.0
2020-04-20,965.0,1135.0,955.5,1135.0,1135.0,299200.0,718.5,677.48,,,97.93814432989691,668.31,,,,1135.0,965.0,935.0,882.5,203800.0
2020-04-21,1210.0,1211.5,1010.0,1055.5,1055.5,284600.0,747.65,698.5,,,87.49163879598662,670.04,,,,1135.0,1135.0,1135.0,965.0,299200.0
2020-04-22,890.5,939.0,821.0,837.0,837.0,255800.0,765.15,710.78,,,65.56291390728478,667.74,,,,1135.0,1211.5,1055.5,1210.0,284600.0
2020-04-23,897.0,970.0,887.5,937.5,937.5,134800.0,788.625,727.08,,,63.57267950963223,666.84,,,,1135.0,939.0,837.0,890.5,255800.0
2020-04-24,957.5,1038.0,924.5,958.5,958.5,132800.0,813.15,745.84,,,59.08196721311475,666.6,,,,1135.0,970.0,937.5,897.0,134800.0
2020-04-25,957.5,1038.0,924.5,958.5,958.5,132800.0,837.675,764.68,,,59.08196721311475,667.88,,,-0.1935212452671434,1135.0,1038.0,958.5,957.5,132800.0
2020-04-26,957.5,1038.0,924.5,958.5,958.5,132800.0,861.4,784.12,,,59.08196721311475,669.16,,,-0.1914803880219316,1135.0,1038.0,958.5,957.5,132800.0
2020-04-27,1027.5,1027.5,983.0,997.0,997.0,81400.0,886.5,804.52,,,62.13468869123253,671.21,,,-0.0703962703962703,1135.0,1038.0,958.5,957.5,132800.0
2020-04-28,1002.0,1025.0,977.5,992.5,992.5,60600.0,908.375,825.5,,,60.275771503611296,676.05,,,0.0752979414951247,1135.0,1027.5,997.0,1027.5,81400.0
2020-04-29,1002.0,1025.0,977.5,992.5,992.5,60600.0,922.75,846.48,,,59.17678812415654,680.46,,,0.0752979414951247,1135.0,1025.0,992.5,1002.0,60600.0
2020-04-30,1012.5,1037.0,930.5,930.5,930.5,122600.0,928.275,864.98,,,53.8899430740038,684.61,,,0.0081256771397617,1135.0,1025.0,992.5,1002.0,60600.0
2020-05-01,910.5,917.0,882.5,889.0,889.0,35400.0,931.725,881.18,,,46.99738903394256,688.78,,,-0.0825593395252838,1135.0,1037.0,930.5,1012.5,122600.0
2020-05-02,910.5,917.0,882.5,889.0,889.0,35400.0,935.175,896.94,,,46.99738903394256,695.65,,,-0.0661764705882352,1135.0,917.0,889.0,910.5,35400.0
2020-05-03,910.5,917.0,882.5,889.0,889.0,35400.0,939.325,910.3,,,46.99738903394256,702.52,,,-0.0951653944020356,1135.0,917.0,889.0,910.5,35400.0
2020-05-04,910.5,917.0,882.5,889.0,889.0,35400.0,941.975,917.66,,,28.26855123674912,709.39,,,-0.0839773312725399,1135.0,917.0,889.0,910.5,35400.0
2020-05-05,910.5,917.0,882.5,889.0,889.0,35400.0,943.6,920.42,,,32.887975334018506,717.2,,,-0.0061486864169927,1135.0,917.0,889.0,910.5,35400.0
2020-05-06,910.5,917.0,882.5,889.0,889.0,35400.0,944.6,923.18,,,59.70149253731344,724.8,,,-0.0061486864169927,1135.0,917.0,889.0,910.5,35400.0
2020-05-07,869.0,916.5,869.0,890.5,890.5,45400.0,942.375,926.0,,,36.09467455621302,732.56,,,-0.0044717719396311,1135.0,917.0,889.0,910.5,35400.0
2020-05-08,885.0,894.0,855.5,874.0,874.0,55000.0,939.325,928.72,,,24.316109422492403,741.19,,,0.1645569620253164,1135.0,916.5,890.5,869.0,45400.0
2020-05-09,885.0,894.0,855.5,874.0,874.0,55000.0,936.275,930.24,762.9533333333334,,24.316109422492403,749.82,,,0.1321243523316062,1135.0,894.0,874.0,885.0,55000.0
2020-05-10,885.0,894.0,855.5,874.0,874.0,55000.0,923.225,930.94,758.76,,24.316109422492403,758.45,,,0.2088520055325033,1055.5,894.0,874.0,885.0,55000.0
2020-05-11,954.0,954.0,859.0,870.5,870.5,91800.0,913.975,931.0,754.56,,1.1583011583011569,767.01,,,0.2792064658339457,997.0,894.0,874.0,885.0,55000.0
2020-05-12,879.0,889.5,860.5,879.0,879.0,18000.0,916.075,928.76,751.98,,7.490636704119865,775.78,,,0.611365719523373,997.0,954.0,870.5,954.0,91800.0
2020-05-13,865.0,875.0,853.5,874.5,874.5,15800.0,912.925,926.34,751.3333333333334,,7.246376811594203,783.02,,,0.6031164069660861,997.0,889.5,879.0,879.0,18000.0
2020-05-14,855.0,860.0,820.0,832.0,832.0,25400.0,906.6,922.22,750.12,,8.438818565400851,787.86,-12.833333333333371,,0.5252062328139322,997.0,875.0,874.5,865.0,15800.0
2020-05-15,825.5,834.5,765.0,779.5,779.5,51400.0,897.65,908.0,748.2066666666667,,7.722007722007717,792.74,-10.553333333333285,,0.563691073219659,997.0,860.0,832.0,855.0,25400.0
2020-05-16,825.5,834.5,765.0,779.5,779.5,51400.0,888.7,896.96,745.68,,7.722007722007717,797.73,-8.879999999999995,,0.531434184675835,997.0,834.5,779.5,825.5,51400.0
2020-05-17,825.5,834.5,765.0,779.5,779.5,51400.0,877.825,894.66,743.38,,7.722007722007717,802.72,-8.600000000000023,,0.5512437810945274,992.5,834.5,779.5,825.5,51400.0
2020-05-18,759.5,760.0,733.5,760.0,760.0,46800.0,866.2,887.56,740.4133333333333,,6.711409395973149,807.32,-10.920000000000073,,0.7175141242937852,992.5,834.5,779.5,825.5,51400.0
2020-05-19,761.5,844.0,755.0,840.0,840.0,39800.0,858.575,882.82,738.6733333333333,,39.30131004366813,814.33,-11.446666666666715,,0.8983050847457628,930.5,760.0,760.0,759.5,46800.0
2020-05-20,830.0,839.5,805.5,833.5,833.5,23600.0,853.725,877.82,737.86,,38.21656050955414,821.25,-10.346666666666692,,0.8836158192090395,890.5,844.0,840.0,761.5,39800.0
2020-05-21,848.0,849.0,775.5,791.5,791.5,52800.0,848.85,871.14,736.4866666666667,,32.065217391304344,827.63,-9.193333333333271,,0.7887005649717513,890.5,839.5,833.5,830.0,23600.0
2020-05-22,800.0,824.5,800.0,822.0,822.0,33000.0,845.5,864.14,735.52,,41.03448275862069,834.33,-7.860000000000014,,0.866061293984109,890.5,849.0,791.5,848.0,52800.0
2020-05-23,800.0,824.5,800.0,822.0,822.0,33000.0,842.15,857.32,736.4733333333334,,41.03448275862069,841.41,-3.939999999999941,,0.6039024390243903,890.5,824.5,822.0,800.0,33000.0
2020-05-24,800.0,824.5,800.0,822.0,822.0,33000.0,838.8,850.5,737.14,,41.03448275862069,848.49,-1.533333333333303,,0.3932203389830508,890.5,824.5,822.0,800.0,33000.0
2020-05-25,844.0,893.0,840.0,886.5,886.5,54600.0,838.675,848.74,739.32,,52.27920227920228,856.86,1.4600000000000364,,0.6554621848739495,890.5,824.5,822.0,800.0,33000.0
2020-05-26,887.0,887.5,823.5,839.0,839.0,71600.0,836.175,846.74,741.4333333333333,,44.87179487179488,863.96,4.9466666666666015,,0.5830188679245283,890.5,893.0,886.5,844.0,54600.0
2020-05-27,847.0,867.0,825.0,844.0,844.0,32400.0,833.85,844.94,745.4133333333333,,46.09475032010244,870.94,9.893333333333317,,0.5924528301886793,886.5,887.5,839.0,887.0,71600.0
2020-05-28,835.5,873.0,812.5,850.0,850.0,39800.0,832.65,843.38,749.4733333333334,,52.54237288135593,876.84,13.0,,0.6037735849056605,886.5,867.0,844.0,847.0,32400.0
2020-05-29,835.0,857.0,830.0,844.0,844.0,14000.0,831.15,841.58,753.4533333333334,,60.487804878048784,879.62,16.31333333333339,,0.7242083758937692,886.5,873.0,850.0,835.5,39800.0
2020-05-30,835.0,857.0,830.0,844.0,844.0,14000.0,829.65,839.78,758.06,,60.487804878048784,880.1,18.73999999999989,,0.7312820512820513,886.5,857.0,844.0,835.0,14000.0
2020-05-31,835.0,857.0,830.0,844.0,844.0,14000.0,828.325,837.98,762.5266666666666,,60.487804878048784,880.58,21.09333333333336,,0.7862433862433862,886.5,857.0,844.0,835.0,14000.0
2020-06-01,857.5,918.0,843.5,899.5,899.5,101400.0,829.35,838.34,767.82,,70.3056768558952,882.17,22.40666666666675,,0.8470225872689938,899.5,857.0,844.0,835.0,14000.0
2020-06-02,905.0,914.5,877.5,898.0,898.0,58600.0,830.525,839.3,773.8933333333333,,60.94339622641509,884.01,24.41999999999996,,0.9188034188034188,899.5,918.0,899.5,857.5,101400.0
2020-06-03,902.5,908.0,849.0,852.5,852.5,70000.0,831.55,838.44,779.36,,53.125,884.34,25.90666666666664,,0.8215811965811965,899.5,914.5,898.0,905.0,58600.0
2020-06-04,872.5,877.5,855.5,865.5,865.5,49000.0,835.85,838.1,785.0,,63.45454545454545,884.52,26.94000000000005,,0.8493589743589745,899.5,908.0,852.5,902.5,70000.0
2020-06-05,865.5,915.5,865.5,910.0,910.0,63400.0,842.375,839.68,791.2333333333333,,65.22491349480968,885.34,28.706666666666703,,0.8801652892561984,910.0,877.5,865.5,872.5,49000.0
2020-06-06,865.5,915.5,865.5,910.0,910.0,63400.0,848.9,840.92,797.4933333333333,,65.22491349480968,884.84,29.67333333333329,,0.8383838383838385,910.0,915.5,910.0,865.5,63400.0
2020-06-07,865.5,915.5,865.5,910.0,910.0,63400.0,856.4,842.34,802.7933333333333,,65.22491349480968,884.34,28.899999999999977,,0.6396396396396395,910.0,915.5,910.0,865.5,63400.0
2020-06-08,941.5,971.5,913.0,928.5,928.5,76000.0,860.825,846.2,807.3066666666666,,58.64197530864198,884.21,27.9466666666666,,0.3170212765957447,928.5,915.5,910.0,865.5,63400.0
2020-06-09,942.0,942.0,885.5,902.5,902.5,39200.0,864.275,851.12,812.2,,64.33408577878103,879.56,27.200000000000045,,0.1006097560975609,928.5,971.5,928.5,941.5,76000.0
2020-06-10,921.5,1085.0,912.0,1026.5,1026.5,184000.0,876.025,861.0,818.82,,76.79882525697504,878.98,27.5866666666667,,0.2518292682926828,1026.5,942.0,902.5,942.0,39200.0
2020-06-11,1010.0,1125.0,978.0,1038.0,1038.0,208600.0,886.825,871.34,825.5933333333334,,77.16763005780346,883.0,28.100000000000023,,0.2658536585365854,1038.0,1085.0,1026.5,921.5,184000.0
2020-06-12,945.0,1036.5,944.5,1030.0,1030.0,151400.0,897.225,882.14,832.26,,76.72413793103448,884.85,29.466666666666697,,0.2779156327543424,1038.0,1125.0,1038.0,1010.0,208600.0
2020-06-13,945.0,1036.5,944.5,1030.0,1030.0,151400.0,907.625,889.74,839.4666666666667,,76.72413793103448,886.28,32.16000000000008,,0.2320574162679425,1038.0,1036.5,1030.0,945.0,151400.0
2020-06-14,945.0,1036.5,944.5,1030.0,1030.0,151400.0,914.8,897.6,846.7,,76.72413793103448,887.71,34.5,,0.2025685931115002,1038.0,1036.5,1030.0,945.0,151400.0
2020-06-15,1100.0,1189.5,1085.0,1139.0,1139.0,275400.0,929.8,911.5,855.5866666666667,,79.82565379825654,891.32,36.76666666666665,,0.3107019562715765,1139.0,1036.5,1030.0,945.0,151400.0
2020-06-16,970.0,1039.0,920.5,1002.0,1002.0,434000.0,937.7,918.7,862.4533333333334,,59.68342644320298,891.42,36.860000000000014,,0.0716577540106953,1139.0,1189.5,1139.0,1100.0,275400.0
2020-06-17,1002.0,1002.0,948.5,962.0,962.0,140400.0,943.3,924.3,869.04,,60.30103480714957,890.81,36.77999999999997,,0.0288770053475935,1139.0,1039.0,1002.0,970.0,434000.0
2020-06-18,959.5,969.5,933.0,936.5,936.5,89800.0,947.925,928.88,875.2866666666666,,56.52573529411765,889.69,35.819999999999936,,0.0016042780748664,1139.0,1002.0,962.0,1002.0,140400.0
2020-06-19,944.0,944.0,890.5,935.5,935.5,111200.0,952.5,930.84,881.52,,52.547452547452544,889.79,34.819999999999936,,-0.1757709251101321,1139.0,969.5,936.5,959.5,89800.0
2020-06-20,944.0,944.0,890.5,935.5,935.5,111200.0,957.075,934.7,887.54,,52.547452547452544,890.72,31.953333333333266,,-0.1136901942207484,1139.0,944.0,935.5,944.0,111200.0
2020-06-21,944.0,944.0,890.5,935.5,935.5,111200.0,958.875,938.36,893.4133333333333,,52.547452547452544,891.65,30.959999999999923,,0.1176821983273597,1139.0,944.0,935.5,944.0,111200.0
2020-06-22,915.5,936.0,914.0,934.5,934.5,59200.0,960.7,941.74,898.4733333333334,,50.62111801242236,892.56,29.4333333333334,,-0.0031999999999999,1139.0,944.0,935.5,944.0,111200.0
2020-06-23,934.5,969.5,922.0,944.0,944.0,86200.0,965.275,945.74,901.66,,54.448017148981776,893.66,26.37333333333333,,-0.0151278038601981,1139.0,936.0,934.5,915.5,59200.0
2020-06-24,963.0,1080.0,949.0,1046.5,1046.5,387600.0,974.325,953.84,904.68,,52.24719101123596,896.81,23.159999999999968,,0.0918101199791341,1139.0,969.5,944.0,934.5,86200.0
2020-06-25,1025.0,1059.0,1025.0,1049.5,1049.5,128000.0,981.3,962.06,907.74,,51.31729667812142,900.02,20.200000000000045,,0.094940010432968,1139.0,1080.0,1046.5,963.0,387600.0
2020-06-26,1070.0,1071.5,1034.0,1046.5,1046.5,82000.0,988.125,967.94,910.76,,51.91193511008111,903.14,17.346666666666692,,0.0496489468405214,1139.0,1059.0,1049.5,1025.0,128000.0
2020-06-27,1070.0,1071.5,1034.0,1046.5,1046.5,82000.0,994.95,973.88,913.9666666666668,,51.91193511008111,906.59,15.49333333333334,,0.0544080604534005,1139.0,1071.5,1046.5,1070.0,82000.0
2020-06-28,1070.0,1071.5,1034.0,1046.5,1046.5,82000.0,1000.85,981.64,916.7733333333332,,51.91193511008111,910.04,15.113333333333344,,0.0544080604534005,1139.0,1071.5,1046.5,1070.0,82000.0
2020-06-29,1050.0,1065.0,994.0,1006.5,1006.5,91800.0,1006.05,987.28,918.7733333333332,,31.72413793103448,912.69,14.093333333333362,,0.0816765180010747,1139.0,1071.5,1046.5,1070.0,82000.0
2020-06-30,1015.0,1041.5,1005.5,1019.5,1019.5,80800.0,1005.7,991.66,920.78,,53.66876310272536,915.67,13.039999999999964,,0.1467941507311585,1139.0,1065.0,1006.5,1050.0,91800.0
2020-07-01,1003.5,1015.0,981.5,997.5,997.5,54000.0,1003.675,995.16,921.6133333333332,,58.0498866213152,918.04,10.853333333333351,,0.1220472440944882,1139.0,1041.5,1019.5,1015.0,80800.0
2020-07-02,983.5,984.5,890.0,903.0,903.0,84800.0,997.325,994.88,921.1866666666666,,44.214162348877366,918.61,7.219999999999914,,0.0157480314960629,1139.0,1015.0,997.5,1003.5,54000.0
2020-07-03,898.0,940.5,897.5,915.0,915.0,27200.0,991.575,994.34,920.92,,46.58901830282862,920.27,4.146666666666647,,0.0292463442069741,1139.0,984.5,903.0,983.5,84800.0
2020-07-04,898.0,940.5,897.5,915.0,915.0,27200.0,985.825,994.84,917.9866666666668,,46.58901830282862,922.98,-0.7866666666666333,,0.0292463442069741,1139.0,940.5,915.0,898.0,27200.0
2020-07-05,898.0,940.5,897.5,915.0,915.0,27200.0,974.625,990.38,916.1133333333332,,46.58901830282862,925.69,-4.666666666666629,,0.0292463442069741,1049.5,940.5,915.0,898.0,27200.0
2020-07-06,915.0,939.5,914.0,929.5,929.5,26000.0,971.0,986.04,917.3466666666668,,49.20382165605096,928.69,-4.266666666666652,,0.0437956204379561,1049.5,940.5,915.0,898.0,27200.0
2020-07-07,913.5,967.0,913.5,926.5,926.5,45000.0,969.225,981.9,917.2,,47.15447154471545,932.02,-3.986666666666565,,0.0600686498855835,1049.5,939.5,929.5,915.0,26000.0
2020-07-08,940.0,942.0,909.5,937.0,937.0,33600.0,969.25,978.18,916.9133333333332,,24.5939675174014,933.96,-4.006666666666661,,0.0720823798627001,1049.5,967.0,926.5,913.5,45000.0
2020-07-09,948.5,948.5,885.0,895.0,895.0,55600.0,967.225,972.78,916.0666666666668,,19.64636542239685,935.19,-1.919999999999959,,0.0240274599542333,1049.5,942.0,937.0,940.0,33600.0
2020-07-10,886.0,889.0,864.5,881.5,881.5,54200.0,964.525,962.48,915.04,,18.867924528301884,936.99,-1.0733333333333803,,0.0126364158529581,1049.5,948.5,895.0,948.5,55600.0
2020-07-11,886.0,889.0,864.5,881.5,881.5,54200.0,961.825,957.66,913.5,,18.867924528301884,938.18,-3.846666666666693,,0.0028441410693971,1049.5,889.0,881.5,886.0,54200.0
2020-07-12,886.0,889.0,864.5,881.5,881.5,54200.0,959.175,954.44,912.02,,18.867924528301884,939.37,-5.180000000000064,,0.0080045740423098,1049.5,889.0,881.5,886.0,54200.0
2020-07-13,865.5,879.0,846.5,863.5,863.5,64200.0,955.15,951.52,910.3,,20.576131687242807,940.2,-6.613333333333344,,0.0378605769230768,1049.5,889.0,881.5,886.0,54200.0
2020-07-14,854.0,860.0,825.0,842.0,842.0,54000.0,944.925,947.78,909.12,,14.71172962226639,939.31,-6.946666666666715,,0.0801796023091725,1049.5,879.0,863.5,865.5,64200.0
2020-07-15,822.0,830.0,802.5,810.5,810.5,70400.0,932.975,942.78,908.0733333333334,,14.17624521072797,938.74,-6.966666666666583,,0.0397690827453496,1046.5,860.0,842.0,854.0,54000.0
2020-07-16,802.0,839.0,801.0,829.5,829.5,24800.0,922.125,938.54,907.28,,30.188679245283023,938.45,-6.220000000000027,,0.0641436818473379,1046.5,830.0,810.5,822.0,70400.0
2020-07-17,839.5,881.5,839.0,842.5,842.5,39400.0,911.925,934.86,906.66,,30.56300268096514,938.3,-5.360000000000014,,0.1085526315789473,1046.5,839.0,829.5,802.0,24800.0
2020-07-18,839.5,881.5,839.0,842.5,842.5,39400.0,901.725,930.8,906.04,,30.56300268096514,938.27,-4.259999999999991,,0.0029761904761904,1019.5,881.5,842.5,839.5,39400.0
2020-07-19,839.5,881.5,839.0,842.5,842.5,39400.0,893.525,922.64,905.42,,30.56300268096514,938.24,-3.7000000000000455,,0.0107978404319135,1019.5,881.5,842.5,839.5,39400.0
2020-07-20,862.5,909.5,848.0,895.0,895.0,57800.0,887.3,916.46,905.5,,42.31625835189309,939.26,-2.5733333333333803,,0.1307643714466202,997.5,881.5,842.5,839.5,39400.0
2020-07-21,895.0,935.0,895.0,918.0,918.0,46400.0,883.325,911.32,905.8666666666668,,48.26175869120655,939.63,-1.4133333333332985,,0.1167883211678832,937.0,909.5,895.0,862.5,57800.0
2020-07-22,906.5,950.0,905.5,949.5,949.5,34400.0,885.65,907.44,906.8733333333332,,52.35404896421845,940.66,0.2133333333333666,,0.1551094890510949,949.5,935.0,918.0,895.0,46400.0
2020-07-23,906.5,950.0,905.5,949.5,949.5,34400.0,887.375,903.56,907.88,,62.1923937360179,942.6,1.840000000000032,,0.1551094890510949,949.5,950.0,949.5,906.5,34400.0
2020-07-24,906.5,950.0,905.5,949.5,949.5,34400.0,889.1,901.28,908.8866666666668,,66.19047619047619,944.28,3.466666666666697,,0.0710659898477157,949.5,950.0,949.5,906.5,34400.0
2020-07-25,906.5,950.0,905.5,949.5,949.5,34400.0,890.825,898.48,909.94,,66.19047619047619,945.07,4.440000000000055,,0.1317044100119189,949.5,950.0,949.5,906.5,34400.0
2020-07-26,906.5,950.0,905.5,949.5,949.5,34400.0,891.825,896.56,910.88,,66.19047619047619,945.86,5.013333333333321,,0.125,949.5,950.0,949.5,906.5,34400.0
2020-07-27,950.0,960.0,921.0,921.0,921.0,20600.0,891.55,897.28,911.5,,63.03854875283447,946.08,4.626666666666665,,0.0835294117647058,949.5,950.0,949.5,906.5,34400.0
2020-07-28,939.5,939.5,900.5,905.5,905.5,15600.0,889.975,896.9,912.48,,64.80186480186481,945.62,4.600000000000023,,0.072867298578199,949.5,960.0,921.0,950.0,20600.0
2020-07-29,893.0,915.0,891.5,900.5,900.5,17000.0,890.25,896.32,914.0933333333334,,73.93617021276596,945.58,5.206666666666706,,0.0669431279620853,949.5,939.5,905.5,939.5,15600.0
2020-07-30,900.5,927.0,900.5,916.5,916.5,10800.0,892.0,896.38,915.92,,73.51351351351352,943.38,5.9799999999999045,,0.0859004739336493,949.5,915.0,900.5,893.0,17000.0
2020-07-31,915.0,915.0,838.0,875.0,875.0,46400.0,891.675,894.2,917.1933333333334,,57.6112412177986,940.12,6.313333333333389,,-0.0272373540856031,949.5,927.0,916.5,900.5,10800.0
2020-08-01,915.0,915.0,838.0,875.0,875.0,46400.0,891.35,892.14,918.7266666666668,,57.6112412177986,937.02,7.226666666666688,,-0.0256124721603563,949.5,915.0,875.0,915.0,46400.0
2020-08-02,915.0,915.0,838.0,875.0,875.0,46400.0,891.925,889.66,919.1933333333334,,57.6112412177986,933.92,6.713333333333367,,0.0263929618768328,949.5,915.0,875.0,915.0,46400.0
2020-08-03,891.5,924.0,891.5,924.0,924.0,19400.0,896.025,890.82,920.4,,56.90476190476191,931.8,6.306666666666615,,0.0675909878682843,949.5,915.0,875.0,915.0,46400.0
2020-08-04,925.0,927.5,902.5,924.0,924.0,22600.0,901.7,892.52,922.1666666666666,,51.60427807486632,927.5,6.24666666666667,,0.0153846153846153,949.5,924.0,924.0,891.5,19400.0
2020-08-05,915.5,942.5,911.0,942.5,942.5,25400.0,907.35,894.96,923.7733333333332,,47.98850574712644,926.31,6.579999999999927,,0.0357142857142858,949.5,927.5,924.0,925.0,22600.0
2020-08-06,950.0,980.0,931.5,962.0,962.0,48000.0,913.325,898.18,925.64,,53.22997416020672,926.31,6.9133333333332985,,0.0571428571428571,962.0,942.5,942.5,915.5,25400.0
2020-08-07,762.0,762.0,762.0,762.0,762.0,15200.0,909.3,894.12,924.84,,26.17534942820837,922.82,5.646666666666647,,-0.1793214862681744,962.0,980.0,962.0,950.0,48000.0
2020-08-08,762.0,762.0,762.0,762.0,762.0,15200.0,905.275,890.92,923.18,,26.17534942820837,919.35,2.7799999999999727,,-0.1556786703601108,962.0,762.0,762.0,762.0,15200.0
2020-08-09,762.0,762.0,762.0,762.0,762.0,15200.0,898.625,888.98,922.1533333333332,,26.17534942820837,915.88,-0.0133333333333212,,-0.2576716999512908,962.0,762.0,762.0,762.0,15200.0
2020-08-10,762.0,762.0,762.0,762.0,762.0,15200.0,890.825,886.28,921.06,,28.21917808219179,912.41,-2.7133333333333667,,-0.2658959537572254,962.0,762.0,762.0,762.0,15200.0
2020-08-11,697.0,717.5,670.0,700.0,700.0,292800.0,878.35,880.58,919.06,,25.03037667071689,907.72,-6.580000000000041,,-0.3203883495145631,962.0,762.0,762.0,762.0,15200.0
2020-08-12,700.0,707.0,678.5,683.0,683.0,86000.0,865.025,874.2,916.9133333333332,,24.3211334120425,902.5,-7.926666666666733,,-0.3368932038834952,962.0,717.5,700.0,697.0,292800.0
2020-08-13,685.0,692.0,640.5,660.0,660.0,183600.0,850.55,866.9,914.46,,20.209059233449462,894.77,-8.719999999999914,,-0.3592233009708737,962.0,707.0,683.0,700.0,86000.0
2020-08-14,672.5,672.5,635.5,647.0,647.0,72000.0,835.425,856.98,911.8333333333334,,21.64179104477612,886.72,-10.319999999999936,,-0.4319578577699736,962.0,692.0,660.0,685.0,183600.0
2020-08-15,672.5,672.5,635.5,647.0,647.0,72000.0,820.3,846.14,908.4666666666668,,21.64179104477612,878.73,-12.593333333333248,,-0.3542914171656687,962.0,672.5,647.0,672.5,72000.0
2020-08-16,672.5,672.5,635.5,647.0,647.0,72000.0,806.6,834.04,905.12,,21.64179104477612,870.74,-13.93999999999994,,-0.3274428274428275,962.0,672.5,647.0,672.5,72000.0
2020-08-17,640.5,688.0,640.0,665.5,665.5,108200.0,794.6,822.68,902.6266666666668,,15.208613728129208,863.12,-14.286666666666632,,-0.2893753336892686,962.0,672.5,647.0,672.5,72000.0
2020-08-18,667.0,682.5,665.5,677.5,677.5,37800.0,783.45,811.8,900.12,,17.86179921773143,856.54,-14.340000000000032,,-0.2757883484767504,962.0,688.0,665.5,640.5,108200.0
2020-08-19,674.5,689.0,665.5,680.0,680.0,51200.0,771.625,801.02,897.0533333333333,,14.285714285714292,849.75,-14.780000000000086,,-0.2731159807589524,962.0,682.5,677.5,667.0,37800.0
2020-08-20,680.0,685.5,668.5,673.5,673.5,23000.0,761.55,789.98,893.9,,9.308885754583912,843.27,-14.56666666666672,,-0.2800641368252271,962.0,689.0,680.0,674.5,51200.0
2020-08-21,671.0,675.0,650.5,660.5,660.5,42000.0,750.825,779.56,890.5733333333334,,19.701492537313428,838.42,-14.546666666666624,,-0.2932049224184055,962.0,685.5,673.5,680.0,23000.0
2020-08-22,671.0,675.0,650.5,660.5,660.5,42000.0,740.1,769.76,887.0,,19.701492537313428,833.33,-15.626666666666663,,-0.3003177966101694,962.0,675.0,660.5,671.0,42000.0
2020-08-23,671.0,675.0,650.5,660.5,660.5,42000.0,726.925,760.16,883.7733333333333,,19.701492537313428,828.24,-16.346666666666692,,-0.3688485427615862,962.0,675.0,660.5,671.0,42000.0
2020-08-24,665.0,665.0,643.0,647.0,647.0,81400.0,713.075,749.38,878.7133333333334,,18.232044198895025,822.88,-18.33999999999992,,-0.3835159599809433,962.0,675.0,660.5,671.0,42000.0
2020-08-25,643.5,650.5,637.0,642.5,642.5,75000.0,698.075,740.08,873.44,,26.72064777327936,817.14,-20.459999999999923,,-0.3860487338748208,962.0,665.0,647.0,665.0,81400.0
2020-08-26,642.5,646.0,620.0,627.5,627.5,114200.0,681.35,730.18,868.0733333333334,,27.160493827160494,811.16,-22.5,,-0.400382226469183,762.0,650.5,642.5,643.5,75000.0
2020-08-27,627.5,629.0,597.0,602.5,602.5,103800.0,673.375,719.28,862.3733333333333,,26.72064777327936,804.47,-24.626666666666665,,-0.4242713807931199,762.0,646.0,627.5,642.5,114200.0
2020-08-28,604.0,633.0,591.5,596.0,596.0,203400.0,665.075,706.16,856.5866666666667,,28.205128205128204,798.49,-27.18666666666661,,-0.4078489816194734,762.0,629.0,602.5,627.5,103800.0
2020-08-29,604.0,633.0,591.5,596.0,596.0,203400.0,656.775,693.04,849.3466666666667,,28.205128205128204,792.78,-29.366666666666674,,-0.4153997057381069,762.0,633.0,596.0,604.0,203400.0
2020-08-30,604.0,633.0,591.5,596.0,596.0,203400.0,648.475,679.18,843.9333333333333,,28.205128205128204,787.07,-29.50666666666677,,-0.4025062656641603,700.0,633.0,596.0,604.0,203400.0
2020-08-31,610.0,626.5,603.5,616.0,616.0,126400.0,644.275,665.34,839.32,,29.11392405063292,781.76,-28.75333333333333,,-0.3178294573643411,683.0,633.0,596.0,604.0,203400.0
2020-09-01,616.0,616.0,590.5,609.5,609.5,70600.0,640.6,659.24,834.96,,19.911504424778755,776.68,-27.4133333333333,,-0.333879781420765,680.0,626.5,616.0,610.0,126400.0
2020-09-02,609.0,609.0,595.0,595.5,595.5,78200.0,637.375,652.58,830.4266666666666,,16.06425702811245,771.75,-26.16000000000008,,-0.3491803278688524,680.0,616.0,609.5,616.0,70600.0
2020-09-03,601.5,602.0,581.0,586.0,586.0,65400.0,634.325,645.54,825.7666666666667,,15.686274509803908,767.26,-23.58000000000004,,-0.3595628415300547,680.0,609.0,595.5,609.0,78200.0
2020-09-04,575.0,580.0,557.5,574.0,574.0,67200.0,630.675,638.02,820.9466666666667,,15.810276679841904,762.15,-22.986666666666565,,-0.3824636901559978,680.0,602.0,586.0,601.5,65400.0
2020-09-05,575.0,580.0,557.5,574.0,574.0,67200.0,627.025,632.98,816.14,,15.810276679841904,756.78,-23.180000000000064,,-0.3804641122504048,680.0,580.0,574.0,575.0,67200.0
2020-09-06,575.0,580.0,557.5,574.0,574.0,67200.0,622.45,628.62,811.2066666666667,,15.810276679841904,751.41,-23.75333333333333,,-0.3874066168623266,680.0,580.0,574.0,575.0,67200.0
2020-09-07,584.5,601.5,570.0,577.0,577.0,50000.0,617.425,625.3,804.9466666666667,,19.827586206896555,746.1,-25.479999999999905,,-0.3553072625698323,680.0,580.0,574.0,575.0,67200.0
2020-09-08,576.5,600.0,576.5,600.0,600.0,43400.0,613.425,623.42,798.9533333333334,,34.20074349442379,740.2,-26.81333333333328,,-0.3193420306296086,673.5,601.5,577.0,584.5,50000.0
2020-09-09,589.5,599.0,586.5,597.0,597.0,24200.0,609.6,621.42,792.96,,37.55102040816327,733.78,-27.98666666666668,,-0.3227453204764605,660.5,600.0,600.0,576.5,43400.0
2020-09-10,610.0,623.5,601.5,619.5,619.5,61400.0,607.55,620.32,787.2666666666667,,57.08333333333333,727.18,-28.87333333333333,,-0.2972206466250708,660.5,599.0,597.0,589.5,24200.0
2020-09-11,614.5,618.0,598.0,604.0,604.0,46400.0,604.725,617.86,781.3666666666667,806.63,53.10077519379846,720.27,-29.840000000000032,,-0.3005211349160394,660.5,623.5,619.5,610.0,61400.0
2020-09-12,614.5,618.0,598.0,604.0,604.0,46400.0,601.9,614.92,776.0,803.7075,53.10077519379846,713.36,-28.946666666666715,,-0.2826603325415677,647.0,618.0,604.0,614.5,46400.0
2020-09-13,614.5,618.0,598.0,604.0,604.0,46400.0,599.75,611.88,770.46,800.8,53.10077519379846,706.45,-28.49333333333334,,-0.2547809993830968,642.5,618.0,604.0,614.5,46400.0
2020-09-14,605.0,644.0,605.0,633.5,633.5,64000.0,599.3,610.28,765.6066666666667,798.605,56.317689530685925,700.13,-27.35333333333336,,-0.2362869198312236,633.5,618.0,604.0,614.5,46400.0
2020-09-15,645.0,707.5,644.5,696.5,696.5,226400.0,602.75,611.72,762.8533333333334,797.4725,72.3076923076923,695.64,-24.4133333333333,,-0.1732937685459941,696.5,644.0,633.5,605.0,64000.0
2020-09-16,703.0,760.0,665.5,699.5,699.5,293400.0,607.6,613.28,759.98,796.355,78.26086956521739,691.52,-21.386666666666656,-10.274999999999975,-0.1697329376854599,699.5,707.5,696.5,645.0,226400.0
2020-09-17,675.0,684.5,650.5,654.5,654.5,158600.0,610.525,613.04,756.5066666666667,795.0125,65.60364464692483,686.6,-19.49333333333334,-8.694999999999936,-0.2231454005934717,699.5,760.0,699.5,703.0,293400.0
2020-09-18,655.0,674.5,655.0,657.5,657.5,41800.0,613.6,613.46,753.0733333333334,793.455,69.83372921615202,681.42,-17.386666666666656,-7.344999999999914,-0.2653631284916201,699.5,684.5,654.5,675.0,158600.0
2020-09-19,655.0,674.5,655.0,657.5,657.5,41800.0,616.675,614.06,749.4466666666667,791.9825,69.83372921615202,677.07,-16.159999999999968,-6.622500000000059,-0.2837690631808278,699.5,674.5,657.5,655.0,41800.0
2020-09-20,655.0,674.5,655.0,657.5,657.5,41800.0,618.75,615.26,745.86,790.3575,69.83372921615202,672.72,-16.99333333333334,-7.115000000000009,-0.3075302790942601,699.5,674.5,657.5,655.0,41800.0
2020-09-21,655.0,674.5,655.0,657.5,657.5,41800.0,621.15,617.46,742.1333333333333,788.7925,69.3975903614458,668.37,-17.846666666666692,-7.5625,-0.3075302790942601,699.5,674.5,657.5,655.0,41800.0
2020-09-22,655.0,674.5,655.0,657.5,657.5,41800.0,624.25,619.92,738.9666666666667,787.6075,65.58265582655827,663.04,-17.539999999999964,-7.405000000000086,-0.3075302790942601,699.5,674.5,657.5,655.0,41800.0
2020-09-23,662.5,662.5,625.0,630.5,630.5,75400.0,626.475,621.3,735.62,786.2875,58.033573141486805,657.17,-17.453333333333376,-7.167500000000018,-0.3359662980516061,699.5,674.5,657.5,655.0,41800.0
2020-09-24,630.5,631.5,610.0,610.0,610.0,70000.0,628.275,621.86,732.0,784.865,47.6997578692494,650.52,-17.446666666666715,-7.11749999999995,-0.3575566087414429,699.5,662.5,630.5,662.5,75400.0
2020-09-25,608.0,650.0,608.0,638.5,638.5,52600.0,631.5,622.76,728.76,784.305,57.85876993166287,644.05,-17.100000000000023,-6.052500000000009,-0.3067318132464712,699.5,631.5,610.0,630.5,70000.0
2020-09-26,608.0,650.0,608.0,638.5,638.5,52600.0,634.725,623.92,725.76,783.6375,57.85876993166287,641.58,-16.373333333333335,-5.154999999999973,-0.2948647156267255,699.5,650.0,638.5,608.0,52600.0
2020-09-27,608.0,650.0,608.0,638.5,638.5,52600.0,637.8,625.64,723.0466666666666,783.215,57.85876993166287,639.11,-15.920000000000073,-4.392499999999927,-0.2909494725152692,699.5,650.0,638.5,608.0,52600.0
2020-09-28,660.0,680.0,644.5,669.0,669.0,106200.0,641.25,628.96,721.16,783.1575,58.0498866213152,637.25,-14.460000000000036,-3.1299999999999955,-0.2700490998363338,699.5,650.0,638.5,608.0,52600.0
2020-09-29,669.0,674.5,645.0,658.5,658.5,45800.0,644.325,632.34,718.88,783.7225,38.6904761904762,635.18,-13.120000000000005,-1.142500000000041,-0.2474285714285714,699.5,680.0,669.0,660.0,106200.0
2020-09-30,661.0,680.0,631.5,631.5,631.5,91800.0,644.925,634.64,716.0666666666667,784.1525,32.29166666666667,633.81,-12.693333333333271,-0.1524999999999181,-0.2782857142857142,699.5,674.5,658.5,669.0,45800.0
2020-10-01,661.0,680.0,631.5,631.5,631.5,91800.0,646.3,636.94,713.2533333333333,784.5825,42.17687074829932,632.78,-12.50666666666666,0.9449999999999364,-0.2782857142857142,699.5,680.0,631.5,661.0,91800.0
2020-10-02,632.0,677.5,630.5,648.5,648.5,99200.0,648.525,639.8,710.6666666666666,785.3325,47.20496894409938,632.55,-12.379999999999995,2.11749999999995,-0.2981601731601732,699.5,680.0,631.5,661.0,91800.0
2020-10-03,632.0,677.5,630.5,648.5,648.5,99200.0,650.75,641.74,707.38,786.03,47.20496894409938,632.58,-13.779999999999973,2.872499999999945,-0.2981601731601732,699.5,677.5,648.5,632.0,99200.0
2020-10-04,632.0,677.5,630.5,648.5,648.5,99200.0,651.5,643.8,703.7866666666666,786.76,47.20496894409938,632.61,-15.093333333333362,3.0375000000000227,-0.3119363395225464,699.5,677.5,648.5,632.0,99200.0
2020-10-05,651.0,682.0,651.0,661.0,661.0,100000.0,649.725,645.46,699.94,787.8525,51.008645533141205,632.89,-16.126666666666665,3.699999999999932,-0.3128898128898129,699.5,677.5,648.5,632.0,99200.0
2020-10-06,670.0,694.0,657.0,680.5,680.5,53600.0,648.775,648.52,696.3533333333334,789.0425,55.95854922279793,633.19,-16.899999999999977,4.460000000000036,-0.1069553805774278,680.5,682.0,661.0,651.0,100000.0
2020-10-07,680.0,717.5,679.0,711.0,711.0,161800.0,651.6,652.8,693.1733333333333,790.385,70.48346055979644,633.86,-17.49333333333334,5.052500000000009,-0.0669291338582677,711.0,694.0,680.5,670.0,53600.0
2020-10-08,716.0,735.0,683.5,683.5,683.5,119600.0,652.9,655.98,689.6266666666667,791.59,68.05896805896805,633.93,-17.75333333333333,5.560000000000059,-0.103018372703412,711.0,717.5,711.0,680.0,161800.0
2020-10-09,683.5,707.5,654.0,670.0,670.0,120000.0,653.525,657.44,685.9,792.7375,58.355437665782496,633.86,-17.886666666666656,5.977499999999964,-0.1207349081364829,711.0,735.0,683.5,716.0,119600.0
2020-10-10,683.5,707.5,654.0,670.0,670.0,120000.0,654.15,656.38,682.5533333333333,793.525,58.355437665782496,634.05,-17.38666666666677,5.672500000000014,-0.0428571428571428,711.0,707.5,670.0,683.5,120000.0
2020-10-11,683.5,707.5,654.0,670.0,670.0,120000.0,654.775,655.2,679.4133333333333,793.925,58.355437665782496,634.24,-16.940000000000055,4.882499999999936,-0.0190336749633968,711.0,707.5,670.0,683.5,120000.0
2020-10-12,670.0,709.5,670.0,704.0,704.0,67600.0,657.1,657.18,676.7933333333333,794.7675,59.114583333333336,635.11,-16.379999999999995,4.38250000000005,0.0666666666666666,711.0,707.5,670.0,683.5,120000.0
2020-10-13,704.0,713.0,687.0,695.0,695.0,44800.0,660.325,658.68,673.84,795.5925,59.58005249343832,636.07,-15.786666666666632,4.002499999999941,0.0741885625965996,711.0,709.5,704.0,670.0,67600.0
2020-10-14,704.5,711.0,680.0,681.5,681.5,36800.0,663.9,659.64,671.26,796.35,64.12429378531074,636.85,-14.639999999999986,3.612500000000068,0.053323029366306,711.0,713.0,695.0,704.0,44800.0
2020-10-15,682.5,684.0,655.0,661.5,661.5,66400.0,665.05,659.8,668.4133333333333,797.0075,57.61421319796954,637.53,-14.139999999999986,3.4825000000000728,0.0224111282843895,711.0,711.0,681.5,704.5,36800.0
2020-10-16,660.5,668.0,623.0,638.5,638.5,64000.0,665.05,659.04,665.26,797.7525,47.53694581280788,638.25,-14.153333333333308,3.8275000000001,-0.0405709992486852,711.0,684.0,661.5,682.5,66400.0
2020-10-17,660.5,668.0,623.0,638.5,638.5,64000.0,665.05,658.28,661.4533333333334,798.5075,47.53694581280788,639.1,-15.339999999999918,3.740000000000009,-0.0575645756457564,711.0,668.0,638.5,660.5,64000.0
2020-10-18,660.5,668.0,623.0,638.5,638.5,64000.0,663.525,658.6,657.6466666666666,799.3375,47.53694581280788,639.95,-16.193333333333385,3.745000000000005,-0.0610294117647058,711.0,668.0,638.5,660.5,64000.0
2020-10-19,641.0,665.0,635.0,647.5,647.5,35800.0,662.975,660.1,653.7133333333334,800.14,46.61654135338346,640.98,-17.546666666666624,3.789999999999964,-0.0386043058648849,711.0,668.0,638.5,660.5,64000.0
2020-10-20,647.5,662.0,645.0,650.0,650.0,29800.0,663.9,660.56,649.5533333333333,801.05,41.64383561643836,641.66,-18.860000000000014,4.0424999999999045,-0.015897047691143,711.0,665.0,647.5,641.0,35800.0
2020-10-21,650.5,670.0,650.5,662.5,662.5,27600.0,665.45,661.52,648.2266666666667,802.0225,35.258358662613986,642.72,-17.033333333333303,4.269999999999982,0.0030280090840273,711.0,662.0,650.0,647.5,29800.0
2020-10-22,665.5,675.0,625.0,635.5,635.5,58800.0,664.8,661.4,646.54,802.86,35.365853658536594,643.52,-14.913333333333412,4.352499999999964,-0.0378501135503406,711.0,670.0,662.5,650.5,27600.0
2020-10-23,634.0,637.5,611.0,627.5,627.5,36800.0,663.75,659.74,644.7466666666667,803.5775,36.59305993690852,644.35,-12.899999999999975,4.240000000000009,-0.0301391035548685,711.0,675.0,635.5,665.5,58800.0
2020-10-24,634.0,637.5,611.0,627.5,627.5,36800.0,662.7,658.5,642.9533333333334,804.24,36.59305993690852,645.42,-10.759999999999993,4.100000000000023,-0.0233463035019455,711.0,637.5,627.5,634.0,36800.0
2020-10-25,634.0,637.5,611.0,627.5,627.5,36800.0,661.025,658.34,641.9866666666667,804.6025,36.59305993690852,646.49,-7.566666666666606,3.552500000000009,0.0,711.0,637.5,627.5,634.0,36800.0
2020-10-26,638.0,638.0,605.5,610.0,610.0,23400.0,657.5,657.48,641.0133333333333,804.1275,16.901408450704224,647.21,-7.213333333333367,2.105000000000018,0.0124481327800829,711.0,637.5,627.5,634.0,36800.0
2020-10-27,599.5,630.5,593.5,612.0,612.0,24400.0,652.55,656.02,640.3733333333333,803.0875,19.25925925925925,647.91,-6.166666666666629,0.2274999999999636,0.0268456375838925,704.0,638.0,610.0,638.0,23400.0
2020-10-28,627.0,628.5,591.5,597.5,597.5,30200.0,648.25,653.98,639.7133333333334,801.975,19.11764705882352,647.86,-5.033333333333303,-1.6024999999999636,0.0025167785234898,704.0,630.5,612.0,599.5,24400.0
2020-10-29,582.5,596.0,573.0,590.5,590.5,38000.0,644.275,651.66,638.96,800.8275,21.138211382113823,647.73,-3.9933333333333394,-3.4125000000000227,-0.0092281879194631,704.0,628.5,597.5,627.0,30200.0
2020-10-30,596.5,596.5,557.5,564.0,564.0,40200.0,638.975,647.78,637.8533333333334,799.6175,20.55335968379447,646.62,-4.133333333333326,-4.985000000000014,-0.0844155844155843,704.0,596.0,590.5,582.5,38000.0
2020-10-31,596.5,596.5,557.5,564.0,564.0,40200.0,633.675,643.12,636.5,798.2575,20.55335968379447,645.82,-4.513333333333321,-5.8700000000000045,-0.0746513535684987,704.0,596.5,564.0,596.5,40200.0
2020-11-01,596.5,596.5,557.5,564.0,564.0,40200.0,626.675,637.24,634.9866666666667,796.795,20.55335968379447,645.02,-5.386666666666656,-6.292500000000018,-0.052896725440806,695.0,596.5,564.0,596.5,40200.0
2020-11-02,567.0,585.5,560.5,576.0,576.0,23600.0,620.725,632.94,633.6,795.33,22.39382239382239,644.46,-6.113333333333344,-6.644999999999982,-0.0170648464163822,681.5,596.5,564.0,596.5,40200.0
2020-11-03,567.0,585.5,560.5,576.0,576.0,23600.0,615.45,629.18,632.3,793.535,20.866141732283467,643.31,-6.660000000000082,-7.292500000000018,0.0034843205574912,662.5,585.5,576.0,567.0,23600.0
2020-11-04,591.0,602.0,581.5,601.5,601.5,27000.0,612.45,626.44,631.5133333333333,791.8675,28.214285714285708,641.41,-6.340000000000032,-7.75,0.0479094076655053,662.5,585.5,576.0,567.0,23600.0
2020-11-05,607.0,621.0,597.0,620.5,620.5,27800.0,611.55,624.46,630.98,790.295,44.31818181818182,639.83,-5.519999999999982,-7.962500000000091,0.0810104529616724,662.5,602.0,601.5,591.0,27000.0
2020-11-06,622.0,639.0,614.5,628.0,628.0,35400.0,611.025,621.42,630.5466666666666,787.76,50.19011406844106,639.3,-4.440000000000055,-9.034999999999968,0.0883882149046793,662.5,621.0,620.5,607.0,27800.0
2020-11-07,622.0,639.0,614.5,628.0,628.0,35400.0,610.5,618.74,630.2933333333333,785.6225,50.19011406844106,638.71,-3.306666666666729,-9.707500000000095,0.0466666666666666,662.5,639.0,628.0,622.0,35400.0
2020-11-08,622.0,639.0,614.5,628.0,628.0,35400.0,609.525,616.6,630.1,784.5775,50.19011406844106,638.12,-2.199999999999932,-8.957499999999982,0.0519262981574539,662.5,639.0,628.0,622.0,35400.0
2020-11-09,598.0,613.0,565.0,585.5,585.5,64000.0,606.3,613.56,629.54,782.8175,42.17252396166134,636.68,-1.9733333333333576,-9.049999999999956,-0.0548829701372074,662.5,639.0,628.0,622.0,35400.0
2020-11-10,583.0,592.0,575.5,582.0,582.0,24800.0,602.275,611.3,629.2666666666667,780.935,40.50632911392405,635.17,-1.713333333333367,-9.360000000000014,-0.0364238410596026,635.5,613.0,585.5,598.0,64000.0
2020-11-11,575.5,597.0,574.5,590.0,590.0,24000.0,600.0,609.36,629.1866666666666,779.0925,47.52475247524752,633.82,-1.3600000000000136,-8.667500000000018,-0.0231788079470198,628.0,592.0,582.0,583.0,24800.0
2020-11-12,588.0,594.5,578.0,578.0,578.0,19200.0,597.525,606.94,628.9466666666667,777.19,46.00638977635783,632.77,-1.3466666666665787,-8.43249999999989,-0.043046357615894,628.0,597.0,590.0,575.5,24000.0
2020-11-13,578.0,592.0,570.5,592.0,592.0,19600.0,595.75,604.72,628.8933333333333,775.165,59.72222222222221,632.41,-1.206666666666706,-9.412500000000025,-0.0655090765588003,628.0,594.5,578.0,588.0,19200.0
2020-11-14,578.0,592.0,570.5,592.0,592.0,19600.0,593.975,602.4,628.5733333333334,773.1625,59.72222222222221,631.48,-0.9666666666665832,-9.654999999999973,-0.1500358937544866,628.0,592.0,592.0,578.0,19600.0
2020-11-15,578.0,592.0,570.5,592.0,592.0,19600.0,593.075,599.58,628.34,771.16,59.72222222222221,630.55,-0.9266666666666196,-9.774999999999975,-0.1536812008577555,628.0,592.0,592.0,578.0,19600.0
2020-11-16,579.5,592.0,575.5,581.5,581.5,11000.0,591.55,597.42,628.1533333333333,769.415,51.92982456140351,629.41,-1.033333333333303,-9.677500000000007,-0.1115355233002292,628.0,592.0,592.0,578.0,19600.0
2020-11-17,577.5,577.5,560.5,562.5,562.5,20000.0,589.8,594.82,627.84,767.7825,45.8204334365325,627.28,-1.1066666666666831,-9.407500000000027,-0.1444866920152091,628.0,592.0,581.5,579.5,11000.0
2020-11-18,557.0,568.0,554.5,554.5,554.5,24600.0,588.0,591.9,627.58,766.11,33.68055555555556,625.2,-1.3133333333332755,-9.05499999999995,-0.1566539923954373,628.0,577.5,562.5,577.5,20000.0
2020-11-19,558.5,565.5,555.0,557.0,557.0,12000.0,587.65,589.08,627.3533333333334,764.45,25.09803921568627,623.71,-1.2200000000000273,-8.712499999999977,-0.152851711026616,628.0,568.0,554.5,557.0,24600.0
2020-11-20,560.0,562.0,556.0,559.0,559.0,7400.0,587.4,587.04,627.1533333333333,762.8,21.72131147540984,622.26,-1.1866666666667245,-8.360000000000014,-0.1498098859315589,628.0,565.5,557.0,558.5,12000.0
2020-11-21,560.0,562.0,556.0,559.0,559.0,7400.0,587.15,584.92,626.9133333333333,761.15,21.72131147540984,620.47,-1.240000000000009,-8.264999999999986,-0.1498098859315589,628.0,562.0,559.0,560.0,7400.0
2020-11-22,560.0,562.0,556.0,559.0,559.0,7400.0,586.3,583.38,626.3666666666667,759.5,21.72131147540984,618.68,-1.4733333333333576,-8.282500000000027,-0.1134020618556701,628.0,562.0,559.0,560.0,7400.0
2020-11-23,560.0,562.0,556.0,559.0,559.0,7400.0,585.45,582.12,625.86,757.8425,33.33333333333333,616.89,-1.7200000000000273,-8.267500000000041,-0.0836065573770491,628.0,562.0,559.0,560.0,7400.0
2020-11-24,569.0,569.0,560.0,565.0,565.0,6800.0,583.625,582.16,625.1333333333333,756.2975,39.63414634146341,614.97,-2.220000000000028,-8.152500000000032,-0.115113547376664,628.0,562.0,559.0,560.0,7400.0
2020-11-25,571.0,571.5,561.5,562.0,562.0,13600.0,580.7,582.08,624.5733333333334,754.7375,31.818181818181827,612.6,-2.5799999999999272,-8.0625,-0.119812059514487,628.0,569.0,565.0,569.0,6800.0
2020-11-26,560.5,572.5,560.5,571.5,571.5,9600.0,577.875,582.38,624.14,753.225,45.63758389261745,609.81,-2.773333333333312,-7.924999999999954,-0.1049334377447142,628.0,571.5,562.0,571.0,13600.0
2020-11-27,561.5,572.0,561.5,569.5,569.5,13800.0,574.95,582.12,623.68,751.72,32.0,607.53,-2.6866666666667243,-7.779999999999973,-0.1487294469357249,628.0,572.5,571.5,560.5,9600.0
2020-11-28,561.5,572.0,561.5,569.5,569.5,13800.0,572.025,581.86,622.8266666666667,750.1725,32.0,605.52,-3.033333333333303,-7.669999999999959,-0.1351556567957479,592.0,572.0,569.5,561.5,13800.0
2020-11-29,561.5,572.0,561.5,569.5,569.5,13800.0,571.225,580.58,621.1333333333333,748.6475,32.0,603.51,-4.0,-7.649999999999977,-0.0981789390340459,592.0,572.0,569.5,561.5,13800.0
2020-11-30,569.5,571.5,555.5,570.5,570.5,13400.0,570.65,578.58,619.4133333333333,747.34,39.62264150943396,601.52,-5.160000000000082,-7.397499999999923,-0.0965954077593032,592.0,572.0,569.5,561.5,13800.0
2020-12-01,565.0,568.5,560.5,564.5,564.5,8600.0,569.375,576.04,618.2133333333334,746.265,52.5,598.73,-5.92666666666662,-6.960000000000036,-0.1295296838858904,592.0,571.5,570.5,569.5,13400.0
2020-12-02,564.5,573.5,561.0,573.5,573.5,15400.0,569.15,573.86,617.0933333333334,745.235,73.17073170731707,596.3,-6.586666666666588,-6.485000000000014,-0.1156515034695451,592.0,568.5,564.5,565.0,8600.0
2020-12-03,568.5,568.5,531.5,555.0,555.0,59200.0,567.3,570.94,615.7266666666667,744.1125,48.24561403508772,593.77,-7.100000000000023,-6.060000000000059,-0.1441788743253662,592.0,573.5,573.5,564.5,15400.0
2020-12-04,549.5,567.0,549.5,567.0,567.0,8400.0,566.05,570.2,614.52,743.1475,55.97014925373135,591.88,-6.613333333333344,-5.5,-0.1422087745839636,592.0,568.5,555.0,568.5,59200.0
2020-12-05,549.5,567.0,549.5,567.0,567.0,8400.0,564.8,569.6,613.3133333333334,741.7825,55.97014925373135,590.45,-6.099999999999909,-5.5575000000000045,-0.1667891256429096,581.5,567.0,567.0,549.5,8400.0
2020-12-06,549.5,567.0,549.5,567.0,567.0,8400.0,564.075,568.68,612.1066666666667,740.45,55.97014925373135,589.02,-6.106666666666683,-5.814999999999941,-0.2025316455696202,573.5,567.0,567.0,549.5,8400.0
2020-12-07,559.0,566.5,556.5,563.5,563.5,13000.0,564.125,568.1,611.2133333333334,739.31,53.191489361702125,587.52,-5.879999999999996,-5.925000000000068,-0.1755669348939282,573.5,567.0,567.0,549.5,8400.0
2020-12-08,563.5,574.5,559.5,572.0,572.0,16200.0,565.0,567.3,610.7066666666667,738.06,54.7945205479452,586.01,-5.019999999999982,-6.052500000000009,-0.1462686567164178,573.5,566.5,563.5,559.0,13000.0
2020-12-09,570.5,573.5,560.0,565.0,565.0,13200.0,565.4,566.22,609.7266666666667,736.775,51.94805194805195,584.31,-4.793333333333294,-6.372500000000059,-0.1567164179104477,573.5,574.5,572.0,563.5,16200.0
2020-12-10,554.5,569.5,554.0,555.5,555.5,26000.0,565.225,564.76,608.62,735.4425,39.6103896103896,582.17,-4.693333333333385,-6.340000000000032,-0.1708955223880597,573.5,573.5,565.0,570.5,13200.0
2020-12-11,556.5,567.5,556.5,561.5,561.5,15000.0,565.35,563.96,607.5933333333334,733.8175,45.06172839506173,580.69,-4.513333333333321,-6.63250000000005,-0.2024147727272727,573.5,569.5,555.5,554.5,26000.0
2020-12-12,556.5,567.5,556.5,561.5,561.5,15000.0,565.475,563.92,606.16,732.43,45.06172839506173,579.37,-5.053333333333399,-6.879999999999996,-0.1920863309352518,573.5,567.5,561.5,556.5,15000.0
2020-12-13,556.5,567.5,556.5,561.5,561.5,15000.0,565.6,564.2,604.8666666666667,731.0175,45.06172839506173,578.05,-5.840000000000032,-7.0424999999999045,-0.1760821716801174,573.5,567.5,561.5,556.5,15000.0
2020-12-14,564.5,564.5,556.0,560.0,560.0,16000.0,565.35,564.32,603.9133333333333,729.5675,43.55828220858896,576.7,-5.813333333333389,-7.207499999999982,-0.1534391534391535,573.5,567.5,561.5,556.5,15000.0
2020-12-15,560.0,560.0,550.0,559.5,559.5,21200.0,565.225,564.34,602.9533333333334,728.145,46.71052631578947,575.69,-5.666666666666629,-7.297500000000014,-0.1237274862960062,573.5,564.5,560.0,564.5,16000.0
2020-12-16,559.0,559.0,536.5,541.0,541.0,28800.0,563.7,563.62,601.52,726.63,30.994152046783626,574.27,-6.07333333333338,-7.1875,-0.1527016444792482,573.5,560.0,559.5,560.0,21200.0
2020-12-17,535.0,544.0,535.0,535.5,535.5,13000.0,562.0,562.68,600.0133333333333,725.0875,36.55172413793104,573.03,-6.146666666666647,-7.342499999999973,-0.1613155833985904,573.5,559.0,541.0,559.0,28800.0
2020-12-18,530.0,532.0,512.0,514.0,514.0,41200.0,559.225,560.88,598.22,723.16,17.682926829268297,571.5,-6.646666666666647,-7.857500000000073,-0.2061776061776061,573.5,544.0,535.5,535.0,13000.0
2020-12-19,530.0,532.0,512.0,514.0,514.0,41200.0,556.45,558.84,596.26,721.24,17.682926829268297,570.5,-7.653333333333308,-8.327499999999986,-0.2092307692307692,573.5,532.0,514.0,530.0,41200.0
2020-12-20,530.0,532.0,512.0,514.0,514.0,41200.0,553.625,556.92,594.04,719.5475,17.682926829268297,569.5,-8.913333333333412,-8.597499999999968,-0.2241509433962264,573.5,532.0,514.0,530.0,41200.0
2020-12-21,514.0,514.0,482.5,487.5,487.5,70000.0,549.775,553.56,591.06,717.6575,13.80952380952381,567.97,-10.460000000000036,-8.972499999999968,-0.2328874901652242,573.5,532.0,514.0,530.0,41200.0
2020-12-22,487.0,492.5,462.0,463.0,463.0,46200.0,544.25,549.3,588.12,715.4225,4.958677685950406,565.71,-11.893333333333317,-9.664999999999964,-0.2621513944223107,572.0,514.0,487.5,514.0,70000.0
2020-12-23,455.5,466.0,453.5,460.5,460.5,44400.0,539.525,544.94,585.3266666666667,713.175,5.150214592274679,563.4,-12.893333333333317,-9.985000000000014,-0.2661354581673306,572.0,492.5,463.0,487.0,46200.0
2020-12-24,455.5,494.5,455.5,485.0,485.0,64600.0,535.425,541.56,582.86,711.05,23.19391634980988,561.07,-13.399999999999975,-10.190000000000056,-0.2270916334661354,572.0,466.0,460.5,455.5,44400.0
2020-12-25,499.0,504.0,491.5,504.0,504.0,19400.0,532.275,538.9,580.6466666666666,708.9275,30.1038062283737,558.74,-13.393333333333317,-10.620000000000005,-0.1737704918032786,572.0,494.5,485.0,455.5,64600.0
2020-12-26,499.0,504.0,491.5,504.0,504.0,19400.0,529.125,536.48,577.98,706.935,30.1038062283737,556.26,-13.079999999999927,-10.722500000000082,-0.1764705882352941,572.0,504.0,504.0,499.0,19400.0
2020-12-27,499.0,504.0,491.5,504.0,504.0,19400.0,526.15,533.7,575.4333333333333,704.3225,30.1038062283737,553.78,-12.686666666666724,-11.100000000000025,-0.1564853556485356,572.0,504.0,504.0,499.0,19400.0
2020-12-28,509.0,516.0,500.0,516.0,516.0,39000.0,523.35,532.14,573.2266666666667,701.7125,35.80645161290323,551.54,-12.100000000000025,-11.462499999999975,-0.1261642675698561,565.0,504.0,504.0,499.0,19400.0
2020-12-29,513.0,526.0,505.5,523.0,523.0,22800.0,521.25,530.38,571.38,699.1775,38.69969040247679,550.29,-11.480000000000018,-11.872499999999944,-0.0726950354609928,561.5,516.0,516.0,509.0,39000.0
2020-12-30,517.0,517.0,506.0,510.0,510.0,11000.0,518.975,528.1,569.6666666666666,696.5775,40.06410256410256,548.85,-10.980000000000018,-12.350000000000025,-0.0957446808510638,561.5,526.0,523.0,513.0,22800.0
2020-12-31,517.0,517.0,506.0,510.0,510.0,11000.0,516.4,525.82,567.9533333333334,693.9775,41.52823920265781,547.25,-10.026666666666642,-12.957499999999982,-0.0957446808510638,561.5,517.0,510.0,517.0,11000.0
2021-01-01,517.0,517.0,506.0,510.0,510.0,11000.0,513.825,523.68,566.24,690.8325,48.44961240310077,545.89,-9.193333333333271,-13.490000000000007,-0.1145833333333333,561.5,517.0,510.0,517.0,11000.0
2021-01-02,517.0,517.0,506.0,510.0,510.0,11000.0,511.25,521.2,564.4066666666666,688.3725,48.44961240310077,544.25,-8.82000000000005,-13.340000000000032,-0.1145833333333333,560.0,517.0,510.0,517.0,11000.0
2021-01-03,517.0,517.0,506.0,510.0,510.0,11000.0,508.75,519.0,562.54,686.1125,48.44961240310077,542.61,-8.840000000000032,-13.065000000000056,-0.1521197007481296,559.5,517.0,510.0,517.0,11000.0
2021-01-04,507.0,509.0,494.0,498.5,498.5,14600.0,505.7,516.72,560.3533333333334,683.9225,54.82456140350877,540.74,-9.313333333333276,-12.654999999999973,-0.1966156325543916,541.0,517.0,510.0,517.0,11000.0
2021-01-05,496.5,500.0,485.5,497.5,497.5,13600.0,503.525,514.16,558.5133333333333,681.7325,69.06077348066299,539.06,-9.440000000000056,-12.245000000000005,-0.2078025477707006,535.5,509.0,498.5,507.0,14600.0
2021-01-06,485.0,499.5,485.0,486.0,486.0,14800.0,501.05,511.14,556.6266666666667,679.485,62.8140703517588,537.53,-9.613333333333344,-11.347499999999968,-0.2261146496815286,523.0,500.0,497.5,496.5,13600.0
2021-01-07,486.0,492.5,480.0,480.0,480.0,28800.0,499.35,507.88,554.66,677.2075,46.91358024691358,536.04,-9.74666666666667,-11.164999999999964,-0.2356687898089171,523.0,499.5,486.0,485.0,14800.0
2021-01-08,483.0,487.5,477.5,482.0,482.0,15000.0,497.75,504.76,552.72,674.945,32.8125,534.54,-9.819999999999936,-11.167499999999905,-0.1767719897523484,523.0,492.5,480.0,486.0,28800.0
2021-01-09,483.0,487.5,477.5,482.0,482.0,15000.0,496.15,501.66,551.0133333333333,672.635,32.8125,533.0,-9.340000000000032,-11.287500000000025,-0.1718213058419243,523.0,487.5,482.0,483.0,15000.0
2021-01-10,483.0,487.5,477.5,482.0,482.0,15000.0,495.875,499.3,549.28,669.8125,32.8125,531.46,-9.233333333333348,-11.91999999999996,-0.1830508474576271,523.0,487.5,482.0,483.0,15000.0
2021-01-11,483.0,487.5,477.5,482.0,482.0,15000.0,496.825,497.16,547.74,666.975,17.307692307692307,529.92,-8.886666666666656,-12.509999999999993,-0.1660899653979238,523.0,487.5,482.0,483.0,15000.0
2021-01-12,487.0,492.5,480.0,484.0,484.0,11800.0,498.0,495.96,546.32,664.1625,8.510638297872333,528.42,-8.339999999999918,-13.04499999999996,-0.1824324324324324,523.0,487.5,482.0,483.0,15000.0
2021-01-13,483.5,490.5,483.5,487.5,487.5,8400.0,498.125,494.9,545.3,661.3675,20.0,526.87,-7.420000000000073,-13.5775000000001,-0.1765202702702702,523.0,492.5,484.0,487.0,11800.0
2021-01-14,487.5,487.5,475.5,477.0,477.0,15600.0,496.775,493.42,544.14,658.52,15.625,525.17,-6.873333333333335,-14.115000000000007,-0.1942567567567568,523.0,490.5,487.5,483.5,8400.0
2021-01-15,475.0,478.0,469.5,475.5,475.5,23600.0,495.35,492.94,542.96,655.865,15.151515151515156,523.25,-6.319999999999936,-13.947499999999993,-0.1822871883061049,523.0,487.5,477.0,487.5,15600.0
2021-01-16,475.0,478.0,469.5,475.5,475.5,23600.0,493.925,493.44,541.62,653.145,15.151515151515156,521.37,-6.1200000000000045,-13.83000000000004,-0.1546666666666666,523.0,478.0,475.5,475.0,23600.0
2021-01-17,475.0,478.0,469.5,475.5,475.5,23600.0,491.9,494.04,540.28,650.535,15.151515151515156,519.49,-6.040000000000077,-13.627500000000056,-0.1424706943192064,523.0,478.0,475.5,475.0,23600.0
2021-01-18,478.0,478.0,467.5,475.5,475.5,11000.0,489.525,493.66,538.6,648.3975,19.736842105263165,517.61,-6.699999999999932,-12.969999999999914,-0.1463195691202872,510.0,478.0,475.5,475.0,23600.0
2021-01-19,475.5,476.0,470.0,472.5,472.5,6800.0,487.65,492.4,536.6266666666667,646.185,18.75,515.65,-7.513333333333321,-12.335000000000036,-0.1547406082289802,510.0,478.0,475.5,478.0,11000.0
2021-01-20,475.5,487.5,471.5,483.5,483.5,10800.0,486.325,491.58,534.7,644.0275,46.83544303797469,514.03,-8.259999999999991,-11.837499999999975,-0.1350626118067979,510.0,476.0,472.5,475.5,6800.0
2021-01-21,481.5,493.5,481.5,486.5,486.5,8800.0,485.15,490.88,532.8133333333334,641.885,58.9041095890411,512.29,-8.806666666666615,-11.259999999999993,-0.129695885509839,510.0,487.5,483.5,475.5,10800.0
2021-01-22,486.5,486.5,480.0,485.5,485.5,3600.0,483.925,489.66,530.9133333333333,639.665,54.929577464788736,510.9,-9.366666666666674,-10.870000000000005,-0.1314847942754919,510.0,493.5,486.5,481.5,8800.0
2021-01-23,486.5,486.5,480.0,485.5,485.5,3600.0,482.7,488.16,529.58,637.46,54.929577464788736,509.27,-9.019999999999982,-10.9375,-0.1407079646017699,498.5,486.5,485.5,486.5,3600.0
2021-01-24,486.5,486.5,480.0,485.5,485.5,3600.0,482.05,487.18,528.2933333333333,635.2025,54.929577464788736,507.64,-8.333333333333371,-10.98249999999996,-0.1361209964412811,497.5,486.5,485.5,486.5,3600.0
2021-01-25,497.5,497.5,489.0,491.5,491.5,11400.0,481.75,486.44,526.98,633.185,61.44578313253012,506.13,-7.720000000000027,-10.842500000000086,-0.1399825021872266,491.5,486.5,485.5,486.5,3600.0
2021-01-26,497.0,503.5,492.0,501.0,501.0,14600.0,482.5,486.08,525.9533333333334,631.2825,67.34693877551021,504.88,-6.860000000000014,-10.602499999999964,-0.1202809482001755,501.0,497.5,491.5,497.5,11400.0
2021-01-27,501.0,501.0,485.5,495.0,495.0,13200.0,483.25,485.48,524.66,629.35,57.28155339805825,503.34,-6.25333333333333,-10.31499999999994,-0.1308165057067603,501.0,503.5,501.0,497.0,14600.0
2021-01-28,482.0,491.0,480.0,489.5,489.5,7400.0,483.625,484.66,523.2933333333333,627.39,63.44086021505377,501.83,-6.286666666666747,-10.07000000000005,-0.1404741000877962,501.0,501.0,495.0,501.0,13200.0
2021-01-29,489.5,491.0,480.5,483.5,483.5,7600.0,483.7,484.06,521.8466666666667,625.49,57.843137254901954,500.39,-6.4466666666666015,-9.712499999999975,-0.1524978089395267,501.0,491.0,489.5,482.0,7400.0
2021-01-30,489.5,491.0,480.5,483.5,483.5,7600.0,483.775,483.5,520.54,623.6975,57.843137254901954,498.83,-6.440000000000055,-9.487499999999956,-0.1434898139946855,501.0,491.0,483.5,489.5,7600.0
2021-01-31,489.5,491.0,480.5,483.5,483.5,7600.0,483.85,483.4,519.4866666666667,622.0625,57.843137254901954,497.27,-6.466666666666697,-9.220000000000027,-0.1569311246730601,501.0,491.0,483.5,489.5,7600.0
2021-02-01,483.5,491.0,481.0,481.0,481.0,4200.0,483.7,483.44,518.5066666666667,620.32,55.14018691588786,495.66,-6.153333333333308,-9.029999999999973,-0.1333333333333333,501.0,491.0,483.5,489.5,7600.0
2021-02-02,480.5,488.0,480.5,487.0,487.0,3400.0,483.675,483.64,517.5733333333334,618.5425,62.83185840707965,494.2,-5.719999999999914,-8.847499999999968,-0.1410934744268077,501.0,491.0,481.0,483.5,4200.0
2021-02-03,486.5,488.5,483.0,483.0,483.0,7000.0,483.975,483.68,516.56,616.745,49.494949494949495,492.67,-5.286666666666747,-8.745000000000005,-0.1481481481481481,501.0,488.0,487.0,480.5,3400.0
2021-02-04,483.0,494.5,482.5,494.5,494.5,10600.0,484.925,484.18,515.7,615.005,56.896551724137936,491.74,-4.839999999999918,-8.692499999999995,-0.1278659611992945,501.0,488.5,483.0,486.5,7000.0
2021-02-05,495.0,497.5,492.5,493.0,493.0,5600.0,485.8,484.62,514.82,612.995,56.41025641025641,490.89,-4.666666666666629,-9.067499999999995,-0.1251109139307896,501.0,494.5,494.5,483.0,10600.0
2021-02-06,495.0,497.5,492.5,493.0,493.0,5600.0,486.675,484.98,513.94,610.87,56.41025641025641,490.47,-4.566666666666606,-9.450000000000044,-0.1381118881118881,501.0,497.5,493.0,495.0,5600.0
2021-02-07,495.0,497.5,492.5,493.0,493.0,5600.0,487.55,485.2,512.98,608.5875,56.41025641025641,490.05,-4.593333333333362,-9.95500000000004,-0.127433628318584,501.0,497.5,493.0,495.0,5600.0
2021-02-08,499.0,499.0,493.0,499.0,499.0,9200.0,488.875,486.08,512.14,606.335,56.41025641025641,489.75,-4.419999999999959,-10.409999999999968,-0.1017101710171016,501.0,497.5,493.0,495.0,5600.0
2021-02-09,497.5,499.0,493.0,499.0,499.0,9000.0,489.65,487.02,511.17333333333335,604.0825,47.95918367346939,489.98,-4.526666666666699,-10.922500000000014,-0.1113089937666963,501.0,499.0,499.0,499.0,9200.0
2021-02-10,486.5,496.0,482.0,492.0,492.0,16600.0,489.925,487.68,510.14,601.795,47.0,490.56,-4.680000000000064,-11.200000000000044,-0.1237756010685663,501.0,499.0,499.0,497.5,9000.0
2021-02-11,486.5,496.0,482.0,492.0,492.0,16600.0,490.25,488.34,509.1066666666667,599.5075,52.80898876404495,491.19,-4.833333333333371,-11.362499999999956,-0.1237756010685663,501.0,496.0,492.0,486.5,16600.0
2021-02-12,492.0,511.0,492.0,508.5,508.5,17200.0,491.4,489.66,508.29333333333335,597.445,72.72727272727273,491.66,-4.686666666666667,-11.142499999999927,-0.0919642857142857,508.5,496.0,492.0,486.5,16600.0
2021-02-13,492.0,511.0,492.0,508.5,508.5,17200.0,492.55,491.1,507.4666666666666,595.46,72.72727272727273,491.75,-4.673333333333346,-10.875,-0.0911528150134047,508.5,511.0,508.5,492.0,17200.0
2021-02-14,492.0,511.0,492.0,508.5,508.5,17200.0,493.4,492.1,506.72,593.5,72.72727272727273,491.84,-4.453333333333319,-10.582499999999982,-0.0600739371534195,508.5,511.0,508.5,492.0,17200.0
2021-02-15,523.5,524.0,500.0,504.0,504.0,33600.0,493.55,492.8,505.79333333333335,591.4375,70.17543859649123,491.84,-4.346666666666636,-10.35749999999996,-0.0588235294117647,508.5,511.0,508.5,492.0,17200.0
2021-02-16,504.0,504.0,492.0,496.0,496.0,12800.0,493.6,493.22,505.00666666666666,589.5425,57.62711864406779,491.44,-4.100000000000023,-9.965000000000032,-0.0350194552529182,508.5,524.0,504.0,523.5,33600.0
2021-02-17,494.0,502.0,492.5,501.5,501.5,17400.0,494.2,493.86,504.1333333333333,587.675,65.28925619834712,491.01,-4.160000000000025,-9.770000000000095,-0.0243190661478599,508.5,504.0,496.0,504.0,12800.0
2021-02-18,501.5,503.0,495.0,501.0,501.0,11200.0,495.075,494.48,503.2533333333333,585.805,56.56565656565656,490.83,-4.21333333333331,-9.655000000000086,-0.0252918287937743,508.5,502.0,501.5,494.0,17400.0
2021-02-19,498.0,498.0,479.0,481.5,481.5,28800.0,494.975,494.08,502.1133333333333,583.5925,41.48148148148148,490.26,-4.606666666666683,-9.907500000000027,-0.0123076923076923,508.5,503.0,501.0,501.5,11200.0
2021-02-20,498.0,498.0,479.0,481.5,481.5,28800.0,494.875,493.3,501.02,581.38,41.48148148148148,489.69,-4.773333333333369,-10.057500000000005,0.0399568034557236,508.5,498.0,481.5,498.0,28800.0
2021-02-21,498.0,498.0,479.0,481.5,481.5,28800.0,494.9,492.76,499.8133333333333,579.075,41.48148148148148,489.12,-5.193333333333328,-10.467499999999973,0.0456026058631922,508.5,498.0,481.5,498.0,28800.0
2021-02-22,487.5,487.5,483.0,485.5,485.5,4800.0,494.825,492.6,498.7533333333333,576.6925,39.69465648854962,488.63,-5.379999999999996,-10.98249999999996,0.0010309278350515,508.5,498.0,481.5,498.0,28800.0
2021-02-23,487.5,487.5,483.0,485.5,485.5,4800.0,494.95,492.68,497.82,575.31,39.69465648854962,488.37,-5.433333333333337,-10.495000000000005,-0.0367063492063491,508.5,487.5,485.5,487.5,4800.0
2021-02-24,483.5,484.0,477.5,477.5,477.5,11200.0,494.1,492.44,496.7,573.8875,39.09774436090226,487.97,-5.413333333333355,-9.704999999999927,-0.0525793650793651,508.5,487.5,485.5,487.5,4800.0
2021-02-25,487.5,487.5,476.0,476.0,476.0,9400.0,493.25,492.14,495.56,572.4575,38.23529411764706,487.77,-5.45999999999998,-8.922500000000014,-0.0555555555555555,508.5,484.0,477.5,483.5,11200.0
2021-02-26,475.5,478.5,468.5,472.5,472.5,17800.0,492.225,491.8,494.3733333333333,571.01,17.272727272727266,487.62,-5.439999999999998,-8.065000000000055,-0.0843023255813953,508.5,487.5,476.0,487.5,9400.0
2021-02-27,475.5,478.5,468.5,472.5,472.5,17800.0,491.2,491.22,493.20666666666665,569.8725,17.272727272727266,487.43,-5.546666666666681,-6.82000000000005,-0.0965583173996176,508.5,478.5,472.5,475.5,17800.0
2021-02-28,475.5,478.5,468.5,472.5,472.5,17800.0,489.875,490.8,492.0466666666667,568.82,17.272727272727266,487.24,-5.773333333333312,-6.489999999999895,-0.0735294117647058,508.5,478.5,472.5,475.5,17800.0
2021-03-01,470.0,472.0,460.5,468.5,468.5,12600.0,488.35,489.76,491.08,567.8625,17.43119266055045,486.97,-5.6200000000000045,-6.025000000000091,-0.0813725490196078,508.5,478.5,472.5,475.5,17800.0
2021-03-02,475.5,475.5,470.5,471.0,471.0,3800.0,487.3,488.88,490.22,566.9825,24.48979591836735,486.75,-5.339999999999975,-5.475000000000023,-0.076470588235294,508.5,472.0,468.5,470.0,12600.0
2021-03-03,470.5,472.5,470.0,470.0,470.0,6200.0,486.2,487.96,489.6333333333333,566.0975,14.606741573033702,486.47,-4.740000000000009,-4.912500000000023,-0.0784313725490196,508.5,475.5,471.0,475.5,3800.0
2021-03-04,462.5,467.5,462.0,462.0,462.0,14600.0,483.875,486.72,488.94,565.1725,12.5,485.96,-4.266666666666652,-4.699999999999932,-0.0941176470588235,508.5,472.5,470.0,470.5,6200.0
2021-03-05,462.0,467.5,456.0,460.5,460.5,13000.0,481.475,485.18,488.2266666666667,564.1475,19.11764705882352,485.63,-3.819999999999993,-4.672500000000014,-0.0762286860581745,508.5,467.5,462.0,462.5,14600.0
2021-03-06,462.0,467.5,456.0,460.5,460.5,13000.0,479.075,483.64,487.8666666666667,563.0625,19.11764705882352,485.33,-3.21333333333331,-4.7999999999999545,-0.0743718592964823,504.0,467.5,460.5,462.0,13000.0
2021-03-07,462.0,467.5,456.0,460.5,460.5,13000.0,476.9,482.38,487.8333333333333,561.965,19.11764705882352,485.03,-2.386666666666713,-5.017499999999927,-0.0524691358024691,501.5,467.5,460.5,462.0,13000.0
2021-03-08,465.0,474.5,465.0,468.0,468.0,4800.0,475.5,481.42,487.9333333333333,560.9375,26.66666666666667,484.88,-1.6999999999999886,-5.159999999999968,-0.025,501.5,467.5,460.5,462.0,13000.0
2021-03-09,475.5,480.0,462.5,479.5,479.5,12000.0,474.4,480.26,487.86,560.0325,43.87755102040816,484.96,-1.079999999999984,-5.139999999999986,-0.0051867219917012,501.0,474.5,468.0,465.0,4800.0
2021-03-10,476.0,477.0,475.0,475.0,475.0,2800.0,473.1,478.92,487.47333333333336,559.105,47.252747252747255,485.01,-0.7533333333333303,-5.042500000000018,-0.0145228215767634,485.5,480.0,479.5,475.5,12000.0
2021-03-11,475.0,477.5,470.5,474.0,474.0,2800.0,472.725,477.54,487.0733333333333,558.1725,47.77777777777777,484.82,-0.7933333333333508,-4.889999999999986,-0.016597510373444,485.5,477.0,475.0,476.0,2800.0
2021-03-12,480.0,482.0,475.5,482.0,482.0,6600.0,472.75,476.66,486.78,557.3475,59.5959595959596,484.73,-1.0533333333333417,-4.617500000000064,0.0,485.5,477.5,474.0,475.0,2800.0
2021-03-13,480.0,482.0,475.5,482.0,482.0,6600.0,472.775,476.1,486.32666666666665,556.545,59.5959595959596,484.66,-1.6066666666666831,-4.392500000000041,-0.0041322314049586,485.5,482.0,482.0,480.0,6600.0
2021-03-14,480.0,482.0,475.5,482.0,482.0,6600.0,472.6,475.32,485.78,555.8175,59.5959595959596,484.59,-2.080000000000041,-4.215000000000032,-0.0112820512820512,485.5,482.0,482.0,480.0,6600.0
2021-03-15,482.0,482.0,477.5,479.0,479.0,5000.0,472.275,474.44,485.3666666666667,555.2,60.824742268041234,484.46,-2.106666666666684,-3.9049999999999727,0.0041928721174004,482.0,482.0,482.0,480.0,6600.0
2021-03-16,482.5,490.0,480.5,489.0,489.0,13800.0,472.85,474.74,485.0866666666666,554.665,66.07142857142857,484.41,-1.9866666666666788,-3.50750000000005,0.028391167192429,489.0,482.0,479.0,482.0,5000.0
2021-03-17,492.0,497.5,485.5,493.5,493.5,11800.0,473.725,475.22,484.8666666666667,554.1525,69.74789915966386,484.26,-1.9133333333332985,-3.1949999999999363,0.0378548895899053,493.5,490.0,489.0,482.5,13800.0
2021-03-18,493.5,504.5,493.5,497.0,497.0,15200.0,474.95,475.84,484.6933333333333,553.6575,81.81818181818181,484.3,-1.6333333333333258,-2.887499999999932,0.0452155625657202,497.0,497.5,493.5,492.0,11800.0
2021-03-19,497.5,508.0,497.5,508.0,508.0,16600.0,476.725,476.74,484.6666666666667,553.1175,86.82170542635659,484.67,-1.113333333333287,-2.700000000000045,0.0683491062039958,508.0,504.5,497.0,493.5,15200.0
2021-03-20,497.5,508.0,497.5,508.0,508.0,16600.0,478.5,477.64,484.79333333333335,552.61,86.82170542635659,485.16,-0.5733333333333235,-2.590000000000032,0.0751322751322751,508.0,508.0,508.0,497.5,16600.0
2021-03-21,497.5,508.0,497.5,508.0,508.0,16600.0,480.475,478.86,484.9333333333333,552.1725,86.82170542635659,485.65,-0.1533333333333075,-2.49249999999995,0.0506721820062048,508.0,508.0,508.0,497.5,16600.0
2021-03-22,515.0,548.5,514.0,548.5,548.5,35000.0,484.35,481.76,485.76666666666665,551.985,91.28205128205128,486.95,0.8999999999999773,-2.167500000000018,0.1274409044193216,548.5,508.0,508.0,497.5,16600.0
2021-03-23,578.5,617.5,535.0,546.5,546.5,76000.0,488.175,484.72,486.6533333333333,551.8475,88.06818181818181,488.26,1.9599999999999795,-1.8100000000000591,0.1256436663233779,548.5,548.5,548.5,515.0,35000.0
2021-03-24,540.0,540.0,505.0,506.0,506.0,22800.0,490.375,486.06,486.97333333333336,551.5075,62.5,488.64,2.306666666666672,-1.6099999999999,0.0422245108135941,548.5,617.5,546.5,578.5,76000.0
2021-03-25,515.5,524.5,510.5,513.0,513.0,10600.0,493.0,487.68,487.38666666666666,551.2025,65.0,489.24,2.5933333333333053,-1.4075000000000273,0.0566426364572605,548.5,540.0,506.0,540.0,22800.0
2021-03-26,521.0,535.0,518.0,523.5,523.5,17000.0,496.15,489.88,487.94,550.935,65.66037735849056,489.82,3.0066666666666606,-1.2375000000000682,0.0651068158697862,548.5,524.5,513.0,515.5,10600.0
2021-03-27,521.0,535.0,518.0,523.5,523.5,17000.0,499.3,491.98,488.4933333333333,550.5525,65.66037735849056,490.43,2.726666666666688,-1.4325000000000043,0.0449101796407185,548.5,535.0,523.5,521.0,17000.0
2021-03-28,521.0,535.0,518.0,523.5,523.5,17000.0,502.075,494.12,489.02,550.185,65.66037735849056,491.04,2.3666666666666742,-1.6625000000000227,0.0575757575757576,548.5,535.0,523.5,521.0,17000.0
2021-03-29,532.5,537.0,524.0,533.0,533.0,19600.0,504.75,496.96,489.62666666666667,549.7525,69.42446043165468,491.84,2.653333333333308,-1.7549999999999957,0.0888661899897855,548.5,535.0,523.5,521.0,17000.0
2021-03-30,534.0,534.0,517.5,520.0,520.0,16600.0,507.0,499.34,490.2,549.3325,60.91549295774648,492.26,2.813333333333333,-1.8700000000000043,0.0754912099276112,548.5,537.0,533.0,532.5,19600.0
2021-03-31,532.0,537.0,522.5,535.0,535.0,13000.0,510.05,502.32,490.9933333333333,548.9875,63.60655737704918,492.98,3.0533333333333417,-1.947499999999991,0.1065149948293691,548.5,534.0,520.0,534.0,16600.0
2021-04-01,548.0,550.0,535.5,535.5,535.5,13600.0,512.725,505.32,491.79333333333335,548.645,62.876254180602,493.85,3.300000000000012,-1.9075000000000275,0.107549120992761,548.5,537.0,535.0,532.0,13000.0
2021-04-02,535.0,580.0,533.5,571.0,571.0,69000.0,517.175,509.44,493.06666666666666,548.3325,68.10344827586206,495.43,4.046666666666681,-1.852499999999964,0.187110187110187,571.0,550.0,535.5,548.0,13600.0
2021-04-03,535.0,580.0,533.5,571.0,571.0,69000.0,521.625,513.1,494.34,547.705,68.10344827586206,496.68,4.71333333333331,-2.0475000000000136,0.1724845995893222,571.0,580.0,571.0,535.0,69000.0
2021-04-04,535.0,580.0,533.5,571.0,571.0,69000.0,526.225,516.94,495.6533333333333,547.0625,68.10344827586206,497.93,5.453333333333319,-2.269999999999982,0.1821946169772257,571.0,580.0,571.0,535.0,69000.0
2021-04-05,585.0,655.0,573.5,634.5,634.5,297400.0,533.5,523.36,497.6666666666667,546.9625,71.8274111675127,500.45,6.673333333333346,-2.0249999999999773,0.2831142568250757,634.5,580.0,571.0,535.0,69000.0
2021-04-06,640.0,647.0,572.5,590.5,590.5,124800.0,538.35,527.7,499.0533333333333,546.6275,59.20502092050209,502.18,7.259999999999991,-2.0174999999999272,0.1977687626774849,634.5,655.0,634.5,585.0,297400.0
2021-04-07,575.5,597.5,565.5,597.5,597.5,54600.0,543.375,532.32,500.5466666666667,546.3275,72.26277372262774,504.21,7.480000000000018,-2.0049999999999955,0.2119675456389451,634.5,647.0,590.5,640.0,124800.0
2021-04-08,588.0,609.5,575.5,587.0,587.0,69200.0,547.325,536.52,501.9,545.975,67.70334928229666,505.92,7.560000000000002,-1.7300000000000182,0.1906693711967546,634.5,597.5,597.5,575.5,54600.0
2021-04-09,583.0,602.0,577.5,600.0,600.0,48400.0,551.925,541.36,503.4266666666667,545.6875,68.08510638297872,507.9,7.773333333333369,-1.375,0.2024048096192385,634.5,609.5,587.0,588.0,69200.0
2021-04-10,583.0,602.0,577.5,600.0,600.0,48400.0,556.525,545.8,504.8733333333333,545.4,68.08510638297872,510.27,7.206666666666649,-1.5625,0.2024048096192385,634.5,602.0,600.0,583.0,48400.0
2021-04-11,583.0,602.0,577.5,600.0,600.0,48400.0,559.1,550.06,506.1933333333333,545.2475,68.08510638297872,512.64,7.139999999999986,-1.3800000000001091,0.2195121951219512,634.5,602.0,600.0,583.0,48400.0
2021-04-12,596.0,598.5,565.0,569.0,569.0,37200.0,560.225,552.94,507.18,545.0425,57.72532188841202,514.39,6.633333333333326,-1.2849999999999682,0.1565040650406504,634.5,602.0,600.0,583.0,48400.0
2021-04-13,569.0,569.0,537.5,548.5,548.5,38400.0,562.35,554.56,507.9666666666666,544.5925,55.92515592515593,515.65,6.066666666666663,-1.38250000000005,0.07866273352999,634.5,598.5,569.0,596.0,37200.0
2021-04-14,548.5,559.0,537.5,540.5,540.5,33000.0,563.725,555.86,508.7266666666667,544.1025,51.17773019271949,516.75,5.300000000000011,-1.5850000000000364,0.0629301868239922,634.5,569.0,548.5,569.0,38400.0
2021-04-15,543.0,548.5,513.5,529.0,529.0,47800.0,564.0,556.7,509.3333333333333,543.555,48.67075664621677,517.78,4.45999999999998,-1.8450000000000275,0.0403146509341199,634.5,559.0,540.5,548.5,33000.0
2021-04-16,523.5,523.5,512.0,512.0,512.0,25400.0,563.425,555.24,509.7133333333333,542.77,36.94690265486726,518.5,3.519999999999982,-2.477499999999964,0.0158730158730158,634.5,548.5,529.0,543.0,47800.0
2021-04-17,523.5,523.5,512.0,512.0,512.0,25400.0,562.85,553.86,510.12666666666667,542.0375,36.94690265486726,519.29,2.9466666666666583,-3.0049999999999955,0.032258064516129,634.5,523.5,512.0,523.5,25400.0
2021-04-18,523.5,523.5,512.0,512.0,512.0,25400.0,561.8,554.1,510.46,541.44,36.94690265486726,520.08,2.4933333333333394,-3.152499999999918,0.0209371884346958,634.5,523.5,512.0,523.5,25400.0
2021-04-19,512.5,515.0,505.5,507.5,507.5,32000.0,561.175,553.88,510.7866666666667,540.82,11.976047904191615,520.78,2.0600000000000023,-3.2824999999999136,0.0129740518962075,634.5,523.5,512.0,523.5,25400.0
2021-04-20,501.5,504.0,490.0,495.5,495.5,49000.0,559.2,552.76,510.8,540.055,14.814814814814824,521.32,1.466666666666697,-3.5,0.0290758047767394,634.5,515.0,507.5,512.5,32000.0
2021-04-21,490.0,513.5,484.5,508.5,508.5,44400.0,557.85,552.16,511.00666666666666,539.355,18.439716312056746,522.07,1.2933333333333508,-3.414999999999964,0.0560747663551401,634.5,504.0,495.5,501.5,49000.0
2021-04-22,509.5,534.5,509.5,522.5,522.5,31000.0,555.425,552.12,511.4,538.725,27.681660899653977,523.12,1.273333333333312,-3.3125,0.0851505711318796,634.5,513.5,508.5,490.0,44400.0
2021-04-23,520.0,524.5,516.5,522.0,522.0,6200.0,552.975,551.68,511.7866666666667,538.03,20.454545454545453,524.32,1.3266666666667106,-3.410000000000082,0.0751802265705459,634.5,534.5,522.5,509.5,31000.0
2021-04-24,520.0,524.5,516.5,522.0,522.0,6200.0,550.525,551.76,512.0933333333334,537.2375,20.454545454545453,525.55,1.306666666666672,-3.5825000000000955,0.0751802265705459,634.5,524.5,522.0,520.0,6200.0
2021-04-25,520.0,524.5,516.5,522.0,522.0,6200.0,544.9,551.24,512.4,536.2925,20.454545454545453,526.78,1.599999999999966,-3.762499999999932,0.0931937172774868,600.0,524.5,522.0,520.0,6200.0
2021-04-26,533.0,546.0,515.0,546.0,546.0,27800.0,542.675,551.66,513.12,535.605,40.8,528.49,2.113333333333344,-3.75,0.1470588235294117,600.0,524.5,522.0,520.0,6200.0
2021-04-27,542.0,554.5,535.5,546.0,546.0,19400.0,540.1,550.66,513.84,534.985,48.80382775119617,530.05,2.4400000000000546,-3.740000000000009,0.1555555555555554,600.0,546.0,546.0,533.0,27800.0
2021-04-28,543.5,553.5,529.5,529.5,529.5,11200.0,537.225,549.0,514.12,534.2825,45.13274336283185,531.05,2.3333333333333144,-3.7474999999999454,0.1206349206349206,600.0,554.5,546.0,542.0,19400.0
2021-04-29,543.5,553.5,529.5,529.5,529.5,11200.0,533.7,547.34,514.4,533.58,50.24630541871921,532.14,2.306666666666615,-3.6574999999999136,0.1206349206349206,600.0,553.5,529.5,543.5,11200.0
2021-04-30,525.5,529.5,510.0,510.0,510.0,28600.0,529.2,542.36,514.42,532.61,49.03846153846154,532.86,2.019999999999982,-3.682500000000005,0.0885805763073639,600.0,553.5,529.5,543.5,11200.0
2021-05-01,525.5,529.5,510.0,510.0,510.0,28600.0,524.7,539.14,514.5,531.685,49.03846153846154,533.42,1.3799999999999957,-3.9200000000000728,0.0828025477707006,569.0,529.5,510.0,525.5,28600.0
2021-05-02,525.5,529.5,510.0,510.0,510.0,28600.0,521.75,535.64,514.6866666666666,530.8275,49.03846153846154,533.98,0.8466666666665787,-4.157500000000027,0.0851063829787233,548.5,529.5,510.0,525.5,28600.0
2021-05-03,525.5,529.5,510.0,510.0,510.0,28600.0,519.825,532.56,514.8,530.07,51.256281407035175,534.54,0.67999999999995,-4.212499999999977,0.1038961038961039,546.0,529.5,510.0,525.5,28600.0
2021-05-04,525.5,529.5,510.0,510.0,510.0,28600.0,518.3,528.96,514.92,529.4275,58.28571428571429,535.16,0.5199999999999818,-4.152500000000032,0.1074918566775244,546.0,529.5,510.0,525.5,28600.0
2021-05-05,525.5,529.5,510.0,510.0,510.0,28600.0,517.35,525.36,515.3,528.785,51.00671140939597,535.58,0.8799999999999955,-3.8250000000000455,0.1074918566775244,546.0,529.5,510.0,525.5,28600.0
2021-05-06,513.0,515.0,503.0,510.0,510.0,9200.0,517.25,521.76,515.68,528.1425,39.6694214876033,535.91,1.17999999999995,-3.5424999999999045,0.1074918566775244,546.0,529.5,510.0,525.5,28600.0
2021-05-07,505.0,513.0,505.0,508.0,508.0,7600.0,517.05,519.32,516.0333333333333,527.445,38.70967741935484,536.13,1.3466666666666924,-3.3824999999999363,0.0854700854700853,546.0,515.0,510.0,513.0,9200.0
2021-05-08,505.0,513.0,505.0,508.0,508.0,7600.0,516.85,517.7,516.3333333333334,526.735,38.70967741935484,536.13,1.5333333333334167,-3.3350000000000364,0.059436913451512,546.0,513.0,508.0,505.0,7600.0
2021-05-09,505.0,513.0,505.0,508.0,508.0,7600.0,516.875,516.4,516.6333333333333,525.9625,38.70967741935484,536.13,1.713333333333367,-3.465000000000032,0.0694736842105263,546.0,513.0,508.0,505.0,7600.0
2021-05-10,508.0,513.0,508.0,512.0,512.0,5800.0,517.7,515.72,517.0933333333334,525.345,9.523809523809518,536.21,1.7933333333334076,-3.439999999999941,0.0801687763713079,546.0,513.0,508.0,505.0,7600.0
2021-05-11,508.5,524.5,503.0,503.0,503.0,13000.0,517.425,515.36,517.4533333333334,524.7225,7.843137254901947,535.3,1.7733333333334258,-3.4200000000000728,0.0435684647302905,546.0,513.0,512.0,508.0,5800.0
2021-05-12,502.5,503.5,484.5,485.0,485.0,19800.0,515.55,514.28,517.62,524.01,7.619047619047606,534.07,1.5866666666667015,-3.435000000000059,0.0062240663900414,546.0,524.5,503.0,508.5,13000.0
2021-05-13,490.0,493.5,484.5,491.0,491.0,9400.0,514.0,513.44,517.8666666666667,523.3275,17.09401709401709,533.77,1.533333333333303,-3.407500000000028,0.0186721991701244,546.0,503.5,485.0,502.5,19800.0
2021-05-14,490.0,500.5,485.0,486.5,486.5,19800.0,512.225,512.6,518.0533333333333,522.71,22.98850574712644,533.24,1.419999999999959,-3.252499999999941,0.0156576200417537,546.0,493.5,491.0,490.0,9400.0
2021-05-15,490.0,500.5,485.0,486.5,486.5,19800.0,510.45,512.24,518.2933333333333,522.0825,22.98850574712644,532.5,1.1999999999999318,-3.262500000000045,-0.0051124744376278,546.0,500.5,486.5,490.0,19800.0
2021-05-16,490.0,500.5,485.0,486.5,486.5,19800.0,507.475,511.36,518.5,521.5275,22.98850574712644,531.76,1.0466666666666242,-3.1949999999999363,-0.0141843971631205,546.0,500.5,486.5,490.0,19800.0
2021-05-17,486.5,496.5,475.5,483.5,483.5,26200.0,504.35,509.8,518.68,520.9925,21.505376344086017,530.96,1.0599999999999454,-3.017500000000041,-0.0271629778672032,529.5,500.5,486.5,490.0,19800.0
2021-05-18,483.5,495.5,483.5,495.5,495.5,8400.0,502.65,508.74,519.1266666666667,520.65,37.60683760683761,530.21,1.259999999999991,-2.677500000000009,-0.0246062992125983,529.5,496.5,483.5,486.5,26200.0
2021-05-19,495.5,513.0,491.0,509.5,509.5,13400.0,501.65,508.24,519.78,520.3775,49.6551724137931,530.0,1.726666666666688,-2.332499999999982,0.0029527559055118,512.0,495.5,495.5,483.5,8400.0
2021-05-20,509.5,514.5,507.5,511.5,511.5,10000.0,501.725,507.82,520.46,520.115,51.00671140939597,529.53,2.1666666666667425,-1.9674999999999727,0.0068897637795275,512.0,513.0,509.5,495.5,13400.0
2021-05-21,507.0,529.5,507.0,510.0,510.0,55000.0,501.725,506.38,521.12,519.785,51.35135135135135,529.02,2.6200000000000045,-1.7425000000000637,-0.0701914311759344,512.0,514.5,511.5,509.5,10000.0
2021-05-22,507.0,529.5,507.0,510.0,510.0,55000.0,501.725,504.94,521.68,519.455,51.35135135135135,527.8,3.0,-1.537499999999909,-0.0667886550777676,512.0,529.5,510.0,507.0,55000.0
2021-05-23,507.0,529.5,507.0,510.0,510.0,55000.0,501.725,504.16,522.0866666666667,518.9975,51.35135135135135,526.58,2.9600000000000364,-1.6525000000000318,0.0079051383399209,512.0,529.5,510.0,507.0,55000.0
2021-05-24,512.5,519.5,503.5,508.0,508.0,16400.0,501.625,503.3,522.5266666666666,518.435,47.22222222222222,525.32,2.7466666666666697,-1.9425000000001087,-0.0097465886939571,512.0,529.5,510.0,507.0,55000.0
2021-05-25,523.0,523.0,509.0,514.0,514.0,9000.0,501.825,503.46,523.06,517.865,57.971014492753625,522.91,2.599999999999909,-2.25,-0.0181470869149952,514.0,519.5,508.0,512.5,16400.0
2021-05-26,509.0,526.5,509.0,521.0,521.0,10400.0,502.375,503.9,523.58,517.33,81.0344827586207,521.52,2.4600000000000364,-2.4549999999999272,-0.0047755491881565,521.0,523.0,514.0,523.0,9000.0
2021-05-27,522.0,527.5,516.0,520.5,520.5,17400.0,503.0,504.32,524.0933333333334,516.7925,78.0952380952381,519.98,2.413333333333412,-2.6625000000000227,-0.0057306590257879,521.0,526.5,521.0,509.0,10400.0
2021-05-28,519.5,528.5,517.5,522.0,522.0,12000.0,503.7,504.8,524.6266666666667,516.475,85.85858585858585,518.68,2.539999999999964,-2.5224999999999227,-0.0206378986866792,522.0,527.5,520.5,522.0,17400.0
2021-05-29,519.5,528.5,517.5,522.0,522.0,12000.0,504.4,505.28,525.2,516.175,85.85858585858585,517.12,2.673333333333403,-2.259999999999991,0.0038461538461538,522.0,528.5,522.0,519.5,12000.0
2021-05-30,519.5,528.5,517.5,522.0,522.0,12000.0,504.9,505.76,525.64,515.835,85.85858585858585,515.56,2.580000000000041,-2.0299999999999727,-0.0242990654205607,522.0,528.5,522.0,519.5,12000.0
2021-05-31,528.0,564.5,525.0,548.5,548.5,59400.0,507.175,507.3,526.3733333333333,515.6875,94.52054794520548,514.53,2.793333333333294,-1.642500000000041,0.0242763772175536,548.5,528.5,522.0,519.5,12000.0
2021-06-01,548.5,563.5,548.5,555.0,555.0,6000.0,510.675,509.18,527.1466666666666,515.5025,94.07407407407408,514.25,3.053333333333285,-1.2899999999999636,-0.0280210157618213,555.0,564.5,548.5,528.0,59400.0
2021-06-02,559.0,577.0,555.0,576.5,576.5,38400.0,514.95,511.92,528.06,515.425,94.66666666666669,514.81,3.4333333333332803,-1.0500000000000682,0.0096322241681261,576.5,563.5,555.0,548.5,6000.0
2021-06-03,585.5,590.5,580.0,583.0,583.0,17600.0,519.775,514.92,529.06,515.38,94.9685534591195,515.66,3.8599999999999,-0.7949999999999591,0.0210157618213659,583.0,577.0,576.5,559.0,38400.0
2021-06-04,592.5,592.5,577.0,580.5,580.5,25400.0,524.475,517.66,530.0266666666666,515.375,93.7888198757764,516.69,4.386666666666656,-0.4600000000000364,-0.0851063829787234,583.0,590.5,583.0,585.5,17600.0
2021-06-05,592.5,592.5,577.0,580.5,580.5,25400.0,529.175,520.76,530.4533333333334,515.465,93.7888198757764,518.06,4.080000000000041,-0.2224999999999681,-0.016934801016088,583.0,592.5,580.5,592.5,25400.0
2021-06-06,592.5,592.5,577.0,580.5,580.5,25400.0,534.025,524.58,530.9066666666666,515.595,93.7888198757764,519.43,3.759999999999991,0.0924999999999727,-0.0284518828451882,583.0,592.5,580.5,592.5,25400.0
2021-06-07,582.5,582.5,551.5,552.0,552.0,15600.0,536.85,527.02,531.52,515.57,70.56074766355141,520.23,3.4600000000000364,0.1450000000000955,-0.0596252129471891,583.0,592.5,580.5,592.5,25400.0
2021-06-08,551.5,565.0,550.0,552.5,552.5,19000.0,539.0,529.66,532.0466666666666,515.5375,68.9655172413793,521.13,2.986666666666679,0.1575000000000272,-0.0791666666666667,583.0,582.5,552.0,582.5,15600.0
2021-06-09,547.0,547.0,540.0,540.0,540.0,14000.0,540.425,531.8,532.2666666666667,515.4425,58.87850467289719,522.02,2.240000000000009,0.0674999999999954,-0.0999999999999999,583.0,565.0,552.5,551.5,19000.0
2021-06-10,540.0,551.0,540.0,551.0,551.0,4800.0,542.475,534.38,532.6333333333333,515.4025,62.97872340425532,522.87,2.17999999999995,-0.0625,-0.0816666666666666,583.0,547.0,540.0,547.0,14000.0
2021-06-11,551.0,564.0,538.5,564.0,564.0,16400.0,545.175,537.6,533.1733333333333,515.4275,66.27906976744185,523.7,2.2666666666666515,-0.1675000000000182,-0.0087873462214411,583.0,551.0,551.0,540.0,4800.0
2021-06-12,551.0,564.0,538.5,564.0,564.0,16400.0,547.875,540.34,533.5866666666667,515.4225,66.27906976744185,524.54,2.06666666666672,-0.1475000000000363,0.0282588878760254,583.0,564.0,564.0,551.0,16400.0
2021-06-13,551.0,564.0,538.5,564.0,564.0,16400.0,550.675,542.52,534.1733333333333,515.4325,66.27906976744185,525.38,2.126666666666665,-0.1050000000000181,0.0434782608695651,583.0,564.0,564.0,551.0,16400.0
2021-06-14,569.5,569.5,553.0,553.0,553.0,16400.0,552.625,544.18,534.4133333333333,515.34,51.98237885462555,526.0,2.146666666666647,-0.1024999999999636,0.0453686200378071,583.0,564.0,564.0,551.0,16400.0
2021-06-15,551.0,552.5,508.0,508.0,508.0,29400.0,551.975,544.1,534.0466666666666,515.0325,34.53947368421052,525.24,1.4133333333332985,-0.3700000000000045,-0.0078125,583.0,569.5,553.0,569.5,16400.0
2021-06-16,530.0,569.0,530.0,562.5,562.5,36400.0,554.075,546.2,533.9333333333333,514.9975,46.21621621621621,525.57,0.7599999999999909,-0.4300000000000636,0.0986328125,583.0,552.5,508.0,551.0,29400.0
2021-06-17,562.5,562.5,551.0,559.5,559.5,8400.0,555.95,548.18,533.78,514.9475,43.52617079889808,526.17,0.1933333333332711,-0.4750000000000227,0.0927734375,583.0,569.0,562.5,530.0,36400.0
2021-06-18,564.0,567.0,550.5,563.0,563.0,21200.0,558.0,550.38,533.6733333333333,514.91,45.2054794520548,526.84,-0.5,-0.5225000000000364,0.1093596059113299,583.0,562.5,559.5,562.5,8400.0
2021-06-19,564.0,567.0,550.5,563.0,563.0,21200.0,560.05,552.34,532.72,514.9025,45.2054794520548,527.9,-1.6933333333332712,-0.4375,0.1362260343087791,583.0,567.0,563.0,564.0,21200.0
2021-06-20,564.0,567.0,550.5,563.0,563.0,21200.0,560.775,554.02,532.3533333333334,514.85,45.2054794520548,528.96,-1.6933333333332712,-0.1825000000000045,0.1071779744346115,583.0,567.0,563.0,564.0,21200.0
2021-06-21,548.0,558.5,540.0,554.0,554.0,15600.0,560.725,555.36,531.7733333333333,514.845,50.61349693251534,529.84,-2.159999999999968,-0.1524999999999181,0.0602870813397129,583.0,567.0,563.0,564.0,21200.0
2021-06-22,555.0,564.5,550.0,564.0,564.0,8400.0,560.1,557.04,531.4666666666667,514.83,53.33333333333333,530.92,-2.313333333333276,-0.1174999999999499,0.0804597701149425,583.0,558.5,554.0,548.0,15600.0
2021-06-23,550.5,563.0,550.5,563.0,563.0,3000.0,559.1,558.68,530.9733333333334,514.81,57.14285714285714,531.98,-2.699999999999932,-0.1000000000000227,0.0785440613026819,580.5,564.5,564.0,555.0,8400.0
2021-06-24,564.0,564.0,555.5,555.5,555.5,3800.0,557.85,560.02,530.38,514.7525,51.42857142857142,532.89,-2.340000000000032,-0.1499999999999772,0.0641762452107279,580.5,563.0,563.0,550.5,3000.0
2021-06-25,565.5,565.5,550.5,555.0,555.0,4000.0,556.575,560.28,529.78,514.71,46.89655172413793,533.79,-2.5733333333333803,-0.1399999999999863,0.0164835164835164,580.5,564.0,555.5,564.0,3800.0
2021-06-26,565.5,565.5,550.5,555.0,555.0,4000.0,555.3,560.28,529.5933333333334,514.625,46.89655172413793,534.73,-2.17999999999995,-0.2200000000000272,0.0164835164835164,564.0,565.5,555.0,565.5,4000.0
2021-06-27,565.5,565.5,550.5,555.0,555.0,4000.0,555.45,559.42,529.68,514.575,46.89655172413793,535.67,-1.786666666666747,-0.2549999999999954,0.0481586402266289,564.0,565.5,555.0,565.5,4000.0
2021-06-28,550.0,564.0,550.0,558.0,558.0,4200.0,555.725,558.42,529.9133333333333,514.5875,51.824817518248175,536.67,-1.0600000000000591,-0.2224999999999681,0.0538243626062322,564.0,565.5,555.0,565.5,4000.0
2021-06-29,551.5,564.5,548.0,564.5,564.5,3200.0,556.95,557.78,530.3866666666667,514.6025,78.68020304568527,537.72,0.0066666666666606,-0.1500000000000909,0.1068627450980392,564.5,564.0,558.0,550.0,4200.0
2021-06-30,566.5,566.5,544.0,562.0,562.0,8200.0,557.5,557.04,531.0533333333333,514.605,49.46236559139785,538.9,1.273333333333312,-0.1050000000000181,0.1019607843137255,564.5,564.5,564.5,551.5,3200.0
2021-07-01,562.0,562.5,539.5,554.5,554.5,4200.0,557.025,556.0,531.62,514.57,45.09803921568627,540.29,2.0266666666666424,-0.0549999999999499,0.0872549019607842,564.5,566.5,562.0,566.5,8200.0
2021-07-02,551.0,551.0,543.0,550.0,550.0,7800.0,556.325,555.92,532.1266666666667,514.52,37.5,541.47,2.446666666666715,-0.0550000000000636,0.0784313725490195,564.5,562.5,554.5,562.0,4200.0
2021-07-03,551.0,551.0,543.0,550.0,550.0,7800.0,555.625,555.82,532.6933333333334,514.4725,37.5,542.74,2.7800000000000864,-0.1150000000000091,0.0784313725490195,564.5,551.0,550.0,551.0,7800.0
2021-07-04,551.0,551.0,543.0,550.0,550.0,7800.0,555.475,556.22,533.42,514.5175,37.5,544.01,3.033333333333303,-0.0849999999999226,0.0784313725490195,564.5,551.0,550.0,551.0,7800.0
2021-07-05,550.5,565.5,550.5,565.5,565.5,16000.0,558.35,556.8,534.18,514.6675,59.82905982905983,545.59,3.126666666666665,0.0625,0.1088235294117647,565.5,551.0,550.0,551.0,7800.0
2021-07-06,575.0,581.0,566.0,581.0,581.0,12000.0,559.275,557.48,534.96,515.0025,63.28125,547.54,3.340000000000032,0.4325000000000045,0.1437007874015747,581.0,565.5,565.5,550.5,16000.0
2021-07-07,581.0,581.0,568.0,570.0,570.0,8400.0,559.8,557.72,535.6,515.2825,54.72972972972973,549.03,3.4733333333333576,0.7625000000000455,0.1220472440944882,581.0,581.0,581.0,575.0,12000.0
2021-07-08,570.5,573.0,556.5,572.0,572.0,8800.0,560.25,558.04,536.2666666666667,515.5725,62.04379562043796,550.28,3.573333333333266,1.1000000000000227,0.1259842519685039,581.0,581.0,570.0,581.0,8400.0
2021-07-09,557.0,564.5,526.0,557.5,557.5,33200.0,559.975,558.22,536.74,515.9225,51.51515151515152,551.2,3.32000000000005,1.4049999999999727,0.0888671875,581.0,573.0,572.0,570.5,8800.0
2021-07-10,557.0,564.5,526.0,557.5,557.5,33200.0,559.7,560.2,536.8933333333333,516.395,51.51515151515152,552.15,2.7133333333333667,1.7274999999999636,0.1083499005964214,581.0,564.5,557.5,557.0,33200.0
2021-07-11,557.0,564.5,526.0,557.5,557.5,33200.0,559.875,560.0,537.0466666666666,516.88,51.51515151515152,553.1,2.086666666666588,1.8774999999999409,0.1494845360824741,581.0,564.5,557.5,557.0,33200.0
2021-07-12,557.5,572.0,557.5,568.5,568.5,8200.0,560.1,560.36,537.5666666666667,517.2975,55.8011049723757,554.27,1.966666666666697,2.0149999999999864,0.1578411405295314,581.0,564.5,557.5,557.0,33200.0
2021-07-13,574.5,582.0,570.5,579.5,579.5,16800.0,560.925,561.02,538.2333333333333,517.675,57.89473684210526,555.7,1.966666666666697,2.102499999999964,0.1911613566289824,581.0,572.0,568.5,557.5,8200.0
2021-07-14,584.5,650.0,582.5,650.0,650.0,46000.0,565.65,564.5,540.1,518.405,76.99386503067484,558.42,3.3600000000000136,2.482499999999959,0.3360739979445015,650.0,582.0,579.5,574.5,16800.0
2021-07-15,620.0,650.5,618.5,626.0,626.0,54200.0,569.2,567.02,541.6466666666666,519.015,69.91643454038997,560.52,4.75333333333333,2.6200000000000045,0.2867420349434737,650.0,650.0,650.0,584.5,46000.0
2021-07-16,625.5,644.5,611.0,630.5,630.5,18000.0,572.975,570.08,543.2533333333333,519.5875,72.42339832869081,562.72,6.206666666666706,2.707499999999982,0.3040330920372285,650.0,650.5,626.0,620.0,54200.0
2021-07-17,625.5,644.5,611.0,630.5,630.5,18000.0,576.75,572.74,544.86,520.125,72.42339832869081,564.89,7.293333333333294,2.8274999999999864,0.272452068617558,650.0,644.5,630.5,625.5,18000.0
2021-07-18,625.5,644.5,611.0,630.5,630.5,18000.0,580.375,575.44,546.4666666666667,520.7275,72.42339832869081,567.06,8.233333333333348,3.052500000000009,0.2374877330716389,650.0,644.5,630.5,625.5,18000.0
2021-07-19,621.5,621.5,602.5,615.5,615.5,11200.0,582.925,577.84,547.8733333333333,521.255,63.96648044692738,568.93,7.773333333333312,2.8500000000000227,0.2033235581622678,650.0,644.5,630.5,625.5,18000.0
2021-07-20,602.0,620.0,590.5,599.5,599.5,15200.0,584.8,579.62,549.0666666666667,521.7025,55.15320334261838,569.95,7.420000000000073,2.6875,0.1754901960784314,650.0,621.5,615.5,621.5,11200.0
2021-07-21,619.5,619.5,532.5,557.5,557.5,113000.0,584.95,579.72,549.7266666666667,521.94,47.03087885985748,570.0,6.473333333333358,2.3525000000000773,0.0931372549019606,650.0,620.0,599.5,602.0,15200.0
2021-07-22,619.5,619.5,532.5,557.5,557.5,113000.0,585.325,579.82,550.3866666666667,522.1775,46.52278177458034,569.62,5.526666666666642,2.052500000000009,0.0931372549019606,650.0,619.5,557.5,619.5,113000.0
2021-07-23,619.5,619.5,532.5,557.5,557.5,113000.0,585.7,579.8,551.0466666666666,522.4725,50.0,569.11,4.579999999999927,1.7450000000000043,0.0974409448818898,650.0,619.5,557.5,619.5,113000.0
2021-07-24,619.5,619.5,532.5,557.5,557.5,113000.0,586.075,579.52,551.6533333333333,522.7725,50.0,568.65,3.7799999999999727,1.517500000000041,0.0846303501945524,650.0,619.5,557.5,619.5,113000.0
2021-07-25,619.5,619.5,532.5,557.5,557.5,113000.0,585.675,579.34,552.38,523.13,50.0,568.19,3.313333333333276,1.427500000000009,0.0700575815738964,650.0,619.5,557.5,619.5,113000.0
2021-07-26,546.5,572.5,543.5,572.5,572.5,25000.0,585.25,580.06,553.5466666666666,523.5925,51.010101010101,568.03,3.819999999999936,1.652499999999918,0.0999039385206532,650.0,619.5,557.5,619.5,113000.0
2021-07-27,571.0,571.0,539.5,546.0,546.0,31600.0,584.05,579.9,554.28,523.9125,42.15456674473069,567.91,3.8933333333333167,1.7350000000000136,0.0459770114942528,650.0,572.5,572.5,546.5,25000.0
2021-07-28,555.0,555.5,500.0,546.5,546.5,80600.0,582.775,579.76,555.08,524.235,13.937282229965149,567.79,4.033333333333417,1.7625000000000457,0.0469348659003832,650.0,571.0,546.0,571.0,31600.0
2021-07-29,543.5,578.5,537.0,555.5,555.5,23200.0,582.675,579.98,556.0,524.6025,22.568093385214013,568.1,4.346666666666692,1.8299999999999272,0.0641762452107279,650.0,555.5,546.5,555.0,80600.0
2021-07-30,551.0,571.5,551.0,557.5,557.5,5800.0,582.675,579.66,556.9466666666667,524.98,21.031746031746025,568.23,4.56666666666672,1.8500000000000227,0.0164083865086599,650.0,578.5,555.5,543.5,23200.0
2021-07-31,551.0,571.5,551.0,557.5,557.5,5800.0,582.675,578.72,557.9333333333333,525.3475,21.031746031746025,568.1,4.386666666666656,1.7549999999999957,0.0045045045045044,650.0,571.5,557.5,551.0,5800.0
2021-08-01,551.0,571.5,551.0,557.5,557.5,5800.0,582.125,578.22,558.76,525.6975,21.031746031746025,567.97,4.480000000000018,1.7849999999999682,-0.0329575021682567,650.0,571.5,557.5,551.0,5800.0
2021-08-02,533.0,544.5,520.5,532.0,532.0,13600.0,579.75,576.62,559.06,525.9725,19.413919413919416,567.33,3.979999999999905,1.7374999999999543,-0.0874785591766723,650.0,571.5,557.5,551.0,5800.0
2021-08-03,540.0,540.0,500.0,512.5,512.5,53000.0,572.875,574.82,559.0733333333334,526.1575,18.92857142857143,566.52,3.0733333333333803,1.5550000000000637,-0.1171403962101637,630.5,544.5,532.0,533.0,13600.0
2021-08-04,522.0,530.0,515.0,523.0,523.0,8200.0,567.725,573.44,559.2466666666667,526.395,34.10138248847926,566.82,2.2999999999999545,1.4149999999999636,-0.099052540913006,630.5,540.0,512.5,540.0,53000.0
2021-08-05,523.0,532.0,523.0,525.0,525.0,3000.0,562.45,572.14,559.4466666666667,526.6425,35.294117647058826,566.07,1.513333333333435,1.2950000000000728,-0.0956072351421188,630.5,530.0,523.0,522.0,8200.0
2021-08-06,519.0,533.5,519.0,531.5,531.5,5600.0,557.5,570.66,559.7333333333333,526.9225,38.88888888888889,565.51,0.9733333333333576,1.2250000000000227,-0.0371376811594202,630.5,532.0,525.0,523.0,3000.0
2021-08-07,519.0,533.5,519.0,531.5,531.5,5600.0,552.55,568.74,560.0466666666666,527.2175,38.88888888888889,564.88,0.9866666666666788,1.2450000000000043,-0.0380090497737556,615.5,533.5,531.5,519.0,5600.0
2021-08-08,519.0,533.5,519.0,531.5,531.5,5600.0,548.35,564.0,560.28,527.4575,38.88888888888889,564.25,1.2066666666665924,1.2999999999999543,-0.0157407407407407,599.5,533.5,531.5,519.0,5600.0
2021-08-09,519.0,533.5,519.0,531.5,531.5,5600.0,544.95,560.22,560.42,527.6825,29.90196078431373,563.62,1.1733333333332894,1.2875000000000227,-0.0353901996370236,572.5,533.5,531.5,519.0,5600.0
2021-08-10,513.0,514.5,500.5,514.0,514.0,9600.0,542.775,555.56,560.3333333333334,527.825,32.795698924731184,562.82,0.8866666666666561,1.1825000000000043,-0.0886524822695035,572.5,533.5,531.5,519.0,5600.0
2021-08-11,529.0,529.0,485.0,491.0,491.0,43200.0,539.45,549.98,559.92,527.8525,25.974025974025977,561.36,0.1866666666666105,0.92999999999995,-0.1294326241134752,572.5,514.5,514.0,513.0,9600.0
2021-08-12,497.5,497.5,480.0,492.5,492.5,12600.0,536.2,544.46,559.5266666666666,527.8875,20.83333333333333,559.95,-0.5199999999999818,0.6700000000000728,-0.12677304964539,572.5,529.0,491.0,529.0,43200.0
2021-08-13,485.0,499.0,482.0,482.5,482.5,28800.0,532.45,539.14,559.0,527.8425,17.672413793103445,558.49,-1.2799999999999727,0.3849999999999909,-0.1274864376130199,572.5,497.5,492.5,497.5,12600.0
2021-08-14,485.0,499.0,482.0,482.5,482.5,28800.0,528.7,534.46,558.12,527.75,17.672413793103445,557.04,-2.2999999999999545,0.0674999999999954,-0.0501968503937008,572.5,499.0,482.5,485.0,28800.0
2021-08-15,485.0,499.0,482.0,482.5,482.5,28800.0,524.2,531.46,557.1533333333333,527.6875,17.672413793103445,555.59,-3.180000000000064,-0.1375000000000454,-0.1422222222222222,557.5,499.0,482.5,485.0,28800.0
2021-08-16,481.5,482.0,465.0,465.0,465.0,23400.0,520.15,527.76,555.6666666666666,527.565,18.98148148148148,553.79,-4.25333333333333,-0.287499999999909,-0.1689008042895442,557.5,499.0,482.5,485.0,28800.0
2021-08-17,457.5,472.5,455.0,468.5,468.5,17600.0,516.25,524.2,554.14,527.49,26.08695652173914,552.0,-5.386666666666656,-0.3975000000000364,-0.1678507992895204,557.5,482.0,465.0,481.5,23400.0
2021-08-18,460.5,469.0,456.0,459.0,459.0,8600.0,511.425,520.26,552.52,527.3675,14.835164835164846,549.89,-6.480000000000018,-0.4750000000000227,-0.1847246891651864,557.5,472.5,468.5,457.5,17600.0
2021-08-19,452.5,462.5,452.5,462.5,462.5,3600.0,506.675,516.46,550.9466666666667,527.2625,16.216216216216225,547.9,-7.173333333333289,-0.4874999999999545,-0.1785079928952042,557.5,469.0,459.0,460.5,8600.0
2021-08-20,456.0,457.5,450.0,450.0,450.0,9600.0,501.3,511.56,549.2066666666667,527.1075,8.62944162436547,545.81,-7.9466666666666015,-0.5800000000000409,-0.187725631768953,557.5,462.5,462.5,452.5,3600.0
2021-08-21,456.0,457.5,450.0,450.0,450.0,9600.0,495.925,507.72,547.8466666666667,526.9225,8.62944162436547,543.81,-7.819999999999936,-0.6425000000000409,-0.2021276595744681,532.0,457.5,450.0,456.0,9600.0
2021-08-22,456.0,457.5,450.0,450.0,450.0,9600.0,491.825,503.86,546.48,526.7575,8.62944162436547,541.81,-7.659999999999968,-0.7324999999999591,-0.2007104795737122,531.5,457.5,450.0,456.0,9600.0
2021-08-23,450.5,465.5,445.0,447.0,447.0,10000.0,488.55,499.52,545.24,526.52,8.374384236453196,539.75,-7.279999999999973,-0.8474999999999682,-0.1953195319531953,531.5,457.5,450.0,456.0,9600.0
2021-08-24,461.5,461.5,454.5,455.0,455.0,3800.0,485.15,495.42,543.96,526.33,17.934782608695656,537.54,-6.986666666666679,-0.9325000000000044,-0.1801801801801802,531.5,465.5,447.0,450.5,10000.0
2021-08-25,470.0,474.0,450.0,456.0,456.0,9200.0,481.7,491.36,542.52,526.145,25.0,535.04,-6.686666666666724,-0.9624999999999772,-0.1783783783783783,531.5,461.5,455.0,461.5,3800.0
2021-08-26,456.0,469.5,456.0,464.0,464.0,5000.0,478.325,487.62,541.1866666666666,526.0,31.372549019607845,532.92,-6.660000000000082,-0.9225000000000136,-0.1639639639639639,531.5,474.0,456.0,470.0,9200.0
2021-08-27,458.5,485.0,458.5,464.5,464.5,30400.0,474.975,484.92,539.86,525.8275,36.56716417910449,530.77,-6.6200000000000045,-0.9300000000000636,-0.1675627240143369,531.5,469.5,464.0,456.0,5000.0
2021-08-28,458.5,485.0,458.5,464.5,464.5,30400.0,471.625,483.0,538.68,525.655,36.56716417910449,528.91,-6.560000000000059,-0.8650000000000091,-0.1771479185119574,531.5,485.0,464.5,458.5,30400.0
2021-08-29,458.5,485.0,458.5,464.5,464.5,30400.0,468.275,480.66,538.1,525.5175,36.56716417910449,527.05,-5.860000000000014,-0.8125,-0.1734875444839857,514.0,485.0,464.5,458.5,30400.0
2021-08-30,471.0,471.0,455.0,470.0,470.0,9000.0,466.075,478.46,536.8666666666667,525.4075,54.54545454545455,525.3,-5.653333333333308,-0.7374999999999545,-0.1523895401262398,492.5,485.0,464.5,458.5,30400.0
2021-08-31,465.0,467.0,461.5,462.0,462.0,7000.0,464.625,475.68,535.5666666666667,525.175,44.53781512605042,523.17,-5.619999999999891,-0.8250000000000455,-0.16,492.5,471.0,470.0,471.0,9000.0
2021-09-01,462.0,480.0,458.0,480.0,480.0,16200.0,464.0,473.62,534.46,525.0325,65.44117647058823,521.18,-5.399999999999977,-0.7949999999999591,-0.1272727272727273,482.5,467.0,462.0,465.0,7000.0
2021-09-02,475.0,475.0,461.0,461.0,461.0,8000.0,462.925,470.8,533.1,524.795,49.10179640718563,517.4,-5.579999999999927,-0.8600000000000136,-0.1618181818181818,482.5,480.0,480.0,462.0,16200.0
2021-09-03,460.0,474.5,460.0,468.5,468.5,2800.0,462.225,468.28,531.84,524.6175,61.78343949044586,514.25,-6.259999999999991,-0.900000000000091,-0.1715296198054818,482.5,475.0,461.0,475.0,8000.0
2021-09-04,460.0,474.5,460.0,468.5,468.5,2800.0,461.525,466.46,530.7,524.48,61.78343949044586,511.01,-6.166666666666629,-0.9275000000000092,-0.193631669535284,480.0,474.5,468.5,460.0,2800.0
2021-09-05,460.0,474.5,460.0,468.5,468.5,2800.0,461.7,465.56,529.4266666666666,524.315,61.78343949044586,507.77,-6.1400000000001,-0.8599999999999,-0.1780701754385965,480.0,474.5,468.5,460.0,2800.0
2021-09-06,475.0,476.0,474.5,475.5,475.5,4800.0,462.05,464.88,528.26,524.1875,67.27272727272728,504.67,-6.2000000000000455,-0.8450000000000273,-0.1687062937062937,480.0,474.5,468.5,460.0,2800.0
2021-09-07,475.0,475.5,467.5,470.0,470.0,5800.0,462.6,464.38,527.12,524.13,59.375,501.76,-5.980000000000018,-0.6649999999999636,-0.1569506726457399,480.0,476.0,475.5,475.0,4800.0
2021-09-08,477.5,482.0,465.5,472.5,472.5,6800.0,463.1,463.98,526.02,524.085,60.122699386503065,499.22,-5.82000000000005,-0.5324999999999136,-0.1524663677130044,480.0,475.5,470.0,475.0,5800.0
2021-09-09,471.5,475.0,463.5,463.5,463.5,5000.0,463.775,463.22,524.8,523.995,49.696969696969695,497.34,-5.900000000000091,-0.4850000000000136,-0.168609865470852,480.0,482.0,472.5,477.5,6800.0
2021-09-10,468.5,471.0,463.5,465.0,465.0,3400.0,464.525,463.22,523.6,523.8925,50.2994011976048,495.49,-5.826666666666597,-0.4225000000000136,-0.1820580474934037,480.0,475.0,463.5,471.5,5000.0
2021-09-11,468.5,471.0,463.5,465.0,465.0,3400.0,465.275,463.08,522.36,523.79,50.2994011976048,493.64,-5.899999999999977,-0.3975000000000364,-0.1975841242450388,480.0,471.0,465.0,468.5,3400.0
2021-09-12,468.5,471.0,463.5,465.0,465.0,3400.0,466.175,463.32,521.0333333333333,523.7275,50.2994011976048,491.79,-6.0866666666667015,-0.4025000000000318,-0.2846153846153846,480.0,471.0,465.0,468.5,3400.0
2021-09-13,465.0,466.5,465.0,465.0,465.0,3600.0,466.675,463.42,519.74,523.6725,46.79487179487179,489.94,-6.279999999999973,-0.4125000000000227,-0.2571884984025558,480.0,471.0,465.0,468.5,3400.0
2021-09-14,466.5,474.0,465.0,469.5,469.5,19000.0,467.35,464.2,518.6066666666667,523.6575,55.033557046979865,487.88,-6.193333333333271,-0.3374999999999772,-0.2553528945281522,480.0,466.5,465.0,465.0,3600.0
2021-09-15,467.5,467.5,464.0,464.5,464.5,4200.0,467.375,464.78,517.4666666666667,523.6175,37.39837398373984,486.25,-6.133333333333326,-0.2750000000000909,-0.2632831086439333,480.0,474.0,469.5,466.5,19000.0
2021-09-16,464.5,464.5,458.5,459.0,459.0,6000.0,467.1,465.14,516.2533333333333,523.55,47.91666666666666,484.5,-6.106666666666683,-0.2400000000000091,-0.2720063441712926,480.0,467.5,464.5,467.5,4200.0
2021-09-17,459.0,459.0,450.5,456.0,456.0,11400.0,466.675,465.5,515.0,523.4875,35.632183908045974,482.51,-6.033333333333303,-0.2400000000000091,-0.2591389114541024,480.0,464.5,459.0,464.5,6000.0
2021-09-18,459.0,459.0,450.5,456.0,456.0,11400.0,466.25,465.54,513.54,523.4125,35.632183908045974,480.48,-6.2000000000000455,-0.2599999999999909,-0.2393661384487072,480.0,459.0,456.0,459.0,11400.0
2021-09-19,459.0,459.0,450.5,456.0,456.0,11400.0,465.55,465.54,511.8733333333333,523.3425,35.632183908045974,478.45,-6.7333333333333485,-0.3150000000000545,-0.1820627802690583,480.0,459.0,456.0,459.0,11400.0
2021-09-20,459.0,459.0,450.5,456.0,456.0,11400.0,465.25,465.22,510.35333333333335,523.3125,23.28767123287672,476.42,-7.113333333333344,-0.30499999999995,-0.1820627802690583,480.0,459.0,456.0,459.0,11400.0
2021-09-21,450.0,450.0,432.5,447.0,447.0,53400.0,463.6,464.52,508.68666666666667,523.245,21.25,474.72,-7.566666666666663,-0.30499999999995,-0.1982062780269058,475.5,459.0,456.0,459.0,11400.0
2021-09-22,444.5,445.0,437.0,440.0,440.0,11200.0,462.55,463.54,507.12,523.1425,13.483146067415731,473.27,-7.8799999999999955,-0.3449999999999136,-0.210762331838565,475.5,450.0,447.0,450.0,53400.0
2021-09-23,444.5,445.0,437.0,440.0,440.0,11200.0,461.125,462.56,505.5533333333333,523.04,16.901408450704224,471.61,-7.986666666666622,-0.3725000000000591,-0.210762331838565,475.5,445.0,440.0,444.5,11200.0
2021-09-24,441.5,455.0,441.0,442.0,442.0,13200.0,459.8,461.44,504.0133333333333,522.91,18.05555555555556,469.95,-7.860000000000014,-0.4325000000000045,-0.2279475982532751,475.5,445.0,440.0,444.5,11200.0
2021-09-25,441.5,455.0,441.0,442.0,442.0,13200.0,458.475,460.64,502.32666666666665,522.7225,18.05555555555556,468.16,-8.0266666666667,-0.5900000000000318,-0.1904761904761904,475.5,455.0,442.0,441.5,13200.0
2021-09-26,441.5,455.0,441.0,442.0,442.0,13200.0,456.8,459.12,500.4933333333333,522.5575,18.05555555555556,466.37,-8.193333333333328,-0.6875,-0.1912168344007319,472.5,455.0,442.0,441.5,13200.0
2021-09-27,449.5,453.0,442.5,445.5,445.5,8000.0,455.575,458.5,497.76666666666665,522.415,25.316455696202524,464.65,-9.353333333333351,-0.7275000000000773,-0.1980198019801979,472.5,455.0,442.0,441.5,13200.0
2021-09-28,445.5,448.5,437.0,438.0,438.0,8400.0,453.85,457.28,495.26,522.195,12.941176470588232,462.78,-10.29333333333335,-0.8449999999999136,-0.2143497757847533,469.5,453.0,445.5,449.5,8000.0
2021-09-29,436.5,439.0,430.0,439.0,439.0,10000.0,452.625,456.1,492.70666666666665,521.98,16.883116883116884,461.28,-11.306666666666672,-0.92999999999995,-0.2125560538116592,469.5,448.5,438.0,445.5,8400.0
2021-09-30,440.5,447.0,437.5,443.5,443.5,10600.0,451.55,455.1,490.2133333333333,521.7875,29.33333333333333,460.33,-12.113333333333344,-0.9349999999999454,-0.2044843049327354,469.5,439.0,439.0,436.5,10000.0
2021-10-01,441.5,449.5,437.5,444.5,444.5,8200.0,450.525,453.86,487.73333333333335,521.615,33.80281690140845,459.37,-12.759999999999993,-0.9424999999999956,-0.1644736842105263,469.5,447.0,443.5,440.5,10600.0
2021-10-02,441.5,449.5,437.5,444.5,444.5,8200.0,449.5,452.84,485.4533333333333,521.3925,33.80281690140845,458.61,-12.313333333333333,-1.0224999999999227,-0.1326829268292683,469.5,449.5,444.5,441.5,8200.0
2021-10-03,441.5,449.5,437.5,444.5,444.5,8200.0,448.475,451.72,483.38666666666666,521.1475,33.80281690140845,457.85,-11.873333333333337,-1.0475000000000136,-0.150095602294455,469.5,449.5,444.5,441.5,8200.0
2021-10-04,452.0,473.5,443.5,445.5,445.5,16800.0,447.275,451.0,481.8933333333333,520.89,35.616438356164394,457.11,-10.813333333333333,-1.0900000000000318,-0.1514285714285714,464.5,449.5,444.5,441.5,8200.0
2021-10-05,439.5,440.5,435.5,438.0,438.0,5000.0,445.95,449.92,480.3,520.54,37.14285714285714,456.57,-9.913333333333298,-1.2475000000000591,-0.1759172154280338,459.0,473.5,445.5,452.0,16800.0
2021-10-06,438.0,442.5,432.0,435.0,435.0,4800.0,444.75,448.72,478.6666666666667,520.175,41.935483870967744,455.9,-9.066666666666665,-1.4400000000000546,-0.1815616180620884,456.0,440.5,438.0,439.5,5000.0
2021-10-07,437.5,437.5,435.5,437.5,437.5,5400.0,443.825,447.62,477.06666666666666,519.8225,46.26865671641792,455.47,-8.386666666666656,-1.57000000000005,-0.1768579492003763,456.0,442.5,435.0,438.0,4800.0
2021-10-08,437.5,444.5,437.0,437.0,437.0,5200.0,442.875,446.5,475.46,519.265,42.1875,454.96,-7.926666666666676,-1.88250000000005,-0.1777986829727187,456.0,437.5,437.5,437.5,5400.0
2021-10-09,437.5,444.5,437.0,437.0,437.0,5200.0,441.925,445.2,473.6533333333333,518.7175,42.1875,454.7,-8.240000000000009,-2.1725000000000136,-0.1498054474708171,456.0,444.5,437.0,437.5,5200.0
2021-10-10,437.5,444.5,437.0,437.0,437.0,5200.0,440.975,444.1,472.2,518.3725,42.1875,454.44,-8.100000000000023,-2.167500000000018,-0.1099796334012219,447.0,444.5,437.0,437.5,5200.0
2021-10-11,450.0,450.0,429.0,436.5,436.5,41800.0,440.45,443.2,470.73333333333335,517.99,34.48275862068965,454.17,-7.933333333333337,-2.184999999999945,-0.1137055837563452,445.5,444.5,437.0,437.5,5200.0
2021-10-12,442.0,445.0,427.0,444.5,444.5,21400.0,440.675,442.74,469.2533333333333,517.595,61.01694915254237,454.12,-7.813333333333333,-2.227499999999964,-0.0787564766839378,445.5,450.0,436.5,450.0,41800.0
2021-10-13,447.5,449.5,446.0,448.5,448.5,2600.0,441.1,442.44,467.8,517.22,64.61538461538461,453.99,-7.659999999999968,-2.044999999999959,-0.0704663212435233,448.5,445.0,444.5,442.0,21400.0
2021-10-14,446.5,449.0,435.5,436.5,436.5,4400.0,440.825,441.66,466.18666666666667,516.785,41.25,453.6,-7.46666666666664,-1.9325000000000043,-0.0953367875647668,448.5,449.5,448.5,447.5,2600.0
2021-10-15,436.5,446.0,436.5,439.5,439.5,4600.0,440.7,441.0,464.6133333333333,516.3175,44.04761904761904,453.11,-7.586666666666645,-2.05499999999995,-0.0548387096774193,448.5,449.0,436.5,446.5,4400.0
2021-10-16,436.5,446.0,436.5,439.5,439.5,4600.0,440.575,440.7,463.38,515.915,44.04761904761904,452.61,-7.353333333333353,-2.075000000000045,-0.0618996798292422,448.5,446.0,439.5,436.5,4600.0
2021-10-17,436.5,446.0,436.5,439.5,439.5,4600.0,440.275,440.68,462.4066666666667,515.4375,44.04761904761904,452.11,-6.846666666666636,-2.157500000000028,-0.0424836601307189,448.5,446.0,439.5,436.5,4600.0
2021-10-18,443.0,447.0,438.5,444.0,444.0,3400.0,440.575,440.84,461.35333333333335,514.98,48.35164835164835,451.7,-6.446666666666658,-2.240000000000009,-0.04,448.5,446.0,439.5,436.5,4600.0
2021-10-19,444.0,444.5,443.5,444.5,444.5,3600.0,440.85,440.94,460.28,514.3475,58.44155844155844,451.19,-5.906666666666695,-2.4375,-0.0122222222222222,448.5,447.0,444.0,443.0,3400.0
2021-10-20,442.5,444.5,438.5,440.0,440.0,2400.0,440.675,440.86,459.06,513.6925,56.25,450.75,-5.553333333333342,-2.625,-0.0222222222222222,448.5,444.5,444.5,444.0,3600.0
2021-10-21,440.0,444.0,437.0,437.0,437.0,6800.0,440.3,440.66,457.8,513.0225,49.38271604938272,449.89,-5.579999999999984,-2.8924999999999272,-0.0288888888888888,448.5,444.5,440.0,442.5,2400.0
2021-10-22,437.5,443.5,436.5,436.5,436.5,2000.0,439.9,440.3,456.53333333333336,512.0325,49.38271604938272,449.4,-5.873333333333335,-3.4049999999999727,-0.023489932885906,448.5,444.0,437.0,440.0,6800.0
2021-10-23,437.5,443.5,436.5,436.5,436.5,2000.0,439.5,440.24,455.26666666666665,511.2625,49.38271604938272,448.76,-6.0866666666667015,-3.7175000000000296,-0.0406593406593406,448.5,443.5,436.5,437.5,2000.0
2021-10-24,437.5,443.5,436.5,436.5,436.5,2000.0,439.05,440.14,454.23333333333335,510.4575,49.38271604938272,448.12,-6.046666666666624,-3.8899999999999855,-0.0427631578947368,448.5,443.5,436.5,437.5,2000.0
2021-10-25,441.5,441.5,434.0,438.0,438.0,4000.0,439.05,439.92,453.5266666666666,509.7125,51.807228915662655,447.51,-5.53333333333336,-3.980000000000018,-0.0560344827586206,448.5,443.5,436.5,437.5,2000.0
2021-10-26,437.5,439.0,432.5,439.0,439.0,4600.0,439.25,439.7,452.8133333333333,508.9075,42.02898550724638,446.78,-4.986666666666679,-4.115000000000009,-0.0548977395048438,448.5,441.5,438.0,441.5,4000.0
2021-10-27,438.5,460.0,438.5,454.0,454.0,13000.0,440.075,440.08,452.4333333333333,508.1775,56.04395604395605,446.46,-4.100000000000023,-3.855000000000018,-0.0226049515608181,454.0,439.0,439.0,437.5,4600.0
2021-10-28,456.0,456.0,441.5,441.5,441.5,4600.0,440.3,439.96,451.88666666666666,507.385,55.434782608695656,445.84,-3.3799999999999955,-3.8774999999999977,-0.0495156081808396,454.0,460.0,454.0,438.5,13000.0
2021-10-29,442.5,455.0,442.5,447.5,447.5,3200.0,440.825,440.04,451.42,506.7775,58.16326530612245,445.52,-2.813333333333333,-3.680000000000007,-0.0478723404255319,454.0,456.0,441.5,456.0,4600.0
2021-10-30,442.5,455.0,442.5,447.5,447.5,3200.0,441.35,440.42,451.18666666666667,506.2725,58.16326530612245,445.17,-2.339999999999975,-3.4399999999999977,-0.0313852813852814,454.0,455.0,447.5,442.5,3200.0
2021-10-31,442.5,455.0,442.5,447.5,447.5,3200.0,441.9,440.92,450.9066666666667,505.8075,58.16326530612245,444.82,-1.9066666666666376,-3.1000000000000227,-0.0677083333333333,454.0,455.0,447.5,442.5,3200.0
2021-11-01,452.5,452.5,450.0,450.0,450.0,1400.0,442.175,441.42,450.7866666666667,505.4125,56.38297872340426,444.52,-1.646666666666647,-2.7649999999999864,-0.0238611713665943,454.0,455.0,447.5,442.5,3200.0
2021-11-02,450.0,456.5,442.5,456.5,456.5,10600.0,442.575,442.2,450.70666666666665,505.135,61.32075471698114,444.35,-1.1800000000000068,-2.25,-0.0256136606189968,456.5,452.5,450.0,452.5,1400.0
2021-11-03,450.0,456.5,442.5,456.5,456.5,10600.0,443.575,442.98,450.79333333333335,504.8575,67.01030927835052,444.09,-0.6266666666666652,-1.919999999999959,-0.0256136606189968,456.5,456.5,456.5,450.0,10600.0
2021-11-04,457.5,462.0,452.5,457.0,457.0,5600.0,444.45,443.78,450.88666666666666,504.5825,71.73913043478261,443.94,-0.3000000000000113,-1.6899999999999975,-0.0245464247598719,457.0,456.5,456.5,450.0,10600.0
2021-11-05,457.0,474.5,453.0,467.5,467.5,15800.0,445.85,445.02,451.12,504.3825,77.67857142857143,444.11,0.2133333333333098,-1.4250000000000114,-0.0168243953732912,467.5,462.0,457.0,457.5,5600.0
2021-11-06,457.0,474.5,453.0,467.5,467.5,15800.0,447.25,445.94,451.3933333333333,504.2425,77.67857142857143,444.34,0.6066666666666265,-1.170000000000016,-0.0053191489361702,467.5,474.5,467.5,457.0,15800.0
2021-11-07,457.0,474.5,453.0,467.5,467.5,15800.0,448.425,446.7,451.56,504.0375,77.67857142857143,444.57,0.853333333333353,-1.0974999999999682,-0.0105820105820105,467.5,474.5,467.5,457.0,15800.0
2021-11-08,467.0,467.0,458.0,458.0,458.0,5200.0,449.1,447.56,451.5866666666666,503.715,65.625,444.61,0.7933333333332939,-1.142500000000041,-0.011866235167206,467.5,474.5,467.5,457.0,15800.0
2021-11-09,458.0,458.0,452.5,452.5,452.5,2800.0,449.725,448.08,451.4333333333333,503.3675,59.85401459854016,444.54,0.5466666666666811,-1.214999999999975,-0.0268817204301075,467.5,467.0,458.0,467.0,5200.0
2021-11-10,452.5,452.5,445.0,445.0,445.0,7600.0,450.125,448.3,451.17333333333335,502.9825,42.62295081967213,444.5,0.0533333333333416,-1.3999999999999773,-0.043010752688172,467.5,458.0,452.5,458.0,2800.0
2021-11-11,445.0,448.0,445.0,446.0,446.0,2000.0,450.6,448.56,450.9266666666667,502.6025,54.54545454545455,444.62,-0.4666666666666401,-1.6399999999999864,-0.0408602150537634,467.5,452.5,445.0,452.5,7600.0
2021-11-12,440.5,446.0,432.5,434.5,434.5,25200.0,450.5,448.18,450.5266666666666,502.045,38.18181818181818,444.51,-1.03333333333336,-1.9925000000000068,-0.0655913978494623,467.5,448.0,446.0,445.0,2000.0
2021-11-13,440.5,446.0,432.5,434.5,434.5,25200.0,450.4,447.78,450.0533333333333,501.4875,38.18181818181818,444.36,-1.533333333333303,-2.227499999999964,-0.0745473908413205,467.5,446.0,434.5,440.5,25200.0
2021-11-14,440.5,446.0,432.5,434.5,434.5,25200.0,450.225,447.56,449.68666666666667,501.0125,38.18181818181818,444.21,-1.7466666666666697,-2.355000000000018,-0.0645855758880517,467.5,446.0,434.5,440.5,25200.0
2021-11-15,430.5,440.0,430.0,430.5,430.5,14400.0,449.8,447.3,449.0266666666666,500.5175,32.743362831858406,443.98,-2.146666666666704,-2.465000000000032,-0.0620915032679738,467.5,446.0,434.5,440.5,25200.0
2021-11-16,434.0,442.5,429.5,437.0,437.0,10600.0,448.95,447.32,448.70666666666665,500.1525,32.743362831858406,443.81,-2.220000000000028,-2.450000000000045,-0.0416666666666666,467.5,440.0,430.5,430.5,14400.0
2021-11-17,437.0,439.0,433.5,434.5,434.5,8600.0,448.6,447.24,448.2533333333333,499.775,31.355932203389827,443.74,-2.273333333333312,-2.2700000000000387,-0.0471491228070175,467.5,442.5,437.0,434.0,10600.0
2021-11-18,436.0,454.5,434.0,448.0,448.0,18400.0,448.625,447.7,447.98,499.465,43.75,443.92,-2.0733333333333235,-2.0225000000000364,-0.0175438596491228,467.5,439.0,434.5,437.0,8600.0
2021-11-19,445.5,457.5,445.5,450.5,450.5,9200.0,448.775,448.2,447.74,499.1675,36.71875,444.06,-1.9466666666666583,-1.8449999999999704,-0.0120614035087719,467.5,454.5,448.0,436.0,18400.0
2021-11-20,445.5,457.5,445.5,450.5,450.5,9200.0,448.925,448.66,447.4066666666667,498.87,36.71875,444.18,-1.6199999999999477,-1.6474999999999795,0.0078299776286352,467.5,457.5,450.5,445.5,9200.0
2021-11-21,445.5,457.5,445.5,450.5,450.5,9200.0,448.95,448.52,447.14666666666665,498.5725,36.71875,444.3,-1.5600000000000025,-1.579999999999984,0.0238636363636364,467.5,457.5,450.5,445.5,9200.0
2021-11-22,450.5,450.5,447.5,447.5,447.5,19600.0,448.5,448.76,446.8133333333333,498.26,40.86956521739131,444.36,-1.4399999999999975,-1.5149999999999864,0.0170454545454545,467.5,457.5,450.5,445.5,9200.0
2021-11-23,450.5,450.5,447.5,447.5,447.5,19600.0,448.05,448.76,446.6,497.9575,45.19230769230769,444.4,-1.3799999999999957,-1.5074999999999932,0.0124434389140271,467.5,450.5,447.5,450.5,19600.0
2021-11-24,445.0,449.5,440.5,449.5,449.5,2400.0,447.675,448.84,446.3933333333333,497.665,54.83870967741936,444.63,-1.3466666666666924,-1.5024999999999975,0.0169683257918551,467.5,450.5,447.5,450.5,19600.0
2021-11-25,449.5,449.5,449.5,449.5,449.5,1600.0,446.775,448.92,446.18666666666667,497.3725,53.846153846153854,444.92,-1.2200000000000273,-1.4975000000000025,0.0169683257918551,467.5,449.5,449.5,445.0,2400.0
2021-11-26,442.5,442.5,433.5,434.0,434.0,35400.0,445.1,448.28,445.7733333333333,496.9825,49.494949494949495,444.85,-1.3733333333333348,-1.589999999999975,-0.0258136924803591,467.5,449.5,449.5,449.5,1600.0
2021-11-27,442.5,442.5,433.5,434.0,434.0,35400.0,443.425,447.38,445.36,496.6375,49.494949494949495,444.79,-1.453333333333319,-1.6225000000000025,-0.0091324200913242,458.0,442.5,434.0,442.5,35400.0
2021-11-28,442.5,442.5,433.5,434.0,434.0,35400.0,442.225,446.48,444.88666666666666,496.3825,49.494949494949495,444.73,-1.713333333333367,-1.5749999999999886,-0.0113895216400911,452.5,442.5,434.0,442.5,35400.0
2021-11-29,434.0,434.0,419.0,424.5,424.5,18000.0,440.825,445.18,444.35333333333335,496.05,44.54545454545456,444.48,-2.039999999999964,-1.615000000000009,-0.0428410372040586,450.5,442.5,434.0,442.5,35400.0
2021-11-30,424.5,438.5,410.0,410.0,410.0,25200.0,439.075,442.88,443.7,495.6675,28.57142857142857,443.95,-2.486666666666679,-1.704999999999984,-0.077615298087739,450.5,434.0,424.5,434.0,18000.0
2021-12-01,411.5,420.0,411.5,419.5,419.5,15000.0,437.75,440.96,443.2133333333333,495.3325,39.285714285714285,443.45,-2.5600000000000023,-1.650000000000034,-0.0562429696287963,450.5,438.5,410.0,424.5,25200.0
2021-12-02,412.5,418.5,405.5,417.5,417.5,34000.0,436.9,438.96,442.7,494.9875,23.93162393162392,442.83,-2.660000000000025,-1.6499999999999773,-0.0607424071991,450.5,420.0,419.5,411.5,15000.0
2021-12-03,417.5,418.5,406.5,417.5,417.5,4000.0,436.05,437.34,442.18666666666667,494.6575,20.53571428571428,442.45,-2.6999999999999886,-1.724999999999966,-0.0628507295173962,450.5,418.5,417.5,412.5,34000.0
2021-12-04,417.5,418.5,406.5,417.5,417.5,4000.0,435.2,435.94,441.67333333333335,494.2675,20.53571428571428,442.01,-2.680000000000007,-1.7825000000000273,-0.0468036529680365,450.5,418.5,417.5,417.5,4000.0
2021-12-05,417.5,418.5,406.5,417.5,417.5,4000.0,434.55,434.84,441.28,493.8075,20.53571428571428,441.57,-2.420000000000016,-1.8600000000000136,-0.0402298850574712,450.5,418.5,417.5,417.5,4000.0
2021-12-06,422.0,422.0,410.5,410.5,410.5,4800.0,433.225,433.42,440.88666666666666,493.3025,19.16666666666667,440.99,-2.326666666666654,-2.0299999999999727,-0.0617142857142857,450.5,418.5,417.5,417.5,4000.0
2021-12-07,410.5,417.0,400.0,417.0,417.0,11600.0,432.35,432.72,440.58,492.8375,27.067669172932327,440.45,-2.1200000000000045,-2.150000000000034,-0.0457665903890159,450.5,422.0,410.5,422.0,4800.0
2021-12-08,417.0,417.0,394.5,416.5,416.5,12600.0,430.775,432.0,440.24,492.37,24.615384615384613,439.89,-1.9466666666666583,-2.2875000000000227,-0.0469107551487414,450.5,417.0,417.0,410.5,11600.0
2021-12-09,418.0,418.0,414.0,414.0,414.0,2400.0,428.95,431.18,439.8666666666667,491.89,23.70370370370369,439.37,-1.806666666666672,-2.3774999999999977,-0.0526315789473684,450.5,417.0,416.5,417.0,12600.0
2021-12-10,414.0,414.0,406.5,407.5,407.5,11400.0,426.8,430.26,439.4066666666667,491.3875,27.35042735042736,438.78,-1.873333333333278,-2.420000000000016,-0.0664375715922107,450.5,418.0,414.0,418.0,2400.0
2021-12-11,414.0,414.0,406.5,407.5,407.5,11400.0,424.65,429.08,438.9,490.855,27.35042735042736,438.2,-1.9866666666666788,-2.447499999999991,-0.0832395950506186,449.5,414.0,407.5,414.0,11400.0
2021-12-12,414.0,414.0,406.5,407.5,407.5,11400.0,422.65,428.0,438.4933333333333,490.2875,27.35042735042736,437.62,-2.0866666666666447,-2.5499999999999545,-0.0914158305462653,449.5,414.0,407.5,414.0,11400.0
2021-12-13,407.5,408.0,400.5,406.5,406.5,14800.0,420.6,426.34,438.06,489.7175,32.0,437.02,-2.180000000000007,-2.652500000000032,-0.0687285223367697,449.5,414.0,407.5,414.0,11400.0
2021-12-14,407.0,407.0,397.5,404.0,404.0,9800.0,418.325,424.48,437.53333333333336,489.1275,42.10526315789474,436.34,-2.3333333333333144,-2.7624999999999886,-0.080773606370876,449.5,408.0,406.5,407.5,14800.0
2021-12-15,406.0,406.5,406.0,406.0,406.0,1800.0,416.15,422.7,437.02,488.5475,27.86885245901638,435.68,-2.386666666666713,-2.839999999999975,-0.0762229806598406,434.0,407.0,404.0,407.0,9800.0
2021-12-16,405.0,409.5,403.0,403.5,403.5,4200.0,414.625,420.82,436.47333333333336,487.955,27.41935483870968,434.67,-2.42666666666662,-2.900000000000034,-0.0819112627986348,434.0,406.5,406.0,406.0,1800.0
2021-12-17,396.0,402.5,396.0,402.5,402.5,16000.0,413.05,419.02,435.91333333333336,487.225,26.5625,433.89,-2.579999999999984,-3.0625,-0.0934684684684684,434.0,409.5,403.5,405.0,4200.0
2021-12-18,396.0,402.5,396.0,402.5,402.5,16000.0,411.475,417.22,435.34,486.4625,26.5625,432.99,-2.720000000000028,-3.2549999999999955,-0.094488188976378,424.5,402.5,402.5,396.0,16000.0
2021-12-19,396.0,402.5,396.0,402.5,402.5,16000.0,410.375,415.34,434.8666666666667,485.5925,26.5625,432.09,-2.6666666666666856,-3.535000000000025,-0.0852272727272727,419.5,402.5,402.5,396.0,16000.0
2021-12-20,399.0,402.5,373.5,375.0,375.0,12000.0,408.625,412.36,434.06666666666666,484.5525,16.19047619047619,430.64,-2.953333333333319,-3.995000000000005,-0.1418764302059496,419.5,402.5,402.5,396.0,16000.0
2021-12-21,370.5,386.0,370.5,386.0,386.0,27600.0,406.95,410.44,433.38,483.58,22.807017543859644,429.36,-3.093333333333362,-4.375,-0.1156930126002291,417.5,402.5,375.0,399.0,12000.0
2021-12-22,397.0,397.0,380.5,395.0,395.0,4800.0,405.825,408.88,432.82,482.6525,33.58778625954197,428.13,-3.093333333333362,-4.572500000000048,-0.0950744558991981,417.5,386.0,386.0,370.5,27600.0
2021-12-23,393.0,393.0,386.0,387.5,387.5,5800.0,404.325,407.02,432.16,481.6875,31.205673758865245,426.75,-3.17999999999995,-4.774999999999977,-0.1122565864833906,417.5,397.0,395.0,397.0,4800.0
2021-12-24,387.0,388.0,366.5,380.5,380.5,28000.0,402.475,405.26,431.4066666666667,480.83,30.985915492957744,425.22,-3.4599999999999795,-4.762499999999989,-0.1312785388127854,417.5,393.0,387.5,393.0,5800.0
2021-12-25,387.0,388.0,366.5,380.5,380.5,28000.0,400.625,404.08,430.66,479.97,30.985915492957744,423.48,-3.406666666666638,-4.582499999999982,-0.1332574031890661,417.0,388.0,380.5,387.0,28000.0
2021-12-26,387.0,388.0,366.5,380.5,380.5,28000.0,399.125,402.52,429.8066666666667,479.1725,30.985915492957744,421.74,-3.5733333333333235,-4.40749999999997,-0.1618942731277532,417.0,388.0,380.5,387.0,28000.0
2021-12-27,376.5,380.0,357.5,370.0,370.0,31400.0,396.775,400.62,428.76,478.2675,27.32919254658385,419.79,-4.060000000000002,-4.384999999999991,-0.1619479048697621,416.5,388.0,380.5,387.0,28000.0
2021-12-28,370.0,370.0,339.5,349.5,349.5,84600.0,393.425,397.9,427.6,477.195,22.335025380710647,417.62,-4.560000000000002,-4.492500000000007,-0.2189944134078212,414.0,380.0,370.0,376.5,31400.0
2021-12-29,364.5,366.0,354.5,365.5,365.5,3000.0,391.0,395.82,426.6133333333333,476.2025,32.0,415.88,-4.793333333333351,-4.627499999999998,-0.1832402234636871,407.5,370.0,349.5,370.0,84600.0
2021-12-30,364.0,364.0,353.0,363.5,363.5,3600.0,388.8,393.66,425.6,475.2,32.14285714285715,414.25,-5.060000000000002,-4.770000000000039,-0.1877094972067039,407.5,366.0,365.5,364.5,3000.0
2021-12-31,364.0,364.0,353.0,363.5,363.5,3600.0,386.6,391.78,424.5866666666666,474.2525,32.432432432432435,412.6,-5.220000000000027,-4.920000000000016,-0.1922222222222221,407.5,364.0,363.5,364.0,3600.0
2022-01-01,364.0,364.0,353.0,363.5,363.5,3600.0,384.4,389.64,423.5133333333333,473.53,32.432432432432435,411.18,-5.24666666666667,-4.737500000000011,-0.2037239868565169,406.5,364.0,363.5,364.0,3600.0
2022-01-02,364.0,364.0,353.0,363.5,363.5,3600.0,382.25,387.52,422.4333333333333,472.535,32.432432432432435,409.76,-5.166666666666686,-4.659999999999968,-0.2037239868565169,406.0,364.0,363.5,364.0,3600.0
2022-01-03,364.0,364.0,353.0,363.5,363.5,3600.0,380.225,385.5,421.41333333333336,471.555,43.11377245508982,408.34,-5.199999999999989,-4.64749999999998,-0.2045951859956236,406.0,364.0,363.5,364.0,3600.0
2022-01-04,370.5,371.0,355.5,355.5,355.5,13800.0,377.7,383.42,420.32666666666665,470.5175,31.055900621118013,406.84,-5.273333333333369,-4.6825000000000045,-0.239572192513369,403.5,364.0,363.5,364.0,3600.0
2022-01-05,354.0,380.5,354.0,361.0,361.0,13400.0,375.575,381.56,419.32,469.5075,27.92207792207792,405.32,-5.266666666666652,-4.7450000000000045,-0.227807486631016,402.5,371.0,355.5,370.5,13800.0
2022-01-06,352.0,366.0,352.0,366.0,366.0,9200.0,373.75,379.9,418.38,468.5225,35.570469798657726,403.95,-5.133333333333326,-5.007499999999993,-0.2171122994652407,402.5,380.5,361.0,354.0,13400.0
2022-01-07,363.5,365.0,351.5,356.0,356.0,5800.0,371.425,377.88,417.3066666666667,467.5325,34.19354838709677,402.11,-5.126666666666665,-5.002499999999998,-0.222707423580786,402.5,366.0,366.0,352.0,9200.0
2022-01-08,363.5,365.0,351.5,356.0,356.0,5800.0,369.1,375.96,416.2133333333333,466.4925,34.19354838709677,400.22,-5.2000000000000455,-5.0625,-0.2132596685082872,395.0,365.0,356.0,363.5,5800.0
2022-01-09,363.5,365.0,351.5,356.0,356.0,5800.0,368.15,373.96,415.1066666666667,465.4575,34.19354838709677,398.33,-5.21999999999997,-5.060000000000002,-0.1999999999999999,395.0,365.0,356.0,363.5,5800.0
2022-01-10,363.5,365.0,351.5,356.0,356.0,5800.0,366.65,372.06,413.8,464.46,39.55223880597015,396.44,-5.519999999999982,-5.047500000000014,-0.2017937219730942,395.0,365.0,356.0,363.5,5800.0
2022-01-11,356.0,356.0,344.0,353.0,353.0,3400.0,364.55,370.08,412.62,463.45,53.53535353535354,394.55,-5.759999999999991,-5.072499999999991,-0.1875719217491369,387.5,365.0,356.0,363.5,5800.0
2022-01-12,350.5,357.5,338.0,342.0,342.0,25600.0,362.275,367.66,411.2133333333333,462.385,23.595505617977523,392.44,-6.093333333333362,-5.147500000000036,-0.2128883774453395,380.5,356.0,353.0,356.0,3400.0
2022-01-13,341.5,345.0,340.0,340.0,340.0,10600.0,360.25,365.16,409.78,461.31,23.595505617977523,390.25,-6.433333333333337,-5.1825000000000045,-0.2174913693901036,380.5,357.5,342.0,350.5,25600.0
2022-01-14,337.5,345.5,335.0,335.5,335.5,6600.0,358.0,363.58,408.2866666666667,460.1975,21.42857142857143,387.97,-6.819999999999993,-5.259999999999991,-0.2206736353077816,380.5,345.0,340.0,341.5,10600.0
2022-01-15,337.5,345.5,335.0,335.5,335.5,6600.0,355.75,361.56,406.76,459.0525,21.42857142857143,386.0,-7.0400000000000205,-5.40749999999997,-0.2322654462242562,370.0,345.5,335.5,337.5,6600.0
2022-01-16,337.5,345.5,335.0,335.5,335.5,6600.0,354.025,359.18,405.14666666666665,457.92,21.42857142857143,384.03,-7.473333333333358,-5.529999999999973,-0.2278481012658227,366.0,345.5,335.5,337.5,6600.0
2022-01-17,340.5,341.5,336.0,336.0,336.0,3200.0,353.35,357.12,403.54,456.8275,22.22222222222221,382.07,-7.673333333333289,-5.5575000000000045,-0.25,366.0,345.5,335.5,337.5,6600.0
2022-01-18,340.5,340.5,334.5,334.5,334.5,6000.0,351.8,355.28,401.9066666666667,455.75,25.581395348837205,380.27,-7.873333333333278,-5.560000000000002,-0.2574916759156492,366.0,341.5,336.0,340.5,3200.0
2022-01-19,338.5,338.5,330.5,333.5,333.5,2600.0,350.3,353.4,400.12,454.6675,14.285714285714292,378.74,-8.166666666666686,-5.529999999999973,-0.2597114317425083,366.0,340.5,334.5,340.5,6000.0
2022-01-20,333.5,340.0,330.5,335.0,335.0,3600.0,348.875,351.58,398.35333333333335,453.5925,5.714285714285708,377.05,-8.406666666666638,-5.460000000000036,-0.2563817980022197,366.0,338.5,333.5,338.5,2600.0
2022-01-21,325.0,334.0,325.0,332.5,332.5,4000.0,347.325,350.08,396.5533333333333,452.4275,7.272727272727266,375.35,-8.593333333333305,-5.492500000000007,-0.2569832402234636,366.0,340.0,335.0,333.5,3600.0
2022-01-22,325.0,334.0,325.0,332.5,332.5,4000.0,345.775,349.4,394.88,451.185,7.272727272727266,373.65,-8.660000000000025,-5.642499999999984,-0.2569832402234636,366.0,334.0,332.5,325.0,4000.0
2022-01-23,325.0,334.0,325.0,332.5,332.5,4000.0,344.225,348.08,393.28,449.9975,7.272727272727266,371.95,-8.626666666666722,-5.752499999999998,-0.2602892102335928,366.0,334.0,332.5,325.0,4000.0
2022-01-24,337.0,337.0,336.0,336.0,336.0,2800.0,343.25,346.98,391.82666666666665,448.8175,17.741935483870975,370.32,-8.29333333333335,-5.850000000000023,-0.2525027808676306,366.0,334.0,332.5,325.0,4000.0
2022-01-25,341.0,341.0,327.0,332.0,332.0,5800.0,341.8,345.72,390.3066666666667,447.69,17.1875,368.75,-8.046666666666681,-5.902499999999975,-0.2350230414746543,366.0,337.0,336.0,337.0,2800.0
2022-01-26,332.0,339.0,328.5,339.0,339.0,7200.0,340.45,344.74,389.03333333333336,446.5975,44.64285714285714,367.19,-7.519999999999982,-5.829999999999984,-0.2188940092165898,356.0,341.0,332.0,341.0,5800.0
2022-01-27,339.0,340.0,299.0,306.5,306.5,25000.0,337.975,342.46,387.32666666666665,445.3425,21.367521367521377,364.99,-7.553333333333342,-5.84250000000003,-0.2937788018433179,356.0,339.0,339.0,332.0,7200.0
2022-01-28,309.5,309.5,290.0,306.5,306.5,46400.0,335.5,340.18,385.62,444.0325,23.148148148148152,362.84,-7.659999999999968,-5.964999999999975,-0.2779740871613663,356.0,340.0,306.5,339.0,25000.0
2022-01-29,309.5,309.5,290.0,306.5,306.5,46400.0,333.025,338.22,383.9666666666666,442.6675,23.148148148148152,360.82,-7.860000000000014,-6.149999999999977,-0.2524390243902439,356.0,309.5,306.5,309.5,46400.0
2022-01-30,309.5,309.5,290.0,306.5,306.5,46400.0,330.55,336.04,382.2266666666667,440.95,23.148148148148152,358.8,-8.079999999999984,-6.740000000000009,-0.2693682955899881,353.0,309.5,306.5,309.5,46400.0
2022-01-31,306.5,317.0,305.5,311.0,311.0,3600.0,328.45,333.84,380.58,439.375,28.448275862068968,356.87,-8.453333333333376,-7.222500000000025,-0.2550898203592814,342.0,309.5,306.5,309.5,46400.0
2022-02-01,314.0,318.0,310.0,310.0,310.0,6800.0,326.85,332.0,378.74,437.7725,28.695652173913032,354.94,-8.586666666666645,-7.569999999999993,-0.2574850299401198,340.0,317.0,311.0,306.5,3600.0
2022-02-02,304.0,319.0,304.0,312.0,312.0,7200.0,325.45,330.24,376.8933333333333,436.18,31.623931623931625,353.1,-8.726666666666688,-7.85250000000002,-0.2526946107784431,339.0,318.0,310.0,314.0,6800.0
2022-02-03,312.0,312.0,306.5,307.5,307.5,3000.0,324.05,328.3,374.9866666666667,434.565,27.642276422764223,351.13,-8.979999999999961,-8.10250000000002,-0.2634730538922155,339.0,319.0,312.0,304.0,7200.0
2022-02-04,310.0,311.5,304.5,311.5,311.5,2800.0,322.85,326.52,373.1333333333333,433.045,33.33333333333333,349.29,-9.093333333333362,-7.904999999999973,-0.2411693057247259,339.0,312.0,307.5,312.0,3000.0
2022-02-05,310.0,311.5,304.5,311.5,311.5,2800.0,321.65,324.86,371.32,431.605,33.33333333333333,347.47,-9.259999999999993,-7.769999999999982,-0.2529976019184652,339.0,311.5,311.5,310.0,2800.0
2022-02-06,310.0,311.5,304.5,311.5,311.5,2800.0,320.425,323.64,369.50666666666666,430.375,33.33333333333333,345.65,-9.233333333333348,-7.3974999999999795,-0.2521008403361344,339.0,311.5,311.5,310.0,2800.0
2022-02-07,311.5,325.5,307.5,325.5,325.5,7800.0,319.975,323.06,367.85333333333335,429.215,42.85714285714285,344.11,-9.039999999999964,-6.965000000000032,-0.2137681159420289,339.0,311.5,311.5,310.0,2800.0
2022-02-08,323.5,323.5,318.5,320.0,320.0,2000.0,319.3,322.44,366.12666666666667,428.0275,41.99999999999999,343.01,-8.860000000000014,-6.537500000000023,-0.214723926380368,339.0,325.5,325.5,311.5,7800.0
2022-02-09,320.0,321.5,307.5,320.5,320.5,13000.0,318.575,321.84,364.6133333333333,426.8425,36.496350364963504,341.7,-8.519999999999982,-6.202500000000043,-0.2134969325153374,339.0,323.5,320.0,323.5,2000.0
2022-02-10,318.5,318.5,314.5,314.5,314.5,4400.0,317.675,321.0,363.02,425.6275,59.523809523809526,340.09,-8.300000000000011,-5.9775000000000205,-0.2282208588957055,339.0,321.5,320.5,320.0,13000.0
2022-02-11,318.5,318.5,314.5,314.5,314.5,4400.0,316.775,320.14,361.4266666666667,424.3375,59.523809523809526,338.63,-8.079999999999984,-6.037500000000023,-0.2263222632226322,339.0,318.5,314.5,318.5,4400.0
2022-02-12,318.5,318.5,314.5,314.5,314.5,4400.0,315.875,319.34,359.96,423.18,59.523809523809526,337.31,-7.893333333333373,-6.034999999999968,-0.2215346534653465,339.0,318.5,314.5,318.5,4400.0
2022-02-13,318.5,318.5,314.5,314.5,314.5,4400.0,314.8,318.58,358.68666666666667,422.02,59.523809523809526,335.99,-7.439999999999998,-6.007499999999993,-0.2253694581280788,339.0,318.5,314.5,318.5,4400.0
2022-02-14,314.5,314.5,302.5,309.5,309.5,2600.0,313.675,317.56,357.22,420.79,48.23529411764706,334.57,-7.393333333333317,-6.052499999999952,-0.2329615861214374,339.0,318.5,314.5,318.5,4400.0
2022-02-15,309.5,309.5,306.5,306.5,306.5,600.0,312.05,316.52,355.74,419.535,46.06741573033708,333.3,-7.279999999999973,-6.092499999999973,-0.2385093167701863,325.5,314.5,309.5,314.5,2600.0
2022-02-16,306.5,308.5,304.5,304.5,304.5,3600.0,311.95,315.4,354.2333333333333,418.27,41.57303370786517,332.4,-7.193333333333328,-6.067499999999996,-0.2434782608695652,325.5,309.5,306.5,309.5,600.0
2022-02-17,309.0,309.0,309.0,309.0,309.0,200.0,312.075,314.46,352.7866666666667,417.0275,51.68539325842697,331.27,-7.173333333333289,-6.152500000000032,-0.2322981366459627,325.5,308.5,304.5,306.5,3600.0
2022-02-18,302.0,309.5,302.0,302.5,302.5,5000.0,311.875,313.12,351.25333333333333,415.88,40.42553191489362,330.05,-7.433333333333337,-6.139999999999986,-0.1933333333333333,325.5,309.0,309.0,309.0,200.0
2022-02-19,302.0,309.5,302.0,302.5,302.5,5000.0,311.675,311.94,349.81333333333333,414.83,40.42553191489362,328.83,-7.406666666666695,-5.960000000000036,-0.216321243523316,325.5,309.5,302.5,302.0,5000.0
2022-02-20,302.0,309.5,302.0,302.5,302.5,5000.0,311.25,310.48,348.2866666666667,413.7275,40.42553191489362,327.61,-7.453333333333319,-5.8075000000000045,-0.2341772151898734,325.5,309.5,302.5,302.0,5000.0
2022-02-21,302.0,305.0,300.0,304.0,304.0,3400.0,310.95,310.38,346.7866666666667,412.6225,18.840579710144937,326.42,-7.446666666666658,-5.64749999999998,-0.2154838709677419,325.5,309.5,302.5,302.0,5000.0
2022-02-22,299.5,303.5,299.5,302.0,302.0,1800.0,310.45,310.2,345.2933333333333,411.475,20.967741935483872,325.19,-7.493333333333339,-5.552499999999952,-0.2063074901445466,325.5,305.0,304.0,302.0,3400.0
2022-02-23,299.5,303.5,299.5,302.0,302.0,1800.0,310.175,310.02,343.88666666666666,410.3275,19.67213114754098,324.12,-7.366666666666674,-5.552500000000009,-0.2063074901445466,325.5,303.5,302.0,299.5,1800.0
2022-02-24,307.0,307.0,293.0,300.5,300.5,6400.0,309.625,309.78,342.46,409.1725,23.07692307692308,322.91,-7.353333333333353,-5.65749999999997,-0.2102496714848882,325.5,303.5,302.0,299.5,1800.0
2022-02-25,308.5,308.5,303.5,307.0,307.0,8600.0,309.4,309.62,341.12,408.05,38.46153846153846,321.73,-7.166666666666686,-5.677500000000009,-0.1702702702702703,325.5,307.0,300.5,307.0,6400.0
2022-02-26,308.5,308.5,303.5,307.0,307.0,8600.0,309.175,309.5,339.7933333333333,407.015,38.46153846153846,320.75,-6.993333333333339,-5.607500000000016,-0.1216022889842632,325.5,308.5,307.0,308.5,8600.0
2022-02-27,308.5,308.5,303.5,307.0,307.0,8600.0,308.25,309.3,338.5,406.095,38.46153846153846,319.77,-6.793333333333351,-5.379999999999996,-0.1600547195622434,320.5,308.5,307.0,308.5,8600.0
2022-02-28,307.0,315.0,306.5,315.0,315.0,2000.0,308.0,309.6,337.2866666666667,405.2075,57.74647887323944,318.95,-6.599999999999966,-5.1200000000000045,-0.1334250343878954,320.5,308.5,307.0,308.5,8600.0
2022-03-01,317.5,320.5,317.5,320.5,320.5,4800.0,308.0,309.96,336.18,404.3975,68.42105263157895,318.24,-6.279999999999973,-4.775000000000034,-0.1182943603851444,320.5,315.0,315.0,307.0,2000.0
2022-03-02,320.5,325.0,320.5,320.5,320.5,4400.0,308.3,310.32,335.08666666666664,403.5875,72.22222222222223,317.59,-6.03333333333336,-4.462500000000034,-0.1182943603851444,320.5,320.5,320.5,317.5,4800.0
2022-03-03,320.5,334.0,320.5,329.5,329.5,5600.0,309.05,311.04,334.11333333333334,402.8225,75.30864197530865,317.34,-5.680000000000007,-4.192499999999996,-0.09353507565337,329.5,325.0,320.5,320.5,4400.0
2022-03-04,339.5,339.5,328.0,331.5,331.5,5600.0,309.9,311.28,333.1666666666667,402.155,90.27777777777776,317.17,-5.333333333333314,-3.940000000000055,-0.0880330123796423,331.5,334.0,329.5,320.5,5600.0
2022-03-05,339.5,339.5,328.0,331.5,331.5,5600.0,310.75,311.74,332.58666666666664,401.47,90.27777777777776,317.09,-4.7000000000000455,-3.7374999999999545,-0.0675105485232067,331.5,339.5,331.5,339.5,5600.0
2022-03-06,339.5,339.5,328.0,331.5,331.5,5600.0,311.85,312.18,331.86,400.8325,90.27777777777776,317.01,-4.319999999999993,-3.5649999999999977,-0.0817174515235457,331.5,339.5,331.5,339.5,5600.0
2022-03-07,320.5,330.0,320.5,330.0,330.0,1000.0,313.025,312.8,330.99333333333334,400.17,86.11111111111111,316.9,-4.093333333333305,-3.4174999999999613,-0.0983606557377049,331.5,339.5,331.5,339.5,5600.0
2022-03-08,330.0,343.5,326.0,336.0,336.0,11000.0,314.6,313.66,330.3066666666667,399.6,92.5,316.9,-3.806666666666672,-3.222499999999968,-0.0561797752808989,336.0,330.0,330.0,320.5,1000.0
2022-03-09,336.0,336.0,325.0,325.0,325.0,800.0,315.4,314.08,329.56666666666666,398.975,72.54901960784314,316.71,-3.6000000000000227,-3.17999999999995,-0.0870786516853933,336.0,343.5,336.0,330.0,11000.0
2022-03-10,325.0,327.5,325.0,327.5,327.5,600.0,316.65,314.6,328.86,398.3625,75.96153846153847,316.59,-3.726666666666631,-3.107500000000016,-0.0800561797752809,336.0,336.0,325.0,336.0,800.0
2022-03-11,332.5,335.0,332.5,335.0,335.0,1400.0,318.275,315.62,328.25333333333333,397.8025,76.41509433962264,316.59,-3.6066666666666833,-3.0299999999999727,-0.0589887640449438,336.0,327.5,327.5,325.0,600.0
2022-03-12,332.5,335.0,332.5,335.0,335.0,1400.0,319.9,316.76,327.7866666666667,397.2025,76.41509433962264,316.64,-3.206666666666649,-2.9675000000000296,-0.0509915014164306,336.0,335.0,335.0,332.5,1400.0
2022-03-13,332.5,335.0,332.5,335.0,335.0,1400.0,321.45,317.98,327.5933333333333,396.5975,76.41509433962264,316.69,-2.7133333333333667,-3.0024999999999977,-0.0204678362573099,336.0,335.0,335.0,332.5,1400.0
2022-03-14,328.0,343.0,325.5,337.0,337.0,4000.0,323.2,319.1,327.2133333333333,395.9625,73.40425531914893,316.78,-2.353333333333353,-3.012500000000045,-0.0088235294117646,337.0,335.0,335.0,332.5,1400.0
2022-03-15,327.0,337.5,327.0,337.5,337.5,3400.0,324.975,320.5,326.8666666666667,395.3275,70.23809523809524,316.81,-1.99333333333334,-3.035000000000025,0.0059612518628913,337.5,343.0,337.0,328.0,4000.0
2022-03-16,342.5,342.5,339.5,342.5,342.5,3000.0,327.075,322.1,326.58666666666664,394.7175,73.40425531914893,317.02,-1.6666666666666856,-3.0850000000000364,0.0208643815201192,342.5,337.5,337.5,327.0,3400.0
2022-03-17,343.0,343.0,332.5,340.5,340.5,4200.0,328.75,323.62,326.28,394.0975,63.75,317.05,-1.5066666666667174,-3.1049999999999613,0.0149031296572279,342.5,342.5,342.5,342.5,3000.0
2022-03-18,327.5,346.0,327.5,346.0,346.0,7400.0,330.7,325.3,326.0466666666667,393.4775,66.66666666666666,317.84,-1.5466666666666242,-3.1200000000000045,0.0297619047619046,346.0,343.0,340.5,343.0,4200.0
2022-03-19,327.5,346.0,327.5,346.0,346.0,7400.0,332.65,327.06,325.81333333333333,392.8975,66.66666666666666,318.63,-1.3999999999999773,-3.0649999999999977,0.0343796711509716,346.0,346.0,346.0,327.5,7400.0
2022-03-20,327.5,346.0,327.5,346.0,346.0,7400.0,334.2,328.82,325.68666666666667,392.2275,66.66666666666666,319.42,-1.1800000000000068,-3.099999999999966,0.0374812593703148,346.0,346.0,346.0,327.5,7400.0
2022-03-21,327.5,346.0,327.5,346.0,346.0,7400.0,335.475,330.64,325.4866666666667,391.6525,69.04761904761905,320.21,-1.099999999999966,-3.0649999999999977,0.0328358208955223,346.0,346.0,346.0,327.5,7400.0
2022-03-22,342.5,347.5,337.0,339.0,339.0,4000.0,336.4,331.92,325.12666666666667,391.005,53.48837209302325,320.77,-1.1533333333333076,-3.0925000000000296,0.019548872180451,346.0,346.0,346.0,327.5,7400.0
2022-03-23,339.0,345.5,335.5,339.5,339.5,3000.0,336.9,333.22,324.9066666666667,390.36,72.3076923076923,321.36,-1.1399999999999864,-3.117500000000007,0.0210526315789474,346.0,347.5,339.0,342.5,4000.0
2022-03-24,339.5,339.5,335.5,335.5,335.5,2200.0,337.1,334.36,324.6333333333333,389.695,61.76470588235294,321.83,-1.1800000000000068,-3.2024999999999864,0.0090225563909773,346.0,345.5,339.5,339.0,3000.0
2022-03-25,340.0,341.0,335.5,340.5,340.5,8600.0,337.55,335.38,324.4266666666667,389.02,58.73015873015873,322.49,-1.259999999999991,-3.2075000000000387,0.0133928571428572,346.0,339.5,335.5,339.5,2200.0
2022-03-26,340.0,341.0,335.5,340.5,340.5,8600.0,338.0,336.18,324.22,388.3725,58.73015873015873,323.07,-1.2666666666666515,-3.2799999999999727,0.0256024096385543,346.0,341.0,340.5,340.0,8600.0
2022-03-27,340.0,341.0,335.5,340.5,340.5,8600.0,338.525,336.98,324.05333333333334,387.7125,58.73015873015873,323.65,-1.0733333333333237,-3.292500000000018,0.0044247787610618,346.0,341.0,340.5,340.0,8600.0
2022-03-28,335.5,339.0,330.5,335.0,335.0,27800.0,338.475,337.2,323.96,387.07,47.142857142857146,324.12,-0.9466666666667152,-3.2900000000000205,0.0929853181076671,346.0,341.0,340.5,340.0,8600.0
2022-03-29,335.0,336.5,325.5,334.0,334.0,2800.0,338.925,337.3,323.88,386.415,45.070422535211264,324.29,-0.7533333333333303,-3.2799999999999727,0.0897226753670472,346.0,339.0,335.0,335.5,27800.0
2022-03-30,335.0,335.0,328.0,328.0,328.0,7400.0,338.95,337.16,323.78,385.73,30.13698630136986,324.45,-0.6466666666667038,-3.289999999999964,0.0701468189233278,346.0,336.5,334.0,335.0,2800.0
2022-03-31,328.0,335.5,325.0,330.5,330.5,13000.0,338.725,337.12,323.7133333333333,385.0575,36.48648648648649,324.65,-0.5066666666667174,-3.3149999999999977,0.0783034257748775,346.0,335.0,328.0,335.0,7400.0
2022-04-01,325.5,331.0,325.5,326.5,326.5,1800.0,338.3,336.98,323.5933333333333,384.365,22.535211267605646,324.89,-0.4600000000000364,-3.347499999999968,0.0498392282958199,346.0,335.5,330.5,328.0,13000.0
2022-04-02,325.5,331.0,325.5,326.5,326.5,1800.0,337.875,336.6,323.46666666666664,383.65,22.535211267605646,325.13,-0.4933333333333394,-3.420000000000016,0.0532258064516129,346.0,331.0,326.5,325.5,1800.0
2022-04-03,325.5,331.0,325.5,326.5,326.5,1800.0,337.35,336.66,323.36,382.96,22.535211267605646,325.37,-0.5199999999999818,-3.455000000000041,0.046474358974359,346.0,331.0,326.5,325.5,1800.0
2022-04-04,336.0,368.5,335.5,368.5,368.5,30400.0,338.9,338.3,323.82666666666665,382.5075,64.51612903225806,326.45,0.046666666666681,-3.222500000000025,0.1983739837398375,368.5,331.0,326.5,325.5,1800.0
2022-04-05,377.5,380.5,368.5,376.5,376.5,17400.0,340.6,339.96,324.38,382.11,73.88535031847134,327.79,0.6666666666666856,-2.947499999999991,0.2086677367576244,376.5,368.5,368.5,336.0,30400.0
2022-04-06,361.5,370.0,361.0,361.0,361.0,8800.0,341.625,341.0,324.76,381.635,61.49732620320855,328.88,1.1666666666666856,-2.730000000000018,0.158908507223114,376.5,380.5,376.5,377.5,17400.0
2022-04-07,364.0,377.0,345.0,360.0,360.0,16000.0,342.325,342.0,325.12666666666667,381.155,63.53591160220994,329.99,1.660000000000025,-2.4950000000000045,0.1556982343499198,376.5,370.0,361.0,361.5,8800.0
2022-04-08,362.5,362.5,347.0,355.0,355.0,8000.0,342.775,342.72,325.4266666666667,380.65,58.01104972375691,330.91,2.066666666666663,-2.3100000000000023,0.0906298003072196,376.5,377.0,360.0,364.0,16000.0
2022-04-09,362.5,362.5,347.0,355.0,355.0,8000.0,343.225,343.42,325.68,380.19,58.01104972375691,331.96,1.853333333333353,-2.3174999999999955,0.109375,376.5,362.5,355.0,362.5,8000.0
2022-04-10,362.5,362.5,347.0,355.0,355.0,8000.0,343.675,343.92,325.9866666666667,379.765,58.01104972375691,333.01,1.6066666666666831,-2.345000000000028,0.1076443057722309,376.5,362.5,355.0,362.5,8000.0
2022-04-11,353.0,364.5,347.5,364.5,364.5,2800.0,344.95,344.88,326.32666666666665,379.3875,65.60846560846561,334.25,1.5666666666666629,-2.2475000000000023,0.1589825119236882,376.5,362.5,355.0,362.5,8000.0
2022-04-12,362.5,362.5,355.0,359.0,359.0,4000.0,345.925,345.4,327.02666666666664,378.9725,62.62626262626263,335.35,1.8999999999999773,-2.182499999999948,0.1414944356120826,376.5,364.5,364.5,353.0,2800.0
2022-04-13,358.5,358.5,348.0,358.0,358.0,2200.0,347.05,345.88,327.7133333333333,378.5525,65.95744680851064,336.47,2.2866666666666333,-2.097499999999968,0.1383147853736088,376.5,362.5,359.0,362.5,4000.0
2022-04-14,358.0,361.5,353.5,361.5,361.5,3800.0,348.1,346.5,328.44666666666666,378.15,66.31578947368422,337.66,2.7666666666666515,-2.0400000000000205,0.1494435612082671,376.5,358.5,358.0,358.5,2200.0
2022-04-15,350.0,360.0,349.0,360.0,360.0,4200.0,349.075,347.06,329.16,377.7225,68.10810810810811,338.85,3.173333333333346,-2.0424999999999613,0.1631663974151858,376.5,361.5,361.5,358.0,3800.0
2022-04-16,350.0,360.0,349.0,360.0,360.0,4200.0,350.05,347.9,329.81333333333333,377.3325,68.10810810810811,339.91,3.486666666666679,-2.055000000000007,0.1745513866231647,376.5,360.0,360.0,350.0,4200.0
2022-04-17,350.0,360.0,349.0,360.0,360.0,4200.0,351.3,348.72,330.48,376.9375,68.10810810810811,340.97,3.453333333333376,-2.035000000000025,0.1822660098522168,376.5,360.0,360.0,350.0,4200.0
2022-04-18,349.5,350.0,343.0,348.0,348.0,10800.0,352.0,349.22,330.96,376.46,33.60000000000001,341.79,3.2466666666666697,-2.0925000000000296,0.1262135922330096,376.5,360.0,360.0,350.0,4200.0
2022-04-19,348.0,354.0,347.5,353.0,353.0,2000.0,353.25,349.72,331.56666666666666,376.0025,30.25210084033614,342.55,3.1200000000000045,-2.1474999999999795,0.1669421487603306,376.5,350.0,348.0,349.5,10800.0
2022-04-20,356.0,357.0,352.5,352.5,352.5,1600.0,354.35,350.2,332.11333333333334,375.5425,40.4494382022472,343.19,2.953333333333319,-2.180000000000007,0.165289256198347,376.5,354.0,353.0,348.0,2000.0
2022-04-21,349.5,358.5,349.5,358.5,358.5,1800.0,355.95,350.92,332.74,375.1125,48.48484848484848,343.95,2.9266666666666765,-2.2199999999999704,0.1851239669421487,376.5,357.0,352.5,356.0,1600.0
2022-04-22,351.0,358.5,351.0,357.5,357.5,3200.0,357.5,351.82,333.3533333333333,374.6725,52.747252747252745,344.51,2.873333333333335,-2.2649999999999864,0.175986842105263,376.5,358.5,358.5,349.5,1800.0
2022-04-23,351.0,358.5,351.0,357.5,357.5,3200.0,359.05,352.76,333.78,374.27,52.747252747252745,345.03,2.819999999999993,-2.1899999999999977,0.1837748344370862,376.5,358.5,357.5,351.0,3200.0
2022-04-24,351.0,358.5,351.0,357.5,357.5,3200.0,358.5,353.94,334.28,373.8825,52.747252747252745,345.55,2.71333333333331,-2.1200000000000045,0.1837748344370862,376.5,358.5,357.5,351.0,3200.0
2022-04-25,356.0,356.0,356.0,356.0,356.0,1800.0,357.475,354.96,334.75333333333333,373.475,38.66666666666667,346.04,2.6399999999999864,-2.0674999999999955,0.1846921797004992,364.5,358.5,357.5,351.0,3200.0
2022-04-26,356.0,356.0,356.0,356.0,356.0,1800.0,357.225,356.14,335.3066666666667,373.07,45.31250000000001,346.56,2.566666666666663,-2.042500000000018,0.1596091205211727,364.5,356.0,356.0,356.0,1800.0
2022-04-27,352.0,356.0,346.0,355.0,355.0,2000.0,356.975,357.28,335.8466666666667,372.66,45.31250000000001,346.94,2.4933333333333394,-2.0124999999999886,0.1563517915309447,364.5,356.0,356.0,356.0,1800.0
2022-04-28,350.0,354.5,347.0,352.0,352.0,3400.0,356.825,358.3,336.3466666666667,372.235,34.920634920634924,347.48,2.56666666666672,-2.034999999999968,0.1465798045602606,364.5,356.0,355.0,352.0,2000.0
2022-04-29,350.0,354.5,347.0,352.0,352.0,3400.0,356.675,357.64,336.8466666666667,371.8125,36.66666666666666,347.97,2.56666666666672,-2.069999999999993,0.1174603174603174,364.5,354.5,352.0,350.0,3400.0
2022-04-30,350.0,354.5,347.0,352.0,352.0,3400.0,356.525,356.66,337.41333333333336,371.35,36.66666666666666,348.31,2.660000000000025,-2.125,0.0982839313572543,364.5,354.5,352.0,350.0,3400.0
2022-05-01,350.0,354.5,347.0,352.0,352.0,3400.0,355.9,356.3,338.02,370.8675,36.66666666666666,348.65,2.71333333333331,-2.2024999999999864,0.0982839313572543,361.5,354.5,352.0,350.0,3400.0
2022-05-02,347.5,356.5,347.5,353.5,353.5,1600.0,355.625,356.04,338.67333333333335,370.4525,64.1025641025641,349.02,2.826666666666654,-2.2075000000000387,0.0728376327769346,361.5,354.5,352.0,350.0,3400.0
2022-05-03,347.5,356.5,347.5,353.5,353.5,1600.0,355.4,355.98,339.26666666666665,370.0225,51.72413793103448,349.35,2.919999999999959,-2.212500000000034,0.0663650075414781,361.5,356.5,353.5,347.5,1600.0
2022-05-04,347.5,356.5,347.5,353.5,353.5,1600.0,355.0,355.92,339.94666666666666,369.5925,53.57142857142857,349.67,3.099999999999966,-2.220000000000028,0.0663650075414781,360.0,356.5,353.5,347.5,1600.0
2022-05-05,347.5,356.5,347.5,353.5,353.5,1600.0,354.675,355.86,340.62666666666667,369.1625,18.75,349.89,3.21333333333331,-2.1875,0.0663650075414781,360.0,356.5,353.5,347.5,1600.0
2022-05-06,350.5,357.0,350.5,355.5,355.5,2000.0,354.45,355.5,341.3333333333333,368.72,38.888888888888886,350.19,3.313333333333333,-2.1474999999999795,0.0772727272727273,360.0,356.5,353.5,347.5,1600.0
2022-05-07,350.5,357.0,350.5,355.5,355.5,2000.0,354.225,355.36,342.02,368.275,38.888888888888886,350.38,3.346666666666636,-2.177500000000009,0.0580357142857141,358.5,357.0,355.5,350.5,2000.0
2022-05-08,350.5,357.0,350.5,355.5,355.5,2000.0,354.6,355.26,342.7333333333333,367.8525,38.888888888888886,350.57,3.466666666666697,-2.169999999999959,0.0938461538461539,358.5,357.0,355.5,350.5,2000.0
2022-05-09,355.5,356.0,355.5,355.5,355.5,2600.0,354.725,355.02,343.44666666666666,367.445,46.66666666666666,350.76,3.5,-2.1474999999999795,0.0854961832061069,358.5,357.0,355.5,350.5,2000.0
2022-05-10,350.0,356.5,350.0,356.5,356.5,1400.0,354.925,354.88,344.1933333333333,367.045,52.94117647058823,350.97,3.566666666666663,-2.117500000000007,0.0641791044776118,358.5,356.0,355.5,355.5,2600.0
2022-05-11,355.5,356.5,354.5,356.5,356.5,1400.0,354.825,354.74,344.8533333333333,366.645,60.0,351.32,3.5200000000000387,-2.075000000000045,0.0641791044776118,357.5,356.5,356.5,350.0,1400.0
2022-05-12,314.0,355.5,310.0,348.0,348.0,14800.0,354.35,354.26,345.4,366.2025,34.61538461538463,351.49,3.3799999999999955,-2.072499999999991,0.0388059701492538,357.5,356.5,356.5,355.5,1400.0
2022-05-13,323.5,335.0,322.5,322.5,322.5,7200.0,352.6,353.24,345.6066666666667,365.625,11.688311688311686,351.23,2.873333333333335,-2.2275000000000205,-0.0430267062314539,357.5,355.5,348.0,314.0,14800.0
2022-05-14,323.5,335.0,322.5,322.5,322.5,7200.0,350.85,352.02,345.70666666666665,365.0425,11.688311688311686,350.87,2.259999999999991,-2.402499999999975,-0.0444444444444444,356.5,335.0,322.5,323.5,7200.0
2022-05-15,323.5,335.0,322.5,322.5,322.5,7200.0,349.175,350.82,345.7333333333333,364.385,11.688311688311686,350.51,1.5400000000000205,-2.660000000000025,-0.0583941605839416,356.5,335.0,322.5,323.5,7200.0
2022-05-16,320.0,322.0,312.0,315.0,315.0,48600.0,347.125,349.08,345.66,363.7525,6.741573033707866,350.0,0.806666666666672,-2.892499999999984,-0.0748898678414097,356.5,335.0,322.5,323.5,7200.0
2022-05-17,306.5,319.5,305.0,312.5,312.5,7400.0,345.0,347.28,345.43333333333334,363.0775,6.38297872340425,349.55,0.0333333333333598,-3.125,-0.0968208092485549,356.5,322.0,315.0,320.0,48600.0
2022-05-18,318.5,318.5,317.5,317.5,317.5,600.0,343.275,345.68,345.24666666666667,362.4275,15.384615384615389,349.22,-0.3600000000000136,-3.197499999999991,-0.0823699421965318,356.5,319.5,312.5,306.5,7400.0
2022-05-19,312.5,314.5,301.5,314.5,314.5,2800.0,341.4,343.96,345.02,361.7625,14.545454545454549,348.95,-0.6866666666666674,-3.2800000000000296,-0.0910404624277456,356.5,318.5,317.5,318.5,600.0
2022-05-20,309.5,309.5,303.0,308.0,308.0,2800.0,339.2,342.04,344.70666666666665,361.0525,10.084033613445383,348.5,-1.0266666666666993,-3.332499999999982,-0.1098265895953757,356.5,314.5,314.5,312.5,2800.0
2022-05-21,309.5,309.5,303.0,308.0,308.0,2800.0,337.0,340.12,344.41333333333336,360.31,10.084033613445383,348.13,-1.2466666666666697,-3.4424999999999955,-0.0914454277286135,356.5,309.5,308.0,309.5,2800.0
2022-05-22,309.5,309.5,303.0,308.0,308.0,2800.0,334.725,338.24,344.04,359.5675,10.084033613445383,347.76,-1.3933333333333169,-3.509999999999991,-0.0927835051546391,356.5,309.5,308.0,309.5,2800.0
2022-05-23,316.0,316.0,316.0,316.0,316.0,200.0,332.85,336.8,343.92,358.8625,20.740740740740748,347.55,-1.3266666666666538,-3.5649999999999977,-0.0581222056631892,356.5,309.5,308.0,309.5,2800.0
2022-05-24,316.5,317.0,316.0,317.0,317.0,1000.0,331.025,335.4,343.78,358.11,20.740740740740748,346.52,-1.240000000000009,-3.652499999999975,-0.0690161527165932,356.5,316.0,316.0,316.0,200.0
2022-05-25,327.0,334.0,315.0,329.0,329.0,38800.0,329.8,334.48,343.7,357.4175,32.704402515723274,345.57,-1.0066666666666606,-3.634999999999991,-0.0337738619676946,356.5,317.0,317.0,316.5,1000.0
2022-05-26,332.5,332.5,332.5,332.5,332.5,200.0,328.65,333.7,343.6666666666667,356.7425,39.59731543624161,345.0,-0.7466666666666697,-3.5674999999999955,-0.0234948604992657,356.5,334.0,329.0,327.0,38800.0
2022-05-27,331.5,332.0,327.5,331.0,331.0,1200.0,327.425,332.8,343.61333333333334,356.1075,58.41584158415842,344.42,-0.4266666666666765,-3.4599999999999795,-0.0119402985074626,356.5,332.5,332.5,332.5,200.0
2022-05-28,331.5,332.0,327.5,331.0,331.0,1200.0,326.2,331.9,343.53333333333336,355.5,58.41584158415842,343.94,-0.386666666666656,-3.362500000000012,-0.0089820359281437,356.5,332.0,331.0,331.5,1200.0
2022-05-29,331.5,332.0,327.5,331.0,331.0,1200.0,324.975,331.0,343.44666666666666,354.93,58.41584158415842,343.46,-0.3333333333333144,-3.180000000000007,0.0091463414634145,356.5,332.0,331.0,331.5,1200.0
2022-05-30,321.0,326.5,321.0,326.5,326.5,1600.0,323.475,329.92,343.2333333333333,354.3325,62.10526315789473,342.89,-0.4666666666666401,-3.0850000000000364,-0.0121028744326777,356.5,332.0,331.0,331.5,1200.0
2022-05-31,326.5,329.5,321.5,329.5,329.5,16400.0,322.125,328.88,343.08666666666664,353.8075,67.70833333333334,342.19,-0.5800000000000409,-2.9350000000000023,0.0091883614088821,348.0,326.5,326.5,321.0,1600.0
2022-06-01,324.5,330.5,324.5,330.5,330.5,3800.0,321.25,327.88,342.88,353.2875,64.77272727272727,341.62,-0.7333333333333485,-2.819999999999993,0.0122511485451761,332.5,329.5,329.5,326.5,16400.0
2022-06-02,330.0,332.5,323.0,332.5,332.5,2800.0,321.75,326.96,342.7,352.7775,70.93023255813952,341.11,-0.8333333333333712,-2.722500000000025,0.0183767228177642,332.5,330.5,330.5,324.5,3800.0
2022-06-03,331.5,331.5,331.5,331.5,331.5,200.0,322.2,326.0,342.50666666666666,352.2825,81.33333333333333,340.51,-0.9399999999999976,-2.6474999999999795,-0.1004070556309362,332.5,332.5,332.5,330.0,2800.0
2022-06-04,331.5,331.5,331.5,331.5,331.5,200.0,322.65,325.0,342.31333333333333,351.755,81.33333333333333,339.94,-0.920000000000016,-2.5774999999999864,-0.1195219123505976,332.5,331.5,331.5,331.5,200.0
2022-06-05,331.5,331.5,331.5,331.5,331.5,200.0,323.475,324.0,342.2133333333333,351.24,81.33333333333333,339.37,-0.8733333333333348,-2.5674999999999955,-0.0817174515235457,332.5,331.5,331.5,331.5,200.0
2022-06-06,331.5,333.5,329.5,333.0,333.0,9200.0,324.5,323.4,342.12666666666667,350.665,77.41935483870968,338.83,-0.7533333333333303,-2.6225000000000023,-0.0749999999999999,333.0,331.5,331.5,331.5,200.0
2022-06-07,333.0,333.0,332.0,332.0,332.0,1200.0,325.225,323.78,342.08,350.0725,74.19354838709677,338.51,-0.6200000000000045,-2.704999999999984,-0.0647887323943662,333.0,333.5,333.0,331.5,9200.0
2022-06-08,331.5,333.0,325.0,325.0,325.0,4200.0,325.75,323.88,341.87333333333333,349.445,42.30769230769231,337.95,-0.6333333333333258,-2.837500000000034,-0.0845070422535211,333.0,333.0,332.0,333.0,1200.0
2022-06-09,321.5,329.0,311.0,327.0,327.0,10600.0,326.7,324.06,341.6933333333333,348.8275,38.775510204081634,337.44,-0.6200000000000045,-2.927500000000009,-0.0788732394366197,333.0,333.0,325.0,331.5,4200.0
2022-06-10,327.0,330.5,318.5,320.0,320.0,7200.0,327.3,324.26,341.42,348.19,31.66666666666667,336.67,-0.7933333333332939,-3.050000000000012,-0.1220850480109739,333.0,329.0,327.0,321.5,10600.0
2022-06-11,327.0,330.5,318.5,320.0,320.0,7200.0,327.9,324.56,341.22,347.5525,31.66666666666667,335.92,-0.906666666666638,-3.112500000000012,-0.1086350974930362,333.0,330.5,320.0,327.0,7200.0
2022-06-12,327.0,330.5,318.5,320.0,320.0,7200.0,328.1,324.66,341.03333333333336,346.905,31.66666666666667,335.17,-1.0466666666666242,-3.167500000000018,-0.1061452513966481,333.0,330.5,320.0,327.0,7200.0
2022-06-13,324.5,324.5,318.0,322.0,322.0,1200.0,328.35,324.96,340.9533333333333,346.2675,41.81818181818182,334.46,-0.920000000000016,-3.177500000000009,-0.1092669432918395,333.0,330.5,320.0,327.0,7200.0
2022-06-14,317.0,322.0,317.0,322.0,322.0,1800.0,328.0,325.52,340.84,345.7075,34.69387755102041,333.78,-0.853333333333353,-3.1200000000000045,-0.1055555555555555,333.0,324.5,322.0,324.5,1200.0
2022-06-15,322.0,322.0,322.0,322.0,322.0,0.0,327.475,326.08,340.78,345.1475,31.91489361702128,333.1,-0.6400000000000432,-3.042500000000018,-0.1055555555555555,333.0,322.0,322.0,317.0,1800.0
2022-06-16,329.5,329.5,328.0,328.0,328.0,800.0,327.325,326.88,340.8,344.6175,41.81818181818182,332.56,-0.4200000000000159,-2.9350000000000023,-0.0888888888888889,333.0,322.0,322.0,322.0,0.0
2022-06-17,323.0,328.5,323.0,325.5,325.5,1000.0,327.05,327.26,340.7866666666667,344.1225,39.655172413793096,332.03,-0.2466666666666697,-2.7824999999999704,-0.0646551724137931,333.0,329.5,328.0,329.5,800.0
2022-06-18,323.0,328.5,323.0,325.5,325.5,1000.0,326.775,327.6,340.2133333333333,343.7,39.655172413793096,331.5,-0.7400000000000091,-2.5674999999999955,-0.0779036827195467,333.0,328.5,325.5,323.0,1000.0
2022-06-19,323.0,328.5,323.0,325.5,325.5,1000.0,326.725,327.46,339.53333333333336,343.23,39.655172413793096,330.97,-1.3066666666666151,-2.477499999999964,-0.076595744680851,333.0,328.5,325.5,323.0,1000.0
2022-06-20,322.5,327.5,317.0,327.5,327.5,2400.0,326.625,327.26,339.08666666666664,342.78,40.67796610169491,330.48,-1.693333333333328,-2.367500000000007,-0.0864714086471408,333.0,328.5,325.5,323.0,1000.0
2022-06-21,328.0,331.0,328.0,331.0,331.0,5000.0,326.65,327.26,338.7,342.3475,48.4375,330.03,-2.1000000000000227,-2.269999999999982,-0.0741258741258741,333.0,327.5,327.5,322.5,2400.0
2022-06-22,331.5,335.0,331.5,334.5,334.5,1400.0,326.75,327.4,338.4266666666667,341.9325,66.66666666666666,329.65,-2.3600000000000136,-2.1899999999999977,-0.0643356643356642,334.5,331.0,331.0,328.0,5000.0
2022-06-23,336.0,349.5,336.0,349.5,349.5,9200.0,327.65,328.14,338.3533333333333,341.5925,77.10843373493975,329.57,-1.8599999999999568,-2.107500000000016,-0.0223776223776224,349.5,335.0,334.5,331.5,1400.0
2022-06-24,349.5,350.0,342.5,347.5,347.5,3600.0,328.45,328.98,338.25333333333333,341.2775,87.67123287671232,329.45,-1.2800000000000296,-1.9525000000000432,-0.0238764044943819,349.5,349.5,349.5,336.0,9200.0
2022-06-25,349.5,350.0,342.5,347.5,347.5,3600.0,329.25,329.7,338.02666666666664,340.93,87.67123287671232,329.29,-1.0600000000000025,-1.849999999999966,-0.0238764044943819,349.5,350.0,347.5,349.5,3600.0
2022-06-26,349.5,350.0,342.5,347.5,347.5,3600.0,329.975,330.38,337.87333333333333,340.585,87.67123287671232,329.13,-0.8266666666666538,-1.7625000000000457,-0.0211267605633802,349.5,350.0,347.5,349.5,3600.0
2022-06-27,359.5,359.5,345.0,347.5,347.5,7600.0,330.75,330.98,337.7333333333333,340.2525,86.95652173913044,328.97,-0.693333333333328,-1.6800000000000068,-0.0127840909090909,349.5,350.0,347.5,349.5,3600.0
2022-06-28,347.5,354.5,344.0,346.5,346.5,3200.0,331.825,331.58,337.53333333333336,339.9475,84.50704225352112,328.79,-0.8199999999999932,-1.6449999999999818,-0.015625,349.5,359.5,347.5,359.5,7600.0
2022-06-29,343.5,348.0,341.0,348.0,348.0,4000.0,332.875,332.24,337.37333333333333,339.65,85.13513513513513,328.62,-0.8799999999999955,-1.6274999999999975,-0.0113636363636363,349.5,354.5,346.5,347.5,3200.0
2022-06-30,343.0,349.0,343.0,347.0,347.0,3000.0,334.225,332.86,337.2,339.3475,79.6875,328.43,-0.8266666666666538,-1.5824999999999818,-0.0142045454545454,349.5,348.0,348.0,343.5,4000.0
2022-07-01,343.5,346.5,335.0,341.0,341.0,13600.0,335.275,333.18,336.94666666666666,339.02,71.83098591549296,328.29,-0.9266666666666764,-1.5649999999999975,-0.0353606789250353,349.5,349.0,347.0,343.0,3000.0
2022-07-02,343.5,346.5,335.0,341.0,341.0,13600.0,336.325,333.54,336.8533333333333,338.705,71.83098591549296,328.66,-0.8799999999999955,-1.5475000000000136,-0.0353606789250353,349.5,346.5,341.0,343.5,13600.0
2022-07-03,343.5,346.5,335.0,341.0,341.0,13600.0,337.275,334.18,336.6933333333333,338.38,71.83098591549296,329.03,-0.8400000000000318,-1.5674999999999957,-0.0353606789250353,349.5,346.5,341.0,343.5,13600.0
2022-07-04,336.0,353.0,336.0,342.0,342.0,1800.0,338.275,334.78,336.55333333333334,338.0725,71.01449275362319,329.42,-0.8199999999999932,-1.5774999999999864,-0.0325318246110325,349.5,346.5,341.0,343.5,13600.0
2022-07-05,338.5,342.0,338.5,342.0,342.0,34000.0,339.275,335.66,336.3333333333333,337.77,67.74193548387098,329.96,-0.8666666666666742,-1.5775000000000432,-0.0379746835443037,349.5,353.0,342.0,336.0,1800.0
2022-07-06,342.0,346.5,340.0,340.0,340.0,8200.0,339.875,336.46,336.1,337.4575,59.32203389830509,330.51,-0.8466666666666356,-1.5625,-0.0436005625879043,349.5,342.0,342.0,338.5,34000.0
2022-07-07,345.0,345.0,345.0,345.0,345.0,400.0,340.85,337.46,335.93333333333334,337.17,38.46153846153846,331.06,-0.920000000000016,-1.5349999999999682,-0.0295358649789029,349.5,346.5,340.0,342.0,8200.0
2022-07-08,346.0,346.0,340.0,340.0,340.0,600.0,341.575,338.18,335.7,336.995,33.33333333333333,331.57,-0.9933333333333394,-1.384999999999991,-0.0436005625879043,349.5,345.0,345.0,345.0,400.0
2022-07-09,346.0,346.0,340.0,340.0,340.0,600.0,342.3,338.9,335.4866666666667,336.765,33.33333333333333,332.21,-1.0666666666666629,-1.3075000000000043,-0.0462833099579242,349.5,346.0,340.0,346.0,600.0
2022-07-10,346.0,346.0,340.0,340.0,340.0,600.0,342.925,339.62,335.2733333333333,336.49,33.33333333333333,332.85,-1.0600000000000025,-1.2799999999999727,-0.0462833099579242,349.5,346.0,340.0,346.0,600.0
2022-07-11,343.5,343.5,340.0,340.5,340.5,2800.0,343.4,340.12,335.08,336.255,34.78260869565217,333.5,-1.0200000000000389,-1.2024999999999864,-0.021551724137931,349.5,346.0,340.0,346.0,600.0
2022-07-12,337.5,346.0,337.5,337.5,337.5,2000.0,343.55,340.6,334.88666666666666,336.04,32.0,333.93,-1.046666666666681,-1.1299999999999957,0.0465116279069768,349.5,343.5,340.5,343.5,2800.0
2022-07-13,336.0,340.0,336.0,336.5,336.5,1000.0,342.9,341.04,334.68,335.82,26.530612244897966,334.32,-1.0199999999999818,-1.1750000000000114,0.0434108527131782,348.0,346.0,337.5,337.5,2000.0
2022-07-14,340.0,341.5,340.0,341.5,341.5,1600.0,342.6,341.68,334.54,335.625,40.35087719298246,334.57,-0.9466666666666584,-1.1399999999999864,0.0589147286821705,348.0,340.0,336.5,336.0,1000.0
2022-07-15,336.5,340.0,335.0,335.0,335.0,1000.0,341.975,341.98,334.31333333333333,335.45,39.655172413793096,334.62,-0.9599999999999796,-1.0400000000000205,0.0634920634920634,348.0,341.5,341.5,340.0,1600.0
2022-07-16,336.5,340.0,335.0,335.0,335.0,1000.0,341.35,342.14,334.06666666666666,335.3775,39.655172413793096,334.7,-1.0133333333333212,-0.8774999999999977,0.072,348.0,340.0,335.0,336.5,1000.0
2022-07-17,336.5,340.0,335.0,335.0,335.0,1000.0,340.725,342.16,333.82,335.225,39.655172413793096,334.78,-1.0666666666666629,-0.8149999999999977,0.0551181102362203,348.0,340.0,335.0,336.5,1000.0
2022-07-18,336.5,340.0,335.0,335.0,335.0,1000.0,340.15,341.58,333.5733333333333,335.0825,37.5,334.86,-1.1066666666666831,-0.7375000000000114,0.0651828298887122,348.0,340.0,335.0,336.5,1000.0
2022-07-19,338.5,341.0,332.5,341.0,341.0,2800.0,339.8,341.32,333.4066666666667,334.97,48.52941176470589,335.15,-1.1333333333333258,-0.6549999999999727,0.1071428571428572,347.0,340.0,335.0,336.5,1000.0
2022-07-20,344.0,344.0,334.5,340.0,340.0,7200.0,339.45,341.02,333.2,334.8525,50.0,335.36,-1.113333333333344,-0.5974999999999682,0.1038961038961039,345.0,341.0,341.0,338.5,2800.0
2022-07-21,339.0,340.0,339.0,340.0,340.0,1400.0,339.4,340.72,332.99333333333334,334.735,41.07142857142856,335.55,-1.0733333333333237,-0.6424999999999841,0.1038961038961039,345.0,344.0,340.0,344.0,7200.0
2022-07-22,339.5,341.0,339.5,341.0,341.0,800.0,339.4,340.46,332.8,334.6225,52.08333333333334,335.72,-1.0199999999999818,-0.6025000000000205,0.0791139240506328,345.0,340.0,340.0,339.0,1400.0
2022-07-23,339.5,341.0,339.5,341.0,341.0,800.0,339.4,340.24,332.6066666666667,334.55,52.08333333333334,335.91,-0.96666666666664,-0.5324999999999704,0.0757097791798107,345.0,341.0,341.0,339.5,800.0
2022-07-24,339.5,341.0,339.5,341.0,341.0,800.0,339.35,339.96,332.4,334.45,52.08333333333334,336.1,-1.0066666666667174,-0.5200000000000387,0.0364741641337384,345.0,341.0,341.0,339.5,800.0
2022-07-25,348.0,348.0,346.0,347.5,347.5,12800.0,339.625,339.98,332.28,334.3575,61.66666666666666,336.42,-0.920000000000016,-0.4950000000000045,0.0451127819548873,347.5,341.0,341.0,339.5,800.0
2022-07-26,350.0,350.0,350.0,350.0,350.0,400.0,340.125,340.34,332.3066666666667,334.3275,71.1864406779661,336.76,-0.6866666666666674,-0.4075000000000273,0.0574018126888218,350.0,348.0,347.5,348.0,12800.0
2022-07-27,350.0,350.0,350.0,350.0,350.0,2200.0,340.375,340.7,332.67333333333335,334.2975,73.6842105263158,337.12,-0.1266666666666651,-0.3249999999999886,0.0574018126888218,350.0,350.0,350.0,350.0,400.0
2022-07-28,345.5,350.0,345.0,350.0,350.0,1400.0,340.875,341.06,333.04,334.2675,68.08510638297872,337.62,0.4333333333333371,-0.2825000000000273,0.0574018126888218,350.0,350.0,350.0,350.0,2200.0
2022-07-29,350.0,350.0,350.0,350.0,350.0,1000.0,341.375,341.38,333.4066666666667,334.2375,94.11764705882354,338.08,1.0066666666667174,-0.2124999999999772,0.0719754977029096,350.0,350.0,350.0,345.5,1400.0
2022-07-30,350.0,350.0,350.0,350.0,350.0,1000.0,341.875,341.7,333.87333333333333,334.2225,94.11764705882354,338.68,1.593333333333362,-0.1349999999999909,0.062215477996965,350.0,350.0,350.0,350.0,1000.0
2022-07-31,350.0,350.0,350.0,350.0,350.0,1000.0,342.35,342.1,334.37333333333333,334.2625,94.11764705882354,339.28,2.066666666666663,-0.0649999999999977,0.0590015128593039,350.0,350.0,350.0,350.0,1000.0
2022-08-01,349.5,349.5,342.5,349.5,349.5,3800.0,342.95,342.28,334.8,334.31,91.42857142857144,339.87,2.126666666666665,0.0124999999999886,0.0511278195488722,350.0,350.0,350.0,350.0,1000.0
2022-08-02,349.5,353.5,349.0,353.5,353.5,11200.0,343.8,342.82,335.32,334.4,90.3225806451613,340.5,2.2799999999999727,0.1324999999999931,0.0663650075414781,353.5,349.5,349.5,349.5,3800.0
2022-08-03,341.0,346.0,337.5,342.0,342.0,15000.0,343.825,342.9,335.7733333333333,334.4325,53.846153846153854,340.9,2.3666666666666174,0.1949999999999931,0.0316742081447964,353.5,353.5,353.5,349.5,11200.0
2022-08-04,341.0,341.5,338.5,340.0,340.0,4800.0,344.075,342.9,336.2,334.455,50.0,341.26,2.326666666666654,0.232499999999959,0.0256410256410255,353.5,346.0,342.0,341.0,15000.0
2022-08-05,340.0,345.0,340.0,344.5,344.5,1800.0,344.55,343.06,336.68666666666667,334.4975,55.55555555555556,341.59,2.313333333333333,0.2350000000000136,0.0345345345345344,353.5,341.5,340.0,341.0,4800.0
2022-08-06,340.0,345.0,340.0,344.5,344.5,1800.0,345.025,343.34,337.06666666666666,334.5475,55.55555555555556,341.97,2.2666666666666515,0.2375000000000113,0.0376506024096385,353.5,345.0,344.5,340.0,1800.0
2022-08-07,340.0,345.0,340.0,344.5,344.5,1800.0,345.5,343.66,337.43333333333334,334.6025,55.55555555555556,342.35,2.113333333333344,0.2025000000000432,0.06,353.5,345.0,344.5,340.0,1800.0
2022-08-08,341.0,344.0,339.0,341.0,341.0,1200.0,345.5,343.64,337.5933333333333,334.6325,38.59649122807018,342.66,1.8199999999999927,0.1999999999999886,0.0428134556574923,353.5,345.0,344.5,340.0,1800.0
2022-08-09,339.5,339.5,339.5,339.5,339.5,400.0,345.475,343.82,337.68666666666667,334.6675,30.909090909090907,342.9,1.4866666666666788,0.2125000000000341,0.0609375,353.5,344.0,341.0,341.0,1200.0
2022-08-10,344.5,345.5,341.0,341.0,341.0,1600.0,345.525,344.06,337.82,334.71,34.48275862068965,343.1,1.1333333333333258,0.2124999999999772,0.065625,353.5,339.5,339.5,339.5,400.0
2022-08-11,344.5,345.5,341.0,341.0,341.0,1600.0,345.525,344.3,337.9533333333333,334.7525,34.48275862068965,343.23,0.8866666666666561,0.204999999999984,0.065625,353.5,345.5,341.0,344.5,1600.0
2022-08-12,341.0,341.0,341.0,341.0,341.0,200.0,345.525,344.54,338.08666666666664,334.7775,34.48275862068965,343.06,0.6533333333333076,0.1749999999999545,0.0590062111801241,353.5,345.5,341.0,344.5,1600.0
2022-08-13,341.0,341.0,341.0,341.0,341.0,200.0,345.525,344.54,338.28,334.8225,34.48275862068965,342.93,0.6866666666666674,0.1899999999999977,0.0590062111801241,353.5,341.0,341.0,341.0,200.0
2022-08-14,341.0,341.0,341.0,341.0,341.0,200.0,345.2,344.58,338.43333333333334,334.8325,34.48275862068965,342.8,0.7466666666666697,0.1649999999999636,0.0590062111801241,353.5,341.0,341.0,341.0,200.0
2022-08-15,339.5,347.0,336.0,336.0,336.0,7600.0,344.5,344.42,338.50666666666666,334.98,29.85074626865672,342.57,0.6866666666666674,0.2700000000000386,0.024390243902439,353.5,341.0,341.0,341.0,200.0
2022-08-16,339.5,339.5,337.5,337.5,337.5,2400.0,343.875,344.28,338.5733333333333,335.135,24.19354838709677,342.37,0.6200000000000045,0.3824999999999932,0.0368663594470046,353.5,347.0,336.0,339.5,7600.0
2022-08-17,337.5,337.5,335.0,337.5,337.5,7600.0,343.25,344.14,338.6533333333333,335.29,38.46153846153846,342.19,0.5666666666666629,0.5125000000000455,0.0368663594470046,353.5,339.5,337.5,339.5,2400.0
2022-08-18,338.5,338.5,338.0,338.0,338.0,1600.0,342.65,344.02,338.74,335.4475,44.44444444444444,341.99,0.4600000000000364,0.625,0.0384024577572965,353.5,337.5,337.5,337.5,7600.0
2022-08-19,335.0,337.0,328.0,334.5,334.5,5400.0,341.875,343.5,338.78,335.565,20.58823529411765,341.74,0.3466666666666356,0.7325000000000159,0.0213740458015267,353.5,338.5,338.0,338.5,1600.0
2022-08-20,335.0,337.0,328.0,334.5,334.5,5400.0,341.1,342.88,338.8,335.6875,20.58823529411765,341.61,0.2933333333333507,0.7074999999999818,0.0105740181268882,353.5,337.0,334.5,335.0,5400.0
2022-08-21,335.0,337.0,328.0,334.5,334.5,5400.0,340.35,342.26,338.8333333333333,335.8,20.58823529411765,341.48,0.2599999999999909,0.6650000000000205,0.0,353.5,337.0,334.5,335.0,5400.0
2022-08-22,334.5,334.5,305.0,314.0,314.0,73600.0,338.375,340.82,338.68666666666667,335.8325,10.294117647058812,340.94,0.0333333333333598,0.5424999999999613,-0.1015736766809728,344.5,337.0,334.5,335.0,5400.0
2022-08-23,314.0,327.0,312.5,327.0,327.0,3800.0,337.625,339.9,338.68666666666667,335.91,36.26373626373626,340.64,-0.0533333333333416,0.4625000000000341,-0.0589928057553956,344.5,334.5,314.0,334.5,73600.0
2022-08-24,324.0,324.5,315.0,323.5,323.5,2800.0,336.8,338.84,338.7333333333333,335.97,31.57894736842105,340.27,-0.0466666666666242,0.4050000000000295,-0.0690647482014388,344.5,327.0,327.0,314.0,3800.0
2022-08-25,333.0,333.0,318.0,324.5,324.5,7600.0,335.8,337.82,338.7933333333333,336.035,32.98969072164948,339.96,-0.0066666666666606,0.347500000000025,-0.0661870503597122,344.5,324.5,323.5,324.0,2800.0
2022-08-26,326.5,326.5,319.5,321.0,321.0,2800.0,334.625,336.68,338.8066666666667,336.0125,30.769230769230774,339.48,-0.0266666666666424,0.2124999999999772,-0.0762589928057554,344.5,333.0,324.5,333.0,7600.0
2022-08-27,326.5,326.5,319.5,321.0,321.0,2800.0,333.45,335.38,338.7933333333333,336.0175,30.769230769230774,339.1,0.1066666666666833,0.1850000000000022,-0.0735930735930735,341.0,326.5,321.0,326.5,2800.0
2022-08-28,326.5,326.5,319.5,321.0,321.0,2800.0,332.45,334.54,338.78,336.02,30.769230769230774,338.72,0.0933333333333052,0.1099999999999568,-0.0775862068965517,341.0,326.5,321.0,326.5,2800.0
2022-08-29,321.0,321.0,315.5,315.5,315.5,3400.0,331.25,333.56,338.6933333333333,336.025,30.47619047619048,338.23,-0.0400000000000204,0.0549999999999499,-0.0907780979827089,341.0,326.5,321.0,326.5,2800.0
2022-08-30,315.5,322.5,307.5,319.0,319.0,4600.0,330.15,332.54,338.5733333333333,336.0475,33.027522935779814,337.8,-0.2200000000000272,0.0124999999999886,-0.0645161290322581,341.0,321.0,315.5,321.0,3400.0
2022-08-31,315.5,323.0,315.5,320.0,320.0,2000.0,329.1,331.56,338.5,336.075,34.23423423423422,337.45,-0.3066666666666719,0.0625,-0.0615835777126099,341.0,322.5,319.0,315.5,4600.0
2022-09-01,320.5,322.0,312.5,322.0,322.0,6200.0,328.15,330.66,338.4533333333333,336.1125,35.96491228070175,337.16,-0.3400000000000318,0.0950000000000272,-0.0557184750733137,341.0,323.0,320.0,315.5,2000.0
2022-09-02,319.5,321.5,315.5,315.5,315.5,1600.0,326.875,329.64,338.32,336.1425,34.16666666666666,336.64,-0.4599999999999795,0.1225000000000022,-0.077485380116959,341.0,322.0,322.0,320.5,6200.0
2022-09-03,319.5,321.5,315.5,315.5,315.5,1600.0,325.6,328.68,338.16,336.1875,34.16666666666666,336.25,-0.533333333333303,0.1625000000000227,-0.077485380116959,338.0,321.5,315.5,319.5,1600.0
2022-09-04,319.5,321.5,315.5,315.5,315.5,1600.0,324.575,327.66,337.9533333333333,336.2425,34.16666666666666,335.86,-0.6200000000000045,0.1949999999999931,-0.0720588235294117,338.0,321.5,315.5,319.5,1600.0
2022-09-05,315.5,315.5,315.0,315.0,315.0,2000.0,323.45,326.62,337.6933333333333,336.2725,51.24999999999999,335.46,-0.806666666666672,0.1974999999999909,-0.0869565217391304,338.0,321.5,315.5,319.5,1600.0
2022-09-06,317.5,317.5,317.5,317.5,317.5,1000.0,322.45,325.68,337.26666666666665,336.3475,33.89830508474576,335.11,-1.1866666666666674,0.2350000000000136,-0.0661764705882352,338.0,315.5,315.0,315.5,2000.0
2022-09-07,320.0,320.0,317.5,317.5,317.5,1000.0,321.425,324.74,336.8666666666667,336.4225,38.46153846153846,334.64,-1.453333333333319,0.2800000000000295,-0.0661764705882352,334.5,317.5,317.5,317.5,1000.0
2022-09-08,315.0,315.5,315.0,315.0,315.0,2000.0,320.45,323.7,336.43333333333334,336.485,32.72727272727272,334.14,-1.726666666666688,0.2975000000000136,-0.0735294117647058,334.5,320.0,317.5,320.0,1000.0
2022-09-09,325.0,325.0,316.0,317.0,317.0,4200.0,319.575,322.94,336.02666666666664,336.55,42.30769230769231,333.68,-1.9266666666666763,0.3075000000000045,-0.0690161527165932,334.5,315.5,315.0,315.0,2000.0
2022-09-10,325.0,325.0,316.0,317.0,317.0,4200.0,318.7,322.12,335.62,336.625,42.30769230769231,333.2,-2.0733333333333235,0.3525000000000204,-0.0607407407407407,327.0,325.0,317.0,325.0,4200.0
2022-09-11,325.0,325.0,316.0,317.0,317.0,4200.0,318.85,321.3,335.2266666666667,336.7,42.30769230769231,332.72,-2.039999999999964,0.3524999999999636,-0.0579494799405646,327.0,325.0,317.0,325.0,4200.0
2022-09-12,315.5,318.5,315.5,317.0,317.0,1600.0,318.35,320.46,334.81333333333333,336.7825,53.65853658536585,332.24,-2.0533333333333417,0.3600000000000136,-0.0717423133235725,324.5,325.0,317.0,325.0,4200.0
2022-09-13,317.0,325.5,310.0,321.0,321.0,4200.0,318.225,319.92,334.46666666666664,336.8525,54.76190476190476,331.71,-1.966666666666697,0.3675000000000068,-0.0417910447761193,324.5,318.5,317.0,315.5,1600.0
2022-09-14,320.0,322.0,310.0,322.0,322.0,2200.0,318.1,319.42,334.2133333333333,336.9275,54.76190476190476,331.15,-1.8133333333333328,0.3774999999999977,-0.0388059701492536,322.0,325.5,321.0,317.0,4200.0
2022-09-15,313.0,315.0,313.0,315.0,315.0,600.0,317.8,318.64,333.8666666666667,336.9675,36.53846153846153,330.45,-1.7533333333333303,0.3424999999999727,-0.0597014925373133,322.0,322.0,322.0,320.0,2200.0
2022-09-16,315.0,321.5,311.5,320.0,320.0,2800.0,317.75,318.88,333.58666666666664,336.9925,59.18367346938776,329.85,-1.6400000000000432,0.2925000000000182,-0.044776119402985,322.0,315.0,315.0,313.0,600.0
2022-09-17,315.0,321.5,311.5,320.0,320.0,2800.0,317.7,318.6,333.2933333333333,336.99,59.18367346938776,329.25,-1.5199999999999818,0.2074999999999818,-0.0615835777126099,322.0,321.5,320.0,315.0,2800.0
2022-09-18,315.0,321.5,311.5,320.0,320.0,2800.0,317.925,318.46,333.0,336.9875,59.18367346938776,328.65,-1.46666666666664,0.1349999999999909,-0.0588235294117647,322.0,321.5,320.0,315.0,2800.0
2022-09-19,315.0,321.5,311.5,320.0,320.0,2800.0,317.975,318.28,332.7333333333333,336.94,60.41666666666666,328.05,-1.4799999999999611,0.0124999999999886,-0.0588235294117647,322.0,321.5,320.0,315.0,2800.0
2022-09-20,315.0,315.0,307.5,307.5,307.5,1000.0,317.35,317.74,332.2333333333333,336.82,35.294117647058826,327.21,-1.6333333333333258,-0.1474999999999795,-0.0982404692082111,322.0,321.5,320.0,315.0,2800.0
2022-09-21,312.5,319.5,312.5,319.5,319.5,3200.0,317.225,317.68,331.96,336.76,52.17391304347826,326.53,-1.6266666666666652,-0.2325000000000159,-0.063049853372434,322.0,315.0,307.5,315.0,1000.0
2022-09-22,309.5,319.5,304.0,319.5,319.5,8000.0,317.425,317.62,331.68666666666667,336.7,55.17241379310345,326.08,-1.6066666666666831,-0.2900000000000204,-0.063049853372434,322.0,319.5,319.5,312.5,3200.0
2022-09-23,309.5,319.5,304.0,319.5,319.5,8000.0,317.625,317.78,331.41333333333336,336.6475,53.01204819277108,325.67,-1.586666666666645,-0.3400000000000318,-0.0805755395683452,322.0,319.5,319.5,309.5,8000.0
2022-09-24,309.5,319.5,304.0,319.5,319.5,8000.0,317.825,317.8,331.1333333333333,336.565,53.01204819277108,325.17,-1.6000000000000227,-0.375,-0.0871428571428571,322.0,319.5,319.5,309.5,8000.0
2022-09-25,309.5,319.5,304.0,319.5,319.5,8000.0,318.05,317.78,330.8933333333333,336.5375,53.01204819277108,324.67,-1.3400000000000318,-0.2824999999999704,-0.0871428571428571,322.0,319.5,319.5,309.5,8000.0
2022-09-26,324.0,324.0,308.0,322.5,322.5,7400.0,318.3,317.8,330.70666666666665,336.5125,56.17977528089887,324.23,-1.2533333333333303,-0.2475000000000022,-0.0785714285714286,322.5,319.5,319.5,309.5,8000.0
2022-09-27,322.5,323.0,322.5,323.0,323.0,400.0,318.575,318.1,330.46,336.4525,52.4390243902439,323.87,-1.226666666666688,-0.2475000000000022,-0.0771428571428571,323.0,324.0,322.5,324.0,7400.0
2022-09-28,313.0,320.5,313.0,320.5,320.5,800.0,318.85,318.3,330.26666666666665,336.38,48.23529411764706,323.49,-1.1466666666667038,-0.2674999999999841,-0.0842857142857143,323.0,323.0,323.0,322.5,400.0
2022-09-29,325.5,330.5,315.5,325.5,325.5,1000.0,319.275,318.7,330.14,336.3325,62.96296296296296,323.18,-0.9933333333333394,-0.2325000000000159,-0.0699999999999999,325.5,320.5,320.5,313.0,800.0
2022-09-30,320.5,325.0,318.0,318.0,318.0,2000.0,319.325,318.82,329.91333333333336,336.2375,47.67441860465116,322.72,-0.9799999999999612,-0.3000000000000113,-0.0901287553648069,325.5,330.5,325.5,325.5,1000.0
2022-10-01,320.5,325.0,318.0,318.0,318.0,2000.0,319.375,318.84,329.68666666666667,336.14,47.67441860465116,322.26,-1.0199999999999818,-0.3725000000000023,-0.1004243281471004,325.5,325.0,318.0,320.5,2000.0
2022-10-02,320.5,325.0,318.0,318.0,318.0,2000.0,319.425,318.86,329.38,336.0175,47.67441860465116,321.8,-1.079999999999984,-0.4350000000000023,-0.0701754385964912,325.5,325.0,318.0,320.5,2000.0
2022-10-03,316.0,317.0,316.0,317.0,317.0,800.0,319.225,318.94,329.0733333333333,335.9,46.59090909090909,321.32,-1.193333333333328,-0.4800000000000182,-0.0676470588235294,325.5,325.0,318.0,320.5,2000.0
2022-10-04,316.5,318.5,313.5,314.0,314.0,2800.0,318.825,318.82,328.7266666666667,335.74,59.42028985507247,320.88,-1.4133333333332985,-0.5924999999999727,-0.0885341074020319,325.5,317.0,317.0,316.0,800.0
2022-10-05,316.0,316.0,310.0,315.0,315.0,2200.0,318.825,318.74,328.38,335.585,40.42553191489362,320.43,-1.53333333333336,-0.6525000000000318,-0.0856313497822931,325.5,318.5,314.0,316.5,2800.0
2022-10-06,305.0,315.5,305.0,313.0,313.0,2400.0,318.475,318.58,328.00666666666666,335.42,37.25490196078432,319.94,-1.6800000000000068,-0.7199999999999704,-0.0914368650217707,325.5,316.0,315.0,316.0,2200.0
2022-10-07,308.0,311.0,308.0,310.0,310.0,2600.0,317.975,318.3,327.5933333333333,335.24,33.33333333333333,319.38,-1.7866666666666902,-0.777499999999975,-0.0909090909090909,325.5,315.5,313.0,305.0,2400.0
2022-10-08,308.0,311.0,308.0,310.0,310.0,2600.0,317.475,317.86,327.0933333333333,335.095,33.33333333333333,318.89,-1.9800000000000184,-0.80499999999995,-0.0868924889543446,325.5,311.0,310.0,308.0,2600.0
2022-10-09,308.0,311.0,308.0,310.0,310.0,2600.0,316.975,317.38,326.56,334.9475,33.33333333333333,318.4,-2.1666666666666856,-0.7925000000000182,-0.0909090909090909,325.5,311.0,310.0,308.0,2600.0
2022-10-10,308.0,311.0,308.0,310.0,310.0,2600.0,317.1,317.18,326.02666666666664,334.82,25.490196078431367,317.91,-2.353333333333353,-0.7649999999999864,-0.0909090909090909,325.5,311.0,310.0,308.0,2600.0
2022-10-11,310.0,310.0,302.0,307.0,307.0,2200.0,316.475,316.66,325.4533333333333,334.6525,21.42857142857143,317.77,-2.5533333333333417,-0.7675000000000409,-0.0997067448680352,325.5,311.0,310.0,308.0,2600.0
2022-10-12,307.0,307.0,307.0,307.0,307.0,200.0,315.85,316.14,324.88,334.485,23.529411764705884,317.37,-2.71333333333331,-0.7549999999999955,-0.0997067448680352,325.5,310.0,307.0,310.0,2200.0
2022-10-13,302.5,311.0,302.5,311.0,311.0,3200.0,315.425,315.78,324.36,334.3375,20.408163265306115,317.12,-2.733333333333292,-0.75750000000005,-0.0879765395894428,325.5,307.0,307.0,307.0,200.0
2022-10-14,311.0,311.0,302.5,304.5,304.5,7000.0,314.675,315.16,323.75333333333333,334.185,21.276595744680847,316.72,-2.806666666666672,-0.7624999999999886,-0.09375,325.5,311.0,311.0,302.5,3200.0
2022-10-15,311.0,311.0,302.5,304.5,304.5,7000.0,313.925,315.04,323.1533333333333,334.0375,21.276595744680847,316.39,-2.873333333333335,-0.7824999999999704,-0.0977777777777777,325.5,311.0,304.5,311.0,7000.0
2022-10-16,311.0,311.0,302.5,304.5,304.5,7000.0,313.025,314.44,322.5,333.92,21.276595744680847,316.06,-2.953333333333319,-0.7324999999999591,-0.0977777777777777,325.5,311.0,304.5,311.0,7000.0
2022-10-17,306.5,306.5,306.5,306.5,306.5,200.0,312.2,313.92,322.02666666666664,333.8,28.57142857142857,315.77,-2.853333333333353,-0.6850000000000023,-0.0931952662721893,325.5,311.0,304.5,311.0,7000.0
2022-10-18,310.0,311.5,296.0,306.0,306.0,3400.0,311.475,313.38,321.5733333333333,333.6975,31.818181818181827,315.58,-2.78666666666669,-0.6399999999999864,-0.0852017937219731,325.5,306.5,306.5,306.5,200.0
2022-10-19,307.5,307.5,307.5,307.5,307.5,2600.0,310.575,312.9,321.08,333.6025,33.33333333333333,315.35,-2.673333333333346,-0.5824999999999818,-0.0807174887892376,318.0,311.5,306.0,310.0,3400.0
2022-10-20,307.5,307.5,307.5,307.5,307.5,200.0,310.05,312.42,320.58666666666664,333.5075,36.58536585365854,315.1,-2.566666666666663,-0.5300000000000296,-0.0807174887892376,318.0,307.5,307.5,307.5,2600.0
2022-10-21,310.0,310.0,301.0,307.5,307.5,3400.0,309.525,311.82,320.0933333333333,333.2025,42.85714285714285,314.81,-2.4066666666666947,-0.7175000000000296,-0.0207006369426752,318.0,307.5,307.5,307.5,200.0
2022-10-22,310.0,310.0,301.0,307.5,307.5,3400.0,309.0,311.2,319.64666666666665,332.8575,42.85714285714285,314.65,-2.3799999999999955,-0.9424999999999956,-0.0596330275229357,317.0,310.0,307.5,310.0,3400.0
2022-10-23,310.0,310.0,301.0,307.5,307.5,3400.0,308.525,310.68,319.22,332.59,42.85714285714285,314.49,-2.353333333333296,-1.107500000000016,-0.0494590417310664,315.0,310.0,307.5,310.0,3400.0
2022-10-24,305.0,307.5,305.0,307.5,307.5,1200.0,308.2,309.96,318.7733333333333,332.3275,42.85714285714285,314.33,-2.306666666666672,-1.275000000000034,-0.0523882896764252,315.0,310.0,307.5,310.0,3400.0
2022-10-25,314.0,314.0,314.0,314.0,314.0,5000.0,308.15,309.8,318.41333333333336,332.1225,66.66666666666666,314.31,-2.1733333333332894,-1.384999999999991,-0.0218068535825545,314.0,307.5,307.5,305.0,1200.0
2022-10-26,314.0,314.0,314.0,314.0,314.0,400.0,308.2,309.64,318.05333333333334,331.9175,66.66666666666666,314.24,-2.039999999999964,-1.2849999999999682,-0.0218068535825545,314.0,314.0,314.0,314.0,5000.0
2022-10-27,306.5,311.5,306.5,309.0,309.0,1000.0,308.15,309.28,317.62666666666667,331.6875,45.45454545454546,314.07,-2.019999999999982,-1.170000000000016,-0.0373831775700934,314.0,314.0,314.0,314.0,400.0
2022-10-28,309.0,309.0,309.0,309.0,309.0,200.0,308.1,308.96,317.2,331.41,64.51612903225806,313.95,-2.0200000000000387,-1.17999999999995,-0.0206022187004754,314.0,311.5,309.0,306.5,1000.0
2022-10-29,309.0,309.0,309.0,309.0,309.0,200.0,308.05,308.76,316.84,331.16,64.51612903225806,313.79,-1.933333333333337,-1.1674999999999611,-0.0313479623824451,314.0,309.0,309.0,309.0,200.0
2022-10-30,309.0,309.0,309.0,309.0,309.0,200.0,308.0,308.52,316.46,330.915,64.51612903225806,313.63,-1.953333333333376,-1.2074999999999818,-0.034375,314.0,309.0,309.0,309.0,200.0
2022-10-31,307.5,307.5,305.0,305.0,305.0,3000.0,307.9,308.2,316.02666666666664,330.6325,45.71428571428572,313.39,-2.0266666666667,-1.285000000000025,-0.0527950310559006,314.0,309.0,309.0,309.0,200.0
2022-11-01,306.0,306.0,306.0,306.0,306.0,200.0,307.85,308.04,315.6,330.3625,50.0,313.17,-2.0266666666666424,-1.3249999999999886,-0.0301109350237718,314.0,307.5,305.0,307.5,3000.0
2022-11-02,306.0,306.0,306.0,306.0,306.0,0.0,307.6,307.88,315.22,330.0925,45.45454545454545,312.87,-1.979999999999961,-1.3175000000000523,-0.0301109350237718,314.0,306.0,306.0,306.0,200.0
2022-11-03,306.0,306.0,306.0,306.0,306.0,0.0,307.675,307.72,314.84,329.8225,45.45454545454545,312.55,-2.0,-1.337500000000034,-0.0301109350237718,314.0,306.0,306.0,306.0,0.0
2022-11-04,302.0,309.5,302.0,307.0,307.0,4200.0,307.8,307.6,314.47333333333336,329.6175,48.57142857142856,312.39,-1.986666666666622,-1.2975000000000136,-0.0253968253968254,314.0,306.0,306.0,306.0,0.0
2022-11-05,302.0,309.5,302.0,307.0,307.0,4200.0,307.925,307.6,314.38,329.3875,48.57142857142856,312.13,-1.646666666666647,-1.2450000000000043,-0.0330708661417322,314.0,309.5,307.0,302.0,4200.0
2022-11-06,302.0,309.5,302.0,307.0,307.0,4200.0,307.95,307.6,314.11333333333334,329.16,48.57142857142856,311.87,-1.4866666666666788,-1.2024999999999864,-0.0330708661417322,314.0,309.5,307.0,302.0,4200.0
2022-11-07,305.0,305.0,304.0,304.0,304.0,1400.0,307.85,307.32,313.8533333333333,328.8875,41.463414634146346,311.55,-1.3666666666666742,-1.204999999999984,-0.0349206349206349,314.0,309.5,307.0,302.0,4200.0
2022-11-08,302.5,305.5,301.5,301.5,301.5,2000.0,307.55,307.2,313.5466666666667,328.6075,12.121212121212125,311.18,-1.293333333333294,-1.214999999999975,-0.0488958990536277,314.0,305.0,304.0,305.0,1400.0
2022-11-09,301.5,306.0,297.0,302.5,302.5,38200.0,307.3,307.12,313.3,328.3325,17.14285714285714,311.08,-1.1733333333333462,-1.285000000000025,-0.0457413249211356,314.0,305.5,301.5,302.5,2000.0
2022-11-10,301.0,301.5,301.0,301.5,301.5,1200.0,307.0,307.0,313.04,328.0525,22.22222222222221,310.72,-1.339999999999975,-1.3349999999999795,-0.0488958990536277,314.0,306.0,302.5,301.5,38200.0
2022-11-11,301.5,301.5,296.5,298.5,298.5,2400.0,306.55,306.68,312.74,327.765,18.181818181818187,310.3,-1.3733333333333348,-1.3950000000000389,-0.058359621451104,314.0,301.5,301.5,301.0,1200.0
2022-11-12,301.5,301.5,296.5,298.5,298.5,2400.0,306.1,306.38,312.5133333333333,327.4775,18.181818181818187,309.88,-1.3400000000000318,-1.4099999999999682,-0.0700934579439251,314.0,301.5,298.5,301.5,2400.0
2022-11-13,301.5,301.5,296.5,298.5,298.5,2400.0,305.65,306.02,312.24,327.195,18.181818181818187,309.46,-1.306666666666672,-1.4125000000000227,-0.0729813664596273,314.0,301.5,298.5,301.5,2400.0
2022-11-14,298.5,298.5,288.5,291.0,291.0,8800.0,304.5,305.36,311.8533333333333,326.89,15.0,308.89,-1.4466666666666583,-1.4424999999999957,-0.0761904761904761,314.0,301.5,298.5,301.5,2400.0
2022-11-15,288.0,293.0,284.0,287.0,287.0,2000.0,303.15,304.54,311.38666666666666,326.565,8.695652173913047,308.18,-1.6533333333333644,-1.4875000000000114,-0.103125,309.0,298.5,291.0,298.5,8800.0
2022-11-16,285.0,290.0,285.0,285.5,285.5,26800.0,301.975,303.66,310.9866666666667,326.2325,8.16326530612244,307.43,-1.7533333333333303,-1.5324999999999704,-0.1078124999999999,309.0,293.0,287.0,288.0,2000.0
2022-11-17,288.5,288.5,288.5,288.5,288.5,23200.0,300.95,302.9,310.62666666666667,325.915,18.181818181818187,306.79,-1.886666666666656,-1.5625,-0.0984374999999999,309.0,290.0,285.5,285.0,26800.0
2022-11-18,287.5,288.5,287.5,288.5,288.5,4800.0,299.925,302.14,310.26666666666665,325.59,15.094339622641511,306.05,-1.9733333333333576,-1.6050000000000182,-0.0984374999999999,309.0,288.5,288.5,288.5,23200.0
2022-11-19,287.5,288.5,287.5,288.5,288.5,4800.0,298.9,301.12,309.91333333333336,325.265,15.094339622641511,305.46,-1.9399999999999973,-1.625,-0.0617886178861788,307.0,288.5,288.5,287.5,4800.0
2022-11-20,287.5,288.5,287.5,288.5,288.5,4800.0,298.075,300.1,309.52666666666664,324.94,15.094339622641511,304.87,-1.8600000000000136,-1.625,-0.0970266040688575,307.0,288.5,288.5,287.5,4800.0
2022-11-21,287.5,290.0,284.5,288.5,288.5,27800.0,297.2,299.28,309.14,324.615,17.02127659574468,304.28,-1.8466666666666924,-1.6175000000000068,-0.0970266040688575,307.0,288.5,288.5,287.5,4800.0
2022-11-22,288.5,295.0,284.5,295.0,295.0,2200.0,296.65,298.72,308.87333333333333,324.3125,38.18181818181818,303.84,-1.7533333333333303,-1.6025000000000205,-0.0766823161189358,307.0,290.0,288.5,287.5,27800.0
2022-11-23,288.5,295.0,284.5,295.0,295.0,2200.0,296.1,298.16,308.58,324.01,35.84905660377359,303.46,-1.6866666666666674,-1.579999999999984,-0.0766823161189358,307.0,295.0,295.0,288.5,2200.0
2022-11-24,294.0,294.0,290.5,293.5,293.5,3800.0,295.425,297.54,308.26666666666665,323.7,35.18518518518519,303.03,-1.6466666666667038,-1.5649999999999975,-0.0813771517996869,307.0,295.0,295.0,288.5,2200.0
2022-11-25,298.5,298.5,298.5,298.5,298.5,5200.0,295.0,297.28,308.02,323.415,50.0,302.74,-1.5066666666666606,-1.5249999999999773,-0.0744186046511627,307.0,294.0,293.5,294.0,3800.0
2022-11-26,298.5,298.5,298.5,298.5,298.5,5200.0,294.575,296.98,307.7733333333333,323.125,50.0,302.51,-1.3666666666666742,-1.490000000000009,-0.0758513931888544,304.0,298.5,298.5,298.5,5200.0
2022-11-27,298.5,298.5,298.5,298.5,298.5,5200.0,294.3,296.68,307.47333333333336,322.835,50.0,302.28,-1.3999999999999773,-1.4775000000000205,-0.0686427457098284,302.5,298.5,298.5,298.5,5200.0
2022-11-28,297.5,299.0,296.5,296.5,296.5,2600.0,294.05,296.3,307.1333333333333,322.5775,61.70212765957447,302.01,-1.4466666666666583,-1.4325000000000043,-0.0890937019969277,302.5,298.5,298.5,298.5,5200.0
2022-11-29,298.0,298.0,296.5,296.5,296.5,1600.0,293.75,295.88,306.88666666666666,322.4475,74.35897435897436,301.74,-1.3799999999999957,-1.2524999999999975,-0.0676100628930818,301.5,299.0,296.5,297.5,2600.0
2022-11-30,297.0,297.0,290.5,295.0,295.0,2600.0,293.425,295.4,306.55333333333334,322.31,74.35897435897436,301.5,-1.46666666666664,-1.1050000000000182,-0.0723270440251572,298.5,298.0,296.5,298.0,1600.0
2022-12-01,296.5,298.5,296.5,298.5,298.5,1600.0,293.425,295.06,306.26666666666665,322.19,75.0,301.33,-1.5066666666666606,-0.9350000000000024,-0.0613207547169811,298.5,297.0,295.0,297.0,2600.0
2022-12-02,295.0,298.0,293.0,293.0,293.0,800.0,293.15,294.62,305.9066666666667,322.08,58.82352941176471,300.97,-1.5666666666666629,-0.7549999999999955,-0.0757097791798107,298.5,298.5,298.5,296.5,1600.0
2022-12-03,295.0,298.0,293.0,293.0,293.0,800.0,292.875,294.28,305.5466666666667,321.9825,58.82352941176471,300.74,-1.586666666666645,-0.5949999999999704,-0.0668789808917197,298.5,298.0,293.0,295.0,800.0
2022-12-04,295.0,298.0,293.0,293.0,293.0,800.0,292.975,293.9,305.3533333333333,321.86,58.82352941176471,300.51,-1.533333333333303,-0.5874999999999773,-0.0698412698412698,298.5,298.0,293.0,295.0,800.0
2022-12-05,293.0,299.0,293.0,297.0,297.0,1800.0,293.475,293.72,305.05333333333334,321.7725,64.40677966101694,300.36,-1.5,-0.5375000000000227,-0.0511182108626198,298.5,298.0,293.0,295.0,800.0
2022-12-06,297.5,298.0,295.0,295.0,295.0,600.0,293.95,293.58,304.7266666666667,321.7075,50.0,300.13,-1.5399999999999636,-0.4825000000000159,-0.0483870967741935,298.5,299.0,297.0,293.0,1800.0
2022-12-07,297.5,297.5,297.5,297.5,297.5,200.0,294.4,293.54,304.43333333333334,321.655,54.54545454545455,299.96,-1.4733333333333576,-0.4250000000000113,-0.0403225806451612,298.5,298.0,295.0,297.5,600.0
2022-12-08,297.5,298.5,297.5,298.5,298.5,400.0,294.9,293.54,304.1533333333333,321.6075,59.25925925925926,299.78,-1.3933333333333735,-0.375,-0.0370967741935484,298.5,297.5,297.5,297.5,200.0
2022-12-09,299.5,299.5,285.0,297.5,297.5,6600.0,295.35,293.8,303.86,321.515,47.82608695652174,299.58,-1.4933333333333394,-0.3450000000000273,-0.0403225806451612,298.5,298.5,298.5,297.5,400.0
2022-12-10,299.5,299.5,285.0,297.5,297.5,6600.0,295.8,294.22,303.52666666666664,321.4175,47.82608695652174,299.38,-1.5266666666666993,-0.3549999999999613,-0.0309446254071661,298.5,299.5,297.5,299.5,6600.0
2022-12-11,299.5,299.5,285.0,297.5,297.5,6600.0,296.25,294.7,303.18666666666667,321.26,47.82608695652174,299.18,-1.5400000000000205,-0.4474999999999909,-0.0309446254071661,298.5,299.5,297.5,299.5,6600.0
2022-12-12,297.0,297.5,295.5,297.5,297.5,1200.0,296.375,295.06,302.88,321.085,52.38095238095237,298.98,-1.5533333333333417,-0.5699999999999932,-0.0434083601286173,298.5,299.5,297.5,299.5,6600.0
2022-12-13,297.5,297.5,297.5,297.5,297.5,200.0,296.5,295.42,302.50666666666666,320.9175,52.38095238095237,298.78,-1.646666666666647,-0.6899999999999977,-0.0229885057471264,298.5,297.5,297.5,297.0,1200.0
2022-12-14,297.5,297.5,289.0,294.0,294.0,4400.0,296.525,295.64,302.18666666666667,320.7325,47.82608695652174,298.38,-1.6733333333333462,-0.7824999999999704,-0.0344827586206896,298.5,297.5,297.5,297.5,200.0
2022-12-15,290.5,296.0,289.0,296.0,296.0,6000.0,296.4,295.94,301.8933333333333,320.5575,44.18604651162791,298.02,-1.6333333333333258,-0.8600000000000136,-0.0279146141215106,298.5,297.5,294.0,297.5,4400.0
2022-12-16,291.5,297.0,291.5,297.0,297.0,400.0,296.325,296.28,301.61333333333334,320.41,61.76470588235294,297.78,-1.5733333333333237,-0.8499999999999659,-0.030995106035889,298.5,296.0,296.0,290.5,6000.0
2022-12-17,291.5,297.0,291.5,297.0,297.0,400.0,296.25,296.36,301.3466666666667,320.2475,61.76470588235294,297.54,-1.533333333333303,-0.8374999999999773,-0.0294117647058823,298.5,297.0,297.0,291.5,400.0
2022-12-18,291.5,297.0,291.5,297.0,297.0,400.0,296.275,296.44,301.12,320.08,61.76470588235294,297.3,-1.386666666666656,-0.8375000000000341,-0.0341463414634146,298.5,297.0,297.0,291.5,400.0
2022-12-19,292.0,294.0,292.0,294.0,294.0,1400.0,296.15,296.46,300.84,319.8875,40.625,297.0,-1.3466666666666924,-0.8450000000000273,-0.0439024390243902,298.5,297.0,297.0,291.5,400.0
2022-12-20,289.0,293.5,286.5,286.5,286.5,1800.0,295.725,295.98,300.4866666666667,319.6625,30.232558139534888,296.63,-1.406666666666638,-0.8949999999999818,-0.0682926829268292,298.5,294.0,294.0,292.0,1400.0
2022-12-21,285.5,287.5,283.0,287.5,287.5,7400.0,295.175,295.54,300.18666666666667,319.4425,25.00000000000001,296.26,-1.4266666666666763,-0.9675000000000296,-0.065040650406504,298.5,293.5,286.5,289.0,1800.0
2022-12-22,287.5,287.5,287.5,287.5,287.5,2200.0,294.9,295.1,299.88666666666666,319.2225,21.05263157894737,295.89,-1.4600000000000364,-1.0249999999999773,-0.065040650406504,298.5,287.5,287.5,285.5,7400.0
2022-12-23,287.5,296.0,282.5,296.0,296.0,5400.0,295.05,295.08,299.7,319.0375,47.16981132075472,295.69,-1.420000000000016,-1.0424999999999611,-0.0373983739837398,298.5,287.5,287.5,287.5,2200.0
2022-12-24,287.5,296.0,282.5,296.0,296.0,5400.0,295.2,295.06,299.5133333333333,318.8575,47.16981132075472,295.47,-1.3266666666666538,-1.0299999999999727,-0.0573248407643312,298.5,296.0,296.0,287.5,5400.0
2022-12-25,287.5,296.0,282.5,296.0,296.0,5400.0,295.15,295.1,299.3666666666667,318.7125,47.16981132075472,295.25,-1.1200000000000043,-0.9500000000000456,-0.0573248407643312,298.5,296.0,296.0,287.5,5400.0
2022-12-26,298.5,298.5,291.0,295.5,295.5,8200.0,295.175,294.98,299.2133333333333,318.555,46.2962962962963,295.02,-0.9733333333333576,-0.8874999999999886,-0.0436893203883494,298.5,296.0,296.0,287.5,5400.0
2022-12-27,290.5,290.5,286.0,286.5,286.5,5400.0,294.625,294.72,298.88666666666666,318.3875,34.72222222222223,294.67,-1.0,-0.8350000000000364,-0.0728155339805824,298.5,298.5,295.5,298.5,8200.0
2022-12-28,281.5,286.5,278.5,281.5,281.5,40200.0,293.775,294.26,298.58,318.195,33.33333333333333,294.27,-1.1200000000000043,-0.8425000000000296,-0.0889967637540453,297.5,290.5,286.5,290.5,5400.0
2022-12-29,281.5,293.5,281.5,293.5,293.5,2200.0,293.575,294.28,298.43333333333334,318.0625,47.368421052631575,294.09,-1.079999999999984,-0.7950000000000159,-0.0501618122977346,297.5,286.5,281.5,281.5,40200.0
2022-12-30,290.0,292.0,287.5,289.5,289.5,3200.0,293.175,293.98,298.2333333333333,317.9,42.574257425742566,293.85,-1.1333333333333258,-0.8125,-0.0508196721311475,297.5,293.5,293.5,281.5,2200.0
2022-12-31,290.0,292.0,287.5,289.5,289.5,3200.0,292.775,293.76,298.00666666666666,317.7375,42.574257425742566,293.67,-1.2066666666666492,-0.8174999999999955,-0.053921568627451,297.5,292.0,289.5,290.0,3200.0
2023-01-01,290.0,292.0,287.5,289.5,289.5,3200.0,292.375,293.44,297.7866666666667,317.575,42.574257425742566,293.49,-1.099999999999966,-0.8125,-0.053921568627451,297.5,292.0,289.5,290.0,3200.0
2023-01-02,290.0,292.0,287.5,289.5,289.5,3200.0,291.975,293.08,297.5466666666667,317.3825,45.26315789473685,293.31,-1.033333333333303,-0.8125,-0.053921568627451,297.0,292.0,289.5,290.0,3200.0
2023-01-03,290.0,292.0,287.5,289.5,289.5,3200.0,291.75,292.76,297.3066666666667,317.2025,53.75,293.28,-1.1266666666666652,-0.8600000000000136,-0.0570032573289902,297.0,292.0,289.5,290.0,3200.0
2023-01-04,291.0,291.0,284.5,284.5,284.5,1200.0,291.175,292.24,297.0,316.9975,46.59090909090909,293.23,-1.2333333333333485,-0.902499999999975,-0.0732899022801303,297.0,292.0,289.5,290.0,3200.0
2023-01-05,284.5,297.0,283.0,290.0,290.0,17400.0,290.825,291.94,296.76666666666665,316.82,52.52525252525253,293.32,-1.240000000000009,-0.9175000000000182,-0.0553745928338762,297.0,291.0,284.5,291.0,1200.0
2023-01-06,285.5,297.0,284.0,297.0,297.0,2000.0,290.825,291.92,296.62666666666667,316.6675,51.04166666666667,293.49,-1.160000000000025,-0.9074999999999704,-0.0230263157894736,297.0,297.0,290.0,284.5,17400.0
2023-01-07,285.5,297.0,284.0,297.0,297.0,2000.0,290.825,291.9,296.4866666666667,316.4975,51.04166666666667,293.66,-1.0600000000000025,-0.8849999999999909,-0.0149253731343284,297.0,297.0,297.0,285.5,2000.0
2023-01-08,285.5,297.0,284.0,297.0,297.0,2000.0,290.975,292.02,296.26,316.31,51.04166666666667,293.83,-1.046666666666681,-0.8924999999999841,-0.0181818181818181,297.0,297.0,297.0,285.5,2000.0
2023-01-09,285.5,297.0,284.0,297.0,297.0,2000.0,291.5,292.06,296.03333333333336,316.0475,51.57894736842105,294.0,-0.96666666666664,-0.9499999999999886,-0.0149253731343284,297.0,297.0,297.0,285.5,2000.0
2023-01-10,299.5,302.0,293.5,295.0,295.0,12400.0,291.875,291.98,295.8466666666667,315.785,60.49382716049383,294.13,-0.9199999999999592,-1.0349999999999682,-0.0117252931323282,297.0,297.0,297.0,285.5,2000.0
2023-01-11,297.0,300.0,288.0,293.0,293.0,4800.0,292.15,291.82,295.6333333333333,315.5125,65.33333333333334,294.09,-0.9933333333333394,-1.1550000000000296,-0.0184254606365159,297.0,302.0,295.0,299.5,12400.0
2023-01-12,288.0,288.0,288.0,288.0,288.0,800.0,291.75,291.46,295.3533333333333,315.215,40.98360655737705,293.95,-1.1333333333333258,-1.2825000000000273,-0.0351758793969849,297.0,300.0,293.0,297.0,4800.0
2023-01-13,296.5,297.5,296.5,297.5,297.5,800.0,291.825,291.6,295.2,314.965,61.11111111111111,294.03,-1.0600000000000025,-1.3450000000000273,0.02233676975945,297.5,288.0,288.0,288.0,800.0
2023-01-14,296.5,297.5,296.5,297.5,297.5,800.0,291.9,292.04,295.1,314.72,61.11111111111111,294.01,-0.9333333333333372,-1.3274999999999864,0.0365853658536585,297.5,297.5,297.5,296.5,800.0
2023-01-15,296.5,297.5,296.5,297.5,297.5,800.0,292.0,292.44,294.9866666666667,314.4675,61.11111111111111,293.99,-0.8600000000000136,-1.3175000000000523,0.0420315236427319,297.5,297.5,297.5,296.5,800.0
2023-01-16,296.5,296.5,292.5,295.5,295.5,800.0,292.45,292.76,294.8466666666667,314.21,57.89473684210526,293.93,-0.7866666666666333,-1.302500000000009,0.024263431542461,297.5,297.5,297.5,296.5,800.0
2023-01-17,290.5,296.0,289.0,296.0,296.0,2800.0,293.175,292.76,294.7133333333333,313.985,58.44155844155844,293.92,-0.6400000000000432,-1.2299999999999611,0.0259965337954939,297.5,296.5,295.5,296.5,800.0
2023-01-18,296.0,296.0,296.0,296.0,296.0,0.0,293.3,292.76,294.56666666666666,313.76,67.16417910447761,293.91,-0.6333333333333258,-1.204999999999984,0.0259965337954939,297.5,296.0,296.0,290.5,2800.0
2023-01-19,290.5,296.0,290.5,293.0,293.0,5800.0,293.475,292.64,294.38,313.52,54.83870967741936,293.87,-0.7200000000000273,-1.2000000000000457,0.0155979202772964,297.5,296.0,296.0,296.0,0.0
2023-01-20,293.5,296.5,290.5,296.5,296.5,3600.0,293.825,292.68,294.24,313.2925,49.09090909090909,293.83,-0.7466666666666697,-1.1749999999999543,0.0277296360485268,297.5,296.0,293.0,290.5,5800.0
2023-01-21,293.5,296.5,290.5,296.5,296.5,3600.0,294.175,293.08,294.14,313.065,49.09090909090909,293.9,-0.7066666666667061,-1.1449999999999818,0.0050847457627118,297.5,296.5,296.5,293.5,3600.0
2023-01-22,293.5,296.5,290.5,296.5,296.5,3600.0,294.525,293.68,294.0733333333333,312.8475,49.09090909090909,293.97,-0.6399999999999864,-1.1374999999999886,0.0050847457627118,297.5,296.5,296.5,293.5,3600.0
2023-01-23,296.5,346.5,296.5,327.0,327.0,402000.0,296.4,295.02,294.4,312.7575,75.86206896551724,294.65,-0.1666666666666856,-1.0024999999999975,0.1141396933560476,327.0,296.5,296.5,293.5,3600.0
2023-01-24,322.0,371.5,314.5,322.0,322.0,563600.0,298.275,296.32,294.67333333333335,312.6675,72.1311475409836,295.15,0.2933333333333507,-0.8524999999999636,0.0787269681742044,327.0,346.5,327.0,296.5,402000.0
2023-01-25,349.5,372.0,320.0,372.0,372.0,597200.0,302.375,299.62,295.6533333333333,312.8275,86.23853211009174,296.69,1.4133333333332985,-0.4650000000000318,0.2462311557788945,372.0,371.5,322.0,322.0,563600.0
2023-01-26,439.5,447.0,394.0,447.0,447.0,3678800.0,309.875,305.92,297.6333333333333,313.3625,94.41340782122904,299.68,3.4933333333333394,0.2975000000000136,0.4974874371859297,447.0,372.0,372.0,349.5,597200.0
2023-01-27,477.0,520.0,405.0,417.5,417.5,3772000.0,315.9,311.04,299.22,313.7475,80.15075376884423,302.06,5.146666666666704,0.8999999999999773,0.4080944350758853,447.0,447.0,447.0,439.5,3678800.0
2023-01-28,477.0,520.0,405.0,417.5,417.5,3772000.0,321.925,316.16,300.9066666666667,314.1475,80.15075376884423,304.46,6.506666666666717,1.3899999999999864,0.4080944350758853,447.0,520.0,417.5,477.0,3772000.0
2023-01-29,477.0,520.0,405.0,417.5,417.5,3772000.0,327.95,321.48,302.64666666666665,314.5525,80.15075376884423,306.86,7.973333333333301,1.884999999999991,0.4152542372881356,447.0,520.0,417.5,477.0,3772000.0
2023-01-30,400.0,402.5,375.5,387.0,387.0,486000.0,332.55,325.36,304.0,314.78,70.1098901098901,308.65,8.346666666666692,1.9524999999999864,0.2964824120603015,447.0,520.0,417.5,477.0,3772000.0
2023-01-31,400.0,409.5,356.0,356.5,356.5,370200.0,335.725,327.74,304.9066666666667,314.8875,61.74757281553399,309.83,7.273333333333369,1.5249999999999773,0.2167235494880546,447.0,402.5,387.0,400.0,486000.0
2023-02-01,357.5,374.5,357.5,372.5,372.5,307800.0,339.95,330.76,306.02666666666664,315.075,63.9853747714808,311.33,6.806666666666615,1.3274999999999864,0.2713310580204777,447.0,409.5,356.5,400.0,370200.0
2023-02-02,447.5,447.5,447.5,447.5,447.5,81600.0,347.45,336.78,308.14666666666665,315.6375,72.35890014471781,314.4,7.239999999999952,1.490000000000009,0.5273037542662116,447.5,374.5,372.5,357.5,307800.0
2023-02-03,508.0,522.5,505.0,522.5,522.5,696400.0,358.7,345.8,311.26666666666665,316.575,77.09832134292566,318.93,8.620000000000005,2.0224999999999795,0.7592592592592593,522.5,447.5,447.5,447.5,81600.0
2023-02-04,508.0,522.5,505.0,522.5,522.5,696400.0,369.95,354.9,314.38666666666666,317.4825,77.09832134292566,323.44,10.386666666666656,2.702500000000043,0.771186440677966,522.5,522.5,522.5,508.0,696400.0
2023-02-05,508.0,522.5,505.0,522.5,522.5,696400.0,381.3,364.08,317.42,318.395,77.09832134292566,327.95,12.51333333333332,3.507499999999993,0.7563025210084033,522.5,522.5,522.5,508.0,696400.0
2023-02-06,597.5,672.5,488.0,672.5,672.5,6880400.0,400.125,379.46,322.4533333333333,320.0575,82.19944082013048,335.46,16.426666666666677,4.982500000000016,1.252931323283082,672.5,522.5,522.5,508.0,696400.0
2023-02-07,687.5,691.5,561.0,574.0,574.0,4357600.0,414.025,390.52,326.1933333333333,321.2225,70.0,341.06,18.04666666666668,5.585000000000036,0.9294117647058824,672.5,672.5,672.5,597.5,6880400.0
2023-02-08,550.0,599.0,526.0,543.5,543.5,1365000.0,426.55,400.36,329.46,322.235,64.04586404586405,346.2,18.193333333333328,5.660000000000025,0.826890756302521,672.5,691.5,574.0,687.5,4357600.0
2023-02-09,523.0,539.5,503.0,514.0,514.0,586800.0,437.425,409.02,332.3333333333333,323.1,55.92920353982301,350.73,17.94666666666666,5.617500000000007,0.7277310924369749,672.5,599.0,543.5,550.0,1365000.0
2023-02-10,574.0,659.5,517.5,524.5,524.5,16814000.0,448.825,418.18,335.3466666666667,323.985,59.7985347985348,355.47,17.926666666666677,5.590000000000032,0.7630252100840336,672.5,539.5,514.0,523.0,586800.0
2023-02-11,574.0,659.5,517.5,524.5,524.5,16814000.0,460.225,427.32,338.38666666666666,324.8575,59.7985347985348,360.04,15.933333333333335,4.800000000000011,0.7630252100840336,672.5,659.5,524.5,574.0,16814000.0
2023-02-12,574.0,659.5,517.5,524.5,524.5,16814000.0,470.1,436.46,341.4266666666667,325.73,59.7985347985348,364.61,15.233333333333348,4.507499999999993,0.7840136054421769,672.5,659.5,524.5,574.0,16814000.0
2023-02-13,505.0,512.5,465.5,479.0,479.0,896200.0,477.95,443.9,343.88,326.375,58.19964349376114,368.27,14.420000000000016,4.139999999999986,0.6182432432432432,672.5,659.5,524.5,574.0,16814000.0
2023-02-14,474.5,482.5,460.0,470.0,470.0,317200.0,482.85,450.84,346.1666666666667,326.975,60.51899907321594,371.76,13.833333333333371,3.875,0.5824915824915824,672.5,512.5,479.0,505.0,896200.0
2023-02-15,462.0,516.0,461.5,472.5,472.5,795600.0,484.125,457.88,348.56,327.5875,59.50570342205324,375.48,13.21333333333331,3.602499999999964,0.5909090909090908,672.5,482.5,470.0,474.5,317200.0
2023-02-16,484.0,499.5,476.5,499.5,499.5,271400.0,488.225,466.0,351.31333333333333,328.335,55.43933054393305,379.84,12.926666666666677,3.477499999999964,0.6818181818181819,672.5,516.0,472.5,462.0,795600.0
2023-02-17,484.5,519.0,482.5,508.5,508.5,285400.0,492.775,473.26,354.18666666666667,329.13,48.300970873786405,384.14,12.759999999999993,3.3999999999999773,0.7295918367346939,672.5,499.5,499.5,484.0,271400.0
2023-02-18,484.5,519.0,482.5,508.5,508.5,285400.0,497.325,480.72,357.00666666666666,329.905,48.300970873786405,388.52,13.126666666666663,3.5299999999999727,0.7748691099476439,672.5,519.0,508.5,484.5,285400.0
2023-02-19,484.5,519.0,482.5,508.5,508.5,285400.0,503.4,486.18,359.8533333333333,330.7375,48.300970873786405,392.9,13.686666666666667,3.7624999999999886,0.768695652173913,672.5,519.0,508.5,484.5,285400.0
2023-02-20,517.5,558.0,502.5,557.0,557.0,345200.0,513.425,490.58,363.3133333333333,331.8225,31.40096618357488,398.25,14.75333333333333,4.235000000000014,0.937391304347826,672.5,519.0,508.5,484.5,285400.0
2023-02-21,542.0,570.0,533.5,550.5,550.5,314200.0,522.325,495.9,366.67333333333335,332.8525,44.62242562929062,403.47,15.360000000000014,4.517500000000041,0.8597972972972974,672.5,558.0,557.0,517.5,345200.0
2023-02-22,531.5,558.0,524.0,535.5,535.5,172800.0,526.725,500.62,369.8466666666667,333.8075,48.02955665024631,408.39,15.660000000000023,4.677500000000009,0.8091216216216217,672.5,570.0,550.5,542.0,314200.0
2023-02-23,531.5,558.0,524.0,535.5,535.5,172800.0,527.375,505.34,373.02,334.7625,56.19596541786744,413.41,16.01333333333332,4.857500000000016,0.8091216216216217,672.5,558.0,535.5,531.5,172800.0
2023-02-24,535.0,535.5,502.0,503.5,503.5,148200.0,526.425,510.0,375.76666666666665,335.575,44.61538461538461,417.68,15.913333333333298,4.837499999999977,0.7038917089678511,672.5,558.0,535.5,531.5,172800.0
2023-02-25,535.0,535.5,502.0,503.5,503.5,148200.0,525.475,515.88,378.5133333333333,336.395,44.61538461538461,421.81,15.199999999999989,4.572499999999991,0.7574171029668413,672.5,535.5,503.5,535.0,148200.0
2023-02-26,535.0,535.5,502.0,503.5,503.5,148200.0,517.025,521.12,381.26,337.2075,44.61538461538461,425.94,14.586666666666645,4.354999999999961,0.7886323268206039,574.0,535.5,503.5,535.0,148200.0
2023-02-27,518.5,518.5,474.5,476.0,476.0,168600.0,512.125,522.26,383.68666666666667,337.8825,49.15254237288136,429.52,13.839999999999977,4.074999999999989,0.6218057921635434,557.0,535.5,503.5,535.0,148200.0
2023-02-28,487.5,511.0,477.5,507.0,507.0,185000.0,510.3,521.64,386.5,338.7125,59.29648241206031,433.72,13.480000000000018,3.9499999999999886,0.7512953367875648,557.0,518.5,476.0,518.5,168600.0
2023-03-01,498.5,524.0,495.0,512.5,512.5,216600.0,510.225,521.24,389.3733333333333,339.57,59.9009900990099,438.07,13.606666666666683,3.995000000000005,0.770293609671848,557.0,511.0,507.0,487.5,185000.0
2023-03-02,517.0,518.5,482.0,487.0,487.0,220400.0,508.35,519.82,391.9066666666667,340.3,46.882793017456365,441.95,13.393333333333374,3.9050000000000296,0.6822107081174438,557.0,524.0,512.5,498.5,216600.0
2023-03-03,483.5,507.5,482.0,486.0,486.0,301200.0,506.425,512.36,394.4266666666667,341.05,44.15584415584416,445.91,13.166666666666686,3.8425000000000296,0.6787564766839378,557.0,518.5,487.0,517.0,220400.0
2023-03-04,483.5,507.5,482.0,486.0,486.0,301200.0,504.5,508.84,396.9866666666667,341.7925,44.15584415584416,449.68,13.300000000000011,3.910000000000025,0.6787564766839378,557.0,507.5,486.0,483.5,301200.0
2023-03-05,483.5,507.5,482.0,486.0,486.0,301200.0,504.85,506.54,399.64666666666665,342.535,44.15584415584416,453.45,13.146666666666649,3.822500000000048,0.7082601054481548,557.0,507.5,486.0,483.5,301200.0
2023-03-06,472.5,481.0,466.5,478.0,478.0,203200.0,505.25,505.1,402.18666666666667,343.235,24.01315789473685,457.06,12.813333333333333,3.665000000000021,0.6482758620689655,557.0,507.5,486.0,483.5,301200.0
2023-03-07,470.5,488.5,468.0,486.0,486.0,155600.0,505.925,503.56,404.8333333333333,343.9925,28.990228013029324,460.87,12.92666666666662,3.692499999999996,0.6363636363636365,557.0,481.0,478.0,472.5,203200.0
2023-03-08,479.0,480.5,463.5,465.5,465.5,151800.0,504.225,501.2,407.0933333333333,344.6475,27.9874213836478,464.26,12.666666666666629,3.597499999999968,0.5673400673400673,557.0,488.5,486.0,470.5,155600.0
2023-03-09,461.5,467.0,457.5,459.0,459.0,100000.0,501.75,498.58,409.26666666666665,345.27,26.888217522658607,467.52,12.279999999999973,3.477499999999964,0.5454545454545454,557.0,480.5,465.5,479.0,151800.0
2023-03-10,456.0,459.0,434.0,437.5,437.5,225800.0,498.2,496.92,411.1533333333333,345.8875,28.70967741935484,470.41,11.50666666666666,3.352499999999964,0.4730639730639729,557.0,467.0,459.0,461.5,100000.0
2023-03-11,456.0,459.0,434.0,437.5,437.5,225800.0,494.65,495.62,413.0466666666667,346.44,28.70967741935484,473.23,10.860000000000014,3.204999999999984,0.4830508474576271,557.0,459.0,437.5,456.0,225800.0
2023-03-12,456.0,459.0,434.0,437.5,437.5,225800.0,488.675,494.22,415.06,347.01,28.70967741935484,476.05,10.226666666666688,3.017499999999984,0.493174061433447,550.5,459.0,437.5,456.0,225800.0
2023-03-13,430.0,437.5,422.5,430.0,430.0,134000.0,482.65,491.44,417.04,347.5375,32.96296296296296,478.72,9.946666666666715,2.890000000000043,0.4930555555555556,535.5,459.0,437.5,456.0,225800.0
2023-03-14,434.0,434.0,414.5,414.5,414.5,113000.0,476.6,487.68,418.6533333333333,348.005,11.297071129707106,480.47,9.386666666666656,2.7350000000000136,0.3932773109243697,535.5,437.5,430.0,430.0,134000.0
2023-03-15,422.0,429.0,413.5,415.0,415.0,103800.0,470.575,483.94,420.32666666666665,348.475,7.423580786026207,482.33,9.173333333333346,2.587500000000034,0.3949579831932772,512.5,434.0,414.5,434.0,113000.0
2023-03-16,407.5,417.5,405.0,412.5,412.5,58000.0,466.025,480.1,421.9666666666666,348.9325,9.289617486338798,483.14,8.919999999999959,2.492500000000007,0.3865546218487394,512.5,429.0,415.0,422.0,103800.0
2023-03-17,412.5,432.5,412.5,428.0,428.0,81200.0,462.25,474.94,423.8133333333333,349.495,22.64150943396227,482.76,8.75333333333333,2.4850000000000136,0.4483925549915397,512.5,417.5,412.5,407.5,58000.0
2023-03-18,412.5,432.5,412.5,428.0,428.0,81200.0,458.475,470.04,425.66,350.04,22.64150943396227,482.97,8.620000000000005,2.5024999999999977,0.445945945945946,512.5,432.5,428.0,412.5,81200.0
2023-03-19,412.5,432.5,412.5,428.0,428.0,81200.0,456.075,465.74,427.50666666666666,350.58,22.64150943396227,483.18,8.853333333333353,2.5749999999999886,0.445945945945946,512.5,432.5,428.0,412.5,81200.0
2023-03-20,428.0,443.0,418.0,428.5,428.5,101000.0,452.15,461.46,429.4266666666667,351.1125,24.873096446700515,483.4,9.100000000000025,2.6374999999999886,0.4624573378839591,512.5,432.5,428.0,412.5,81200.0
2023-03-21,428.0,443.0,418.0,428.5,428.5,101000.0,447.95,458.46,431.2733333333333,351.6775,18.232044198895025,484.23,9.306666666666672,2.7450000000000045,0.445193929173693,487.0,443.0,428.5,428.0,101000.0
2023-03-22,435.0,450.5,429.0,445.5,445.5,69800.0,445.875,456.14,433.2533333333333,352.3275,38.50574712643678,486.01,9.439999999999998,2.832499999999982,0.5025295109612142,486.0,443.0,428.5,428.0,101000.0
2023-03-23,440.5,458.5,432.5,458.5,458.5,107800.0,444.5,454.34,435.4066666666667,353.0425,49.73262032085562,487.73,9.74666666666667,3.0024999999999977,0.5463743676222597,486.0,450.5,445.5,435.0,69800.0
2023-03-24,452.0,452.0,435.0,443.5,443.5,70600.0,442.375,453.04,437.36,353.685,53.44827586206896,487.65,9.853333333333351,3.105000000000018,0.356269113149847,486.0,458.5,458.5,440.5,107800.0
2023-03-25,452.0,452.0,435.0,443.5,443.5,70600.0,440.25,450.5,439.3133333333333,354.315,53.44827586206896,486.07,9.886666666666656,3.2024999999999864,0.3773291925465838,486.0,452.0,443.5,452.0,70600.0
2023-03-26,452.0,452.0,435.0,443.5,443.5,70600.0,438.525,447.74,441.29333333333335,354.945,53.44827586206896,484.49,10.02000000000004,3.267499999999984,0.1922043010752687,486.0,452.0,443.5,452.0,70600.0
2023-03-27,441.0,441.0,434.0,434.5,434.5,51600.0,435.95,445.64,443.18,355.5425,52.54237288135593,482.73,9.926666666666677,3.215000000000032,-0.0279642058165547,465.5,452.0,443.5,452.0,70600.0
2023-03-28,433.0,438.0,421.5,431.0,431.0,45800.0,434.225,443.44,445.0866666666666,356.1125,60.78431372549019,477.9,9.67999999999995,3.069999999999993,0.0323353293413173,459.0,441.0,434.5,441.0,51600.0
2023-03-29,423.5,429.5,422.0,424.0,424.0,23800.0,432.475,440.96,446.7733333333333,356.6475,55.421686746987945,474.9,9.413333333333298,2.9624999999999773,0.015568862275449,458.5,438.0,431.0,433.0,45800.0
2023-03-30,431.5,435.5,419.0,424.0,424.0,46800.0,431.8,438.48,448.46,357.1825,57.14285714285714,472.51,9.146666666666649,2.867500000000007,0.015568862275449,458.5,429.5,424.0,423.5,23800.0
2023-03-31,425.0,441.5,421.5,434.0,434.0,96800.0,431.625,436.72,450.28,357.7675,54.0,470.91,8.986666666666622,2.822499999999991,0.1214470284237725,458.5,435.5,424.0,431.5,46800.0
2023-04-01,425.0,441.5,421.5,434.0,434.0,96800.0,431.45,434.64,452.12666666666667,358.3325,54.0,469.1,8.946666666666658,2.789999999999964,0.2173913043478261,458.5,441.5,434.0,425.0,96800.0
2023-04-02,425.0,441.5,421.5,434.0,434.0,96800.0,431.65,433.38,453.9666666666666,358.8925,54.0,467.29,8.879999999999995,2.7799999999999727,0.1651006711409395,458.5,441.5,434.0,425.0,96800.0
2023-04-03,435.0,440.0,416.0,425.0,425.0,75600.0,432.175,432.02,455.68666666666667,359.4425,47.90419161676647,465.3,8.913333333333355,2.795000000000016,-0.0502793296089385,458.5,441.5,434.0,425.0,96800.0
2023-04-04,425.0,425.0,410.0,412.0,412.0,36400.0,432.025,431.0,457.2733333333333,359.9025,41.45077720207254,463.96,8.813333333333333,2.7199999999999704,-0.2114832535885167,458.5,440.0,425.0,435.0,75600.0
2023-04-05,415.0,415.0,395.5,397.0,397.0,62800.0,431.25,429.38,458.6133333333333,360.2875,24.338624338624346,462.5,8.333333333333371,2.5200000000000387,-0.2401913875598086,458.5,425.0,412.0,425.0,36400.0
2023-04-06,404.5,408.5,394.0,405.0,405.0,39400.0,430.1,428.08,460.06,360.7125,20.111731843575413,461.15,7.933333333333337,2.3799999999999955,-0.2248803827751195,458.5,415.0,397.0,415.0,62800.0
2023-04-07,397.5,399.0,388.5,399.0,399.0,40600.0,428.65,426.84,461.4266666666667,361.1075,22.360248447204967,459.14,7.460000000000036,2.215000000000032,-0.4066914498141264,458.5,408.5,405.0,404.5,39400.0
2023-04-08,397.5,399.0,388.5,399.0,399.0,40600.0,427.2,426.22,462.38666666666666,361.565,22.360248447204967,456.95,6.699999999999989,2.1225000000000023,-0.3048780487804878,458.5,399.0,399.0,397.5,40600.0
2023-04-09,397.5,399.0,388.5,399.0,399.0,40600.0,425.725,425.58,463.41333333333336,361.9625,22.360248447204967,454.76,6.140000000000043,2.0600000000000023,-0.2658693652253909,458.5,399.0,399.0,397.5,40600.0
2023-04-10,392.5,403.0,391.0,403.0,403.0,30600.0,424.45,425.2,463.82666666666665,362.38,29.139072847682115,452.65,5.21333333333331,2.0924999999999727,-0.2159533073929961,458.5,399.0,399.0,397.5,40600.0
2023-04-11,400.0,400.5,389.5,389.5,389.5,51000.0,421.65,423.66,463.06,362.73,25.73099415204679,449.3,3.0,2.017500000000041,-0.2573879885605338,458.5,403.0,403.0,392.5,30600.0
2023-04-12,389.5,398.0,389.5,395.0,395.0,28400.0,418.475,422.34,462.76,363.1075,32.73809523809524,446.19,1.3333333333333144,2.0,-0.2469018112488084,443.5,400.5,389.5,400.0,51000.0
2023-04-13,395.5,398.0,383.0,398.0,398.0,30600.0,416.2,421.14,462.5,363.5,35.05747126436782,443.44,0.1133333333333439,1.9350000000000025,-0.2411820781696854,443.5,398.0,395.0,389.5,28400.0
2023-04-14,394.0,394.0,381.5,391.0,391.0,46000.0,413.575,419.64,462.14666666666665,363.8425,24.40476190476189,440.55,-1.2666666666667084,1.879999999999996,-0.1837160751565761,443.5,398.0,398.0,395.5,30600.0
2023-04-15,394.0,394.0,381.5,391.0,391.0,46000.0,410.95,418.14,462.2,364.1825,24.40476190476189,438.3,-1.6266666666666652,1.802500000000009,-0.1680851063829787,434.5,394.0,391.0,394.0,46000.0
2023-04-16,394.0,394.0,381.5,391.0,391.0,46000.0,408.775,415.96,462.66,364.535,24.40476190476189,436.05,-0.3999999999999772,1.8050000000000068,-0.1724867724867724,434.0,394.0,391.0,394.0,46000.0
2023-04-17,393.0,393.0,372.0,380.0,380.0,38400.0,406.225,412.82,462.76,364.8075,23.837209302325576,433.58,0.0,1.6999999999999886,-0.2392392392392393,434.0,394.0,391.0,394.0,46000.0
2023-04-18,380.0,380.0,365.5,365.5,365.5,15600.0,403.3,409.7,461.6666666666667,365.045,23.42857142857143,431.37,-0.8333333333333144,1.545000000000016,-0.2812192723697149,434.0,393.0,380.0,393.0,38400.0
2023-04-19,370.5,381.0,370.0,370.0,370.0,18200.0,400.6,406.76,459.6333333333333,365.305,32.467532467532465,428.63,-2.513333333333321,1.462500000000034,-0.272369714847591,434.0,380.0,365.5,380.0,15600.0
2023-04-20,367.0,382.5,360.0,369.0,369.0,25800.0,397.35,403.78,457.5866666666666,365.56,24.28571428571428,425.76,-4.613333333333344,1.3774999999999975,-0.2743362831858407,434.0,381.0,370.0,370.5,18200.0
2023-04-21,366.0,367.0,361.5,362.0,362.0,21000.0,393.75,400.88,455.44666666666666,365.785,23.94366197183099,423.26,-7.213333333333367,1.25,-0.3500897666068222,434.0,382.5,369.0,367.0,25800.0
2023-04-22,366.0,367.0,361.5,362.0,362.0,21000.0,390.15,398.12,451.3066666666667,366.025,23.94366197183099,420.78,-11.45333333333332,1.2174999999999727,-0.3424159854677565,425.0,367.0,362.0,366.0,21000.0
2023-04-23,366.0,367.0,361.5,362.0,362.0,21000.0,387.0,395.64,448.48,366.26,23.94366197183099,418.3,-13.186666666666667,1.214999999999975,-0.3239962651727357,412.0,367.0,362.0,366.0,21000.0
2023-04-24,361.0,372.0,361.0,370.0,370.0,25200.0,384.9,393.48,446.1666666666667,366.545,28.0,415.98,-13.46666666666664,1.240000000000009,-0.3090569561157796,405.0,367.0,362.0,366.0,21000.0
2023-04-25,377.5,379.0,367.0,379.0,379.0,27000.0,384.0,391.28,444.3666666666667,366.89,42.5531914893617,414.0,-13.21999999999997,1.329999999999984,-0.2472691161866931,405.0,372.0,370.0,361.0,25200.0
2023-04-26,382.5,382.5,362.5,378.0,378.0,48200.0,382.65,389.04,442.41333333333336,367.23,37.121212121212125,411.84,-13.033333333333305,1.4449999999999932,-0.2492552135054617,403.0,379.0,379.0,377.5,27000.0
2023-04-27,378.0,378.0,363.0,367.5,367.5,23200.0,381.075,386.38,440.32,367.5175,29.25170068027211,409.88,-10.98666666666668,1.4925000000000068,-0.2701092353525323,403.0,382.5,378.0,382.5,48200.0
2023-04-28,371.5,371.5,365.5,371.0,371.0,14800.0,379.675,384.22,438.2733333333333,367.8225,35.71428571428572,408.12,-10.206666666666706,1.5625,-0.2205882352941176,403.0,378.0,367.5,378.0,23200.0
2023-04-29,371.5,371.5,365.5,371.0,371.0,14800.0,378.275,382.58,436.8333333333333,368.1425,35.71428571428572,406.79,-9.333333333333371,1.5974999999999682,-0.2682445759368836,403.0,371.5,371.0,371.5,14800.0
2023-04-30,371.5,371.5,365.5,371.0,371.0,14800.0,376.675,381.54,435.5133333333333,368.4625,35.71428571428572,405.46,-8.853333333333353,1.572499999999991,-0.2760975609756098,398.0,371.5,371.0,371.5,14800.0
2023-05-01,378.5,408.5,375.5,394.0,394.0,258200.0,376.9,381.1,434.4666666666666,368.8775,58.53658536585366,404.59,-7.946666666666715,1.6474999999999795,-0.190965092402464,398.0,371.5,371.0,371.5,14800.0
2023-05-02,380.0,389.0,370.0,370.5,370.5,76000.0,375.675,379.96,432.7466666666666,369.2075,52.747252747252745,403.4,-7.5733333333333235,1.6899999999999975,-0.2376543209876542,398.0,408.5,394.0,378.5,258200.0
2023-05-03,380.0,389.0,370.0,370.5,370.5,76000.0,374.3,378.82,430.9066666666667,369.5375,50.28901734104046,402.52,-7.366666666666617,1.7150000000000318,-0.2376543209876542,394.0,389.0,370.5,380.0,76000.0
2023-05-04,380.0,389.0,370.0,370.5,370.5,76000.0,373.275,377.68,429.06666666666666,369.8675,50.87719298245614,401.63,-7.7666666666666515,1.7250000000000227,-0.2376543209876542,394.0,389.0,370.5,380.0,76000.0
2023-05-05,380.0,389.0,370.0,370.5,370.5,76000.0,372.25,376.38,427.2266666666667,370.1875,55.4140127388535,400.79,-8.286666666666633,1.7250000000000227,-0.2248953974895398,394.0,389.0,370.5,380.0,76000.0
2023-05-06,380.0,389.0,370.0,370.5,370.5,76000.0,371.225,375.62,424.74,370.51,55.4140127388535,399.64,-9.726666666666633,1.6324999999999932,-0.2376543209876542,394.0,389.0,370.5,380.0,76000.0
2023-05-07,380.0,389.0,370.0,370.5,370.5,76000.0,370.75,374.64,422.34,370.825,55.4140127388535,398.49,-10.406666666666696,1.6175000000000068,-0.2040816326530612,394.0,389.0,370.5,380.0,76000.0
2023-05-08,366.5,391.5,366.5,386.5,386.5,41800.0,371.8,374.18,420.35333333333335,371.22,59.53757225433526,397.66,-10.553333333333342,1.6825000000000043,-0.1579520697167755,394.0,389.0,370.5,380.0,76000.0
2023-05-09,390.5,391.5,379.5,381.0,381.0,12400.0,372.35,373.78,418.29333333333335,371.5875,51.20481927710844,396.71,-10.773333333333312,1.7199999999999704,-0.1291428571428571,394.0,391.5,386.5,366.5,41800.0
2023-05-10,388.5,396.0,382.5,385.5,385.5,31200.0,373.175,373.56,416.72,371.9775,54.335260115606935,395.85,-10.50666666666666,1.7900000000000205,-0.1188571428571428,394.0,391.5,381.0,390.5,12400.0
2023-05-11,393.0,393.0,376.0,376.0,376.0,28200.0,373.875,372.96,415.02,372.32,54.970760233918135,394.46,-9.720000000000027,1.8100000000000025,-0.1405714285714285,394.0,396.0,385.5,388.5,31200.0
2023-05-12,391.0,418.5,366.5,366.5,366.5,237400.0,374.1,372.42,413.1933333333333,372.615,47.540983606557376,392.62,-9.146666666666649,1.7900000000000205,-0.1476744186046511,394.0,393.0,376.0,393.0,28200.0
2023-05-13,391.0,418.5,366.5,366.5,366.5,237400.0,374.325,372.46,411.73333333333335,372.8775,47.540983606557376,391.08,-8.620000000000005,1.6574999999999704,-0.1158021712907116,394.0,418.5,366.5,391.0,237400.0
2023-05-14,391.0,418.5,366.5,366.5,366.5,237400.0,374.15,372.32,409.86,373.14,47.540983606557376,389.54,-8.433333333333337,1.552500000000009,-0.1168674698795181,394.0,418.5,366.5,391.0,237400.0
2023-05-15,365.5,365.5,343.0,362.5,362.5,42200.0,373.325,372.06,407.86,373.4075,28.27586206896551,387.92,-8.860000000000014,1.4300000000000068,-0.1212121212121212,394.0,418.5,366.5,391.0,237400.0
2023-05-16,364.0,364.0,352.0,359.0,359.0,41400.0,372.375,371.94,406.1533333333333,373.6575,39.04761904761905,386.41,-8.866666666666674,1.337500000000034,-0.161214953271028,394.0,365.5,362.5,365.5,42200.0
2023-05-17,364.0,375.0,353.0,353.0,353.0,25400.0,371.65,371.58,404.38,373.8775,35.04273504273503,384.85,-8.813333333333333,1.2624999999999886,-0.175233644859813,394.0,364.0,359.0,364.0,41400.0
2023-05-18,353.0,364.5,352.5,360.0,360.0,27600.0,371.1,371.5,402.7,374.1325,41.98473282442748,383.57,-9.03333333333336,1.2549999999999957,-0.1588785046728972,394.0,375.0,353.0,364.0,25400.0
2023-05-19,360.5,366.5,356.5,361.5,361.5,23000.0,370.625,371.16,401.04,374.415,43.28358208955223,382.32,-8.819999999999993,1.275000000000034,-0.1563593932322053,394.0,364.5,360.0,353.0,27600.0
2023-05-20,360.5,366.5,356.5,361.5,361.5,23000.0,370.15,370.46,399.4866666666667,374.6925,43.28358208955223,380.87,-8.373333333333335,1.2849999999999682,-0.1563593932322053,394.0,366.5,361.5,360.5,23000.0
2023-05-21,360.5,366.5,356.5,361.5,361.5,23000.0,368.525,369.8,397.82666666666665,374.97,43.28358208955223,379.42,-8.326666666666654,1.3125,-0.1885521885521885,386.5,366.5,361.5,360.5,23000.0
2023-05-22,376.5,436.5,373.5,436.5,436.5,507000.0,371.825,372.56,397.44,375.6225,69.84126984126983,379.47,-6.939999999999998,1.7450000000000043,-0.0479825517993457,436.5,366.5,361.5,360.5,23000.0
2023-05-23,511.5,511.5,511.5,511.5,511.5,43600.0,378.875,378.18,398.14,376.645,83.37595907928389,381.2,-4.560000000000002,2.5124999999999886,0.1533258173618941,511.5,436.5,436.5,376.5,507000.0
2023-05-24,541.5,610.0,470.0,485.0,485.0,6015800.0,384.6,382.74,398.7733333333333,377.535,72.8735632183908,382.66,-2.2666666666667084,3.1200000000000045,0.0935738444193912,511.5,511.5,511.5,511.5,43600.0
2023-05-25,483.0,487.5,425.5,428.5,428.5,790800.0,387.5,385.04,398.6533333333333,378.1425,59.924385633270326,383.29,-0.8333333333333712,3.4499999999999886,-0.0338218714768884,511.5,610.0,485.0,541.5,6015800.0
2023-05-26,450.0,485.0,402.0,408.0,408.0,1804200.0,389.375,385.6,398.26,378.6625,57.53176043557168,383.35,0.4333333333333371,3.692499999999996,-0.0609896432681242,511.5,487.5,428.5,483.0,790800.0
2023-05-27,450.0,485.0,402.0,408.0,408.0,1804200.0,391.25,387.1,397.9666666666666,379.195,57.53176043557168,383.53,0.5266666666666424,3.572499999999991,-0.0533642691415313,511.5,485.0,408.0,450.0,1804200.0
2023-05-28,450.0,485.0,402.0,408.0,408.0,1804200.0,392.325,388.6,397.88,379.7225,57.53176043557168,383.71,-0.2599999999999909,3.077500000000043,-0.0377358490566037,511.5,485.0,408.0,450.0,1804200.0
2023-05-29,400.5,417.5,394.0,415.5,415.5,416200.0,394.05,390.4,397.88666666666666,380.2925,59.49820788530466,384.04,-0.8866666666666561,2.757499999999993,-0.0200471698113207,511.5,485.0,408.0,450.0,1804200.0
2023-05-30,406.0,433.5,400.0,429.0,429.0,339600.0,396.225,392.74,398.1066666666667,380.945,62.11072664359862,384.56,-0.5466666666666242,2.802500000000009,-0.0115207373271889,511.5,417.5,415.5,400.5,416200.0
2023-05-31,421.5,443.0,419.5,423.5,423.5,205800.0,398.6,394.86,398.0466666666667,381.57,62.21837088388215,385.24,-0.2133333333333098,2.9074999999999704,-0.0241935483870967,511.5,433.5,429.0,406.0,339600.0
2023-06-01,422.0,452.5,422.0,448.5,448.5,204200.0,402.7,397.98,398.32,382.32,64.43719412724307,386.31,0.353333333333353,3.125,0.0334101382488478,511.5,443.0,423.5,421.5,205800.0
2023-06-02,441.0,441.0,418.5,423.5,423.5,156400.0,405.55,399.46,398.26,382.9825,59.3939393939394,386.82,0.3799999999999954,3.259999999999991,-0.0035294117647058,511.5,452.5,448.5,422.0,204200.0
2023-06-03,441.0,441.0,418.5,423.5,423.5,156400.0,408.4,401.16,398.1933333333333,383.665,59.3939393939394,387.47,0.3066666666666719,3.3725000000000023,0.0279126213592233,511.5,441.0,423.5,441.0,156400.0
2023-06-04,441.0,441.0,418.5,423.5,423.5,156400.0,411.45,402.68,398.12666666666667,384.355,59.3939393939394,388.12,0.0199999999999818,3.410000000000025,0.0667506297229219,511.5,441.0,423.5,441.0,156400.0
2023-06-05,435.0,459.5,430.5,446.5,446.5,230800.0,415.825,405.5,398.14,385.145,51.79856115107915,389.23,0.0933333333333052,3.5749999999999886,0.1024691358024691,511.5,441.0,423.5,441.0,156400.0
2023-06-06,438.0,456.0,433.5,433.5,433.5,104800.0,419.85,408.18,397.8066666666667,385.87,31.944444444444443,390.3,-0.5133333333333212,3.550000000000012,0.0864661654135339,511.5,459.5,446.5,435.0,230800.0
2023-06-07,436.5,490.0,436.5,485.0,485.0,562600.0,426.1,412.92,398.36,386.8525,50.0,392.69,0.1000000000000227,3.870000000000005,0.2155388471177945,511.5,456.0,433.5,438.0,104800.0
2023-06-08,477.5,482.5,455.5,460.0,460.0,266400.0,431.025,416.66,398.58,387.71,57.51789976133652,394.49,0.386666666666656,4.044999999999959,0.1528822055137844,511.5,490.0,485.0,436.5,562600.0
2023-06-09,471.5,502.5,460.5,502.5,502.5,383400.0,438.075,422.26,399.3666666666667,388.78,70.41036717062634,397.16,1.240000000000009,4.4249999999999545,0.2468982630272953,511.5,482.5,460.0,477.5,266400.0
2023-06-10,471.5,502.5,460.5,502.5,502.5,383400.0,445.125,428.0,400.2733333333333,389.8175,70.41036717062634,399.97,2.1333333333333258,4.672500000000014,0.2901155327342748,511.5,502.5,502.5,471.5,383400.0
2023-06-11,471.5,502.5,460.5,502.5,502.5,383400.0,448.425,433.98,401.2266666666667,390.855,70.41036717062634,402.78,3.420000000000016,4.985000000000014,0.2721518987341771,511.5,502.5,502.5,471.5,383400.0
2023-06-12,511.5,548.0,503.5,528.0,528.0,986400.0,449.25,440.7,402.6133333333333,392.0275,72.54509018036072,406.1,4.25333333333333,5.1749999999999545,0.3266331658291457,528.0,502.5,502.5,471.5,383400.0
2023-06-13,530.0,544.0,486.0,486.0,486.0,418400.0,449.3,445.68,403.44,392.965,60.25179856115108,408.42,4.860000000000014,5.254999999999996,0.2429667519181586,528.0,548.0,528.0,511.5,986400.0
2023-06-14,505.0,529.0,456.0,456.0,456.0,489600.0,450.675,449.46,403.73333333333335,393.7525,55.37190082644628,409.96,4.366666666666674,4.972500000000025,0.1662404092071612,528.0,544.0,486.0,530.0,418400.0
2023-06-15,441.0,460.0,441.0,445.0,445.0,188800.0,452.525,452.8,403.88,394.485,49.39341421143848,411.3,3.6066666666666833,4.667500000000018,0.1381074168797953,528.0,529.0,456.0,505.0,489600.0
2023-06-16,446.5,456.0,435.5,448.0,448.0,130600.0,454.525,453.26,404.06666666666666,395.2425,54.59662288930582,412.91,2.839999999999975,4.387499999999989,0.1789473684210525,528.0,460.0,445.0,441.0,188800.0
2023-06-17,446.5,456.0,435.5,448.0,448.0,130600.0,456.525,450.72,404.3733333333333,396.0,54.59662288930582,414.45,1.759999999999991,3.972500000000025,0.2257181942544459,528.0,456.0,448.0,446.5,130600.0
2023-06-18,446.5,456.0,435.5,448.0,448.0,130600.0,458.15,449.24,404.85333333333335,396.765,54.59662288930582,415.99,1.413333333333355,3.8000000000000114,0.2108108108108108,528.0,456.0,448.0,446.5,130600.0
2023-06-19,450.5,473.5,445.5,463.5,463.5,159200.0,459.875,450.64,405.74,397.59,53.28185328185329,417.84,2.0066666666666606,3.837499999999977,0.2560975609756097,528.0,456.0,448.0,446.5,130600.0
2023-06-20,463.5,466.5,434.0,443.0,443.0,213200.0,460.85,452.04,406.2466666666666,398.34,51.78236397748592,418.82,2.3666666666666742,3.854999999999961,0.2237569060773481,528.0,473.5,463.5,450.5,159200.0
2023-06-21,435.5,442.5,425.0,426.5,426.5,115600.0,459.75,452.78,406.6133333333333,399.0075,37.36501079913607,419.94,2.546666666666681,3.7649999999999855,0.1781767955801105,528.0,466.5,443.0,463.5,213200.0
2023-06-22,426.0,434.0,418.0,418.0,418.0,101600.0,459.475,453.18,406.8666666666667,399.6325,40.23255813953489,420.89,2.4933333333333394,3.632499999999993,0.1546961325966851,528.0,442.5,426.5,435.5,115600.0
2023-06-23,431.0,431.0,401.0,411.5,411.5,138200.0,458.875,453.02,407.03333333333336,400.205,24.581005586592184,421.71,2.180000000000007,3.4399999999999977,0.1121621621621622,528.0,434.0,418.0,426.0,101600.0
2023-06-24,431.0,431.0,401.0,411.5,411.5,138200.0,458.275,452.32,407.14666666666665,400.7875,24.581005586592184,422.53,1.406666666666638,3.197500000000048,0.0857519788918206,528.0,431.0,411.5,431.0,138200.0
2023-06-25,431.0,431.0,401.0,411.5,411.5,138200.0,456.525,451.84,407.44,401.3575,24.581005586592184,423.35,1.193333333333328,3.017500000000041,0.0886243386243386,528.0,431.0,411.5,431.0,138200.0
2023-06-26,410.0,410.0,394.0,398.5,398.5,94000.0,454.775,449.84,407.4866666666667,401.8575,11.111111111111114,423.91,0.8733333333333348,2.8500000000000227,0.0843537414965986,528.0,431.0,411.5,431.0,138200.0
2023-06-27,402.5,406.0,395.5,403.0,403.0,44400.0,450.675,449.02,407.5533333333333,402.385,17.829457364341096,424.24,0.6866666666666674,2.7524999999999977,0.0862533692722371,528.0,410.0,398.5,410.0,94000.0
2023-06-28,405.0,410.0,396.0,404.0,404.0,67600.0,447.875,448.24,407.7266666666667,402.9175,24.0,424.7,0.693333333333328,2.712500000000034,0.0889487870619947,528.0,406.0,403.0,402.5,44400.0
2023-06-29,404.0,423.0,404.0,416.0,416.0,94800.0,443.55,447.94,408.06,403.51,35.64356435643565,425.31,0.9133333333333552,2.722499999999968,0.1212938005390835,528.0,410.0,404.0,405.0,67600.0
2023-06-30,413.0,422.0,408.0,419.5,419.5,75800.0,439.4,446.86,408.44,404.12,35.960591133004925,426.18,1.0,2.7624999999999886,0.0647208121827411,528.0,423.0,416.0,404.0,94800.0
2023-07-01,413.0,422.0,408.0,419.5,419.5,75800.0,435.25,446.3,408.9666666666666,404.73,35.960591133004925,427.24,1.4799999999999611,2.8725000000000023,0.1322537112010795,528.0,422.0,419.5,413.0,75800.0
2023-07-02,413.0,422.0,408.0,419.5,419.5,75800.0,429.825,443.68,409.68666666666667,405.3575,35.960591133004925,428.3,2.1333333333333258,2.972500000000025,0.1322537112010795,486.0,422.0,419.5,413.0,75800.0
2023-07-03,419.5,428.5,418.0,422.5,422.5,60200.0,426.65,442.18,410.38666666666666,405.99,26.966292134831463,429.42,2.659999999999968,3.072499999999991,0.1403508771929824,463.5,422.0,419.5,413.0,75800.0
2023-07-04,425.5,432.0,415.5,428.5,428.5,69200.0,425.275,439.22,411.18,406.6475,40.26845637583892,430.74,3.1200000000000045,3.1374999999999886,0.156545209176788,463.5,428.5,422.5,419.5,60200.0
2023-07-05,424.5,433.0,421.5,429.0,429.0,45600.0,424.475,436.28,412.0733333333333,407.3075,52.136752136752136,432.14,3.6333333333333258,3.1875,0.1578947368421053,463.5,432.0,428.5,425.5,69200.0
2023-07-06,422.0,424.5,413.0,413.5,413.5,64800.0,422.75,432.72,412.76,407.89,46.56488549618321,433.35,3.793333333333351,3.159999999999968,0.1160593792172739,463.5,433.0,429.0,424.5,45600.0
2023-07-07,407.5,422.5,407.5,422.5,422.5,53800.0,421.475,428.5,413.56666666666666,408.5325,58.08823529411765,434.6,3.879999999999996,3.175000000000012,0.0931435963777489,463.5,424.5,413.5,422.0,64800.0
2023-07-08,407.5,422.5,407.5,422.5,422.5,53800.0,420.2,425.96,414.26666666666665,409.2125,58.08823529411765,435.82,3.879999999999996,3.222499999999968,0.1089238845144358,463.5,422.5,422.5,407.5,53800.0
2023-07-09,407.5,422.5,407.5,422.5,422.5,53800.0,418.15,424.62,414.8466666666667,409.8875,58.08823529411765,437.04,3.6666666666666856,3.240000000000009,0.0959792477302206,443.0,422.5,422.5,407.5,53800.0
2023-07-10,420.5,430.5,415.5,430.5,430.5,56600.0,417.525,424.04,415.5466666666667,410.6025,75.39682539682539,438.42,3.4733333333333576,3.295000000000016,0.1449468085106382,430.5,422.5,422.5,407.5,53800.0
2023-07-11,435.0,438.5,423.0,429.5,429.5,69400.0,417.675,423.3,416.3733333333333,411.27,72.26890756302521,438.28,3.613333333333344,3.3799999999999955,0.1718963165075033,430.5,430.5,430.5,420.5,56600.0
2023-07-12,432.0,435.0,427.0,430.5,430.5,28800.0,418.3,422.6,417.1666666666667,411.9425,72.26890756302521,436.66,3.6000000000000227,3.409999999999968,0.17462482946794,430.5,438.5,429.5,435.0,69400.0
2023-07-13,423.0,443.0,423.0,437.5,437.5,49200.0,419.6,422.18,418.0533333333333,412.65,69.72477064220183,435.71,3.78666666666669,3.4375,0.193724420190996,437.5,435.0,430.5,432.0,28800.0
2023-07-14,445.0,445.0,431.5,433.0,433.0,38800.0,420.675,420.96,418.88,413.3375,62.16216216216217,435.8,4.033333333333303,3.4499999999999886,0.1944827586206896,437.5,443.0,437.5,423.0,49200.0
2023-07-15,445.0,445.0,431.5,433.0,433.0,38800.0,421.75,420.56,419.4,414.07,62.16216216216217,436.3,3.853333333333296,3.4674999999999727,0.2061281337047353,437.5,445.0,433.0,445.0,38800.0
2023-07-16,445.0,445.0,431.5,433.0,433.0,38800.0,423.475,420.82,420.23333333333335,414.8275,62.16216216216217,436.8,3.8600000000000136,3.5575000000000045,0.2266288951841359,437.5,445.0,433.0,445.0,38800.0
2023-07-17,445.0,445.0,431.5,433.0,433.0,38800.0,424.975,421.42,421.06666666666666,415.525,60.0,437.3,3.899999999999977,3.582499999999982,0.2027777777777777,437.5,445.0,433.0,445.0,38800.0
2023-07-18,433.0,439.5,426.5,435.5,435.5,31200.0,426.55,422.38,421.9333333333333,416.255,57.14285714285714,437.7,3.879999999999996,3.605000000000018,0.2047026279391424,437.5,445.0,433.0,445.0,38800.0
2023-07-19,434.5,444.5,434.0,442.5,442.5,31600.0,427.875,423.62,422.8933333333333,417.02,62.16216216216217,437.97,4.013333333333321,3.682500000000005,0.2240663900414938,442.5,439.5,435.5,433.0,31200.0
2023-07-20,444.5,444.5,436.0,444.0,444.0,24400.0,429.1,424.92,423.8733333333333,417.7925,86.74698795180723,438.38,4.473333333333358,3.722500000000025,0.2282157676348548,444.0,444.5,442.5,434.5,31600.0
2023-07-21,444.0,444.0,432.0,432.0,432.0,40000.0,429.725,426.26,424.6933333333333,418.505,60.674157303370784,438.05,4.45999999999998,3.677500000000009,-0.0103092783505154,444.0,444.5,444.0,444.5,24400.0
2023-07-22,444.0,444.0,432.0,432.0,432.0,40000.0,430.35,427.42,425.3,419.2175,60.674157303370784,438.22,4.2333333333333485,3.692499999999996,-0.1554252199413489,444.0,444.0,432.0,444.0,40000.0
2023-07-23,444.0,444.0,432.0,432.0,432.0,40000.0,430.825,428.54,425.98,419.955,60.674157303370784,438.39,4.046666666666681,3.6999999999999886,-0.1092783505154638,444.0,444.0,432.0,444.0,40000.0
2023-07-24,433.5,444.5,430.0,441.0,441.0,43200.0,431.45,429.54,426.72,420.71,61.53846153846154,438.74,3.826666666666711,3.6899999999999977,0.029171528588098,444.0,444.0,432.0,444.0,40000.0
2023-07-25,448.5,453.0,441.5,449.5,449.5,68000.0,432.475,430.74,427.7,421.4725,68.86792452830188,438.8,3.826666666666654,3.680000000000007,0.1017156862745098,449.5,444.5,441.0,433.5,43200.0
2023-07-26,449.5,449.5,435.5,440.5,440.5,35200.0,433.825,431.58,428.68666666666667,422.19,58.19672131147541,438.94,3.9933333333333394,3.6850000000000014,0.0796568627450979,449.5,453.0,449.5,448.5,68000.0
2023-07-27,436.0,437.5,425.0,435.0,435.0,44800.0,434.45,432.2,429.6,422.88,47.89915966386554,437.94,4.300000000000011,3.662500000000023,0.0661764705882352,449.5,449.5,440.5,449.5,35200.0
2023-07-28,427.0,429.5,412.0,426.5,426.5,61600.0,434.65,432.36,430.4,423.5275,44.881889763779526,437.27,4.419999999999959,3.572499999999991,0.02647412755716,449.5,437.5,435.0,436.0,44800.0
2023-07-29,427.0,429.5,412.0,426.5,426.5,61600.0,434.85,432.28,431.2533333333333,424.185,44.881889763779526,435.75,4.533333333333303,3.4750000000000227,-0.0058275058275057,449.5,429.5,426.5,427.0,61600.0
2023-07-30,427.0,429.5,412.0,426.5,426.5,61600.0,434.65,432.18,432.1533333333333,424.8525,44.881889763779526,434.23,4.453333333333319,3.3799999999999955,0.0070838252656435,449.5,429.5,426.5,427.0,61600.0
2023-07-31,424.5,431.0,416.5,420.0,420.0,48000.0,434.175,432.44,433.0466666666667,425.5125,40.71428571428571,432.58,4.360000000000014,3.322499999999991,-0.0635451505016722,449.5,429.5,426.5,427.0,61600.0
2023-08-01,422.0,425.0,417.0,425.0,425.0,48600.0,433.9,432.54,433.91333333333336,426.15,42.75862068965517,430.52,4.313333333333333,3.269999999999982,0.0035419126328217,449.5,431.0,420.0,424.5,48000.0
2023-08-02,432.5,434.5,402.5,407.5,407.5,116200.0,432.4,431.94,434.5266666666666,426.7,28.91566265060241,428.95,4.126666666666665,3.1725000000000136,-0.037780401416765,449.5,425.0,425.0,422.0,48600.0
2023-08-03,407.5,411.0,401.5,406.5,406.5,23400.0,431.075,431.3,435.12666666666667,427.245,27.272727272727263,427.96,3.873333333333335,3.0600000000000023,-0.0401416765053128,449.5,434.5,407.5,432.5,116200.0
2023-08-04,404.5,410.0,404.5,405.0,405.0,25200.0,429.675,430.28,435.70666666666665,427.7925,31.25,427.16,3.5533333333333417,2.9399999999999977,-0.0929451287793953,449.5,411.0,406.5,407.5,23400.0
2023-08-05,404.5,410.0,404.5,405.0,405.0,25200.0,428.275,429.3,435.2866666666667,428.3375,31.25,426.3,2.240000000000009,2.8249999999999886,-0.0657439446366782,449.5,410.0,405.0,404.5,25200.0
2023-08-06,404.5,410.0,404.5,405.0,405.0,25200.0,426.875,428.28,433.8666666666667,428.8825,31.25,425.44,-0.046666666666681,2.732500000000016,-0.1649484536082474,449.5,410.0,405.0,404.5,25200.0
2023-08-07,403.5,410.0,401.0,407.5,407.5,24400.0,425.475,427.08,432.8333333333333,429.455,24.42748091603053,424.63,-1.693333333333328,2.7549999999999955,-0.1141304347826086,449.5,410.0,405.0,404.5,25200.0
2023-08-08,404.5,407.5,395.5,398.0,398.0,31800.0,423.25,425.68,432.4266666666667,429.9625,11.278195488721806,423.32,-2.6999999999999886,2.7174999999999727,-0.2079601990049751,449.5,410.0,407.5,403.5,24400.0
2023-08-09,396.0,397.5,391.0,395.5,395.5,26200.0,420.825,424.18,432.26,430.4575,12.5,422.37,-3.4466666666666583,2.664999999999964,-0.2129353233830846,449.5,407.5,398.0,404.5,31800.0
2023-08-10,389.0,395.0,385.5,395.0,395.0,33000.0,418.975,422.66,432.0866666666666,430.95,13.63636363636364,421.74,-3.200000000000045,2.612500000000012,-0.2139303482587065,449.5,397.5,395.5,396.0,26200.0
2023-08-11,389.0,395.0,385.5,395.0,395.0,33000.0,417.125,421.14,431.91333333333336,431.29,16.129032258064512,421.28,-1.953333333333319,2.407500000000028,-0.2518939393939394,449.5,395.0,395.0,389.0,33000.0
2023-08-12,389.0,395.0,385.5,395.0,395.0,33000.0,415.275,419.52,431.64,431.655,16.129032258064512,420.95,-1.193333333333328,2.1999999999999886,-0.1872427983539094,449.5,395.0,395.0,389.0,33000.0
2023-08-13,389.0,395.0,385.5,395.0,395.0,33000.0,412.975,417.62,431.18666666666667,431.77,16.129032258064512,420.62,-1.240000000000009,1.8075000000000043,-0.1337719298245614,449.5,395.0,395.0,389.0,33000.0
2023-08-14,387.5,388.5,380.5,380.5,380.5,16600.0,409.525,415.08,430.6133333333333,431.4375,13.761467889908246,420.0,-1.646666666666647,0.9800000000000182,-0.144943820224719,440.5,395.0,395.0,389.0,33000.0
2023-08-15,395.5,395.5,374.5,382.0,382.0,23400.0,406.6,413.08,429.7266666666667,431.26,7.843137254901947,419.67,-2.359999999999957,0.3100000000000023,-0.1473214285714286,435.0,388.5,380.5,387.5,16600.0
2023-08-16,382.5,385.0,373.0,383.5,383.5,25400.0,404.025,411.14,429.1933333333333,431.09,15.714285714285708,419.28,-2.720000000000028,-0.2000000000000454,-0.1439732142857143,426.5,395.5,382.0,395.5,23400.0
2023-08-17,392.0,417.5,385.5,415.0,415.0,128000.0,403.45,410.46,429.08,431.0775,56.48854961832061,419.5,-2.5600000000000023,-0.5774999999999864,-0.0736607142857143,426.5,385.0,383.5,382.5,25400.0
2023-08-18,410.5,414.0,396.5,410.0,410.0,50000.0,402.625,409.22,428.9,431.1925,53.6231884057971,419.38,-2.28666666666669,-0.5774999999999864,-0.1154261057173678,426.5,417.5,415.0,392.0,128000.0
2023-08-19,410.5,414.0,396.5,410.0,410.0,50000.0,401.8,407.64,428.41333333333336,431.46,53.6231884057971,419.19,-2.1999999999999886,0.0224999999999795,-0.0744920993227991,425.0,414.0,410.0,410.5,50000.0
2023-08-20,410.5,414.0,396.5,410.0,410.0,50000.0,401.3,406.42,428.1,431.6475,53.6231884057971,419.0,-1.6266666666666652,0.3874999999999886,-0.0386869871043376,425.0,414.0,410.0,410.5,50000.0
2023-08-21,408.0,418.5,408.0,412.0,412.0,16800.0,400.65,405.5,427.12666666666667,431.47,53.28467153284672,418.85,-2.066666666666663,0.3800000000000523,-0.0143540669856458,415.0,414.0,410.0,410.5,50000.0
2023-08-22,411.0,425.0,410.0,415.5,415.5,27200.0,401.05,405.06,426.53333333333336,430.935,64.0,418.71,-2.546666666666624,-0.142499999999984,0.0097205346294046,415.5,418.5,412.0,408.0,16800.0
2023-08-23,411.5,419.5,409.0,417.0,417.0,10800.0,401.575,404.68,425.3933333333333,430.4075,67.47967479674797,418.48,-3.5066666666666606,-0.7849999999999682,0.0133657351154312,417.0,425.0,415.5,411.0,27200.0
2023-08-24,417.0,423.5,415.5,421.5,421.5,9000.0,402.4,404.48,424.3133333333333,429.9025,70.22900763358778,418.33,-4.100000000000023,-1.5575000000000043,0.0243013365735116,421.5,419.5,417.0,411.5,10800.0
2023-08-25,426.5,430.0,416.0,427.0,427.0,40400.0,403.5,404.76,423.3066666666667,428.675,72.53521126760563,418.6,-4.793333333333351,-2.972499999999968,0.0715181932245923,427.0,423.5,421.5,417.0,9000.0
2023-08-26,426.5,430.0,416.0,427.0,427.0,40400.0,404.6,404.84,421.96,427.94,72.53521126760563,418.69,-5.166666666666686,-3.5300000000000296,0.0595533498759304,427.0,430.0,427.0,426.5,40400.0
2023-08-27,426.5,430.0,416.0,427.0,427.0,40400.0,405.575,405.62,421.17333333333335,427.3575,72.53521126760563,418.78,-5.360000000000014,-3.5774999999999864,0.0569306930693069,427.0,430.0,427.0,426.5,40400.0
2023-08-28,427.0,427.0,411.0,419.0,419.0,24800.0,406.625,406.12,420.68,426.8825,79.84496124031008,418.71,-4.71333333333331,-3.525000000000034,0.0072115384615385,427.0,430.0,427.0,426.5,40400.0
2023-08-29,426.5,437.5,419.0,437.0,437.0,42400.0,408.7,407.4,420.5733333333333,426.445,83.9506172839506,418.84,-3.740000000000009,-3.457499999999982,0.0417163289630513,437.0,427.0,419.0,427.0,24800.0
2023-08-30,438.5,439.0,417.5,433.5,433.5,105800.0,410.625,408.54,420.38,425.99,80.12048192771084,418.92,-2.9266666666666765,-2.6850000000000023,0.0333730631704409,437.0,437.5,437.0,426.5,42400.0
2023-08-31,433.5,449.0,429.0,442.5,442.5,43600.0,413.0,410.04,420.3066666666667,425.58,72.72727272727272,419.16,-1.6533333333333076,-2.3600000000000136,0.0548271752085816,442.5,439.0,433.5,438.5,105800.0
2023-09-01,459.5,480.0,458.0,461.0,461.0,194200.0,416.3,412.18,420.48,425.49,84.45945945945945,419.63,-0.693333333333328,-1.8675000000000068,0.0911242603550295,461.0,449.0,442.5,433.5,43600.0
2023-09-02,459.5,480.0,458.0,461.0,461.0,194200.0,419.6,414.7,420.44666666666666,425.445,84.45945945945945,420.19,-0.2333333333333485,-1.4375,0.0758459743290549,461.0,480.0,461.0,459.5,194200.0
2023-09-03,459.5,480.0,458.0,461.0,461.0,194200.0,423.625,417.32,420.68666666666667,425.3875,84.45945945945945,420.75,0.1133333333333439,-1.0575000000000043,0.0745920745920745,461.0,480.0,461.0,459.5,194200.0
2023-09-04,453.5,475.0,453.5,467.5,467.5,55200.0,427.9,420.22,421.23333333333335,425.2275,85.35031847133757,421.44,0.853333333333353,-0.7624999999999886,0.1305925030229746,467.5,480.0,461.0,459.5,194200.0
2023-09-05,463.0,467.0,452.5,455.0,455.0,21600.0,431.475,422.62,421.7266666666667,424.96,72.57142857142857,421.88,1.420000000000016,-0.6200000000000045,0.0769230769230768,467.5,475.0,467.5,453.5,55200.0
2023-09-06,452.0,458.5,447.5,456.5,456.5,25000.0,433.55,425.08,422.32666666666665,424.7,72.57142857142857,422.3,1.846666666666636,-0.7900000000000205,0.0804733727810651,467.5,467.0,455.0,463.0,21600.0
2023-09-07,455.0,455.0,435.5,447.0,447.0,20000.0,435.4,427.16,422.8,424.3925,63.78378378378379,422.39,2.353333333333353,-1.052500000000009,0.0579881656804732,467.5,458.5,456.5,452.0,25000.0
2023-09-08,447.0,449.5,438.5,445.0,445.0,17000.0,437.15,429.74,423.2466666666666,423.8325,60.1123595505618,422.41,2.5600000000000023,-1.5550000000000068,0.0336817653890824,467.5,455.0,447.0,455.0,20000.0
2023-09-09,447.0,449.5,438.5,445.0,445.0,17000.0,438.9,432.26,423.8666666666667,423.305,60.1123595505618,422.67,2.6333333333333258,-1.9225000000000136,0.0360884749708962,467.5,449.5,445.0,447.0,17000.0
2023-09-10,447.0,449.5,438.5,445.0,445.0,17000.0,440.55,434.72,424.4266666666667,422.8525,60.1123595505618,422.93,2.6999999999999886,-2.107499999999959,0.0336817653890824,467.5,449.5,445.0,447.0,17000.0
2023-09-11,443.0,449.5,431.5,437.5,437.5,16800.0,441.65,435.62,424.8733333333333,422.3625,60.451977401129945,423.04,2.546666666666681,-2.3374999999999773,0.0,467.5,449.5,445.0,447.0,17000.0
2023-09-12,439.5,447.5,430.5,438.5,438.5,25400.0,442.725,436.76,425.17333333333335,422.0375,51.04895104895105,422.99,2.373333333333335,-2.3549999999999613,0.01270207852194,467.5,449.5,437.5,443.0,16800.0
2023-09-13,435.5,459.5,435.0,453.5,453.5,62600.0,444.325,438.5,425.62666666666667,421.7875,62.04819277108434,423.07,2.3799999999999955,-2.044999999999959,0.0473441108545034,467.5,447.5,438.5,439.5,25400.0
2023-09-14,450.0,450.0,433.5,439.0,439.0,22400.0,444.925,439.66,425.88666666666666,421.465,48.02259887005649,423.04,2.019999999999982,-1.840000000000032,0.0138568129330254,467.5,459.5,453.5,435.5,62600.0
2023-09-15,439.0,446.5,418.5,429.0,429.0,33600.0,445.025,440.34,426.0133333333333,421.23,30.0,422.92,1.586666666666645,-1.6225000000000025,-0.0092378752886835,467.5,450.0,439.0,450.0,22400.0
2023-09-16,439.0,446.5,418.5,429.0,429.0,33600.0,445.125,440.88,426.1,420.84,30.0,422.97,1.226666666666688,-1.5225000000000364,-0.0149253731343284,467.5,446.5,429.0,439.0,33600.0
2023-09-17,439.0,446.5,418.5,429.0,429.0,33600.0,445.625,441.36,426.1066666666667,420.4225,30.0,423.02,0.9333333333333372,-1.615000000000009,-0.0305084745762711,467.5,446.5,429.0,439.0,33600.0
2023-09-18,439.0,446.5,418.5,429.0,429.0,33600.0,445.225,441.66,426.1066666666667,420.1325,23.80952380952381,423.07,0.4800000000000182,-1.6550000000000296,-0.0337837837837837,467.5,446.5,429.0,439.0,33600.0
2023-09-19,432.5,449.5,432.5,442.5,442.5,37000.0,445.675,442.28,426.4933333333333,419.915,41.61073825503356,423.52,0.6066666666666833,-1.5499999999999543,0.0243055555555555,467.5,446.5,429.0,439.0,33600.0
2023-09-20,441.0,449.5,436.5,443.0,443.0,14000.0,445.7,442.92,426.76666666666665,419.7,40.81632653061224,423.88,0.7533333333333303,-1.5300000000000296,0.025462962962963,467.5,449.5,442.5,432.5,37000.0
2023-09-21,450.5,450.5,419.0,419.0,419.0,16800.0,443.6,442.6,426.72,419.365,34.09090909090909,424.11,0.6200000000000045,-1.474999999999966,-0.0300925925925925,467.5,449.5,443.0,441.0,14000.0
2023-09-22,418.0,431.0,418.0,426.5,426.5,15200.0,441.875,442.9,426.7733333333333,419.1075,40.10695187165776,424.51,0.6666666666666288,-1.3149999999999975,-0.0328798185941042,467.5,450.5,419.0,450.5,16800.0
2023-09-23,418.0,431.0,418.0,426.5,426.5,15200.0,440.15,442.48,426.72,418.81,40.10695187165776,424.94,0.6133333333333439,-1.322499999999991,-0.0511679644048943,467.5,431.0,426.5,418.0,15200.0
2023-09-24,418.0,431.0,418.0,426.5,426.5,15200.0,438.1,442.2,426.68,418.615,40.10695187165776,425.37,0.1866666666666674,-1.3000000000000114,-0.0317820658342792,456.5,431.0,426.5,418.0,15200.0
2023-09-25,448.0,449.5,438.5,439.0,439.0,15400.0,437.3,442.06,426.79333333333335,418.515,50.76142131979695,426.05,0.0266666666666992,-1.1850000000000025,0.0091954022988505,456.5,431.0,426.5,418.0,15200.0
2023-09-26,446.5,446.5,417.5,423.0,423.0,28000.0,435.625,440.54,426.6,418.4425,43.17180616740088,426.36,-0.1200000000000045,-0.9225000000000136,-0.0082063305978897,453.5,449.5,439.0,448.0,15400.0
2023-09-27,423.0,427.5,421.5,425.0,425.0,20600.0,434.525,439.1,426.4933333333333,418.38,35.82089552238807,426.9,-0.2799999999999727,-0.7275000000000205,-0.003516998827667,453.5,446.5,423.0,446.5,28000.0
2023-09-28,425.0,425.0,412.5,413.5,413.5,15800.0,432.95,437.2,426.23333333333335,418.26,36.92307692307693,427.26,-0.4866666666666788,-0.5500000000000114,-0.0304806565064478,453.5,427.5,425.0,423.0,20600.0
2023-09-29,415.0,422.0,408.5,413.0,413.0,14000.0,431.35,435.02,425.9666666666666,418.175,40.90909090909091,427.62,-0.7133333333333667,-0.4399999999999977,-0.0166666666666667,453.5,425.0,413.5,425.0,15800.0
2023-09-30,415.0,422.0,408.5,413.0,413.0,14000.0,429.75,433.34,425.7,418.1675,40.90909090909091,427.98,-1.093333333333362,-0.3474999999999681,-0.028235294117647,453.5,422.0,413.0,415.0,14000.0
2023-10-01,415.0,422.0,408.5,413.0,413.0,14000.0,428.525,431.6,425.4,418.1575,40.90909090909091,428.34,-1.2000000000000457,-0.2849999999999681,0.0134969325153373,453.5,422.0,413.0,415.0,14000.0
2023-10-02,410.0,414.5,389.0,389.0,389.0,33000.0,426.05,429.28,424.68666666666667,418.04,32.14285714285715,428.22,-1.806666666666672,-0.339999999999975,-0.043050430504305,453.5,422.0,413.0,415.0,14000.0
2023-10-03,390.0,397.5,385.0,391.5,391.5,17000.0,422.95,427.14,423.9866666666667,417.8575,24.75247524752476,428.44,-2.2466666666666697,-0.402499999999975,-0.0333333333333333,443.0,414.5,389.0,410.0,33000.0
2023-10-04,376.5,388.0,368.0,376.5,376.5,16600.0,419.825,424.4,423.2466666666666,417.6,21.212121212121204,428.33,-2.7199999999999704,-0.5749999999999886,-0.0703703703703704,443.0,397.5,391.5,390.0,17000.0
2023-10-05,375.5,422.0,375.5,400.0,400.0,45600.0,418.375,422.6,422.82,417.46,41.7391304347826,428.66,-2.8799999999999955,-0.7075000000000387,-0.0123456790123457,443.0,388.0,376.5,376.5,16600.0
2023-10-06,397.0,409.0,397.0,405.5,405.5,14000.0,417.2,421.32,422.4666666666666,417.345,40.70796460176991,428.47,-2.933333333333337,-0.8125,-0.0049079754601226,443.0,422.0,400.0,375.5,45600.0
2023-10-07,397.0,409.0,397.0,405.5,405.5,14000.0,416.025,420.0,421.9933333333333,417.23,40.70796460176991,428.38,-2.693333333333328,-0.8100000000000023,0.0188442211055277,443.0,409.0,405.5,397.0,14000.0
2023-10-08,397.0,409.0,397.0,405.5,405.5,14000.0,414.85,418.08,421.4066666666667,417.03,40.70796460176991,428.29,-2.579999999999984,-0.8275000000000432,0.0252844500632112,443.0,409.0,405.5,397.0,14000.0
2023-10-09,397.0,409.0,397.0,405.5,405.5,14000.0,413.0,416.74,420.94,416.765,33.33333333333333,428.2,-2.306666666666672,-0.8350000000000364,0.0265822784810125,443.0,409.0,405.5,397.0,14000.0
2023-10-10,396.5,405.0,388.5,397.5,397.5,26000.0,410.725,415.48,420.44,416.535,36.21621621621621,427.91,-2.3799999999999955,-0.9249999999999544,0.0063291139240506,439.0,409.0,405.5,397.0,14000.0
2023-10-11,405.0,406.5,391.5,402.5,402.5,15800.0,409.9,414.42,420.12,416.33,38.21989528795812,427.65,-2.346666666666636,-1.0150000000000432,0.018987341772152,439.0,405.0,397.5,396.5,26000.0
2023-10-12,408.0,408.0,393.5,395.5,395.5,21600.0,408.35,413.08,419.70666666666665,416.09,40.10989010989011,427.22,-2.28666666666669,-1.1400000000000432,0.0012658227848101,439.0,406.5,402.5,405.0,15800.0
2023-10-13,392.0,399.0,387.5,390.0,390.0,21800.0,406.525,411.52,419.22,415.8675,38.020833333333336,426.59,-2.1866666666666674,-1.162499999999966,0.0249671484888305,439.0,408.0,395.5,408.0,21600.0
2023-10-14,392.0,399.0,387.5,390.0,390.0,21800.0,404.7,409.42,418.82,415.6625,38.020833333333336,425.85,-2.1200000000000045,-1.1024999999999636,0.0209424083769633,439.0,399.0,390.0,392.0,21800.0
2023-10-15,392.0,399.0,387.5,390.0,390.0,21800.0,402.25,407.3,418.35333333333335,415.4925,38.020833333333336,425.11,-2.0866666666666447,-1.0425000000000182,0.0169491525423728,425.0,399.0,390.0,392.0,21800.0
2023-10-16,375.0,385.5,370.5,370.5,370.5,29800.0,399.625,405.36,417.86,415.225,39.89071038251366,423.98,-2.259999999999991,-1.1049999999999611,-0.1072289156626505,425.0,399.0,390.0,392.0,21800.0
2023-10-17,375.5,379.5,372.0,376.0,376.0,7400.0,397.175,403.34,417.4533333333333,414.935,41.79894179894181,423.12,-2.2533333333333303,-1.1549999999999727,-0.0829268292682926,413.5,385.5,370.5,375.0,29800.0
2023-10-18,379.0,379.5,365.0,370.0,370.0,14600.0,395.0,401.08,416.9866666666667,414.615,46.19883040935672,421.78,-2.2333333333333485,-1.2524999999999975,-0.097560975609756,413.0,379.5,376.0,375.5,7400.0
2023-10-19,370.0,372.0,368.0,370.0,370.0,6600.0,392.85,398.82,416.52,414.295,25.80645161290323,420.51,-2.300000000000012,-1.3675000000000068,-0.097560975609756,413.0,379.5,370.0,379.0,14600.0
2023-10-20,355.0,363.5,355.0,358.5,358.5,24200.0,390.125,395.6,415.9,413.9625,15.441176470588246,418.83,-2.453333333333376,-1.5300000000000296,-0.1298543689320388,413.0,372.0,370.0,370.0,6600.0
2023-10-21,355.0,363.5,355.0,358.5,358.5,24200.0,387.4,393.02,415.2466666666666,413.695,15.441176470588246,416.78,-2.613333333333344,-1.5300000000000296,-0.1371841155234656,405.5,363.5,358.5,355.0,24200.0
2023-10-22,355.0,363.5,355.0,358.5,358.5,24200.0,385.875,390.36,414.72,413.5025,15.441176470588246,414.73,-2.733333333333292,-1.4325000000000043,-0.1402877697841726,405.5,363.5,358.5,355.0,24200.0
2023-10-23,357.0,363.0,333.5,333.5,333.5,33000.0,382.975,387.16,413.8933333333333,413.145,11.290322580645151,412.18,-3.093333333333362,-1.4700000000000273,-0.2087781731909845,405.5,363.5,358.5,355.0,24200.0
2023-10-24,334.5,346.5,331.0,344.0,344.0,22200.0,381.35,384.4,413.2133333333333,412.87,21.989528795811523,409.71,-3.306666666666672,-1.4250000000000114,-0.1943793911007025,405.5,363.0,333.5,357.0,33000.0
2023-10-25,360.5,362.0,355.0,355.0,355.0,16400.0,379.1,382.08,412.68,412.65,26.60098522167489,407.71,-3.2199999999999704,-1.3125,-0.1686182669789226,405.5,346.5,344.0,334.5,22200.0
2023-10-26,355.5,358.0,347.5,348.0,348.0,6200.0,376.225,379.48,412.0533333333333,412.395,26.60098522167489,405.54,-3.193333333333328,-1.3000000000000114,-0.1850117096018735,405.5,362.0,355.0,360.5,16400.0
2023-10-27,347.0,353.0,346.5,352.5,352.5,4600.0,373.575,378.02,411.4866666666667,412.1425,31.343283582089555,403.65,-3.2333333333333485,-1.3600000000000136,-0.1587112171837709,405.5,358.0,348.0,355.5,6200.0
2023-10-28,347.0,353.0,346.5,352.5,352.5,4600.0,370.925,376.46,411.1133333333333,411.9575,31.343283582089555,401.8,-2.7799999999999727,-1.1875,-0.1933638443935926,405.5,353.0,352.5,347.0,4600.0
2023-10-29,347.0,353.0,346.5,352.5,352.5,4600.0,368.275,375.5,410.72,411.745,31.343283582089555,399.95,-2.4933333333332826,-1.125,-0.1868512110726643,402.5,353.0,352.5,347.0,4600.0
2023-10-30,359.5,359.5,345.0,347.5,347.5,10000.0,365.775,373.4,410.24,411.4925,36.62790697674418,398.0,-2.4399999999999977,-1.1574999999999704,-0.2146892655367231,402.5,353.0,352.5,347.0,4600.0
2023-10-31,343.5,357.0,343.5,356.0,356.0,3600.0,363.45,371.42,409.4533333333333,411.3175,38.764044943820224,396.37,-2.6000000000000227,-1.0774999999999864,-0.2277657266811279,395.5,359.5,347.5,359.5,10000.0
2023-11-01,356.0,361.5,349.0,350.0,350.0,16200.0,361.175,369.2,408.6533333333333,411.1125,38.764044943820224,394.6,-2.8333333333333712,-1.0299999999999727,-0.2407809110629067,390.0,357.0,356.0,343.5,3600.0
2023-11-02,362.0,408.5,357.5,385.0,385.0,136000.0,360.925,368.38,408.32,411.0825,56.0483870967742,393.23,-2.7933333333333508,-0.875,-0.1648590021691973,390.0,361.5,350.0,356.0,16200.0
2023-11-03,362.0,408.5,357.5,385.0,385.0,136000.0,360.675,367.56,407.9866666666667,411.1075,61.77777777777778,392.15,-2.7333333333333485,-0.6374999999999886,-0.1764705882352941,390.0,408.5,385.0,362.0,136000.0
2023-11-04,362.0,408.5,357.5,385.0,385.0,136000.0,360.425,367.06,407.62666666666667,411.205,61.77777777777778,391.27,-2.613333333333344,-0.2875000000000227,-0.1538461538461538,385.0,408.5,385.0,362.0,136000.0
2023-11-05,362.0,408.5,357.5,385.0,385.0,136000.0,361.15,366.36,407.22,411.28,61.77777777777778,390.39,-2.233333333333292,-0.0375000000000227,-0.1566265060240963,385.0,408.5,385.0,362.0,136000.0
2023-11-06,460.0,460.0,460.0,460.0,460.0,44800.0,365.35,368.94,407.79333333333335,411.735,88.92307692307692,391.01,-0.8599999999999568,0.6225000000000023,0.0290827740492169,460.0,408.5,385.0,362.0,136000.0
2023-11-07,510.0,535.0,465.5,535.0,535.0,2817600.0,373.6,374.74,409.3066666666667,412.6,92.0704845814978,393.13,0.9866666666666788,1.517500000000041,0.202247191011236,535.0,460.0,460.0,460.0,44800.0
2023-11-08,510.5,540.0,444.0,444.0,444.0,3036800.0,377.3,376.9,409.53333333333336,413.01,64.49511400651465,393.16,1.546666666666681,1.902499999999975,-0.0022471910112359,535.0,535.0,535.0,510.0,2817600.0
2023-11-09,435.0,474.5,411.5,467.5,467.5,3447000.0,382.75,380.0,410.0733333333333,413.5375,68.46986089644513,393.65,2.4466666666666583,2.3325000000000387,0.050561797752809,535.0,540.0,444.0,510.5,3036800.0
2023-11-10,439.0,447.0,407.5,412.0,412.0,1384800.0,385.425,381.66,409.8733333333333,413.7475,57.94392523364486,393.51,2.653333333333308,2.4675000000000296,-0.0582857142857142,535.0,474.5,467.5,435.0,3447000.0
2023-11-11,439.0,447.0,407.5,412.0,412.0,1384800.0,388.1,383.1,409.78,413.9125,57.94392523364486,393.22,1.986666666666622,2.177500000000009,-0.0604332953249715,535.0,447.0,412.0,439.0,1384800.0
2023-11-12,439.0,447.0,407.5,412.0,412.0,1384800.0,392.025,384.78,409.44666666666666,414.0825,57.94392523364486,392.93,0.1399999999999863,1.482499999999959,-0.0915104740904079,535.0,447.0,412.0,439.0,1384800.0
2023-11-13,423.0,443.0,411.5,428.0,428.0,989400.0,396.225,387.1,409.3733333333333,414.385,60.440985732814525,392.96,-0.160000000000025,1.375,-0.0250569476082004,535.0,447.0,412.0,439.0,1384800.0
2023-11-14,422.0,439.0,422.0,430.0,430.0,441600.0,399.975,389.96,409.20666666666665,414.68,59.76253298153035,392.78,-0.8666666666666742,1.142499999999984,0.0023310023310023,535.0,443.0,428.0,423.0,989400.0
2023-11-15,434.0,445.0,426.5,435.0,435.0,280600.0,404.325,393.02,408.86,415.0,61.24338624338625,393.02,-1.0133333333333212,1.2524999999999975,0.0139860139860139,535.0,439.0,430.0,422.0,441600.0
2023-11-16,440.0,473.0,436.0,450.5,450.5,539800.0,409.225,396.7,408.72,415.3975,59.1352859135286,393.53,-1.0599999999999454,1.4849999999999568,0.0501165501165501,535.0,445.0,435.0,434.0,280600.0
2023-11-17,457.0,461.0,421.5,425.0,425.0,368600.0,412.85,400.36,408.24,415.5525,55.208333333333336,393.76,-1.2066666666666492,1.4700000000000273,-0.0093240093240093,535.0,473.0,450.5,440.0,539800.0
2023-11-18,457.0,461.0,421.5,425.0,425.0,368600.0,416.475,403.6,407.67333333333335,415.825,55.208333333333336,394.0,-1.6999999999999886,1.4399999999999975,-0.03954802259887,535.0,461.0,425.0,457.0,368600.0
2023-11-19,457.0,461.0,421.5,425.0,425.0,368600.0,420.35,406.4,407.2733333333333,416.0975,55.208333333333336,394.24,-1.933333333333337,1.4175000000000182,-0.0406320541760721,535.0,461.0,425.0,457.0,368600.0
2023-11-20,421.0,432.5,409.5,420.0,420.0,232000.0,423.55,409.28,406.7866666666667,416.345,43.63057324840764,394.38,-2.0733333333333235,1.3450000000000273,0.0023866348448686,535.0,461.0,425.0,457.0,368600.0
2023-11-21,420.5,423.5,414.5,416.0,416.0,65000.0,426.85,411.82,406.3733333333333,416.5725,25.514403292181072,394.92,-2.3466666666666924,1.1750000000000114,-0.0246189917936694,535.0,432.5,420.0,421.0,232000.0
2023-11-22,416.5,436.0,416.5,423.5,423.5,97000.0,428.775,414.66,406.0866666666666,416.8375,43.573667711598745,395.56,-2.1533333333333644,1.2849999999999682,-0.007033997655334,535.0,423.5,416.0,420.5,65000.0
2023-11-23,416.5,436.0,416.5,423.5,423.5,97000.0,430.7,417.5,405.8,417.1025,33.82352941176471,396.5,-1.8733333333333348,1.2775000000000318,-0.007033997655334,535.0,436.0,423.5,416.5,97000.0
2023-11-24,419.0,432.0,418.5,422.5,422.5,83200.0,432.575,420.5,405.5,417.2825,56.44171779141104,396.95,-1.773333333333312,1.1850000000000025,-0.0375854214123007,535.0,436.0,423.5,416.5,97000.0
2023-11-25,419.0,432.0,418.5,422.5,422.5,83200.0,434.45,423.16,405.3,417.49,56.44171779141104,397.29,-1.4866666666666788,1.1449999999999818,-0.0011820330969266,535.0,432.0,422.5,419.0,83200.0
2023-11-26,419.0,432.0,418.5,422.5,422.5,83200.0,432.575,426.06,405.0866666666666,417.675,56.44171779141104,397.63,-1.2866666666666902,1.1025000000000205,-0.0058823529411764,535.0,432.0,422.5,419.0,83200.0
2023-11-27,430.0,430.0,416.5,416.5,416.5,52600.0,426.65,427.32,404.5933333333333,417.8775,41.95804195804196,397.85,-1.4933333333333394,1.0400000000000205,0.0072551390568318,467.5,432.0,422.5,419.0,83200.0
2023-11-28,414.0,421.0,411.5,414.5,414.5,43200.0,425.175,428.5,404.26666666666665,418.1175,39.16083916083917,398.03,-1.53333333333336,1.0149999999999864,0.0036319612590798,467.5,430.0,416.5,430.0,52600.0
2023-11-29,414.5,427.5,414.0,422.0,422.0,31600.0,422.9,429.98,404.17333333333335,418.395,41.21621621621621,398.52,-1.3266666666666538,1.1124999999999543,0.0217917675544794,450.5,421.0,414.5,414.0,43200.0
2023-11-30,422.0,422.0,413.0,413.5,413.5,44200.0,422.975,431.12,403.9666666666666,418.63,22.388059701492523,398.74,-1.3333333333333712,1.1399999999999864,0.0012106537530265,450.5,427.5,422.0,414.5,31600.0
2023-12-01,414.0,425.0,414.0,425.0,425.0,61400.0,423.625,429.72,403.91333333333336,418.9425,50.0,399.33,-1.1733333333332894,1.267499999999984,0.0925449871465295,450.5,422.0,413.5,422.0,44200.0
2023-12-02,414.0,425.0,414.0,425.0,425.0,61400.0,424.275,425.32,403.86,419.2725,50.0,400.03,-0.7333333333332916,1.3949999999999818,0.0855683269476372,450.5,425.0,425.0,414.0,61400.0
2023-12-03,414.0,425.0,414.0,425.0,425.0,61400.0,424.125,424.56,403.62666666666667,419.6325,50.0,400.73,-0.6399999999999864,1.5149999999999864,0.1288180610889775,450.5,425.0,425.0,414.0,61400.0
2023-12-04,421.0,429.0,415.5,424.5,424.5,55800.0,423.85,422.84,403.38,419.955,54.63917525773196,401.42,-0.7933333333333508,1.5600000000000025,0.06125,450.5,425.0,425.0,414.0,61400.0
2023-12-05,418.5,434.5,416.0,422.5,422.5,46600.0,423.225,423.26,403.4266666666667,420.26,56.98924731182796,402.46,-0.5399999999999636,1.6299999999999957,0.0419235511713933,450.5,429.0,424.5,421.0,55800.0
2023-12-06,427.5,444.5,425.5,437.5,437.5,159400.0,422.575,424.28,403.5733333333333,420.64,62.96296296296296,403.69,-0.3400000000000318,1.697499999999991,0.0789149198520344,437.5,434.5,422.5,418.5,46600.0
2023-12-07,434.5,434.5,413.0,420.5,420.5,136000.0,422.35,424.62,403.4933333333333,420.935,47.88732394366197,404.7,-0.3666666666666742,1.6625000000000227,0.0369913686806411,437.5,444.5,437.5,427.5,159400.0
2023-12-08,416.5,427.5,414.5,420.0,420.0,51600.0,422.1,424.3,403.4066666666667,420.8525,48.226950354609926,405.7,-0.2199999999999704,1.2200000000000273,0.0357583230579532,437.5,434.5,420.5,434.5,136000.0
2023-12-09,416.5,427.5,414.5,420.0,420.0,51600.0,421.85,423.9,403.1533333333333,420.395,48.226950354609926,406.93,-0.2266666666666879,0.4399999999999977,0.0566037735849056,437.5,427.5,420.0,416.5,51600.0
2023-12-10,416.5,427.5,414.5,420.0,420.0,51600.0,421.85,423.3,403.1133333333333,420.07,48.226950354609926,408.16,-0.3133333333333326,-0.1899999999999977,0.0434782608695651,437.5,427.5,420.0,416.5,51600.0
2023-12-11,422.0,437.5,422.0,427.5,427.5,49600.0,422.425,422.38,403.14666666666665,420.065,57.638888888888886,409.54,-0.4266666666666765,-0.5749999999999886,0.0809102402022756,437.5,427.5,420.0,416.5,51600.0
2023-12-12,430.0,459.0,430.0,435.0,435.0,169200.0,423.0,422.78,403.4333333333333,420.2,63.2258064516129,411.57,-0.0600000000000022,-0.7350000000000136,0.1153846153846154,437.5,437.5,427.5,422.0,49600.0
2023-12-13,433.0,447.0,424.5,432.5,432.5,48000.0,423.45,423.08,403.6933333333333,420.3225,57.24137931034483,413.34,0.2866666666666333,-0.5300000000000296,0.108974358974359,437.5,459.0,435.0,430.0,169200.0
2023-12-14,435.0,435.0,416.5,423.0,423.0,34800.0,423.475,423.0,403.82666666666665,420.3975,56.46258503401361,414.7,0.6733333333333462,0.0024999999999977,0.0846153846153845,437.5,447.0,432.5,433.0,48000.0
2023-12-15,422.0,436.0,422.0,435.0,435.0,39800.0,424.1,423.6,404.12,420.495,56.75675675675676,416.44,1.0066666666666606,0.4250000000000113,0.1740890688259109,437.5,435.0,423.0,435.0,34800.0
2023-12-16,422.0,436.0,422.0,435.0,435.0,39800.0,424.725,424.36,404.73333333333335,420.525,56.75675675675676,418.09,1.5866666666667015,0.4599999999999795,0.1569148936170212,437.5,436.0,435.0,422.0,39800.0
2023-12-17,422.0,436.0,422.0,435.0,435.0,39800.0,425.65,424.82,405.3133333333333,420.5825,56.75675675675676,419.74,1.879999999999996,0.3824999999999932,0.1756756756756756,437.5,436.0,435.0,422.0,39800.0
2023-12-18,427.5,435.5,425.0,426.5,426.5,18400.0,426.25,424.94,405.98,420.4725,51.21951219512195,421.22,2.28666666666669,0.1500000000000341,0.1527027027027028,437.5,436.0,435.0,422.0,39800.0
2023-12-19,424.0,443.0,424.0,443.0,443.0,30200.0,427.3,425.76,406.5533333333333,420.57,60.62176165803109,423.13,2.726666666666688,0.1725000000000136,0.2357043235704323,443.0,435.5,426.5,427.5,18400.0
2023-12-20,443.5,467.5,437.0,456.5,456.5,145800.0,429.45,427.12,407.23333333333335,420.735,60.0,425.14,3.113333333333344,0.2400000000000091,0.2733612273361228,456.5,443.0,443.0,424.0,30200.0
2023-12-21,447.5,458.0,431.5,454.5,454.5,51000.0,430.925,428.4,407.88666666666666,420.89,71.25,427.23,3.153333333333308,0.3650000000000091,0.2677824267782427,456.5,467.5,456.5,443.5,145800.0
2023-12-22,453.0,471.5,452.5,468.5,468.5,105600.0,433.1,430.48,408.7266666666667,421.0,75.93582887700535,428.9,3.413333333333356,0.4175000000000182,0.4047976011994003,468.5,458.0,454.5,447.5,51000.0
2023-12-23,453.0,471.5,452.5,468.5,468.5,105600.0,435.275,432.64,409.56666666666666,421.175,75.93582887700535,430.57,3.5866666666666447,0.7024999999999864,0.3619186046511629,468.5,471.5,468.5,453.0,105600.0
2023-12-24,453.0,471.5,452.5,468.5,468.5,105600.0,437.475,434.5,410.5133333333333,421.0925,75.93582887700535,432.24,3.95999999999998,0.5224999999999795,0.3197183098591549,468.5,471.5,468.5,453.0,105600.0
2023-12-25,469.0,471.0,461.0,468.0,468.0,52400.0,439.75,436.68,411.38666666666666,421.1325,73.41040462427745,433.9,4.153333333333308,0.3974999999999795,0.3448275862068966,468.5,471.5,468.5,453.0,105600.0
2023-12-26,467.5,479.5,466.5,475.0,475.0,72800.0,441.625,438.68,412.44666666666666,420.995,73.25581395348837,434.2,4.560000000000002,0.1050000000000181,0.3475177304964538,475.0,471.0,468.0,469.0,52400.0
2023-12-27,472.5,486.5,472.5,484.0,484.0,63600.0,444.8,441.04,413.7,420.9025,77.83783783783784,433.18,4.973333333333301,-0.097500000000025,0.3730496453900709,484.0,479.5,475.0,467.5,72800.0
2023-12-28,484.0,493.0,475.0,488.5,488.5,44200.0,448.225,443.58,415.0133333333333,420.8325,87.42857142857143,434.07,5.446666666666658,-0.3425000000000295,0.3858156028368793,488.5,486.5,484.0,472.5,63600.0
2023-12-29,481.0,487.5,475.5,483.0,483.0,53400.0,451.375,445.92,416.2533333333333,420.6075,79.62962962962962,434.38,5.740000000000009,-0.4849999999999568,0.3899280575539567,488.5,493.0,488.5,484.0,44200.0
2023-12-30,481.0,487.5,475.5,483.0,483.0,53400.0,454.525,448.34,417.7533333333333,420.5925,79.62962962962962,435.8,6.366666666666674,-0.5400000000000205,0.3567415730337078,488.5,487.5,483.0,481.0,53400.0
2023-12-31,481.0,487.5,475.5,483.0,483.0,53400.0,457.3,450.16,419.18,420.7275,79.62962962962962,437.22,6.7333333333333485,-0.2674999999999841,0.3799999999999999,488.5,487.5,483.0,481.0,53400.0
2024-01-01,481.0,487.5,475.5,483.0,483.0,53400.0,459.7,452.66,420.68666666666667,420.9175,88.9655172413793,438.64,6.986666666666679,0.0150000000000432,0.2545454545454546,488.5,487.5,483.0,481.0,53400.0
2024-01-02,481.0,487.5,475.5,483.0,483.0,53400.0,462.225,455.18,422.1933333333333,421.0925,85.71428571428571,439.74,7.180000000000007,0.2599999999999909,0.2545454545454546,488.5,487.5,483.0,481.0,53400.0
2024-01-03,481.0,487.5,475.5,483.0,483.0,53400.0,465.225,457.7,423.85333333333335,421.2675,81.1764705882353,440.8,7.600000000000023,0.6599999999999682,0.2545454545454546,488.5,487.5,483.0,481.0,53400.0
2024-01-04,489.0,495.0,477.5,494.5,494.5,33200.0,468.2,460.68,425.6666666666667,421.5,88.46153846153847,441.99,7.913333333333355,0.9075000000000272,0.2844155844155844,494.5,487.5,483.0,481.0,53400.0
2024-01-05,493.0,493.0,482.0,487.0,487.0,33200.0,470.8,463.06,427.38,421.6175,70.32967032967034,442.72,8.199999999999989,0.8899999999999864,0.058695652173913,494.5,495.0,494.5,489.0,33200.0
2024-01-06,493.0,493.0,482.0,487.0,487.0,33200.0,473.4,465.14,429.4266666666667,421.8375,70.32967032967034,443.96,8.740000000000009,0.9199999999999592,-0.0897196261682242,494.5,493.0,487.0,493.0,33200.0
2024-01-07,493.0,493.0,482.0,487.0,487.0,33200.0,476.425,467.32,431.3333333333333,422.14,70.32967032967034,445.2,9.139999999999986,1.0475000000000136,0.0968468468468468,494.5,493.0,487.0,493.0,33200.0
2024-01-08,493.0,493.0,482.0,487.0,487.0,33200.0,478.625,469.88,433.0933333333333,422.485,71.11111111111111,446.44,9.239999999999952,1.2175000000000296,0.0417112299465241,494.5,493.0,487.0,493.0,33200.0
2024-01-09,487.0,503.5,487.0,501.5,501.5,43800.0,480.875,472.54,435.14,422.935,75.23809523809524,448.07,9.4733333333333,1.4350000000000025,0.2172330097087378,501.5,493.0,487.0,493.0,33200.0
2024-01-10,495.0,509.5,495.0,505.0,505.0,36400.0,483.4,475.34,437.17333333333335,423.4025,72.34042553191489,449.85,9.79333333333335,1.7849999999999682,0.2257281553398058,505.0,503.5,501.5,487.0,43800.0
2024-01-11,505.0,507.5,495.0,504.5,504.5,52200.0,485.2,478.12,439.2,423.8675,68.6046511627907,451.47,9.773333333333312,2.0300000000000296,0.2245145631067961,505.0,509.5,505.0,495.0,36400.0
2024-01-12,510.0,548.5,510.0,523.5,523.5,156800.0,487.95,482.0,441.48,424.4925,85.84070796460178,453.47,10.146666666666704,2.3525000000000205,0.2231308411214954,523.5,507.5,504.5,505.0,52200.0
2024-01-13,510.0,548.5,510.0,523.5,523.5,156800.0,490.7,485.22,443.82666666666665,425.095,85.84070796460178,455.49,10.733333333333348,2.6100000000000136,0.2174418604651162,523.5,548.5,523.5,510.0,156800.0
2024-01-14,510.0,548.5,510.0,523.5,523.5,156800.0,493.475,487.9,446.06,425.6925,85.84070796460178,457.51,10.920000000000016,2.757499999999993,0.203448275862069,523.5,548.5,523.5,510.0,156800.0
2024-01-15,513.0,523.5,511.5,522.5,522.5,9800.0,495.85,490.62,448.36,426.225,84.34782608695652,459.51,11.186666666666667,2.822500000000048,0.1598224195338513,523.5,548.5,523.5,510.0,156800.0
2024-01-16,513.0,567.0,511.5,564.5,564.5,86200.0,499.875,494.46,450.7533333333333,426.95,90.95477386934674,462.47,11.553333333333342,3.082499999999982,0.3282352941176469,564.5,523.5,522.5,513.0,9800.0
2024-01-17,564.5,568.5,526.5,530.0,530.0,94000.0,501.95,496.92,452.68666666666667,427.5025,67.53731343283582,464.78,11.20666666666665,3.009999999999991,0.2470588235294117,564.5,567.0,564.5,513.0,86200.0
2024-01-18,537.0,550.0,518.0,525.0,525.0,58000.0,504.05,499.18,454.5533333333333,428.03,61.96078431372549,466.84,10.726666666666688,2.934999999999945,0.2352941176470588,564.5,568.5,530.0,564.5,94000.0
2024-01-19,525.0,555.0,512.0,549.5,549.5,76000.0,507.375,502.44,456.7466666666666,428.665,71.62629757785467,469.56,10.686666666666667,2.972500000000025,0.3083333333333333,564.5,550.0,525.0,537.0,58000.0
2024-01-20,525.0,555.0,512.0,549.5,549.5,76000.0,510.7,505.42,457.94,429.27,71.62629757785467,472.05,9.579999999999984,3.044999999999959,0.3209134615384614,564.5,555.0,549.5,525.0,76000.0
2024-01-21,525.0,555.0,512.0,549.5,549.5,76000.0,514.025,508.04,458.1333333333333,429.8725,71.62629757785467,474.54,7.3799999999999955,2.9225000000000136,0.2975206611570247,564.5,555.0,549.5,525.0,76000.0
2024-01-22,549.5,572.0,541.0,567.5,567.5,55200.0,518.25,511.2,459.78,430.6425,74.76923076923077,477.39,7.093333333333305,3.1399999999999864,0.3400236127508855,567.5,555.0,549.5,525.0,76000.0
2024-01-23,568.5,583.5,562.5,576.5,576.5,74000.0,522.925,514.94,461.23333333333335,431.4125,73.88535031847134,480.43,6.680000000000007,3.38250000000005,0.3644970414201183,576.5,572.0,567.5,549.5,55200.0
2024-01-24,576.5,580.0,572.0,576.0,576.0,34000.0,527.0,518.66,463.42,432.18,73.05194805194805,483.5,6.673333333333346,3.5149999999999864,0.3633136094674556,576.5,583.5,576.5,568.5,74000.0
2024-01-25,585.0,615.0,581.0,598.0,598.0,58400.0,532.55,523.26,465.9,433.0575,76.63817663817665,486.71,7.9599999999999795,3.787500000000023,0.4153846153846154,598.0,580.0,576.0,576.5,34000.0
2024-01-26,597.0,605.5,585.0,605.5,605.5,49600.0,538.475,528.16,468.48,433.9325,75.0,490.41,10.346666666666692,4.060000000000002,0.4537815126050419,605.5,615.0,598.0,585.0,58400.0
2024-01-27,597.0,605.5,585.0,605.5,605.5,49600.0,544.4,533.06,470.8466666666667,434.8125,75.0,494.12,11.06666666666672,4.170000000000016,0.4607961399276237,605.5,605.5,605.5,597.0,49600.0
2024-01-28,597.0,605.5,585.0,605.5,605.5,49600.0,550.325,537.96,473.18666666666667,435.6875,75.0,497.83,11.95333333333332,4.274999999999977,0.4348341232227488,605.5,605.5,605.5,597.0,49600.0
2024-01-29,611.0,611.0,580.0,582.0,582.0,51800.0,554.35,541.46,475.14666666666665,436.41,65.95174262734585,501.07,11.726666666666633,4.230000000000018,0.4074969770253929,605.5,605.5,605.5,597.0,49600.0
2024-01-30,567.0,592.5,565.0,592.5,592.5,32000.0,558.725,545.68,477.04,437.2075,59.03225806451613,504.37,11.140000000000043,4.149999999999977,0.3941176470588234,605.5,611.0,582.0,611.0,51800.0
2024-01-31,586.5,592.0,565.0,592.0,592.0,38600.0,563.1,549.88,479.26666666666665,438.0025,75.6198347107438,507.51,10.786666666666632,4.069999999999993,0.3929411764705881,605.5,592.5,592.5,567.0,32000.0
2024-02-01,577.0,629.0,577.0,617.0,617.0,207800.0,567.775,555.08,481.82666666666665,438.9225,82.6241134751773,511.2,10.97999999999996,4.110000000000014,0.4517647058823528,617.0,592.0,592.0,586.5,38600.0
2024-02-02,542.0,556.0,508.5,546.5,546.5,345600.0,568.925,557.46,483.44666666666666,439.49,49.19786096256684,513.67,10.259999999999993,3.802500000000009,0.287396937573616,617.0,629.0,617.0,577.0,207800.0
2024-02-03,542.0,556.0,508.5,546.5,546.5,345600.0,570.075,559.26,485.1333333333333,440.045,49.19786096256684,515.9,9.98666666666668,3.634999999999991,0.293491124260355,617.0,556.0,546.5,542.0,345600.0
2024-02-04,542.0,556.0,508.5,546.5,546.5,345600.0,571.275,560.92,486.8733333333333,440.565,49.19786096256684,518.13,9.833333333333314,3.357500000000016,0.2491428571428571,617.0,556.0,546.5,542.0,345600.0
2024-02-05,561.5,696.5,555.0,696.5,696.5,1060400.0,577.875,568.6,490.5133333333333,441.8275,70.21943573667711,523.36,11.24666666666667,3.8249999999999886,0.6563614744351962,696.5,556.0,546.5,542.0,345600.0
2024-02-06,705.0,797.5,681.0,727.0,727.0,1928200.0,587.725,576.74,494.56,443.3025,72.09985315712188,529.37,12.733333333333348,4.379999999999996,0.730952380952381,727.0,696.5,696.5,561.5,1060400.0
2024-02-07,705.5,763.5,700.0,735.0,735.0,426800.0,598.225,585.2,498.7266666666667,444.8175,72.84482758620689,535.21,15.28000000000003,5.327499999999986,0.75,735.0,797.5,727.0,705.0,1928200.0
2024-02-08,723.0,725.0,693.5,710.0,710.0,157800.0,606.25,592.66,502.56,446.2075,65.95441595441595,540.28,17.426666666666677,6.162499999999966,0.6904761904761905,735.0,763.5,735.0,705.5,426800.0
2024-02-09,696.0,732.0,694.0,706.5,706.5,108200.0,614.1,600.02,506.3466666666667,447.535,64.55331412103746,545.32,19.47333333333336,6.970000000000027,0.6526315789473685,735.0,725.0,710.0,723.0,157800.0
2024-02-10,696.0,732.0,694.0,706.5,706.5,108200.0,621.95,605.7,510.2133333333333,448.82,64.55331412103746,550.08,19.69999999999999,6.992500000000007,0.6241379310344828,735.0,732.0,706.5,696.0,108200.0
2024-02-11,696.0,732.0,694.0,706.5,706.5,108200.0,628.9,612.76,514.1066666666667,450.15,64.55331412103746,554.84,19.54666666666668,6.847499999999968,0.6335260115606935,735.0,732.0,706.5,696.0,108200.0
2024-02-12,696.0,732.0,694.0,706.5,706.5,108200.0,635.4,620.02,517.9,451.5075,69.24265842349304,559.6,19.17333333333329,6.689999999999998,0.6702127659574468,735.0,732.0,706.5,696.0,108200.0
2024-02-13,706.5,752.0,702.0,725.5,725.5,245400.0,642.875,627.06,522.06,453.0025,70.03012048192771,564.75,19.499999999999943,6.795000000000016,0.667816091954023,735.0,732.0,706.5,696.0,108200.0
2024-02-14,717.5,750.0,702.0,716.5,716.5,218400.0,648.8,633.74,525.9466666666667,454.4525,68.28193832599119,569.58,19.600000000000023,6.917499999999961,0.6471264367816092,735.0,752.0,725.5,706.5,245400.0
2024-02-15,720.5,720.5,665.5,665.5,665.5,138800.0,651.8,638.38,529.1533333333333,455.6475,56.61664392905866,573.21,18.94,6.827499999999986,0.5298850574712644,735.0,750.0,716.5,717.5,218400.0
2024-02-16,671.0,697.5,656.5,673.0,673.0,85600.0,655.175,642.6,532.46,456.9125,70.84019769357496,576.9,18.35333333333336,6.7625000000000455,0.577960140679953,735.0,720.5,665.5,720.5,138800.0
2024-02-17,671.0,697.5,656.5,673.0,673.0,85600.0,658.55,646.46,535.7733333333333,458.1525,70.84019769357496,580.7,17.873333333333335,6.644999999999982,0.5191873589164786,735.0,697.5,673.0,671.0,85600.0
2024-02-18,671.0,697.5,656.5,673.0,673.0,85600.0,663.1,650.34,539.1133333333333,459.48,70.84019769357496,584.5,17.0533333333334,6.4775000000000205,0.4742606790799561,735.0,697.5,673.0,671.0,85600.0
2024-02-19,673.5,696.0,664.5,675.0,675.0,70200.0,667.225,653.42,542.28,460.8225,43.08681672025723,588.34,16.333333333333258,6.3700000000000045,0.4851485148514851,735.0,697.5,673.0,671.0,85600.0
2024-02-20,677.5,688.0,653.0,657.5,657.5,63400.0,670.5,655.5,545.44,462.085,25.6140350877193,591.83,16.286666666666747,6.4375,0.4034151547491995,735.0,696.0,675.0,673.5,70200.0
2024-02-21,649.0,661.5,629.5,629.5,629.5,110200.0,671.125,656.46,548.2333333333333,463.2075,17.538461538461533,594.76,15.773333333333312,6.294999999999959,0.343649946638207,735.0,688.0,657.5,677.5,63400.0
2024-02-22,627.5,641.5,615.5,630.0,630.0,36400.0,675.3,657.44,551.0333333333333,464.3325,21.014492753623188,597.7,15.259999999999993,6.180000000000007,0.3447171824973318,735.0,661.5,629.5,649.0,110200.0
2024-02-23,627.5,641.5,615.5,630.0,630.0,36400.0,679.475,659.36,553.8333333333334,465.445,21.56133828996282,600.41,14.720000000000027,5.964999999999975,0.3461538461538462,735.0,641.5,630.0,627.5,36400.0
2024-02-24,627.5,641.5,615.5,630.0,630.0,36400.0,683.65,660.86,556.5333333333333,466.605,21.56133828996282,603.27,14.25333333333333,5.782500000000027,0.3263157894736841,735.0,641.5,630.0,627.5,36400.0
2024-02-25,627.5,641.5,615.5,630.0,630.0,36400.0,680.325,662.38,559.1333333333333,467.7775,21.56133828996282,606.13,13.693333333333271,5.692499999999996,0.3016528925619834,735.0,641.5,630.0,627.5,36400.0
2024-02-26,652.5,653.5,608.0,610.0,610.0,79000.0,674.475,662.1,561.5,468.8525,18.77022653721683,608.59,13.266666666666652,5.645000000000039,0.2487205731832138,735.0,641.5,630.0,627.5,36400.0
2024-02-27,606.5,622.5,603.0,610.0,610.0,72600.0,668.225,664.64,563.9933333333333,469.9275,7.380073800738003,611.05,12.960000000000036,5.595000000000027,0.2629399585921326,725.5,653.5,610.0,652.5,79000.0
2024-02-28,600.5,640.0,600.5,621.0,621.0,54000.0,663.775,667.62,566.4733333333334,471.0575,15.27272727272728,613.44,12.639999999999986,5.612500000000011,0.2857142857142858,725.5,622.5,610.0,606.5,72600.0
2024-02-29,620.0,628.5,605.0,621.0,621.0,34600.0,659.5,670.6,568.9533333333334,472.1875,24.27745664739884,615.76,12.420000000000073,5.582499999999982,0.2857142857142858,725.5,640.0,621.0,600.5,54000.0
2024-03-01,621.0,640.0,615.0,619.5,619.5,45000.0,655.15,667.52,571.4133333333333,473.3825,16.77018633540372,618.06,12.279999999999973,5.605000000000018,0.2826086956521738,725.5,628.5,621.0,620.0,34600.0
2024-03-02,621.0,640.0,615.0,619.5,619.5,45000.0,650.8,663.22,573.9866666666667,474.57,16.77018633540372,619.98,12.48666666666668,5.717499999999973,0.2826086956521738,725.5,640.0,619.5,621.0,45000.0
2024-03-03,621.0,640.0,615.0,619.5,619.5,45000.0,646.45,658.6,576.34,475.75,16.77018633540372,621.9,12.346666666666692,5.822499999999991,0.2826086956521738,725.5,640.0,619.5,621.0,45000.0
2024-03-04,628.0,639.0,616.0,622.0,622.0,38400.0,641.275,655.08,578.5466666666666,476.785,17.28395061728395,623.87,12.073333333333268,5.7275000000000205,0.2578361981799797,716.5,640.0,619.5,621.0,45000.0
2024-03-05,625.0,639.5,618.5,634.0,634.0,52000.0,637.15,652.18,580.94,477.905,34.437086092715234,626.1,11.98666666666668,5.717499999999973,0.3018480492813142,675.0,639.0,622.0,628.0,38400.0
2024-03-06,627.5,642.5,620.5,633.5,633.5,29800.0,635.55,649.26,583.14,479.0225,54.16666666666666,627.48,11.726666666666688,5.639999999999986,0.3008213552361396,675.0,639.5,634.0,625.0,52000.0
2024-03-07,633.5,637.0,621.5,631.5,631.5,38000.0,633.475,646.26,585.3133333333334,480.13,51.51515151515152,629.51,11.32666666666671,5.560000000000002,0.2967145790554415,675.0,642.5,633.5,627.5,29800.0
2024-03-08,631.5,631.5,620.0,631.5,631.5,19000.0,631.4,643.26,587.4866666666667,481.2275,51.51515151515152,631.64,11.146666666666649,5.4775000000000205,0.2967145790554415,675.0,637.0,631.5,633.5,38000.0
2024-03-09,631.5,631.5,620.0,631.5,631.5,19000.0,629.325,639.5,589.6666666666666,482.3075,51.51515151515152,633.28,11.120000000000005,5.52249999999998,0.259222333000997,675.0,631.5,631.5,631.5,19000.0
2024-03-10,631.5,631.5,620.0,631.5,631.5,19000.0,627.15,636.1,591.7533333333333,483.38,51.51515151515152,634.92,10.813333333333276,5.475000000000023,0.2504950495049505,657.5,631.5,631.5,631.5,19000.0
2024-03-11,621.0,630.5,614.5,629.0,629.0,23400.0,625.725,634.64,593.6866666666666,484.4175,79.6875,636.51,10.546666666666624,5.395000000000039,0.2467789890981169,634.0,631.5,631.5,631.5,19000.0
2024-03-12,628.0,641.5,617.0,638.5,638.5,23800.0,626.175,633.26,595.6866666666666,485.475,84.33734939759036,637.93,10.37333333333322,5.345000000000027,0.2196752626552054,638.5,630.5,629.0,621.0,23400.0
2024-03-13,646.5,650.0,622.5,627.0,627.0,28400.0,626.025,631.42,597.6066666666667,486.475,57.14285714285714,638.94,10.120000000000005,5.247500000000002,0.1977077363896848,638.5,641.5,638.5,628.0,23800.0
2024-03-14,626.5,642.5,621.5,642.5,642.5,39200.0,626.65,630.2,599.7333333333333,487.5525,68.69565217391305,640.27,10.06666666666672,5.2450000000000045,0.2273161413562558,642.5,650.0,627.0,646.5,28400.0
2024-03-15,643.0,643.0,625.0,639.5,639.5,21200.0,627.125,628.78,601.82,488.655,66.94915254237289,641.1,10.06666666666672,5.274999999999977,0.2239234449760765,642.5,642.5,642.5,626.5,39200.0
2024-03-16,643.0,643.0,625.0,639.5,639.5,21200.0,627.6,628.06,603.9066666666666,489.6675,66.94915254237289,641.78,10.220000000000027,5.25,0.1328609388839681,642.5,643.0,639.5,643.0,21200.0
2024-03-17,643.0,643.0,625.0,639.5,639.5,21200.0,629.075,628.46,605.9933333333333,490.6975,66.94915254237289,642.46,10.306666666666729,5.222499999999968,0.2066037735849055,642.5,643.0,639.5,643.0,21200.0
2024-03-18,639.5,653.5,632.0,646.5,646.5,18600.0,630.9,629.12,608.1733333333333,491.7175,69.29133858267717,643.28,10.566666666666606,5.24249999999995,0.2314285714285715,646.5,643.0,639.5,643.0,21200.0
2024-03-19,646.5,661.0,639.0,653.0,653.0,19000.0,632.5,630.04,610.2866666666666,492.6775,66.37931034482759,644.7,10.553333333333285,5.125,0.1883530482256596,653.0,653.5,646.5,639.5,18600.0
2024-03-20,646.5,661.0,639.0,653.0,653.0,19000.0,634.1,630.96,612.5,493.6375,66.95652173913044,645.91,10.67999999999995,4.982500000000016,0.1883530482256596,653.0,661.0,653.0,646.5,19000.0
2024-03-21,656.5,656.5,632.0,632.0,632.0,23400.0,634.725,631.04,614.4333333333333,494.4925,50.326797385620914,646.71,10.526666666666642,4.824999999999989,0.1501364877161055,653.0,661.0,653.0,646.5,19000.0
2024-03-22,628.0,652.0,628.0,648.0,648.0,23800.0,636.15,632.56,616.58,495.395,58.91891891891892,647.33,10.586666666666702,4.697499999999991,0.1418502202643172,653.0,656.5,632.0,656.5,23400.0
2024-03-23,628.0,652.0,628.0,648.0,648.0,23800.0,637.575,634.08,618.7266666666667,496.36,58.91891891891892,649.36,10.5533333333334,4.642500000000041,0.1240242844752819,653.0,652.0,648.0,628.0,23800.0
2024-03-24,628.0,652.0,628.0,648.0,648.0,23800.0,638.875,635.16,620.68,497.3175,58.91891891891892,651.39,10.393333333333317,4.639999999999986,0.125,653.0,652.0,648.0,628.0,23800.0
2024-03-25,645.0,653.5,636.5,648.0,648.0,11000.0,639.575,636.24,622.5866666666667,498.3225,60.55555555555556,653.42,10.086666666666702,4.685000000000002,0.0836120401337792,653.0,652.0,648.0,628.0,23800.0
2024-03-26,648.0,650.0,633.0,647.5,647.5,7800.0,640.275,637.36,624.4933333333333,499.335,55.55555555555556,652.44,10.06000000000006,4.842499999999973,0.0693641618497109,653.0,653.5,648.0,645.0,11000.0
2024-03-27,650.0,699.0,650.0,692.5,692.5,72600.0,643.325,640.28,626.7466666666667,500.5725,78.60262008733625,651.75,10.166666666666629,5.177500000000009,0.1436829066886871,692.5,650.0,647.5,648.0,7800.0
2024-03-28,707.5,709.5,660.0,663.0,663.0,40000.0,644.9,642.02,628.6066666666667,501.6625,57.976653696498055,650.31,9.879999999999995,5.302500000000009,0.0949628406275804,692.5,699.0,692.5,650.0,72600.0
2024-03-29,665.0,705.0,660.0,705.0,705.0,33000.0,648.575,645.34,631.0266666666666,503.0,69.55223880597015,650.21,10.346666666666692,5.6825000000000045,0.2113402061855669,705.0,709.5,663.0,707.5,40000.0
2024-03-30,665.0,705.0,660.0,705.0,705.0,33000.0,652.25,648.18,633.46,504.3325,69.55223880597015,650.18,10.873333333333337,6.009999999999991,0.1898734177215189,705.0,705.0,705.0,665.0,33000.0
2024-03-31,665.0,705.0,660.0,705.0,705.0,33000.0,656.05,651.04,635.3333333333334,505.59,69.55223880597015,650.15,10.840000000000032,6.254999999999996,0.1908783783783783,705.0,705.0,705.0,665.0,33000.0
2024-04-01,713.5,713.5,676.5,681.0,681.0,15200.0,658.175,653.02,637.3466666666667,506.8,59.34959349593496,649.64,10.600000000000025,6.2275000000000205,0.1037277147487845,705.0,705.0,705.0,665.0,33000.0
2024-04-02,685.5,706.5,685.5,696.0,696.0,17000.0,661.625,655.6,639.6266666666667,508.135,61.13989637305699,649.43,11.019999999999982,6.472499999999968,0.27355901189387,705.0,713.5,681.0,713.5,15200.0
2024-04-03,681.0,699.5,668.5,698.0,698.0,26400.0,664.4,658.26,641.6066666666667,509.48,61.53846153846154,648.88,10.58000000000004,6.480000000000018,0.2772186642268983,705.0,706.5,696.0,685.5,17000.0
2024-04-04,683.0,695.0,665.0,670.5,670.5,28400.0,665.95,659.82,643.22,510.6875,59.55334987593052,647.96,9.759999999999993,6.355000000000018,0.2268984446477584,705.0,699.5,698.0,681.0,26400.0
2024-04-05,655.5,683.5,655.5,683.5,683.5,13400.0,668.15,662.0,645.0066666666667,511.96,58.94206549118388,648.32,9.67333333333329,6.3700000000000045,-0.018664752333094,705.0,695.0,670.5,683.0,28400.0
2024-04-06,655.5,683.5,655.5,683.5,683.5,13400.0,670.35,663.8,646.5533333333333,513.165,58.94206549118388,648.53,9.206666666666592,6.364999999999952,-0.0598349381017881,705.0,683.5,683.5,655.5,13400.0
2024-04-07,655.5,683.5,655.5,683.5,683.5,13400.0,672.2,666.06,647.98,514.3675,58.94206549118388,648.74,8.353333333333353,6.232499999999959,-0.0700680272108843,705.0,683.5,683.5,655.5,13400.0
2024-04-08,698.0,705.0,688.5,705.0,705.0,6400.0,674.8,668.56,649.7,515.7975,62.95454545454545,649.38,8.093333333333362,6.317499999999996,-0.0070422535211267,705.0,683.5,683.5,655.5,13400.0
2024-04-09,710.0,723.5,705.0,723.5,723.5,7000.0,678.325,671.92,651.3733333333333,517.2825,65.96638655462185,650.35,8.153333333333308,6.595000000000027,0.0240622788393489,723.5,705.0,705.0,698.0,6400.0
2024-04-10,725.0,740.5,720.0,725.5,725.5,13400.0,683.0,675.36,652.9733333333334,518.7775,58.46153846153846,651.71,7.966666666666697,6.817500000000052,0.0268931351733898,725.5,723.5,723.5,710.0,7000.0
2024-04-11,725.5,736.0,707.5,707.5,707.5,6400.0,685.975,678.08,654.3333333333334,520.1825,62.12534059945504,653.27,7.780000000000086,7.017500000000041,0.0014154281670204,725.5,740.5,725.5,725.0,13400.0
2024-04-12,707.5,725.0,707.5,710.0,710.0,1800.0,689.075,680.62,655.7266666666667,521.5375,51.73611111111112,654.87,7.74666666666667,7.170000000000073,0.0049539985845719,725.5,736.0,707.5,725.5,6400.0
2024-04-13,707.5,725.0,707.5,710.0,710.0,1800.0,692.175,682.9,657.4333333333333,522.9725,51.73611111111112,656.47,7.733333333333235,7.1749999999999545,-0.0213645761543762,725.5,725.0,710.0,707.5,1800.0
2024-04-14,707.5,725.0,707.5,710.0,710.0,1800.0,695.275,685.18,659.0,524.3975,51.73611111111112,658.07,7.626666666666665,7.115000000000009,-0.0090718771807396,725.5,725.0,710.0,707.5,1800.0
2024-04-15,710.0,734.0,701.0,734.0,734.0,2200.0,699.6,689.26,660.8933333333333,526.0,68.40277777777777,660.15,7.919999999999959,7.222499999999968,0.1029301277235161,734.0,725.0,710.0,707.5,1800.0
2024-04-16,729.5,730.0,725.0,725.0,725.0,2800.0,701.225,692.34,662.3333333333334,527.56,60.5072463768116,662.45,8.0,7.377499999999941,0.0772659732540861,734.0,734.0,734.0,710.0,2200.0
2024-04-17,725.0,725.0,682.0,710.0,710.0,6400.0,703.575,694.82,664.5133333333333,529.045,53.97350993377483,664.45,8.786666666666633,7.507499999999936,0.0549777117384844,734.0,730.0,725.0,729.5,2800.0
2024-04-18,710.0,729.5,710.0,725.0,725.0,2800.0,704.575,697.9,666.8933333333333,530.605,69.67509025270758,666.53,9.460000000000036,7.63250000000005,0.0772659732540861,734.0,725.0,710.0,725.0,6400.0
2024-04-19,718.5,718.5,682.5,703.0,703.0,7000.0,704.475,700.1,668.98,532.175,56.61016949152543,668.17,9.980000000000018,7.777499999999918,0.0414814814814814,734.0,729.5,725.0,710.0,2800.0
2024-04-20,718.5,718.5,682.5,703.0,703.0,7000.0,704.375,702.32,669.0666666666667,533.7325,56.61016949152543,669.84,8.173333333333403,7.732499999999959,0.0692015209125476,734.0,718.5,703.0,718.5,7000.0
2024-04-21,718.5,718.5,682.5,703.0,703.0,7000.0,705.475,702.74,668.7466666666667,535.365,56.61016949152543,671.51,6.4133333333332985,7.805000000000064,0.1167593328038125,734.0,718.5,703.0,718.5,7000.0
2024-04-22,712.5,712.5,687.0,702.5,702.5,10400.0,705.8,704.32,668.3133333333334,536.8775,49.01185770750988,673.17,3.800000000000068,7.832500000000095,0.1150793650793651,734.0,718.5,703.0,718.5,7000.0
2024-04-23,690.0,690.0,690.0,690.0,690.0,600.0,705.4,703.72,668.0466666666666,538.3,36.09958506224067,674.53,1.1533333333333076,7.694999999999936,0.0952380952380953,734.0,712.5,702.5,712.5,10400.0
2024-04-24,693.0,715.0,690.0,715.0,715.0,3600.0,707.625,704.12,668.16,539.8475,46.34146341463415,676.15,-0.82000000000005,7.672500000000014,0.1349206349206348,734.0,690.0,690.0,690.0,600.0
2024-04-25,728.5,728.5,699.5,711.0,711.0,5400.0,709.0,704.36,668.22,541.375,51.35135135135135,677.7,-0.8466666666666924,7.642500000000041,0.1285714285714285,734.0,715.0,715.0,693.0,3600.0
2024-04-26,720.0,720.0,711.5,711.5,711.5,3400.0,710.4,705.58,668.2866666666666,542.905,50.588235294117645,679.3,-0.4600000000000364,7.539999999999964,0.1663934426229507,734.0,728.5,711.0,728.5,5400.0
2024-04-27,720.0,720.0,711.5,711.5,711.5,3400.0,711.8,706.2,668.3533333333334,544.475,50.588235294117645,680.9,0.0399999999999636,7.597499999999968,0.1663934426229507,734.0,720.0,711.5,720.0,3400.0
2024-04-28,720.0,720.0,711.5,711.5,711.5,3400.0,712.125,706.74,668.1666666666666,546.02,50.588235294117645,682.5,0.1200000000000045,7.720000000000027,0.14573268921095,734.0,720.0,711.5,720.0,3400.0
2024-04-29,720.0,720.0,711.5,711.5,711.5,3400.0,711.525,708.38,668.1,547.6,39.130434782608695,684.1,-0.0599999999999454,7.752500000000055,0.14573268921095,734.0,720.0,711.5,720.0,3400.0
2024-04-30,710.5,722.0,690.0,690.0,690.0,14400.0,709.75,708.64,668.4266666666666,549.1,34.91379310344827,685.32,0.2066666666665924,7.725000000000023,0.1138014527845037,734.0,720.0,711.5,720.0,3400.0
2024-05-01,725.0,725.5,692.0,707.5,707.5,15800.0,709.75,709.6,668.8866666666667,550.6875,48.9451476793249,686.7,0.6000000000000227,7.782500000000027,0.142050040355125,734.0,722.0,690.0,710.5,14400.0
2024-05-02,707.5,707.5,650.0,695.0,695.0,18000.0,709.0,710.06,669.18,552.2125,37.06896551724139,688.06,0.8266666666665969,7.737499999999954,0.1218724778046811,734.0,725.5,707.5,725.0,15800.0
2024-05-03,707.5,707.5,650.0,695.0,695.0,18000.0,708.25,709.66,669.4733333333334,553.835,45.74468085106383,689.11,1.3066666666667288,7.815000000000055,0.117363344051447,734.0,707.5,695.0,707.5,18000.0
2024-05-04,707.5,707.5,650.0,695.0,695.0,18000.0,707.5,708.52,669.74,555.43,45.74468085106383,690.22,1.6399999999999864,7.829999999999927,0.0962145110410095,734.0,707.5,695.0,707.5,18000.0
2024-05-05,707.5,707.5,650.0,695.0,695.0,18000.0,705.55,707.3,670.24,557.055,45.74468085106383,691.33,1.8133333333333888,7.954999999999927,0.0970797158642462,725.0,707.5,695.0,707.5,18000.0
2024-05-06,707.5,707.5,650.0,695.0,695.0,18000.0,704.05,706.8,671.1133333333333,558.68,45.98930481283423,692.44,2.226666666666688,7.99249999999995,0.1005542359461599,725.0,707.5,695.0,707.5,18000.0
2024-05-07,715.0,715.0,664.5,670.5,670.5,12200.0,702.075,705.22,671.6533333333333,560.24,40.75829383886256,692.92,2.4733333333333576,8.027500000000032,0.0617577197149643,725.0,707.5,695.0,707.5,18000.0
2024-05-08,667.0,670.0,650.0,650.0,650.0,6600.0,698.325,702.82,671.92,561.6975,17.82178217821783,692.86,2.446666666666601,7.862499999999954,0.0292953285827395,715.0,715.0,670.5,715.0,12200.0
2024-05-09,650.0,662.5,615.0,638.0,638.0,10800.0,695.075,699.94,672.0266666666666,563.095,16.513761467889907,692.56,2.2866666666666333,7.665000000000077,0.0102929532858273,715.0,670.0,650.0,667.0,6600.0
2024-05-10,624.0,631.0,594.0,594.0,594.0,11200.0,689.625,694.34,671.5466666666666,564.3975,11.47540983606558,691.8,1.3066666666666151,7.342500000000086,-0.0556438791732909,715.0,662.5,638.0,650.0,10800.0
2024-05-11,624.0,631.0,594.0,594.0,594.0,11200.0,684.175,689.1,671.3333333333334,565.6475,11.47540983606558,690.72,0.2200000000000272,6.967500000000086,-0.0696945967110415,715.0,631.0,594.0,624.0,11200.0
2024-05-12,624.0,631.0,594.0,594.0,594.0,11200.0,678.75,684.46,671.12,566.8425,11.47540983606558,689.64,-0.533333333333303,6.602499999999964,-0.0526315789473684,715.0,631.0,594.0,624.0,11200.0
2024-05-13,586.0,591.0,550.0,588.5,588.5,7400.0,673.675,679.0,670.6866666666666,568.045,11.075949367088596,688.45,-1.2333333333333485,6.347499999999968,-0.0840466926070039,715.0,631.0,594.0,624.0,11200.0
2024-05-14,624.0,624.0,565.5,572.0,572.0,16600.0,666.525,673.76,670.0333333333333,569.1425,11.437908496732035,686.93,-1.99333333333334,6.047500000000014,-0.1055512118842846,711.5,591.0,588.5,586.0,7400.0
2024-05-15,570.0,599.5,570.0,572.5,572.5,6000.0,659.6,668.54,669.4066666666666,570.2425,0.3676470588235219,685.43,-2.1399999999999864,5.844999999999914,-0.1047693510555121,711.5,624.0,572.0,624.0,16600.0
2024-05-16,571.5,618.0,571.5,583.5,583.5,7400.0,653.2,663.76,668.9266666666666,571.3975,8.550185873605955,683.25,-2.406666666666752,5.75,-0.0875684128225176,711.5,599.5,572.5,570.0,6000.0
2024-05-17,583.5,662.5,583.5,592.5,592.5,19200.0,647.25,659.36,668.5666666666667,572.6225,14.285714285714278,681.84,-2.553333333333285,5.779999999999973,-0.0835266821345708,711.5,618.0,583.5,571.5,7400.0
2024-05-18,583.5,662.5,583.5,592.5,592.5,19200.0,641.3,655.46,668.1733333333333,573.805,14.285714285714278,679.59,-2.513333333333321,5.759999999999991,-0.0926493108728943,711.5,662.5,592.5,583.5,19200.0
2024-05-19,583.5,662.5,583.5,592.5,592.5,19200.0,635.35,650.56,667.62,575.0175,14.285714285714278,677.34,-2.4133333333332985,5.875,-0.0926493108728943,707.5,662.5,592.5,583.5,19200.0
2024-05-20,592.5,621.0,577.5,580.0,580.0,23400.0,629.85,645.32,666.9066666666666,575.9925,13.141025641025635,674.84,-2.5,5.75,-0.0822784810126582,707.5,662.5,592.5,583.5,19200.0
2024-05-21,580.0,585.0,563.5,585.0,585.0,4200.0,623.725,640.26,666.2866666666666,576.9925,18.68131868131869,672.92,-2.6399999999999864,5.594999999999914,-0.0972222222222222,695.0,621.0,580.0,592.5,23400.0
2024-05-22,585.0,599.0,566.0,566.0,566.0,5400.0,617.275,634.44,665.4133333333333,577.8975,18.88888888888889,670.32,-3.1533333333334213,5.275000000000091,-0.1265432098765432,695.0,585.0,585.0,580.0,4200.0
2024-05-23,568.0,568.5,507.5,510.5,510.5,20600.0,608.05,626.4,663.8,578.525,14.285714285714292,666.57,-4.373333333333335,4.720000000000027,-0.2121913580246913,695.0,599.0,566.0,585.0,5400.0
2024-05-24,511.0,522.0,511.0,522.0,522.0,5600.0,599.4,618.82,662.34,578.835,25.342465753424666,663.6,-5.279999999999973,3.817499999999996,-0.1944444444444444,695.0,568.5,510.5,568.0,20600.0
2024-05-25,511.0,522.0,511.0,522.0,522.0,5600.0,590.75,612.1,660.9133333333333,578.77,25.342465753424666,660.37,-5.993333333333339,2.777500000000032,-0.1938223938223938,695.0,522.0,522.0,511.0,5600.0
2024-05-26,511.0,522.0,511.0,522.0,522.0,5600.0,582.1,604.68,659.36,579.16,25.342465753424666,657.14,-6.92666666666662,2.167500000000018,-0.2462093862815884,670.5,522.0,522.0,511.0,5600.0
2024-05-27,557.0,671.0,515.0,521.0,521.0,281200.0,574.625,597.72,657.9466666666667,579.4275,26.14840989399292,653.89,-7.466666666666583,1.5299999999999727,-0.2141779788838612,650.0,522.0,522.0,511.0,5600.0
2024-05-28,521.5,548.0,519.5,530.5,530.5,15000.0,568.65,591.14,656.4533333333334,580.02,34.5724907063197,650.4,-7.346666666666579,1.4950000000000043,-0.2475177304964538,638.0,671.0,521.0,557.0,281200.0
2024-05-29,528.0,530.0,509.0,517.5,517.5,9400.0,562.625,584.04,654.8266666666667,580.5475,31.29251700680273,646.28,-7.513333333333321,1.7124999999999773,-0.2659574468085106,594.0,548.0,530.5,521.5,15000.0
2024-05-30,509.0,525.0,490.5,499.0,499.0,19000.0,557.875,576.2,652.9533333333334,580.9825,22.6537216828479,641.75,-7.959999999999923,2.2124999999999773,-0.2921985815602836,594.0,530.0,517.5,528.0,9400.0
2024-05-31,499.5,530.0,499.5,526.0,526.0,11000.0,554.475,569.44,651.44,581.4725,30.72463768115942,638.12,-7.919999999999959,2.3125,-0.2276064610866373,594.0,525.0,499.0,509.0,19000.0
2024-06-01,499.5,530.0,499.5,526.0,526.0,11000.0,551.075,563.66,649.8333333333334,581.9525,30.72463768115942,634.44,-8.113333333333344,2.5249999999999773,-0.2442528735632183,592.5,530.0,526.0,499.5,11000.0
2024-06-02,499.5,530.0,499.5,526.0,526.0,11000.0,547.95,558.7,648.14,582.4075,30.72463768115942,630.76,-8.31333333333339,2.387500000000045,-0.2464183381088824,592.5,530.0,526.0,499.5,11000.0
2024-06-03,526.0,531.0,516.5,517.5,517.5,4000.0,545.225,553.88,646.3333333333334,582.7425,31.454005934718097,626.91,-8.49333333333334,2.1949999999999363,-0.2281879194630872,592.5,530.0,526.0,499.5,11000.0
2024-06-04,517.5,534.5,517.5,520.5,520.5,5200.0,542.625,550.94,644.8466666666667,583.22,30.63063063063064,622.64,-8.106666666666683,2.237500000000068,-0.238478419897586,592.5,531.0,517.5,526.0,4000.0
2024-06-05,529.5,532.5,522.0,532.0,532.0,7400.0,540.05,548.46,643.3,583.755,39.30817610062893,618.78,-8.1400000000001,2.282500000000028,-0.2216532553035844,592.5,534.5,520.5,517.5,5200.0
2024-06-06,532.0,532.5,505.0,532.5,532.5,8400.0,537.05,546.0,641.76,584.2925,60.57692307692308,615.23,-8.07333333333338,2.340000000000032,-0.220921726408193,592.5,532.5,532.0,529.5,7400.0
2024-06-07,536.5,536.5,530.5,534.0,534.0,1600.0,534.125,543.82,640.24,584.8625,56.38297872340426,611.41,-7.899999999999977,2.4549999999999272,-0.2425531914893617,592.5,532.5,532.5,532.0,8400.0
2024-06-08,536.5,536.5,530.5,534.0,534.0,1600.0,531.2,542.3,638.72,585.4525,56.38297872340426,608.03,-7.613333333333344,2.7100000000000364,-0.2619212163096061,585.0,536.5,534.0,536.5,1600.0
2024-06-09,536.5,536.5,530.5,534.0,534.0,1600.0,528.9,540.76,637.2066666666667,586.005,56.38297872340426,604.65,-7.639999999999986,2.784999999999968,-0.2639558924879394,585.0,536.5,534.0,536.5,1600.0
2024-06-10,535.0,535.0,508.0,524.5,524.5,4600.0,525.875,538.4,634.9666666666667,586.51,51.707317073170735,601.08,-8.333333333333258,2.7549999999999955,-0.2586572438162544,566.0,536.5,534.0,536.5,1600.0
2024-06-11,523.0,523.0,513.5,520.0,520.0,1400.0,523.575,535.5,633.06,586.9975,44.61538461538461,597.43,-8.700000000000045,2.7049999999999272,-0.2676056338028169,534.0,535.0,524.5,535.0,4600.0
2024-06-12,533.0,545.0,520.0,545.0,545.0,8200.0,525.3,533.6,630.9266666666666,587.61,62.55707762557078,594.53,-9.31333333333339,2.747500000000059,-0.2323943661971831,545.0,523.0,520.0,523.0,1400.0
2024-06-13,560.0,560.0,525.0,541.5,541.5,11200.0,526.275,531.56,628.7466666666667,588.205,72.48677248677248,591.06,-9.973333333333358,2.7525000000000546,-0.2373239436619718,545.0,545.0,545.0,533.0,8200.0
2024-06-14,528.0,540.0,516.5,516.5,516.5,3400.0,526.0,529.02,626.2333333333333,588.705,44.86486486486486,587.17,-10.973333333333358,2.700000000000045,-0.2963215258855586,545.0,560.0,541.5,560.0,11200.0
2024-06-15,528.0,540.0,516.5,516.5,516.5,3400.0,525.725,526.28,624.04,589.215,44.86486486486486,583.27,-10.926666666666732,2.705000000000041,-0.2875862068965517,545.0,540.0,516.5,528.0,3400.0
2024-06-16,528.0,540.0,516.5,516.5,516.5,3400.0,525.5,524.3,621.6466666666666,589.6875,44.86486486486486,579.37,-11.413333333333298,2.6900000000000546,-0.2725352112676056,545.0,540.0,516.5,528.0,3400.0
2024-06-17,516.0,516.0,512.5,516.0,516.0,2000.0,524.775,524.52,619.22,590.2,49.11242603550296,575.46,-11.706666666666592,2.590000000000032,-0.2882758620689655,545.0,540.0,516.5,528.0,3400.0
2024-06-18,514.0,516.0,504.0,504.0,504.0,5400.0,524.1,523.8,617.0,590.595,41.1764705882353,571.31,-11.74666666666667,2.3899999999999864,-0.283072546230441,545.0,516.0,516.0,516.0,2000.0
2024-06-19,511.0,514.0,497.0,497.0,497.0,5800.0,524.0,522.8,614.5133333333333,590.955,30.337078651685403,567.45,-11.720000000000027,2.25,-0.2930298719772404,545.0,516.0,504.0,514.0,5400.0
2024-06-20,500.0,504.5,500.0,500.0,500.0,6600.0,522.7,521.92,612.0666666666667,591.33,32.240437158469945,563.3,-11.973333333333244,2.115000000000009,-0.2887624466571835,545.0,514.0,497.0,511.0,5800.0
2024-06-21,500.0,510.0,500.0,510.0,510.0,1400.0,521.9,521.48,609.7533333333333,591.7575,37.99999999999999,559.6,-11.893333333333317,2.07000000000005,-0.2740213523131672,545.0,504.5,500.0,500.0,6600.0
2024-06-22,500.0,510.0,500.0,510.0,510.0,1400.0,521.1,520.66,607.1533333333333,592.195,37.99999999999999,555.9,-12.06666666666672,1.9950000000000043,-0.2608695652173913,545.0,510.0,510.0,500.0,1400.0
2024-06-23,500.0,510.0,500.0,510.0,510.0,1400.0,520.725,520.36,604.3066666666666,592.5575,37.99999999999999,552.2,-12.693333333333385,1.9624999999999773,-0.2867132867132866,545.0,510.0,510.0,500.0,1400.0
2024-06-24,512.5,512.5,509.5,509.5,509.5,1800.0,520.175,520.78,601.4266666666666,593.0025,41.75824175824176,548.49,-13.086666666666702,2.0475000000000136,-0.2834036568213783,545.0,510.0,510.0,500.0,1400.0
2024-06-25,541.0,572.5,519.0,544.0,544.0,54600.0,520.775,521.5,599.2466666666667,593.6225,59.917355371900825,545.47,-12.82000000000005,2.2924999999999045,-0.2354181307097681,545.0,512.5,509.5,512.5,1800.0
2024-06-26,544.0,544.0,528.5,528.5,528.5,16000.0,520.575,521.6,596.8266666666667,594.165,42.60089686098655,542.63,-12.92666666666662,2.4074999999999136,-0.2572030920590302,545.0,572.5,544.0,541.0,54600.0
2024-06-27,524.5,542.0,524.5,538.5,538.5,2600.0,520.8,522.1,594.54,594.7575,48.72881355932204,540.4,-12.613333333333344,2.5625,-0.2431482782853127,545.0,544.0,528.5,544.0,16000.0
2024-06-28,536.5,542.5,522.5,541.5,541.5,10200.0,521.175,523.06,592.2933333333333,595.3275,63.020833333333336,538.47,-12.01333333333332,2.769999999999982,-0.2389318341531975,545.0,542.0,538.5,524.5,2600.0
2024-06-29,536.5,542.5,522.5,541.5,541.5,10200.0,521.55,523.9,589.7266666666667,595.86,63.020833333333336,537.42,-11.699999999999932,2.857499999999959,-0.2152173913043478,545.0,542.5,541.5,536.5,10200.0
2024-06-30,536.5,542.5,522.5,541.5,541.5,10200.0,522.4,524.28,587.28,596.405,63.020833333333336,536.37,-11.966666666666695,2.782500000000028,-0.2346289752650177,545.0,542.5,541.5,536.5,10200.0
2024-07-01,540.0,542.5,535.0,540.5,540.5,2800.0,523.425,524.6,585.02,596.9925,62.69430051813471,535.3,-11.806666666666729,2.8274999999999864,-0.2223021582733813,545.0,542.5,541.5,536.5,10200.0
2024-07-02,535.5,543.0,526.0,543.0,543.0,1000.0,523.325,524.96,582.5933333333334,597.5325,72.41379310344828,534.39,-11.9466666666666,2.7749999999999773,-0.218705035971223,544.0,542.5,540.5,540.0,2800.0
2024-07-03,539.0,539.5,526.5,528.0,528.0,4400.0,522.65,524.72,580.26,597.9975,66.31578947368422,533.51,-12.033333333333305,2.669999999999959,-0.2402877697841726,544.0,543.0,543.0,535.5,1000.0
2024-07-04,528.0,528.0,526.5,527.5,527.5,1600.0,523.2,524.46,577.92,598.46,64.86486486486487,532.61,-11.806666666666729,2.6000000000000227,-0.2410071942446042,544.0,539.5,528.0,539.0,4400.0
2024-07-05,526.5,540.0,525.0,533.0,533.0,4000.0,524.025,524.8,575.6533333333333,598.9925,63.06818181818182,531.6,-11.626666666666663,2.5874999999999773,-0.2330935251798561,544.0,528.0,527.5,528.0,1600.0
2024-07-06,526.5,540.0,525.0,533.0,533.0,4000.0,524.85,525.32,573.3933333333333,599.4425,63.06818181818182,530.41,-11.626666666666663,2.450000000000045,-0.2050708426547353,544.0,540.0,533.0,526.5,4000.0
2024-07-07,526.5,540.0,525.0,533.0,533.0,4000.0,525.7,524.84,571.3,599.825,63.06818181818182,529.22,-11.293333333333408,2.292500000000018,-0.18,544.0,540.0,533.0,526.5,4000.0
2024-07-08,530.0,530.0,510.0,511.0,511.0,13400.0,526.05,523.62,568.58,600.1075,50.68493150684931,527.59,-11.67999999999995,2.1100000000000136,-0.1990595611285266,544.0,540.0,533.0,526.5,4000.0
2024-07-09,510.5,524.0,510.5,517.5,517.5,5000.0,527.075,523.66,566.0,600.3525,33.74233128834355,526.34,-11.91999999999996,1.8924999999999272,-0.1287878787878787,544.0,530.0,511.0,530.0,13400.0
2024-07-10,517.5,529.5,514.0,514.0,514.0,4200.0,527.775,523.56,563.3666666666667,600.58,39.568345323741006,524.92,-12.286666666666632,1.587500000000091,-0.1346801346801347,544.0,524.0,517.5,510.5,5000.0
2024-07-11,514.0,522.5,511.5,522.5,522.5,4400.0,528.4,523.8,560.8466666666667,600.85,38.23529411764706,524.05,-12.546666666666624,1.4075000000000273,-0.1203703703703703,544.0,529.5,514.0,517.5,4200.0
2024-07-12,511.5,525.0,511.5,514.5,514.5,5600.0,528.625,523.74,558.22,601.0825,31.506849315068493,524.13,-13.079999999999927,1.2574999999999363,-0.1257434154630416,544.0,522.5,522.5,514.0,4400.0
2024-07-13,511.5,525.0,511.5,514.5,514.5,5600.0,528.85,524.16,555.5933333333334,601.28,31.506849315068493,523.98,-12.98666666666668,1.1725000000000136,-0.1005244755244755,544.0,525.0,514.5,511.5,5600.0
2024-07-14,511.5,525.0,511.5,514.5,514.5,5600.0,529.1,524.86,553.2533333333333,601.4325,31.506849315068493,523.83,-12.74666666666667,1.080000000000041,-0.1013100436681222,544.0,525.0,514.5,511.5,5600.0
2024-07-15,511.5,525.0,511.5,514.5,514.5,5600.0,527.625,525.44,550.68,601.5625,31.944444444444443,523.68,-12.686666666666724,0.9824999999999592,-0.1182519280205655,543.0,525.0,514.5,511.5,5600.0
2024-07-16,527.5,527.5,510.0,510.0,510.0,9800.0,526.7,525.44,548.2133333333334,601.6975,27.70270270270269,523.46,-12.633333333333326,0.8474999999999682,-0.1392405063291139,543.0,525.0,514.5,511.5,5600.0
2024-07-17,518.0,518.0,511.0,511.0,511.0,2200.0,525.325,525.48,545.76,601.8375,35.83333333333334,523.07,-12.460000000000036,0.7549999999999955,-0.1375527426160337,543.0,527.5,510.0,527.5,9800.0
2024-07-18,511.0,517.5,511.0,514.5,514.5,2200.0,523.975,525.66,543.3533333333334,601.995,39.68253968253968,523.01,-12.240000000000007,0.7150000000000318,-0.1316455696202532,543.0,518.0,511.0,518.0,2200.0
2024-07-19,517.0,517.5,510.0,510.0,510.0,8200.0,522.4,525.68,540.8866666666667,602.13,31.451612903225808,523.23,-12.366666666666674,0.6974999999999909,-0.1206896551724138,543.0,517.5,514.5,511.0,2200.0
2024-07-20,517.0,517.5,510.0,510.0,510.0,8200.0,520.825,524.32,538.42,602.265,31.451612903225808,522.91,-12.259999999999993,0.7024999999999864,-0.1282051282051282,543.0,517.5,510.0,517.0,8200.0
2024-07-21,517.0,517.5,510.0,510.0,510.0,8200.0,519.3,523.58,536.28,602.4,31.451612903225808,522.59,-11.933333333333394,0.7024999999999864,-0.0989399293286219,543.0,517.5,510.0,517.0,8200.0
2024-07-22,660.0,660.0,660.0,660.0,660.0,25200.0,525.15,528.44,536.4133333333333,603.2275,89.21052631578948,525.27,-9.346666666666692,1.3899999999999864,0.2928501469147895,660.0,517.5,510.0,517.0,8200.0
2024-07-23,810.0,810.0,810.0,810.0,810.0,10200.0,539.25,539.18,538.7066666666667,604.8425,93.85307346326836,531.12,-4.646666666666647,2.847499999999968,0.5517241379310345,810.0,660.0,660.0,660.0,25200.0
2024-07-24,1470.0,1525.0,1220.0,1230.0,1230.0,5807800.0,574.375,566.72,547.1866666666666,608.5575,97.73333333333332,545.31,6.2999999999999545,6.427500000000009,1.3563218390804597,1230.0,810.0,810.0,810.0,10200.0
2024-07-25,1298.5,1424.5,1226.0,1249.0,1249.0,1557600.0,610.175,595.02,555.92,612.3675,97.76462853385932,559.65,17.5,10.102499999999964,1.39272030651341,1249.0,1525.0,1230.0,1470.0,5807800.0
2024-07-26,1226.0,1230.0,1150.0,1170.0,1170.0,434600.0,642.025,620.2,563.6,615.7825,89.4167167769092,572.4,27.32000000000005,13.38250000000005,1.2456813819577737,1249.0,1424.5,1249.0,1298.5,1557600.0
2024-07-27,1226.0,1230.0,1150.0,1170.0,1170.0,434600.0,673.875,645.28,571.3533333333334,619.125,89.4167167769092,585.12,34.940000000000055,15.897500000000036,1.2054665409990577,1249.0,1230.0,1170.0,1226.0,434600.0
2024-07-28,1226.0,1230.0,1150.0,1170.0,1170.0,434600.0,706.825,670.96,579.3266666666667,622.45,89.4167167769092,597.84,40.620000000000005,17.607500000000073,1.2608695652173911,1249.0,1230.0,1170.0,1226.0,434600.0
2024-07-29,1170.0,1182.5,1140.0,1159.5,1159.5,242400.0,738.925,696.24,587.1533333333333,625.725,88.30166270783847,610.35,39.9666666666667,17.167500000000018,1.3236472945891782,1249.0,1230.0,1170.0,1226.0,434600.0
2024-07-30,1161.5,1208.5,1161.5,1200.0,1200.0,141000.0,773.225,722.92,595.3733333333333,629.1075,89.29384965831436,623.86,39.453333333333376,16.74000000000001,1.2813688212927756,1249.0,1182.5,1159.5,1170.0,242400.0
2024-07-31,1200.0,1289.5,1191.5,1258.0,1258.0,166400.0,810.0,751.92,604.2466666666667,632.78,89.94652406417111,638.62,40.64666666666665,16.997499999999945,1.3916349809885933,1258.0,1208.5,1200.0,1161.5,141000.0
2024-08-01,1316.5,1322.5,1245.0,1284.0,1284.0,184400.0,848.475,781.96,613.4666666666667,636.5825,90.18276762402088,653.4,42.113333333333344,17.457499999999982,1.4410646387832702,1284.0,1289.5,1258.0,1200.0,166400.0
2024-08-02,1245.0,1270.0,1222.0,1241.0,1241.0,162800.0,884.8,811.16,622.1133333333333,640.175,86.69678714859438,667.39,42.78666666666663,17.72499999999991,1.3980676328502415,1284.0,1322.5,1284.0,1316.5,184400.0
2024-08-03,1245.0,1270.0,1222.0,1241.0,1241.0,162800.0,921.125,840.1,630.9266666666666,643.5575,86.69678714859438,681.88,43.77333333333331,17.832499999999982,1.3842459173871275,1284.0,1270.0,1241.0,1245.0,162800.0
2024-08-04,1245.0,1270.0,1222.0,1241.0,1241.0,162800.0,957.45,869.18,639.6733333333333,647.1125,86.69678714859438,696.37,44.29999999999996,18.004999999999995,1.3327067669172932,1284.0,1270.0,1241.0,1245.0,162800.0
2024-08-05,1205.0,1257.0,1140.0,1170.0,1170.0,157200.0,990.45,895.08,647.7266666666667,650.3375,77.80806979280261,709.44,43.48000000000002,17.557500000000005,1.1971830985915497,1284.0,1270.0,1241.0,1245.0,162800.0
2024-08-06,1264.5,1265.0,1180.0,1242.5,1242.5,79800.0,1027.025,924.2,657.4866666666667,653.8025,75.75938058368077,723.97,44.01999999999998,17.220000000000027,1.3267790262172283,1284.0,1257.0,1170.0,1205.0,157200.0
2024-08-07,1217.5,1275.0,1217.5,1264.5,1264.5,71400.0,1064.525,954.2,667.3866666666667,657.3775,53.90713476783692,739.18,45.27333333333331,17.2025000000001,1.3679775280898876,1284.0,1265.0,1242.5,1264.5,79800.0
2024-08-08,1251.0,1268.5,1240.0,1266.0,1266.0,30000.0,1102.325,984.26,677.3066666666666,660.96,52.00471698113207,754.56,46.38,17.402500000000032,1.3707865168539324,1284.0,1275.0,1264.5,1217.5,71400.0
2024-08-09,1266.0,1284.0,1245.0,1268.0,1268.0,55600.0,1140.225,1014.4,687.2533333333333,664.4625,64.12103746397695,769.92,47.58000000000004,17.350000000000023,1.4175405147759772,1284.0,1268.5,1266.0,1251.0,30000.0
2024-08-10,1266.0,1284.0,1245.0,1268.0,1268.0,55600.0,1178.125,1044.72,697.2133333333334,667.92,64.12103746397695,785.08,49.48666666666668,17.582499999999982,1.438461538461539,1284.0,1284.0,1268.0,1266.0,55600.0
2024-08-11,1266.0,1284.0,1245.0,1268.0,1268.0,55600.0,1208.525,1075.0,707.0466666666666,671.38,64.12103746397695,800.24,49.559999999999945,17.577499999999986,1.326605504587156,1284.0,1284.0,1268.0,1266.0,55600.0
2024-08-12,1266.0,1284.0,1245.0,1268.0,1268.0,55600.0,1231.425,1105.14,717.0533333333333,674.73,66.1218424962853,815.4,49.66666666666663,17.352499999999964,1.3416435826408124,1284.0,1284.0,1268.0,1266.0,55600.0
2024-08-13,1267.5,1302.0,1251.0,1295.5,1295.5,32200.0,1234.7,1136.56,727.6733333333333,678.18,64.76043276661514,831.12,50.366666666666674,17.219999999999914,1.5082284607938043,1295.5,1284.0,1268.0,1266.0,55600.0
2024-08-14,1296.5,1325.0,1286.0,1325.0,1325.0,45000.0,1238.5,1169.16,738.3266666666667,681.7775,61.35593220338983,846.74,51.07333333333338,17.315000000000055,1.5653436592449177,1325.0,1302.0,1295.5,1267.5,32200.0
2024-08-15,1327.5,1339.0,1315.0,1331.5,1331.5,25400.0,1246.575,1202.02,749.0666666666667,685.4075,58.62068965517242,862.8,51.85333333333335,17.487500000000068,1.5779283639883834,1331.5,1325.0,1325.0,1296.5,45000.0
2024-08-16,1340.0,1366.5,1331.5,1366.5,1366.5,38600.0,1256.4,1230.28,760.2733333333333,689.33,73.45794392523365,879.36,53.22666666666669,17.950000000000045,1.6482558139534884,1366.5,1339.0,1331.5,1327.5,25400.0
2024-08-17,1340.0,1366.5,1331.5,1366.5,1366.5,38600.0,1266.225,1252.54,771.5933333333334,693.2,73.45794392523365,895.86,54.54000000000008,18.470000000000027,1.7113095238095235,1366.5,1366.5,1366.5,1340.0,38600.0
2024-08-18,1340.0,1366.5,1331.5,1366.5,1366.5,38600.0,1276.575,1258.0,782.8733333333333,697.0725,73.45794392523365,912.36,55.200000000000045,18.89250000000004,1.749496981891348,1366.5,1366.5,1366.5,1340.0,38600.0
2024-08-19,1369.0,1409.0,1362.5,1409.0,1409.0,58800.0,1287.025,1264.4,794.5666666666667,701.0325,100.0,929.71,56.24000000000001,19.254999999999995,1.818,1409.0,1366.5,1366.5,1340.0,38600.0
2024-08-20,1412.5,1447.5,1409.0,1444.0,1444.0,58000.0,1296.325,1275.36,806.72,705.52,100.0,947.78,57.65333333333331,20.112499999999955,1.831372549019608,1444.0,1409.0,1409.0,1369.0,58800.0
2024-08-21,1429.0,1445.5,1401.5,1409.5,1409.5,29000.0,1302.6,1284.94,818.3933333333333,709.835,83.8785046728972,965.11,58.120000000000005,20.504999999999995,1.7637254901960784,1444.0,1447.5,1444.0,1412.5,58000.0
2024-08-22,1423.5,1444.5,1405.0,1417.5,1417.5,27000.0,1311.425,1294.84,830.1733333333333,714.19,84.35374149659864,982.9,58.57999999999993,20.99000000000001,1.7794117647058822,1444.0,1445.5,1409.5,1429.0,29000.0
2024-08-23,1430.0,1439.5,1410.5,1438.0,1438.0,23600.0,1321.275,1305.98,842.2266666666667,717.8975,85.56485355648536,1001.11,59.35333333333335,20.825000000000045,1.8223748773307165,1444.0,1444.5,1417.5,1423.5,27000.0
2024-08-24,1430.0,1439.5,1410.5,1438.0,1438.0,23600.0,1331.125,1315.5,854.4066666666666,721.4525,85.56485355648536,1019.21,59.83999999999992,20.41999999999996,1.6433823529411766,1444.0,1439.5,1438.0,1430.0,23600.0
2024-08-25,1430.0,1439.5,1410.5,1438.0,1438.0,23600.0,1344.525,1322.7,866.6466666666666,724.9675,85.56485355648536,1037.31,59.92666666666662,19.44749999999999,1.7209082308420056,1444.0,1439.5,1438.0,1430.0,23600.0
2024-08-26,1449.5,1597.5,1431.0,1555.0,1555.0,118800.0,1360.15,1333.54,880.1133333333333,729.1925,90.30898876404494,1057.75,61.72000000000003,19.35749999999996,1.887650882079852,1555.0,1439.5,1438.0,1430.0,23600.0
2024-08-27,1545.0,1545.0,1486.5,1525.0,1525.0,31800.0,1373.175,1344.9,893.2266666666667,733.285,82.00836820083683,1078.03,63.0533333333334,19.09499999999992,1.816251154201293,1555.0,1597.5,1555.0,1449.5,118800.0
2024-08-28,1545.0,1662.5,1487.5,1490.5,1490.5,124000.0,1384.4,1354.88,906.2133333333334,737.205,72.76478679504814,1097.49,63.98666666666668,19.307500000000005,1.752539242843952,1555.0,1545.0,1525.0,1545.0,31800.0
2024-08-29,1475.0,1537.5,1475.0,1507.5,1507.5,25400.0,1396.375,1365.54,919.4266666666666,741.21,73.52941176470588,1117.36,65.01999999999998,19.75750000000005,1.78393351800554,1555.0,1662.5,1490.5,1545.0,124000.0
2024-08-30,1522.5,1547.5,1510.0,1545.0,1545.0,30800.0,1410.225,1380.54,933.14,745.4025,73.70517928286853,1137.81,66.49333333333334,20.43500000000006,1.8584643848288624,1555.0,1537.5,1507.5,1475.0,25400.0
2024-08-31,1522.5,1547.5,1510.0,1545.0,1545.0,30800.0,1424.075,1392.64,946.86,749.5,73.70517928286853,1158.42,66.74666666666667,20.307500000000005,1.8453038674033149,1555.0,1547.5,1545.0,1522.5,30800.0
2024-09-01,1522.5,1547.5,1510.0,1545.0,1545.0,30800.0,1437.925,1403.86,960.74,753.6425,73.70517928286853,1179.03,67.51333333333332,20.35750000000008,1.926136363636364,1555.0,1547.5,1545.0,1522.5,30800.0
2024-09-02,1580.0,1640.0,1547.5,1602.5,1602.5,46000.0,1453.275,1417.32,975.48,758.3275,74.71264367816092,1200.79,69.26666666666665,21.122499999999945,2.037914691943128,1602.5,1547.5,1545.0,1522.5,30800.0
2024-09-03,1607.5,1825.0,1607.5,1702.5,1702.5,143400.0,1472.15,1434.7,991.5133333333332,763.475,78.3132530120482,1224.55,72.0866666666667,22.264999999999983,2.1941838649155723,1702.5,1640.0,1602.5,1580.0,46000.0
2024-09-04,1655.0,1712.5,1652.5,1672.5,1672.5,46800.0,1489.2,1450.88,1007.0133333333332,768.4725,79.0929203539823,1247.8,73.87333333333333,23.069999999999936,2.1378986866791743,1702.5,1825.0,1702.5,1607.5,143400.0
2024-09-05,1675.0,1760.0,1675.0,1722.5,1722.5,48400.0,1507.0,1469.06,1023.18,773.72,80.87044534412955,1272.03,76.31999999999994,24.220000000000027,2.231707317073171,1722.5,1712.5,1672.5,1655.0,46800.0
2024-09-06,1747.5,1757.5,1617.5,1642.5,1642.5,68200.0,1520.8,1484.04,1038.28,778.5575,68.47335140018066,1294.59,77.53999999999996,24.914999999999964,2.2142857142857144,1722.5,1760.0,1722.5,1675.0,48400.0
2024-09-07,1747.5,1757.5,1617.5,1642.5,1642.5,68200.0,1534.6,1497.92,1053.3866666666668,783.4825,68.47335140018066,1317.24,77.90666666666675,25.154999999999973,2.1739130434782608,1722.5,1757.5,1642.5,1747.5,68200.0
2024-09-08,1747.5,1757.5,1617.5,1642.5,1642.5,68200.0,1546.275,1510.62,1068.0333333333333,788.5475,68.47335140018066,1339.89,76.51999999999998,25.07249999999999,2.195525291828794,1722.5,1757.5,1642.5,1747.5,68200.0
2024-09-09,1595.0,1697.5,1567.5,1672.5,1672.5,31400.0,1557.7,1524.26,1083.2866666666666,793.76,62.59378349410504,1363.14,76.27333333333331,25.287500000000023,2.200956937799043,1722.5,1757.5,1642.5,1747.5,68200.0
2024-09-10,1680.0,1745.0,1680.0,1700.0,1700.0,36600.0,1572.225,1537.6,1098.7733333333333,799.11,68.85775862068965,1383.94,75.59333333333336,25.389999999999983,2.304178814382896,1722.5,1697.5,1672.5,1595.0,31400.0
2024-09-11,1700.0,1722.5,1615.0,1642.5,1642.5,48400.0,1583.475,1548.64,1113.4533333333334,804.1725,65.60574948665298,1400.59,75.1733333333334,25.61500000000001,2.192419825072886,1722.5,1745.0,1700.0,1680.0,36600.0
2024-09-12,1642.5,1652.5,1580.0,1617.5,1617.5,39000.0,1592.45,1558.68,1127.8,809.11,61.11111111111111,1408.34,74.41333333333318,25.62750000000005,2.1438289601554907,1722.5,1722.5,1642.5,1700.0,48400.0
2024-09-13,1605.0,1640.0,1482.0,1537.5,1537.5,57200.0,1597.425,1563.82,1141.08,813.7475,49.302325581395344,1414.11,73.04666666666662,25.19999999999993,1.988338192419825,1722.5,1652.5,1617.5,1642.5,39000.0
2024-09-14,1605.0,1640.0,1482.0,1537.5,1537.5,57200.0,1602.4,1567.56,1154.3733333333332,818.385,49.302325581395344,1421.46,71.08666666666659,24.625,2.014705882352941,1722.5,1640.0,1537.5,1605.0,57200.0
2024-09-15,1605.0,1640.0,1482.0,1537.5,1537.5,57200.0,1601.525,1572.68,1167.6333333333334,822.9675,49.302325581395344,1428.81,68.86000000000013,23.85749999999996,2.00880626223092,1722.5,1640.0,1537.5,1605.0,57200.0
2024-09-16,1605.0,1640.0,1482.0,1537.5,1537.5,57200.0,1602.15,1577.48,1181.0933333333332,827.55,43.22916666666667,1436.16,67.63999999999987,23.37749999999994,1.988338192419825,1722.5,1640.0,1537.5,1605.0,57200.0
2024-09-17,1502.5,1547.5,1454.0,1542.5,1542.5,53600.0,1604.75,1581.66,1194.6266666666668,832.165,29.22077922077922,1443.82,66.82666666666682,23.05499999999995,2.0245098039215685,1722.5,1640.0,1537.5,1605.0,57200.0
2024-09-18,1542.5,1585.0,1522.5,1567.5,1567.5,16600.0,1607.75,1586.84,1208.42,836.905,36.18421052631579,1451.17,67.34000000000015,23.157500000000027,2.073529411764706,1722.5,1547.5,1542.5,1502.5,53600.0
2024-09-19,1557.5,1597.5,1552.5,1552.5,1552.5,32400.0,1608.125,1591.42,1222.013333333333,841.57,25.36231884057972,1457.06,67.6400000000001,23.18500000000006,2.044117647058824,1722.5,1585.0,1567.5,1542.5,16600.0
2024-09-20,1555.0,1560.0,1457.5,1463.5,1463.5,85400.0,1604.05,1587.76,1234.42,845.7775,24.7175141242938,1460.65,66.78666666666663,22.81000000000006,1.2174242424242423,1722.5,1597.5,1552.5,1557.5,32400.0
2024-09-21,1555.0,1560.0,1457.5,1463.5,1463.5,85400.0,1599.975,1585.3,1247.12,849.925,24.7175141242938,1465.1,66.02666666666664,22.375,0.80679012345679,1722.5,1560.0,1463.5,1555.0,85400.0
2024-09-22,1555.0,1560.0,1457.5,1463.5,1463.5,85400.0,1593.025,1584.22,1259.7333333333331,854.075,24.7175141242938,1469.55,65.10666666666657,21.91000000000008,0.1898373983739838,1722.5,1560.0,1463.5,1555.0,85400.0
2024-09-23,1555.0,1560.0,1457.5,1463.5,1463.5,85400.0,1581.075,1582.46,1272.3933333333334,858.235,17.746913580246925,1474.0,63.97333333333336,21.33000000000004,0.1717373899119294,1722.5,1560.0,1463.5,1555.0,85400.0
2024-09-24,1469.5,1474.5,1438.5,1461.5,1461.5,68200.0,1570.525,1579.12,1284.9133333333334,862.385,10.050251256281411,1479.83,62.90000000000009,20.81499999999994,0.2491452991452991,1722.5,1560.0,1463.5,1555.0,85400.0
2024-09-25,1467.0,1489.0,1443.5,1467.0,1467.0,73600.0,1557.75,1576.0,1297.6133333333332,866.5625,14.401622718052735,1484.32,63.19333333333316,20.784999999999968,0.2538461538461538,1700.0,1474.5,1461.5,1469.5,68200.0
2024-09-26,1469.0,1479.5,1452.5,1467.0,1467.0,74400.0,1548.975,1572.88,1310.3133333333333,870.74,16.02708803611739,1488.37,63.193333333333385,20.81500000000005,0.2538461538461538,1700.0,1489.0,1467.0,1467.0,73600.0
2024-09-27,1450.0,1501.0,1394.0,1426.0,1426.0,87200.0,1538.15,1565.82,1322.4666666666667,874.725,19.45205479452055,1491.57,62.73333333333335,20.649999999999977,0.2298404484691678,1700.0,1479.5,1467.0,1469.0,74400.0
2024-09-28,1450.0,1501.0,1394.0,1426.0,1426.0,87200.0,1527.325,1554.76,1334.62,878.6625,19.45205479452055,1494.73,62.22666666666646,20.42750000000001,0.1883333333333332,1700.0,1501.0,1426.0,1450.0,87200.0
2024-09-29,1450.0,1501.0,1394.0,1426.0,1426.0,87200.0,1515.0,1544.9,1346.8333333333333,882.6575,19.45205479452055,1497.89,61.919999999999845,20.27250000000004,0.1335453100158983,1700.0,1501.0,1426.0,1450.0,87200.0
2024-09-30,1399.0,1487.0,1392.0,1424.0,1424.0,66700.0,1501.2,1532.96,1359.006666666667,886.565,19.24119241192412,1501.01,61.39333333333343,20.00250000000005,0.1090342679127724,1642.5,1501.0,1426.0,1450.0,87200.0
2024-10-01,1424.0,1540.0,1424.0,1530.0,1530.0,75100.0,1495.575,1528.46,1372.5466666666666,891.0175,47.81085814360771,1506.25,62.23333333333335,20.277500000000032,0.2328767123287671,1617.5,1487.0,1424.0,1399.0,66700.0
2024-10-02,1512.0,1550.0,1467.0,1505.0,1505.0,66300.0,1489.95,1522.96,1385.8133333333333,895.345,39.05429071803853,1510.44,63.34666666666658,20.620000000000005,0.2127316680096695,1567.5,1540.0,1530.0,1424.0,75100.0
2024-10-03,1518.0,1638.0,1499.0,1611.0,1611.0,87500.0,1493.625,1521.7,1400.493333333333,900.2025,57.76892430278885,1516.16,65.87333333333345,21.539999999999964,0.2981466559226431,1611.0,1550.0,1505.0,1512.0,66300.0
2024-10-04,1620.0,1734.0,1610.0,1676.0,1676.0,89300.0,1500.55,1521.84,1416.04,905.35,80.1418439716312,1523.05,69.2066666666667,22.692499999999995,0.4324786324786325,1676.0,1638.0,1611.0,1518.0,87500.0
2024-10-05,1620.0,1734.0,1610.0,1676.0,1676.0,89300.0,1507.475,1520.88,1429.5866666666666,910.465,80.1418439716312,1529.24,70.57999999999993,23.899999999999977,0.3488933601609658,1676.0,1734.0,1676.0,1620.0,89300.0
2024-10-06,1620.0,1734.0,1610.0,1676.0,1676.0,89300.0,1514.4,1522.22,1441.1333333333334,915.58,80.1418439716312,1535.43,68.58666666666682,24.5625,0.3254250691973113,1676.0,1734.0,1676.0,1620.0,89300.0
2024-10-07,1730.0,1755.0,1689.0,1705.0,1705.0,71400.0,1522.525,1525.72,1447.4666666666667,920.945,81.65137614678899,1542.2,61.65333333333342,25.600000000000023,0.3467614533965244,1705.0,1734.0,1676.0,1620.0,89300.0
2024-10-08,1724.0,1870.0,1681.0,1681.0,1681.0,142500.0,1528.2,1531.46,1453.2266666666667,926.11,77.19950433705081,1547.64,52.73333333333335,25.907500000000027,0.3257097791798107,1705.0,1755.0,1705.0,1730.0,71400.0
2024-10-09,1694.0,1743.0,1670.0,1671.0,1671.0,44900.0,1534.125,1536.8,1459.9066666666668,931.225,75.0,1552.18,43.86666666666679,25.875,0.3178233438485804,1705.0,1870.0,1681.0,1724.0,142500.0
2024-10-10,1677.0,1711.0,1660.0,1668.0,1668.0,25600.0,1544.35,1542.02,1466.5466666666666,936.325,74.45255474452554,1557.35,36.96000000000004,25.860000000000014,0.3154574132492114,1705.0,1743.0,1671.0,1694.0,44900.0
2024-10-11,1680.0,1698.0,1610.0,1610.0,1610.0,45200.0,1551.675,1544.92,1472.4133333333334,941.135,71.49532710280374,1561.2,31.279999999999973,25.55499999999995,0.2697160883280758,1705.0,1711.0,1668.0,1677.0,25600.0
2024-10-12,1680.0,1698.0,1610.0,1610.0,1610.0,45200.0,1559.0,1547.62,1478.42,945.9475,71.49532710280374,1564.64,30.953333333333376,25.00249999999994,0.2427634118101118,1705.0,1698.0,1610.0,1680.0,45200.0
2024-10-13,1680.0,1698.0,1610.0,1610.0,1610.0,45200.0,1566.325,1549.32,1483.8866666666668,950.535,71.49532710280374,1568.08,30.66000000000008,24.424999999999955,0.2150943396226414,1705.0,1698.0,1610.0,1680.0,45200.0
2024-10-14,1680.0,1698.0,1610.0,1610.0,1610.0,45200.0,1573.75,1551.62,1488.58,955.27,71.83098591549296,1571.52,28.673333333333176,24.04499999999996,0.2091625985730378,1705.0,1698.0,1610.0,1680.0,45200.0
2024-10-15,1630.0,1654.0,1611.0,1643.0,1643.0,38200.0,1582.55,1558.8,1493.3666666666666,959.96,66.0056657223796,1573.28,26.819999999999936,23.63499999999999,0.2023417489937797,1705.0,1698.0,1610.0,1680.0,45200.0
2024-10-16,1643.0,1682.0,1616.0,1627.0,1627.0,19100.0,1590.55,1565.34,1498.513333333333,964.57,67.73255813953489,1575.32,26.09999999999991,23.43500000000006,0.1906330040248811,1705.0,1654.0,1643.0,1630.0,38200.0
2024-10-17,1627.0,1667.0,1615.0,1620.0,1620.0,25400.0,1600.25,1571.6,1503.5666666666666,969.145,51.83673469387756,1577.91,25.146666666666533,23.19749999999999,0.1855104281009878,1705.0,1682.0,1627.0,1643.0,19100.0
2024-10-18,1625.0,1643.0,1595.0,1615.0,1615.0,30300.0,1609.7,1577.66,1508.5533333333333,973.815,33.5135135135135,1580.06,24.666666666666515,23.280000000000086,0.1462029808374734,1705.0,1667.0,1620.0,1627.0,25400.0
2024-10-19,1625.0,1643.0,1595.0,1615.0,1615.0,30300.0,1619.15,1583.8,1514.486666666667,978.41,33.5135135135135,1581.46,25.90666666666675,23.139999999999983,0.1184210526315789,1705.0,1643.0,1615.0,1625.0,30300.0
2024-10-20,1625.0,1643.0,1595.0,1615.0,1615.0,30300.0,1628.7,1589.72,1519.4533333333334,982.995,33.5135135135135,1582.86,26.08666666666681,23.034999999999968,0.1457963816956367,1705.0,1643.0,1615.0,1625.0,30300.0
2024-10-21,1637.0,1727.0,1612.0,1647.0,1647.0,37900.0,1634.55,1596.92,1524.5533333333333,987.8775,34.574468085106375,1584.9,26.039999999999964,23.307500000000005,0.161904761904762,1705.0,1643.0,1615.0,1625.0,30300.0
2024-10-22,1641.0,1676.0,1612.0,1620.0,1620.0,13500.0,1640.3,1604.68,1529.2733333333333,992.56,34.031413612565444,1585.25,25.706666666666703,23.414999999999964,0.1265646731571628,1705.0,1727.0,1647.0,1637.0,37900.0
2024-10-23,1618.0,1656.0,1596.0,1628.0,1628.0,20800.0,1641.15,1612.76,1534.0733333333333,997.2825,38.62433862433863,1583.76,25.519999999999985,23.467499999999973,0.1321279554937413,1705.0,1676.0,1620.0,1641.0,13500.0
2024-10-24,1625.0,1625.0,1590.0,1604.0,1604.0,22300.0,1637.55,1619.88,1538.5533333333333,1001.885,34.76190476190477,1582.39,24.06666666666661,23.475000000000023,0.1154381084840054,1705.0,1656.0,1628.0,1618.0,20800.0
2024-10-25,1605.0,1605.0,1517.0,1526.0,1526.0,35100.0,1630.05,1623.96,1541.993333333333,1005.99,31.73913043478261,1578.46,22.539999999999964,22.995000000000005,-0.0186495176848874,1705.0,1625.0,1604.0,1625.0,22300.0
2024-10-26,1605.0,1605.0,1517.0,1526.0,1526.0,35100.0,1622.55,1623.8,1545.4333333333334,1010.0025,31.73913043478261,1576.13,20.88000000000011,22.125,0.0006557377049181,1705.0,1605.0,1526.0,1605.0,35100.0
2024-10-27,1605.0,1605.0,1517.0,1526.0,1526.0,35100.0,1613.6,1624.64,1548.506666666667,1014.005,31.73913043478261,1573.8,19.23333333333335,21.44500000000005,0.0238175109023817,1681.0,1605.0,1526.0,1605.0,35100.0
2024-10-28,1526.0,1571.0,1526.0,1538.0,1538.0,22700.0,1606.45,1621.72,1551.3466666666666,1018.1575,35.12396694214877,1571.71,17.273333333333312,20.875,0.0202321724709784,1671.0,1605.0,1526.0,1605.0,35100.0
2024-10-29,1540.0,1611.0,1540.0,1590.0,1590.0,19100.0,1602.4,1618.28,1554.7933333333333,1022.5575,39.84674329501916,1570.06,16.24000000000001,20.672500000000014,0.0291262135922329,1668.0,1571.0,1538.0,1526.0,22700.0
2024-10-30,1588.0,1607.0,1559.0,1570.0,1570.0,23200.0,1597.5,1614.04,1557.506666666667,1026.8575,39.24528301886792,1567.46,15.51333333333332,20.867500000000064,0.0161812297734627,1647.0,1611.0,1590.0,1540.0,19100.0
2024-10-31,1556.0,1589.0,1535.0,1557.0,1557.0,21100.0,1594.85,1609.28,1560.0466666666666,1031.0925,38.37638376383764,1565.75,14.61333333333323,21.08999999999992,0.007766990291262,1647.0,1607.0,1570.0,1588.0,23200.0
2024-11-01,1550.0,1553.0,1514.0,1538.0,1538.0,27000.0,1591.25,1602.6,1562.3333333333333,1035.1125,36.49122807017543,1564.16,13.826666666666595,21.10749999999996,-0.0402496099843994,1647.0,1589.0,1557.0,1556.0,21100.0
2024-11-02,1550.0,1553.0,1514.0,1538.0,1538.0,27000.0,1587.65,1596.88,1564.0533333333333,1039.1775,36.49122807017543,1564.17,12.706666666666706,21.019999999999985,-0.0966226138032305,1647.0,1553.0,1538.0,1550.0,27000.0
2024-11-03,1550.0,1553.0,1514.0,1538.0,1538.0,27000.0,1584.05,1591.56,1565.3066666666666,1043.3175,36.49122807017543,1564.18,10.51333333333332,20.760000000000105,-0.0804185351270553,1647.0,1553.0,1538.0,1550.0,27000.0
2024-11-04,1550.0,1553.0,1514.0,1538.0,1538.0,27000.0,1578.8,1586.36,1567.02,1047.3825,28.45849802371542,1564.19,9.51333333333332,20.524999999999864,-0.10711175616836,1647.0,1553.0,1538.0,1550.0,27000.0
2024-11-05,1550.0,1564.0,1517.0,1523.0,1523.0,16800.0,1573.6,1582.88,1568.4266666666667,1051.4825,29.875518672199163,1563.9,8.38000000000011,20.3900000000001,-0.0727549467275494,1647.0,1553.0,1538.0,1550.0,27000.0
2024-11-06,1523.0,1546.0,1517.0,1521.0,1521.0,13300.0,1568.65,1579.32,1569.5333333333333,1055.5725,27.23404255319149,1563.47,7.2000000000000455,20.46000000000004,-0.073972602739726,1647.0,1564.0,1523.0,1550.0,16800.0
2024-11-07,1530.0,1555.0,1507.0,1554.0,1554.0,27300.0,1565.6,1577.08,1571.08,1059.8275,39.75409836065574,1563.2,7.026666666666642,20.65000000000009,-0.0538812785388127,1647.0,1546.0,1521.0,1523.0,13300.0
2024-11-08,1550.0,1580.0,1550.0,1573.0,1573.0,16000.0,1563.5,1575.6,1572.88,1064.18,62.70270270270271,1563.61,7.573333333333494,20.862499999999955,-0.05949177877429,1647.0,1555.0,1554.0,1530.0,27300.0
2024-11-09,1550.0,1580.0,1550.0,1573.0,1573.0,16000.0,1561.4,1572.8,1573.12,1068.595,62.70270270270271,1565.8,6.099999999999909,21.21250000000009,-0.0747058823529411,1647.0,1580.0,1573.0,1550.0,16000.0
2024-11-10,1550.0,1580.0,1550.0,1573.0,1573.0,16000.0,1557.7,1570.64,1573.76,1072.885,62.70270270270271,1567.99,5.3333333333332575,21.40249999999992,-0.0423135464231354,1628.0,1580.0,1573.0,1550.0,16000.0
2024-11-11,1568.0,1600.0,1566.0,1567.0,1567.0,11700.0,1555.05,1568.52,1574.78,1077.165,58.100558659217874,1570.06,5.24666666666667,21.592499999999973,-0.0312210200927357,1628.0,1580.0,1573.0,1550.0,16000.0
2024-11-12,1566.0,1590.0,1566.0,1568.0,1568.0,8400.0,1552.05,1566.64,1575.5866666666666,1081.4475,41.40624999999999,1572.15,4.506666666666661,21.61999999999989,0.0198373983739836,1604.0,1600.0,1567.0,1568.0,11700.0
2024-11-13,1568.0,1568.0,1521.0,1525.0,1525.0,21500.0,1548.1,1563.04,1575.32,1085.515,35.09933774834437,1573.42,2.439999999999827,21.33500000000004,-0.008130081300813,1590.0,1590.0,1568.0,1566.0,8400.0
2024-11-14,1525.0,1525.0,1470.0,1472.0,1472.0,68200.0,1545.4,1557.32,1574.3466666666666,1089.3175,27.74869109947643,1573.52,1.226666666666688,20.72250000000008,-0.0426016260162601,1590.0,1568.0,1525.0,1568.0,21500.0
2024-11-15,1460.0,1489.0,1451.0,1460.0,1460.0,23500.0,1542.1,1549.84,1573.2133333333334,1093.06,28.80434782608696,1573.38,-0.5466666666666242,20.174999999999955,-0.0504065040650406,1590.0,1525.0,1472.0,1525.0,68200.0
2024-11-16,1460.0,1489.0,1451.0,1460.0,1460.0,23500.0,1538.8,1543.44,1571.3133333333333,1096.91,28.80434782608696,1574.06,-3.466666666666697,19.74500000000012,-0.053484602917342,1590.0,1489.0,1460.0,1460.0,23500.0
2024-11-17,1460.0,1489.0,1451.0,1460.0,1460.0,23500.0,1534.9,1536.72,1568.08,1100.6725,28.80434782608696,1574.74,-7.506666666666661,19.22499999999991,-0.0685805422647527,1590.0,1489.0,1460.0,1460.0,23500.0
2024-11-18,1460.0,1504.0,1454.0,1493.0,1493.0,21100.0,1530.05,1532.28,1565.6866666666667,1104.6625,39.63133640552995,1576.08,-9.633333333333212,19.14749999999981,-0.0383252818035426,1573.0,1489.0,1460.0,1460.0,23500.0
2024-11-19,1493.0,1513.0,1483.0,1498.0,1498.0,12600.0,1526.45,1531.16,1562.6933333333334,1108.6775,43.96135265700482,1577.56,-11.653333333333194,19.3599999999999,0.0235736248718825,1573.0,1504.0,1493.0,1460.0,21100.0
2024-11-20,1499.0,1562.0,1499.0,1543.0,1543.0,18700.0,1525.75,1531.84,1561.3666666666666,1112.9175,54.400000000000006,1577.82,-11.846666666666806,19.85750000000008,0.0543218312265116,1573.0,1513.0,1498.0,1493.0,12600.0
2024-11-21,1553.0,1555.0,1530.0,1546.0,1546.0,17600.0,1526.15,1532.64,1560.08,1117.1725,48.18181818181818,1578.64,-11.233333333333348,20.26249999999981,0.0563717116501536,1573.0,1562.0,1543.0,1499.0,18700.0
2024-11-22,1546.0,1566.0,1525.0,1547.0,1547.0,16600.0,1526.6,1533.0,1558.8066666666666,1121.4325,43.56435643564357,1577.36,-9.273333333333312,20.75999999999999,0.0570550051247009,1573.0,1555.0,1546.0,1553.0,17600.0
2024-11-23,1546.0,1566.0,1525.0,1547.0,1547.0,16600.0,1527.05,1531.28,1557.1333333333334,1125.815,43.56435643564357,1574.78,-8.553333333333285,21.152500000000146,0.0585015395141976,1573.0,1566.0,1547.0,1546.0,16600.0
2024-11-24,1546.0,1566.0,1525.0,1547.0,1547.0,16600.0,1527.5,1530.36,1555.0933333333332,1130.3,43.56435643564357,1572.2,-7.600000000000136,21.622499999999945,0.0545330606680301,1573.0,1566.0,1547.0,1546.0,16600.0
2024-11-25,1553.0,1576.0,1534.0,1534.0,1534.0,16900.0,1528.05,1529.44,1553.6466666666668,1134.78,42.10526315789474,1569.36,-7.7199999999998,21.862499999999955,0.0456714383094751,1573.0,1566.0,1547.0,1546.0,16600.0
2024-11-26,1554.0,1554.0,1527.0,1538.0,1538.0,14000.0,1528.9,1529.44,1552.5866666666666,1139.5,42.92452830188679,1566.02,-7.493333333333339,22.3275000000001,0.0785413744740533,1573.0,1576.0,1534.0,1553.0,16900.0
2024-11-27,1551.0,1561.0,1535.0,1535.0,1535.0,15500.0,1527.95,1529.32,1552.5533333333333,1144.205,52.906976744186046,1563.1,-6.25333333333333,22.77250000000004,0.076437587657784,1573.0,1554.0,1538.0,1554.0,14000.0
2024-11-28,1532.0,1539.0,1519.0,1519.0,1519.0,16000.0,1525.25,1528.56,1552.3066666666666,1148.83,67.40740740740742,1560.06,-4.826666666666824,23.01499999999988,0.0652173913043479,1573.0,1561.0,1535.0,1551.0,15500.0
2024-11-29,1516.0,1524.0,1501.0,1513.0,1513.0,17300.0,1522.25,1527.56,1551.98,1153.4525,70.54263565891472,1556.96,-3.1133333333332303,23.152500000000146,0.0625,1573.0,1539.0,1519.0,1532.0,16000.0
2024-11-30,1516.0,1524.0,1501.0,1513.0,1513.0,17300.0,1519.25,1527.16,1551.6533333333334,1158.1575,70.54263565891472,1555.02,-1.99333333333334,23.37750000000005,-0.011111111111111,1568.0,1524.0,1513.0,1516.0,17300.0
2024-12-01,1516.0,1524.0,1501.0,1513.0,1513.0,17300.0,1516.55,1526.84,1551.26,1162.86,70.54263565891472,1553.08,-1.326666666666597,23.3599999999999,0.0053156146179402,1568.0,1524.0,1513.0,1516.0,17300.0
2024-12-02,1514.0,1517.0,1498.0,1504.0,1504.0,19900.0,1513.35,1524.84,1550.4133333333334,1167.4625,55.23809523809524,1550.96,-2.1399999999998727,23.257500000000164,-0.0664183736809435,1547.0,1524.0,1513.0,1516.0,17300.0
2024-12-03,1504.0,1562.0,1504.0,1530.0,1530.0,18200.0,1513.6,1523.12,1550.1133333333332,1172.15,62.6984126984127,1549.36,-2.193333333333385,23.320000000000164,-0.0871121718377088,1547.0,1517.0,1504.0,1514.0,19900.0
2024-12-04,1530.0,1585.0,1530.0,1583.0,1583.0,24700.0,1519.15,1523.52,1551.7066666666667,1177.1025,64.92537313432837,1548.16,-0.2733333333333121,23.649999999999864,-0.0554892601431981,1583.0,1562.0,1530.0,1504.0,18200.0
2024-12-05,1572.0,1589.0,1556.0,1557.0,1557.0,14800.0,1524.0,1522.88,1552.9533333333334,1181.925,53.5031847133758,1546.76,1.2999999999999543,23.767499999999927,-0.0710023866348448,1583.0,1585.0,1583.0,1530.0,24700.0
2024-12-06,1569.0,1607.0,1556.0,1607.0,1607.0,28100.0,1531.35,1524.48,1554.8666666666666,1187.06,64.5631067961165,1546.5,3.6066666666665697,24.200000000000045,-0.0574780058651026,1607.0,1589.0,1557.0,1572.0,14800.0
2024-12-07,1569.0,1607.0,1556.0,1607.0,1607.0,28100.0,1538.7,1526.04,1556.78,1192.17,64.5631067961165,1546.34,6.366666666666561,24.707499999999985,-0.0440214158239143,1607.0,1607.0,1607.0,1569.0,28100.0
2024-12-08,1569.0,1607.0,1556.0,1607.0,1607.0,28100.0,1544.4,1529.32,1558.72,1197.375,64.5631067961165,1546.18,8.606666666666797,25.22499999999991,-0.0383004189108318,1607.0,1607.0,1607.0,1569.0,28100.0
2024-12-09,1605.0,1636.0,1591.0,1633.0,1633.0,22200.0,1551.15,1535.76,1560.9333333333334,1202.9875,72.60273972602741,1546.54,9.226666666666688,25.88499999999999,-0.0209832134292565,1633.0,1607.0,1607.0,1569.0,28100.0
2024-12-10,1633.0,1655.0,1600.0,1649.0,1649.0,18900.0,1556.45,1543.32,1563.36,1208.6225,74.02597402597402,1546.58,10.406666666666524,26.69749999999999,0.0242236024844719,1649.0,1636.0,1633.0,1605.0,22200.0
2024-12-11,1650.0,1670.0,1646.0,1663.0,1663.0,19400.0,1562.3,1551.44,1566.52,1214.3275,76.44628099173553,1547.44,11.65333333333342,27.267500000000155,0.0329192546583851,1663.0,1655.0,1649.0,1633.0,18900.0
2024-12-12,1670.0,1676.0,1631.0,1634.0,1634.0,27700.0,1566.65,1558.4,1569.2933333333333,1219.8875,72.54901960784314,1547.56,12.51333333333332,27.717499999999973,0.0149068322981367,1663.0,1670.0,1663.0,1650.0,19400.0
2024-12-13,1665.0,1760.0,1660.0,1677.0,1677.0,44300.0,1573.15,1565.76,1572.64,1225.6675,78.08219178082192,1549.02,13.920000000000073,28.29250000000001,0.0416149068322981,1677.0,1676.0,1634.0,1670.0,27700.0
2024-12-14,1665.0,1760.0,1660.0,1677.0,1677.0,44300.0,1579.65,1572.92,1576.013333333333,1231.4,78.08219178082192,1552.04,15.079999999999927,28.412500000000136,0.0206938527084601,1677.0,1760.0,1677.0,1665.0,44300.0
2024-12-15,1665.0,1760.0,1660.0,1677.0,1677.0,44300.0,1586.8,1578.28,1577.9733333333334,1237.1975,78.08219178082192,1555.06,14.613333333333458,28.575000000000045,0.0307314074984634,1677.0,1760.0,1677.0,1665.0,44300.0
2024-12-16,1677.0,1677.0,1626.0,1635.0,1635.0,20500.0,1591.65,1581.84,1579.7066666666667,1242.8775,70.15384615384615,1557.24,13.186666666666724,28.549999999999955,0.0092592592592593,1677.0,1760.0,1677.0,1665.0,44300.0
2024-12-17,1635.0,1654.0,1623.0,1643.0,1643.0,8800.0,1597.05,1585.68,1580.1333333333334,1248.4625,68.40390879478826,1559.34,10.840000000000146,28.575000000000045,0.0173374613003096,1677.0,1677.0,1635.0,1677.0,20500.0
2024-12-18,1630.0,1639.0,1582.0,1592.0,1592.0,21300.0,1600.7,1587.48,1579.013333333333,1253.7925,51.475409836065566,1559.38,6.373333333333221,28.125,-0.0142414860681114,1677.0,1654.0,1643.0,1635.0,8800.0
2024-12-19,1581.0,1608.0,1581.0,1607.0,1607.0,15500.0,1605.4,1589.88,1578.0933333333332,1259.1975,58.503401360544224,1560.12,2.0799999999999272,27.7974999999999,-0.004953560371517,1677.0,1639.0,1592.0,1630.0,21300.0
2024-12-20,1607.0,1615.0,1586.0,1586.0,1586.0,12900.0,1609.05,1591.96,1576.8933333333334,1264.54,46.0377358490566,1560.7,-1.0799999999999272,27.342499999999973,-0.037037037037037,1677.0,1608.0,1607.0,1581.0,15500.0
2024-12-21,1607.0,1615.0,1586.0,1586.0,1586.0,12900.0,1612.7,1593.88,1575.3066666666666,1269.8675,46.0377358490566,1561.66,-4.400000000000091,26.99000000000001,-0.0209876543209877,1677.0,1615.0,1586.0,1607.0,12900.0
2024-12-22,1607.0,1615.0,1586.0,1586.0,1586.0,12900.0,1616.8,1595.92,1574.04,1275.1375,46.0377358490566,1562.62,-6.093333333333476,26.674999999999955,-0.0257985257985258,1677.0,1615.0,1586.0,1607.0,12900.0
2024-12-23,1597.0,1601.0,1570.0,1584.0,1584.0,18600.0,1619.5,1598.52,1572.88,1280.395,39.83402489626556,1563.54,-6.133333333333212,26.602499999999964,-0.0124688279301745,1677.0,1615.0,1586.0,1607.0,12900.0
2024-12-24,1582.0,1601.0,1570.0,1590.0,1590.0,11500.0,1619.85,1601.6,1571.84,1285.675,37.22943722943722,1564.58,-6.25333333333333,26.477499999999964,0.0419397116644824,1677.0,1601.0,1584.0,1597.0,18600.0
2024-12-25,1597.0,1597.0,1561.0,1561.0,1561.0,14600.0,1620.05,1603.52,1571.1866666666667,1290.81,29.268292682926827,1565.34,-5.706666666666706,26.269999999999985,0.0229357798165137,1677.0,1601.0,1590.0,1582.0,11500.0
2024-12-26,1570.0,1573.0,1536.0,1565.0,1565.0,18300.0,1617.95,1605.6,1570.5866666666666,1295.965,34.38914027149322,1566.22,-4.720000000000027,26.09749999999985,0.0255570117955439,1677.0,1597.0,1561.0,1597.0,14600.0
2024-12-27,1570.0,1637.0,1570.0,1615.0,1615.0,34600.0,1618.35,1610.04,1570.6533333333334,1301.4175,36.40350877192983,1567.44,-3.3866666666665424,26.279999999999973,0.0500650195058518,1677.0,1573.0,1565.0,1570.0,18300.0
2024-12-28,1570.0,1637.0,1570.0,1615.0,1615.0,34600.0,1618.75,1613.44,1570.72,1306.8925,36.40350877192983,1568.28,-2.160000000000082,26.497499999999945,0.0157232704402516,1677.0,1637.0,1615.0,1570.0,34600.0
2024-12-29,1570.0,1637.0,1570.0,1615.0,1615.0,34600.0,1617.85,1614.72,1570.3466666666666,1312.2425,36.40350877192983,1569.12,-1.4933333333333394,26.56750000000011,0.0286624203821657,1677.0,1637.0,1615.0,1570.0,34600.0
2024-12-30,1655.0,1661.0,1598.0,1613.0,1613.0,30500.0,1616.05,1616.96,1570.16,1317.6,44.14893617021277,1569.92,-1.0266666666666424,26.789999999999964,0.0359666024405909,1677.0,1637.0,1615.0,1570.0,34600.0
2024-12-31,1655.0,1661.0,1598.0,1613.0,1613.0,30500.0,1613.55,1617.2,1570.0666666666666,1323.0825,41.66666666666666,1570.84,-0.5199999999999818,27.117500000000064,0.0487646293888166,1677.0,1661.0,1613.0,1655.0,30500.0
2025-01-01,1655.0,1661.0,1598.0,1613.0,1613.0,30500.0,1612.5,1617.44,1570.04,1328.565,58.13953488372093,1571.74,-0.6133333333334576,27.14750000000004,0.0487646293888166,1677.0,1661.0,1613.0,1655.0,30500.0
2025-01-02,1655.0,1661.0,1598.0,1613.0,1613.0,30500.0,1609.3,1617.68,1570.013333333333,1334.0475,52.631578947368425,1573.5,-0.7066666666667061,27.154999999999973,0.0487646293888166,1677.0,1661.0,1613.0,1655.0,30500.0
2025-01-03,1655.0,1661.0,1598.0,1613.0,1613.0,30500.0,1606.1,1616.88,1569.986666666667,1339.5325,64.51612903225806,1576.32,-0.3599999999998999,27.289999999999964,0.0487646293888166,1677.0,1661.0,1613.0,1655.0,30500.0
2025-01-04,1655.0,1661.0,1598.0,1613.0,1613.0,30500.0,1602.9,1615.44,1569.5333333333333,1345.0775,64.51612903225806,1579.38,-0.6266666666667788,27.47750000000019,0.0590938936309914,1643.0,1661.0,1613.0,1655.0,30500.0
2025-01-05,1655.0,1661.0,1598.0,1613.0,1613.0,30500.0,1601.8,1613.44,1569.44,1350.6575,64.51612903225806,1582.44,-0.6266666666665515,27.575000000000045,0.0604865220249835,1643.0,1661.0,1613.0,1655.0,30500.0
2025-01-06,1623.0,1630.0,1605.0,1616.0,1616.0,22800.0,1600.45,1612.72,1569.28,1356.2375,67.02127659574468,1585.56,-0.7599999999999909,27.6724999999999,0.0398970398970399,1616.0,1661.0,1613.0,1655.0,30500.0
2025-01-07,1638.0,1645.0,1617.0,1619.0,1619.0,18200.0,1601.8,1610.4,1569.48,1361.7825,65.93406593406593,1588.08,-0.533333333333303,27.735000000000127,0.0292434837889383,1619.0,1630.0,1616.0,1623.0,22800.0
2025-01-08,1626.0,1626.0,1597.0,1614.0,1614.0,16500.0,1602.15,1607.88,1570.6533333333334,1367.3025,89.55223880597015,1590.4,0.6666666666667425,27.769999999999985,0.0260648442466624,1619.0,1645.0,1619.0,1638.0,18200.0
2025-01-09,1611.0,1621.0,1590.0,1606.0,1606.0,14500.0,1603.15,1605.04,1571.72,1372.7825,78.87323943661971,1591.66,2.1866666666667243,27.704999999999927,0.020979020979021,1619.0,1626.0,1614.0,1626.0,16500.0
2025-01-10,1615.0,1615.0,1585.0,1597.0,1597.0,14900.0,1603.7,1603.52,1572.6666666666667,1378.22,20.0,1592.68,3.226666666666688,27.5625,0.01914486279515,1619.0,1621.0,1606.0,1611.0,14500.0
2025-01-11,1615.0,1615.0,1585.0,1597.0,1597.0,14900.0,1604.25,1601.68,1573.4533333333334,1383.485,20.0,1593.68,4.173333333333403,27.247499999999945,0.0184948979591836,1619.0,1615.0,1597.0,1615.0,14900.0
2025-01-12,1615.0,1615.0,1585.0,1597.0,1597.0,14900.0,1604.9,1601.88,1573.5466666666666,1388.8275,20.0,1594.68,4.066666666666606,27.04500000000008,0.0472131147540983,1619.0,1615.0,1597.0,1615.0,14900.0
2025-01-13,1615.0,1615.0,1585.0,1597.0,1597.0,14900.0,1605.25,1601.48,1573.9066666666668,1394.12,21.42857142857143,1595.68,3.2533333333333303,26.81749999999988,0.0849184782608696,1619.0,1615.0,1597.0,1615.0,14900.0
2025-01-14,1611.0,1611.0,1552.0,1571.0,1571.0,25900.0,1605.75,1600.88,1574.0933333333332,1399.2675,11.111111111111114,1596.42,2.373333333333221,26.4849999999999,0.076027397260274,1619.0,1615.0,1597.0,1615.0,14900.0
2025-01-15,1563.0,1571.0,1545.0,1562.0,1562.0,15800.0,1605.6,1599.92,1574.4133333333334,1404.37,9.523809523809518,1596.9,1.7466666666666697,26.149999999999864,0.0698630136986302,1619.0,1611.0,1571.0,1611.0,25900.0
2025-01-16,1579.0,1582.0,1551.0,1551.0,1551.0,17800.0,1602.4,1598.52,1574.5866666666666,1409.4175,8.108108108108098,1597.22,1.133333333333212,25.93250000000012,0.0623287671232877,1619.0,1571.0,1562.0,1563.0,15800.0
2025-01-17,1565.0,1565.0,1516.0,1538.0,1538.0,16300.0,1598.55,1596.68,1574.5866666666666,1414.405,6.896551724137922,1597.6,1.0399999999999636,25.57749999999988,0.0301406563965169,1619.0,1582.0,1551.0,1579.0,17800.0
2025-01-18,1565.0,1565.0,1516.0,1538.0,1538.0,16300.0,1594.7,1594.6,1574.5866666666666,1419.38,6.896551724137922,1598.1,0.6799999999998363,25.26000000000022,0.0267022696929239,1619.0,1565.0,1538.0,1565.0,16300.0
2025-01-19,1565.0,1565.0,1516.0,1538.0,1538.0,16300.0,1590.95,1593.68,1574.7866666666666,1424.43,6.896551724137922,1598.6,0.6933333333333849,25.162500000000136,-0.0032404406999352,1619.0,1565.0,1538.0,1565.0,16300.0
2025-01-20,1550.0,1550.0,1524.0,1539.0,1539.0,11900.0,1587.25,1592.64,1575.0266666666666,1429.4875,4.705882352941174,1599.12,0.6133333333332303,25.117500000000064,-0.0045278137128071,1619.0,1565.0,1538.0,1565.0,16300.0
2025-01-21,1547.0,1558.0,1526.0,1558.0,1558.0,9500.0,1584.5,1590.36,1575.08,1434.6125,19.801980198019805,1600.2,0.4933333333333394,25.194999999999936,0.0071105365223012,1619.0,1550.0,1539.0,1550.0,11900.0
2025-01-22,1575.0,1576.0,1547.0,1574.0,1574.0,12000.0,1582.55,1588.72,1575.0933333333332,1439.8175,32.14285714285715,1601.08,0.5066666666666606,25.412500000000136,0.0174531351001938,1619.0,1558.0,1558.0,1547.0,9500.0
2025-01-23,1574.0,1576.0,1561.0,1564.0,1564.0,9100.0,1580.1,1586.68,1574.9733333333334,1444.9725,31.57894736842105,1600.7,0.3866666666667697,25.592499999999973,0.0109890109890109,1619.0,1576.0,1574.0,1575.0,12000.0
2025-01-24,1563.0,1595.0,1559.0,1590.0,1590.0,23400.0,1578.95,1585.76,1575.2,1450.3675,47.32824427480916,1601.36,0.4133333333334121,25.9375,0.0365058670143416,1619.0,1576.0,1564.0,1574.0,9100.0
2025-01-25,1563.0,1595.0,1559.0,1590.0,1590.0,23400.0,1577.8,1584.84,1575.506666666667,1455.73,47.32824427480916,1601.02,0.4800000000000182,26.242500000000064,0.0338101430429129,1619.0,1595.0,1590.0,1563.0,23400.0
2025-01-26,1563.0,1595.0,1559.0,1590.0,1590.0,23400.0,1576.5,1583.92,1575.8,1461.11,47.32824427480916,1600.68,0.7200000000000273,26.497499999999945,0.0358306188925081,1619.0,1595.0,1590.0,1563.0,23400.0
2025-01-27,1600.0,1610.0,1562.0,1573.0,1573.0,25100.0,1574.2,1582.32,1576.44,1466.3625,41.89189189189189,1600.0,1.346666666666806,26.544999999999845,0.0355497037524688,1614.0,1595.0,1590.0,1563.0,23400.0
2025-01-28,1571.0,1604.0,1570.0,1600.0,1600.0,18600.0,1573.5,1581.8,1578.1466666666668,1471.79,59.73154362416108,1599.34,3.173333333333403,26.81749999999988,0.0575016523463318,1606.0,1610.0,1573.0,1600.0,25100.0
2025-01-29,1615.0,1623.0,1587.0,1588.0,1588.0,23300.0,1572.6,1580.8,1579.8533333333332,1477.1575,58.55263157894736,1598.12,4.653333333333194,26.789999999999964,0.0495703899537343,1600.0,1604.0,1600.0,1571.0,18600.0
2025-01-30,1595.0,1595.0,1570.0,1580.0,1580.0,24700.0,1571.75,1579.48,1581.4533333333334,1482.485,59.73154362416108,1596.46,5.946666666666715,26.75499999999988,0.0442828816920026,1600.0,1623.0,1588.0,1615.0,23300.0
2025-01-31,1580.0,1580.0,1537.0,1561.0,1561.0,47800.0,1569.95,1577.28,1582.8,1487.7175,57.41935483870968,1595.0,7.0,26.60750000000008,0.0378989361702126,1600.0,1595.0,1580.0,1595.0,24700.0
2025-02-01,1580.0,1580.0,1537.0,1561.0,1561.0,47800.0,1568.15,1574.96,1583.7066666666667,1492.9725,57.41935483870968,1592.68,7.2666666666666515,26.610000000000127,0.0202614379084966,1600.0,1580.0,1561.0,1580.0,47800.0
2025-02-02,1580.0,1580.0,1537.0,1561.0,1561.0,47800.0,1566.35,1572.84,1584.5466666666666,1498.2225,57.41935483870968,1590.36,6.399999999999864,26.43250000000012,-0.0138976626658243,1600.0,1580.0,1561.0,1580.0,47800.0
2025-02-03,1590.0,1640.0,1570.0,1608.0,1608.0,61500.0,1568.2,1572.92,1585.4133333333334,1503.69,67.16417910447761,1588.98,5.560000000000173,26.532500000000027,0.0327552986512524,1608.0,1580.0,1561.0,1580.0,47800.0
2025-02-04,1602.0,1625.0,1583.0,1583.0,1583.0,32000.0,1569.25,1572.36,1585.9066666666668,1509.055,56.03864734299517,1587.94,4.453333333333376,26.570000000000164,-0.0149346608587429,1608.0,1640.0,1608.0,1590.0,61500.0
2025-02-05,1583.0,1608.0,1583.0,1583.0,1583.0,13800.0,1570.85,1571.8,1586.3866666666668,1514.42,52.35602094240838,1586.74,3.586666666666815,26.7025000000001,-0.0149346608587429,1608.0,1625.0,1583.0,1602.0,32000.0
2025-02-06,1600.0,1622.0,1583.0,1599.0,1599.0,18700.0,1573.9,1571.88,1587.08,1519.865,58.88324873096447,1586.88,3.373333333333221,26.892499999999927,-0.0049782202862476,1608.0,1608.0,1583.0,1583.0,13800.0
2025-02-07,1603.0,1625.0,1585.0,1586.0,1586.0,24800.0,1576.3,1571.44,1587.6,1524.495,48.91304347826088,1586.46,3.053333333333285,26.27249999999981,-0.0287813839559093,1608.0,1622.0,1599.0,1600.0,18700.0
2025-02-08,1603.0,1625.0,1585.0,1586.0,1586.0,24800.0,1578.7,1572.04,1588.2933333333333,1528.375,48.91304347826088,1586.46,2.8799999999998818,24.684999999999945,-0.0382049727107337,1608.0,1625.0,1586.0,1603.0,24800.0
2025-02-09,1603.0,1625.0,1585.0,1586.0,1586.0,24800.0,1581.05,1573.0,1588.9333333333334,1530.155,48.91304347826088,1586.46,3.0266666666666424,21.09999999999991,-0.0463018641010222,1608.0,1625.0,1586.0,1603.0,24800.0
2025-02-10,1586.0,1603.0,1585.0,1603.0,1603.0,12500.0,1583.3,1575.08,1589.84,1531.925,58.15217391304348,1586.8,3.4533333333331484,17.50499999999988,-0.0189718482252142,1608.0,1625.0,1586.0,1603.0,24800.0
2025-02-11,1586.0,1603.0,1585.0,1603.0,1603.0,12500.0,1584.75,1577.68,1590.96,1534.09,50.95541401273886,1587.18,3.880000000000109,14.224999999999907,-0.0441264162194394,1608.0,1603.0,1603.0,1586.0,12500.0
2025-02-12,1603.0,1623.0,1590.0,1601.0,1601.0,22900.0,1586.6,1580.2,1592.1333333333334,1536.245,54.42176870748299,1587.4,4.53333333333353,11.75,-0.0453190220632081,1608.0,1603.0,1603.0,1586.0,12500.0
2025-02-13,1611.0,1616.0,1594.0,1600.0,1600.0,12300.0,1587.1,1582.68,1593.2933333333333,1538.395,57.142857142857146,1588.18,5.0,10.019999999999982,-0.0459153249850924,1608.0,1623.0,1601.0,1603.0,22900.0
2025-02-14,1601.0,1610.0,1586.0,1587.0,1587.0,24500.0,1586.95,1584.6,1594.28,1540.5325,59.70149253731344,1588.62,5.346666666666579,10.377500000000056,-0.0293577981651376,1608.0,1616.0,1600.0,1611.0,12300.0
2025-02-15,1601.0,1610.0,1586.0,1587.0,1587.0,24500.0,1586.8,1585.76,1595.3866666666668,1542.4675,59.70149253731344,1588.06,5.546666666666852,10.542500000000018,-0.0340839926962872,1608.0,1610.0,1587.0,1601.0,24500.0
2025-02-16,1601.0,1610.0,1586.0,1587.0,1587.0,24500.0,1587.5,1586.28,1596.1466666666668,1544.1125,59.70149253731344,1587.5,5.186666666666724,10.022500000000036,-0.0031407035175879,1608.0,1610.0,1587.0,1601.0,24500.0
2025-02-17,1588.0,1604.0,1582.0,1590.0,1590.0,15900.0,1587.0,1587.32,1596.24,1545.6425,40.0,1587.0,4.10666666666657,9.397500000000036,-0.0105787181082762,1608.0,1610.0,1587.0,1601.0,24500.0
2025-02-18,1590.0,1611.0,1590.0,1596.0,1596.0,12100.0,1587.4,1587.56,1596.76,1547.4175,59.15492957746479,1586.66,3.466666666666697,9.022500000000036,0.0063051702395964,1608.0,1604.0,1590.0,1588.0,15900.0
2025-02-19,1605.0,1620.0,1590.0,1590.0,1590.0,13700.0,1587.9,1587.56,1596.5333333333333,1549.1625,54.54545454545455,1586.2,2.2533333333333303,8.629999999999882,0.0025220680958386,1608.0,1611.0,1596.0,1590.0,12100.0
2025-02-20,1599.0,1599.0,1554.0,1570.0,1570.0,27300.0,1588.35,1586.76,1596.04,1550.8075,32.09876543209876,1585.34,0.6533333333331939,8.339999999999918,-0.0100882723833543,1608.0,1620.0,1590.0,1605.0,13700.0
2025-02-21,1570.0,1570.0,1539.0,1545.0,1545.0,28400.0,1587.55,1585.64,1595.2133333333334,1552.6825,27.956989247311824,1583.98,-0.933333333333394,8.569999999999936,-0.0246212121212121,1608.0,1599.0,1570.0,1599.0,27300.0
2025-02-22,1570.0,1570.0,1539.0,1545.0,1545.0,28400.0,1586.75,1583.44,1594.04,1554.195,27.956989247311824,1582.62,-2.200000000000045,8.552500000000009,-0.0283018867924528,1608.0,1570.0,1545.0,1570.0,28400.0
2025-02-23,1570.0,1570.0,1539.0,1545.0,1545.0,28400.0,1583.6,1581.72,1592.6533333333334,1555.5975,27.956989247311824,1581.26,-4.10666666666657,8.180000000000064,-0.0102498398462523,1603.0,1570.0,1545.0,1570.0,28400.0
2025-02-24,1570.0,1570.0,1539.0,1545.0,1545.0,28400.0,1581.7,1580.32,1591.08,1556.9925,11.84210526315789,1579.9,-5.453333333333376,7.830000000000155,-0.012779552715655,1603.0,1570.0,1545.0,1570.0,28400.0
2025-02-25,1541.0,1541.0,1510.0,1515.0,1515.0,44400.0,1578.3,1578.48,1589.493333333333,1558.2275,8.49056603773586,1577.88,-6.546666666666624,7.420000000000073,-0.0619195046439629,1603.0,1570.0,1545.0,1570.0,28400.0
2025-02-26,1513.0,1525.0,1489.0,1510.0,1510.0,33200.0,1573.85,1576.44,1587.2666666666669,1559.4375,8.256880733944968,1575.7,-7.946666666666715,6.755000000000109,-0.0650154798761609,1603.0,1541.0,1515.0,1541.0,44400.0
2025-02-27,1528.0,1556.0,1515.0,1524.0,1524.0,43700.0,1570.75,1574.96,1585.2266666666667,1560.7175,18.85245901639344,1573.9,-8.813333333333276,6.522500000000036,-0.0563467492260062,1603.0,1525.0,1510.0,1513.0,33200.0
2025-02-28,1554.0,1585.0,1514.0,1532.0,1532.0,32000.0,1568.05,1571.92,1583.2933333333333,1562.0375,26.4957264957265,1572.42,-9.360000000000127,6.439999999999827,-0.0502169869807811,1603.0,1556.0,1524.0,1528.0,43700.0
2025-03-01,1554.0,1585.0,1514.0,1532.0,1532.0,32000.0,1565.35,1569.88,1581.92,1563.22,26.4957264957265,1571.12,-9.159999999999854,6.227499999999964,-0.0502169869807811,1603.0,1585.0,1532.0,1554.0,32000.0
2025-03-02,1554.0,1585.0,1514.0,1532.0,1532.0,32000.0,1561.8,1567.84,1580.44,1564.255,26.4957264957265,1569.82,-9.053333333333285,6.0275000000001455,-0.0502169869807811,1603.0,1585.0,1532.0,1554.0,32000.0
2025-03-03,1548.0,1572.0,1542.0,1563.0,1563.0,20300.0,1559.8,1566.4,1580.0533333333333,1565.4125,40.68965517241379,1569.14,-7.213333333333367,5.974999999999909,-0.0309981401115932,1601.0,1585.0,1532.0,1554.0,32000.0
2025-03-04,1560.0,1569.0,1545.0,1555.0,1555.0,15200.0,1557.5,1565.16,1579.36,1566.355,36.054421768707485,1568.3,-5.866666666666788,5.6375000000000455,-0.0359578425294482,1600.0,1572.0,1563.0,1548.0,20300.0
2025-03-05,1560.0,1577.0,1552.0,1565.0,1565.0,15100.0,1555.75,1564.32,1579.08,1567.3475,41.72185430463576,1568.18,-4.213333333333367,5.310000000000173,-0.0297582145071295,1596.0,1569.0,1555.0,1560.0,15200.0
2025-03-06,1567.0,1568.0,1544.0,1553.0,1553.0,19600.0,1554.05,1563.0,1578.64,1568.28,44.05594405594406,1568.0,-3.2799999999999727,5.059999999999945,-0.0371977681339119,1596.0,1577.0,1565.0,1560.0,15100.0
2025-03-07,1548.0,1549.0,1529.0,1530.0,1530.0,20000.0,1551.2,1560.08,1577.8933333333334,1568.885,44.680851063829785,1567.58,-2.546666666666624,4.629999999999882,-0.0532178217821782,1596.0,1568.0,1553.0,1567.0,19600.0
2025-03-08,1548.0,1549.0,1529.0,1530.0,1530.0,20000.0,1548.35,1557.16,1577.1733333333334,1569.315,44.680851063829785,1567.42,-2.8799999999998818,3.9025000000001455,-0.0549722050648548,1596.0,1549.0,1530.0,1548.0,20000.0
2025-03-09,1548.0,1549.0,1529.0,1530.0,1530.0,20000.0,1545.35,1554.32,1576.3733333333332,1569.9175,44.680851063829785,1567.26,-2.986666666666679,3.5625,-0.0520446096654274,1596.0,1549.0,1530.0,1548.0,20000.0
2025-03-10,1547.0,1551.0,1530.0,1546.0,1546.0,13000.0,1542.85,1552.16,1576.1733333333334,1570.56,50.318471337579616,1567.42,-2.906666666666524,3.212499999999864,-0.037359900373599,1590.0,1549.0,1530.0,1548.0,20000.0
2025-03-11,1546.0,1546.0,1508.0,1533.0,1533.0,37200.0,1540.0,1550.0,1575.746666666667,1571.035,56.42857142857142,1567.3,-2.8933333333334303,2.755000000000109,-0.0400751408891671,1570.0,1551.0,1546.0,1547.0,13000.0
2025-03-12,1530.0,1555.0,1530.0,1536.0,1536.0,18500.0,1538.3,1547.96,1574.6933333333334,1571.525,59.42028985507247,1566.86,-3.200000000000045,2.6400000000001,-0.0381966186599874,1565.0,1546.0,1533.0,1546.0,37200.0
2025-03-13,1540.0,1552.0,1536.0,1536.0,1536.0,15300.0,1537.85,1545.92,1573.64,1572.015,54.83870967741936,1566.1,-3.533333333333303,2.700000000000045,-0.0381966186599874,1565.0,1555.0,1536.0,1530.0,18500.0
2025-03-14,1541.0,1551.0,1530.0,1530.0,1530.0,22400.0,1537.1,1543.52,1572.506666666667,1571.89,49.18032786885246,1565.42,-3.866666666666561,1.9725000000000816,-0.0419536631183469,1565.0,1552.0,1536.0,1540.0,15300.0
2025-03-15,1541.0,1551.0,1530.0,1530.0,1530.0,22400.0,1536.35,1540.88,1571.4,1571.915,49.18032786885246,1564.22,-4.773333333333312,1.3550000000000182,-0.0260980267345639,1565.0,1551.0,1530.0,1541.0,22400.0
2025-03-16,1541.0,1551.0,1530.0,1530.0,1530.0,22400.0,1535.6,1538.48,1570.2933333333333,1572.1125,49.18032786885246,1563.02,-5.453333333333376,1.077499999999873,-0.0204865556978233,1565.0,1551.0,1530.0,1541.0,22400.0
2025-03-17,1539.0,1539.0,1518.0,1521.0,1521.0,34400.0,1535.9,1536.52,1569.0666666666666,1572.18,29.0,1561.64,-5.626666666666779,0.6549999999999727,-0.0193423597678916,1565.0,1551.0,1530.0,1541.0,22400.0
2025-03-18,1518.0,1519.0,1470.0,1479.0,1479.0,93400.0,1534.35,1533.88,1567.28,1571.85,21.64179104477612,1559.76,-6.360000000000127,-0.165000000000191,-0.0383615084525357,1565.0,1539.0,1521.0,1539.0,34400.0
2025-03-19,1479.0,1508.0,1476.0,1505.0,1505.0,28800.0,1533.4,1532.28,1565.84,1571.65,30.0,1557.86,-6.666666666666743,-0.2400000000000091,-0.0214564369310793,1565.0,1519.0,1479.0,1518.0,93400.0
2025-03-20,1479.0,1508.0,1476.0,1505.0,1505.0,28800.0,1532.05,1530.68,1564.4,1571.45,32.60869565217391,1556.2,-7.0,-0.4649999999999181,-0.0214564369310793,1565.0,1508.0,1505.0,1479.0,28800.0
2025-03-21,1510.0,1519.0,1494.0,1495.0,1495.0,57500.0,1530.2,1528.68,1562.8266666666666,1570.9125,36.0,1554.5,-7.466666666666697,-1.2000000000000457,-0.0285899935022742,1565.0,1508.0,1505.0,1479.0,28800.0
2025-03-22,1510.0,1519.0,1494.0,1495.0,1495.0,57500.0,1528.35,1527.88,1561.2133333333334,1569.875,36.0,1553.18,-7.853333333333239,-2.305000000000064,-0.0404364569961489,1565.0,1519.0,1495.0,1510.0,57500.0
2025-03-23,1510.0,1519.0,1494.0,1495.0,1495.0,57500.0,1524.95,1527.28,1559.56,1568.9875,36.0,1551.86,-7.720000000000027,-2.8624999999999545,-0.0501905972045743,1565.0,1519.0,1495.0,1510.0,57500.0
2025-03-24,1504.0,1506.0,1493.0,1493.0,1493.0,27600.0,1521.85,1526.04,1557.9466666666667,1567.84,26.12612612612613,1550.5,-7.893333333333203,-3.810000000000173,-0.0453964194373401,1565.0,1519.0,1495.0,1510.0,57500.0
2025-03-25,1498.0,1503.0,1485.0,1491.0,1491.0,34100.0,1518.15,1524.4,1556.4133333333334,1567.0825,29.0,1548.16,-7.986666666666679,-4.367500000000064,-0.0622641509433962,1553.0,1506.0,1493.0,1504.0,27600.0
2025-03-26,1500.0,1517.0,1486.0,1486.0,1486.0,68300.0,1514.8,1522.56,1554.9333333333334,1566.3,25.490196078431367,1546.22,-7.893333333333203,-4.6124999999999545,-0.0654088050314465,1546.0,1503.0,1491.0,1498.0,34100.0
2025-03-27,1489.0,1502.0,1483.0,1498.0,1498.0,56500.0,1513.2,1521.2,1553.6133333333332,1565.5775,33.33333333333333,1544.52,-7.600000000000136,-4.2974999999999,-0.0578616352201257,1546.0,1517.0,1486.0,1500.0,68300.0
2025-03-28,1348.0,1366.0,1303.0,1307.0,1307.0,179500.0,1502.05,1510.96,1549.746666666667,1563.75,12.709030100334443,1538.68,-9.813333333333276,-5.2374999999999545,-0.1691036236490781,1546.0,1502.0,1498.0,1489.0,56500.0
2025-03-29,1348.0,1366.0,1303.0,1307.0,1307.0,179500.0,1490.9,1501.04,1545.88,1561.785,12.709030100334443,1533.1,-12.066666666666606,-6.054999999999836,-0.1831249999999999,1546.0,1366.0,1307.0,1348.0,179500.0
2025-03-30,1348.0,1366.0,1303.0,1307.0,1307.0,179500.0,1478.95,1490.72,1542.36,1560.1075,12.709030100334443,1527.52,-14.053333333333512,-6.974999999999909,-0.1769521410579345,1536.0,1366.0,1307.0,1348.0,179500.0
2025-03-31,1303.0,1326.0,1300.0,1310.0,1310.0,45300.0,1467.8,1481.0,1539.0,1558.57,13.993174061433436,1522.0,-15.933333333333394,-7.730000000000018,-0.1708860759493671,1536.0,1366.0,1307.0,1348.0,179500.0
2025-04-01,1340.0,1355.0,1318.0,1326.0,1326.0,29600.0,1457.3,1472.84,1536.0,1557.5125,21.348314606741567,1516.46,-17.61333333333323,-8.065000000000055,-0.1505445227418321,1536.0,1326.0,1310.0,1303.0,45300.0
2025-04-02,1326.0,1335.0,1301.0,1301.0,1301.0,20200.0,1445.55,1463.68,1532.84,1556.33,11.654135338345869,1510.42,-16.90666666666675,-7.420000000000073,-0.1665598975016015,1530.0,1355.0,1326.0,1340.0,29600.0
2025-04-03,1287.0,1293.0,1260.0,1276.0,1276.0,47500.0,1432.85,1453.52,1529.3466666666666,1555.0225,10.652920962199318,1503.92,-16.53333333333353,-6.7625000000000455,-0.1825752722613709,1530.0,1335.0,1301.0,1326.0,20200.0
2025-04-04,1232.0,1245.0,1173.0,1208.0,1208.0,63000.0,1416.75,1440.0,1524.9466666666667,1553.375,8.882521489971353,1496.08,-17.413333333333185,-6.732500000000073,-0.2487562189054726,1530.0,1293.0,1276.0,1287.0,47500.0
2025-04-05,1232.0,1245.0,1173.0,1208.0,1208.0,63000.0,1400.65,1427.0,1520.5333333333333,1551.7025,8.882521489971353,1488.5,-18.466666666666697,-6.867499999999836,-0.2368919772583702,1521.0,1245.0,1208.0,1232.0,63000.0
2025-04-06,1232.0,1245.0,1173.0,1208.0,1208.0,63000.0,1385.0,1413.88,1515.8666666666666,1549.905,8.882521489971353,1480.92,-20.13333333333344,-7.607500000000073,-0.2368919772583702,1505.0,1245.0,1208.0,1232.0,63000.0
2025-04-07,1133.0,1163.0,1095.0,1108.0,1108.0,96800.0,1366.45,1396.76,1509.6533333333334,1547.6825,6.9351230425055945,1471.34,-23.186666666666497,-8.647500000000036,-0.3070669168230143,1505.0,1245.0,1208.0,1232.0,63000.0
2025-04-08,1168.0,1231.0,1168.0,1221.0,1221.0,53400.0,1352.25,1384.4,1505.08,1546.47,25.80645161290323,1463.96,-24.26666666666665,-8.552500000000009,-0.2301387137452711,1505.0,1163.0,1108.0,1133.0,96800.0
2025-04-09,1200.0,1230.0,1178.0,1230.0,1230.0,20700.0,1338.5,1372.4,1500.28,1545.3025,27.22419928825623,1456.64,-24.666666666666742,-8.072499999999991,-0.2244640605296343,1498.0,1231.0,1221.0,1168.0,53400.0
2025-04-10,1293.0,1300.0,1260.0,1262.0,1262.0,21500.0,1326.85,1361.68,1495.9066666666668,1544.295,29.72508591065292,1450.08,-24.62666666666655,-7.407500000000027,-0.2042875157629256,1498.0,1230.0,1230.0,1200.0,20700.0
2025-04-11,1232.0,1290.0,1232.0,1285.0,1285.0,12400.0,1316.35,1352.24,1491.84,1543.4025,47.34299516908212,1444.38,-24.02666666666664,-6.502500000000055,-0.198378041172801,1498.0,1300.0,1262.0,1293.0,21500.0
2025-04-12,1232.0,1290.0,1232.0,1285.0,1285.0,12400.0,1305.85,1344.48,1488.0,1542.52,47.34299516908212,1439.18,-21.65333333333342,-5.162499999999909,-0.198378041172801,1498.0,1290.0,1285.0,1232.0,12400.0
2025-04-13,1232.0,1290.0,1232.0,1285.0,1285.0,12400.0,1295.45,1335.68,1483.8,1541.61,47.34299516908212,1433.98,-21.279999999999973,-4.860000000000127,-0.1973766396002498,1498.0,1290.0,1285.0,1232.0,12400.0
2025-04-14,1299.0,1319.0,1280.0,1292.0,1292.0,15000.0,1285.5,1327.16,1479.8533333333332,1540.735,47.84688995215311,1428.92,-20.426666666666733,-4.567500000000109,-0.1925,1498.0,1290.0,1285.0,1232.0,12400.0
2025-04-15,1298.0,1319.0,1269.0,1280.0,1280.0,15600.0,1275.2,1318.56,1475.8533333333332,1540.005,44.44444444444444,1423.62,-20.053333333333512,-4.289999999999964,-0.1934467548834278,1498.0,1319.0,1292.0,1299.0,15000.0
2025-04-16,1280.0,1280.0,1263.0,1265.0,1265.0,9800.0,1263.55,1309.36,1471.9066666666668,1539.2,45.54455445544555,1418.62,-19.933333333333167,-4.202499999999873,-0.2028985507246377,1326.0,1319.0,1280.0,1298.0,15600.0
2025-04-17,1265.0,1300.0,1265.0,1289.0,1289.0,8600.0,1262.65,1301.12,1468.28,1538.515,51.61290322580645,1414.2,-19.720000000000027,-4.004999999999882,-0.1877756773787019,1326.0,1280.0,1265.0,1280.0,9800.0
2025-04-18,1289.0,1312.0,1283.0,1301.0,1301.0,12900.0,1262.35,1293.44,1464.8133333333333,1537.9,63.40057636887608,1409.74,-18.98666666666668,-3.709999999999809,-0.1817610062893081,1326.0,1300.0,1289.0,1265.0,8600.0
2025-04-19,1289.0,1312.0,1283.0,1301.0,1301.0,12900.0,1262.05,1285.84,1460.72,1536.755,63.40057636887608,1405.12,-19.13333333333321,-3.979999999999791,-0.1848370927318295,1326.0,1312.0,1301.0,1289.0,12900.0
2025-04-20,1289.0,1312.0,1283.0,1301.0,1301.0,12900.0,1261.6,1278.44,1456.96,1535.735,63.40057636887608,1400.5,-18.893333333333203,-4.270000000000209,-0.1817610062893081,1326.0,1312.0,1301.0,1289.0,12900.0
2025-04-21,1312.0,1320.0,1306.0,1310.0,1310.0,8700.0,1260.8,1270.92,1453.32,1534.23,89.453125,1396.06,-18.58666666666681,-4.970000000000027,-0.1656050955414012,1310.0,1312.0,1301.0,1289.0,12900.0
2025-04-22,1303.0,1310.0,1291.0,1291.0,1291.0,12600.0,1260.3,1270.28,1449.2133333333334,1532.305,71.60493827160494,1390.62,-19.06666666666661,-6.210000000000036,-0.1644012944983819,1310.0,1320.0,1310.0,1312.0,8700.0
2025-04-23,1294.0,1297.0,1281.0,1285.0,1285.0,13100.0,1260.75,1269.4,1445.2,1530.35,67.29559748427673,1385.22,-19.61333333333323,-7.550000000000182,-0.1682847896440129,1310.0,1310.0,1291.0,1303.0,12600.0
2025-04-24,1294.0,1295.0,1264.0,1275.0,1275.0,23900.0,1264.1,1268.12,1441.0533333333333,1528.345,54.74452554744525,1379.42,-19.666666666666742,-8.410000000000082,-0.1747572815533981,1310.0,1297.0,1285.0,1294.0,13100.0
2025-04-25,1298.0,1302.0,1284.0,1292.0,1292.0,13800.0,1268.3,1267.4,1437.1333333333334,1526.28,52.67175572519084,1374.2,-19.8266666666666,-9.454999999999927,-0.1637540453074434,1310.0,1295.0,1275.0,1294.0,23900.0
2025-04-26,1298.0,1302.0,1284.0,1292.0,1292.0,13800.0,1272.5,1266.04,1432.986666666667,1524.335,52.67175572519084,1369.44,-20.333333333333258,-9.894999999999982,-0.1471947194719471,1310.0,1302.0,1292.0,1298.0,13800.0
2025-04-27,1298.0,1302.0,1284.0,1292.0,1292.0,13800.0,1281.7,1265.68,1428.84,1522.44,52.67175572519084,1364.68,-20.37333333333345,-9.865000000000007,-0.1443708609271523,1310.0,1302.0,1292.0,1298.0,13800.0
2025-04-28,1302.0,1316.0,1295.0,1303.0,1303.0,14800.0,1285.8,1266.76,1424.8666666666666,1520.615,54.07407407407408,1360.14,-20.333333333333485,-9.7349999999999,-0.14501312335958,1310.0,1302.0,1292.0,1298.0,13800.0
2025-04-29,1302.0,1316.0,1295.0,1303.0,1303.0,14800.0,1289.45,1270.56,1420.9066666666668,1519.08,59.34959349593496,1355.28,-20.146666666666533,-9.2650000000001,-0.1494778067885117,1310.0,1316.0,1303.0,1302.0,14800.0
2025-04-30,1307.0,1385.0,1307.0,1360.0,1360.0,44100.0,1294.35,1276.64,1417.88,1517.83,78.78787878787878,1351.82,-19.25333333333333,-8.450000000000045,-0.1122715404699739,1360.0,1316.0,1303.0,1302.0,14800.0
2025-05-01,1355.0,1355.0,1329.0,1335.0,1335.0,17900.0,1296.85,1281.72,1414.52,1516.455,63.855421686746986,1347.8,-18.466666666666697,-7.880000000000109,-0.1285900783289817,1360.0,1385.0,1360.0,1307.0,44100.0
2025-05-02,1340.0,1350.0,1324.0,1327.0,1327.0,9600.0,1298.95,1290.48,1411.0533333333333,1515.04,58.0246913580247,1343.62,-17.786666666666633,-7.400000000000091,-0.1509916826615482,1360.0,1355.0,1335.0,1355.0,17900.0
2025-05-03,1340.0,1350.0,1324.0,1327.0,1327.0,9600.0,1301.05,1294.72,1407.5466666666666,1513.46,58.0246913580247,1339.56,-17.319999999999936,-7.154999999999973,-0.1466237942122186,1360.0,1350.0,1327.0,1340.0,9600.0
2025-05-04,1340.0,1350.0,1324.0,1327.0,1327.0,9600.0,1302.8,1298.6,1403.96,1511.96,58.0246913580247,1335.5,-16.946666666666715,-7.119999999999891,-0.1520766773162939,1360.0,1350.0,1327.0,1340.0,9600.0
2025-05-05,1340.0,1350.0,1324.0,1327.0,1327.0,9600.0,1305.15,1301.2,1400.4533333333334,1510.495,55.55555555555556,1331.44,-17.426666666666733,-7.335000000000036,-0.1455247907276239,1360.0,1350.0,1327.0,1340.0,9600.0
2025-05-06,1340.0,1350.0,1324.0,1327.0,1327.0,9600.0,1308.25,1302.88,1397.2133333333334,1509.055,63.43283582089552,1327.56,-17.306666666666615,-7.399999999999864,-0.1326797385620914,1360.0,1350.0,1327.0,1340.0,9600.0
2025-05-07,1339.0,1340.0,1316.0,1319.0,1319.0,11000.0,1309.75,1304.24,1394.2,1507.575,62.5,1324.36,-16.85333333333324,-7.464999999999918,-0.1379084967320261,1360.0,1350.0,1327.0,1340.0,9600.0
2025-05-08,1330.0,1335.0,1317.0,1322.0,1322.0,7400.0,1310.8,1305.72,1391.2266666666667,1506.11,68.2170542635659,1320.7,-16.319999999999936,-7.350000000000136,-0.1359477124183006,1360.0,1340.0,1319.0,1339.0,11000.0
2025-05-09,1326.0,1334.0,1304.0,1304.0,1304.0,19400.0,1310.95,1306.2,1388.013333333333,1504.395,54.61538461538461,1316.68,-15.946666666666715,-7.565000000000055,-0.1565329883570504,1360.0,1335.0,1322.0,1330.0,7400.0
2025-05-10,1326.0,1334.0,1304.0,1304.0,1304.0,19400.0,1311.1,1307.16,1384.8,1502.815,54.61538461538461,1312.86,-15.65333333333342,-7.679999999999836,-0.1493803000652316,1360.0,1334.0,1304.0,1326.0,19400.0
2025-05-11,1326.0,1334.0,1304.0,1304.0,1304.0,19400.0,1310.8,1308.72,1381.986666666667,1501.195,54.61538461538461,1309.04,-15.226666666666688,-7.860000000000127,-0.1510416666666666,1360.0,1334.0,1304.0,1326.0,19400.0
2025-05-12,1310.0,1320.0,1294.0,1315.0,1315.0,18800.0,1312.0,1309.76,1379.3866666666668,1499.75,54.61538461538461,1305.44,-14.813333333333276,-7.825000000000045,-0.1438802083333333,1360.0,1334.0,1304.0,1326.0,19400.0
2025-05-13,1334.0,1350.0,1326.0,1334.0,1334.0,21200.0,1314.45,1311.08,1376.8533333333332,1498.79,60.40268456375839,1302.26,-14.373333333333449,-7.319999999999936,-0.1281045751633986,1360.0,1320.0,1315.0,1310.0,18800.0
2025-05-14,1343.0,1365.0,1336.0,1356.0,1356.0,12100.0,1318.5,1313.28,1374.506666666667,1497.94,48.24561403508772,1299.56,-13.50666666666666,-6.454999999999927,-0.1137254901960784,1360.0,1350.0,1334.0,1334.0,21200.0
2025-05-15,1356.0,1356.0,1331.0,1331.0,1331.0,9300.0,1320.45,1314.48,1371.8266666666666,1496.965,48.24561403508772,1296.46,-12.973333333333358,-5.850000000000136,-0.1300653594771241,1360.0,1365.0,1356.0,1343.0,12100.0
2025-05-16,1331.0,1341.0,1324.0,1324.0,1324.0,11200.0,1322.05,1315.04,1369.0533333333333,1495.895,48.67256637168141,1292.98,-12.933333333333394,-5.2999999999999545,-0.1295200525969756,1360.0,1356.0,1331.0,1356.0,9300.0
2025-05-17,1331.0,1341.0,1324.0,1324.0,1324.0,11200.0,1323.65,1316.36,1365.8666666666666,1494.565,48.67256637168141,1293.32,-13.52000000000021,-5.184999999999945,-0.1048005409060175,1360.0,1341.0,1324.0,1331.0,11200.0
2025-05-18,1331.0,1341.0,1324.0,1324.0,1324.0,11200.0,1324.7,1317.92,1362.7866666666666,1493.335,48.67256637168141,1293.66,-14.066666666666606,-5.454999999999927,-0.120265780730897,1360.0,1341.0,1324.0,1331.0,11200.0
2025-05-19,1325.0,1332.0,1305.0,1307.0,1307.0,12100.0,1324.9,1319.2,1359.3466666666666,1492.085,42.30769230769231,1293.66,-15.160000000000082,-5.855000000000018,-0.1315614617940199,1360.0,1341.0,1324.0,1331.0,11200.0
2025-05-20,1306.0,1316.0,1300.0,1301.0,1301.0,11500.0,1321.95,1319.56,1355.986666666667,1490.9,40.44117647058823,1293.48,-15.839999999999918,-6.064999999999827,-0.1297658862876254,1356.0,1332.0,1307.0,1325.0,12100.0
2025-05-21,1301.0,1302.0,1278.0,1288.0,1288.0,17500.0,1319.6,1319.4,1352.76,1489.65,39.00709219858155,1292.72,-16.293333333333294,-6.244999999999891,-0.1384615384615384,1356.0,1316.0,1301.0,1306.0,11500.0
2025-05-22,1283.0,1304.0,1283.0,1287.0,1287.0,13600.0,1317.6,1319.2,1349.52,1488.395,37.41007194244605,1292.44,-16.34666666666658,-6.170000000000073,-0.1391304347826086,1356.0,1302.0,1288.0,1301.0,17500.0
2025-05-23,1289.0,1290.0,1257.0,1257.0,1257.0,20400.0,1314.1,1317.36,1345.88,1486.99,34.437086092715234,1292.06,-16.906666666666524,-6.345000000000027,-0.1580709979906228,1356.0,1304.0,1287.0,1283.0,13600.0
2025-05-24,1289.0,1290.0,1257.0,1257.0,1257.0,20400.0,1310.6,1315.52,1342.0266666666666,1485.66,34.437086092715234,1293.04,-17.319999999999936,-6.4249999999999545,-0.1569416498993964,1356.0,1290.0,1257.0,1289.0,20400.0
2025-05-25,1289.0,1290.0,1257.0,1257.0,1257.0,20400.0,1307.1,1311.4,1338.3466666666666,1484.34,34.437086092715234,1294.02,-17.6400000000001,-6.560000000000173,-0.1541049798115746,1356.0,1290.0,1257.0,1289.0,20400.0
2025-05-26,1262.0,1283.0,1262.0,1262.0,1262.0,11700.0,1303.85,1308.48,1334.6933333333334,1482.88,31.72413793103448,1295.1,-18.06666666666661,-6.769999999999982,-0.157543391188251,1356.0,1290.0,1257.0,1289.0,20400.0
2025-05-27,1264.0,1275.0,1260.0,1260.0,1260.0,11600.0,1300.9,1305.8,1331.013333333333,1481.315,21.09375,1298.14,-18.50666666666666,-7.079999999999927,-0.0359602142310635,1356.0,1283.0,1262.0,1262.0,11700.0
2025-05-28,1287.0,1296.0,1281.0,1281.0,1281.0,12500.0,1298.85,1303.96,1327.6933333333334,1479.855,20.472440944881896,1299.34,-18.186666666666724,-7.134999999999991,-0.0198928844682478,1356.0,1275.0,1260.0,1264.0,11600.0
2025-05-29,1281.0,1324.0,1281.0,1307.0,1307.0,14700.0,1299.0,1303.16,1324.72,1478.525,40.625,1300.88,-17.306666666666615,-7.134999999999991,0.0,1356.0,1296.0,1281.0,1287.0,12500.0
2025-05-30,1307.0,1320.0,1300.0,1306.0,1306.0,11300.0,1299.1,1302.32,1321.7333333333331,1477.22,42.62295081967213,1301.76,-16.61333333333323,-7.119999999999891,-0.0030534351145038,1356.0,1324.0,1307.0,1281.0,14700.0
2025-05-31,1307.0,1320.0,1300.0,1306.0,1306.0,11300.0,1299.2,1301.48,1318.8666666666666,1475.91,42.62295081967213,1302.18,-15.826666666666824,-6.970000000000027,-0.0150829562594267,1356.0,1320.0,1306.0,1307.0,11300.0
2025-06-01,1307.0,1320.0,1300.0,1306.0,1306.0,11300.0,1298.75,1300.96,1316.56,1474.815,42.62295081967213,1302.6,-14.453333333333376,-6.5,0.0038431975403536,1356.0,1320.0,1306.0,1307.0,11300.0
2025-06-02,1309.0,1326.0,1308.0,1308.0,1308.0,8400.0,1297.45,1300.4,1313.9333333333334,1473.995,50.46728971962617,1303.06,-13.759999999999993,-5.860000000000127,0.025078369905956,1356.0,1320.0,1306.0,1307.0,11300.0
2025-06-03,1319.0,1330.0,1310.0,1320.0,1320.0,9600.0,1295.65,1301.04,1311.4666666666667,1473.295,58.4070796460177,1303.62,-13.25333333333333,-5.230000000000018,0.0927152317880795,1331.0,1326.0,1308.0,1309.0,8400.0
2025-06-04,1339.0,1400.0,1323.0,1345.0,1345.0,41100.0,1296.35,1302.68,1309.4666666666667,1472.72,72.8,1304.92,-12.266666666666652,-4.5,0.1134105960264901,1345.0,1330.0,1320.0,1319.0,9600.0
2025-06-05,1375.0,1405.0,1372.0,1400.0,1400.0,44900.0,1300.15,1306.52,1308.2,1472.42,81.56424581005587,1307.62,-10.666666666666517,-3.490000000000009,0.1589403973509933,1400.0,1400.0,1345.0,1339.0,41100.0
2025-06-06,1409.0,1412.0,1395.0,1409.0,1409.0,21200.0,1304.4,1310.28,1307.0533333333333,1472.0,98.1012658227848,1310.02,-9.50666666666666,-2.8150000000000546,0.2716606498194946,1409.0,1405.0,1400.0,1375.0,44900.0
2025-06-07,1409.0,1412.0,1395.0,1409.0,1409.0,21200.0,1308.65,1313.28,1305.9333333333334,1471.555,98.1012658227848,1312.18,-8.0,-2.439999999999827,0.1539721539721539,1409.0,1412.0,1409.0,1409.0,21200.0
2025-06-08,1409.0,1412.0,1395.0,1409.0,1409.0,21200.0,1313.75,1315.4,1304.84,1470.885,98.1012658227848,1314.34,-6.626666666666779,-2.410000000000082,0.1455284552845528,1409.0,1412.0,1409.0,1409.0,21200.0
2025-06-09,1409.0,1409.0,1384.0,1386.0,1386.0,20500.0,1318.0,1317.6,1303.506666666667,1470.085,85.22727272727272,1316.04,-5.960000000000036,-2.634999999999991,0.0982567353407291,1409.0,1412.0,1409.0,1409.0,21200.0
2025-06-10,1390.0,1392.0,1370.0,1373.0,1373.0,15400.0,1322.25,1319.56,1301.84,1469.215,80.21390374331551,1317.3,-6.360000000000127,-3.2050000000001546,0.0684824902723735,1409.0,1409.0,1386.0,1409.0,20500.0
2025-06-11,1370.0,1385.0,1368.0,1376.0,1376.0,7300.0,1326.7,1321.64,1302.76,1468.36,78.10650887573965,1319.0,-4.293333333333294,-3.6400000000001,0.070817120622568,1409.0,1392.0,1373.0,1390.0,15400.0
2025-06-12,1376.0,1376.0,1364.0,1364.0,1364.0,7500.0,1332.05,1323.24,1303.52,1467.445,68.38709677419354,1320.58,-2.413333333333412,-4.110000000000127,0.0614785992217898,1409.0,1385.0,1376.0,1370.0,7300.0
2025-06-13,1365.0,1365.0,1336.0,1336.0,1336.0,17000.0,1336.0,1324.4,1303.9066666666668,1466.455,58.24175824175824,1321.8,-0.9333333333331666,-4.430000000000064,0.0340557275541795,1409.0,1376.0,1364.0,1376.0,7500.0
2025-06-14,1365.0,1365.0,1336.0,1336.0,1336.0,17000.0,1339.95,1325.8,1304.253333333333,1465.445,58.24175824175824,1322.68,0.7466666666666697,-4.6400000000001,0.0437499999999999,1409.0,1365.0,1336.0,1365.0,17000.0
2025-06-15,1365.0,1365.0,1336.0,1336.0,1336.0,17000.0,1343.65,1327.72,1304.3866666666668,1464.45,58.24175824175824,1323.56,2.546666666666852,-4.764999999999873,0.0561264822134386,1409.0,1365.0,1336.0,1365.0,17000.0
2025-06-16,1346.0,1346.0,1336.0,1339.0,1339.0,5400.0,1347.6,1329.8,1304.8933333333334,1463.55,58.46994535519126,1324.5,2.1333333333334394,-4.809999999999945,0.0387897595034911,1409.0,1365.0,1336.0,1365.0,17000.0
2025-06-17,1343.0,1343.0,1330.0,1333.0,1333.0,7600.0,1350.2,1332.84,1305.6533333333334,1462.65,53.6723163841808,1325.1,2.1333333333334394,-4.794999999999845,0.0245964642582627,1409.0,1346.0,1339.0,1346.0,5400.0
2025-06-18,1331.0,1358.0,1331.0,1354.0,1354.0,6400.0,1352.55,1336.72,1307.6,1461.855,52.601156069364166,1326.12,3.6933333333331575,-4.599999999999909,0.0407378939277478,1409.0,1343.0,1333.0,1343.0,7600.0
2025-06-19,1355.0,1363.0,1350.0,1353.0,1353.0,4700.0,1354.9,1340.56,1309.5333333333333,1461.055,30.25210084033614,1325.98,5.279999999999973,-4.389999999999873,0.0399692544196772,1409.0,1358.0,1354.0,1331.0,6400.0
2025-06-20,1353.0,1358.0,1337.0,1337.0,1337.0,6800.0,1356.45,1343.56,1311.253333333333,1460.22,21.42857142857143,1326.02,6.866666666666561,-4.230000000000018,0.0206106870229008,1409.0,1363.0,1353.0,1355.0,4700.0
2025-06-21,1353.0,1358.0,1337.0,1337.0,1337.0,6800.0,1358.0,1346.64,1314.3066666666666,1459.255,21.42857142857143,1326.22,9.413333333333185,-4.294999999999845,0.0356312935708753,1409.0,1358.0,1337.0,1353.0,6800.0
2025-06-22,1353.0,1358.0,1337.0,1337.0,1337.0,6800.0,1359.45,1348.88,1315.8533333333332,1458.025,21.42857142857143,1326.42,10.199999999999818,-4.625,0.0404669260700389,1409.0,1358.0,1337.0,1353.0,6800.0
2025-06-23,1329.0,1331.0,1322.0,1324.0,1324.0,6600.0,1359.65,1349.56,1317.1066666666666,1456.86,23.275862068965523,1326.36,9.50666666666666,-4.995000000000118,0.0384313725490195,1409.0,1358.0,1337.0,1353.0,6800.0
2025-06-24,1344.0,1344.0,1326.0,1335.0,1335.0,6100.0,1359.15,1350.72,1318.08,1455.5,33.33333333333333,1326.52,8.546666666666624,-5.555000000000064,0.0332817337461299,1409.0,1331.0,1324.0,1329.0,6600.0
2025-06-25,1339.0,1339.0,1325.0,1326.0,1326.0,9900.0,1355.45,1351.52,1318.6266666666668,1454.095,29.16666666666667,1326.5,7.373333333333448,-6.125,0.0263157894736842,1409.0,1344.0,1335.0,1344.0,6100.0
2025-06-26,1335.0,1342.0,1326.0,1326.0,1326.0,6500.0,1351.3,1352.32,1319.1733333333334,1452.69,32.407407407407405,1326.64,4.866666666666788,-6.565000000000055,0.0263157894736842,1409.0,1339.0,1326.0,1339.0,9900.0
2025-06-27,1346.0,1346.0,1329.0,1329.0,1329.0,7100.0,1347.3,1353.16,1319.76,1451.17,45.78313253012048,1326.78,3.906666666666752,-6.855000000000018,0.019953952417498,1409.0,1342.0,1326.0,1335.0,6500.0
2025-06-28,1346.0,1346.0,1329.0,1329.0,1329.0,7100.0,1343.3,1353.52,1320.253333333333,1449.57,45.78313253012048,1327.28,3.1466666666667606,-7.289999999999964,0.019953952417498,1386.0,1346.0,1329.0,1346.0,7100.0
2025-06-29,1346.0,1346.0,1329.0,1329.0,1329.0,7100.0,1340.45,1352.88,1320.9066666666668,1447.9,45.78313253012048,1327.78,2.8266666666668243,-7.599999999999909,-0.0227941176470588,1376.0,1346.0,1329.0,1346.0,7100.0
2025-06-30,1328.0,1349.0,1327.0,1349.0,1349.0,15300.0,1339.25,1350.84,1322.0266666666666,1446.475,55.0,1328.68,3.399999999999864,-7.620000000000118,0.0104868913857678,1376.0,1346.0,1329.0,1346.0,7100.0
2025-07-01,1349.0,1349.0,1331.0,1333.0,1333.0,10300.0,1337.1,1347.8,1322.6133333333332,1444.755,50.0,1329.04,3.439999999999827,-7.934999999999945,0.004521477015825,1364.0,1349.0,1349.0,1328.0,15300.0
2025-07-02,1334.0,1344.0,1332.0,1332.0,1332.0,9200.0,1335.5,1344.72,1323.0266666666666,1443.03,37.77777777777778,1329.0,3.2666666666666515,-8.1400000000001,0.0037678975131876,1354.0,1349.0,1333.0,1349.0,10300.0
2025-07-03,1332.0,1341.0,1310.0,1319.0,1319.0,17700.0,1334.65,1341.12,1323.2666666666669,1441.24,33.33333333333333,1328.26,3.013333333333321,-8.329999999999927,-0.0060286360211002,1354.0,1344.0,1332.0,1334.0,9200.0
2025-07-04,1317.0,1323.0,1316.0,1318.0,1318.0,4600.0,1333.75,1338.4,1323.493333333333,1439.655,39.080459770114935,1328.0,2.586666666666588,-8.245000000000118,-0.0067822155237377,1354.0,1341.0,1319.0,1332.0,17700.0
2025-07-05,1317.0,1323.0,1316.0,1318.0,1318.0,4600.0,1332.85,1336.2,1323.6,1438.03,39.080459770114935,1327.88,1.5733333333332666,-8.444999999999936,-0.0067822155237377,1354.0,1323.0,1318.0,1317.0,4600.0
2025-07-06,1317.0,1323.0,1316.0,1318.0,1318.0,4600.0,1331.8,1333.88,1323.96,1436.66,39.080459770114935,1327.76,1.346666666666806,-8.095000000000027,-0.0007581501137224,1354.0,1323.0,1318.0,1317.0,4600.0
2025-07-07,1318.0,1338.0,1318.0,1328.0,1328.0,8000.0,1331.55,1332.44,1324.5333333333333,1435.265,52.38095238095237,1327.84,1.5066666666666606,-7.764999999999873,0.0045385779122542,1354.0,1323.0,1318.0,1317.0,4600.0
2025-07-08,1328.0,1338.0,1319.0,1329.0,1329.0,11500.0,1330.3,1332.16,1325.253333333333,1433.98,45.94594594594594,1328.28,1.9866666666666788,-7.259999999999991,0.0191717791411043,1353.0,1338.0,1328.0,1318.0,8000.0
2025-07-09,1334.0,1335.0,1326.0,1326.0,1326.0,4500.0,1328.95,1331.76,1325.7066666666667,1432.68,50.0,1328.78,2.2133333333333667,-6.974999999999909,0.0168711656441717,1349.0,1338.0,1329.0,1328.0,11500.0
2025-07-10,1335.0,1338.0,1320.0,1321.0,1321.0,7300.0,1328.15,1331.16,1326.0933333333332,1431.355,46.57534246575342,1329.44,2.4933333333333394,-6.6749999999999545,0.013036809815951,1349.0,1335.0,1326.0,1334.0,4500.0
2025-07-11,1330.0,1335.0,1323.0,1330.0,1330.0,5800.0,1327.8,1330.8,1326.6,1430.085,50.63291139240506,1330.3,2.6399999999998727,-6.5750000000000455,0.0114068441064638,1349.0,1338.0,1321.0,1335.0,7300.0
2025-07-12,1330.0,1335.0,1323.0,1330.0,1330.0,5800.0,1327.45,1330.68,1326.96,1428.785,50.63291139240506,1331.76,2.4266666666667334,-6.480000000000018,-0.0029985007496251,1349.0,1335.0,1330.0,1330.0,5800.0
2025-07-13,1330.0,1335.0,1323.0,1330.0,1330.0,5800.0,1327.75,1329.72,1327.32,1427.63,50.63291139240506,1333.22,2.066666666666606,-6.349999999999909,-0.019174041297935,1349.0,1335.0,1330.0,1330.0,5800.0
2025-07-14,1335.0,1335.0,1327.0,1327.0,1327.0,4300.0,1327.35,1328.68,1326.88,1426.44,32.25806451612904,1334.62,1.173333333333403,-6.240000000000009,-0.0030052592036062,1349.0,1335.0,1330.0,1330.0,5800.0
2025-07-15,1328.0,1334.0,1325.0,1325.0,1325.0,6400.0,1327.3,1328.2,1326.746666666667,1424.99,41.66666666666667,1335.88,0.6533333333334213,-6.365000000000009,0.0007552870090634,1349.0,1335.0,1327.0,1335.0,4300.0
2025-07-16,1333.0,1340.0,1330.0,1336.0,1336.0,7100.0,1327.8,1328.16,1326.8666666666666,1423.595,53.44827586206896,1337.4,0.2666666666666515,-6.490000000000009,0.0090634441087613,1349.0,1334.0,1325.0,1328.0,6400.0
2025-07-17,1336.0,1340.0,1331.0,1333.0,1333.0,6500.0,1328.0,1328.0,1326.9466666666667,1422.185,64.58333333333334,1338.44,-0.0133333333333212,-6.600000000000136,0.0067975830815709,1349.0,1340.0,1336.0,1333.0,7100.0
2025-07-18,1333.0,1334.0,1330.0,1330.0,1330.0,6200.0,1328.05,1328.24,1326.986666666667,1420.77,62.0,1338.9,-0.3333333333332575,-6.860000000000127,0.0175975516449884,1349.0,1340.0,1333.0,1336.0,6500.0
2025-07-19,1333.0,1334.0,1330.0,1330.0,1330.0,6200.0,1328.1,1328.04,1327.0266666666666,1419.355,62.0,1339.38,0.1466666666665332,-7.085000000000036,0.0222905457340507,1349.0,1334.0,1330.0,1333.0,6200.0
2025-07-20,1333.0,1334.0,1330.0,1330.0,1330.0,6200.0,1327.15,1328.2,1327.0666666666666,1417.94,62.0,1339.86,0.3199999999999363,-7.0499999999999545,0.0326086956521738,1336.0,1334.0,1330.0,1333.0,6200.0
2025-07-21,1333.0,1334.0,1330.0,1330.0,1330.0,6200.0,1327.0,1328.36,1327.2133333333334,1416.525,52.5,1340.34,0.3466666666668061,-7.069999999999936,0.0334110334110333,1336.0,1334.0,1330.0,1333.0,6200.0
2025-07-22,1330.0,1336.0,1323.0,1327.0,1327.0,9800.0,1326.75,1328.28,1327.28,1415.095,47.61904761904762,1340.72,0.3333333333332575,-7.089999999999918,0.0556881463802705,1336.0,1334.0,1330.0,1333.0,6200.0
2025-07-23,1332.0,1335.0,1328.0,1328.0,1328.0,4400.0,1327.2,1328.24,1327.6,1413.67,52.5,1340.88,0.6133333333332303,-7.099999999999909,0.05648369132856,1336.0,1336.0,1327.0,1330.0,9800.0
2025-07-24,1336.0,1340.0,1330.0,1337.0,1337.0,6400.0,1328.15,1328.56,1328.04,1412.29,68.18181818181819,1340.72,1.0133333333333212,-7.065000000000055,0.0636435958631662,1337.0,1335.0,1328.0,1332.0,4400.0
2025-07-25,1343.0,1349.0,1336.0,1349.0,1349.0,9600.0,1329.7,1328.56,1328.64,1410.955,70.2127659574468,1339.7,1.573333333333494,-6.985000000000127,0.0689381933438986,1349.0,1340.0,1337.0,1336.0,6400.0
2025-07-26,1343.0,1349.0,1336.0,1349.0,1349.0,9600.0,1331.25,1329.2,1329.0933333333332,1409.605,70.2127659574468,1338.5,1.879999999999881,-6.920000000000073,0.0706349206349206,1349.0,1349.0,1349.0,1343.0,9600.0
2025-07-27,1343.0,1349.0,1336.0,1349.0,1349.0,9600.0,1332.3,1329.88,1329.2933333333333,1408.28,70.2127659574468,1337.3,2.013333333333321,-6.815000000000055,0.0530835284933646,1349.0,1349.0,1349.0,1343.0,9600.0
2025-07-28,1355.0,1370.0,1350.0,1370.0,1370.0,12100.0,1334.35,1331.92,1329.48,1407.1,83.07692307692308,1336.52,1.8800000000001087,-6.570000000000164,0.0482019892884468,1370.0,1349.0,1349.0,1343.0,9600.0
2025-07-29,1369.0,1369.0,1349.0,1350.0,1350.0,9900.0,1335.55,1333.2,1329.7333333333331,1405.865,65.06024096385542,1335.8,1.6933333333333849,-6.4249999999999545,0.0336906584992342,1370.0,1370.0,1370.0,1355.0,12100.0
2025-07-30,1350.0,1365.0,1350.0,1361.0,1361.0,3700.0,1337.55,1334.92,1330.2266666666667,1404.685,65.06024096385542,1335.56,1.5866666666665878,-6.269999999999982,0.0421133231240429,1370.0,1369.0,1350.0,1369.0,9900.0
2025-07-31,1368.0,1398.0,1355.0,1379.0,1379.0,24200.0,1340.0,1337.36,1330.96,1403.595,73.46938775510205,1335.62,1.866666666666788,-6.009999999999991,0.055895865237366,1379.0,1365.0,1361.0,1350.0,3700.0
2025-08-01,1390.0,1390.0,1370.0,1370.0,1370.0,19300.0,1342.0,1339.04,1331.5733333333333,1402.46,69.23076923076923,1335.74,2.2799999999999727,-5.819999999999936,0.047400611620795,1379.0,1398.0,1379.0,1368.0,24200.0
2025-08-02,1390.0,1390.0,1370.0,1370.0,1370.0,19300.0,1344.0,1340.68,1332.4133333333334,1401.455,69.23076923076923,1336.42,2.933333333333394,-5.644999999999982,0.0378787878787878,1379.0,1390.0,1370.0,1390.0,19300.0
2025-08-03,1390.0,1390.0,1370.0,1370.0,1370.0,19300.0,1346.15,1342.44,1333.3333333333333,1400.495,69.23076923076923,1337.1,3.599999999999909,-5.370000000000118,0.0185873605947954,1379.0,1390.0,1370.0,1390.0,19300.0
2025-08-04,1366.0,1390.0,1360.0,1388.0,1388.0,14400.0,1349.3,1345.12,1334.6666666666667,1399.68,73.77049180327869,1338.14,4.440000000000055,-5.004999999999882,-0.0085714285714285,1388.0,1390.0,1370.0,1390.0,19300.0
2025-08-05,1390.0,1393.0,1380.0,1393.0,1393.0,7100.0,1352.15,1347.64,1336.08,1398.955,76.61290322580645,1339.22,5.119999999999891,-4.6400000000001,-0.0113555713271823,1393.0,1390.0,1388.0,1366.0,14400.0
2025-08-06,1393.0,1418.0,1392.0,1412.0,1412.0,11600.0,1356.1,1350.92,1338.1466666666668,1398.325,79.57746478873239,1340.8,6.573333333333494,-4.134999999999991,0.0021291696238467,1412.0,1393.0,1393.0,1390.0,7100.0
2025-08-07,1417.0,1417.0,1400.0,1400.0,1400.0,14200.0,1359.6,1353.72,1340.0533333333333,1397.635,71.72413793103448,1341.72,7.639999999999873,-3.819999999999936,-0.00638750887154,1412.0,1418.0,1412.0,1393.0,11600.0
2025-08-08,1400.0,1408.0,1392.0,1392.0,1392.0,9000.0,1362.7,1356.32,1341.8533333333332,1396.9,65.2482269503546,1342.5,8.519999999999982,-3.5949999999998,0.0043290043290042,1412.0,1417.0,1400.0,1417.0,14200.0
2025-08-09,1400.0,1408.0,1392.0,1392.0,1392.0,9000.0,1365.8,1359.0,1343.5866666666666,1396.07,65.2482269503546,1343.6,8.919999999999845,-3.6100000000001273,0.0138383102694827,1412.0,1408.0,1392.0,1400.0,9000.0
2025-08-10,1400.0,1408.0,1392.0,1392.0,1392.0,9000.0,1368.9,1361.24,1345.3466666666666,1395.16,65.2482269503546,1344.7,9.266666666666652,-3.794999999999845,0.0116279069767442,1412.0,1408.0,1392.0,1400.0,9000.0
2025-08-11,1400.0,1408.0,1392.0,1392.0,1392.0,9000.0,1372.15,1363.6,1346.8266666666666,1394.3,59.16666666666666,1345.8,8.679999999999836,-4.025000000000091,0.0205278592375366,1412.0,1408.0,1392.0,1400.0,9000.0
2025-08-12,1407.0,1408.0,1391.0,1391.0,1391.0,14100.0,1375.3,1366.04,1347.9466666666667,1393.305,70.29702970297029,1347.14,7.89333333333343,-4.329999999999927,0.0411676646706586,1412.0,1408.0,1392.0,1400.0,9000.0
2025-08-13,1400.0,1400.0,1386.0,1387.0,1387.0,10100.0,1377.8,1368.32,1349.0266666666666,1392.29,63.82978723404256,1348.18,7.173333333333403,-4.610000000000127,0.0381736526946108,1412.0,1408.0,1391.0,1407.0,14100.0
2025-08-14,1389.0,1390.0,1360.0,1385.0,1385.0,17200.0,1379.6,1370.52,1350.08,1391.265,53.84615384615384,1349.36,6.493333333333339,-4.804999999999836,0.0366766467065868,1412.0,1400.0,1387.0,1400.0,10100.0
2025-08-15,1389.0,1402.0,1380.0,1402.0,1402.0,11900.0,1382.25,1373.4,1351.36,1390.41,68.6046511627907,1350.88,6.013333333333321,-4.75,0.0470500373412994,1412.0,1390.0,1385.0,1389.0,17200.0
2025-08-16,1389.0,1402.0,1380.0,1402.0,1402.0,11900.0,1384.9,1376.4,1352.6133333333332,1389.42,68.6046511627907,1352.34,5.786666666666633,-4.879999999999882,0.0517629407351838,1412.0,1402.0,1402.0,1389.0,11900.0
2025-08-17,1389.0,1402.0,1380.0,1402.0,1402.0,11900.0,1386.5,1379.36,1353.7066666666667,1388.49,68.6046511627907,1353.8,5.759999999999991,-4.815000000000055,0.035450516986706,1412.0,1402.0,1402.0,1389.0,11900.0
2025-08-18,1411.0,1445.0,1410.0,1445.0,1445.0,27700.0,1391.25,1383.68,1355.04,1387.815,75.67567567567568,1356.12,6.013333333333321,-4.474999999999909,0.0679970436067998,1445.0,1402.0,1402.0,1389.0,11900.0
2025-08-19,1454.0,1455.0,1428.0,1435.0,1435.0,18000.0,1394.95,1387.12,1355.506666666667,1387.185,68.10344827586208,1357.84,5.426666666666733,-4.080000000000155,0.0732984293193717,1445.0,1445.0,1445.0,1411.0,27700.0
2025-08-20,1445.0,1461.0,1431.0,1461.0,1461.0,12300.0,1399.05,1391.6,1356.2,1386.685,69.91869918699187,1360.4,4.8400000000001455,-3.725000000000136,0.0927449513836948,1461.0,1455.0,1435.0,1454.0,18000.0
2025-08-21,1464.0,1486.0,1455.0,1455.0,1455.0,16700.0,1403.3,1395.84,1356.8133333333333,1386.155,73.5042735042735,1362.86,4.2000000000000455,-3.2650000000001,0.088257292445774,1461.0,1461.0,1461.0,1445.0,12300.0
2025-08-22,1461.0,1482.0,1455.0,1457.0,1457.0,10300.0,1407.65,1399.32,1357.4533333333334,1385.4,79.27927927927928,1365.62,3.7466666666666697,-3.089999999999918,0.100453172205438,1461.0,1486.0,1455.0,1464.0,16700.0
2025-08-23,1461.0,1482.0,1455.0,1457.0,1457.0,10300.0,1412.0,1403.6,1358.4,1384.77,79.27927927927928,1368.4,3.360000000000128,-3.0450000000000728,0.091385767790262,1461.0,1482.0,1457.0,1461.0,10300.0
2025-08-24,1461.0,1482.0,1455.0,1457.0,1457.0,10300.0,1415.45,1407.44,1359.52,1384.14,79.27927927927928,1371.18,4.013333333333321,-3.0449999999998454,0.0987933634992459,1461.0,1482.0,1457.0,1461.0,10300.0
2025-08-25,1464.0,1472.0,1450.0,1456.0,1456.0,13400.0,1418.6,1410.52,1360.5866666666666,1383.425,78.57142857142857,1373.94,4.386666666666542,-3.259999999999991,0.0980392156862746,1461.0,1482.0,1457.0,1461.0,10300.0
2025-08-26,1457.0,1481.0,1457.0,1476.0,1476.0,11800.0,1421.8,1414.76,1362.08,1382.875,82.44274809160305,1376.9,5.266666666666652,-3.2799999999999727,0.1106094808126409,1476.0,1472.0,1456.0,1464.0,13400.0
2025-08-27,1481.0,1487.0,1466.0,1479.0,1479.0,8900.0,1425.75,1419.12,1363.986666666667,1382.34,85.38461538461539,1379.9,6.533333333333303,-3.060000000000173,0.1128668171557563,1479.0,1481.0,1476.0,1457.0,11800.0
2025-08-28,1479.0,1494.0,1470.0,1491.0,1491.0,14200.0,1430.7,1423.96,1366.0533333333333,1381.865,87.85714285714286,1383.2,7.653333333333194,-2.9049999999999727,0.1218961625282166,1491.0,1487.0,1479.0,1481.0,8900.0
2025-08-29,1491.0,1492.0,1483.0,1491.0,1491.0,12000.0,1435.65,1428.08,1368.12,1381.305,86.1788617886179,1386.6,8.599999999999909,-2.8350000000000364,0.1052631578947369,1491.0,1494.0,1491.0,1479.0,14200.0
2025-08-30,1491.0,1492.0,1483.0,1491.0,1491.0,12000.0,1440.6,1432.0,1370.1466666666668,1380.745,86.1788617886179,1389.82,9.560000000000173,-2.680000000000064,0.1185296324081019,1491.0,1492.0,1491.0,1491.0,12000.0
2025-08-31,1491.0,1492.0,1483.0,1491.0,1491.0,12000.0,1445.55,1435.16,1372.253333333333,1380.195,86.1788617886179,1393.04,10.173333333333405,-2.680000000000064,0.1193693693693693,1491.0,1492.0,1491.0,1491.0,12000.0
2025-09-01,1494.0,1496.0,1471.0,1476.0,1476.0,23000.0,1449.8,1438.2,1373.88,1379.575,66.31578947368422,1395.96,9.89333333333343,-2.7649999999998727,0.119029567854435,1491.0,1492.0,1491.0,1491.0,12000.0
2025-09-02,1481.0,1483.0,1456.0,1457.0,1457.0,14500.0,1453.3,1440.8,1375.2666666666669,1378.925,60.57692307692308,1398.56,9.213333333333368,-2.9400000000000546,0.1054628224582701,1491.0,1496.0,1476.0,1494.0,23000.0
2025-09-03,1501.0,1576.0,1501.0,1548.0,1548.0,296300.0,1461.45,1447.04,1378.08,1378.73,75.7396449704142,1403.02,9.960000000000036,-2.575000000000045,0.1745068285280728,1548.0,1483.0,1457.0,1481.0,14500.0
2025-09-04,1552.0,1560.0,1545.0,1550.0,1550.0,95800.0,1468.85,1453.36,1380.92,1378.545,78.78787878787878,1407.3,10.773333333333312,-2.199999999999818,0.1760242792109256,1550.0,1576.0,1548.0,1501.0,296300.0
2025-09-05,1560.0,1601.0,1558.0,1575.0,1575.0,94500.0,1477.5,1460.68,1384.0933333333332,1378.47,81.38297872340425,1412.14,11.839999999999918,-1.724999999999909,0.1859939759036144,1575.0,1560.0,1550.0,1552.0,95800.0
2025-09-06,1560.0,1601.0,1558.0,1575.0,1575.0,94500.0,1486.15,1468.04,1387.44,1378.365,81.38297872340425,1417.04,13.559999999999944,-1.2100000000000364,0.1851015801354401,1575.0,1601.0,1575.0,1560.0,94500.0
2025-09-07,1560.0,1601.0,1558.0,1575.0,1575.0,94500.0,1492.65,1475.56,1390.64,1378.29,81.38297872340425,1421.94,15.373333333333449,-0.6349999999999909,0.1877828054298642,1575.0,1601.0,1575.0,1560.0,94500.0
2025-09-08,1587.0,1622.0,1585.0,1610.0,1610.0,72300.0,1501.4,1484.56,1394.4266666666667,1378.49,84.68468468468468,1427.54,16.346666666666806,-0.2400000000000091,0.218773656320969,1610.0,1601.0,1575.0,1560.0,94500.0
2025-09-09,1617.0,1622.0,1581.0,1591.0,1591.0,52100.0,1507.9,1492.12,1397.96,1378.72,76.01809954751131,1432.76,17.039999999999964,0.1749999999999545,0.1962406015037594,1610.0,1622.0,1610.0,1587.0,72300.0
2025-09-10,1591.0,1603.0,1582.0,1603.0,1603.0,22600.0,1515.3,1500.16,1401.6133333333332,1379.01,76.95652173913044,1438.28,17.519999999999982,0.5399999999999636,0.2052631578947368,1610.0,1622.0,1591.0,1617.0,52100.0
2025-09-11,1598.0,1612.0,1580.0,1583.0,1583.0,37000.0,1521.6,1507.4,1405.0,1379.2,69.32773109243698,1443.38,17.559999999999945,0.8350000000000364,0.1902255639097745,1610.0,1603.0,1603.0,1591.0,22600.0
2025-09-12,1589.0,1590.0,1576.0,1581.0,1581.0,19500.0,1527.8,1512.84,1408.36,1379.38,68.75,1448.26,17.7199999999998,1.0900000000001455,0.1914091936699322,1610.0,1612.0,1583.0,1598.0,37000.0
2025-09-13,1589.0,1590.0,1576.0,1581.0,1581.0,19500.0,1534.0,1518.68,1411.4533333333334,1379.71,68.75,1452.9,17.026666666666642,1.2200000000000273,0.1932075471698113,1610.0,1590.0,1581.0,1589.0,19500.0
2025-09-14,1589.0,1590.0,1576.0,1581.0,1581.0,19500.0,1540.25,1523.48,1414.76,1380.065,68.75,1457.54,16.799999999999955,1.3450000000000273,0.1833832335329341,1610.0,1590.0,1581.0,1589.0,19500.0
2025-09-15,1589.0,1590.0,1576.0,1581.0,1581.0,19500.0,1545.5,1528.52,1418.08,1380.35,73.33333333333334,1462.18,16.466666666666697,1.339999999999918,0.186046511627907,1610.0,1590.0,1581.0,1589.0,19500.0
2025-09-16,1580.0,1580.0,1562.0,1565.0,1565.0,28100.0,1549.8,1532.84,1421.36,1380.515,74.32432432432432,1466.08,16.3599999999999,1.3150000000000546,0.1766917293233083,1610.0,1590.0,1581.0,1589.0,19500.0
2025-09-17,1569.0,1570.0,1557.0,1563.0,1563.0,26000.0,1553.4,1537.08,1424.6266666666668,1380.67,55.6390977443609,1470.34,16.26666666666688,1.2899999999999636,0.175187969924812,1610.0,1580.0,1565.0,1580.0,28100.0
2025-09-18,1560.0,1563.0,1550.0,1550.0,1550.0,29500.0,1556.35,1540.8,1427.72,1380.76,50.0,1474.12,16.26666666666665,1.0499999999999543,0.1654135338345865,1610.0,1570.0,1563.0,1569.0,26000.0
2025-09-19,1560.0,1572.0,1530.0,1550.0,1550.0,55800.0,1559.3,1544.56,1430.8133333333333,1380.695,39.495798319327726,1477.54,16.053333333333285,0.6299999999998818,0.1654135338345865,1610.0,1563.0,1550.0,1560.0,29500.0
2025-09-20,1560.0,1572.0,1530.0,1550.0,1550.0,55800.0,1562.25,1547.52,1433.7733333333333,1380.67,39.495798319327726,1481.14,15.693333333333385,0.3200000000001637,0.1680482290881688,1610.0,1572.0,1550.0,1560.0,55800.0
2025-09-21,1560.0,1572.0,1530.0,1550.0,1550.0,55800.0,1565.95,1550.36,1436.72,1380.595,39.495798319327726,1484.74,15.360000000000127,0.0799999999999272,0.1671686746987952,1610.0,1572.0,1550.0,1560.0,55800.0
2025-09-22,1550.0,1580.0,1550.0,1574.0,1574.0,38000.0,1571.8,1553.68,1440.0266666666666,1380.7,33.33333333333333,1488.82,15.399999999999864,0.0299999999999727,0.1772625280478683,1610.0,1572.0,1550.0,1560.0,55800.0
2025-09-23,1550.0,1580.0,1550.0,1574.0,1574.0,38000.0,1573.1,1557.0,1443.4,1380.92,40.4494382022472,1492.54,15.680000000000064,0.1600000000000818,0.1667902149740547,1610.0,1580.0,1574.0,1550.0,38000.0
2025-09-24,1580.0,1585.0,1570.0,1572.0,1572.0,45200.0,1574.2,1560.24,1446.6266666666668,1381.13,30.37974683544303,1496.12,15.813333333333505,0.4350000000001728,0.1653076352853966,1610.0,1580.0,1574.0,1550.0,38000.0
2025-09-25,1579.0,1579.0,1568.0,1571.0,1571.0,41800.0,1574.0,1563.44,1449.84,1381.335,39.99999999999999,1499.3,16.066666666666606,0.6649999999999636,0.1645663454410675,1610.0,1585.0,1572.0,1580.0,45200.0
2025-09-26,1572.0,1577.0,1570.0,1577.0,1577.0,87400.0,1574.1,1567.48,1453.1333333333334,1381.49,46.875,1502.84,16.413333333333412,0.8949999999999818,0.1510948905109488,1610.0,1579.0,1571.0,1579.0,41800.0
2025-09-27,1572.0,1577.0,1570.0,1577.0,1577.0,87400.0,1574.2,1572.28,1456.4666666666667,1381.71,46.875,1506.54,16.440000000000055,1.009999999999991,0.1681481481481481,1610.0,1577.0,1577.0,1572.0,87400.0
2025-09-28,1572.0,1577.0,1570.0,1577.0,1577.0,87400.0,1572.55,1573.44,1459.8266666666666,1381.915,46.875,1510.24,16.426666666666506,0.9949999999998907,0.1587068332108743,1603.0,1577.0,1577.0,1572.0,87400.0
2025-09-29,1437.0,1477.0,1433.0,1465.0,1465.0,105100.0,1566.25,1570.04,1461.5466666666666,1381.56,17.045454545454547,1511.7,14.919999999999844,0.4299999999998363,0.0623640319071792,1603.0,1577.0,1577.0,1572.0,87400.0
2025-09-30,1465.0,1465.0,1425.0,1429.0,1429.0,36300.0,1557.55,1564.2,1462.8266666666666,1381.055,15.306122448979592,1512.44,12.98666666666668,-0.2799999999999727,0.043065693430657,1583.0,1477.0,1465.0,1437.0,105100.0
2025-10-01,1425.0,1425.0,1386.0,1386.0,1386.0,48100.0,1547.7,1556.64,1463.5733333333333,1380.335,12.658227848101262,1512.34,10.439999999999827,-1.1549999999999727,0.0116788321167882,1581.0,1465.0,1429.0,1465.0,36300.0
2025-10-02,1386.0,1412.0,1386.0,1399.0,1399.0,22500.0,1538.6,1549.6,1464.493333333333,1379.68,18.143459915611828,1512.58,8.026666666666642,-2.0299999999999727,0.0211678832116788,1581.0,1425.0,1386.0,1425.0,48100.0
2025-10-03,1399.0,1424.0,1398.0,1398.0,1398.0,16500.0,1529.45,1541.12,1465.4,1379.065,18.06722689075632,1512.84,5.573333333333494,-2.849999999999909,0.0072046109510086,1581.0,1412.0,1399.0,1386.0,22500.0
2025-10-04,1399.0,1424.0,1398.0,1398.0,1398.0,16500.0,1520.3,1533.4,1466.3066666666666,1378.66,18.06722689075632,1512.76,4.759999999999991,-2.899999999999864,0.0035893754486719,1581.0,1424.0,1398.0,1399.0,16500.0
2025-10-05,1399.0,1424.0,1398.0,1398.0,1398.0,16500.0,1511.15,1525.2,1467.253333333333,1378.125,18.06722689075632,1512.68,4.426666666666733,-2.930000000000064,-0.0099150141643059,1577.0,1424.0,1398.0,1399.0,16500.0
2025-10-06,1420.0,1420.0,1372.0,1383.0,1383.0,36600.0,1502.05,1517.2,1467.986666666667,1377.515,8.296943231441034,1512.3,4.413333333333412,-2.8199999999999363,-0.0121428571428571,1577.0,1424.0,1398.0,1399.0,16500.0
2025-10-07,1383.0,1405.0,1378.0,1387.0,1387.0,17800.0,1493.25,1509.44,1468.6533333333334,1376.975,9.871244635193136,1511.14,4.160000000000082,-2.7050000000001546,-0.0035919540229885,1577.0,1420.0,1383.0,1420.0,36600.0
2025-10-08,1387.0,1396.0,1378.0,1395.0,1395.0,14700.0,1485.5,1502.0,1469.2666666666669,1376.475,12.97071129707112,1510.34,3.866666666666561,-2.590000000000145,0.0021551724137931,1577.0,1405.0,1387.0,1383.0,17800.0
2025-10-09,1390.0,1394.0,1370.0,1374.0,1374.0,31700.0,1476.7,1493.72,1469.6,1375.87,11.969111969111978,1508.6,3.293333333333294,-2.790000000000191,-0.0129310344827586,1577.0,1396.0,1395.0,1387.0,14700.0
2025-10-10,1372.0,1378.0,1363.0,1365.0,1365.0,25200.0,1467.45,1485.08,1469.8133333333333,1375.23,9.541984732824432,1506.8,2.559999999999945,-2.894999999999982,-0.0193965517241379,1577.0,1394.0,1374.0,1390.0,31700.0
2025-10-11,1372.0,1378.0,1363.0,1365.0,1365.0,25200.0,1458.2,1477.08,1469.746666666667,1374.6,9.541984732824432,1504.96,1.759999999999991,-2.915000000000191,-0.0186915887850467,1577.0,1378.0,1365.0,1372.0,25200.0
2025-10-12,1372.0,1378.0,1363.0,1365.0,1365.0,25200.0,1447.75,1469.16,1469.9466666666667,1373.995,9.541984732824432,1503.12,1.293333333333294,-2.980000000000018,-0.015861571737563,1577.0,1378.0,1365.0,1372.0,25200.0
2025-10-13,1372.0,1378.0,1363.0,1365.0,1365.0,25200.0,1437.3,1461.76,1470.0,1373.33,16.666666666666657,1501.28,0.7333333333333485,-3.144999999999982,-0.0144404332129963,1577.0,1378.0,1365.0,1372.0,25200.0
2025-10-14,1356.0,1361.0,1340.0,1354.0,1354.0,38800.0,1426.4,1453.92,1469.6666666666667,1373.565,20.0,1499.24,0.0666666666668334,-2.3049999999998363,-0.0342368045649073,1577.0,1378.0,1365.0,1372.0,25200.0
2025-10-15,1355.0,1394.0,1354.0,1394.0,1394.0,14700.0,1417.55,1447.68,1469.986666666667,1374.0,53.27868852459017,1497.6,0.173333333333403,-1.2300000000000182,-0.0057061340941512,1577.0,1361.0,1354.0,1356.0,38800.0
2025-10-16,1389.0,1399.0,1388.0,1388.0,1388.0,10400.0,1408.1,1441.2,1470.2266666666667,1374.405,45.21739130434783,1495.78,0.4800000000000182,-0.1949999999999363,-0.0099857346647646,1577.0,1394.0,1394.0,1355.0,14700.0
2025-10-17,1390.0,1390.0,1377.0,1378.0,1378.0,6800.0,1398.15,1433.36,1470.3333333333333,1374.745,41.935483870967744,1493.52,0.3866666666665423,0.75,-0.0463667820069204,1577.0,1399.0,1388.0,1389.0,10400.0
2025-10-18,1390.0,1390.0,1377.0,1378.0,1378.0,6800.0,1388.2,1425.52,1470.2,1375.005,41.935483870967744,1491.26,0.2000000000000454,1.675000000000182,-0.0397212543554007,1465.0,1390.0,1378.0,1390.0,6800.0
2025-10-19,1390.0,1390.0,1377.0,1378.0,1378.0,6800.0,1383.85,1417.76,1470.0,1375.39,41.935483870967744,1489.0,0.3333333333332575,1.8250000000000453,-0.056810403832991,1429.0,1390.0,1378.0,1390.0,6800.0
2025-10-20,1380.0,1409.0,1380.0,1409.0,1409.0,11200.0,1382.85,1411.28,1469.96,1376.055,59.285714285714285,1487.36,-0.0266666666666424,2.055000000000064,-0.031615120274914,1409.0,1390.0,1378.0,1390.0,6800.0
2025-10-21,1416.0,1416.0,1387.0,1388.0,1388.0,8300.0,1382.95,1403.72,1469.8,1376.955,50.318471337579616,1485.6,-0.4266666666667333,2.5499999999999545,-0.0473575840768702,1409.0,1409.0,1409.0,1380.0,11200.0
2025-10-22,1400.0,1400.0,1391.0,1398.0,1398.0,4300.0,1382.9,1396.56,1469.88,1377.905,50.94339622641509,1484.42,-0.4533333333331484,3.160000000000082,-0.0404941660947151,1409.0,1416.0,1388.0,1416.0,8300.0
2025-10-23,1398.0,1403.0,1394.0,1394.0,1394.0,6900.0,1382.7,1389.24,1469.9066666666668,1378.835,57.04225352112677,1481.34,-0.2933333333332939,3.8299999999999272,-0.0432395332875772,1409.0,1400.0,1398.0,1400.0,4300.0
2025-10-24,1410.0,1410.0,1387.0,1400.0,1400.0,6000.0,1382.8,1386.64,1470.013333333333,1380.295,62.58992805755396,1478.34,0.0133333333333212,4.904999999999973,-0.0384615384615384,1409.0,1403.0,1394.0,1398.0,6900.0
2025-10-25,1410.0,1410.0,1387.0,1400.0,1400.0,6000.0,1382.9,1385.48,1470.12,1381.19,62.58992805755396,1474.84,0.1599999999998544,5.134999999999991,-0.051490514905149,1409.0,1410.0,1400.0,1410.0,6000.0
2025-10-26,1410.0,1410.0,1387.0,1400.0,1400.0,6000.0,1383.75,1386.04,1470.24,1382.04,62.58992805755396,1471.34,0.4400000000000545,5.085000000000036,-0.0534144692359702,1409.0,1410.0,1400.0,1410.0,6000.0
2025-10-27,1405.0,1410.0,1398.0,1405.0,1405.0,8900.0,1384.65,1386.28,1470.48,1382.755,63.888888888888886,1467.94,0.599999999999909,4.850000000000136,-0.0576794097920858,1409.0,1410.0,1400.0,1410.0,6000.0
2025-10-28,1398.0,1399.0,1386.0,1386.0,1386.0,11000.0,1384.2,1385.8,1470.493333333333,1383.26,60.526315789473685,1463.46,0.5866666666665878,4.4249999999999545,-0.0704225352112676,1409.0,1410.0,1405.0,1405.0,8900.0
2025-10-29,1386.0,1386.0,1364.0,1366.0,1366.0,14400.0,1383.8,1384.52,1470.013333333333,1383.665,39.39393939393939,1458.96,0.0,3.369999999999891,-0.0838363514419852,1409.0,1399.0,1386.0,1398.0,11000.0
2025-10-30,1363.0,1390.0,1363.0,1371.0,1371.0,8200.0,1384.1,1383.44,1469.6,1384.095,43.51145038167939,1454.32,-0.5199999999999818,2.9049999999999727,-0.0804828973843058,1409.0,1386.0,1366.0,1386.0,14400.0
2025-10-31,1383.0,1410.0,1375.0,1390.0,1390.0,11200.0,1385.35,1383.72,1469.44,1384.585,54.285714285714285,1450.46,-0.7999999999999545,2.5450000000000728,-0.0582655826558266,1409.0,1390.0,1371.0,1363.0,8200.0
2025-11-01,1383.0,1410.0,1375.0,1390.0,1390.0,11200.0,1386.6,1383.84,1468.7066666666667,1385.135,54.285714285714285,1446.64,-1.773333333333312,2.3799999999998818,-0.0459849004804392,1409.0,1410.0,1390.0,1383.0,11200.0
2025-11-02,1383.0,1410.0,1375.0,1390.0,1390.0,11200.0,1387.85,1383.64,1468.1066666666666,1385.76,54.285714285714285,1442.82,-2.3866666666667697,2.5,-0.1020671834625323,1409.0,1410.0,1390.0,1383.0,11200.0
2025-11-03,1383.0,1410.0,1375.0,1390.0,1390.0,11200.0,1389.65,1384.28,1467.16,1386.265,41.28440366972477,1439.0,-2.85333333333324,2.6000000000001364,-0.1032258064516129,1409.0,1410.0,1390.0,1383.0,11200.0
2025-11-04,1402.0,1427.0,1400.0,1409.0,1409.0,15900.0,1390.4,1386.04,1466.5466666666666,1386.805,59.81308411214953,1435.56,-3.053333333333285,2.7100000000000364,-0.1053968253968253,1409.0,1410.0,1390.0,1383.0,11200.0
2025-11-05,1409.0,1429.0,1397.0,1422.0,1422.0,13400.0,1392.1,1388.32,1466.08,1387.41,60.909090909090914,1432.7,-3.360000000000128,2.825000000000045,-0.0971428571428572,1422.0,1427.0,1409.0,1402.0,15900.0
2025-11-06,1415.0,1427.0,1408.0,1410.0,1410.0,10200.0,1393.7,1390.12,1465.4533333333334,1387.955,56.77966101694915,1429.64,-3.2533333333333303,2.8199999999999363,-0.1047619047619047,1422.0,1429.0,1422.0,1409.0,13400.0
2025-11-07,1405.0,1427.0,1400.0,1407.0,1407.0,7900.0,1395.15,1391.8,1464.7866666666666,1388.44,53.04347826086957,1426.78,-3.3199999999999363,2.680000000000064,-0.1260869565217391,1422.0,1427.0,1410.0,1415.0,10200.0
2025-11-08,1405.0,1427.0,1400.0,1407.0,1407.0,7900.0,1396.6,1393.92,1464.1333333333334,1389.02,53.04347826086957,1423.92,-3.0266666666666424,2.7549999999998818,-0.1156505342551854,1422.0,1427.0,1407.0,1405.0,7900.0
2025-11-09,1405.0,1427.0,1400.0,1407.0,1407.0,7900.0,1396.5,1394.44,1463.2133333333334,1389.63,53.04347826086957,1421.06,-3.333333333333257,2.825000000000045,-0.1222707423580785,1422.0,1427.0,1407.0,1405.0,7900.0
2025-11-10,1409.0,1426.0,1401.0,1423.0,1423.0,7600.0,1398.25,1395.84,1462.4666666666667,1390.37,57.142857142857146,1418.52,-3.6133333333332303,2.959999999999809,-0.1010739102969046,1423.0,1427.0,1407.0,1405.0,7900.0
2025-11-11,1428.0,1429.0,1421.0,1426.0,1426.0,4100.0,1399.65,1397.76,1461.6,1391.04,68.18181818181819,1415.56,-3.8533333333334654,3.0850000000000364,-0.0980392156862745,1426.0,1426.0,1423.0,1409.0,7600.0
2025-11-12,1422.0,1433.0,1422.0,1430.0,1430.0,11000.0,1401.45,1399.84,1460.7866666666666,1391.73,84.04255319148936,1412.68,-4.0,3.289999999999964,-0.0955091714104996,1430.0,1429.0,1426.0,1428.0,4100.0
2025-11-13,1434.0,1434.0,1420.0,1423.0,1423.0,8900.0,1402.6,1401.64,1459.88,1392.385,77.08333333333333,1409.7,-4.25333333333333,3.365000000000009,-0.0999367488931056,1430.0,1433.0,1430.0,1422.0,11000.0
2025-11-14,1423.0,1431.0,1420.0,1429.0,1429.0,6000.0,1404.05,1402.44,1459.0533333333333,1393.015,73.49397590361446,1406.86,-4.160000000000082,3.384999999999991,-0.0961416824794434,1430.0,1434.0,1423.0,1434.0,8900.0
2025-11-15,1423.0,1431.0,1420.0,1429.0,1429.0,6000.0,1405.5,1404.08,1458.4266666666667,1393.645,73.49397590361446,1403.9,-4.039999999999964,3.275000000000091,-0.0869009584664536,1430.0,1431.0,1429.0,1423.0,6000.0
2025-11-16,1423.0,1431.0,1420.0,1429.0,1429.0,6000.0,1406.7,1405.32,1458.0533333333333,1393.99,73.49397590361446,1400.94,-3.546666666666624,2.950000000000045,-0.0857325655790147,1430.0,1431.0,1429.0,1423.0,6000.0
2025-11-17,1429.0,1432.0,1411.0,1411.0,1411.0,7200.0,1407.95,1406.0,1456.2266666666667,1394.37,60.3960396039604,1397.62,-4.559999999999945,2.6399999999998727,-0.0896774193548387,1430.0,1431.0,1429.0,1423.0,6000.0
2025-11-18,1424.0,1426.0,1414.0,1418.0,1418.0,7400.0,1410.55,1406.72,1454.4666666666667,1394.825,55.05617977528089,1396.68,-5.413333333333412,2.4400000000000546,-0.0851612903225806,1430.0,1432.0,1411.0,1429.0,7200.0
2025-11-19,1418.0,1427.0,1415.0,1425.0,1425.0,6800.0,1413.25,1407.72,1452.4666666666667,1395.315,51.807228915662655,1396.6,-6.586666666666588,2.2999999999999545,-0.0806451612903226,1430.0,1426.0,1418.0,1424.0,7400.0
2025-11-20,1433.0,1433.0,1420.0,1422.0,1422.0,4000.0,1414.85,1408.6,1450.4266666666667,1395.79,58.10810810810811,1397.32,-8.0,2.144999999999982,-0.0825806451612903,1430.0,1427.0,1425.0,1418.0,6800.0
2025-11-21,1424.0,1434.0,1421.0,1431.0,1431.0,4300.0,1416.9,1409.64,1448.506666666667,1396.31,65.0,1397.96,-9.546666666666624,2.3199999999999363,-0.090851334180432,1431.0,1433.0,1422.0,1433.0,4000.0
2025-11-22,1424.0,1434.0,1421.0,1431.0,1431.0,4300.0,1418.95,1411.44,1446.12,1396.83,65.0,1398.62,-10.106666666666795,2.4600000000000364,-0.090851334180432,1431.0,1434.0,1431.0,1424.0,4300.0
2025-11-23,1424.0,1434.0,1421.0,1431.0,1431.0,4300.0,1421.0,1414.04,1443.986666666667,1397.39,65.0,1399.28,-10.480000000000018,2.5650000000000546,-0.0896946564885495,1431.0,1434.0,1431.0,1424.0,4300.0
2025-11-24,1424.0,1434.0,1421.0,1431.0,1431.0,4300.0,1422.1,1416.44,1441.6933333333334,1397.935,56.25,1399.94,-10.773333333333312,2.619999999999891,-0.0891152132399745,1431.0,1434.0,1431.0,1424.0,4300.0
2025-11-25,1433.0,1435.0,1429.0,1432.0,1432.0,6100.0,1422.6,1418.12,1439.68,1398.575,54.83870967741936,1400.92,-10.74666666666667,2.785000000000082,-0.0919467343056436,1432.0,1434.0,1431.0,1424.0,4300.0
2025-11-26,1432.0,1440.0,1430.0,1432.0,1432.0,7700.0,1423.7,1419.8,1437.6933333333334,1399.215,51.72413793103448,1401.82,-10.813333333333276,2.9049999999999727,-0.0919467343056436,1432.0,1435.0,1432.0,1433.0,6100.0
2025-11-27,1438.0,1454.0,1432.0,1442.0,1442.0,15300.0,1425.45,1421.88,1435.84,1399.905,65.57377049180329,1402.76,-10.279999999999973,3.075000000000045,-0.0856055802155992,1442.0,1440.0,1432.0,1432.0,7700.0
2025-11-28,1457.0,1485.0,1457.0,1485.0,1485.0,20100.0,1429.35,1425.68,1434.56,1400.755,78.57142857142857,1404.98,-9.426666666666732,3.365000000000009,0.0136518771331057,1485.0,1454.0,1442.0,1438.0,15300.0
2025-11-29,1457.0,1485.0,1457.0,1485.0,1485.0,20100.0,1433.25,1428.72,1433.28,1401.51,78.57142857142857,1407.38,-8.413333333333412,3.575000000000045,0.0391882435269419,1485.0,1485.0,1485.0,1457.0,20100.0
2025-11-30,1457.0,1485.0,1457.0,1485.0,1485.0,20100.0,1436.35,1431.24,1432.2133333333334,1402.155,78.57142857142857,1409.78,-7.466666666666697,3.5799999999999272,0.0714285714285714,1485.0,1485.0,1485.0,1457.0,20100.0
2025-12-01,1475.0,1480.0,1458.0,1460.0,1460.0,7600.0,1438.05,1433.24,1430.84,1402.8,73.33333333333333,1411.68,-6.853333333333467,3.5850000000000364,0.0436025732666189,1485.0,1485.0,1485.0,1457.0,20100.0
2025-12-02,1460.0,1460.0,1432.0,1432.0,1432.0,12500.0,1438.15,1434.24,1429.2666666666669,1403.34,55.55555555555556,1413.02,-6.573333333333267,3.434999999999945,0.0243204577968525,1485.0,1480.0,1460.0,1475.0,7600.0
2025-12-03,1450.0,1450.0,1425.0,1430.0,1430.0,6400.0,1438.5,1435.16,1427.6666666666667,1403.87,52.06611570247934,1414.54,-6.893333333333203,3.1149999999997817,0.0228898426323318,1485.0,1460.0,1432.0,1460.0,12500.0
2025-12-04,1426.0,1436.0,1420.0,1420.0,1420.0,9700.0,1438.05,1435.68,1425.9333333333334,1404.35,49.21875,1415.06,-7.346666666666579,2.839999999999918,0.0157367668097281,1485.0,1450.0,1430.0,1450.0,6400.0
2025-12-05,1420.0,1434.0,1418.0,1418.0,1418.0,6000.0,1437.5,1435.48,1424.1733333333334,1404.905,44.62809917355372,1415.66,-8.039999999999964,2.75,0.0253073029645698,1485.0,1436.0,1420.0,1426.0,9700.0
2025-12-06,1420.0,1434.0,1418.0,1418.0,1418.0,6000.0,1436.95,1435.16,1422.0933333333332,1405.49,44.62809917355372,1416.46,-8.74666666666667,2.6900000000000546,0.0223503965392934,1485.0,1434.0,1418.0,1420.0,6000.0
2025-12-07,1420.0,1434.0,1418.0,1418.0,1418.0,6000.0,1437.3,1434.68,1420.013333333333,1406.14,44.62809917355372,1417.26,-9.25333333333333,2.800000000000182,0.0164874551971325,1485.0,1434.0,1418.0,1420.0,6000.0
2025-12-08,1415.0,1434.0,1410.0,1416.0,1416.0,8400.0,1437.2,1434.4,1417.9333333333334,1406.785,43.90243902439024,1418.02,-9.733333333333348,2.915000000000191,0.0305676855895196,1485.0,1434.0,1418.0,1420.0,6000.0
2025-12-09,1416.0,1424.0,1390.0,1390.0,1390.0,18400.0,1435.45,1432.84,1415.52,1407.45,35.81081081081081,1417.64,-10.413333333333412,3.1000000000001364,0.0183150183150182,1485.0,1434.0,1416.0,1415.0,8400.0
2025-12-10,1395.0,1419.0,1390.0,1406.0,1406.0,17300.0,1434.65,1431.92,1413.24,1408.195,42.07317073170732,1418.0,-10.933333333333394,3.289999999999964,0.0300366300366299,1485.0,1424.0,1390.0,1416.0,18400.0
2025-12-11,1414.0,1414.0,1391.0,1392.0,1392.0,6800.0,1432.7,1430.44,1410.7733333333333,1408.87,35.11904761904762,1417.88,-11.319999999999936,3.3799999999998818,0.0197802197802197,1485.0,1419.0,1406.0,1395.0,17300.0
2025-12-12,1392.0,1403.0,1392.0,1395.0,1395.0,6600.0,1430.9,1429.8,1408.3466666666666,1409.535,14.84375,1417.9,-11.666666666666742,3.394999999999982,0.0219780219780219,1485.0,1414.0,1392.0,1414.0,6800.0
2025-12-13,1392.0,1403.0,1392.0,1395.0,1395.0,6600.0,1429.1,1428.88,1407.4133333333334,1410.21,14.84375,1417.8,-10.519999999999982,3.4249999999999545,0.0302806499261447,1485.0,1403.0,1395.0,1392.0,6600.0
2025-12-14,1392.0,1403.0,1392.0,1395.0,1395.0,6600.0,1427.3,1427.68,1406.96,1410.78,14.84375,1417.7,-8.559999999999945,3.3299999999999272,0.0007173601147776,1485.0,1403.0,1395.0,1392.0,6600.0
2025-12-15,1403.0,1430.0,1403.0,1419.0,1419.0,9100.0,1426.65,1427.56,1407.4,1411.34,33.85826771653544,1418.08,-5.839999999999918,3.144999999999982,0.0223342939481268,1485.0,1403.0,1395.0,1392.0,6600.0
2025-12-16,1430.0,1438.0,1402.0,1402.0,1402.0,21900.0,1425.15,1426.4,1407.44,1411.82,37.06896551724139,1418.02,-3.333333333333257,2.950000000000045,0.0174165457184325,1485.0,1430.0,1419.0,1403.0,9100.0
2025-12-17,1402.0,1413.0,1390.0,1412.0,1412.0,14300.0,1423.65,1425.64,1407.6266666666668,1412.35,42.74193548387096,1418.54,-0.7199999999997999,2.814999999999827,0.0246734397677794,1485.0,1438.0,1402.0,1430.0,21900.0
2025-12-18,1412.0,1412.0,1395.0,1396.0,1396.0,9100.0,1419.2,1424.24,1407.6,1412.8,40.76923076923077,1419.14,0.1866666666664969,2.589999999999918,0.0130624092888242,1485.0,1413.0,1412.0,1402.0,14300.0
2025-12-19,1396.0,1426.0,1396.0,1425.0,1425.0,11100.0,1416.2,1424.0,1407.96,1413.385,52.22929936305732,1420.22,1.0,2.605000000000018,0.0113555713271824,1485.0,1412.0,1396.0,1412.0,9100.0
2025-12-20,1396.0,1426.0,1396.0,1425.0,1425.0,11100.0,1413.2,1423.72,1408.52,1413.91,52.22929936305732,1420.92,1.1199999999998909,2.570000000000164,0.0266570605187319,1460.0,1426.0,1425.0,1396.0,11100.0
2025-12-21,1396.0,1426.0,1396.0,1425.0,1425.0,11100.0,1411.45,1423.44,1409.0266666666666,1414.31,52.22929936305732,1421.62,1.5866666666665878,2.490000000000009,0.0193133047210301,1432.0,1426.0,1425.0,1396.0,11100.0
2025-12-22,1401.0,1421.0,1401.0,1415.0,1415.0,7900.0,1410.6,1422.36,1409.2933333333333,1414.385,49.696969696969695,1422.12,1.666666666666515,2.035000000000082,0.01506456241033,1430.0,1426.0,1425.0,1396.0,11100.0
2025-12-23,1415.0,1430.0,1412.0,1412.0,1412.0,14700.0,1409.7,1419.44,1409.8,1414.4,57.74647887323944,1422.56,2.200000000000045,1.6000000000001364,0.0085714285714286,1425.0,1421.0,1415.0,1401.0,7900.0
2025-12-24,1412.0,1413.0,1404.0,1410.0,1410.0,10400.0,1409.2,1416.44,1410.4,1414.405,51.5625,1422.58,2.4400000000000546,1.0199999999999818,0.0071428571428571,1425.0,1430.0,1412.0,1415.0,14700.0
2025-12-25,1414.0,1442.0,1403.0,1441.0,1441.0,16600.0,1410.35,1414.68,1411.4133333333334,1414.565,66.89655172413794,1422.96,2.8933333333334303,0.6549999999999727,0.0292857142857143,1441.0,1413.0,1410.0,1412.0,10400.0
2025-12-26,1435.0,1459.0,1433.0,1453.0,1453.0,10300.0,1412.1,1414.4,1412.5866666666666,1414.9,68.83116883116884,1423.82,3.559999999999945,0.5900000000001455,0.0341637010676156,1453.0,1442.0,1441.0,1414.0,16600.0
2025-12-27,1435.0,1459.0,1433.0,1453.0,1453.0,10300.0,1413.85,1415.24,1413.76,1415.3,68.83116883116884,1424.74,4.466666666666697,0.9149999999999636,0.0483405483405483,1453.0,1459.0,1453.0,1435.0,10300.0
2025-12-28,1435.0,1459.0,1433.0,1453.0,1453.0,10300.0,1415.7,1416.16,1415.08,1415.685,68.83116883116884,1425.66,5.279999999999973,1.2849999999998545,0.0636896046852122,1453.0,1459.0,1453.0,1435.0,10300.0
2025-12-29,1445.0,1478.0,1435.0,1435.0,1435.0,22100.0,1417.95,1416.76,1415.6266666666668,1416.04,55.4054054054054,1426.22,5.226666666666688,1.634999999999991,0.0466812545587163,1453.0,1459.0,1453.0,1435.0,10300.0
2025-12-30,1433.0,1448.0,1429.0,1438.0,1438.0,9700.0,1419.55,1417.56,1416.2933333333333,1416.55,63.43283582089552,1426.52,4.879999999999882,1.9849999999999,0.0345323741007195,1453.0,1478.0,1435.0,1445.0,22100.0
2025-12-31,1433.0,1448.0,1429.0,1438.0,1438.0,9700.0,1421.85,1418.36,1417.0933333333332,1417.06,60.483870967741936,1426.76,4.506666666666661,2.1599999999998545,0.0345323741007195,1453.0,1448.0,1438.0,1433.0,9700.0
2026-01-01,1433.0,1448.0,1429.0,1438.0,1438.0,9700.0,1424.0,1419.16,1417.8933333333334,1417.57,69.44444444444444,1426.92,4.133333333333439,2.269999999999982,0.0345323741007195,1453.0,1448.0,1438.0,1433.0,9700.0
2026-01-02,1433.0,1448.0,1429.0,1438.0,1438.0,9700.0,1426.15,1420.04,1418.6933333333334,1418.065,58.22784810126581,1427.22,3.6133333333334576,2.380000000000109,0.0345323741007195,1453.0,1448.0,1438.0,1433.0,9700.0
2026-01-03,1433.0,1448.0,1429.0,1438.0,1438.0,9700.0,1428.3,1421.96,1419.08,1418.59,58.22784810126581,1427.4,3.4533333333331484,2.5499999999999545,0.0205819730305181,1453.0,1448.0,1438.0,1433.0,9700.0
2026-01-04,1433.0,1448.0,1429.0,1438.0,1438.0,9700.0,1429.25,1423.24,1419.746666666667,1419.01,58.22784810126581,1427.58,3.453333333333376,2.4600000000000364,0.0112517580872011,1453.0,1448.0,1438.0,1433.0,9700.0
2026-01-05,1434.0,1446.0,1426.0,1432.0,1432.0,17100.0,1430.75,1424.84,1420.2,1419.405,61.333333333333336,1427.64,3.106666666666797,2.345000000000028,0.0156028368794325,1453.0,1448.0,1438.0,1433.0,9700.0
2026-01-06,1433.0,1459.0,1428.0,1442.0,1442.0,26800.0,1432.25,1426.72,1420.84,1419.93,68.29268292682927,1428.26,2.946666666666488,2.360000000000128,0.0248756218905472,1453.0,1446.0,1432.0,1434.0,17100.0
2026-01-07,1439.0,1450.0,1411.0,1418.0,1418.0,24800.0,1433.35,1427.64,1421.08,1420.335,53.846153846153854,1428.26,2.3866666666665424,2.269999999999982,0.007818052594172,1453.0,1459.0,1442.0,1433.0,26800.0
2026-01-08,1443.0,1443.0,1416.0,1426.0,1426.0,11600.0,1433.4,1428.88,1421.4266666666667,1420.78,40.74074074074074,1428.28,2.346666666666806,2.1900000000000546,0.0135039090262971,1453.0,1450.0,1418.0,1439.0,24800.0
2026-01-09,1426.0,1452.0,1426.0,1433.0,1433.0,9500.0,1433.8,1429.44,1421.8666666666666,1421.325,36.8421052631579,1428.5,2.119999999999891,2.3150000000000546,0.0070274068868587,1453.0,1443.0,1426.0,1443.0,11600.0
2026-01-10,1426.0,1452.0,1426.0,1433.0,1433.0,9500.0,1434.2,1430.68,1422.24,1421.815,36.8421052631579,1428.54,2.039999999999964,2.410000000000082,0.0049088359046283,1453.0,1452.0,1433.0,1426.0,9500.0
2026-01-11,1426.0,1452.0,1426.0,1433.0,1433.0,9500.0,1435.1,1431.52,1422.8666666666666,1422.35,36.8421052631579,1428.58,2.0266666666666424,2.4199999999998454,0.0020979020979021,1453.0,1452.0,1433.0,1426.0,9500.0
2026-01-12,1426.0,1452.0,1426.0,1433.0,1433.0,9500.0,1436.15,1433.0,1423.76,1422.885,48.27586206896552,1428.62,2.680000000000064,2.5499999999999545,0.0070274068868587,1453.0,1452.0,1433.0,1426.0,9500.0
2026-01-13,1451.0,1451.0,1418.0,1424.0,1424.0,17600.0,1436.85,1432.96,1424.4666666666667,1423.36,39.0625,1428.48,3.039999999999964,2.5799999999999272,-0.0034989503149055,1453.0,1452.0,1433.0,1426.0,9500.0
2026-01-14,1415.0,1443.0,1412.0,1443.0,1443.0,19900.0,1436.95,1433.68,1425.1733333333334,1423.93,53.01204819277108,1428.7,3.3066666666668425,2.605000000000018,0.0097970608817354,1453.0,1451.0,1424.0,1451.0,17600.0
2026-01-15,1434.0,1459.0,1434.0,1456.0,1456.0,9400.0,1437.1,1434.92,1426.0533333333333,1424.565,59.375,1429.18,3.813333333333276,2.75,0.0188943317004899,1456.0,1443.0,1443.0,1415.0,19900.0
2026-01-16,1456.0,1466.0,1437.0,1466.0,1466.0,10400.0,1437.75,1436.96,1427.0666666666666,1425.15,63.20754716981132,1429.66,4.2000000000000455,2.800000000000182,0.0389794472005669,1466.0,1459.0,1456.0,1434.0,9400.0
2026-01-17,1456.0,1466.0,1437.0,1466.0,1466.0,10400.0,1438.4,1439.12,1428.08,1425.815,63.20754716981132,1429.28,4.319999999999936,2.930000000000064,0.0338504936530323,1466.0,1466.0,1466.0,1456.0,10400.0
2026-01-18,1456.0,1466.0,1437.0,1466.0,1466.0,10400.0,1439.95,1441.36,1428.84,1426.485,63.20754716981132,1428.9,4.373333333333221,3.125,0.0287719298245614,1466.0,1466.0,1466.0,1456.0,10400.0
2026-01-19,1464.0,1481.0,1451.0,1476.0,1476.0,11100.0,1441.85,1442.76,1429.56,1427.27,70.0,1428.72,4.386666666666542,3.339999999999918,0.0379746835443037,1476.0,1466.0,1466.0,1456.0,10400.0
2026-01-20,1471.0,1471.0,1444.0,1449.0,1449.0,9400.0,1442.4,1442.6,1430.08,1427.925,52.75590551181102,1428.5,4.026666666666642,3.3599999999999,0.0125786163522012,1476.0,1481.0,1476.0,1464.0,11100.0
2026-01-21,1449.0,1449.0,1417.0,1426.0,1426.0,20400.0,1441.8,1441.52,1430.3333333333333,1428.465,53.17460317460316,1428.38,3.2666666666666515,3.314999999999827,-0.0034940600978337,1476.0,1471.0,1449.0,1471.0,9400.0
2026-01-22,1426.0,1435.0,1419.0,1426.0,1426.0,7700.0,1441.2,1440.44,1430.5866666666666,1429.005,50.0,1428.3,2.5066666666666606,3.1900000000000546,-0.0034940600978337,1476.0,1449.0,1426.0,1449.0,20400.0
2026-01-23,1430.0,1436.0,1420.0,1422.0,1422.0,15100.0,1440.4,1439.92,1430.7866666666666,1429.475,45.21739130434783,1428.34,1.9466666666667152,2.990000000000009,-0.0062893081761006,1476.0,1435.0,1426.0,1426.0,7700.0
2026-01-24,1430.0,1436.0,1420.0,1422.0,1422.0,15100.0,1439.6,1439.28,1430.7733333333333,1429.94,45.21739130434783,1428.42,1.213333333333367,2.6700000000000728,-0.0069832402234636,1476.0,1436.0,1422.0,1430.0,15100.0
2026-01-25,1430.0,1436.0,1420.0,1422.0,1422.0,15100.0,1439.1,1438.64,1430.72,1430.42,45.21739130434783,1428.5,0.6400000000001,2.4950000000001182,-0.0069832402234636,1476.0,1436.0,1422.0,1430.0,15100.0
2026-01-26,1430.0,1431.0,1419.0,1419.0,1419.0,12400.0,1437.95,1437.88,1430.5733333333333,1430.91,44.06779661016949,1428.52,0.2400000000000091,2.445000000000164,-0.0159500693481275,1476.0,1436.0,1422.0,1430.0,15100.0
2026-01-27,1418.0,1423.0,1402.0,1402.0,1402.0,20000.0,1437.15,1436.44,1430.2933333333333,1431.27,41.26984126984127,1428.24,-0.2933333333332939,2.2649999999998727,-0.0558922558922558,1476.0,1431.0,1419.0,1430.0,12400.0
2026-01-28,1406.0,1406.0,1361.0,1370.0,1370.0,32300.0,1434.35,1433.72,1429.506666666667,1431.47,23.7410071942446,1427.84,-1.2799999999999727,1.9950000000001185,-0.0774410774410774,1476.0,1423.0,1402.0,1418.0,20000.0
2026-01-29,1371.0,1375.0,1333.0,1336.0,1336.0,41800.0,1429.5,1429.64,1428.2666666666669,1431.5,12.5,1426.44,-2.5066666666666606,1.5599999999999454,-0.1003367003367003,1476.0,1406.0,1370.0,1406.0,32300.0
2026-01-30,1323.0,1395.0,1300.0,1374.0,1374.0,90800.0,1426.55,1427.32,1427.5333333333333,1431.735,25.531914893617028,1426.08,-3.1866666666667243,1.3149999999998272,-0.0589041095890411,1476.0,1375.0,1336.0,1371.0,41800.0
2026-01-31,1323.0,1395.0,1300.0,1374.0,1374.0,90800.0,1423.6,1424.6,1427.04,1431.98,25.531914893617028,1425.66,-3.533333333333303,1.0699999999999363,-0.0405027932960894,1476.0,1395.0,1374.0,1323.0,90800.0
2026-02-01,1323.0,1395.0,1300.0,1374.0,1374.0,90800.0,1420.65,1422.84,1426.4533333333334,1432.17,25.531914893617028,1425.24,-3.839999999999918,0.900000000000091,-0.0391608391608391,1476.0,1395.0,1374.0,1323.0,90800.0
2026-02-02,1399.0,1399.0,1336.0,1341.0,1341.0,33600.0,1416.5,1419.44,1425.3333333333333,1432.21,18.00947867298578,1424.16,-4.173333333333403,0.7400000000000091,-0.0556338028169014,1476.0,1395.0,1374.0,1323.0,90800.0
2026-02-03,1338.0,1341.0,1312.0,1316.0,1316.0,40400.0,1410.15,1414.76,1423.92,1432.14,18.181818181818187,1422.1,-4.346666666666579,0.6400000000001,-0.0719322990126939,1476.0,1399.0,1341.0,1399.0,33600.0
2026-02-04,1316.0,1316.0,1289.0,1290.0,1290.0,49200.0,1401.85,1409.04,1422.04,1431.94,17.924528301886795,1419.86,-5.493333333333339,0.2050000000001546,-0.0902679830747531,1476.0,1341.0,1316.0,1338.0,40400.0
2026-02-05,1288.0,1330.0,1288.0,1328.0,1328.0,29600.0,1394.95,1404.84,1420.6666666666667,1431.93,30.40000000000001,1418.18,-6.373333333333221,-0.0499999999999545,-0.0634696755994358,1476.0,1316.0,1290.0,1316.0,49200.0
2026-02-06,1330.0,1330.0,1287.0,1305.0,1305.0,33000.0,1386.9,1399.72,1418.986666666667,1431.805,28.25278810408922,1416.36,-7.466666666666697,-0.3650000000000091,-0.0783898305084745,1476.0,1330.0,1328.0,1288.0,29600.0
2026-02-07,1330.0,1330.0,1287.0,1305.0,1305.0,33000.0,1378.85,1394.96,1417.3066666666666,1431.695,28.25278810408922,1413.96,-8.026666666666642,-0.5150000000001,-0.0611510791366906,1476.0,1330.0,1305.0,1330.0,33000.0
2026-02-08,1330.0,1330.0,1287.0,1305.0,1305.0,33000.0,1370.3,1389.44,1415.6133333333332,1431.58,28.25278810408922,1411.56,-8.306666666666843,-0.5600000000001728,-0.0718349928876245,1449.0,1330.0,1305.0,1330.0,33000.0
2026-02-09,1318.0,1318.0,1296.0,1301.0,1301.0,16800.0,1362.9,1383.24,1413.8666666666666,1431.4,28.14814814814813,1409.08,-8.173333333333403,-0.5399999999999636,-0.0653735632183908,1426.0,1330.0,1305.0,1330.0,33000.0
2026-02-10,1301.0,1330.0,1301.0,1305.0,1305.0,17600.0,1356.85,1376.8,1412.04,1431.18,31.128404669260703,1406.88,-8.626666666666779,-0.75,-0.0645161290322581,1426.0,1318.0,1301.0,1318.0,16800.0
2026-02-11,1301.0,1330.0,1301.0,1305.0,1305.0,17600.0,1350.8,1370.36,1409.64,1430.96,35.55555555555556,1404.74,-9.34666666666658,-0.8450000000000273,-0.0645161290322581,1422.0,1330.0,1305.0,1301.0,17600.0
2026-02-12,1335.0,1342.0,1326.0,1330.0,1330.0,15700.0,1346.2,1364.92,1407.5733333333333,1430.865,48.61111111111112,1403.14,-9.733333333333348,-0.8299999999999272,-0.046594982078853,1422.0,1330.0,1305.0,1301.0,17600.0
2026-02-13,1328.0,1332.0,1299.0,1324.0,1324.0,25600.0,1341.3,1358.84,1405.4266666666667,1430.635,36.41304347826087,1400.8,-10.186666666666495,-0.9449999999999364,-0.0669485553206483,1422.0,1342.0,1330.0,1335.0,15700.0
2026-02-14,1328.0,1332.0,1299.0,1324.0,1324.0,25600.0,1336.4,1353.84,1403.6133333333332,1430.505,36.41304347826087,1398.22,-10.25333333333333,-0.8949999999999818,-0.0556348074179743,1419.0,1332.0,1324.0,1328.0,25600.0
2026-02-15,1328.0,1332.0,1299.0,1324.0,1324.0,25600.0,1331.65,1349.76,1402.1733333333334,1430.32,36.41304347826087,1395.64,-9.86666666666656,-0.8600000000001273,-0.0623229461756373,1402.0,1332.0,1324.0,1328.0,25600.0
2026-02-16,1330.0,1330.0,1307.0,1307.0,1307.0,19600.0,1326.9,1345.0,1400.5333333333333,1429.96,39.88095238095238,1392.72,-9.106666666666795,-1.0,-0.0637535816618911,1374.0,1332.0,1324.0,1328.0,25600.0
2026-02-17,1303.0,1312.0,1297.0,1297.0,1297.0,18000.0,1323.25,1340.0,1398.8933333333334,1429.595,43.790849673202615,1389.96,-8.679999999999836,-1.2699999999999818,-0.0898245614035088,1374.0,1330.0,1307.0,1330.0,19600.0
2026-02-21,1281.0,1281.0,1258.0,1267.0,1267.0,37900.0,1306.95,1318.68,1391.72,1427.65,34.42622950819671,1377.56,-8.813333333333276,-2.309999999999945,-0.1026912181303115,1341.0,1281.0,1267.0,1281.0,37900.0
2026-02-22,1281.0,1281.0,1258.0,1267.0,1267.0,37900.0,1303.25,1314.56,1390.08,1426.925,34.42622950819671,1374.14,-8.813333333333503,-2.6700000000000728,-0.101418439716312,1330.0,1281.0,1267.0,1281.0,37900.0
2026-02-23,1281.0,1281.0,1258.0,1267.0,1267.0,37900.0,1300.8,1311.8,1388.2266666666667,1426.26,35.593220338983045,1370.72,-9.226666666666688,-3.035000000000082,-0.1207494795281054,1330.0,1281.0,1267.0,1281.0,37900.0
2026-02-18,1298.0,1323.0,1298.0,1310.0,1310.0,13800.0,,,,,,,,,,,,,,
2026-02-19,1310.0,1310.0,1280.0,1288.0,1288.0,48600.0,,,,,,,,,,,,,,
2026-02-20,1281.0,1281.0,1258.0,1267.0,1267.0,37900.0,,,,,,,,,,,,,,
2026-02-24,1281.0,1281.0,1261.0,1281.0,1281.0,25400.0,,,,,,,,,,,,,,
2026-02-25,1289.0,1294.0,1272.0,1293.0,1293.0,19900.0,,,,,,,,,,,,,,
2026-02-26,1294.0,1336.0,1294.0,1325.0,1325.0,23500.0,,,,,,,,,,,,,,
2026-02-27,1325.0,1342.0,1321.0,1321.0,1321.0,22800.0,,,,,,,,,,,,,,
2026-03-02,1320.0,1322.0,1293.0,1300.0,1300.0,25600.0,,,,,,,,,,,,,,
2026-03-03,1295.0,1295.0,1272.0,1273.0,1273.0,26500.0,,,,,,,,,,,,,,
2026-03-04,1265.0,1290.0,1251.0,1282.0,1282.0,41400.0,,,,,,,,,,,,,,
2026-03-05,1301.0,1323.0,1301.0,1310.0,1310.0,22800.0,,,,,,,,,,,,,,
2026-03-06,1318.0,1320.0,1295.0,1300.0,1300.0,12000.0,,,,,,,,,,,,,,
