Date,Open,High,Low,Close,Adj Close,Volume,MA20,MA25,MA75,MA200,RSI14,MA50,MA75_slope,MA200_slope,Ret60,High20,PrevHigh,PrevClose,PrevOpen,PrevVolume
2020-02-25,1408.0,1447.0,1406.0,1420.0,1202.94140625,33600.0,,,,,50.0,,,,,,,,,
2020-02-26,1396.0,1417.0,1377.0,1417.0,1200.39990234375,19900.0,,,,,50.0,,,,,,1447.0,1420.0,1408.0,33600.0
2020-02-27,1392.0,1392.0,1340.0,1350.0,1143.6414794921875,36400.0,,,,,50.0,,,,,,1417.0,1417.0,1396.0,19900.0
2020-02-28,1291.0,1338.0,1253.0,1264.0,1070.787353515625,42500.0,,,,,50.0,,,,,,1392.0,1350.0,1392.0,36400.0
2020-02-29,1291.0,1338.0,1253.0,1264.0,1070.787353515625,42500.0,,,,,50.0,,,,,,1338.0,1264.0,1291.0,42500.0
2020-03-01,1291.0,1338.0,1253.0,1264.0,1070.787353515625,42500.0,,,,,50.0,,,,,,1338.0,1264.0,1291.0,42500.0
2020-03-02,1234.0,1383.0,1234.0,1338.0,1133.475830078125,29400.0,,,,,50.0,,,,,,1338.0,1264.0,1291.0,42500.0
2020-03-03,1368.0,1373.0,1273.0,1274.0,1079.2586669921875,40500.0,,,,,50.0,,,,,,1383.0,1338.0,1234.0,29400.0
2020-03-04,1241.0,1298.0,1241.0,1258.0,1065.7044677734375,16000.0,,,,,50.0,,,,,,1373.0,1274.0,1368.0,40500.0
2020-03-05,1284.0,1293.0,1219.0,1219.0,1032.6658935546875,28300.0,,,,,50.0,,,,,,1298.0,1258.0,1241.0,16000.0
2020-03-06,1200.0,1203.0,1140.0,1140.0,965.74169921875,32700.0,,,,,50.0,,,,,,1293.0,1219.0,1284.0,28300.0
2020-03-07,1200.0,1203.0,1140.0,1140.0,965.74169921875,32700.0,,,,,50.0,,,,,,1203.0,1140.0,1200.0,32700.0
2020-03-08,1200.0,1203.0,1140.0,1140.0,965.74169921875,32700.0,,,,,50.0,,,,,,1203.0,1140.0,1200.0,32700.0
2020-03-09,1110.0,1134.0,1031.0,1034.0,875.9447021484375,69900.0,,,,,50.0,,,,,,1203.0,1140.0,1200.0,32700.0
2020-03-10,1004.0,1078.0,966.0,1075.0,910.6775512695312,98900.0,,,,,20.0,,,,,,1134.0,1034.0,1110.0,69900.0
2020-03-11,1075.0,1083.0,1023.0,1029.0,871.7089233398438,73000.0,,,,,18.6084142394822,,,,,,1078.0,1075.0,1004.0,98900.0
2020-03-12,1036.0,1053.0,952.0,952.0,806.4791259765625,88000.0,,,,,18.31210191082802,,,,,,1083.0,1029.0,1075.0,73000.0
2020-03-13,877.0,927.0,855.0,900.0,762.4276123046875,62800.0,,,,,19.36026936026936,,,,,,1053.0,952.0,1036.0,88000.0
2020-03-14,877.0,927.0,855.0,900.0,762.4276123046875,62800.0,,,,,19.36026936026936,,,,,,927.0,900.0,877.0,62800.0
2020-03-15,877.0,927.0,855.0,900.0,762.4276123046875,62800.0,1163.9,,,,19.36026936026936,,,,,1420.0,927.0,900.0,877.0,62800.0
2020-03-16,930.0,968.0,907.0,918.0,777.6762084960938,35100.0,1138.8,,,,10.966542750929364,,,,,1417.0,927.0,900.0,877.0,62800.0
2020-03-17,908.0,988.0,868.0,982.0,831.893310546875,56000.0,1117.05,,,,22.86245353159852,,,,,1350.0,968.0,918.0,930.0,35100.0
2020-03-18,982.0,1010.0,917.0,921.0,780.2177124023438,31000.0,1095.6,,,,21.097770154373933,,,,,1338.0,988.0,982.0,908.0,56000.0
2020-03-19,936.0,937.0,875.0,896.0,759.0390625,38500.0,1077.2,,,,21.616871704745165,,,,,1338.0,1010.0,921.0,982.0,31000.0
2020-03-20,936.0,937.0,875.0,896.0,759.0390625,38500.0,1058.8,1115.64,,,25.10204081632652,,,,,1338.0,937.0,896.0,936.0,38500.0
2020-03-21,936.0,937.0,875.0,896.0,759.0390625,38500.0,1040.4,1094.68,,,25.10204081632652,,,,,1338.0,937.0,896.0,936.0,38500.0
2020-03-22,936.0,937.0,875.0,896.0,759.0390625,38500.0,1018.3,1073.84,,,25.10204081632652,,,,,1274.0,937.0,896.0,936.0,38500.0
2020-03-23,896.0,939.0,876.0,938.0,794.6190185546875,58200.0,1001.5,1057.36,,,38.732394366197184,,,,,1258.0,937.0,896.0,936.0,38500.0
2020-03-24,923.0,942.0,891.0,911.0,771.746337890625,69200.0,984.15,1043.24,,,30.09708737864078,,,,,1219.0,939.0,938.0,896.0,58200.0
2020-03-25,971.0,1008.0,940.0,1008.0,853.9190673828125,40400.0,973.6,1033.0,,,47.73218142548596,,,,,1140.0,942.0,911.0,923.0,69200.0
2020-03-26,978.0,985.0,935.0,972.0,823.4219360351562,35000.0,965.2,1021.32,,,52.3696682464455,,,,,1140.0,1008.0,1008.0,971.0,40400.0
2020-03-27,1027.0,1046.0,989.0,1046.0,886.1104125976562,52000.0,960.5,1009.64,,,66.44144144144144,,,,,1140.0,985.0,972.0,978.0,35000.0
2020-03-28,1027.0,1046.0,989.0,1046.0,886.1104125976562,52000.0,955.8,1000.52,,,66.44144144144144,,,,,1075.0,1046.0,1046.0,1027.0,52000.0
2020-03-29,1027.0,1046.0,989.0,1046.0,886.1104125976562,52000.0,956.4,992.04,,,66.44144144144144,,,,,1075.0,1046.0,1046.0,1027.0,52000.0
2020-03-30,981.0,996.0,942.0,994.0,858.473388671875,38800.0,952.35,983.04,,,57.94979079497907,,,,,1046.0,1046.0,1046.0,1027.0,52000.0
2020-03-31,1028.0,1037.0,986.0,1023.0,883.5194702148438,38100.0,952.05,978.36,,,54.627539503386,,,,,1046.0,996.0,994.0,981.0,38800.0
2020-04-01,1008.0,1016.0,944.0,954.0,823.92724609375,28300.0,952.15,970.92,,,53.65853658536585,,,,,1046.0,1037.0,1023.0,1028.0,38100.0
2020-04-02,942.0,951.0,901.0,914.0,789.3809204101562,38000.0,952.85,961.88,,,51.931330472103,,,,,1046.0,1016.0,954.0,1008.0,28300.0
2020-04-03,1000.0,1015.0,875.0,897.0,774.6987915039062,21300.0,952.7,956.4,,,50.10351966873706,,,,,1046.0,951.0,914.0,942.0,38000.0
2020-04-04,1000.0,1015.0,875.0,897.0,774.6987915039062,21300.0,952.55,949.28,,,50.10351966873706,,,,,1046.0,1015.0,897.0,1000.0,21300.0
2020-04-05,1000.0,1015.0,875.0,897.0,774.6987915039062,21300.0,951.5,944.0,,,50.10351966873706,,,,,1046.0,1015.0,897.0,1000.0,21300.0
2020-04-06,889.0,943.0,870.0,926.0,799.744873046875,46200.0,948.7,942.96,,,48.723404255319146,,,,,1046.0,1015.0,897.0,1000.0,21300.0
2020-04-07,941.0,975.0,920.0,956.0,825.6546020507812,46600.0,950.45,945.2,,,54.7568710359408,,,,,1046.0,943.0,926.0,889.0,46200.0
2020-04-08,957.0,1031.0,939.0,1012.0,874.019287109375,38500.0,956.25,949.68,,,50.46296296296297,,,,,1046.0,975.0,956.0,941.0,46600.0
2020-04-09,1006.0,1044.0,1003.0,1042.0,899.9288330078125,30800.0,963.55,955.36,,,58.21596244131455,,,,,1046.0,1031.0,1012.0,957.0,38500.0
2020-04-10,1038.0,1038.0,1010.0,1032.0,891.2922973632812,14700.0,970.35,959.92,,,48.06629834254144,,,,,1046.0,1044.0,1042.0,1006.0,30800.0
2020-04-11,1038.0,1038.0,1010.0,1032.0,891.2922973632812,14700.0,977.15,961.92,,,48.06629834254144,,,,,1046.0,1038.0,1032.0,1038.0,14700.0
2020-04-12,1038.0,1038.0,1010.0,1032.0,891.2922973632812,14700.0,981.85,966.36,,,48.06629834254144,,,,,1046.0,1038.0,1032.0,1038.0,14700.0
2020-04-13,1038.0,1038.0,995.0,1009.0,871.4283447265625,18900.0,986.75,970.88,,,52.252252252252255,,,,,1046.0,1038.0,1032.0,1038.0,14700.0
2020-04-14,1034.0,1061.0,1017.0,1045.0,902.5198364257812,25900.0,988.6,976.84,,,53.23529411764706,1046.24,,,,1046.0,1038.0,1009.0,1038.0,18900.0
2020-04-15,1045.0,1045.0,1005.0,1018.0,879.201171875,17200.0,990.9,981.72,,,60.738255033557046,1038.2,,,,1046.0,1061.0,1045.0,1034.0,25900.0
2020-04-16,1001.0,1061.0,1001.0,1061.0,916.3383178710938,24200.0,991.65,988.32,,,74.4186046511628,1031.08,,,,1061.0,1045.0,1018.0,1045.0,17200.0
2020-04-17,1099.0,1099.0,1037.0,1051.0,907.70166015625,25700.0,991.9,992.84,,,76.19047619047619,1025.1,,,,1061.0,1061.0,1061.0,1001.0,24200.0
2020-04-18,1099.0,1099.0,1037.0,1051.0,907.70166015625,25700.0,992.15,998.44,,,76.19047619047619,1020.84,,,,1061.0,1099.0,1051.0,1099.0,25700.0
2020-04-19,1099.0,1099.0,1037.0,1051.0,907.70166015625,25700.0,995.0,1000.16,,,76.19047619047619,1016.58,,,,1061.0,1099.0,1051.0,1099.0,25700.0
2020-04-20,1051.0,1064.0,1040.0,1057.0,912.8837280273438,17600.0,996.7,1003.56,,,74.16974169741698,1012.44,,,,1061.0,1099.0,1051.0,1099.0,25700.0
2020-04-21,1030.0,1045.0,1007.0,1026.0,886.1104125976562,11500.0,1000.3,1002.76,,,62.86764705882353,1006.2,,,,1061.0,1064.0,1057.0,1051.0,17600.0
2020-04-22,1015.0,1015.0,992.0,997.0,861.0643920898438,18700.0,1004.45,1000.8,,,46.93877551020408,1000.66,,,,1061.0,1045.0,1026.0,1030.0,11500.0
2020-04-23,1000.0,1024.0,1000.0,1018.0,879.201171875,9900.0,1010.5,999.68,,,44.91525423728813,995.86,,,,1061.0,1015.0,997.0,1015.0,18700.0
2020-04-24,1078.0,1078.0,1015.0,1024.0,884.383056640625,15000.0,1016.85,1000.88,,,48.27586206896552,991.96,,,,1061.0,1024.0,1018.0,1000.0,9900.0
2020-04-25,1078.0,1078.0,1015.0,1024.0,884.383056640625,15000.0,1023.2,1000.92,,,48.27586206896552,989.64,,,-0.2788732394366197,1061.0,1078.0,1024.0,1078.0,15000.0
2020-04-26,1078.0,1078.0,1015.0,1024.0,884.383056640625,15000.0,1028.1,1003.72,,,48.27586206896552,987.32,,,-0.2773465067043048,1061.0,1078.0,1024.0,1078.0,15000.0
2020-04-27,1014.0,1044.0,1012.0,1044.0,901.6561889648438,12400.0,1032.5,1008.92,,,57.64192139737991,985.4,,,-0.2266666666666666,1061.0,1078.0,1024.0,1078.0,15000.0
2020-04-28,1046.0,1057.0,1023.0,1050.0,906.8381958007812,20900.0,1034.4,1015.04,,,51.256281407035175,985.72,,,-0.1693037974683544,1061.0,1044.0,1044.0,1014.0,12400.0
2020-04-29,1046.0,1057.0,1023.0,1050.0,906.8381958007812,20900.0,1034.8,1021.16,,,59.30232558139535,985.22,,,-0.1693037974683544,1061.0,1057.0,1050.0,1046.0,20900.0
2020-04-30,1130.0,1130.0,1066.0,1069.0,923.2476806640624,25700.0,1036.65,1028.04,,,52.7027027027027,986.02,,,-0.1542721518987342,1069.0,1057.0,1050.0,1046.0,20900.0
2020-05-01,1065.0,1065.0,1024.0,1026.0,886.1104125976562,14800.0,1036.35,1032.04,,,43.0939226519337,987.5,,,-0.2331838565022421,1069.0,1130.0,1069.0,1130.0,25700.0
2020-05-02,1065.0,1065.0,1024.0,1026.0,886.1104125976562,14800.0,1036.05,1034.84,,,43.0939226519337,990.02,,,-0.1946624803767661,1069.0,1065.0,1026.0,1065.0,14800.0
2020-05-03,1065.0,1065.0,1024.0,1026.0,886.1104125976562,14800.0,1036.9,1035.4,,,43.0939226519337,992.54,,,-0.1844197138314784,1069.0,1065.0,1026.0,1065.0,14800.0
2020-05-04,1065.0,1065.0,1024.0,1026.0,886.1104125976562,14800.0,1035.95,1034.76,,,41.142857142857146,995.06,,,-0.1583264971287941,1069.0,1065.0,1026.0,1065.0,14800.0
2020-05-05,1065.0,1065.0,1024.0,1026.0,886.1104125976562,14800.0,1036.35,1034.52,,,50.0,997.22,,,-0.0999999999999999,1069.0,1065.0,1026.0,1065.0,14800.0
2020-05-06,1065.0,1065.0,1024.0,1026.0,886.1104125976562,14800.0,1034.6,1034.28,,,62.60869565217392,998.1,,,-0.0999999999999999,1069.0,1065.0,1026.0,1065.0,14800.0
2020-05-07,1084.0,1086.0,1054.0,1054.0,910.2927856445312,12900.0,1034.75,1035.16,,,64.75409836065573,1000.76,,,-0.075438596491228,1069.0,1065.0,1026.0,1065.0,14800.0
2020-05-08,1060.0,1076.0,1046.0,1060.0,915.474853515625,9600.0,1035.2,1037.2,,,64.75409836065573,1004.04,,,0.0251450676982591,1069.0,1086.0,1054.0,1084.0,12900.0
2020-05-09,1060.0,1076.0,1046.0,1060.0,915.474853515625,9600.0,1035.65,1037.8,1043.4266666666667,,64.75409836065573,1007.32,,,-0.0139534883720929,1069.0,1076.0,1060.0,1060.0,9600.0
2020-05-10,1060.0,1076.0,1046.0,1060.0,915.474853515625,9600.0,1035.8,1039.48,1038.6266666666668,,64.75409836065573,1010.6,,,0.0301263362487851,1069.0,1076.0,1060.0,1060.0,9600.0
2020-05-11,1051.0,1083.0,1051.0,1083.0,935.3387451171876,10700.0,1038.65,1040.36,1034.1733333333334,,65.6,1014.34,,,0.1376050420168066,1083.0,1076.0,1060.0,1060.0,9600.0
2020-05-12,1095.0,1112.0,1075.0,1075.0,928.4295654296876,13500.0,1042.55,1041.32,1030.506666666667,,59.84251968503937,1017.08,,,0.1944444444444444,1083.0,1083.0,1083.0,1051.0,10700.0
2020-05-13,1070.0,1072.0,1050.0,1050.0,906.8381958007812,21100.0,1044.15,1041.28,1027.6533333333334,,50.0,1019.86,,,0.1666666666666667,1083.0,1112.0,1075.0,1095.0,13500.0
2020-05-14,1060.0,1060.0,1008.0,1008.0,870.564453125,14000.0,1043.35,1039.56,1024.24,,32.57142857142857,1019.86,-19.186666666666724,,0.1200000000000001,1083.0,1072.0,1050.0,1070.0,21100.0
2020-05-15,1050.0,1050.0,1010.0,1033.0,892.1560668945312,15300.0,1043.8,1038.6,1021.16,,52.22929936305732,1021.08,-17.46666666666681,,0.1252723311546841,1083.0,1060.0,1008.0,1060.0,14000.0
2020-05-16,1050.0,1050.0,1010.0,1033.0,892.1560668945312,15300.0,1044.25,1038.88,1017.0933333333334,,52.22929936305732,1020.82,-17.08000000000004,,0.0519348268839103,1083.0,1050.0,1033.0,1050.0,15300.0
2020-05-17,1050.0,1050.0,1010.0,1033.0,892.1560668945312,15300.0,1043.7,1040.32,1013.88,,52.22929936305732,1020.56,-16.626666666666665,,0.1216069489685125,1083.0,1050.0,1033.0,1050.0,15300.0
2020-05-18,1050.0,1077.0,1013.0,1022.0,882.6558227539062,13100.0,1042.3,1040.48,1010.7333333333332,,48.80952380952381,1020.08,-16.920000000000073,,0.140625,1083.0,1050.0,1033.0,1050.0,15300.0
2020-05-19,1075.0,1075.0,1039.0,1052.0,908.5653686523438,16600.0,1042.4,1041.6,1008.5066666666668,,56.56565656565656,1021.24,-15.733333333333348,,0.1741071428571428,1083.0,1077.0,1022.0,1050.0,13100.0
2020-05-20,1047.0,1051.0,1022.0,1035.0,893.88330078125,20400.0,1040.7,1042.04,1007.1066666666668,,52.093023255813954,1021.48,-14.053333333333285,,0.1551339285714286,1083.0,1075.0,1052.0,1075.0,16600.0
2020-05-21,1036.0,1040.0,1022.0,1026.0,886.1104125976562,18100.0,1040.7,1042.12,1005.5866666666668,,42.85714285714285,1022.92,-11.50666666666666,,0.1450892857142858,1083.0,1051.0,1035.0,1047.0,20400.0
2020-05-22,1026.0,1030.0,982.0,985.0,850.7005004882812,36800.0,1038.65,1039.76,1003.52,,33.76623376623377,1024.34,-10.360000000000014,,0.0501066098081024,1083.0,1040.0,1026.0,1036.0,18100.0
2020-05-23,1026.0,1030.0,982.0,985.0,850.7005004882812,36800.0,1036.6,1037.16,1002.8666666666668,,33.76623376623377,1026.1,-7.866666666666674,,0.0812294182217343,1083.0,1030.0,985.0,1026.0,36800.0
2020-05-24,1026.0,1030.0,982.0,985.0,850.7005004882812,36800.0,1034.55,1034.56,1001.6666666666666,,33.76623376623377,1027.86,-6.840000000000032,,-0.0228174603174603,1083.0,1030.0,985.0,1026.0,36800.0
2020-05-25,1028.0,1040.0,1013.0,1032.0,891.2922973632812,12900.0,1034.85,1033.08,1001.7066666666668,,39.99999999999999,1030.56,-5.399999999999977,,0.0617283950617284,1083.0,1030.0,985.0,1026.0,36800.0
2020-05-26,1044.0,1101.0,1028.0,1057.0,912.8837280273438,58500.0,1036.4,1034.32,1003.1066666666668,,46.69117647058823,1033.18,-2.480000000000018,,0.0105162523900572,1083.0,1040.0,1032.0,1028.0,12900.0
2020-05-27,1091.0,1341.0,1046.0,1329.0,1147.7979736328125,77400.0,1050.15,1046.44,1008.8266666666668,,76.878612716763,1040.64,5.306666666666729,,0.2705544933078394,1329.0,1101.0,1057.0,1044.0,58500.0
2020-05-28,1299.0,1323.0,1219.0,1235.0,1066.6143798828125,80500.0,1058.9,1054.8,1013.2933333333332,,69.87740805604203,1045.1,10.42666666666662,,0.1806883365200764,1329.0,1341.0,1329.0,1091.0,77400.0
2020-05-29,1269.0,1300.0,1158.0,1168.0,1008.7494506835938,44200.0,1064.3,1060.48,1016.8666666666668,,61.01141924959217,1047.62,15.200000000000044,,0.1750503018108651,1329.0,1323.0,1235.0,1299.0,80500.0
2020-05-30,1269.0,1300.0,1158.0,1168.0,1008.7494506835938,44200.0,1069.7,1066.16,1020.2,,61.01141924959217,1050.34,18.49333333333334,,0.1417399804496579,1329.0,1300.0,1168.0,1269.0,44200.0
2020-05-31,1269.0,1300.0,1158.0,1168.0,1008.7494506835938,44200.0,1073.95,1071.84,1022.68,,61.01141924959217,1053.06,19.573333333333267,,0.2243186582809224,1329.0,1300.0,1168.0,1269.0,44200.0
2020-06-01,1175.0,1229.0,1175.0,1219.0,1052.7958984375,32800.0,1081.15,1078.44,1026.6533333333334,,65.08422664624808,1056.8,17.82666666666671,,0.3336980306345734,1329.0,1300.0,1168.0,1269.0,44200.0
2020-06-02,1247.0,1248.0,1195.0,1232.0,1064.0234375,20300.0,1090.25,1085.32,1031.1333333333334,,64.15094339622641,1061.26,17.840000000000146,,0.3734671125975473,1329.0,1229.0,1219.0,1175.0,32800.0
2020-06-03,1232.0,1247.0,1209.0,1227.0,1059.705078125,18000.0,1101.2,1092.0,1035.5466666666666,,65.38461538461539,1064.9,18.67999999999995,,0.3678929765886287,1329.0,1248.0,1232.0,1247.0,20300.0
2020-06-04,1248.0,1248.0,1213.0,1225.0,1057.977783203125,15300.0,1110.8,1098.6,1039.9333333333334,,66.12641815235008,1069.04,19.73333333333335,,0.3656633221850613,1329.0,1247.0,1227.0,1232.0,18000.0
2020-06-05,1225.0,1243.0,1205.0,1235.0,1066.6143798828125,37700.0,1120.9,1104.68,1044.4533333333334,,71.33105802047781,1072.52,21.773333333333422,,0.3336933045356371,1329.0,1248.0,1225.0,1248.0,15300.0
2020-06-06,1225.0,1243.0,1205.0,1235.0,1066.6143798828125,37700.0,1131.0,1111.08,1048.4133333333334,,71.33105802047781,1076.2,21.75999999999999,,0.2918410041841004,1329.0,1243.0,1235.0,1225.0,37700.0
2020-06-07,1225.0,1243.0,1205.0,1235.0,1066.6143798828125,37700.0,1141.65,1118.48,1052.7333333333331,,71.33105802047781,1079.88,21.59999999999991,,0.2203557312252964,1329.0,1243.0,1235.0,1225.0,37700.0
2020-06-08,1235.0,1294.0,1232.0,1284.0,1108.9334716796875,23700.0,1153.25,1129.52,1056.4133333333334,,71.42857142857143,1084.54,20.866666666666788,,0.2322456813819577,1329.0,1243.0,1235.0,1225.0,37700.0
2020-06-09,1300.0,1325.0,1271.0,1290.0,1114.1153564453125,28700.0,1166.0,1139.8,1060.6533333333334,,70.47451669595782,1089.2,20.720000000000027,,0.25,1329.0,1294.0,1284.0,1235.0,23700.0
2020-06-10,1290.0,1293.0,1271.0,1280.0,1105.478759765625,20400.0,1178.7,1149.68,1063.7733333333333,,42.019543973941374,1094.28,19.319999999999936,,0.2403100775193798,1329.0,1325.0,1290.0,1300.0,28700.0
2020-06-11,1299.0,1312.0,1258.0,1307.0,1128.7977294921875,37400.0,1194.8,1160.64,1067.253333333333,,65.0,1100.48,18.83999999999992,,0.2664728682170543,1329.0,1293.0,1280.0,1290.0,20400.0
2020-06-12,1278.0,1300.0,1202.0,1300.0,1122.751953125,67800.0,1210.55,1171.76,1070.64,,86.66666666666667,1106.12,17.90666666666675,,0.2884043607532209,1329.0,1312.0,1307.0,1299.0,37400.0
2020-06-13,1278.0,1300.0,1202.0,1300.0,1122.751953125,67800.0,1226.3,1181.68,1074.72,,86.66666666666667,1111.64,18.30666666666661,,0.2440191387559809,1329.0,1300.0,1300.0,1278.0,67800.0
2020-06-14,1278.0,1300.0,1202.0,1300.0,1122.751953125,67800.0,1239.7,1192.28,1078.4133333333334,,86.66666666666667,1117.16,17.75999999999999,,0.2770137524557956,1329.0,1300.0,1300.0,1278.0,67800.0
2020-06-15,1318.0,1318.0,1260.0,1264.0,1091.660400390625,34300.0,1250.05,1201.8,1082.5466666666666,,63.63636363636363,1121.96,18.773333333333312,,0.1913289349670122,1329.0,1300.0,1300.0,1278.0,67800.0
2020-06-16,1287.0,1368.0,1270.0,1335.0,1152.979736328125,49300.0,1250.35,1215.8,1088.16,,73.09417040358744,1127.78,20.90666666666675,,0.2702188392007612,1335.0,1318.0,1264.0,1318.0,34300.0
2020-06-17,1325.0,1379.0,1309.0,1349.0,1165.071044921875,27600.0,1256.05,1230.36,1094.1866666666667,,76.29310344827587,1133.76,23.546666666666624,,0.2835394862036156,1349.0,1368.0,1335.0,1287.0,49300.0
2020-06-18,1378.0,1378.0,1291.0,1312.0,1133.1158447265625,33200.0,1263.25,1243.44,1099.72,,66.29213483146069,1139.0,25.0,,0.2483349191246431,1349.0,1379.0,1349.0,1325.0,27600.0
2020-06-19,1342.0,1357.0,1264.0,1357.0,1171.9803466796875,25700.0,1272.7,1256.44,1105.8533333333332,,70.19867549668874,1144.76,27.439999999999827,,0.2838221381267738,1357.0,1378.0,1312.0,1378.0,33200.0
2020-06-20,1342.0,1357.0,1264.0,1357.0,1171.9803466796875,25700.0,1282.15,1268.44,1111.6,,70.19867549668874,1151.38,29.053333333333285,,0.3226120857699805,1357.0,1357.0,1357.0,1342.0,25700.0
2020-06-21,1342.0,1357.0,1264.0,1357.0,1171.9803466796875,25700.0,1289.05,1269.56,1116.9466666666667,,70.19867549668874,1158.0,28.78666666666664,,0.3610832497492477,1357.0,1357.0,1357.0,1342.0,25700.0
2020-06-22,1370.0,1370.0,1321.0,1338.0,1155.5709228515625,7000.0,1294.35,1273.68,1121.2933333333333,,59.9264705882353,1164.24,27.10666666666657,,0.3143418467583496,1357.0,1357.0,1357.0,1342.0,25700.0
2020-06-23,1338.0,1347.0,1301.0,1324.0,1143.479736328125,14700.0,1299.2,1279.92,1125.0533333333333,,56.07142857142857,1170.2,25.333333333333258,,0.29296875,1357.0,1370.0,1338.0,1370.0,7000.0
2020-06-24,1354.0,1354.0,1289.0,1297.0,1120.1610107421875,14000.0,1302.8,1285.08,1128.5866666666666,,52.86195286195287,1175.62,22.73333333333335,,0.2666015625,1357.0,1347.0,1324.0,1338.0,14700.0
2020-06-25,1327.0,1327.0,1266.0,1299.0,1121.8885498046875,19400.0,1306.0,1290.32,1132.1466666666668,,48.52941176470589,1181.08,20.54666666666685,,0.2685546875,1357.0,1354.0,1297.0,1354.0,14000.0
2020-06-26,1300.0,1337.0,1300.0,1337.0,1154.707275390625,18800.0,1311.1,1295.04,1136.2133333333334,,56.1056105610561,1186.74,19.26666666666665,,0.2806513409961686,1357.0,1327.0,1299.0,1327.0,19400.0
2020-06-27,1300.0,1337.0,1300.0,1337.0,1154.707275390625,18800.0,1316.2,1299.24,1140.5866666666666,,56.1056105610561,1192.28,19.29333333333329,,0.2733333333333334,1357.0,1337.0,1337.0,1300.0,18800.0
2020-06-28,1300.0,1337.0,1300.0,1337.0,1154.707275390625,18800.0,1318.85,1303.64,1144.48,,56.1056105610561,1197.82,19.426666666666733,,0.2733333333333334,1357.0,1337.0,1337.0,1300.0,18800.0
2020-06-29,1340.0,1347.0,1300.0,1343.0,1159.8892822265625,13900.0,1321.5,1308.36,1148.8133333333333,,64.46886446886447,1203.48,20.226666666666688,,0.2563143124415341,1357.0,1337.0,1337.0,1300.0,18800.0
2020-06-30,1375.0,1375.0,1340.0,1348.0,1164.2073974609375,12500.0,1324.9,1312.88,1152.64,,53.14009661835749,1208.78,20.49333333333334,,0.3138401559454191,1357.0,1347.0,1343.0,1340.0,13900.0
2020-07-01,1367.0,1367.0,1296.0,1307.0,1128.7977294921875,17900.0,1324.9,1315.76,1156.0533333333333,,41.02564102564102,1213.42,19.83999999999992,,0.2738791423001949,1357.0,1375.0,1348.0,1375.0,12500.0
2020-07-02,1335.0,1335.0,1290.0,1300.0,1122.751953125,23200.0,1324.9,1318.36,1159.3733333333332,,47.05882352941176,1218.42,18.78666666666664,,0.267056530214425,1357.0,1367.0,1307.0,1367.0,17900.0
2020-07-03,1300.0,1304.0,1280.0,1289.0,1113.2518310546875,6700.0,1324.35,1318.56,1162.5466666666666,,30.0,1224.04,18.06666666666661,,0.2563352826510721,1357.0,1335.0,1300.0,1335.0,23200.0
2020-07-04,1300.0,1304.0,1280.0,1289.0,1113.2518310546875,6700.0,1323.8,1318.52,1165.64,,30.0,1229.16,16.826666666666824,,0.2563352826510721,1357.0,1304.0,1289.0,1300.0,6700.0
2020-07-05,1300.0,1304.0,1280.0,1289.0,1113.2518310546875,6700.0,1325.05,1318.88,1169.1466666666668,,30.0,1234.28,16.50666666666666,,0.2563352826510721,1357.0,1304.0,1289.0,1300.0,6700.0
2020-07-06,1300.0,1305.0,1291.0,1297.0,1120.1610107421875,11500.0,1323.15,1318.48,1173.1466666666668,,37.10691823899371,1239.56,17.093333333333476,,0.2305502846299809,1357.0,1304.0,1289.0,1300.0,6700.0
2020-07-07,1300.0,1321.0,1289.0,1298.0,1121.024658203125,6800.0,1320.6,1318.4,1176.88,,41.0958904109589,1245.08,17.506666666666888,,0.2245283018867925,1357.0,1305.0,1297.0,1300.0,11500.0
2020-07-08,1285.0,1299.0,1234.0,1234.0,1065.750732421875,11800.0,1316.7,1315.76,1179.68,,32.786885245901644,1248.72,17.13333333333344,,0.1641509433962265,1357.0,1321.0,1298.0,1300.0,6800.0
2020-07-09,1244.0,1265.0,1207.0,1207.0,1042.43212890625,9800.0,1309.2,1312.04,1182.12,,27.884615384615387,1252.16,16.47999999999979,,0.1386792452830187,1357.0,1299.0,1234.0,1285.0,11800.0
2020-07-10,1204.0,1226.0,1196.0,1196.0,1032.931884765625,19200.0,1301.15,1309.32,1184.4133333333334,,11.049723756906076,1255.56,15.266666666666652,,0.1043397968605723,1357.0,1265.0,1207.0,1244.0,9800.0
2020-07-11,1204.0,1226.0,1196.0,1196.0,1032.931884765625,19200.0,1293.1,1303.76,1186.44,,11.049723756906076,1259.78,13.293333333333294,,0.1125581395348838,1348.0,1226.0,1196.0,1204.0,19200.0
2020-07-12,1204.0,1226.0,1196.0,1196.0,1032.931884765625,19200.0,1286.0,1297.64,1188.3866666666668,,11.049723756906076,1264.0,11.50666666666666,,0.1390476190476191,1348.0,1226.0,1196.0,1204.0,19200.0
2020-07-13,1211.0,1262.0,1211.0,1259.0,1087.3421630859375,15600.0,1282.75,1295.52,1191.1733333333334,,32.35294117647058,1269.48,11.49333333333334,,0.2490079365079365,1348.0,1226.0,1196.0,1204.0,19200.0
2020-07-14,1289.0,1289.0,1238.0,1242.0,1072.66015625,8600.0,1280.0,1290.92,1193.48,,28.80000000000001,1273.68,11.360000000000127,,0.2023233301064859,1348.0,1262.0,1259.0,1211.0,15600.0
2020-07-15,1249.0,1295.0,1231.0,1280.0,1105.478759765625,10300.0,1279.05,1287.84,1196.8666666666666,,44.534412955465584,1278.14,12.453333333333148,,0.2391093901258469,1348.0,1289.0,1242.0,1289.0,8600.0
2020-07-16,1298.0,1298.0,1203.0,1203.0,1038.9774169921875,12900.0,1272.35,1281.68,1199.2266666666667,,34.70031545741324,1275.62,12.786666666666632,,0.1645692158760889,1348.0,1295.0,1280.0,1249.0,10300.0
2020-07-17,1233.0,1233.0,1198.0,1205.0,1040.7047119140625,7400.0,1265.75,1276.36,1201.6133333333332,,36.36363636363636,1275.02,13.22666666666646,,0.1790606653620352,1348.0,1298.0,1203.0,1298.0,12900.0
2020-07-18,1233.0,1233.0,1198.0,1205.0,1040.7047119140625,7400.0,1259.15,1271.6,1204.0,,36.36363636363636,1275.76,12.826666666666595,,0.1454372623574145,1348.0,1233.0,1205.0,1233.0,7400.0
2020-07-19,1233.0,1233.0,1198.0,1205.0,1040.7047119140625,7400.0,1252.25,1267.92,1206.3866666666668,,36.36363636363636,1276.5,12.906666666666752,,0.1642512077294686,1348.0,1233.0,1205.0,1233.0,7400.0
2020-07-20,1235.0,1235.0,1199.0,1215.0,1049.3411865234375,8200.0,1245.6,1264.56,1208.9066666666668,,36.7741935483871,1277.44,12.040000000000193,,0.1842105263157893,1307.0,1233.0,1205.0,1233.0,7400.0
2020-07-21,1217.0,1229.0,1208.0,1227.0,1059.705078125,8000.0,1241.6,1260.16,1211.2133333333334,,38.94080996884736,1277.6,11.98666666666668,,0.2456852791878172,1300.0,1235.0,1215.0,1235.0,8200.0
2020-07-22,1235.0,1235.0,1198.0,1198.0,1034.6591796875,6900.0,1236.5,1254.6,1213.0533333333333,,43.70629370629371,1276.92,11.440000000000056,,0.2162436548223349,1298.0,1229.0,1227.0,1217.0,8000.0
2020-07-23,1235.0,1235.0,1198.0,1198.0,1034.6591796875,6900.0,1231.95,1249.04,1214.8933333333334,,48.262548262548265,1276.34,10.89333333333343,,0.2162436548223349,1298.0,1235.0,1198.0,1235.0,6900.0
2020-07-24,1235.0,1235.0,1198.0,1198.0,1034.6591796875,6900.0,1227.4,1243.24,1216.7333333333331,,50.40322580645161,1275.8,10.34666666666658,,0.1608527131782946,1298.0,1235.0,1198.0,1235.0,6900.0
2020-07-25,1235.0,1235.0,1198.0,1198.0,1034.6591796875,6900.0,1222.85,1237.24,1218.2666666666669,,50.40322580645161,1275.06,9.3599999999999,,0.1333964049195837,1298.0,1235.0,1198.0,1235.0,6900.0
2020-07-26,1235.0,1235.0,1198.0,1198.0,1034.6591796875,6900.0,1217.9,1232.88,1219.9066666666668,,50.40322580645161,1274.32,8.693333333333385,,-0.0985703536493604,1298.0,1235.0,1198.0,1235.0,6900.0
2020-07-27,1180.0,1199.0,1160.0,1199.0,1035.5228271484375,20900.0,1212.95,1228.84,1221.8933333333334,,33.87096774193549,1273.6,8.840000000000146,,-0.0291497975708502,1280.0,1235.0,1198.0,1235.0,6900.0
2020-07-28,1200.0,1214.0,1199.0,1207.0,1042.43212890625,10900.0,1211.6,1225.56,1224.5466666666666,,40.11299435028248,1272.06,9.653333333333194,,0.033390410958904,1280.0,1199.0,1199.0,1180.0,20900.0
2020-07-29,1207.0,1207.0,1171.0,1197.0,1033.79541015625,5800.0,1211.1,1221.88,1226.7333333333331,,22.1476510067114,1270.2,10.0,,0.0248287671232876,1280.0,1214.0,1207.0,1200.0,10900.0
2020-07-30,1206.0,1206.0,1179.0,1191.0,1028.613525390625,18400.0,1210.85,1217.96,1228.84,,42.30769230769231,1268.42,10.573333333333268,,0.0196917808219179,1280.0,1207.0,1197.0,1207.0,5800.0
2020-07-31,1218.0,1218.0,1160.0,1196.0,1032.931884765625,22300.0,1210.85,1213.92,1231.013333333333,,44.44444444444444,1266.2,11.10666666666657,,-0.0188679245283018,1280.0,1206.0,1191.0,1206.0,18400.0
2020-08-01,1218.0,1218.0,1160.0,1196.0,1032.931884765625,22300.0,1210.85,1209.84,1233.3333333333333,,44.44444444444444,1264.12,11.439999999999827,,-0.0292207792207792,1280.0,1218.0,1196.0,1218.0,22300.0
2020-08-02,1218.0,1218.0,1160.0,1196.0,1032.931884765625,22300.0,1207.7,1208.32,1235.253333333333,,44.44444444444444,1262.04,10.706666666666706,,-0.0252648736756315,1280.0,1218.0,1196.0,1218.0,22300.0
2020-08-03,1207.0,1207.0,1164.0,1170.0,1010.4766845703124,7500.0,1204.1,1206.84,1237.0533333333333,,26.80412371134021,1259.44,10.319999999999936,,-0.0448979591836734,1280.0,1218.0,1196.0,1218.0,22300.0
2020-08-04,1189.0,1193.0,1172.0,1180.0,1019.1134033203124,6000.0,1199.1,1206.2,1239.1066666666666,,25.263157894736835,1257.76,10.266666666666652,,-0.0445344129554655,1227.0,1207.0,1170.0,1207.0,7500.0
2020-08-05,1166.0,1179.0,1156.0,1173.0,1013.0677490234376,12300.0,1197.6,1205.28,1241.6133333333332,,32.87671232876713,1254.52,10.599999999999907,,-0.0502024291497975,1227.0,1193.0,1180.0,1189.0,6000.0
2020-08-06,1159.0,1196.0,1159.0,1183.0,1021.7042236328124,13600.0,1196.5,1204.76,1244.253333333333,,40.963855421686745,1251.2,10.920000000000073,,-0.0421052631578947,1227.0,1179.0,1173.0,1166.0,12300.0
2020-08-07,1184.0,1184.0,1150.0,1172.0,1012.2039794921876,8500.0,1194.85,1201.28,1246.746666666667,,36.17021276595744,1248.4,11.49333333333334,,-0.087227414330218,1227.0,1196.0,1183.0,1159.0,13600.0
2020-08-08,1184.0,1184.0,1150.0,1172.0,1012.2039794921876,8500.0,1193.2,1198.48,1248.6133333333332,,36.17021276595744,1244.7,11.559999999999944,,-0.0914728682170542,1227.0,1184.0,1172.0,1184.0,8500.0
2020-08-09,1184.0,1184.0,1150.0,1172.0,1012.2039794921876,8500.0,1191.05,1194.16,1250.1466666666668,,36.17021276595744,1241.0,11.040000000000193,,-0.0843749999999999,1227.0,1184.0,1172.0,1184.0,8500.0
2020-08-10,1184.0,1184.0,1150.0,1172.0,1012.2039794921876,8500.0,1188.3,1192.92,1248.0533333333333,,35.483870967741936,1237.3,6.440000000000055,,-0.1032899770466717,1207.0,1184.0,1172.0,1184.0,8500.0
2020-08-11,1143.0,1160.0,1130.0,1152.0,994.9309692382812,22600.0,1186.0,1190.8,1246.9466666666667,,23.80952380952381,1233.58,2.693333333333385,,-0.1138461538461538,1207.0,1184.0,1172.0,1184.0,8500.0
2020-08-12,1152.0,1200.0,1150.0,1200.0,1036.386474609375,10900.0,1186.1,1190.6,1247.3733333333332,,51.04895104895105,1231.1,0.6266666666665515,,-0.0769230769230768,1207.0,1160.0,1152.0,1143.0,22600.0
2020-08-13,1200.0,1236.0,1190.0,1235.0,1066.6143798828125,18600.0,1187.95,1191.8,1248.2666666666669,,62.7906976744186,1229.86,-0.3466666666665787,,-0.05,1235.0,1200.0,1200.0,1152.0,10900.0
2020-08-14,1233.0,1273.0,1226.0,1273.0,1099.4334716796875,12900.0,1191.7,1194.12,1249.6666666666667,,68.78048780487805,1229.34,-0.4800000000000182,,0.0071202531645568,1273.0,1236.0,1235.0,1200.0,18600.0
2020-08-15,1233.0,1273.0,1226.0,1273.0,1099.4334716796875,12900.0,1195.45,1195.96,1250.3866666666668,,68.78048780487805,1228.06,2.333333333333485,,-0.046441947565543,1273.0,1273.0,1273.0,1233.0,12900.0
2020-08-16,1233.0,1273.0,1226.0,1273.0,1099.4334716796875,12900.0,1199.15,1198.96,1250.9333333333334,,68.78048780487805,1226.78,3.986666666666679,,-0.0563380281690141,1273.0,1273.0,1273.0,1233.0,12900.0
2020-08-17,1270.0,1270.0,1217.0,1219.0,1052.7958984375,7300.0,1199.75,1199.8,1250.8266666666666,,60.51502145922747,1224.42,3.453333333333376,,-0.0708841463414634,1273.0,1273.0,1273.0,1233.0,12900.0
2020-08-18,1228.0,1228.0,1181.0,1192.0,1029.477294921875,8900.0,1199.5,1199.56,1250.3866666666668,,52.4,1221.4,2.1200000000001182,,-0.1215917464996315,1273.0,1270.0,1219.0,1270.0,7300.0
2020-08-19,1186.0,1186.0,1164.0,1164.0,1005.294921875,6400.0,1198.15,1198.2,1249.44,,48.33948339483395,1217.72,-0.2266666666666879,,-0.1422254974207811,1273.0,1228.0,1192.0,1228.0,8900.0
2020-08-20,1156.0,1159.0,1124.0,1124.0,970.7485961914062,25100.0,1194.55,1195.24,1247.96,,40.19933554817276,1214.06,-2.4266666666667334,,-0.1717022844509949,1273.0,1186.0,1164.0,1186.0,6400.0
2020-08-21,1127.0,1137.0,1115.0,1130.0,975.9306030273438,6600.0,1191.25,1192.48,1246.56,,42.90540540540541,1210.66,-4.3733333333334485,,-0.1554559043348281,1273.0,1159.0,1124.0,1156.0,25100.0
2020-08-22,1127.0,1137.0,1115.0,1130.0,975.9306030273438,6600.0,1187.95,1189.4,1244.506666666667,,42.90540540540541,1207.48,-6.319999999999936,,-0.1465256797583081,1273.0,1137.0,1130.0,1127.0,6600.0
2020-08-23,1127.0,1137.0,1115.0,1130.0,975.9306030273438,6600.0,1185.95,1186.72,1242.3733333333332,,42.90540540540541,1204.3,-8.013333333333549,,-0.1287586738627602,1273.0,1137.0,1130.0,1127.0,6600.0
2020-08-24,1130.0,1130.0,1104.0,1112.0,960.3848266601562,17200.0,1182.55,1183.56,1240.1333333333334,,40.44585987261146,1200.76,-9.306666666666615,,-0.1439568899153195,1273.0,1137.0,1130.0,1127.0,6600.0
2020-08-25,1165.0,1165.0,1113.0,1118.0,965.5668334960938,12300.0,1179.8,1180.44,1237.6133333333332,,44.33333333333333,1197.18,-10.346666666666806,,-0.1637995512341061,1273.0,1130.0,1112.0,1130.0,17200.0
2020-08-26,1148.0,1148.0,1101.0,1103.0,952.6118774414062,19400.0,1175.8,1176.72,1234.986666666667,,31.835205992509373,1193.28,-11.573333333333268,,-0.1750186985789079,1273.0,1165.0,1118.0,1165.0,12300.0
2020-08-27,1106.0,1110.0,1076.0,1094.0,944.8390502929688,24100.0,1171.9,1172.64,1232.24,,20.746887966804977,1190.48,-12.266666666666652,,-0.181750186985789,1273.0,1148.0,1103.0,1148.0,19400.0
2020-08-28,1096.0,1115.0,1073.0,1079.0,931.8840942382812,17600.0,1167.25,1169.0,1229.2933333333333,,5.504587155963307,1187.92,-13.079999999999927,,-0.1965748324646314,1273.0,1110.0,1094.0,1106.0,24100.0
2020-08-29,1096.0,1115.0,1073.0,1079.0,931.8840942382812,17600.0,1162.6,1164.96,1226.8266666666666,,5.504587155963307,1185.58,-13.306666666666844,,-0.1995548961424332,1273.0,1115.0,1079.0,1096.0,17600.0
2020-08-30,1096.0,1115.0,1073.0,1079.0,931.8840942382812,17600.0,1157.95,1161.2,1223.4133333333334,,5.504587155963307,1183.24,-14.199999999999818,,-0.1744452945677123,1273.0,1115.0,1079.0,1096.0,17600.0
2020-08-31,1109.0,1133.0,1091.0,1110.0,958.657470703125,32600.0,1155.85,1158.28,1220.2266666666667,,22.05128205128205,1181.52,-14.759999999999993,,-0.1461538461538462,1273.0,1115.0,1079.0,1096.0,17600.0
2020-09-01,1110.0,1123.0,1110.0,1120.0,967.2940673828124,22200.0,1151.85,1156.2,1217.6666666666667,,29.775280898876403,1178.74,-14.573333333333268,,-0.1311093871217998,1273.0,1133.0,1110.0,1109.0,32600.0
2020-09-02,1149.0,1150.0,1111.0,1111.0,959.5210571289062,26300.0,1145.65,1153.76,1214.3866666666668,,33.33333333333333,1176.12,-14.906666666666524,,-0.1380915438324282,1273.0,1123.0,1120.0,1110.0,22200.0
2020-09-03,1123.0,1159.0,1120.0,1149.0,992.3402099609376,30800.0,1139.45,1152.84,1211.6133333333332,,57.961783439490446,1173.5,-15.213333333333368,,-0.108611326609775,1273.0,1150.0,1111.0,1149.0,26300.0
2020-09-04,1157.0,1160.0,1132.0,1135.0,980.2490234375,44900.0,1132.55,1151.36,1208.6533333333334,,51.51515151515152,1172.14,-14.759999999999993,,-0.1249036237471087,1273.0,1159.0,1149.0,1123.0,30800.0
2020-09-05,1157.0,1160.0,1132.0,1135.0,980.2490234375,44900.0,1125.65,1150.68,1205.9466666666667,,51.51515151515152,1170.74,-14.279999999999973,,-0.1255778120184899,1219.0,1160.0,1135.0,1157.0,44900.0
2020-09-06,1157.0,1160.0,1132.0,1135.0,980.2490234375,44900.0,1121.45,1148.08,1203.4266666666667,,51.51515151515152,1169.34,-14.240000000000007,,-0.0802269043760129,1192.0,1160.0,1135.0,1157.0,44900.0
2020-09-07,1130.0,1150.0,1125.0,1149.0,992.3402099609376,15900.0,1119.3,1144.64,1201.4533333333334,,61.49068322981366,1168.22,-12.933333333333394,,-0.048053024026512,1164.0,1160.0,1135.0,1157.0,44900.0
2020-09-08,1159.0,1164.0,1135.0,1159.0,1000.9766235351562,23900.0,1119.05,1140.08,1199.5866666666666,,62.42424242424242,1167.1,-12.026666666666642,,-0.0309364548494983,1159.0,1150.0,1149.0,1130.0,15900.0
2020-09-09,1143.0,1161.0,1143.0,1152.0,994.9309692382812,18900.0,1120.45,1135.24,1197.12,,65.60509554140128,1165.6,-11.53333333333353,,-0.0367892976588628,1159.0,1164.0,1159.0,1159.0,23900.0
2020-09-10,1165.0,1206.0,1155.0,1198.0,1034.6591796875,34600.0,1123.85,1132.24,1195.2666666666669,,76.8041237113402,1165.6,-10.680000000000064,,0.0016722408026756,1198.0,1161.0,1152.0,1143.0,18900.0
2020-09-11,1180.0,1231.0,1179.0,1227.0,1059.705078125,37800.0,1128.7,1132.56,1193.8,1138.415,85.57692307692308,1166.18,-9.62666666666678,,-0.0254169976171564,1227.0,1206.0,1198.0,1165.0,34600.0
2020-09-12,1180.0,1231.0,1179.0,1227.0,1059.705078125,37800.0,1133.55,1133.96,1192.253333333333,1137.45,85.57692307692308,1166.76,-9.200000000000044,,-0.0120772946859903,1227.0,1231.0,1227.0,1180.0,37800.0
2020-09-13,1180.0,1231.0,1179.0,1227.0,1059.705078125,37800.0,1139.3,1136.48,1190.64,1136.5,85.57692307692308,1167.34,-8.946666666666488,,-0.0414062499999999,1227.0,1231.0,1227.0,1180.0,37800.0
2020-09-14,1242.0,1242.0,1208.0,1218.0,1051.932373046875,15700.0,1144.3,1140.24,1189.4533333333334,1135.84,79.03225806451613,1167.74,-7.666666666666515,,0.0124688279301745,1227.0,1231.0,1227.0,1180.0,37800.0
2020-09-15,1238.0,1238.0,1194.0,1216.0,1050.204833984375,9400.0,1149.95,1143.68,1188.3333333333333,1135.6,76.96629213483146,1168.08,-6.933333333333394,,0.0091286307053941,1227.0,1242.0,1218.0,1242.0,15700.0
2020-09-16,1212.0,1237.0,1207.0,1233.0,1064.88720703125,15600.0,1156.9,1147.8,1187.5866666666666,1135.445,82.79569892473118,1168.6,-6.213333333333367,-2.970000000000028,0.0232365145228214,1233.0,1238.0,1216.0,1238.0,9400.0
2020-09-17,1233.0,1233.0,1201.0,1229.0,1061.432373046875,15700.0,1164.4,1151.76,1186.7866666666666,1135.27,76.31578947368422,1169.24,-5.466666666666697,-2.180000000000064,0.0199170124481327,1233.0,1237.0,1233.0,1212.0,15600.0
2020-09-18,1237.0,1239.0,1211.0,1235.0,1066.6143798828125,21500.0,1172.2,1156.68,1186.0666666666666,1134.755,84.72222222222223,1170.12,-4.573333333333494,-1.7449999999998909,0.0164609053497941,1235.0,1233.0,1229.0,1233.0,15700.0
2020-09-19,1237.0,1239.0,1211.0,1235.0,1066.6143798828125,21500.0,1180.0,1161.36,1185.24,1134.56,84.72222222222223,1170.9,-4.213333333333367,-1.2799999999999727,0.006519967400163,1235.0,1239.0,1235.0,1237.0,21500.0
2020-09-20,1237.0,1239.0,1211.0,1235.0,1066.6143798828125,21500.0,1186.25,1166.64,1184.4,1134.445,84.72222222222223,1171.68,-3.933333333333167,-1.1549999999999727,0.0308848080133556,1235.0,1239.0,1235.0,1237.0,21500.0
2020-09-21,1237.0,1239.0,1211.0,1235.0,1066.6143798828125,21500.0,1192.0,1172.28,1184.4133333333334,1134.525,83.07692307692308,1172.46,-3.173333333333176,-0.9199999999998454,0.0308848080133556,1235.0,1239.0,1235.0,1237.0,21500.0
2020-09-22,1237.0,1239.0,1211.0,1235.0,1066.6143798828125,21500.0,1198.2,1178.52,1184.7866666666666,1135.0,81.66666666666667,1173.76,-2.0,-0.2699999999999818,0.0308848080133556,1235.0,1239.0,1235.0,1237.0,21500.0
2020-09-23,1229.0,1229.0,1203.0,1211.0,1045.8868408203125,23800.0,1201.3,1183.8,1184.986666666667,1135.355,71.53284671532847,1174.38,-1.0799999999999272,0.599999999999909,0.0108514190317194,1235.0,1239.0,1235.0,1237.0,21500.0
2020-09-24,1218.0,1222.0,1201.0,1222.0,1055.38671875,20200.0,1205.65,1189.52,1185.3333333333333,1135.765,61.76470588235294,1175.36,0.0933333333332484,1.2050000000001546,0.0200333889816359,1235.0,1229.0,1211.0,1229.0,23800.0
2020-09-25,1226.0,1257.0,1216.0,1257.0,1085.6148681640625,35400.0,1211.75,1195.4,1186.1466666666668,1136.88,63.888888888888886,1176.84,1.7466666666666697,2.435000000000173,0.04837364470392,1257.0,1222.0,1222.0,1218.0,20200.0
2020-09-26,1226.0,1257.0,1216.0,1257.0,1085.6148681640625,35400.0,1217.85,1200.88,1186.12,1137.79,63.888888888888886,1178.54,1.7066666666664787,3.2649999999998727,0.0414250207125104,1257.0,1257.0,1257.0,1226.0,35400.0
2020-09-27,1226.0,1257.0,1216.0,1257.0,1085.6148681640625,35400.0,1223.25,1206.72,1186.32,1138.93,63.888888888888886,1180.24,1.533333333333303,3.930000000000064,0.050125313283208,1257.0,1257.0,1257.0,1226.0,35400.0
2020-09-28,1287.0,1290.0,1232.0,1283.0,1108.0697021484375,40500.0,1229.45,1212.08,1186.36,1140.585,76.0,1182.46,1.3733333333332212,5.230000000000018,0.0772460117548279,1283.0,1257.0,1257.0,1226.0,35400.0
2020-09-29,1267.0,1315.0,1263.0,1269.0,1109.81884765625,52900.0,1235.3,1217.44,1187.24,1142.43,69.34306569343066,1184.4,1.906666666666752,6.664999999999964,0.0610367892976588,1283.0,1290.0,1283.0,1287.0,40500.0
2020-09-30,1317.0,1319.0,1270.0,1279.0,1118.564697265625,26900.0,1239.35,1223.2,1188.2266666666667,1144.325,67.6923076923077,1186.94,2.0799999999999272,7.444999999999936,0.0693979933110366,1283.0,1315.0,1269.0,1267.0,52900.0
2020-10-01,1317.0,1319.0,1270.0,1279.0,1118.564697265625,26900.0,1241.95,1228.96,1189.2133333333334,1146.22,69.84126984126983,1188.52,3.093333333333476,8.430000000000064,0.0693979933110366,1283.0,1319.0,1279.0,1317.0,26900.0
2020-10-02,1315.0,1315.0,1198.0,1202.0,1051.2232666015625,25800.0,1240.7,1231.08,1189.1733333333334,1147.64,41.6243654822335,1187.86,2.8533333333334667,8.710000000000036,0.0273504273504272,1283.0,1319.0,1279.0,1317.0,26900.0
2020-10-03,1315.0,1315.0,1198.0,1202.0,1051.2232666015625,25800.0,1239.45,1232.8,1189.0,1148.74,41.6243654822335,1186.44,2.6400000000001,8.154999999999973,0.0186440677966102,1283.0,1315.0,1202.0,1315.0,25800.0
2020-10-04,1315.0,1315.0,1198.0,1202.0,1051.2232666015625,25800.0,1238.65,1234.8,1188.6666666666667,1150.145,41.6243654822335,1185.02,1.4266666666667334,7.714999999999918,0.0247229326513214,1283.0,1315.0,1202.0,1315.0,25800.0
2020-10-05,1219.0,1225.0,1199.0,1223.0,1069.5892333984375,16400.0,1239.0,1235.8,1189.0,1151.78,47.247706422018354,1184.02,0.7733333333333121,7.454999999999927,0.0338123415046491,1283.0,1315.0,1202.0,1315.0,25800.0
2020-10-06,1227.0,1253.0,1227.0,1241.0,1085.3311767578125,13500.0,1239.4,1236.36,1189.5733333333333,1153.505,51.27118644067797,1184.46,0.3599999999998999,7.285000000000082,0.0588737201365188,1283.0,1225.0,1223.0,1219.0,16400.0
2020-10-07,1241.0,1263.0,1232.0,1259.0,1101.073486328125,17700.0,1240.9,1237.64,1190.3866666666668,1155.32,60.43478260869565,1185.8,1.213333333333367,7.679999999999836,0.0742320819112627,1283.0,1253.0,1241.0,1227.0,13500.0
2020-10-08,1265.0,1307.0,1253.0,1299.0,1136.0560302734375,27900.0,1244.1,1240.52,1191.7333333333331,1157.335,64.86486486486487,1188.5,2.7333333333333485,8.595000000000027,0.1083617747440273,1299.0,1263.0,1259.0,1241.0,17700.0
2020-10-09,1297.0,1316.0,1281.0,1314.0,1149.17431640625,18500.0,1248.05,1244.36,1193.28,1159.215,61.92468619246862,1192.3,4.61333333333323,9.069999999999936,0.1211604095563139,1314.0,1307.0,1299.0,1265.0,27900.0
2020-10-10,1297.0,1316.0,1281.0,1314.0,1149.17431640625,18500.0,1252.0,1248.28,1194.8133333333333,1161.23,61.92468619246862,1195.98,5.813333333333276,9.450000000000044,0.140625,1314.0,1316.0,1314.0,1297.0,18500.0
2020-10-11,1297.0,1316.0,1281.0,1314.0,1149.17431640625,18500.0,1255.95,1251.52,1196.24,1162.76,61.92468619246862,1199.66,6.666666666666743,9.254999999999882,0.0949999999999999,1314.0,1316.0,1314.0,1297.0,18500.0
2020-10-12,1314.0,1326.0,1295.0,1300.0,1136.930419921875,13200.0,1259.2,1254.36,1197.6133333333332,1164.4,53.74449339207048,1203.06,7.2266666666664605,9.080000000000156,0.0526315789473683,1314.0,1316.0,1314.0,1297.0,18500.0
2020-10-13,1305.0,1305.0,1286.0,1293.0,1130.8082275390625,7800.0,1263.3,1256.68,1198.9733333333334,1165.635,55.45454545454545,1206.68,7.240000000000009,8.299999999999955,0.0157109190887667,1314.0,1326.0,1300.0,1314.0,13200.0
2020-10-14,1298.0,1298.0,1262.0,1262.0,1103.6971435546875,8000.0,1265.3,1257.76,1199.8533333333332,1166.715,46.47302904564316,1209.56,6.573333333333267,7.5,-0.0086410054988216,1314.0,1305.0,1293.0,1305.0,7800.0
2020-10-15,1260.0,1260.0,1234.0,1234.0,1079.209228515625,12100.0,1264.15,1257.72,1200.36,1167.655,41.63568773234201,1212.18,5.546666666666624,6.4249999999999545,-0.030636292223095,1314.0,1298.0,1262.0,1298.0,8000.0
2020-10-16,1231.0,1244.0,1231.0,1236.0,1080.95849609375,12400.0,1263.1,1257.76,1200.8933333333334,1168.865,58.76288659793814,1215.02,4.653333333333421,6.105000000000018,0.0139458572600492,1314.0,1260.0,1234.0,1260.0,12100.0
2020-10-17,1231.0,1244.0,1231.0,1236.0,1080.95849609375,12400.0,1262.05,1257.8,1201.7733333333333,1169.93,58.76288659793814,1218.16,4.160000000000082,5.529999999999973,0.0369127516778522,1314.0,1244.0,1236.0,1231.0,12400.0
2020-10-18,1231.0,1244.0,1231.0,1236.0,1080.95849609375,12400.0,1259.7,1258.8,1202.52,1171.34,58.76288659793814,1221.3,3.546666666666624,5.704999999999927,0.0618556701030927,1314.0,1244.0,1236.0,1231.0,12400.0
2020-10-19,1253.0,1297.0,1253.0,1297.0,1134.3067626953125,13600.0,1261.1,1261.8,1204.1733333333334,1173.255,65.81196581196582,1225.66,4.320000000000164,6.540000000000191,0.1539145907473309,1314.0,1244.0,1236.0,1231.0,12400.0
2020-10-20,1293.0,1311.0,1287.0,1299.0,1136.0560302734375,15200.0,1262.1,1263.48,1205.72,1175.265,63.30275229357798,1229.44,5.360000000000127,7.610000000000127,0.1495575221238938,1314.0,1297.0,1297.0,1253.0,13600.0
2020-10-21,1299.0,1336.0,1298.0,1326.0,1159.6690673828125,18000.0,1264.45,1266.24,1207.7733333333333,1177.41,64.75770925110132,1233.56,6.879999999999882,8.545000000000073,0.1734513274336282,1326.0,1311.0,1299.0,1293.0,15200.0
2020-10-22,1326.0,1345.0,1308.0,1345.0,1176.2857666015625,18000.0,1271.6,1269.76,1210.08,1179.65,61.16504854368932,1238.24,8.306666666666615,9.720000000000027,0.1902654867256636,1345.0,1336.0,1326.0,1299.0,18000.0
2020-10-23,1332.0,1335.0,1274.0,1292.0,1129.933837890625,22200.0,1276.1,1270.12,1211.68,1181.48,45.49180327868853,1241.1,9.160000000000082,10.1400000000001,0.1618705035971224,1345.0,1345.0,1345.0,1326.0,18000.0
2020-10-24,1332.0,1335.0,1274.0,1292.0,1129.933837890625,22200.0,1280.6,1271.04,1213.28,1183.16,45.49180327868853,1244.24,9.10666666666657,9.904999999999973,0.1556350626118068,1345.0,1335.0,1292.0,1332.0,22200.0
2020-10-25,1332.0,1335.0,1274.0,1292.0,1129.933837890625,22200.0,1284.05,1271.56,1215.1466666666668,1184.56,45.49180327868853,1247.38,9.426666666666732,9.294999999999844,0.1713508612873979,1345.0,1335.0,1292.0,1332.0,22200.0
2020-10-26,1279.0,1298.0,1263.0,1269.0,1109.81884765625,18100.0,1285.45,1271.16,1216.0666666666666,1185.695,43.87351778656127,1250.06,8.293333333333294,8.284999999999854,0.1599634369287019,1345.0,1335.0,1292.0,1332.0,22200.0
2020-10-27,1269.0,1310.0,1259.0,1305.0,1141.3031005859375,15200.0,1287.75,1275.28,1217.0,1187.06,52.12765957446809,1253.18,6.920000000000073,7.4099999999998545,0.2094531974050046,1345.0,1298.0,1269.0,1279.0,18100.0
2020-10-28,1298.0,1298.0,1277.0,1288.0,1126.435791015625,10100.0,1287.2,1278.72,1217.2,1188.34,54.85074626865672,1255.76,5.519999999999982,6.8599999999999,0.1936978683966634,1345.0,1310.0,1305.0,1269.0,15200.0
2020-10-29,1277.0,1306.0,1263.0,1300.0,1136.930419921875,16300.0,1286.5,1282.64,1217.56,1189.68,63.0952380952381,1258.72,4.279999999999973,6.519999999999982,0.2048192771084338,1345.0,1298.0,1288.0,1298.0,10100.0
2020-10-30,1320.0,1333.0,1260.0,1290.0,1128.1846923828125,61600.0,1285.3,1285.32,1217.7866666666666,1191.085,60.38461538461538,1260.56,2.6399999999998727,6.525000000000091,0.162162162162162,1345.0,1306.0,1300.0,1277.0,16300.0
2020-10-31,1320.0,1333.0,1260.0,1290.0,1128.1846923828125,61600.0,1284.1,1287.28,1218.7333333333331,1192.31,60.38461538461538,1261.82,2.6666666666667425,6.615000000000009,0.1517857142857142,1345.0,1333.0,1290.0,1320.0,61600.0
2020-11-01,1320.0,1333.0,1260.0,1290.0,1128.1846923828125,61600.0,1283.6,1288.52,1220.04,1193.67,60.38461538461538,1263.08,3.039999999999964,6.610000000000127,0.161116111611161,1345.0,1333.0,1290.0,1320.0,61600.0
2020-11-02,1314.0,1314.0,1268.0,1282.0,1121.1883544921875,16000.0,1283.05,1287.84,1221.6133333333332,1194.775,46.3768115942029,1264.18,4.413333333333185,6.435000000000173,0.1157528285465623,1345.0,1333.0,1290.0,1320.0,61600.0
2020-11-03,1314.0,1314.0,1268.0,1282.0,1121.1883544921875,16000.0,1284.05,1286.56,1223.72,1195.93,45.85365853658536,1265.46,6.160000000000082,6.25,0.1295154185022027,1345.0,1314.0,1282.0,1314.0,16000.0
2020-11-04,1312.0,1312.0,1277.0,1283.0,1122.062744140625,14900.0,1286.5,1285.32,1225.76,1197.09,37.98882681564245,1266.8,7.973333333333358,6.004999999999882,0.130396475770925,1345.0,1314.0,1282.0,1314.0,16000.0
2020-11-05,1303.0,1350.0,1303.0,1350.0,1180.6583251953125,43900.0,1292.2,1286.76,1228.6933333333334,1198.585,51.10132158590309,1269.14,9.960000000000036,6.275000000000091,0.1894273127753303,1350.0,1312.0,1283.0,1312.0,14900.0
2020-11-06,1350.0,1383.0,1345.0,1379.0,1206.0208740234375,27800.0,1299.35,1289.92,1232.013333333333,1200.195,71.42857142857143,1272.14,11.973333333333358,6.524999999999864,0.2001740644038294,1379.0,1350.0,1350.0,1303.0,43900.0
2020-11-07,1350.0,1383.0,1345.0,1379.0,1206.0208740234375,27800.0,1306.5,1293.36,1235.5733333333333,1201.96,71.42857142857143,1275.02,13.960000000000036,7.184999999999945,0.1898188093183779,1379.0,1383.0,1379.0,1350.0,27800.0
2020-11-08,1350.0,1383.0,1345.0,1379.0,1206.0208740234375,27800.0,1310.6,1298.04,1239.0533333333333,1203.87,71.42857142857143,1277.9,15.333333333333258,7.939999999999827,0.1970486111111111,1379.0,1383.0,1379.0,1350.0,27800.0
2020-11-09,1390.0,1432.0,1376.0,1407.0,1230.508544921875,39400.0,1316.0,1304.96,1243.1066666666666,1205.815,83.17307692307692,1281.34,17.34666666666658,8.725000000000136,0.174457429048414,1407.0,1383.0,1379.0,1350.0,27800.0
2020-11-10,1417.0,1421.0,1359.0,1383.0,1209.51904296875,47100.0,1318.85,1310.84,1246.96,1207.61,69.89795918367346,1284.3,18.26666666666665,9.024999999999864,0.1271393643031784,1407.0,1432.0,1407.0,1390.0,39400.0
2020-11-11,1358.0,1366.0,1286.0,1330.0,1163.1673583984375,58100.0,1318.1,1314.6,1250.3066666666666,1209.14,59.05172413793103,1286.2,18.29333333333329,8.945000000000164,0.0839445802770986,1407.0,1421.0,1383.0,1417.0,47100.0
2020-11-12,1333.0,1375.0,1329.0,1371.0,1199.0244140625,14400.0,1322.05,1320.0,1254.2,1210.875,63.60153256704981,1289.4,18.62666666666678,8.914999999999964,0.117359413202934,1407.0,1366.0,1330.0,1358.0,58100.0
2020-11-13,1374.0,1374.0,1336.0,1338.0,1170.163818359375,20100.0,1324.35,1321.64,1257.6533333333334,1212.345,58.45070422535211,1291.72,18.600000000000136,8.475000000000136,0.0985221674876848,1407.0,1375.0,1371.0,1333.0,14400.0
2020-11-14,1374.0,1374.0,1336.0,1338.0,1170.163818359375,20100.0,1326.65,1323.2,1260.6933333333334,1213.785,58.45070422535211,1293.34,17.586666666666815,7.970000000000027,0.100328947368421,1407.0,1374.0,1338.0,1374.0,20100.0
2020-11-15,1374.0,1374.0,1336.0,1338.0,1170.163818359375,20100.0,1330.1,1323.68,1263.6,1215.225,58.45070422535211,1294.96,16.639999999999873,7.615000000000009,0.0851581508515815,1407.0,1374.0,1338.0,1374.0,20100.0
2020-11-16,1278.0,1305.0,1244.0,1296.0,1133.431884765625,36500.0,1329.65,1321.72,1266.0666666666666,1216.36,52.20125786163522,1295.74,15.759999999999993,7.2199999999998,0.0545158665581773,1407.0,1374.0,1338.0,1374.0,20100.0
2020-11-17,1318.0,1322.0,1270.0,1296.0,1133.431884765625,30700.0,1330.05,1321.88,1268.0266666666666,1217.71,52.20125786163522,1296.0,13.826666666666595,6.835000000000036,0.0493927125506072,1407.0,1305.0,1296.0,1278.0,36500.0
2020-11-18,1284.0,1294.0,1267.0,1279.0,1118.564697265625,17600.0,1329.0,1321.36,1269.9466666666667,1218.975,49.40119760479042,1296.2,12.293333333333294,6.629999999999882,0.0356275303643724,1407.0,1322.0,1296.0,1318.0,30700.0
2020-11-19,1273.0,1276.0,1230.0,1230.0,1075.7110595703125,32000.0,1326.0,1318.88,1271.2133333333334,1219.995,31.012658227848107,1295.22,10.519999999999982,6.209999999999809,-0.0040485829959514,1407.0,1294.0,1279.0,1284.0,17600.0
2020-11-20,1217.0,1253.0,1217.0,1247.0,1090.5784912109375,10400.0,1323.85,1318.0,1272.7066666666667,1221.1,28.28947368421053,1294.58,9.106666666666795,5.875,0.0097165991902834,1407.0,1276.0,1230.0,1273.0,32000.0
2020-11-21,1217.0,1253.0,1217.0,1247.0,1090.5784912109375,10400.0,1321.7,1315.68,1274.013333333333,1222.205,28.28947368421053,1295.48,7.946666666666715,5.845000000000027,0.0097165991902834,1407.0,1253.0,1247.0,1217.0,10400.0
2020-11-22,1217.0,1253.0,1217.0,1247.0,1090.5784912109375,10400.0,1319.95,1314.04,1275.1866666666667,1223.31,28.28947368421053,1296.38,7.160000000000082,5.599999999999909,0.0297274979355903,1407.0,1253.0,1247.0,1217.0,10400.0
2020-11-23,1217.0,1253.0,1217.0,1247.0,1090.5784912109375,10400.0,1318.2,1311.92,1276.4533333333334,1224.275,21.014492753623188,1297.28,6.506666666666661,5.300000000000182,0.0204582651391163,1407.0,1253.0,1247.0,1217.0,10400.0
2020-11-24,1277.0,1330.0,1235.0,1278.0,1117.68994140625,66500.0,1317.95,1311.44,1277.52,1225.365,31.44876325088339,1298.38,6.306666666666615,5.370000000000118,0.0167064439140811,1407.0,1253.0,1247.0,1217.0,10400.0
2020-11-25,1308.0,1308.0,1270.0,1282.0,1121.1883544921875,49200.0,1314.55,1311.12,1278.253333333333,1226.475,39.74358974358975,1299.2,5.546666666666624,5.375,0.0198886237072395,1407.0,1330.0,1278.0,1277.0,66500.0
2020-11-26,1279.0,1351.0,1272.0,1346.0,1177.1602783203125,43400.0,1312.9,1313.36,1279.84,1227.905,45.13618677042802,1300.94,5.826666666666597,5.7000000000000455,0.0708035003977725,1407.0,1308.0,1282.0,1308.0,49200.0
2020-11-27,1371.0,1394.0,1358.0,1387.0,1213.0172119140625,32000.0,1313.3,1317.56,1281.9733333333334,1229.425,59.24528301886792,1302.7,6.786666666666633,6.115000000000009,0.0810600155884644,1407.0,1351.0,1346.0,1279.0,43400.0
2020-11-28,1371.0,1394.0,1358.0,1387.0,1213.0172119140625,32000.0,1313.7,1321.76,1284.2266666666667,1230.985,59.24528301886792,1304.16,7.773333333333312,6.709999999999809,0.0929866036249014,1407.0,1394.0,1387.0,1371.0,32000.0
2020-11-29,1371.0,1394.0,1358.0,1387.0,1213.0172119140625,32000.0,1312.7,1325.92,1286.506666666667,1232.67,59.24528301886792,1305.62,8.986666666666679,7.305000000000064,0.0844409695074277,1387.0,1394.0,1387.0,1371.0,32000.0
2020-11-30,1396.0,1396.0,1304.0,1305.0,1141.3031005859375,45700.0,1308.8,1324.12,1287.4666666666667,1234.155,51.475409836065566,1305.44,9.213333333333368,7.680000000000064,0.0203283815480843,1387.0,1394.0,1387.0,1371.0,32000.0
2020-12-01,1335.0,1347.0,1305.0,1335.0,1167.5399169921875,27500.0,1309.05,1322.36,1288.88,1235.665,55.820895522388064,1306.14,9.040000000000193,7.759999999999991,0.1106489184692178,1387.0,1396.0,1305.0,1396.0,45700.0
2020-12-02,1343.0,1348.0,1301.0,1323.0,1157.044921875,49600.0,1306.65,1320.12,1290.0533333333333,1237.115,56.66666666666667,1306.74,8.079999999999927,7.690000000000055,0.100665557404326,1387.0,1347.0,1335.0,1335.0,27500.0
2020-12-03,1323.0,1416.0,1315.0,1360.0,1189.404052734375,52900.0,1307.75,1319.36,1291.72,1238.75,70.44025157232704,1308.7,7.493333333333339,7.7650000000001,0.1314475873544094,1387.0,1348.0,1323.0,1343.0,49600.0
2020-12-04,1374.0,1374.0,1316.0,1328.0,1161.4180908203125,23000.0,1307.25,1316.2,1292.96,1240.28,62.16216216216217,1310.58,6.453333333333376,7.6099999999999,0.0858544562551104,1387.0,1416.0,1360.0,1323.0,52900.0
2020-12-05,1374.0,1374.0,1316.0,1328.0,1161.4180908203125,23000.0,1306.75,1314.0,1294.2,1241.66,62.16216216216217,1312.42,6.7333333333333485,7.505000000000109,0.0701047542304593,1387.0,1374.0,1328.0,1374.0,23000.0
2020-12-06,1374.0,1374.0,1316.0,1328.0,1161.4180908203125,23000.0,1308.35,1313.92,1295.44,1243.125,62.16216216216217,1314.26,6.559999999999945,7.460000000000036,0.0548054011119936,1387.0,1374.0,1328.0,1374.0,23000.0
2020-12-07,1350.0,1350.0,1271.0,1280.0,1119.4390869140625,43100.0,1307.55,1310.28,1296.36,1244.395,54.330708661417326,1315.14,6.306666666666615,7.279999999999973,-0.014626635873749,1387.0,1374.0,1328.0,1374.0,23000.0
2020-12-08,1288.0,1335.0,1280.0,1325.0,1158.7945556640625,31300.0,1309.85,1309.76,1297.7333333333331,1246.095,55.9493670886076,1315.7,6.013333333333321,7.345000000000027,0.0083713850837139,1387.0,1350.0,1280.0,1350.0,43100.0
2020-12-09,1323.0,1405.0,1323.0,1396.0,1220.8883056640625,30300.0,1318.15,1312.08,1299.5866666666666,1248.15,62.33766233766234,1317.64,6.626666666666552,7.870000000000118,0.0624048706240487,1396.0,1335.0,1325.0,1288.0,31300.0
2020-12-10,1392.0,1395.0,1356.0,1371.0,1199.0244140625,32500.0,1324.35,1313.4,1301.1066666666666,1250.08,52.95508274231678,1318.54,6.906666666666524,8.419999999999845,0.0433789954337899,1396.0,1405.0,1396.0,1323.0,30300.0
2020-12-11,1370.0,1372.0,1317.0,1330.0,1163.1673583984375,36300.0,1328.5,1314.76,1302.08,1251.57,43.26241134751773,1318.24,6.639999999999873,8.444999999999936,0.0230769230769229,1396.0,1395.0,1371.0,1392.0,32500.0
2020-12-12,1370.0,1372.0,1317.0,1330.0,1163.1673583984375,36300.0,1332.65,1316.12,1302.7066666666667,1252.935,43.26241134751773,1319.0,6.346666666666806,8.539999999999964,0.0286156225831399,1396.0,1372.0,1330.0,1370.0,36300.0
2020-12-13,1370.0,1372.0,1317.0,1330.0,1163.1673583984375,36300.0,1336.8,1318.16,1303.52,1252.94,43.26241134751773,1319.76,5.786666666666633,6.845000000000027,0.0538827258320127,1396.0,1372.0,1330.0,1370.0,36300.0
2020-12-14,1360.0,1404.0,1336.0,1381.0,1207.77001953125,29900.0,1341.95,1324.2,1304.88,1253.67,59.69387755102041,1321.54,5.293333333333521,5.519999999999982,0.119124797406807,1396.0,1372.0,1330.0,1370.0,36300.0
2020-12-15,1396.0,1409.0,1372.0,1382.0,1208.6444091796875,35500.0,1346.95,1329.6,1306.253333333333,1254.74,56.47382920110193,1323.8,5.146666666666761,4.660000000000082,0.1181229773462784,1396.0,1404.0,1381.0,1360.0,29900.0
2020-12-16,1388.0,1395.0,1336.0,1348.0,1178.909423828125,39800.0,1347.05,1333.64,1308.2,1255.64,53.24675324675325,1324.66,6.120000000000118,4.070000000000164,0.0906148867313916,1396.0,1409.0,1382.0,1396.0,35500.0
2020-12-17,1378.0,1378.0,1332.0,1340.0,1171.912841796875,31100.0,1344.7,1337.36,1310.04,1256.5,47.19101123595505,1325.7,7.3333333333332575,3.5650000000000546,0.0841423948220065,1396.0,1395.0,1348.0,1388.0,39800.0
2020-12-18,1345.0,1349.0,1315.0,1336.0,1168.41455078125,43800.0,1342.15,1340.92,1311.8266666666666,1257.085,51.21951219512195,1326.42,8.306666666666615,4.144999999999982,0.0300693909020817,1396.0,1378.0,1340.0,1378.0,31100.0
2020-12-19,1345.0,1349.0,1315.0,1336.0,1168.41455078125,43800.0,1339.6,1343.24,1313.3333333333333,1257.605,51.21951219512195,1327.34,8.453333333333148,3.9349999999999454,0.0284834488067744,1396.0,1349.0,1336.0,1345.0,43800.0
2020-12-20,1345.0,1349.0,1315.0,1336.0,1168.41455078125,43800.0,1341.15,1345.4,1314.6,1258.15,51.21951219512195,1328.26,8.346666666666579,3.410000000000082,0.0075414781297133,1396.0,1349.0,1336.0,1345.0,43800.0
2020-12-21,1351.0,1405.0,1340.0,1393.0,1218.2647705078125,52100.0,1344.05,1347.28,1316.3866666666668,1258.99,66.76557863501483,1330.32,8.186666666666724,3.349999999999909,0.0356877323420075,1396.0,1349.0,1336.0,1345.0,43800.0
2020-12-22,1390.0,1492.0,1361.0,1491.0,1303.9718017578125,121300.0,1352.45,1351.44,1318.9466666666667,1260.27,71.28205128205128,1334.5,8.906666666666752,3.769999999999982,0.1540247678018576,1491.0,1405.0,1393.0,1351.0,52100.0
2020-12-23,1491.0,1494.0,1367.0,1374.0,1201.64794921875,98500.0,1353.15,1350.92,1319.746666666667,1260.965,47.477064220183486,1336.34,7.920000000000073,3.8799999999998818,0.0634674922600619,1491.0,1492.0,1491.0,1390.0,121300.0
2020-12-24,1381.0,1390.0,1331.0,1354.0,1184.15673828125,100300.0,1354.45,1349.6,1320.28,1261.56,48.02784222737819,1337.76,6.946666666666715,3.9549999999999272,0.0479876160990713,1491.0,1494.0,1374.0,1491.0,98500.0
2020-12-25,1370.0,1378.0,1327.0,1345.0,1176.2857666015625,57500.0,1355.3,1351.2,1320.6933333333334,1261.865,51.8796992481203,1337.66,6.093333333333476,3.714999999999918,0.0598896769109535,1491.0,1390.0,1354.0,1381.0,100300.0
2020-12-26,1370.0,1378.0,1327.0,1345.0,1176.2857666015625,57500.0,1356.15,1351.6,1321.2933333333333,1262.14,51.8796992481203,1336.98,4.906666666666524,3.150000000000091,0.0306513409961686,1491.0,1378.0,1345.0,1370.0,57500.0
2020-12-27,1370.0,1378.0,1327.0,1345.0,1176.2857666015625,57500.0,1359.4,1352.48,1321.986666666667,1262.465,51.8796992481203,1336.3,3.039999999999964,2.1949999999999363,0.0442546583850931,1491.0,1378.0,1345.0,1370.0,57500.0
2020-12-28,1345.0,1360.0,1306.0,1326.0,1159.6690673828125,58000.0,1359.45,1351.12,1322.84,1262.56,42.50681198910082,1335.24,3.0933333333332484,1.5950000000000273,0.02,1491.0,1378.0,1345.0,1370.0,57500.0
2020-12-29,1328.0,1365.0,1321.0,1356.0,1185.9058837890625,31200.0,1357.45,1352.24,1324.4666666666667,1262.84,46.71717171717171,1334.22,4.186666666666724,1.2799999999999727,0.0511627906976743,1491.0,1360.0,1326.0,1345.0,58000.0
2020-12-30,1350.0,1353.0,1322.0,1329.0,1162.2926025390625,37500.0,1355.35,1352.28,1325.7066666666667,1262.985,47.55784061696658,1333.14,5.013333333333321,1.1199999999998909,0.0302325581395348,1491.0,1365.0,1356.0,1328.0,31200.0
2020-12-31,1350.0,1353.0,1322.0,1329.0,1162.2926025390625,37500.0,1355.3,1352.32,1326.9466666666667,1263.13,48.55643044619422,1333.12,5.653333333333421,0.9900000000000092,0.0302325581395348,1491.0,1353.0,1329.0,1350.0,37500.0
2021-01-01,1350.0,1353.0,1322.0,1329.0,1162.2926025390625,37500.0,1355.25,1354.28,1328.1866666666667,1263.455,49.07161803713527,1332.28,6.2000000000000455,0.9900000000000092,0.0366614664586584,1491.0,1353.0,1329.0,1350.0,37500.0
2021-01-02,1350.0,1353.0,1322.0,1329.0,1162.2926025390625,37500.0,1355.2,1354.44,1328.6133333333332,1263.425,49.07161803713527,1332.1,5.773333333333312,0.8650000000000091,0.0366614664586584,1491.0,1353.0,1329.0,1350.0,37500.0
2021-01-03,1350.0,1353.0,1322.0,1329.0,1162.2926025390625,37500.0,1352.6,1351.76,1329.013333333333,1263.325,49.07161803713527,1331.92,4.546666666666624,0.4850000000001273,0.0358534684333593,1491.0,1353.0,1329.0,1350.0,37500.0
2021-01-04,1335.0,1335.0,1285.0,1321.0,1155.29638671875,48100.0,1349.55,1349.76,1328.9466666666667,1263.37,39.02439024390244,1331.58,3.240000000000009,0.3849999999999909,-0.0214814814814814,1491.0,1353.0,1329.0,1350.0,37500.0
2021-01-05,1310.0,1340.0,1294.0,1322.0,1156.1708984375,29700.0,1348.25,1349.44,1328.64,1263.195,13.419913419913428,1332.1,1.6933333333333849,0.0649999999998272,-0.0413343002175489,1491.0,1335.0,1321.0,1335.0,48100.0
2021-01-06,1322.0,1356.0,1322.0,1345.0,1176.2857666015625,30900.0,1348.5,1350.04,1329.3466666666666,1263.135,39.416058394160586,1333.08,1.1599999999998545,-0.3199999999999363,-0.0246555474981871,1491.0,1340.0,1322.0,1310.0,29700.0
2021-01-07,1363.0,1389.0,1349.0,1376.0,1203.397216796875,40900.0,1350.5,1351.88,1330.4666666666667,1263.23,57.43243243243243,1335.02,1.8533333333334667,-0.1949999999999363,-0.0021754894851341,1491.0,1356.0,1345.0,1322.0,30900.0
2021-01-08,1382.0,1420.0,1380.0,1416.0,1238.37939453125,66700.0,1354.5,1353.28,1332.12,1263.62,69.83240223463687,1338.74,3.1066666666665697,0.2949999999998454,0.0063965884861407,1491.0,1389.0,1376.0,1363.0,40900.0
2021-01-09,1382.0,1420.0,1380.0,1416.0,1238.37939453125,66700.0,1358.5,1354.64,1334.08,1264.08,69.83240223463687,1342.12,5.133333333333212,0.7100000000000364,0.0238611713665943,1491.0,1420.0,1416.0,1382.0,66700.0
2021-01-10,1382.0,1420.0,1380.0,1416.0,1238.37939453125,66700.0,1359.65,1357.36,1335.56,1264.675,69.83240223463687,1345.5,6.919999999999845,1.4800000000000182,0.0646616541353384,1491.0,1420.0,1416.0,1382.0,66700.0
2021-01-11,1382.0,1420.0,1380.0,1416.0,1238.37939453125,66700.0,1355.9,1360.4,1337.2666666666669,1265.26,78.125,1348.88,7.920000000000073,2.125,0.0328227571115973,1416.0,1420.0,1416.0,1382.0,66700.0
2021-01-12,1448.0,1486.0,1435.0,1479.0,1293.47705078125,86400.0,1361.15,1366.12,1339.6533333333334,1265.97,81.86528497409327,1353.52,9.186666666666724,2.740000000000009,0.1053811659192824,1479.0,1420.0,1416.0,1382.0,66700.0
2021-01-13,1490.0,1515.0,1466.0,1490.0,1303.0972900390625,79400.0,1367.95,1372.28,1342.32,1266.735,95.48022598870055,1357.76,10.200000000000044,3.115000000000009,0.1136023916292974,1490.0,1486.0,1479.0,1448.0,86400.0
2021-01-14,1496.0,1500.0,1420.0,1439.0,1258.49462890625,119000.0,1372.65,1376.4,1344.3066666666666,1267.245,74.12280701754386,1360.9,10.226666666666688,3.164999999999964,0.0754857997010463,1490.0,1515.0,1490.0,1490.0,79400.0
2021-01-15,1440.0,1440.0,1365.0,1377.0,1204.271484375,110200.0,1374.25,1375.76,1345.4666666666667,1267.415,58.27586206896552,1361.52,9.906666666666752,2.740000000000009,0.0625,1490.0,1500.0,1439.0,1496.0,119000.0
2021-01-16,1440.0,1440.0,1365.0,1377.0,1204.271484375,110200.0,1375.85,1371.2,1346.7333333333331,1267.56,58.27586206896552,1361.32,9.466666666666695,2.2999999999999545,0.0625,1490.0,1440.0,1377.0,1440.0,110200.0
2021-01-17,1440.0,1440.0,1365.0,1377.0,1204.271484375,110200.0,1378.4,1371.32,1348.0,1267.91,58.27586206896552,1361.12,8.346666666666579,1.9400000000000543,0.0766223612197027,1490.0,1440.0,1377.0,1440.0,110200.0
2021-01-18,1371.0,1371.0,1327.0,1360.0,1189.404052734375,66600.0,1378.6,1371.56,1349.0266666666666,1268.21,56.52173913043478,1360.58,6.706666666666706,1.4750000000001364,0.1056910569105691,1490.0,1440.0,1377.0,1440.0,110200.0
2021-01-19,1390.0,1435.0,1381.0,1415.0,1237.5048828125,104800.0,1382.9,1374.36,1349.8933333333334,1268.84,63.17280453257791,1362.78,5.586666666666815,1.5950000000000273,0.1347233360064155,1490.0,1371.0,1360.0,1371.0,66600.0
2021-01-20,1415.0,1447.0,1394.0,1402.0,1226.1357421875,83400.0,1386.55,1376.64,1350.2,1269.405,58.30903790087464,1364.12,4.7333333333333485,1.990000000000009,0.1242983159582999,1490.0,1435.0,1415.0,1390.0,104800.0
2021-01-21,1414.0,1446.0,1400.0,1413.0,1235.7559814453125,40700.0,1390.75,1379.36,1350.6533333333334,1270.025,55.727554179566575,1365.92,3.9200000000000728,2.465000000000145,0.1331194867682437,1490.0,1447.0,1402.0,1415.0,83400.0
2021-01-22,1407.0,1436.0,1402.0,1418.0,1240.1287841796875,36400.0,1395.2,1383.04,1351.1733333333334,1270.63,50.34722222222223,1367.08,3.173333333333403,2.720000000000028,0.1371291098636728,1490.0,1446.0,1413.0,1414.0,40700.0
2021-01-23,1407.0,1436.0,1402.0,1418.0,1240.1287841796875,36400.0,1399.65,1385.52,1351.32,1271.23,50.34722222222223,1368.88,2.293333333333294,3.019999999999982,0.109546165884194,1490.0,1436.0,1418.0,1407.0,36400.0
2021-01-24,1407.0,1436.0,1402.0,1418.0,1240.1287841796875,36400.0,1404.5,1389.08,1351.7866666666666,1272.15,50.34722222222223,1370.68,1.893333333333203,3.310000000000173,0.1060842433697348,1490.0,1436.0,1418.0,1407.0,36400.0
2021-01-25,1511.0,1586.0,1504.0,1581.0,1382.682373046875,262500.0,1417.45,1399.16,1355.1333333333334,1274.02,68.29268292682927,1375.74,4.933333333333394,4.615000000000009,0.174591381872214,1581.0,1436.0,1418.0,1407.0,36400.0
2021-01-26,1562.0,1564.0,1513.0,1521.0,1330.20849609375,83100.0,1426.25,1406.84,1357.1333333333334,1275.645,54.6875,1380.56,6.480000000000018,5.619999999999891,0.0966113914924298,1581.0,1586.0,1581.0,1511.0,262500.0
2021-01-27,1512.0,1514.0,1470.0,1491.0,1303.9718017578125,75700.0,1432.0,1413.32,1359.1733333333334,1277.12,50.10706638115632,1383.88,8.0,6.489999999999782,0.0749819754866618,1581.0,1564.0,1521.0,1562.0,83100.0
2021-01-28,1468.0,1504.0,1452.0,1477.0,1291.7276611328125,90700.0,1435.05,1419.24,1361.0266666666666,1278.525,54.4186046511628,1385.5,9.706666666666706,7.295000000000073,0.0648882480173036,1581.0,1514.0,1491.0,1512.0,75700.0
2021-01-29,1493.0,1499.0,1407.0,1418.0,1240.1287841796875,100300.0,1435.15,1423.12,1362.0933333333332,1279.32,54.80093676814988,1386.44,10.306666666666615,7.169999999999845,0.0865900383141762,1581.0,1504.0,1477.0,1468.0,90700.0
2021-01-30,1493.0,1499.0,1407.0,1418.0,1240.1287841796875,100300.0,1435.25,1426.96,1363.72,1280.2,54.80093676814988,1388.2,8.586666666666588,6.180000000000064,0.0621722846441947,1581.0,1499.0,1418.0,1493.0,100300.0
2021-01-31,1493.0,1499.0,1407.0,1418.0,1240.1287841796875,100300.0,1435.35,1429.88,1365.3466666666666,1280.89,54.80093676814988,1389.96,8.21333333333314,5.245000000000118,0.0718065003779289,1581.0,1499.0,1418.0,1493.0,100300.0
2021-02-01,1415.0,1480.0,1408.0,1455.0,1272.487548828125,41500.0,1434.15,1433.04,1367.6933333333334,1282.15,60.62639821029083,1392.46,8.519999999999982,5.0300000000002,0.0698529411764705,1581.0,1499.0,1418.0,1493.0,100300.0
2021-02-02,1463.0,1480.0,1444.0,1479.0,1293.47705078125,34200.0,1433.6,1435.56,1371.013333333333,1283.52,57.692307692307686,1394.42,9.98666666666668,4.994999999999891,0.1137048192771084,1581.0,1480.0,1455.0,1415.0,41500.0
2021-02-03,1488.0,1508.0,1461.0,1500.0,1311.8427734375,41600.0,1436.65,1438.92,1374.3866666666668,1284.995,61.5566037735849,1396.78,12.29333333333352,5.6749999999999545,0.1295180722891566,1581.0,1480.0,1479.0,1463.0,34200.0
2021-02-04,1496.0,1499.0,1453.0,1469.0,1284.7313232421875,36400.0,1441.25,1441.04,1377.3466666666666,1286.315,56.306306306306304,1399.2,13.626666666666551,6.115000000000009,0.1061746987951808,1581.0,1508.0,1500.0,1488.0,41600.0
2021-02-05,1475.0,1482.0,1448.0,1464.0,1280.358642578125,42800.0,1445.6,1442.96,1380.24,1287.56,55.18018018018019,1401.68,14.89333333333343,6.669999999999845,0.14375,1581.0,1499.0,1469.0,1496.0,36400.0
2021-02-06,1475.0,1482.0,1448.0,1464.0,1280.358642578125,42800.0,1449.95,1442.36,1383.1333333333334,1288.745,55.18018018018019,1404.24,15.440000000000056,6.5949999999998,0.1049056603773586,1581.0,1482.0,1464.0,1475.0,42800.0
2021-02-07,1475.0,1482.0,1448.0,1464.0,1280.358642578125,42800.0,1455.15,1441.32,1385.6133333333332,1290.075,55.18018018018019,1406.8,14.599999999999907,6.555000000000064,0.0487106017191976,1581.0,1482.0,1464.0,1475.0,42800.0
2021-02-08,1468.0,1484.0,1424.0,1469.0,1284.7313232421875,59300.0,1457.85,1442.52,1388.1066666666666,1291.43,30.419580419580413,1409.46,13.7199999999998,6.435000000000173,0.0714806710430342,1581.0,1482.0,1464.0,1475.0,42800.0
2021-02-09,1469.0,1489.0,1456.0,1484.0,1297.849609375,38900.0,1461.95,1446.8,1389.9466666666667,1292.86,42.32365145228216,1411.28,12.600000000000136,6.544999999999845,0.1157894736842104,1581.0,1484.0,1469.0,1468.0,59300.0
2021-02-10,1490.0,1505.0,1460.0,1467.0,1282.9822998046875,40300.0,1464.65,1450.4,1391.013333333333,1294.205,44.73684210526316,1410.8,10.773333333333312,6.644999999999982,0.1030075187969925,1581.0,1489.0,1484.0,1469.0,38900.0
2021-02-11,1490.0,1505.0,1460.0,1467.0,1282.9822998046875,40300.0,1467.1,1454.0,1392.08,1295.55,47.66355140186916,1412.66,8.946666666666488,6.805000000000064,0.1030075187969925,1581.0,1505.0,1467.0,1490.0,40300.0
2021-02-12,1484.0,1529.0,1482.0,1509.0,1319.7138671875,71100.0,1471.65,1459.96,1393.7066666666667,1297.1,73.09644670050761,1415.76,8.093333333333476,7.024999999999864,0.0926864590876177,1581.0,1505.0,1467.0,1490.0,40300.0
2021-02-13,1484.0,1529.0,1482.0,1509.0,1319.7138671875,71100.0,1476.2,1463.72,1396.4266666666667,1298.61,73.09644670050761,1419.04,8.320000000000164,7.179999999999836,0.0918958031837915,1581.0,1529.0,1509.0,1484.0,71100.0
2021-02-14,1484.0,1529.0,1482.0,1509.0,1319.7138671875,71100.0,1472.6,1468.0,1398.746666666667,1300.17,73.09644670050761,1422.32,8.799999999999955,7.310000000000173,0.1194362017804153,1521.0,1529.0,1509.0,1484.0,71100.0
2021-02-15,1548.0,1554.0,1493.0,1553.0,1358.1944580078125,67700.0,1474.2,1473.6,1401.8133333333333,1301.98,74.01960784313727,1426.48,10.799999999999956,7.775000000000091,0.1589552238805969,1553.0,1529.0,1509.0,1484.0,71100.0
2021-02-16,1579.0,1634.0,1540.0,1553.0,1358.1944580078125,133600.0,1477.3,1479.0,1404.3866666666668,1303.765,70.55555555555556,1431.02,12.306666666666844,8.215000000000146,0.1624251497005988,1553.0,1554.0,1553.0,1548.0,67700.0
2021-02-17,1548.0,1588.0,1540.0,1566.0,1369.563720703125,41200.0,1481.75,1484.92,1407.56,1305.615,69.18604651162791,1435.22,13.85333333333324,8.5150000000001,0.1721556886227544,1566.0,1634.0,1553.0,1579.0,133600.0
2021-02-18,1580.0,1580.0,1497.0,1503.0,1314.4666748046875,44000.0,1486.0,1488.32,1409.8933333333334,1307.15,58.33333333333334,1438.7,13.466666666666695,8.540000000000191,0.125,1566.0,1588.0,1566.0,1548.0,41200.0
2021-02-19,1500.0,1558.0,1498.0,1549.0,1354.6961669921875,56600.0,1492.55,1487.04,1412.84,1309.045,67.34693877551021,1443.1,14.093333333333248,8.875,0.1119885139985643,1566.0,1580.0,1503.0,1580.0,44000.0
2021-02-20,1500.0,1558.0,1498.0,1549.0,1354.6961669921875,56600.0,1499.1,1488.16,1416.4266666666667,1310.89,67.34693877551021,1447.5,14.613333333333458,8.910000000000082,0.0389000670690811,1566.0,1558.0,1549.0,1500.0,56600.0
2021-02-21,1500.0,1558.0,1498.0,1549.0,1354.6961669921875,56600.0,1503.8,1490.48,1419.4133333333334,1312.77,67.34693877551021,1451.9,15.026666666666642,9.004999999999882,0.1273653566229986,1566.0,1558.0,1549.0,1500.0,56600.0
2021-02-22,1570.0,1618.0,1570.0,1609.0,1407.170166015625,82400.0,1510.3,1495.76,1422.253333333333,1314.9,73.33333333333333,1457.5,14.693333333333385,9.285000000000082,0.1883308714918758,1609.0,1558.0,1549.0,1500.0,56600.0
2021-02-23,1570.0,1618.0,1570.0,1609.0,1407.170166015625,82400.0,1515.75,1503.4,1425.4266666666667,1317.085,71.9298245614035,1463.26,15.533333333333305,9.934999999999944,0.1962825278810409,1609.0,1618.0,1609.0,1570.0,82400.0
2021-02-24,1619.0,1655.0,1563.0,1569.0,1372.187744140625,108200.0,1520.75,1509.44,1428.6133333333332,1319.07,66.55844155844156,1468.2,15.773333333333312,10.024999999999864,0.166542750929368,1609.0,1618.0,1609.0,1570.0,82400.0
2021-02-25,1603.0,1642.0,1578.0,1630.0,1425.5357666015625,69500.0,1529.05,1517.92,1432.6133333333332,1321.36,72.08672086720867,1473.9,16.186666666666497,10.4699999999998,0.211895910780669,1630.0,1655.0,1569.0,1619.0,108200.0
2021-02-26,1586.0,1627.0,1575.0,1595.0,1394.9261474609375,66100.0,1535.6,1523.52,1436.1466666666668,1323.475,61.87845303867403,1478.28,16.73333333333335,10.704999999999927,0.202865761689291,1630.0,1642.0,1630.0,1603.0,69500.0
2021-02-27,1586.0,1627.0,1575.0,1595.0,1394.9261474609375,66100.0,1542.15,1528.16,1439.0,1325.69,61.87845303867403,1481.86,16.74666666666667,10.789999999999964,0.1762536873156341,1630.0,1627.0,1595.0,1586.0,66100.0
2021-02-28,1586.0,1627.0,1575.0,1595.0,1394.9261474609375,66100.0,1548.45,1531.96,1441.84,1327.665,61.87845303867403,1485.44,16.413333333333185,10.579999999999927,0.2001504890895409,1630.0,1627.0,1595.0,1586.0,66100.0
2021-03-01,1622.0,1640.0,1587.0,1622.0,1418.5391845703125,40500.0,1555.35,1538.08,1445.493333333333,1329.6,60.0,1489.56,16.88000000000011,10.529999999999973,0.2204665161775771,1630.0,1627.0,1595.0,1586.0,66100.0
2021-03-02,1647.0,1655.0,1603.0,1620.0,1416.7901611328125,51000.0,1563.0,1544.32,1449.2266666666667,1331.335,59.654178674351584,1493.64,16.613333333333458,9.975000000000136,0.2189616252821671,1630.0,1640.0,1622.0,1622.0,40500.0
2021-03-03,1608.0,1634.0,1587.0,1623.0,1419.413818359375,44800.0,1570.8,1550.68,1453.0533333333333,1333.085,58.45697329376854,1496.52,16.906666666666524,9.610000000000127,0.2212189616252822,1630.0,1655.0,1620.0,1647.0,51000.0
2021-03-04,1604.0,1609.0,1548.0,1572.0,1374.811279296875,46600.0,1573.95,1555.0,1456.2,1334.58,60.61538461538461,1498.16,17.200000000000045,8.889999999999873,0.182844243792325,1630.0,1634.0,1623.0,1608.0,44800.0
2021-03-05,1542.0,1556.0,1495.0,1552.0,1357.320068359375,58900.0,1576.1,1558.32,1459.08,1336.245,50.50167224080268,1500.42,17.24000000000001,8.579999999999927,0.1748675246025737,1630.0,1609.0,1572.0,1604.0,46600.0
2021-03-06,1542.0,1556.0,1495.0,1552.0,1357.320068359375,58900.0,1578.25,1561.04,1461.2,1338.045,50.50167224080268,1503.92,15.706666666666706,8.445000000000164,0.1739788199697427,1630.0,1556.0,1552.0,1542.0,58900.0
2021-03-07,1542.0,1556.0,1495.0,1552.0,1357.320068359375,58900.0,1578.2,1564.44,1462.013333333333,1339.985,50.50167224080268,1507.42,12.786666666666632,8.649999999999864,0.153903345724907,1630.0,1556.0,1552.0,1542.0,58900.0
2021-03-08,1574.0,1602.0,1537.0,1570.0,1373.0621337890625,74200.0,1579.05,1568.56,1464.6266666666668,1342.215,42.4124513618677,1511.28,11.573333333333494,9.129999999999882,0.1409883720930231,1630.0,1556.0,1552.0,1542.0,58900.0
2021-03-09,1580.0,1580.0,1530.0,1573.0,1375.6856689453125,53500.0,1579.4,1571.12,1467.5466666666666,1344.43,43.07692307692308,1515.54,11.34666666666658,9.850000000000136,0.1108757062146892,1630.0,1602.0,1570.0,1574.0,74200.0
2021-03-10,1588.0,1608.0,1566.0,1589.0,1389.6788330078125,48700.0,1583.7,1574.32,1470.8,1346.725,54.23728813559322,1519.02,11.720000000000027,10.480000000000018,0.1221751412429379,1630.0,1580.0,1573.0,1580.0,53500.0
2021-03-11,1587.0,1616.0,1569.0,1609.0,1407.170166015625,55500.0,1586.7,1578.32,1474.32,1349.12,44.61538461538461,1523.16,13.11999999999989,11.074999999999818,0.1362994350282484,1630.0,1608.0,1589.0,1588.0,48700.0
2021-03-12,1629.0,1656.0,1605.0,1640.0,1434.2813720703125,66900.0,1591.25,1581.8,1478.253333333333,1351.76,61.78010471204189,1527.7,16.24000000000001,11.775000000000093,0.1581920903954803,1640.0,1616.0,1609.0,1587.0,55500.0
2021-03-13,1629.0,1656.0,1605.0,1640.0,1434.2813720703125,66900.0,1595.8,1585.28,1482.44,1354.37,61.78010471204189,1532.14,17.813333333333276,12.154999999999973,0.1088573360378635,1640.0,1656.0,1640.0,1629.0,66900.0
2021-03-14,1629.0,1656.0,1605.0,1640.0,1434.2813720703125,66900.0,1597.35,1588.24,1486.2266666666667,1357.055,61.78010471204189,1536.58,18.680000000000064,12.625,0.1006711409395972,1640.0,1656.0,1640.0,1629.0,66900.0
2021-03-15,1640.0,1647.0,1606.0,1617.0,1414.1663818359375,42700.0,1597.75,1592.8,1490.0666666666666,1359.67,48.66310160427808,1540.56,19.26666666666665,12.945000000000164,0.1236970118137594,1640.0,1656.0,1640.0,1629.0,66900.0
2021-03-16,1619.0,1621.0,1581.0,1621.0,1417.664794921875,40700.0,1600.35,1595.68,1493.96,1362.38,50.26455026455026,1541.36,19.6400000000001,13.260000000000218,0.1771968046477849,1640.0,1647.0,1617.0,1640.0,42700.0
2021-03-17,1605.0,1636.0,1605.0,1625.0,1421.1629638671875,36500.0,1600.1,1598.72,1497.9066666666668,1365.11,50.52631578947368,1543.44,19.65333333333342,13.349999999999907,0.1801016702977487,1640.0,1621.0,1621.0,1619.0,40700.0
2021-03-18,1630.0,1704.0,1626.0,1685.0,1473.63671875,74400.0,1604.6,1604.16,1502.6533333333334,1368.14,78.39195979899498,1547.32,20.213333333333367,13.77000000000021,0.2236746550472039,1685.0,1636.0,1625.0,1605.0,36500.0
2021-03-19,1655.0,1691.0,1643.0,1685.0,1473.63671875,66700.0,1609.1,1607.2,1507.4,1371.015,87.15083798882682,1551.48,21.173333333333403,13.960000000000036,0.2389705882352941,1685.0,1704.0,1685.0,1630.0,74400.0
2021-03-20,1655.0,1691.0,1643.0,1685.0,1473.63671875,66700.0,1613.6,1610.24,1512.253333333333,1373.84,87.15083798882682,1556.82,22.186666666666724,14.169999999999844,0.1908127208480565,1685.0,1691.0,1685.0,1655.0,66700.0
2021-03-21,1655.0,1691.0,1643.0,1685.0,1473.63671875,66700.0,1616.75,1614.88,1517.0933333333332,1376.71,87.15083798882682,1562.16,23.13333333333321,14.329999999999927,0.201854493580599,1685.0,1691.0,1685.0,1655.0,66700.0
2021-03-22,1690.0,1699.0,1667.0,1676.0,1465.765625,32600.0,1619.55,1616.72,1521.506666666667,1379.345,81.1764705882353,1567.32,23.59999999999991,14.235000000000127,0.1861288039631989,1685.0,1691.0,1685.0,1655.0,66700.0
2021-03-23,1677.0,1691.0,1647.0,1650.0,1443.0269775390625,42000.0,1620.9,1618.92,1525.16,1381.92,69.94818652849742,1571.22,22.50666666666666,13.779999999999973,0.1636107193229901,1685.0,1699.0,1676.0,1690.0,32600.0
2021-03-24,1668.0,1668.0,1609.0,1628.0,1423.7867431640625,49500.0,1623.7,1620.24,1527.986666666667,1384.385,59.79899497487437,1574.2,20.586666666666588,13.36999999999989,0.1480959097320169,1685.0,1691.0,1650.0,1677.0,42000.0
2021-03-25,1651.0,1651.0,1585.0,1620.0,1416.7901611328125,54800.0,1627.1,1621.24,1530.7066666666667,1386.81,52.94117647058823,1576.6,18.453333333333376,12.970000000000027,0.1424541607898448,1685.0,1668.0,1628.0,1668.0,49500.0
2021-03-26,1620.0,1655.0,1620.0,1651.0,1443.9017333984375,56500.0,1632.05,1622.4,1533.84,1389.32,52.94117647058823,1580.24,16.74666666666667,12.6099999999999,0.0442757748260593,1685.0,1651.0,1620.0,1651.0,54800.0
2021-03-27,1620.0,1655.0,1620.0,1651.0,1443.9017333984375,56500.0,1637.0,1623.64,1536.9733333333334,1391.78,52.94117647058823,1583.98,15.466666666666695,12.434999999999944,0.0854700854700853,1685.0,1655.0,1651.0,1620.0,56500.0
2021-03-28,1620.0,1655.0,1620.0,1651.0,1443.9017333984375,56500.0,1641.05,1624.76,1539.2666666666669,1394.275,52.94117647058823,1587.72,14.10666666666657,12.355000000000018,0.107310529845741,1685.0,1655.0,1651.0,1620.0,56500.0
2021-03-29,1680.0,1710.0,1665.0,1700.0,1486.755126953125,69400.0,1647.4,1629.88,1542.0666666666666,1396.785,69.48356807511738,1592.44,14.079999999999927,12.400000000000093,0.1509817197020988,1700.0,1655.0,1651.0,1620.0,56500.0
2021-03-30,1695.0,1735.0,1691.0,1715.0,1517.729248046875,62700.0,1653.7,1636.4,1545.746666666667,1399.225,70.98214285714286,1597.36,15.039999999999964,12.414999999999964,0.2094499294781382,1715.0,1710.0,1700.0,1680.0,69400.0
2021-03-31,1719.0,1725.0,1693.0,1696.0,1500.914794921875,31200.0,1658.05,1642.16,1550.0,1401.57,64.85355648535565,1601.6,16.160000000000082,12.25,0.1960507757404794,1715.0,1735.0,1715.0,1695.0,62700.0
2021-04-01,1701.0,1724.0,1691.0,1694.0,1499.144775390625,45800.0,1660.75,1647.84,1554.2266666666667,1403.905,52.486187845303874,1606.14,17.25333333333333,12.125,0.1946403385049364,1715.0,1725.0,1696.0,1719.0,31200.0
2021-04-02,1729.0,1744.0,1707.0,1733.0,1533.6585693359375,53400.0,1665.4,1654.36,1558.9733333333334,1406.48,60.909090909090914,1611.46,19.706666666666703,12.204999999999927,0.1910652920962199,1733.0,1724.0,1694.0,1701.0,45800.0
2021-04-03,1729.0,1744.0,1707.0,1733.0,1533.6585693359375,53400.0,1670.05,1660.76,1563.9466666666667,1409.065,60.909090909090914,1615.94,21.88000000000011,12.279999999999973,0.171737660581474,1733.0,1744.0,1733.0,1729.0,53400.0
2021-04-04,1729.0,1744.0,1707.0,1733.0,1533.6585693359375,53400.0,1675.85,1666.52,1568.1866666666667,1411.565,60.909090909090914,1620.42,22.44000000000005,12.340000000000146,0.1553333333333333,1733.0,1744.0,1733.0,1729.0,53400.0
2021-04-05,1750.0,1812.0,1750.0,1786.0,1580.5621337890625,106900.0,1684.1,1673.6,1573.3066666666666,1414.35,70.83333333333334,1625.96,23.30666666666661,12.779999999999973,0.2157930565010211,1786.0,1744.0,1733.0,1729.0,53400.0
2021-04-06,1808.0,1808.0,1748.0,1755.0,1553.1282958984375,83300.0,1690.6,1678.2,1577.8666666666666,1416.95,69.51672862453532,1630.0,23.63999999999988,13.045000000000073,0.1987704918032786,1786.0,1812.0,1786.0,1750.0,106900.0
2021-04-07,1755.0,1797.0,1755.0,1783.0,1577.9072265625,43000.0,1695.5,1683.92,1582.7333333333331,1419.69,78.18181818181819,1634.6,23.75999999999999,13.210000000000036,0.217896174863388,1786.0,1808.0,1755.0,1808.0,83300.0
2021-04-08,1785.0,1787.0,1719.0,1760.0,1557.552978515625,81900.0,1699.25,1688.72,1587.2933333333333,1422.315,74.13793103448276,1638.48,23.34666666666658,13.25,0.2021857923497267,1786.0,1797.0,1783.0,1755.0,43000.0
2021-04-09,1764.0,1834.0,1754.0,1806.0,1598.2618408203125,100700.0,1705.3,1696.28,1592.4666666666667,1425.17,75.40983606557377,1644.54,24.279999999999973,13.605000000000018,0.2294077603812117,1806.0,1787.0,1760.0,1785.0,81900.0
2021-04-10,1764.0,1834.0,1754.0,1806.0,1598.2618408203125,100700.0,1711.35,1703.68,1595.4666666666667,1428.025,75.40983606557377,1649.68,22.16000000000008,13.675000000000182,0.2169811320754717,1806.0,1834.0,1806.0,1764.0,100700.0
2021-04-11,1764.0,1834.0,1754.0,1806.0,1598.2618408203125,100700.0,1717.85,1710.92,1599.2666666666669,1431.0,75.40983606557377,1654.82,21.40000000000009,14.049999999999956,0.231083844580777,1806.0,1834.0,1806.0,1764.0,100700.0
2021-04-12,1835.0,1870.0,1797.0,1826.0,1615.961181640625,92500.0,1726.65,1716.56,1603.7333333333331,1434.02,72.82608695652175,1660.36,21.0,14.329999999999927,0.2447171097477845,1826.0,1834.0,1806.0,1764.0,100700.0
2021-04-13,1847.0,1851.0,1790.0,1841.0,1629.2357177734375,71400.0,1737.3,1722.8,1608.5866666666666,1436.94,72.82608695652175,1665.0,21.29333333333329,14.625,0.2200132538104704,1841.0,1870.0,1826.0,1835.0,92500.0
2021-04-14,1841.0,1850.0,1811.0,1824.0,1614.1912841796875,52700.0,1747.5,1728.36,1614.0,1439.775,73.35766423357664,1669.3,21.533333333333303,14.605000000000018,0.2087475149105366,1841.0,1851.0,1841.0,1847.0,71400.0
2021-04-15,1825.0,1825.0,1755.0,1785.0,1579.6773681640625,62200.0,1754.2,1732.36,1618.8933333333334,1442.415,64.63022508038586,1673.62,23.426666666666733,14.389999999999873,0.1829025844930416,1841.0,1850.0,1824.0,1841.0,52700.0
2021-04-16,1814.0,1941.0,1793.0,1936.0,1713.3079833984375,257800.0,1768.45,1742.76,1625.8,1445.68,73.9952718676123,1679.74,26.533333333333303,14.680000000000064,0.2466194462330972,1936.0,1825.0,1785.0,1825.0,62200.0
2021-04-17,1814.0,1941.0,1793.0,1936.0,1713.3079833984375,257800.0,1782.7,1754.2,1632.2133333333334,1449.015,73.9952718676123,1686.56,28.48000000000001,14.995000000000118,0.2466194462330972,1936.0,1941.0,1936.0,1814.0,257800.0
2021-04-18,1814.0,1941.0,1793.0,1936.0,1713.3079833984375,257800.0,1794.5,1766.52,1638.3066666666666,1452.3,73.9952718676123,1693.38,29.720000000000027,15.3599999999999,0.2362707535121329,1936.0,1941.0,1936.0,1814.0,257800.0
2021-04-19,1974.0,2022.0,1917.0,1992.0,1762.866943359375,289900.0,1808.35,1781.4,1644.8666666666666,1455.865,74.17840375586854,1701.32,30.86666666666656,16.089999999999918,0.3253493013972055,1992.0,1941.0,1936.0,1814.0,257800.0
2021-04-20,1961.0,2002.0,1891.0,1980.0,1752.247314453125,139700.0,1822.55,1794.56,1651.68,1459.755,77.64127764127764,1708.48,32.78666666666663,17.340000000000146,0.2782440284054228,1992.0,2022.0,1992.0,1974.0,289900.0
2021-04-21,1970.0,1987.0,1902.0,1908.0,1688.529052734375,131100.0,1833.25,1804.84,1657.6,1463.285,63.85809312638582,1714.24,31.799999999999955,17.605000000000018,0.2317624273724983,1992.0,2002.0,1980.0,1961.0,139700.0
2021-04-22,1960.0,1982.0,1917.0,1927.0,1705.343505859375,87800.0,1842.95,1815.88,1663.7733333333333,1466.91,68.68008948545861,1720.32,31.559999999999945,17.894999999999982,0.2440284054228534,1992.0,1987.0,1908.0,1970.0,131100.0
2021-04-23,1917.0,1952.0,1894.0,1908.0,1688.529052734375,70200.0,1851.7,1824.2,1669.6933333333334,1470.335,62.14285714285714,1727.04,31.38666666666677,18.03500000000008,0.1858297078931012,1992.0,1982.0,1927.0,1960.0,87800.0
2021-04-24,1917.0,1952.0,1894.0,1908.0,1688.529052734375,70200.0,1860.45,1831.92,1675.5466666666666,1473.67,62.14285714285714,1734.16,30.680000000000064,17.805000000000064,0.1858297078931012,1992.0,1952.0,1908.0,1917.0,70200.0
2021-04-25,1917.0,1952.0,1894.0,1908.0,1688.529052734375,70200.0,1866.55,1840.4,1681.2,1476.915,62.14285714285714,1741.28,29.519999999999985,17.159999999999854,0.2160611854684513,1992.0,1952.0,1908.0,1917.0,70200.0
2021-04-26,1930.0,1958.0,1904.0,1911.0,1691.1839599609375,69400.0,1874.35,1849.08,1687.12,1479.975,60.54590570719603,1748.46,29.519999999999985,16.689999999999827,0.1723926380368097,1992.0,1952.0,1908.0,1917.0,70200.0
2021-04-27,1910.0,1910.0,1859.0,1863.0,1648.705078125,70900.0,1878.35,1854.28,1692.4,1482.72,52.522935779816514,1754.32,28.62666666666678,15.809999999999944,0.168025078369906,1992.0,1958.0,1911.0,1930.0,69400.0
2021-04-28,1860.0,1876.0,1818.0,1832.0,1621.27099609375,72000.0,1881.95,1858.24,1696.7066666666667,1485.31,50.888888888888886,1759.5,27.01333333333332,14.974999999999907,0.1485893416927899,1992.0,1910.0,1863.0,1910.0,70900.0
2021-04-29,1860.0,1876.0,1818.0,1832.0,1621.27099609375,72000.0,1883.25,1862.2,1701.013333333333,1487.9,55.71776155717762,1764.36,25.466666666666697,14.230000000000018,0.1485893416927899,1992.0,1876.0,1832.0,1860.0,72000.0
2021-04-30,1838.0,1898.0,1836.0,1836.0,1624.81103515625,72000.0,1884.75,1864.2,1705.3733333333332,1490.58,31.060606060606062,1768.9,24.173333333333176,13.664999999999964,0.1319358816276201,1992.0,1876.0,1832.0,1860.0,72000.0
2021-05-01,1838.0,1898.0,1836.0,1836.0,1624.81103515625,72000.0,1886.25,1867.44,1709.1466666666668,1493.295,31.060606060606062,1772.82,22.02666666666687,13.320000000000164,0.1333333333333333,1992.0,1898.0,1836.0,1838.0,72000.0
2021-05-02,1838.0,1898.0,1836.0,1836.0,1624.81103515625,72000.0,1886.75,1869.56,1712.92,1496.165,31.060606060606062,1776.74,20.519999999999985,13.444999999999936,0.1312384473197783,1992.0,1898.0,1836.0,1838.0,72000.0
2021-05-03,1838.0,1898.0,1836.0,1836.0,1624.81103515625,72000.0,1886.5,1872.6,1716.52,1499.175,12.5,1780.66,19.81333333333328,13.865000000000007,0.1679389312977099,1992.0,1898.0,1836.0,1838.0,72000.0
2021-05-04,1838.0,1898.0,1836.0,1836.0,1624.81103515625,72000.0,1887.1,1873.8,1720.96,1502.175,13.265306122448976,1785.04,19.946666666666715,14.274999999999864,0.1829896907216495,1992.0,1898.0,1836.0,1838.0,72000.0
2021-05-05,1838.0,1898.0,1836.0,1836.0,1624.81103515625,72000.0,1889.65,1875.0,1724.7866666666666,1505.175,20.967741935483872,1789.34,19.41333333333341,14.595000000000027,0.1829896907216495,1992.0,1898.0,1836.0,1838.0,72000.0
2021-05-06,1850.0,1895.0,1818.0,1885.0,1668.1746826171875,58200.0,1887.1,1878.16,1729.2666666666669,1508.42,36.36363636363636,1794.54,20.11999999999989,15.125,0.214561855670103,1992.0,1898.0,1836.0,1838.0,72000.0
2021-05-07,1891.0,1902.0,1855.0,1868.0,1653.1300048828125,76600.0,1883.7,1879.84,1733.52,1511.275,36.8421052631579,1798.2,20.59999999999991,15.110000000000127,0.1898089171974522,1992.0,1895.0,1885.0,1850.0,58200.0
2021-05-08,1891.0,1902.0,1855.0,1868.0,1653.1300048828125,76600.0,1880.3,1880.92,1736.9733333333334,1514.12,36.8421052631579,1801.86,20.453333333333376,14.944999999999936,0.1875397329942785,1992.0,1902.0,1868.0,1891.0,76600.0
2021-05-09,1891.0,1902.0,1855.0,1868.0,1653.1300048828125,76600.0,1874.1,1882.68,1740.4266666666667,1516.83,36.8421052631579,1805.52,19.466666666666697,14.654999999999973,0.1755821271239772,1980.0,1902.0,1868.0,1891.0,76600.0
2021-05-10,1874.0,1885.0,1841.0,1846.0,1633.6607666015625,60600.0,1867.4,1885.12,1744.12,1519.335,30.994152046783626,1808.74,19.333333333333258,14.160000000000082,0.1472964574269732,1927.0,1902.0,1868.0,1891.0,76600.0
2021-05-11,1872.0,1941.0,1858.0,1870.0,1654.89990234375,117800.0,1865.5,1882.48,1747.32,1522.225,52.38095238095238,1812.62,18.053333333333285,13.804999999999836,0.1402439024390243,1927.0,1885.0,1846.0,1874.0,60600.0
2021-05-12,1848.0,1850.0,1731.0,1759.0,1556.6678466796875,134700.0,1857.1,1875.4,1749.506666666667,1524.56,33.92070484581498,1814.8,15.98666666666668,13.284999999999854,0.072560975609756,1911.0,1941.0,1870.0,1872.0,117800.0
2021-05-13,1723.0,1726.0,1686.0,1686.0,1492.0648193359375,95300.0,1846.0,1865.4,1750.72,1526.53,25.666666666666657,1815.96,13.74666666666667,12.410000000000082,0.0280487804878049,1911.0,1850.0,1759.0,1848.0,134700.0
2021-05-14,1762.0,1776.0,1705.0,1723.0,1524.808837890625,66700.0,1836.75,1854.64,1752.4266666666667,1528.8,33.03303303303304,1818.02,12.0,11.970000000000027,0.0655534941249227,1911.0,1726.0,1686.0,1723.0,95300.0
2021-05-15,1762.0,1776.0,1705.0,1723.0,1524.808837890625,66700.0,1827.5,1844.36,1753.7733333333333,1530.89,33.03303303303304,1819.46,9.65333333333342,11.555000000000064,0.0629241209130166,1911.0,1776.0,1723.0,1762.0,66700.0
2021-05-16,1762.0,1776.0,1705.0,1723.0,1524.808837890625,66700.0,1818.1,1836.96,1755.1466666666668,1533.065,33.03303303303304,1820.9,7.826666666666824,10.840000000000146,0.0603076923076923,1885.0,1776.0,1723.0,1762.0,66700.0
2021-05-17,1779.0,1819.0,1763.0,1804.0,1596.4918212890625,134900.0,1815.15,1832.04,1757.56,1535.585,46.135265700483096,1823.96,8.053333333333285,11.025000000000093,0.0706231454005934,1885.0,1776.0,1723.0,1762.0,66700.0
2021-05-18,1884.0,1916.0,1777.0,1909.0,1689.4139404296875,248700.0,1819.0,1832.08,1762.0533333333333,1538.68,57.03275529865126,1828.14,11.333333333333258,12.150000000000093,0.1329376854599406,1909.0,1819.0,1804.0,1779.0,134900.0
2021-05-19,1876.0,1952.0,1870.0,1926.0,1704.4586181640625,132400.0,1823.7,1832.8,1767.04,1541.86,58.395522388059696,1832.36,14.61333333333323,13.059999999999944,0.143026706231454,1926.0,1916.0,1909.0,1884.0,248700.0
2021-05-20,1911.0,2018.0,1911.0,2010.0,1778.79638671875,176200.0,1832.4,1836.88,1773.1466666666668,1545.46,60.94570928196147,1838.64,19.37333333333345,14.569999999999936,0.1928783382789318,2010.0,1952.0,1926.0,1876.0,132400.0
2021-05-21,2038.0,2086.0,2002.0,2015.0,1783.2210693359375,180000.0,1841.35,1841.04,1779.32,1549.125,63.14847942754919,1845.06,24.173333333333176,16.059999999999945,0.2022673031026252,2015.0,2018.0,2010.0,1911.0,176200.0
2021-05-22,2038.0,2086.0,2002.0,2015.0,1783.2210693359375,180000.0,1850.3,1847.12,1785.253333333333,1552.79,63.14847942754919,1850.7,27.693333333333385,17.204999999999927,0.2212121212121212,2015.0,2086.0,2015.0,2038.0,180000.0
2021-05-23,2038.0,2086.0,2002.0,2015.0,1783.2210693359375,180000.0,1859.25,1854.44,1791.1466666666668,1556.45,63.14847942754919,1856.34,29.09333333333348,17.769999999999982,0.2377149877149877,2015.0,2086.0,2015.0,2038.0,180000.0
2021-05-24,1998.0,2029.0,1976.0,1992.0,1762.866943359375,85400.0,1867.05,1860.84,1796.52,1559.66,63.035714285714285,1861.52,29.48000000000001,17.800000000000182,0.2296296296296296,2015.0,2086.0,2015.0,2038.0,180000.0
2021-05-25,2010.0,2037.0,2001.0,2017.0,1784.990966796875,53900.0,1876.1,1868.08,1801.96,1562.85,63.10160427807486,1866.14,28.81333333333328,17.389999999999873,0.2216838279830406,2017.0,2029.0,1992.0,1998.0,85400.0
2021-05-26,2028.0,2135.0,2022.0,2117.0,1873.4884033203125,218000.0,1887.7,1879.32,1808.32,1566.54,82.54545454545455,1873.38,29.0,17.414999999999964,0.2822531798909751,2117.0,2037.0,2017.0,2010.0,53900.0
2021-05-27,2134.0,2207.0,2109.0,2188.0,1936.3214111328125,223700.0,1903.7,1893.4,1815.6266666666668,1570.585,95.8029197080292,1881.48,30.37333333333345,17.795000000000073,0.3252574197456086,2188.0,2135.0,2117.0,2028.0,218000.0
2021-05-28,2220.0,2220.0,2067.0,2078.0,1838.974365234375,255900.0,1914.2,1903.08,1821.4666666666667,1573.94,78.58293075684381,1887.84,30.319999999999936,17.49000000000001,0.2223529411764706,2188.0,2207.0,2188.0,2134.0,223700.0
2021-05-29,2220.0,2220.0,2067.0,2078.0,1838.974365234375,255900.0,1924.7,1912.76,1827.6133333333328,1577.415,78.58293075684381,1893.28,31.09333333333325,17.75499999999988,0.2116618075801748,2188.0,2220.0,2078.0,2220.0,255900.0
2021-05-30,2220.0,2220.0,2067.0,2078.0,1838.974365234375,255900.0,1936.3,1922.44,1833.7066666666667,1581.155,78.58293075684381,1898.72,31.74666666666667,18.305000000000064,0.2252358490566037,2188.0,2220.0,2078.0,2220.0,255900.0
2021-05-31,2120.0,2220.0,2115.0,2209.0,1954.906005859375,224000.0,1953.25,1935.4,1841.493333333333,1585.345,80.17883755588673,1906.78,33.1733333333334,18.805000000000064,0.3040141676505312,2209.0,2220.0,2078.0,2220.0,255900.0
2021-06-01,2209.0,2224.0,2117.0,2218.0,1962.870849609375,127400.0,1976.2,1949.4,1848.6,1589.745,76.86956521739131,1914.62,32.97333333333313,19.15999999999985,0.2798615118291978,2218.0,2220.0,2209.0,2120.0,224000.0
2021-06-02,2219.0,2280.0,2176.0,2267.0,2006.2344970703125,173000.0,2005.25,1965.36,1856.36,1594.39,78.08896210873147,1923.14,34.8933333333332,20.450000000000045,0.308136180034622,2267.0,2224.0,2218.0,2209.0,127400.0
2021-06-03,2246.0,2312.0,2240.0,2242.0,1984.10986328125,153200.0,2031.2,1980.32,1863.7866666666664,1598.91,71.16788321167883,1931.5,36.1733333333334,21.49500000000012,0.2937103289094056,2267.0,2280.0,2267.0,2219.0,173000.0
2021-06-04,2231.0,2268.0,2193.0,2213.0,1958.4459228515625,122800.0,2055.7,1995.0,1870.8266666666664,1603.495,67.3076923076923,1940.06,37.11999999999989,22.33999999999992,0.2390817469204926,2267.0,2312.0,2242.0,2246.0,153200.0
2021-06-05,2231.0,2268.0,2193.0,2213.0,1958.4459228515625,122800.0,2080.2,2008.72,1877.986666666667,1608.08,67.3076923076923,1945.6,36.49333333333334,22.7349999999999,0.260968660968661,2267.0,2268.0,2213.0,2231.0,122800.0
2021-06-06,2231.0,2268.0,2193.0,2213.0,1958.4459228515625,122800.0,2100.65,2026.88,1885.493333333333,1612.75,67.3076923076923,1951.14,36.89333333333343,23.00500000000011,0.2411665731912506,2267.0,2268.0,2213.0,2231.0,122800.0
2021-06-07,2256.0,2300.0,2240.0,2263.0,2002.6947021484373,118400.0,2118.35,2049.96,1893.96,1617.915,72.62103505843072,1957.68,37.600000000000136,23.524999999999864,0.2857954545454546,2267.0,2268.0,2213.0,2231.0,122800.0
2021-06-08,2247.0,2254.0,2206.0,2239.0,1981.455078125,94300.0,2134.0,2070.6,1902.213333333333,1622.875,68.56187290969899,1962.62,38.42666666666673,23.96499999999992,0.2397563676633445,2267.0,2300.0,2263.0,2256.0,118400.0
2021-06-09,2228.0,2228.0,2156.0,2161.0,1912.4273681640625,104300.0,2141.55,2088.12,1909.013333333333,1627.445,53.81944444444444,1966.24,38.18666666666672,23.950000000000045,0.1965669988925802,2267.0,2254.0,2239.0,2247.0,94300.0
2021-06-10,2146.0,2213.0,2053.0,2182.0,1931.011474609375,80600.0,2149.9,2106.48,1916.0933333333328,1632.12,49.42965779467681,1971.72,38.10666666666657,24.039999999999964,0.2081949058693244,2267.0,2228.0,2161.0,2228.0,104300.0
2021-06-11,2200.0,2226.0,2129.0,2147.0,1900.0377197265625,75000.0,2156.5,2120.2,1922.7066666666667,1636.62,57.64966740576497,1976.12,37.21333333333337,23.86999999999989,0.1757940854326396,2267.0,2213.0,2182.0,2146.0,80600.0
2021-06-12,2200.0,2226.0,2129.0,2147.0,1900.0377197265625,75000.0,2163.1,2129.72,1928.6666666666667,1640.965,57.64966740576497,1980.9,34.706666666666706,23.049999999999955,0.1662140141227592,2267.0,2226.0,2147.0,2200.0,75000.0
2021-06-13,2200.0,2226.0,2129.0,2147.0,1900.0377197265625,75000.0,2170.85,2138.56,1934.4266666666667,1645.29,57.64966740576497,1985.68,32.21333333333337,22.414999999999964,0.1770833333333332,2267.0,2226.0,2147.0,2200.0,75000.0
2021-06-14,2163.0,2223.0,2128.0,2221.0,1965.52587890625,68100.0,2181.05,2147.0,1941.4266666666667,1649.665,51.52284263959392,1991.94,32.41333333333341,22.220000000000027,0.2442577030812325,2267.0,2226.0,2147.0,2200.0,75000.0
2021-06-15,2254.0,2258.0,2222.0,2252.0,1992.9599609375,61400.0,2187.8,2156.48,1948.8666666666663,1653.99,54.08653846153846,1998.76,32.77333333333331,21.87000000000012,0.1632231404958677,2267.0,2223.0,2221.0,2163.0,68100.0
2021-06-16,2336.0,2494.0,2293.0,2482.0,2196.503662109375,403300.0,2202.5,2175.16,1958.8533333333328,1659.465,68.00670016750419,2011.14,36.14666666666653,22.845000000000027,0.2820247933884297,2482.0,2258.0,2252.0,2254.0,61400.0
2021-06-17,2699.0,2836.0,2614.0,2763.0,2445.181640625,1371800.0,2236.75,2205.08,1972.5866666666664,1666.345,80.5392731535756,2029.76,43.919999999999845,25.38000000000011,0.4271694214876034,2763.0,2494.0,2482.0,2336.0,403300.0
2021-06-18,2736.0,2833.0,2690.0,2795.0,2473.500244140625,524400.0,2272.6,2237.2,1986.746666666667,1673.795,83.99532710280374,2049.02,52.319999999999936,28.50500000000011,0.4031124497991967,2795.0,2836.0,2763.0,2699.0,1371800.0
2021-06-19,2736.0,2833.0,2690.0,2795.0,2473.500244140625,524400.0,2308.45,2268.32,2000.2,1681.095,83.99532710280374,2068.2,58.77333333333331,31.430000000000064,0.4116161616161615,2795.0,2833.0,2795.0,2736.0,524400.0
2021-06-20,2736.0,2833.0,2690.0,2795.0,2473.500244140625,524400.0,2337.75,2295.44,2014.0666666666664,1688.455,83.99532710280374,2087.38,65.20000000000005,34.46499999999992,0.4648846960167714,2795.0,2833.0,2795.0,2736.0,524400.0
2021-06-21,2750.0,3085.0,2716.0,3010.0,2663.769775390625,806500.0,2377.35,2328.32,2030.4266666666667,1696.705,86.58178256611166,2110.86,71.5733333333335,37.24000000000001,0.5620134924753504,3010.0,2833.0,2795.0,2736.0,524400.0
2021-06-22,3090.0,3140.0,2934.0,3100.0,2743.41748046875,648400.0,2419.0,2369.2,2048.293333333333,1705.565,89.60441582336706,2136.14,75.70666666666693,39.22000000000003,0.6247379454926625,3100.0,3085.0,3010.0,2750.0,806500.0
2021-06-23,3065.0,3080.0,2882.0,2930.0,2592.9716796875,537000.0,2453.4,2403.28,2063.28,1713.575,82.61238337574216,2158.02,76.53333333333353,39.77999999999997,0.5356394129979036,3100.0,3140.0,3100.0,3090.0,648400.0
2021-06-24,2988.0,3045.0,2848.0,2886.0,2554.032958984375,355900.0,2487.05,2435.6,2077.68,1721.365,79.28452579034942,2179.02,77.47999999999979,40.26999999999998,0.5125786163522013,3100.0,3080.0,2930.0,3065.0,537000.0
2021-06-25,2925.0,2986.0,2842.0,2868.0,2538.10302734375,268500.0,2519.8,2461.96,2091.84,1729.305,80.42194092827003,2198.68,77.77333333333354,40.850000000000136,0.500784929356358,3100.0,3045.0,2886.0,2988.0,355900.0
2021-06-26,2925.0,2986.0,2842.0,2868.0,2538.10302734375,268500.0,2552.55,2487.96,2105.733333333333,1737.02,80.42194092827003,2218.68,75.30666666666639,40.315000000000055,0.5394524959742351,3100.0,2986.0,2868.0,2925.0,268500.0
2021-06-27,2925.0,2986.0,2842.0,2868.0,2538.10302734375,268500.0,2582.8,2512.0,2119.4266666666667,1744.38,80.42194092827003,2238.68,71.13333333333321,38.815000000000055,0.5655021834061136,3100.0,2986.0,2868.0,2925.0,268500.0
2021-06-28,2895.0,3130.0,2888.0,3110.0,2752.26708984375,521800.0,2626.35,2546.72,2136.5733333333333,1753.075,82.85291943828528,2263.52,73.29333333333307,39.5,0.6975982532751093,3110.0,2986.0,2868.0,2925.0,268500.0
2021-06-29,3150.0,3195.0,2966.0,3035.0,2685.8935546875,408200.0,2670.05,2579.6,2153.24,1761.6,78.02433786685755,2287.3,75.55999999999995,40.2349999999999,0.6530501089324618,3110.0,3130.0,3110.0,2895.0,521800.0
2021-06-30,3055.0,3220.0,3035.0,3140.0,2778.81640625,387200.0,2717.95,2616.68,2169.293333333333,1770.65,75.86477987421384,2312.7,77.45333333333338,41.34500000000003,0.710239651416122,3140.0,3195.0,3035.0,3150.0,408200.0
2021-07-01,3090.0,3135.0,2982.0,3005.0,2659.3447265625,315900.0,2760.85,2648.36,2183.5466666666666,1779.025,60.746003552397866,2337.62,77.8133333333335,42.00500000000011,0.6367102396514162,3140.0,3220.0,3140.0,3055.0,387200.0
2021-07-02,2990.0,3015.0,2890.0,3005.0,2659.3447265625,308200.0,2803.75,2678.04,2197.8,1787.145,59.59780621572212,2364.0,78.37333333333345,42.76499999999987,0.6367102396514162,3140.0,3135.0,3005.0,3090.0,315900.0
2021-07-03,2990.0,3015.0,2890.0,3005.0,2659.3447265625,308200.0,2846.65,2708.68,2211.306666666667,1795.26,59.59780621572212,2389.64,74.73333333333358,42.184999999999945,0.6367102396514162,3140.0,3015.0,3005.0,2990.0,308200.0
2021-07-04,2990.0,3015.0,2890.0,3005.0,2659.3447265625,308200.0,2885.85,2742.44,2224.9733333333334,1803.545,59.59780621572212,2415.28,71.73333333333358,41.94500000000016,0.6367102396514162,3140.0,3015.0,3005.0,2990.0,308200.0
2021-07-05,3030.0,3060.0,2930.0,2982.0,2638.990234375,185500.0,2922.35,2774.44,2239.293333333333,1811.755,48.4478935698448,2440.46,70.0,41.10500000000002,0.5819628647214854,3140.0,3015.0,3005.0,2990.0,308200.0
2021-07-06,3010.0,3125.0,2965.0,3085.0,2730.14306640625,245500.0,2952.5,2811.96,2254.733333333333,1820.5,49.18032786885246,2466.08,71.1866666666665,41.47499999999991,0.6514989293361884,3140.0,3060.0,2982.0,3030.0,185500.0
2021-07-07,3040.0,3085.0,2996.0,3050.0,2699.16845703125,175700.0,2966.85,2848.08,2269.96,1829.07,57.69230769230769,2488.9,72.15999999999985,41.92499999999996,0.6327623126338329,3140.0,3125.0,3085.0,3010.0,245500.0
2021-07-08,3050.0,3090.0,2958.0,2958.0,2617.75146484375,177700.0,2975.0,2880.52,2283.96,1837.18,54.34782608695652,2509.54,72.6533333333332,41.92000000000007,0.5835117773019272,3140.0,3085.0,3050.0,3040.0,175700.0
2021-07-09,2928.0,3020.0,2894.0,3015.0,2668.1943359375,175600.0,2986.0,2912.28,2298.72,1845.29,58.47750865051903,2529.64,73.74666666666644,41.74499999999989,0.6332611050920911,3140.0,3090.0,2958.0,3050.0,177700.0
2021-07-10,2928.0,3020.0,2894.0,3015.0,2668.1943359375,175600.0,2997.0,2942.8,2313.44,1852.91,58.47750865051903,2549.64,74.14666666666653,41.15499999999997,0.6122994652406417,3140.0,3020.0,3015.0,2928.0,175600.0
2021-07-11,2928.0,3020.0,2894.0,3015.0,2668.1943359375,175600.0,2997.25,2964.12,2328.8,1861.115,58.47750865051903,2569.64,74.06666666666706,40.61500000000001,0.7140420693575895,3140.0,3020.0,3015.0,2928.0,175600.0
2021-07-12,3015.0,3050.0,2927.0,3000.0,2654.919921875,248500.0,2992.25,2973.6,2344.373333333333,1869.345,41.40624999999999,2589.34,74.41333333333341,40.27500000000009,0.7793594306049823,3140.0,3020.0,3015.0,2928.0,175600.0
2021-07-13,3010.0,3185.0,2963.0,3150.0,2787.665771484375,304800.0,3003.25,2987.8,2361.9466666666667,1878.37,58.04195804195804,2612.5,77.98666666666668,41.18999999999983,0.828206616366802,3150.0,3050.0,3000.0,3015.0,248500.0
2021-07-14,3130.0,3330.0,3095.0,3255.0,2880.587890625,400600.0,3021.7,3006.2,2380.866666666667,1887.92,58.04195804195804,2637.26,82.14666666666699,42.63000000000011,0.8891468369123621,3255.0,3185.0,3150.0,3010.0,304800.0
2021-07-15,3250.0,3270.0,2954.0,2959.0,2618.6357421875,714200.0,3026.25,3012.76,2395.84,1895.99,47.37442922374429,2654.1,82.40000000000009,43.07999999999993,0.7173534532791643,3255.0,3330.0,3255.0,3130.0,400600.0
2021-07-16,2963.0,3030.0,2941.0,2963.0,2622.175537109375,295100.0,3031.0,3010.88,2410.866666666667,1904.175,47.61363636363636,2669.6,82.0666666666666,43.059999999999945,0.6424611973392462,3255.0,3270.0,2959.0,3250.0,714200.0
2021-07-17,2963.0,3030.0,2941.0,2963.0,2622.175537109375,295100.0,3035.75,3005.4,2425.893333333333,1912.21,47.61363636363636,2687.3,81.51999999999998,42.86500000000001,0.5521215295966475,3255.0,3030.0,2963.0,2963.0,295100.0
2021-07-18,2963.0,3030.0,2941.0,2963.0,2622.175537109375,295100.0,3028.4,3006.72,2440.92,1920.38,47.61363636363636,2705.0,78.97333333333336,42.01000000000022,0.5384215991692627,3255.0,3030.0,2963.0,2963.0,295100.0
2021-07-19,2920.0,2956.0,2795.0,2839.0,2512.439208984375,318700.0,3018.6,3004.84,2454.293333333333,1927.93,42.71151885830784,2720.22,73.42666666666673,40.00999999999999,0.4124378109452735,3255.0,3030.0,2963.0,2963.0,295100.0
2021-07-20,2791.0,2923.0,2776.0,2839.0,2512.439208984375,292800.0,3003.55,3003.68,2467.0133333333333,1935.48,35.99088838268793,2732.82,71.17333333333318,39.49000000000001,0.4089330024813895,3255.0,2956.0,2839.0,2920.0,318700.0
2021-07-21,2890.0,2940.0,2847.0,2928.0,2591.201904296875,301000.0,2999.7,3006.08,2481.1466666666665,1943.475,43.4549356223176,2747.02,70.27999999999975,39.29999999999996,0.4531017369727046,3255.0,2923.0,2839.0,2791.0,292800.0
2021-07-22,2890.0,2940.0,2847.0,2928.0,2591.201904296875,301000.0,2995.85,3008.48,2495.28,1951.47,48.21428571428571,2760.24,69.38666666666677,39.25999999999999,0.4531017369727046,3255.0,2940.0,2928.0,2890.0,301000.0
2021-07-23,2890.0,2940.0,2847.0,2928.0,2591.201904296875,301000.0,2992.0,3001.2,2509.4133333333334,1959.505,44.44444444444444,2773.96,68.49333333333334,39.125,0.4698795180722892,3255.0,2940.0,2928.0,2890.0,301000.0
2021-07-24,2890.0,2940.0,2847.0,2928.0,2591.201904296875,301000.0,2988.15,2996.92,2523.84,1967.535,44.44444444444444,2788.26,69.54666666666662,39.60500000000002,0.4516608824987604,3255.0,2940.0,2928.0,2890.0,301000.0
2021-07-25,2890.0,2940.0,2847.0,2928.0,2591.201904296875,301000.0,2985.45,2988.44,2537.9466666666667,1975.45,44.44444444444444,2802.56,70.9333333333334,39.97000000000003,0.3830892772791685,3255.0,2940.0,2928.0,2890.0,301000.0
2021-07-26,2964.0,3020.0,2947.0,2962.0,2621.290771484375,240800.0,2979.3,2986.72,2553.9866666666667,1983.38,47.63092269326683,2817.54,72.84000000000015,39.9050000000002,0.3537477148080439,3255.0,2940.0,2928.0,2890.0,301000.0
2021-07-27,2946.0,2986.0,2917.0,2935.0,2597.396484375,177800.0,2973.55,2983.92,2570.64,1990.975,34.1678939617084,2830.98,75.35999999999967,39.50499999999988,0.4124157844080847,3255.0,3020.0,2962.0,2964.0,240800.0
2021-07-28,2886.0,2937.0,2776.0,2788.0,2467.305419921875,175200.0,2965.05,2975.24,2584.84,1997.835,17.614424410540906,2841.96,75.42666666666673,38.32999999999993,0.34167468719923,3255.0,2986.0,2935.0,2946.0,177800.0
2021-07-29,2819.0,2890.0,2819.0,2868.0,2538.10302734375,127900.0,2957.7,2969.76,2600.1066666666666,2005.095,40.990099009901,2856.1,76.26666666666642,37.559999999999945,0.3801732435033687,3255.0,2937.0,2788.0,2886.0,175200.0
2021-07-30,2840.0,2867.0,2783.0,2847.0,2519.51904296875,100300.0,2949.3,2964.36,2615.093333333333,2012.25,38.888888888888886,2869.4,77.14666666666653,36.79999999999996,0.2888184698958804,3255.0,2890.0,2868.0,2819.0,127900.0
2021-07-31,2840.0,2867.0,2783.0,2847.0,2519.51904296875,100300.0,2940.9,2954.84,2629.0,2019.09,38.888888888888886,2883.4,75.01333333333332,35.70999999999981,0.2835888187556357,3255.0,2867.0,2847.0,2840.0,100300.0
2021-08-01,2840.0,2867.0,2783.0,2847.0,2519.51904296875,100300.0,2933.25,2946.72,2641.5066666666667,2025.875,38.888888888888886,2897.4,70.86666666666679,34.90000000000009,0.2558447287163652,3255.0,2867.0,2847.0,2840.0,100300.0
2021-08-02,2879.0,2879.0,2768.0,2795.0,2473.500244140625,84200.0,2915.5,2940.2,2653.093333333333,2032.655,45.11111111111112,2910.36,68.2533333333331,34.819999999999936,0.2466547725245316,3255.0,2867.0,2847.0,2840.0,100300.0
2021-08-03,2755.0,2849.0,2741.0,2775.0,2455.800537109375,147600.0,2891.5,2930.6,2663.293333333333,2039.645,43.191489361702125,2921.44,63.18666666666695,34.549999999999955,0.253953908721193,2963.0,2879.0,2795.0,2879.0,84200.0
2021-08-04,2774.0,2813.0,2714.0,2760.0,2442.5263671875,95200.0,2881.55,2920.4,2673.2266666666665,2046.56,28.7878787878788,2931.6,58.13333333333321,34.309999999999945,0.2471757794848621,2963.0,2849.0,2775.0,2755.0,147600.0
2021-08-05,2758.0,2834.0,2755.0,2811.0,2487.659912109375,88900.0,2873.95,2912.24,2683.84,2053.73,36.91275167785236,2938.18,54.84000000000015,34.6400000000001,0.2702214188883869,2963.0,2813.0,2760.0,2774.0,95200.0
2021-08-06,2826.0,2857.0,2799.0,2804.0,2481.465087890625,85200.0,2866.0,2904.4,2694.36,2060.95,36.34361233480177,2939.0,52.85333333333347,35.07499999999982,0.2390631904551481,2963.0,2834.0,2811.0,2758.0,88900.0
2021-08-07,2826.0,2857.0,2799.0,2804.0,2481.465087890625,85200.0,2858.05,2890.56,2705.1866666666665,2067.895,36.34361233480177,2939.18,52.09333333333325,35.24000000000001,0.2523447967842787,2962.0,2857.0,2804.0,2826.0,85200.0
2021-08-08,2826.0,2857.0,2799.0,2804.0,2481.465087890625,85200.0,2856.3,2872.52,2715.68,2074.905,36.34361233480177,2939.36,52.38666666666632,35.26000000000022,0.2975474317445628,2962.0,2857.0,2804.0,2826.0,85200.0
2021-08-09,2826.0,2857.0,2799.0,2804.0,2481.465087890625,85200.0,2854.55,2866.32,2724.84,2081.86,31.19047619047619,2939.54,51.613333333333685,35.30000000000018,0.2850595783684693,2962.0,2857.0,2804.0,2826.0,85200.0
2021-08-10,2808.0,2899.0,2795.0,2887.0,2554.91796875,97300.0,2852.5,2863.28,2734.16,2089.205,44.95798319327732,2937.08,50.31999999999971,35.47499999999991,0.3446669771774568,2962.0,2857.0,2804.0,2826.0,85200.0
2021-08-11,2881.0,2890.0,2816.0,2842.0,2515.09423828125,104400.0,2848.2,2858.44,2744.346666666667,2096.325,57.2192513368984,2931.92,49.98666666666668,35.375,0.3237074988355846,2962.0,2899.0,2887.0,2808.0,97300.0
2021-08-12,2842.0,2861.0,2770.0,2851.0,2523.05908203125,98600.0,2844.35,2853.96,2754.653333333333,2103.49,47.19471947194719,2930.34,49.4666666666667,35.5949999999998,0.327899394503959,2962.0,2890.0,2842.0,2881.0,104400.0
2021-08-13,2863.0,2907.0,2759.0,2791.0,2469.96044921875,152800.0,2837.5,2852.04,2764.16,2109.54,41.812865497076025,2928.44,48.48000000000002,34.63499999999976,0.2566411526339487,2962.0,2861.0,2851.0,2842.0,98600.0
2021-08-14,2863.0,2907.0,2759.0,2791.0,2469.96044921875,152800.0,2830.65,2850.12,2771.92,2115.89,41.812865497076025,2926.9,47.07999999999993,34.029999999999745,0.2393428063943161,2962.0,2907.0,2791.0,2863.0,152800.0
2021-08-15,2863.0,2907.0,2759.0,2791.0,2469.96044921875,152800.0,2822.1,2844.64,2779.56,2122.39,41.812865497076025,2925.36,45.40000000000009,33.184999999999945,0.1244963738920226,2935.0,2907.0,2791.0,2863.0,152800.0
2021-08-16,2941.0,3035.0,2647.0,2681.0,2372.613525390625,295800.0,2809.4,2834.76,2785.08,2128.41,35.749999999999986,2921.62,40.73333333333312,32.08500000000004,-0.0296778863554108,2887.0,2907.0,2791.0,2863.0,152800.0
2021-08-17,2720.0,2761.0,2659.0,2686.0,2377.0380859375,126000.0,2804.3,2825.08,2791.0,2134.75,38.44155844155844,2913.14,36.346666666666806,31.26000000000022,-0.0389982110912343,2887.0,3035.0,2681.0,2941.0,295800.0
2021-08-18,2642.0,2660.0,2556.0,2627.0,2324.824951171875,114100.0,2792.25,2813.04,2796.52,2140.795,34.4988344988345,2904.98,32.36000000000013,31.25500000000011,-0.0601073345259391,2887.0,2761.0,2686.0,2720.0,126000.0
2021-08-19,2627.0,2675.0,2588.0,2591.0,2292.9658203125,104300.0,2779.45,2799.56,2801.56,2146.66,23.42995169082125,2894.0,29.63999999999988,30.769999999999985,-0.0729874776386404,2887.0,2660.0,2627.0,2642.0,114100.0
2021-08-20,2575.0,2598.0,2466.0,2466.0,2182.344482421875,173700.0,2760.4,2779.72,2804.9333333333334,2151.715,18.233082706766908,2883.22,25.37333333333345,29.32500000000028,-0.1807308970099668,2887.0,2675.0,2591.0,2627.0,104300.0
2021-08-21,2575.0,2598.0,2466.0,2466.0,2182.344482421875,173700.0,2741.35,2760.96,2807.64,2156.65,18.233082706766908,2872.44,22.559999999999945,28.24000000000024,-0.204516129032258,2887.0,2598.0,2466.0,2575.0,173700.0
2021-08-22,2575.0,2598.0,2466.0,2466.0,2182.344482421875,173700.0,2724.9,2748.08,2810.6666666666665,2161.48,18.233082706766908,2861.66,19.666666666666515,26.73000000000001,-0.1583617747440273,2887.0,2598.0,2466.0,2575.0,173700.0
2021-08-23,2469.0,2558.0,2469.0,2521.0,2231.017578125,74300.0,2712.2,2734.2,2815.4666666666667,2166.74,25.89437819420785,2851.98,18.946666666666715,25.94499999999971,-0.1264726264726264,2887.0,2598.0,2466.0,2575.0,173700.0
2021-08-24,2558.0,2667.0,2552.0,2634.0,2331.01953125,103200.0,2705.9,2725.68,2821.4933333333333,2172.59,29.49756888168558,2845.02,19.9333333333334,25.93000000000029,-0.0815899581589958,2887.0,2558.0,2521.0,2469.0,74300.0
2021-08-25,2700.0,2700.0,2567.0,2579.0,2282.346435546875,80800.0,2694.3,2714.96,2827.2533333333336,2178.165,29.02711323763956,2834.9,22.320000000000164,26.44999999999981,-0.1007670850767085,2887.0,2667.0,2634.0,2558.0,103200.0
2021-08-26,2593.0,2617.0,2564.0,2565.0,2269.956298828125,43100.0,2682.35,2703.68,2832.826666666667,2183.67,27.37341772151899,2825.2,25.18666666666695,27.019999999999985,-0.1056485355648535,2887.0,2700.0,2579.0,2700.0,80800.0
2021-08-27,2526.0,2587.0,2500.0,2545.0,2252.256591796875,64100.0,2669.4,2693.68,2838.133333333333,2189.05,29.22297297297297,2816.94,27.466666666666697,27.570000000000164,-0.1816720257234726,2887.0,2617.0,2565.0,2593.0,43100.0
2021-08-28,2526.0,2587.0,2500.0,2545.0,2252.256591796875,64100.0,2656.45,2684.48,2842.4533333333334,2194.355,29.22297297297297,2807.54,26.98666666666668,27.61500000000024,-0.1614497528830313,2887.0,2587.0,2545.0,2526.0,64100.0
2021-08-29,2526.0,2587.0,2500.0,2545.0,2252.256591796875,64100.0,2643.5,2675.88,2846.36,2199.745,29.22297297297297,2798.14,24.866666666666788,27.154999999999745,-0.1894904458598726,2887.0,2587.0,2545.0,2526.0,64100.0
2021-08-30,2579.0,2640.0,2579.0,2587.0,2289.425537109375,65600.0,2628.5,2666.92,2847.76,2205.345,41.03053435114504,2789.58,20.50666666666666,27.17999999999984,-0.1391014975041598,2851.0,2587.0,2545.0,2526.0,64100.0
2021-08-31,2589.0,2675.0,2562.0,2645.0,2340.754150390625,81700.0,2618.65,2660.56,2846.1866666666665,2211.025,46.447140381282495,2782.48,13.359999999999673,27.35500000000001,-0.1198003327787021,2851.0,2640.0,2587.0,2579.0,65600.0
2021-09-01,2653.0,2695.0,2596.0,2643.0,2338.984375,70600.0,2608.25,2654.12,2844.16,2216.695,51.53846153846153,2772.34,6.026666666666642,27.644999999999985,-0.1204658901830283,2791.0,2675.0,2645.0,2589.0,81700.0
2021-09-02,2677.0,2687.0,2603.0,2649.0,2344.2939453125,87400.0,2601.15,2647.92,2842.213333333333,2222.395,55.91836734693878,2760.22,-0.2400000000002364,28.039999999999964,-0.1184692179700499,2791.0,2695.0,2643.0,2653.0,70600.0
2021-09-03,2665.0,2749.0,2651.0,2724.0,2410.667236328125,109600.0,2597.8,2644.72,2841.266666666667,2228.25,79.31818181818181,2755.52,-5.093333333333248,28.50500000000011,-0.0865191146881287,2791.0,2687.0,2649.0,2677.0,87400.0
2021-09-04,2665.0,2749.0,2651.0,2724.0,2410.667236328125,109600.0,2594.45,2638.2,2837.4533333333334,2234.105,79.31818181818181,2750.74,-10.306666666666844,28.76000000000022,-0.1170178282009724,2724.0,2749.0,2724.0,2665.0,109600.0
2021-09-05,2665.0,2749.0,2651.0,2724.0,2410.667236328125,109600.0,2596.6,2633.48,2832.44,2239.895,79.31818181818181,2745.96,-13.746666666666442,28.86999999999989,-0.1068852459016393,2724.0,2749.0,2724.0,2665.0,109600.0
2021-09-06,2801.0,2801.0,2742.0,2776.0,2456.685791015625,103200.0,2601.1,2630.48,2830.3866666666668,2246.26,79.17620137299771,2742.22,-13.773333333333085,29.56500000000005,-0.0615280594996618,2776.0,2749.0,2724.0,2665.0,109600.0
2021-09-07,2800.0,2800.0,2693.0,2734.0,2419.51708984375,171300.0,2606.45,2628.2,2828.36,2252.185,63.66120218579236,2740.12,-13.853333333333012,29.789999999999964,-0.093200663349917,2776.0,2801.0,2776.0,2801.0,103200.0
2021-09-08,2740.0,2767.0,2695.0,2752.0,2435.44677734375,105900.0,2614.5,2626.64,2826.813333333333,2258.2,76.2917933130699,2738.38,-14.453333333333376,29.94999999999981,-0.0872305140961857,2776.0,2800.0,2734.0,2800.0,171300.0
2021-09-09,2720.0,2739.0,2676.0,2708.0,2396.5078125,78800.0,2626.6,2623.32,2824.68,2263.995,69.91643454038997,2733.98,-12.77333333333354,29.88999999999988,-0.1018242122719734,2776.0,2767.0,2752.0,2740.0,105900.0
2021-09-10,2739.0,2793.0,2737.0,2783.0,2462.88037109375,84700.0,2642.45,2627.4,2823.5466666666666,2269.865,78.74396135265701,2731.08,-8.89333333333343,29.9699999999998,-0.0723333333333333,2783.0,2739.0,2708.0,2720.0,78800.0
2021-09-11,2739.0,2793.0,2737.0,2783.0,2462.88037109375,84700.0,2658.3,2631.28,2819.1866666666665,2275.735,78.74396135265701,2728.18,-11.200000000000273,29.47499999999991,-0.1165079365079365,2783.0,2793.0,2783.0,2739.0,84700.0
2021-09-12,2739.0,2793.0,2737.0,2783.0,2462.88037109375,84700.0,2671.4,2637.52,2815.826666666667,2281.805,78.74396135265701,2725.28,-12.533333333333305,29.61999999999989,-0.1450076804915514,2783.0,2793.0,2783.0,2739.0,84700.0
2021-09-13,2806.0,2865.0,2775.0,2864.0,2534.563232421875,128500.0,2682.9,2648.44,2812.1466666666665,2287.975,80.5739514348786,2724.0,-14.66666666666697,29.77500000000009,-0.0321054410273741,2864.0,2793.0,2783.0,2739.0,84700.0
2021-09-14,2890.0,2890.0,2821.0,2875.0,2544.298095703125,105700.0,2697.7,2664.8,2810.4133333333334,2294.375,78.32512315270935,2722.26,-14.266666666666424,30.38000000000011,-0.0296996287546406,2875.0,2865.0,2864.0,2806.0,128500.0
2021-09-15,2825.0,2845.0,2778.0,2823.0,2498.279541015625,97100.0,2710.6,2679.08,2807.9866666666667,2300.515,69.73684210526315,2720.02,-15.559999999999944,30.65000000000009,-0.0472494093823827,2875.0,2890.0,2875.0,2890.0,105700.0
2021-09-16,2848.0,2860.0,2686.0,2735.0,2420.402099609375,127200.0,2720.1,2689.84,2804.3866666666668,2306.215,57.99256505576208,2718.96,-14.799999999999727,30.48000000000001,-0.0769490381370232,2875.0,2845.0,2823.0,2825.0,97100.0
2021-09-17,2745.0,2785.0,2729.0,2763.0,2445.181640625,72900.0,2731.0,2699.52,2801.16,2311.92,53.9714867617108,2716.86,-14.66666666666697,30.11500000000024,-0.0267699894328988,2875.0,2860.0,2735.0,2848.0,127200.0
2021-09-18,2745.0,2785.0,2729.0,2763.0,2445.181640625,72900.0,2741.9,2704.68,2798.24,2317.635,53.9714867617108,2715.18,-13.906666666666752,29.66000000000031,-0.0267699894328988,2875.0,2785.0,2763.0,2745.0,72900.0
2021-09-19,2745.0,2785.0,2729.0,2763.0,2445.181640625,72900.0,2750.7,2712.04,2793.9466666666667,2323.335,53.9714867617108,2713.5,-16.466666666666697,28.96000000000004,-0.0563524590163934,2875.0,2785.0,2763.0,2745.0,72900.0
2021-09-20,2745.0,2785.0,2729.0,2763.0,2445.181640625,72900.0,2756.6,2719.96,2790.12,2329.29,48.51936218678816,2711.82,-17.866666666666788,28.77500000000009,-0.0563524590163934,2875.0,2785.0,2763.0,2745.0,72900.0
2021-09-21,2650.0,2696.0,2621.0,2668.0,2361.1083984375,105400.0,2757.85,2724.88,2786.2533333333336,2334.87,43.29268292682927,2709.28,-18.13333333333321,28.654999999999745,-0.0887978142076503,2875.0,2785.0,2763.0,2745.0,72900.0
2021-09-22,2666.0,2668.0,2591.0,2625.0,2323.054931640625,73400.0,2756.65,2728.08,2781.0533333333333,2340.235,37.71760154738878,2706.28,-20.10666666666657,28.31500000000005,-0.1034836065573771,2875.0,2696.0,2668.0,2650.0,105400.0
2021-09-23,2666.0,2668.0,2591.0,2625.0,2323.054931640625,73400.0,2751.7,2731.28,2775.853333333333,2345.6,41.2262156448203,2703.58,-22.386666666666315,27.96499999999969,-0.1034836065573771,2875.0,2668.0,2625.0,2666.0,73400.0
2021-09-24,2809.0,2897.0,2780.0,2881.0,2549.60791015625,206400.0,2759.55,2743.04,2774.0666666666666,2352.155,57.49235474006116,2704.98,-19.88000000000011,28.820000000000164,-0.0273463875759621,2881.0,2668.0,2625.0,2666.0,73400.0
2021-09-25,2809.0,2897.0,2780.0,2881.0,2549.60791015625,206400.0,2767.4,2752.48,2772.48,2358.695,57.49235474006116,2706.52,-17.639999999999873,29.4050000000002,-0.0183986371379897,2881.0,2897.0,2881.0,2809.0,206400.0
2021-09-26,2809.0,2897.0,2780.0,2881.0,2549.60791015625,206400.0,2772.65,2762.0,2768.893333333333,2365.155,57.49235474006116,2708.06,-17.360000000000127,30.28500000000031,0.0333572453371593,2881.0,2897.0,2881.0,2809.0,206400.0
2021-09-27,3000.0,3045.0,2957.0,2980.0,2637.220458984375,191700.0,2784.95,2775.24,2765.2266666666665,2372.01,58.63095238095238,2711.58,-15.826666666666824,31.77500000000009,0.0390516039051604,2980.0,2897.0,2881.0,2809.0,206400.0
2021-09-28,2989.0,2990.0,2813.0,2898.0,2564.65234375,164700.0,2792.25,2782.2,2764.4133333333334,2378.3,51.5477792732167,2713.46,-11.440000000000056,32.70000000000027,0.017913593256059,2980.0,3045.0,2980.0,3000.0,191700.0
2021-09-29,2778.0,2818.0,2745.0,2807.0,2501.383056640625,172100.0,2797.2,2785.52,2762.333333333333,2384.135,48.9769820971867,2711.86,-11.73333333333312,31.98000000000001,-0.0140498770635757,2980.0,2990.0,2898.0,2989.0,164700.0
2021-09-30,2818.0,2818.0,2674.0,2688.0,2395.339111328125,163800.0,2792.45,2784.08,2758.6666666666665,2389.375,47.10947109471095,2708.78,-13.813333333333505,30.67999999999984,-0.0558482613277133,2980.0,2818.0,2807.0,2778.0,172100.0
2021-10-01,2650.0,2684.0,2591.0,2629.0,2342.762451171875,145900.0,2784.75,2778.2,2754.213333333333,2394.435,42.06161137440758,2704.34,-14.680000000000293,29.279999999999745,-0.0593917710196779,2980.0,2818.0,2688.0,2818.0,163800.0
2021-10-02,2650.0,2684.0,2591.0,2629.0,2342.762451171875,145900.0,2777.05,2774.0,2751.4133333333334,2399.475,42.06161137440758,2701.1,-13.813333333333048,27.46499999999969,-0.0526126126126126,2980.0,2684.0,2629.0,2650.0,145900.0
2021-10-03,2650.0,2684.0,2591.0,2629.0,2342.762451171875,145900.0,2765.3,2769.08,2748.613333333333,2404.495,42.06161137440758,2697.86,-15.800000000000182,26.19499999999971,-0.0474637681159419,2980.0,2684.0,2629.0,2650.0,145900.0
2021-10-04,2656.0,2656.0,2481.0,2496.0,2224.243408203125,166000.0,2746.35,2760.6,2742.853333333333,2408.55,36.33572159672467,2691.96,-19.48000000000001,24.414999999999964,-0.112059765208111,2980.0,2684.0,2629.0,2650.0,145900.0
2021-10-05,2435.0,2516.0,2366.0,2485.0,2214.441162109375,170100.0,2729.45,2748.68,2736.9466666666667,2412.55,39.753639417693165,2688.04,-21.7199999999998,23.175000000000185,-0.1137660485021397,2980.0,2656.0,2496.0,2656.0,166000.0
2021-10-06,2513.0,2579.0,2436.0,2446.0,2179.6875,101900.0,2715.0,2735.2,2730.52,2416.355,39.932508436445445,2683.24,-23.69333333333316,21.92000000000008,-0.1276747503566333,2980.0,2516.0,2485.0,2435.0,170100.0
2021-10-07,2448.0,2507.0,2438.0,2450.0,2183.251708984375,75000.0,2699.35,2721.88,2724.1466666666665,2420.18,40.20156774916013,2679.7,-27.26666666666688,20.704999999999927,-0.1262482168330956,2980.0,2579.0,2446.0,2513.0,101900.0
2021-10-08,2456.0,2500.0,2436.0,2438.0,2172.55810546875,100300.0,2683.1,2704.84,2717.613333333333,2423.99,15.870570107858242,2676.64,-31.0,19.49499999999989,-0.130527817403709,2980.0,2507.0,2450.0,2448.0,75000.0
2021-10-09,2456.0,2500.0,2436.0,2438.0,2172.55810546875,100300.0,2666.85,2687.36,2710.6266666666666,2427.93,15.870570107858242,2676.08,-32.226666666666915,19.37999999999965,-0.1555247661932802,2980.0,2500.0,2438.0,2456.0,100300.0
2021-10-10,2456.0,2500.0,2436.0,2438.0,2172.55810546875,100300.0,2650.6,2671.96,2704.0,2431.98,15.870570107858242,2675.52,-32.946666666666715,19.42999999999984,-0.1421534130893736,2980.0,2500.0,2438.0,2456.0,100300.0
2021-10-11,2420.0,2420.0,2357.0,2384.0,2124.4375,186100.0,2636.4,2657.92,2698.613333333333,2435.8,0.6622516556291345,2673.88,-31.90666666666675,19.445000000000164,-0.1638021746755524,2980.0,2500.0,2438.0,2456.0,100300.0
2021-10-12,2400.0,2410.0,2362.0,2382.0,2122.65576171875,158600.0,2624.25,2642.68,2692.133333333333,2439.455,0.7633587786259568,2671.1,-32.01333333333332,19.27500000000009,-0.1465424579003941,2980.0,2420.0,2384.0,2420.0,186100.0
2021-10-13,2345.0,2345.0,2243.0,2282.0,2033.54296875,259200.0,2607.1,2623.44,2684.6,2442.61,0.7504690431519805,2664.06,-33.01333333333332,18.620000000000346,-0.1823719097097814,2980.0,2410.0,2382.0,2400.0,158600.0
2021-10-14,2320.0,2375.0,2292.0,2365.0,2107.50634765625,140800.0,2581.3,2607.52,2678.173333333333,2446.18,17.50503018108651,2659.78,-32.453333333333376,18.25,-0.15263346470799,2980.0,2345.0,2282.0,2345.0,259200.0
2021-10-15,2420.0,2539.0,2414.0,2529.0,2253.650634765625,122700.0,2563.7,2598.16,2673.9333333333334,2450.325,41.69435215946843,2659.06,-30.06666666666661,18.3449999999998,-0.0566952629615814,2980.0,2375.0,2365.0,2320.0,140800.0
2021-10-16,2420.0,2539.0,2414.0,2529.0,2253.650634765625,122700.0,2546.1,2592.6,2670.3866666666668,2454.395,41.69435215946843,2658.74,-28.22666666666646,18.5949999999998,-0.0584512285927029,2980.0,2539.0,2529.0,2420.0,122700.0
2021-10-17,2420.0,2539.0,2414.0,2529.0,2253.650634765625,122700.0,2523.55,2588.76,2667.1066666666666,2458.56,41.69435215946843,2658.42,-25.02666666666664,19.10500000000001,-0.0373049105443471,2898.0,2539.0,2529.0,2420.0,122700.0
2021-10-18,2579.0,2638.0,2545.0,2587.0,2305.33544921875,137800.0,2508.0,2587.24,2664.8,2463.025,58.63377609108159,2659.26,-19.799999999999727,20.414999999999964,-0.0015438054805094,2807.0,2539.0,2529.0,2420.0,122700.0
2021-10-19,2608.0,2636.0,2600.0,2604.0,2320.48486328125,71800.0,2497.85,2576.16,2662.04,2467.38,61.16322701688555,2659.6,-16.133333333333212,21.20000000000028,0.0559610705596107,2688.0,2638.0,2587.0,2579.0,137800.0
2021-10-20,2620.0,2652.0,2530.0,2545.0,2267.908203125,110300.0,2490.7,2562.72,2658.5866666666666,2471.44,58.95117540687161,2657.6,-15.346666666666806,21.11500000000024,0.0320356853203569,2629.0,2636.0,2604.0,2608.0,71800.0
2021-10-21,2500.0,2544.0,2464.0,2464.0,2195.7275390625,82800.0,2482.45,2546.04,2654.0533333333333,2475.095,51.11111111111111,2654.02,-16.333333333333485,20.69999999999981,-0.0008110300081103,2629.0,2652.0,2545.0,2620.0,110300.0
2021-10-22,2472.0,2565.0,2460.0,2536.0,2259.888671875,74000.0,2477.8,2528.28,2650.48,2478.845,57.10144927536232,2651.76,-16.62666666666655,20.28499999999985,0.0059500198333994,2629.0,2544.0,2464.0,2500.0,82800.0
2021-10-23,2472.0,2565.0,2460.0,2536.0,2259.888671875,74000.0,2473.15,2513.8,2646.9066666666668,2482.75,57.10144927536232,2648.0,-17.89333333333343,19.72499999999991,-0.0372057706909643,2604.0,2565.0,2536.0,2472.0,74000.0
2021-10-24,2472.0,2565.0,2460.0,2536.0,2259.888671875,74000.0,2475.15,2502.96,2642.2266666666665,2486.515,57.10144927536232,2644.24,-19.813333333333503,19.134999999999764,-0.0166731291198138,2604.0,2565.0,2536.0,2472.0,74000.0
2021-10-25,2500.0,2535.0,2474.0,2527.0,2251.8681640625,52000.0,2477.25,2496.52,2638.026666666666,2490.35,61.085271317829466,2640.3,-20.559999999999945,18.90999999999985,-0.0148148148148148,2604.0,2565.0,2536.0,2472.0,74000.0
2021-10-26,2560.0,2613.0,2540.0,2603.0,2319.593994140625,84000.0,2485.1,2495.48,2634.72,2494.335,65.36856745479832,2636.84,-19.333333333333485,19.24000000000024,0.0227897838899804,2604.0,2535.0,2527.0,2500.0,52000.0
2021-10-27,2607.0,2611.0,2558.0,2595.0,2312.46484375,58200.0,2492.35,2494.12,2632.1066666666666,2498.28,74.96012759170654,2634.06,-18.37333333333345,19.4350000000004,0.0196463654223968,2604.0,2613.0,2603.0,2560.0,84000.0
2021-10-28,2595.0,2620.0,2559.0,2596.0,2313.355712890625,127200.0,2500.25,2492.8,2629.5066666666667,2502.23,71.19266055045873,2630.94,-17.40000000000009,19.48000000000001,0.0200392927308448,2604.0,2611.0,2595.0,2607.0,58200.0
2021-10-29,2607.0,2665.0,2600.0,2633.0,2346.32763671875,82100.0,2510.0,2498.28,2627.4,2506.265,62.44019138755981,2629.44,-14.82666666666637,19.75,0.0177812137611133,2633.0,2620.0,2596.0,2595.0,127200.0
2021-10-30,2607.0,2665.0,2600.0,2633.0,2346.32763671875,82100.0,2519.75,2504.2,2626.76,2510.225,62.44019138755981,2626.44,-11.266666666666424,19.875,-0.0045368620037806,2633.0,2665.0,2633.0,2607.0,82100.0
2021-10-31,2607.0,2665.0,2600.0,2633.0,2346.32763671875,82100.0,2532.2,2511.68,2626.0533333333333,2514.27,62.44019138755981,2623.44,-8.666666666666515,19.934999999999945,-0.0037835792659856,2633.0,2665.0,2633.0,2607.0,82100.0
2021-11-01,2676.0,2700.0,2625.0,2652.0,2363.2587890625,80300.0,2545.7,2519.76,2626.3866666666668,2518.605,58.57519788918206,2620.82,-5.7199999999998,20.32499999999981,0.0011325028312569,2652.0,2665.0,2633.0,2607.0,82100.0
2021-11-02,2655.0,2713.0,2631.0,2645.0,2357.020751953125,98200.0,2563.85,2528.04,2627.1066666666666,2522.15,55.55555555555556,2616.44,-2.400000000000091,19.92000000000008,-0.0290014684287811,2652.0,2700.0,2652.0,2676.0,80300.0
2021-11-03,2655.0,2713.0,2631.0,2645.0,2357.020751953125,98200.0,2577.85,2536.32,2629.4933333333333,2525.695,66.12903225806451,2611.84,2.0933333333332484,19.43000000000029,-0.0290014684287811,2652.0,2713.0,2645.0,2655.0,98200.0
2021-11-04,2715.0,2728.0,2682.0,2694.0,2400.685791015625,83800.0,2586.1,2546.56,2632.5333333333333,2529.485,91.36690647482014,2609.26,5.773333333333085,19.26000000000022,-0.0110132158590308,2694.0,2713.0,2645.0,2655.0,98200.0
2021-11-05,2734.0,2748.0,2680.0,2723.0,2426.528564453125,78100.0,2595.8,2560.12,2635.96,2533.14,89.7872340425532,2609.02,9.906666666666752,18.86999999999989,-0.0190922190201728,2723.0,2728.0,2694.0,2715.0,83800.0
2021-11-06,2734.0,2748.0,2680.0,2723.0,2426.528564453125,78100.0,2605.5,2573.76,2638.653333333333,2536.855,89.7872340425532,2608.22,12.266666666666424,18.25,-0.0040234089246524,2723.0,2748.0,2723.0,2734.0,78100.0
2021-11-07,2734.0,2748.0,2680.0,2723.0,2426.528564453125,78100.0,2612.3,2591.4,2639.84,2540.93,89.7872340425532,2607.42,12.733333333333576,18.779999999999745,-0.0105377906976744,2723.0,2748.0,2723.0,2734.0,78100.0
2021-11-08,2712.0,2712.0,2635.0,2647.0,2358.80322265625,88300.0,2614.45,2602.68,2640.7466666666664,2544.53,69.86754966887418,2605.1,11.253333333333105,18.83500000000004,-0.0225258493353027,2723.0,2748.0,2723.0,2734.0,78100.0
2021-11-09,2675.0,2735.0,2651.0,2659.0,2369.496826171875,72800.0,2620.15,2607.88,2642.0,2548.285,61.76470588235294,2603.02,9.466666666666695,18.799999999999727,-0.0445562342795544,2723.0,2712.0,2647.0,2712.0,88300.0
2021-11-10,2645.0,2725.0,2640.0,2682.0,2389.99267578125,51200.0,2631.05,2614.0,2643.826666666667,2552.155,67.19367588932806,2603.3,7.866666666666788,19.015000000000327,-0.0362917714696371,2723.0,2735.0,2659.0,2675.0,72800.0
2021-11-11,2657.0,2664.0,2594.0,2652.0,2363.2587890625,86600.0,2636.85,2618.92,2645.2533333333336,2555.875,59.9290780141844,2603.84,6.600000000000364,19.019999999999985,-0.0470715055695293,2723.0,2725.0,2682.0,2645.0,51200.0
2021-11-12,2652.0,2748.0,2652.0,2746.0,2447.024169921875,94600.0,2647.35,2625.28,2647.9333333333334,2560.05,66.66666666666666,2606.26,8.093333333333248,19.120000000000346,-0.0412011173184357,2746.0,2664.0,2652.0,2657.0,86600.0
2021-11-13,2652.0,2748.0,2652.0,2746.0,2447.024169921875,94600.0,2657.85,2630.96,2650.0533333333333,2564.465,66.66666666666666,2603.56,9.306666666666844,19.934999999999945,-0.0448695652173912,2746.0,2748.0,2746.0,2652.0,94600.0
2021-11-14,2652.0,2748.0,2652.0,2746.0,2447.024169921875,94600.0,2668.8,2639.0,2651.4,2569.035,66.66666666666666,2600.86,9.400000000000093,20.75,-0.0272759475735033,2746.0,2748.0,2746.0,2652.0,94600.0
2021-11-15,2830.0,2905.0,2787.0,2897.0,2581.583984375,364100.0,2683.5,2656.32,2654.786666666667,2574.36,76.00849256900213,2601.18,10.960000000000036,22.204999999999927,0.0592321755027422,2897.0,2748.0,2746.0,2652.0,94600.0
2021-11-16,3200.0,3400.0,3005.0,3400.0,3029.81884765625,1115500.0,2723.75,2690.88,2664.8,2582.18,89.0382626680455,2609.58,19.546666666666624,26.30499999999984,0.2305465074194717,3400.0,2905.0,2897.0,2830.0,364100.0
2021-11-17,3680.0,3880.0,3565.0,3735.0,3328.34521484375,1184600.0,2780.7,2738.84,2678.28,2591.675,91.85867895545314,2626.32,30.34666666666681,31.625,0.3517915309446253,3735.0,3400.0,3400.0,3200.0,1115500.0
2021-11-18,3670.0,3875.0,3625.0,3720.0,3314.978515625,439600.0,2835.05,2786.2,2691.56,2601.095,90.45741324921136,2644.58,41.50666666666666,36.62999999999965,0.3463626492942453,3735.0,3880.0,3735.0,3680.0,1184600.0
2021-11-19,3665.0,3750.0,3575.0,3685.0,3283.7890625,235600.0,2887.65,2832.52,2704.373333333333,2610.34,87.75510204081633,2664.52,52.97333333333336,41.30500000000029,0.3336952587766919,3735.0,3875.0,3720.0,3670.0,439600.0
2021-11-20,3665.0,3750.0,3575.0,3685.0,3283.7890625,235600.0,2940.25,2875.8,2716.4933333333333,2619.585,87.75510204081633,2685.64,61.70666666666648,45.22499999999991,0.3811844077961019,3735.0,3750.0,3685.0,3665.0,235600.0
2021-11-21,3665.0,3750.0,3575.0,3685.0,3283.7890625,235600.0,2991.9,2919.4,2729.173333333333,2628.83,87.75510204081633,2706.76,64.373333333333,46.65000000000009,0.4038095238095238,3735.0,3750.0,3685.0,3665.0,235600.0
2021-11-22,3750.0,3900.0,3705.0,3770.0,3359.534423828125,380500.0,3048.15,2966.36,2742.7466666666664,2638.255,93.76461418550272,2729.58,64.46666666666624,46.57999999999993,0.4361904761904762,3770.0,3750.0,3685.0,3665.0,235600.0
2021-11-23,3750.0,3900.0,3705.0,3770.0,3359.534423828125,380500.0,3104.4,3011.84,2756.9066666666668,2647.765,93.705743509048,2755.06,65.3466666666668,46.67000000000007,0.3085734120097188,3770.0,3900.0,3770.0,3750.0,380500.0
2021-11-24,3705.0,3720.0,3530.0,3655.0,3257.05517578125,204200.0,3152.45,3052.72,2768.5333333333333,2656.7,85.69332355099046,2778.46,64.15999999999985,46.35999999999967,0.2686567164179105,3770.0,3900.0,3770.0,3750.0,380500.0
2021-11-25,3680.0,3715.0,3565.0,3640.0,3243.6884765625,111800.0,3198.3,3093.0,2779.96,2665.56,86.64688427299703,2802.34,63.4666666666667,45.97499999999991,0.2634501909059354,3770.0,3720.0,3655.0,3705.0,204200.0
2021-11-26,3695.0,3700.0,3480.0,3555.0,3167.943115234375,201200.0,3239.9,3129.12,2790.2533333333336,2674.105,80.20911127707245,2824.44,61.08000000000038,45.27500000000009,0.1929530201342282,3770.0,3715.0,3640.0,3680.0,111800.0
2021-11-27,3695.0,3700.0,3480.0,3555.0,3167.943115234375,201200.0,3281.5,3165.52,2799.4666666666667,2682.53,80.20911127707245,2846.78,56.720000000000255,44.27500000000009,0.2267080745341614,3770.0,3700.0,3555.0,3695.0,201200.0
2021-11-28,3695.0,3700.0,3480.0,3555.0,3167.943115234375,201200.0,3326.9,3201.92,2808.5333333333333,2691.51,80.20911127707245,2869.12,51.62666666666655,43.745000000000346,0.2664766654791592,3770.0,3700.0,3555.0,3695.0,201200.0
2021-11-29,3475.0,3735.0,3460.0,3585.0,3194.6767578125,198200.0,3373.2,3237.56,2818.693333333333,2701.005,78.24302134646962,2892.06,50.159999999999854,44.30500000000029,0.3337053571428572,3770.0,3700.0,3555.0,3695.0,201200.0
2021-11-30,3780.0,3960.0,3700.0,3785.0,3372.901123046875,265000.0,3428.35,3280.04,2832.693333333333,2711.315,71.03825136612022,2920.08,52.73333333333312,45.75500000000011,0.4397109166983644,3785.0,3735.0,3585.0,3475.0,198200.0
2021-12-01,3815.0,3915.0,3690.0,3865.0,3444.19140625,214900.0,3489.0,3325.72,2847.3866666666668,2722.025,59.84848484848485,2949.74,57.13333333333321,47.92000000000007,0.4701407379231648,3865.0,3960.0,3785.0,3780.0,265000.0
2021-12-02,3835.0,3875.0,3630.0,3640.0,3243.6884765625,208200.0,3533.7,3362.4,2859.08,2731.61,45.40229885057471,2976.9,59.61333333333323,49.07999999999993,0.3845568657284137,3865.0,3915.0,3865.0,3815.0,214900.0
2021-12-03,3600.0,3610.0,3410.0,3490.0,3110.020263671875,220900.0,3570.9,3396.12,2868.773333333333,2740.04,40.1015228426396,2999.4,60.24000000000024,48.52999999999975,0.3982371794871795,3865.0,3875.0,3640.0,3835.0,208200.0
2021-12-04,3600.0,3610.0,3410.0,3490.0,3110.020263671875,220900.0,3608.1,3429.36,2878.4666666666667,2747.945,40.1015228426396,3018.62,59.77333333333354,46.940000000000055,0.4044265593561369,3865.0,3610.0,3490.0,3600.0,220900.0
2021-12-05,3600.0,3610.0,3410.0,3490.0,3110.020263671875,220900.0,3637.75,3461.68,2889.4266666666667,2755.765,40.1015228426396,3037.84,56.733333333333576,44.44999999999982,0.4268192968111202,3865.0,3610.0,3490.0,3600.0,220900.0
2021-12-06,3455.0,3455.0,3265.0,3385.0,3016.451904296875,208200.0,3637.0,3491.0,2899.56,2762.64,30.8457711442786,3054.96,52.173333333333176,40.61499999999978,0.3816326530612244,3865.0,3610.0,3490.0,3600.0,220900.0
2021-12-07,3455.0,3475.0,3355.0,3455.0,3078.83056640625,152200.0,3623.0,3519.36,2910.6266666666666,2769.84,35.34883720930232,3072.32,51.546666666666624,38.23000000000002,0.4171452009844134,3865.0,3455.0,3385.0,3455.0,208200.0
2021-12-08,3550.0,3580.0,3485.0,3490.0,3110.020263671875,106000.0,3611.5,3549.12,2918.7466666666664,2777.215,41.70854271356784,3090.04,49.9733333333329,37.17500000000018,0.4315012305168171,3865.0,3475.0,3455.0,3455.0,152200.0
2021-12-09,3495.0,3495.0,3365.0,3395.0,3025.363037109375,138900.0,3597.0,3575.08,2925.6,2784.115,38.6046511627907,3107.04,47.13333333333321,36.16999999999962,0.3925348646431501,3865.0,3580.0,3490.0,3550.0,106000.0
2021-12-10,3355.0,3380.0,3275.0,3325.0,2962.98486328125,98000.0,3579.0,3592.2,2931.52,2790.78,39.15094339622642,3124.26,42.09333333333325,35.01500000000033,0.394714765100671,3865.0,3495.0,3395.0,3495.0,138900.0
2021-12-11,3355.0,3380.0,3275.0,3325.0,2962.98486328125,98000.0,3561.0,3589.2,2936.12,2797.32,39.15094339622642,3140.04,36.559999999999945,34.68000000000029,0.3958858102434928,3865.0,3380.0,3325.0,3355.0,98000.0
2021-12-12,3355.0,3380.0,3275.0,3325.0,2962.98486328125,98000.0,3538.75,3572.8,2941.813333333333,2803.36,39.15094339622642,3155.82,31.18666666666695,33.51999999999998,0.4570552147239264,3865.0,3380.0,3325.0,3355.0,98000.0
2021-12-13,3370.0,3390.0,3330.0,3340.0,2976.3515625,70900.0,3517.25,3557.6,2948.92,2809.12,38.277511961722496,3171.9,30.17333333333363,31.904999999999745,0.4122621564482029,3865.0,3380.0,3325.0,3355.0,98000.0
2021-12-14,3270.0,3315.0,3210.0,3255.0,2900.60595703125,119800.0,3497.25,3540.4,2956.48,2815.005,21.505376344086017,3186.46,30.88000000000011,30.890000000000327,0.2870699881376037,3865.0,3390.0,3340.0,3370.0,70900.0
2021-12-15,3225.0,3280.0,3190.0,3235.0,2882.783447265625,112600.0,3477.0,3522.4,2964.56,2820.79,13.793103448275858,3199.1,33.039999999999964,30.009999999999764,0.2791617240015815,3865.0,3315.0,3255.0,3270.0,119800.0
2021-12-16,3400.0,3470.0,3370.0,3405.0,3034.2744140625,143000.0,3469.5,3511.2,2974.9066666666668,2827.425,35.582822085889575,3215.3,38.78666666666686,30.10500000000001,0.3463819691577698,3865.0,3280.0,3235.0,3225.0,112600.0
2021-12-17,3275.0,3340.0,3255.0,3320.0,2958.52880859375,146900.0,3457.75,3493.2,2984.12,2832.98,38.66666666666667,3229.78,42.30666666666639,29.61999999999989,0.2833397758020874,3865.0,3470.0,3405.0,3400.0,143000.0
2021-12-18,3275.0,3340.0,3255.0,3320.0,2958.52880859375,146900.0,3446.0,3475.2,2995.1066666666666,2838.49,38.66666666666667,3243.52,46.1866666666665,29.36999999999989,0.2749615975422428,3865.0,3340.0,3320.0,3275.0,146900.0
2021-12-19,3275.0,3340.0,3255.0,3320.0,2958.52880859375,146900.0,3432.75,3461.8,3006.24,2843.755,38.66666666666667,3257.26,49.75999999999976,28.75,0.3045186640471513,3865.0,3340.0,3320.0,3275.0,146900.0
2021-12-20,3290.0,3340.0,3110.0,3115.0,2775.848876953125,138000.0,3399.25,3440.8,3015.16,2848.12,34.11764705882352,3266.9,50.59999999999991,27.329999999999927,0.2642045454545454,3865.0,3340.0,3320.0,3275.0,146900.0
2021-12-21,3185.0,3185.0,3070.0,3130.0,2789.2158203125,92800.0,3362.5,3423.8,3024.2266666666665,2852.705,29.55974842767296,3276.46,49.31999999999971,25.279999999999745,0.2342271293375395,3640.0,3340.0,3115.0,3290.0,138000.0
2021-12-22,3160.0,3225.0,3125.0,3190.0,2842.6826171875,97500.0,3340.0,3409.2,3034.2533333333336,2857.59,31.707317073170746,3287.36,50.13333333333367,24.610000000000127,0.2578864353312302,3490.0,3185.0,3130.0,3185.0,92800.0
2021-12-23,3230.0,3270.0,3180.0,3265.0,2909.517333984375,64000.0,3328.75,3397.6,3045.28,2862.85,41.87499999999999,3299.76,50.17333333333363,24.360000000000127,0.2874605678233439,3490.0,3225.0,3190.0,3160.0,97500.0
2021-12-24,3280.0,3415.0,3270.0,3290.0,2931.795166015625,103100.0,3318.75,3385.8,3056.64,2867.985,47.682119205298015,3311.68,50.40000000000009,24.23000000000001,0.3019390581717451,3490.0,3270.0,3265.0,3230.0,64000.0
2021-12-25,3280.0,3415.0,3270.0,3290.0,2931.795166015625,103100.0,3308.75,3366.0,3068.72,2873.24,47.682119205298015,3323.02,53.559999999999945,25.11999999999989,0.2639262389550518,3490.0,3415.0,3290.0,3280.0,103100.0
2021-12-26,3280.0,3415.0,3270.0,3290.0,2931.795166015625,103100.0,3304.0,3343.0,3080.826666666667,2878.885,47.682119205298015,3334.36,56.60000000000037,26.18000000000029,0.2678227360308285,3490.0,3415.0,3290.0,3280.0,103100.0
2021-12-27,3570.0,3640.0,3455.0,3625.0,3230.321533203125,352500.0,3312.5,3342.4,3098.733333333333,2886.1,63.25581395348837,3352.4,64.47999999999956,28.509999999999764,0.3963790446841293,3625.0,3415.0,3290.0,3280.0,103100.0
2021-12-28,3610.0,3625.0,3505.0,3545.0,3159.03173828125,221700.0,3315.25,3344.6,3114.4666666666667,2893.09,63.55140186915888,3370.36,69.1866666666665,30.24000000000024,0.3463729586023547,3625.0,3640.0,3625.0,3570.0,352500.0
2021-12-29,3480.0,3495.0,3380.0,3380.0,3011.99658203125,107400.0,3314.5,3340.2,3125.813333333333,2899.255,55.967078189300416,3384.78,69.17333333333363,31.269999999999985,0.2837067983289023,3625.0,3625.0,3545.0,3610.0,221700.0
2021-12-30,3350.0,3395.0,3240.0,3365.0,2998.6298828125,106300.0,3316.5,3335.2,3136.96,2905.345,48.11320754716981,3398.44,68.24000000000024,32.10500000000002,0.2780098746676793,3625.0,3495.0,3380.0,3480.0,107400.0
2021-12-31,3350.0,3395.0,3240.0,3365.0,2998.6298828125,106300.0,3318.5,3334.4,3148.1066666666666,2911.065,52.30769230769231,3412.7,67.27999999999975,32.17999999999984,0.2688536953242835,3625.0,3395.0,3365.0,3350.0,106300.0
2022-01-01,3350.0,3395.0,3240.0,3365.0,2998.6298828125,106300.0,3320.5,3330.8,3158.48,2916.63,52.30769230769231,3425.08,59.7466666666669,30.5300000000002,0.272211720226843,3625.0,3395.0,3365.0,3350.0,106300.0
2022-01-02,3350.0,3395.0,3240.0,3365.0,2998.6298828125,106300.0,3321.75,3325.8,3168.6266666666666,2921.045,52.30769230769231,3437.46,54.159999999999854,27.954999999999927,0.272211720226843,3625.0,3395.0,3365.0,3350.0,106300.0
2022-01-03,3350.0,3395.0,3240.0,3365.0,2998.6298828125,106300.0,3327.25,3324.6,3179.56,2924.055,66.23376623376623,3449.84,53.74666666666644,24.799999999999727,0.2490720118782479,3625.0,3395.0,3365.0,3350.0,106300.0
2022-01-04,3420.0,3485.0,3350.0,3405.0,3034.2744140625,113300.0,3335.75,3327.8,3192.1066666666666,2927.105,67.29559748427673,3460.0,55.14666666666653,21.76000000000022,0.2504590525156078,3625.0,3395.0,3365.0,3350.0,106300.0
2022-01-05,3400.0,3470.0,3355.0,3365.0,2998.6298828125,130300.0,3333.75,3329.4,3203.16,2929.955,61.29032258064516,3459.3,55.053333333333285,18.88999999999988,0.2357693720161586,3625.0,3485.0,3405.0,3420.0,113300.0
2022-01-06,3265.0,3285.0,3175.0,3185.0,2838.2275390625,146100.0,3327.0,3323.8,3211.813333333333,2931.905,45.45454545454546,3448.3,53.333333333333485,15.275000000000093,0.1696658097686374,3625.0,3470.0,3365.0,3400.0,130300.0
2022-01-07,3210.0,3250.0,3100.0,3135.0,2793.67138671875,127100.0,3317.75,3315.6,3219.8,2932.53,41.4364640883978,3436.6,51.17333333333363,11.485000000000127,0.1843596524367208,3625.0,3285.0,3185.0,3265.0,146100.0
2022-01-08,3210.0,3250.0,3100.0,3135.0,2793.67138671875,127100.0,3308.5,3310.8,3227.9066666666668,2932.705,41.4364640883978,3425.6,48.346666666666806,8.650000000000091,0.1790146671681083,3625.0,3250.0,3135.0,3210.0,127100.0
2022-01-09,3210.0,3250.0,3100.0,3135.0,2793.67138671875,127100.0,3309.5,3306.8,3235.0,2933.73,41.4364640883978,3414.6,42.89333333333343,6.625,0.1689038031319911,3625.0,3250.0,3135.0,3210.0,127100.0
2022-01-10,3210.0,3250.0,3100.0,3135.0,2793.67138671875,127100.0,3309.75,3296.0,3242.2,2934.975,7.017543859649123,3403.6,39.03999999999997,5.019999999999982,0.1821266968325792,3625.0,3250.0,3135.0,3210.0,127100.0
2022-01-11,3120.0,3160.0,3035.0,3125.0,2784.760009765625,129200.0,3306.5,3288.2,3249.2533333333336,2936.26,8.0,3390.7,37.440000000000055,4.355000000000018,0.1380189366351056,3625.0,3250.0,3135.0,3210.0,127100.0
2022-01-12,3170.0,3195.0,3085.0,3105.0,2766.937255859375,108400.0,3298.5,3279.6,3255.5466666666666,2937.445,11.267605633802816,3377.4,35.74666666666644,4.914999999999964,0.1307356154406409,3625.0,3160.0,3125.0,3120.0,129200.0
2022-01-13,3105.0,3130.0,3055.0,3080.0,2744.659423828125,106900.0,3288.0,3270.0,3261.5066666666667,2938.505,10.958904109589042,3365.9,33.59999999999991,5.800000000000182,0.1216314639475601,3625.0,3195.0,3105.0,3170.0,108400.0
2022-01-14,3015.0,3075.0,2985.0,3060.0,2726.8369140625,101600.0,3276.5,3267.8,3267.2,2938.255,10.389610389610397,3354.3,32.19999999999982,4.525000000000091,0.0562651018294788,3625.0,3130.0,3080.0,3105.0,106900.0
2022-01-15,3015.0,3075.0,2985.0,3060.0,2726.8369140625,101600.0,3265.0,3265.0,3272.64,2938.38,10.389610389610397,3344.4,30.44000000000005,3.4050000000002,-0.0999999999999999,3625.0,3075.0,3060.0,3015.0,101600.0
2022-01-16,3015.0,3075.0,2985.0,3060.0,2726.8369140625,101600.0,3236.75,3259.8,3278.173333333333,2937.98,10.389610389610397,3334.5,28.91999999999961,1.7199999999998,-0.1807228915662651,3545.0,3075.0,3060.0,3015.0,101600.0
2022-01-17,3085.0,3105.0,2987.0,3010.0,2682.281005859375,64100.0,3210.0,3249.6,3283.04,2938.005,9.19540229885058,3323.6,27.49333333333334,0.5599999999999454,-0.1908602150537635,3405.0,3075.0,3060.0,3015.0,101600.0
2022-01-18,3045.0,3110.0,2977.0,3030.0,2700.103271484375,96900.0,3192.5,3239.2,3287.52,2938.13,4.819277108433738,3312.5,26.01333333333332,-0.375,-0.1777476255088195,3405.0,3105.0,3010.0,3085.0,64100.0
2022-01-19,2950.0,2995.0,2815.0,2838.0,2529.0078125,186900.0,3166.15,3221.12,3289.0533333333333,2937.295,3.5273368606701894,3293.56,21.853333333333467,-0.9600000000000364,-0.2298507462686567,3405.0,3110.0,3030.0,3045.0,96900.0
2022-01-20,2832.0,2867.0,2762.0,2811.0,2504.947265625,157700.0,3138.45,3201.96,3290.2266666666665,2936.325,4.830917874396135,3272.48,17.586666666666588,-2.055000000000291,-0.2371777476255088,3405.0,2995.0,2838.0,2950.0,186900.0
2022-01-21,2731.0,2759.0,2698.0,2750.0,2450.58935546875,125600.0,3107.7,3166.96,3290.5866666666666,2935.165,4.705882352941174,3254.68,12.413333333333412,-2.8150000000000546,-0.2705570291777188,3405.0,2867.0,2811.0,2832.0,157700.0
2022-01-22,2731.0,2759.0,2698.0,2750.0,2450.58935546875,125600.0,3076.95,3135.16,3291.96,2933.49,4.705882352941174,3239.88,8.920000000000073,-4.515000000000327,-0.2705570291777188,3405.0,2759.0,2750.0,2731.0,125600.0
2022-01-23,2731.0,2759.0,2698.0,2750.0,2450.58935546875,125600.0,3046.2,3109.96,3293.173333333333,2931.99,4.705882352941174,3225.08,5.653333333333194,-6.140000000000327,-0.2476060191518467,3405.0,2759.0,2750.0,2731.0,125600.0
2022-01-24,2673.0,2747.0,2638.0,2726.0,2429.201904296875,117200.0,3012.25,3084.4,3293.76,2930.83,4.454342984409792,3209.8,4.7066666666669335,-6.4650000000001455,-0.2510989010989011,3365.0,2759.0,2750.0,2731.0,125600.0
2022-01-25,2761.0,2764.0,2582.0,2617.0,2332.069580078125,123800.0,2974.85,3054.48,3293.293333333333,2928.84,3.649635036496349,3194.44,3.066666666667061,-7.484999999999673,-0.2638537271448664,3185.0,2747.0,2726.0,2673.0,117200.0
2022-01-26,2630.0,2668.0,2591.0,2629.0,2342.762451171875,97100.0,2947.05,3025.04,3291.733333333333,2926.91,5.92592592592591,3177.92,1.1466666666665333,-8.25500000000011,-0.260478199718706,3135.0,2764.0,2617.0,2761.0,123800.0
2022-01-27,2640.0,2689.0,2483.0,2502.0,2229.590576171875,162700.0,2915.4,2990.52,3288.48,2924.345,4.984423676012469,3158.16,-3.480000000000018,-9.144999999999982,-0.2962025316455696,3135.0,2668.0,2629.0,2630.0,97100.0
2022-01-28,2515.0,2563.0,2438.0,2536.0,2259.888671875,136000.0,2885.45,2957.36,3285.68,2922.025,10.0609756097561,3140.98,-7.493333333333339,-9.96499999999969,-0.2926080892608089,3135.0,2689.0,2502.0,2640.0,162700.0
2022-01-29,2515.0,2563.0,2438.0,2536.0,2259.888671875,136000.0,2855.5,2922.6,3280.866666666667,2918.955,10.0609756097561,3125.2,-12.89333333333343,-11.875,-0.3299867899603699,3135.0,2563.0,2536.0,2515.0,136000.0
2022-01-30,2515.0,2563.0,2438.0,2536.0,2259.888671875,136000.0,2825.55,2889.44,3269.346666666667,2915.36,10.0609756097561,3109.42,-23.946666666666715,-13.480000000000018,-0.3438551099611902,3125.0,2563.0,2536.0,2515.0,136000.0
2022-01-31,2524.0,2657.0,2515.0,2646.0,2357.912109375,129000.0,2801.6,2867.88,3254.826666666667,2913.795,24.581005586592184,3095.84,-36.9066666666663,-13.114999999999782,-0.2730769230769231,3105.0,2563.0,2536.0,2515.0,136000.0
2022-02-01,2735.0,2779.0,2646.0,2656.0,2366.8232421875,176600.0,2779.15,2848.72,3240.64,2912.26,23.51274787535411,3082.16,-47.84000000000015,-12.084999999999582,-0.2389684813753582,3080.0,2657.0,2646.0,2524.0,129000.0
2022-02-02,2720.0,2754.0,2656.0,2748.0,2448.806396484375,109900.0,2762.55,2833.24,3228.1466666666665,2911.185,42.574257425742566,3072.02,-57.5333333333333,-10.840000000000146,-0.2126074498567335,3060.0,2779.0,2656.0,2735.0,176600.0
2022-02-03,2698.0,2698.0,2602.0,2628.0,2341.871826171875,138800.0,2740.95,2812.96,3214.0533333333333,2909.51,36.90987124463519,3059.88,-66.8133333333335,-9.444999999999707,-0.2469914040114613,3060.0,2754.0,2748.0,2720.0,109900.0
2022-02-04,2630.0,2719.0,2577.0,2704.0,2409.596923828125,103700.0,2723.15,2795.72,3200.9733333333334,2908.835,46.77871148459384,3045.86,-68.37333333333345,-6.525000000000091,-0.2011816838995568,3060.0,2698.0,2628.0,2698.0,138800.0
2022-02-05,2630.0,2719.0,2577.0,2704.0,2409.596923828125,103700.0,2705.35,2778.88,3186.76,2908.16,46.77871148459384,3033.54,-68.0666666666666,-5.635000000000218,-0.2173661360347323,3030.0,2719.0,2704.0,2630.0,103700.0
2022-02-06,2630.0,2719.0,2577.0,2704.0,2409.596923828125,103700.0,2690.05,2762.84,3172.5466666666666,2907.04,46.77871148459384,3021.22,-68.09333333333325,-5.220000000000255,-0.2252148997134671,3030.0,2719.0,2704.0,2630.0,103700.0
2022-02-07,2704.0,2731.0,2600.0,2632.0,2345.436279296875,80400.0,2670.15,2744.92,3158.9066666666668,2905.56,43.83202099737533,3007.46,-69.23999999999978,-5.625,-0.2247422680412371,2838.0,2719.0,2704.0,2630.0,103700.0
2022-02-08,2640.0,2665.0,2599.0,2609.0,2324.940673828125,59200.0,2658.7,2726.88,3145.16,2903.965,49.40828402366864,2997.34,-68.89333333333343,-5.545000000000073,-0.2153383458646616,2811.0,2731.0,2632.0,2704.0,80400.0
2022-02-09,2619.0,2706.0,2619.0,2703.0,2408.7060546875,64700.0,2653.3,2712.6,3133.8,2902.84,54.88126649076517,2988.8,-67.17333333333318,-5.994999999999891,-0.1870676691729323,2750.0,2665.0,2609.0,2640.0,59200.0
2022-02-10,2797.0,2797.0,2690.0,2731.0,2433.65771484375,86700.0,2652.35,2699.44,3122.813333333333,2901.855,67.37481031866464,2979.62,-63.94666666666672,-6.304999999999836,-0.1786466165413534,2750.0,2706.0,2703.0,2619.0,64700.0
2022-02-11,2797.0,2797.0,2690.0,2731.0,2433.65771484375,86700.0,2651.4,2688.28,3111.826666666667,2900.7,65.6,2968.94,-60.7199999999998,-6.3400000000001455,-0.1823353293413173,2750.0,2797.0,2731.0,2797.0,86700.0
2022-02-12,2797.0,2797.0,2690.0,2731.0,2433.65771484375,86700.0,2650.45,2676.32,3100.44,2899.68,65.6,2957.76,-58.4666666666667,-5.880000000000109,-0.1609831029185867,2748.0,2797.0,2731.0,2797.0,86700.0
2022-02-13,2797.0,2797.0,2690.0,2731.0,2433.65771484375,86700.0,2650.7,2672.04,3086.3866666666668,2899.395,65.6,2946.58,-58.773333333333085,-4.570000000000164,-0.1557959814528593,2748.0,2797.0,2731.0,2797.0,86700.0
2022-02-14,2631.0,2661.0,2591.0,2633.0,2346.32763671875,140200.0,2651.5,2664.92,3069.96,2898.22,48.939641109298535,2933.44,-63.84000000000015,-4.620000000000346,-0.2267254038179148,2748.0,2797.0,2731.0,2797.0,86700.0
2022-02-15,2583.0,2583.0,2430.0,2432.0,2167.211669921875,265800.0,2641.65,2652.2,3053.853333333333,2896.145,36.069651741293534,2909.58,-68.96000000000004,-5.710000000000036,-0.2674698795180723,2748.0,2661.0,2633.0,2631.0,140200.0
2022-02-16,2518.0,2648.0,2506.0,2640.0,2352.5654296875,176500.0,2648.55,2647.8,3042.52,2895.11,44.13043478260869,2891.48,-69.30666666666684,-5.589999999999691,-0.2048192771084337,2748.0,2583.0,2432.0,2583.0,265800.0
2022-02-17,2640.0,2668.0,2578.0,2589.0,2307.117919921875,100600.0,2651.2,2641.36,3030.5066666666667,2893.82,47.708578143360754,2875.66,-69.9333333333334,-5.859999999999673,-0.2201807228915663,2748.0,2648.0,2640.0,2518.0,176500.0
2022-02-18,2500.0,2580.0,2472.0,2546.0,2268.7998046875,144700.0,2651.7,2634.16,3017.92,2892.575,40.34229828850856,2859.28,-68.4666666666667,-6.820000000000164,-0.1826645264847511,2748.0,2668.0,2589.0,2640.0,100600.0
2022-02-19,2500.0,2580.0,2472.0,2546.0,2268.7998046875,144700.0,2652.2,2631.32,3006.733333333333,2891.43,40.34229828850856,2842.9,-63.22666666666692,-6.789999999999964,-0.1865814696485622,2748.0,2580.0,2546.0,2500.0,144700.0
2022-02-20,2500.0,2580.0,2472.0,2546.0,2268.7998046875,144700.0,2647.2,2628.0,2994.613333333333,2890.36,40.34229828850856,2826.52,-59.24000000000024,-5.784999999999855,-0.2018808777429467,2748.0,2580.0,2546.0,2500.0,144700.0
2022-02-21,2475.0,2509.0,2420.0,2485.0,2214.441162109375,75000.0,2638.65,2627.32,2981.213333333333,2888.73,40.89219330855019,2808.92,-61.30666666666684,-6.380000000000109,-0.2388973966309341,2748.0,2580.0,2546.0,2500.0,144700.0
2022-02-22,2411.0,2429.0,2341.0,2376.0,2117.30859375,122600.0,2620.05,2620.92,2967.6266666666666,2886.59,36.95408734602464,2789.14,-62.88000000000011,-7.230000000000018,-0.2778115501519757,2731.0,2509.0,2485.0,2475.0,75000.0
2022-02-23,2411.0,2429.0,2341.0,2376.0,2117.30859375,122600.0,2607.45,2614.52,2954.9733333333334,2884.45,29.5369211514393,2768.56,-62.94666666666672,-8.125,-0.2778115501519757,2731.0,2429.0,2376.0,2411.0,122600.0
2022-02-24,2326.0,2345.0,2249.0,2276.0,2028.1966552734373,127900.0,2586.05,2604.12,2940.9866666666667,2881.81,23.88059701492537,2746.78,-65.74666666666644,-9.61999999999989,-0.3082066869300912,2731.0,2429.0,2376.0,2411.0,122600.0
2022-02-25,2398.0,2468.0,2369.0,2467.0,2198.400634765625,100000.0,2574.2,2596.96,2929.5466666666666,2880.125,37.57062146892656,2732.42,-65.0666666666666,-10.235000000000127,-0.3194482758620689,2731.0,2345.0,2276.0,2326.0,127900.0
2022-02-26,2398.0,2468.0,2369.0,2467.0,2198.400634765625,100000.0,2562.35,2589.4,2917.9066666666668,2878.025,37.57062146892656,2719.06,-63.30666666666639,-10.704999999999927,-0.3040902679830747,2731.0,2468.0,2467.0,2398.0,100000.0
2022-02-27,2398.0,2468.0,2369.0,2467.0,2198.400634765625,100000.0,2554.1,2578.16,2907.4,2876.15,37.57062146892656,2705.7,-60.22666666666646,-10.440000000000056,-0.2701183431952663,2731.0,2468.0,2467.0,2398.0,100000.0
2022-02-28,2488.0,2499.0,2444.0,2482.0,2211.767578125,77500.0,2547.75,2572.32,2897.36,2874.305,42.28804902962207,2692.64,-57.61333333333323,-10.144999999999982,-0.2624071322436849,2731.0,2468.0,2467.0,2398.0,100000.0
2022-03-01,2500.0,2564.0,2500.0,2538.0,2261.67041015625,65600.0,2539.5,2565.68,2885.8,2873.04,56.35491606714628,2680.7,-55.1866666666665,-8.769999999999982,-0.2457652303120356,2731.0,2499.0,2482.0,2488.0,77500.0
2022-03-02,2505.0,2532.0,2458.0,2484.0,2213.55029296875,65100.0,2527.15,2556.88,2874.653333333333,2871.505,38.52941176470589,2667.88,-54.89333333333343,-8.61999999999989,-0.2618127786032689,2731.0,2564.0,2538.0,2500.0,65600.0
2022-03-03,2528.0,2567.0,2482.0,2490.0,2218.896728515625,66000.0,2515.1,2548.32,2863.5866666666666,2870.0,42.204724409448815,2655.58,-54.32000000000016,-8.025000000000091,-0.2600297176820207,2731.0,2532.0,2484.0,2505.0,65100.0
2022-03-04,2489.0,2489.0,2359.0,2422.0,2158.300537109375,124300.0,2499.65,2539.92,2851.613333333333,2868.705,40.6060606060606,2642.42,-55.78666666666686,-7.445000000000164,-0.2802377414561664,2731.0,2567.0,2490.0,2528.0,66000.0
2022-03-05,2489.0,2489.0,2359.0,2422.0,2158.300537109375,124300.0,2484.2,2532.44,2842.373333333333,2867.385,40.6060606060606,2629.66,-54.98666666666668,-6.919999999999618,-0.2886930983847283,2640.0,2489.0,2422.0,2489.0,124300.0
2022-03-06,2489.0,2489.0,2359.0,2422.0,2158.300537109375,124300.0,2473.65,2521.2,2832.9333333333334,2866.36,40.6060606060606,2616.9,-52.86666666666679,-6.679999999999836,-0.2802377414561664,2640.0,2489.0,2422.0,2489.0,124300.0
2022-03-07,2350.0,2374.0,2253.0,2357.0,2100.377197265625,152900.0,2469.9,2506.24,2821.826666666667,2865.19,40.36144578313254,2602.84,-52.82666666666637,-6.315000000000055,-0.2599686028257456,2640.0,2489.0,2422.0,2489.0,124300.0
2022-03-08,2261.0,2384.0,2222.0,2287.0,2037.9991455078125,142200.0,2452.25,2488.48,2808.786666666667,2864.295,42.88,2588.38,-54.79999999999973,-5.704999999999927,-0.2704944178628389,2589.0,2374.0,2357.0,2350.0,152900.0
2022-03-09,2301.0,2360.0,2258.0,2301.0,2050.474365234375,67900.0,2437.85,2471.28,2795.6,2863.47,44.13145539906103,2573.8,-56.01333333333332,-5.235000000000127,-0.2660287081339713,2546.0,2384.0,2287.0,2261.0,142200.0
2022-03-10,2451.0,2459.0,2405.0,2456.0,2188.5986328125,93000.0,2433.35,2460.28,2784.48,2863.42,62.96829971181556,2566.16,-57.89333333333343,-3.9650000000001455,-0.2165869218500797,2546.0,2360.0,2301.0,2301.0,67900.0
2022-03-11,2408.0,2420.0,2329.0,2365.0,2107.50634765625,63600.0,2424.3,2449.56,2772.1466666666665,2862.64,41.41414141414141,2557.24,-60.78666666666686,-3.720000000000255,-0.2456140350877192,2546.0,2459.0,2456.0,2451.0,93000.0
2022-03-12,2408.0,2420.0,2329.0,2365.0,2107.50634765625,63600.0,2415.25,2446.88,2755.346666666667,2861.295,41.41414141414141,2549.54,-66.48000000000002,-3.894999999999982,-0.2431999999999999,2538.0,2420.0,2365.0,2408.0,63600.0
2022-03-13,2408.0,2420.0,2329.0,2365.0,2107.50634765625,63600.0,2409.25,2435.88,2739.613333333333,2860.225,41.41414141414141,2541.84,-69.17333333333363,-4.070000000000164,-0.2383252818035426,2538.0,2420.0,2365.0,2408.0,63600.0
2022-03-14,2377.0,2448.0,2366.0,2392.0,2131.566650390625,52500.0,2410.05,2428.0,2726.44,2859.36,42.574257425742566,2534.68,-69.15999999999985,-4.109999999999673,-0.2233766233766233,2538.0,2420.0,2365.0,2408.0,63600.0
2022-03-15,2368.0,2443.0,2347.0,2430.0,2165.429443359375,68900.0,2412.75,2423.36,2713.9733333333334,2858.785,40.81632653061224,2528.76,-70.50666666666666,-4.635000000000218,-0.2058823529411765,2538.0,2448.0,2392.0,2377.0,52500.0
2022-03-16,2480.0,2480.0,2410.0,2475.0,2205.530029296875,77000.0,2422.7,2420.52,2702.1066666666666,2858.435,49.22279792746114,2525.92,-70.03999999999996,-4.204999999999927,-0.1911764705882352,2538.0,2443.0,2430.0,2368.0,68900.0
2022-03-17,2600.0,2669.0,2592.0,2641.0,2353.4560546875,116100.0,2431.4,2424.32,2692.4533333333334,2858.915,60.216508795669824,2526.16,-62.89333333333343,-2.380000000000109,-0.1369281045751633,2641.0,2480.0,2475.0,2480.0,77000.0
2022-03-18,2653.0,2697.0,2607.0,2656.0,2366.8232421875,85500.0,2440.85,2431.16,2683.0,2859.26,67.05539358600583,2529.24,-56.61333333333323,-0.9649999999996908,-0.1176079734219268,2656.0,2669.0,2641.0,2600.0,116100.0
2022-03-19,2653.0,2697.0,2607.0,2656.0,2366.8232421875,85500.0,2450.3,2442.36,2673.5466666666666,2859.315,67.05539358600583,2531.64,-52.89333333333343,-0.0450000000000727,-0.1234323432343234,2656.0,2697.0,2656.0,2653.0,85500.0
2022-03-20,2653.0,2697.0,2607.0,2656.0,2366.8232421875,85500.0,2459.0,2453.56,2663.56,2859.38,67.05539358600583,2534.04,-50.41333333333341,0.5950000000002547,-0.0641296687808316,2656.0,2697.0,2656.0,2653.0,85500.0
2022-03-21,2653.0,2697.0,2607.0,2656.0,2366.8232421875,85500.0,2464.9,2468.76,2654.1066666666666,2859.415,74.07407407407408,2536.44,-48.0,0.9800000000000182,-0.0551405193881181,2656.0,2697.0,2656.0,2653.0,85500.0
2022-03-22,2700.0,2726.0,2601.0,2614.0,2329.39599609375,81300.0,2471.4,2474.64,2646.4933333333333,2858.865,77.5716694772344,2535.8,-45.96000000000004,-0.0500000000001819,-0.0494545454545454,2656.0,2697.0,2656.0,2653.0,85500.0
2022-03-23,2680.0,2737.0,2650.0,2723.0,2426.528564453125,87300.0,2483.05,2484.88,2641.0,2858.86,80.6686046511628,2537.14,-42.0,-0.4000000000000909,-0.0098181818181818,2723.0,2726.0,2614.0,2700.0,81300.0
2022-03-24,2682.0,2775.0,2666.0,2774.0,2471.975830078125,70100.0,2500.65,2497.16,2636.1866666666665,2859.11,77.22602739726028,2537.66,-37.36000000000013,-0.2049999999999272,0.0087272727272726,2774.0,2737.0,2723.0,2680.0,87300.0
2022-03-25,2824.0,2853.0,2724.0,2817.0,2510.293701171875,124000.0,2520.4,2510.56,2631.9466666666667,2859.315,92.1641791044776,2541.44,-31.61333333333323,-0.0650000000000545,0.0333822450476888,2817.0,2775.0,2774.0,2682.0,70100.0
2022-03-26,2824.0,2853.0,2724.0,2817.0,2510.293701171875,124000.0,2540.15,2521.72,2627.7066666666665,2859.73,92.1641791044776,2543.7,-26.40000000000009,0.3150000000000545,0.0764233855559801,2817.0,2853.0,2817.0,2824.0,124000.0
2022-03-27,2824.0,2853.0,2724.0,2817.0,2510.293701171875,124000.0,2563.15,2535.04,2623.6,2860.055,92.1641791044776,2545.96,-22.89333333333343,1.1900000000000546,0.0715100798782806,2817.0,2853.0,2817.0,2824.0,124000.0
2022-03-28,2814.0,2814.0,2708.0,2736.0,2438.11328125,147900.0,2585.6,2544.88,2618.68,2860.195,79.15254237288136,2546.6,-22.320000000000164,1.3350000000000364,0.0935251798561151,2817.0,2853.0,2817.0,2824.0,124000.0
2022-03-29,2745.0,2765.0,2638.0,2689.0,2396.230224609375,255900.0,2605.0,2555.56,2613.4666666666667,2859.725,71.61936560934892,2547.74,-22.7199999999998,0.6149999999997817,0.0603312302839116,2817.0,2814.0,2736.0,2814.0,147900.0
2022-03-30,2715.0,2772.0,2700.0,2760.0,2481.649658203125,82500.0,2620.2,2569.08,2609.4666666666667,2859.61,72.8,2550.76,-22.48000000000001,0.2950000000000727,0.088328075709779,2817.0,2765.0,2689.0,2745.0,255900.0
2022-03-31,2710.0,2726.0,2662.0,2678.0,2407.9189453125,76700.0,2635.85,2579.32,2604.373333333333,2859.085,53.41959334565619,2550.26,-23.33333333333303,-0.6449999999999818,0.0559936908517351,2817.0,2772.0,2760.0,2715.0,82500.0
2022-04-01,2633.0,2640.0,2541.0,2567.0,2308.11376953125,192400.0,2645.95,2587.72,2597.8,2857.6,43.01412872841445,2546.98,-25.799999999999727,-2.4549999999999272,-0.029856386999244,2817.0,2726.0,2678.0,2710.0,76700.0
2022-04-02,2633.0,2640.0,2541.0,2567.0,2308.11376953125,192400.0,2656.05,2598.92,2591.893333333333,2856.06,43.01412872841445,2543.7,-26.78666666666641,-4.135000000000218,-0.0335090361445783,2817.0,2640.0,2567.0,2633.0,192400.0
2022-04-03,2633.0,2640.0,2541.0,2567.0,2308.11376953125,192400.0,2664.8,2609.56,2585.72,2854.78,43.01412872841445,2540.42,-27.746666666666897,-4.944999999999709,-0.0658660844250363,2817.0,2640.0,2567.0,2633.0,192400.0
2022-04-04,2580.0,2635.0,2557.0,2627.0,2362.062744140625,70600.0,2674.65,2616.4,2582.9066666666668,2854.24,47.91965566714491,2538.34,-26.559999999999945,-5.370000000000346,-0.0003805175038051,2817.0,2640.0,2567.0,2633.0,192400.0
2022-04-05,2683.0,2715.0,2645.0,2645.0,2378.247314453125,93800.0,2683.15,2627.6,2580.693333333333,2853.65,52.30312035661219,2538.58,-23.68000000000029,-5.434999999999945,-0.0218195266272189,2817.0,2635.0,2627.0,2580.0,70600.0
2022-04-06,2580.0,2618.0,2531.0,2555.0,2297.32421875,80100.0,2678.85,2635.2,2578.093333333333,2852.61,37.1559633027523,2541.04,-19.706666666666933,-4.989999999999782,-0.055103550295858,2817.0,2715.0,2645.0,2683.0,93800.0
2022-04-07,2501.0,2513.0,2431.0,2449.0,2202.014404296875,85500.0,2668.5,2638.56,2574.08,2851.04,27.08039492242594,2537.22,-17.813333333333503,-5.019999999999982,-0.0943047337278106,2817.0,2618.0,2555.0,2580.0,80100.0
2022-04-08,2449.0,2470.0,2344.0,2375.0,2135.477294921875,121100.0,2654.45,2637.88,2569.08,2849.1,20.13513513513513,2532.94,-16.639999999999873,-5.680000000000291,-0.097644376899696,2817.0,2513.0,2449.0,2501.0,85500.0
2022-04-09,2449.0,2470.0,2344.0,2375.0,2135.477294921875,121100.0,2640.4,2635.68,2564.4,2847.635,20.13513513513513,2529.52,-18.50666666666666,-6.604999999999563,-0.0896895362207742,2817.0,2470.0,2375.0,2449.0,121100.0
2022-04-10,2449.0,2470.0,2344.0,2375.0,2135.477294921875,121100.0,2626.35,2631.68,2561.173333333333,2846.385,20.13513513513513,2526.1,-19.519999999999985,-7.264999999999873,-0.1213466518682945,2817.0,2470.0,2375.0,2449.0,121100.0
2022-04-11,2330.0,2359.0,2268.0,2277.0,2047.3607177734373,130700.0,2609.5,2617.12,2556.48,2844.645,19.682959048877137,2520.72,-21.61333333333323,-7.9650000000001455,-0.1662394727206151,2817.0,2470.0,2375.0,2449.0,121100.0
2022-04-12,2251.0,2270.0,2196.0,2202.0,1979.9244384765625,130200.0,2583.45,2598.96,2552.48,2841.25,18.980891719745216,2515.06,-21.59999999999991,-9.789999999999964,-0.1937019406810691,2817.0,2359.0,2277.0,2330.0,130700.0
2022-04-13,2212.0,2304.0,2212.0,2304.0,2071.6376953125,78400.0,2559.95,2584.88,2549.3866666666668,2838.365,22.05882352941176,2513.62,-19.69333333333316,-10.735000000000127,-0.1563529842548516,2817.0,2270.0,2202.0,2251.0,130200.0
2022-04-14,2298.0,2321.0,2257.0,2288.0,2057.2509765625,54700.0,2533.5,2570.16,2546.08,2835.4,24.0,2511.86,-18.320000000000164,-12.235000000000127,-0.1622116440864152,2817.0,2304.0,2304.0,2212.0,78400.0
2022-04-15,2258.0,2266.0,2223.0,2230.0,2005.100830078125,65400.0,2504.15,2553.12,2542.0,2831.65,25.824964131994264,2510.94,-19.173333333333176,-14.735000000000127,-0.153057349031523,2817.0,2321.0,2288.0,2298.0,54700.0
2022-04-16,2258.0,2266.0,2223.0,2230.0,2005.100830078125,65400.0,2474.8,2537.76,2536.4533333333334,2828.31,25.824964131994264,2506.2,-20.02666666666664,-16.335000000000036,-0.0830592105263158,2760.0,2266.0,2230.0,2258.0,65400.0
2022-04-17,2258.0,2266.0,2223.0,2230.0,2005.100830078125,65400.0,2449.5,2518.04,2530.773333333333,2825.425,25.824964131994264,2501.46,-21.70666666666648,-15.824999999999818,-0.1553030303030302,2760.0,2266.0,2230.0,2258.0,65400.0
2022-04-18,2215.0,2247.0,2184.0,2247.0,2020.38623046875,79600.0,2427.4,2496.96,2524.093333333333,2823.22,20.948012232415905,2497.06,-25.29333333333352,-15.144999999999982,-0.1320973348783314,2760.0,2266.0,2230.0,2258.0,65400.0
2022-04-19,2275.0,2357.0,2269.0,2339.0,2103.10791015625,75900.0,2406.35,2477.84,2520.24,2821.77,28.98351648351648,2494.2,-25.840000000000146,-13.63000000000011,-0.0813040062843676,2678.0,2247.0,2247.0,2215.0,79600.0
2022-04-20,2398.0,2400.0,2297.0,2297.0,2065.34375,90000.0,2387.3,2457.04,2514.813333333333,2820.11,31.029411764705884,2489.38,-27.186666666666497,-11.539999999999964,-0.0978004713275726,2645.0,2357.0,2339.0,2275.0,75900.0
2022-04-21,2336.0,2382.0,2305.0,2372.0,2132.77978515625,93300.0,2377.55,2439.24,2510.3866666666668,2818.825,44.06779661016949,2487.14,-26.06666666666661,-9.485000000000127,-0.0683424980361351,2645.0,2400.0,2297.0,2398.0,90000.0
2022-04-22,2322.0,2366.0,2322.0,2334.0,2098.61181640625,69000.0,2365.9,2423.16,2505.4533333333334,2818.015,46.6557911908646,2484.02,-25.320000000000164,-7.410000000000309,-0.0607645875251509,2645.0,2382.0,2372.0,2336.0,93300.0
2022-04-23,2322.0,2366.0,2322.0,2334.0,2098.61181640625,69000.0,2354.25,2408.96,2501.48,2817.26,46.6557911908646,2482.26,-22.61333333333323,-5.959999999999582,-0.0176767676767676,2645.0,2366.0,2334.0,2322.0,69000.0
2022-04-24,2322.0,2366.0,2322.0,2334.0,2098.61181640625,69000.0,2339.6,2391.92,2497.813333333333,2816.7,46.6557911908646,2480.5,-22.42666666666628,-5.070000000000164,-0.0176767676767676,2645.0,2366.0,2334.0,2322.0,69000.0
2022-04-25,2260.0,2267.0,2210.0,2221.0,1997.0086669921875,94300.0,2318.4,2373.64,2491.3866666666668,2815.555,45.54140127388535,2476.48,-23.426666666666733,-4.555000000000291,-0.0241652021089631,2555.0,2366.0,2334.0,2322.0,69000.0
2022-04-26,2290.0,2304.0,2251.0,2279.0,2049.158935546875,63500.0,2304.6,2362.12,2485.36,2814.76,56.301145662847794,2474.92,-25.02666666666664,-4.0649999999996,-0.0762059181191731,2449.0,2267.0,2221.0,2260.0,94300.0
2022-04-27,2210.0,2237.0,2194.0,2233.0,2007.7982177734373,113700.0,2293.8,2348.76,2478.72,2813.735,43.6036036036036,2473.84,-26.733333333333576,-4.279999999999745,-0.0948520470206728,2375.0,2304.0,2279.0,2290.0,63500.0
2022-04-28,2257.0,2294.0,2214.0,2290.0,2059.0498046875,64100.0,2289.55,2337.68,2472.84,2812.995,50.16778523489933,2473.62,-28.63999999999988,-4.265000000000327,-0.0717470612079448,2375.0,2237.0,2233.0,2210.0,113700.0
2022-04-29,2257.0,2294.0,2214.0,2290.0,2059.0498046875,64100.0,2285.3,2324.2,2466.96,2812.525,55.57620817843866,2470.3,-30.853333333333467,-4.174999999999727,-0.0773569701853343,2375.0,2294.0,2290.0,2257.0,64100.0
2022-04-30,2257.0,2294.0,2214.0,2290.0,2059.0498046875,64100.0,2281.05,2310.0,2462.3866666666668,2812.065,55.57620817843866,2468.8,-29.0,-3.4899999999997817,-0.0977147360126083,2372.0,2294.0,2290.0,2257.0,64100.0
2022-05-01,2257.0,2294.0,2214.0,2290.0,2059.0498046875,64100.0,2281.7,2299.4,2460.4933333333333,2812.105,55.57620817843866,2467.3,-24.866666666666788,-2.6550000000002,-0.0780998389694042,2372.0,2294.0,2290.0,2257.0,64100.0
2022-05-02,2255.0,2297.0,2229.0,2243.0,2016.7896728515625,45600.0,2283.75,2291.16,2455.2,2811.495,49.647887323943664,2464.86,-23.519999999999985,-2.2400000000002365,-0.0991967871485943,2372.0,2294.0,2290.0,2257.0,64100.0
2022-05-03,2255.0,2297.0,2229.0,2243.0,2016.7896728515625,45600.0,2280.7,2285.88,2450.5866666666666,2810.065,39.91596638655462,2461.88,-22.25333333333356,-2.9299999999998363,-0.073905862923204,2372.0,2297.0,2243.0,2255.0,45600.0
2022-05-04,2255.0,2297.0,2229.0,2243.0,2016.7896728515625,45600.0,2278.45,2280.6,2446.5466666666666,2808.635,43.77880184331798,2458.14,-20.41333333333341,-3.8899999999998727,-0.073905862923204,2372.0,2297.0,2243.0,2255.0,45600.0
2022-05-05,2255.0,2297.0,2229.0,2243.0,2016.7896728515625,45600.0,2279.1,2275.32,2442.5066666666667,2807.205,32.033426183844014,2453.5,-19.88000000000011,-4.860000000000127,-0.073905862923204,2372.0,2297.0,2243.0,2255.0,45600.0
2022-05-06,2255.0,2279.0,2212.0,2275.0,2045.5625,61500.0,2281.35,2275.24,2438.893333333333,2805.645,41.64305949008498,2446.18,-21.59999999999991,-6.460000000000036,-0.0347899872719559,2372.0,2297.0,2243.0,2255.0,45600.0
2022-05-07,2255.0,2279.0,2212.0,2275.0,2045.5625,61500.0,2283.6,2278.16,2436.093333333333,2804.0,41.64305949008498,2438.56,-19.10666666666657,-7.494999999999891,-0.0052470485351989,2372.0,2279.0,2275.0,2255.0,61500.0
2022-05-08,2255.0,2279.0,2212.0,2275.0,2045.5625,61500.0,2285.0,2277.0,2434.7466666666664,2802.65,41.64305949008498,2430.94,-15.840000000000146,-7.414999999999964,-0.0112994350282485,2372.0,2279.0,2275.0,2255.0,61500.0
2022-05-09,2253.0,2264.0,2226.0,2228.0,2003.3026123046875,53900.0,2279.45,2274.6,2432.773333333333,2801.47,51.21951219512195,2422.38,-13.773333333333085,-7.165000000000418,-0.0928338762214984,2372.0,2279.0,2275.0,2255.0,61500.0
2022-05-10,2205.0,2239.0,2151.0,2226.0,2001.504150390625,81200.0,2275.9,2274.44,2432.1066666666666,2799.92,38.52813852813852,2413.78,-10.400000000000093,-7.2849999999998545,-0.0587737843551796,2372.0,2264.0,2228.0,2253.0,53900.0
2022-05-11,2215.0,2253.0,2188.0,2237.0,2011.394775390625,73600.0,2269.15,2274.72,2429.04,2798.425,51.02040816326532,2406.24,-9.853333333333469,-7.2199999999998,-0.054122621564482,2334.0,2239.0,2226.0,2205.0,81200.0
2022-05-12,2187.0,2214.0,2172.0,2181.0,1961.04248046875,76700.0,2261.5,2272.76,2425.2266666666665,2796.65,22.05128205128205,2395.4,-10.866666666666788,-7.349999999999909,-0.0778012684989428,2334.0,2253.0,2237.0,2215.0,73600.0
2022-05-13,2200.0,2280.0,2200.0,2275.0,2045.5625,134700.0,2258.55,2273.88,2422.6666666666665,2795.39,47.40484429065744,2385.42,-12.079999999999927,-7.260000000000218,-0.0489130434782608,2334.0,2214.0,2181.0,2187.0,76700.0
2022-05-14,2200.0,2280.0,2200.0,2275.0,2045.5625,134700.0,2255.6,2271.32,2419.9066666666668,2793.75,47.40484429065744,2374.58,-12.866666666666788,-7.7199999999998,-0.0637860082304526,2290.0,2280.0,2275.0,2200.0,134700.0
2022-05-15,2200.0,2280.0,2200.0,2275.0,2045.5625,134700.0,2258.3,2270.44,2416.4,2792.15,47.40484429065744,2363.74,-15.70666666666648,-7.769999999999982,-0.0808080808080807,2290.0,2280.0,2275.0,2200.0,134700.0
2022-05-16,2775.0,2775.0,2580.0,2657.0,2389.037109375,528500.0,2277.2,2281.84,2418.7066666666665,2792.455,83.17307692307692,2360.54,-10.333333333333483,-5.970000000000255,0.0060583112457401,2657.0,2280.0,2275.0,2200.0,134700.0
2022-05-17,2684.0,2770.0,2612.0,2729.0,2453.775634765625,230400.0,2302.0,2297.64,2421.893333333333,2792.935,84.91379310344828,2360.4,-3.33333333333303,-3.7150000000001455,0.0274849397590362,2729.0,2775.0,2657.0,2775.0,528500.0
2022-05-18,2797.0,2842.0,2749.0,2751.0,2473.55712890625,190600.0,2325.05,2314.32,2426.28,2793.525,85.37604456824512,2361.64,3.613333333333685,-1.8649999999997813,0.0357680722891566,2751.0,2770.0,2729.0,2684.0,230400.0
2022-05-19,2651.0,2705.0,2651.0,2670.0,2400.725830078125,160100.0,2344.05,2327.76,2429.5866666666666,2793.71,76.72090112640801,2359.84,9.679999999999836,-0.0399999999999636,0.0052710843373493,2751.0,2842.0,2751.0,2797.0,190600.0
2022-05-20,2690.0,2750.0,2659.0,2729.0,2453.775634765625,96600.0,2366.0,2348.08,2433.68,2794.095,77.4818401937046,2360.86,17.279999999999745,1.944999999999709,0.0274849397590362,2751.0,2705.0,2670.0,2651.0,160100.0
2022-05-21,2690.0,2750.0,2659.0,2729.0,2453.775634765625,96600.0,2387.95,2366.08,2438.64,2794.515,77.4818401937046,2364.1,19.9333333333334,2.059999999999945,0.0439938791124712,2751.0,2750.0,2729.0,2690.0,96600.0
2022-05-22,2690.0,2750.0,2659.0,2729.0,2453.775634765625,96600.0,2412.25,2385.92,2444.5333333333333,2794.935,77.4818401937046,2367.34,22.63999999999988,2.0,0.0022034520749174,2751.0,2750.0,2729.0,2690.0,96600.0
2022-05-23,2765.0,2785.0,2735.0,2765.0,2486.14501953125,125300.0,2438.35,2404.92,2450.72,2795.29,82.94478527607362,2371.3,24.4399999999996,1.764999999999873,-0.0032444124008651,2765.0,2750.0,2729.0,2690.0,96600.0
2022-05-24,2815.0,2959.0,2806.0,2889.0,2597.639892578125,344600.0,2470.65,2428.88,2456.4933333333333,2796.12,85.37886872998934,2376.54,26.90666666666675,2.4099999999998545,0.02555910543131,2889.0,2785.0,2765.0,2765.0,125300.0
2022-05-25,2880.0,2888.0,2751.0,2773.0,2493.33837890625,141100.0,2497.15,2448.2,2461.9333333333334,2796.37,75.71976967370442,2379.1,28.25333333333356,2.275000000000091,-0.0156194533191338,2889.0,2959.0,2889.0,2815.0,344600.0
2022-05-26,2773.0,2781.0,2699.0,2705.0,2432.1962890625,86000.0,2518.65,2464.8,2466.4666666666667,2796.28,74.85768500948767,2382.1,27.826666666666824,1.7650000000003274,-0.0397586084487042,2889.0,2888.0,2773.0,2880.0,141100.0
2022-05-27,2775.0,2795.0,2743.0,2783.0,2502.329833984375,84600.0,2544.05,2486.4,2472.04,2796.96,74.47013487475915,2388.78,27.50666666666666,2.025000000000091,0.0171783625730994,2889.0,2781.0,2705.0,2773.0,86000.0
2022-05-28,2775.0,2795.0,2743.0,2783.0,2502.329833984375,84600.0,2569.45,2508.0,2477.2533333333336,2797.58,74.47013487475915,2396.94,26.53333333333376,2.289999999999964,0.034957233172183,2889.0,2795.0,2783.0,2775.0,84600.0
2022-05-29,2775.0,2795.0,2743.0,2783.0,2502.329833984375,84600.0,2597.2,2529.6,2481.96,2798.085,74.47013487475915,2405.1,25.466666666666697,1.9650000000001453,0.0083333333333333,2889.0,2795.0,2783.0,2775.0,84600.0
2022-05-30,2900.0,2972.0,2888.0,2954.0,2656.08447265625,213900.0,2633.6,2558.04,2488.346666666667,2799.595,67.95646916565902,2416.68,26.41333333333341,3.224999999999909,0.1030619865571322,2954.0,2795.0,2783.0,2775.0,84600.0
2022-05-31,2954.0,2970.0,2890.0,2908.0,2614.723388671875,78500.0,2667.15,2583.36,2491.9066666666668,2800.405,61.17353308364544,2429.3,25.44000000000005,4.125,0.1328398909232566,2954.0,2972.0,2954.0,2900.0,213900.0
2022-06-01,2868.0,2917.0,2830.0,2907.0,2613.824462890625,72500.0,2703.45,2608.64,2495.2533333333336,2801.21,60.0,2443.4,23.2133333333336,4.25,0.1324503311258278,2954.0,2970.0,2908.0,2954.0,78500.0
2022-06-02,2902.0,3000.0,2875.0,2982.0,2681.26025390625,137600.0,2738.8,2636.92,2499.6,2802.39,70.15503875968992,2456.96,22.34666666666635,4.809999999999945,0.1616673159329957,2982.0,2917.0,2907.0,2868.0,72500.0
2022-06-03,3035.0,3085.0,2960.0,2969.0,2669.571533203125,132800.0,2773.5,2666.56,2503.773333333333,2802.75,66.4835164835165,2470.58,21.813333333333503,4.664999999999964,0.1301865245527218,2982.0,3000.0,2982.0,2902.0,137600.0
2022-06-04,3035.0,3085.0,2960.0,2969.0,2669.571533203125,132800.0,2808.2,2696.28,2507.9466666666667,2800.595,66.4835164835165,2485.36,19.59999999999991,1.0,0.1224952741020795,2982.0,3085.0,2969.0,3035.0,132800.0
2022-06-05,3035.0,3085.0,2960.0,2969.0,2669.571533203125,132800.0,2823.8,2725.56,2512.68,2796.765,66.4835164835165,2500.14,20.773333333333085,-3.640000000000328,0.1620352250489236,2982.0,3085.0,2969.0,3035.0,132800.0
2022-06-06,2999.0,3075.0,2982.0,3055.0,2746.89794921875,123500.0,2840.1,2760.52,2517.1066666666666,2793.44,68.6375321336761,2516.64,21.85333333333301,-7.769999999999982,0.2474479379338505,3055.0,3085.0,2969.0,3035.0,132800.0
2022-06-07,3025.0,3050.0,2985.0,2998.0,2695.646484375,76300.0,2852.45,2789.44,2520.093333333333,2790.005,57.66526019690577,2531.66,20.49333333333334,-12.384999999999764,0.2623157894736843,3055.0,3075.0,3055.0,2999.0,123500.0
2022-06-08,3015.0,3050.0,2999.0,3050.0,2742.402587890625,52600.0,2871.45,2820.44,2523.2,2786.83,71.4064914992272,2545.88,19.42666666666628,-15.920000000000073,0.2842105263157894,3055.0,3050.0,2998.0,3025.0,76300.0
2022-06-09,3050.0,3100.0,3015.0,3080.0,2769.376953125,102400.0,2889.0,2852.64,2526.7066666666665,2783.805,80.78817733990148,2561.54,18.759999999999764,-16.789999999999964,0.2968421052631578,3080.0,3050.0,3050.0,3015.0,52600.0
2022-06-10,3010.0,3010.0,2880.0,2907.0,2613.824462890625,145200.0,2897.9,2862.64,2527.9066666666668,2779.49,58.80681818181818,2572.24,15.226666666666915,-17.27500000000009,0.2766798418972331,3080.0,3100.0,3080.0,3050.0,102400.0
2022-06-11,3010.0,3010.0,2880.0,2907.0,2613.824462890625,145200.0,2906.8,2869.76,2530.1866666666665,2775.175,58.80681818181818,2583.7,13.079999999999927,-18.26499999999988,0.3201634877384196,3080.0,3010.0,2907.0,3010.0,145200.0
2022-06-12,3010.0,3010.0,2880.0,2907.0,2613.824462890625,145200.0,2913.9,2876.0,2533.093333333333,2771.435,58.80681818181818,2595.16,13.0,-18.570000000000164,0.26171875,3080.0,3010.0,2907.0,3010.0,145200.0
2022-06-13,2807.0,2904.0,2806.0,2872.0,2582.35400390625,102100.0,2913.05,2884.08,2534.5866666666666,2767.595,42.78169014084507,2605.92,11.38666666666677,-19.235000000000127,0.2552447552447552,3080.0,3010.0,2907.0,3010.0,145200.0
2022-06-14,2795.0,2918.0,2795.0,2916.0,2621.9169921875,76000.0,2920.2,2891.56,2537.76,2764.4,50.70671378091873,2619.82,11.05333333333374,-19.404999999999745,0.3076233183856502,3080.0,2904.0,2872.0,2807.0,102100.0
2022-06-15,2921.0,2960.0,2813.0,2831.0,2545.489013671875,91400.0,2926.5,2895.64,2541.28,2760.78,44.15384615384616,2630.86,13.373333333333449,-18.70999999999958,0.2695067264573991,3080.0,2918.0,2916.0,2795.0,76000.0
2022-06-16,2925.0,2960.0,2837.0,2852.0,2564.370849609375,96000.0,2929.95,2900.56,2545.08,2757.265,39.09395973154363,2643.24,14.89333333333343,-17.91000000000031,0.2789237668161435,3080.0,2960.0,2831.0,2921.0,91400.0
2022-06-17,2727.0,2747.0,2667.0,2698.0,2425.902587890625,94900.0,2925.7,2897.88,2546.826666666667,2752.83,31.614654002713703,2651.4,13.733333333333576,-18.60500000000001,0.2007120605251446,3080.0,2960.0,2852.0,2925.0,96000.0
2022-06-18,2727.0,2747.0,2667.0,2698.0,2425.902587890625,94900.0,2921.45,2890.24,2547.773333333333,2747.395,31.614654002713703,2659.56,13.186666666666952,-20.19999999999981,0.1534843950406157,3080.0,2747.0,2698.0,2727.0,94900.0
2022-06-19,2727.0,2747.0,2667.0,2698.0,2425.902587890625,94900.0,2908.65,2887.24,2548.48,2741.56,31.614654002713703,2667.72,10.7199999999998,-22.840000000000146,0.1745755333043099,3080.0,2747.0,2698.0,2727.0,94900.0
2022-06-20,2683.0,2690.0,2567.0,2622.0,2357.567138671875,84600.0,2894.35,2883.92,2549.373333333333,2736.47,20.2200825309491,2674.36,8.093333333333248,-24.3100000000004,0.1053962900505902,3080.0,2747.0,2698.0,2727.0,94900.0
2022-06-21,2672.0,2768.0,2656.0,2740.0,2463.6669921875,67600.0,2886.0,2882.2,2553.2533333333336,2732.72,33.629441624365484,2684.3,8.17333333333363,-24.54500000000008,0.1739502999143101,3080.0,2690.0,2622.0,2683.0,84600.0
2022-06-22,2780.0,2780.0,2582.0,2598.0,2335.987548828125,101800.0,2866.8,2874.8,2556.2266666666665,2728.26,24.25968109339408,2691.4,9.399999999999636,-24.56999999999971,0.1131105398457583,3080.0,2768.0,2740.0,2672.0,67600.0
2022-06-23,2582.0,2630.0,2540.0,2543.0,2286.5341796875,42900.0,2845.5,2865.2,2558.4666666666667,2723.525,20.265780730897006,2697.4,10.693333333333156,-23.86999999999989,0.0895458440445586,3080.0,2780.0,2598.0,2780.0,101800.0
2022-06-24,2552.0,2631.0,2520.0,2630.0,2364.76025390625,56000.0,2828.55,2852.24,2561.866666666667,2719.75,33.047735618115055,2705.14,13.38666666666677,-21.809999999999945,0.1841512832057632,3080.0,2630.0,2543.0,2582.0,42900.0
2022-06-25,2552.0,2631.0,2520.0,2630.0,2364.76025390625,56000.0,2811.6,2841.12,2566.5733333333333,2715.625,33.047735618115055,2712.24,17.199999999999818,-20.8449999999998,0.1540149188240456,3080.0,2631.0,2630.0,2552.0,56000.0
2022-06-26,2552.0,2631.0,2520.0,2630.0,2364.76025390625,56000.0,2790.35,2830.04,2572.28,2711.325,33.047735618115055,2719.34,19.02666666666664,-21.394999999999985,0.1777877295118675,3080.0,2631.0,2630.0,2552.0,56000.0
2022-06-27,2650.0,2690.0,2588.0,2659.0,2390.83544921875,77800.0,2773.4,2817.12,2577.0133333333333,2707.645,36.86806411837238,2727.02,20.78666666666686,-20.61500000000024,0.1611353711790393,3080.0,2631.0,2630.0,2552.0,56000.0
2022-06-28,2640.0,2694.0,2629.0,2690.0,2418.709228515625,76300.0,2755.4,2805.96,2582.373333333333,2704.47,35.83959899749374,2736.26,23.90666666666675,-19.05500000000029,0.1746724890829694,3080.0,2690.0,2659.0,2650.0,77800.0
2022-06-29,2648.0,2719.0,2640.0,2671.0,2401.62548828125,96800.0,2734.95,2794.04,2588.2533333333336,2701.2,39.07103825136611,2745.16,26.38666666666677,-18.550000000000185,0.1663755458515283,2916.0,2694.0,2690.0,2640.0,76300.0
2022-06-30,2647.0,2649.0,2561.0,2579.0,2318.904052734375,98600.0,2718.55,2778.44,2592.9066666666668,2697.47,33.00124533001245,2752.0,26.333333333333485,-18.1550000000002,0.1262008733624453,2916.0,2719.0,2671.0,2648.0,96800.0
2022-07-01,2547.0,2586.0,2423.0,2451.0,2203.8125,123000.0,2695.75,2754.28,2595.853333333333,2693.025,34.105534105534105,2757.4,23.573333333333267,-18.299999999999727,0.0927329469460545,2916.0,2649.0,2579.0,2647.0,98600.0
2022-07-02,2547.0,2586.0,2423.0,2451.0,2203.8125,123000.0,2672.95,2732.4,2598.5733333333333,2689.005,34.105534105534105,2760.92,21.559999999999945,-18.63999999999988,0.0927329469460545,2916.0,2586.0,2451.0,2547.0,123000.0
2022-07-03,2547.0,2586.0,2423.0,2451.0,2203.8125,123000.0,2651.9,2708.44,2600.0666666666666,2685.085,34.105534105534105,2764.44,17.693333333333157,-19.384999999999764,0.0927329469460545,2916.0,2586.0,2451.0,2547.0,123000.0
2022-07-04,2442.0,2442.0,2363.0,2396.0,2154.359375,90100.0,2625.9,2681.08,2601.3866666666668,2680.04,35.05291005291005,2766.86,13.133333333333212,-21.15999999999985,0.0682122157824343,2852.0,2586.0,2451.0,2547.0,123000.0
2022-07-05,2431.0,2448.0,2386.0,2415.0,2171.443359375,70300.0,2605.1,2661.4,2601.96,2675.515,25.266362252663622,2762.02,9.053333333333285,-21.954999999999927,0.0615384615384615,2852.0,2442.0,2396.0,2442.0,90100.0
2022-07-06,2402.0,2429.0,2365.0,2365.0,2126.486083984375,49100.0,2580.75,2639.72,2602.373333333333,2670.74,29.38053097345133,2754.74,6.519999999999982,-22.28500000000031,0.0395604395604396,2740.0,2448.0,2415.0,2431.0,70300.0
2022-07-07,2372.0,2411.0,2316.0,2407.0,2164.250244140625,66200.0,2566.2,2619.72,2603.346666666667,2666.175,37.68115942028985,2747.86,4.77333333333354,-22.829999999999927,0.0580219780219779,2740.0,2429.0,2365.0,2402.0,49100.0
2022-07-08,2491.0,2548.0,2451.0,2476.0,2226.291259765625,102500.0,2555.1,2603.88,2605.24,2662.98,35.5805243445693,2743.98,5.173333333333176,-22.10500000000001,0.1113105924596049,2740.0,2411.0,2407.0,2372.0,66200.0
2022-07-09,2491.0,2548.0,2451.0,2476.0,2226.291259765625,102500.0,2544.0,2586.28,2608.64,2659.71,35.5805243445693,2738.92,7.253333333333103,-20.329999999999927,0.1123090745732255,2740.0,2548.0,2476.0,2491.0,102500.0
2022-07-10,2491.0,2548.0,2451.0,2476.0,2226.291259765625,102500.0,2536.7,2572.08,2611.266666666667,2656.14,35.5805243445693,2733.86,9.306666666666844,-19.375,0.1068395172105498,2740.0,2548.0,2476.0,2491.0,102500.0
2022-07-11,2509.0,2543.0,2443.0,2454.0,2206.510009765625,58100.0,2522.4,2556.16,2614.213333333333,2652.085,30.55028462998102,2728.36,11.83999999999969,-18.654999999999745,0.1251719394773041,2690.0,2548.0,2476.0,2491.0,102500.0
2022-07-12,2427.0,2427.0,2347.0,2348.0,2111.200439453125,78600.0,2509.9,2542.16,2614.9866666666667,2647.375,21.59468438538205,2720.02,11.639999999999873,-18.800000000000185,0.032087912087912,2690.0,2543.0,2454.0,2509.0,58100.0
2022-07-13,2350.0,2385.0,2334.0,2372.0,2132.77978515625,63200.0,2501.35,2529.12,2616.08,2642.785,25.370675453047767,2709.68,10.840000000000146,-20.195000000000164,0.0426373626373626,2690.0,2427.0,2348.0,2427.0,78600.0
2022-07-14,2360.0,2453.0,2345.0,2432.0,2186.728759765625,49400.0,2491.45,2518.48,2617.9733333333334,2638.495,37.21739130434783,2702.86,9.333333333333483,-21.215000000000146,0.0690109890109891,2690.0,2385.0,2372.0,2350.0,63200.0
2022-07-15,2480.0,2530.0,2465.0,2475.0,2225.39208984375,93800.0,2483.7,2512.6,2620.44,2632.745,52.44897959183674,2698.26,9.173333333333176,-23.394999999999985,-0.0684983063605569,2690.0,2453.0,2432.0,2360.0,49400.0
2022-07-16,2480.0,2530.0,2465.0,2475.0,2225.39208984375,93800.0,2475.95,2502.0,2623.5333333333333,2627.395,52.44897959183674,2692.1,9.320000000000164,-24.69000000000005,-0.0930743862220593,2690.0,2530.0,2475.0,2480.0,93800.0
2022-07-17,2480.0,2530.0,2465.0,2475.0,2225.39208984375,93800.0,2466.75,2497.08,2626.6266666666666,2622.87,52.44897959183674,2685.94,11.639999999999873,-24.50500000000011,-0.1003271537622683,2690.0,2530.0,2475.0,2480.0,93800.0
2022-07-18,2480.0,2530.0,2465.0,2475.0,2225.39208984375,93800.0,2456.0,2494.36,2629.72,2618.42,59.08045977011494,2679.78,13.639999999999873,-24.36499999999978,-0.0730337078651685,2671.0,2530.0,2475.0,2480.0,93800.0
2022-07-19,2481.0,2530.0,2468.0,2515.0,2261.358154296875,42800.0,2448.2,2489.76,2633.346666666667,2614.17,60.96491228070175,2671.0,15.373333333333449,-24.32499999999981,-0.0784170025650421,2579.0,2530.0,2475.0,2480.0,93800.0
2022-07-20,2614.0,2630.0,2562.0,2578.0,2318.00439453125,91700.0,2448.15,2487.68,2637.3866666666668,2610.235,72.70788912579957,2664.4,16.946666666666715,-22.509999999999764,-0.0553316233052399,2578.0,2530.0,2515.0,2481.0,42800.0
2022-07-21,2567.0,2647.0,2567.0,2638.0,2371.953125,45600.0,2457.5,2488.0,2642.2266666666665,2606.6,73.71663244353184,2659.02,18.69333333333316,-20.79500000000008,-0.0333455478197142,2638.0,2630.0,2578.0,2614.0,91700.0
2022-07-22,2652.0,2754.0,2652.0,2716.0,2442.0869140625,105700.0,2470.75,2490.28,2648.1066666666666,2603.355,74.19354838709677,2653.7,21.48000000000001,-19.51499999999988,-0.0177215189873417,2716.0,2647.0,2638.0,2567.0,45600.0
2022-07-23,2652.0,2754.0,2652.0,2716.0,2442.0869140625,105700.0,2484.0,2491.32,2654.613333333333,2599.91,74.19354838709677,2648.64,24.89333333333343,-18.51000000000022,-0.0598823122187608,2716.0,2754.0,2716.0,2652.0,105700.0
2022-07-24,2652.0,2754.0,2652.0,2716.0,2442.0869140625,105700.0,2500.0,2493.12,2661.1466666666665,2596.665,74.19354838709677,2643.58,27.799999999999727,-17.50500000000011,-0.0205553552109628,2716.0,2754.0,2716.0,2652.0,105700.0
2022-07-25,2697.0,2715.0,2633.0,2653.0,2385.4404296875,101300.0,2511.9,2496.08,2666.693333333333,2594.005,68.52886405959032,2637.26,29.306666666666388,-16.230000000000018,-0.0192236598890942,2716.0,2754.0,2716.0,2652.0,105700.0
2022-07-26,2653.0,2700.0,2653.0,2672.0,2402.5244140625,34700.0,2527.25,2504.92,2673.24,2591.69,86.0,2629.6,31.01333333333332,-14.909999999999854,-0.0398850161696011,2716.0,2715.0,2653.0,2697.0,101300.0
2022-07-27,2670.0,2798.0,2665.0,2798.0,2515.81689453125,84700.0,2546.8,2518.8,2680.213333333333,2590.005,88.58695652173913,2625.6,32.10666666666657,-13.349999999999907,0.0053898670499461,2798.0,2700.0,2672.0,2653.0,34700.0
2022-07-28,2848.0,2878.0,2740.0,2777.0,2496.93505859375,94100.0,2561.85,2531.84,2686.9066666666668,2588.215,83.62573099415205,2620.14,32.29333333333352,-11.694999999999707,-0.0021559468199784,2798.0,2798.0,2798.0,2670.0,84700.0
2022-07-29,2798.0,2800.0,2694.0,2711.0,2437.59130859375,68800.0,2573.6,2544.44,2692.72,2586.095,72.01492537313433,2612.76,31.573333333333267,-10.570000000000164,-0.0822613405551794,2798.0,2878.0,2777.0,2848.0,94100.0
2022-07-30,2798.0,2800.0,2694.0,2711.0,2437.59130859375,68800.0,2585.35,2556.28,2693.44,2584.025,72.01492537313433,2608.84,26.746666666666897,-9.980000000000018,-0.0677441540577716,2798.0,2800.0,2711.0,2798.0,68800.0
2022-07-31,2798.0,2800.0,2694.0,2711.0,2437.59130859375,68800.0,2598.2,2570.12,2693.2,2582.055,72.01492537313433,2604.92,19.96000000000004,-9.635000000000218,-0.067423460612315,2798.0,2800.0,2711.0,2798.0,68800.0
2022-08-01,2735.0,2792.0,2735.0,2770.0,2490.640869140625,47300.0,2619.3,2584.64,2693.4533333333334,2580.505,74.78991596638656,2602.18,13.240000000000236,-9.5,-0.0710932260228034,2798.0,2800.0,2711.0,2798.0,68800.0
2022-08-02,2785.0,2789.0,2717.0,2753.0,2475.35546875,66700.0,2638.35,2595.72,2694.56,2578.97,70.8041958041958,2599.8,7.653333333333194,-9.245000000000346,-0.0727517682721454,2798.0,2792.0,2770.0,2735.0,47300.0
2022-08-03,2734.0,2773.0,2730.0,2742.0,2465.464599609375,42300.0,2653.85,2606.36,2694.733333333333,2577.38,65.76923076923077,2596.32,2.013333333333321,-8.71499999999969,-0.0764567194341528,2798.0,2789.0,2753.0,2785.0,66700.0
2022-08-04,2779.0,2811.0,2769.0,2790.0,2508.6240234375,50600.0,2669.6,2618.92,2695.5466666666666,2576.03,64.96062992125985,2595.5,2.1066666666665697,-7.994999999999891,-0.0602896598181206,2798.0,2773.0,2742.0,2734.0,42300.0
2022-08-05,2790.0,2866.0,2778.0,2850.0,2562.57275390625,62400.0,2688.35,2634.76,2697.16,2575.23,63.6734693877551,2595.46,3.960000000000037,-6.824999999999818,-0.0671031096563011,2850.0,2811.0,2790.0,2779.0,50600.0
2022-08-06,2790.0,2866.0,2778.0,2850.0,2562.57275390625,62400.0,2707.1,2654.84,2698.293333333333,2574.33,63.6734693877551,2598.5,4.8400000000001455,-6.175000000000182,-0.0493662441627751,2850.0,2866.0,2850.0,2790.0,62400.0
2022-08-07,2790.0,2866.0,2778.0,2850.0,2562.57275390625,62400.0,2725.85,2673.96,2697.773333333333,2574.39,63.6734693877551,2601.54,3.213333333333594,-4.579999999999927,-0.0655737704918032,2850.0,2866.0,2850.0,2790.0,62400.0
2022-08-08,2860.0,2881.0,2833.0,2881.0,2590.446533203125,52100.0,2744.15,2691.92,2699.213333333333,2574.74,74.89082969432314,2605.2,4.480000000000018,-2.6400000000003274,-0.0646103896103895,2881.0,2866.0,2850.0,2790.0,62400.0
2022-08-09,2842.0,2865.0,2805.0,2817.0,2532.900634765625,101100.0,2756.1,2705.6,2700.7066666666665,2575.075,64.41351888667992,2609.1,5.159999999999855,-0.955000000000382,-0.0309597523219814,2881.0,2881.0,2881.0,2860.0,52100.0
2022-08-10,2799.0,2799.0,2719.0,2751.0,2473.55712890625,80600.0,2761.75,2716.64,2700.28,2575.08,44.69525959367945,2609.32,3.1200000000003456,-0.1500000000000909,-0.0536635706914344,2881.0,2865.0,2817.0,2842.0,101100.0
2022-08-11,2799.0,2799.0,2719.0,2751.0,2473.55712890625,80600.0,2763.5,2727.68,2699.853333333333,2575.085,46.91943127962085,2612.38,1.5599999999999454,0.7550000000001091,-0.0536635706914344,2881.0,2799.0,2751.0,2799.0,80600.0
2022-08-12,2801.0,2866.0,2796.0,2854.0,2566.16943359375,62000.0,2770.4,2742.84,2700.8,2575.725,65.57734204793027,2618.6,3.0266666666666424,1.3350000000000364,-0.0062674094707521,2881.0,2799.0,2751.0,2799.0,80600.0
2022-08-13,2801.0,2866.0,2796.0,2854.0,2566.16943359375,62000.0,2777.3,2756.4,2699.4666666666667,2576.91,65.57734204793027,2623.08,0.2533333333335577,2.1700000000000728,-0.0212620027434842,2881.0,2866.0,2854.0,2801.0,62000.0
2022-08-14,2801.0,2866.0,2796.0,2854.0,2566.16943359375,62000.0,2787.35,2767.44,2698.7466666666664,2578.035,65.57734204793027,2627.56,-1.9600000000000364,2.9600000000000364,0.0081243376898623,2881.0,2866.0,2854.0,2801.0,62000.0
2022-08-15,2952.0,3000.0,2928.0,3000.0,2697.4453125,351800.0,2803.75,2781.92,2699.9866666666667,2580.525,71.06227106227107,2634.96,-0.2933333333335213,5.445000000000164,0.0518934081346422,3000.0,2866.0,2854.0,2801.0,62000.0
2022-08-16,3140.0,3155.0,2861.0,2903.0,2610.2275390625,635100.0,2809.0,2789.4,2698.9333333333334,2582.36,61.98083067092652,2639.84,-0.9200000000000728,7.275000000000091,0.0759822090437361,3000.0,3000.0,3000.0,2952.0,351800.0
2022-08-17,2910.0,2955.0,2863.0,2915.0,2621.01708984375,261200.0,2815.9,2797.36,2698.213333333333,2584.255,63.79585326953748,2644.34,-2.5866666666670426,8.5300000000002,0.0804299481097108,3000.0,3155.0,2903.0,3140.0,635100.0
2022-08-18,2887.0,3030.0,2863.0,2988.0,2686.655517578125,234400.0,2829.75,2808.24,2698.4666666666667,2586.515,65.1840490797546,2650.68,-1.0,9.605000000000018,0.1074870274277242,3000.0,2955.0,2915.0,2910.0,261200.0
2022-08-19,3025.0,3060.0,2965.0,3010.0,2706.4365234375,209100.0,2844.7,2822.52,2699.0133333333333,2588.335,63.02931596091205,2659.3,0.2666666666668789,10.300000000000182,0.1479786422578184,3010.0,3030.0,2988.0,2887.0,234400.0
2022-08-20,3025.0,3060.0,2965.0,3010.0,2706.4365234375,209100.0,2859.65,2836.04,2698.4133333333334,2590.105,63.02931596091205,2670.48,-1.5733333333332666,9.579999999999927,0.0985401459854014,3010.0,3060.0,3010.0,3025.0,209100.0
2022-08-21,3025.0,3060.0,2965.0,3010.0,2706.4365234375,209100.0,2871.65,2844.52,2698.5733333333333,2591.415,63.02931596091205,2681.66,-0.3600000000001273,9.054999999999836,0.1585835257890684,3010.0,3060.0,3010.0,3025.0,209100.0
2022-08-22,2942.0,2970.0,2882.0,2948.0,2650.689453125,188600.0,2881.4,2851.36,2697.213333333333,2593.015,55.19379844961241,2691.6,-1.0,8.759999999999764,0.1592607156901297,3010.0,3060.0,3010.0,3025.0,209100.0
2022-08-23,2926.0,2998.0,2919.0,2949.0,2651.58837890625,116300.0,2891.75,2860.88,2695.4666666666667,2594.24,61.340206185567006,2702.66,-3.0,7.724999999999909,0.1212927756653992,3010.0,2970.0,2948.0,2942.0,188600.0
2022-08-24,2955.0,3005.0,2940.0,2956.0,2657.882568359375,98400.0,2900.05,2870.68,2696.12,2595.5,69.59847036328873,2713.48,-2.8933333333334303,7.164999999999964,0.1239543726235741,3010.0,2998.0,2949.0,2926.0,116300.0
2022-08-25,2977.0,3055.0,2975.0,3035.0,2728.9150390625,134700.0,2909.3,2883.64,2697.826666666667,2597.155,73.58803986710964,2726.88,-0.5866666666665878,7.050000000000182,0.1539923954372624,3035.0,3005.0,2956.0,2955.0,98400.0
2022-08-26,3085.0,3110.0,3020.0,3025.0,2719.92333984375,127600.0,2918.05,2893.84,2699.4,2599.12,66.79764243614932,2739.24,0.8266666666668243,7.704999999999927,0.1376457314779993,3035.0,3055.0,3035.0,2977.0,134700.0
2022-08-27,3085.0,3110.0,3020.0,3025.0,2719.92333984375,127600.0,2926.8,2904.72,2701.44,2601.2,66.79764243614932,2750.22,4.226666666666915,8.184999999999945,0.1245353159851301,3035.0,3110.0,3025.0,3085.0,127600.0
2022-08-28,3085.0,3110.0,3020.0,3025.0,2719.92333984375,127600.0,2934.0,2916.04,2702.893333333333,2602.81,66.79764243614932,2761.2,7.426666666666733,8.570000000000164,0.1325346312242605,3035.0,3110.0,3025.0,3085.0,127600.0
2022-08-29,2905.0,2993.0,2904.0,2923.0,2628.210693359375,136100.0,2939.3,2921.36,2704.12,2603.77,41.72043010752689,2770.14,8.0,8.269999999999982,0.1333850329585111,3035.0,3110.0,3025.0,3085.0,127600.0
2022-08-30,2970.0,2992.0,2939.0,2992.0,2690.251953125,81000.0,2951.35,2927.04,2705.9866666666667,2605.075,60.18306636155606,2780.9,8.159999999999854,7.919999999999618,0.2207262341901263,3035.0,2993.0,2923.0,2905.0,136100.0
2022-08-31,2950.0,2988.0,2921.0,2952.0,2654.285888671875,50900.0,2961.4,2931.12,2709.373333333333,2606.18,53.97849462365591,2792.98,9.973333333333358,7.059999999999945,0.2044063647490819,3035.0,2992.0,2992.0,2970.0,81000.0
2022-09-01,2905.0,2923.0,2856.0,2856.0,2567.967529296875,126000.0,2961.5,2931.36,2711.48,2606.805,36.47540983606557,2802.66,10.039999999999964,5.605000000000018,0.1652386780905752,3035.0,2988.0,2952.0,2950.0,50900.0
2022-09-02,2866.0,2872.0,2751.0,2821.0,2536.49755859375,163600.0,2959.85,2928.96,2713.12,2607.745,31.137724550898213,2810.44,10.22666666666646,4.934999999999945,0.1773789649415693,3035.0,2923.0,2856.0,2905.0,126000.0
2022-09-03,2866.0,2872.0,2751.0,2821.0,2536.49755859375,163600.0,2958.2,2929.12,2715.773333333333,2609.69,31.137724550898213,2817.36,11.653333333333649,5.920000000000073,0.1681159420289855,3035.0,2872.0,2821.0,2866.0,163600.0
2022-09-04,2866.0,2872.0,2751.0,2821.0,2536.49755859375,163600.0,2949.25,2931.92,2716.853333333333,2610.595,31.137724550898213,2824.28,10.866666666666788,5.519999999999982,0.1928118393234672,3035.0,2872.0,2821.0,2866.0,163600.0
2022-09-05,2812.0,2870.0,2781.0,2860.0,2571.564453125,63500.0,2947.1,2936.28,2720.346666666667,2611.95,40.79497907949791,2831.98,10.973333333333358,5.769999999999982,0.1882010801828002,3035.0,2872.0,2821.0,2866.0,163600.0
2022-09-06,2856.0,2917.0,2830.0,2891.0,2599.437744140625,67500.0,2945.9,2937.76,2724.9866666666667,2613.675,44.29133858267716,2840.3,13.50666666666666,6.870000000000346,0.1676090468497577,3035.0,2870.0,2860.0,2812.0,63500.0
2022-09-07,2881.0,2881.0,2809.0,2845.0,2558.0771484375,58200.0,2938.75,2937.4,2727.853333333333,2615.17,39.85374771480805,2846.9,14.733333333333576,7.425000000000182,0.1490306946688206,3035.0,2917.0,2891.0,2856.0,67500.0
2022-09-08,2895.0,2938.0,2875.0,2921.0,2626.412109375,74100.0,2934.3,2940.08,2731.733333333333,2617.045,39.52205882352941,2853.76,15.959999999999582,7.355000000000018,0.1797253634894993,3035.0,2881.0,2845.0,2881.0,58200.0
2022-09-09,2967.0,2995.0,2916.0,2938.0,2641.697998046875,86300.0,2930.7,2937.6,2735.84,2619.31,42.10526315789475,2859.76,18.98666666666668,8.715000000000146,0.1972290138549306,3035.0,2938.0,2921.0,2895.0,74100.0
2022-09-10,2967.0,2995.0,2916.0,2938.0,2641.697998046875,86300.0,2927.1,2939.0,2739.56,2622.12,42.10526315789475,2864.2,19.21333333333314,10.170000000000073,0.2512776831345826,3035.0,2995.0,2938.0,2967.0,86300.0
2022-09-11,2967.0,2995.0,2916.0,2938.0,2641.697998046875,86300.0,2926.6,2939.92,2742.866666666667,2624.93,42.10526315789475,2868.64,17.88000000000011,11.254999999999654,0.2386172006745361,3035.0,2995.0,2938.0,2967.0,86300.0
2022-09-12,2990.0,2990.0,2944.0,2974.0,2674.0673828125,68700.0,2927.85,2939.36,2746.9066666666668,2628.42,55.25773195876289,2873.8,19.053333333333285,13.25,0.222861842105263,3035.0,2995.0,2938.0,2967.0,86300.0
2022-09-13,2973.0,3005.0,2959.0,2974.0,2674.0673828125,96200.0,2928.75,2937.92,2752.173333333333,2630.955,47.83653846153846,2880.22,20.44000000000005,13.909999999999854,0.2016161616161615,3035.0,2990.0,2974.0,2990.0,68700.0
2022-09-14,2866.0,2940.0,2865.0,2873.0,2583.253173828125,110300.0,2920.65,2932.44,2757.8,2632.985,41.719077568134175,2884.24,21.96000000000004,13.675000000000182,0.1608080808080807,3025.0,3005.0,2974.0,2973.0,96200.0
2022-09-15,2882.0,2896.0,2827.0,2834.0,2548.1865234375,81100.0,2911.1,2925.4,2762.9066666666668,2634.82,47.38095238095238,2884.96,23.34666666666681,12.700000000000273,0.1450505050505051,3025.0,2940.0,2873.0,2866.0,110300.0
2022-09-16,2810.0,2810.0,2747.0,2763.0,2484.34716796875,107200.0,2898.0,2918.0,2767.0666666666666,2636.225,43.64035087719298,2884.68,24.19999999999981,11.295000000000073,0.1163636363636364,3025.0,2896.0,2834.0,2882.0,81100.0
2022-09-17,2810.0,2810.0,2747.0,2763.0,2484.34716796875,107200.0,2884.9,2910.56,2771.96,2637.35,43.64035087719298,2885.72,25.053333333333285,8.929999999999836,0.0986083499005965,2992.0,2810.0,2763.0,2810.0,107200.0
2022-09-18,2810.0,2810.0,2747.0,2763.0,2484.34716796875,107200.0,2876.9,2902.84,2776.6,2638.745,43.64035087719298,2886.76,24.426666666666733,7.789999999999964,0.0717610550814584,2992.0,2810.0,2763.0,2810.0,107200.0
2022-09-19,2810.0,2810.0,2747.0,2763.0,2484.34716796875,107200.0,2865.45,2891.96,2781.9066666666668,2640.11,38.36930455635492,2887.8,24.10666666666657,7.125,0.0473843821076573,2974.0,2810.0,2763.0,2810.0,107200.0
2022-09-20,2790.0,2850.0,2779.0,2781.0,2500.53125,60700.0,2856.9,2882.2,2786.893333333333,2641.905,36.38613861386138,2888.02,23.98666666666668,7.085000000000036,0.0239322533136965,2974.0,2810.0,2763.0,2810.0,107200.0
2022-09-21,2776.0,2811.0,2766.0,2784.0,2503.228759765625,55700.0,2853.3,2872.56,2791.0,2643.715,41.551246537396125,2888.64,23.9333333333334,7.4900000000002365,0.0250368188512517,2974.0,2850.0,2781.0,2790.0,60700.0
2022-09-22,2762.0,2797.0,2705.0,2746.0,2469.061279296875,97700.0,2849.55,2861.4,2794.6,2645.335,22.91021671826625,2888.72,22.63999999999988,7.985000000000127,0.0110456553755522,2974.0,2811.0,2784.0,2776.0,55700.0
2022-09-23,2762.0,2797.0,2705.0,2746.0,2469.061279296875,97700.0,2845.8,2854.32,2798.2,2647.28,18.627450980392155,2887.84,21.59999999999991,8.53500000000031,0.0350546551074255,2974.0,2797.0,2746.0,2762.0,97700.0
2022-09-24,2762.0,2797.0,2705.0,2746.0,2469.061279296875,97700.0,2842.05,2844.48,2802.093333333333,2649.575,18.627450980392155,2885.76,20.186666666666497,9.46499999999969,0.027694610778443,2974.0,2797.0,2746.0,2762.0,97700.0
2022-09-25,2762.0,2797.0,2705.0,2746.0,2469.061279296875,97700.0,2836.35,2836.24,2807.4,2651.8,18.627450980392155,2883.68,20.50666666666666,9.894999999999982,-0.0185847033595425,2974.0,2797.0,2746.0,2762.0,97700.0
2022-09-26,2696.0,2703.0,2591.0,2593.0,2331.49169921875,128600.0,2821.45,2825.72,2810.346666666667,2652.485,4.964539007092199,2878.54,19.34666666666681,8.769999999999982,-0.0662585523946704,2974.0,2797.0,2746.0,2762.0,97700.0
2022-09-27,2643.0,2645.0,2590.0,2601.0,2338.68505859375,101700.0,2809.25,2816.92,2812.6,2653.665,6.728538283062648,2872.94,18.0,8.329999999999927,-0.0405754334194023,2974.0,2703.0,2593.0,2696.0,128600.0
2022-09-28,2625.0,2672.0,2576.0,2623.0,2358.4658203125,109800.0,2794.35,2809.0,2814.5733333333333,2654.955,14.488636363636374,2869.06,16.37333333333345,7.674999999999727,-0.0324603467355218,2974.0,2645.0,2601.0,2643.0,101700.0
2022-09-29,2645.0,2650.0,2575.0,2590.0,2353.921630859375,63600.0,2776.95,2799.76,2816.1066666666666,2656.08,14.739884393063576,2865.84,14.01333333333332,6.505000000000109,-0.0446329767613427,2974.0,2672.0,2623.0,2625.0,109800.0
2022-09-30,2590.0,2595.0,2508.0,2516.0,2286.666748046875,124200.0,2755.85,2786.0,2816.653333333333,2656.7,14.61318051575931,2861.14,9.253333333333105,4.899999999999636,-0.091696750902527,2974.0,2650.0,2590.0,2645.0,63600.0
2022-10-01,2590.0,2595.0,2508.0,2516.0,2286.666748046875,124200.0,2734.75,2771.0,2817.2,2657.13,14.61318051575931,2854.38,6.853333333333012,4.644999999999982,-0.0860879041046132,2974.0,2595.0,2516.0,2590.0,124200.0
2022-10-02,2590.0,2595.0,2508.0,2516.0,2286.666748046875,124200.0,2711.85,2757.84,2817.213333333333,2657.335,14.61318051575931,2847.62,4.61333333333323,3.6700000000000728,-0.0824215900802334,2974.0,2595.0,2516.0,2590.0,124200.0
2022-10-03,2480.0,2603.0,2471.0,2583.0,2347.559814453125,122800.0,2692.3,2744.32,2817.28,2657.045,28.365384615384613,2842.2,2.706666666666933,2.090000000000145,-0.0741935483870968,2873.0,2595.0,2516.0,2590.0,124200.0
2022-10-04,2633.0,2649.0,2574.0,2615.0,2376.643310546875,103900.0,2679.4,2731.4,2816.9733333333334,2656.84,30.69767441860465,2834.5,0.8666666666667879,0.7600000000002183,-0.0824561403508772,2834.0,2603.0,2583.0,2480.0,122800.0
2022-10-05,2649.0,2652.0,2574.0,2607.0,2369.372314453125,98900.0,2668.05,2718.16,2815.52,2656.595,29.655172413793096,2828.58,-1.133333333333212,-0.1050000000000181,-0.0852631578947368,2784.0,2649.0,2615.0,2633.0,103900.0
2022-10-06,2613.0,2768.0,2611.0,2744.0,2493.885009765625,133100.0,2667.1,2710.4,2815.893333333333,2657.035,49.812734082397,2825.16,-1.3066666666663878,-0.0950000000002546,-0.0371929824561403,2784.0,2652.0,2607.0,2649.0,98900.0
2022-10-07,2700.0,2737.0,2680.0,2727.0,2478.43408203125,70800.0,2665.3,2700.52,2816.04,2657.39,48.27586206896552,2819.94,-1.1733333333331757,0.0549999999998362,-0.0534536619229434,2784.0,2768.0,2744.0,2613.0,133100.0
2022-10-08,2700.0,2737.0,2680.0,2727.0,2478.43408203125,70800.0,2663.5,2690.64,2817.026666666666,2657.955,48.27586206896552,2814.28,-0.2533333333335577,0.9099999999998544,-0.0319488817891373,2784.0,2737.0,2727.0,2700.0,70800.0
2022-10-09,2700.0,2737.0,2680.0,2727.0,2478.43408203125,70800.0,2661.7,2684.8,2817.76,2657.975,48.27586206896552,2808.62,0.7866666666668607,1.1349999999997635,-0.0087241003271537,2784.0,2737.0,2727.0,2700.0,70800.0
2022-10-10,2700.0,2737.0,2680.0,2727.0,2478.43408203125,70800.0,2659.0,2680.52,2816.813333333333,2657.74,66.83417085427135,2802.96,1.2933333333335213,1.1449999999999818,-0.0087241003271537,2784.0,2737.0,2727.0,2700.0,70800.0
2022-10-11,2673.0,2679.0,2583.0,2583.0,2347.559814453125,117900.0,2648.95,2673.32,2814.2266666666665,2656.57,48.31460674157302,2795.66,-1.6666666666669698,-0.4649999999996907,-0.0949544498948843,2746.0,2737.0,2727.0,2700.0,70800.0
2022-10-12,2569.0,2572.0,2518.0,2539.0,2307.570556640625,84000.0,2638.6,2664.36,2811.9333333333334,2655.18,42.44604316546763,2787.46,-4.10666666666657,-2.2100000000000364,-0.1103714085494043,2746.0,2679.0,2583.0,2673.0,117900.0
2022-10-13,2510.0,2540.0,2491.0,2497.0,2269.398681640625,67800.0,2626.15,2653.72,2809.08,2653.58,41.769911504424776,2778.28,-7.946666666666715,-4.375,-0.1250875963559915,2746.0,2572.0,2539.0,2569.0,84000.0
2022-10-14,2579.0,2603.0,2522.0,2577.0,2342.106689453125,88800.0,2617.7,2646.28,2807.293333333333,2652.785,55.3415061295972,2769.12,-10.466666666666695,-5.190000000000055,-0.141,2746.0,2540.0,2497.0,2510.0,67800.0
2022-10-15,2579.0,2603.0,2522.0,2577.0,2342.106689453125,88800.0,2609.25,2638.12,2804.72,2652.225,55.3415061295972,2760.16,-12.093333333333703,-5.514999999999873,-0.1122976231484671,2744.0,2603.0,2577.0,2579.0,88800.0
2022-10-16,2579.0,2603.0,2522.0,2577.0,2342.106689453125,88800.0,2608.45,2629.84,2802.373333333333,2651.31,55.3415061295972,2751.2,-11.853333333333012,-5.260000000000218,-0.1159519725557461,2744.0,2603.0,2577.0,2579.0,88800.0
2022-10-17,2531.0,2606.0,2531.0,2593.0,2356.6484375,52100.0,2608.05,2623.72,2800.3866666666668,2650.885,50.96153846153846,2742.56,-11.546666666666624,-4.294999999999618,-0.1321954484605086,2744.0,2603.0,2577.0,2579.0,88800.0
2022-10-18,2643.0,2646.0,2591.0,2627.0,2387.54931640625,55200.0,2608.25,2618.96,2798.213333333333,2651.185,51.14942528735632,2736.64,-10.866666666666788,-2.394999999999982,-0.1272425249169435,2744.0,2606.0,2593.0,2531.0,52100.0
2022-10-19,2621.0,2642.0,2596.0,2626.0,2386.64013671875,42600.0,2610.05,2614.16,2795.2266666666665,2651.48,51.84466019417476,2729.32,-12.06666666666706,-1.3049999999998363,-0.1275747508305648,2744.0,2646.0,2627.0,2643.0,55200.0
2022-10-20,2601.0,2626.0,2563.0,2580.0,2344.8330078125,61200.0,2613.25,2607.52,2791.6266666666666,2651.545,30.660377358490564,2721.88,-13.093333333333248,-0.6799999999998363,-0.1428571428571429,2744.0,2642.0,2626.0,2621.0,42600.0
2022-10-21,2603.0,2672.0,2600.0,2648.0,2406.63525390625,79200.0,2619.85,2609.72,2788.9333333333334,2651.65,41.68421052631579,2717.72,-13.440000000000056,0.3400000000001455,-0.1017639077340569,2744.0,2626.0,2580.0,2601.0,61200.0
2022-10-22,2603.0,2672.0,2600.0,2648.0,2406.63525390625,79200.0,2626.45,2611.6,2785.826666666667,2651.665,41.68421052631579,2714.26,-14.559999999999944,0.7799999999997453,-0.102068497795863,2744.0,2672.0,2648.0,2603.0,79200.0
2022-10-23,2603.0,2672.0,2600.0,2648.0,2406.63525390625,79200.0,2629.7,2612.6,2783.5733333333333,2652.13,41.68421052631579,2710.8,-14.639999999999873,0.9450000000001636,-0.1041948579161028,2744.0,2672.0,2648.0,2603.0,79200.0
2022-10-24,2766.0,2856.0,2749.0,2799.0,2543.87158203125,179500.0,2638.9,2620.96,2784.213333333333,2653.88,55.750798722044735,2710.36,-11.01333333333332,2.400000000000091,-0.0777594728171334,2799.0,2672.0,2648.0,2603.0,79200.0
2022-10-25,2835.0,2886.0,2813.0,2828.0,2570.228515625,97200.0,2649.95,2633.44,2785.24,2656.145,73.97260273972603,2709.72,-6.38666666666677,4.599999999999909,-0.0651239669421487,2828.0,2856.0,2799.0,2766.0,179500.0
2022-10-26,2878.0,2878.0,2806.0,2812.0,2555.686767578125,75900.0,2653.35,2645.28,2784.68,2658.33,78.26086956521739,2708.14,-4.253333333333558,6.679999999999836,-0.0704132231404959,2828.0,2886.0,2828.0,2835.0,97200.0
2022-10-27,2820.0,2882.0,2820.0,2839.0,2580.2255859375,70500.0,2658.95,2658.2,2784.48,2660.65,86.53846153846153,2708.02,-1.346666666666806,8.985000000000127,-0.0614876033057851,2839.0,2878.0,2812.0,2878.0,75900.0
2022-10-28,2789.0,2836.0,2761.0,2804.0,2548.415771484375,103400.0,2662.8,2667.04,2783.813333333333,2663.285,76.8321513002364,2705.68,0.2400000000002364,11.154999999999744,-0.0407115976736229,2839.0,2882.0,2839.0,2820.0,70500.0
2022-10-29,2789.0,2836.0,2761.0,2804.0,2548.415771484375,103400.0,2666.65,2674.6,2781.2,2666.295,76.8321513002364,2703.0,-3.013333333333321,12.414999999999964,-0.0628342245989305,2839.0,2836.0,2804.0,2789.0,103400.0
2022-10-30,2789.0,2836.0,2761.0,2804.0,2548.415771484375,103400.0,2670.5,2682.48,2779.88,2668.795,76.8321513002364,2700.32,-5.359999999999673,12.650000000000093,-0.0501355013550135,2839.0,2836.0,2804.0,2789.0,103400.0
2022-10-31,2879.0,2914.0,2840.0,2914.0,2648.38916015625,137000.0,2687.05,2689.28,2779.866666666667,2671.925,81.04448742746615,2699.84,-4.813333333333048,13.595000000000256,0.0203081232492996,2914.0,2836.0,2804.0,2789.0,103400.0
2022-11-01,2900.0,2967.0,2895.0,2955.0,2685.652099609375,135100.0,2707.85,2698.4,2779.4266666666667,2675.55,81.29770992366412,2699.46,-5.053333333333285,14.900000000000093,0.0475008862105637,2955.0,2914.0,2914.0,2879.0,137000.0
2022-11-02,2965.0,2980.0,2917.0,2932.0,2664.74853515625,87800.0,2729.6,2706.6,2778.3866666666668,2679.06,78.02197802197801,2698.62,-5.426666666666733,15.775000000000093,0.0393477490251683,2955.0,2967.0,2955.0,2900.0,135100.0
2022-11-03,2965.0,2980.0,2917.0,2932.0,2664.74853515625,87800.0,2747.35,2714.8,2777.346666666667,2682.57,85.2,2699.8,-3.853333333333012,16.27500000000009,0.0393477490251683,2955.0,2980.0,2932.0,2965.0,87800.0
2022-11-04,2931.0,2955.0,2901.0,2923.0,2656.56884765625,56500.0,2764.65,2722.64,2776.1866666666665,2685.95,81.17913832199547,2701.58,-3.693333333333612,17.154999999999745,0.0220279720279721,2955.0,2980.0,2932.0,2965.0,87800.0
2022-11-05,2931.0,2955.0,2901.0,2923.0,2656.56884765625,56500.0,2781.95,2736.24,2775.853333333333,2688.87,81.17913832199547,2704.78,-4.013333333333321,16.94499999999971,0.0110688343133864,2955.0,2955.0,2923.0,2931.0,56500.0
2022-11-06,2931.0,2955.0,2901.0,2923.0,2656.56884765625,56500.0,2798.45,2751.6,2775.5066666666667,2692.0,81.17913832199547,2707.98,-3.9200000000000728,16.449999999999818,0.0274165202108962,2955.0,2955.0,2923.0,2931.0,56500.0
2022-11-07,2980.0,3025.0,2924.0,2959.0,2689.287353515625,101800.0,2815.05,2770.08,2775.5466666666666,2694.935,74.5398773006135,2711.9,-2.840000000000145,15.875,0.0130092434097912,2959.0,2955.0,2923.0,2931.0,56500.0
2022-11-08,2972.0,3025.0,2965.0,3000.0,2726.550537109375,116400.0,2833.75,2787.0,2775.08,2698.265,75.44378698224853,2716.64,-2.266666666666879,15.694999999999707,0.0211027910142953,3000.0,3025.0,2959.0,2980.0,101800.0
2022-11-09,3005.0,3060.0,2990.0,3030.0,2753.81591796875,129300.0,2856.25,2805.12,2775.1466666666665,2701.745,80.9659090909091,2721.62,-1.0399999999999636,15.795000000000073,0.0313138189244384,3030.0,3025.0,3000.0,2972.0,116400.0
2022-11-10,2995.0,3035.0,2980.0,3025.0,2749.271240234375,79300.0,2875.1,2823.04,2775.1466666666665,2705.2,78.18181818181817,2726.44,-0.7066666666669335,16.329999999999927,0.0296119809394146,3030.0,3060.0,3030.0,3005.0,129300.0
2022-11-11,3235.0,3235.0,3105.0,3190.0,2899.2314453125,300800.0,2902.2,2846.92,2777.346666666667,2710.045,91.95652173913044,2735.32,1.8400000000001453,18.04500000000008,0.0726294552790853,3190.0,3035.0,3025.0,2995.0,79300.0
2022-11-12,3235.0,3235.0,3105.0,3190.0,2899.2314453125,300800.0,2929.3,2869.44,2780.9066666666668,2714.6,91.95652173913044,2744.2,5.360000000000127,19.664999999999964,0.0726294552790853,3190.0,3235.0,3190.0,3235.0,300800.0
2022-11-13,3235.0,3235.0,3105.0,3190.0,2899.2314453125,300800.0,2948.85,2892.0,2783.5466666666666,2719.385,91.95652173913044,2753.08,8.466666666666697,21.120000000000346,0.1103376261747302,3190.0,3235.0,3190.0,3235.0,300800.0
2022-11-14,3165.0,3215.0,3065.0,3095.0,2812.891357421875,223900.0,2962.2,2912.6,2785.4533333333334,2723.41,70.33707865168539,2760.06,10.306666666666844,21.664999999999964,0.0920959774170784,3190.0,3235.0,3190.0,3235.0,300800.0
2022-11-15,2855.0,3050.0,2825.0,3020.0,2744.7275390625,402500.0,2972.6,2927.48,2787.64,2727.06,56.78496868475991,2768.6,12.49333333333334,21.860000000000127,0.0930148389431777,3190.0,3215.0,3095.0,3165.0,223900.0
2022-11-16,3015.0,3015.0,2908.0,2958.0,2688.37890625,349600.0,2978.55,2939.88,2789.4666666666667,2730.4,52.5096525096525,2775.74,12.11999999999989,20.35500000000001,0.0705754614549403,3190.0,3050.0,3020.0,2855.0,402500.0
2022-11-17,2920.0,2977.0,2890.0,2977.0,2705.64697265625,225000.0,2987.2,2953.04,2791.5466666666666,2733.835,54.1899441340782,2782.82,10.639999999999873,19.235000000000127,0.077452044878755,3190.0,3015.0,2958.0,3015.0,349600.0
2022-11-18,2996.0,3035.0,2911.0,2929.0,2662.02197265625,190400.0,2993.45,2958.24,2792.9866666666667,2737.265,50.520833333333336,2789.6,9.440000000000056,17.879999999999654,0.0600796235975389,3190.0,2977.0,2977.0,2920.0,225000.0
2022-11-19,2996.0,3035.0,2911.0,2929.0,2662.02197265625,190400.0,2999.7,2962.28,2793.9066666666668,2740.695,50.520833333333336,2797.86,8.453333333333376,17.28500000000031,0.0532182668104999,3190.0,3035.0,2929.0,2996.0,190400.0
2022-11-20,2996.0,3035.0,2911.0,2929.0,2662.02197265625,190400.0,3000.45,2966.96,2794.4133333333334,2744.125,50.520833333333336,2806.12,6.77333333333354,17.065000000000055,0.0520833333333332,3190.0,3035.0,2929.0,2996.0,190400.0
2022-11-21,2969.0,3000.0,2936.0,2962.0,2692.013916015625,154300.0,3000.8,2971.88,2795.9733333333334,2747.72,50.261780104712045,2815.04,6.506666666666661,17.31999999999971,0.0786598689002184,3190.0,3035.0,2929.0,2996.0,190400.0
2022-11-22,2934.0,3070.0,2920.0,3045.0,2767.44873046875,224700.0,3006.45,2981.52,2797.6266666666666,2751.57,53.65853658536585,2824.28,6.079999999999927,17.735000000000127,0.1088856518572469,3190.0,3000.0,2962.0,2969.0,154300.0
2022-11-23,2934.0,3070.0,2920.0,3045.0,2767.44873046875,224700.0,3012.1,2991.16,2799.0533333333333,2755.42,51.28205128205128,2832.88,6.066666666666606,18.1550000000002,0.1088856518572469,3190.0,3070.0,3045.0,2934.0,224700.0
2022-11-24,3115.0,3200.0,3110.0,3145.0,2858.33349609375,289500.0,3023.2,3004.8,2801.813333333333,2759.77,58.82352941176471,2843.64,7.906666666666751,19.07499999999981,0.1453022578295701,3190.0,3070.0,3045.0,2934.0,224700.0
2022-11-25,3175.0,3205.0,3035.0,3140.0,2853.78955078125,302400.0,3034.05,3013.84,2804.5066666666667,2764.33,45.192307692307686,2851.56,10.093333333333248,20.204999999999927,0.2109525645969918,3190.0,3200.0,3145.0,3115.0,289500.0
2022-11-26,3175.0,3205.0,3035.0,3140.0,2853.78955078125,302400.0,3044.9,3021.24,2806.72,2768.9,45.192307692307686,2859.82,10.746666666666442,21.18000000000029,0.2072279892349096,3190.0,3205.0,3140.0,3175.0,302400.0
2022-11-27,3175.0,3205.0,3035.0,3140.0,2853.78955078125,302400.0,3053.95,3029.56,2808.9333333333334,2773.415,45.192307692307686,2868.08,11.306666666666844,21.8449999999998,0.1971025543271063,3190.0,3205.0,3140.0,3175.0,302400.0
2022-11-28,3180.0,3190.0,3055.0,3080.0,2799.25830078125,190300.0,3057.95,3035.48,2811.693333333333,2777.91,48.45360824742268,2875.14,12.639999999999873,22.48999999999978,0.1891891891891892,3190.0,3205.0,3140.0,3175.0,302400.0
2022-11-29,3020.0,3080.0,2971.0,3005.0,2731.094482421875,220900.0,3056.7,3038.76,2813.9733333333334,2781.56,48.45360824742268,2880.7,12.159999999999854,21.789999999999964,0.194356120826709,3190.0,3190.0,3080.0,3180.0,190300.0
2022-11-30,3020.0,3020.0,2915.0,2926.0,2659.295654296875,193100.0,3051.75,3038.88,2816.1466666666665,2784.815,46.81274900398406,2887.56,11.639999999999873,20.485000000000127,0.1629570747217805,3190.0,3080.0,3005.0,3020.0,220900.0
2022-12-01,2995.0,3010.0,2960.0,2974.0,2702.92041015625,147400.0,3040.95,3040.92,2818.96,2788.31,49.717514124293785,2896.26,12.240000000000236,19.40999999999985,0.1820349761526232,3190.0,3020.0,2926.0,3020.0,193100.0
2022-12-02,2942.0,2942.0,2855.0,2859.0,2598.40234375,233000.0,3024.4,3036.92,2820.24,2789.32,44.147157190635454,2903.5,11.306666666666388,15.9050000000002,0.1068524970963995,3190.0,3010.0,2974.0,2995.0,147400.0
2022-12-03,2942.0,2942.0,2855.0,2859.0,2598.40234375,233000.0,3007.85,3031.28,2821.52,2789.97,44.147157190635454,2909.14,9.826666666666824,12.059999999999944,0.0933078393881452,3145.0,2942.0,2859.0,2942.0,233000.0
2022-12-04,2942.0,2942.0,2855.0,2859.0,2598.40234375,233000.0,2996.05,3024.44,2822.56,2790.51,44.147157190635454,2914.78,8.586666666666588,8.950000000000273,0.0966628308400461,3145.0,2942.0,2859.0,2942.0,233000.0
2022-12-05,2849.0,2911.0,2832.0,2872.0,2610.217529296875,139600.0,2988.65,3018.32,2823.733333333333,2791.52,42.21453287197231,2920.68,7.586666666666588,6.704999999999927,0.0466472303206997,3145.0,2942.0,2859.0,2942.0,233000.0
2022-12-06,2842.0,2907.0,2831.0,2890.0,2626.576904296875,119700.0,2985.25,3006.32,2825.653333333333,2792.325,34.89278752436647,2926.62,6.6933333333331575,4.014999999999873,0.0597726439310597,3145.0,2911.0,2872.0,2849.0,139600.0
2022-12-07,2841.0,2880.0,2834.0,2857.0,2596.584716796875,131000.0,2979.25,2993.0,2827.133333333333,2792.965,32.78388278388279,2931.22,6.89333333333343,3.644999999999982,0.0476714338100476,3145.0,2907.0,2890.0,2842.0,119700.0
2022-12-08,2870.0,2870.0,2787.0,2803.0,2547.5068359375,176400.0,2972.95,2977.52,2827.893333333333,2793.335,15.799999999999995,2934.76,6.3733333333334485,3.3650000000002365,0.0278694536120278,3145.0,2880.0,2857.0,2841.0,131000.0
2022-12-09,2844.0,2899.0,2810.0,2890.0,2626.576904296875,124600.0,2971.0,2969.32,2829.813333333333,2793.96,28.522336769759463,2940.96,7.253333333333558,3.449999999999818,0.0597726439310597,3145.0,2870.0,2803.0,2870.0,176400.0
2022-12-10,2844.0,2899.0,2810.0,2890.0,2626.576904296875,124600.0,2969.05,2964.12,2833.773333333333,2793.965,28.522336769759463,2945.8,10.040000000000418,2.445000000000164,0.118854045683314,3145.0,2899.0,2890.0,2844.0,124600.0
2022-12-11,2844.0,2899.0,2810.0,2890.0,2626.576904296875,124600.0,2965.45,2961.4,2837.6266666666666,2794.55,28.522336769759463,2950.64,11.973333333333358,2.225000000000364,0.1382434029145332,3145.0,2899.0,2890.0,2844.0,124600.0
2022-12-12,2852.0,2900.0,2828.0,2860.0,2599.3115234375,118300.0,2956.2,2956.72,2840.786666666667,2795.325,30.07246376811593,2954.88,13.653333333333649,2.3599999999996726,0.145374449339207,3145.0,2899.0,2890.0,2844.0,124600.0
2022-12-13,2882.0,2892.0,2838.0,2842.0,2582.9521484375,92300.0,2946.05,2953.24,2844.1466666666665,2795.62,33.535353535353536,2955.74,16.253333333333103,2.2849999999998545,0.1028327512611564,3145.0,2900.0,2860.0,2852.0,118300.0
2022-12-14,2860.0,2888.0,2841.0,2886.0,2622.94140625,113300.0,2933.1,2951.52,2849.08,2796.135,45.65217391304348,2956.9,19.266666666666424,2.175000000000182,0.1199068684516879,3140.0,2892.0,2842.0,2882.0,92300.0
2022-12-15,2876.0,2909.0,2853.0,2880.0,2617.48828125,98300.0,2920.1,2949.56,2853.9333333333334,2796.62,38.75598086124402,2958.26,20.15999999999985,2.6549999999997453,0.1175785797438881,3140.0,2888.0,2886.0,2860.0,113300.0
2022-12-16,2805.0,2819.0,2766.0,2801.0,2545.689453125,232300.0,2903.15,2943.12,2857.733333333333,2795.855,42.40837696335078,2957.5,20.10666666666657,1.3049999999998363,0.0802159660624759,3140.0,2909.0,2880.0,2876.0,98300.0
2022-12-17,2805.0,2819.0,2766.0,2801.0,2545.689453125,232300.0,2886.2,2933.36,2860.64,2795.32,42.40837696335078,2957.44,19.85333333333301,-0.0049999999996543,0.0662352493338409,3080.0,2819.0,2801.0,2805.0,232300.0
2022-12-18,2805.0,2819.0,2766.0,2801.0,2545.689453125,232300.0,2872.25,2923.6,2863.12,2794.79,42.40837696335078,2957.38,18.97333333333336,-0.8299999999999272,0.0666412795125666,3005.0,2819.0,2801.0,2805.0,232300.0
2022-12-19,2777.0,2818.0,2766.0,2783.0,2529.329833984375,91400.0,2861.15,2909.12,2865.4666666666667,2793.795,38.50129198966408,2956.96,16.38666666666677,-2.340000000000145,0.0786821705426357,2974.0,2819.0,2801.0,2805.0,232300.0
2022-12-20,2765.0,2787.0,2664.0,2702.0,2455.712890625,224500.0,2849.95,2891.6,2864.9066666666668,2792.46,29.111111111111114,2952.72,10.973333333333358,-4.159999999999855,0.0203927492447129,2974.0,2818.0,2783.0,2777.0,91400.0
2022-12-21,2678.0,2682.0,2581.0,2600.0,2363.01025390625,351100.0,2831.25,2870.0,2863.213333333333,2790.615,25.2408477842004,2945.62,5.480000000000018,-5.2400000000002365,-0.0181268882175226,2890.0,2787.0,2702.0,2765.0,224500.0
2022-12-22,2640.0,2660.0,2583.0,2605.0,2367.5546875,106600.0,2818.55,2848.6,2861.5866666666666,2788.795,28.93617021276596,2939.08,0.9466666666667152,-6.525000000000091,-0.016238670694864,2890.0,2682.0,2600.0,2678.0,351100.0
2022-12-23,2565.0,2587.0,2531.0,2564.0,2330.291748046875,177200.0,2803.8,2827.96,2859.4133333333334,2786.34,11.55660377358491,2931.72,-3.706666666666479,-8.449999999999818,-0.0839585566273669,2890.0,2660.0,2605.0,2640.0,106600.0
2022-12-24,2565.0,2587.0,2531.0,2564.0,2330.291748046875,177200.0,2789.05,2810.32,2857.24,2784.17,11.55660377358491,2924.54,-8.226666666666915,-9.625,-0.0933521923620933,2890.0,2587.0,2564.0,2565.0,177200.0
2022-12-25,2565.0,2587.0,2531.0,2564.0,2330.291748046875,177200.0,2773.65,2795.84,2856.9866666666667,2781.74,11.55660377358491,2917.36,-7.920000000000073,-10.720000000000256,-0.0881934566145092,2890.0,2587.0,2564.0,2565.0,177200.0
2022-12-26,2551.0,2584.0,2538.0,2571.0,2336.65380859375,78000.0,2757.7,2779.72,2857.4133333333334,2779.195,13.96508728179552,2910.32,-5.799999999999727,-11.419999999999618,-0.0943994364212751,2890.0,2587.0,2564.0,2565.0,177200.0
2022-12-27,2595.0,2596.0,2536.0,2568.0,2333.92724609375,88700.0,2743.25,2768.08,2858.36,2777.5,14.507772020725383,2902.5,-3.2266666666664605,-11.295000000000073,-0.0841654778887304,2890.0,2584.0,2571.0,2551.0,78000.0
2022-12-28,2520.0,2550.0,2505.0,2520.0,2290.302490234375,95600.0,2729.1,2754.52,2857.6,2775.565,3.076923076923066,2892.9,-1.813333333333503,-10.775000000000093,-0.101283880171184,2890.0,2596.0,2568.0,2595.0,88700.0
2022-12-29,2496.0,2538.0,2480.0,2536.0,2304.843994140625,65700.0,2711.4,2741.6,2857.0533333333333,2773.71,7.0,2883.02,-0.1866666666664969,-10.460000000000036,-0.0955777460770328,2890.0,2550.0,2520.0,2520.0,95600.0
2022-12-30,2555.0,2573.0,2527.0,2531.0,2300.299560546875,73500.0,2693.45,2727.96,2856.44,2772.005,8.588957055214735,2873.14,-0.5466666666666242,-9.734999999999673,-0.1314344543582704,2890.0,2538.0,2536.0,2496.0,65700.0
2022-12-31,2555.0,2573.0,2527.0,2531.0,2300.299560546875,73500.0,2675.5,2713.6,2855.613333333333,2770.08,8.588957055214735,2859.96,-1.800000000000182,-9.115000000000236,-0.1434856175972927,2886.0,2573.0,2531.0,2555.0,73500.0
2023-01-01,2555.0,2573.0,2527.0,2531.0,2300.299560546875,73500.0,2659.05,2700.56,2854.333333333333,2768.58,8.588957055214735,2846.78,-4.026666666666642,-8.920000000000073,-0.1367667121418826,2886.0,2573.0,2531.0,2555.0,73500.0
2023-01-02,2555.0,2573.0,2527.0,2531.0,2300.299560546875,73500.0,2643.5,2689.68,2853.0666666666666,2766.975,9.090909090909092,2833.6,-4.533333333333303,-8.590000000000146,-0.1367667121418826,2886.0,2573.0,2531.0,2555.0,73500.0
2023-01-03,2555.0,2573.0,2527.0,2531.0,2300.299560546875,73500.0,2625.75,2675.32,2852.4133333333334,2766.14,12.334801762114536,2822.32,-4.639999999999873,-7.570000000000164,-0.1341087923366404,2880.0,2573.0,2531.0,2555.0,73500.0
2023-01-04,2530.0,2530.0,2462.0,2477.0,2251.221435546875,146800.0,2605.6,2658.8,2850.133333333333,2765.035,15.64245810055867,2811.46,-6.3066666666668425,-6.970000000000255,-0.1525829627095449,2801.0,2573.0,2531.0,2555.0,73500.0
2023-01-05,2487.0,2514.0,2473.0,2490.0,2263.036865234375,77000.0,2590.05,2642.8,2848.026666666666,2763.995,19.25133689839572,2802.1,-7.586666666666588,-6.085000000000036,-0.1481354772494013,2801.0,2530.0,2477.0,2530.0,146800.0
2023-01-06,2461.0,2510.0,2450.0,2490.0,2263.036865234375,106600.0,2574.5,2628.0,2845.92,2763.335,24.657534246575352,2792.36,-8.413333333333412,-5.244999999999891,-0.1584994930719837,2801.0,2514.0,2490.0,2487.0,77000.0
2023-01-07,2461.0,2510.0,2450.0,2490.0,2263.036865234375,106600.0,2558.95,2613.92,2841.8,2762.085,24.657534246575352,2783.58,-11.266666666666424,-4.889999999999873,-0.17,2783.0,2510.0,2490.0,2461.0,106600.0
2023-01-08,2461.0,2510.0,2450.0,2490.0,2263.036865234375,106600.0,2544.3,2598.08,2837.293333333333,2761.545,24.657534246575352,2774.8,-15.11999999999989,-4.5949999999998,-0.1782178217821782,2702.0,2510.0,2490.0,2461.0,106600.0
2023-01-09,2461.0,2510.0,2450.0,2490.0,2263.036865234375,106600.0,2533.7,2582.48,2833.0,2761.28,20.863309352517987,2766.02,-17.133333333333212,-3.7549999999996544,-0.1768595041322314,2605.0,2510.0,2490.0,2461.0,106600.0
2023-01-10,2540.0,2557.0,2506.0,2548.0,2315.75,91800.0,2531.1,2572.36,2829.12,2760.87,44.845360824742265,2757.74,-18.90666666666675,-3.125,-0.2012539184952978,2605.0,2510.0,2490.0,2461.0,106600.0
2023-01-11,2595.0,2637.0,2581.0,2636.0,2395.72900390625,84900.0,2532.65,2565.76,2826.88,2760.9,74.78632478632478,2749.56,-19.039999999999964,-2.434999999999945,-0.173667711598746,2636.0,2557.0,2548.0,2540.0,91800.0
2023-01-12,2686.0,2690.0,2651.0,2661.0,2418.449951171875,86500.0,2537.5,2560.16,2824.9733333333334,2761.055,75.7201646090535,2741.88,-16.826666666666824,-1.0300000000002,-0.1658307210031347,2661.0,2637.0,2636.0,2595.0,84900.0
2023-01-13,2658.0,2707.0,2623.0,2642.0,2401.18212890625,80500.0,2541.4,2554.52,2822.813333333333,2760.97,71.59533073929961,2731.82,-14.480000000000018,-0.5750000000002728,-0.1463651050080775,2661.0,2690.0,2661.0,2686.0,86500.0
2023-01-14,2658.0,2707.0,2623.0,2642.0,2401.18212890625,80500.0,2545.3,2552.12,2819.1866666666665,2760.73,71.59533073929961,2721.86,-13.813333333333505,-0.5500000000001819,-0.1251655629139072,2661.0,2707.0,2642.0,2658.0,80500.0
2023-01-15,2658.0,2707.0,2623.0,2642.0,2401.18212890625,80500.0,2548.85,2553.8,2815.0133333333333,2760.585,71.59533073929961,2711.9,-14.10666666666657,-0.2849999999998545,-0.1068289384719405,2661.0,2707.0,2642.0,2658.0,80500.0
2023-01-16,2595.0,2637.0,2576.0,2576.0,2341.197998046875,52500.0,2549.25,2552.64,2810.266666666667,2760.57,56.96594427244582,2700.62,-16.61333333333323,-0.3299999999999272,-0.1346993617735975,2661.0,2707.0,2642.0,2658.0,80500.0
2023-01-17,2578.0,2640.0,2578.0,2632.0,2392.093505859375,53200.0,2554.85,2555.36,2806.266666666667,2761.475,63.3245382585752,2691.66,-18.70666666666648,0.4200000000000727,-0.1013997951519289,2661.0,2637.0,2576.0,2595.0,52500.0
2023-01-18,2653.0,2716.0,2597.0,2694.0,2448.442138671875,77700.0,2562.75,2560.56,2803.213333333333,2762.69,78.0361757105943,2685.44,-19.600000000000364,1.7200000000002549,-0.0802321611471491,2694.0,2640.0,2632.0,2578.0,53200.0
2023-01-19,2680.0,2687.0,2646.0,2674.0,2430.26513671875,48900.0,2569.9,2564.96,2799.893333333333,2763.805,73.3502538071066,2680.4,-19.293333333333067,3.074999999999818,-0.0870604301809491,2694.0,2716.0,2694.0,2653.0,77700.0
2023-01-20,2635.0,2676.0,2634.0,2676.0,2432.082763671875,32400.0,2577.15,2569.16,2796.6,2765.205,73.48484848484848,2674.44,-18.41333333333341,4.619999999999891,-0.0965563808237677,2694.0,2687.0,2674.0,2680.0,48900.0
2023-01-21,2635.0,2676.0,2634.0,2676.0,2432.082763671875,32400.0,2584.4,2573.48,2792.826666666667,2766.51,73.48484848484848,2670.78,-17.440000000000055,5.940000000000055,-0.1211822660098522,2694.0,2676.0,2676.0,2635.0,32400.0
2023-01-22,2635.0,2676.0,2634.0,2676.0,2432.082763671875,32400.0,2591.65,2579.72,2788.5066666666667,2768.065,73.48484848484848,2667.12,-17.76000000000022,6.5900000000001455,-0.1211822660098522,2694.0,2676.0,2676.0,2635.0,32400.0
2023-01-23,2725.0,2739.0,2687.0,2705.0,2458.439697265625,51200.0,2600.35,2586.48,2784.173333333333,2769.555,75.29411764705883,2664.04,-19.039999999999964,6.864999999999782,-0.1399046104928457,2705.0,2676.0,2676.0,2635.0,32400.0
2023-01-24,2755.0,2760.0,2703.0,2705.0,2458.439697265625,132000.0,2611.75,2593.44,2779.9066666666668,2770.7,71.38964577656677,2660.7,-19.98666666666668,6.894999999999982,-0.1385350318471337,2705.0,2739.0,2705.0,2725.0,51200.0
2023-01-25,2699.0,2749.0,2680.0,2744.0,2493.885009765625,48000.0,2624.45,2601.96,2773.96,2772.04,66.98113207547169,2657.78,-22.63999999999988,6.835000000000036,-0.1261146496815286,2744.0,2760.0,2705.0,2755.0,132000.0
2023-01-26,2748.0,2751.0,2695.0,2711.0,2463.892822265625,48900.0,2635.5,2609.16,2767.5733333333333,2773.215,57.66871165644172,2654.86,-25.25333333333356,6.704999999999927,-0.136624203821656,2744.0,2749.0,2744.0,2699.0,48000.0
2023-01-27,2719.0,2744.0,2704.0,2707.0,2460.25732421875,30900.0,2646.35,2616.2,2761.133333333333,2774.48,60.45016077170418,2652.94,-27.37333333333345,6.414999999999964,-0.1211038961038961,2744.0,2751.0,2711.0,2748.0,48900.0
2023-01-28,2719.0,2744.0,2704.0,2707.0,2460.25732421875,30900.0,2657.2,2623.24,2755.96,2776.275,60.45016077170418,2649.28,-28.21333333333314,6.720000000000255,-0.0991680532445923,2744.0,2744.0,2707.0,2719.0,30900.0
2023-01-29,2719.0,2744.0,2704.0,2707.0,2460.25732421875,30900.0,2668.05,2632.44,2751.786666666667,2777.95,60.45016077170418,2645.62,-28.11999999999989,7.25,-0.0748462064251538,2744.0,2744.0,2707.0,2719.0,30900.0
2023-01-30,2707.0,2718.0,2686.0,2713.0,2465.71044921875,41600.0,2676.3,2641.36,2748.52,2779.355,77.29083665338646,2642.08,-25.44000000000005,7.315000000000055,-0.0877605917955615,2744.0,2744.0,2707.0,2719.0,30900.0
2023-01-31,2715.0,2728.0,2684.0,2691.0,2445.715576171875,44900.0,2679.05,2649.4,2744.7066666666665,2780.435,63.59447004608295,2638.7,-22.866666666666788,7.2199999999998,-0.0587618048268625,2744.0,2718.0,2713.0,2707.0,41600.0
2023-02-01,2693.0,2749.0,2693.0,2735.0,2485.705078125,56800.0,2682.75,2659.2,2742.12,2781.735,60.30150753768845,2636.56,-19.01333333333332,7.255000000000109,-0.0433718083245889,2744.0,2728.0,2691.0,2715.0,44900.0
2023-02-02,2760.0,2776.0,2744.0,2749.0,2498.4287109375,84100.0,2688.1,2669.56,2739.72,2783.105,69.4300518134715,2633.82,-16.240000000000236,6.829999999999927,-0.0384749912556837,2749.0,2749.0,2735.0,2693.0,56800.0
2023-02-03,2779.0,2779.0,2727.0,2746.0,2495.702392578125,63400.0,2693.3,2679.8,2737.28,2784.46,68.04123711340206,2631.14,-14.50666666666666,6.510000000000218,-0.0438718662952646,2749.0,2776.0,2749.0,2760.0,84100.0
2023-02-04,2779.0,2779.0,2727.0,2746.0,2495.702392578125,63400.0,2698.5,2687.72,2734.4,2785.615,68.04123711340206,2630.04,-14.11999999999989,6.259999999999764,-0.0498269896193771,2749.0,2779.0,2746.0,2779.0,63400.0
2023-02-05,2779.0,2779.0,2727.0,2746.0,2495.702392578125,63400.0,2707.0,2692.12,2730.4133333333334,2786.455,68.04123711340206,2628.94,-14.293333333333068,6.019999999999982,-0.0388519425971298,2749.0,2779.0,2746.0,2779.0,63400.0
2023-02-06,2756.0,2775.0,2724.0,2737.0,2487.522705078125,55800.0,2712.25,2695.16,2726.306666666667,2786.95,59.19540229885058,2627.66,-15.813333333333048,5.214999999999691,-0.0235462004994648,2749.0,2779.0,2746.0,2779.0,63400.0
2023-02-07,2729.0,2778.0,2723.0,2758.0,2506.60888671875,76000.0,2715.45,2699.8,2721.1466666666665,2787.16,63.58974358974359,2627.16,-18.573333333333267,4.054999999999836,-0.0456747404844291,2758.0,2775.0,2737.0,2756.0,55800.0
2023-02-08,2765.0,2766.0,2726.0,2740.0,2490.249755859375,47900.0,2718.75,2703.72,2715.813333333333,2787.28,48.85057471264368,2627.92,-21.466666666666697,2.820000000000164,-0.0519031141868512,2758.0,2778.0,2758.0,2729.0,76000.0
2023-02-09,2725.0,2768.0,2719.0,2759.0,2507.517333984375,65800.0,2722.9,2708.4,2710.733333333333,2787.495,65.0,2631.1,-23.66666666666697,1.8800000000001087,-0.0453287197231834,2759.0,2766.0,2740.0,2765.0,47900.0
2023-02-10,2763.0,2843.0,2763.0,2808.0,2552.051025390625,123200.0,2729.5,2717.68,2706.306666666667,2788.27,74.6341463414634,2635.16,-24.10666666666657,1.8150000000000543,-0.0181818181818181,2808.0,2768.0,2759.0,2725.0,65800.0
2023-02-11,2763.0,2843.0,2763.0,2808.0,2552.051025390625,123200.0,2736.1,2724.72,2702.68,2788.95,74.6341463414634,2640.04,-23.62666666666701,2.0,-0.011963406052076,2808.0,2843.0,2808.0,2763.0,123200.0
2023-02-12,2763.0,2843.0,2763.0,2808.0,2552.051025390625,123200.0,2741.25,2729.28,2700.0533333333333,2789.0,74.6341463414634,2644.92,-21.09333333333325,1.8400000000001453,-0.0270270270270269,2808.0,2843.0,2808.0,2763.0,123200.0
2023-02-13,2810.0,2828.0,2754.0,2765.0,2512.970458984375,120600.0,2744.25,2732.92,2697.9066666666668,2788.94,60.74380165289256,2648.94,-17.90666666666675,1.6599999999998545,-0.0399305555555555,2808.0,2843.0,2808.0,2763.0,123200.0
2023-02-14,2762.0,2811.0,2752.0,2797.0,2542.053955078125,136500.0,2746.9,2737.76,2695.5466666666666,2789.37,71.03174603174602,2653.46,-15.186666666666495,1.875,-0.0014280614066405,2808.0,2828.0,2765.0,2810.0,120600.0
2023-02-15,2547.0,2622.0,2520.0,2595.0,2358.466064453125,411800.0,2741.1,2734.52,2692.026666666666,2788.79,32.92682926829268,2654.0,-14.2800000000002,0.5199999999999818,-0.073545162441985,2808.0,2811.0,2797.0,2762.0,136500.0
2023-02-16,2600.0,2633.0,2571.0,2610.0,2372.0986328125,161600.0,2736.25,2731.88,2688.7066666666665,2788.285,33.09002433090025,2655.8,-13.973333333333358,-0.6649999999999636,-0.0681899321670831,2808.0,2622.0,2595.0,2547.0,411800.0
2023-02-17,2573.0,2584.0,2517.0,2519.0,2289.39306640625,192200.0,2726.85,2724.44,2684.173333333333,2787.03,27.254509018036075,2655.46,-15.88000000000011,-1.9699999999998,-0.0948616600790513,2808.0,2633.0,2610.0,2600.0,161600.0
2023-02-18,2573.0,2584.0,2517.0,2519.0,2289.39306640625,192200.0,2717.45,2717.0,2679.4666666666667,2785.86,27.254509018036075,2655.22,-18.44000000000005,-3.0799999999999272,-0.0677276091783863,2808.0,2584.0,2519.0,2573.0,192200.0
2023-02-19,2573.0,2584.0,2517.0,2519.0,2289.39306640625,192200.0,2707.75,2708.0,2674.52,2784.745,27.254509018036075,2654.98,-21.02666666666664,-4.625,-0.0311538461538462,2808.0,2584.0,2519.0,2573.0,192200.0
2023-02-20,2517.0,2566.0,2507.0,2520.0,2290.302490234375,125900.0,2699.2,2700.36,2670.026666666666,2783.395,27.90224032586559,2654.76,-22.0,-5.394999999999982,-0.0326295585412668,2808.0,2584.0,2519.0,2573.0,192200.0
2023-02-21,2500.0,2513.0,2489.0,2502.0,2273.943115234375,158500.0,2687.55,2692.16,2666.0133333333333,2781.655,23.770491803278688,2654.18,-22.69333333333316,-6.629999999999654,-0.0241809672386895,2808.0,2566.0,2520.0,2517.0,125900.0
2023-02-22,2473.0,2489.0,2444.0,2453.0,2229.4091796875,183300.0,2672.75,2682.0,2660.1866666666665,2779.67,22.35067437379577,2652.62,-23.98666666666668,-7.360000000000127,-0.0432917316692668,2808.0,2513.0,2502.0,2500.0,158500.0
2023-02-23,2473.0,2489.0,2444.0,2453.0,2229.4091796875,183300.0,2658.1,2671.84,2654.36,2777.685,19.39999999999999,2652.14,-25.10666666666657,-8.175000000000182,-0.0432917316692668,2808.0,2489.0,2453.0,2473.0,183300.0
2023-02-24,2463.0,2504.0,2463.0,2501.0,2273.0341796875,110400.0,2645.85,2663.36,2649.173333333333,2775.785,19.23847695390782,2652.36,-25.34666666666681,-8.960000000000036,-0.0272267600155581,2808.0,2489.0,2453.0,2473.0,183300.0
2023-02-25,2463.0,2504.0,2463.0,2501.0,2273.0341796875,110400.0,2633.6,2655.76,2644.3866666666668,2774.205,19.23847695390782,2652.58,-25.63999999999988,-9.190000000000056,-0.0260903426791276,2808.0,2504.0,2501.0,2463.0,110400.0
2023-02-26,2463.0,2504.0,2463.0,2501.0,2273.0341796875,110400.0,2621.8,2646.4,2639.84,2772.955,19.23847695390782,2652.8,-26.173333333333176,-8.700000000000273,-0.0075396825396825,2808.0,2504.0,2501.0,2463.0,110400.0
2023-02-27,2469.0,2470.0,2448.0,2465.0,2240.3154296875,115500.0,2607.15,2635.04,2634.2266666666665,2771.525,19.512195121951223,2652.3,-25.96000000000004,-8.144999999999982,-0.0279968454258675,2808.0,2504.0,2501.0,2463.0,110400.0
2023-02-28,2500.0,2504.0,2440.0,2440.0,2217.59423828125,100300.0,2592.15,2622.8,2628.36,2769.455,13.195876288659804,2651.3,-26.0,-8.230000000000018,-0.0359541683129197,2808.0,2470.0,2465.0,2469.0,115500.0
2023-03-01,2433.0,2470.0,2423.0,2461.0,2236.68017578125,109700.0,2577.25,2611.4,2623.826666666667,2767.49,27.960526315789465,2649.56,-25.34666666666635,-8.295000000000073,-0.0276570525483998,2808.0,2504.0,2440.0,2500.0,100300.0
2023-03-02,2468.0,2472.0,2414.0,2423.0,2202.143798828125,132100.0,2558.0,2598.48,2618.786666666667,2765.335,21.40672782874617,2645.3,-25.59999999999991,-8.86999999999989,-0.042670881074674,2808.0,2470.0,2461.0,2433.0,109700.0
2023-03-03,2425.0,2442.0,2412.0,2439.0,2216.685546875,89200.0,2539.55,2586.56,2613.96,2762.53,34.12698412698413,2640.86,-25.88000000000011,-10.424999999999727,-0.0363492690636112,2808.0,2472.0,2423.0,2468.0,132100.0
2023-03-04,2425.0,2442.0,2412.0,2439.0,2216.685546875,89200.0,2521.1,2573.8,2609.373333333333,2760.21,34.12698412698413,2636.8,-24.85333333333301,-11.315000000000056,-0.0363492690636112,2797.0,2442.0,2439.0,2425.0,89200.0
2023-03-05,2425.0,2442.0,2412.0,2439.0,2216.685546875,89200.0,2504.8,2561.76,2605.866666666667,2757.83,34.12698412698413,2632.74,-22.49333333333334,-11.625,-0.0153411384739604,2797.0,2442.0,2439.0,2425.0,89200.0
2023-03-06,2464.0,2504.0,2464.0,2475.0,2249.404052734375,116300.0,2488.7,2550.4,2604.2,2755.265,42.1602787456446,2629.4,-19.62666666666701,-12.224999999999907,-0.0060240963855421,2610.0,2442.0,2439.0,2425.0,89200.0
2023-03-07,2480.0,2517.0,2475.0,2510.0,2281.2138671875,105000.0,2484.45,2538.48,2602.9333333333334,2752.765,51.315789473684205,2628.08,-15.853333333333469,-12.570000000000164,0.0080321285140563,2610.0,2504.0,2475.0,2464.0,116300.0
2023-03-08,2497.0,2553.0,2491.0,2530.0,2299.390869140625,84000.0,2480.45,2527.36,2602.48,2750.365,64.0,2626.04,-11.480000000000018,-12.165000000000418,0.0160642570281124,2530.0,2517.0,2510.0,2480.0,105000.0
2023-03-09,2576.0,2579.0,2536.0,2541.0,2309.387939453125,66600.0,2481.55,2516.68,2602.173333333333,2748.02,65.38461538461539,2622.98,-7.200000000000273,-12.190000000000056,0.0204819277108434,2541.0,2553.0,2530.0,2497.0,84000.0
2023-03-10,2496.0,2525.0,2480.0,2483.0,2256.6748046875,114600.0,2479.75,2505.4,2601.093333333333,2745.695,46.95945945945946,2619.16,-4.77333333333354,-12.134999999999764,-0.0028112449799196,2541.0,2579.0,2541.0,2576.0,66600.0
2023-03-11,2496.0,2525.0,2480.0,2483.0,2256.6748046875,114600.0,2477.95,2492.84,2599.92,2743.365,46.95945945945946,2615.3,-4.279999999999745,-11.900000000000093,-0.0255102040816326,2541.0,2525.0,2483.0,2496.0,114600.0
2023-03-12,2496.0,2525.0,2480.0,2483.0,2256.6748046875,114600.0,2476.1,2488.36,2598.786666666667,2741.0,46.95945945945946,2611.44,-4.146666666666533,-11.764999999999873,-0.0580424886191198,2541.0,2525.0,2483.0,2496.0,114600.0
2023-03-13,2446.0,2466.0,2431.0,2448.0,2224.865234375,58500.0,2473.4,2481.88,2597.826666666667,2738.065,47.11864406779661,2606.88,-4.653333333333194,-12.299999999999727,-0.0800450958286358,2541.0,2525.0,2483.0,2496.0,114600.0
2023-03-14,2413.0,2414.0,2356.0,2363.0,2147.61279296875,86300.0,2468.9,2475.64,2595.52,2734.755,39.15492957746479,2600.04,-6.653333333333194,-13.264999999999873,-0.1056018168054504,2541.0,2466.0,2448.0,2446.0,58500.0
2023-03-15,2410.0,2428.0,2390.0,2402.0,2183.057861328125,70600.0,2466.35,2470.96,2593.8,2731.64,42.0911528150134,2593.98,-7.293333333333066,-14.055000000000293,-0.0908402725208176,2541.0,2414.0,2363.0,2413.0,86300.0
2023-03-16,2348.0,2401.0,2338.0,2391.0,2173.060791015625,76300.0,2460.85,2465.84,2591.9333333333334,2728.47,45.3757225433526,2586.92,-7.986666666666679,-14.894999999999982,-0.0950037850113549,2541.0,2428.0,2402.0,2410.0,70600.0
2023-03-17,2432.0,2434.0,2369.0,2375.0,2158.51904296875,67300.0,2454.55,2460.04,2589.853333333333,2725.73,40.75144508670521,2580.2,-8.933333333333394,-15.269999999999982,-0.0780279503105589,2541.0,2401.0,2391.0,2348.0,76300.0
2023-03-18,2432.0,2434.0,2369.0,2375.0,2158.51904296875,67300.0,2448.25,2454.96,2587.773333333333,2722.645,40.75144508670521,2573.56,-10.053333333333285,-15.420000000000073,-0.097644376899696,2541.0,2434.0,2375.0,2432.0,67300.0
2023-03-19,2432.0,2434.0,2369.0,2375.0,2158.51904296875,67300.0,2443.75,2451.84,2585.693333333333,2719.76,40.75144508670521,2566.92,-9.826666666666824,-14.99499999999989,-0.1184112843355604,2541.0,2434.0,2375.0,2432.0,67300.0
2023-03-20,2375.0,2381.0,2294.0,2308.0,2097.6259765625,96800.0,2437.15,2446.04,2583.44,2717.02,27.85145888594164,2558.94,-10.360000000000127,-14.61999999999989,-0.1368735976065819,2541.0,2434.0,2375.0,2432.0,67300.0
2023-03-21,2375.0,2381.0,2294.0,2308.0,2097.6259765625,96800.0,2429.5,2438.32,2581.0133333333333,2714.455,20.46783625730994,2550.84,-10.920000000000073,-14.014999999999873,-0.1375186846038864,2541.0,2381.0,2308.0,2375.0,96800.0
2023-03-22,2342.0,2342.0,2315.0,2333.0,2120.347412109375,56600.0,2425.0,2431.6,2578.92,2712.015,21.61383285302594,2543.68,-10.933333333333394,-13.715000000000146,-0.1281763826606876,2541.0,2381.0,2308.0,2375.0,96800.0
2023-03-23,2296.0,2330.0,2282.0,2325.0,2113.07666015625,53000.0,2419.3,2424.56,2576.72,2709.535,18.604651162790702,2535.48,-11.05333333333374,-13.110000000000127,-0.1311659192825112,2541.0,2342.0,2333.0,2342.0,56600.0
2023-03-24,2325.0,2395.0,2294.0,2384.0,2166.698486328125,80200.0,2416.55,2421.32,2575.306666666667,2707.155,35.65217391304347,2528.18,-10.386666666666317,-12.605000000000018,-0.1186691312384473,2541.0,2330.0,2325.0,2296.0,53000.0
2023-03-25,2325.0,2395.0,2294.0,2384.0,2166.698486328125,80200.0,2413.8,2419.08,2573.893333333333,2704.62,35.65217391304347,2520.94,-9.546666666666624,-12.400000000000093,-0.1186691312384473,2541.0,2395.0,2384.0,2325.0,80200.0
2023-03-26,2325.0,2395.0,2294.0,2384.0,2166.698486328125,80200.0,2409.25,2416.0,2571.7066666666665,2702.315,35.65217391304347,2513.7,-9.306666666666844,-12.139999999999873,-0.1311953352769679,2541.0,2395.0,2384.0,2325.0,80200.0
2023-03-27,2384.0,2404.0,2362.0,2376.0,2159.427734375,34000.0,2402.55,2414.12,2568.24,2699.59,38.67924528301887,2506.3,-10.680000000000293,-12.424999999999727,-0.1235706381409074,2541.0,2395.0,2384.0,2325.0,80200.0
2023-03-28,2399.0,2399.0,2335.0,2347.0,2133.071044921875,45500.0,2393.4,2410.44,2564.0533333333333,2696.635,46.94656488549619,2498.5,-12.666666666666517,-12.899999999999636,-0.1329885482083487,2541.0,2404.0,2376.0,2384.0,34000.0
2023-03-29,2333.0,2335.0,2311.0,2325.0,2113.07666015625,64100.0,2382.6,2405.88,2559.826666666667,2693.57,34.28571428571429,2489.84,-15.480000000000018,-13.585000000000036,-0.1411156261544145,2483.0,2399.0,2347.0,2399.0,45500.0
2023-03-30,2325.0,2385.0,2325.0,2368.0,2178.3916015625,53800.0,2376.85,2403.04,2556.173333333333,2690.72,45.848375451263536,2482.4,-17.720000000000255,-13.900000000000093,-0.125230882896195,2483.0,2335.0,2325.0,2333.0,64100.0
2023-03-31,2386.0,2405.0,2365.0,2388.0,2196.7900390625,51700.0,2372.1,2399.56,2552.786666666667,2687.79,52.31316725978648,2474.98,-18.91999999999961,-14.525000000000093,-0.11979358643568,2483.0,2385.0,2368.0,2325.0,53800.0
2023-04-01,2386.0,2405.0,2365.0,2388.0,2196.7900390625,51700.0,2367.35,2394.68,2550.28,2684.86,52.31316725978648,2466.58,-17.95999999999958,-14.730000000000018,-0.112597547380156,2448.0,2405.0,2388.0,2386.0,51700.0
2023-04-02,2386.0,2405.0,2365.0,2388.0,2196.7900390625,51700.0,2364.35,2389.0,2547.026666666666,2682.435,52.31316725978648,2458.18,-17.026666666666642,-14.200000000000273,-0.1268738574040219,2402.0,2405.0,2388.0,2386.0,51700.0
2023-04-03,2519.0,2528.0,2483.0,2516.0,2314.540771484375,187500.0,2372.0,2388.0,2544.653333333333,2680.845,80.4093567251462,2452.34,-15.17333333333363,-12.725000000000364,-0.0847580938523099,2516.0,2405.0,2388.0,2386.0,51700.0
2023-04-04,2515.0,2519.0,2470.0,2475.0,2276.82373046875,85600.0,2375.65,2387.68,2542.0,2679.405,71.80156657963447,2446.54,-14.173333333333176,-11.3149999999996,-0.0986890021849963,2516.0,2528.0,2516.0,2519.0,187500.0
2023-04-05,2440.0,2483.0,2430.0,2430.0,2235.42724609375,62700.0,2377.6,2385.56,2538.72,2677.74,62.03473945409429,2439.2,-14.06666666666706,-10.050000000000182,-0.1150764748725419,2516.0,2519.0,2475.0,2515.0,85600.0
2023-04-06,2406.0,2425.0,2388.0,2407.0,2214.2685546875,68300.0,2379.2,2382.52,2535.133333333333,2675.96,59.80861244019139,2435.44,-15.146666666666988,-8.900000000000091,-0.1234522942461762,2516.0,2483.0,2430.0,2440.0,62700.0
2023-04-07,2402.0,2421.0,2373.0,2383.0,2192.1904296875,71600.0,2379.6,2379.92,2531.2266666666665,2674.06,49.869451697127936,2430.9,-15.800000000000182,-8.375,-0.1293386919985385,2516.0,2425.0,2407.0,2406.0,68300.0
2023-04-08,2402.0,2421.0,2373.0,2383.0,2192.1904296875,71600.0,2380.0,2380.72,2526.9333333333334,2672.07,49.869451697127936,2428.18,-17.7199999999998,-8.774999999999636,-0.1359680928208847,2516.0,2421.0,2383.0,2402.0,71600.0
2023-04-09,2402.0,2421.0,2373.0,2383.0,2192.1904296875,71600.0,2383.75,2379.96,2522.64,2670.065,49.869451697127936,2425.46,-19.360000000000127,-9.340000000000146,-0.1302919708029196,2516.0,2421.0,2383.0,2402.0,71600.0
2023-04-10,2400.0,2410.0,2346.0,2353.0,2164.592529296875,63800.0,2386.0,2378.44,2517.4266666666667,2668.1,47.16049382716049,2422.14,-21.293333333333067,-9.639999999999873,-0.1471547662196448,2516.0,2421.0,2383.0,2402.0,71600.0
2023-04-11,2363.0,2419.0,2363.0,2381.0,2190.3505859375,87900.0,2388.4,2378.68,2513.026666666666,2666.275,54.20792079207921,2419.36,-22.10666666666657,-9.684999999999944,-0.1520655270655271,2516.0,2410.0,2353.0,2400.0,63800.0
2023-04-12,2381.0,2381.0,2362.0,2371.0,2181.151123046875,64500.0,2390.7,2378.52,2508.5466666666666,2664.4,55.86734693877551,2416.74,-22.67999999999984,-9.659999999999854,-0.1556267806267806,2516.0,2419.0,2381.0,2363.0,87900.0
2023-04-13,2356.0,2374.0,2335.0,2371.0,2181.151123046875,63200.0,2390.05,2378.36,2504.0666666666666,2662.525,50.429799426934096,2415.1,-22.866666666666788,-9.545000000000073,-0.1556267806267806,2516.0,2381.0,2371.0,2381.0,64500.0
2023-04-14,2379.0,2379.0,2325.0,2330.0,2143.43408203125,90200.0,2387.35,2379.24,2499.04,2661.21,42.16216216216216,2412.64,-23.59999999999991,-8.855000000000018,-0.1573236889692586,2516.0,2374.0,2371.0,2356.0,63200.0
2023-04-15,2379.0,2379.0,2325.0,2330.0,2143.43408203125,90200.0,2384.65,2380.12,2493.9333333333334,2659.855,42.16216216216216,2409.22,-23.49333333333334,-8.24499999999989,-0.1669646049338576,2516.0,2379.0,2330.0,2379.0,90200.0
2023-04-16,2379.0,2379.0,2325.0,2330.0,2143.43408203125,90200.0,2382.35,2380.0,2489.12,2658.39,42.16216216216216,2405.8,-23.90666666666675,-7.885000000000218,-0.1021194605009634,2516.0,2379.0,2330.0,2379.0,90200.0
2023-04-17,2345.0,2360.0,2325.0,2360.0,2171.0322265625,61100.0,2383.0,2381.4,2484.12,2657.24,21.32352941176471,2402.98,-24.426666666666733,-7.160000000000309,-0.0957854406130268,2516.0,2379.0,2330.0,2379.0,90200.0
2023-04-18,2364.0,2366.0,2334.0,2360.0,2171.0322265625,61700.0,2384.75,2380.44,2478.9333333333334,2656.46,25.1082251082251,2400.88,-25.13333333333321,-6.065000000000055,-0.0631202858277094,2516.0,2360.0,2360.0,2345.0,61100.0
2023-04-19,2340.0,2371.0,2334.0,2350.0,2161.832763671875,65700.0,2383.85,2379.08,2473.653333333333,2655.63,29.591836734693885,2399.08,-25.38666666666677,-5.579999999999927,-0.0670901151250495,2516.0,2366.0,2360.0,2364.0,61700.0
2023-04-20,2325.0,2373.0,2325.0,2360.0,2171.0322265625,48800.0,2382.45,2378.12,2468.5066666666667,2654.85,37.15846994535519,2397.06,-25.426666666666733,-5.005000000000109,-0.0631202858277094,2516.0,2371.0,2350.0,2340.0,65700.0
2023-04-21,2349.0,2391.0,2314.0,2320.0,2134.23486328125,71700.0,2379.05,2375.88,2462.826666666667,2653.535,34.17085427135679,2395.0,-26.293333333333067,-4.855000000000018,-0.0793650793650794,2516.0,2373.0,2360.0,2325.0,48800.0
2023-04-22,2349.0,2391.0,2314.0,2320.0,2134.23486328125,71700.0,2375.65,2374.8,2457.266666666667,2652.06,34.17085427135679,2392.62,-26.85333333333301,-5.179999999999836,-0.0727418065547561,2516.0,2391.0,2320.0,2349.0,71700.0
2023-04-23,2349.0,2391.0,2314.0,2320.0,2134.23486328125,71700.0,2365.85,2374.6,2451.4266666666667,2650.625,34.17085427135679,2390.24,-27.50666666666666,-5.835000000000036,-0.0542193232776192,2475.0,2391.0,2320.0,2349.0,71700.0
2023-04-24,2315.0,2327.0,2270.0,2286.0,2102.957275390625,144400.0,2356.4,2371.32,2445.373333333333,2648.335,33.4975369458128,2387.18,-28.279999999999745,-7.295000000000073,-0.0680799021606196,2430.0,2391.0,2320.0,2349.0,71700.0
2023-04-25,2293.0,2305.0,2241.0,2250.0,2069.83984375,95000.0,2347.4,2365.8,2438.5866666666666,2645.95,18.95734597156398,2382.68,-29.92000000000008,-8.900000000000091,-0.100359856057577,2407.0,2327.0,2286.0,2315.0,144400.0
2023-04-26,2220.0,2227.0,2196.0,2203.0,2026.6031494140625,109000.0,2337.2,2358.4,2430.52,2643.33,16.129032258064512,2376.54,-32.30666666666684,-10.204999999999927,-0.1191523390643742,2383.0,2305.0,2250.0,2293.0,95000.0
2023-04-27,2178.0,2223.0,2171.0,2218.0,2040.4019775390625,57100.0,2328.95,2351.6,2422.653333333333,2640.785,20.91254752851711,2370.3,-34.613333333333685,-11.275000000000093,-0.113154738104758,2383.0,2227.0,2203.0,2220.0,109000.0
2023-04-28,2253.0,2265.0,2211.0,2246.0,2066.159912109375,73900.0,2322.1,2340.8,2415.16,2638.38,33.2,2364.4,-36.26666666666688,-12.24499999999989,-0.0888438133874239,2383.0,2223.0,2218.0,2178.0,57100.0
2023-04-29,2253.0,2265.0,2211.0,2246.0,2066.159912109375,73900.0,2315.25,2331.64,2408.24,2636.695,33.2,2359.66,-37.13333333333367,-11.639999999999873,-0.0795081967213114,2381.0,2265.0,2246.0,2253.0,73900.0
2023-04-30,2253.0,2265.0,2211.0,2246.0,2066.159912109375,73900.0,2309.9,2324.28,2400.893333333333,2635.23,33.2,2354.92,-37.69333333333316,-10.7199999999998,-0.0873628606257619,2381.0,2265.0,2246.0,2253.0,73900.0
2023-05-01,2263.0,2270.0,2234.0,2265.0,2083.638916015625,63900.0,2304.1,2318.6,2396.4933333333333,2634.07,30.125523012552307,2350.56,-34.02666666666664,-9.259999999999764,-0.0652084193148988,2371.0,2265.0,2246.0,2253.0,73900.0
2023-05-02,2264.0,2308.0,2252.0,2298.0,2113.996337890625,67400.0,2300.45,2315.2,2392.333333333333,2632.675,38.60294117647059,2347.56,-30.31999999999971,-8.109999999999673,-0.057810578105781,2371.0,2270.0,2265.0,2263.0,63900.0
2023-05-03,2264.0,2308.0,2252.0,2298.0,2113.996337890625,67400.0,2296.8,2311.8,2389.3866666666668,2631.28,40.0763358778626,2346.26,-25.773333333333085,-7.099999999999909,-0.057810578105781,2360.0,2308.0,2298.0,2264.0,67400.0
2023-05-04,2264.0,2308.0,2252.0,2298.0,2113.996337890625,67400.0,2295.2,2308.4,2386.44,2629.885,37.6984126984127,2344.18,-21.799999999999727,-6.809999999999945,-0.057810578105781,2360.0,2308.0,2298.0,2264.0,67400.0
2023-05-05,2264.0,2308.0,2252.0,2298.0,2113.996337890625,67400.0,2293.6,2306.2,2383.4933333333333,2628.41,44.811320754716974,2342.32,-17.40000000000009,-6.820000000000164,-0.0715151515151515,2360.0,2308.0,2298.0,2264.0,67400.0
2023-05-06,2264.0,2308.0,2252.0,2298.0,2113.996337890625,67400.0,2292.0,2302.88,2380.5333333333333,2626.765,44.811320754716974,2340.78,-15.960000000000036,-7.305000000000291,-0.0844621513944222,2360.0,2308.0,2298.0,2264.0,67400.0
2023-05-07,2264.0,2308.0,2252.0,2298.0,2113.996337890625,67400.0,2288.9,2299.96,2377.813333333333,2625.125,44.811320754716974,2339.24,-14.519999999999982,-7.550000000000182,-0.091699604743083,2360.0,2308.0,2298.0,2264.0,67400.0
2023-05-08,2295.0,2324.0,2280.0,2314.0,2128.71533203125,57800.0,2286.6,2297.68,2375.96,2623.795,57.21649484536082,2338.02,-13.426666666666732,-7.485000000000127,-0.0893349075167256,2360.0,2308.0,2298.0,2264.0,67400.0
2023-05-09,2214.0,2314.0,2213.0,2289.0,2105.71728515625,203900.0,2283.55,2296.04,2373.773333333333,2622.0,60.65573770491803,2337.64,-12.666666666666517,-7.885000000000218,-0.0781312927909786,2360.0,2324.0,2314.0,2295.0,57800.0
2023-05-10,2266.0,2294.0,2265.0,2292.0,2108.476806640625,48600.0,2280.15,2294.52,2370.9866666666667,2620.22,82.01438848920863,2337.32,-12.50666666666666,-8.190000000000055,-0.0769230769230768,2320.0,2314.0,2289.0,2214.0,203900.0
2023-05-11,2300.0,2324.0,2267.0,2281.0,2098.357666015625,91000.0,2278.2,2292.56,2368.0533333333333,2618.385,73.33333333333333,2336.28,-12.480000000000018,-8.379999999999654,-0.0813532017720499,2320.0,2294.0,2292.0,2266.0,48600.0
2023-05-12,2253.0,2286.0,2229.0,2242.0,2062.480224609375,72900.0,2274.3,2287.84,2364.6,2615.6,48.63013698630137,2334.62,-13.213333333333594,-9.525000000000093,-0.0841503267973856,2320.0,2324.0,2281.0,2300.0,91000.0
2023-05-13,2253.0,2286.0,2229.0,2242.0,2062.480224609375,72900.0,2270.4,2283.12,2361.6266666666666,2612.67,48.63013698630137,2331.78,-14.333333333333483,-11.125,-0.0512060939483707,2314.0,2286.0,2242.0,2253.0,72900.0
2023-05-14,2253.0,2286.0,2229.0,2242.0,2062.480224609375,72900.0,2268.2,2278.8,2358.9866666666667,2609.82,48.63013698630137,2328.94,-14.78666666666686,-12.179999999999836,-0.0666111573688592,2314.0,2286.0,2242.0,2253.0,72900.0
2023-05-15,2010.0,2077.0,1912.0,1940.0,1784.661865234375,263500.0,2252.7,2262.0,2352.04,2605.325,12.121212121212125,2320.06,-18.946666666666715,-14.894999999999982,-0.1886240066917607,2314.0,2286.0,2242.0,2253.0,72900.0
2023-05-16,1958.0,2026.0,1958.0,1964.0,1806.7401123046875,121900.0,2240.75,2247.76,2345.92,2601.125,10.23809523809524,2311.82,-22.13333333333321,-17.26000000000022,-0.1730526315789473,2314.0,2077.0,1940.0,2010.0,263500.0
2023-05-17,1963.0,1993.0,1947.0,1952.0,1795.700927734375,105200.0,2227.45,2233.04,2339.4266666666667,2596.865,9.95370370370371,2303.92,-25.173333333333176,-18.735000000000127,-0.1781052631578947,2314.0,2026.0,1964.0,1958.0,121900.0
2023-05-18,1970.0,2087.0,1969.0,2076.0,1909.772216796875,141100.0,2218.95,2223.28,2334.5866666666666,2593.225,30.035971223021576,2298.94,-27.039999999999964,-19.445000000000164,-0.1258947368421052,2314.0,1993.0,1952.0,1963.0,105200.0
2023-05-19,2176.0,2185.0,2113.0,2142.0,1970.4874267578125,113300.0,2213.75,2217.52,2330.6266666666666,2589.365,37.45980707395498,2294.42,-28.360000000000127,-20.455000000000386,-0.0719237435008665,2314.0,2087.0,2076.0,1970.0,141100.0
2023-05-20,2176.0,2185.0,2113.0,2142.0,1970.4874267578125,113300.0,2208.55,2213.2,2326.1866666666665,2585.3,37.45980707395498,2289.5,-25.853333333333467,-20.02499999999964,-0.0719237435008665,2314.0,2185.0,2142.0,2176.0,113300.0
2023-05-21,2176.0,2185.0,2113.0,2142.0,1970.4874267578125,113300.0,2202.4,2210.76,2321.28,2581.35,37.45980707395498,2284.58,-24.63999999999988,-19.77500000000009,-0.0818688384054865,2314.0,2185.0,2142.0,2176.0,113300.0
2023-05-22,2145.0,2171.0,2126.0,2166.0,1992.56591796875,64100.0,2195.8,2208.68,2316.4266666666667,2577.52,38.25396825396825,2280.14,-23.0,-19.3449999999998,-0.0683870967741935,2314.0,2185.0,2142.0,2176.0,113300.0
2023-05-23,2211.0,2211.0,2109.0,2112.0,1942.8896484375,89800.0,2186.5,2203.32,2310.7066666666665,2573.465,36.57056145675266,2272.06,-23.88000000000011,-19.759999999999764,-0.1140939597315435,2314.0,2171.0,2166.0,2145.0,64100.0
2023-05-24,2093.0,2133.0,2062.0,2067.0,1901.492919921875,86500.0,2174.95,2196.16,2305.16,2569.185,33.95149786019972,2263.9,-25.466666666666697,-20.17999999999984,-0.132969798657718,2314.0,2211.0,2112.0,2211.0,89800.0
2023-05-25,2095.0,2148.0,2061.0,2140.0,1968.6474609375,68100.0,2167.05,2191.92,2300.5866666666666,2565.27,40.76015727391874,2258.1,-25.59999999999991,-20.0300000000002,-0.1023489932885906,2314.0,2133.0,2067.0,2093.0,86500.0
2023-05-26,2138.0,2210.0,2138.0,2180.0,2005.4449462890625,78600.0,2161.15,2188.52,2296.5466666666666,2561.375,45.94240837696336,2253.56,-24.733333333333576,-19.97499999999991,-0.0824915824915825,2314.0,2148.0,2140.0,2095.0,68100.0
2023-05-27,2138.0,2210.0,2138.0,2180.0,2005.4449462890625,78600.0,2155.25,2183.8,2292.9733333333334,2557.275,45.94240837696336,2249.5,-23.453333333333376,-20.24499999999989,-0.0711546655304644,2314.0,2210.0,2180.0,2138.0,78600.0
2023-05-28,2138.0,2210.0,2138.0,2180.0,2005.4449462890625,78600.0,2148.55,2179.08,2290.5333333333333,2553.025,45.94240837696336,2245.44,-20.173333333333176,-20.44000000000005,-0.0623655913978494,2292.0,2210.0,2180.0,2138.0,78600.0
2023-05-29,2230.0,2245.0,2178.0,2207.0,2030.2828369140625,87500.0,2144.45,2175.44,2287.9333333333334,2548.935,77.30061349693251,2241.92,-17.22666666666646,-20.25,-0.0679898648648649,2292.0,2210.0,2180.0,2138.0,78600.0
2023-05-30,2191.0,2231.0,2175.0,2210.0,2033.0423583984373,51600.0,2140.35,2171.92,2285.52,2544.035,76.28205128205128,2239.06,-15.066666666666606,-21.235000000000127,-0.074539363484087,2281.0,2245.0,2207.0,2230.0,87500.0
2023-05-31,2209.0,2209.0,2156.0,2168.0,1994.4056396484373,50400.0,2134.7,2166.72,2282.76,2538.925,71.6867469879518,2234.8,-13.786666666666406,-22.44999999999981,-0.0921273031825795,2242.0,2231.0,2210.0,2191.0,51600.0
2023-06-01,2159.0,2228.0,2151.0,2226.0,2047.7615966796875,71500.0,2133.9,2163.84,2280.773333333333,2534.105,67.36111111111111,2231.9,-12.199999999999818,-23.17000000000008,-0.0678391959798995,2242.0,2209.0,2168.0,2209.0,50400.0
2023-06-02,2226.0,2226.0,2191.0,2200.0,2023.8436279296875,48800.0,2131.8,2159.28,2278.44,2529.63,57.39795918367346,2228.48,-12.093333333333248,-23.394999999999985,-0.1255961844197138,2242.0,2228.0,2226.0,2159.0,71500.0
2023-06-03,2226.0,2226.0,2191.0,2200.0,2023.8436279296875,48800.0,2129.7,2155.72,2277.0,2525.53,57.39795918367346,2225.88,-10.933333333333394,-23.404999999999745,-0.1111111111111111,2226.0,2226.0,2200.0,2226.0,48800.0
2023-06-04,2226.0,2226.0,2191.0,2200.0,2023.8436279296875,48800.0,2142.7,2152.04,2275.56,2521.74,57.39795918367346,2223.28,-9.960000000000036,-22.29500000000008,-0.0946502057613168,2226.0,2226.0,2200.0,2226.0,48800.0
2023-06-05,2210.0,2229.0,2185.0,2225.0,2046.8414306640625,57600.0,2155.75,2149.8,2274.12,2517.98,57.50636132315521,2221.18,-8.640000000000327,-20.945000000000164,-0.0756127960116327,2226.0,2226.0,2200.0,2226.0,48800.0
2023-06-06,2185.0,2203.0,2171.0,2201.0,2024.76318359375,42300.0,2168.2,2148.16,2272.4666666666667,2514.34,62.25895316804407,2218.0,-8.306666666666843,-19.76499999999988,-0.0763743180864456,2226.0,2229.0,2225.0,2210.0,57600.0
2023-06-07,2200.0,2208.0,2139.0,2140.0,1968.6474609375,81100.0,2171.4,2144.08,2269.213333333333,2510.395,59.63060686015831,2213.6,-9.226666666666915,-19.235000000000127,-0.1019723038187159,2226.0,2203.0,2201.0,2185.0,42300.0
2023-06-08,2130.0,2164.0,2097.0,2116.0,1946.569580078125,83900.0,2170.1,2139.04,2265.64,2506.33,46.36363636363636,2208.92,-11.360000000000127,-19.20000000000028,-0.112043642467478,2226.0,2208.0,2140.0,2200.0,81100.0
2023-06-09,2111.0,2152.0,2100.0,2149.0,1976.9271240234373,88400.0,2170.45,2147.4,2262.5066666666667,2502.265,45.20123839009288,2204.7,-13.053333333333285,-19.47499999999991,-0.0866978325541861,2226.0,2164.0,2116.0,2130.0,83900.0
2023-06-10,2111.0,2152.0,2100.0,2149.0,1976.9271240234373,88400.0,2170.8,2154.8,2259.48,2497.785,45.20123839009288,2201.28,-14.639999999999873,-20.195000000000164,-0.0974380512389752,2226.0,2152.0,2149.0,2111.0,88400.0
2023-06-11,2111.0,2152.0,2100.0,2149.0,1976.9271240234373,88400.0,2169.95,2162.68,2256.84,2493.305,45.20123839009288,2197.86,-15.626666666666551,-21.03500000000031,-0.0936313791649092,2226.0,2152.0,2149.0,2111.0,88400.0
2023-06-12,2180.0,2229.0,2161.0,2205.0,2028.4429931640625,77600.0,2174.6,2167.84,2255.24,2488.605,49.715909090909086,2195.56,-13.973333333333358,-21.789999999999964,-0.0700126528890763,2226.0,2152.0,2149.0,2111.0,88400.0
2023-06-13,2238.0,2305.0,2238.0,2280.0,2097.4375,108700.0,2185.25,2173.36,2254.0666666666666,2484.305,58.25471698113208,2195.44,-11.573333333333268,-22.02500000000009,-0.0214592274678111,2280.0,2229.0,2205.0,2180.0,77600.0
2023-06-14,2308.0,2315.0,2284.0,2301.0,2116.75634765625,83100.0,2193.3,2179.72,2252.9066666666668,2480.11,66.50124069478909,2196.46,-9.599999999999907,-22.154999999999745,-0.0124463519313304,2301.0,2305.0,2280.0,2238.0,108700.0
2023-06-15,2315.0,2335.0,2282.0,2289.0,2105.71728515625,59300.0,2198.75,2185.6,2251.5866666666666,2475.855,58.82352941176471,2198.18,-7.89333333333343,-21.92999999999984,-0.0175965665236051,2301.0,2315.0,2301.0,2308.0,83100.0
2023-06-16,2295.0,2322.0,2261.0,2315.0,2129.635009765625,90000.0,2205.5,2191.56,2250.613333333333,2472.03,66.1064425770308,2200.12,-6.226666666666915,-21.27499999999964,-0.0190677966101694,2315.0,2335.0,2289.0,2315.0,59300.0
2023-06-17,2295.0,2322.0,2261.0,2315.0,2129.635009765625,90000.0,2212.25,2199.68,2247.9333333333334,2468.58,66.1064425770308,2201.5,-7.306666666666388,-20.02500000000009,-0.0190677966101694,2315.0,2322.0,2315.0,2295.0,90000.0
2023-06-18,2295.0,2322.0,2261.0,2315.0,2129.635009765625,90000.0,2217.65,2209.6,2245.8,2465.525,66.1064425770308,2202.88,-8.266666666666424,-18.779999999999745,-0.0148936170212765,2315.0,2322.0,2315.0,2295.0,90000.0
2023-06-19,2329.0,2329.0,2276.0,2300.0,2115.83642578125,57500.0,2222.15,2216.0,2244.0666666666666,2462.155,60.80691642651297,2203.96,-8.840000000000146,-17.954999999999927,-0.0254237288135593,2315.0,2322.0,2315.0,2295.0,90000.0
2023-06-20,2288.0,2328.0,2285.0,2318.0,2132.39501953125,44600.0,2229.65,2221.52,2242.88,2459.45,67.15542521994135,2205.02,-8.706666666666479,-16.4050000000002,-0.0008620689655172,2318.0,2329.0,2300.0,2329.0,57500.0
2023-06-21,2318.0,2348.0,2301.0,2320.0,2134.23486328125,105400.0,2234.35,2227.12,2242.04,2456.755,81.91489361702128,2205.46,-8.573333333333267,-15.275000000000093,0.0,2320.0,2328.0,2318.0,2288.0,44600.0
2023-06-22,2309.0,2334.0,2288.0,2288.0,2104.797119140625,66600.0,2238.75,2231.44,2240.773333333333,2453.9,79.6551724137931,2205.26,-7.159999999999855,-14.679999999999836,-0.0137931034482758,2320.0,2348.0,2320.0,2318.0,105400.0
2023-06-23,2309.0,2330.0,2208.0,2236.0,2056.9609375,63400.0,2240.55,2232.6,2238.813333333333,2450.72,64.07766990291262,2204.02,-6.986666666666679,-14.805000000000293,-0.0218722659667541,2320.0,2334.0,2288.0,2309.0,66600.0
2023-06-24,2309.0,2330.0,2208.0,2236.0,2056.9609375,63400.0,2242.35,2233.64,2237.2533333333336,2447.45,64.07766990291262,2202.78,-6.813333333333048,-14.705000000000382,-0.0062222222222222,2320.0,2330.0,2236.0,2309.0,63400.0
2023-06-25,2309.0,2330.0,2208.0,2236.0,2056.9609375,63400.0,2242.9,2236.36,2235.32,2444.345,64.07766990291262,2201.54,-7.559999999999945,-15.105000000000018,0.014979573309124,2320.0,2330.0,2236.0,2309.0,63400.0
2023-06-26,2209.0,2245.0,2201.0,2211.0,2033.962646484375,36700.0,2243.4,2235.76,2233.1866666666665,2441.385,51.07913669064748,2199.8,-8.853333333333467,-15.36999999999989,-0.003155996393147,2320.0,2330.0,2236.0,2309.0,63400.0
2023-06-27,2207.0,2217.0,2179.0,2213.0,2035.8023681640625,48700.0,2247.05,2236.28,2231.08,2438.0,33.65853658536585,2197.78,-9.693333333333612,-15.900000000000093,-0.0146927871772039,2320.0,2245.0,2211.0,2209.0,36700.0
2023-06-28,2246.0,2265.0,2211.0,2251.0,2070.759521484375,48200.0,2253.8,2238.32,2230.026666666666,2434.805,38.73873873873874,2197.02,-8.78666666666686,-15.914999999999964,0.002226179875334,2320.0,2217.0,2213.0,2207.0,48700.0
2023-06-29,2250.0,2290.0,2250.0,2279.0,2096.517822265625,43700.0,2260.3,2241.48,2229.346666666667,2431.75,47.89915966386554,2196.76,-7.906666666666751,-15.699999999999818,0.014692787177204,2320.0,2265.0,2251.0,2246.0,48200.0
2023-06-30,2350.0,2393.0,2330.0,2368.0,2178.3916015625,158300.0,2271.25,2247.2,2229.853333333333,2429.29,58.80398671096345,2198.5,-5.466666666666697,-15.054999999999836,0.0454746136865342,2368.0,2290.0,2279.0,2250.0,43700.0
2023-07-01,2350.0,2393.0,2330.0,2368.0,2178.3916015625,158300.0,2282.2,2253.88,2229.96,2426.92,58.80398671096345,2201.02,-3.2266666666664605,-14.465000000000146,0.0304612706701479,2368.0,2393.0,2368.0,2350.0,158300.0
2023-07-02,2350.0,2393.0,2330.0,2368.0,2178.3916015625,158300.0,2290.35,2263.0,2230.0666666666666,2424.33,58.80398671096345,2203.54,-1.0133333333333212,-13.670000000000073,0.0304612706701479,2368.0,2393.0,2368.0,2350.0,158300.0
2023-07-03,2372.0,2421.0,2372.0,2406.0,2213.348876953125,88600.0,2296.65,2274.6,2230.813333333333,2421.96,66.35802469135803,2206.82,0.7866666666668607,-12.8449999999998,0.0469973890339425,2406.0,2393.0,2368.0,2350.0,158300.0
2023-07-04,2420.0,2440.0,2412.0,2428.0,2233.587158203125,63500.0,2303.0,2285.76,2231.72,2420.095,66.76829268292684,2216.58,2.373333333332994,-11.6550000000002,0.0565709312445605,2428.0,2421.0,2406.0,2372.0,88600.0
2023-07-05,2415.0,2420.0,2381.0,2399.0,2206.9091796875,48500.0,2308.5,2295.76,2232.773333333333,2418.085,61.12676056338028,2225.28,2.9200000000000728,-11.204999999999927,0.0439512619669277,2428.0,2440.0,2428.0,2420.0,63500.0
2023-07-06,2355.0,2384.0,2336.0,2354.0,2165.512451171875,63500.0,2310.45,2303.96,2233.2266666666665,2415.85,58.96739130434783,2233.32,3.266666666666424,-11.070000000000164,0.0243690165361183,2428.0,2420.0,2399.0,2415.0,48500.0
2023-07-07,2330.0,2382.0,2320.0,2327.0,2140.674560546875,80700.0,2311.05,2308.84,2233.32,2413.57,63.26530612244898,2238.34,3.2533333333335577,-10.759999999999764,0.0056179775280897,2428.0,2384.0,2354.0,2355.0,63500.0
2023-07-08,2330.0,2382.0,2320.0,2327.0,2140.674560546875,80700.0,2311.65,2310.72,2233.866666666667,2411.695,63.26530612244898,2242.04,3.053333333333285,-10.264999999999873,0.0166011358671909,2428.0,2382.0,2327.0,2330.0,80700.0
2023-07-09,2330.0,2382.0,2320.0,2327.0,2140.674560546875,80700.0,2313.0,2311.76,2234.893333333333,2410.33,63.26530612244898,2245.74,3.1733333333336304,-9.764999999999873,0.0152705061082023,2428.0,2382.0,2327.0,2330.0,80700.0
2023-07-10,2325.0,2335.0,2304.0,2315.0,2129.635009765625,67000.0,2312.85,2312.8,2236.3866666666668,2408.88,65.75757575757575,2249.2,3.6133333333332303,-9.204999999999927,0.0149057430951338,2428.0,2382.0,2327.0,2330.0,80700.0
2023-07-11,2320.0,2361.0,2320.0,2337.0,2149.873779296875,33400.0,2313.7,2313.68,2237.9733333333334,2407.745,67.71428571428572,2252.62,4.746666666666897,-8.105000000000018,0.0423728813559323,2428.0,2335.0,2315.0,2325.0,67000.0
2023-07-12,2333.0,2337.0,2287.0,2289.0,2105.71728515625,64700.0,2313.75,2312.64,2238.5466666666666,2406.37,55.27777777777777,2256.16,5.2266666666664605,-7.200000000000273,0.0209634255129349,2428.0,2361.0,2337.0,2320.0,33400.0
2023-07-13,2298.0,2340.0,2276.0,2322.0,2136.074951171875,48600.0,2318.05,2312.92,2239.56,2405.16,55.89041095890411,2261.26,5.6933333333331575,-6.535000000000309,0.0356824264049955,2428.0,2337.0,2289.0,2333.0,64700.0
2023-07-14,2340.0,2353.0,2309.0,2309.0,2124.11572265625,40400.0,2321.7,2313.28,2240.4,2403.85,39.7923875432526,2264.64,5.506666666666661,-6.480000000000018,0.1902061855670103,2428.0,2340.0,2322.0,2298.0,48600.0
2023-07-15,2340.0,2353.0,2309.0,2309.0,2124.11572265625,40400.0,2325.35,2312.92,2240.9866666666667,2402.555,39.7923875432526,2267.22,4.599999999999909,-6.325000000000273,0.1756619144602851,2428.0,2353.0,2309.0,2340.0,40400.0
2023-07-16,2340.0,2353.0,2309.0,2309.0,2124.11572265625,40400.0,2330.25,2312.48,2241.133333333333,2401.5,39.7923875432526,2269.8,3.1599999999998545,-6.244999999999891,0.1828893442622949,2428.0,2353.0,2309.0,2340.0,40400.0
2023-07-17,2340.0,2353.0,2309.0,2309.0,2124.11572265625,40400.0,2335.05,2313.32,2241.28,2400.365,30.677290836653384,2272.38,2.733333333333576,-6.005000000000109,0.1122350674373795,2428.0,2353.0,2309.0,2340.0,40400.0
2023-07-18,2309.0,2380.0,2309.0,2375.0,2184.830810546875,62600.0,2341.25,2318.88,2242.306666666667,2399.585,41.01694915254237,2275.74,2.746666666666897,-5.574999999999818,0.1087768440709617,2428.0,2353.0,2309.0,2340.0,40400.0
2023-07-19,2398.0,2400.0,2342.0,2359.0,2170.11181640625,44600.0,2345.25,2323.8,2243.12,2398.725,42.90780141843972,2278.72,2.7199999999998,-5.125,0.1013071895424837,2428.0,2380.0,2375.0,2309.0,62600.0
2023-07-20,2363.0,2364.0,2329.0,2350.0,2161.832763671875,37700.0,2344.35,2328.36,2243.813333333333,2397.82,49.1869918699187,2282.36,2.8266666666668243,-4.734999999999673,0.0971055088702148,2428.0,2400.0,2359.0,2398.0,44600.0
2023-07-21,2343.0,2343.0,2258.0,2270.0,2088.23828125,98000.0,2339.45,2330.72,2243.44,2396.515,40.468227424749166,2283.24,2.3066666666668425,-4.985000000000127,0.0480147737765466,2428.0,2364.0,2350.0,2363.0,37700.0
2023-07-22,2343.0,2343.0,2258.0,2270.0,2088.23828125,98000.0,2334.55,2333.0,2242.853333333333,2395.21,40.468227424749166,2284.64,1.5733333333332666,-5.154999999999745,0.0748106060606059,2428.0,2343.0,2270.0,2343.0,98000.0
2023-07-23,2343.0,2343.0,2258.0,2270.0,2088.23828125,98000.0,2327.75,2333.76,2242.6,2394.175,40.468227424749166,2286.04,0.2933333333330665,-5.409999999999855,0.0982099661344944,2428.0,2343.0,2270.0,2343.0,98000.0
2023-07-24,2299.0,2368.0,2299.0,2355.0,2166.432373046875,67200.0,2324.1,2336.8,2243.44,2393.5,55.376344086021504,2289.14,0.3200000000001637,-5.224999999999909,0.1004672897196261,2399.0,2343.0,2270.0,2343.0,98000.0
2023-07-25,2355.0,2378.0,2345.0,2376.0,2185.750732421875,30300.0,2322.95,2337.12,2244.7066666666665,2392.93,55.25606469002695,2292.16,0.8933333333329756,-4.890000000000327,0.0899082568807339,2376.0,2368.0,2355.0,2299.0,67200.0
2023-07-26,2352.0,2384.0,2352.0,2375.0,2184.830810546875,34100.0,2324.0,2337.4,2246.48,2392.355,63.27160493827161,2295.64,3.039999999999964,-4.159999999999855,0.0894495412844036,2376.0,2378.0,2376.0,2355.0,30300.0
2023-07-27,2371.0,2404.0,2368.0,2398.0,2205.9892578125,37600.0,2327.55,2338.6,2248.56,2391.895,62.101910828025474,2300.8,5.706666666666479,-3.3150000000000546,0.1,2398.0,2384.0,2375.0,2352.0,34100.0
2023-07-28,2376.0,2386.0,2328.0,2364.0,2174.711669921875,54600.0,2329.4,2336.92,2250.1866666666665,2391.265,58.208955223880594,2305.76,7.586666666666588,-2.910000000000309,0.0711372904395106,2398.0,2404.0,2398.0,2371.0,37600.0
2023-07-29,2376.0,2386.0,2328.0,2364.0,2174.711669921875,54600.0,2331.25,2334.36,2255.84,2390.345,58.208955223880594,2310.06,12.400000000000093,-3.1550000000002,0.069683257918552,2398.0,2386.0,2364.0,2376.0,54600.0
2023-07-30,2376.0,2386.0,2328.0,2364.0,2174.711669921875,54600.0,2333.7,2332.96,2261.173333333333,2388.985,58.208955223880594,2314.36,16.466666666666697,-3.944999999999709,0.0904059040590405,2398.0,2386.0,2364.0,2376.0,54600.0
2023-07-31,2414.0,2429.0,2391.0,2421.0,2227.147705078125,82200.0,2337.9,2335.64,2267.4266666666667,2387.785,64.28571428571428,2319.8,20.946666666666715,-4.570000000000164,0.0876010781671159,2421.0,2386.0,2364.0,2376.0,54600.0
2023-08-01,2403.0,2433.0,2400.0,2423.0,2228.987548828125,38100.0,2344.6,2339.48,2272.0533333333333,2386.69,57.31707317073171,2324.16,23.49333333333334,-5.204999999999927,0.1013636363636363,2423.0,2429.0,2421.0,2414.0,82200.0
2023-08-02,2404.0,2456.0,2404.0,2422.0,2228.067626953125,59100.0,2349.6,2343.28,2275.786666666667,2385.59,60.06389776357828,2327.0,25.600000000000364,-5.674999999999727,0.1009090909090908,2423.0,2433.0,2423.0,2403.0,38100.0
2023-08-03,2395.0,2395.0,2349.0,2361.0,2171.951904296875,44600.0,2352.2,2344.64,2278.7066666666665,2384.185,51.50684931506849,2328.2,22.866666666666333,-6.159999999999855,0.0731818181818182,2423.0,2456.0,2422.0,2404.0,59100.0
2023-08-04,2332.0,2348.0,2294.0,2310.0,2125.035400390625,57800.0,2352.25,2344.44,2280.9466666666667,2382.855,55.95238095238095,2328.62,19.77333333333354,-6.130000000000109,0.0382022471910112,2423.0,2395.0,2361.0,2395.0,44600.0
2023-08-05,2332.0,2348.0,2294.0,2310.0,2125.035400390625,57800.0,2352.3,2343.36,2282.866666666667,2381.245,55.95238095238095,2328.52,15.440000000000056,-6.539999999999964,0.0495229441163107,2423.0,2348.0,2310.0,2332.0,57800.0
2023-08-06,2332.0,2348.0,2294.0,2310.0,2125.035400390625,57800.0,2352.35,2344.2,2285.5066666666667,2379.325,55.95238095238095,2328.42,13.453333333333376,-7.3650000000002365,0.0794392523364486,2423.0,2348.0,2310.0,2332.0,57800.0
2023-08-07,2291.0,2296.0,2266.0,2295.0,2111.236572265625,59200.0,2348.35,2343.12,2288.5466666666666,2377.43,38.721804511278194,2328.02,12.759999999999764,-8.16000000000031,0.084593572778828,2423.0,2348.0,2310.0,2332.0,57800.0
2023-08-08,2283.0,2294.0,2267.0,2274.0,2091.91796875,44200.0,2344.1,2341.72,2290.333333333333,2375.42,30.827067669172934,2327.5,11.626666666667006,-8.764999999999873,0.0581665891112144,2423.0,2296.0,2295.0,2291.0,59200.0
2023-08-09,2252.0,2263.0,2229.0,2248.0,2068.000244140625,49700.0,2339.0,2339.28,2291.24,2373.28,28.1786941580756,2326.1,10.293333333333068,-9.574999999999818,0.0460679385760818,2423.0,2294.0,2274.0,2283.0,44200.0
2023-08-10,2235.0,2235.0,2193.0,2233.0,2054.201171875,73600.0,2337.15,2336.24,2291.9466666666667,2371.065,20.84805653710248,2324.36,9.079999999999927,-10.179999999999836,0.0390879478827361,2423.0,2263.0,2248.0,2252.0,49700.0
2023-08-11,2235.0,2235.0,2193.0,2233.0,2054.201171875,73600.0,2335.3,2333.2,2292.653333333333,2368.705,23.694779116465867,2323.26,7.146666666666533,-10.61999999999989,0.0126984126984126,2423.0,2235.0,2233.0,2235.0,73600.0
2023-08-12,2235.0,2235.0,2193.0,2233.0,2054.201171875,73600.0,2333.45,2327.52,2293.0,2366.345,23.694779116465867,2323.2,4.453333333333376,-11.085000000000036,-0.0206140350877193,2423.0,2235.0,2233.0,2235.0,73600.0
2023-08-13,2235.0,2235.0,2193.0,2233.0,2054.201171875,73600.0,2327.35,2322.48,2293.306666666667,2363.79,23.694779116465867,2323.14,2.9733333333333576,-11.63000000000011,-0.0295523685354194,2423.0,2235.0,2233.0,2235.0,73600.0
2023-08-14,2150.0,2304.0,2148.0,2269.0,2087.318359375,149500.0,2322.0,2319.24,2294.653333333333,2361.58,16.666666666666657,2323.8,3.413333333333412,-11.700000000000273,-0.0087374399301004,2423.0,2235.0,2233.0,2235.0,73600.0
2023-08-15,2285.0,2339.0,2277.0,2292.0,2108.476806640625,67900.0,2317.85,2320.12,2295.5333333333333,2359.505,23.694779116465867,2325.42,3.586666666666588,-11.559999999999944,-0.0099352051835852,2423.0,2304.0,2269.0,2150.0,149500.0
2023-08-16,2270.0,2296.0,2189.0,2189.0,2013.7242431640625,45400.0,2307.4,2316.88,2295.3866666666668,2356.915,16.809116809116816,2324.94,2.733333333333576,-11.789999999999964,-0.0544276457883369,2423.0,2339.0,2292.0,2285.0,67900.0
2023-08-17,2169.0,2189.0,2130.0,2171.0,1997.1656494140625,46900.0,2297.75,2312.92,2295.0,2354.235,19.155844155844164,2323.34,2.0,-12.109999999999673,-0.0622030237580993,2423.0,2296.0,2189.0,2270.0,45400.0
2023-08-18,2130.0,2185.0,2130.0,2166.0,1992.56591796875,32000.0,2287.85,2305.36,2294.5466666666666,2351.5,22.51908396946565,2321.08,1.2399999999997815,-12.289999999999964,-0.0582608695652173,2423.0,2189.0,2171.0,2169.0,46900.0
2023-08-19,2130.0,2185.0,2130.0,2166.0,1992.56591796875,32000.0,2277.95,2296.96,2293.76,2348.875,22.51908396946565,2317.04,-0.8933333333329756,-12.704999999999927,-0.0655737704918032,2423.0,2185.0,2166.0,2130.0,32000.0
2023-08-20,2130.0,2185.0,2130.0,2166.0,1992.56591796875,32000.0,2265.2,2288.6,2293.293333333333,2346.03,22.51908396946565,2313.0,-2.2399999999997817,-13.474999999999907,-0.0663793103448275,2423.0,2185.0,2166.0,2130.0,32000.0
2023-08-21,2160.0,2172.0,2127.0,2164.0,1990.725830078125,28000.0,2252.25,2279.24,2293.613333333333,2343.105,23.694779116465867,2308.92,-1.7733333333335397,-13.809999999999944,-0.0541958041958041,2422.0,2185.0,2166.0,2130.0,32000.0
2023-08-22,2173.0,2205.0,2166.0,2176.0,2001.765380859375,32500.0,2239.95,2271.72,2294.4133333333334,2340.255,29.58333333333333,2304.32,-0.5866666666665878,-13.980000000000018,-0.0268336314847942,2361.0,2172.0,2164.0,2160.0,28000.0
2023-08-23,2179.0,2206.0,2140.0,2201.0,2024.76318359375,32300.0,2231.95,2265.2,2295.1066666666666,2337.53,40.1673640167364,2299.78,0.5599999999999454,-13.9699999999998,-0.0156529516994633,2310.0,2205.0,2176.0,2173.0,32500.0
2023-08-24,2223.0,2267.0,2217.0,2264.0,2082.71875,55100.0,2229.65,2261.2,2296.64,2335.12,55.400696864111495,2297.08,2.8799999999996544,-13.75500000000011,0.0125223613595706,2310.0,2206.0,2201.0,2179.0,32300.0
2023-08-25,2222.0,2265.0,2210.0,2223.0,2045.0018310546875,49400.0,2225.3,2253.28,2297.6266666666666,2332.55,48.47560975609756,2294.46,4.33333333333303,-13.480000000000018,0.005427408412483,2310.0,2267.0,2264.0,2223.0,55100.0
2023-08-26,2222.0,2265.0,2210.0,2223.0,2045.0018310546875,49400.0,2220.95,2245.28,2297.866666666667,2329.875,48.47560975609756,2292.38,4.253333333333558,-13.230000000000018,0.0045187528242205,2295.0,2265.0,2223.0,2222.0,49400.0
2023-08-27,2222.0,2265.0,2210.0,2223.0,2045.0018310546875,49400.0,2217.35,2237.32,2297.1066666666666,2327.29,48.47560975609756,2290.3,2.693333333333157,-12.965000000000146,-0.0124389160373167,2292.0,2265.0,2223.0,2222.0,49400.0
2023-08-28,2245.0,2330.0,2232.0,2310.0,2125.035400390625,38900.0,2219.15,2235.28,2297.2266666666665,2325.045,55.4089709762533,2289.96,2.119999999999891,-12.485000000000127,0.0136024572180781,2310.0,2265.0,2223.0,2222.0,49400.0
2023-08-29,2329.0,2329.0,2283.0,2299.0,2114.916259765625,32600.0,2221.7,2234.84,2297.36,2322.5,50.95367847411444,2289.64,0.7200000000002547,-12.61999999999989,-0.0291385135135134,2310.0,2330.0,2310.0,2245.0,38900.0
2023-08-30,2319.0,2320.0,2295.0,2309.0,2124.11572265625,23700.0,2225.5,2234.8,2297.28,2320.005,71.8978102189781,2289.08,-0.3466666666663514,-12.545000000000073,-0.0249155405405405,2310.0,2329.0,2299.0,2329.0,32600.0
2023-08-31,2320.0,2356.0,2316.0,2333.0,2146.19384765625,43200.0,2230.5,2235.72,2297.52,2317.63,78.92857142857143,2289.96,-0.3466666666668061,-12.24499999999989,-0.0147804054054053,2333.0,2320.0,2309.0,2319.0,23700.0
2023-09-01,2333.0,2341.0,2318.0,2333.0,2146.19384765625,33600.0,2235.5,2237.24,2297.76,2315.47,80.36363636363636,2290.18,0.6533333333336486,-11.820000000000164,-0.0303408146300914,2333.0,2356.0,2333.0,2320.0,43200.0
2023-09-02,2333.0,2341.0,2318.0,2333.0,2146.19384765625,33600.0,2240.5,2239.6,2298.2,2313.15,80.36363636363636,2290.66,0.9733333333333576,-11.894999999999982,-0.0391268533772652,2333.0,2341.0,2333.0,2333.0,33600.0
2023-09-03,2333.0,2341.0,2318.0,2333.0,2146.19384765625,33600.0,2243.7,2243.0,2298.4,2311.84,80.36363636363636,2291.14,1.0399999999999636,-10.659999999999854,-0.027511463109629,2333.0,2341.0,2333.0,2333.0,33600.0
2023-09-04,2340.0,2412.0,2340.0,2406.0,2213.348876953125,66000.0,2249.4,2249.92,2299.5466666666666,2310.82,84.97109826589595,2293.08,2.266666666666424,-9.184999999999944,0.0220900594732369,2406.0,2341.0,2333.0,2333.0,33600.0
2023-09-05,2395.0,2430.0,2374.0,2425.0,2230.827392578125,52400.0,2261.2,2257.6,2301.373333333333,2310.35,85.26912181303116,2295.4,3.8533333333334654,-7.2800000000002,0.0421143102707348,2425.0,2412.0,2406.0,2340.0,66000.0
2023-09-06,2400.0,2426.0,2400.0,2408.0,2215.1884765625,29400.0,2273.05,2264.6,2303.6666666666665,2309.795,80.0,2296.06,5.906666666666297,-5.674999999999727,0.034808766652342,2425.0,2430.0,2425.0,2395.0,52400.0
2023-09-07,2380.0,2406.0,2360.0,2362.0,2172.87158203125,50500.0,2282.85,2269.76,2305.346666666667,2309.01,64.9390243902439,2296.12,7.146666666666988,-4.139999999999873,0.0150408250966909,2425.0,2426.0,2408.0,2400.0,29400.0
2023-09-08,2346.0,2363.0,2310.0,2319.0,2133.31494140625,35800.0,2290.5,2271.76,2306.4533333333334,2308.005,64.54545454545453,2295.5,8.053333333333285,-3.835000000000037,0.0017278617710583,2425.0,2406.0,2362.0,2380.0,50500.0
2023-09-09,2346.0,2363.0,2310.0,2319.0,2133.31494140625,35800.0,2298.15,2272.84,2307.893333333333,2307.09,64.54545454545453,2296.48,8.346666666666806,-3.730000000000018,-0.0077021822849807,2425.0,2363.0,2319.0,2346.0,35800.0
2023-09-10,2346.0,2363.0,2310.0,2319.0,2133.31494140625,35800.0,2305.9,2278.04,2309.306666666667,2306.42,64.54545454545453,2297.46,7.933333333333394,-3.929999999999836,0.0131061598951507,2425.0,2363.0,2319.0,2346.0,35800.0
2023-09-11,2311.0,2320.0,2276.0,2284.0,2101.11767578125,25200.0,2311.3,2282.56,2309.7466666666664,2305.575,45.32374100719424,2297.74,6.079999999999927,-4.220000000000255,-0.016365202411714,2425.0,2363.0,2319.0,2346.0,35800.0
2023-09-12,2299.0,2315.0,2257.0,2277.0,2094.677734375,23100.0,2315.1,2287.0,2309.72,2304.455,45.98540145985401,2296.18,4.373333333332994,-4.555000000000291,-0.0138588133391078,2425.0,2320.0,2284.0,2311.0,25200.0
2023-09-13,2254.0,2284.0,2243.0,2249.0,2068.919677734375,27900.0,2314.35,2290.32,2308.133333333333,2303.195,39.72602739726028,2293.64,1.6799999999998363,-4.809999999999945,-0.0259852750108271,2425.0,2315.0,2277.0,2299.0,23100.0
2023-09-14,2249.0,2298.0,2249.0,2290.0,2106.636962890625,24500.0,2317.7,2295.28,2307.093333333333,2302.14,43.04207119741101,2291.94,-0.8000000000001819,-4.950000000000273,-0.0082286704200952,2425.0,2284.0,2249.0,2254.0,27900.0
2023-09-15,2290.0,2312.0,2274.0,2293.0,2109.39697265625,30800.0,2321.2,2300.44,2306.093333333333,2301.28,43.58974358974359,2289.84,-3.213333333333594,-5.139999999999873,-0.0069294066695538,2425.0,2298.0,2290.0,2249.0,24500.0
2023-09-16,2290.0,2312.0,2274.0,2293.0,2109.39697265625,30800.0,2324.7,2305.12,2304.5866666666666,2300.545,43.58974358974359,2288.42,-5.159999999999855,-5.029999999999745,-0.0345263157894737,2425.0,2312.0,2293.0,2290.0,30800.0
2023-09-17,2290.0,2312.0,2274.0,2293.0,2109.39697265625,30800.0,2323.85,2308.8,2302.786666666667,2299.705,43.58974358974359,2287.0,-6.933333333332939,-4.75,-0.0279779567613395,2425.0,2312.0,2293.0,2290.0,30800.0
2023-09-18,2290.0,2312.0,2274.0,2293.0,2109.39697265625,30800.0,2323.55,2309.96,2301.373333333333,2299.055,26.359832635983267,2285.58,-6.759999999999764,-4.140000000000327,-0.0242553191489361,2425.0,2312.0,2293.0,2290.0,30800.0
2023-09-19,2265.0,2265.0,2204.0,2237.0,2057.880615234375,56700.0,2319.95,2310.52,2299.813333333333,2298.045,15.94202898550725,2281.9,-7.279999999999745,-4.0949999999998,-0.0145374449339207,2425.0,2312.0,2293.0,2290.0,30800.0
2023-09-20,2235.0,2284.0,2235.0,2244.0,2064.3203125,28000.0,2315.5,2311.36,2298.7066666666665,2297.07,19.172932330827063,2278.32,-7.38666666666677,-4.210000000000036,-0.011453744493392,2425.0,2265.0,2237.0,2265.0,56700.0
2023-09-21,2230.0,2247.0,2201.0,2213.0,2035.8023681640625,28200.0,2309.5,2310.96,2297.1866666666665,2295.94,20.3187250996016,2274.14,-7.400000000000091,-4.605000000000018,-0.0251101321585902,2425.0,2284.0,2244.0,2235.0,28000.0
2023-09-22,2187.0,2223.0,2175.0,2199.0,2022.923583984375,38000.0,2302.8,2306.52,2295.48,2294.56,22.97297297297297,2270.9,-7.306666666666842,-5.144999999999982,-0.0662420382165605,2425.0,2247.0,2213.0,2230.0,28200.0
2023-09-23,2187.0,2223.0,2175.0,2199.0,2022.923583984375,38000.0,2296.1,2302.52,2293.9333333333334,2293.005,22.97297297297297,2268.68,-7.440000000000055,-6.049999999999727,-0.0744949494949495,2425.0,2223.0,2199.0,2187.0,38000.0
2023-09-24,2187.0,2223.0,2175.0,2199.0,2022.923583984375,38000.0,2285.75,2298.12,2292.093333333333,2291.35,22.97297297297297,2266.46,-7.720000000000255,-6.695000000000164,-0.0741052631578947,2425.0,2223.0,2199.0,2187.0,38000.0
2023-09-25,2231.0,2239.0,2208.0,2239.0,2059.720458984375,20400.0,2276.45,2294.36,2291.4266666666667,2289.84,40.08810572687225,2265.04,-7.279999999999745,-7.230000000000018,-0.0663052543786488,2408.0,2223.0,2199.0,2187.0,38000.0
2023-09-26,2228.0,2228.0,2173.0,2178.0,2003.6051025390625,36300.0,2264.95,2288.16,2289.5066666666667,2288.315,32.38434163701068,2262.7,-7.679999999999836,-7.625,-0.0786802030456852,2362.0,2239.0,2239.0,2231.0,20400.0
2023-09-27,2168.0,2207.0,2148.0,2203.0,2026.6031494140625,33700.0,2257.0,2282.96,2288.093333333333,2286.915,41.726618705035975,2261.28,-7.38666666666677,-7.644999999999982,-0.0681049069373942,2319.0,2228.0,2178.0,2228.0,36300.0
2023-09-28,2175.0,2196.0,2144.0,2161.0,2013.5582275390625,39100.0,2249.1,2276.08,2286.12,2285.305,26.88172043010753,2259.54,-7.813333333333503,-7.700000000000273,-0.0858714043993231,2319.0,2207.0,2203.0,2168.0,33700.0
2023-09-29,2191.0,2191.0,2144.0,2157.0,2009.831298828125,29700.0,2241.0,2266.12,2284.093333333333,2283.85,25.71428571428572,2258.02,-8.0,-7.5,-0.1090458488228005,2319.0,2196.0,2161.0,2175.0,39100.0
2023-09-30,2191.0,2191.0,2144.0,2157.0,2009.831298828125,29700.0,2232.9,2255.4,2282.0666666666666,2282.82,25.71428571428572,2256.5,-9.360000000000127,-7.019999999999982,-0.1097812628972348,2293.0,2191.0,2157.0,2191.0,29700.0
2023-10-01,2191.0,2191.0,2144.0,2157.0,2009.831298828125,29700.0,2226.55,2245.36,2279.16,2281.595,25.71428571428572,2254.98,-10.346666666666806,-6.720000000000255,-0.1094137076796036,2293.0,2191.0,2157.0,2191.0,29700.0
2023-10-02,2171.0,2196.0,2132.0,2136.0,1990.263916015625,37700.0,2219.5,2236.32,2276.1866666666665,2280.32,23.9202657807309,2253.04,-11.906666666666752,-6.5949999999998,-0.0952986022871664,2293.0,2191.0,2157.0,2191.0,29700.0
2023-10-03,2110.0,2110.0,2020.0,2020.0,1882.178466796875,62700.0,2208.05,2224.36,2271.786666666667,2278.545,19.94459833795014,2248.06,-14.33333333333303,-6.759999999999764,-0.1255411255411255,2293.0,2196.0,2136.0,2171.0,37700.0
2023-10-04,1980.0,1980.0,1922.0,1922.0,1790.8648681640625,109000.0,2189.65,2208.48,2267.1466666666665,2276.28,14.380530973451329,2240.66,-16.946666666666715,-7.569999999999709,-0.1679653679653679,2293.0,2110.0,2020.0,2110.0,62700.0
2023-10-05,1979.0,1998.0,1932.0,1998.0,1861.6795654296875,67100.0,2174.9,2195.64,2263.52,2274.395,28.37022132796781,2236.84,-18.546666666666624,-8.425000000000182,-0.1350649350649351,2293.0,1980.0,1922.0,1980.0,109000.0
2023-10-06,1980.0,2019.0,1977.0,2012.0,1874.7242431640625,48700.0,2160.85,2184.76,2260.08,2272.915,31.18712273641852,2233.66,-19.079999999999927,-8.679999999999836,-0.1233115468409585,2293.0,1998.0,1998.0,1979.0,67100.0
2023-10-07,1980.0,2019.0,1977.0,2012.0,1874.7242431640625,48700.0,2146.8,2174.16,2255.5066666666667,2271.435,31.18712273641852,2230.58,-20.67999999999984,-8.885000000000218,-0.1152154793315742,2293.0,2019.0,2012.0,1980.0,48700.0
2023-10-08,1980.0,2019.0,1977.0,2012.0,1874.7242431640625,48700.0,2132.75,2164.68,2250.653333333333,2269.83,31.18712273641852,2227.5,-21.133333333333667,-8.715000000000146,-0.104982206405694,2244.0,2019.0,2012.0,1980.0,48700.0
2023-10-09,1980.0,2019.0,1977.0,2012.0,1874.7242431640625,48700.0,2121.5,2153.56,2245.813333333333,2268.265,25.164113785557987,2224.42,-21.33333333333303,-8.015000000000327,-0.0989699955217197,2244.0,2019.0,2012.0,1980.0,48700.0
2023-10-10,2050.0,2069.0,2031.0,2050.0,1910.1317138671875,35900.0,2111.8,2143.84,2241.173333333333,2266.595,35.253456221198164,2222.14,-22.34666666666681,-7.800000000000182,-0.0819525302283923,2239.0,2019.0,2012.0,1980.0,48700.0
2023-10-11,2066.0,2066.0,2027.0,2037.0,1898.0186767578125,33000.0,2103.0,2133.6,2236.813333333333,2264.86,30.33175355450237,2219.36,-23.266666666666424,-8.054999999999836,-0.0877742946708464,2239.0,2069.0,2050.0,2050.0,35900.0
2023-10-12,2037.0,2133.0,2037.0,2130.0,1984.6734619140625,33800.0,2099.55,2127.08,2233.693333333333,2263.59,46.723044397463,2217.94,-21.813333333333503,-7.8449999999998,-0.0461262875055978,2239.0,2066.0,2037.0,2066.0,33000.0
2023-10-13,2121.0,2131.0,2078.0,2085.0,1942.74365234375,42600.0,2093.85,2118.76,2229.9733333333334,2262.135,42.996108949416346,2214.36,-20.67999999999984,-7.694999999999709,-0.0810929925077126,2239.0,2133.0,2130.0,2037.0,33800.0
2023-10-14,2121.0,2131.0,2078.0,2085.0,1942.74365234375,42600.0,2088.15,2112.68,2225.4933333333333,2260.825,42.996108949416346,2211.6,-20.320000000000164,-7.440000000000055,-0.0903141361256544,2239.0,2131.0,2085.0,2121.0,42600.0
2023-10-15,2121.0,2131.0,2078.0,2085.0,1942.74365234375,42600.0,2080.45,2106.32,2220.9866666666667,2259.625,42.996108949416346,2208.84,-20.186666666666497,-6.9699999999998,-0.0475102786660576,2203.0,2131.0,2085.0,2121.0,42600.0
2023-10-16,2023.0,2048.0,2002.0,2007.0,1870.065673828125,54500.0,2071.9,2098.08,2215.4533333333334,2257.82,38.704028021015766,2204.52,-21.360000000000127,-7.039999999999964,-0.075541225241824,2203.0,2131.0,2085.0,2121.0,42600.0
2023-10-17,2053.0,2059.0,1980.0,1995.0,1858.8843994140625,51300.0,2061.5,2089.92,2210.5733333333333,2255.855,47.32334047109208,2198.22,-23.11999999999989,-7.735000000000127,-0.0789473684210526,2161.0,2048.0,2007.0,2023.0,54500.0
2023-10-18,1995.0,2047.0,1972.0,2043.0,1903.6092529296875,66900.0,2055.6,2083.68,2207.0133333333333,2254.13,64.50839328537171,2193.1,-22.96000000000004,-8.00500000000011,-0.056786703601108,2157.0,2059.0,1995.0,2053.0,51300.0
2023-10-19,2002.0,2026.0,1985.0,1986.0,1850.498291015625,26600.0,2047.05,2075.16,2202.693333333333,2252.12,48.49246231155779,2186.64,-22.800000000000185,-8.704999999999927,-0.0831024930747922,2157.0,2047.0,2043.0,1995.0,66900.0
2023-10-20,1980.0,2016.0,1962.0,2005.0,1868.201904296875,41900.0,2039.45,2065.8,2198.6266666666666,2249.565,49.13151364764268,2180.08,-22.360000000000127,-10.059999999999944,-0.0734750462107208,2157.0,2026.0,1986.0,2002.0,26600.0
2023-10-21,1980.0,2016.0,1962.0,2005.0,1868.201904296875,41900.0,2031.85,2058.88,2194.76,2247.215,49.13151364764268,2173.52,-20.69333333333316,-10.605000000000018,-0.0785845588235294,2136.0,2016.0,2005.0,1980.0,41900.0
2023-10-22,1980.0,2016.0,1962.0,2005.0,1868.201904296875,41900.0,2025.3,2050.96,2191.173333333333,2245.09,49.13151364764268,2166.96,-19.40000000000009,-10.764999999999873,-0.08905043162199,2130.0,2016.0,2005.0,1980.0,41900.0
2023-10-23,1976.0,1983.0,1920.0,1924.0,1792.728515625,52300.0,2020.5,2041.48,2186.853333333333,2242.675,40.90909090909091,2158.78,-20.15999999999985,-11.454999999999927,-0.1501766784452296,2130.0,2016.0,2005.0,1980.0,41900.0
2023-10-24,1938.0,1955.0,1887.0,1945.0,1812.2957763671875,61700.0,2021.65,2033.0,2183.0133333333333,2240.485,38.75802997858673,2149.56,-19.67999999999984,-11.634999999999764,-0.1250562303193881,2130.0,1983.0,1924.0,1976.0,52300.0
2023-10-25,1958.0,1992.0,1946.0,1960.0,1826.272216796875,32200.0,2019.75,2025.12,2179.373333333333,2238.37,41.791044776119406,2140.26,-19.253333333333103,-11.195000000000164,-0.1183085919928025,2130.0,1955.0,1945.0,1938.0,61700.0
2023-10-26,1926.0,1962.0,1901.0,1910.0,1779.68359375,62300.0,2014.65,2015.24,2175.0666666666666,2236.005,24.178403755868544,2130.3,-19.69333333333361,-11.210000000000036,-0.1408007197480881,2130.0,1992.0,1960.0,1958.0,32200.0
2023-10-27,1921.0,1945.0,1884.0,1893.0,1763.8433837890625,57300.0,2008.7,2005.52,2170.5333333333333,2233.705,25.879396984924625,2120.92,-20.63999999999988,-11.385000000000218,-0.1805194805194805,2130.0,1962.0,1910.0,1926.0,62300.0
2023-10-28,1921.0,1945.0,1884.0,1893.0,1763.8433837890625,57300.0,2002.75,2000.44,2165.52,2231.265,25.879396984924625,2112.4,-21.333333333333485,-11.41000000000031,-0.1765985210961287,2130.0,1945.0,1893.0,1921.0,57300.0
2023-10-29,1921.0,1945.0,1884.0,1893.0,1763.8433837890625,57300.0,1996.8,1999.28,2160.2,2228.875,25.879396984924625,2103.88,-22.813333333333503,-11.610000000000127,-0.1801645734084018,2130.0,1945.0,1893.0,1921.0,57300.0
2023-10-30,1870.0,1890.0,1827.0,1834.0,1708.8690185546875,135100.0,1986.0,1992.72,2155.4666666666667,2226.19,27.17678100263852,2094.18,-23.90666666666675,-12.179999999999836,-0.2138876982426061,2130.0,1945.0,1893.0,1921.0,57300.0
2023-10-31,1830.0,1860.0,1800.0,1831.0,1706.07373046875,72500.0,1975.7,1985.48,2150.9333333333334,2223.695,27.837837837837824,2085.12,-24.13333333333321,-12.309999999999944,-0.2151735962280325,2130.0,1890.0,1834.0,1870.0,135100.0
2023-11-01,1852.0,1868.0,1821.0,1841.0,1715.3914794921875,45800.0,1961.25,1978.64,2146.6,2221.25,19.57831325301204,2076.4,-23.9333333333334,-12.454999999999927,-0.2108872696099443,2085.0,1860.0,1831.0,1830.0,72500.0
2023-11-02,1881.0,1929.0,1881.0,1915.0,1784.342529296875,58800.0,1952.75,1974.76,2143.2533333333336,2219.175,39.82808022922636,2069.72,-22.266666666666424,-12.08999999999969,-0.1791684526360908,2085.0,1868.0,1841.0,1852.0,45800.0
2023-11-03,1881.0,1929.0,1881.0,1915.0,1784.342529296875,58800.0,1944.25,1970.88,2139.9066666666668,2216.95,36.36363636363636,2062.22,-20.293333333333067,-11.925000000000182,-0.2040731504571903,2085.0,1929.0,1915.0,1881.0,58800.0
2023-11-04,1881.0,1929.0,1881.0,1915.0,1784.342529296875,58800.0,1935.75,1965.48,2136.5866666666666,2214.725,36.36363636363636,2054.66,-18.88000000000011,-11.465000000000146,-0.2103092783505155,2043.0,1929.0,1915.0,1881.0,58800.0
2023-11-05,1881.0,1929.0,1881.0,1915.0,1784.342529296875,58800.0,1931.15,1960.6,2133.1066666666666,2212.55,36.36363636363636,2047.1,-17.826666666666824,-11.144999999999982,-0.2047342192691029,2043.0,1929.0,1915.0,1881.0,58800.0
2023-11-06,1987.0,1988.0,1948.0,1954.0,1820.6817626953125,37300.0,1929.1,1953.56,2129.813333333333,2210.52,55.20833333333334,2040.32,-16.786666666666406,-10.730000000000018,-0.1727349703640982,2043.0,1929.0,1915.0,1881.0,58800.0
2023-11-07,1964.0,2009.0,1956.0,2003.0,1866.3385009765625,59900.0,1927.1,1950.28,2126.333333333333,2208.935,59.177215189873415,2034.52,-16.920000000000073,-10.240000000000236,-0.136265631737818,2005.0,1988.0,1954.0,1987.0,37300.0
2023-11-08,2004.0,2017.0,1950.0,1950.0,1816.95458984375,44300.0,1925.3,1944.88,2122.693333333333,2207.085,48.58757062146893,2028.78,-17.213333333333594,-9.864999999999782,-0.1591203104786546,2005.0,2009.0,2003.0,1964.0,59900.0
2023-11-09,1930.0,1979.0,1930.0,1973.0,1838.3853759765625,35300.0,1923.7,1940.4,2119.36,2205.35,59.63302752293578,2023.36,-17.22666666666646,-9.375,-0.1492022423458386,2005.0,2017.0,1950.0,2004.0,44300.0
2023-11-10,1964.0,1975.0,1938.0,1975.0,1840.248779296875,35400.0,1922.2,1939.12,2116.0533333333333,2203.795,63.14102564102564,2018.6,-17.053333333333285,-8.75500000000011,-0.1352889667250437,2005.0,1979.0,1973.0,1930.0,35300.0
2023-11-11,1964.0,1975.0,1938.0,1975.0,1840.248779296875,35400.0,1920.7,1938.32,2111.5866666666666,2202.42,63.14102564102564,2014.12,-18.226666666666915,-8.099999999999909,-0.1326306543697848,2003.0,1975.0,1975.0,1964.0,35400.0
2023-11-12,1964.0,1975.0,1938.0,1975.0,1840.248779296875,35400.0,1923.25,1935.6,2107.266666666667,2201.28,63.14102564102564,2009.64,-19.06666666666661,-7.654999999999745,-0.1218319253001334,2003.0,1975.0,1975.0,1964.0,35400.0
2023-11-13,1975.0,2023.0,1948.0,1954.0,1820.6817626953125,60400.0,1923.7,1934.32,2102.5333333333333,2199.96,71.8978102189781,2004.74,-20.15999999999985,-7.125,-0.1467248908296943,2003.0,1975.0,1975.0,1964.0,35400.0
2023-11-14,1969.0,2007.0,1969.0,1995.0,1858.8843994140625,45700.0,1925.45,1933.92,2098.026666666666,2198.705,76.28205128205128,1999.86,-21.333333333333485,-6.644999999999982,-0.1299607501090275,2003.0,2023.0,1954.0,1975.0,60400.0
2023-11-15,1901.0,1974.0,1872.0,1944.0,1811.3638916015625,176500.0,1927.15,1931.48,2092.84,2197.195,64.58923512747876,1995.18,-23.21333333333314,-6.599999999999909,-0.1522023549934583,2003.0,2007.0,1995.0,1969.0,45700.0
2023-11-16,1968.0,1968.0,1865.0,1891.0,1761.97998046875,90200.0,1927.05,1926.92,2086.9466666666667,2195.42,46.385542168674704,1988.94,-24.63999999999988,-7.0,-0.1753161796772786,2003.0,1974.0,1944.0,1901.0,176500.0
2023-11-17,1871.0,1871.0,1803.0,1840.0,1714.4595947265625,80000.0,1924.4,1923.56,2080.373333333333,2193.295,40.2088772845953,1982.52,-26.89333333333343,-7.985000000000127,-0.1975577845617095,2003.0,1968.0,1891.0,1968.0,90200.0
2023-11-18,1871.0,1871.0,1803.0,1840.0,1714.4595947265625,80000.0,1921.75,1919.36,2072.826666666667,2191.005,40.2088772845953,1976.18,-29.70666666666648,-8.954999999999927,-0.1774698256593652,2003.0,1871.0,1840.0,1871.0,80000.0
2023-11-19,1871.0,1871.0,1803.0,1840.0,1714.4595947265625,80000.0,1922.05,1914.56,2065.026666666666,2188.715,40.2088772845953,1969.84,-33.0,-9.989999999999782,-0.1800356506238859,2003.0,1871.0,1840.0,1871.0,80000.0
2023-11-20,1806.0,1838.0,1771.0,1771.0,1650.16748046875,96900.0,1919.05,1909.0,2056.5333333333333,2186.08,27.84503631961259,1962.12,-36.30666666666684,-11.115000000000236,-0.1997288748305468,2003.0,1871.0,1840.0,1871.0,80000.0
2023-11-21,1780.0,1867.0,1780.0,1865.0,1737.7540283203125,60800.0,1920.25,1907.88,2049.9066666666668,2183.915,34.93449781659389,1956.7,-37.03999999999997,-11.50500000000011,-0.151887221464302,2003.0,1838.0,1771.0,1806.0,96900.0
2023-11-22,1845.0,1854.0,1830.0,1843.0,1717.2550048828125,34600.0,1916.65,1905.88,2043.56,2181.64,37.470725995316165,1953.16,-36.8133333333335,-11.6550000000002,-0.1618917689859026,2003.0,1867.0,1865.0,1780.0,60800.0
2023-11-23,1845.0,1854.0,1830.0,1843.0,1717.2550048828125,34600.0,1913.05,1903.88,2037.213333333333,2179.365,33.910891089108915,1951.58,-35.61333333333346,-11.640000000000327,-0.1618917689859026,2003.0,1854.0,1843.0,1845.0,34600.0
2023-11-24,1879.0,2022.0,1879.0,1938.0,1805.7733154296875,96400.0,1914.2,1908.04,2032.1333333333328,2177.485,46.27766599597585,1950.38,-32.8933333333332,-11.230000000000018,-0.1344350156319785,2003.0,1854.0,1843.0,1845.0,34600.0
2023-11-25,1879.0,2022.0,1879.0,1938.0,1805.7733154296875,96400.0,1915.35,1912.32,2027.52,2175.73,46.27766599597585,1948.9,-29.01333333333332,-10.349999999999907,-0.1101928374655647,2003.0,2022.0,1938.0,1879.0,96400.0
2023-11-26,1879.0,2022.0,1879.0,1938.0,1805.7733154296875,96400.0,1914.55,1916.2,2023.0,2173.96,46.27766599597585,1947.42,-26.90666666666675,-9.954999999999927,-0.1202905129369041,2003.0,2022.0,1938.0,1879.0,96400.0
2023-11-27,1925.0,1991.0,1925.0,1991.0,1855.1572265625,47400.0,1913.95,1919.24,2019.56,2172.51,53.49716446124764,1947.0,-24.0,-9.129999999999654,-0.0786672836649698,1995.0,2022.0,1938.0,1879.0,96400.0
2023-11-28,2014.0,2039.0,1951.0,1977.0,1842.112548828125,39400.0,1915.3,1921.72,2015.3866666666668,2171.185,48.20717131474103,1946.3,-21.8266666666666,-8.179999999999836,-0.0834492350486787,1995.0,1991.0,1991.0,1925.0,47400.0
2023-11-29,1977.0,2034.0,1977.0,2021.0,1883.1103515625,44600.0,1917.7,1925.96,2011.76,2170.08,57.77777777777777,1945.72,-20.37333333333345,-7.4050000000002,-0.0630505331478905,2021.0,2039.0,1977.0,2014.0,39400.0
2023-11-30,2021.0,2040.0,2000.0,2004.0,1867.2701416015625,43200.0,1919.15,1929.52,2007.9066666666668,2168.89,62.30936819172113,1945.06,-19.61333333333323,-6.8400000000001455,-0.0709318497913769,2021.0,2034.0,2021.0,1977.0,44600.0
2023-12-01,2010.0,2010.0,1943.0,1944.0,1811.3638916015625,31400.0,1917.6,1929.12,2003.253333333333,2168.91,61.11111111111111,1941.34,-19.74666666666667,-5.050000000000182,-0.0898876404494382,2021.0,2040.0,2004.0,2021.0,43200.0
2023-12-02,2010.0,2010.0,1943.0,1944.0,1811.3638916015625,31400.0,1916.05,1926.76,1998.6,2168.81,61.11111111111111,1938.52,-20.96000000000004,-3.700000000000273,-0.0376237623762376,2021.0,2010.0,1944.0,2010.0,31400.0
2023-12-03,2010.0,2010.0,1943.0,1944.0,1811.3638916015625,31400.0,1915.55,1926.52,1994.6933333333327,2168.77,61.11111111111111,1935.7,-20.693333333333385,-2.414999999999964,0.0114464099895941,2021.0,2010.0,1944.0,2010.0,31400.0
2023-12-04,1965.0,1965.0,1923.0,1923.0,1791.796630859375,19800.0,1911.95,1924.52,1990.4133333333327,2168.005,68.09523809523809,1932.46,-21.34666666666658,-2.074999999999818,-0.0375375375375375,2021.0,2010.0,1944.0,2010.0,31400.0
2023-12-05,1919.0,1919.0,1851.0,1857.0,1730.2996826171875,54000.0,1907.6,1919.8,1985.6666666666667,2166.58,48.97959183673469,1929.46,-22.24000000000001,-2.309999999999945,-0.0770377733598409,2021.0,1965.0,1923.0,1965.0,19800.0
2023-12-06,1875.0,1964.0,1875.0,1954.0,1820.6817626953125,75600.0,1910.75,1918.96,1982.4,2165.64,61.88436830835118,1928.64,-20.85333333333324,-3.269999999999982,-0.0288270377733598,2021.0,1919.0,1857.0,1919.0,54000.0
2023-12-07,1915.0,1918.0,1870.0,1890.0,1761.0482177734375,83800.0,1913.25,1915.56,1978.28,2164.38,54.42561205273071,1925.58,-20.319999999999936,-4.429999999999836,-0.0606361829025845,2021.0,1964.0,1954.0,1875.0,75600.0
2023-12-08,1882.0,1900.0,1852.0,1875.0,1747.071533203125,87400.0,1915.0,1912.4,1973.96,2162.925,43.01552106430155,1923.36,-20.73333333333335,-5.8449999999998,-0.0680914512922464,2021.0,1918.0,1890.0,1915.0,83800.0
2023-12-09,1882.0,1900.0,1852.0,1875.0,1747.071533203125,87400.0,1916.75,1907.6,1969.1066666666663,2161.74,43.01552106430155,1920.76,-21.306666666666843,-6.265000000000327,-0.0853658536585365,2021.0,1900.0,1875.0,1882.0,87400.0
2023-12-10,1882.0,1900.0,1852.0,1875.0,1747.071533203125,87400.0,1921.95,1904.84,1965.0666666666664,2160.78,43.01552106430155,1918.16,-20.600000000000136,-5.799999999999727,-0.0795287187039764,2021.0,1900.0,1875.0,1882.0,87400.0
2023-12-11,1910.0,1949.0,1869.0,1874.0,1746.139892578125,44400.0,1922.4,1904.16,1960.68,2159.45,35.33834586466166,1915.54,-21.720000000000027,-6.190000000000055,-0.12018779342723,2021.0,1900.0,1875.0,1882.0,87400.0
2023-12-12,1891.0,1906.0,1857.0,1863.0,1735.8902587890625,48000.0,1923.4,1905.08,1956.7066666666667,2157.865,35.606060606060595,1914.32,-21.573333333333267,-6.515000000000327,-0.1064748201438848,2021.0,1949.0,1874.0,1910.0,44400.0
2023-12-13,1856.0,1880.0,1843.0,1868.0,1740.54931640625,60300.0,1924.65,1906.2,1952.8533333333328,2156.305,28.57142857142857,1912.78,-21.1066666666668,-6.620000000000346,-0.1040767386091127,2021.0,1906.0,1863.0,1891.0,48000.0
2023-12-14,1894.0,1894.0,1785.0,1793.0,1670.6663818359375,57700.0,1917.4,1904.32,1948.0,2154.37,24.57831325301205,1909.44,-21.10666666666657,-7.369999999999891,-0.1400479616306954,2021.0,1880.0,1868.0,1856.0,60300.0
2023-12-15,1796.0,1843.0,1796.0,1824.0,1699.551513671875,35800.0,1911.7,1906.44,1943.56,2152.455,34.4559585492228,1907.72,-21.50666666666666,-8.325000000000273,-0.0911808669656203,2021.0,1894.0,1793.0,1894.0,57700.0
2023-12-16,1796.0,1843.0,1796.0,1824.0,1699.551513671875,35800.0,1906.0,1904.8,1939.4,2150.525,34.4559585492228,1906.34,-21.279999999999973,-8.924999999999727,-0.0857142857142857,2021.0,1843.0,1824.0,1796.0,35800.0
2023-12-17,1796.0,1843.0,1796.0,1824.0,1699.551513671875,35800.0,1897.65,1904.04,1936.7866666666664,2148.805,34.4559585492228,1904.96,-19.92000000000008,-9.059999999999944,-0.1071953010279,2021.0,1843.0,1824.0,1796.0,35800.0
2023-12-18,1824.0,1824.0,1756.0,1762.0,1641.781494140625,40800.0,1886.9,1900.8,1934.6533333333327,2146.485,31.14754098360656,1902.34,-18.19999999999981,-9.819999999999707,-0.1127895266868076,2021.0,1843.0,1824.0,1796.0,35800.0
2023-12-19,1762.0,1792.0,1746.0,1780.0,1658.5533447265625,65400.0,1874.85,1894.48,1931.746666666667,2144.385,39.84168865435357,1901.26,-16.25333333333333,-9.984999999999673,-0.112219451371571,2004.0,1824.0,1762.0,1824.0,40800.0
2023-12-20,1776.0,1786.0,1743.0,1746.0,1626.8731689453125,53200.0,1861.95,1886.8,1928.2,2142.115,17.088607594936704,1899.56,-15.3599999999999,-10.340000000000146,-0.1291770573566084,1954.0,1792.0,1780.0,1762.0,65400.0
2023-12-21,1698.0,1707.0,1675.0,1696.0,1580.2845458984375,77100.0,1849.55,1877.12,1923.986666666667,2139.595,17.88079470198676,1896.66,-15.413333333333412,-10.930000000000293,-0.1541147132169575,1954.0,1786.0,1746.0,1776.0,53200.0
2023-12-22,1701.0,1711.0,1650.0,1655.0,1542.0819091796875,62800.0,1835.1,1863.68,1919.2266666666667,2136.745,16.463414634146332,1891.46,-17.559999999999945,-12.059999999999944,-0.1398128898128898,1954.0,1707.0,1696.0,1698.0,77100.0
2023-12-23,1701.0,1711.0,1650.0,1655.0,1542.0819091796875,62800.0,1820.65,1850.8,1914.4666666666667,2134.015,16.463414634146332,1886.26,-20.186666666666724,-12.470000000000256,-0.1491002570694087,1954.0,1711.0,1655.0,1701.0,62800.0
2023-12-24,1701.0,1711.0,1650.0,1655.0,1542.0819091796875,62800.0,1807.25,1836.16,1909.2,2131.59,16.463414634146332,1881.06,-22.546666666666624,-12.795000000000073,-0.1556122448979592,1954.0,1711.0,1655.0,1701.0,62800.0
2023-12-25,1660.0,1688.0,1643.0,1664.0,1550.4678955078125,79900.0,1797.6,1822.56,1904.2266666666667,2129.33,18.75,1876.04,-23.97333333333336,-12.784999999999854,-0.1287958115183246,1954.0,1711.0,1655.0,1701.0,62800.0
2023-12-26,1664.0,1720.0,1664.0,1684.0,1569.103271484375,57000.0,1784.1,1812.16,1898.28,2127.005,24.05797101449275,1870.64,-25.706666666666703,-12.58999999999969,-0.1104067617538299,1890.0,1688.0,1664.0,1660.0,79900.0
2023-12-27,1685.0,1729.0,1685.0,1729.0,1611.0330810546875,65800.0,1776.05,1803.56,1893.5333333333333,2124.905,31.94805194805194,1865.16,-25.693333333333385,-11.83999999999969,-0.086634970945589,1875.0,1720.0,1684.0,1664.0,57000.0
2023-12-28,1727.0,1753.0,1710.0,1753.0,1633.3956298828125,27300.0,1769.95,1795.92,1889.1066666666663,2122.925,44.01197604790419,1861.22,-25.360000000000127,-11.08999999999969,-0.0739566825145272,1875.0,1729.0,1729.0,1685.0,65800.0
2023-12-29,1762.0,1780.0,1745.0,1769.0,1648.3038330078125,41300.0,1764.65,1789.76,1884.8933333333327,2120.745,41.3793103448276,1857.14,-24.30666666666661,-10.845000000000256,-0.0354416575790621,1875.0,1753.0,1753.0,1727.0,27300.0
2023-12-30,1762.0,1780.0,1745.0,1769.0,1648.3038330078125,41300.0,1759.35,1786.24,1881.72,2118.19,41.3793103448276,1853.02,-22.50666666666666,-11.139999999999873,-0.0338612779901693,1874.0,1780.0,1769.0,1762.0,41300.0
2023-12-31,1762.0,1780.0,1745.0,1769.0,1648.3038330078125,41300.0,1754.1,1778.84,1878.7066666666667,2115.53,41.3793103448276,1848.9,-19.573333333333267,-11.474999999999907,-0.0391091797935904,1868.0,1780.0,1769.0,1762.0,41300.0
2024-01-01,1762.0,1780.0,1745.0,1769.0,1648.3038330078125,41300.0,1749.4,1774.0,1875.0533333333333,2112.93,51.36186770428016,1844.78,-18.48000000000001,-11.975000000000364,-0.0762402088772845,1868.0,1780.0,1769.0,1762.0,41300.0
2024-01-02,1762.0,1780.0,1745.0,1769.0,1648.3038330078125,41300.0,1744.45,1769.76,1872.16,2110.2,47.69874476987447,1841.08,-16.946666666666488,-12.725000000000364,-0.0762402088772845,1824.0,1780.0,1769.0,1762.0,41300.0
2024-01-03,1762.0,1780.0,1745.0,1769.0,1648.3038330078125,41300.0,1743.25,1765.52,1869.013333333333,2107.47,55.609756097560975,1836.56,-15.88000000000011,-13.275000000000093,-0.0762402088772845,1824.0,1780.0,1769.0,1762.0,41300.0
2024-01-04,1739.0,1777.0,1712.0,1766.0,1645.508544921875,33800.0,1740.35,1761.16,1865.8266666666664,2104.725,72.15189873417722,1833.0,-15.89333333333343,-13.465000000000146,-0.0778067885117493,1824.0,1780.0,1769.0,1762.0,41300.0
2024-01-05,1787.0,1796.0,1740.0,1740.0,1621.282470703125,32100.0,1736.15,1755.8,1862.2933333333333,2101.925,79.72027972027972,1829.98,-16.413333333333412,-13.605000000000018,-0.1095189355168884,1824.0,1777.0,1766.0,1739.0,33800.0
2024-01-06,1787.0,1796.0,1740.0,1740.0,1621.282470703125,32100.0,1731.95,1750.88,1859.84,2099.035,79.72027972027972,1827.98,-15.213333333333368,-13.894999999999982,-0.1313030454318522,1780.0,1796.0,1740.0,1787.0,32100.0
2024-01-07,1787.0,1796.0,1740.0,1740.0,1621.282470703125,32100.0,1730.85,1745.76,1857.1066666666663,2096.135,79.72027972027972,1825.98,-15.053333333333512,-14.0649999999996,-0.1076923076923076,1780.0,1796.0,1740.0,1787.0,32100.0
2024-01-08,1787.0,1796.0,1740.0,1740.0,1621.282470703125,32100.0,1728.85,1743.64,1854.1733333333327,2093.395,78.35820895522387,1823.98,-14.839999999999918,-14.074999999999818,-0.1180942726811961,1769.0,1796.0,1740.0,1787.0,32100.0
2024-01-09,1756.0,1756.0,1756.0,1756.0,1636.1907958984375,35600.0,1729.35,1740.92,1852.12,2090.995,77.6923076923077,1823.68,-13.706666666666706,-13.730000000000018,-0.110886075949367,1769.0,1796.0,1740.0,1787.0,32100.0
2024-01-10,1756.0,1765.0,1745.0,1756.0,1636.1907958984375,31000.0,1732.35,1738.2,1850.2933333333333,2088.595,65.88235294117646,1821.5,-12.0,-13.330000000000382,-0.110886075949367,1769.0,1756.0,1756.0,1756.0,35600.0
2024-01-11,1765.0,1784.0,1745.0,1763.0,1642.713134765625,35700.0,1737.75,1735.76,1848.56,2086.23,57.35294117647059,1819.9,-11.279999999999973,-12.804999999999836,-0.1073417721518987,1769.0,1765.0,1756.0,1756.0,31000.0
2024-01-12,1780.0,1781.0,1762.0,1780.0,1658.5533447265625,25800.0,1744.0,1736.48,1847.0533333333333,2084.075,57.971014492753625,1818.64,-10.053333333333285,-12.0600000000004,-0.0890481064483111,1780.0,1784.0,1763.0,1765.0,35700.0
2024-01-13,1780.0,1781.0,1762.0,1780.0,1658.5533447265625,25800.0,1750.25,1736.48,1846.3333333333333,2081.91,57.971014492753625,1815.48,-7.8400000000001455,-11.485000000000127,-0.1077694235588972,1780.0,1781.0,1780.0,1780.0,25800.0
2024-01-14,1780.0,1781.0,1762.0,1780.0,1658.5533447265625,25800.0,1756.05,1737.84,1845.6533333333327,2079.555,57.971014492753625,1812.32,-6.46666666666647,-11.440000000000056,-0.0843621399176954,1780.0,1781.0,1780.0,1780.0,25800.0
2024-01-15,1780.0,1780.0,1771.0,1771.0,1650.16748046875,3700.0,1760.4,1740.84,1844.72,2077.015,51.28205128205128,1808.98,-5.573333333333267,-11.579999999999927,-0.0634584875727128,1780.0,1781.0,1780.0,1780.0,25800.0
2024-01-16,1782.0,1792.0,1760.0,1765.0,1644.576904296875,23400.0,1762.2,1745.24,1842.72,2074.0,47.61904761904762,1804.46,-5.839999999999918,-12.230000000000018,-0.0407608695652174,1780.0,1780.0,1771.0,1780.0,3700.0
2024-01-17,1770.0,1791.0,1731.0,1731.0,1612.8966064453125,41500.0,1761.1,1748.28,1840.2666666666669,2070.815,33.89830508474576,1799.54,-6.786666666666633,-13.259999999999764,-0.0592391304347825,1780.0,1792.0,1765.0,1782.0,23400.0
2024-01-18,1731.0,1760.0,1731.0,1757.0,1637.12255859375,32000.0,1760.5,1752.36,1838.16,2067.76,46.80851063829788,1794.26,-8.173333333333176,-14.149999999999636,-0.0451086956521739,1780.0,1791.0,1731.0,1770.0,41500.0
2024-01-19,1761.0,1834.0,1761.0,1828.0,1703.2783203125,46000.0,1763.45,1758.92,1837.0,2064.87,73.65591397849462,1790.74,-8.653333333333421,-14.684999999999944,0.0321852060982494,1828.0,1760.0,1757.0,1731.0,32000.0
2024-01-20,1761.0,1834.0,1761.0,1828.0,1703.2783203125,46000.0,1766.4,1764.68,1835.32,2061.87,73.65591397849462,1788.42,-9.400000000000093,-15.144999999999982,-0.0198391420911527,1828.0,1834.0,1828.0,1761.0,46000.0
2024-01-21,1761.0,1834.0,1761.0,1828.0,1703.2783203125,46000.0,1769.35,1768.64,1832.986666666667,2059.015,73.65591397849462,1786.1,-9.733333333333348,-14.985000000000127,-0.0081389039609333,1828.0,1834.0,1828.0,1761.0,46000.0
2024-01-22,1858.0,1888.0,1848.0,1888.0,1759.184814453125,52100.0,1775.3,1774.04,1832.16,2056.685,80.08130081300813,1784.98,-8.10666666666657,-14.13000000000011,0.0244167118827998,1888.0,1834.0,1828.0,1761.0,46000.0
2024-01-23,1897.0,1898.0,1835.0,1838.0,1712.59619140625,49300.0,1778.75,1776.8,1830.36,2054.24,64.64285714285714,1783.28,-7.800000000000182,-13.520000000000437,-0.0515995872033023,1888.0,1888.0,1888.0,1858.0,52100.0
2024-01-24,1838.0,1845.0,1808.0,1827.0,1702.3466796875,24700.0,1781.8,1779.12,1828.3866666666668,2051.74,62.19931271477663,1782.68,-8.61333333333323,-13.13000000000011,-0.0572755417956656,1888.0,1898.0,1838.0,1897.0,49300.0
2024-01-25,1844.0,1868.0,1830.0,1868.0,1740.54931640625,35800.0,1788.2,1783.08,1826.96,2049.445,66.15384615384616,1780.96,-8.3599999999999,-12.424999999999727,-0.0361197110423117,1888.0,1845.0,1827.0,1838.0,24700.0
2024-01-26,1839.0,1841.0,1812.0,1820.0,1695.8243408203125,35000.0,1792.2,1785.12,1824.8933333333327,2046.97,55.61797752808988,1779.56,-8.093333333333248,-12.044999999999844,-0.0858864892014062,1888.0,1868.0,1868.0,1844.0,35800.0
2024-01-27,1839.0,1841.0,1812.0,1820.0,1695.8243408203125,35000.0,1796.2,1787.16,1823.1066666666663,2044.385,55.61797752808988,1778.46,-9.053333333333512,-12.299999999999956,-0.0794132524026302,1888.0,1841.0,1820.0,1839.0,35000.0
2024-01-28,1839.0,1841.0,1812.0,1820.0,1695.8243408203125,35000.0,1800.2,1789.2,1820.7733333333333,2042.04,55.61797752808988,1777.36,-9.586666666666588,-12.199999999999818,-0.0994557149925778,1888.0,1841.0,1820.0,1839.0,35000.0
2024-01-29,1805.0,1820.0,1793.0,1799.0,1676.2569580078125,18700.0,1802.35,1790.52,1818.84,2039.425,53.80434782608696,1775.84,-9.546666666666852,-12.314999999999827,-0.1022954091816367,1888.0,1841.0,1820.0,1839.0,35000.0
2024-01-30,1810.0,1838.0,1807.0,1825.0,1700.4830322265625,25900.0,1805.8,1793.92,1817.96,2037.005,57.731958762886606,1774.86,-9.0,-12.440000000000056,-0.0612139917695473,1888.0,1820.0,1799.0,1805.0,18700.0
2024-01-31,1813.0,1813.0,1755.0,1755.0,1635.2591552734375,73700.0,1805.4,1794.52,1816.8266666666664,2034.235,52.83018867924528,1772.7,-8.066666666666833,-12.735000000000127,-0.0972222222222222,1888.0,1838.0,1825.0,1810.0,25900.0
2024-02-01,1755.0,1759.0,1725.0,1736.0,1617.555419921875,34400.0,1803.2,1794.36,1815.44,2031.37,47.48201438848921,1770.06,-7.666666666666515,-13.0150000000001,-0.1069958847736625,1888.0,1813.0,1755.0,1813.0,73700.0
2024-02-02,1754.0,1770.0,1735.0,1763.0,1642.713134765625,25000.0,1802.35,1795.28,1814.4133333333327,2028.64,41.28686327077748,1769.46,-6.3599999999999,-13.399999999999864,-0.0832033281331253,1888.0,1759.0,1736.0,1755.0,34400.0
2024-02-03,1754.0,1770.0,1735.0,1763.0,1642.713134765625,25000.0,1801.5,1795.56,1814.3066666666664,2025.58,41.28686327077748,1768.24,-4.533333333333303,-13.845000000000027,-0.0506192784060312,1888.0,1770.0,1763.0,1754.0,25000.0
2024-02-04,1754.0,1770.0,1735.0,1763.0,1642.713134765625,25000.0,1801.1,1795.84,1812.9466666666667,2022.6,41.28686327077748,1767.02,-5.013333333333321,-14.4050000000002,-0.0977482088024565,1888.0,1770.0,1763.0,1754.0,25000.0
2024-02-05,1767.0,1788.0,1761.0,1778.0,1656.6898193359375,27900.0,1801.75,1796.44,1812.08,2019.74,33.23170731707317,1766.1,-4.74666666666667,-14.49499999999989,-0.0592592592592592,1888.0,1770.0,1763.0,1754.0,25000.0
2024-02-06,1778.0,1778.0,1737.0,1741.0,1622.21435546875,23500.0,1802.25,1794.88,1810.72,2017.095,34.60317460317461,1765.68,-4.720000000000027,-14.274999999999864,-0.0714666666666666,1888.0,1788.0,1778.0,1767.0,27900.0
2024-02-07,1735.0,1746.0,1715.0,1718.0,1600.7835693359375,30400.0,1800.3,1792.4,1807.7866666666664,2014.335,33.33333333333333,1764.44,-6.626666666666779,-14.305000000000064,-0.0837333333333333,1888.0,1778.0,1741.0,1778.0,23500.0
2024-02-08,1715.0,1762.0,1710.0,1760.0,1639.9178466796875,35700.0,1796.9,1791.6,1805.4133333333327,2011.785,33.536585365853654,1764.72,-8.893333333333203,-13.794999999999844,-0.0613333333333333,1888.0,1746.0,1718.0,1735.0,30400.0
2024-02-09,1762.0,1762.0,1729.0,1749.0,1629.66845703125,23600.0,1792.95,1790.72,1802.8933333333327,2008.755,37.80068728522337,1765.78,-10.053333333333285,-13.8449999999998,-0.0667022411953042,1888.0,1762.0,1760.0,1715.0,35700.0
2024-02-10,1762.0,1762.0,1729.0,1749.0,1629.66845703125,23600.0,1789.0,1790.08,1799.6666666666667,2005.62,37.80068728522337,1767.66,-12.413333333333185,-14.120000000000118,-0.0611916264090177,1888.0,1762.0,1749.0,1762.0,23600.0
2024-02-11,1762.0,1762.0,1729.0,1749.0,1629.66845703125,23600.0,1782.05,1790.8,1796.6266666666668,2002.49,37.80068728522337,1769.54,-14.093333333333248,-14.605000000000018,-0.0637044967880086,1868.0,1762.0,1749.0,1762.0,23600.0
2024-02-12,1762.0,1762.0,1729.0,1749.0,1629.66845703125,23600.0,1777.6,1790.48,1793.0,1999.245,40.74074074074074,1771.42,-14.786666666666632,-15.090000000000146,-0.0245398773006134,1868.0,1762.0,1749.0,1762.0,23600.0
2024-02-13,1775.0,1789.0,1749.0,1782.0,1660.4168701171875,48300.0,1775.35,1788.64,1790.04,1996.335,42.23826714801445,1773.78,-15.373333333333449,-15.450000000000044,-0.0230263157894736,1868.0,1762.0,1749.0,1762.0,23600.0
2024-02-14,1750.0,1756.0,1706.0,1730.0,1611.9647216796875,43300.0,1768.45,1784.72,1787.1866666666667,1993.165,45.173745173745175,1774.7,-15.706666666666706,-15.590000000000146,-0.0515350877192982,1825.0,1789.0,1782.0,1775.0,48300.0
2024-02-15,1790.0,1817.0,1777.0,1813.0,1689.3017578125,80900.0,1768.1,1784.12,1785.44,1990.41,61.919504643962846,1776.38,-14.226666666666688,-15.209999999999807,-0.0060307017543859,1825.0,1756.0,1730.0,1750.0,43300.0
2024-02-16,1834.0,1862.0,1802.0,1836.0,1710.732666015625,48600.0,1768.9,1782.04,1784.0,1987.485,61.44200626959248,1778.04,-12.62666666666678,-15.00500000000011,0.0419977298524403,1836.0,1817.0,1813.0,1790.0,80900.0
2024-02-17,1834.0,1862.0,1802.0,1836.0,1710.732666015625,48600.0,1769.7,1781.96,1782.84,1984.55,61.44200626959248,1779.38,-10.160000000000082,-14.694999999999936,0.0314606741573033,1836.0,1862.0,1836.0,1834.0,48600.0
2024-02-18,1834.0,1862.0,1802.0,1836.0,1710.732666015625,48600.0,1771.55,1782.32,1782.56,1981.62,61.44200626959248,1780.72,-7.480000000000018,-14.715000000000146,0.0515463917525773,1836.0,1862.0,1836.0,1834.0,48600.0
2024-02-19,1845.0,1870.0,1812.0,1836.0,1710.732666015625,33400.0,1772.1,1781.04,1780.986666666667,1978.995,59.53947368421053,1782.06,-6.2000000000000455,-14.170000000000073,0.0825471698113207,1836.0,1862.0,1836.0,1834.0,48600.0
2024-02-20,1859.0,1909.0,1849.0,1876.0,1748.00341796875,46100.0,1778.15,1783.28,1780.8,1976.825,71.9869706840391,1784.2,-4.6400000000001,-13.585000000000036,0.1335347432024169,1876.0,1870.0,1836.0,1845.0,33400.0
2024-02-21,1890.0,1890.0,1859.0,1861.0,1734.02685546875,26000.0,1784.4,1784.92,1780.6133333333332,1974.58,73.91304347826087,1786.04,-3.3866666666667697,-12.904999999999973,0.1244712990936556,1876.0,1909.0,1876.0,1859.0,46100.0
2024-02-22,1901.0,1918.0,1842.0,1886.0,1757.3211669921875,49300.0,1790.55,1787.56,1780.76,1972.46,72.34042553191489,1788.38,-2.0799999999999272,-12.089999999999918,0.1395770392749244,1886.0,1890.0,1861.0,1890.0,26000.0
2024-02-23,1901.0,1918.0,1842.0,1886.0,1757.3211669921875,49300.0,1796.7,1791.04,1780.9066666666668,1970.415,75.27675276752768,1790.78,-1.653333333333194,-11.204999999999927,0.1334134615384614,1886.0,1918.0,1886.0,1901.0,49300.0
2024-02-24,1901.0,1918.0,1842.0,1886.0,1757.3211669921875,49300.0,1802.85,1793.48,1781.0666666666666,1968.475,75.27675276752768,1793.7,0.0799999999999272,-10.519999999999982,0.1199524940617577,1886.0,1918.0,1886.0,1901.0,49300.0
2024-02-25,1901.0,1918.0,1842.0,1886.0,1757.3211669921875,49300.0,1808.25,1798.72,1781.3733333333332,1966.665,75.27675276752768,1796.62,0.5733333333332666,-10.160000000000082,0.090803932909196,1886.0,1918.0,1886.0,1901.0,49300.0
2024-02-26,1910.0,1931.0,1891.0,1894.0,1764.775390625,51700.0,1815.9,1805.04,1781.72,1964.97,75.98566308243727,1799.7,1.106666666666797,-9.6099999999999,0.0804335424985738,1894.0,1918.0,1886.0,1901.0,49300.0
2024-02-27,1925.0,1959.0,1914.0,1950.0,1816.95458984375,50700.0,1827.5,1812.52,1783.8133333333333,1963.555,77.81456953642385,1803.9,3.053333333333285,-8.904999999999973,0.1023176936122103,1950.0,1931.0,1894.0,1910.0,51700.0
2024-02-28,1950.0,1954.0,1892.0,1902.0,1772.2294921875,44300.0,1834.6,1818.08,1784.8533333333332,1961.9,78.85906040268456,1806.82,3.946666666666488,-8.514999999999873,0.075183719615602,1950.0,1959.0,1950.0,1925.0,50700.0
2024-02-29,1908.0,1908.0,1828.0,1832.0,1707.0054931640625,67800.0,1838.75,1820.84,1784.96,1959.895,53.33333333333334,1808.34,3.8933333333334303,-8.579999999999927,0.0356133408705483,1950.0,1954.0,1902.0,1950.0,44300.0
2024-03-01,1850.0,1898.0,1850.0,1893.0,1763.8433837890625,39900.0,1845.95,1825.44,1785.88,1958.015,58.82352941176471,1810.94,4.506666666666888,-8.649999999999864,0.070096099491238,1950.0,1908.0,1832.0,1908.0,67800.0
2024-03-02,1850.0,1898.0,1850.0,1893.0,1763.8433837890625,39900.0,1853.15,1831.52,1787.6266666666668,1956.02,58.82352941176471,1813.2,5.906666666666752,-8.950000000000045,0.070096099491238,1950.0,1898.0,1893.0,1850.0,39900.0
2024-03-03,1850.0,1898.0,1850.0,1893.0,1763.8433837890625,39900.0,1860.35,1838.52,1789.1333333333334,1954.54,58.82352941176471,1815.46,5.320000000000164,-9.0150000000001,0.070096099491238,1950.0,1898.0,1893.0,1850.0,39900.0
2024-03-04,1888.0,1888.0,1823.0,1823.0,1698.61962890625,45800.0,1862.4,1841.04,1790.16,1952.8,48.346055979643765,1816.32,5.3066666666668425,-9.100000000000136,0.0322763306908266,1950.0,1898.0,1893.0,1850.0,39900.0
2024-03-05,1818.0,1825.0,1765.0,1812.0,1688.3702392578125,41600.0,1866.5,1843.56,1791.7066666666667,1951.03,41.2087912087912,1817.14,6.74666666666667,-8.865000000000009,0.0413793103448276,1950.0,1888.0,1823.0,1888.0,45800.0
2024-03-06,1795.0,1862.0,1779.0,1830.0,1705.14208984375,36300.0,1867.35,1846.8,1794.04,1949.35,45.77656675749319,1818.44,8.159999999999854,-8.665000000000191,0.0517241379310344,1950.0,1825.0,1812.0,1818.0,41600.0
2024-03-07,1831.0,1838.0,1791.0,1812.0,1688.3702392578125,29500.0,1866.15,1849.32,1796.1333333333334,1947.58,39.72222222222222,1820.06,8.50666666666666,-8.440000000000055,0.0413793103448276,1950.0,1862.0,1830.0,1795.0,36300.0
2024-03-08,1830.0,1910.0,1830.0,1899.0,1769.43408203125,57700.0,1869.3,1855.32,1799.3866666666668,1946.255,51.45413870246085,1822.9,10.25333333333333,-8.284999999999854,0.0913793103448274,1950.0,1838.0,1812.0,1831.0,29500.0
2024-03-09,1830.0,1910.0,1830.0,1899.0,1769.43408203125,57700.0,1872.45,1860.0,1802.52,1944.87,51.45413870246085,1824.32,12.3599999999999,-7.930000000000064,0.0814350797266514,1950.0,1910.0,1899.0,1830.0,57700.0
2024-03-10,1830.0,1910.0,1830.0,1899.0,1769.43408203125,57700.0,1875.6,1866.76,1805.3866666666668,1943.36,51.45413870246085,1825.74,13.680000000000064,-7.670000000000073,0.0814350797266514,1950.0,1910.0,1899.0,1830.0,57700.0
2024-03-11,1842.0,1873.0,1832.0,1860.0,1733.0950927734375,34500.0,1874.8,1868.64,1807.1333333333328,1941.34,46.44351464435147,1826.38,13.093333333333476,-8.009999999999991,0.0550198525241065,1950.0,1910.0,1899.0,1830.0,57700.0
2024-03-12,1845.0,1872.0,1825.0,1869.0,1741.48095703125,19700.0,1875.2,1869.96,1808.68,1939.57,40.60324825986079,1826.0,12.546666666666624,-8.009999999999991,0.05,1950.0,1873.0,1860.0,1842.0,34500.0
2024-03-13,1869.0,1880.0,1805.0,1808.0,1684.64306640625,34300.0,1871.3,1868.84,1809.2,1937.495,39.414414414414416,1825.4,9.813333333333276,-8.760000000000218,0.0157303370786516,1950.0,1872.0,1869.0,1845.0,19700.0
2024-03-14,1801.0,1819.0,1787.0,1814.0,1690.233642578125,26700.0,1867.7,1867.96,1809.8,1935.45,47.631578947368425,1825.14,7.279999999999973,-9.419999999999844,0.0191011235955056,1950.0,1880.0,1808.0,1869.0,34300.0
2024-03-15,1820.0,1821.0,1788.0,1789.0,1666.9393310546875,37600.0,1862.85,1866.08,1810.0666666666664,1932.845,34.88372093023256,1823.56,4.679999999999836,-10.514999999999873,0.0101637492941841,1950.0,1819.0,1814.0,1801.0,26700.0
2024-03-16,1820.0,1821.0,1788.0,1789.0,1666.9393310546875,37600.0,1858.0,1862.6,1810.3333333333333,1930.295,34.88372093023256,1822.94,3.199999999999818,-11.044999999999844,0.0135977337110482,1950.0,1821.0,1789.0,1820.0,37600.0
2024-03-17,1820.0,1821.0,1788.0,1789.0,1666.9393310546875,37600.0,1852.75,1859.72,1810.6,1927.695,34.88372093023256,1822.32,1.9199999999998447,-11.875,0.0335066435586366,1950.0,1821.0,1789.0,1820.0,37600.0
2024-03-18,1798.0,1832.0,1798.0,1829.0,1704.210205078125,23400.0,1846.7,1857.44,1811.4,1925.175,50.95541401273886,1822.5,2.200000000000045,-12.319999999999936,0.0409789413773478,1902.0,1821.0,1789.0,1820.0,37600.0
2024-03-19,1838.0,1838.0,1791.0,1820.0,1695.8243408203125,21900.0,1842.6,1854.8,1812.12,1922.61,51.28205128205128,1822.92,2.3199999999999363,-12.840000000000146,-0.0043763676148796,1899.0,1832.0,1829.0,1798.0,23400.0
2024-03-20,1838.0,1838.0,1791.0,1820.0,1695.8243408203125,21900.0,1842.0,1852.16,1813.1866666666667,1920.045,48.29931972789115,1822.82,3.1200000000001182,-12.799999999999956,-0.0043763676148796,1899.0,1838.0,1820.0,1838.0,21900.0
2024-03-21,1830.0,1838.0,1808.0,1812.0,1688.3702392578125,30700.0,1837.95,1849.2,1814.1466666666668,1917.44,50.0,1823.96,3.813333333333503,-12.855000000000018,-0.0087527352297592,1899.0,1838.0,1820.0,1838.0,21900.0
2024-03-22,1810.0,1828.0,1793.0,1814.0,1690.233642578125,34000.0,1834.0,1846.0,1815.1333333333328,1914.48,28.643216080402013,1825.52,4.53333333333353,-13.214999999999918,-0.0391949152542372,1899.0,1838.0,1812.0,1830.0,30700.0
2024-03-23,1810.0,1828.0,1793.0,1814.0,1690.233642578125,34000.0,1830.05,1840.56,1816.12,1911.425,28.643216080402013,1826.54,4.7199999999998,-13.75,-0.0130576713819369,1899.0,1828.0,1814.0,1810.0,34000.0
2024-03-24,1810.0,1828.0,1793.0,1814.0,1690.233642578125,34000.0,1829.6,1837.04,1816.8933333333327,1908.455,28.643216080402013,1827.56,4.77333333333354,-14.154999999999973,-0.0071154898741105,1899.0,1828.0,1814.0,1810.0,34000.0
2024-03-25,1835.0,1855.0,1819.0,1833.0,1707.937255859375,31400.0,1830.65,1837.08,1817.92,1905.81,42.45810055865922,1828.96,4.7333333333333485,-14.235000000000127,-0.0187366167023554,1899.0,1828.0,1814.0,1810.0,34000.0
2024-03-26,1808.0,1820.0,1798.0,1801.0,1678.12060546875,18700.0,1829.2,1833.4,1818.4266666666667,1903.22,33.16831683168317,1829.42,4.279999999999973,-14.220000000000027,-0.0104395604395604,1899.0,1855.0,1833.0,1835.0,31400.0
2024-03-27,1801.0,1834.0,1801.0,1832.0,1707.0054931640625,19500.0,1830.2,1830.96,1819.12,1900.785,56.97674418604652,1831.24,3.9866666666664514,-13.694999999999936,0.0065934065934065,1899.0,1820.0,1801.0,1808.0,18700.0
2024-03-28,1832.0,1851.0,1807.0,1832.0,1733.4998779296875,23300.0,1826.85,1828.52,1819.8133333333333,1898.35,55.421686746987945,1833.52,3.693333333333385,-13.075000000000044,0.0065934065934065,1899.0,1834.0,1832.0,1801.0,19500.0
2024-03-29,1865.0,1865.0,1795.0,1812.0,1714.5753173828125,29200.0,1822.5,1828.08,1820.24,1895.99,57.14285714285714,1834.56,3.3466666666665787,-12.464999999999918,0.0072262367982212,1899.0,1851.0,1832.0,1832.0,23300.0
2024-03-30,1865.0,1865.0,1795.0,1812.0,1714.5753173828125,29200.0,1818.15,1828.08,1820.7866666666664,1893.665,57.14285714285714,1835.82,2.866666666666561,-12.144999999999982,-0.0071232876712328,1869.0,1865.0,1812.0,1865.0,29200.0
2024-03-31,1865.0,1865.0,1795.0,1812.0,1714.5753173828125,29200.0,1815.75,1827.36,1821.4133333333327,1891.48,57.14285714285714,1837.08,2.986666666666679,-11.740000000000007,0.0324786324786325,1869.0,1865.0,1812.0,1865.0,29200.0
2024-04-01,1815.0,1843.0,1814.0,1814.0,1716.4678955078125,14700.0,1813.0,1827.44,1822.52,1889.1,43.90243902439024,1838.38,3.400000000000091,-11.685000000000173,0.0449308755760369,1833.0,1865.0,1812.0,1865.0,29200.0
2024-04-02,1814.0,1814.0,1765.0,1765.0,1670.102294921875,27800.0,1810.85,1822.08,1822.6266666666668,1886.46,33.12883435582823,1838.7,2.813333333333503,-11.889999999999873,0.0011344299489506,1833.0,1843.0,1814.0,1815.0,14700.0
2024-04-03,1748.0,1748.0,1703.0,1720.0,1627.5218505859375,31700.0,1806.15,1814.92,1821.1866666666667,1883.595,25.961538461538467,1837.46,0.9466666666667152,-12.394999999999982,-0.024390243902439,1833.0,1814.0,1765.0,1814.0,27800.0
2024-04-04,1725.0,1744.0,1714.0,1721.0,1628.468017578125,24700.0,1802.75,1807.8,1819.76,1880.735,27.363184079602,1837.28,-1.0266666666666424,-12.930000000000064,-0.0238230289279637,1833.0,1748.0,1720.0,1748.0,31700.0
2024-04-05,1697.0,1720.0,1690.0,1715.0,1622.7906494140625,29800.0,1799.05,1802.0,1818.253333333333,1877.845,25.85365853658536,1835.32,-3.160000000000082,-13.634999999999993,-0.0354330708661417,1833.0,1744.0,1721.0,1725.0,24700.0
2024-04-06,1697.0,1720.0,1690.0,1715.0,1622.7906494140625,29800.0,1795.35,1795.84,1815.9466666666667,1875.235,25.85365853658536,1832.9,-6.573333333333267,-13.865000000000007,-0.0149339460080413,1833.0,1720.0,1715.0,1697.0,29800.0
2024-04-07,1697.0,1720.0,1690.0,1715.0,1622.7906494140625,29800.0,1789.65,1792.12,1814.3066666666664,1872.59,25.85365853658536,1830.48,-8.320000000000164,-13.870000000000118,-0.0017462165308498,1833.0,1720.0,1715.0,1697.0,29800.0
2024-04-08,1750.0,1771.0,1736.0,1739.0,1645.500244140625,24600.0,1785.6,1789.12,1813.1333333333328,1870.22,27.61904761904762,1828.54,-8.053333333333285,-13.375,-0.0119318181818182,1833.0,1720.0,1715.0,1697.0,29800.0
2024-04-09,1750.0,1759.0,1741.0,1750.0,1655.908935546875,14200.0,1782.1,1787.56,1811.56,1867.975,36.50793650793651,1826.82,-8.200000000000045,-12.759999999999993,0.0005717552887363,1833.0,1771.0,1739.0,1750.0,24600.0
2024-04-10,1750.0,1770.0,1750.0,1770.0,1674.8336181640625,8700.0,1780.0,1786.8,1810.8933333333327,1865.83,32.58426966292136,1824.7,-7.3599999999999,-12.0150000000001,0.0120068610634649,1833.0,1759.0,1750.0,1750.0,14200.0
2024-04-11,1760.0,1780.0,1755.0,1767.0,1671.9947509765625,8600.0,1777.65,1785.92,1810.1866666666667,1863.67,32.044198895027634,1822.82,-5.759999999999991,-11.564999999999827,0.0102915951972555,1833.0,1770.0,1770.0,1750.0,8700.0
2024-04-12,1791.0,1793.0,1764.0,1767.0,1671.9947509765625,13500.0,1775.3,1783.44,1809.48,1861.31,36.0248447204969,1820.44,-4.826666666666597,-11.279999999999973,0.0102915951972555,1833.0,1780.0,1767.0,1760.0,8600.0
2024-04-13,1791.0,1793.0,1764.0,1767.0,1671.9947509765625,13500.0,1772.95,1781.32,1809.0533333333333,1859.255,36.0248447204969,1818.06,-4.080000000000155,-10.964999999999918,-0.0084175084175084,1833.0,1793.0,1767.0,1791.0,13500.0
2024-04-14,1791.0,1793.0,1764.0,1767.0,1671.9947509765625,13500.0,1769.65,1779.2,1808.28,1857.075,36.0248447204969,1815.68,-3.2799999999999727,-10.899999999999864,0.0213872832369941,1832.0,1793.0,1767.0,1791.0,13500.0
2024-04-15,1751.0,1767.0,1740.0,1754.0,1659.69384765625,9100.0,1767.3,1776.88,1808.2666666666669,1855.04,32.55813953488372,1813.04,-2.626666666666779,-10.789999999999964,-0.0325427468284611,1832.0,1793.0,1767.0,1791.0,13500.0
2024-04-16,1749.0,1750.0,1715.0,1719.0,1626.5755615234375,26400.0,1761.65,1773.08,1808.04,1852.85,35.44303797468355,1809.54,-2.1466666666667606,-10.820000000000164,-0.0637254901960784,1832.0,1767.0,1754.0,1751.0,9100.0
2024-04-17,1741.0,1741.0,1670.0,1686.0,1595.3499755859375,20400.0,1754.35,1767.96,1807.013333333333,1850.495,38.35616438356164,1804.26,-2.466666666666697,-10.815000000000056,-0.0816993464052288,1814.0,1750.0,1719.0,1749.0,26400.0
2024-04-18,1673.0,1735.0,1673.0,1722.0,1629.4141845703125,10900.0,1749.85,1764.28,1806.4666666666667,1848.32,50.27624309392265,1800.66,-2.586666666666588,-10.935000000000173,-0.0620915032679738,1814.0,1741.0,1686.0,1741.0,20400.0
2024-04-19,1713.0,1713.0,1631.0,1654.0,1565.0704345703125,37800.0,1741.95,1757.12,1805.013333333333,1845.91,37.44855967078189,1797.1,-3.2666666666666515,-11.164999999999964,-0.0991285403050109,1814.0,1735.0,1722.0,1673.0,10900.0
2024-04-20,1713.0,1713.0,1631.0,1654.0,1565.0704345703125,37800.0,1734.05,1751.24,1803.36,1844.08,37.44855967078189,1792.32,-4.906666666666752,-10.960000000000036,-0.1183368869936034,1814.0,1713.0,1654.0,1713.0,37800.0
2024-04-21,1713.0,1713.0,1631.0,1654.0,1565.0704345703125,37800.0,1726.05,1744.12,1802.2,1842.74,37.44855967078189,1787.54,-5.839999999999918,-10.1099999999999,-0.1112305212251477,1770.0,1713.0,1654.0,1713.0,37800.0
2024-04-22,1664.0,1673.0,1642.0,1656.0,1566.9627685546875,20100.0,1720.6,1737.08,1801.3733333333332,1841.03,31.221719457013577,1782.8,-5.6400000000001,-9.464999999999918,-0.1219512195121951,1770.0,1713.0,1654.0,1713.0,37800.0
2024-04-23,1674.0,1695.0,1661.0,1682.0,1591.5650634765625,21300.0,1718.7,1731.88,1800.3333333333333,1839.38,35.593220338983045,1779.98,-6.133333333333439,-8.939999999999827,-0.1081654294803817,1770.0,1673.0,1656.0,1664.0,20100.0
2024-04-24,1696.0,1748.0,1691.0,1746.0,1652.1239013671875,39100.0,1719.95,1729.24,1800.2933333333333,1838.05,45.71428571428572,1778.66,-4.720000000000027,-7.860000000000127,-0.0742311770943796,1770.0,1695.0,1682.0,1674.0,21300.0
2024-04-25,1741.0,1741.0,1695.0,1695.0,1603.865966796875,23400.0,1718.95,1724.56,1799.5733333333333,1836.465,39.02439024390244,1775.96,-3.786666666666633,-7.615000000000009,-0.101272534464475,1770.0,1748.0,1746.0,1696.0,39100.0
2024-04-26,1706.0,1720.0,1681.0,1709.0,1617.11328125,22500.0,1718.65,1720.36,1799.04,1834.95,41.52046783625731,1773.9,-3.160000000000082,-7.789999999999964,-0.0976768743400211,1770.0,1741.0,1695.0,1741.0,23400.0
2024-04-27,1706.0,1720.0,1681.0,1709.0,1617.11328125,22500.0,1718.35,1718.12,1798.506666666667,1833.245,41.52046783625731,1770.1,-2.866666666666561,-7.785000000000082,-0.1235897435897436,1770.0,1720.0,1709.0,1706.0,22500.0
2024-04-28,1706.0,1720.0,1681.0,1709.0,1617.11328125,22500.0,1716.85,1717.68,1797.5333333333333,1831.605,41.52046783625731,1766.3,-2.7999999999999545,-7.775000000000091,-0.101472134595163,1770.0,1720.0,1709.0,1706.0,22500.0
2024-04-29,1706.0,1720.0,1681.0,1709.0,1617.11328125,22500.0,1714.8,1717.2,1797.253333333333,1829.5,43.16109422492401,1762.5,-3.039999999999964,-8.549999999999955,-0.0671397379912663,1770.0,1720.0,1709.0,1706.0,22500.0
2024-04-30,1761.0,1788.0,1725.0,1780.0,1684.2958984375,30700.0,1715.3,1719.8,1796.8133333333333,1827.975,58.35616438356164,1760.9,-2.759999999999991,-8.490000000000009,-0.0596936080295826,1780.0,1720.0,1709.0,1706.0,22500.0
2024-05-01,1773.0,1798.0,1761.0,1782.0,1686.188232421875,13900.0,1716.05,1722.48,1796.0933333333332,1826.46,64.37125748502993,1759.16,-2.946666666666715,-8.490000000000009,-0.0586370839936608,1782.0,1788.0,1780.0,1761.0,30700.0
2024-05-02,1793.0,1798.0,1763.0,1776.0,1680.510986328125,9300.0,1716.5,1724.92,1795.2933333333333,1824.915,58.88157894736842,1758.52,-3.2133333333333667,-8.329999999999927,-0.0618066561014263,1782.0,1798.0,1782.0,1773.0,13900.0
2024-05-03,1793.0,1798.0,1763.0,1776.0,1680.510986328125,9300.0,1716.95,1726.4,1794.493333333333,1823.76,75.84745762711864,1757.76,-3.039999999999964,-7.845000000000027,-0.0257816785518376,1782.0,1798.0,1776.0,1793.0,9300.0
2024-05-04,1793.0,1798.0,1763.0,1776.0,1680.510986328125,9300.0,1717.4,1727.44,1793.6933333333334,1822.665,75.84745762711864,1757.5,-3.559999999999945,-6.835000000000036,-0.0198675496688741,1782.0,1798.0,1776.0,1793.0,9300.0
2024-05-05,1793.0,1798.0,1763.0,1776.0,1680.510986328125,9300.0,1718.5,1727.68,1792.36,1821.33,75.84745762711864,1757.24,-4.453333333333376,-6.644999999999982,-0.0295081967213114,1782.0,1798.0,1776.0,1793.0,9300.0
2024-05-06,1793.0,1798.0,1763.0,1776.0,1680.510986328125,9300.0,1721.35,1728.04,1791.2266666666667,1820.28,75.64102564102564,1756.98,-4.866666666666561,-6.180000000000064,-0.0198675496688741,1782.0,1798.0,1776.0,1793.0,9300.0
2024-05-07,1776.0,1805.0,1776.0,1805.0,1707.95166015625,14400.0,1727.3,1729.56,1790.1466666666668,1819.28,75.9493670886076,1756.5,-5.146666666666533,-5.634999999999991,-0.0494997367035281,1805.0,1798.0,1776.0,1793.0,9300.0
2024-05-08,1715.0,1811.0,1715.0,1792.0,1695.6507568359375,62900.0,1730.8,1730.56,1788.8933333333334,1818.215,62.36559139784946,1755.94,-5.599999999999909,-5.545000000000073,-0.0563454449710374,1805.0,1805.0,1805.0,1776.0,14400.0
2024-05-09,1811.0,1811.0,1773.0,1792.0,1695.6507568359375,14700.0,1737.7,1731.56,1787.64,1817.15,85.92592592592592,1755.38,-6.053333333333285,-5.514999999999873,-0.0563454449710374,1805.0,1811.0,1792.0,1715.0,62900.0
2024-05-10,1800.0,1820.0,1786.0,1811.0,1713.6290283203125,18700.0,1745.55,1733.84,1786.64,1816.585,86.42857142857143,1755.36,-5.7199999999998,-4.744999999999891,-0.0263440860215053,1811.0,1811.0,1792.0,1811.0,14700.0
2024-05-11,1800.0,1820.0,1786.0,1811.0,1713.6290283203125,18700.0,1753.4,1737.52,1785.5333333333333,1815.915,86.42857142857143,1755.3,-5.693333333333385,-4.365000000000009,-0.0310326377742108,1811.0,1820.0,1811.0,1800.0,18700.0
2024-05-12,1800.0,1820.0,1786.0,1811.0,1713.6290283203125,18700.0,1761.15,1742.52,1783.68,1815.17,86.42857142857143,1755.24,-6.466666666666697,-4.1099999999999,0.0016592920353981,1811.0,1820.0,1811.0,1800.0,18700.0
2024-05-13,1808.0,1840.0,1801.0,1834.0,1735.3924560546875,41300.0,1768.75,1747.0,1782.7733333333333,1814.79,88.34355828220859,1755.64,-6.120000000000118,-3.4249999999999545,0.0110253583241455,1834.0,1820.0,1811.0,1800.0,18700.0
2024-05-14,1840.0,1870.0,1834.0,1857.0,1757.15576171875,35000.0,1774.3,1755.12,1783.1066666666666,1814.61,83.47826086956522,1756.12,-4.53333333333353,-2.540000000000191,0.0380100614868641,1857.0,1840.0,1834.0,1808.0,41300.0
2024-05-15,1820.0,1832.0,1790.0,1799.0,1702.2742919921875,23900.0,1779.5,1760.92,1781.8533333333332,1814.14,54.970760233918135,1756.08,-4.786666666666861,-2.4449999999999363,0.0055897149245387,1857.0,1870.0,1857.0,1840.0,35000.0
2024-05-16,1802.0,1802.0,1727.0,1737.0,1643.6077880859375,32200.0,1780.9,1764.24,1779.7733333333333,1813.36,41.40969162995594,1754.18,-5.759999999999991,-2.555000000000064,-0.029066517607602,1857.0,1832.0,1799.0,1820.0,23900.0
2024-05-17,1726.0,1739.0,1714.0,1735.0,1641.71533203125,19900.0,1782.2,1767.4,1777.6666666666667,1812.865,41.04803493449781,1752.24,-6.013333333333321,-2.305000000000064,-0.0513942044833242,1857.0,1802.0,1737.0,1802.0,32200.0
2024-05-18,1726.0,1739.0,1714.0,1735.0,1641.71533203125,19900.0,1783.5,1769.52,1776.493333333333,1812.385,41.04803493449781,1750.7,-6.279999999999973,-2.4049999999999727,-0.0467032967032966,1857.0,1739.0,1735.0,1726.0,19900.0
2024-05-19,1726.0,1739.0,1714.0,1735.0,1641.71533203125,19900.0,1784.8,1769.08,1775.4666666666667,1811.855,41.04803493449781,1749.16,-7.639999999999873,-2.7549999999998818,-0.0467032967032966,1857.0,1739.0,1735.0,1726.0,19900.0
2024-05-20,1738.0,1780.0,1729.0,1776.0,1680.510986328125,14200.0,1784.6,1772.32,1774.746666666667,1811.16,50.0,1748.44,-7.10666666666657,-2.980000000000018,-0.0198675496688741,1857.0,1739.0,1735.0,1726.0,19900.0
2024-05-21,1778.0,1817.0,1778.0,1800.0,1703.2205810546875,17700.0,1785.5,1775.96,1774.5866666666666,1810.585,49.05660377358491,1748.16,-5.186666666666724,-2.774999999999864,-0.0077177508269018,1857.0,1780.0,1776.0,1738.0,14200.0
2024-05-22,1790.0,1825.0,1779.0,1800.0,1703.2205810546875,22800.0,1786.7,1779.6,1773.2666666666669,1810.01,51.58730158730159,1748.86,-4.400000000000091,-2.855000000000018,-0.0077177508269018,1857.0,1817.0,1800.0,1778.0,17700.0
2024-05-23,1813.0,1830.0,1794.0,1799.0,1702.2742919921875,17500.0,1787.85,1783.2,1771.9333333333334,1809.43,51.38339920948616,1750.44,-4.559999999999945,-2.9549999999999272,-0.0082690187431091,1857.0,1825.0,1800.0,1790.0,22800.0
2024-05-24,1794.0,1829.0,1761.0,1827.0,1728.768798828125,17000.0,1790.4,1787.92,1770.9733333333334,1808.795,53.05343511450381,1752.56,-4.493333333333339,-3.059999999999945,-0.0032733224222586,1857.0,1830.0,1799.0,1813.0,17500.0
2024-05-25,1794.0,1829.0,1761.0,1827.0,1728.768798828125,17000.0,1792.95,1789.8,1770.5333333333333,1807.915,53.05343511450381,1754.8,-4.213333333333367,-3.2450000000001182,0.0144364242087728,1857.0,1829.0,1827.0,1794.0,17000.0
2024-05-26,1794.0,1829.0,1761.0,1827.0,1728.768798828125,17000.0,1795.5,1791.6,1769.9733333333334,1807.3,53.05343511450381,1757.04,-4.61333333333323,-3.285000000000082,-0.0027292576419214,1857.0,1829.0,1827.0,1794.0,17000.0
2024-05-27,1827.0,1852.0,1810.0,1836.0,1737.284912109375,15200.0,1797.05,1794.0,1770.3466666666666,1806.615,50.40322580645161,1759.46,-2.9200000000000728,-3.394999999999982,0.002183406113537,1857.0,1829.0,1827.0,1794.0,17000.0
2024-05-28,1849.0,1855.0,1838.0,1847.0,1747.693603515625,16800.0,1799.8,1796.84,1770.7866666666666,1805.975,47.88135593220338,1761.62,-1.1466666666667606,-3.4550000000001546,0.0193156732891832,1857.0,1852.0,1836.0,1827.0,15200.0
2024-05-29,1859.0,1859.0,1751.0,1753.0,1658.74755859375,21500.0,1797.85,1795.92,1770.3066666666666,1804.865,41.544117647058826,1761.68,-0.6666666666667425,-3.930000000000064,-0.032560706401766,1857.0,1855.0,1847.0,1849.0,16800.0
2024-05-30,1740.0,1800.0,1723.0,1799.0,1702.2742919921875,32200.0,1797.25,1796.84,1770.44,1803.985,62.109375,1762.26,-0.0933333333332484,-3.930000000000064,-0.0071743929359823,1857.0,1859.0,1753.0,1859.0,21500.0
2024-05-31,1808.0,1895.0,1808.0,1874.0,1773.24169921875,59500.0,1800.4,1800.76,1771.5733333333333,1803.585,71.12462006079028,1764.4,1.599999999999909,-3.714999999999918,0.0330760749724365,1874.0,1800.0,1799.0,1740.0,32200.0
2024-06-01,1808.0,1895.0,1808.0,1874.0,1773.24169921875,59500.0,1803.55,1803.52,1772.1733333333334,1802.98,71.12462006079028,1766.54,1.8266666666668243,-3.634999999999991,0.0617563739376769,1874.0,1895.0,1874.0,1808.0,59500.0
2024-06-02,1808.0,1895.0,1808.0,1874.0,1773.24169921875,59500.0,1805.55,1806.8,1772.8933333333334,1802.63,71.12462006079028,1768.68,2.106666666666797,-3.3449999999998,0.0895348837209302,1874.0,1895.0,1874.0,1808.0,59500.0
2024-06-03,1888.0,1889.0,1859.0,1878.0,1777.026611328125,24100.0,1806.6,1810.24,1773.6666666666667,1802.565,67.46575342465754,1770.9,3.360000000000128,-2.2999999999999545,0.0912260313771062,1878.0,1895.0,1874.0,1808.0,59500.0
2024-06-04,1870.0,1884.0,1835.0,1841.0,1742.01611328125,29600.0,1808.7,1811.44,1774.0533333333333,1802.57,56.72131147540984,1772.64,3.6133333333332303,-1.4149999999999636,0.073469387755102,1878.0,1889.0,1878.0,1888.0,24100.0
2024-06-05,1816.0,1874.0,1816.0,1851.0,1751.4783935546875,11300.0,1814.4,1813.04,1774.5466666666666,1802.625,58.095238095238095,1775.28,2.9733333333333576,-0.9600000000000364,0.0793002915451894,1878.0,1884.0,1841.0,1870.0,29600.0
2024-06-06,1830.0,1857.0,1790.0,1822.0,1724.0377197265625,27200.0,1818.75,1813.48,1774.6533333333334,1802.535,53.35276967930029,1778.0,2.480000000000018,-0.4449999999999363,0.0623906705539358,1878.0,1874.0,1851.0,1816.0,11300.0
2024-06-07,1804.0,1840.0,1783.0,1809.0,1711.736572265625,20900.0,1822.45,1812.48,1774.5866666666666,1802.725,47.25609756097561,1779.74,1.6933333333331575,0.0949999999997999,0.0402530189764231,1878.0,1857.0,1822.0,1830.0,27200.0
2024-06-08,1804.0,1840.0,1783.0,1809.0,1711.736572265625,20900.0,1826.15,1810.56,1774.2666666666669,1802.445,47.25609756097561,1782.84,0.599999999999909,-0.1200000000001182,0.0337142857142858,1878.0,1840.0,1809.0,1804.0,20900.0
2024-06-09,1804.0,1840.0,1783.0,1809.0,1711.736572265625,20900.0,1827.8,1810.96,1774.3733333333332,1802.275,47.25609756097561,1785.94,0.3199999999999363,-0.2949999999998454,0.0220338983050847,1878.0,1840.0,1809.0,1804.0,20900.0
2024-06-10,1809.0,1860.0,1802.0,1853.0,1753.370849609375,12700.0,1830.45,1815.6,1774.6533333333334,1802.325,52.34159779614325,1789.92,0.106666666666797,-0.2999999999999545,0.0486700622524052,1878.0,1840.0,1809.0,1804.0,20900.0
2024-06-11,1840.0,1868.0,1823.0,1836.0,1737.284912109375,16500.0,1832.25,1819.64,1774.7066666666667,1801.815,48.50948509485095,1793.52,0.0533333333332848,-0.7200000000000273,0.0390492359932088,1878.0,1860.0,1853.0,1809.0,12700.0
2024-06-12,1855.0,1868.0,1792.0,1807.0,1709.8441162109375,15000.0,1832.65,1822.52,1774.64,1801.16,58.88157894736842,1796.02,0.0533333333335122,-1.5649999999998272,0.0226372382569326,1878.0,1868.0,1836.0,1840.0,16500.0
2024-06-13,1807.0,1807.0,1772.0,1778.0,1682.4034423828125,23800.0,1830.2,1824.24,1774.1866666666667,1800.36,46.34146341463415,1796.66,-0.0799999999999272,-2.0850000000000364,0.0062252405206564,1878.0,1868.0,1807.0,1855.0,15000.0
2024-06-14,1766.0,1902.0,1766.0,1894.0,1792.1663818359375,71700.0,1833.55,1828.96,1775.28,1799.875,53.04878048780488,1800.64,0.9066666666667516,-2.400000000000091,0.0798175598631698,1894.0,1807.0,1778.0,1807.0,23800.0
2024-06-15,1766.0,1902.0,1766.0,1894.0,1792.1663818359375,71700.0,1836.9,1832.72,1776.3466666666666,1799.46,53.04878048780488,1804.34,1.6933333333331575,-2.865000000000009,0.1018033740546828,1894.0,1902.0,1894.0,1766.0,71700.0
2024-06-16,1766.0,1902.0,1766.0,1894.0,1792.1663818359375,71700.0,1839.8,1836.48,1778.0666666666666,1798.825,53.04878048780488,1808.04,3.3599999999999,-2.990000000000009,0.1233689205219454,1894.0,1902.0,1894.0,1766.0,71700.0
2024-06-17,1875.0,1892.0,1845.0,1850.0,1750.5322265625,17400.0,1839.95,1838.52,1779.8,1798.055,46.19565217391304,1810.86,5.159999999999855,-3.105000000000018,0.0743321718931475,1894.0,1902.0,1894.0,1766.0,71700.0
2024-06-18,1863.0,1893.0,1822.0,1851.0,1751.4783935546875,52200.0,1844.85,1839.48,1781.5333333333333,1797.59,51.50602409638554,1813.7,7.346666666666579,-2.769999999999982,0.1191051995163241,1894.0,1892.0,1850.0,1875.0,17400.0
2024-06-19,1851.0,1860.0,1807.0,1832.0,1733.4998779296875,13900.0,1846.5,1839.68,1783.0933333333332,1797.03,47.21407624633431,1814.74,7.813333333333276,-2.845000000000028,0.1076178960096734,1894.0,1893.0,1851.0,1863.0,52200.0
2024-06-20,1835.0,1887.0,1820.0,1887.0,1785.5428466796875,35200.0,1847.15,1842.08,1785.3866666666668,1796.745,58.85558583106268,1816.84,9.040000000000193,-2.715000000000145,0.1408706166868198,1894.0,1860.0,1832.0,1851.0,13900.0
2024-06-21,1866.0,1879.0,1830.0,1859.0,1759.04833984375,39700.0,1846.4,1843.0,1787.3066666666666,1796.425,56.54450261780105,1818.5,9.240000000000007,-2.400000000000091,0.1225845410628019,1894.0,1887.0,1887.0,1835.0,35200.0
2024-06-22,1866.0,1879.0,1830.0,1859.0,1759.04833984375,39700.0,1845.65,1843.48,1788.9066666666668,1796.435,56.54450261780105,1820.16,9.106666666666795,-1.6200000000001182,0.1052318668252081,1894.0,1879.0,1859.0,1866.0,39700.0
2024-06-23,1866.0,1879.0,1830.0,1859.0,1759.04833984375,39700.0,1844.7,1847.72,1790.36,1795.96,56.54450261780105,1821.82,8.826666666666597,-1.6299999999998818,0.0647193585337915,1894.0,1879.0,1859.0,1866.0,39700.0
2024-06-24,1880.0,1880.0,1857.0,1859.0,1759.04833984375,19800.0,1845.6,1850.12,1791.5466666666666,1795.805,50.88757396449704,1823.48,8.453333333333376,-1.224999999999909,0.0967551622418878,1894.0,1879.0,1859.0,1866.0,39700.0
2024-06-25,1874.0,1915.0,1870.0,1908.0,1805.413818359375,48800.0,1848.45,1851.48,1793.4266666666667,1795.97,59.72972972972973,1826.12,8.039999999999964,-0.7749999999998636,0.1164423639555296,1908.0,1880.0,1859.0,1880.0,19800.0
2024-06-26,1917.0,1917.0,1894.0,1916.0,1812.9835205078125,30000.0,1853.15,1853.16,1795.4133333333334,1796.175,65.6160458452722,1828.34,8.106666666666797,-0.25,0.1211234640140432,1916.0,1915.0,1908.0,1874.0,48800.0
2024-06-27,1917.0,1917.0,1837.0,1837.0,1738.231201171875,63100.0,1854.55,1851.68,1796.3466666666666,1795.985,57.393483709273184,1829.24,7.439999999999827,-0.4500000000000455,0.0748976009362201,1916.0,1917.0,1916.0,1917.0,30000.0
2024-06-28,1902.0,1911.0,1845.0,1870.0,1769.456787109375,24600.0,1857.6,1851.36,1797.72,1795.965,46.20253164556962,1830.8,7.360000000000127,0.0049999999998817,0.0942071386775893,1916.0,1917.0,1837.0,1917.0,63100.0
2024-06-29,1902.0,1911.0,1845.0,1870.0,1769.456787109375,24600.0,1860.65,1852.52,1799.2666666666669,1796.0,46.20253164556962,1831.98,7.720000000000027,0.1949999999999363,0.050561797752809,1916.0,1911.0,1870.0,1902.0,24600.0
2024-06-30,1902.0,1911.0,1845.0,1870.0,1769.456787109375,24600.0,1861.5,1853.28,1801.28,1796.01,46.20253164556962,1833.16,7.853333333333239,0.0399999999999636,0.0493827160493827,1916.0,1911.0,1870.0,1902.0,24600.0
2024-07-01,1879.0,1884.0,1833.0,1839.0,1740.123779296875,20300.0,1861.65,1853.96,1803.32,1796.24,48.18481848184819,1833.72,7.906666666666524,0.0650000000000545,0.035472972972973,1916.0,1911.0,1870.0,1902.0,24600.0
2024-07-02,1826.0,1836.0,1809.0,1822.0,1724.0377197265625,27900.0,1862.4,1854.48,1804.6533333333327,1796.23,45.45454545454546,1833.48,8.306666666666843,0.2450000000001182,0.0259009009009008,1916.0,1884.0,1839.0,1879.0,20300.0
2024-07-03,1839.0,1859.0,1828.0,1839.0,1740.123779296875,19500.0,1865.45,1855.68,1807.12,1796.305,51.10410094637224,1833.12,9.399999999999864,0.3400000000001455,0.035472972972973,1916.0,1836.0,1822.0,1826.0,27900.0
2024-07-04,1845.0,1870.0,1842.0,1850.0,1750.5322265625,34000.0,1863.25,1857.32,1809.733333333333,1796.435,43.22344322344322,1834.14,10.466666666666695,0.4349999999999454,0.0416666666666667,1916.0,1859.0,1839.0,1839.0,19500.0
2024-07-05,1850.0,1856.0,1832.0,1837.0,1738.231201171875,23100.0,1860.4,1856.68,1812.1733333333327,1796.81,45.736434108527135,1836.14,10.89333333333343,0.7999999999999545,0.0343468468468468,1916.0,1870.0,1850.0,1845.0,34000.0
2024-07-06,1850.0,1856.0,1832.0,1837.0,1738.231201171875,23100.0,1857.55,1856.72,1814.5866666666664,1797.095,45.736434108527135,1838.18,11.266666666666652,0.8550000000000182,0.0177285318559556,1916.0,1856.0,1837.0,1850.0,23100.0
2024-07-07,1850.0,1856.0,1832.0,1837.0,1738.231201171875,23100.0,1856.9,1857.92,1816.6533333333327,1797.55,45.736434108527135,1840.22,12.0,1.3199999999999363,0.0251116071428572,1916.0,1856.0,1837.0,1850.0,23100.0
2024-07-08,1832.0,1839.0,1799.0,1825.0,1726.8763427734375,25700.0,1855.6,1859.8,1817.7066666666667,1798.195,43.7037037037037,1842.02,10.586666666666815,1.889999999999873,0.0184151785714286,1916.0,1856.0,1837.0,1850.0,23100.0
2024-07-09,1852.0,1859.0,1819.0,1856.0,1756.2095947265625,52900.0,1856.8,1858.28,1819.8533333333328,1799.2,39.68253968253968,1843.62,10.11999999999989,2.7650000000001,0.0248481501932633,1916.0,1839.0,1825.0,1832.0,25700.0
2024-07-10,1856.0,1878.0,1837.0,1875.0,1774.18798828125,51600.0,1856.2,1857.52,1822.0666666666664,1800.3,42.20532319391634,1845.12,9.893333333333205,3.490000000000009,0.0353395913859746,1916.0,1859.0,1856.0,1852.0,52900.0
2024-07-11,1893.0,1940.0,1874.0,1931.0,1827.17724609375,60400.0,1859.8,1859.0,1825.0266666666664,1801.68,69.58333333333333,1847.74,10.440000000000056,4.585000000000036,0.0662617338487023,1931.0,1878.0,1875.0,1856.0,51600.0
2024-07-12,1893.0,1940.0,1879.0,1925.0,1821.499755859375,57200.0,1863.1,1862.0,1827.9066666666668,1802.985,62.91079812206573,1850.26,11.25333333333333,5.434999999999945,0.049618320610687,1931.0,1940.0,1931.0,1893.0,60400.0
2024-07-13,1893.0,1940.0,1879.0,1925.0,1821.499755859375,57200.0,1866.4,1864.96,1830.7866666666664,1804.19,62.91079812206573,1852.22,13.079999999999927,5.995000000000118,0.0366182014001077,1931.0,1940.0,1925.0,1893.0,57200.0
2024-07-14,1893.0,1940.0,1879.0,1925.0,1821.499755859375,57200.0,1869.7,1868.68,1832.72,1805.17,62.91079812206573,1854.18,12.866666666666788,5.970000000000027,0.0700389105058365,1931.0,1940.0,1925.0,1893.0,57200.0
2024-07-15,1893.0,1940.0,1879.0,1925.0,1821.499755859375,57200.0,1870.55,1870.2,1834.6266666666668,1806.03,73.62637362637363,1856.14,12.560000000000173,5.730000000000018,0.1082325849165226,1931.0,1940.0,1925.0,1893.0,57200.0
2024-07-16,1938.0,1995.0,1927.0,1991.0,1883.9510498046875,72700.0,1874.3,1875.48,1837.493333333333,1807.14,86.58008658008657,1859.24,12.466666666666695,5.460000000000036,0.1475504322766569,1991.0,1940.0,1925.0,1893.0,57200.0
2024-07-17,2017.0,2035.0,1994.0,2005.0,1897.1983642578125,59900.0,1882.7,1881.32,1840.5466666666664,1808.32,86.40350877192982,1862.4,12.639999999999873,5.335000000000036,0.1556195965417868,2005.0,1995.0,1991.0,1938.0,72700.0
2024-07-18,1998.0,2015.0,1974.0,1994.0,1886.7899169921875,21500.0,1888.9,1886.72,1843.4533333333327,1809.445,81.57894736842105,1867.22,12.666666666666742,5.254999999999882,0.1492795389048991,2005.0,2035.0,2005.0,2017.0,59900.0
2024-07-19,1975.0,1988.0,1929.0,1957.0,1851.7791748046875,22300.0,1893.25,1890.64,1845.8666666666663,1810.385,73.80952380952381,1870.38,13.146666666666531,5.214999999999918,0.1019144144144144,2005.0,2015.0,1994.0,1998.0,21500.0
2024-07-20,1975.0,1988.0,1929.0,1957.0,1851.7791748046875,22300.0,1897.6,1892.6,1848.28,1811.325,73.80952380952381,1872.04,13.653333333333194,5.295000000000073,0.0872222222222223,2005.0,1988.0,1957.0,1975.0,22300.0
2024-07-21,1975.0,1988.0,1929.0,1957.0,1851.7791748046875,22300.0,1903.5,1894.24,1850.3066666666664,1812.265,73.80952380952381,1873.7,12.813333333333276,5.125,0.0872222222222223,2005.0,1988.0,1957.0,1975.0,22300.0
2024-07-22,1917.0,1919.0,1883.0,1886.0,1784.5965576171875,22200.0,1906.7,1896.2,1851.56,1812.865,59.80707395498392,1873.94,11.01333333333332,4.545000000000073,0.0483602001111729,2005.0,1988.0,1957.0,1975.0,22300.0
2024-07-23,1885.0,1921.0,1863.0,1887.0,1785.5428466796875,20300.0,1909.1,1896.88,1852.8266666666664,1813.6,55.51601423487545,1874.12,9.37333333333322,4.154999999999973,0.0328407224958948,2005.0,1919.0,1886.0,1917.0,22200.0
2024-07-24,1895.0,1919.0,1880.0,1883.0,1781.7579345703125,23400.0,1910.75,1897.4,1853.7866666666664,1814.315,51.50375939849624,1874.96,7.920000000000073,3.930000000000064,0.0306513409961686,2005.0,1921.0,1887.0,1885.0,20300.0
2024-07-25,1891.0,1895.0,1825.0,1836.0,1737.284912109375,36700.0,1910.7,1896.04,1854.12,1814.795,31.51750972762646,1874.66,5.839999999999918,3.470000000000028,0.0049261083743843,2005.0,1919.0,1883.0,1895.0,23400.0
2024-07-26,1836.0,1847.0,1819.0,1822.0,1724.0377197265625,19100.0,1909.95,1895.36,1854.2666666666669,1815.205,30.566037735849065,1874.66,3.960000000000037,2.939999999999827,-0.0076252723311547,2005.0,1895.0,1836.0,1891.0,36700.0
2024-07-27,1836.0,1847.0,1819.0,1822.0,1724.0377197265625,19100.0,1909.2,1895.36,1854.1066666666663,1815.535,30.566037735849065,1874.92,2.546666666666624,2.6700000000000728,-0.0135354629128315,2005.0,1847.0,1822.0,1836.0,19100.0
2024-07-28,1836.0,1847.0,1819.0,1822.0,1724.0377197265625,19100.0,1909.05,1894.68,1853.64,1815.865,30.566037735849065,1875.18,0.8133333333335031,2.2650000000001,0.0393610952652596,2005.0,1847.0,1822.0,1836.0,19100.0
2024-07-29,1862.0,1886.0,1842.0,1881.0,1779.8656005859375,19300.0,1910.3,1895.92,1854.733333333333,1816.455,43.20987654320988,1876.62,0.9466666666667152,2.1399999999998727,0.0455808782657032,2005.0,1847.0,1822.0,1836.0,19100.0
2024-07-30,1880.0,1892.0,1854.0,1877.0,1776.08056640625,23100.0,1910.4,1897.52,1856.6,1816.94,28.244274809160306,1877.1,2.480000000000018,2.144999999999982,0.0016008537886873,2005.0,1886.0,1881.0,1862.0,19300.0
2024-07-31,1892.0,1967.0,1887.0,1967.0,1861.241455078125,55900.0,1912.2,1902.72,1859.6933333333327,1817.875,44.37869822485207,1879.72,5.426666666666733,2.6700000000000728,0.0496264674493063,2005.0,1892.0,1877.0,1880.0,23100.0
2024-08-01,1953.0,1956.0,1863.0,1869.0,1768.5106201171875,37800.0,1909.4,1904.0,1861.48,1818.32,35.294117647058826,1880.96,7.373333333333448,2.7849999999998545,-0.0026680896478121,2005.0,1967.0,1967.0,1892.0,55900.0
2024-08-02,1780.0,1792.0,1670.0,1670.0,1580.210205078125,75400.0,1896.65,1897.8,1860.6133333333328,1817.815,25.55366269165248,1878.8,6.97333333333313,1.9500000000000453,-0.1107561235356762,2005.0,1956.0,1869.0,1953.0,37800.0
2024-08-03,1780.0,1792.0,1670.0,1670.0,1580.210205078125,75400.0,1883.9,1890.36,1859.2,1817.34,25.55366269165248,1874.32,4.466666666666697,0.8849999999999909,-0.0928843020097772,2005.0,1792.0,1670.0,1780.0,75400.0
2024-08-04,1780.0,1792.0,1670.0,1670.0,1580.210205078125,75400.0,1871.15,1882.16,1857.4666666666667,1817.035,25.55366269165248,1869.84,0.8666666666667879,0.0950000000000272,-0.0977849810913019,2005.0,1792.0,1670.0,1780.0,75400.0
2024-08-05,1400.0,1438.0,1270.0,1274.0,1205.5015869140625,133100.0,1835.3,1855.88,1850.4533333333327,1814.62,16.447368421052644,1857.44,-9.240000000000007,-3.255000000000109,-0.3007683863885839,2005.0,1792.0,1670.0,1780.0,75400.0
2024-08-06,1424.0,1502.0,1367.0,1501.0,1420.296630859375,97800.0,1810.1,1838.92,1846.48,1812.985,33.04042179261863,1850.46,-15.0,-5.335000000000036,-0.1702598120508568,1994.0,1438.0,1274.0,1400.0,133100.0
2024-08-07,1461.0,1598.0,1422.0,1512.0,1430.7052001953125,55900.0,1786.0,1822.4,1842.28,1811.405,33.79912663755458,1843.68,-18.333333333333258,-6.410000000000082,-0.1641791044776119,1967.0,1502.0,1501.0,1424.0,97800.0
2024-08-08,1473.0,1519.0,1445.0,1456.0,1377.7161865234375,25600.0,1760.95,1803.64,1837.3333333333333,1809.545,33.53552859618718,1836.16,-21.866666666666788,-7.794999999999845,-0.1951354339414041,1967.0,1598.0,1512.0,1461.0,55900.0
2024-08-09,1486.0,1506.0,1391.0,1421.0,1344.5980224609375,47300.0,1734.15,1783.48,1831.92,1807.21,32.93617021276596,1826.84,-25.546666666666624,-9.825000000000044,-0.2331354560172692,1967.0,1519.0,1456.0,1473.0,25600.0
2024-08-10,1486.0,1506.0,1391.0,1421.0,1344.5980224609375,47300.0,1707.35,1760.68,1826.3866666666668,1805.125,32.93617021276596,1818.08,-24.06666666666661,-9.49499999999989,-0.2260348583877995,1967.0,1506.0,1421.0,1486.0,47300.0
2024-08-11,1486.0,1506.0,1391.0,1421.0,1344.5980224609375,47300.0,1684.1,1737.32,1820.7066666666667,1803.095,32.93617021276596,1809.32,-25.773333333333312,-9.889999999999873,-0.2136137244050913,1967.0,1506.0,1421.0,1486.0,47300.0
2024-08-12,1486.0,1506.0,1391.0,1421.0,1344.5980224609375,47300.0,1660.8,1714.4,1816.28,1800.86,29.39068100358422,1800.56,-26.0,-10.545000000000073,-0.2007874015748031,1967.0,1506.0,1421.0,1486.0,47300.0
2024-08-13,1570.0,1649.0,1515.0,1629.0,1541.41455078125,49800.0,1648.1,1701.28,1814.013333333333,1799.905,40.6060606060606,1795.96,-23.319999999999936,-9.6400000000001,-0.1399155227032734,1967.0,1506.0,1421.0,1486.0,47300.0
2024-08-14,1646.0,1654.0,1603.0,1635.0,1547.0919189453125,26600.0,1638.05,1688.4,1810.8266666666664,1798.98,36.569579288025885,1790.5,-21.09333333333348,-8.230000000000018,-0.1367476240760295,1967.0,1649.0,1629.0,1570.0,49800.0
2024-08-15,1635.0,1678.0,1628.0,1641.0,1552.7694091796875,23700.0,1629.0,1675.76,1807.72,1798.085,40.03496503496503,1785.0,-18.666666666666742,-7.039999999999964,-0.1335797254487856,1967.0,1654.0,1635.0,1646.0,26600.0
2024-08-16,1651.0,1700.0,1651.0,1700.0,1608.59716796875,23900.0,1622.9,1668.32,1805.4,1797.59,51.49402390438247,1782.26,-15.306666666666615,-5.505000000000109,-0.081081081081081,1967.0,1678.0,1641.0,1635.0,23700.0
2024-08-17,1651.0,1700.0,1651.0,1700.0,1608.59716796875,23900.0,1616.8,1660.84,1803.0266666666664,1796.965,51.49402390438247,1778.86,-13.25333333333333,-3.894999999999982,-0.0815775256618044,1967.0,1700.0,1700.0,1651.0,23900.0
2024-08-18,1651.0,1700.0,1651.0,1700.0,1608.59716796875,23900.0,1607.75,1653.52,1801.1466666666668,1796.69,51.49402390438247,1775.46,-12.86666666666656,-3.214999999999918,-0.0720524017467248,1967.0,1700.0,1700.0,1651.0,23900.0
2024-08-19,1685.0,1748.0,1660.0,1669.0,1579.263916015625,25000.0,1597.35,1646.84,1798.72,1796.355,80.9076682316119,1771.44,-12.10666666666657,-2.625,-0.1155272919978802,1967.0,1700.0,1700.0,1651.0,23900.0
2024-08-20,1669.0,1717.0,1669.0,1677.0,1586.833740234375,20200.0,1582.85,1641.04,1796.7866666666666,1795.925,70.95238095238096,1768.2,-10.933333333333394,-2.160000000000082,-0.0979020979020979,1869.0,1748.0,1669.0,1685.0,25000.0
2024-08-21,1653.0,1659.0,1627.0,1648.0,1559.3929443359375,23900.0,1571.8,1634.08,1794.64,1795.35,65.52511415525115,1764.72,-10.759999999999993,-2.240000000000009,-0.1135018827326519,1700.0,1717.0,1677.0,1669.0,20200.0
2024-08-22,1637.0,1671.0,1631.0,1650.0,1561.2855224609375,15800.0,1570.8,1627.2,1792.52,1794.785,75.26041666666667,1760.94,-10.50666666666666,-2.1799999999998363,-0.1124260355029586,1700.0,1659.0,1648.0,1653.0,23900.0
2024-08-23,1668.0,1668.0,1621.0,1635.0,1547.0919189453125,19200.0,1569.05,1617.36,1790.2,1794.07,79.3956043956044,1756.64,-10.946666666666715,-2.6200000000001182,-0.1204948897256589,1700.0,1671.0,1650.0,1637.0,15800.0
2024-08-24,1668.0,1668.0,1621.0,1635.0,1547.0919189453125,19200.0,1567.3,1607.68,1787.2933333333333,1793.54,79.3956043956044,1752.6,-11.426666666666732,-2.8150000000000546,-0.1430817610062893,1700.0,1668.0,1635.0,1668.0,19200.0
2024-08-25,1668.0,1668.0,1621.0,1635.0,1547.0919189453125,19200.0,1585.35,1594.4,1784.6133333333332,1793.125,79.3956043956044,1748.56,-12.173333333333405,-2.7999999999999545,-0.1466597077244259,1700.0,1668.0,1635.0,1668.0,19200.0
2024-08-26,1621.0,1645.0,1589.0,1628.0,1540.4683837890625,38800.0,1591.7,1584.76,1782.2266666666667,1792.465,77.89757412398922,1744.38,-12.413333333333412,-2.884999999999991,-0.1137724550898203,1700.0,1668.0,1635.0,1668.0,19200.0
2024-08-27,1628.0,1649.0,1617.0,1649.0,1560.3392333984375,13800.0,1598.55,1583.92,1780.506666666667,1791.965,55.434782608695656,1740.86,-12.01333333333332,-2.820000000000164,-0.1181818181818181,1700.0,1645.0,1628.0,1621.0,38800.0
2024-08-28,1634.0,1634.0,1598.0,1628.0,1540.4683837890625,18900.0,1607.15,1582.24,1776.96,1791.36,48.24120603015076,1736.3,-13.240000000000007,-2.7100000000000364,-0.1294117647058823,1700.0,1649.0,1649.0,1628.0,13800.0
2024-08-29,1612.0,1636.0,1582.0,1636.0,1548.038330078125,28300.0,1617.9,1580.88,1773.52,1790.795,48.75621890547264,1731.52,-13.773333333333312,-2.744999999999891,-0.1251336898395721,1700.0,1634.0,1628.0,1634.0,18900.0
2024-08-30,1648.0,1655.0,1628.0,1649.0,1560.3392333984375,18200.0,1629.3,1595.88,1770.253333333333,1790.295,33.54838709677419,1725.88,-14.3599999999999,-2.8299999999999272,-0.1033170201196302,1700.0,1636.0,1636.0,1612.0,28300.0
2024-08-31,1648.0,1655.0,1628.0,1649.0,1560.3392333984375,18200.0,1640.7,1601.8,1767.5733333333333,1789.63,33.54838709677419,1720.36,-14.65333333333342,-2.834999999999809,-0.0949506037321624,1700.0,1655.0,1649.0,1648.0,18200.0
2024-09-01,1648.0,1655.0,1628.0,1649.0,1560.3392333984375,18200.0,1652.1,1607.28,1764.88,1789.225,33.54838709677419,1714.84,-15.626666666666551,-2.740000000000009,-0.1033170201196302,1700.0,1655.0,1649.0,1648.0,18200.0
2024-09-02,1659.0,1665.0,1642.0,1656.0,1566.9627685546875,15700.0,1653.45,1615.28,1762.5333333333333,1788.44,45.038167938931295,1709.46,-14.426666666666732,-2.9199999999998454,-0.1048648648648649,1700.0,1655.0,1649.0,1648.0,18200.0
2024-09-03,1670.0,1699.0,1652.0,1677.0,1586.833740234375,37800.0,1655.55,1625.52,1759.7333333333331,1787.645,50.0,1704.5,-13.786666666666632,-3.150000000000091,-0.0870985302123026,1700.0,1665.0,1656.0,1659.0,15700.0
2024-09-04,1623.0,1636.0,1575.0,1580.0,1495.049072265625,40800.0,1652.5,1631.88,1756.013333333333,1786.365,33.9622641509434,1696.28,-14.240000000000007,-3.930000000000064,-0.1399020141535111,1700.0,1699.0,1677.0,1670.0,37800.0
2024-09-05,1558.0,1595.0,1534.0,1549.0,1465.7159423828125,22300.0,1644.95,1637.0,1751.88,1784.93,29.04564315352698,1687.16,-15.693333333333156,-4.7000000000000455,-0.1567773543821448,1700.0,1636.0,1580.0,1623.0,40800.0
2024-09-06,1589.0,1589.0,1538.0,1550.0,1466.662109375,16800.0,1637.45,1642.16,1747.76,1783.5,31.27753303964758,1678.28,-17.12000000000012,-5.724999999999909,-0.1506849315068493,1700.0,1595.0,1549.0,1558.0,22300.0
2024-09-07,1589.0,1589.0,1538.0,1550.0,1466.662109375,16800.0,1629.95,1639.0,1743.64,1781.87,31.27753303964758,1670.14,-18.893333333333203,-6.570000000000164,-0.1648706896551723,1677.0,1589.0,1550.0,1589.0,16800.0
2024-09-08,1589.0,1589.0,1538.0,1550.0,1466.662109375,16800.0,1624.0,1635.6,1738.8666666666666,1780.315,31.27753303964758,1662.0,-20.866666666666788,-7.329999999999927,-0.1733333333333333,1677.0,1589.0,1550.0,1589.0,16800.0
2024-09-09,1502.0,1528.0,1485.0,1519.0,1437.328857421875,26100.0,1616.1,1630.72,1733.5733333333333,1778.48,28.286852589641427,1653.24,-22.44000000000005,-7.884999999999991,-0.2133609528741584,1677.0,1589.0,1550.0,1589.0,16800.0
2024-09-10,1524.0,1533.0,1505.0,1505.0,1424.0816650390625,17500.0,1608.95,1622.92,1729.1466666666668,1776.575,20.49180327868852,1645.62,-22.73333333333335,-8.355000000000018,-0.2181818181818181,1677.0,1528.0,1519.0,1502.0,26100.0
2024-09-11,1491.0,1493.0,1432.0,1443.0,1365.4151611328125,25900.0,1598.6,1612.64,1723.4533333333334,1774.36,17.54385964912281,1636.74,-24.30666666666661,-9.1400000000001,-0.2503896103896104,1677.0,1533.0,1505.0,1524.0,17500.0
2024-09-12,1471.0,1510.0,1450.0,1470.0,1390.96337890625,26500.0,1590.35,1603.44,1718.12,1772.28,22.69736842105263,1628.48,-25.52000000000021,-9.589999999999918,-0.2363636363636363,1677.0,1493.0,1443.0,1491.0,25900.0
2024-09-13,1463.0,1474.0,1432.0,1441.0,1363.522705078125,34900.0,1580.65,1594.32,1712.4,1770.015,17.5,1620.58,-26.46666666666647,-10.299999999999956,-0.2514285714285714,1677.0,1510.0,1470.0,1471.0,26500.0
2024-09-14,1463.0,1474.0,1432.0,1441.0,1363.522705078125,34900.0,1570.95,1584.88,1707.0933333333332,1767.47,17.5,1612.96,-26.48000000000001,-11.009999999999993,-0.2762430939226519,1677.0,1474.0,1441.0,1463.0,34900.0
2024-09-15,1463.0,1474.0,1432.0,1441.0,1363.522705078125,34900.0,1561.6,1576.6,1702.013333333333,1765.165,17.5,1605.34,-27.13333333333344,-11.410000000000082,-0.2812967581047382,1677.0,1474.0,1441.0,1463.0,34900.0
2024-09-16,1463.0,1474.0,1432.0,1441.0,1363.522705078125,34900.0,1551.2,1568.24,1696.7066666666667,1763.21,15.654952076677318,1597.72,-26.74666666666667,-11.149999999999864,-0.2773319959879639,1677.0,1474.0,1441.0,1463.0,34900.0
2024-09-17,1501.0,1508.0,1461.0,1501.0,1420.296630859375,25600.0,1544.85,1562.88,1692.0533333333333,1761.25,25.0,1590.12,-26.06666666666661,-11.029999999999973,-0.233009708737864,1677.0,1474.0,1441.0,1463.0,34900.0
2024-09-18,1524.0,1524.0,1476.0,1495.0,1414.619140625,15200.0,1537.8,1557.28,1687.493333333333,1759.26,33.71647509578544,1582.48,-24.90666666666675,-10.75500000000011,-0.2360756259580991,1677.0,1508.0,1501.0,1501.0,25600.0
2024-09-19,1513.0,1523.0,1503.0,1515.0,1433.5439453125,20600.0,1531.1,1552.48,1683.2,1757.37,43.2,1573.44,-23.893333333333203,-10.100000000000136,-0.2258559018906489,1677.0,1524.0,1495.0,1524.0,15200.0
2024-09-20,1537.0,1586.0,1537.0,1568.0,1483.6942138671875,20100.0,1527.05,1550.08,1679.6133333333332,1756.095,52.98013245033113,1567.42,-22.40000000000009,-9.069999999999936,-0.168610816542948,1677.0,1523.0,1515.0,1513.0,20600.0
2024-09-21,1537.0,1586.0,1537.0,1568.0,1483.6942138671875,20100.0,1523.0,1546.84,1676.1866666666667,1754.875,52.98013245033113,1565.38,-20.519999999999985,-8.335000000000036,-0.169051404345522,1677.0,1586.0,1568.0,1537.0,20100.0
2024-09-22,1537.0,1586.0,1537.0,1568.0,1483.6942138671875,20100.0,1518.6,1544.44,1672.3466666666666,1753.565,52.98013245033113,1563.34,-19.706666666666703,-7.684999999999945,-0.1672862453531598,1677.0,1586.0,1568.0,1537.0,20100.0
2024-09-23,1537.0,1586.0,1537.0,1568.0,1483.6942138671875,20100.0,1513.15,1541.72,1668.253333333333,1752.345,59.040590405904055,1561.3,-19.24000000000001,-6.914999999999964,-0.1459694989106753,1580.0,1586.0,1568.0,1537.0,20100.0
2024-09-24,1586.0,1598.0,1561.0,1575.0,1490.3179931640625,20400.0,1512.9,1538.76,1663.506666666667,1750.725,63.25757575757576,1567.32,-19.693333333333385,-6.644999999999982,-0.1355653128430296,1575.0,1586.0,1568.0,1537.0,20100.0
2024-09-25,1575.0,1579.0,1550.0,1565.0,1480.8555908203125,13000.0,1513.7,1535.4,1658.7066666666667,1749.055,78.77358490566039,1568.6,-20.906666666666524,-7.039999999999964,-0.1410537870472008,1575.0,1598.0,1575.0,1586.0,20400.0
2024-09-26,1579.0,1615.0,1566.0,1615.0,1528.1673583984375,30000.0,1516.95,1534.04,1654.5733333333333,1747.635,80.85106382978724,1570.66,-21.613333333333458,-7.240000000000009,-0.1136114160263447,1615.0,1579.0,1565.0,1575.0,13000.0
2024-09-27,1594.0,1640.0,1594.0,1634.0,1573.4249267578125,29700.0,1521.15,1533.16,1650.6933333333334,1746.505,92.88888888888889,1574.22,-21.6533333333332,-7.059999999999945,-0.1313131313131312,1634.0,1615.0,1615.0,1579.0,30000.0
2024-09-28,1594.0,1640.0,1594.0,1634.0,1573.4249267578125,29700.0,1525.35,1531.44,1646.8133333333333,1745.33,92.88888888888889,1578.48,-21.44000000000005,-7.0150000000001,-0.1294619072988811,1634.0,1640.0,1634.0,1594.0,29700.0
2024-09-29,1594.0,1640.0,1594.0,1634.0,1573.4249267578125,29700.0,1531.1,1533.6,1642.0533333333333,1744.46,92.88888888888889,1582.74,-21.453333333333376,-6.264999999999873,-0.1692933401118455,1634.0,1640.0,1634.0,1594.0,29700.0
2024-09-30,1560.0,1572.0,1542.0,1551.0,1493.5018310546875,28300.0,1533.4,1533.68,1636.0,1743.145,67.85714285714286,1585.34,-22.706666666666703,-5.910000000000082,-0.1701444622792937,1634.0,1640.0,1634.0,1594.0,29700.0
2024-10-01,1591.0,1604.0,1558.0,1598.0,1538.759521484375,17100.0,1541.15,1535.6,1630.72,1742.19,66.4406779661017,1588.88,-23.85333333333324,-5.444999999999936,-0.0431137724550898,1634.0,1572.0,1551.0,1560.0,28300.0
2024-10-02,1558.0,1579.0,1542.0,1560.0,1502.1680908203125,19900.0,1545.65,1536.0,1625.4266666666667,1741.045,59.93883792048929,1587.5,-25.26666666666665,-5.460000000000036,-0.0658682634730538,1634.0,1604.0,1598.0,1591.0,17100.0
2024-10-03,1595.0,1647.0,1595.0,1628.0,1567.6473388671875,22100.0,1555.0,1539.12,1621.04,1740.24,65.06666666666666,1587.36,-25.773333333333312,-5.089999999999918,-0.0251497005988023,1634.0,1579.0,1560.0,1558.0,19900.0
2024-10-04,1625.0,1626.0,1606.0,1612.0,1552.240478515625,13300.0,1563.55,1542.84,1616.44,1739.155,56.50887573964497,1586.78,-25.61333333333323,-5.305000000000064,0.2653061224489796,1634.0,1647.0,1628.0,1595.0,22100.0
2024-10-05,1625.0,1626.0,1606.0,1612.0,1552.240478515625,13300.0,1572.1,1547.12,1612.7866666666666,1738.115,56.50887573964497,1585.02,-23.213333333333367,-5.029999999999973,0.0739506995336443,1634.0,1626.0,1612.0,1625.0,13300.0
2024-10-06,1625.0,1626.0,1606.0,1612.0,1552.240478515625,13300.0,1580.65,1553.88,1609.12,1737.075,56.50887573964497,1583.26,-21.600000000000136,-5.115000000000009,0.066137566137566,1634.0,1626.0,1612.0,1625.0,13300.0
2024-10-07,1641.0,1641.0,1617.0,1617.0,1557.05517578125,11100.0,1586.45,1559.76,1605.5733333333333,1736.1,57.14285714285714,1581.6,-19.853333333333467,-4.945000000000164,0.1105769230769231,1634.0,1626.0,1612.0,1625.0,13300.0
2024-10-08,1601.0,1621.0,1577.0,1581.0,1522.3896484375,14700.0,1590.75,1565.36,1602.1733333333334,1734.935,50.80645161290322,1579.84,-18.86666666666656,-5.305000000000064,0.1125967628430681,1634.0,1641.0,1617.0,1641.0,11100.0
2024-10-09,1617.0,1617.0,1559.0,1576.0,1517.5750732421875,21600.0,1593.8,1570.76,1598.8933333333334,1733.745,51.49863760217984,1577.82,-17.546666666666624,-5.410000000000082,0.1090781140042222,1634.0,1621.0,1581.0,1601.0,14700.0
2024-10-10,1576.0,1577.0,1542.0,1550.0,1492.5389404296875,16100.0,1592.9,1575.12,1595.2666666666669,1732.425,40.52478134110788,1575.86,-17.519999999999982,-5.690000000000055,0.0907811400422238,1634.0,1617.0,1576.0,1617.0,21600.0
2024-10-11,1550.0,1558.0,1541.0,1557.0,1499.2794189453125,12400.0,1592.35,1579.76,1591.7333333333331,1731.045,38.36858006042296,1574.0,-17.386666666666542,-6.029999999999973,0.0957072484166079,1634.0,1577.0,1550.0,1576.0,16100.0
2024-10-12,1550.0,1558.0,1541.0,1557.0,1499.2794189453125,12400.0,1591.8,1582.0,1587.4133333333334,1729.825,38.36858006042296,1572.44,-18.15999999999985,-6.274999999999864,-0.0441988950276243,1634.0,1558.0,1557.0,1550.0,12400.0
2024-10-13,1550.0,1558.0,1541.0,1557.0,1499.2794189453125,12400.0,1591.25,1584.48,1583.1466666666668,1728.45,38.36858006042296,1570.88,-19.02666666666664,-6.4849999999999,-0.0477064220183486,1634.0,1558.0,1557.0,1550.0,12400.0
2024-10-14,1550.0,1558.0,1541.0,1557.0,1499.2794189453125,12400.0,1590.35,1586.16,1577.68,1727.075,51.20967741935485,1569.32,-21.213333333333367,-6.669999999999845,-0.0511882998171846,1634.0,1558.0,1557.0,1550.0,12400.0
2024-10-15,1585.0,1592.0,1558.0,1580.0,1521.4267578125,19600.0,1591.1,1586.64,1573.8266666666666,1725.915,45.98214285714286,1568.36,-21.44000000000005,-6.509999999999991,-0.0705882352941176,1634.0,1558.0,1557.0,1550.0,12400.0
2024-10-16,1540.0,1563.0,1530.0,1542.0,1484.83544921875,19700.0,1587.45,1585.6,1572.12,1724.565,45.98214285714286,1566.22,-19.613333333333458,-6.480000000000018,-0.0929411764705882,1634.0,1592.0,1580.0,1585.0,19600.0
2024-10-17,1552.0,1552.0,1503.0,1514.0,1457.8734130859375,14800.0,1581.45,1583.44,1570.04,1723.075,19.02173913043478,1563.94,-17.37333333333345,-6.75,-0.1094117647058823,1634.0,1563.0,1542.0,1540.0,19700.0
2024-10-18,1518.0,1519.0,1500.0,1516.0,1459.79931640625,12700.0,1575.55,1581.36,1567.986666666667,1721.585,21.764705882352946,1561.54,-15.160000000000082,-6.865000000000009,-0.0916716596764529,1634.0,1552.0,1514.0,1552.0,14800.0
2024-10-19,1518.0,1519.0,1500.0,1516.0,1459.79931640625,12700.0,1569.65,1579.0,1571.2133333333334,1720.34,21.764705882352946,1558.88,-6.466666666666697,-6.735000000000127,-0.096004770423375,1628.0,1519.0,1516.0,1518.0,12700.0
2024-10-20,1518.0,1519.0,1500.0,1516.0,1459.79931640625,12700.0,1567.9,1577.04,1571.4133333333334,1719.32,21.764705882352946,1556.22,-2.413333333333185,-6.595000000000027,-0.0800970873786407,1628.0,1519.0,1516.0,1518.0,12700.0
2024-10-21,1515.0,1542.0,1501.0,1527.0,1470.3916015625,9400.0,1564.35,1573.52,1571.6133333333332,1718.35,24.431818181818173,1553.78,-0.5066666666666606,-6.2150000000001455,-0.0745454545454545,1628.0,1519.0,1516.0,1518.0,12700.0
2024-10-22,1515.0,1519.0,1483.0,1486.0,1430.9114990234375,15200.0,1560.65,1567.6,1572.013333333333,1717.205,23.756906077348063,1550.38,1.9733333333333576,-5.870000000000118,-0.091131498470948,1628.0,1542.0,1527.0,1515.0,9400.0
2024-10-23,1486.0,1503.0,1469.0,1480.0,1425.1339111328125,14000.0,1553.25,1561.44,1572.8,1716.03,23.626373626373635,1546.44,4.813333333333276,-5.555000000000064,-0.0948012232415902,1617.0,1519.0,1486.0,1515.0,15200.0
2024-10-24,1472.0,1475.0,1457.0,1473.0,1418.3934326171875,13200.0,1546.3,1555.0,1573.493333333333,1714.82,26.380368098159508,1544.3,2.2799999999999727,-5.519999999999982,-0.0990825688073394,1617.0,1503.0,1480.0,1486.0,14000.0
2024-10-25,1503.0,1503.0,1440.0,1453.0,1399.134765625,15800.0,1538.35,1551.08,1573.92,1713.39,20.454545454545453,1542.38,2.5066666666666606,-5.929999999999836,-0.1074938574938575,1617.0,1475.0,1473.0,1472.0,13200.0
2024-10-26,1503.0,1503.0,1440.0,1453.0,1399.134765625,15800.0,1530.4,1545.28,1574.3466666666666,1711.905,20.454545454545453,1540.44,2.7333333333333485,-6.444999999999936,-0.1188599151000606,1617.0,1503.0,1453.0,1503.0,15800.0
2024-10-27,1503.0,1503.0,1440.0,1453.0,1399.134765625,15800.0,1522.2,1541.0,1572.0,1710.32,20.454545454545453,1538.5,-0.0133333333333212,-6.884999999999991,-0.1074938574938575,1581.0,1503.0,1453.0,1503.0,15800.0
2024-10-28,1440.0,1503.0,1440.0,1502.0,1446.318359375,10800.0,1518.25,1535.96,1570.2266666666667,1708.995,37.77777777777778,1537.54,-2.573333333333266,-7.035000000000082,-0.0819070904645477,1580.0,1503.0,1453.0,1503.0,15800.0
2024-10-29,1502.0,1517.0,1489.0,1514.0,1457.8734130859375,14000.0,1515.15,1532.04,1568.5333333333333,1707.73,34.57943925233644,1537.44,-4.960000000000036,-7.089999999999918,-0.0818677986658581,1580.0,1503.0,1502.0,1440.0,10800.0
2024-10-30,1537.0,1538.0,1503.0,1526.0,1469.4285888671875,102400.0,1513.95,1528.6,1566.2133333333334,1706.525,45.74468085106383,1537.86,-7.706666666666706,-6.865000000000009,-0.0745906610066706,1580.0,1517.0,1514.0,1502.0,14000.0
2024-10-31,1528.0,1557.0,1502.0,1550.0,1492.5389404296875,19300.0,1513.6,1526.12,1564.2133333333334,1705.44,59.78260869565217,1540.0,-10.133333333333212,-6.464999999999918,-0.0600363856882959,1580.0,1538.0,1526.0,1537.0,102400.0
2024-11-01,1524.0,1524.0,1477.0,1479.0,1424.1710205078125,24200.0,1509.7,1520.6,1561.2666666666669,1704.065,42.68774703557312,1540.18,-10.733333333333348,-6.254999999999882,-0.1068840579710145,1580.0,1557.0,1550.0,1528.0,19300.0
2024-11-02,1524.0,1524.0,1477.0,1479.0,1424.1710205078125,24200.0,1505.8,1516.52,1558.7333333333331,1702.865,42.68774703557312,1540.94,-11.49333333333334,-6.129999999999882,-0.1180679785330948,1580.0,1524.0,1479.0,1524.0,24200.0
2024-11-03,1524.0,1524.0,1477.0,1479.0,1424.1710205078125,24200.0,1501.9,1512.64,1556.0933333333332,1701.83,42.68774703557312,1541.7,-12.440000000000056,-5.900000000000091,-0.0639240506329114,1580.0,1524.0,1479.0,1524.0,24200.0
2024-11-04,1524.0,1524.0,1477.0,1479.0,1424.1710205078125,24200.0,1496.85,1509.8,1553.84,1700.615,40.082644628099175,1542.46,-12.373333333333449,-5.910000000000082,-0.0451904454486765,1550.0,1524.0,1479.0,1524.0,24200.0
2024-11-05,1500.0,1517.0,1480.0,1496.0,1440.540771484375,23400.0,1494.55,1507.36,1551.7866666666666,1699.825,52.29357798165137,1543.56,-12.426666666666732,-5.615000000000009,-0.0348387096774193,1550.0,1524.0,1479.0,1524.0,24200.0
2024-11-06,1497.0,1542.0,1497.0,1539.0,1481.9466552734375,10300.0,1495.8,1506.64,1550.506666666667,1699.25,61.5686274509804,1544.32,-10.759999999999993,-4.815000000000055,-0.0070967741935483,1550.0,1517.0,1496.0,1500.0,23400.0
2024-11-07,1530.0,1553.0,1524.0,1544.0,1486.7613525390625,16100.0,1497.2,1506.12,1549.2933333333333,1698.7,64.03162055335969,1545.3,-9.440000000000056,-4.164999999999964,-0.0038709677419355,1550.0,1542.0,1539.0,1497.0,10300.0
2024-11-08,1544.0,1549.0,1515.0,1515.0,1458.83642578125,14400.0,1497.15,1504.44,1547.6933333333334,1697.995,61.832061068702295,1545.3,-8.399999999999864,-3.835000000000037,-0.0026333113890717,1550.0,1553.0,1544.0,1530.0,16100.0
2024-11-09,1544.0,1549.0,1515.0,1515.0,1458.83642578125,14400.0,1497.1,1501.84,1546.1866666666667,1697.16,61.832061068702295,1544.24,-7.653333333333194,-3.4549999999999272,0.0066445182724252,1550.0,1549.0,1515.0,1544.0,14400.0
2024-11-10,1544.0,1549.0,1515.0,1515.0,1458.83642578125,14400.0,1496.5,1500.76,1544.4,1696.005,61.832061068702295,1543.18,-7.386666666666542,-3.819999999999936,0.0498960498960499,1550.0,1549.0,1515.0,1544.0,14400.0
2024-11-11,1509.0,1529.0,1507.0,1529.0,1472.3175048828125,8100.0,1498.65,1501.36,1543.08,1695.175,55.94713656387665,1542.4,-7.426666666666733,-4.0750000000000455,0.0401360544217686,1550.0,1549.0,1515.0,1544.0,14400.0
2024-11-12,1508.0,1520.0,1475.0,1478.0,1423.2081298828125,31700.0,1498.55,1499.84,1540.9733333333334,1694.02,43.23308270676692,1540.6,-8.319999999999936,-4.680000000000064,0.0256766134628729,1550.0,1529.0,1529.0,1509.0,8100.0
2024-11-13,1496.0,1510.0,1466.0,1479.0,1424.1710205078125,28800.0,1498.85,1498.36,1538.7066666666667,1692.87,40.78431372549019,1538.68,-8.986666666666679,-5.125,0.0263705759888965,1550.0,1520.0,1478.0,1508.0,31700.0
2024-11-14,1479.0,1480.0,1431.0,1432.0,1378.913330078125,27800.0,1497.8,1495.0,1535.8133333333333,1691.485,28.77697841726618,1536.02,-10.373333333333449,-5.675000000000182,-0.0062456627342123,1550.0,1510.0,1479.0,1496.0,28800.0
2024-11-15,1340.0,1377.0,1311.0,1353.0,1302.842041015625,46400.0,1492.8,1488.04,1531.8666666666666,1689.705,27.972027972027973,1530.78,-12.53333333333353,-6.300000000000182,-0.0610687022900763,1550.0,1480.0,1432.0,1479.0,27800.0
2024-11-16,1340.0,1377.0,1311.0,1353.0,1302.842041015625,46400.0,1487.8,1482.72,1527.8266666666666,1687.57,27.972027972027973,1525.16,-15.25333333333333,-7.605000000000018,-0.0986009327115257,1550.0,1377.0,1353.0,1340.0,46400.0
2024-11-17,1340.0,1377.0,1311.0,1353.0,1302.842041015625,46400.0,1480.35,1477.64,1523.506666666667,1685.425,27.972027972027973,1519.54,-17.466666666666697,-8.595000000000027,-0.0949832775919732,1550.0,1377.0,1353.0,1340.0,46400.0
2024-11-18,1352.0,1354.0,1314.0,1314.0,1265.287841796875,17700.0,1470.35,1471.28,1519.96,1683.115,24.615384615384613,1513.14,-18.74666666666667,-9.754999999999882,-0.1326732673267326,1550.0,1377.0,1353.0,1340.0,46400.0
2024-11-19,1313.0,1350.0,1313.0,1317.0,1268.1766357421875,21600.0,1459.9,1465.84,1516.8666666666666,1680.82,21.22186495176849,1508.46,-18.946666666666715,-10.664999999999964,-0.1600765306122449,1550.0,1354.0,1314.0,1352.0,17700.0
2024-11-20,1317.0,1330.0,1293.0,1293.0,1245.0662841796875,29500.0,1447.05,1459.44,1513.44,1678.405,7.876712328767113,1502.36,-18.426666666666502,-11.299999999999956,-0.1753826530612244,1544.0,1350.0,1317.0,1313.0,21600.0
2024-11-21,1288.0,1294.0,1275.0,1282.0,1234.47412109375,23700.0,1437.2,1452.6,1509.8666666666666,1675.935,6.040268456375841,1496.8,-17.960000000000036,-11.634999999999993,-0.1823979591836735,1544.0,1330.0,1293.0,1317.0,29500.0
2024-11-22,1290.0,1317.0,1288.0,1317.0,1268.1766357421875,15100.0,1429.1,1445.2,1506.76,1673.64,17.434210526315795,1490.58,-16.74666666666667,-11.784999999999854,-0.1600765306122449,1544.0,1294.0,1282.0,1288.0,23700.0
2024-11-23,1290.0,1317.0,1288.0,1317.0,1268.1766357421875,15100.0,1421.0,1437.32,1504.0666666666666,1671.2,17.434210526315795,1484.68,-15.89333333333343,-11.914999999999964,-0.1638095238095238,1544.0,1317.0,1317.0,1290.0,15100.0
2024-11-24,1290.0,1317.0,1288.0,1317.0,1268.1766357421875,15100.0,1412.9,1428.96,1501.56,1668.825,17.434210526315795,1478.78,-15.306666666666615,-11.99499999999989,-0.1584664536741213,1544.0,1317.0,1317.0,1290.0,15100.0
2024-11-25,1327.0,1328.0,1297.0,1299.0,1250.843994140625,28900.0,1403.05,1418.92,1499.64,1666.36,12.662337662337649,1472.52,-13.799999999999956,-12.045000000000073,-0.1956656346749226,1544.0,1317.0,1317.0,1290.0,15100.0
2024-11-26,1300.0,1339.0,1294.0,1322.0,1272.9913330078125,33500.0,1392.2,1412.64,1497.6666666666667,1663.915,22.14285714285716,1466.62,-12.199999999999818,-12.019999999999982,-0.1909424724602203,1544.0,1328.0,1299.0,1327.0,28900.0
2024-11-27,1317.0,1317.0,1290.0,1310.0,1261.4361572265625,23100.0,1380.5,1405.88,1495.92,1661.41,20.962199312714773,1461.2,-10.839999999999918,-12.230000000000018,-0.1982864137086903,1529.0,1339.0,1322.0,1300.0,33500.0
2024-11-28,1299.0,1338.0,1299.0,1337.0,1287.4351806640625,21100.0,1371.6,1400.2,1494.5333333333333,1659.04,32.47232472324724,1456.42,-9.533333333333305,-12.160000000000082,-0.1817625458996328,1529.0,1317.0,1310.0,1317.0,23100.0
2024-11-29,1340.0,1340.0,1273.0,1277.0,1229.659423828125,58600.0,1359.7,1392.12,1492.3466666666666,1656.255,34.920634920634924,1450.96,-9.213333333333368,-12.569999999999936,-0.1766602192134106,1529.0,1338.0,1337.0,1299.0,21100.0
2024-11-30,1340.0,1340.0,1273.0,1277.0,1229.659423828125,58600.0,1347.8,1383.36,1490.16,1653.355,34.920634920634924,1445.36,-9.480000000000018,-13.004999999999882,-0.2008760951188986,1529.0,1340.0,1277.0,1340.0,58600.0
2024-12-01,1340.0,1340.0,1273.0,1277.0,1229.659423828125,58600.0,1335.2,1372.88,1487.1733333333334,1650.745,34.920634920634924,1439.76,-10.49333333333334,-13.170000000000073,-0.1814102564102564,1479.0,1340.0,1277.0,1340.0,58600.0
2024-12-02,1283.0,1296.0,1267.0,1287.0,1239.288818359375,38700.0,1325.65,1362.6,1484.4,1648.495,43.946188340807176,1434.36,-11.519999999999982,-12.915000000000193,-0.2094594594594594,1479.0,1340.0,1277.0,1340.0,58600.0
2024-12-03,1294.0,1307.0,1291.0,1293.0,1245.0662841796875,29700.0,1316.35,1353.72,1481.44,1646.285,44.69026548672566,1429.08,-13.093333333333248,-12.754999999999882,-0.1978908188585607,1432.0,1296.0,1287.0,1283.0,38700.0
2024-12-04,1293.0,1299.0,1274.0,1275.0,1227.733642578125,20300.0,1308.5,1344.12,1477.5333333333333,1643.985,45.909090909090914,1422.98,-14.813333333333276,-12.27000000000021,-0.2090570719602977,1353.0,1307.0,1293.0,1294.0,29700.0
2024-12-05,1289.0,1289.0,1259.0,1263.0,1216.178466796875,23100.0,1304.0,1334.04,1473.4666666666667,1641.625,45.70135746606335,1417.4,-16.693333333333385,-11.730000000000018,-0.216501240694789,1353.0,1299.0,1275.0,1293.0,20300.0
2024-12-06,1263.0,1263.0,1232.0,1237.0,1191.142333984375,33600.0,1298.2,1322.36,1469.0533333333333,1638.93,31.13207547169812,1411.86,-18.12000000000012,-11.814999999999827,-0.2350030921459492,1353.0,1289.0,1263.0,1289.0,23100.0
2024-12-07,1263.0,1263.0,1232.0,1237.0,1191.142333984375,33600.0,1292.4,1312.72,1464.64,1636.115,31.13207547169812,1406.28,-19.75999999999999,-12.379999999999882,-0.217583807716635,1337.0,1263.0,1237.0,1263.0,33600.0
2024-12-08,1263.0,1263.0,1232.0,1237.0,1191.142333984375,33600.0,1288.55,1303.04,1460.1333333333334,1633.3,31.13207547169812,1400.7,-21.30666666666661,-12.985000000000127,-0.2151015228426396,1337.0,1263.0,1237.0,1263.0,33600.0
2024-12-09,1240.0,1254.0,1231.0,1244.0,1197.8828125,23100.0,1284.9,1295.52,1455.8533333333332,1630.525,36.318407960199,1395.26,-21.680000000000064,-13.459999999999807,-0.1974193548387096,1337.0,1263.0,1237.0,1263.0,33600.0
2024-12-10,1245.0,1268.0,1243.0,1253.0,1206.5491943359375,29400.0,1282.9,1291.52,1451.0266666666666,1627.655,31.55080213903743,1389.78,-22.44000000000005,-13.970000000000027,-0.195247270391779,1337.0,1254.0,1244.0,1240.0,23100.0
2024-12-11,1253.0,1254.0,1188.0,1210.0,1165.143310546875,87100.0,1279.3,1285.8,1445.3733333333332,1624.57,27.064220183486228,1384.26,-23.680000000000064,-14.360000000000127,-0.2228644829800898,1337.0,1268.0,1253.0,1245.0,29400.0
2024-12-12,1221.0,1221.0,1150.0,1165.0,1121.8115234375,112000.0,1271.7,1278.28,1439.12,1621.26,13.559322033898296,1377.96,-25.52000000000021,-14.855000000000018,-0.2517662170841361,1337.0,1254.0,1210.0,1253.0,87100.0
2024-12-13,1160.0,1166.0,1141.0,1144.0,1101.5899658203125,61300.0,1263.05,1271.48,1432.5866666666666,1617.8,16.243654822335017,1371.38,-27.54666666666685,-15.5,-0.2652536929993577,1337.0,1221.0,1165.0,1221.0,112000.0
2024-12-14,1160.0,1166.0,1141.0,1144.0,1101.5899658203125,61300.0,1254.4,1264.56,1427.16,1614.285,16.243654822335017,1365.2,-28.69333333333316,-16.24000000000001,-0.2759493670886076,1337.0,1166.0,1144.0,1160.0,61300.0
2024-12-15,1160.0,1166.0,1141.0,1144.0,1101.5899658203125,61300.0,1246.65,1258.6,1421.1066666666666,1611.24,16.243654822335017,1359.02,-29.92000000000008,-16.414999999999964,-0.2581063553826199,1337.0,1166.0,1144.0,1160.0,61300.0
2024-12-16,1153.0,1197.0,1143.0,1190.0,1145.8846435546875,41300.0,1240.05,1254.92,1416.1733333333334,1608.195,29.18454935622317,1353.76,-29.19999999999981,-16.375,-0.214002642007926,1337.0,1166.0,1144.0,1160.0,61300.0
2024-12-17,1172.0,1187.0,1146.0,1166.0,1122.7744140625,61500.0,1232.85,1248.88,1410.013333333333,1604.655,24.701195219123505,1347.04,-29.10666666666657,-16.605000000000018,-0.2308707124010554,1337.0,1197.0,1190.0,1153.0,41300.0
2024-12-18,1176.0,1184.0,1166.0,1166.0,1122.7744140625,17200.0,1224.3,1242.84,1404.0666666666666,1601.115,26.60944206008584,1340.08,-28.519999999999985,-16.684999999999945,-0.2308707124010554,1293.0,1187.0,1166.0,1172.0,61500.0
2024-12-19,1142.0,1145.0,1119.0,1125.0,1083.2943115234375,55800.0,1216.7,1235.16,1397.5733333333333,1597.37,23.66412213740459,1332.06,-29.58666666666681,-16.91500000000019,-0.2579155672823219,1293.0,1184.0,1166.0,1176.0,17200.0
2024-12-20,1138.0,1153.0,1120.0,1136.0,1093.8865966796875,54800.0,1209.65,1228.64,1391.2266666666667,1593.66,29.554655870445345,1323.78,-29.87999999999988,-17.579999999999927,-0.2560576293385723,1293.0,1145.0,1125.0,1142.0,55800.0
2024-12-21,1138.0,1153.0,1120.0,1136.0,1093.8865966796875,54800.0,1202.6,1221.2,1384.8133333333333,1590.135,29.554655870445345,1316.92,-31.360000000000127,-18.059999999999945,-0.2355316285329743,1293.0,1153.0,1136.0,1138.0,54800.0
2024-12-22,1138.0,1153.0,1120.0,1136.0,1093.8865966796875,54800.0,1195.05,1214.24,1378.88,1586.56,29.554655870445345,1310.06,-31.13333333333321,-18.095000000000027,-0.2324324324324324,1293.0,1153.0,1136.0,1138.0,54800.0
2024-12-23,1129.0,1190.0,1129.0,1190.0,1145.8846435546875,39100.0,1189.9,1208.36,1373.7333333333331,1583.4,40.81632653061224,1304.28,-30.333333333333258,-17.714999999999918,-0.1921249151391717,1275.0,1153.0,1136.0,1138.0,54800.0
2024-12-24,1189.0,1217.0,1188.0,1207.0,1162.2545166015625,60600.0,1186.5,1205.56,1369.16,1580.39,42.3841059602649,1298.84,-28.413333333333185,-16.97999999999979,-0.1693048864418445,1263.0,1190.0,1190.0,1129.0,39100.0
2024-12-25,1219.0,1219.0,1178.0,1197.0,1152.6251220703125,34300.0,1183.2,1202.36,1364.36,1577.33,47.58364312267658,1292.86,-26.866666666666788,-16.330000000000155,-0.17618719889883,1253.0,1217.0,1207.0,1189.0,60600.0
2024-12-26,1187.0,1205.0,1183.0,1193.0,1148.7734375,66400.0,1181.0,1199.0,1359.506666666667,1574.25,56.14035087719298,1285.94,-25.30666666666661,-15.884999999999993,-0.1789401238816242,1253.0,1219.0,1197.0,1219.0,34300.0
2024-12-27,1187.0,1215.0,1172.0,1215.0,1169.9580078125,57800.0,1179.9,1196.12,1354.9466666666667,1571.06,65.50218340611353,1279.36,-23.9333333333334,-15.5,-0.1910785619174434,1253.0,1205.0,1193.0,1187.0,66400.0
2024-12-28,1187.0,1215.0,1172.0,1215.0,1169.9580078125,57800.0,1178.8,1193.0,1350.3866666666668,1567.955,65.50218340611353,1273.36,-23.34666666666658,-15.445000000000164,-0.1974900924702773,1253.0,1215.0,1215.0,1187.0,57800.0
2024-12-29,1187.0,1215.0,1172.0,1215.0,1169.9580078125,57800.0,1177.35,1190.6,1345.52,1564.995,65.50218340611353,1267.36,-23.6400000000001,-15.39500000000021,-0.2038007863695937,1253.0,1215.0,1215.0,1187.0,57800.0
2024-12-30,1232.0,1239.0,1201.0,1226.0,1180.5501708984375,39500.0,1176.0,1189.12,1341.3066666666666,1562.235,59.27835051546391,1261.58,-23.053333333333285,-15.095000000000027,-0.209032258064516,1226.0,1215.0,1215.0,1187.0,57800.0
2024-12-31,1232.0,1239.0,1201.0,1226.0,1180.5501708984375,39500.0,1176.8,1188.68,1337.4666666666667,1558.895,67.64705882352942,1255.52,-22.039999999999964,-15.355000000000018,-0.1710615280594997,1226.0,1239.0,1226.0,1232.0,39500.0
2025-01-01,1232.0,1239.0,1201.0,1226.0,1180.5501708984375,39500.0,1179.85,1188.24,1333.6,1555.555,67.64705882352942,1250.48,-21.34666666666681,-15.504999999999882,-0.1710615280594997,1226.0,1239.0,1226.0,1232.0,39500.0
2025-01-02,1232.0,1239.0,1201.0,1226.0,1180.5501708984375,39500.0,1183.95,1187.8,1329.7333333333331,1552.215,89.14728682170542,1245.42,-20.65333333333342,-15.740000000000007,-0.1710615280594997,1226.0,1239.0,1226.0,1232.0,39500.0
2025-01-03,1232.0,1239.0,1201.0,1226.0,1180.5501708984375,39500.0,1188.05,1187.08,1325.8666666666666,1549.095,88.13559322033899,1241.3,-19.65333333333342,-15.899999999999864,-0.1710615280594997,1226.0,1239.0,1226.0,1232.0,39500.0
2025-01-04,1232.0,1239.0,1201.0,1226.0,1180.5501708984375,39500.0,1192.15,1186.0,1321.8533333333332,1545.97,88.13559322033899,1238.76,-19.453333333333376,-16.264999999999873,-0.1804812834224599,1226.0,1239.0,1226.0,1232.0,39500.0
2025-01-05,1232.0,1239.0,1201.0,1226.0,1180.5501708984375,39500.0,1193.95,1186.64,1318.3866666666668,1542.94,88.13559322033899,1236.22,-19.079999999999927,-15.954999999999927,-0.2033788174139051,1226.0,1239.0,1226.0,1232.0,39500.0
2025-01-06,1218.0,1219.0,1151.0,1151.0,1108.3304443359375,64100.0,1193.2,1186.08,1314.0,1539.26,35.97122302158273,1232.18,-19.59999999999991,-16.295000000000073,-0.2545336787564767,1226.0,1239.0,1226.0,1232.0,39500.0
2025-01-07,1175.0,1180.0,1152.0,1169.0,1125.663330078125,37600.0,1193.35,1187.08,1309.9466666666667,1535.81,36.42857142857143,1229.28,-19.78666666666664,-16.404999999999973,-0.2283828382838284,1226.0,1219.0,1151.0,1218.0,64100.0
2025-01-08,1164.0,1209.0,1156.0,1207.0,1162.2545166015625,53700.0,1197.45,1189.6,1306.6666666666667,1532.55,52.97619047619048,1227.08,-19.19999999999981,-16.545000000000073,-0.2033003300330033,1226.0,1180.0,1169.0,1175.0,37600.0
2025-01-09,1208.0,1208.0,1183.0,1184.0,1140.107177734375,38600.0,1199.85,1191.2,1303.08,1529.175,47.593582887700535,1224.9,-18.773333333333312,-16.795000000000073,-0.2184818481848185,1226.0,1209.0,1207.0,1164.0,53700.0
2025-01-10,1181.0,1181.0,1166.0,1166.0,1122.7744140625,14600.0,1201.35,1190.24,1299.253333333333,1525.71,36.61202185792349,1222.58,-19.13333333333344,-17.230000000000018,-0.237410071942446,1226.0,1208.0,1184.0,1208.0,38600.0
2025-01-11,1181.0,1181.0,1166.0,1166.0,1122.7744140625,14600.0,1202.85,1190.24,1294.7733333333333,1522.0,36.61202185792349,1219.56,-19.226666666666688,-17.25999999999999,-0.2110960757780784,1226.0,1181.0,1166.0,1181.0,14600.0
2025-01-12,1181.0,1181.0,1166.0,1166.0,1122.7744140625,14600.0,1201.65,1190.24,1290.1333333333334,1518.25,36.61202185792349,1216.54,-19.81333333333328,-17.559999999999945,-0.211629479377958,1226.0,1181.0,1166.0,1181.0,14600.0
2025-01-13,1181.0,1181.0,1166.0,1166.0,1122.7744140625,14600.0,1199.6,1191.88,1285.3333333333333,1514.895,32.55813953488372,1213.52,-21.333333333333485,-17.654999999999973,-0.185754189944134,1226.0,1181.0,1166.0,1181.0,14600.0
2025-01-14,1166.0,1166.0,1125.0,1127.0,1085.2203369140625,40100.0,1196.1,1191.52,1279.6933333333334,1511.18,26.54028436018957,1210.08,-23.386666666666542,-17.99499999999989,-0.1670362158167035,1226.0,1181.0,1166.0,1181.0,14600.0
2025-01-15,1144.0,1144.0,1116.0,1119.0,1077.516845703125,30000.0,1192.4,1190.84,1274.8933333333334,1507.425,25.57077625570777,1206.02,-24.3599999999999,-18.28500000000008,-0.1729490022172949,1226.0,1166.0,1127.0,1166.0,40100.0
2025-01-16,1144.0,1147.0,1117.0,1120.0,1078.479736328125,25600.0,1187.65,1190.2,1270.1066666666666,1503.675,25.909090909090907,1202.22,-24.666666666666742,-18.325000000000045,-0.172209903917221,1226.0,1144.0,1119.0,1144.0,30000.0
2025-01-17,1120.0,1129.0,1111.0,1120.0,1078.479736328125,17800.0,1182.9,1187.4,1265.32,1500.08,25.909090909090907,1197.88,-24.813333333333503,-18.17000000000008,-0.1476407914764079,1226.0,1147.0,1120.0,1144.0,25600.0
2025-01-18,1120.0,1129.0,1111.0,1120.0,1078.479736328125,17800.0,1178.15,1183.92,1260.5333333333333,1496.57,25.909090909090907,1194.74,-24.799999999999955,-18.325000000000045,-0.14958238420653,1226.0,1129.0,1120.0,1120.0,17800.0
2025-01-19,1120.0,1129.0,1111.0,1120.0,1078.479736328125,17800.0,1172.85,1180.84,1255.52,1492.975,25.909090909090907,1191.6,-24.173333333333403,-18.205000000000155,-0.1337973704563031,1226.0,1129.0,1120.0,1120.0,17800.0
2025-01-20,1148.0,1195.0,1148.0,1195.0,1150.6993408203125,35600.0,1171.3,1180.92,1250.9333333333334,1489.7,60.0,1189.96,-23.96000000000004,-17.72499999999991,-0.0678627145085803,1226.0,1129.0,1120.0,1120.0,17800.0
2025-01-21,1189.0,1189.0,1163.0,1166.0,1122.7744140625,16700.0,1168.3,1178.96,1245.8933333333334,1486.345,49.35064935064935,1187.54,-24.21333333333314,-17.329999999999927,-0.1146545178435839,1226.0,1195.0,1195.0,1148.0,35600.0
2025-01-22,1170.0,1182.0,1166.0,1168.0,1124.7003173828125,13000.0,1165.4,1177.08,1241.2666666666669,1483.0,39.99999999999999,1185.04,-24.053333333333285,-17.079999999999927,-0.1131359149582383,1226.0,1189.0,1166.0,1189.0,16700.0
2025-01-23,1169.0,1169.0,1145.0,1151.0,1108.3304443359375,33000.0,1161.65,1174.52,1236.4133333333334,1479.57,41.26984126984127,1182.56,-24.11999999999989,-17.0,-0.126044039483675,1226.0,1182.0,1168.0,1170.0,13000.0
2025-01-24,1169.0,1183.0,1150.0,1163.0,1119.8856201171875,27500.0,1158.5,1172.0,1231.72,1476.26,49.18032786885246,1180.56,-23.799999999999955,-16.714999999999918,-0.1046959199384142,1226.0,1169.0,1151.0,1169.0,33000.0
2025-01-25,1169.0,1183.0,1150.0,1163.0,1119.8856201171875,27500.0,1155.35,1169.48,1226.84,1472.795,49.18032786885246,1179.08,-24.09333333333348,-16.904999999999973,-0.1202723146747352,1207.0,1183.0,1163.0,1169.0,27500.0
2025-01-26,1169.0,1183.0,1150.0,1163.0,1119.8856201171875,27500.0,1155.95,1166.96,1222.64,1469.235,49.18032786885246,1177.6,-23.25333333333333,-17.110000000000127,-0.1122137404580152,1207.0,1183.0,1163.0,1169.0,27500.0
2025-01-27,1171.0,1194.0,1171.0,1181.0,1137.21826171875,11300.0,1156.55,1165.16,1218.6666666666667,1465.485,53.731343283582085,1176.48,-22.59999999999991,-17.5150000000001,-0.1166791323859386,1207.0,1183.0,1163.0,1169.0,27500.0
2025-01-28,1188.0,1195.0,1174.0,1186.0,1142.032958984375,17400.0,1155.5,1163.56,1215.3866666666668,1461.79,67.66467065868264,1175.32,-21.02666666666664,-17.779999999999973,-0.0712607674236491,1195.0,1194.0,1181.0,1171.0,11300.0
2025-01-29,1188.0,1192.0,1172.0,1183.0,1139.144287109375,16500.0,1155.45,1161.84,1213.12,1458.08,69.75308641975309,1173.92,-18.600000000000136,-18.180000000000064,-0.0736100234925607,1195.0,1195.0,1186.0,1188.0,17400.0
2025-01-30,1187.0,1187.0,1176.0,1178.0,1134.32958984375,12400.0,1156.05,1159.92,1210.7866666666666,1454.345,67.46987951807229,1173.28,-16.053333333333285,-18.450000000000045,-0.0775254502740798,1195.0,1192.0,1183.0,1188.0,16500.0
2025-01-31,1198.0,1198.0,1171.0,1175.0,1131.4407958984375,11800.0,1156.5,1160.88,1208.4133333333334,1450.595,66.27218934911242,1173.48,-14.226666666666688,-18.63999999999988,-0.087024087024087,1195.0,1187.0,1178.0,1187.0,12400.0
2025-02-01,1198.0,1198.0,1171.0,1175.0,1131.4407958984375,11800.0,1156.95,1161.12,1206.56,1446.515,66.27218934911242,1174.1,-12.106666666666795,-18.9699999999998,-0.091260634184068,1195.0,1198.0,1175.0,1198.0,11800.0
2025-02-02,1198.0,1198.0,1171.0,1175.0,1131.4407958984375,11800.0,1157.4,1159.84,1204.6666666666667,1442.365,66.27218934911242,1174.72,-10.720000000000027,-19.424999999999955,-0.0784313725490196,1195.0,1198.0,1175.0,1198.0,11800.0
2025-02-03,1156.0,1156.0,1125.0,1125.0,1083.2943115234375,32400.0,1157.3,1157.48,1202.4266666666667,1438.02,25.694444444444443,1174.34,-10.693333333333156,-20.059999999999945,-0.1092636579572446,1195.0,1198.0,1175.0,1198.0,11800.0
2025-02-04,1155.0,1155.0,1127.0,1127.0,1085.2203369140625,16000.0,1157.7,1155.92,1200.36,1433.87,33.33333333333333,1173.08,-10.426666666666732,-20.475000000000136,-0.0889248181083266,1195.0,1156.0,1125.0,1156.0,32400.0
2025-02-05,1131.0,1185.0,1131.0,1155.0,1112.1822509765625,35400.0,1159.45,1155.48,1198.2,1429.86,45.45454545454546,1172.86,-10.213333333333368,-20.735000000000127,-0.0662894098625707,1195.0,1155.0,1127.0,1155.0,16000.0
2025-02-06,1161.0,1213.0,1155.0,1211.0,1166.106201171875,82200.0,1164.0,1157.28,1196.7866666666666,1426.13,66.4835164835165,1173.76,-9.773333333333312,-20.38499999999999,-0.021018593371059,1211.0,1185.0,1155.0,1131.0,35400.0
2025-02-07,1199.0,1213.0,1193.0,1200.0,1155.5140380859375,20100.0,1168.0,1158.64,1195.2266666666667,1422.7,60.22099447513812,1175.26,-9.440000000000056,-19.664999999999964,-0.0353697749196141,1211.0,1213.0,1211.0,1161.0,82200.0
2025-02-08,1199.0,1213.0,1193.0,1200.0,1155.5140380859375,20100.0,1172.0,1161.56,1193.9066666666668,1419.265,60.22099447513812,1176.54,-8.519999999999982,-18.75499999999988,-0.0422984836392658,1211.0,1213.0,1200.0,1199.0,20100.0
2025-02-09,1199.0,1213.0,1193.0,1200.0,1155.5140380859375,20100.0,1172.25,1164.8,1192.28,1415.85,60.22099447513812,1177.82,-8.079999999999927,-18.019999999999985,-0.0082644628099173,1211.0,1213.0,1200.0,1199.0,20100.0
2025-02-10,1208.0,1210.0,1192.0,1192.0,1147.8106689453125,11600.0,1173.55,1167.68,1190.7066666666667,1412.63,53.216374269005854,1178.94,-7.493333333333339,-17.22999999999979,0.0231759656652359,1211.0,1213.0,1200.0,1199.0,20100.0
2025-02-11,1208.0,1210.0,1192.0,1192.0,1147.8106689453125,11600.0,1174.75,1170.56,1188.7733333333333,1409.48,51.807228915662655,1178.98,-8.013333333333321,-16.65000000000009,0.0419580419580418,1211.0,1210.0,1192.0,1208.0,11600.0
2025-02-12,1218.0,1218.0,1190.0,1199.0,1154.5511474609375,12600.0,1177.15,1173.72,1187.7333333333331,1406.365,54.70588235294118,1178.82,-7.493333333333339,-16.335000000000036,0.0480769230769231,1211.0,1210.0,1192.0,1208.0,11600.0
2025-02-13,1197.0,1205.0,1183.0,1196.0,1151.662353515625,10100.0,1178.8,1176.76,1186.6533333333334,1403.235,55.35714285714286,1178.8,-7.25333333333333,-16.0300000000002,0.0454545454545454,1211.0,1218.0,1199.0,1218.0,12600.0
2025-02-14,1214.0,1214.0,1190.0,1198.0,1153.588134765625,17000.0,1180.55,1176.88,1185.6,1399.82,56.88622754491018,1178.9,-6.680000000000064,-16.029999999999973,0.0067226890756302,1211.0,1205.0,1196.0,1197.0,10100.0
2025-02-15,1214.0,1214.0,1190.0,1198.0,1153.588134765625,17000.0,1182.3,1178.16,1184.4133333333334,1396.425,56.88622754491018,1178.56,-6.293333333333294,-16.205000000000155,0.0274442538593482,1211.0,1214.0,1198.0,1214.0,17000.0
2025-02-16,1214.0,1214.0,1190.0,1198.0,1153.588134765625,17000.0,1183.15,1179.36,1183.1466666666668,1392.58,56.88622754491018,1178.22,-5.626666666666552,-16.90000000000009,0.0274442538593482,1211.0,1214.0,1198.0,1214.0,17000.0
2025-02-17,1198.0,1240.0,1196.0,1225.0,1179.587158203125,60200.0,1185.1,1182.32,1182.48,1389.36,84.72222222222223,1178.42,-5.25333333333333,-17.00500000000011,0.0888888888888888,1225.0,1214.0,1198.0,1214.0,17000.0
2025-02-18,1238.0,1274.0,1236.0,1255.0,1208.47509765625,52100.0,1188.7,1186.0,1182.3733333333332,1387.285,87.20930232558139,1179.0,-4.2800000000002,-15.949999999999818,0.1047535211267605,1255.0,1240.0,1225.0,1198.0,60200.0
2025-02-19,1255.0,1313.0,1243.0,1265.0,1218.1043701171875,88000.0,1193.05,1190.08,1182.746666666667,1385.26,85.71428571428571,1179.78,-2.85333333333324,-14.559999999999944,0.113556338028169,1265.0,1274.0,1255.0,1238.0,52100.0
2025-02-20,1260.0,1313.0,1255.0,1309.0,1260.47314453125,73600.0,1199.75,1195.92,1183.7066666666667,1383.455,84.50704225352112,1181.44,-0.7066666666667061,-12.970000000000027,0.1522887323943662,1309.0,1313.0,1265.0,1255.0,88000.0
2025-02-21,1288.0,1299.0,1245.0,1266.0,1219.0672607421875,61400.0,1204.3,1199.32,1184.0933333333332,1383.415,68.9655172413793,1182.24,0.9466666666664878,-9.164999999999964,0.0638655462184873,1309.0,1313.0,1309.0,1260.0,73600.0
2025-02-22,1288.0,1299.0,1245.0,1266.0,1219.0672607421875,61400.0,1208.85,1202.52,1184.3866666666668,1382.24,68.9655172413793,1183.04,1.906666666666752,-7.119999999999891,0.0488815244407623,1309.0,1299.0,1266.0,1288.0,61400.0
2025-02-23,1288.0,1299.0,1245.0,1266.0,1219.0672607421875,61400.0,1215.9,1205.84,1184.56,1381.01,68.9655172413793,1183.84,2.1866666666667243,-6.275000000000091,0.0576441102756892,1309.0,1299.0,1266.0,1288.0,61400.0
2025-02-24,1288.0,1299.0,1245.0,1266.0,1219.0672607421875,61400.0,1222.85,1209.36,1185.3066666666666,1380.06,72.28915662650603,1184.64,2.559999999999945,-5.2000000000000455,0.0611902766135792,1309.0,1299.0,1266.0,1288.0,61400.0
2025-02-25,1247.0,1280.0,1225.0,1235.0,1189.2164306640625,59700.0,1226.85,1211.76,1186.24,1379.13,60.91370558375634,1186.32,2.533333333333303,-4.324999999999818,0.0164609053497941,1309.0,1299.0,1266.0,1288.0,61400.0
2025-02-26,1231.0,1285.0,1226.0,1237.0,1191.142333984375,60100.0,1228.15,1214.24,1187.48,1378.21,59.895833333333336,1187.68,3.3866666666667697,-5.204999999999927,0.0181069958847737,1309.0,1280.0,1235.0,1247.0,59700.0
2025-02-27,1241.0,1310.0,1241.0,1274.0,1226.7706298828125,69900.0,1231.85,1218.2,1189.2133333333334,1377.475,67.2566371681416,1189.02,4.826666666666597,-4.7650000000001,0.0485596707818929,1309.0,1285.0,1237.0,1231.0,60100.0
2025-02-28,1268.0,1280.0,1241.0,1267.0,1220.0301513671875,55200.0,1235.2,1223.88,1190.8533333333332,1376.705,64.93506493506493,1190.68,6.293333333333294,-4.305000000000064,0.0334420880913539,1309.0,1310.0,1274.0,1241.0,69900.0
2025-03-01,1268.0,1280.0,1241.0,1267.0,1220.0301513671875,55200.0,1238.55,1229.48,1191.88,1374.895,64.93506493506493,1192.7,6.573333333333494,-5.164999999999964,0.0334420880913539,1309.0,1280.0,1267.0,1268.0,55200.0
2025-03-02,1268.0,1280.0,1241.0,1267.0,1220.0301513671875,55200.0,1242.3,1233.96,1193.2266666666667,1373.055,64.93506493506493,1194.72,6.986666666666679,-6.0750000000000455,0.0334420880913539,1309.0,1280.0,1267.0,1268.0,55200.0
2025-03-03,1283.0,1291.0,1238.0,1251.0,1204.623291015625,49600.0,1245.25,1235.56,1194.36,1371.105,55.90909090909091,1196.42,6.879999999999882,-7.105000000000018,0.0203915171288744,1309.0,1280.0,1267.0,1268.0,55200.0
2025-03-04,1251.0,1251.0,1226.0,1240.0,1194.0311279296875,33500.0,1247.3,1237.16,1195.8933333333334,1368.805,46.26865671641792,1197.9,6.680000000000064,-8.669999999999845,0.0114192495921696,1309.0,1291.0,1251.0,1283.0,49600.0
2025-03-05,1240.0,1270.0,1238.0,1263.0,1216.178466796875,32300.0,1250.65,1239.68,1197.5866666666666,1366.62,49.53271028037383,1200.62,6.7333333333333485,-10.085000000000036,0.030179445350734,1309.0,1251.0,1240.0,1251.0,33500.0
2025-03-06,1268.0,1281.0,1259.0,1276.0,1228.6966552734375,29600.0,1254.55,1242.72,1199.4533333333334,1364.5,40.98360655737705,1203.76,7.573333333333267,-10.394999999999982,0.0407830342577488,1309.0,1270.0,1263.0,1240.0,32300.0
2025-03-07,1267.0,1286.0,1250.0,1283.0,1235.4371337890625,33500.0,1258.8,1246.36,1201.4133333333334,1362.57,55.78231292517007,1207.02,8.186666666666724,-10.485000000000127,0.1146828844483058,1309.0,1281.0,1276.0,1268.0,29600.0
2025-03-08,1267.0,1286.0,1250.0,1283.0,1235.4371337890625,33500.0,1263.05,1250.0,1202.6533333333334,1360.6,55.78231292517007,1210.28,8.293333333333521,-10.50500000000011,0.097519247219846,1309.0,1286.0,1283.0,1267.0,33500.0
2025-03-09,1267.0,1286.0,1250.0,1283.0,1235.4371337890625,33500.0,1265.95,1253.36,1203.6666666666667,1358.775,55.78231292517007,1213.54,7.773333333333312,-10.029999999999973,0.0629660314830158,1309.0,1286.0,1283.0,1267.0,33500.0
2025-03-10,1288.0,1308.0,1274.0,1276.0,1228.6966552734375,37700.0,1267.0,1256.56,1204.72,1356.905,53.24675324675325,1216.66,7.133333333333439,-9.714999999999918,0.0777027027027026,1309.0,1286.0,1283.0,1267.0,33500.0
2025-03-11,1247.0,1283.0,1226.0,1274.0,1226.7706298828125,48700.0,1267.45,1259.6,1205.8,1355.1,65.6,1218.24,6.346666666666579,-9.400000000000093,0.0926243567753002,1309.0,1308.0,1276.0,1288.0,37700.0
2025-03-12,1255.0,1277.0,1246.0,1274.0,1226.7706298828125,37200.0,1265.7,1262.64,1206.5866666666666,1353.295,65.04065040650406,1220.4,5.173333333333176,-9.274999999999864,0.0926243567753002,1283.0,1283.0,1274.0,1247.0,48700.0
2025-03-13,1283.0,1303.0,1261.0,1267.0,1220.0301513671875,18100.0,1265.75,1265.4,1207.28,1351.455,46.236559139784944,1222.38,4.626666666666552,-9.144999999999982,0.0866209262435677,1283.0,1277.0,1274.0,1255.0,37200.0
2025-03-14,1267.0,1283.0,1262.0,1274.0,1226.7706298828125,23100.0,1266.15,1267.36,1208.0666666666666,1349.685,53.76344086021506,1224.84,4.399999999999864,-9.090000000000146,0.0926243567753002,1283.0,1303.0,1267.0,1283.0,18100.0
2025-03-15,1267.0,1283.0,1262.0,1274.0,1226.7706298828125,23100.0,1266.55,1268.12,1208.7066666666667,1347.81,53.76344086021506,1227.06,3.986666666666679,-9.095000000000027,0.1304347826086955,1283.0,1283.0,1274.0,1267.0,23100.0
2025-03-16,1267.0,1283.0,1262.0,1274.0,1226.7706298828125,23100.0,1266.95,1268.48,1209.3466666666666,1346.04,53.76344086021506,1229.28,3.546666666666624,-9.059999999999944,0.1385165326184092,1283.0,1283.0,1274.0,1267.0,23100.0
2025-03-17,1295.0,1296.0,1275.0,1284.0,1236.4000244140625,15200.0,1269.4,1267.48,1210.12,1344.28,68.9655172413793,1231.7,3.533333333333303,-9.0150000000001,0.1464285714285713,1284.0,1283.0,1274.0,1267.0,23100.0
2025-03-18,1289.0,1322.0,1289.0,1294.0,1246.029296875,60000.0,1272.25,1268.6,1211.0266666666666,1342.505,81.3953488372093,1233.96,3.7466666666666697,-8.949999999999818,0.1553571428571427,1294.0,1296.0,1284.0,1295.0,15200.0
2025-03-19,1289.0,1306.0,1288.0,1297.0,1248.9180908203125,13700.0,1273.4,1269.84,1211.9733333333334,1340.745,75.75757575757575,1236.18,3.906666666666752,-8.940000000000055,0.1580357142857142,1297.0,1322.0,1294.0,1289.0,60000.0
2025-03-20,1289.0,1306.0,1288.0,1297.0,1248.9180908203125,13700.0,1274.9,1271.08,1212.92,1338.985,69.81132075471697,1238.46,4.213333333333367,-8.825000000000045,0.1580357142857142,1297.0,1306.0,1297.0,1289.0,13700.0
2025-03-21,1297.0,1300.0,1276.0,1288.0,1240.251708984375,30400.0,1275.95,1271.96,1213.746666666667,1337.145,54.54545454545455,1240.66,4.400000000000091,-8.894999999999982,0.0778242677824267,1297.0,1306.0,1297.0,1289.0,13700.0
2025-03-22,1297.0,1300.0,1276.0,1288.0,1240.251708984375,30400.0,1277.0,1274.08,1215.5733333333333,1335.2,54.54545454545455,1242.92,5.453333333333376,-9.079999999999927,0.1046312178387649,1297.0,1300.0,1288.0,1297.0,30400.0
2025-03-23,1297.0,1300.0,1276.0,1288.0,1240.251708984375,30400.0,1278.85,1276.12,1217.16,1333.74,54.54545454545455,1245.18,6.133333333333439,-8.7650000000001,0.1027397260273972,1297.0,1300.0,1288.0,1297.0,30400.0
2025-03-24,1297.0,1297.0,1267.0,1278.0,1230.6224365234375,25600.0,1280.75,1276.28,1218.1066666666666,1332.385,51.72413793103448,1247.24,6.133333333333212,-8.3599999999999,0.1103388357949608,1297.0,1300.0,1288.0,1297.0,30400.0
2025-03-25,1291.0,1292.0,1259.0,1259.0,1212.3267822265625,19500.0,1280.55,1275.96,1219.1066666666666,1330.93,39.99999999999999,1249.92,6.186666666666497,-8.054999999999836,0.0825451418744624,1297.0,1297.0,1278.0,1297.0,25600.0
2025-03-26,1286.0,1286.0,1261.0,1285.0,1237.3629150390625,15900.0,1281.0,1276.68,1220.6933333333334,1329.605,55.445544554455445,1253.08,6.946666666666715,-7.539999999999964,0.1049011177987961,1297.0,1292.0,1259.0,1291.0,19500.0
2025-03-27,1263.0,1294.0,1262.0,1294.0,1246.029296875,16800.0,1281.55,1277.76,1222.4,1328.325,63.10679611650485,1255.86,6.826666666666824,-6.875,0.112639724849527,1297.0,1286.0,1285.0,1286.0,15900.0
2025-03-28,1259.0,1269.0,1233.0,1258.0,1238.155517578125,38200.0,1280.3,1278.04,1223.6266666666668,1327.02,43.93939393939394,1256.8,6.466666666666697,-6.720000000000027,0.0651989839119391,1297.0,1294.0,1294.0,1263.0,16800.0
2025-03-29,1259.0,1269.0,1233.0,1258.0,1238.155517578125,38200.0,1279.05,1278.76,1224.8533333333332,1325.785,43.93939393939394,1257.96,6.74666666666667,-6.599999999999909,0.06070826306914,1297.0,1269.0,1258.0,1259.0,38200.0
2025-03-30,1259.0,1269.0,1233.0,1258.0,1238.155517578125,38200.0,1278.15,1278.56,1226.6,1324.86,43.93939393939394,1259.12,7.493333333333339,-6.070000000000164,0.0633981403212171,1297.0,1269.0,1258.0,1259.0,38200.0
2025-03-31,1230.0,1234.0,1193.0,1197.0,1178.11767578125,23200.0,1274.3,1275.4,1227.64,1323.495,26.229508196721312,1259.06,6.946666666666715,-6.110000000000127,0.0161290322580645,1297.0,1269.0,1258.0,1259.0,38200.0
2025-04-01,1210.0,1217.0,1195.0,1195.0,1176.1492919921875,23700.0,1270.35,1271.88,1228.64,1322.265,21.714285714285708,1259.12,6.240000000000009,-6.059999999999945,0.0170212765957447,1297.0,1234.0,1197.0,1230.0,23200.0
2025-04-02,1214.0,1215.0,1185.0,1192.0,1173.1966552734375,19600.0,1266.6,1268.24,1229.6,1321.02,20.0,1259.12,5.97333333333313,-6.0,0.0144680851063829,1297.0,1217.0,1195.0,1210.0,23700.0
2025-04-03,1134.0,1168.0,1133.0,1149.0,1130.8748779296875,31200.0,1260.35,1262.88,1229.986666666667,1319.56,16.055045871559628,1258.12,5.133333333333439,-6.225000000000136,-0.022127659574468,1297.0,1215.0,1192.0,1214.0,19600.0
2025-04-04,1119.0,1122.0,1033.0,1043.0,1026.5469970703125,80300.0,1248.8,1253.56,1228.96,1317.57,11.111111111111114,1255.06,2.360000000000128,-7.289999999999964,-0.0728888888888888,1297.0,1168.0,1149.0,1134.0,31200.0
2025-04-05,1119.0,1122.0,1033.0,1043.0,1026.5469970703125,80300.0,1237.25,1244.32,1226.9333333333334,1315.28,11.111111111111114,1251.96,-0.7066666666667061,-8.214999999999918,-0.0745341614906832,1297.0,1122.0,1043.0,1119.0,80300.0
2025-04-06,1119.0,1122.0,1033.0,1043.0,1026.5469970703125,80300.0,1225.2,1235.08,1225.2933333333333,1313.02,11.111111111111114,1248.86,-3.346666666666806,-9.245000000000118,-0.0969696969696969,1297.0,1122.0,1043.0,1119.0,80300.0
2025-04-07,983.0,983.0,919.0,919.0,904.5030517578124,101500.0,1206.45,1221.16,1221.9733333333334,1310.04,8.158508158508155,1243.28,-7.626666666666551,-10.980000000000018,-0.2411230388109001,1297.0,1122.0,1043.0,1119.0,80300.0
2025-04-08,960.0,1018.0,960.0,985.0,969.4619750976562,68800.0,1190.85,1209.6,1219.76,1307.125,21.21848739495799,1238.48,-10.226666666666688,-12.434999999999944,-0.1791666666666667,1297.0,983.0,919.0,983.0,101500.0
2025-04-09,955.0,983.0,943.0,974.0,958.635498046875,45000.0,1174.7,1197.6,1217.24,1304.155,16.268980477223423,1232.86,-11.720000000000027,-13.414999999999964,-0.1883333333333333,1294.0,1018.0,985.0,960.0,68800.0
2025-04-10,1094.0,1094.0,1037.0,1060.0,1043.27880859375,39000.0,1163.3,1189.04,1215.8666666666666,1301.615,28.25278810408922,1228.76,-11.066666666666832,-13.664999999999964,-0.1166666666666667,1294.0,983.0,974.0,955.0,45000.0
2025-04-11,1001.0,1077.0,1000.0,1077.0,1060.0107421875,45700.0,1152.75,1180.76,1214.72,1299.16,32.5626204238921,1224.12,-10.573333333333268,-13.8599999999999,-0.0964765100671141,1294.0,1094.0,1060.0,1094.0,39000.0
2025-04-12,1001.0,1077.0,1000.0,1077.0,1060.0107421875,45700.0,1142.2,1172.08,1213.3333333333333,1296.67,32.5626204238921,1220.34,-8.6400000000001,-13.36999999999989,-0.0964765100671141,1294.0,1077.0,1077.0,1001.0,45700.0
2025-04-13,1001.0,1077.0,1000.0,1077.0,1060.0107421875,45700.0,1132.15,1163.28,1211.88,1294.23,32.5626204238921,1216.56,-7.879999999999882,-12.894999999999982,-0.1017514595496247,1294.0,1077.0,1077.0,1001.0,45700.0
2025-04-14,1078.0,1102.0,1061.0,1063.0,1046.2315673828125,24800.0,1122.35,1153.92,1210.28,1291.47,35.80508474576271,1212.5,-6.960000000000036,-12.684999999999944,-0.1112040133779264,1294.0,1077.0,1077.0,1001.0,45700.0
2025-04-15,1093.0,1101.0,1066.0,1075.0,1058.042236328125,17600.0,1111.85,1145.4,1208.9066666666668,1288.675,37.55186721991701,1208.68,-6.959999999999809,-12.940000000000056,-0.1026711185308848,1294.0,1102.0,1063.0,1078.0,24800.0
2025-04-16,1070.0,1071.0,1045.0,1050.0,1033.4366455078125,12100.0,1099.65,1135.88,1207.24,1285.755,35.912698412698404,1204.98,-7.480000000000018,-13.404999999999973,-0.1235392320534223,1258.0,1101.0,1075.0,1093.0,17600.0
2025-04-17,1059.0,1077.0,1053.0,1075.0,1058.042236328125,22600.0,1090.5,1127.36,1205.9066666666668,1282.96,42.38683127572017,1201.74,-7.426666666666506,-13.710000000000036,-0.1026711185308848,1258.0,1071.0,1050.0,1070.0,12100.0
2025-04-18,1075.0,1110.0,1075.0,1098.0,1080.679443359375,27900.0,1082.5,1120.16,1204.88,1280.695,56.82382133995038,1198.22,-7.0,-13.535000000000082,-0.1036734693877551,1258.0,1077.0,1075.0,1059.0,22600.0
2025-04-19,1075.0,1110.0,1075.0,1098.0,1080.679443359375,27900.0,1074.5,1113.72,1204.52,1278.195,56.82382133995038,1194.84,-5.759999999999991,-13.275000000000093,-0.1250996015936255,1197.0,1110.0,1098.0,1075.0,27900.0
2025-04-20,1075.0,1110.0,1075.0,1098.0,1080.679443359375,27900.0,1069.55,1106.24,1204.1333333333334,1275.885,56.82382133995038,1191.46,-4.773333333333312,-12.789999999999964,-0.1320158102766798,1195.0,1110.0,1098.0,1075.0,27900.0
2025-04-21,1100.0,1145.0,1098.0,1131.0,1113.1588134765625,43600.0,1066.35,1099.72,1203.8133333333333,1273.4,83.97435897435898,1188.74,-3.4266666666667334,-12.355000000000018,-0.1359816653934301,1192.0,1110.0,1098.0,1075.0,27900.0
2025-04-22,1131.0,1171.0,1131.0,1158.0,1139.73291015625,34400.0,1064.65,1095.72,1203.1066666666666,1271.13,81.6849816849817,1186.88,-2.800000000000182,-11.829999999999927,-0.0853080568720379,1158.0,1145.0,1131.0,1100.0,43600.0
2025-04-23,1175.0,1213.0,1171.0,1201.0,1182.0545654296875,42700.0,1067.25,1093.44,1203.12,1269.075,87.21311475409836,1186.1,-1.7600000000002185,-11.61999999999989,-0.051342812006319,1201.0,1171.0,1158.0,1131.0,34400.0
2025-04-24,1201.0,1216.0,1185.0,1191.0,1172.21240234375,16600.0,1074.65,1090.76,1203.0,1266.97,78.60262008733625,1184.66,-1.5199999999999818,-11.224999999999907,-0.0592417061611374,1201.0,1213.0,1201.0,1175.0,42700.0
2025-04-25,1207.0,1217.0,1193.0,1205.0,1185.9915771484375,12700.0,1082.75,1091.08,1203.0666666666666,1264.91,78.31858407079646,1183.24,-1.0666666666668334,-10.974999999999907,-0.0481832543443917,1205.0,1216.0,1191.0,1201.0,16600.0
2025-04-26,1207.0,1217.0,1193.0,1205.0,1185.9915771484375,12700.0,1090.85,1091.48,1203.24,1263.03,78.31858407079646,1181.68,-0.5733333333332666,-10.370000000000118,-0.0242914979757085,1205.0,1217.0,1205.0,1207.0,12700.0
2025-04-27,1207.0,1217.0,1193.0,1205.0,1185.9915771484375,12700.0,1105.15,1092.0,1203.4133333333334,1261.175,78.31858407079646,1180.12,0.3066666666668425,-9.955000000000156,-0.0258690379951495,1205.0,1217.0,1205.0,1207.0,12700.0
2025-04-28,1217.0,1220.0,1197.0,1197.0,1178.11767578125,28000.0,1115.75,1093.92,1203.3866666666668,1259.41,80.45454545454545,1178.4,0.2666666666668789,-9.664999999999964,-0.0604395604395604,1205.0,1217.0,1205.0,1207.0,12700.0
2025-04-29,1217.0,1220.0,1197.0,1197.0,1178.11767578125,28000.0,1126.9,1100.08,1203.4,1257.61,79.32692307692308,1176.82,0.4000000000000909,-9.360000000000127,-0.0552486187845303,1205.0,1220.0,1197.0,1217.0,28000.0
2025-04-30,1227.0,1227.0,1184.0,1186.0,1167.291259765625,21800.0,1133.2,1105.8,1203.24,1255.755,85.05154639175258,1175.06,0.173333333333403,-9.154999999999973,-0.0639305445935279,1205.0,1220.0,1197.0,1217.0,28000.0
2025-05-01,1176.0,1176.0,1158.0,1163.0,1144.654052734375,12200.0,1137.5,1110.6,1202.7733333333333,1253.785,72.91666666666666,1172.84,-0.466666666666697,-9.24499999999989,-0.0820836621941594,1205.0,1227.0,1186.0,1227.0,21800.0
2025-05-02,1172.0,1172.0,1126.0,1159.0,1140.7171630859375,20600.0,1141.6,1120.2,1202.253333333333,1251.795,67.63005780346822,1170.68,-1.160000000000082,-9.379999999999882,-0.0735411670663469,1205.0,1176.0,1163.0,1176.0,12200.0
2025-05-03,1172.0,1172.0,1126.0,1159.0,1140.7171630859375,20600.0,1145.7,1127.16,1201.3733333333332,1249.69,67.63005780346822,1168.38,-2.0133333333335486,-9.720000000000027,-0.0653225806451612,1205.0,1172.0,1159.0,1172.0,20600.0
2025-05-04,1172.0,1172.0,1126.0,1159.0,1140.7171630859375,20600.0,1150.5,1134.56,1200.0933333333332,1247.775,67.63005780346822,1166.08,-3.3066666666668425,-9.834999999999807,-0.0823436262866191,1205.0,1172.0,1159.0,1172.0,20600.0
2025-05-05,1172.0,1172.0,1126.0,1159.0,1140.7171630859375,20600.0,1154.7,1138.52,1198.68,1246.0,60.0,1163.78,-4.559999999999945,-9.75500000000011,-0.091692789968652,1205.0,1172.0,1159.0,1172.0,20600.0
2025-05-06,1172.0,1172.0,1126.0,1159.0,1140.7171630859375,20600.0,1160.15,1141.8,1196.68,1244.215,50.4424778761062,1161.28,-6.093333333333248,-9.570000000000164,-0.0966484801247077,1205.0,1172.0,1159.0,1172.0,20600.0
2025-05-07,1159.0,1170.0,1141.0,1166.0,1147.606689453125,12000.0,1164.7,1145.36,1195.3466666666666,1242.465,27.272727272727263,1158.72,-6.906666666666752,-9.330000000000156,-0.0911925175370226,1205.0,1172.0,1159.0,1172.0,20600.0
2025-05-08,1150.0,1177.0,1150.0,1160.0,1141.701416015625,10800.0,1167.8,1148.68,1193.9333333333334,1240.685,28.767123287671225,1155.98,-7.439999999999827,-9.00500000000011,-0.0958690568978956,1205.0,1170.0,1166.0,1159.0,12000.0
2025-05-09,1180.0,1190.0,1169.0,1183.0,1164.338623046875,23800.0,1172.05,1153.48,1192.8266666666666,1238.965,36.58536585365854,1153.7,-7.2666666666666515,-8.810000000000173,-0.0728840125391849,1205.0,1177.0,1160.0,1150.0,10800.0
2025-05-10,1180.0,1190.0,1169.0,1183.0,1164.338623046875,23800.0,1176.3,1157.8,1191.72,1237.45,36.58536585365854,1151.6,-6.960000000000036,-8.549999999999955,-0.0714285714285714,1205.0,1190.0,1183.0,1180.0,23800.0
2025-05-11,1180.0,1190.0,1169.0,1183.0,1164.338623046875,23800.0,1178.9,1163.12,1191.0266666666666,1235.965,36.58536585365854,1149.5,-5.653333333333421,-8.25,-0.0714285714285714,1205.0,1190.0,1183.0,1180.0,23800.0
2025-05-12,1179.0,1210.0,1153.0,1169.0,1150.5594482421875,161700.0,1179.45,1166.88,1190.12,1234.445,34.09090909090909,1147.12,-5.226666666666688,-8.019999999999982,-0.0773480662983425,1205.0,1190.0,1183.0,1180.0,23800.0
2025-05-13,1172.0,1196.0,1172.0,1173.0,1154.496337890625,16800.0,1178.05,1169.88,1188.7733333333333,1233.045,36.95652173913044,1145.02,-5.160000000000082,-7.639999999999873,-0.0792778649921507,1205.0,1210.0,1169.0,1179.0,161700.0
2025-05-14,1172.0,1186.0,1146.0,1162.0,1143.6697998046875,22600.0,1176.6,1172.44,1187.3733333333332,1231.59,36.95652173913044,1143.08,-5.453333333333376,-7.375,-0.0879120879120879,1205.0,1196.0,1173.0,1172.0,16800.0
2025-05-15,1142.0,1175.0,1125.0,1127.0,1109.221923828125,23900.0,1172.7,1173.6,1185.506666666667,1229.96,32.69230769230769,1139.92,-6.213333333333367,-7.490000000000009,-0.1153846153846154,1205.0,1186.0,1162.0,1172.0,22600.0
2025-05-16,1121.0,1125.0,1102.0,1107.0,1089.5374755859375,15800.0,1167.8,1172.64,1183.3733333333332,1227.985,28.33333333333333,1136.18,-7.653333333333421,-7.980000000000018,-0.1378504672897196,1205.0,1175.0,1127.0,1142.0,23900.0
2025-05-17,1121.0,1125.0,1102.0,1107.0,1089.5374755859375,15800.0,1162.9,1170.6,1181.4533333333334,1225.95,28.33333333333333,1133.16,-8.666666666666515,-8.49499999999989,-0.1445131375579598,1197.0,1125.0,1107.0,1121.0,15800.0
2025-05-18,1121.0,1125.0,1102.0,1107.0,1089.5374755859375,15800.0,1158.4,1166.84,1179.68,1223.855,28.33333333333333,1130.14,-9.093333333333248,-9.190000000000056,-0.1464919043947571,1197.0,1125.0,1107.0,1121.0,15800.0
2025-05-19,1103.0,1103.0,1083.0,1092.0,1074.7740478515625,16900.0,1153.15,1162.88,1177.4,1221.565,25.185185185185176,1126.82,-9.97333333333313,-10.024999999999864,-0.1580570547417116,1186.0,1125.0,1107.0,1121.0,15800.0
2025-05-20,1091.0,1100.0,1082.0,1083.0,1065.916015625,16700.0,1148.0,1158.0,1174.8266666666666,1219.585,23.611111111111114,1124.54,-10.680000000000064,-10.375,-0.1591614906832298,1183.0,1103.0,1092.0,1103.0,16900.0
2025-05-21,1083.0,1098.0,1082.0,1082.0,1064.9317626953125,13300.0,1143.95,1153.08,1172.1466666666668,1217.6,19.565217391304344,1122.28,-11.22666666666646,-10.384999999999993,-0.1599378881987577,1183.0,1100.0,1083.0,1091.0,16700.0
2025-05-22,1080.0,1085.0,1070.0,1078.0,1060.994873046875,8800.0,1139.9,1148.0,1169.4133333333334,1215.595,19.8529411764706,1120.0,-12.039999999999964,-10.355000000000018,-0.1630434782608695,1183.0,1098.0,1082.0,1083.0,13300.0
2025-05-23,1089.0,1109.0,1088.0,1095.0,1077.7266845703125,24100.0,1136.7,1143.92,1166.9066666666668,1213.675,16.153846153846146,1118.92,-12.773333333333312,-10.180000000000064,-0.1431924882629107,1183.0,1085.0,1078.0,1080.0,8800.0
2025-05-24,1089.0,1109.0,1088.0,1095.0,1077.7266845703125,24100.0,1133.5,1139.84,1164.493333333333,1211.67,16.153846153846146,1119.96,-12.906666666666752,-9.894999999999982,-0.1302621127879268,1183.0,1109.0,1095.0,1089.0,24100.0
2025-05-25,1089.0,1109.0,1088.0,1095.0,1077.7266845703125,24100.0,1130.3,1136.2,1162.1066666666666,1209.45,16.153846153846146,1121.0,-12.720000000000027,-10.134999999999993,-0.1478599221789883,1183.0,1109.0,1095.0,1089.0,24100.0
2025-05-26,1108.0,1116.0,1100.0,1104.0,1086.584716796875,11200.0,1127.55,1133.84,1159.84,1207.25,24.0,1122.22,-12.306666666666844,-10.349999999999907,-0.1468315301391035,1183.0,1109.0,1095.0,1089.0,24100.0
2025-05-27,1104.0,1110.0,1099.0,1108.0,1090.521728515625,4300.0,1124.65,1131.8,1157.72,1205.215,24.0,1126.0,-11.693333333333385,-10.38000000000011,-0.1192368839427663,1183.0,1116.0,1104.0,1108.0,11200.0
2025-05-28,1114.0,1114.0,1099.0,1104.0,1086.584716796875,11200.0,1121.85,1129.6,1155.4533333333334,1203.16,25.42372881355932,1128.38,-11.453333333333376,-10.514999999999873,-0.1224165341812401,1183.0,1110.0,1108.0,1104.0,4300.0
2025-05-29,1112.0,1124.0,1100.0,1107.0,1089.5374755859375,20900.0,1118.05,1127.52,1153.2266666666667,1201.12,38.372093023255815,1131.04,-11.266666666666652,-10.550000000000182,-0.1200317965023847,1183.0,1114.0,1104.0,1114.0,11200.0
2025-05-30,1137.0,1163.0,1105.0,1163.0,1144.654052734375,61100.0,1117.05,1127.68,1151.746666666667,1199.29,72.95081967213115,1133.1,-10.3599999999999,-10.160000000000082,-0.0284043441938178,1183.0,1124.0,1107.0,1112.0,20900.0
2025-05-31,1137.0,1163.0,1105.0,1163.0,1144.654052734375,61100.0,1116.05,1127.84,1150.1333333333334,1197.715,72.95081967213115,1134.82,-9.70666666666648,-9.535000000000082,-0.0267782426778242,1173.0,1163.0,1163.0,1137.0,61100.0
2025-06-01,1137.0,1163.0,1105.0,1163.0,1144.654052734375,61100.0,1115.75,1127.72,1148.3866666666668,1196.135,72.95081967213115,1136.54,-9.333333333333258,-9.079999999999927,-0.0243288590604027,1173.0,1163.0,1163.0,1137.0,61100.0
2025-06-02,1163.0,1163.0,1103.0,1106.0,1088.55322265625,30600.0,1112.4,1125.56,1145.84,1194.505,54.26829268292683,1137.12,-9.613333333333458,-8.654999999999973,-0.0374238468233246,1163.0,1163.0,1163.0,1137.0,61100.0
2025-06-03,1123.0,1154.0,1116.0,1121.0,1103.316650390625,40400.0,1110.35,1123.08,1143.493333333333,1193.345,61.17647058823529,1138.28,-9.733333333333348,-7.774999999999864,0.074784276126558,1163.0,1163.0,1106.0,1163.0,30600.0
2025-06-04,1121.0,1158.0,1121.0,1135.0,1117.095703125,42200.0,1110.75,1121.16,1141.4533333333334,1192.255,64.48087431693989,1139.48,-10.293333333333294,-7.034999999999855,0.0882070949185043,1163.0,1154.0,1121.0,1123.0,40400.0
2025-06-05,1135.0,1174.0,1135.0,1149.0,1130.8748779296875,30000.0,1112.85,1119.8,1139.6,1191.235,68.39378238341969,1141.46,-10.53333333333353,-6.480000000000018,0.1016299137104506,1163.0,1158.0,1135.0,1121.0,42200.0
2025-06-06,1154.0,1166.0,1154.0,1161.0,1142.6856689453125,20700.0,1115.55,1119.48,1137.9066666666668,1190.47,67.55319148936171,1143.18,-10.480000000000018,-5.664999999999964,0.2633297062023938,1163.0,1174.0,1149.0,1135.0,30000.0
2025-06-07,1154.0,1166.0,1154.0,1161.0,1142.6856689453125,20700.0,1118.25,1119.0,1136.3466666666666,1189.69,67.55319148936171,1144.44,-9.49333333333334,-4.815000000000055,0.1786802030456853,1163.0,1166.0,1161.0,1154.0,20700.0
2025-06-08,1154.0,1166.0,1154.0,1161.0,1142.6856689453125,20700.0,1121.7,1118.96,1135.04,1189.03,67.55319148936171,1145.7,-8.453333333333376,-4.315000000000055,0.1919917864476386,1163.0,1166.0,1161.0,1154.0,20700.0
2025-06-09,1167.0,1205.0,1167.0,1175.0,1156.4647216796875,33600.0,1126.3,1120.88,1133.5733333333333,1188.495,68.39378238341969,1147.24,-7.880000000000109,-3.7600000000002174,0.1084905660377357,1175.0,1166.0,1161.0,1154.0,20700.0
2025-06-10,1176.0,1209.0,1175.0,1195.0,1176.1492919921875,26500.0,1131.95,1124.4,1132.253333333333,1187.885,70.8133971291866,1148.52,-7.346666666666579,-3.349999999999909,0.1095636025998143,1195.0,1205.0,1175.0,1167.0,33600.0
2025-06-11,1198.0,1244.0,1198.0,1232.0,1212.5655517578125,37700.0,1139.65,1129.4,1131.9066666666668,1187.46,76.44628099173553,1150.0,-6.0,-3.009999999999991,0.1439182915506034,1232.0,1209.0,1195.0,1176.0,26500.0
2025-06-12,1226.0,1240.0,1208.0,1238.0,1218.470947265625,27100.0,1146.8,1134.64,1131.64,1187.065,76.73469387755102,1150.74,-4.706666666666479,-2.625,0.1494893221912721,1238.0,1244.0,1232.0,1198.0,37700.0
2025-06-13,1230.0,1230.0,1175.0,1195.0,1176.1492919921875,43800.0,1151.8,1138.76,1130.8,1186.545,56.896551724137936,1150.82,-4.240000000000009,-2.4849999999999,0.1241768579492004,1238.0,1240.0,1238.0,1226.0,27100.0
2025-06-14,1230.0,1230.0,1175.0,1195.0,1176.1492919921875,43800.0,1156.8,1143.24,1130.7733333333333,1185.91,56.896551724137936,1150.62,-2.7999999999999545,-2.584999999999809,0.1116279069767443,1238.0,1230.0,1195.0,1230.0,43800.0
2025-06-15,1230.0,1230.0,1175.0,1195.0,1176.1492919921875,43800.0,1161.35,1147.76,1130.7733333333333,1185.335,56.896551724137936,1150.42,-1.4800000000000182,-2.5499999999999545,0.138095238095238,1238.0,1230.0,1195.0,1230.0,43800.0
2025-06-16,1196.0,1244.0,1185.0,1200.0,1181.0704345703125,218100.0,1165.95,1152.64,1130.88,1184.65,76.11111111111111,1150.32,-1.0266666666666424,-2.809999999999945,0.1162790697674418,1238.0,1230.0,1195.0,1230.0,43800.0
2025-06-17,1201.0,1250.0,1201.0,1242.0,1222.4078369140625,35100.0,1172.85,1158.52,1132.12,1184.475,79.22705314009661,1151.22,0.4799999999997908,-2.590000000000145,0.1311475409836064,1242.0,1244.0,1200.0,1196.0,218100.0
2025-06-18,1230.0,1231.0,1204.0,1223.0,1203.7076416015625,25200.0,1178.65,1163.64,1134.52,1184.205,70.75471698113208,1151.74,3.7200000000000273,-2.340000000000145,0.1138433515482695,1242.0,1250.0,1242.0,1201.0,35100.0
2025-06-19,1228.0,1246.0,1214.0,1225.0,1205.676025390625,30300.0,1181.75,1168.84,1136.9466666666667,1183.945,69.0,1152.52,6.173333333333403,-1.9650000000001453,0.1156648451730419,1242.0,1231.0,1223.0,1230.0,25200.0
2025-06-20,1226.0,1250.0,1217.0,1225.0,1205.676025390625,32900.0,1184.85,1173.68,1139.3733333333332,1183.635,67.02127659574468,1153.76,8.599999999999909,-1.7000000000000457,0.0831122900088416,1242.0,1246.0,1225.0,1228.0,30300.0
2025-06-21,1226.0,1250.0,1217.0,1225.0,1205.676025390625,32900.0,1187.95,1178.36,1143.4533333333334,1183.295,67.02127659574468,1155.08,12.573333333333268,-1.3550000000000182,0.0578583765112261,1242.0,1250.0,1225.0,1226.0,32900.0
2025-06-22,1226.0,1250.0,1217.0,1225.0,1205.676025390625,32900.0,1193.9,1183.2,1146.6533333333334,1183.045,67.02127659574468,1156.4,14.53333333333353,-1.4299999999998363,0.0199833472106578,1242.0,1250.0,1225.0,1226.0,32900.0
2025-06-23,1225.0,1235.0,1212.0,1230.0,1210.59716796875,16700.0,1199.35,1188.12,1150.0666666666666,1182.88,65.3631284916201,1157.82,15.546666666666624,-1.324999999999818,0.0327455919395465,1242.0,1250.0,1225.0,1226.0,32900.0
2025-06-24,1249.0,1290.0,1246.0,1267.0,1247.0135498046875,38600.0,1205.95,1192.28,1152.8266666666666,1183.03,68.36734693877551,1159.98,15.879999999999882,-0.9149999999999636,0.0514522821576763,1267.0,1235.0,1230.0,1225.0,16700.0
2025-06-25,1306.0,1329.0,1282.0,1320.0,1299.177490234375,62700.0,1214.5,1198.56,1156.0666666666666,1183.445,70.75471698113208,1163.2,16.693333333333385,-0.1900000000000545,0.095435684647303,1320.0,1290.0,1267.0,1249.0,38600.0
2025-06-26,1323.0,1345.0,1320.0,1344.0,1322.798828125,46300.0,1223.65,1205.8,1159.6266666666668,1183.98,73.04347826086956,1166.76,16.173333333333403,0.6849999999999454,0.1153526970954357,1344.0,1329.0,1320.0,1306.0,62700.0
2025-06-27,1374.0,1395.0,1346.0,1352.0,1330.672607421875,49200.0,1233.2,1215.64,1163.2933333333333,1184.52,90.25641025641023,1170.6,16.639999999999873,1.474999999999909,0.1294903926482873,1352.0,1345.0,1344.0,1323.0,46300.0
2025-06-28,1374.0,1395.0,1346.0,1352.0,1330.672607421875,49200.0,1242.75,1224.88,1167.1466666666668,1185.015,90.25641025641023,1173.98,17.080000000000155,2.134999999999991,0.1294903926482873,1352.0,1395.0,1352.0,1374.0,49200.0
2025-06-29,1374.0,1395.0,1346.0,1352.0,1330.672607421875,49200.0,1251.6,1233.56,1170.84,1185.725,90.25641025641023,1177.36,18.01333333333332,2.6949999999999363,0.1399662731871838,1352.0,1395.0,1352.0,1374.0,49200.0
2025-06-30,1361.0,1376.0,1350.0,1350.0,1328.7042236328125,24900.0,1259.35,1241.6,1174.84,1186.65,89.0625,1180.7,18.773333333333312,3.2050000000001546,0.1607910576096303,1352.0,1395.0,1352.0,1374.0,49200.0
2025-07-01,1350.0,1360.0,1339.0,1355.0,1333.6253662109375,19900.0,1265.5,1249.36,1178.5733333333333,1187.705,86.45161290322581,1184.42,18.946666666666488,3.724999999999909,0.1691113028472821,1355.0,1376.0,1350.0,1361.0,24900.0
2025-07-02,1354.0,1357.0,1341.0,1341.0,1319.84619140625,19000.0,1270.65,1256.56,1181.8133333333333,1188.69,89.33333333333333,1187.78,18.519999999999985,4.170000000000073,0.1570319240724762,1355.0,1360.0,1355.0,1350.0,19900.0
2025-07-03,1342.0,1373.0,1336.0,1360.0,1338.5465087890625,21300.0,1278.9,1264.52,1185.3066666666666,1189.77,90.41916167664672,1191.74,18.15999999999985,4.754999999999882,0.173425366695427,1360.0,1357.0,1341.0,1354.0,19000.0
2025-07-04,1382.0,1387.0,1353.0,1360.0,1338.5465087890625,19200.0,1287.15,1271.92,1188.8,1190.62,90.41916167664672,1196.4,17.960000000000036,4.894999999999982,0.173425366695427,1360.0,1373.0,1360.0,1342.0,21300.0
2025-07-05,1382.0,1387.0,1353.0,1360.0,1338.5465087890625,19200.0,1295.4,1278.52,1191.8533333333332,1191.59,90.41916167664672,1201.46,17.01333333333332,4.939999999999827,0.173425366695427,1360.0,1387.0,1360.0,1382.0,19200.0
2025-07-06,1382.0,1387.0,1353.0,1360.0,1338.5465087890625,19200.0,1303.4,1283.64,1194.5466666666666,1192.56,90.41916167664672,1206.52,15.973333333333358,4.855000000000018,0.1663807890222983,1360.0,1387.0,1360.0,1382.0,19200.0
2025-07-07,1370.0,1375.0,1355.0,1365.0,1343.467529296875,23500.0,1309.55,1288.72,1196.7333333333331,1193.76,90.41916167664672,1211.68,14.920000000000073,5.069999999999936,0.1767241379310344,1365.0,1387.0,1360.0,1382.0,19200.0
2025-07-08,1375.0,1406.0,1373.0,1386.0,1364.1363525390625,35600.0,1317.7,1296.36,1199.3333333333333,1195.01,89.40397350993378,1217.56,14.026666666666642,5.240000000000009,0.1715976331360946,1386.0,1375.0,1365.0,1370.0,23500.0
2025-07-09,1387.0,1431.0,1387.0,1420.0,1397.5999755859375,26200.0,1327.45,1305.36,1202.2,1196.43,87.87878787878788,1224.3,13.400000000000093,5.810000000000173,0.2003381234150465,1420.0,1406.0,1386.0,1375.0,35600.0
2025-07-10,1432.0,1445.0,1412.0,1425.0,1402.5211181640625,53600.0,1337.45,1314.56,1205.1333333333334,1197.875,85.84070796460178,1231.16,13.2800000000002,6.285000000000082,0.2045646661031277,1425.0,1431.0,1420.0,1387.0,26200.0
2025-07-11,1438.0,1460.0,1434.0,1460.0,1436.968994140625,20000.0,1349.2,1324.96,1208.5333333333333,1199.225,88.57142857142857,1238.8,13.98666666666668,6.664999999999964,0.2489307100085542,1460.0,1445.0,1425.0,1432.0,53600.0
2025-07-12,1438.0,1460.0,1434.0,1460.0,1436.968994140625,20000.0,1360.95,1333.68,1212.04,1200.49,88.57142857142857,1246.1,15.306666666666615,6.730000000000018,0.2446717817561807,1460.0,1460.0,1460.0,1438.0,20000.0
2025-07-13,1438.0,1460.0,1434.0,1460.0,1436.968994140625,20000.0,1372.45,1343.16,1215.5466666666666,1201.805,88.57142857142857,1253.4,16.213333333333367,6.795000000000073,0.2564543889845094,1460.0,1460.0,1460.0,1438.0,20000.0
2025-07-14,1465.0,1505.0,1459.0,1488.0,1464.52734375,59200.0,1383.5,1353.68,1219.5733333333333,1203.28,91.56626506024097,1261.26,17.37333333333322,6.849999999999909,0.3203194321206744,1488.0,1460.0,1460.0,1438.0,20000.0
2025-07-15,1491.0,1599.0,1481.0,1537.0,1512.75439453125,95800.0,1394.35,1366.16,1224.56,1204.89,93.33333333333331,1269.92,19.426666666666502,7.0150000000001,0.3884372177055104,1537.0,1505.0,1488.0,1465.0,59200.0
2025-07-16,1537.0,1537.0,1439.0,1489.0,1465.511474609375,72300.0,1401.6,1376.72,1228.96,1206.26,80.32786885245902,1277.54,20.426666666666733,7.035000000000082,0.3450767841011743,1537.0,1599.0,1537.0,1491.0,95800.0
2025-07-17,1464.0,1477.0,1430.0,1472.0,1448.7796630859375,56400.0,1407.6,1386.6,1233.1333333333334,1207.545,73.14049586776859,1284.9,21.09333333333348,7.055000000000064,0.3297199638663053,1537.0,1537.0,1489.0,1537.0,72300.0
2025-07-18,1472.0,1486.0,1470.0,1480.0,1456.6534423828125,19500.0,1414.0,1396.6,1237.4133333333334,1208.815,74.0,1292.36,21.866666666666788,7.009999999999991,0.3553113553113554,1537.0,1477.0,1472.0,1464.0,56400.0
2025-07-19,1472.0,1486.0,1470.0,1480.0,1456.6534423828125,19500.0,1420.4,1405.12,1241.6933333333334,1210.085,74.0,1298.7,22.12000000000012,6.805000000000064,0.3665743305632503,1537.0,1486.0,1480.0,1472.0,19500.0
2025-07-20,1472.0,1486.0,1470.0,1480.0,1456.6534423828125,19500.0,1426.9,1411.52,1245.9733333333334,1211.355,74.0,1305.04,21.41333333333341,6.464999999999918,0.3678373382624769,1537.0,1486.0,1480.0,1472.0,19500.0
2025-07-21,1472.0,1486.0,1470.0,1480.0,1456.6534423828125,19500.0,1433.15,1416.96,1250.16,1212.625,73.46938775510205,1311.38,21.200000000000045,6.365000000000009,0.37291280148423,1537.0,1486.0,1480.0,1472.0,19500.0
2025-07-22,1494.0,1502.0,1470.0,1470.0,1446.811279296875,19700.0,1439.6,1421.68,1254.2933333333333,1213.845,67.94871794871796,1318.66,21.15999999999985,6.2999999999999545,0.3424657534246575,1537.0,1486.0,1480.0,1472.0,19500.0
2025-07-23,1470.0,1507.0,1462.0,1495.0,1471.4168701171875,27600.0,1446.35,1427.4,1258.4533333333334,1215.19,66.66666666666666,1326.14,21.039999999999964,6.375,0.365296803652968,1537.0,1502.0,1470.0,1494.0,19700.0
2025-07-24,1505.0,1527.0,1499.0,1511.0,1487.1644287109375,22700.0,1453.9,1433.76,1262.8266666666666,1216.615,68.22033898305085,1333.66,21.13333333333321,6.529999999999973,0.3799086757990868,1537.0,1507.0,1495.0,1470.0,27600.0
2025-07-25,1511.0,1520.0,1485.0,1515.0,1491.101318359375,22000.0,1461.65,1440.36,1267.253333333333,1218.435,63.41463414634146,1340.98,21.279999999999973,7.079999999999927,0.3722826086956521,1537.0,1527.0,1511.0,1505.0,22700.0
2025-07-26,1511.0,1520.0,1485.0,1515.0,1491.101318359375,22000.0,1469.4,1446.76,1271.8666666666666,1220.165,63.41463414634146,1348.06,21.70666666666648,7.539999999999964,0.3673285198555955,1537.0,1520.0,1515.0,1511.0,22000.0
2025-07-27,1511.0,1520.0,1485.0,1515.0,1491.101318359375,22000.0,1476.9,1453.72,1276.4266666666667,1221.705,63.41463414634146,1355.14,22.13333333333344,7.8599999999999,0.3722826086956521,1537.0,1520.0,1515.0,1511.0,22000.0
2025-07-28,1520.0,1542.0,1514.0,1526.0,1501.9278564453125,18700.0,1483.9,1460.36,1281.28,1223.415,60.10638297872341,1362.44,22.8266666666666,8.224999999999909,0.3785004516711834,1537.0,1520.0,1515.0,1511.0,22000.0
2025-07-29,1526.0,1526.0,1511.0,1520.0,1496.0224609375,10500.0,1488.9,1466.76,1286.52,1225.185,44.137931034482754,1369.34,23.693333333333385,8.569999999999936,0.3069647463456577,1537.0,1542.0,1526.0,1520.0,18700.0
2025-07-30,1522.0,1538.0,1510.0,1524.0,1499.9593505859375,27200.0,1493.85,1473.32,1292.08,1226.975,67.32673267326733,1375.92,24.8266666666666,8.539999999999964,0.3104041272570936,1537.0,1526.0,1520.0,1526.0,10500.0
2025-07-31,1530.0,1553.0,1520.0,1551.0,1526.533447265625,26600.0,1498.4,1480.96,1298.0,1228.9,85.58558558558559,1382.3,26.13333333333344,8.735000000000127,0.3336199484092863,1551.0,1538.0,1524.0,1522.0,27200.0
2025-08-01,1551.0,1558.0,1535.0,1551.0,1526.533447265625,21900.0,1502.95,1488.4,1303.92,1230.825,84.46601941747574,1388.56,27.49333333333334,9.120000000000118,0.4023508137432188,1551.0,1553.0,1551.0,1530.0,26600.0
2025-08-02,1551.0,1558.0,1535.0,1551.0,1526.533447265625,21900.0,1507.5,1495.0,1310.04,1232.945,84.46601941747574,1395.68,28.75999999999999,9.529999999999973,0.3835860838537019,1551.0,1558.0,1551.0,1551.0,21900.0
2025-08-03,1551.0,1558.0,1535.0,1551.0,1526.533447265625,21900.0,1510.65,1500.24,1316.28,1235.105,84.46601941747574,1402.8,29.75999999999999,9.920000000000073,0.3665198237885463,1551.0,1558.0,1551.0,1551.0,21900.0
2025-08-04,1534.0,1580.0,1532.0,1580.0,1555.0760498046875,17000.0,1512.8,1506.44,1322.92,1237.405,87.87878787878788,1410.5,30.840000000000146,10.430000000000064,0.3751087902523933,1580.0,1558.0,1551.0,1551.0,21900.0
2025-08-05,1580.0,1590.0,1570.0,1590.0,1564.9183349609375,16200.0,1517.85,1511.64,1329.746666666667,1239.755,95.45454545454544,1418.3,31.74666666666667,10.855000000000018,0.3695090439276485,1590.0,1580.0,1580.0,1534.0,17000.0
2025-08-06,1599.0,1648.0,1590.0,1633.0,1607.239990234375,33900.0,1525.9,1518.56,1336.92,1242.32,96.0,1426.12,33.0,11.49499999999989,0.4065460809646857,1633.0,1590.0,1590.0,1580.0,16200.0
2025-08-07,1621.0,1623.0,1606.0,1611.0,1585.5870361328125,27200.0,1532.45,1524.6,1343.8,1244.775,82.05128205128204,1433.88,33.75999999999999,11.830000000000156,0.3875968992248062,1633.0,1648.0,1633.0,1599.0,33900.0
2025-08-08,1610.0,1621.0,1599.0,1614.0,1588.5396728515625,26200.0,1539.15,1529.64,1350.72,1246.87,81.93548387096774,1441.66,34.440000000000055,11.764999999999873,0.3736170212765957,1633.0,1623.0,1611.0,1621.0,27200.0
2025-08-09,1610.0,1621.0,1599.0,1614.0,1588.5396728515625,26200.0,1545.85,1532.72,1357.52,1249.11,81.93548387096774,1449.44,34.59999999999991,11.704999999999927,0.3506276150627614,1633.0,1621.0,1614.0,1610.0,26200.0
2025-08-10,1610.0,1621.0,1599.0,1614.0,1588.5396728515625,26200.0,1552.55,1537.72,1364.2666666666669,1251.34,81.93548387096774,1457.22,34.51999999999998,11.584999999999807,0.3100649350649351,1633.0,1621.0,1614.0,1610.0,26200.0
2025-08-11,1610.0,1621.0,1599.0,1614.0,1588.5396728515625,26200.0,1559.75,1543.4,1371.0666666666666,1253.655,80.55555555555556,1465.0,34.14666666666653,11.335000000000036,0.3037156704361874,1633.0,1621.0,1614.0,1610.0,26200.0
2025-08-12,1604.0,1613.0,1548.0,1568.0,1543.265380859375,67500.0,1563.4,1546.92,1377.2133333333334,1255.68,63.04347826086957,1471.76,33.41333333333341,10.904999999999973,0.3121338912133891,1633.0,1621.0,1614.0,1610.0,26200.0
2025-08-13,1528.0,1648.0,1520.0,1638.0,1612.1611328125,83000.0,1569.75,1553.24,1383.5466666666666,1258.055,72.8,1479.18,32.8266666666666,11.185000000000173,0.3707112970711297,1638.0,1613.0,1568.0,1604.0,67500.0
2025-08-14,1602.0,1619.0,1593.0,1607.0,1581.650146484375,15200.0,1574.35,1558.32,1389.4666666666667,1260.275,61.023622047244096,1484.92,31.946666666666715,11.165000000000193,0.3447698744769873,1638.0,1648.0,1638.0,1528.0,83000.0
2025-08-15,1606.0,1618.0,1568.0,1596.0,1570.8236083984375,23300.0,1578.4,1562.96,1395.24,1262.35,58.49056603773585,1489.96,30.97333333333336,11.009999999999993,0.33,1638.0,1619.0,1607.0,1602.0,15200.0
2025-08-16,1606.0,1618.0,1568.0,1596.0,1570.8236083984375,23300.0,1582.45,1568.0,1401.7733333333333,1264.4,58.49056603773585,1494.84,30.706666666666703,10.745000000000118,0.2850241545893719,1638.0,1618.0,1596.0,1606.0,23300.0
2025-08-17,1606.0,1618.0,1568.0,1596.0,1570.8236083984375,23300.0,1585.95,1572.04,1408.1066666666666,1266.465,58.49056603773585,1499.72,30.893333333333203,10.784999999999854,0.3049877350776777,1638.0,1618.0,1596.0,1606.0,23300.0
2025-08-18,1595.0,1608.0,1585.0,1594.0,1568.855224609375,15100.0,1589.65,1575.36,1414.2266666666667,1268.545,52.94117647058823,1504.56,30.680000000000064,10.490000000000007,0.3012244897959184,1638.0,1618.0,1596.0,1606.0,23300.0
2025-08-19,1594.0,1649.0,1590.0,1631.0,1605.271484375,22600.0,1595.0,1580.0,1420.6533333333334,1270.825,57.735849056603776,1510.18,31.186666666666724,10.549999999999956,0.3314285714285714,1638.0,1608.0,1594.0,1595.0,15100.0
2025-08-20,1616.0,1627.0,1604.0,1621.0,1595.4293212890625,21800.0,1598.5,1584.24,1426.7866666666666,1273.055,47.41379310344827,1515.5,31.546666666666624,10.705000000000156,0.3232653061224491,1638.0,1649.0,1631.0,1594.0,22600.0
2025-08-21,1631.0,1647.0,1619.0,1638.0,1612.1611328125,31400.0,1602.85,1589.16,1433.1466666666668,1275.37,55.94713656387665,1521.44,31.37333333333345,10.9699999999998,0.3371428571428572,1638.0,1627.0,1621.0,1616.0,21800.0
2025-08-22,1641.0,1685.0,1635.0,1671.0,1644.6405029296875,21900.0,1608.85,1594.96,1439.9466666666667,1278.1,61.08949416342412,1527.66,31.840000000000146,11.634999999999993,0.3585365853658537,1671.0,1647.0,1638.0,1631.0,31400.0
2025-08-23,1641.0,1685.0,1635.0,1671.0,1644.6405029296875,21900.0,1614.85,1601.0,1446.56,1280.82,61.08949416342412,1533.88,32.33333333333326,12.274999999999864,0.3188634569850039,1671.0,1685.0,1671.0,1641.0,21900.0
2025-08-24,1641.0,1685.0,1635.0,1671.0,1644.6405029296875,21900.0,1619.4,1606.88,1452.9066666666668,1283.4,61.08949416342412,1540.1,32.25333333333333,12.575000000000044,0.2659090909090909,1671.0,1685.0,1671.0,1641.0,21900.0
2025-08-25,1699.0,1704.0,1671.0,1681.0,1654.4827880859375,21600.0,1623.95,1612.08,1458.8933333333334,1285.75,62.546816479400746,1546.52,32.1066666666668,12.694999999999936,0.2507440476190476,1681.0,1685.0,1671.0,1641.0,21900.0
2025-08-26,1681.0,1691.0,1661.0,1681.0,1654.4827880859375,24500.0,1626.35,1617.28,1464.8,1288.155,75.56561085972851,1552.84,31.6533333333332,12.785000000000082,0.2433431952662721,1681.0,1704.0,1681.0,1699.0,21600.0
2025-08-27,1681.0,1738.0,1679.0,1715.0,1687.9464111328125,25000.0,1631.55,1623.84,1471.7333333333331,1290.73,70.8108108108108,1559.42,31.78666666666664,12.63000000000011,0.2684911242603549,1715.0,1691.0,1681.0,1681.0,24500.0
2025-08-28,1715.0,1745.0,1715.0,1739.0,1711.56787109375,28000.0,1637.8,1631.36,1478.986666666667,1293.425,87.07865168539325,1565.8,32.42666666666673,12.605000000000018,0.2862426035502958,1739.0,1738.0,1715.0,1681.0,25000.0
2025-08-29,1745.0,1756.0,1738.0,1745.0,1717.4732666015625,25700.0,1644.35,1637.96,1486.32,1296.19,93.0635838150289,1572.2,33.413333333333185,12.789999999999964,0.2925925925925925,1745.0,1745.0,1739.0,1715.0,28000.0
2025-08-30,1745.0,1756.0,1738.0,1745.0,1717.4732666015625,25700.0,1650.9,1644.16,1493.5866666666666,1298.955,93.0635838150289,1577.9,34.69333333333316,13.204999999999927,0.2878228782287824,1745.0,1756.0,1745.0,1745.0,25700.0
2025-08-31,1745.0,1756.0,1738.0,1745.0,1717.4732666015625,25700.0,1657.45,1648.64,1500.2933333333333,1301.685,93.0635838150289,1583.6,35.49333333333334,13.529999999999973,0.3012677106636838,1745.0,1756.0,1745.0,1745.0,25700.0
2025-09-01,1745.0,1754.0,1720.0,1745.0,1717.4732666015625,31000.0,1666.3,1654.0,1507.253333333333,1304.43,94.15204678362574,1589.3,35.51999999999998,13.700000000000044,0.2830882352941177,1745.0,1756.0,1745.0,1745.0,25700.0
2025-09-02,1750.0,1755.0,1728.0,1737.0,1709.599365234375,22500.0,1671.25,1658.92,1514.08,1307.125,87.32394366197182,1594.28,35.09333333333325,13.700000000000044,0.2772058823529411,1745.0,1754.0,1745.0,1745.0,31000.0
2025-09-03,1721.0,1737.0,1615.0,1615.0,1589.52392578125,49100.0,1671.65,1658.96,1519.28,1309.21,48.81889763779528,1595.84,32.96000000000004,13.019999999999982,0.1875,1745.0,1755.0,1737.0,1750.0,22500.0
2025-09-04,1615.0,1648.0,1609.0,1639.0,1613.145263671875,29400.0,1673.8,1659.96,1524.8,1311.415,50.191570881226056,1598.84,31.213333333333367,12.460000000000036,0.2051470588235293,1745.0,1737.0,1615.0,1721.0,49100.0
2025-09-05,1630.0,1657.0,1624.0,1634.0,1608.2242431640625,25800.0,1675.7,1660.76,1530.253333333333,1313.46,42.06008583690987,1602.08,29.96000000000004,11.775000000000093,0.197069597069597,1745.0,1648.0,1639.0,1615.0,29400.0
2025-09-06,1630.0,1657.0,1624.0,1634.0,1608.2242431640625,25800.0,1677.6,1663.4,1535.64,1315.355,42.06008583690987,1605.16,28.38666666666677,10.924999999999956,0.1789321789321789,1745.0,1657.0,1634.0,1630.0,25800.0
2025-09-07,1630.0,1657.0,1624.0,1634.0,1608.2242431640625,25800.0,1679.6,1663.24,1540.5333333333333,1317.2,42.06008583690987,1608.24,26.453333333333376,10.075000000000044,0.1507042253521127,1745.0,1657.0,1634.0,1630.0,25800.0
2025-09-08,1656.0,1656.0,1622.0,1634.0,1608.2242431640625,18600.0,1679.75,1664.32,1544.72,1318.825,39.46188340807175,1611.32,25.44000000000005,9.615000000000007,0.1466666666666667,1745.0,1657.0,1634.0,1630.0,25800.0
2025-09-09,1643.0,1675.0,1643.0,1667.0,1640.70361328125,17400.0,1682.05,1667.16,1549.0266666666666,1320.83,47.265625,1615.06,24.226666666666688,9.414999999999964,0.1417808219178082,1745.0,1656.0,1634.0,1656.0,18600.0
2025-09-10,1678.0,1691.0,1662.0,1672.0,1645.624755859375,14700.0,1683.75,1670.2,1553.2933333333333,1322.86,40.528634361233486,1619.1,23.039999999999964,9.399999999999864,0.1452054794520547,1745.0,1675.0,1667.0,1643.0,17400.0
2025-09-11,1699.0,1710.0,1677.0,1699.0,1672.1988525390625,14100.0,1685.15,1674.32,1557.92,1325.025,41.30434782608696,1623.18,22.279999999999973,9.670000000000073,0.1636986301369862,1745.0,1691.0,1672.0,1678.0,14700.0
2025-09-12,1699.0,1720.0,1690.0,1698.0,1671.214599609375,28400.0,1686.5,1678.48,1562.5333333333333,1327.185,39.55555555555555,1626.92,22.0,9.9849999999999,0.1411290322580645,1745.0,1710.0,1699.0,1699.0,14100.0
2025-09-13,1699.0,1720.0,1690.0,1698.0,1671.214599609375,28400.0,1687.85,1681.16,1567.1733333333334,1329.5,39.55555555555555,1630.58,22.453333333333376,10.674999999999956,0.1047495120364345,1745.0,1720.0,1698.0,1699.0,28400.0
2025-09-14,1699.0,1720.0,1690.0,1698.0,1671.214599609375,28400.0,1688.7,1684.24,1571.746666666667,1331.805,39.55555555555555,1634.24,22.720000000000027,10.975000000000136,0.140362659503022,1745.0,1720.0,1698.0,1699.0,28400.0
2025-09-15,1699.0,1720.0,1690.0,1698.0,1671.214599609375,28400.0,1689.55,1686.64,1576.506666666667,1333.925,39.55555555555555,1637.9,23.213333333333367,11.065000000000056,0.1535326086956521,1745.0,1720.0,1698.0,1699.0,28400.0
2025-09-16,1718.0,1729.0,1702.0,1718.0,1690.899169921875,10400.0,1689.7,1688.52,1581.28,1336.18,45.9915611814346,1641.74,23.3599999999999,11.154999999999973,0.1608108108108108,1745.0,1720.0,1698.0,1699.0,28400.0
2025-09-17,1727.0,1734.0,1709.0,1718.0,1690.899169921875,17200.0,1688.65,1690.4,1586.0533333333333,1338.435,94.78260869565216,1645.7,23.519999999999985,11.25,0.1608108108108108,1745.0,1729.0,1718.0,1718.0,10400.0
2025-09-18,1735.0,1744.0,1721.0,1736.0,1708.615234375,10800.0,1688.2,1693.0,1591.0666666666666,1340.78,94.4954128440367,1649.94,23.893333333333203,11.279999999999973,0.1729729729729729,1745.0,1734.0,1718.0,1727.0,17200.0
2025-09-19,1750.0,1750.0,1688.0,1718.0,1690.899169921875,24300.0,1686.85,1694.48,1595.84,1343.115,84.42622950819671,1653.28,24.09333333333325,11.309999999999944,0.1608108108108108,1745.0,1744.0,1736.0,1735.0,10800.0
2025-09-20,1750.0,1750.0,1688.0,1718.0,1690.899169921875,24300.0,1685.5,1695.96,1600.5466666666666,1345.505,84.42622950819671,1656.62,24.039999999999964,11.580000000000156,0.1687074829931973,1745.0,1750.0,1718.0,1750.0,24300.0
2025-09-21,1750.0,1750.0,1688.0,1718.0,1690.899169921875,24300.0,1684.15,1696.08,1604.9733333333334,1347.78,84.42622950819671,1659.96,23.693333333333385,11.599999999999907,0.1491638795986622,1737.0,1750.0,1718.0,1750.0,24300.0
2025-09-22,1733.0,1771.0,1724.0,1750.0,1722.394287109375,16600.0,1684.8,1696.52,1609.3733333333332,1350.15,87.66233766233766,1663.94,23.319999999999936,11.715000000000146,0.158173395102581,1750.0,1750.0,1718.0,1750.0,24300.0
2025-09-23,1733.0,1771.0,1724.0,1750.0,1722.394287109375,16600.0,1691.55,1696.72,1613.7066666666667,1352.485,84.29752066115702,1667.34,22.6400000000001,11.704999999999927,0.1551155115511551,1750.0,1771.0,1750.0,1733.0,16600.0
2025-09-24,1750.0,1796.0,1738.0,1787.0,1758.8106689453125,29800.0,1698.95,1698.4,1618.0666666666666,1355.005,87.58169934640523,1671.28,22.226666666666688,11.8900000000001,0.1795379537953796,1787.0,1771.0,1750.0,1733.0,16600.0
2025-09-25,1798.0,1803.0,1781.0,1790.0,1761.7633056640625,16500.0,1706.75,1700.2,1622.4666666666667,1357.54,85.27131782945736,1674.42,21.92000000000008,12.034999999999854,0.1815181518151816,1790.0,1796.0,1787.0,1750.0,29800.0
2025-09-26,1794.0,1794.0,1720.0,1775.0,1747.0,25900.0,1713.8,1701.4,1626.6666666666667,1360.035,76.92307692307692,1677.7,21.693333333333385,12.25500000000011,0.1631716906946265,1790.0,1803.0,1790.0,1798.0,16500.0
2025-09-27,1794.0,1794.0,1720.0,1775.0,1747.0,25900.0,1720.85,1702.92,1630.493333333333,1362.54,76.92307692307692,1680.92,21.12000000000012,12.389999999999873,0.1677631578947369,1790.0,1794.0,1775.0,1794.0,25900.0
2025-09-28,1794.0,1794.0,1720.0,1775.0,1747.0,25900.0,1727.9,1709.32,1633.6666666666667,1365.045,76.92307692307692,1684.14,19.96000000000004,12.560000000000173,0.1646981627296588,1790.0,1794.0,1775.0,1794.0,25900.0
2025-09-29,1765.0,1765.0,1729.0,1734.0,1734.0,22800.0,1731.25,1713.12,1636.9333333333334,1367.38,59.78260869565217,1686.54,18.866666666666788,12.375,0.1179883945841393,1790.0,1794.0,1775.0,1794.0,25900.0
2025-09-30,1737.0,1737.0,1642.0,1661.0,1661.0,23400.0,1730.7,1714.2,1639.4533333333334,1369.315,37.9746835443038,1687.48,16.98666666666668,11.775000000000093,0.0709219858156029,1790.0,1765.0,1734.0,1765.0,22800.0
2025-10-01,1670.0,1678.0,1630.0,1630.0,1630.0,23800.0,1727.25,1714.04,1641.4533333333334,1371.095,33.58208955223881,1688.72,14.786666666666632,11.059999999999944,0.0509348807221148,1790.0,1737.0,1661.0,1737.0,23400.0
2025-10-02,1652.0,1687.0,1652.0,1675.0,1675.0,18200.0,1726.1,1715.68,1644.0533333333333,1373.1,39.66101694915254,1689.46,13.559999999999944,10.559999999999944,0.0799484203739522,1790.0,1678.0,1630.0,1670.0,23800.0
2025-10-03,1675.0,1708.0,1672.0,1691.0,1691.0,11500.0,1725.75,1717.96,1646.8666666666666,1375.135,45.39249146757679,1691.14,13.199999999999818,10.089999999999918,0.0702531645569619,1790.0,1687.0,1675.0,1652.0,18200.0
2025-10-04,1675.0,1708.0,1672.0,1691.0,1691.0,11500.0,1725.4,1718.92,1649.68,1377.12,45.39249146757679,1693.04,12.74666666666667,9.739999999999782,0.0635220125786164,1790.0,1708.0,1691.0,1675.0,11500.0
2025-10-05,1675.0,1708.0,1672.0,1691.0,1691.0,11500.0,1725.05,1719.68,1652.6266666666668,1379.09,45.39249146757679,1694.94,13.173333333333405,9.774999999999864,0.0355174525413348,1790.0,1708.0,1691.0,1675.0,11500.0
2025-10-06,1744.0,1752.0,1699.0,1725.0,1725.0,20900.0,1725.4,1720.72,1655.6933333333334,1381.23,45.76271186440678,1697.52,14.240000000000007,10.134999999999993,0.0707635009310987,1790.0,1708.0,1691.0,1675.0,11500.0
2025-10-07,1707.0,1720.0,1695.0,1695.0,1695.0,17400.0,1724.25,1720.6,1658.1466666666668,1383.265,41.53846153846154,1699.54,14.093333333333476,10.165000000000193,0.0501858736059479,1790.0,1752.0,1725.0,1744.0,20900.0
2025-10-08,1678.0,1707.0,1671.0,1676.0,1676.0,16800.0,1721.25,1719.72,1660.2933333333333,1385.205,31.92182410423453,1700.44,13.426666666666732,10.069999999999936,0.0384138785625773,1790.0,1720.0,1695.0,1707.0,17400.0
2025-10-09,1686.0,1692.0,1625.0,1633.0,1633.0,23600.0,1717.0,1717.12,1661.8666666666666,1386.93,27.37752161383285,1700.68,12.186666666666495,9.810000000000173,0.0117719950433705,1790.0,1707.0,1676.0,1678.0,16800.0
2025-10-10,1626.0,1628.0,1590.0,1602.0,1602.0,29300.0,1711.2,1713.28,1663.0266666666666,1388.55,26.170798898071624,1699.96,10.399999999999864,9.460000000000036,-0.0074349442379182,1790.0,1692.0,1633.0,1686.0,23600.0
2025-10-11,1626.0,1628.0,1590.0,1602.0,1602.0,29300.0,1705.4,1708.64,1664.04,1390.265,26.170798898071624,1698.58,8.346666666666579,9.035000000000082,0.0216836734693877,1790.0,1628.0,1602.0,1626.0,29300.0
2025-10-12,1626.0,1628.0,1590.0,1602.0,1602.0,29300.0,1698.0,1704.0,1665.1333333333334,1391.85,26.170798898071624,1697.2,6.986666666666679,8.584999999999809,-0.021978021978022,1790.0,1628.0,1602.0,1626.0,29300.0
2025-10-13,1626.0,1628.0,1590.0,1602.0,1602.0,29300.0,1690.6,1698.64,1666.1733333333334,1393.39,29.503105590062106,1695.82,5.880000000000109,8.185000000000173,-0.0031113876789048,1790.0,1628.0,1602.0,1626.0,29300.0
2025-10-14,1589.0,1592.0,1543.0,1554.0,1554.0,30400.0,1678.95,1692.08,1666.2133333333334,1394.87,31.986531986531983,1693.28,4.346666666666806,7.939999999999827,-0.0263157894736841,1790.0,1628.0,1602.0,1626.0,29300.0
2025-10-15,1570.0,1589.0,1557.0,1567.0,1567.0,18400.0,1667.8,1686.04,1666.4266666666667,1396.415,38.70967741935485,1691.0,3.400000000000091,7.865000000000009,-0.0181704260651629,1775.0,1592.0,1554.0,1589.0,30400.0
2025-10-16,1567.0,1593.0,1567.0,1581.0,1581.0,14800.0,1658.1,1680.56,1666.8266666666666,1398.03,31.048387096774192,1688.32,2.7866666666666333,7.764999999999873,-0.0093984962406015,1775.0,1589.0,1567.0,1570.0,18400.0
2025-10-17,1567.0,1567.0,1512.0,1512.0,1512.0,18800.0,1644.95,1671.04,1666.3066666666666,1399.605,20.265780730897006,1683.78,1.1733333333331757,7.755000000000109,-0.0514429109159347,1775.0,1593.0,1581.0,1567.0,14800.0
2025-10-18,1567.0,1567.0,1512.0,1512.0,1512.0,18800.0,1631.8,1661.52,1665.4,1401.19,20.265780730897006,1679.12,-0.7733333333333121,7.799999999999954,-0.0729613733905579,1734.0,1567.0,1512.0,1567.0,18800.0
2025-10-19,1567.0,1567.0,1512.0,1512.0,1512.0,18800.0,1620.7,1650.52,1664.36,1402.79,20.265780730897006,1674.46,-1.8533333333334667,7.920000000000073,-0.0672424429364589,1725.0,1567.0,1512.0,1567.0,18800.0
2025-10-20,1552.0,1565.0,1528.0,1547.0,1547.0,14800.0,1615.0,1640.8,1663.2133333333334,1404.78,20.52980132450331,1670.5,-3.2133333333333667,8.365000000000009,-0.0555555555555555,1725.0,1567.0,1512.0,1567.0,18800.0
2025-10-21,1567.0,1567.0,1539.0,1557.0,1557.0,28200.0,1611.35,1632.08,1662.493333333333,1407.35,25.531914893617028,1666.74,-4.3333333333332575,9.319999999999936,-0.0682226211849191,1725.0,1565.0,1547.0,1552.0,14800.0
2025-10-22,1565.0,1566.0,1538.0,1566.0,1566.0,16500.0,1605.9,1623.72,1661.8533333333332,1409.965,29.779411764705884,1663.32,-4.453333333333376,10.3599999999999,-0.0628366247755835,1725.0,1567.0,1557.0,1567.0,28200.0
2025-10-23,1562.0,1562.0,1526.0,1532.0,1532.0,16900.0,1597.95,1614.0,1660.76,1412.41,30.798479087452463,1661.66,-4.6400000000001,11.220000000000027,-0.0831837223219629,1725.0,1566.0,1566.0,1565.0,16500.0
2025-10-24,1554.0,1554.0,1529.0,1537.0,1537.0,15000.0,1590.25,1606.12,1659.7333333333331,1415.5,36.28691983122363,1659.62,-4.626666666666552,12.710000000000036,-0.0856632956573468,1725.0,1562.0,1532.0,1562.0,16900.0
2025-10-25,1554.0,1554.0,1529.0,1537.0,1537.0,15000.0,1582.55,1601.16,1658.7066666666667,1418.26,36.28691983122363,1657.68,-4.506666666666661,13.480000000000018,-0.0856632956573468,1725.0,1554.0,1537.0,1554.0,15000.0
2025-10-26,1554.0,1554.0,1529.0,1537.0,1537.0,15000.0,1573.15,1597.44,1658.2933333333333,1421.075,36.28691983122363,1655.74,-4.2000000000000455,13.725000000000136,-0.1037900874635568,1695.0,1554.0,1537.0,1554.0,15000.0
2025-10-27,1537.0,1553.0,1523.0,1538.0,1538.0,18200.0,1565.3,1591.96,1656.96,1423.465,36.5546218487395,1653.82,-4.893333333333203,13.5,-0.1155836687751581,1676.0,1554.0,1537.0,1554.0,15000.0
2025-10-28,1522.0,1522.0,1462.0,1467.0,1467.0,35200.0,1554.85,1583.0,1655.0933333333332,1425.415,33.33333333333333,1650.48,-5.666666666666743,13.004999999999882,-0.1593123209169054,1633.0,1553.0,1538.0,1537.0,18200.0
2025-10-29,1466.0,1498.0,1464.0,1482.0,1482.0,35700.0,1547.3,1574.64,1653.5733333333333,1427.44,33.84030418250951,1646.78,-6.160000000000082,11.940000000000056,-0.1507163323782234,1602.0,1522.0,1467.0,1522.0,35200.0
2025-10-30,1482.0,1549.0,1482.0,1549.0,1549.0,119000.0,1544.65,1568.96,1652.9466666666667,1429.8,44.93670886075949,1644.32,-5.759999999999991,11.539999999999964,-0.1123209169054441,1602.0,1498.0,1482.0,1466.0,35700.0
2025-10-31,1575.0,1592.0,1543.0,1592.0,1592.0,28100.0,1544.15,1563.64,1652.8933333333334,1432.445,63.793103448275865,1642.18,-5.399999999999864,11.36999999999989,-0.0876790830945558,1602.0,1549.0,1549.0,1482.0,119000.0
2025-11-01,1575.0,1592.0,1543.0,1592.0,1592.0,28100.0,1543.65,1559.52,1652.8666666666666,1435.03,63.793103448275865,1640.06,-4.093333333333476,11.565000000000056,-0.0834772596430627,1602.0,1592.0,1592.0,1575.0,28100.0
2025-11-02,1575.0,1592.0,1543.0,1592.0,1592.0,28100.0,1543.15,1556.16,1652.3466666666666,1437.74,63.793103448275865,1637.94,-2.7466666666666697,12.325000000000044,-0.0142414860681114,1592.0,1592.0,1592.0,1575.0,28100.0
2025-11-03,1575.0,1592.0,1543.0,1592.0,1592.0,28100.0,1545.05,1554.52,1651.96,1440.325,58.8235294117647,1635.82,-1.6133333333332305,12.884999999999993,-0.0286760219646126,1592.0,1592.0,1592.0,1575.0,28100.0
2025-11-04,1595.0,1651.0,1594.0,1633.0,1633.0,33600.0,1548.35,1555.76,1651.8933333333334,1443.0,63.28671328671329,1634.52,-1.0533333333332848,13.200000000000044,-0.0006119951040391,1633.0,1592.0,1592.0,1575.0,28100.0
2025-11-05,1648.0,1648.0,1597.0,1619.0,1619.0,29400.0,1550.25,1556.44,1651.2,1445.605,59.106529209622,1632.54,-1.6933333333333849,13.160000000000082,-0.0091799265605875,1633.0,1651.0,1633.0,1595.0,33600.0
2025-11-06,1612.0,1633.0,1597.0,1615.0,1615.0,15900.0,1555.4,1556.96,1650.4533333333334,1448.19,65.90038314176246,1630.48,-2.413333333333185,13.160000000000082,-0.0116279069767442,1633.0,1648.0,1619.0,1648.0,29400.0
2025-11-07,1602.0,1607.0,1573.0,1593.0,1593.0,18200.0,1559.45,1556.6,1649.4133333333334,1450.5,60.07194244604317,1627.62,-2.9333333333331666,12.759999999999993,-0.0250917992656058,1633.0,1633.0,1615.0,1612.0,15900.0
2025-11-08,1602.0,1607.0,1573.0,1593.0,1593.0,18200.0,1563.5,1558.16,1648.24,1452.675,60.07194244604317,1625.12,-3.7200000000000273,12.349999999999907,-0.0443911217756448,1633.0,1607.0,1593.0,1602.0,18200.0
2025-11-09,1602.0,1607.0,1573.0,1593.0,1593.0,18200.0,1565.8,1559.2,1647.0666666666666,1454.635,60.07194244604317,1622.62,-4.826666666666824,11.634999999999993,-0.0472488038277512,1633.0,1607.0,1593.0,1602.0,18200.0
2025-11-10,1595.0,1625.0,1585.0,1585.0,1585.0,11700.0,1567.2,1559.36,1645.3333333333333,1456.605,58.245614035087726,1619.96,-5.866666666666788,11.0,-0.0670982931135962,1633.0,1607.0,1593.0,1602.0,18200.0
2025-11-11,1587.0,1594.0,1568.0,1589.0,1589.0,7900.0,1568.35,1562.44,1643.3333333333333,1458.525,77.98165137614679,1616.74,-7.120000000000118,10.335000000000036,-0.0641931684334511,1633.0,1625.0,1585.0,1595.0,11700.0
2025-11-12,1564.0,1564.0,1516.0,1556.0,1556.0,20100.0,1569.55,1564.2,1640.8133333333333,1460.28,65.67796610169492,1612.86,-8.600000000000136,9.779999999999973,-0.0836277974087161,1633.0,1594.0,1589.0,1587.0,7900.0
2025-11-13,1542.0,1556.0,1521.0,1545.0,1545.0,11700.0,1569.95,1565.52,1638.1466666666668,1461.98,48.88888888888889,1608.02,-10.093333333333248,9.305000000000064,-0.0901060070671377,1633.0,1564.0,1556.0,1564.0,20100.0
2025-11-14,1545.0,1552.0,1524.0,1535.0,1535.0,16200.0,1569.85,1565.04,1635.3466666666666,1463.67,30.612244897959187,1602.92,-11.720000000000027,9.035000000000082,-0.0959952885747938,1633.0,1556.0,1545.0,1542.0,11700.0
2025-11-15,1545.0,1552.0,1524.0,1535.0,1535.0,16200.0,1569.75,1564.16,1632.5466666666666,1465.36,30.612244897959187,1598.12,-12.786666666666632,8.754999999999882,-0.1065192083818393,1633.0,1552.0,1535.0,1545.0,16200.0
2025-11-16,1545.0,1552.0,1524.0,1535.0,1535.0,16200.0,1569.6,1562.92,1629.8533333333332,1467.105,30.612244897959187,1593.32,-13.480000000000018,8.579999999999927,-0.1065192083818393,1633.0,1552.0,1535.0,1545.0,16200.0
2025-11-17,1648.0,1648.0,1561.0,1561.0,1561.0,35900.0,1574.3,1564.08,1629.1333333333334,1469.095,41.04046242774567,1589.04,-11.679999999999836,8.815000000000055,-0.1008064516129032,1633.0,1552.0,1535.0,1545.0,16200.0
2025-11-18,1558.0,1582.0,1503.0,1508.0,1508.0,23700.0,1575.6,1562.92,1627.3866666666668,1470.84,16.216216216216225,1584.52,-10.759999999999993,8.8599999999999,-0.1222351571594877,1633.0,1648.0,1561.0,1648.0,35900.0
2025-11-19,1502.0,1523.0,1471.0,1495.0,1495.0,22000.0,1572.9,1561.24,1625.5333333333333,1472.52,16.304347826086953,1581.2,-9.813333333333276,8.849999999999909,-0.129802095459837,1633.0,1582.0,1508.0,1558.0,23700.0
2025-11-20,1523.0,1576.0,1521.0,1565.0,1565.0,18800.0,1571.55,1562.36,1624.6133333333332,1474.55,40.0,1579.9,-7.933333333333394,9.190000000000056,-0.089057043073341,1633.0,1523.0,1495.0,1502.0,22000.0
2025-11-21,1520.0,1534.0,1498.0,1507.0,1507.0,24300.0,1567.3,1561.12,1622.92,1476.29,34.96503496503496,1576.54,-6.933333333333167,9.184999999999944,-0.1388571428571429,1633.0,1576.0,1565.0,1523.0,18800.0
2025-11-22,1520.0,1534.0,1498.0,1507.0,1507.0,24300.0,1563.05,1562.72,1621.2266666666667,1478.03,34.96503496503496,1572.86,-7.906666666666751,8.934999999999945,-0.1388571428571429,1633.0,1534.0,1507.0,1520.0,24300.0
2025-11-23,1520.0,1534.0,1498.0,1507.0,1507.0,24300.0,1558.8,1563.72,1619.0933333333332,1479.735,34.96503496503496,1569.18,-8.293333333333521,8.894999999999982,-0.1566871852266368,1633.0,1534.0,1507.0,1520.0,24300.0
2025-11-24,1520.0,1534.0,1498.0,1507.0,1507.0,24300.0,1552.5,1562.04,1616.8933333333334,1481.47,35.97122302158273,1565.5,-8.639999999999873,8.950000000000045,-0.1581005586592179,1619.0,1534.0,1507.0,1520.0,24300.0
2025-11-25,1547.0,1547.0,1510.0,1510.0,1510.0,17100.0,1547.05,1558.76,1614.3733333333332,1483.105,35.74007220216606,1561.2,-10.240000000000007,8.555000000000064,-0.1492957746478873,1615.0,1534.0,1507.0,1520.0,24300.0
2025-11-26,1510.0,1530.0,1493.0,1503.0,1503.0,19700.0,1541.45,1555.2,1611.7733333333333,1484.705,39.44223107569721,1557.36,-11.14666666666676,8.414999999999964,-0.1532394366197182,1593.0,1547.0,1510.0,1547.0,17100.0
2025-11-27,1500.0,1520.0,1495.0,1515.0,1515.0,13400.0,1537.55,1552.12,1609.3333333333333,1486.365,44.04761904761904,1554.14,-11.89333333333343,8.335000000000036,-0.1464788732394366,1593.0,1530.0,1503.0,1510.0,19700.0
2025-11-28,1521.0,1528.0,1512.0,1520.0,1520.0,12000.0,1533.9,1549.24,1606.96,1488.12,46.96356275303644,1551.88,-12.133333333333212,8.384999999999991,-0.1234140715109572,1593.0,1520.0,1515.0,1500.0,13400.0
2025-11-29,1521.0,1528.0,1512.0,1520.0,1520.0,12000.0,1530.25,1544.72,1604.5866666666666,1489.855,46.96356275303644,1550.24,-12.306666666666844,8.384999999999991,-0.0848886213124623,1589.0,1528.0,1520.0,1521.0,12000.0
2025-11-30,1521.0,1528.0,1512.0,1520.0,1520.0,12000.0,1527.0,1540.76,1601.9466666666667,1491.645,46.96356275303644,1548.6,-12.426666666666506,8.539999999999964,-0.0674846625766871,1589.0,1528.0,1520.0,1521.0,12000.0
2025-12-01,1520.0,1520.0,1487.0,1500.0,1500.0,23800.0,1522.55,1536.16,1599.04,1493.51,37.34439834024896,1546.56,-12.733333333333348,8.805000000000064,-0.1044776119402984,1565.0,1528.0,1520.0,1521.0,12000.0
2025-12-02,1501.0,1510.0,1480.0,1481.0,1481.0,9400.0,1518.8,1531.68,1595.64,1495.38,43.47826086956522,1544.14,-13.693333333333156,9.0150000000001,-0.1241868716735659,1565.0,1520.0,1500.0,1520.0,23800.0
2025-12-03,1479.0,1500.0,1479.0,1486.0,1486.0,9200.0,1515.85,1527.4,1592.5466666666666,1497.275,47.73869346733668,1542.78,-14.413333333333412,9.1550000000002,-0.1212300413956238,1565.0,1510.0,1481.0,1501.0,9400.0
2025-12-04,1485.0,1518.0,1485.0,1496.0,1496.0,13800.0,1513.9,1523.52,1589.5866666666666,1499.22,25.17985611510791,1541.36,-15.0,9.365000000000007,-0.1153163808397398,1565.0,1500.0,1486.0,1479.0,9200.0
2025-12-05,1496.0,1506.0,1486.0,1486.0,1486.0,6600.0,1511.45,1519.56,1586.493333333333,1501.19,38.46153846153846,1539.46,-15.453333333333376,9.545000000000073,-0.1385507246376811,1565.0,1518.0,1496.0,1485.0,13800.0
2025-12-06,1496.0,1506.0,1486.0,1486.0,1486.0,6600.0,1509.0,1515.44,1582.9733333333334,1503.205,38.46153846153846,1538.94,-16.066666666666606,9.694999999999936,-0.1233038348082595,1565.0,1506.0,1486.0,1496.0,6600.0
2025-12-07,1496.0,1506.0,1486.0,1486.0,1486.0,6600.0,1505.25,1512.64,1579.4533333333334,1505.225,38.46153846153846,1538.42,-16.186666666666724,9.8449999999998,-0.1133651551312648,1565.0,1506.0,1486.0,1496.0,6600.0
2025-12-08,1505.0,1508.0,1492.0,1507.0,1507.0,14200.0,1505.2,1511.12,1575.72,1507.37,50.0,1538.32,-16.826666666666597,10.0949999999998,-0.0771586037966931,1565.0,1506.0,1486.0,1496.0,6600.0
2025-12-09,1503.0,1519.0,1479.0,1485.0,1485.0,23600.0,1504.7,1509.12,1571.6533333333334,1509.32,40.458015267175576,1537.08,-17.933333333333167,10.099999999999907,-0.0730337078651685,1565.0,1508.0,1507.0,1505.0,14200.0
2025-12-10,1481.0,1504.0,1438.0,1453.0,1453.0,38800.0,1499.1,1505.84,1567.36,1511.11,33.97435897435898,1535.0,-19.13333333333344,9.919999999999844,-0.0930087390761548,1520.0,1519.0,1485.0,1503.0,23600.0
2025-12-11,1445.0,1453.0,1399.0,1399.0,1399.0,29000.0,1493.7,1500.4,1562.3466666666666,1512.63,20.7070707070707,1531.66,-20.62666666666678,9.425000000000182,-0.1267166042446941,1520.0,1504.0,1453.0,1481.0,38800.0
2025-12-12,1412.0,1420.0,1377.0,1383.0,1383.0,30500.0,1487.5,1493.28,1557.12,1514.025,17.224880382775126,1528.68,-22.333333333333485,8.800000000000182,-0.1367041198501872,1520.0,1453.0,1399.0,1445.0,29000.0
2025-12-13,1412.0,1420.0,1377.0,1383.0,1383.0,30500.0,1481.3,1488.28,1552.44,1515.4,17.224880382775126,1525.6,-23.279999999999973,8.0300000000002,-0.11003861003861,1520.0,1420.0,1383.0,1412.0,30500.0
2025-12-14,1412.0,1420.0,1377.0,1383.0,1383.0,30500.0,1475.1,1483.8,1548.7333333333331,1516.795,17.224880382775126,1522.52,-22.92000000000008,7.475000000000136,-0.1174218251435864,1520.0,1420.0,1383.0,1412.0,30500.0
2025-12-15,1375.0,1420.0,1375.0,1420.0,1420.0,29400.0,1470.6,1478.0,1545.9333333333334,1518.36,32.30088495575221,1520.18,-21.426666666666502,7.25,-0.1018342820999367,1520.0,1420.0,1383.0,1412.0,30500.0
2025-12-16,1420.0,1420.0,1391.0,1413.0,1413.0,28800.0,1466.1,1474.24,1542.44,1519.61,34.11214953271029,1517.68,-19.906666666666524,6.979999999999791,-0.0654761904761904,1520.0,1420.0,1420.0,1375.0,29400.0
2025-12-17,1413.0,1418.0,1401.0,1401.0,1401.0,8400.0,1460.4,1470.0,1538.5733333333333,1520.8,30.769230769230774,1516.36,-18.546666666666624,6.774999999999864,-0.0734126984126983,1520.0,1420.0,1413.0,1420.0,28800.0
2025-12-18,1399.0,1408.0,1380.0,1399.0,1399.0,25200.0,1454.35,1465.68,1534.68,1521.98,27.23004694835681,1514.7,-17.75999999999999,6.579999999999927,-0.0747354497354497,1520.0,1418.0,1401.0,1413.0,8400.0
2025-12-19,1399.0,1408.0,1391.0,1397.0,1397.0,18100.0,1448.2,1461.28,1530.76,1523.435,28.292682926829272,1511.66,-17.973333333333358,6.639999999999873,-0.096961861667744,1520.0,1408.0,1399.0,1399.0,25200.0
2025-12-20,1399.0,1408.0,1391.0,1397.0,1397.0,18100.0,1442.05,1456.76,1526.3866666666668,1524.815,28.292682926829272,1507.76,-19.546666666666624,6.455000000000155,-0.1027617212588311,1507.0,1408.0,1397.0,1399.0,18100.0
2025-12-21,1399.0,1408.0,1391.0,1397.0,1397.0,18100.0,1436.9,1452.52,1522.4133333333334,1526.125,28.292682926829272,1503.86,-20.02666666666664,6.5150000000001,-0.1079182630906768,1507.0,1408.0,1397.0,1399.0,18100.0
2025-12-22,1404.0,1422.0,1395.0,1398.0,1398.0,19700.0,1432.75,1447.84,1518.7066666666667,1527.37,20.540540540540547,1499.98,-19.86666666666656,6.569999999999936,-0.087467362924282,1507.0,1408.0,1397.0,1399.0,18100.0
2025-12-23,1399.0,1410.0,1399.0,1407.0,1407.0,15700.0,1428.8,1443.32,1515.6933333333334,1528.6,27.325581395348834,1496.28,-18.98666666666668,6.619999999999891,-0.084580351333767,1507.0,1422.0,1398.0,1404.0,19700.0
2025-12-24,1407.0,1419.0,1400.0,1419.0,1419.0,38400.0,1424.95,1439.28,1513.253333333333,1529.89,38.815789473684205,1492.0,-17.50666666666666,6.455000000000155,-0.0767729342875731,1507.0,1410.0,1407.0,1399.0,15700.0
2025-12-25,1431.0,1435.0,1412.0,1425.0,1425.0,29600.0,1421.9,1435.48,1510.8933333333334,1531.21,62.50000000000001,1488.12,-15.49333333333334,6.394999999999982,-0.0728692257644763,1507.0,1419.0,1419.0,1407.0,38400.0
2025-12-26,1420.0,1486.0,1420.0,1464.0,1464.0,51100.0,1420.8,1434.04,1509.0533333333333,1532.655,81.88976377952756,1485.1,-13.360000000000127,6.529999999999973,-0.048114434330299,1507.0,1435.0,1425.0,1431.0,29600.0
2025-12-27,1420.0,1486.0,1420.0,1464.0,1464.0,51100.0,1419.7,1433.36,1507.2133333333334,1534.0,81.88976377952756,1482.52,-11.49333333333334,6.630000000000109,-0.002044989775051,1507.0,1486.0,1464.0,1420.0,51100.0
2025-12-28,1420.0,1486.0,1420.0,1464.0,1464.0,51100.0,1417.55,1432.48,1506.013333333333,1535.16,81.88976377952756,1479.94,-9.680000000000064,6.560000000000173,-0.0121457489878542,1485.0,1486.0,1464.0,1420.0,51100.0
2025-12-29,1484.0,1484.0,1446.0,1470.0,1470.0,33200.0,1416.8,1431.44,1504.72,1536.32,76.04166666666667,1477.48,-8.533333333333303,6.429999999999836,-0.0510006455777921,1470.0,1486.0,1464.0,1420.0,51100.0
2025-12-30,1482.0,1482.0,1445.0,1445.0,1445.0,20500.0,1416.4,1429.8,1502.9066666666668,1537.57,64.03508771929825,1474.68,-7.986666666666679,6.3599999999999,-0.0923366834170854,1470.0,1484.0,1470.0,1484.0,33200.0
2025-12-31,1482.0,1482.0,1445.0,1445.0,1445.0,20500.0,1418.7,1428.16,1502.013333333333,1538.82,71.56862745098039,1471.8,-7.039999999999964,6.164999999999964,-0.0923366834170854,1470.0,1482.0,1445.0,1482.0,20500.0
2026-01-01,1482.0,1482.0,1445.0,1445.0,1445.0,20500.0,1421.8,1426.52,1501.12,1540.07,73.0,1469.58,-6.093333333333476,6.069999999999936,-0.0923366834170854,1470.0,1482.0,1445.0,1482.0,20500.0
2026-01-02,1482.0,1482.0,1445.0,1445.0,1445.0,20500.0,1424.9,1424.04,1500.2266666666667,1541.295,74.48979591836735,1467.58,-5.786666666666633,6.134999999999991,-0.0923366834170854,1470.0,1482.0,1445.0,1482.0,20500.0
2026-01-03,1482.0,1482.0,1445.0,1445.0,1445.0,20500.0,1428.0,1422.44,1498.8666666666666,1542.31,74.48979591836735,1465.78,-5.853333333333467,5.990000000000009,-0.1151255358236374,1470.0,1482.0,1445.0,1482.0,20500.0
2026-01-04,1482.0,1482.0,1445.0,1445.0,1445.0,20500.0,1429.25,1422.12,1497.3733333333332,1543.42,74.48979591836735,1463.98,-5.53333333333353,5.850000000000136,-0.1074737492279184,1470.0,1482.0,1445.0,1482.0,20500.0
2026-01-05,1460.0,1465.0,1431.0,1432.0,1432.0,23900.0,1430.2,1423.44,1495.5866666666666,1544.455,65.45454545454545,1461.92,-6.426666666666733,5.634999999999991,-0.1133126934984519,1470.0,1482.0,1445.0,1482.0,20500.0
2026-01-06,1449.0,1450.0,1436.0,1440.0,1440.0,11500.0,1432.15,1425.72,1494.36,1545.53,65.13761467889908,1459.5,-6.759999999999991,5.460000000000036,-0.096045197740113,1470.0,1465.0,1432.0,1460.0,23900.0
2026-01-07,1440.0,1460.0,1435.0,1435.0,1435.0,18800.0,1433.95,1427.8,1493.0,1546.58,57.843137254901954,1458.04,-7.226666666666688,5.284999999999855,-0.0991839296924043,1470.0,1450.0,1440.0,1449.0,11500.0
2026-01-08,1446.0,1470.0,1443.0,1446.0,1446.0,12000.0,1436.4,1430.32,1491.7866666666666,1547.685,59.81308411214953,1457.06,-7.079999999999927,5.375,-0.0922787193973634,1470.0,1460.0,1435.0,1440.0,18800.0
2026-01-09,1446.0,1518.0,1446.0,1474.0,1474.0,60600.0,1440.25,1432.48,1490.9466666666667,1548.905,55.208333333333336,1455.24,-6.426666666666506,5.4849999999999,-0.0700315457413249,1474.0,1470.0,1446.0,1446.0,12000.0
2026-01-10,1446.0,1518.0,1446.0,1474.0,1474.0,60600.0,1444.1,1434.92,1490.0933333333332,1549.94,55.208333333333336,1454.58,-5.493333333333339,5.485000000000127,-0.0723725613593455,1474.0,1518.0,1474.0,1446.0,60600.0
2026-01-11,1446.0,1518.0,1446.0,1474.0,1474.0,60600.0,1447.9,1437.84,1490.1866666666667,1550.71,55.208333333333336,1453.92,-4.173333333333176,5.180000000000064,-0.0526992287917738,1474.0,1518.0,1474.0,1446.0,60600.0
2026-01-12,1446.0,1518.0,1446.0,1474.0,1474.0,60600.0,1451.25,1440.84,1490.08,1551.36,52.22222222222223,1453.26,-2.9200000000000728,4.779999999999973,-0.0459546925566343,1474.0,1518.0,1474.0,1446.0,60600.0
2026-01-13,1514.0,1514.0,1489.0,1509.0,1509.0,22600.0,1455.75,1445.32,1489.5466666666666,1552.145,82.0,1453.3,-2.240000000000009,4.460000000000036,-0.0169381107491857,1509.0,1518.0,1474.0,1446.0,60600.0
2026-01-14,1513.0,1525.0,1496.0,1513.0,1513.0,27200.0,1460.15,1449.96,1488.493333333333,1552.95,82.6923076923077,1453.36,-2.453333333333376,4.045000000000073,-0.0143322475570032,1513.0,1514.0,1509.0,1514.0,22600.0
2026-01-15,1525.0,1545.0,1516.0,1545.0,1545.0,14200.0,1464.2,1455.88,1487.8666666666666,1553.915,86.76470588235294,1454.2,-2.226666666666688,3.974999999999909,0.006514657980456,1545.0,1525.0,1513.0,1513.0,27200.0
2026-01-16,1548.0,1596.0,1548.0,1596.0,1596.0,25800.0,1470.8,1463.8,1487.92,1555.145,90.37433155080214,1455.82,-2.2666666666666515,4.434999999999945,0.0224215246636771,1596.0,1545.0,1545.0,1525.0,14200.0
2026-01-17,1548.0,1596.0,1548.0,1596.0,1596.0,25800.0,1477.4,1471.36,1487.9733333333334,1556.35,90.37433155080214,1457.34,-2.1066666666665697,4.990000000000009,0.0583554376657824,1596.0,1596.0,1596.0,1548.0,25800.0
2026-01-18,1548.0,1596.0,1548.0,1596.0,1596.0,25800.0,1483.7,1478.44,1487.48,1557.625,90.37433155080214,1458.86,-2.066666666666606,5.480000000000018,0.0675585284280937,1596.0,1596.0,1596.0,1548.0,25800.0
2026-01-19,1598.0,1598.0,1515.0,1551.0,1551.0,38500.0,1489.0,1483.48,1486.5733333333333,1558.58,77.1689497716895,1459.48,-1.9200000000000728,5.629999999999882,-0.0089456869009584,1596.0,1596.0,1596.0,1548.0,25800.0
2026-01-20,1551.0,1585.0,1517.0,1529.0,1529.0,66200.0,1493.2,1486.08,1485.4266666666667,1559.425,69.09871244635193,1460.06,-2.439999999999827,5.509999999999991,0.0145985401459853,1596.0,1598.0,1551.0,1598.0,38500.0
2026-01-21,1513.0,1526.0,1493.0,1503.0,1503.0,25000.0,1496.1,1487.64,1484.2266666666667,1560.14,63.38582677165354,1460.5,-3.693333333333385,4.995000000000118,-0.0026542800265427,1596.0,1585.0,1529.0,1551.0,66200.0
2026-01-22,1527.0,1591.0,1516.0,1590.0,1590.0,26800.0,1503.35,1492.68,1484.1866666666667,1561.29,71.81818181818181,1462.58,-3.786666666666633,4.940000000000055,0.055076310550763,1596.0,1526.0,1503.0,1513.0,25000.0
2026-01-23,1590.0,1597.0,1559.0,1560.0,1560.0,21200.0,1509.1,1496.28,1483.746666666667,1562.265,62.95180722891566,1463.86,-3.733333333333349,4.6400000000001,0.035169210351692,1596.0,1591.0,1590.0,1527.0,26800.0
2026-01-24,1590.0,1597.0,1559.0,1560.0,1560.0,21200.0,1514.85,1500.88,1483.4133333333334,1563.135,62.95180722891566,1465.34,-3.1599999999998545,4.555000000000064,0.0331125827814569,1596.0,1597.0,1560.0,1590.0,21200.0
2026-01-25,1590.0,1597.0,1559.0,1560.0,1560.0,21200.0,1521.25,1505.48,1483.0266666666666,1563.835,62.95180722891566,1466.82,-2.400000000000091,4.410000000000082,0.0379241516966066,1596.0,1597.0,1560.0,1590.0,21200.0
2026-01-26,1530.0,1539.0,1490.0,1497.0,1497.0,47300.0,1524.1,1507.56,1482.24,1564.195,52.91139240506329,1467.04,-1.9866666666666788,4.054999999999836,-0.0118811881188118,1596.0,1597.0,1560.0,1590.0,21200.0
2026-01-27,1489.0,1499.0,1481.0,1485.0,1485.0,13100.0,1526.6,1509.16,1481.44,1564.32,46.7741935483871,1466.6,-2.7466666666666697,3.0299999999999727,-0.0230263157894736,1596.0,1539.0,1497.0,1530.0,47300.0
2026-01-28,1481.0,1486.0,1464.0,1480.0,1480.0,23900.0,1528.3,1510.56,1480.7066666666667,1564.42,45.57640750670242,1466.5,-3.039999999999964,2.1549999999999727,-0.0263157894736841,1596.0,1499.0,1485.0,1489.0,13100.0
2026-01-29,1475.0,1486.0,1465.0,1480.0,1480.0,23900.0,1528.6,1511.96,1479.9733333333334,1564.52,40.469208211143695,1467.04,-3.4400000000000546,1.384999999999991,-0.0263157894736841,1596.0,1486.0,1480.0,1481.0,23900.0
2026-01-30,1480.0,1481.0,1460.0,1475.0,1475.0,20500.0,1528.65,1513.68,1479.1733333333334,1564.455,29.491525423728817,1468.56,-3.85333333333324,0.6199999999998909,-0.0166666666666667,1596.0,1486.0,1480.0,1475.0,23900.0
2026-01-31,1480.0,1481.0,1460.0,1475.0,1475.0,20500.0,1528.7,1515.08,1478.0266666666666,1564.145,29.491525423728817,1470.4,-4.213333333333367,-0.0499999999999545,-0.0040513166779203,1596.0,1481.0,1475.0,1480.0,20500.0
2026-02-01,1480.0,1481.0,1460.0,1475.0,1475.0,20500.0,1528.75,1516.68,1477.5866666666666,1564.075,29.491525423728817,1472.24,-3.8533333333334654,-0.2449999999998908,-0.0074024226110362,1596.0,1481.0,1475.0,1480.0,20500.0
2026-02-02,1497.0,1510.0,1440.0,1444.0,1444.0,37400.0,1525.5,1516.6,1476.9066666666668,1563.935,30.960854092526688,1473.46,-3.7999999999999545,-0.4850000000001273,-0.03475935828877,1596.0,1481.0,1475.0,1480.0,20500.0
2026-02-03,1465.0,1487.0,1465.0,1487.0,1487.0,18000.0,1524.2,1517.12,1475.8666666666666,1563.97,43.04635761589404,1474.8,-4.106666666666797,-0.5499999999999545,0.0006729475100941,1596.0,1510.0,1444.0,1497.0,37400.0
2026-02-04,1485.0,1498.0,1465.0,1482.0,1482.0,20700.0,1521.05,1517.44,1475.5333333333333,1563.98,46.263345195729535,1476.18,-3.6400000000001,-0.474999999999909,-0.0026917900403768,1596.0,1487.0,1487.0,1465.0,18000.0
2026-02-05,1579.0,1664.0,1554.0,1623.0,1623.0,123200.0,1522.4,1523.4,1477.08,1564.695,54.92537313432836,1480.62,-0.9466666666667152,0.5499999999999545,0.092193808882907,1623.0,1498.0,1482.0,1485.0,20700.0
2026-02-06,1622.0,1622.0,1528.0,1563.0,1563.0,51000.0,1520.75,1526.96,1477.8266666666666,1565.11,50.41095890410959,1483.9,0.2400000000000091,1.0349999999998545,0.0371599203715991,1623.0,1664.0,1623.0,1579.0,123200.0
2026-02-07,1622.0,1622.0,1528.0,1563.0,1563.0,51000.0,1519.1,1529.12,1478.5733333333333,1565.575,50.41095890410959,1487.22,1.666666666666515,1.6400000000001,0.0525252525252524,1623.0,1622.0,1563.0,1622.0,51000.0
2026-02-08,1622.0,1622.0,1528.0,1563.0,1563.0,51000.0,1519.7,1531.12,1479.28,1565.915,50.41095890410959,1490.54,3.413333333333412,1.9449999999999363,0.075705437026841,1623.0,1622.0,1563.0,1622.0,51000.0
2026-02-09,1600.0,1600.0,1560.0,1577.0,1577.0,27700.0,1522.1,1532.4,1480.2666666666669,1566.245,62.65822784810126,1494.14,4.7333333333333485,2.2649999999998727,0.1272337383845603,1623.0,1622.0,1563.0,1622.0,51000.0
2026-02-10,1666.0,1680.0,1645.0,1650.0,1650.0,56300.0,1529.45,1534.56,1482.0666666666666,1566.92,71.88328912466844,1499.18,4.986666666666679,2.2250000000001364,0.1930585683297179,1650.0,1600.0,1577.0,1600.0,27700.0
2026-02-11,1666.0,1680.0,1645.0,1650.0,1650.0,56300.0,1532.45,1536.72,1483.8,1567.595,72.84946236559139,1504.04,5.973333333333358,2.485000000000128,0.1930585683297179,1650.0,1680.0,1650.0,1666.0,56300.0
2026-02-12,1690.0,1738.0,1656.0,1738.0,1738.0,55000.0,1541.35,1542.4,1486.7066666666667,1568.71,78.04347826086956,1510.42,8.13333333333344,3.134999999999991,0.2566883586406363,1738.0,1680.0,1650.0,1666.0,56300.0
2026-02-13,1711.0,1718.0,1670.0,1671.0,1671.0,53100.0,1546.9,1547.2,1488.72,1569.435,68.77394636015326,1515.34,9.440000000000056,3.519999999999982,0.1767605633802818,1738.0,1738.0,1738.0,1690.0,55000.0
2026-02-14,1711.0,1718.0,1670.0,1671.0,1671.0,53100.0,1552.45,1552.88,1491.0,1570.19,68.77394636015326,1519.48,10.733333333333348,3.945000000000164,0.1825902335456475,1738.0,1718.0,1671.0,1711.0,53100.0
2026-02-15,1711.0,1718.0,1670.0,1671.0,1671.0,53100.0,1561.15,1559.6,1493.5333333333333,1570.925,68.77394636015326,1523.62,11.466666666666695,4.004999999999882,0.1927194860813703,1738.0,1718.0,1671.0,1711.0,53100.0
2026-02-16,1700.0,1700.0,1577.0,1605.0,1605.0,85500.0,1567.15,1560.2,1495.12,1571.195,64.4524236983842,1526.44,11.319999999999936,3.599999999999909,0.1472480343102216,1738.0,1718.0,1671.0,1711.0,53100.0
2026-02-17,1605.0,1708.0,1591.0,1694.0,1694.0,58900.0,1577.85,1565.56,1497.76,1571.91,67.16417910447761,1530.92,11.053333333333285,3.200000000000045,0.2125984251968504,1738.0,1700.0,1605.0,1700.0,85500.0
2026-02-21,1703.0,1752.0,1700.0,1740.0,1740.0,40300.0,1627.6,1597.48,1510.2266666666667,1575.05,69.281045751634,1553.32,15.106666666666795,3.855000000000018,0.2366737739872069,1740.0,1752.0,1740.0,1703.0,40300.0
2026-02-22,1703.0,1752.0,1700.0,1740.0,1740.0,40300.0,1642.4,1607.88,1513.6266666666668,1575.585,69.281045751634,1559.22,15.866666666666788,3.6749999999999545,0.2262156448202958,1740.0,1752.0,1740.0,1703.0,40300.0
2026-02-23,1703.0,1752.0,1700.0,1740.0,1740.0,40300.0,1655.05,1618.28,1517.4533333333334,1576.23,68.31460674157303,1565.12,17.026666666666642,3.644999999999982,0.2210526315789474,1740.0,1752.0,1740.0,1703.0,40300.0
2026-02-18,1699.0,1711.0,1686.0,1686.0,1686.0,28700.0,,,,,,,,,,,,,,
2026-02-19,1694.0,1743.0,1690.0,1734.0,1734.0,34700.0,,,,,,,,,,,,,,
2026-02-20,1703.0,1752.0,1700.0,1740.0,1740.0,40300.0,,,,,,,,,,,,,,
2026-02-24,1752.0,1770.0,1722.0,1732.0,1732.0,27700.0,,,,,,,,,,,,,,
2026-02-25,1740.0,1754.0,1702.0,1702.0,1702.0,25800.0,,,,,,,,,,,,,,
2026-02-26,1719.0,1760.0,1695.0,1748.0,1748.0,36100.0,,,,,,,,,,,,,,
2026-02-27,1720.0,1759.0,1704.0,1758.0,1758.0,26700.0,,,,,,,,,,,,,,
2026-03-02,1720.0,1751.0,1695.0,1747.0,1747.0,21700.0,,,,,,,,,,,,,,
2026-03-03,1732.0,1735.0,1638.0,1641.0,1641.0,36200.0,,,,,,,,,,,,,,
2026-03-04,1599.0,1601.0,1492.0,1555.0,1555.0,67000.0,,,,,,,,,,,,,,
2026-03-05,1625.0,1657.0,1604.0,1627.0,1627.0,20100.0,,,,,,,,,,,,,,
2026-03-06,1599.0,1642.0,1584.0,1635.0,1635.0,18200.0,,,,,,,,,,,,,,
