Date,Open,High,Low,Close,Adj Close,Volume,MA20,MA25,MA75,MA200,RSI14,MA50,MA75_slope,MA200_slope,Ret60,High20,PrevHigh,PrevClose,PrevOpen,PrevVolume
2020-02-25,303.0,323.0,299.0,302.0,274.6569519042969,232800.0,,,,,50.0,,,,,,,,,
2020-02-26,304.0,342.0,300.0,306.0,278.2947692871094,372200.0,,,,,50.0,,,,,,323.0,302.0,303.0,232800.0
2020-02-27,306.0,311.0,293.0,294.0,267.3811950683594,167200.0,,,,,50.0,,,,,,342.0,306.0,304.0,372200.0
2020-02-28,279.0,285.0,267.0,269.0,244.64474487304688,257300.0,,,,,50.0,,,,,,311.0,294.0,306.0,167200.0
2020-02-29,279.0,285.0,267.0,269.0,244.64474487304688,257300.0,,,,,50.0,,,,,,285.0,269.0,279.0,257300.0
2020-03-01,279.0,285.0,267.0,269.0,244.64474487304688,257300.0,,,,,50.0,,,,,,285.0,269.0,279.0,257300.0
2020-03-02,285.0,309.0,278.0,295.0,268.2906799316406,133000.0,,,,,50.0,,,,,,285.0,269.0,279.0,257300.0
2020-03-03,300.0,310.0,283.0,283.0,257.3771667480469,111900.0,,,,,50.0,,,,,,309.0,295.0,285.0,133000.0
2020-03-04,278.0,292.0,276.0,287.0,261.0150451660156,51900.0,,,,,50.0,,,,,,310.0,283.0,300.0,111900.0
2020-03-05,292.0,293.0,282.0,283.0,257.3771667480469,63400.0,,,,,50.0,,,,,,292.0,287.0,278.0,51900.0
2020-03-06,279.0,284.0,274.0,275.0,250.1015167236328,94900.0,,,,,50.0,,,,,,293.0,283.0,292.0,63400.0
2020-03-07,279.0,284.0,274.0,275.0,250.1015167236328,94900.0,,,,,50.0,,,,,,284.0,275.0,279.0,94900.0
2020-03-08,279.0,284.0,274.0,275.0,250.1015167236328,94900.0,,,,,50.0,,,,,,284.0,275.0,279.0,94900.0
2020-03-09,261.0,266.0,231.0,236.0,214.632553100586,279900.0,,,,,50.0,,,,,,284.0,275.0,279.0,94900.0
2020-03-10,229.0,249.0,200.0,239.0,217.3609313964844,509200.0,,,,,27.007299270073005,,,,,,266.0,236.0,261.0,279900.0
2020-03-11,237.0,249.0,227.0,230.0,209.17579650878903,89100.0,,,,,23.239436619718305,,,,,,249.0,239.0,229.0,509200.0
2020-03-12,220.0,234.0,213.0,215.0,195.53390502929688,168700.0,,,,,22.75862068965517,,,,,,249.0,230.0,237.0,89100.0
2020-03-13,203.0,204.0,180.0,200.0,181.8919982910156,217600.0,,,,,24.444444444444443,,,,,,234.0,215.0,220.0,168700.0
2020-03-14,203.0,204.0,180.0,200.0,181.8919982910156,217600.0,,,,,24.444444444444443,,,,,,204.0,200.0,203.0,217600.0
2020-03-15,203.0,204.0,180.0,200.0,181.8919982910156,217600.0,260.1,,,,24.444444444444443,,,,,306.0,204.0,200.0,203.0,217600.0
2020-03-16,216.0,216.0,195.0,195.0,177.34471130371094,157400.0,254.75,,,,6.140350877192972,,,,,306.0,204.0,200.0,203.0,217600.0
2020-03-17,185.0,208.0,175.0,203.0,184.6203765869141,164200.0,249.6,,,,13.63636363636364,,,,,295.0,216.0,195.0,216.0,157400.0
2020-03-18,206.0,218.0,206.0,218.0,198.2622833251953,92200.0,245.8,,,,21.487603305785115,,,,,295.0,208.0,203.0,185.0,164200.0
2020-03-19,216.0,219.0,208.0,210.0,190.98660278320312,86100.0,242.85,,,,20.8,,,,,295.0,218.0,218.0,206.0,92200.0
2020-03-20,216.0,219.0,208.0,210.0,190.98660278320312,86100.0,239.9,249.52,,,22.22222222222221,,,,,295.0,219.0,210.0,216.0,86100.0
2020-03-21,216.0,219.0,208.0,210.0,190.98660278320312,86100.0,236.95,245.84,,,22.22222222222221,,,,,295.0,219.0,210.0,216.0,86100.0
2020-03-22,216.0,219.0,208.0,210.0,190.98660278320312,86100.0,232.7,242.0,,,22.22222222222221,,,,,287.0,219.0,210.0,216.0,86100.0
2020-03-23,216.0,216.0,201.0,206.0,187.3487548828125,45400.0,228.85,238.48,,,31.707317073170746,,,,,287.0,219.0,210.0,216.0,86100.0
2020-03-24,214.0,219.0,212.0,213.0,193.7149810791016,35100.0,225.15,236.24,,,34.88372093023256,,,,,283.0,216.0,206.0,216.0,45400.0
2020-03-25,223.0,243.0,223.0,242.0,220.08932495117188,72500.0,223.1,235.16,,,55.66037735849056,,,,,275.0,219.0,213.0,214.0,35100.0
2020-03-26,227.0,238.0,222.0,225.0,204.6285095214844,43600.0,220.6,233.4,,,54.629629629629626,,,,,275.0,243.0,242.0,223.0,72500.0
2020-03-27,241.0,242.0,231.0,237.0,215.54200744628903,63800.0,218.7,231.08,,,67.61904761904762,,,,,275.0,238.0,225.0,227.0,43600.0
2020-03-28,241.0,242.0,231.0,237.0,215.54200744628903,63800.0,216.8,229.24,,,67.61904761904762,,,,,242.0,242.0,237.0,241.0,63800.0
2020-03-29,241.0,242.0,231.0,237.0,215.54200744628903,63800.0,216.85,227.24,,,67.61904761904762,,,,,242.0,242.0,237.0,241.0,63800.0
2020-03-30,225.0,233.0,220.0,223.0,206.29129028320312,34000.0,216.05,224.84,,,62.280701754385966,,,,,242.0,242.0,237.0,241.0,63800.0
2020-03-31,234.0,240.0,223.0,223.0,206.29129028320312,20900.0,215.7,222.76,,,59.43396226415094,,,,,242.0,233.0,223.0,225.0,34000.0
2020-04-01,219.0,230.0,213.0,219.0,202.59100341796875,26200.0,215.9,220.52,,,50.52631578947368,,,,,242.0,240.0,223.0,234.0,20900.0
2020-04-02,212.0,220.0,205.0,211.0,195.1904296875,50100.0,216.45,217.96,,,50.52631578947368,,,,,242.0,230.0,219.0,219.0,26200.0
2020-04-03,207.0,212.0,194.0,205.0,189.6399688720703,75000.0,216.7,216.72,,,47.52475247524752,,,,,242.0,220.0,211.0,212.0,50100.0
2020-04-04,207.0,212.0,194.0,205.0,189.6399688720703,75000.0,216.95,215.36,,,47.52475247524752,,,,,242.0,212.0,205.0,207.0,75000.0
2020-04-05,207.0,212.0,194.0,205.0,189.6399688720703,75000.0,217.45,214.36,,,47.52475247524752,,,,,242.0,212.0,205.0,207.0,75000.0
2020-04-06,196.0,215.0,193.0,212.0,196.1154937744141,40600.0,217.9,214.24,,,52.88461538461538,,,,,242.0,212.0,205.0,207.0,75000.0
2020-04-07,212.0,223.0,208.0,222.0,205.36622619628903,40500.0,218.1,215.12,,,54.20560747663552,,,,,242.0,215.0,212.0,196.0,40600.0
2020-04-08,220.0,235.0,216.0,229.0,211.8417358398437,33600.0,219.05,216.28,,,42.35294117647059,,,,,242.0,223.0,222.0,212.0,40500.0
2020-04-09,225.0,234.0,225.0,231.0,213.6918792724609,24300.0,220.1,217.52,,,54.285714285714285,,,,,242.0,235.0,229.0,220.0,33600.0
2020-04-10,227.0,234.0,223.0,228.0,210.91665649414065,34100.0,221.0,218.84,,,42.62295081967213,,,,,242.0,234.0,231.0,225.0,24300.0
2020-04-11,227.0,234.0,223.0,228.0,210.91665649414065,34100.0,221.9,219.84,,,42.62295081967213,,,,,242.0,234.0,228.0,227.0,34100.0
2020-04-12,227.0,234.0,223.0,228.0,210.91665649414065,34100.0,223.0,220.24,,,42.62295081967213,,,,,242.0,234.0,228.0,227.0,34100.0
2020-04-13,225.0,231.0,225.0,226.0,209.06651306152344,18700.0,223.65,220.88,,,53.06122448979592,,,,,242.0,234.0,228.0,227.0,34100.0
2020-04-14,228.0,229.0,222.0,223.0,206.29129028320312,68700.0,222.7,221.4,,,50.0,235.46,,,,237.0,231.0,226.0,225.0,18700.0
2020-04-15,225.0,228.0,225.0,226.0,209.06651306152344,32500.0,222.75,222.04,,,56.86274509803922,233.94,,,,237.0,229.0,223.0,228.0,68700.0
2020-04-16,227.0,242.0,223.0,240.0,222.0175323486328,39900.0,222.9,223.24,,,75.43859649122807,232.62,,,,240.0,228.0,226.0,225.0,32500.0
2020-04-17,238.0,250.0,234.0,234.0,216.4670867919922,48600.0,222.75,224.36,,,75.43859649122807,231.42,,,,240.0,242.0,240.0,227.0,39900.0
2020-04-18,238.0,250.0,234.0,234.0,216.4670867919922,48600.0,222.6,225.2,,,75.43859649122807,230.72,,,,240.0,250.0,234.0,238.0,48600.0
2020-04-19,238.0,250.0,234.0,234.0,216.4670867919922,48600.0,223.15,224.88,,,75.43859649122807,230.02,,,,240.0,250.0,234.0,238.0,48600.0
2020-04-20,236.0,242.0,235.0,236.0,218.3172607421875,18300.0,223.8,225.32,,,73.07692307692308,229.36,,,,240.0,250.0,234.0,238.0,48600.0
2020-04-21,237.0,237.0,226.0,227.0,209.9915771484375,15600.0,224.2,224.92,,,54.90196078431373,228.0,,,,240.0,242.0,236.0,236.0,18300.0
2020-04-22,231.0,231.0,221.0,223.0,206.29129028320312,17900.0,224.8,224.36,,,43.75,226.8,,,,240.0,237.0,227.0,237.0,15600.0
2020-04-23,224.0,231.0,223.0,231.0,213.6918792724609,10200.0,226.1,224.12,,,50.0,225.68,,,,240.0,231.0,223.0,231.0,17900.0
2020-04-24,232.0,238.0,231.0,231.0,213.6918792724609,16300.0,227.4,224.44,,,52.94117647058823,224.64,,,,240.0,231.0,231.0,224.0,10200.0
2020-04-25,232.0,238.0,231.0,231.0,213.6918792724609,16300.0,228.7,224.76,,,52.94117647058823,223.76,,,-0.2350993377483443,240.0,238.0,231.0,232.0,16300.0
2020-04-26,232.0,238.0,231.0,231.0,213.6918792724609,16300.0,229.65,225.24,,,52.94117647058823,222.88,,,-0.2450980392156863,240.0,238.0,231.0,232.0,16300.0
2020-04-27,235.0,239.0,233.0,236.0,218.3172607421875,17700.0,230.35,226.24,,,59.25925925925926,222.1,,,-0.1972789115646258,240.0,238.0,231.0,232.0,16300.0
2020-04-28,242.0,242.0,233.0,241.0,222.94259643554688,23600.0,230.95,227.68,,,66.07142857142857,222.2,,,-0.104089219330855,241.0,239.0,236.0,235.0,17700.0
2020-04-29,242.0,242.0,233.0,241.0,222.94259643554688,23600.0,231.45,229.12,,,64.15094339622641,222.24,,,-0.104089219330855,241.0,242.0,241.0,242.0,23600.0
2020-04-30,245.0,251.0,237.0,242.0,223.86767578125,86800.0,232.15,230.6,,,52.5,222.48,,,-0.1003717472118959,242.0,242.0,241.0,242.0,23600.0
2020-05-01,246.0,246.0,238.0,238.0,220.1673889160156,43800.0,232.65,231.64,,,55.26315789473684,222.94,,,-0.1932203389830508,242.0,251.0,242.0,245.0,86800.0
2020-05-02,246.0,246.0,238.0,238.0,220.1673889160156,43800.0,233.15,232.28,,,55.26315789473684,223.7,,,-0.1590106007067138,242.0,246.0,238.0,246.0,43800.0
2020-05-03,246.0,246.0,238.0,238.0,220.1673889160156,43800.0,233.75,232.64,,,55.26315789473684,224.46,,,-0.1707317073170732,242.0,246.0,238.0,246.0,43800.0
2020-05-04,246.0,246.0,238.0,238.0,220.1673889160156,43800.0,234.5,232.92,,,52.777777777777786,225.22,,,-0.1590106007067138,242.0,246.0,238.0,246.0,43800.0
2020-05-05,246.0,246.0,238.0,238.0,220.1673889160156,43800.0,235.1,233.32,,,70.37037037037038,226.08,,,-0.1345454545454545,242.0,246.0,238.0,246.0,43800.0
2020-05-06,246.0,246.0,238.0,238.0,220.1673889160156,43800.0,235.0,233.72,,,82.6086956521739,226.78,,,-0.1345454545454545,242.0,246.0,238.0,246.0,43800.0
2020-05-07,222.0,236.0,220.0,230.0,212.7667999267578,82100.0,234.8,233.8,,,47.82608695652174,227.02,,,-0.1636363636363637,242.0,246.0,238.0,246.0,43800.0
2020-05-08,233.0,238.0,231.0,238.0,220.1673889160156,28900.0,235.0,234.28,,,61.29032258064516,227.58,,,0.0084745762711864,242.0,236.0,230.0,222.0,82100.0
2020-05-09,233.0,238.0,231.0,238.0,220.1673889160156,28900.0,235.2,234.88,235.26666666666668,,61.29032258064516,228.14,,,-0.0041841004184099,242.0,238.0,238.0,233.0,28900.0
2020-05-10,233.0,238.0,231.0,238.0,220.1673889160156,28900.0,235.3,235.36,234.41333333333333,,61.29032258064516,228.7,,,0.0347826086956521,242.0,238.0,238.0,233.0,28900.0
2020-05-11,233.0,245.0,233.0,243.0,224.79275512695312,44200.0,236.1,235.48,233.57333333333327,,61.29032258064516,229.36,,,0.1302325581395349,243.0,238.0,238.0,233.0,28900.0
2020-05-12,243.0,271.0,238.0,250.0,231.2682647705078,188900.0,237.45,236.12,232.98666666666668,,63.63636363636363,230.24,,,0.25,250.0,245.0,243.0,233.0,44200.0
2020-05-13,242.0,262.0,242.0,251.0,232.1933441162109,77800.0,238.45,236.8,232.74666666666667,,64.70588235294119,231.0,,,0.2549999999999999,251.0,271.0,250.0,243.0,188900.0
2020-05-14,250.0,251.0,243.0,243.0,224.79275512695312,60000.0,239.05,237.16,232.4,,51.21951219512195,231.02,-2.8666666666666742,,0.215,251.0,262.0,251.0,242.0,77800.0
2020-05-15,245.0,246.0,237.0,243.0,224.79275512695312,34000.0,239.65,237.44,232.0533333333333,,56.75675675675676,231.38,-2.359999999999985,,0.2461538461538461,251.0,251.0,243.0,250.0,60000.0
2020-05-16,245.0,246.0,237.0,243.0,224.79275512695312,34000.0,240.25,238.08,231.36,,56.75675675675676,231.5,-2.21333333333331,,0.1970443349753694,251.0,246.0,243.0,245.0,34000.0
2020-05-17,245.0,246.0,237.0,243.0,224.79275512695312,34000.0,240.6,238.88,230.82666666666665,,56.75675675675676,231.62,-2.160000000000025,,0.1146788990825689,251.0,246.0,243.0,245.0,34000.0
2020-05-18,243.0,243.0,234.0,242.0,223.86767578125,23100.0,240.65,239.32,230.22666666666663,,55.26315789473684,231.72,-2.5200000000000102,,0.1523809523809522,251.0,246.0,243.0,245.0,34000.0
2020-05-19,244.0,251.0,244.0,245.0,226.6428985595703,45300.0,240.85,239.88,229.72,,58.53658536585366,232.16,-2.680000000000007,,0.1666666666666667,251.0,243.0,242.0,243.0,23100.0
2020-05-20,250.0,256.0,244.0,255.0,235.89361572265625,51300.0,241.5,240.84,229.4533333333333,,66.66666666666666,232.8,-2.5999999999999943,,0.2142857142857142,255.0,251.0,245.0,244.0,45300.0
2020-05-21,256.0,275.0,250.0,275.0,254.39508056640625,144700.0,243.35,242.6,229.4533333333333,,85.71428571428571,233.92,-1.9066666666666665,,0.3095238095238095,275.0,256.0,255.0,250.0,51300.0
2020-05-22,278.0,289.0,268.0,279.0,258.0953674316406,236000.0,245.4,244.32,229.50666666666663,,84.7457627118644,235.28,-1.3199999999999932,,0.354368932038835,279.0,275.0,275.0,256.0,144700.0
2020-05-23,278.0,289.0,268.0,279.0,258.0953674316406,236000.0,247.45,245.84,230.08,,84.7457627118644,236.76,-0.1466666666666469,,0.3098591549295775,279.0,289.0,279.0,278.0,236000.0
2020-05-24,278.0,289.0,268.0,279.0,258.0953674316406,236000.0,249.5,247.36,230.6133333333333,,84.7457627118644,238.24,0.8933333333333451,,0.1528925619834711,279.0,289.0,279.0,278.0,236000.0
2020-05-25,280.0,288.0,278.0,280.0,259.0204467773437,143200.0,251.6,248.88,231.28,,83.63636363636364,239.74,1.8266666666666536,,0.2444444444444444,280.0,289.0,279.0,278.0,236000.0
2020-05-26,277.0,283.0,277.0,279.0,258.0953674316406,71600.0,253.65,250.52,232.13333333333333,,79.59183673469389,241.08,2.6799999999999784,,0.1772151898734177,280.0,288.0,280.0,280.0,143200.0
2020-05-27,277.0,285.0,276.0,279.0,258.0953674316406,55700.0,256.1,252.16,233.18666666666667,,79.16666666666667,242.22,3.680000000000007,,0.1772151898734177,280.0,283.0,279.0,277.0,71600.0
2020-05-28,280.0,288.0,280.0,287.0,265.4959716796875,68500.0,258.55,254.12,234.34666666666664,,95.83333333333331,243.38,4.266666666666652,,0.2109704641350211,287.0,285.0,279.0,277.0,55700.0
2020-05-29,285.0,287.0,281.0,283.0,261.7956848144531,86100.0,260.8,255.92,235.4533333333333,,88.46153846153847,244.42,4.840000000000003,,0.2690582959641256,287.0,288.0,287.0,280.0,68500.0
2020-05-30,285.0,287.0,281.0,283.0,261.7956848144531,86100.0,263.05,257.72,236.6266666666667,,88.46153846153847,245.52,5.346666666666664,,0.2690582959641256,287.0,287.0,283.0,285.0,86100.0
2020-05-31,285.0,287.0,281.0,283.0,261.7956848144531,86100.0,265.05,259.52,237.69333333333333,,88.46153846153847,246.62,5.560000000000002,,0.2922374429223744,287.0,287.0,283.0,285.0,86100.0
2020-06-01,281.0,291.0,280.0,290.0,268.27117919921875,62000.0,267.05,261.92,238.6533333333333,,91.3793103448276,247.86,5.466666666666669,,0.3744075829383886,290.0,287.0,283.0,285.0,86100.0
2020-06-02,288.0,292.0,286.0,287.0,265.4959716796875,55400.0,268.85,263.88,239.68,,86.20689655172414,249.08,5.333333333333343,,0.3999999999999999,290.0,291.0,290.0,281.0,62000.0
2020-06-03,289.0,297.0,286.0,286.0,264.5708923339844,80600.0,271.0,265.8,240.69333333333333,,81.63265306122449,250.34,5.239999999999981,,0.3951219512195121,290.0,292.0,287.0,288.0,55400.0
2020-06-04,286.0,289.0,283.0,283.0,261.7956848144531,40200.0,273.0,267.6,241.66666666666663,,62.50000000000001,251.48,5.039999999999992,,0.3804878048780487,290.0,297.0,286.0,289.0,80600.0
2020-06-05,282.0,297.0,278.0,292.0,270.1213073730469,151600.0,275.45,269.56,242.76,,67.56756756756758,252.52,5.066666666666663,,0.3773584905660376,292.0,289.0,283.0,286.0,40200.0
2020-06-06,282.0,297.0,278.0,292.0,270.1213073730469,151600.0,277.9,271.24,243.90666666666667,,67.56756756756758,253.68,5.25333333333333,,0.3153153153153154,292.0,297.0,292.0,282.0,151600.0
2020-06-07,282.0,297.0,278.0,292.0,270.1213073730469,151600.0,280.4,272.88,244.96,,67.56756756756758,254.84,5.280000000000001,,0.2751091703056769,292.0,297.0,292.0,282.0,151600.0
2020-06-08,292.0,295.0,288.0,291.0,269.1962280273437,91700.0,282.7,274.8,245.6133333333333,,64.86486486486487,255.98,4.920000000000016,,0.2597402597402598,292.0,297.0,292.0,282.0,151600.0
2020-06-09,290.0,294.0,288.0,290.0,268.27117919921875,73100.0,284.45,276.68,246.48,,64.86486486486487,257.06,4.813333333333333,,0.2719298245614034,292.0,295.0,291.0,292.0,91700.0
2020-06-10,287.0,292.0,284.0,284.0,262.7207336425781,44200.0,284.9,278.32,247.10666666666663,,55.81395348837209,258.2,4.346666666666664,,0.2456140350877194,292.0,294.0,290.0,290.0,73100.0
2020-06-11,283.0,284.0,272.0,272.0,251.619857788086,53600.0,284.55,279.48,247.57333333333327,,34.04255319148936,259.18,3.666666666666657,,0.1929824561403508,292.0,292.0,284.0,287.0,44200.0
2020-06-12,248.0,272.0,248.0,264.0,244.21929931640625,57700.0,283.8,280.36,247.9333333333333,,31.372549019607845,259.84,2.973333333333329,,0.168141592920354,292.0,284.0,272.0,283.0,53600.0
2020-06-13,248.0,272.0,248.0,264.0,244.21929931640625,57700.0,283.05,281.12,248.48,,31.372549019607845,260.5,2.866666666666646,,0.1838565022421525,292.0,272.0,264.0,248.0,57700.0
2020-06-14,248.0,272.0,248.0,264.0,244.21929931640625,57700.0,282.25,281.48,249.02666666666667,,31.372549019607845,261.16,2.546666666666681,,0.168141592920354,292.0,272.0,264.0,248.0,57700.0
2020-06-15,270.0,270.0,254.0,256.0,236.8186950683593,33700.0,281.1,280.72,249.52,,17.307692307692307,261.66,2.413333333333356,,0.0666666666666666,292.0,272.0,264.0,248.0,57700.0
2020-06-16,259.0,267.0,259.0,265.0,245.1443634033203,26500.0,280.4,280.16,250.24,,31.034482758620683,262.24,2.6666666666666856,,0.1324786324786324,292.0,270.0,256.0,270.0,33700.0
2020-06-17,272.0,272.0,265.0,267.0,246.9945068359375,13900.0,279.4,279.68,251.06666666666663,,33.89830508474576,262.76,3.1333333333333258,,0.1410256410256409,292.0,267.0,265.0,259.0,26500.0
2020-06-18,267.0,267.0,262.0,264.0,244.21929931640625,9100.0,278.45,279.08,251.85333333333327,,33.89830508474576,263.22,3.373333333333335,,0.1282051282051282,292.0,272.0,267.0,272.0,13900.0
2020-06-19,270.0,270.0,265.0,267.0,246.9945068359375,15900.0,277.65,278.56,252.68,,26.41509433962264,263.72,3.653333333333336,,0.1313559322033899,292.0,267.0,264.0,267.0,9100.0
2020-06-20,270.0,270.0,265.0,267.0,246.9945068359375,15900.0,276.85,278.08,253.41333333333333,,26.41509433962264,264.3,3.8933333333333167,,0.1762114537444934,292.0,270.0,267.0,270.0,15900.0
2020-06-21,270.0,270.0,265.0,267.0,246.9945068359375,15900.0,275.7,277.6,254.0133333333333,,26.41509433962264,264.88,3.773333333333312,,0.1973094170403586,292.0,270.0,267.0,270.0,15900.0
2020-06-22,265.0,267.0,264.0,265.0,245.1443634033203,13200.0,274.6,276.72,254.4933333333333,,25.925925925925924,265.42,3.4266666666666765,,0.1471861471861471,292.0,270.0,267.0,270.0,15900.0
2020-06-23,264.0,266.0,259.0,264.0,244.21929931640625,35100.0,273.5,275.96,254.9333333333333,,25.925925925925924,265.94,3.0800000000000125,,0.1428571428571428,292.0,267.0,265.0,265.0,13200.0
2020-06-24,266.0,267.0,263.0,263.0,243.2942047119141,7000.0,272.5,275.16,255.4,,28.57142857142857,266.44,2.719999999999999,,0.1385281385281385,292.0,266.0,264.0,264.0,35100.0
2020-06-25,263.0,271.0,263.0,265.0,245.1443634033203,15000.0,271.15,274.44,255.8933333333333,,41.02564102564102,266.98,2.480000000000018,,0.1471861471861471,292.0,267.0,263.0,266.0,7000.0
2020-06-26,264.0,272.0,264.0,268.0,247.91958618164065,17600.0,269.95,273.56,256.4266666666667,,55.88235294117647,267.74,2.413333333333356,,0.1355932203389831,292.0,271.0,265.0,263.0,15000.0
2020-06-27,264.0,272.0,264.0,268.0,247.91958618164065,17600.0,268.75,272.8,256.9866666666667,,55.88235294117647,268.34,2.4933333333333394,,0.1120331950207469,291.0,272.0,268.0,264.0,17600.0
2020-06-28,264.0,272.0,264.0,268.0,247.91958618164065,17600.0,267.6,272.08,257.58666666666664,,55.88235294117647,268.94,2.653333333333308,,0.1120331950207469,290.0,272.0,268.0,264.0,17600.0
2020-06-29,261.0,270.0,261.0,266.0,246.0694274902344,17700.0,266.4,271.4,258.12,,67.85714285714286,269.5,2.719999999999999,,0.0991735537190081,284.0,272.0,268.0,264.0,17600.0
2020-06-30,266.0,273.0,265.0,268.0,247.91958618164065,15000.0,265.6,270.44,258.49333333333334,,57.14285714285714,270.0,2.5999999999999943,,0.1260504201680672,272.0,270.0,266.0,261.0,17700.0
2020-07-01,269.0,293.0,268.0,280.0,259.0204467773437,72100.0,266.0,269.96,259.1066666666667,,70.96774193548387,270.6,2.680000000000007,,0.1764705882352941,280.0,273.0,268.0,266.0,15000.0
2020-07-02,284.0,287.0,272.0,279.0,258.0953674316406,68200.0,266.75,269.44,259.70666666666665,,75.86206896551724,271.16,2.7199999999999704,,0.1722689075630252,280.0,293.0,280.0,269.0,72100.0
2020-07-03,279.0,280.0,274.0,275.0,254.39508056640625,11600.0,267.3,268.8,260.25333333333333,,63.333333333333336,271.8,2.6666666666666856,,0.1554621848739494,280.0,287.0,279.0,284.0,68200.0
2020-07-04,279.0,280.0,274.0,275.0,254.39508056640625,11600.0,267.85,268.2,260.7733333333333,,63.333333333333336,272.44,2.653333333333308,,0.1554621848739494,280.0,280.0,275.0,279.0,11600.0
2020-07-05,279.0,280.0,274.0,275.0,254.39508056640625,11600.0,268.8,267.84,261.41333333333336,,63.333333333333336,273.08,2.920000000000016,,0.1554621848739494,280.0,280.0,275.0,279.0,11600.0
2020-07-06,277.0,278.0,260.0,268.0,247.91958618164065,53900.0,268.95,267.68,262.0133333333333,,54.285714285714285,273.58,2.906666666666638,,0.1652173913043477,280.0,280.0,275.0,279.0,11600.0
2020-07-07,263.0,268.0,261.0,264.0,244.21929931640625,20700.0,268.8,267.68,262.4533333333333,,50.0,274.02,2.7466666666666697,,0.1092436974789916,280.0,278.0,268.0,277.0,53900.0
2020-07-08,262.0,270.0,260.0,267.0,246.9945068359375,15600.0,268.95,267.8,262.93333333333334,,55.0,274.46,2.680000000000007,,0.1218487394957983,280.0,268.0,264.0,263.0,20700.0
2020-07-09,269.0,269.0,262.0,267.0,246.9945068359375,10800.0,268.95,267.92,263.41333333333336,,52.631578947368425,274.7,2.640000000000043,,0.1218487394957983,280.0,270.0,267.0,262.0,15600.0
2020-07-10,267.0,267.0,255.0,256.0,236.8186950683593,21100.0,268.4,267.92,263.74666666666667,,36.95652173913044,274.32,2.3333333333333144,,0.0534979423868313,280.0,269.0,267.0,269.0,10800.0
2020-07-11,267.0,267.0,255.0,256.0,236.8186950683593,21100.0,267.85,267.56,264.0133333333333,,36.95652173913044,273.86,2.0,,0.024,280.0,267.0,256.0,267.0,21100.0
2020-07-12,267.0,267.0,255.0,256.0,236.8186950683593,21100.0,267.4,267.12,264.2133333333333,,36.95652173913044,273.4,1.759999999999991,,0.0199203187250995,280.0,267.0,256.0,267.0,21100.0
2020-07-13,257.0,263.0,256.0,258.0,238.6688537597656,25200.0,267.1,266.88,264.44,,41.30434782608696,272.98,1.5066666666666606,,0.0617283950617284,280.0,267.0,256.0,267.0,21100.0
2020-07-14,264.0,265.0,259.0,262.0,242.3691253662109,12200.0,267.05,266.68,264.70666666666665,,43.75,272.62,1.293333333333294,,0.0781893004115226,280.0,263.0,258.0,257.0,25200.0
2020-07-15,261.0,262.0,253.0,259.0,239.5939178466797,30200.0,266.75,266.36,264.9866666666667,,23.07692307692308,272.22,1.240000000000009,,0.0658436213991768,280.0,265.0,262.0,264.0,12200.0
2020-07-16,260.0,263.0,254.0,254.0,234.9685516357422,16100.0,266.05,265.84,265.2,,20.930232558139537,271.72,1.1866666666666674,,0.045267489711934,280.0,262.0,259.0,261.0,30200.0
2020-07-17,253.0,259.0,253.0,256.0,236.8186950683593,15400.0,265.45,265.48,265.44,,26.82926829268293,271.1,1.226666666666688,,0.0578512396694215,280.0,263.0,254.0,260.0,16100.0
2020-07-18,253.0,259.0,253.0,256.0,236.8186950683593,15400.0,264.85,265.16,265.68,,26.82926829268293,270.56,1.240000000000009,,0.0448979591836735,280.0,259.0,256.0,253.0,15400.0
2020-07-19,253.0,259.0,253.0,256.0,236.8186950683593,15400.0,264.35,264.88,265.92,,26.82926829268293,270.02,1.213333333333367,,0.0039215686274509,280.0,259.0,256.0,253.0,15400.0
2020-07-20,252.0,261.0,250.0,253.0,234.04347229003903,13500.0,263.6,264.4,266.12,,29.729729729729726,269.42,1.1333333333333258,,-0.0799999999999999,280.0,259.0,256.0,253.0,15400.0
2020-07-21,253.0,256.0,251.0,252.0,233.118408203125,11700.0,262.2,263.76,266.41333333333336,,32.35294117647058,268.66,1.213333333333367,,-0.0967741935483871,279.0,261.0,253.0,252.0,13500.0
2020-07-22,251.0,253.0,251.0,252.0,233.118408203125,14000.0,260.85,263.12,266.6,,25.80645161290323,267.96,1.160000000000025,,-0.0967741935483871,275.0,256.0,252.0,253.0,11700.0
2020-07-23,251.0,253.0,251.0,252.0,233.118408203125,14000.0,259.7,262.48,266.7866666666667,,25.80645161290323,267.28,1.1066666666666831,,-0.0967741935483871,275.0,253.0,252.0,251.0,14000.0
2020-07-24,251.0,253.0,251.0,252.0,233.118408203125,14000.0,258.55,261.92,266.97333333333336,,39.99999999999999,266.66,1.0533333333333417,,-0.0999999999999999,275.0,253.0,252.0,251.0,14000.0
2020-07-25,251.0,253.0,251.0,252.0,233.118408203125,14000.0,257.4,261.28,267.0933333333333,,39.99999999999999,265.86,0.9733333333333009,,-0.0967741935483871,268.0,253.0,252.0,251.0,14000.0
2020-07-26,251.0,253.0,251.0,252.0,233.118408203125,14000.0,256.6,260.16,267.12,,39.99999999999999,265.06,0.7066666666666492,,-0.0967741935483871,267.0,253.0,252.0,251.0,14000.0
2020-07-27,251.0,252.0,250.0,252.0,233.118408203125,10700.0,256.0,259.08,267.1333333333333,,33.33333333333333,264.26,0.533333333333303,,-0.1219512195121951,267.0,253.0,252.0,251.0,14000.0
2020-07-28,252.0,264.0,252.0,259.0,239.5939178466797,30400.0,255.6,258.44,267.3466666666667,,42.85714285714285,263.62,0.5600000000000023,,-0.0848056537102474,267.0,252.0,252.0,251.0,10700.0
2020-07-29,256.0,259.0,256.0,257.0,237.7437744140625,12700.0,255.1,257.72,267.53333333333336,,45.00000000000001,262.96,0.5600000000000023,,-0.0918727915194346,262.0,264.0,259.0,252.0,30400.0
2020-07-30,257.0,265.0,255.0,255.0,235.89361572265625,17500.0,255.05,256.92,267.6933333333333,,52.94117647058823,262.38,0.6000000000000227,,-0.0989399293286219,262.0,259.0,257.0,256.0,12700.0
2020-07-31,257.0,261.0,250.0,250.0,231.2682647705078,21200.0,254.75,256.2,267.7866666666667,,35.0,261.94,0.6666666666666856,,-0.1379310344827586,262.0,265.0,255.0,257.0,17500.0
2020-08-01,257.0,261.0,250.0,250.0,231.2682647705078,21200.0,254.45,255.64,267.8933333333333,,35.0,261.66,0.7599999999999909,,-0.1289198606271777,262.0,261.0,250.0,257.0,21200.0
2020-08-02,257.0,261.0,250.0,250.0,231.2682647705078,21200.0,254.05,254.96,267.96,,35.0,261.38,0.6133333333332871,,-0.1258741258741258,262.0,261.0,250.0,257.0,21200.0
2020-08-03,242.0,255.0,242.0,243.0,224.79275512695312,30400.0,253.1,254.0,267.8,,29.16666666666667,260.96,0.2666666666666515,,-0.1413427561837456,259.0,261.0,250.0,257.0,21200.0
2020-08-04,243.0,257.0,243.0,255.0,235.89361572265625,8100.0,252.9,253.96,267.53333333333336,,54.285714285714285,260.94,-0.1599999999999681,,-0.1267123287671232,259.0,255.0,243.0,242.0,30400.0
2020-08-05,259.0,260.0,250.0,252.0,233.118408203125,15100.0,252.8,253.8,267.17333333333335,,50.0,260.68,-0.6133333333333439,,-0.136986301369863,259.0,257.0,255.0,243.0,8100.0
2020-08-06,256.0,259.0,250.0,256.0,236.8186950683593,16000.0,252.8,253.8,266.8666666666667,,54.76190476190476,260.46,-1.0266666666666424,,-0.1232876712328767,259.0,260.0,252.0,259.0,15100.0
2020-08-07,257.0,261.0,252.0,260.0,240.5189819335937,13600.0,253.0,253.88,266.61333333333334,,58.69565217391305,260.38,-1.3466666666666356,,-0.106529209621993,260.0,259.0,256.0,256.0,16000.0
2020-08-08,257.0,261.0,252.0,260.0,240.5189819335937,13600.0,253.2,253.8,266.3466666666667,,58.69565217391305,260.24,-1.453333333333319,,-0.1034482758620689,260.0,261.0,260.0,257.0,13600.0
2020-08-09,257.0,261.0,252.0,260.0,240.5189819335937,13600.0,253.55,253.84,266.0933333333333,,58.69565217391305,260.1,-1.4400000000000546,,-0.0845070422535211,260.0,261.0,260.0,257.0,13600.0
2020-08-10,257.0,261.0,252.0,260.0,240.5189819335937,13600.0,253.95,254.08,265.84,,58.69565217391305,259.96,-1.3333333333333712,,-0.0441176470588234,260.0,261.0,260.0,257.0,13600.0
2020-08-11,259.0,259.0,253.0,253.0,234.04347229003903,24800.0,254.0,253.96,265.38666666666666,,43.47826086956522,259.72,-1.4800000000000182,,-0.0416666666666666,260.0,261.0,260.0,257.0,13600.0
2020-08-12,257.0,258.0,252.0,257.0,237.7437744140625,17200.0,254.25,254.0,265.04,,50.0,259.58,-1.5733333333333237,,-0.0265151515151514,260.0,259.0,253.0,259.0,24800.0
2020-08-13,259.0,263.0,258.0,261.0,241.4440460205078,31700.0,254.7,254.2,264.74666666666667,,55.99999999999999,259.54,-1.6000000000000227,,-0.0113636363636363,261.0,258.0,257.0,257.0,17200.0
2020-08-14,258.0,265.0,255.0,258.0,238.6688537597656,14700.0,255.0,254.4,264.41333333333336,,58.33333333333333,259.4,-1.67999999999995,,0.0078125,261.0,263.0,261.0,259.0,31700.0
2020-08-15,258.0,265.0,255.0,258.0,238.6688537597656,14700.0,255.3,254.64,263.9866666666667,,58.33333333333333,259.2,-1.853333333333296,,-0.0264150943396226,261.0,265.0,258.0,258.0,14700.0
2020-08-16,258.0,265.0,255.0,258.0,238.6688537597656,14700.0,255.6,254.88,263.6,,58.33333333333333,259.0,-1.786666666666633,,-0.0337078651685393,261.0,265.0,258.0,258.0,14700.0
2020-08-17,258.0,261.0,250.0,250.0,231.2682647705078,17000.0,255.15,254.8,263.12,,57.14285714285714,258.64,-1.920000000000016,,-0.0530303030303029,261.0,265.0,258.0,258.0,14700.0
2020-08-18,251.0,259.0,251.0,253.0,234.04347229003903,19300.0,254.95,254.84,262.72,,47.5,258.38,-2.0266666666666424,,-0.0524344569288389,261.0,261.0,250.0,258.0,17000.0
2020-08-19,252.0,261.0,252.0,258.0,238.6688537597656,30000.0,255.1,255.08,262.26666666666665,,57.14285714285714,258.18,-2.146666666666704,,-0.0337078651685393,261.0,259.0,253.0,251.0,19300.0
2020-08-20,255.0,260.0,252.0,252.0,233.118408203125,10500.0,255.2,255.08,261.7333333333333,,45.45454545454546,257.62,-2.2533333333333303,,-0.0561797752808989,261.0,261.0,258.0,252.0,30000.0
2020-08-21,253.0,259.0,253.0,258.0,238.6688537597656,8100.0,255.6,255.32,261.28,,47.82608695652174,257.2,-2.32000000000005,,-0.0264150943396226,261.0,260.0,252.0,255.0,10500.0
2020-08-22,253.0,259.0,253.0,258.0,238.6688537597656,8100.0,256.0,255.28,260.84,,47.82608695652174,256.86,-2.2800000000000296,,-0.0227272727272727,261.0,259.0,258.0,253.0,8100.0
2020-08-23,253.0,259.0,253.0,258.0,238.6688537597656,8100.0,256.75,255.32,260.41333333333336,,47.82608695652174,256.52,-2.306666666666672,,-0.0190114068441065,261.0,259.0,258.0,253.0,8100.0
2020-08-24,259.0,259.0,254.0,257.0,237.7437744140625,11200.0,256.85,255.4,260.05333333333334,,46.80851063829787,256.16,-2.21333333333331,,-0.030188679245283,261.0,259.0,258.0,253.0,8100.0
2020-08-25,258.0,259.0,257.0,259.0,239.5939178466797,12500.0,257.2,255.76,259.88,,57.14285714285714,255.98,-1.853333333333353,,-0.0335820895522388,261.0,259.0,257.0,259.0,11200.0
2020-08-26,257.0,262.0,256.0,258.0,238.6688537597656,22900.0,257.3,256.08,259.8,,51.28205128205128,255.86,-1.4799999999999611,,-0.0373134328358208,261.0,259.0,259.0,258.0,12500.0
2020-08-27,259.0,260.0,253.0,260.0,240.5189819335937,26000.0,257.3,256.48,259.74666666666667,,48.64864864864865,255.72,-1.0933333333333053,,-0.0298507462686566,261.0,262.0,258.0,257.0,22900.0
2020-08-28,259.0,264.0,255.0,258.0,238.6688537597656,24200.0,257.2,257.08,259.6666666666667,,50.0,255.54,-0.7466666666666697,,-0.0300751879699248,261.0,260.0,260.0,259.0,26000.0
2020-08-29,259.0,264.0,255.0,258.0,238.6688537597656,24200.0,257.1,257.2,259.6933333333333,,50.0,255.58,-0.3600000000000136,,-0.0373134328358208,261.0,264.0,258.0,259.0,24200.0
2020-08-30,259.0,264.0,255.0,258.0,238.6688537597656,24200.0,257.0,257.44,259.6,,50.0,255.62,-0.2799999999999727,,-0.0785714285714286,261.0,264.0,258.0,259.0,24200.0
2020-08-31,258.0,266.0,258.0,263.0,243.2942047119141,11900.0,257.5,257.72,259.5466666666667,,69.69696969696969,255.76,-0.2533333333333303,,-0.057347670250896,263.0,264.0,258.0,259.0,24200.0
2020-09-01,264.0,264.0,251.0,262.0,242.3691253662109,12000.0,257.75,257.8,259.52,,64.51612903225806,255.84,-0.2266666666666879,,-0.0472727272727272,263.0,266.0,263.0,258.0,11900.0
2020-09-02,262.0,262.0,256.0,259.0,239.5939178466797,7900.0,257.65,257.76,259.41333333333336,,51.72413793103448,255.78,-0.2533333333333303,,-0.0581818181818182,263.0,264.0,262.0,264.0,12000.0
2020-09-03,259.0,260.0,254.0,260.0,240.5189819335937,38300.0,257.75,257.76,259.32,,66.66666666666666,255.8,-0.3733333333333348,,-0.0545454545454545,263.0,262.0,259.0,262.0,7900.0
2020-09-04,255.0,257.0,242.0,250.0,231.2682647705078,43900.0,257.35,257.36,259.0933333333333,,35.71428571428572,255.72,-0.5066666666667174,,-0.0671641791044775,263.0,260.0,260.0,259.0,38300.0
2020-09-05,255.0,257.0,242.0,250.0,231.2682647705078,43900.0,256.95,257.24,258.8933333333333,,35.71428571428572,255.6,-0.6533333333333644,,-0.0530303030303029,263.0,257.0,250.0,255.0,43900.0
2020-09-06,255.0,257.0,242.0,250.0,231.2682647705078,43900.0,256.95,256.96,258.70666666666665,,35.71428571428572,255.48,-0.8133333333333326,,-0.0636704119850187,263.0,257.0,250.0,255.0,43900.0
2020-09-07,251.0,256.0,250.0,250.0,231.2682647705078,6200.0,256.8,256.52,258.53333333333336,,37.037037037037045,255.36,-0.8799999999999955,,-0.0636704119850187,263.0,257.0,250.0,255.0,43900.0
2020-09-08,252.0,255.0,250.0,252.0,233.118408203125,20800.0,256.5,256.28,258.36,,37.037037037037045,255.34,-0.9599999999999796,,-0.015625,263.0,256.0,250.0,251.0,6200.0
2020-09-09,255.0,255.0,252.0,252.0,233.118408203125,3600.0,256.5,256.04,258.14666666666665,,38.46153846153846,255.34,-0.9466666666666584,,-0.015625,263.0,255.0,252.0,252.0,20800.0
2020-09-10,255.0,256.0,254.0,254.0,234.9685516357422,6900.0,256.3,255.88,257.96,,38.46153846153846,255.38,-0.9333333333333372,,-0.0078125,263.0,255.0,252.0,255.0,3600.0
2020-09-11,254.0,255.0,253.0,254.0,234.9685516357422,12200.0,256.1,256.04,257.7733333333333,252.125,41.66666666666667,255.42,-0.9333333333333372,,-0.0155038759689922,263.0,256.0,254.0,255.0,6900.0
2020-09-12,254.0,255.0,253.0,254.0,234.9685516357422,12200.0,255.9,256.08,257.61333333333334,251.885,41.66666666666667,255.46,-0.920000000000016,,-0.0305343511450382,263.0,255.0,254.0,254.0,12200.0
2020-09-13,254.0,255.0,253.0,254.0,234.9685516357422,12200.0,255.75,255.92,257.4266666666667,251.625,41.66666666666667,255.5,-0.9333333333333372,,-0.0193050193050192,263.0,255.0,254.0,254.0,12200.0
2020-09-14,255.0,257.0,255.0,257.0,237.7437744140625,3900.0,255.65,256.12,257.12,251.44,36.36363636363636,255.6,-1.0266666666666424,,0.0118110236220472,263.0,255.0,254.0,254.0,12200.0
2020-09-15,260.0,261.0,255.0,261.0,241.4440460205078,17500.0,255.8,256.24,256.88,251.4,47.99999999999999,255.78,-1.079999999999984,,0.01953125,263.0,257.0,257.0,255.0,3900.0
2020-09-16,257.0,262.0,257.0,262.0,242.3691253662109,4000.0,255.9,256.4,256.70666666666665,251.365,56.52173913043478,255.84,-1.0666666666666629,-0.7599999999999909,0.0234375,263.0,261.0,261.0,260.0,17500.0
2020-09-17,263.0,263.0,260.0,260.0,240.5189819335937,4800.0,256.0,256.48,256.50666666666666,251.32,50.0,255.9,-1.1066666666666831,-0.5649999999999977,0.015625,263.0,262.0,262.0,257.0,4000.0
2020-09-18,262.0,263.0,258.0,263.0,243.2942047119141,15000.0,256.25,256.72,256.3466666666667,251.16,88.23529411764706,256.06,-1.079999999999984,-0.4650000000000034,0.0395256916996047,263.0,263.0,260.0,263.0,4800.0
2020-09-19,262.0,263.0,258.0,263.0,243.2942047119141,15000.0,256.5,256.88,256.28,251.06,88.23529411764706,256.32,-0.8400000000000318,-0.3799999999999954,0.0436507936507937,263.0,263.0,263.0,262.0,15000.0
2020-09-20,262.0,263.0,258.0,263.0,243.2942047119141,15000.0,256.5,257.08,256.26666666666665,250.94,88.23529411764706,256.58,-0.6133333333333439,-0.4600000000000079,0.0436507936507937,263.0,263.0,263.0,262.0,15000.0
2020-09-21,262.0,263.0,258.0,263.0,243.2942047119141,15000.0,256.55,257.2,256.2133333333333,250.84,88.23529411764706,256.84,-0.4933333333333394,-0.5250000000000057,0.0436507936507937,263.0,263.0,263.0,262.0,15000.0
2020-09-22,262.0,263.0,258.0,263.0,243.2942047119141,15000.0,256.75,257.4,256.16,250.78,86.66666666666667,257.24,-0.3466666666666356,-0.539999999999992,0.0436507936507937,263.0,263.0,263.0,262.0,15000.0
2020-09-23,263.0,263.0,258.0,258.0,238.6688537597656,4500.0,256.65,257.4,256.18666666666667,250.695,65.0,257.3,-0.160000000000025,-0.4650000000000034,0.0238095238095237,263.0,263.0,263.0,262.0,15000.0
2020-09-24,257.0,291.0,257.0,266.0,246.0694274902344,154100.0,257.45,257.72,256.32,250.65,73.07692307692308,257.58,0.0400000000000204,-0.4099999999999966,0.0555555555555555,266.0,263.0,258.0,263.0,4500.0
2020-09-25,266.0,272.0,266.0,269.0,248.8446655273437,58700.0,258.4,257.96,256.49333333333334,250.815,75.86206896551724,257.84,0.2266666666666879,-0.125,0.0674603174603174,269.0,291.0,266.0,257.0,154100.0
2020-09-26,266.0,272.0,266.0,269.0,248.8446655273437,58700.0,259.35,258.24,256.64,250.965,75.86206896551724,258.02,0.4266666666666765,0.125,0.0386100386100385,269.0,272.0,269.0,266.0,58700.0
2020-09-27,266.0,272.0,266.0,269.0,248.8446655273437,58700.0,260.3,258.64,256.7333333333333,251.16,75.86206896551724,258.2,0.5733333333333235,0.3799999999999954,0.0466926070038911,269.0,272.0,269.0,266.0,58700.0
2020-09-28,273.0,275.0,269.0,275.0,254.39508056640625,56800.0,261.45,259.24,256.94666666666666,251.46,78.125,258.5,0.7599999999999909,0.7650000000000148,0.0784313725490195,275.0,272.0,269.0,266.0,58700.0
2020-09-29,279.0,280.0,270.0,272.0,251.619857788086,14000.0,262.45,260.12,257.18666666666667,251.82,67.74193548387098,258.74,0.8666666666666742,1.1699999999999875,0.088,275.0,275.0,275.0,273.0,56800.0
2020-09-30,273.0,273.0,263.0,266.0,246.0694274902344,13900.0,263.05,260.76,257.32,252.15,55.55555555555556,259.0,0.8266666666666538,1.335000000000008,0.064,275.0,280.0,272.0,279.0,14000.0
2020-10-01,273.0,273.0,263.0,266.0,246.0694274902344,13900.0,263.65,261.4,257.4533333333333,252.48,58.82352941176471,259.18,0.8133333333333326,1.5149999999999864,0.064,275.0,273.0,266.0,273.0,13900.0
2020-10-02,267.0,278.0,256.0,256.0,236.8186950683593,66600.0,263.75,261.64,257.4533333333333,252.785,41.463414634146346,259.08,0.7199999999999704,1.625,0.0534979423868313,275.0,273.0,266.0,273.0,13900.0
2020-10-03,267.0,278.0,256.0,256.0,236.8186950683593,66600.0,263.85,261.8,257.49333333333334,253.05,41.463414634146346,259.04,0.5466666666666811,1.5900000000000034,0.0039215686274509,275.0,278.0,256.0,267.0,66600.0
2020-10-04,267.0,278.0,256.0,256.0,236.8186950683593,66600.0,263.8,261.96,257.5466666666667,253.24,41.463414634146346,259.0,0.3600000000000136,1.420000000000016,0.0158730158730158,275.0,278.0,256.0,267.0,66600.0
2020-10-05,263.0,265.0,259.0,259.0,239.5939178466797,15000.0,263.7,262.16,257.64,253.485,45.45454545454546,259.02,0.3199999999999932,1.335000000000008,0.01171875,275.0,278.0,256.0,267.0,66600.0
2020-10-06,267.0,267.0,261.0,265.0,245.1443634033203,9100.0,263.85,262.6,257.81333333333333,253.76,52.0,259.32,0.3600000000000136,1.2800000000000011,0.0192307692307691,275.0,265.0,259.0,263.0,15000.0
2020-10-07,265.0,285.0,265.0,278.0,257.1702880859375,55700.0,264.75,263.56,258.16,254.1,67.24137931034483,259.82,0.7066666666667061,1.3149999999999975,0.0692307692307692,278.0,267.0,265.0,267.0,9100.0
2020-10-08,275.0,276.0,269.0,274.0,253.4699859619141,16100.0,265.3,264.36,258.4533333333333,254.42,57.40740740740741,260.14,0.9599999999999796,1.369999999999976,0.0538461538461538,278.0,285.0,278.0,265.0,55700.0
2020-10-09,274.0,282.0,272.0,276.0,255.3201446533203,26900.0,265.95,265.12,258.7733333333333,254.77,56.60377358490566,260.62,1.226666666666631,1.5300000000000011,0.0615384615384615,278.0,276.0,274.0,275.0,16100.0
2020-10-10,274.0,282.0,272.0,276.0,255.3201446533203,26900.0,266.6,265.72,259.0933333333333,255.085,56.60377358490566,260.98,1.453333333333319,1.5999999999999943,0.0909090909090908,278.0,282.0,276.0,274.0,26900.0
2020-10-11,274.0,282.0,272.0,276.0,255.3201446533203,26900.0,267.25,266.28,259.32,255.255,56.60377358490566,261.34,1.5066666666666606,1.4950000000000043,0.0739299610894941,278.0,282.0,276.0,274.0,26900.0
2020-10-12,274.0,279.0,272.0,275.0,254.39508056640625,16700.0,267.85,266.88,259.56,255.505,50.0,261.68,1.3999999999999773,1.4050000000000011,0.053639846743295,278.0,282.0,276.0,274.0,26900.0
2020-10-13,279.0,285.0,275.0,280.0,259.0204467773437,56800.0,268.95,267.56,259.8933333333333,255.72,58.00000000000001,262.14,1.4399999999999975,1.3000000000000114,0.0852713178294573,280.0,279.0,275.0,274.0,16700.0
2020-10-14,280.0,286.0,276.0,283.0,261.7956848144531,54500.0,269.8,268.36,260.3333333333333,255.95,68.08510638297872,262.62,1.5600000000000025,1.1799999999999784,0.0968992248062015,283.0,285.0,280.0,279.0,56800.0
2020-10-15,280.0,280.0,272.0,272.0,251.619857788086,16500.0,269.95,268.72,260.62666666666667,256.125,55.17241379310345,262.9,1.53333333333336,1.039999999999992,0.0542635658914729,283.0,286.0,283.0,280.0,54500.0
2020-10-16,273.0,276.0,268.0,268.0,247.91958618164065,17000.0,269.9,268.92,260.8666666666667,256.35,61.53846153846153,263.06,1.546666666666681,1.0950000000000273,0.072,283.0,280.0,272.0,280.0,16500.0
2020-10-17,273.0,276.0,268.0,268.0,247.91958618164065,17000.0,269.85,269.12,261.2,256.575,61.53846153846153,263.26,1.6399999999999864,1.0699999999999932,0.0592885375494072,283.0,276.0,268.0,273.0,17000.0
2020-10-18,273.0,276.0,268.0,268.0,247.91958618164065,17000.0,269.5,269.52,261.37333333333333,256.82,61.53846153846153,263.46,1.4800000000000182,1.0999999999999943,0.0387596899224806,283.0,276.0,268.0,273.0,17000.0
2020-10-19,268.0,275.0,268.0,275.0,254.39508056640625,8600.0,269.65,269.88,261.68,257.14,64.28571428571428,263.8,1.3466666666666924,1.1899999999999975,0.0912698412698411,283.0,276.0,268.0,273.0,17000.0
2020-10-20,275.0,280.0,273.0,274.0,253.4699859619141,24900.0,270.05,270.08,261.92,257.485,58.82352941176471,264.02,1.2933333333333508,1.3600000000000136,0.0620155038759691,283.0,275.0,275.0,268.0,8600.0
2020-10-21,275.0,278.0,274.0,278.0,257.1702880859375,18600.0,270.65,270.44,262.16,257.85,50.0,264.34,1.2933333333333508,1.5,0.0775193798449611,283.0,280.0,274.0,275.0,24900.0
2020-10-22,278.0,278.0,273.0,276.0,255.3201446533203,26000.0,271.65,270.72,262.37333333333333,258.205,52.5,264.68,1.1733333333333462,1.6299999999999957,0.069767441860465,283.0,278.0,278.0,275.0,18600.0
2020-10-23,277.0,278.0,275.0,275.0,254.39508056640625,15400.0,272.6,270.72,262.5733333333333,258.52,48.71794871794872,264.98,1.1999999999999886,1.6999999999999886,0.0700389105058365,283.0,278.0,276.0,278.0,26000.0
2020-10-24,277.0,278.0,275.0,275.0,254.39508056640625,15400.0,273.55,270.84,262.7733333333333,258.785,48.71794871794872,265.48,1.0933333333333053,1.6450000000000389,0.0617760617760618,283.0,278.0,275.0,277.0,15400.0
2020-10-25,277.0,278.0,275.0,275.0,254.39508056640625,15400.0,274.35,271.2,263.06666666666666,259.015,48.71794871794872,265.98,1.146666666666647,1.5299999999999727,0.0658914728682169,283.0,278.0,275.0,277.0,15400.0
2020-10-26,276.0,278.0,275.0,275.0,254.39508056640625,2800.0,274.85,271.56,263.3066666666667,259.235,50.0,266.48,1.146666666666647,1.384999999999991,0.0576923076923077,283.0,278.0,275.0,277.0,15400.0
2020-10-27,273.0,274.0,267.0,270.0,249.7697296142578,30300.0,274.45,272.12,263.4266666666667,259.445,36.8421052631579,266.88,1.0533333333333417,1.240000000000009,0.0465116279069768,283.0,278.0,275.0,276.0,2800.0
2020-10-28,272.0,272.0,264.0,264.0,244.21929931640625,8200.0,273.95,272.44,263.50666666666666,259.625,26.82926829268293,267.12,0.9333333333333372,1.1050000000000182,0.0232558139534884,283.0,274.0,270.0,273.0,30300.0
2020-10-29,260.0,271.0,260.0,266.0,246.0694274902344,18000.0,273.45,272.84,263.61333333333334,259.815,40.625,267.4,0.8400000000000318,1.0299999999999727,0.0310077519379845,283.0,272.0,264.0,272.0,8200.0
2020-10-30,266.0,266.0,261.0,266.0,246.0694274902344,11000.0,272.95,273.12,263.72,260.015,46.42857142857143,267.64,0.6533333333333644,1.0,0.0114068441064638,283.0,271.0,266.0,260.0,18000.0
2020-10-31,266.0,266.0,261.0,266.0,246.0694274902344,11000.0,272.45,273.16,263.93333333333334,260.23,46.42857142857143,267.88,0.6266666666666652,0.9950000000000044,0.0152671755725191,283.0,266.0,266.0,266.0,11000.0
2020-11-01,266.0,266.0,261.0,266.0,246.0694274902344,11000.0,272.0,272.68,264.1066666666667,260.43,46.42857142857143,268.12,0.6800000000000068,0.9850000000000136,0.0270270270270269,283.0,266.0,266.0,266.0,11000.0
2020-11-02,254.0,265.0,252.0,260.0,240.5189819335937,17400.0,271.0,272.12,264.1333333333333,260.53,22.22222222222221,268.24,0.6266666666666652,0.9049999999999728,0.0,283.0,266.0,266.0,266.0,11000.0
2020-11-03,254.0,265.0,252.0,260.0,240.5189819335937,17400.0,269.85,271.48,264.24,260.66,23.07692307692308,268.3,0.6266666666666652,0.8450000000000273,0.04,278.0,265.0,260.0,254.0,17400.0
2020-11-04,253.0,261.0,253.0,258.0,238.6688537597656,4400.0,269.15,270.76,264.24,260.78,8.333333333333329,268.24,0.5199999999999818,0.7649999999999864,0.032,278.0,265.0,260.0,254.0,17400.0
2020-11-05,259.0,265.0,255.0,264.0,244.21929931640625,16200.0,268.95,270.28,264.32,260.93,28.57142857142857,268.28,0.386666666666656,0.6999999999999886,0.056,278.0,261.0,258.0,253.0,4400.0
2020-11-06,262.0,263.0,259.0,263.0,243.2942047119141,2200.0,268.7,269.8,264.38666666666666,261.065,28.57142857142857,268.34,0.2799999999999727,0.6349999999999909,0.052,278.0,265.0,264.0,259.0,16200.0
2020-11-07,262.0,263.0,259.0,263.0,243.2942047119141,2200.0,268.45,269.12,264.46666666666664,261.245,28.57142857142857,268.34,0.3333333333333144,0.7150000000000318,0.0436507936507937,278.0,263.0,263.0,262.0,2200.0
2020-11-08,262.0,263.0,259.0,263.0,243.2942047119141,2200.0,267.85,268.32,264.52,261.445,28.57142857142857,268.34,0.2799999999999727,0.7849999999999682,0.0436507936507937,278.0,263.0,263.0,262.0,2200.0
2020-11-09,263.0,264.0,261.0,262.0,242.3691253662109,7900.0,267.25,267.92,264.5733333333333,261.6,27.58620689655173,268.32,0.3333333333333144,0.82000000000005,0.0314960629921259,278.0,263.0,263.0,262.0,2200.0
2020-11-10,262.0,268.0,260.0,266.0,246.0694274902344,21600.0,266.65,267.84,264.6533333333333,261.775,42.85714285714285,268.38,0.3333333333333144,0.8449999999999704,0.0472440944881888,276.0,264.0,262.0,263.0,7900.0
2020-11-11,266.0,267.0,262.0,264.0,244.21929931640625,5800.0,266.05,267.68,264.7333333333333,261.94,50.0,268.4,0.3466666666666924,0.875,0.0393700787401574,275.0,268.0,266.0,262.0,21600.0
2020-11-12,263.0,267.0,263.0,267.0,246.9945068359375,5800.0,265.65,267.64,264.8533333333333,262.12,52.0,268.58,0.3866666666667129,0.875,0.0511811023622046,275.0,267.0,264.0,266.0,5800.0
2020-11-13,266.0,266.0,255.0,259.0,239.5939178466797,16600.0,264.85,267.0,264.8666666666667,262.235,39.39393939393939,268.44,0.3466666666666924,0.7900000000000205,0.0077821011673151,275.0,267.0,267.0,263.0,5800.0
2020-11-14,266.0,266.0,255.0,259.0,239.5939178466797,16600.0,264.05,266.4,264.81333333333333,262.325,39.39393939393939,268.24,0.2400000000000091,0.7249999999999659,-0.007662835249042,275.0,266.0,259.0,266.0,16600.0
2020-11-15,266.0,266.0,255.0,259.0,239.5939178466797,16600.0,263.25,265.64,264.7733333333333,262.415,39.39393939393939,268.04,0.1200000000000045,0.6400000000000432,-0.0114503816793892,270.0,266.0,259.0,266.0,16600.0
2020-11-16,259.0,262.0,259.0,262.0,242.3691253662109,3100.0,262.85,265.08,264.81333333333333,262.515,53.33333333333333,267.9,0.079999999999984,0.5749999999999886,0.0076923076923076,267.0,266.0,259.0,266.0,16600.0
2020-11-17,260.0,263.0,254.0,259.0,239.5939178466797,22900.0,262.6,264.44,264.8,262.62,48.48484848484848,267.58,-0.0533333333333416,0.5,-0.0152091254752851,267.0,262.0,262.0,259.0,3100.0
2020-11-18,258.0,260.0,253.0,257.0,237.7437744140625,16500.0,262.15,263.72,264.8933333333333,262.715,48.48484848484848,267.28,0.0266666666666424,0.4799999999999613,-0.0228136882129277,267.0,263.0,259.0,260.0,22900.0
2020-11-19,257.0,257.0,243.0,243.0,224.79275512695312,28500.0,261.0,262.44,264.8,262.74,24.390243902439025,266.82,-0.0133333333333212,0.4150000000000204,-0.0760456273764258,267.0,260.0,257.0,258.0,16500.0
2020-11-20,248.0,249.0,241.0,245.0,226.6428985595703,24600.0,259.95,261.24,264.7333333333333,262.775,28.57142857142857,266.4,-0.0399999999999636,0.3599999999999568,-0.0684410646387833,267.0,257.0,243.0,257.0,28500.0
2020-11-21,248.0,249.0,241.0,245.0,226.6428985595703,24600.0,258.9,260.24,264.6666666666667,262.81,28.57142857142857,266.18,-0.1466666666666469,0.2950000000000159,-0.0684410646387833,267.0,249.0,245.0,248.0,24600.0
2020-11-22,248.0,249.0,241.0,245.0,226.6428985595703,24600.0,258.15,259.48,264.5733333333333,262.845,28.57142857142857,265.96,-0.2266666666666879,0.2250000000000227,-0.0503875968992247,267.0,249.0,245.0,248.0,24600.0
2020-11-23,248.0,249.0,241.0,245.0,226.6428985595703,24600.0,257.4,258.64,264.48,262.92,29.268292682926827,265.74,-0.4133333333332984,0.2050000000000409,-0.0789473684210526,267.0,249.0,245.0,248.0,24600.0
2020-11-24,247.0,250.0,242.0,244.0,225.71783447265625,21200.0,256.7,257.76,264.3466666666667,262.95,21.05263157894737,265.44,-0.4533333333333189,0.2099999999999795,-0.0929368029739776,267.0,249.0,245.0,248.0,24600.0
2020-11-25,254.0,265.0,245.0,248.0,229.4181060791016,36900.0,255.9,257.04,264.26666666666665,263.0,30.0,265.1,-0.466666666666697,0.2250000000000227,-0.0780669144981413,267.0,250.0,244.0,247.0,21200.0
2020-11-26,251.0,264.0,251.0,262.0,242.3691253662109,33300.0,255.85,256.88,264.37333333333333,263.12,45.09803921568627,264.78,-0.2933333333333507,0.3100000000000023,-0.0260223048327137,267.0,265.0,248.0,254.0,36900.0
2020-11-27,259.0,262.0,253.0,259.0,239.5939178466797,12400.0,255.65,256.84,264.44,263.2,50.0,264.48,-0.1333333333333257,0.3549999999999613,-0.0581818181818182,267.0,264.0,262.0,251.0,33300.0
2020-11-28,259.0,262.0,253.0,259.0,239.5939178466797,12400.0,255.45,256.8,264.46666666666664,263.245,50.0,264.14,-0.013333333333378,0.3249999999999886,-0.0477941176470588,267.0,262.0,259.0,259.0,12400.0
2020-11-29,259.0,262.0,253.0,259.0,239.5939178466797,12400.0,255.3,256.84,264.44,263.285,50.0,263.8,0.0933333333333052,0.3350000000000364,-0.0263157894736841,267.0,262.0,259.0,259.0,12400.0
2020-11-30,261.0,267.0,258.0,260.0,240.5189819335937,23200.0,255.0,256.68,264.41333333333336,263.37,47.72727272727273,263.48,0.1466666666667038,0.3700000000000045,-0.0225563909774436,267.0,262.0,259.0,259.0,12400.0
2020-12-01,263.0,266.0,260.0,260.0,240.5189819335937,12800.0,254.8,256.56,264.41333333333336,263.455,51.21951219512195,263.18,0.0400000000000204,0.3349999999999795,0.015625,267.0,267.0,260.0,261.0,23200.0
2020-12-02,259.0,265.0,257.0,257.0,237.7437744140625,15900.0,254.3,256.32,264.3333333333333,263.525,50.0,262.72,-0.1066666666666833,0.3249999999999886,0.00390625,262.0,266.0,260.0,263.0,12800.0
2020-12-03,265.0,285.0,262.0,273.0,252.544921875,221000.0,255.0,256.72,264.46666666666664,263.675,84.0909090909091,262.52,0.0,0.4300000000000068,0.06640625,273.0,265.0,257.0,259.0,15900.0
2020-12-04,278.0,288.0,274.0,280.0,259.0204467773437,174000.0,256.05,257.44,264.6933333333333,263.865,85.71428571428571,262.68,0.2533333333333303,0.5799999999999841,0.0810810810810811,280.0,285.0,273.0,265.0,221000.0
2020-12-05,278.0,288.0,274.0,280.0,259.0204467773437,174000.0,257.1,258.0,264.92,264.04,85.71428571428571,262.92,0.5066666666666606,0.6700000000000159,0.0566037735849056,280.0,288.0,280.0,278.0,174000.0
2020-12-06,278.0,288.0,274.0,280.0,259.0204467773437,174000.0,258.0,258.64,265.14666666666665,264.165,85.71428571428571,263.16,0.7333333333332916,0.7100000000000364,0.0071942446043165,280.0,288.0,280.0,278.0,174000.0
2020-12-07,285.0,285.0,273.0,278.0,257.1702880859375,100600.0,258.95,259.08,265.41333333333336,264.18,82.35294117647058,263.36,1.080000000000041,0.6550000000000296,0.0145985401459853,280.0,288.0,280.0,278.0,174000.0
2020-12-08,275.0,283.0,275.0,278.0,257.1702880859375,36300.0,260.0,259.84,265.5733333333333,264.175,84.0,263.42,1.1066666666666831,0.5,0.0072463768115942,280.0,285.0,278.0,285.0,100600.0
2020-12-09,279.0,279.0,272.0,272.0,251.619857788086,23100.0,261.45,260.36,265.61333333333334,264.14,73.07692307692308,263.38,0.920000000000016,0.2749999999999772,-0.0144927536231883,280.0,283.0,278.0,275.0,36300.0
2020-12-10,272.0,275.0,267.0,267.0,246.9945068359375,28900.0,262.55,260.68,265.58666666666664,264.08,55.81395348837209,263.16,0.6666666666666288,0.0399999999999636,-0.0326086956521739,280.0,279.0,272.0,279.0,23100.0
2020-12-11,266.0,269.0,256.0,266.0,246.0694274902344,62100.0,263.6,260.84,265.5466666666667,264.01,58.53658536585366,262.96,0.4000000000000341,-0.1550000000000295,-0.0327272727272727,280.0,275.0,267.0,272.0,28900.0
2020-12-12,266.0,269.0,256.0,266.0,246.0694274902344,62100.0,264.65,261.12,265.4266666666667,263.945,58.53658536585366,262.78,0.0133333333333212,-0.2350000000000136,-0.05,280.0,269.0,266.0,266.0,62100.0
2020-12-13,266.0,269.0,256.0,266.0,246.0694274902344,62100.0,265.7,261.48,265.3466666666667,263.88,58.53658536585366,262.6,-0.226666666666631,-0.2950000000000159,-0.0600706713780918,280.0,269.0,266.0,266.0,62100.0
2020-12-14,274.0,287.0,261.0,277.0,256.2452087402344,132600.0,267.35,262.84,265.49333333333334,263.83,66.66666666666666,262.64,-0.1200000000000045,-0.3100000000000023,0.0183823529411764,280.0,269.0,266.0,266.0,62100.0
2020-12-15,282.0,282.0,271.0,271.0,250.69482421875,59000.0,268.5,263.88,265.56,263.77,59.64912280701754,262.56,-0.0266666666666424,-0.3100000000000023,0.0111940298507462,280.0,287.0,277.0,274.0,132600.0
2020-12-16,270.0,272.0,265.0,265.0,245.1443634033203,18400.0,268.65,264.68,265.68,263.68,56.66666666666666,262.46,0.1333333333333257,-0.3299999999999841,-0.0111940298507462,280.0,282.0,271.0,282.0,59000.0
2020-12-17,265.0,271.0,262.0,265.0,245.1443634033203,39900.0,268.95,265.48,265.8,263.59,40.90909090909091,262.48,0.3733333333333348,-0.3550000000000182,-0.0111940298507462,280.0,272.0,265.0,270.0,18400.0
2020-12-18,265.0,266.0,262.0,265.0,245.1443634033203,18700.0,269.25,266.28,265.92,263.465,29.729729729729726,262.46,0.5733333333333235,-0.4150000000000204,-0.0363636363636363,280.0,271.0,265.0,265.0,39900.0
2020-12-19,265.0,266.0,262.0,265.0,245.1443634033203,18700.0,269.55,267.12,266.0,263.355,29.729729729729726,262.44,0.5066666666666606,-0.4749999999999659,-0.0328467153284671,280.0,266.0,265.0,265.0,18700.0
2020-12-20,265.0,266.0,262.0,265.0,245.1443634033203,18700.0,269.8,267.8,266.0,263.25,29.729729729729726,262.42,0.4399999999999977,-0.5199999999999818,-0.0467625899280575,280.0,266.0,265.0,265.0,18700.0
2020-12-21,264.0,264.0,257.0,259.0,239.5939178466797,26300.0,269.75,267.68,265.74666666666667,263.13,26.82926829268293,262.28,0.0666666666666628,-0.5500000000000114,-0.0615942028985507,280.0,266.0,265.0,265.0,18700.0
2020-12-22,258.0,262.0,255.0,255.0,235.89361572265625,16200.0,269.65,267.52,265.49333333333334,262.945,24.444444444444443,262.18,-0.3066666666666719,-0.6449999999999818,-0.0727272727272727,280.0,264.0,259.0,264.0,26300.0
2020-12-23,255.0,256.0,249.0,256.0,236.8186950683593,29300.0,268.8,267.4,265.2266666666667,262.765,30.0,262.1,-0.693333333333328,-0.6999999999999886,-0.069090909090909,280.0,262.0,255.0,258.0,16200.0
2020-12-24,258.0,269.0,256.0,264.0,244.21929931640625,46600.0,268.0,267.6,265.06666666666666,262.625,46.51162790697675,262.22,-0.9333333333333372,-0.7300000000000182,-0.04,280.0,256.0,256.0,255.0,29300.0
2020-12-25,295.0,344.0,280.0,337.0,311.7496337890625,3070200.0,270.85,270.68,265.88,262.855,80.86956521739131,263.68,-0.1200000000000045,-0.3949999999999818,0.2254545454545453,337.0,269.0,264.0,258.0,46600.0
2020-12-26,295.0,344.0,280.0,337.0,311.7496337890625,3070200.0,273.7,273.76,266.70666666666665,263.09,80.86956521739131,265.16,0.9599999999999796,-0.0400000000000204,0.2481481481481482,337.0,344.0,337.0,295.0,3070200.0
2020-12-27,295.0,344.0,280.0,337.0,311.7496337890625,3070200.0,276.65,276.96,267.46666666666664,263.355,80.86956521739131,266.64,1.9733333333333007,0.410000000000025,0.2765151515151516,337.0,344.0,337.0,295.0,3070200.0
2020-12-28,331.0,332.0,294.0,295.0,272.89654541015625,804600.0,277.5,277.84,267.62666666666667,263.47,56.16438356164384,267.28,2.3999999999999773,0.7050000000000409,0.1090225563909774,337.0,344.0,337.0,295.0,3070200.0
2020-12-29,289.0,318.0,288.0,306.0,283.0723571777344,323700.0,279.2,278.88,268.08,263.68,61.58940397350993,268.16,3.013333333333321,1.0550000000000068,0.150375939849624,337.0,332.0,295.0,331.0,804600.0
2020-12-30,295.0,303.0,287.0,288.0,266.4210205078125,184700.0,280.25,279.2,268.3466666666667,263.8,57.05521472392638,268.6,2.466666666666697,0.9449999999999932,0.0827067669172931,337.0,318.0,306.0,289.0,323700.0
2020-12-31,295.0,303.0,287.0,288.0,266.4210205078125,184700.0,281.35,279.52,268.61333333333334,263.92,57.05521472392638,269.08,1.9066666666666947,0.8300000000000409,0.0827067669172931,337.0,303.0,288.0,295.0,184700.0
2021-01-01,295.0,303.0,287.0,288.0,266.4210205078125,184700.0,282.45,279.92,268.88,264.08,57.05521472392638,269.5,1.413333333333355,0.7249999999999659,0.1076923076923077,337.0,303.0,288.0,295.0,184700.0
2021-01-02,295.0,303.0,287.0,288.0,266.4210205078125,184700.0,283.55,280.32,269.05333333333334,264.195,57.05521472392638,270.08,1.4266666666666763,0.7249999999999659,0.1076923076923077,337.0,303.0,288.0,295.0,184700.0
2021-01-03,295.0,303.0,287.0,288.0,266.4210205078125,184700.0,284.1,280.96,269.24,264.3,57.05521472392638,270.66,1.160000000000025,0.6200000000000045,0.1162790697674418,337.0,303.0,288.0,295.0,184700.0
2021-01-04,296.0,350.0,295.0,309.0,285.8475952148437,774500.0,286.0,282.64,269.6533333333333,264.525,64.04494382022472,271.66,1.3066666666666151,0.7249999999999659,0.1704545454545454,337.0,303.0,288.0,295.0,184700.0
2021-01-05,303.0,329.0,295.0,299.0,276.59686279296875,235700.0,287.7,283.96,269.96,264.685,61.95652173913044,272.4,1.3466666666666356,0.7649999999999864,0.1368821292775666,337.0,350.0,309.0,296.0,774500.0
2021-01-06,296.0,303.0,291.0,294.0,271.9714660644531,91800.0,289.15,285.08,270.2133333333333,264.82,60.10638297872341,273.1,1.3333333333333144,0.7400000000000091,0.11787072243346,337.0,329.0,299.0,303.0,235700.0
2021-01-07,299.0,303.0,292.0,294.0,271.9714660644531,73500.0,290.6,286.2,270.46666666666664,264.955,58.33333333333334,273.84,1.4133333333332985,0.7599999999999909,0.11787072243346,337.0,303.0,294.0,296.0,91800.0
2021-01-08,295.0,300.0,288.0,297.0,274.7467041015625,38900.0,292.2,287.0,270.76,265.115,31.818181818181827,274.92,1.5199999999999818,0.8149999999999977,0.133587786259542,337.0,303.0,294.0,299.0,73500.0
2021-01-09,295.0,300.0,288.0,297.0,274.7467041015625,38900.0,293.8,288.04,271.05333333333334,265.28,31.818181818181827,275.96,1.400000000000034,0.7549999999999955,0.1165413533834587,337.0,300.0,297.0,295.0,38900.0
2021-01-10,295.0,300.0,288.0,297.0,274.7467041015625,38900.0,295.7,289.32,271.41333333333336,265.45,31.818181818181827,277.0,1.4533333333333758,0.7649999999999864,0.125,337.0,300.0,297.0,295.0,38900.0
2021-01-11,295.0,300.0,288.0,297.0,274.7467041015625,38900.0,297.8,290.6,271.8533333333333,265.61,51.47058823529412,278.04,1.6400000000000432,0.7900000000000205,0.1123595505617978,337.0,300.0,297.0,295.0,38900.0
2021-01-12,298.0,305.0,295.0,301.0,278.447021484375,51200.0,300.05,292.04,272.32,265.775,45.9016393442623,279.16,1.853333333333353,0.8199999999999932,0.162162162162162,337.0,300.0,297.0,295.0,38900.0
2021-01-13,303.0,304.0,292.0,292.0,270.1213073730469,83200.0,301.45,293.12,272.6666666666667,265.895,53.846153846153854,280.12,1.9066666666666947,0.7799999999999727,0.1274131274131273,337.0,305.0,301.0,298.0,51200.0
2021-01-14,291.0,302.0,290.0,293.0,271.04638671875,44400.0,299.25,294.24,273.02666666666664,266.02,54.71698113207548,281.02,1.9733333333333007,0.7400000000000091,0.1312741312741312,337.0,304.0,292.0,303.0,83200.0
2021-01-15,293.0,297.0,292.0,292.0,270.1213073730469,22200.0,297.0,295.56,273.37333333333333,266.15,53.70370370370371,281.62,1.9599999999999795,0.6999999999999886,0.1145038167938932,337.0,302.0,293.0,291.0,44400.0
2021-01-16,293.0,297.0,292.0,292.0,270.1213073730469,22200.0,294.75,297.04,273.8,266.27,53.70370370370371,282.28,1.9466666666666583,0.6599999999999682,0.1274131274131273,309.0,297.0,292.0,293.0,22200.0
2021-01-17,293.0,297.0,292.0,292.0,270.1213073730469,22200.0,294.6,298.48,274.2266666666667,266.33,53.70370370370371,282.94,1.9066666666666947,0.5550000000000068,0.1361867704280155,309.0,297.0,292.0,293.0,22200.0
2021-01-18,292.0,304.0,292.0,302.0,279.3721008300781,49000.0,294.4,300.0,274.81333333333333,266.445,41.860465116279066,283.8,2.146666666666647,0.5500000000000114,0.2427983539094649,309.0,297.0,292.0,293.0,22200.0
2021-01-19,300.0,301.0,296.0,301.0,278.447021484375,15700.0,295.05,298.56,275.3066666666667,266.575,52.94117647058823,284.62,2.2800000000000296,0.5550000000000068,0.2285714285714286,309.0,304.0,302.0,292.0,49000.0
2021-01-20,297.0,300.0,293.0,299.0,276.59686279296875,38700.0,295.6,297.04,275.7866666666667,266.695,58.064516129032256,285.4,2.413333333333356,0.5450000000000159,0.2204081632653061,309.0,301.0,301.0,300.0,15700.0
2021-01-21,297.0,304.0,295.0,301.0,278.447021484375,31300.0,296.25,295.6,276.2933333333333,266.825,60.6060606060606,286.28,2.4933333333333394,0.5550000000000068,0.2285714285714286,309.0,300.0,299.0,297.0,38700.0
2021-01-22,302.0,302.0,295.0,295.0,272.89654541015625,15200.0,296.6,295.6,276.72,266.96,47.22222222222222,286.72,2.4933333333333394,0.6299999999999955,0.2040816326530612,309.0,304.0,301.0,297.0,31300.0
2021-01-23,302.0,302.0,295.0,295.0,272.89654541015625,15200.0,296.95,295.16,277.16,267.115,47.22222222222222,287.02,2.3466666666666924,0.6700000000000159,0.209016393442623,309.0,302.0,295.0,302.0,15200.0
2021-01-24,302.0,302.0,295.0,295.0,272.89654541015625,15200.0,296.25,295.44,277.5466666666667,267.255,47.22222222222222,287.32,2.240000000000009,0.6800000000000068,0.189516129032258,302.0,302.0,295.0,302.0,15200.0
2021-01-25,299.0,299.0,291.0,293.0,271.04638671875,19900.0,295.95,295.64,277.93333333333334,267.385,44.73684210526315,287.58,2.146666666666647,0.6899999999999977,0.1183206106870229,302.0,302.0,295.0,302.0,15200.0
2021-01-26,297.0,298.0,293.0,295.0,272.89654541015625,14500.0,296.0,295.92,278.3066666666667,267.58,41.66666666666667,287.92,2.013333333333321,0.7549999999999955,0.1389961389961389,302.0,299.0,293.0,299.0,19900.0
2021-01-27,293.0,295.0,290.0,294.0,271.9714660644531,26200.0,296.0,296.16,278.7733333333333,267.77,53.57142857142857,288.24,2.053333333333285,0.8100000000000023,0.1351351351351351,302.0,298.0,295.0,297.0,14500.0
2021-01-28,290.0,294.0,289.0,292.0,270.1213073730469,22200.0,295.75,296.32,279.2133333333333,267.95,48.27586206896552,288.64,2.053333333333285,0.8349999999999795,0.1274131274131273,302.0,295.0,294.0,293.0,26200.0
2021-01-29,293.0,299.0,283.0,299.0,276.59686279296875,59700.0,295.85,295.92,279.74666666666667,268.155,60.0,289.28,2.1999999999999886,0.8999999999999773,0.1499999999999999,302.0,294.0,292.0,290.0,22200.0
2021-01-30,293.0,299.0,283.0,299.0,276.59686279296875,59700.0,295.95,295.92,280.24,268.34,60.0,289.94,2.306666666666672,0.954999999999984,0.1499999999999999,302.0,299.0,299.0,293.0,59700.0
2021-01-31,293.0,299.0,283.0,299.0,276.59686279296875,59700.0,296.05,296.12,280.7733333333333,268.54,60.0,290.6,2.46666666666664,0.9600000000000364,0.1634241245136187,302.0,299.0,299.0,293.0,59700.0
2021-02-01,297.0,297.0,286.0,295.0,272.89654541015625,51300.0,295.75,296.16,281.28,268.745,37.93103448275862,291.18,2.5066666666666606,0.9750000000000228,0.0805860805860805,302.0,299.0,299.0,293.0,59700.0
2021-02-02,292.0,293.0,288.0,289.0,267.3460998535156,24000.0,295.6,295.84,281.8933333333333,268.91,32.35294117647058,291.42,2.680000000000007,0.9600000000000364,0.0321428571428572,302.0,297.0,295.0,297.0,51300.0
2021-02-03,295.0,295.0,287.0,289.0,267.3460998535156,28200.0,295.4,295.52,282.48,269.075,34.375,291.78,2.7333333333333485,0.920000000000016,0.0321428571428572,302.0,293.0,289.0,292.0,24000.0
2021-02-04,288.0,290.0,288.0,289.0,267.3460998535156,20600.0,295.25,295.2,283.06666666666666,269.24,30.0,292.26,2.826666666666654,0.9000000000000341,0.0321428571428572,302.0,295.0,289.0,295.0,28200.0
2021-02-05,288.0,292.0,288.0,290.0,268.27117919921875,17900.0,295.15,294.92,283.6666666666667,269.425,40.0,292.76,2.893333333333373,0.8849999999999909,0.0431654676258992,302.0,290.0,289.0,288.0,20600.0
2021-02-06,288.0,292.0,288.0,290.0,268.27117919921875,17900.0,295.05,294.48,284.26666666666665,269.615,40.0,293.26,2.986666666666679,0.8700000000000045,0.0431654676258992,302.0,292.0,290.0,288.0,17900.0
2021-02-07,288.0,292.0,288.0,290.0,268.27117919921875,17900.0,294.45,294.4,284.88,269.805,40.0,293.76,2.986666666666679,0.8949999999999818,0.0661764705882352,301.0,292.0,290.0,288.0,17900.0
2021-02-08,290.0,291.0,285.0,288.0,266.4210205078125,20800.0,293.8,294.2,285.41333333333336,269.985,40.0,294.22,2.933333333333337,0.910000000000025,0.0786516853932584,301.0,292.0,290.0,288.0,17900.0
2021-02-09,290.0,291.0,289.0,291.0,269.1962280273437,11700.0,293.4,294.16,285.8,270.18,42.30769230769231,294.86,2.7333333333333485,0.9399999999999976,0.0939849624060149,301.0,291.0,288.0,290.0,20800.0
2021-02-10,290.0,297.0,288.0,294.0,271.9714660644531,18100.0,293.05,294.24,286.26666666666665,270.39,50.0,295.64,2.599999999999966,0.964999999999975,0.1052631578947369,299.0,291.0,291.0,290.0,11700.0
2021-02-11,290.0,297.0,288.0,294.0,271.9714660644531,18100.0,293.0,294.32,286.7333333333333,270.6,53.846153846153854,296.4,2.466666666666697,0.9850000000000136,0.1052631578947369,299.0,297.0,294.0,290.0,18100.0
2021-02-12,295.0,297.0,290.0,297.0,274.7467041015625,17200.0,293.1,294.12,287.24,270.825,45.45454545454546,297.06,2.3600000000000136,1.0199999999999818,0.0722021660649818,299.0,297.0,294.0,290.0,18100.0
2021-02-13,295.0,297.0,290.0,297.0,274.7467041015625,17200.0,293.2,293.96,287.7333333333333,271.015,45.45454545454546,296.26,2.319999999999993,1.0299999999999727,0.0959409594095941,299.0,297.0,297.0,295.0,17200.0
2021-02-14,295.0,297.0,290.0,297.0,274.7467041015625,17200.0,293.4,293.88,288.2266666666667,271.215,45.45454545454546,295.46,2.4266666666666765,1.0349999999999682,0.120754716981132,299.0,297.0,297.0,295.0,17200.0
2021-02-15,295.0,299.0,292.0,294.0,271.9714660644531,24200.0,293.35,293.6,288.72,271.41,47.61904761904762,294.6,2.453333333333376,1.0200000000000389,0.1094339622641509,299.0,297.0,297.0,295.0,17200.0
2021-02-16,294.0,355.0,289.0,301.0,278.447021484375,599000.0,293.7,293.84,289.0933333333333,271.665,77.27272727272727,294.72,2.359999999999957,1.0649999999999975,0.1358490566037735,301.0,299.0,294.0,295.0,24200.0
2021-02-17,302.0,305.0,293.0,294.0,271.9714660644531,89000.0,293.8,293.8,289.28,271.885,58.62068965517242,294.48,2.039999999999964,1.0600000000000025,0.1094339622641509,301.0,355.0,301.0,294.0,599000.0
2021-02-18,296.0,296.0,287.0,287.0,265.4959716796875,65000.0,293.2,293.48,289.37333333333333,272.07,47.22222222222222,294.46,1.6399999999999864,1.0550000000000068,0.0830188679245282,301.0,305.0,294.0,302.0,89000.0
2021-02-19,285.0,288.0,280.0,284.0,262.7207336425781,40600.0,292.45,293.12,289.4266666666667,272.275,42.10526315789474,294.38,1.1999999999999886,1.0600000000000025,0.0965250965250965,301.0,296.0,287.0,296.0,65000.0
2021-02-20,285.0,288.0,280.0,284.0,262.7207336425781,40600.0,291.7,292.68,289.50666666666666,272.42,42.10526315789474,294.3,0.7866666666666333,1.009999999999991,0.1137254901960784,301.0,288.0,284.0,285.0,40600.0
2021-02-21,285.0,288.0,280.0,284.0,262.7207336425781,40600.0,291.15,292.28,289.58666666666664,272.58,42.10526315789474,294.22,0.4933333333333394,0.9149999999999636,0.109375,301.0,288.0,284.0,285.0,40600.0
2021-02-22,286.0,289.0,284.0,286.0,264.5708923339844,19500.0,291.0,292.04,289.7733333333333,272.73,47.368421052631575,294.18,0.4933333333333394,0.8450000000000273,0.0833333333333332,301.0,288.0,284.0,285.0,40600.0
2021-02-23,286.0,289.0,284.0,286.0,264.5708923339844,19500.0,290.85,291.52,290.02666666666664,272.86,42.85714285714285,293.72,0.6533333333333076,0.7900000000000205,-0.1513353115727003,301.0,289.0,286.0,286.0,19500.0
2021-02-24,284.0,289.0,283.0,283.0,261.7956848144531,28500.0,290.55,290.88,290.25333333333333,272.975,34.28571428571429,293.4,0.8266666666666538,0.7000000000000455,-0.1602373887240356,301.0,289.0,286.0,286.0,19500.0
2021-02-25,288.0,288.0,283.0,283.0,261.7956848144531,8600.0,290.2,290.24,290.48,273.09,34.28571428571429,293.18,0.9733333333333576,0.6699999999999591,-0.1602373887240356,301.0,289.0,283.0,284.0,28500.0
2021-02-26,284.0,284.0,275.0,275.0,254.39508056640625,45000.0,289.45,289.44,290.6,273.165,22.5,292.8,1.013333333333378,0.5850000000000364,-0.0677966101694915,301.0,288.0,283.0,288.0,8600.0
2021-02-27,284.0,284.0,275.0,275.0,254.39508056640625,45000.0,288.7,288.88,290.5733333333333,273.275,22.5,292.36,0.8000000000000114,0.5449999999999591,-0.1013071895424836,301.0,284.0,275.0,284.0,45000.0
2021-02-28,284.0,284.0,275.0,275.0,254.39508056640625,45000.0,288.05,288.32,290.62666666666667,273.365,22.5,291.92,0.6000000000000227,0.5049999999999955,-0.0451388888888888,301.0,284.0,275.0,284.0,45000.0
2021-03-01,276.0,279.0,275.0,275.0,254.39508056640625,15100.0,287.25,287.76,290.76,273.435,24.324324324324323,291.48,0.5066666666666606,0.4599999999999795,-0.0451388888888888,301.0,284.0,275.0,284.0,45000.0
2021-03-02,280.0,280.0,275.0,280.0,259.0204467773437,11500.0,286.55,287.36,290.96,273.545,20.0,291.14,0.4799999999999613,0.4550000000000409,-0.0277777777777777,301.0,279.0,275.0,276.0,15100.0
2021-03-03,278.0,280.0,277.0,278.0,257.1702880859375,10200.0,285.75,286.88,291.1333333333333,273.645,23.33333333333333,290.68,0.533333333333303,0.4799999999999613,-0.0347222222222222,301.0,280.0,280.0,280.0,11500.0
2021-03-04,281.0,281.0,276.0,278.0,257.1702880859375,11700.0,284.8,286.4,291.3066666666667,273.745,30.434782608695656,290.4,0.7333333333333485,0.4700000000000273,-0.0347222222222222,301.0,280.0,278.0,278.0,10200.0
2021-03-05,276.0,276.0,272.0,276.0,255.3201446533203,15700.0,283.75,285.92,291.4533333333333,273.875,31.818181818181827,290.06,0.8266666666666538,0.5099999999999909,-0.1067961165048543,301.0,281.0,278.0,281.0,11700.0
2021-03-06,276.0,276.0,272.0,276.0,255.3201446533203,15700.0,282.7,285.32,291.68,273.99,31.818181818181827,289.74,0.920000000000016,0.5550000000000068,-0.0769230769230768,301.0,276.0,276.0,276.0,15700.0
2021-03-07,276.0,276.0,272.0,276.0,255.3201446533203,15700.0,281.8,284.6,291.96,274.08,31.818181818181827,289.42,1.0,0.5349999999999682,-0.0612244897959183,301.0,276.0,276.0,276.0,15700.0
2021-03-08,276.0,282.0,276.0,278.0,257.1702880859375,11400.0,280.65,283.96,292.25333333333333,274.21,31.818181818181827,289.14,1.1200000000000043,0.5649999999999977,-0.0544217687074829,294.0,276.0,276.0,276.0,15700.0
2021-03-09,281.0,287.0,280.0,282.0,260.87060546875,23100.0,280.05,283.36,292.49333333333334,274.33,42.30769230769231,288.74,1.1866666666666674,0.5849999999999795,-0.0505050505050505,287.0,282.0,278.0,276.0,11400.0
2021-03-10,285.0,286.0,284.0,286.0,264.5708923339844,5800.0,280.0,282.92,291.81333333333333,274.47,55.55555555555556,288.44,0.3600000000000136,0.5950000000000273,-0.037037037037037,286.0,287.0,282.0,281.0,23100.0
2021-03-11,284.0,285.0,281.0,284.0,262.7207336425781,3500.0,280.0,282.4,291.1066666666667,274.6,51.72413793103448,288.14,-0.5733333333333235,0.6100000000000136,-0.0437710437710437,286.0,286.0,286.0,285.0,5800.0
2021-03-12,281.0,284.0,280.0,283.0,261.7956848144531,13400.0,279.95,281.96,290.38666666666666,274.73,68.18181818181819,287.78,-1.5733333333333237,0.6500000000000341,-0.0471380471380471,286.0,285.0,284.0,284.0,3500.0
2021-03-13,281.0,284.0,280.0,283.0,261.7956848144531,13400.0,279.9,281.24,290.2266666666667,274.85,68.18181818181819,287.54,-2.0266666666666424,0.6400000000000432,-0.0598006644518271,286.0,284.0,283.0,281.0,13400.0
2021-03-14,281.0,284.0,280.0,283.0,261.7956848144531,13400.0,279.75,280.8,289.92,274.975,68.18181818181819,287.3,-2.5733333333333235,0.6450000000000387,-0.0308219178082191,286.0,284.0,283.0,281.0,13400.0
2021-03-15,284.0,292.0,283.0,292.0,270.1213073730469,28200.0,280.05,281.0,289.97333333333336,275.135,77.41935483870968,287.24,-1.839999999999975,0.6649999999999636,-0.0034129692832765,292.0,284.0,283.0,281.0,13400.0
2021-03-16,289.0,294.0,289.0,291.0,269.1962280273437,20500.0,280.45,281.28,290.0133333333333,275.3,70.37037037037038,287.2,-1.093333333333362,0.6999999999999886,-0.0034246575342465,292.0,292.0,292.0,284.0,28200.0
2021-03-17,293.0,297.0,291.0,297.0,274.7467041015625,29700.0,281.15,281.8,290.1333333333333,275.495,80.64516129032258,287.24,-0.2533333333333303,0.7649999999999864,0.0171232876712328,297.0,294.0,291.0,289.0,20500.0
2021-03-18,297.0,317.0,288.0,291.0,269.1962280273437,92800.0,281.95,282.08,290.17333333333335,275.66,67.56756756756758,287.18,-0.0533333333333416,0.8100000000000023,-0.0034246575342465,297.0,297.0,297.0,293.0,29700.0
2021-03-19,292.0,304.0,292.0,296.0,273.8216247558594,30900.0,283.0,282.48,290.28,275.825,75.0,287.26,0.3599999999999568,0.8499999999999659,-0.0198675496688741,297.0,317.0,291.0,297.0,92800.0
2021-03-20,292.0,304.0,292.0,296.0,273.8216247558594,30900.0,284.05,282.88,290.1066666666667,275.995,75.0,287.2,0.1333333333333257,0.8600000000000136,-0.0166112956810631,297.0,304.0,296.0,292.0,30900.0
2021-03-21,292.0,304.0,292.0,296.0,273.8216247558594,30900.0,285.1,283.4,290.06666666666666,276.18,75.0,287.14,0.0533333333333416,0.8799999999999955,-0.0100334448160535,297.0,304.0,296.0,292.0,30900.0
2021-03-22,292.0,316.0,292.0,310.0,286.77264404296875,90300.0,286.6,284.48,290.28,276.43,80.76923076923077,287.36,0.1466666666666469,0.9350000000000024,0.0299003322259137,310.0,304.0,296.0,292.0,30900.0
2021-03-23,306.0,320.0,306.0,311.0,287.69775390625,39900.0,288.25,285.92,290.50666666666666,276.735,79.59183673469389,287.68,0.3333333333333144,1.0749999999999886,0.0542372881355932,311.0,316.0,310.0,292.0,90300.0
2021-03-24,308.0,311.0,301.0,301.0,278.447021484375,9800.0,289.4,286.96,290.56,276.99,63.63636363636363,287.92,0.2800000000000295,1.1650000000000205,0.0203389830508473,311.0,320.0,311.0,306.0,39900.0
2021-03-25,303.0,308.0,299.0,305.0,282.14727783203125,23700.0,290.85,288.16,290.6666666666667,277.265,68.42105263157895,288.24,0.5600000000000023,1.2699999999999818,0.0338983050847456,311.0,311.0,301.0,308.0,9800.0
2021-03-26,305.0,309.0,301.0,309.0,285.8475952148437,5700.0,292.5,289.52,290.82666666666665,277.56,71.66666666666667,288.64,0.7599999999999909,1.3799999999999957,0.0546075085324231,311.0,308.0,305.0,303.0,23700.0
2021-03-27,305.0,309.0,301.0,309.0,285.8475952148437,5700.0,294.15,290.68,290.9866666666667,277.845,71.66666666666667,289.02,0.7066666666667061,1.4150000000000205,0.0474576271186439,311.0,309.0,309.0,305.0,5700.0
2021-03-28,305.0,309.0,301.0,309.0,285.8475952148437,5700.0,295.7,291.92,291.0933333333333,278.13,71.66666666666667,289.4,0.5866666666666447,1.3949999999999818,0.0510204081632652,311.0,309.0,309.0,305.0,5700.0
2021-03-29,312.0,324.0,305.0,307.0,283.9974365234375,103200.0,296.95,293.08,291.2933333333333,278.395,64.15094339622641,289.74,0.7333333333333485,1.4049999999999727,0.0513698630136987,311.0,309.0,309.0,305.0,5700.0
2021-03-30,309.0,314.0,308.0,310.0,286.77264404296875,7600.0,298.15,294.44,291.52,278.675,67.27272727272728,290.18,0.8533333333332962,1.410000000000025,0.0367892976588628,311.0,324.0,307.0,312.0,103200.0
2021-03-31,310.0,315.0,309.0,313.0,289.5478820800781,6600.0,299.6,295.92,291.8,278.97,65.38461538461539,290.62,0.9733333333333576,1.410000000000025,0.0468227424749163,313.0,314.0,310.0,309.0,7600.0
2021-04-01,312.0,319.0,310.0,315.0,291.3980407714844,13400.0,301.2,297.48,292.1066666666667,279.275,75.0,291.04,1.1200000000000043,1.42999999999995,0.0535117056856186,315.0,315.0,313.0,310.0,6600.0
2021-04-02,316.0,334.0,316.0,330.0,305.2741394042969,106900.0,303.55,299.56,292.61333333333334,279.64,79.3103448275862,291.76,1.5200000000000389,1.509999999999991,0.11864406779661,330.0,319.0,315.0,312.0,13400.0
2021-04-03,316.0,334.0,316.0,330.0,305.2741394042969,106900.0,305.9,301.48,292.9866666666667,279.985,79.3103448275862,292.42,1.693333333333328,1.5900000000000318,0.1418685121107266,330.0,334.0,330.0,316.0,106900.0
2021-04-04,316.0,334.0,316.0,330.0,305.2741394042969,106900.0,307.8,303.24,293.37333333333333,280.325,79.3103448275862,293.08,1.853333333333353,1.6499999999999773,0.1418685121107266,330.0,334.0,330.0,316.0,106900.0
2021-04-05,332.0,332.0,320.0,321.0,296.94842529296875,44000.0,309.3,304.72,293.6666666666667,280.63,60.37735849056604,293.56,1.8666666666666745,1.6599999999999682,0.1107266435986158,330.0,334.0,330.0,316.0,106900.0
2021-04-06,326.0,326.0,309.0,309.0,285.8475952148437,16500.0,309.9,305.76,293.7733333333333,280.86,48.4375,293.86,1.6666666666666288,1.5850000000000364,0.0655172413793103,330.0,332.0,321.0,332.0,44000.0
2021-04-07,308.0,322.0,308.0,321.0,296.94842529296875,10300.0,311.4,307.28,294.12,281.15,65.15151515151516,294.26,1.5066666666666606,1.509999999999991,0.106896551724138,330.0,326.0,309.0,326.0,16500.0
2021-04-08,328.0,374.0,307.0,307.0,283.9974365234375,605200.0,311.95,308.24,294.28,281.37,51.315789473684205,294.52,1.293333333333294,1.384999999999991,0.0586206896551724,330.0,322.0,321.0,308.0,10300.0
2021-04-09,304.0,315.0,304.0,314.0,290.4729309082031,43800.0,312.85,309.12,294.53333333333336,281.625,53.16455696202532,295.06,1.160000000000025,1.3000000000000114,0.0902777777777776,330.0,374.0,307.0,328.0,605200.0
2021-04-10,304.0,315.0,304.0,314.0,290.4729309082031,43800.0,313.75,310.04,294.81333333333333,281.88,53.16455696202532,295.66,1.146666666666647,1.25,0.0790378006872851,330.0,315.0,314.0,304.0,43800.0
2021-04-11,304.0,315.0,304.0,314.0,290.4729309082031,43800.0,313.95,310.72,295.06666666666666,282.16,53.16455696202532,296.26,1.2933333333333508,1.3000000000000114,0.0680272108843538,330.0,315.0,314.0,304.0,43800.0
2021-04-12,322.0,322.0,312.0,314.0,290.4729309082031,28800.0,314.1,311.64,295.3333333333333,282.4,54.54545454545455,296.86,1.2133333333333098,1.25,0.0680272108843538,330.0,315.0,314.0,304.0,43800.0
2021-04-13,313.0,314.0,308.0,312.0,288.622802734375,14800.0,314.65,312.28,295.6,282.615,51.315789473684205,297.38,1.32000000000005,1.2450000000000043,0.0505050505050506,330.0,322.0,314.0,322.0,28800.0
2021-04-14,325.0,325.0,311.0,314.0,290.4729309082031,15600.0,315.1,313.0,295.8,282.84,50.66666666666667,297.94,1.2666666666666515,1.214999999999975,0.0572390572390573,330.0,314.0,312.0,313.0,14800.0
2021-04-15,310.0,328.0,310.0,324.0,299.7236633300781,62600.0,315.85,314.12,296.1333333333333,283.115,55.421686746987945,298.76,1.3199999999999932,1.2350000000000136,0.0909090909090908,330.0,325.0,314.0,325.0,15600.0
2021-04-16,326.0,330.0,317.0,318.0,294.1732788085937,28400.0,316.3,314.44,296.38666666666666,283.33,41.89189189189189,299.46,1.3199999999999932,1.169999999999959,0.0816326530612245,330.0,328.0,324.0,310.0,62600.0
2021-04-17,326.0,330.0,317.0,318.0,294.1732788085937,28400.0,316.75,314.72,296.6933333333333,283.56,41.89189189189189,300.32,1.3600000000000136,1.160000000000025,0.0564784053156146,330.0,330.0,318.0,326.0,28400.0
2021-04-18,326.0,330.0,317.0,318.0,294.1732788085937,28400.0,317.3,315.4,297.08,283.82,41.89189189189189,301.18,1.4799999999999611,1.204999999999984,0.0816326530612245,330.0,330.0,318.0,326.0,28400.0
2021-04-19,325.0,325.0,315.0,320.0,296.0233764648437,17600.0,317.8,316.0,297.49333333333334,284.09,49.25373134328358,302.08,1.693333333333328,1.25,0.1149825783972124,330.0,330.0,318.0,326.0,28400.0
2021-04-20,316.0,322.0,315.0,317.0,293.2481689453125,19300.0,318.0,316.32,297.8666666666667,284.395,56.896551724137936,302.92,1.7333333333333485,1.2799999999999727,0.1161971830985915,330.0,325.0,320.0,325.0,17600.0
2021-04-21,310.0,311.0,301.0,301.0,278.447021484375,36600.0,317.3,316.0,298.0133333333333,284.62,33.87096774193549,303.34,1.6266666666666652,1.2900000000000205,0.0598591549295774,330.0,322.0,317.0,316.0,19300.0
2021-04-22,303.0,309.0,302.0,309.0,285.8475952148437,11100.0,316.25,316.0,298.26666666666665,284.885,51.78571428571429,303.96,1.5733333333333237,1.3249999999999886,0.0880281690140845,330.0,311.0,301.0,310.0,36600.0
2021-04-23,308.0,312.0,296.0,300.0,277.5219421386719,27700.0,314.75,315.72,298.4,285.09,37.93103448275862,304.4,1.3199999999999932,1.2699999999999818,0.0489510489510489,330.0,309.0,309.0,303.0,11100.0
2021-04-24,308.0,312.0,296.0,300.0,277.5219421386719,27700.0,313.25,315.32,298.56,285.265,37.93103448275862,304.88,1.0666666666666629,1.1750000000000114,0.0489510489510489,324.0,312.0,300.0,308.0,27700.0
2021-04-25,308.0,312.0,296.0,300.0,277.5219421386719,27700.0,312.2,314.8,298.68,285.375,37.93103448275862,305.36,0.8133333333333326,0.9800000000000182,0.0600706713780918,324.0,312.0,300.0,308.0,27700.0
2021-04-26,304.0,321.0,301.0,318.0,294.1732788085937,27000.0,312.65,314.92,299.0,285.595,52.631578947368425,306.2,0.9866666666666788,0.9750000000000228,0.1236749116607773,324.0,312.0,300.0,308.0,27700.0
2021-04-27,325.0,325.0,316.0,317.0,293.2481689453125,19000.0,312.45,314.4,299.3066666666667,285.8,53.33333333333333,306.98,1.0400000000000205,0.9150000000000204,0.1527272727272728,324.0,321.0,318.0,304.0,27000.0
2021-04-28,322.0,325.0,317.0,317.0,293.2481689453125,34500.0,312.95,313.88,299.5733333333333,286.005,52.05479452054795,307.68,1.1733333333333462,0.9150000000000204,0.1527272727272728,324.0,325.0,317.0,325.0,19000.0
2021-04-29,322.0,325.0,317.0,317.0,293.2481689453125,34500.0,313.1,313.36,299.84,286.21,44.44444444444444,308.3,1.2799999999999727,0.9449999999999932,0.1527272727272728,324.0,325.0,317.0,322.0,34500.0
2021-04-30,322.0,336.0,317.0,336.0,310.8245544433594,73000.0,314.2,313.96,300.36,286.515,61.84210526315789,309.34,1.6800000000000068,1.1399999999999864,0.2218181818181819,336.0,325.0,317.0,322.0,34500.0
2021-05-01,322.0,336.0,317.0,336.0,310.8245544433594,73000.0,315.3,315.04,300.92,286.795,61.84210526315789,310.4,1.920000000000016,1.1999999999999886,0.1999999999999999,336.0,336.0,336.0,322.0,73000.0
2021-05-02,322.0,336.0,317.0,336.0,310.8245544433594,73000.0,316.4,315.64,301.38666666666666,287.06,61.84210526315789,311.46,2.079999999999984,1.259999999999991,0.2086330935251799,336.0,336.0,336.0,322.0,73000.0
2021-05-03,322.0,336.0,317.0,336.0,310.8245544433594,73000.0,317.6,316.8,301.94666666666666,287.38,60.810810810810814,312.52,2.373333333333335,1.375,0.2086330935251799,336.0,336.0,336.0,322.0,73000.0
2021-05-04,322.0,336.0,317.0,336.0,310.8245544433594,73000.0,318.7,317.68,302.6,287.72,63.38028169014085,313.4,2.760000000000048,1.5100000000000475,0.2173913043478261,336.0,336.0,336.0,322.0,73000.0
2021-05-05,322.0,336.0,317.0,336.0,310.8245544433594,73000.0,319.3,318.56,303.2933333333333,288.06,81.81818181818181,314.3,2.933333333333337,1.545000000000016,0.2173913043478261,336.0,336.0,336.0,322.0,73000.0
2021-05-06,320.0,324.0,305.0,319.0,295.0982971191406,88300.0,319.35,318.76,303.76,288.315,57.8125,314.74,2.839999999999975,1.5199999999999818,0.1557971014492754,336.0,336.0,336.0,322.0,73000.0
2021-05-07,322.0,322.0,315.0,320.0,296.0233764648437,26700.0,319.45,319.0,304.24,288.54,67.85714285714286,315.32,2.853333333333353,1.4800000000000182,0.1510791366906474,336.0,324.0,319.0,320.0,88300.0
2021-05-08,322.0,322.0,315.0,320.0,296.0233764648437,26700.0,319.55,319.32,304.6933333333333,288.77,67.85714285714286,315.8,2.7466666666666697,1.3899999999999864,0.1347517730496454,336.0,322.0,320.0,322.0,26700.0
2021-05-09,322.0,322.0,315.0,320.0,296.0233764648437,26700.0,319.55,319.56,305.14666666666665,288.98,67.85714285714286,316.28,2.546666666666624,1.259999999999991,0.1188811188811189,336.0,322.0,320.0,322.0,26700.0
2021-05-10,321.0,321.0,316.0,316.0,292.3231201171875,5900.0,319.5,319.24,305.58666666666664,289.18,47.61904761904762,316.68,2.293333333333294,1.1200000000000043,0.1126760563380282,336.0,322.0,320.0,322.0,26700.0
2021-05-11,314.0,314.0,306.0,306.0,283.0723571777344,18900.0,319.75,318.76,305.8933333333333,289.335,39.2156862745098,316.6,2.1333333333333258,1.0199999999999818,0.0812720848056536,336.0,321.0,316.0,321.0,5900.0
2021-05-12,305.0,305.0,294.0,298.0,275.6717834472656,30100.0,319.2,317.96,306.2,289.45,33.89830508474576,316.34,1.9599999999999795,0.9099999999999682,0.0530035335689045,336.0,314.0,306.0,314.0,18900.0
2021-05-13,293.0,297.0,290.0,294.0,271.9714660644531,9500.0,318.9,317.0,306.4533333333333,289.545,31.746031746031747,316.2,1.759999999999991,0.7750000000000341,0.03886925795053,336.0,305.0,298.0,305.0,30100.0
2021-05-14,297.0,302.0,296.0,297.0,274.7467041015625,4200.0,318.75,316.08,306.74666666666667,289.655,8.510638297872333,316.04,1.6000000000000227,0.6749999999999545,0.0171232876712328,336.0,297.0,294.0,293.0,9500.0
2021-05-15,297.0,302.0,296.0,297.0,274.7467041015625,4200.0,318.6,315.28,307.04,289.79,8.510638297872333,315.8,1.4533333333333758,0.6100000000000136,0.0206185567010308,336.0,302.0,297.0,297.0,4200.0
2021-05-16,297.0,302.0,296.0,297.0,274.7467041015625,4200.0,317.55,315.12,307.26666666666665,289.955,8.510638297872333,315.56,1.3733333333333348,0.6200000000000045,0.0,336.0,302.0,297.0,297.0,4200.0
2021-05-17,307.0,307.0,283.0,286.0,264.5708923339844,37200.0,316.0,314.2,307.37333333333333,290.055,6.896551724137922,315.1,1.1733333333333462,0.6050000000000182,-0.0171821305841924,336.0,302.0,297.0,297.0,4200.0
2021-05-18,286.0,295.0,285.0,294.0,271.9714660644531,13300.0,314.85,313.96,307.58666666666664,290.195,18.181818181818187,314.84,1.1333333333333258,0.6499999999999773,-0.0067567567567567,336.0,307.0,286.0,307.0,37200.0
2021-05-19,294.0,303.0,293.0,300.0,277.5219421386719,16400.0,314.0,313.96,307.9066666666667,290.365,25.00000000000001,314.64,1.160000000000025,0.7100000000000364,0.0135135135135135,336.0,295.0,294.0,286.0,13300.0
2021-05-20,303.0,323.0,303.0,313.0,289.5478820800781,53200.0,312.85,314.48,308.4,290.6,45.58823529411765,314.64,1.3599999999999568,0.8100000000000023,0.0574324324324324,336.0,303.0,300.0,294.0,16400.0
2021-05-21,309.0,311.0,305.0,309.0,285.8475952148437,12200.0,311.5,314.12,308.84,290.845,42.25352112676056,314.52,1.5733333333333237,0.8900000000000432,-0.0032258064516128,336.0,323.0,313.0,303.0,53200.0
2021-05-22,309.0,311.0,305.0,309.0,285.8475952148437,12200.0,310.15,313.8,309.25333333333333,291.09,42.25352112676056,314.1,1.879999999999996,1.0349999999999682,-0.0064308681672026,336.0,311.0,309.0,309.0,12200.0
2021-05-23,309.0,311.0,305.0,309.0,285.8475952148437,12200.0,308.8,313.48,309.61333333333334,291.345,42.25352112676056,313.68,2.0266666666667,1.150000000000034,0.0265780730897009,336.0,311.0,309.0,309.0,12200.0
2021-05-24,309.0,312.0,305.0,306.0,283.0723571777344,7000.0,307.3,313.04,309.88,291.555,42.85714285714285,313.2,1.9733333333333007,1.1899999999999975,0.0032786885245901,336.0,311.0,309.0,309.0,12200.0
2021-05-25,385.0,386.0,372.0,383.0,354.302978515625,2302600.0,309.65,314.92,311.2,292.155,78.10218978102189,314.44,2.800000000000012,1.55499999999995,0.2394822006472492,383.0,312.0,306.0,309.0,7000.0
2021-05-26,359.0,367.0,343.0,353.0,326.55078125,990500.0,311.35,315.6,312.1333333333333,292.605,67.29559748427673,315.32,3.2933333333333508,1.759999999999991,0.1423948220064725,383.0,386.0,383.0,385.0,2302600.0
2021-05-27,348.0,359.0,341.0,347.0,321.0003662109375,271400.0,312.7,316.04,312.9866666666667,293.025,66.45962732919256,315.84,3.733333333333349,1.9350000000000025,0.1229773462783172,383.0,367.0,353.0,359.0,990500.0
2021-05-28,340.0,353.0,336.0,350.0,323.77557373046875,221700.0,314.2,316.6,313.88,293.465,66.45962732919256,316.7,4.266666666666652,2.119999999999948,0.1400651465798046,383.0,359.0,347.0,348.0,271400.0
2021-05-29,340.0,353.0,336.0,350.0,323.77557373046875,221700.0,315.7,317.16,314.6533333333333,293.885,66.45962732919256,317.42,4.773333333333312,2.329999999999984,0.1290322580645162,383.0,353.0,350.0,340.0,221700.0
2021-05-30,340.0,353.0,336.0,350.0,323.77557373046875,221700.0,317.4,317.72,315.44,294.315,66.45962732919256,318.14,4.240000000000009,2.160000000000025,0.1182108626198084,383.0,353.0,350.0,340.0,221700.0
2021-05-31,353.0,355.0,331.0,336.0,310.8245544433594,90700.0,318.9,318.4,315.96,294.66,65.2439024390244,318.58,3.826666666666654,2.055000000000007,0.0666666666666666,383.0,353.0,350.0,340.0,221700.0
2021-06-01,334.0,336.0,328.0,329.0,304.3490600585937,73100.0,320.45,318.76,316.46666666666664,295.01,60.7361963190184,318.88,3.4799999999999613,1.9850000000000136,-0.003030303030303,383.0,355.0,336.0,353.0,90700.0
2021-06-02,335.0,339.0,328.0,338.0,312.6746826171875,45900.0,322.65,319.48,317.02666666666664,295.405,61.44578313253012,319.4,3.146666666666647,1.9399999999999973,0.0242424242424241,383.0,336.0,329.0,334.0,73100.0
2021-06-03,339.0,350.0,336.0,339.0,313.5997619628906,57900.0,324.75,320.24,317.6,295.805,58.44155844155844,319.9,2.946666666666715,1.920000000000016,0.0272727272727273,383.0,339.0,338.0,335.0,45900.0
2021-06-04,347.0,347.0,336.0,340.0,314.5248413085937,32900.0,326.9,321.2,318.18666666666667,296.195,60.264900662251655,320.22,2.7466666666666697,1.879999999999996,0.0591900311526478,383.0,350.0,339.0,339.0,57900.0
2021-06-05,347.0,347.0,336.0,340.0,314.5248413085937,32900.0,329.05,322.56,318.58666666666664,296.6,60.264900662251655,320.66,2.626666666666665,1.9399999999999973,0.1003236245954692,383.0,347.0,340.0,347.0,32900.0
2021-06-06,347.0,347.0,336.0,340.0,314.5248413085937,32900.0,331.75,324.24,318.97333333333336,297.015,60.264900662251655,321.1,2.506666666666717,2.0049999999999955,0.0591900311526478,383.0,347.0,340.0,347.0,32900.0
2021-06-07,342.0,349.0,338.0,349.0,322.8504943847656,46800.0,334.5,326.44,319.61333333333334,297.545,63.69426751592357,321.72,2.586666666666701,2.140000000000043,0.1368078175895766,383.0,347.0,340.0,347.0,32900.0
2021-06-08,350.0,354.0,340.0,342.0,316.3749694824219,42300.0,336.6,328.24,320.1066666666667,298.03,26.436781609195407,322.16,2.5066666666666606,2.224999999999966,0.0891719745222929,383.0,349.0,349.0,342.0,46800.0
2021-06-09,342.0,345.0,327.0,330.0,305.2741394042969,69500.0,337.45,329.56,320.38666666666666,298.455,33.33333333333333,322.42,2.1999999999999886,2.259999999999991,0.0509554140127388,383.0,354.0,342.0,350.0,42300.0
2021-06-10,328.0,344.0,324.0,342.0,316.3749694824219,70100.0,339.1,331.36,320.82666666666665,298.94,46.66666666666666,323.24,2.240000000000009,2.339999999999975,0.0891719745222929,383.0,345.0,330.0,342.0,69500.0
2021-06-11,337.0,343.0,330.0,337.0,311.7496337890625,54600.0,340.5,333.4,321.2,299.4,41.55844155844156,323.8,2.226666666666631,2.384999999999991,0.0732484076433122,383.0,344.0,342.0,328.0,70100.0
2021-06-12,337.0,343.0,330.0,337.0,311.7496337890625,54600.0,341.9,335.12,321.6,299.865,41.55844155844156,324.54,1.9866666666666788,2.319999999999993,0.080128205128205,383.0,343.0,337.0,337.0,54600.0
2021-06-13,337.0,343.0,330.0,337.0,311.7496337890625,54600.0,343.45,336.6,321.96,300.31,41.55844155844156,325.28,1.853333333333296,2.2800000000000296,0.0732484076433122,383.0,343.0,337.0,337.0,54600.0
2021-06-14,339.0,362.0,337.0,354.0,327.4758605957031,113000.0,342.0,338.24,322.50666666666666,300.77,61.25,326.36,2.1200000000000045,2.3149999999999977,0.0925925925925925,354.0,343.0,337.0,337.0,54600.0
2021-06-15,362.0,371.0,352.0,364.0,336.7265930175781,484400.0,342.55,340.44,323.16,301.295,71.0843373493976,327.28,2.3333333333333712,2.355000000000018,0.1446540880503144,364.0,362.0,354.0,339.0,113000.0
2021-06-16,365.0,365.0,346.0,361.0,333.9513854980469,112900.0,343.25,342.52,323.5733333333333,301.805,64.93506493506493,328.16,2.373333333333335,2.4050000000000296,0.1352201257861636,364.0,371.0,364.0,362.0,484400.0
2021-06-17,356.0,362.0,349.0,352.0,325.6257019042969,47800.0,343.35,344.24,323.8666666666667,302.27,57.647058823529406,328.86,2.2666666666666515,2.4049999999999727,0.1069182389937106,364.0,365.0,361.0,365.0,112900.0
2021-06-18,350.0,360.0,340.0,350.0,323.77557373046875,69600.0,343.35,346.0,324.1333333333333,302.72,55.81395348837209,329.52,2.173333333333346,2.410000000000025,0.09375,364.0,362.0,352.0,356.0,47800.0
2021-06-19,350.0,360.0,340.0,350.0,323.77557373046875,69600.0,343.35,344.68,324.52,303.17,55.81395348837209,329.8,2.013333333333321,2.400000000000034,0.1041009463722397,364.0,360.0,350.0,350.0,69600.0
2021-06-20,350.0,360.0,340.0,350.0,323.77557373046875,69600.0,344.05,344.56,325.06666666666666,303.635,55.81395348837209,330.08,1.9066666666666376,2.339999999999975,0.1627906976744186,364.0,360.0,350.0,350.0,69600.0
2021-06-21,326.0,338.0,324.0,334.0,308.9743957519531,93800.0,344.3,344.04,325.24,303.94,41.935483870967744,330.04,1.6666666666666856,2.134999999999991,0.0809061488673139,364.0,360.0,350.0,350.0,69600.0
2021-06-22,350.0,350.0,338.0,346.0,320.0752868652344,51900.0,344.7,343.88,325.76,304.27,52.0408163265306,330.24,1.8933333333333169,2.0,0.1533333333333333,364.0,338.0,334.0,326.0,93800.0
2021-06-23,338.0,346.0,336.0,336.0,310.8245544433594,77700.0,344.55,343.32,326.05333333333334,304.55,53.125,330.24,1.920000000000016,1.829999999999984,0.1200000000000001,364.0,350.0,346.0,350.0,51900.0
2021-06-24,335.0,341.0,333.0,335.0,309.8994445800781,16600.0,344.3,342.72,326.3333333333333,304.825,45.88235294117647,330.22,1.8133333333333328,1.6549999999999727,0.1166666666666667,364.0,346.0,336.0,338.0,77700.0
2021-06-25,338.0,339.0,331.0,335.0,309.8994445800781,22800.0,344.05,342.68,326.61333333333334,305.11,48.75,330.54,1.546666666666681,1.4750000000000227,0.0534591194968554,364.0,341.0,335.0,335.0,16600.0
2021-06-26,338.0,339.0,331.0,335.0,309.8994445800781,22800.0,343.8,342.92,326.8933333333333,305.395,48.75,330.84,1.6533333333333076,1.454999999999984,0.0567823343848581,364.0,339.0,335.0,338.0,22800.0
2021-06-27,338.0,339.0,331.0,335.0,309.8994445800781,22800.0,343.1,342.8,327.2,305.71,48.75,331.14,1.4399999999999975,1.4399999999999975,0.0567823343848581,364.0,339.0,335.0,338.0,22800.0
2021-06-28,351.0,351.0,333.0,338.0,312.6746826171875,80600.0,342.9,342.76,327.52,306.065,37.87878787878788,331.5,1.46666666666664,1.5149999999999864,0.0662460567823344,364.0,339.0,335.0,338.0,22800.0
2021-06-29,341.0,343.0,338.0,338.0,312.6746826171875,19800.0,343.3,342.68,327.70666666666665,306.425,26.78571428571428,331.94,1.3733333333333348,1.6000000000000227,0.0059523809523809,364.0,351.0,338.0,351.0,80600.0
2021-06-30,337.0,342.0,337.0,337.0,311.7496337890625,11500.0,343.05,342.56,327.96,306.78,27.77777777777777,332.56,1.3466666666666356,1.669999999999959,0.0029761904761904,364.0,343.0,338.0,341.0,19800.0
2021-07-01,339.0,340.0,336.0,339.0,313.5997619628906,13300.0,343.15,342.52,328.24,307.145,36.17021276595744,333.38,1.3466666666666924,1.75,0.0089285714285713,364.0,342.0,337.0,337.0,11500.0
2021-07-02,335.0,338.0,331.0,338.0,312.6746826171875,31300.0,343.2,342.08,328.50666666666666,307.45,36.95652173913044,334.26,1.306666666666672,1.740000000000009,0.0059523809523809,364.0,340.0,339.0,339.0,13300.0
2021-07-03,335.0,338.0,331.0,338.0,312.6746826171875,31300.0,343.25,341.92,328.74666666666667,307.785,36.95652173913044,335.08,1.226666666666688,1.7200000000000273,0.0059523809523809,364.0,338.0,338.0,335.0,31300.0
2021-07-04,335.0,338.0,331.0,338.0,312.6746826171875,31300.0,342.45,342.24,329.02666666666664,308.15,36.95652173913044,335.9,1.3199999999999932,1.724999999999966,0.0059523809523809,364.0,338.0,338.0,335.0,31300.0
2021-07-05,341.0,342.0,337.0,341.0,315.4499206542969,26500.0,341.3,342.2,329.56,308.53,60.6060606060606,336.78,1.6000000000000227,1.75,0.0689655172413792,361.0,338.0,338.0,335.0,31300.0
2021-07-06,338.0,340.0,333.0,339.0,313.5997619628906,21700.0,340.2,342.28,329.96,308.9,34.78260869565217,337.84,1.7199999999999704,1.7549999999999957,0.0593749999999999,352.0,342.0,341.0,341.0,26500.0
2021-07-07,333.0,338.0,332.0,332.0,307.124267578125,20100.0,339.2,342.08,330.38666666666666,309.235,39.99999999999999,338.6,1.879999999999996,1.785000000000025,0.0375,350.0,340.0,339.0,338.0,21700.0
2021-07-08,331.0,334.0,326.0,328.0,303.4239501953125,32200.0,338.1,341.72,330.76,309.55,34.78260869565217,339.16,2.013333333333321,1.7649999999999864,0.0249999999999999,350.0,338.0,332.0,333.0,20100.0
2021-07-09,322.0,332.0,320.0,332.0,307.124267578125,32600.0,337.2,340.84,331.18666666666667,309.915,44.44444444444444,339.54,2.160000000000025,1.7650000000000432,0.0506329113924051,350.0,334.0,328.0,331.0,32200.0
2021-07-10,322.0,332.0,320.0,332.0,307.124267578125,32600.0,336.3,339.56,331.37333333333333,310.3,44.44444444444444,340.0,1.8133333333333328,1.7700000000000389,0.0849673202614378,346.0,332.0,332.0,322.0,32600.0
2021-07-11,322.0,332.0,320.0,332.0,307.124267578125,32600.0,336.2,338.4,331.5733333333333,310.68,44.44444444444444,340.46,1.613333333333344,1.7800000000000296,0.1140939597315435,346.0,332.0,332.0,322.0,32600.0
2021-07-12,348.0,348.0,338.0,343.0,317.3000793457031,34700.0,336.05,338.04,331.92,311.075,57.142857142857146,341.14,1.53333333333336,1.839999999999975,0.1666666666666667,343.0,332.0,332.0,322.0,32600.0
2021-07-13,346.0,349.0,341.0,346.0,320.0752868652344,33500.0,336.55,337.88,332.3066666666667,311.12,60.526315789473685,341.94,1.546666666666681,1.5699999999999932,0.164983164983165,346.0,348.0,343.0,348.0,34700.0
2021-07-14,342.0,349.0,342.0,348.0,321.9254455566406,8500.0,337.2,337.8,332.46666666666664,311.175,64.1025641025641,341.24,1.2799999999999727,1.259999999999991,0.1717171717171717,348.0,349.0,346.0,346.0,33500.0
2021-07-15,349.0,349.0,344.0,344.0,318.22515869140625,7200.0,337.65,337.56,332.5733333333333,311.21,56.09756097560975,341.06,1.1999999999999886,0.9099999999999682,0.1582491582491583,348.0,349.0,348.0,342.0,8500.0
2021-07-16,343.0,350.0,331.0,334.0,308.9743957519531,50600.0,337.6,337.56,332.5466666666667,311.405,46.0,340.8,0.9733333333333576,0.7249999999999659,0.1678321678321679,348.0,349.0,344.0,349.0,7200.0
2021-07-17,343.0,350.0,331.0,334.0,308.9743957519531,50600.0,337.55,337.08,332.52,311.545,46.0,340.48,0.5999999999999659,0.4700000000000273,0.1360544217687074,348.0,350.0,334.0,343.0,50600.0
2021-07-18,343.0,350.0,331.0,334.0,308.9743957519531,50600.0,337.35,337.0,332.49333333333334,311.775,46.0,340.16,0.1866666666666674,0.6549999999999727,0.1133333333333332,348.0,350.0,334.0,343.0,50600.0
2021-07-19,330.0,341.0,330.0,333.0,308.0493469238281,30100.0,337.1,336.92,332.4533333333333,312.0,41.66666666666667,339.82,-0.0133333333333212,0.8249999999999886,0.0638977635782747,348.0,350.0,334.0,343.0,50600.0
2021-07-20,330.0,340.0,330.0,337.0,311.7496337890625,18200.0,337.1,337.0,332.6933333333333,312.245,47.99999999999999,339.84,0.1200000000000045,1.035000000000025,0.0906148867313916,348.0,341.0,333.0,330.0,30100.0
2021-07-21,337.0,346.0,337.0,346.0,320.0752868652344,50800.0,337.45,337.44,333.04,312.535,63.46153846153846,340.18,0.4933333333333394,1.1300000000000523,0.1197411003236246,348.0,340.0,337.0,330.0,18200.0
2021-07-22,337.0,346.0,337.0,346.0,320.0752868652344,50800.0,337.85,337.88,333.38666666666666,312.825,68.75,340.34,0.8666666666666742,1.2799999999999727,0.1197411003236246,348.0,346.0,346.0,337.0,50800.0
2021-07-23,337.0,346.0,337.0,346.0,320.0752868652344,50800.0,338.25,338.2,333.7333333333333,313.01,65.9090909090909,340.48,1.240000000000009,1.2350000000000136,0.130718954248366,348.0,346.0,346.0,337.0,50800.0
2021-07-24,337.0,346.0,337.0,346.0,320.0752868652344,50800.0,338.65,338.52,334.1333333333333,313.245,65.9090909090909,340.6,1.6800000000000068,1.2450000000000043,-0.0966057441253264,348.0,346.0,346.0,337.0,50800.0
2021-07-25,337.0,346.0,337.0,346.0,320.0752868652344,50800.0,338.9,338.88,334.6666666666667,313.505,65.9090909090909,340.72,1.9733333333333576,1.259999999999991,-0.0198300283286119,348.0,346.0,346.0,337.0,50800.0
2021-07-26,350.0,356.0,346.0,353.0,326.55078125,47100.0,339.6,339.44,335.4,313.8,62.50000000000001,340.98,2.359999999999957,1.2649999999999864,0.0172910662824208,353.0,346.0,346.0,337.0,50800.0
2021-07-27,356.0,356.0,344.0,350.0,323.77557373046875,33300.0,340.5,339.92,336.14666666666665,314.065,55.0,341.0,2.759999999999991,1.240000000000009,0.0,353.0,356.0,353.0,350.0,47100.0
2021-07-28,349.0,349.0,343.0,343.0,317.3000793457031,12600.0,341.25,340.12,336.76,314.295,44.44444444444444,341.02,3.0266666666666424,1.285000000000025,-0.02,353.0,356.0,350.0,356.0,33300.0
2021-07-29,342.0,348.0,342.0,347.0,321.0003662109375,7600.0,342.0,340.48,337.4266666666667,314.545,53.33333333333333,341.36,3.2933333333333508,1.3000000000000114,-0.0085714285714285,353.0,349.0,343.0,349.0,12600.0
2021-07-30,348.0,356.0,348.0,354.0,327.4758605957031,72400.0,343.1,341.0,338.18666666666667,314.83,73.80952380952381,341.6,3.519999999999982,1.3249999999999886,0.0535714285714286,354.0,348.0,347.0,342.0,7600.0
2021-07-31,348.0,356.0,348.0,354.0,327.4758605957031,72400.0,344.2,341.6,339.0933333333333,315.095,73.80952380952381,341.94,3.693333333333328,1.295000000000016,0.0759878419452888,354.0,356.0,354.0,348.0,72400.0
2021-08-01,348.0,356.0,348.0,354.0,327.4758605957031,72400.0,344.75,342.48,339.8933333333333,315.405,73.80952380952381,342.28,3.7466666666666697,1.339999999999975,0.0473372781065088,354.0,356.0,354.0,348.0,72400.0
2021-08-02,339.0,344.0,330.0,331.0,306.1991882324219,74100.0,344.0,342.6,340.3066666666667,315.595,48.4375,342.16,3.546666666666681,1.3000000000000114,-0.023598820058997,354.0,356.0,354.0,348.0,72400.0
2021-08-03,339.0,340.0,333.0,338.0,312.6746826171875,28700.0,343.5,342.84,340.64,315.825,50.74626865671642,341.84,3.21333333333331,1.2799999999999727,-0.0058823529411764,354.0,344.0,331.0,339.0,74100.0
2021-08-04,334.0,338.0,333.0,334.0,308.9743957519531,12200.0,343.0,342.92,340.97333333333336,316.035,40.322580645161295,341.24,2.78666666666669,1.205000000000041,-0.0176470588235294,354.0,340.0,338.0,339.0,28700.0
2021-08-05,331.0,333.0,328.0,329.0,304.3490600585937,16500.0,342.75,342.8,341.24,316.22,37.3134328358209,340.6,2.146666666666704,1.125,-0.0323529411764705,354.0,338.0,334.0,334.0,12200.0
2021-08-06,326.0,329.0,321.0,321.0,296.94842529296875,22000.0,342.1,341.92,341.4,316.315,33.33333333333333,339.98,1.5066666666666606,0.910000000000025,-0.0802292263610314,354.0,333.0,329.0,331.0,16500.0
2021-08-07,326.0,329.0,321.0,321.0,296.94842529296875,22000.0,341.45,340.92,341.6,316.415,33.33333333333333,339.4,1.2933333333333508,0.8199999999999932,-0.0614035087719297,354.0,329.0,321.0,326.0,22000.0
2021-08-08,326.0,329.0,321.0,321.0,296.94842529296875,22000.0,340.85,339.84,340.7733333333333,316.525,33.33333333333333,338.82,0.1333333333333257,0.6999999999999886,-0.0272727272727272,354.0,329.0,321.0,326.0,22000.0
2021-08-09,326.0,329.0,321.0,321.0,296.94842529296875,22000.0,340.05,338.92,340.3466666666667,316.625,26.47058823529412,338.24,-0.6266666666666652,0.589999999999975,-0.0614035087719297,354.0,329.0,321.0,326.0,22000.0
2021-08-10,323.0,330.0,322.0,330.0,305.2741394042969,13500.0,339.25,338.76,340.12,316.8,36.48648648648649,338.16,-1.1200000000000043,0.5799999999999841,-0.0207715133531157,354.0,329.0,321.0,326.0,22000.0
2021-08-11,334.0,345.0,331.0,345.0,319.15020751953125,21900.0,339.2,339.2,340.05333333333334,317.05,51.21951219512195,338.14,-1.3466666666666356,0.7350000000000136,0.0237388724035607,354.0,330.0,330.0,323.0,13500.0
2021-08-12,346.0,349.0,343.0,349.0,322.8504943847656,28700.0,339.35,339.8,340.04,317.32,51.21951219512195,338.4,-1.5600000000000025,0.9049999999999728,0.0356083086053411,354.0,345.0,345.0,334.0,21900.0
2021-08-13,350.0,365.0,350.0,365.0,337.65167236328125,130200.0,340.3,341.08,340.24,317.68,56.04395604395605,339.0,-0.533333333333303,1.1550000000000296,0.0310734463276836,365.0,349.0,349.0,346.0,28700.0
2021-08-14,350.0,365.0,350.0,365.0,337.65167236328125,130200.0,341.25,342.2,340.62666666666667,318.03,56.04395604395605,339.6,0.2799999999999727,1.4049999999999727,0.0027472527472527,365.0,365.0,365.0,350.0,130200.0
2021-08-15,350.0,365.0,350.0,365.0,337.65167236328125,130200.0,341.85,342.96,341.1066666666667,318.385,56.04395604395605,340.2,0.9866666666666788,1.5849999999999795,0.0110803324099721,365.0,365.0,365.0,350.0,130200.0
2021-08-16,363.0,363.0,354.0,360.0,333.0263061523437,54700.0,342.35,343.52,341.4,318.725,69.86301369863014,340.7,1.3466666666666356,1.6750000000000114,0.0227272727272727,365.0,365.0,365.0,350.0,130200.0
2021-08-17,356.0,364.0,353.0,364.0,336.7265930175781,83200.0,343.4,344.24,341.7333333333333,319.05,68.57142857142857,341.22,1.693333333333328,1.7300000000000182,0.04,365.0,363.0,360.0,363.0,54700.0
2021-08-18,364.0,379.0,362.0,370.0,342.2770080566406,372400.0,344.55,345.2,342.1333333333333,319.405,75.0,341.86,1.8933333333333169,1.724999999999966,0.0571428571428571,370.0,364.0,364.0,356.0,83200.0
2021-08-19,370.0,372.0,363.0,364.0,336.7265930175781,97900.0,345.05,345.92,342.4533333333333,319.73,73.97260273972603,342.4,1.8266666666666536,1.7000000000000457,0.04,370.0,379.0,370.0,364.0,372400.0
2021-08-20,365.0,365.0,339.0,345.0,319.15020751953125,100900.0,344.6,345.6,342.52,319.98,64.28571428571428,342.52,1.4133333333332985,1.5950000000000273,0.032934131736527,370.0,372.0,364.0,370.0,97900.0
2021-08-21,365.0,365.0,339.0,345.0,319.15020751953125,100900.0,344.15,345.4,342.46666666666664,320.26,64.28571428571428,342.66,1.0666666666666629,1.5349999999999682,-0.0028901734104046,370.0,365.0,345.0,365.0,100900.0
2021-08-22,365.0,365.0,339.0,345.0,319.15020751953125,100900.0,344.85,345.48,342.50666666666666,320.54,64.28571428571428,342.8,0.7733333333333121,1.490000000000009,0.0267857142857141,370.0,365.0,345.0,365.0,100900.0
2021-08-23,347.0,367.0,347.0,359.0,332.1012268066406,64400.0,345.9,345.96,342.8933333333333,320.89,69.38775510204081,343.22,0.7599999999999909,1.4850000000000136,0.0716417910447761,370.0,365.0,345.0,365.0,100900.0
2021-08-24,363.0,369.0,359.0,362.0,334.87646484375,39900.0,347.3,346.28,343.16,321.25,67.3913043478261,343.64,0.7066666666667061,1.5199999999999818,0.0805970149253731,370.0,367.0,359.0,347.0,64400.0
2021-08-25,367.0,367.0,354.0,358.0,331.1761779785156,15000.0,348.75,346.44,343.44,321.59,58.0246913580247,344.02,0.920000000000016,1.6099999999999568,0.0686567164179103,370.0,369.0,362.0,363.0,39900.0
2021-08-26,362.0,364.0,355.0,360.0,333.0263061523437,30100.0,350.7,346.68,343.74666666666667,321.94,56.9620253164557,344.58,1.2800000000000296,1.6800000000000068,0.0746268656716417,370.0,367.0,358.0,367.0,15000.0
2021-08-27,360.0,364.0,356.0,356.0,329.32598876953125,17900.0,352.45,347.68,344.0,322.28,43.28358208955223,345.14,1.4933333333333394,1.7399999999999525,0.0532544378698225,370.0,364.0,360.0,362.0,30100.0
2021-08-28,360.0,364.0,356.0,356.0,329.32598876953125,17900.0,354.2,348.4,344.02666666666664,322.605,43.28358208955223,345.62,1.1333333333333258,1.7150000000000318,0.0532544378698225,370.0,364.0,356.0,360.0,17900.0
2021-08-29,360.0,364.0,356.0,356.0,329.32598876953125,17900.0,355.95,349.28,343.92,322.915,43.28358208955223,346.1,0.7599999999999909,1.6650000000000205,0.056379821958457,370.0,364.0,356.0,360.0,17900.0
2021-08-30,364.0,365.0,358.0,362.0,334.87646484375,26000.0,357.55,350.6,343.93333333333334,323.255,51.47058823529412,346.7,0.4933333333333394,1.6650000000000205,0.0678466076696164,370.0,364.0,356.0,360.0,17900.0
2021-08-31,361.0,364.0,357.0,364.0,336.7265930175781,25600.0,358.5,352.32,344.0933333333333,323.59,50.0,347.12,0.3466666666666356,1.6499999999999773,0.0769230769230768,370.0,365.0,362.0,364.0,26000.0
2021-09-01,362.0,368.0,360.0,362.0,334.87646484375,28200.0,359.15,353.96,344.25333333333333,323.915,43.54838709677419,347.44,0.2533333333333303,1.6350000000000475,0.0710059171597632,370.0,364.0,364.0,361.0,25600.0
2021-09-02,361.0,364.0,359.0,362.0,334.87646484375,22500.0,359.0,355.6,344.41333333333336,324.24,48.21428571428571,347.72,0.3866666666667129,1.634999999999991,0.0710059171597632,370.0,368.0,362.0,362.0,28200.0
2021-09-03,362.0,362.0,350.0,360.0,333.0263061523437,34400.0,358.75,357.16,344.5466666666667,324.57,69.23076923076923,348.04,0.6266666666666652,1.6549999999999727,0.0557184750733137,370.0,364.0,362.0,361.0,22500.0
2021-09-04,362.0,362.0,350.0,360.0,333.0263061523437,34400.0,358.5,358.36,344.8933333333333,324.865,69.23076923076923,348.56,0.9599999999999796,1.6100000000000136,0.0619469026548673,370.0,362.0,360.0,362.0,34400.0
2021-09-05,362.0,362.0,350.0,360.0,333.0263061523437,34400.0,358.5,358.96,345.08,325.195,69.23076923076923,349.08,0.9866666666666788,1.6050000000000182,0.0843373493975903,370.0,362.0,360.0,362.0,34400.0
2021-09-06,360.0,360.0,353.0,355.0,328.40093994140625,17700.0,358.05,359.2,345.3333333333333,325.535,43.33333333333333,349.5,1.079999999999984,1.6200000000000043,0.0823170731707316,370.0,362.0,360.0,362.0,34400.0
2021-09-07,355.0,365.0,353.0,358.0,331.1761779785156,25800.0,357.45,358.92,345.64,325.905,43.33333333333333,350.0,1.226666666666631,1.6649999999999636,0.0783132530120482,364.0,360.0,355.0,360.0,17700.0
2021-09-08,354.0,359.0,354.0,354.0,327.4758605957031,19800.0,356.95,358.48,345.8933333333333,326.255,43.33333333333333,350.34,1.3466666666666356,1.6850000000000025,0.0662650602409637,364.0,365.0,358.0,355.0,25800.0
2021-09-09,356.0,356.0,351.0,351.0,324.7006530761719,22900.0,357.25,357.92,346.1066666666667,326.59,35.48387096774192,350.44,1.213333333333367,1.724999999999966,0.0572289156626506,364.0,359.0,354.0,354.0,19800.0
2021-09-10,353.0,354.0,349.0,351.0,324.7006530761719,31500.0,357.55,357.56,346.32,326.915,40.74074074074074,350.54,1.240000000000009,1.7200000000000273,0.0233236151603497,364.0,356.0,351.0,356.0,22900.0
2021-09-11,353.0,354.0,349.0,351.0,324.7006530761719,31500.0,357.85,357.04,346.49333333333334,327.24,40.74074074074074,350.64,1.160000000000025,1.704999999999984,0.0144508670520231,364.0,354.0,351.0,353.0,31500.0
2021-09-12,353.0,354.0,349.0,351.0,324.7006530761719,31500.0,357.45,356.28,346.6666666666667,327.58,40.74074074074074,350.74,1.0266666666666993,1.6750000000000114,0.0086206896551723,364.0,354.0,351.0,353.0,31500.0
2021-09-13,357.0,363.0,351.0,361.0,333.9513854980469,77300.0,357.4,356.16,346.9866666666667,327.97,48.38709677419355,351.04,1.093333333333362,1.7150000000000318,0.0494186046511628,364.0,354.0,351.0,353.0,31500.0
2021-09-14,362.0,378.0,360.0,374.0,345.9773254394531,101800.0,358.2,357.32,347.4533333333333,328.465,61.90476190476191,351.46,1.3466666666666356,1.875,0.1197604790419162,374.0,363.0,361.0,357.0,77300.0
2021-09-15,370.0,372.0,365.0,372.0,344.127197265625,42900.0,358.8,358.4,347.9066666666667,328.95,61.90476190476191,351.9,1.5866666666667015,2.034999999999968,0.1137724550898202,374.0,378.0,374.0,362.0,101800.0
2021-09-16,394.0,398.0,379.0,395.0,365.4038696289063,241500.0,360.75,360.4,348.6666666666667,329.55,75.38461538461539,352.94,2.173333333333346,2.3100000000000023,0.1826347305389222,395.0,372.0,372.0,370.0,42900.0
2021-09-17,390.0,465.0,386.0,418.0,386.6805419921875,941600.0,363.85,362.76,349.7333333333333,330.265,83.72093023255815,354.36,3.066666666666663,2.6850000000000023,0.2552552552552551,418.0,398.0,395.0,394.0,241500.0
2021-09-18,390.0,465.0,386.0,418.0,386.6805419921875,941600.0,366.95,365.0,350.76,330.955,83.72093023255815,355.64,3.773333333333312,2.984999999999957,0.2403560830860533,418.0,465.0,418.0,390.0,941600.0
2021-09-19,390.0,465.0,386.0,418.0,386.6805419921875,941600.0,369.75,367.4,351.81333333333333,331.655,83.72093023255815,356.92,4.360000000000014,3.1899999999999977,0.2080924855491328,418.0,465.0,418.0,390.0,941600.0
2021-09-20,390.0,465.0,386.0,418.0,386.6805419921875,941600.0,372.45,369.72,352.96,332.355,88.88888888888889,358.2,5.053333333333285,3.4050000000000296,0.2080924855491328,418.0,465.0,418.0,390.0,941600.0
2021-09-21,402.0,430.0,401.0,424.0,392.2309875488281,351200.0,375.55,372.44,354.24,333.095,89.28571428571428,360.06,5.573333333333324,3.545000000000016,0.2254335260115607,424.0,465.0,418.0,390.0,941600.0
2021-09-22,425.0,496.0,425.0,459.0,424.6085205078125,997100.0,380.4,376.56,355.93333333333334,334.01,95.65217391304348,362.48,6.199999999999989,3.745000000000005,0.3265895953757225,459.0,430.0,424.0,402.0,351200.0
2021-09-23,425.0,496.0,425.0,459.0,424.6085205078125,997100.0,385.35,380.68,357.62666666666667,334.925,98.21428571428572,364.98,6.866666666666674,3.9700000000000273,0.3265895953757225,459.0,496.0,459.0,425.0,997100.0
2021-09-24,460.0,485.0,460.0,468.0,432.9341735839844,392000.0,390.75,384.92,359.44,335.875,98.34710743801652,367.76,7.626666666666665,4.220000000000027,0.3257790368271955,468.0,496.0,459.0,425.0,997100.0
2021-09-25,460.0,485.0,460.0,468.0,432.9341735839844,392000.0,396.15,389.08,361.1066666666667,336.805,98.34710743801652,370.7,8.146666666666704,4.449999999999989,0.3371428571428572,468.0,485.0,468.0,460.0,392000.0
2021-09-26,460.0,485.0,460.0,468.0,432.9341735839844,392000.0,401.8,393.32,362.73333333333335,337.715,98.34710743801652,373.64,8.49333333333334,4.619999999999948,0.3644314868804665,468.0,485.0,468.0,460.0,392000.0
2021-09-27,475.0,533.0,475.0,500.0,462.5365295410156,890800.0,408.9,398.84,364.76,338.795,98.6013986013986,377.22,8.826666666666654,4.785000000000025,0.440922190201729,500.0,485.0,468.0,460.0,392000.0
2021-09-28,499.0,509.0,472.0,479.0,443.1099853515625,294400.0,415.15,403.6,366.56,339.775,84.76821192052981,380.38,8.933333333333337,4.849999999999966,0.3531073446327684,500.0,533.0,500.0,475.0,890800.0
2021-09-29,460.0,465.0,441.0,443.0,409.8073425292969,237100.0,419.75,406.92,368.0133333333333,340.575,69.1891891891892,382.64,8.573333333333323,4.699999999999989,0.2514124293785311,500.0,509.0,479.0,499.0,294400.0
2021-09-30,443.0,458.0,432.0,441.0,407.9572448730469,169700.0,424.25,410.16,369.44,341.365,64.02439024390245,384.56,8.333333333333314,4.560000000000002,0.2457627118644068,500.0,465.0,443.0,460.0,237100.0
2021-10-01,434.0,447.0,423.0,432.0,399.6315612792969,116500.0,428.3,413.24,370.7466666666666,342.065,54.66666666666667,386.22,8.013333333333321,4.350000000000023,0.3051359516616314,500.0,458.0,441.0,443.0,169700.0
2021-10-02,434.0,447.0,423.0,432.0,399.6315612792969,116500.0,432.35,416.2,372.06666666666666,342.77,54.66666666666667,387.56,7.306666666666672,3.974999999999966,0.2781065088757397,500.0,447.0,432.0,434.0,116500.0
2021-10-03,434.0,447.0,423.0,432.0,399.6315612792969,116500.0,435.9,419.32,373.3333333333333,343.445,54.66666666666667,388.9,6.773333333333312,3.670000000000016,0.2934131736526946,500.0,447.0,432.0,434.0,116500.0
2021-10-04,435.0,444.0,414.0,423.0,391.3059387207031,72100.0,438.35,422.2,374.36,344.105,51.57232704402515,390.06,6.346666666666692,3.5300000000000296,0.2857142857142858,500.0,447.0,432.0,434.0,116500.0
2021-10-05,410.0,426.0,394.0,422.0,390.380859375,139400.0,440.85,425.04,375.3733333333333,344.735,49.35064935064936,391.3,5.933333333333337,3.3700000000000045,0.3146417445482865,500.0,444.0,423.0,435.0,72100.0
2021-10-06,414.0,436.0,404.0,404.0,373.7295227050781,69500.0,441.3,427.16,376.14666666666665,345.275,29.92700729927008,392.1,5.399999999999977,3.2099999999999795,0.2585669781931463,500.0,426.0,422.0,410.0,139400.0
2021-10-07,401.0,410.0,397.0,405.0,374.6545715332031,45500.0,440.65,429.32,376.9333333333333,345.82,30.434782608695656,392.8,4.866666666666674,3.050000000000012,0.2616822429906542,500.0,436.0,404.0,414.0,69500.0
2021-10-08,405.0,417.0,402.0,408.0,377.4298095703125,27800.0,440.15,431.2,377.76,346.31,27.272727272727263,393.68,4.4266666666666765,2.865000000000009,0.2710280373831775,500.0,410.0,405.0,401.0,45500.0
2021-10-09,405.0,417.0,402.0,408.0,377.4298095703125,27800.0,439.65,432.56,378.4933333333333,346.795,27.272727272727263,394.94,4.133333333333326,2.6899999999999977,0.2363636363636363,500.0,417.0,408.0,405.0,27800.0
2021-10-10,405.0,417.0,402.0,408.0,377.4298095703125,27800.0,439.15,434.0,379.26666666666665,347.33,27.272727272727263,396.2,3.8933333333333167,2.5949999999999704,0.1826086956521739,500.0,417.0,408.0,405.0,27800.0
2021-10-11,421.0,461.0,417.0,448.0,414.4327392578125,271800.0,440.35,436.12,380.6666666666667,348.045,31.42857142857143,398.26,4.520000000000039,2.7700000000000387,0.2836676217765044,500.0,417.0,408.0,405.0,27800.0
2021-10-12,443.0,460.0,434.0,435.0,402.4067993164063,124600.0,439.15,436.8,381.84,348.675,33.33333333333333,399.78,4.906666666666638,2.855000000000018,0.1917808219178083,500.0,461.0,448.0,421.0,271800.0
2021-10-13,428.0,435.0,418.0,423.0,391.3059387207031,64900.0,437.35,437.0,382.76,349.245,40.74074074074074,401.0,5.0,2.9350000000000023,0.1589041095890411,500.0,460.0,435.0,443.0,124600.0
2021-10-14,434.0,457.0,427.0,437.0,404.2569580078125,100700.0,435.8,437.76,383.8666666666667,349.885,48.333333333333336,402.58,5.373333333333335,3.089999999999975,0.1972602739726028,500.0,435.0,423.0,428.0,64900.0
2021-10-15,438.0,456.0,437.0,442.0,408.8822937011719,68800.0,434.5,438.72,385.04,350.56,54.310344827586206,404.22,5.773333333333369,3.230000000000018,0.2277777777777778,500.0,457.0,437.0,434.0,100700.0
2021-10-16,438.0,456.0,437.0,442.0,408.8822937011719,68800.0,433.2,439.44,386.52,351.22,54.310344827586206,405.94,5.853333333333296,3.175000000000012,0.2142857142857142,500.0,456.0,442.0,438.0,68800.0
2021-10-17,438.0,456.0,437.0,442.0,408.8822937011719,68800.0,430.3,438.76,387.9066666666667,351.865,54.310344827586206,407.66,6.06666666666672,3.1899999999999977,0.1945945945945946,479.0,456.0,442.0,438.0,68800.0
2021-10-18,442.0,446.0,426.0,432.0,399.6315612792969,74900.0,427.95,437.68,389.2133333333333,352.45,53.846153846153854,409.18,6.453333333333319,3.204999999999984,0.1868131868131868,448.0,456.0,442.0,438.0,68800.0
2021-10-19,433.0,444.0,428.0,434.0,401.4817199707031,49300.0,427.5,436.32,390.6133333333333,352.97,55.08474576271186,410.62,6.74666666666667,3.0850000000000364,0.2579710144927536,448.0,446.0,432.0,442.0,74900.0
2021-10-20,435.0,448.0,435.0,444.0,410.7324523925781,37800.0,427.65,435.36,392.2533333333333,353.54,68.18181818181819,412.22,7.21333333333331,2.980000000000018,0.2869565217391303,448.0,444.0,434.0,433.0,49300.0
2021-10-21,444.0,444.0,425.0,426.0,394.0811462402344,62600.0,427.35,433.68,393.6533333333333,354.02,58.267716535433074,413.5,7.133333333333326,2.7999999999999545,0.2347826086956521,448.0,448.0,444.0,435.0,37800.0
2021-10-22,423.0,453.0,423.0,448.0,414.4327392578125,104500.0,428.15,431.6,395.3466666666667,354.655,63.698630136986296,415.22,7.439999999999998,2.789999999999964,0.2479108635097493,448.0,444.0,426.0,444.0,62600.0
2021-10-23,423.0,453.0,423.0,448.0,414.4327392578125,104500.0,428.95,430.36,397.04,355.35,63.698630136986296,416.98,7.826666666666711,2.900000000000034,0.2375690607734806,448.0,453.0,448.0,423.0,104500.0
2021-10-24,423.0,453.0,423.0,448.0,414.4327392578125,104500.0,430.2,430.56,398.6133333333333,355.985,63.698630136986296,418.74,8.0,3.0149999999999864,0.2513966480446927,448.0,453.0,448.0,423.0,104500.0
2021-10-25,454.0,475.0,439.0,464.0,429.23388671875,151600.0,432.3,431.48,400.2,356.77,56.55737704918032,420.82,7.946666666666658,3.2299999999999613,0.288888888888889,464.0,453.0,448.0,423.0,104500.0
2021-10-26,474.0,474.0,459.0,464.0,429.23388671875,56500.0,435.3,432.76,401.73333333333335,357.52,63.30275229357798,423.0,8.080000000000041,3.5,0.303370786516854,464.0,475.0,464.0,454.0,151600.0
2021-10-27,469.0,469.0,444.0,444.0,410.7324523925781,74800.0,437.25,433.24,402.7866666666667,358.17,58.97435897435897,424.72,7.439999999999998,3.515000000000043,0.247191011235955,464.0,474.0,464.0,474.0,56500.0
2021-10-28,445.0,449.0,435.0,443.0,409.8073425292969,56800.0,439.0,433.68,403.82666666666665,358.815,52.88461538461538,426.5,6.786666666666633,3.464999999999975,0.2443820224719102,464.0,469.0,444.0,469.0,74800.0
2021-10-29,458.0,490.0,453.0,480.0,444.0350646972656,264800.0,442.6,435.96,405.36,359.645,63.97058823529412,429.08,6.74666666666667,3.659999999999968,0.3259668508287292,480.0,449.0,443.0,445.0,56800.0
2021-10-30,458.0,490.0,453.0,480.0,444.0350646972656,264800.0,446.2,438.28,406.96,360.485,63.97058823529412,431.66,6.759999999999991,3.715000000000032,0.3186813186813186,480.0,490.0,480.0,458.0,264800.0
2021-10-31,458.0,490.0,453.0,480.0,444.0350646972656,264800.0,447.8,441.32,408.50666666666666,361.315,63.97058823529412,434.24,6.773333333333312,3.795000000000016,0.3259668508287292,480.0,490.0,480.0,458.0,264800.0
2021-11-01,465.0,465.0,420.0,443.0,409.8073425292969,427700.0,448.2,442.84,409.48,361.91,53.37423312883435,436.08,6.693333333333328,3.740000000000009,0.2237569060773481,480.0,490.0,480.0,458.0,264800.0
2021-11-02,441.0,485.0,440.0,465.0,430.1589965820313,207800.0,450.3,445.12,410.82666666666665,362.645,58.46994535519126,438.16,7.0,3.829999999999984,0.2916666666666667,480.0,465.0,443.0,465.0,427700.0
2021-11-03,441.0,485.0,440.0,465.0,430.1589965820313,207800.0,451.7,447.4,412.4266666666667,363.38,56.069364161849705,439.98,7.066666666666663,3.7350000000000136,0.2916666666666667,480.0,485.0,465.0,441.0,207800.0
2021-11-04,469.0,482.0,461.0,469.0,433.8592834472656,172700.0,453.05,449.84,414.08,364.135,63.52201257861635,441.92,7.1200000000000045,3.649999999999977,0.3027777777777778,480.0,485.0,465.0,441.0,207800.0
2021-11-05,465.0,468.0,444.0,450.0,416.2828674316406,141300.0,453.45,449.92,415.48,364.785,50.64102564102565,443.02,6.973333333333358,3.470000000000028,0.267605633802817,480.0,482.0,469.0,469.0,172700.0
2021-11-06,465.0,468.0,444.0,450.0,416.2828674316406,141300.0,453.85,450.52,416.6933333333333,365.45,50.64102564102565,443.66,7.21333333333331,3.539999999999964,0.2569832402234637,480.0,468.0,450.0,465.0,141300.0
2021-11-07,465.0,468.0,444.0,450.0,416.2828674316406,141300.0,454.75,451.6,417.8666666666667,366.195,50.64102564102565,444.3,7.0400000000000205,3.550000000000012,0.271186440677966,480.0,468.0,450.0,465.0,141300.0
2021-11-08,445.0,445.0,422.0,424.0,392.2309875488281,156800.0,454.25,451.08,418.7466666666666,366.77,37.95180722891567,444.42,6.319999999999993,3.3899999999999864,0.2079772079772079,480.0,468.0,450.0,465.0,141300.0
2021-11-09,426.0,428.0,403.0,411.0,380.2050476074219,138200.0,452.6,449.84,419.4266666666667,367.325,35.19553072625699,444.28,5.346666666666692,3.1899999999999977,0.170940170940171,480.0,445.0,424.0,445.0,156800.0
2021-11-10,404.0,415.0,402.0,407.0,376.5047302246094,55700.0,451.65,448.44,420.1066666666667,367.86,38.65030674846626,443.94,4.626666666666665,3.0749999999999886,0.1595441595441595,480.0,428.0,411.0,426.0,138200.0
2021-11-11,403.0,414.0,401.0,407.0,376.5047302246094,62400.0,449.6,447.04,420.7866666666667,368.395,38.888888888888886,442.9,4.093333333333362,2.944999999999993,0.1595441595441595,480.0,415.0,407.0,404.0,55700.0
2021-11-12,403.0,435.0,403.0,435.0,402.4067993164063,104300.0,448.95,447.16,421.84,368.98,35.294117647058826,442.42,3.9733333333333007,2.785000000000025,0.2049861495844875,480.0,414.0,407.0,403.0,62400.0
2021-11-13,403.0,435.0,403.0,435.0,402.4067993164063,104300.0,448.3,447.2,422.8133333333333,369.57,35.294117647058826,441.76,4.066666666666663,2.800000000000012,0.1631016042780748,480.0,435.0,435.0,403.0,104300.0
2021-11-14,403.0,435.0,403.0,435.0,402.4067993164063,104300.0,446.85,446.84,423.76,370.16,35.294117647058826,441.1,4.333333333333314,2.8350000000000364,0.1693548387096775,480.0,435.0,435.0,403.0,104300.0
2021-11-15,443.0,443.0,426.0,429.0,396.8563537597656,100900.0,445.1,446.96,424.6533333333333,370.72,44.26229508196722,440.32,4.546666666666624,2.8600000000000136,0.0860759493670886,480.0,435.0,435.0,403.0,104300.0
2021-11-16,427.0,433.0,413.0,420.0,388.53070068359375,71800.0,443.9,445.84,425.4266666666667,371.14,29.35779816513761,438.72,4.639999999999986,2.7450000000000045,0.0047846889952152,480.0,443.0,429.0,443.0,100900.0
2021-11-17,409.0,416.0,405.0,408.0,377.4298095703125,79200.0,442.15,444.24,426.06666666666666,371.5,26.44628099173553,437.3,4.226666666666688,2.519999999999982,-0.0239234449760765,480.0,433.0,420.0,427.0,71800.0
2021-11-18,406.0,411.0,403.0,407.0,376.5047302246094,42500.0,438.5,442.6,426.6933333333333,371.855,23.728813559322035,436.58,3.879999999999996,2.285000000000025,-0.0263157894736841,480.0,416.0,408.0,409.0,79200.0
2021-11-19,409.0,418.0,403.0,415.0,383.90533447265625,55700.0,435.25,440.64,427.4266666666667,372.25,33.644859813084125,436.06,3.6666666666666856,2.089999999999975,-0.0071770334928229,480.0,411.0,407.0,406.0,42500.0
2021-11-20,409.0,418.0,403.0,415.0,383.90533447265625,55700.0,432.0,438.68,428.2266666666667,372.645,33.644859813084125,435.72,3.5733333333333803,1.9249999999999543,-0.0212264150943396,469.0,418.0,415.0,409.0,55700.0
2021-11-21,409.0,418.0,403.0,415.0,383.90533447265625,55700.0,430.6,437.52,428.9866666666667,373.04,33.644859813084125,435.38,3.5600000000000023,1.900000000000034,-0.0958605664488017,469.0,418.0,415.0,409.0,55700.0
2021-11-22,421.0,443.0,414.0,438.0,405.1820068359375,148800.0,429.25,437.32,430.1066666666667,373.635,56.730769230769226,435.5,4.0400000000000205,2.134999999999991,-0.045751633986928,469.0,418.0,415.0,409.0,55700.0
2021-11-23,421.0,443.0,414.0,438.0,405.1820068359375,148800.0,427.9,435.64,431.26666666666665,374.225,64.83516483516483,435.8,4.573333333333324,2.3700000000000045,-0.0641025641025641,469.0,443.0,438.0,421.0,148800.0
2021-11-24,440.0,443.0,416.0,417.0,385.7554626464844,52500.0,425.3,433.12,432.14666666666665,374.71,54.629629629629626,435.7,4.71999999999997,2.4599999999999795,-0.1089743589743589,450.0,443.0,438.0,421.0,148800.0
2021-11-25,423.0,423.0,407.0,411.0,380.2050476074219,29600.0,423.35,430.36,432.94666666666666,375.165,51.75438596491228,435.84,4.71999999999997,2.5200000000000387,-0.1217948717948718,450.0,443.0,417.0,440.0,52500.0
2021-11-26,410.0,410.0,388.0,394.0,364.4787902832031,105000.0,420.55,428.4,433.52,375.555,30.09708737864078,435.62,4.533333333333303,2.5149999999999864,-0.2119999999999999,450.0,423.0,411.0,423.0,29600.0
2021-11-27,410.0,410.0,388.0,394.0,364.4787902832031,105000.0,417.75,425.56,433.96,375.995,30.09708737864078,435.34,3.853333333333296,2.3600000000000136,-0.1774530271398747,438.0,410.0,394.0,410.0,105000.0
2021-11-28,410.0,410.0,388.0,394.0,364.4787902832031,105000.0,416.25,422.72,434.2266666666667,376.475,30.09708737864078,435.06,2.9600000000000364,2.25,-0.1106094808126411,438.0,410.0,394.0,410.0,105000.0
2021-11-29,375.0,393.0,374.0,380.0,351.5277709960937,83900.0,414.7,419.16,434.3333333333333,376.905,27.927927927927925,434.5,2.1866666666666674,2.194999999999993,-0.1383219954648525,438.0,410.0,394.0,410.0,105000.0
2021-11-30,381.0,391.0,365.0,377.0,348.7525329589844,53800.0,413.2,416.24,434.0933333333333,377.305,29.52380952380952,433.08,1.146666666666647,2.1399999999999864,-0.1273148148148147,438.0,393.0,380.0,375.0,83900.0
2021-12-01,371.0,382.0,361.0,372.0,344.127197265625,43200.0,411.45,413.12,433.48,377.68,31.632653061224488,431.82,-0.0399999999999636,2.125,-0.1388888888888888,438.0,391.0,377.0,381.0,53800.0
2021-12-02,362.0,372.0,355.0,359.0,332.1012268066406,60400.0,407.65,409.48,432.6933333333333,377.99,28.181818181818173,430.54,-1.2666666666666515,1.9950000000000043,-0.1689814814814815,438.0,382.0,372.0,371.0,43200.0
2021-12-03,363.0,378.0,360.0,378.0,349.6776123046875,44600.0,404.8,407.64,432.16,378.45,34.710743801652896,429.36,-2.066666666666663,1.974999999999966,-0.1063829787234043,438.0,372.0,359.0,362.0,60400.0
2021-12-04,363.0,378.0,360.0,378.0,349.6776123046875,44600.0,401.95,406.32,431.62666666666667,378.87,34.710743801652896,428.08,-2.706666666666649,1.965000000000032,-0.1042654028436018,438.0,378.0,378.0,363.0,44600.0
2021-12-05,363.0,378.0,360.0,378.0,349.6776123046875,44600.0,399.4,405.16,431.0133333333333,379.26,34.710743801652896,426.8,-3.079999999999984,1.954999999999984,-0.0643564356435643,438.0,378.0,378.0,363.0,44600.0
2021-12-06,371.0,378.0,369.0,374.0,345.9773254394531,18200.0,397.1,403.84,429.88,379.565,18.627450980392155,425.44,-3.6000000000000227,1.884999999999991,-0.0765432098765431,438.0,378.0,378.0,363.0,44600.0
2021-12-07,390.0,390.0,375.0,381.0,352.45281982421875,41400.0,395.75,401.68,428.84,379.925,23.853211009174306,424.42,-3.853333333333353,1.9350000000000025,-0.0661764705882352,438.0,378.0,374.0,371.0,18200.0
2021-12-08,382.0,386.0,381.0,385.0,356.1531066894531,21200.0,394.65,399.68,427.73333333333335,380.305,32.60869565217391,423.44,-4.4266666666666765,1.8550000000000184,-0.0563725490196078,438.0,390.0,381.0,390.0,41400.0
2021-12-09,385.0,393.0,383.0,388.0,358.9283447265625,36800.0,393.3,397.8,426.6666666666667,380.7,37.07865168539326,422.32,-4.95999999999998,1.829999999999984,-0.0490196078431373,438.0,386.0,385.0,382.0,21200.0
2021-12-10,388.0,388.0,371.0,371.0,343.2020874023437,51200.0,391.1,395.48,425.3733333333333,381.025,37.07865168539326,421.22,-5.639999999999986,1.7649999999999864,-0.171875,438.0,393.0,388.0,385.0,36800.0
2021-12-11,388.0,388.0,371.0,371.0,343.2020874023437,51200.0,388.9,393.52,423.6533333333333,380.965,37.07865168539326,419.68,-6.226666666666688,1.3999999999999773,-0.1471264367816092,438.0,388.0,371.0,388.0,51200.0
2021-12-12,388.0,388.0,371.0,371.0,343.2020874023437,51200.0,385.55,392.04,422.2133333333333,381.055,37.07865168539326,418.14,-6.626666666666665,1.1299999999999957,-0.1229314420803782,438.0,388.0,371.0,388.0,51200.0
2021-12-13,375.0,409.0,375.0,394.0,364.4787902832031,147200.0,383.35,391.52,421.56,381.29,57.14285714285714,417.06,-6.173333333333346,0.9850000000000136,-0.0983981693363844,417.0,388.0,371.0,388.0,51200.0
2021-12-14,382.0,389.0,378.0,386.0,357.0782165527344,53900.0,381.8,390.36,420.82666666666665,381.47,54.36893203883495,415.5,-5.840000000000032,0.7700000000000387,-0.1266968325791855,411.0,409.0,394.0,375.0,147200.0
2021-12-15,379.0,393.0,379.0,385.0,356.1531066894531,26600.0,380.5,389.16,420.2,381.645,56.56565656565656,413.92,-5.173333333333346,0.6200000000000045,-0.1289592760180995,394.0,389.0,386.0,382.0,53900.0
2021-12-16,393.0,396.0,386.0,386.0,357.0782165527344,28400.0,380.1,388.0,419.5866666666666,381.825,65.51724137931035,412.76,-4.066666666666663,0.8600000000000136,-0.1266968325791855,394.0,393.0,385.0,379.0,26600.0
2021-12-17,387.0,387.0,374.0,378.0,349.6776123046875,48600.0,379.3,385.6,418.8666666666667,382.035,50.0,411.46,-3.346666666666636,0.9800000000000182,-0.125,394.0,396.0,386.0,393.0,28400.0
2021-12-18,387.0,387.0,374.0,378.0,349.6776123046875,48600.0,378.5,383.2,418.26666666666665,382.28,50.0,409.42,-3.2933333333333508,0.9899999999999524,-0.1290322580645161,394.0,387.0,378.0,387.0,48600.0
2021-12-19,387.0,387.0,374.0,378.0,349.6776123046875,48600.0,378.4,381.64,417.68,382.48,50.0,407.38,-3.146666666666647,1.009999999999991,-0.1486486486486486,394.0,387.0,378.0,387.0,48600.0
2021-12-20,370.0,375.0,357.0,357.0,330.2510681152344,59100.0,377.4,379.48,417.0533333333333,382.57,40.86021505376344,404.92,-3.146666666666647,0.9250000000000114,-0.1619718309859155,394.0,387.0,378.0,387.0,48600.0
2021-12-21,359.0,365.0,354.0,361.0,333.9513854980469,34400.0,376.85,378.16,416.4666666666666,382.675,38.888888888888886,403.28,-3.1200000000000045,0.8500000000000227,-0.1941964285714286,394.0,375.0,357.0,370.0,59100.0
2021-12-22,366.0,375.0,363.0,374.0,345.9773254394531,42400.0,377.6,377.36,416.0133333333333,382.845,44.44444444444444,401.46,-2.853333333333353,0.8100000000000023,-0.1651785714285714,394.0,365.0,361.0,359.0,34400.0
2021-12-23,380.0,383.0,370.0,382.0,353.3778686523437,48200.0,377.8,376.88,415.6666666666667,383.055,47.11538461538462,399.8,-2.599999999999966,0.7750000000000341,-0.1473214285714286,394.0,375.0,374.0,366.0,42400.0
2021-12-24,382.0,386.0,377.0,379.0,350.6026916503906,24100.0,377.85,376.84,415.28,383.205,54.44444444444445,398.0,-2.400000000000034,0.7249999999999659,-0.1831896551724138,394.0,383.0,382.0,380.0,48200.0
2021-12-25,382.0,386.0,377.0,379.0,350.6026916503906,24100.0,377.9,376.92,414.36,383.39,54.44444444444445,396.58,-2.693333333333328,0.8199999999999932,-0.1831896551724138,394.0,386.0,379.0,382.0,24100.0
2021-12-26,382.0,386.0,377.0,379.0,350.6026916503906,24100.0,378.15,377.2,413.6133333333333,383.635,54.44444444444445,395.16,-2.853333333333296,0.9599999999999796,-0.1463963963963963,394.0,386.0,379.0,382.0,24100.0
2021-12-27,373.0,388.0,371.0,388.0,358.9283447265625,84600.0,378.5,378.36,413.14666666666665,383.865,46.05263157894737,393.92,-2.8666666666666742,1.0199999999999818,-0.1241534988713318,394.0,386.0,379.0,382.0,24100.0
2021-12-28,405.0,410.0,377.0,396.0,366.3288879394531,186900.0,379.05,379.08,412.6,384.16,56.57894736842105,393.36,-3.066666666666663,1.1050000000000182,-0.175,396.0,388.0,388.0,373.0,84600.0
2021-12-29,396.0,399.0,386.0,390.0,360.7785034179688,71300.0,379.15,379.56,411.9066666666667,384.425,53.086419753086425,392.94,-3.373333333333278,1.2200000000000273,-0.1875,396.0,410.0,396.0,405.0,186900.0
2021-12-30,390.0,392.0,379.0,391.0,361.70355224609375,53900.0,380.15,380.08,411.2266666666667,384.695,53.086419753086425,392.62,-3.1333333333333258,1.3050000000000068,-0.1854166666666666,396.0,399.0,390.0,396.0,71300.0
2021-12-31,390.0,392.0,379.0,391.0,361.70355224609375,53900.0,381.15,380.76,410.5466666666667,384.88,58.9041095890411,392.3,-3.066666666666663,1.2450000000000043,-0.1173814898419864,396.0,392.0,391.0,390.0,53900.0
2022-01-01,390.0,392.0,379.0,391.0,361.70355224609375,53900.0,382.15,381.16,410.0,385.015,58.9041095890411,391.42,-3.146666666666647,1.1499999999999773,-0.1591397849462366,396.0,392.0,391.0,390.0,53900.0
2022-01-02,390.0,392.0,379.0,391.0,361.70355224609375,53900.0,382.0,381.4,409.4266666666667,385.165,58.9041095890411,390.54,-3.173333333333346,1.0049999999999957,-0.1591397849462366,396.0,392.0,391.0,390.0,53900.0
2022-01-03,390.0,392.0,379.0,391.0,361.70355224609375,53900.0,382.25,381.52,408.72,385.36,82.6923076923077,389.66,-3.1866666666666674,0.9350000000000024,-0.1663113006396588,396.0,392.0,391.0,390.0,53900.0
2022-01-04,396.0,404.0,393.0,396.0,366.3288879394531,90000.0,382.8,382.52,408.32,385.59,83.01886792452831,389.0,-2.9066666666666947,0.8949999999999818,-0.12,396.0,392.0,391.0,390.0,53900.0
2022-01-05,393.0,393.0,383.0,388.0,358.9283447265625,81400.0,382.9,383.2,407.52,385.78,64.58333333333334,388.36,-3.0266666666667,0.8999999999999773,-0.1377777777777777,396.0,404.0,396.0,396.0,90000.0
2022-01-06,381.0,381.0,367.0,373.0,345.05224609375,78500.0,382.65,383.28,406.52,385.895,41.81818181818182,387.66,-3.480000000000018,0.8799999999999955,-0.1711111111111111,396.0,393.0,388.0,393.0,81400.0
2022-01-07,373.0,379.0,366.0,376.0,347.8274841308594,58000.0,382.55,382.56,405.56,386.105,47.27272727272727,387.04,-3.866666666666674,0.9399999999999976,-0.1132075471698113,396.0,381.0,373.0,381.0,78500.0
2022-01-08,373.0,379.0,366.0,376.0,347.8274841308594,58000.0,382.45,382.16,404.38666666666666,386.255,47.27272727272727,386.26,-4.333333333333371,0.8949999999999818,-0.0851581508515815,396.0,379.0,376.0,373.0,58000.0
2022-01-09,373.0,379.0,366.0,376.0,347.8274841308594,58000.0,383.4,381.8,403.2133333333333,386.455,47.27272727272727,385.48,-5.106666666666683,0.8650000000000091,-0.0761670761670761,396.0,379.0,376.0,373.0,58000.0
2022-01-10,373.0,379.0,366.0,376.0,347.8274841308594,58000.0,384.15,381.4,402.3066666666667,386.66,36.95652173913044,384.7,-5.21333333333331,0.8800000000000523,-0.0761670761670761,396.0,379.0,376.0,373.0,58000.0
2022-01-11,371.0,372.0,360.0,366.0,338.57672119140625,57200.0,383.75,380.92,401.28,386.815,18.75,383.26,-5.240000000000009,0.920000000000016,-0.1586206896551724,396.0,379.0,376.0,373.0,58000.0
2022-01-12,390.0,424.0,386.0,413.0,382.05517578125,728500.0,385.3,382.32,400.38666666666666,387.205,62.921348314606746,382.76,-5.173333333333346,1.099999999999966,-0.0505747126436781,413.0,372.0,366.0,371.0,57200.0
2022-01-13,414.0,452.0,413.0,442.0,408.8822937011719,746600.0,388.45,384.88,399.88,387.74,71.7948717948718,383.26,-4.506666666666661,1.4850000000000136,0.0160919540229884,442.0,424.0,413.0,390.0,728500.0
2022-01-14,444.0,455.0,425.0,434.0,401.4817199707031,444800.0,391.2,387.96,399.26666666666665,388.22,67.2,383.72,-3.9466666666666574,1.7650000000000432,0.0116550116550115,442.0,452.0,442.0,414.0,746600.0
2022-01-15,444.0,455.0,425.0,434.0,401.4817199707031,444800.0,393.95,390.88,399.14666666666665,388.7,67.2,384.52,-3.160000000000025,2.039999999999964,0.0333333333333334,442.0,455.0,434.0,444.0,444800.0
2022-01-16,444.0,455.0,425.0,434.0,401.4817199707031,444800.0,396.25,393.28,398.73333333333335,389.185,67.2,385.32,-2.546666666666624,2.3700000000000045,0.0637254901960784,442.0,455.0,434.0,444.0,444800.0
2022-01-17,429.0,434.0,400.0,401.0,370.9542846679688,219300.0,396.5,394.04,397.88,389.495,53.16455696202532,385.46,-2.5066666666666606,2.2900000000000205,-0.0147420147420147,442.0,455.0,434.0,444.0,444800.0
2022-01-18,395.0,407.0,389.0,392.0,362.6286315917969,95700.0,396.6,394.56,396.85333333333335,389.765,48.76543209876544,385.7,-3.0266666666666424,2.0249999999999773,-0.055421686746988,442.0,434.0,401.0,429.0,219300.0
2022-01-19,384.0,395.0,374.0,375.0,346.9023742675781,164800.0,395.8,394.4,395.85333333333335,389.95,46.19883040935672,385.66,-3.4133333333332985,1.7299999999999611,-0.0963855421686746,442.0,407.0,392.0,395.0,95700.0
2022-01-20,370.0,386.0,370.0,386.0,357.0782165527344,75000.0,395.55,394.68,395.0,390.19,53.89221556886227,385.94,-4.146666666666647,1.490000000000009,-0.0698795180722892,442.0,395.0,375.0,384.0,164800.0
2022-01-21,377.0,381.0,370.0,381.0,352.45281982421875,93500.0,395.05,394.4,394.08,390.39,51.4792899408284,386.38,-4.653333333333364,1.204999999999984,-0.1301369863013698,442.0,386.0,386.0,370.0,75000.0
2022-01-22,377.0,381.0,370.0,381.0,352.45281982421875,93500.0,394.55,393.8,393.50666666666666,390.6,51.4792899408284,386.44,-4.373333333333335,1.1050000000000182,-0.1301369863013698,442.0,381.0,381.0,377.0,93500.0
2022-01-23,377.0,381.0,370.0,381.0,352.45281982421875,93500.0,394.05,393.44,393.1066666666667,390.845,51.4792899408284,386.5,-3.7466666666666697,1.080000000000041,-0.0863309352517985,442.0,381.0,381.0,377.0,93500.0
2022-01-24,377.0,410.0,377.0,407.0,376.5047302246094,182300.0,394.6,394.08,393.1066666666667,391.24,57.94871794871795,387.08,-2.7466666666666697,1.2900000000000205,-0.0097323600973235,442.0,381.0,381.0,377.0,93500.0
2022-01-25,405.0,406.0,391.0,395.0,365.4038696289063,145400.0,394.95,394.24,392.94666666666666,391.555,57.36040609137055,387.5,-2.0533333333333417,1.365000000000009,0.0025380710659899,442.0,410.0,407.0,377.0,182300.0
2022-01-26,403.0,403.0,387.0,393.0,363.5537109375,45300.0,395.95,394.32,392.38666666666666,391.86,43.42105263157895,387.74,-1.693333333333328,1.4700000000000273,-0.0025380710659898,442.0,406.0,395.0,405.0,145400.0
2022-01-27,393.0,396.0,366.0,371.0,343.2020874023437,109900.0,395.7,393.52,391.53333333333336,392.055,25.51724137931035,387.46,-1.9733333333333007,1.454999999999984,-0.0583756345177665,442.0,403.0,393.0,403.0,45300.0
2022-01-28,374.0,402.0,364.0,400.0,370.0292053222656,209100.0,396.9,393.88,391.06666666666666,392.34,39.75903614457832,387.7,-2.0400000000000205,1.4949999999999477,0.0526315789473683,442.0,396.0,371.0,393.0,109900.0
2022-01-29,374.0,402.0,364.0,400.0,370.0292053222656,209100.0,398.1,394.04,390.68,392.61,39.75903614457832,388.28,-2.4266666666666765,1.3700000000000043,0.0610079575596818,442.0,402.0,400.0,374.0,209100.0
2022-01-30,374.0,402.0,364.0,400.0,370.0292053222656,209100.0,399.3,394.52,390.41333333333336,392.87,39.75903614457832,388.86,-2.533333333333303,1.3149999999999975,0.075268817204301,442.0,402.0,400.0,374.0,209100.0
2022-01-31,400.0,415.0,380.0,407.0,376.5047302246094,284600.0,401.35,395.88,390.4,393.185,52.14285714285714,389.58,-1.9866666666666788,1.3249999999999886,0.1337047353760445,442.0,402.0,400.0,374.0,209100.0
2022-02-01,410.0,429.0,396.0,399.0,369.1041259765625,145500.0,400.65,396.8,390.29333333333335,393.51,52.51798561151079,389.68,-1.240000000000009,1.454999999999984,0.0555555555555555,442.0,415.0,407.0,400.0,284600.0
2022-02-02,399.0,408.0,397.0,405.0,374.6545715332031,50100.0,398.8,397.96,390.16,393.865,61.71875,390.06,-0.906666666666638,1.525000000000034,0.0714285714285714,434.0,429.0,399.0,410.0,145500.0
2022-02-03,399.0,402.0,384.0,384.0,355.22802734375,70000.0,396.3,398.28,389.7466666666666,394.115,49.27536231884058,390.04,-0.9333333333333372,1.5049999999999957,0.0158730158730158,434.0,408.0,405.0,399.0,50100.0
2022-02-04,383.0,393.0,377.0,393.0,363.5537109375,54600.0,394.25,398.96,389.4533333333333,394.415,54.22535211267606,390.18,-0.9600000000000364,1.545000000000016,0.0508021390374331,434.0,402.0,384.0,399.0,70000.0
2022-02-05,383.0,393.0,377.0,393.0,363.5537109375,54600.0,392.2,400.04,388.85333333333335,394.695,54.22535211267606,390.48,-1.5466666666666242,1.509999999999991,0.0314960629921259,407.0,393.0,393.0,383.0,54600.0
2022-02-06,383.0,393.0,377.0,393.0,363.5537109375,54600.0,391.8,399.24,388.2533333333333,394.93,54.22535211267606,390.78,-2.0400000000000205,1.420000000000016,0.0207792207792207,407.0,393.0,393.0,383.0,54600.0
2022-02-07,386.0,386.0,370.0,378.0,349.6776123046875,97900.0,391.1,396.68,387.73333333333335,395.09,38.93129770992366,390.78,-2.4266666666666765,1.224999999999966,-0.0257731958762886,407.0,393.0,393.0,383.0,54600.0
2022-02-08,379.0,382.0,371.0,373.0,345.05224609375,72700.0,391.0,394.24,387.2266666666667,395.225,41.12903225806452,391.1,-2.519999999999982,1.1100000000000136,0.0053908355795149,407.0,386.0,378.0,386.0,97900.0
2022-02-09,377.0,384.0,373.0,384.0,355.22802734375,52700.0,390.9,392.24,387.0933333333333,395.415,46.61654135338346,391.56,-2.3600000000000136,1.0,0.0350404312668464,407.0,382.0,373.0,379.0,72700.0
2022-02-10,385.0,386.0,375.0,375.0,346.9023742675781,32400.0,390.6,389.88,386.84,395.56,51.66666666666666,391.58,-2.013333333333378,0.8650000000000091,0.0107816711590296,407.0,384.0,384.0,377.0,52700.0
2022-02-11,385.0,386.0,375.0,375.0,346.9023742675781,32400.0,390.3,388.84,386.5866666666666,395.67,36.26373626373626,391.44,-1.6666666666666856,0.7400000000000091,-0.048223350253807,407.0,386.0,375.0,385.0,32400.0
2022-02-12,385.0,386.0,375.0,375.0,346.9023742675781,32400.0,390.0,388.16,386.52,395.795,36.26373626373626,391.36,-1.213333333333367,0.7050000000000409,-0.0284974093264248,407.0,386.0,375.0,385.0,32400.0
2022-02-13,385.0,386.0,375.0,375.0,346.9023742675781,32400.0,388.4,388.16,386.4933333333333,395.955,36.26373626373626,391.28,-0.7333333333333485,0.7299999999999613,-0.0259740259740259,407.0,386.0,375.0,385.0,32400.0
2022-02-14,370.0,370.0,362.0,366.0,338.57672119140625,68300.0,386.95,387.36,386.41333333333336,396.05,27.956989247311824,391.02,-0.67999999999995,0.6349999999999909,-0.0518134715025906,407.0,386.0,375.0,385.0,32400.0
2022-02-15,365.0,369.0,359.0,360.0,333.0263061523437,57000.0,385.3,386.52,386.4266666666667,396.08,28.57142857142857,390.46,-0.4133333333332984,0.5199999999999818,-0.0476190476190476,407.0,370.0,366.0,370.0,68300.0
2022-02-16,370.0,373.0,366.0,368.0,340.4268798828125,65000.0,385.15,386.0,386.29333333333335,396.15,30.107526881720432,389.9,-0.2933333333332939,0.4799999999999613,-0.0264550264550265,407.0,369.0,360.0,365.0,57000.0
2022-02-17,368.0,375.0,365.0,365.0,337.65167236328125,40900.0,383.4,385.36,386.12,396.205,37.333333333333336,389.4,-0.3999999999999772,0.4099999999999681,-0.0343915343915344,407.0,373.0,368.0,370.0,65000.0
2022-02-18,360.0,365.0,354.0,365.0,337.65167236328125,47800.0,381.65,383.68,385.94666666666666,396.375,28.7878787878788,388.88,-0.5466666666666811,0.4200000000000159,0.022408963585434,407.0,375.0,365.0,368.0,40900.0
2022-02-19,360.0,365.0,354.0,365.0,337.65167236328125,47800.0,379.9,382.48,385.82666666666665,396.51,28.7878787878788,388.36,-0.5866666666667015,0.4599999999999795,0.0110803324099721,407.0,365.0,365.0,360.0,47800.0
2022-02-20,360.0,365.0,354.0,365.0,337.65167236328125,47800.0,377.8,381.36,385.6133333333333,396.665,28.7878787878788,387.84,-0.8133333333333326,0.5850000000000364,-0.0240641711229946,405.0,365.0,365.0,360.0,47800.0
2022-02-21,356.0,357.0,348.0,352.0,325.6257019042969,61600.0,375.45,380.6,385.17333333333335,396.78,29.6875,387.06,-1.1200000000000043,0.6299999999999955,-0.0785340314136125,405.0,365.0,365.0,360.0,47800.0
2022-02-22,348.0,350.0,330.0,337.0,311.7496337890625,54400.0,372.05,378.08,384.4933333333333,396.86,25.67567567567568,385.98,-1.6266666666666652,0.6550000000000296,-0.1108179419525066,393.0,357.0,352.0,356.0,61600.0
2022-02-23,348.0,350.0,330.0,337.0,311.7496337890625,54400.0,369.7,375.56,384.04,396.94,12.698412698412696,384.8,-1.9066666666666376,0.5649999999999977,-0.1108179419525066,393.0,350.0,337.0,348.0,54400.0
2022-02-24,322.0,326.0,310.0,311.0,287.69775390625,128700.0,365.6,372.0,383.24,396.89,10.0,383.26,-2.5866666666666447,0.3799999999999954,-0.179419525065963,393.0,350.0,337.0,348.0,54400.0
2022-02-25,324.0,338.0,317.0,331.0,306.1991882324219,102100.0,362.5,368.96,382.70666666666665,396.94,28.0,382.42,-2.9066666666666947,0.2749999999999772,-0.1469072164948454,393.0,326.0,311.0,322.0,128700.0
2022-02-26,324.0,338.0,317.0,331.0,306.1991882324219,102100.0,359.4,366.24,381.8666666666667,396.945,28.0,381.52,-3.306666666666672,0.1650000000000204,-0.1641414141414141,384.0,338.0,331.0,324.0,102100.0
2022-02-27,324.0,338.0,317.0,331.0,306.1991882324219,102100.0,357.05,363.28,381.1333333333333,396.875,28.0,380.62,-3.3600000000000136,0.0149999999999863,-0.1512820512820513,384.0,338.0,331.0,324.0,102100.0
2022-02-28,335.0,345.0,330.0,342.0,316.3749694824219,59600.0,355.5,361.6,380.56,396.84,38.23529411764706,379.94,-3.480000000000018,-0.1000000000000227,-0.1253196930946292,384.0,338.0,331.0,324.0,102100.0
2022-03-01,342.0,343.0,335.0,339.0,313.5997619628906,42500.0,353.25,359.44,379.9333333333333,396.71,39.39393939393939,379.2,-3.306666666666672,-0.1800000000000068,-0.1329923273657288,375.0,345.0,342.0,335.0,59600.0
2022-03-02,331.0,337.0,327.0,328.0,303.4239501953125,46900.0,350.9,356.84,379.26666666666665,396.525,30.392156862745097,378.44,-3.4399999999999977,-0.4150000000000204,-0.1611253196930946,375.0,343.0,339.0,342.0,42500.0
2022-03-03,330.0,334.0,327.0,330.0,305.2741394042969,39300.0,348.65,354.32,378.62666666666667,396.35,32.67326732673267,376.78,-3.240000000000009,-0.5949999999999704,-0.1560102301790281,375.0,337.0,328.0,331.0,46900.0
2022-03-04,326.0,326.0,312.0,315.0,291.3980407714844,44200.0,345.65,351.8,377.7866666666667,396.125,28.448275862068968,374.24,-3.346666666666636,-0.75,-0.1943734015345268,375.0,334.0,330.0,330.0,39300.0
2022-03-05,326.0,326.0,312.0,315.0,291.3980407714844,44200.0,342.65,349.48,377.2266666666667,395.88,28.448275862068968,371.86,-3.3333333333333144,-0.9599999999999796,-0.2045454545454545,368.0,326.0,315.0,326.0,44200.0
2022-03-06,326.0,326.0,312.0,315.0,291.3980407714844,44200.0,340.1,346.72,376.6133333333333,395.605,28.448275862068968,369.48,-3.319999999999993,-1.1049999999999611,-0.1881443298969072,368.0,326.0,315.0,326.0,44200.0
2022-03-07,310.0,310.0,293.0,305.0,282.14727783203125,75200.0,337.35,343.92,375.6933333333333,395.31,29.203539823008853,366.9,-3.5733333333333235,-1.214999999999975,-0.1823056300268096,368.0,326.0,315.0,326.0,44200.0
2022-03-08,291.0,308.0,290.0,290.0,268.27117919921875,45400.0,333.45,340.52,374.4666666666666,395.035,29.203539823008853,364.68,-4.160000000000025,-1.3149999999999975,-0.2287234042553191,365.0,310.0,305.0,310.0,75200.0
2022-03-09,298.0,298.0,290.0,290.0,268.27117919921875,23500.0,329.7,337.12,373.28,394.76,29.203539823008853,362.64,-4.506666666666717,-1.365000000000009,-0.2287234042553191,365.0,308.0,290.0,291.0,45400.0
2022-03-10,300.0,312.0,300.0,312.0,288.622802734375,33200.0,327.05,334.6,372.38666666666666,394.595,50.458715596330265,361.38,-4.840000000000032,-1.2849999999999682,-0.1702127659574468,365.0,298.0,290.0,298.0,23500.0
2022-03-11,312.0,312.0,300.0,307.0,283.9974365234375,25300.0,324.15,332.24,371.4266666666667,394.335,37.234042553191486,359.8,-5.186666666666667,-1.2700000000000389,-0.1835106382978722,365.0,312.0,312.0,300.0,33200.0
2022-03-12,312.0,312.0,300.0,307.0,283.9974365234375,25300.0,321.25,330.12,370.3466666666667,394.06,37.234042553191486,358.32,-5.346666666666636,-1.25,-0.1612021857923496,352.0,312.0,307.0,312.0,25300.0
2022-03-13,312.0,312.0,300.0,307.0,283.9974365234375,25300.0,319.0,327.68,369.16,393.805,37.234042553191486,356.84,-5.306666666666615,-1.2300000000000182,-0.2566585956416465,342.0,312.0,307.0,312.0,25300.0
2022-03-14,307.0,318.0,307.0,316.0,292.3231201171875,24300.0,317.95,325.72,368.17333333333335,393.585,35.8695652173913,355.54,-5.1066666666666265,-1.1750000000000114,-0.2850678733031674,342.0,312.0,307.0,312.0,25300.0
2022-03-15,315.0,320.0,313.0,315.0,291.3980407714844,19200.0,316.85,323.72,367.16,393.38,36.66666666666666,353.7,-5.226666666666631,-1.2150000000000318,-0.2741935483870967,342.0,318.0,316.0,307.0,24300.0
2022-03-16,318.0,336.0,314.0,335.0,309.8994445800781,67900.0,318.05,322.52,366.41333333333336,393.275,53.53535353535354,352.5,-5.013333333333321,-1.0600000000000025,-0.2281105990783409,342.0,320.0,315.0,315.0,19200.0
2022-03-17,337.0,345.0,335.0,344.0,318.22515869140625,46700.0,318.7,321.68,365.7866666666667,393.215,56.60377358490566,351.52,-4.560000000000002,-0.8450000000000273,-0.2073732718894009,344.0,336.0,335.0,318.0,67900.0
2022-03-18,338.0,343.0,337.0,337.0,311.7496337890625,15500.0,319.0,321.08,365.06666666666666,393.09,61.22448979591836,350.84,-4.093333333333362,-0.7150000000000318,-0.1596009975062344,344.0,345.0,344.0,337.0,46700.0
2022-03-19,338.0,343.0,337.0,337.0,311.7496337890625,15500.0,319.3,321.08,364.3466666666667,392.955,61.22448979591836,349.58,-3.826666666666654,-0.6299999999999955,-0.1403061224489795,344.0,343.0,337.0,338.0,15500.0
2022-03-20,338.0,343.0,337.0,337.0,311.7496337890625,15500.0,319.05,321.08,363.56,392.83,61.22448979591836,348.32,-3.6000000000000227,-0.5500000000000114,-0.1013333333333333,344.0,343.0,337.0,338.0,15500.0
2022-03-21,338.0,343.0,337.0,337.0,311.7496337890625,15500.0,318.95,322.12,362.88,392.705,68.18181818181819,347.06,-3.53333333333336,-0.5699999999999932,-0.1269430051813471,344.0,343.0,337.0,338.0,15500.0
2022-03-22,340.0,340.0,335.0,335.0,309.8994445800781,20900.0,319.3,322.28,362.3733333333333,392.58,80.0,345.62,-3.413333333333356,-0.6349999999999909,-0.1207349081364829,344.0,343.0,337.0,338.0,15500.0
2022-03-23,340.0,350.0,339.0,344.0,318.22515869140625,86100.0,320.0,322.8,361.94666666666666,392.5,82.14285714285714,344.52,-3.1200000000000045,-0.589999999999975,-0.0971128608923884,344.0,340.0,335.0,340.0,20900.0
2022-03-24,344.0,349.0,338.0,346.0,320.0752868652344,24600.0,321.55,323.4,361.5466666666667,392.43,76.5625,343.34,-2.800000000000012,-0.5249999999999773,-0.0918635170603674,346.0,350.0,344.0,340.0,86100.0
2022-03-25,346.0,348.0,336.0,348.0,321.9254455566406,41200.0,323.2,323.64,361.17333333333335,392.395,83.60655737704917,342.62,-2.386666666666656,-0.4350000000000023,-0.144963144963145,348.0,349.0,346.0,344.0,24600.0
2022-03-26,346.0,348.0,336.0,348.0,321.9254455566406,41200.0,324.85,324.0,360.8,392.345,83.60655737704917,341.72,-2.079999999999984,-0.3599999999999568,-0.1189873417721518,348.0,348.0,348.0,346.0,41200.0
2022-03-27,346.0,348.0,336.0,348.0,321.9254455566406,41200.0,327.0,324.8,360.56,392.315,83.60655737704917,340.82,-1.8133333333333328,-0.2649999999999863,-0.1145038167938931,348.0,348.0,348.0,346.0,41200.0
2022-03-28,345.0,345.0,341.0,342.0,316.3749694824219,9000.0,329.6,325.28,359.61333333333334,392.27,72.41379310344828,339.8,-2.3333333333333144,-0.2300000000000182,-0.0781671159029649,348.0,348.0,348.0,346.0,41200.0
2022-03-29,346.0,346.0,338.0,342.0,316.3749694824219,11200.0,332.2,326.36,358.28,392.225,73.6842105263158,339.08,-3.2666666666667084,-0.204999999999984,-0.145,348.0,345.0,342.0,345.0,9000.0
2022-03-30,342.0,343.0,335.0,341.0,320.1301574707031,20900.0,333.65,327.4,357.04,392.175,57.89473684210526,338.44,-4.133333333333326,-0.2199999999999704,-0.1474999999999999,348.0,346.0,342.0,346.0,11200.0
2022-03-31,336.0,341.0,334.0,336.0,315.4361877441406,15800.0,335.1,328.24,355.7333333333333,392.1,38.23529411764706,337.48,-5.066666666666663,-0.2450000000000045,-0.16,348.0,343.0,341.0,342.0,20900.0
2022-04-01,332.0,335.0,327.0,335.0,314.4974060058594,21300.0,336.5,329.44,354.41333333333336,391.97,46.42857142857143,336.68,-6.146666666666647,-0.3449999999999704,-0.1769041769041769,348.0,341.0,336.0,336.0,15800.0
2022-04-02,332.0,335.0,327.0,335.0,314.4974060058594,21300.0,337.9,331.24,353.53333333333336,391.775,46.42857142857143,335.88,-6.079999999999984,-0.4950000000000045,-0.1604010025062656,348.0,335.0,335.0,332.0,21300.0
2022-04-03,332.0,335.0,327.0,335.0,314.4974060058594,21300.0,338.85,333.04,352.7733333333333,391.59,46.42857142857143,335.08,-5.506666666666661,-0.6350000000000477,-0.1728395061728395,348.0,335.0,335.0,332.0,21300.0
2022-04-04,334.0,341.0,329.0,338.0,317.31378173828125,29100.0,340.0,334.08,352.28,391.305,51.61290322580645,334.34,-4.760000000000048,-0.8700000000000045,-0.1197916666666666,348.0,335.0,335.0,332.0,21300.0
2022-04-05,338.0,343.0,335.0,342.0,321.0689697265625,33600.0,340.35,335.48,351.6933333333333,390.925,60.6060606060606,333.86,-4.0400000000000205,-1.1750000000000114,-0.1297709923664122,348.0,341.0,338.0,334.0,29100.0
2022-04-06,336.0,339.0,332.0,338.0,317.31378173828125,16400.0,340.05,336.72,351.12,390.525,39.285714285714285,333.42,-3.2933333333333508,-1.44500000000005,-0.1399491094147582,348.0,343.0,342.0,338.0,33600.0
2022-04-07,331.0,335.0,328.0,332.0,311.6809997558594,37700.0,339.8,337.72,350.46666666666664,390.095,28.125,332.7,-3.06666666666672,-1.67999999999995,-0.1552162849872773,348.0,339.0,338.0,336.0,16400.0
2022-04-08,335.0,335.0,328.0,332.0,311.6809997558594,53100.0,339.55,338.36,349.81333333333333,389.665,23.33333333333333,332.04,-2.9599999999999795,-1.9249999999999543,-0.1216931216931217,348.0,335.0,332.0,331.0,37700.0
2022-04-09,335.0,335.0,328.0,332.0,311.6809997558594,53100.0,339.3,339.04,348.81333333333333,389.205,23.33333333333333,331.38,-3.46666666666664,-2.1000000000000227,-0.1099195710455763,348.0,335.0,332.0,335.0,53100.0
2022-04-10,335.0,335.0,328.0,332.0,311.6809997558594,53100.0,339.05,338.92,347.97333333333336,388.57,23.33333333333333,330.72,-3.7199999999999696,-2.355000000000018,-0.1354166666666666,348.0,335.0,332.0,335.0,53100.0
2022-04-11,330.0,334.0,323.0,323.0,303.2318115234375,21000.0,338.45,338.08,347.04,387.89,21.212121212121204,329.88,-4.079999999999984,-2.634999999999991,-0.1386666666666667,348.0,335.0,332.0,335.0,53100.0
2022-04-12,321.0,323.0,312.0,312.0,292.905029296875,34400.0,336.85,337.08,346.25333333333333,387.11,15.90909090909092,329.08,-4.21333333333331,-2.9850000000000136,-0.168,348.0,334.0,323.0,330.0,21000.0
2022-04-13,310.0,324.0,310.0,324.0,304.1706237792969,23100.0,335.75,336.56,345.24,386.39,34.54545454545455,328.82,-4.573333333333324,-3.275000000000034,-0.136,348.0,323.0,312.0,321.0,34400.0
2022-04-14,319.0,325.0,317.0,322.0,302.2929992675781,14600.0,334.45,335.96,344.2,385.66,36.53846153846153,328.52,-4.613333333333344,-3.544999999999959,-0.1413333333333333,348.0,324.0,324.0,310.0,23100.0
2022-04-15,330.0,349.0,319.0,330.0,309.8033752441406,185900.0,333.55,335.68,343.26666666666665,384.81,45.76271186440678,328.9,-4.706666666666706,-3.759999999999991,-0.0983606557377049,348.0,325.0,322.0,319.0,14600.0
2022-04-16,330.0,349.0,319.0,330.0,309.8033752441406,185900.0,332.65,335.48,342.24,384.065,45.76271186440678,328.88,-4.800000000000011,-3.8249999999999886,-0.0833333333333333,342.0,349.0,330.0,330.0,185900.0
2022-04-17,330.0,349.0,319.0,330.0,309.8033752441406,185900.0,332.05,334.92,341.32,383.5,45.76271186440678,328.86,-4.933333333333337,-3.6100000000000136,-0.1032608695652174,342.0,349.0,330.0,330.0,185900.0
2022-04-18,343.0,343.0,324.0,339.0,318.2525939941406,52500.0,331.9,334.64,340.44,382.99,50.76923076923077,329.02,-4.800000000000011,-3.3999999999999773,-0.0712328767123288,342.0,349.0,330.0,330.0,185900.0
2022-04-19,339.0,344.0,337.0,338.0,317.31378173828125,26600.0,331.75,334.24,339.82666666666665,382.52,46.7741935483871,328.94,-4.373333333333335,-3.140000000000043,-0.073972602739726,342.0,343.0,339.0,343.0,52500.0
2022-04-20,336.0,338.0,332.0,333.0,312.6197814941406,27900.0,331.6,333.64,339.02666666666664,382.025,46.03174603174603,328.82,-4.240000000000009,-2.785000000000025,-0.0876712328767123,342.0,344.0,338.0,339.0,26600.0
2022-04-21,332.0,336.0,329.0,330.0,309.8033752441406,19300.0,331.35,332.92,338.18666666666667,381.515,48.333333333333336,328.86,-4.053333333333342,-2.550000000000012,-0.0958904109589041,342.0,338.0,333.0,336.0,27900.0
2022-04-22,325.0,326.0,318.0,325.0,305.1094055175781,29500.0,330.85,332.24,337.28,381.025,44.61538461538461,328.76,-4.0400000000000205,-2.4750000000000227,-0.0767045454545454,342.0,336.0,330.0,332.0,19300.0
2022-04-23,325.0,326.0,318.0,325.0,305.1094055175781,29500.0,330.35,331.56,336.5733333333333,380.54,44.61538461538461,328.96,-3.866666666666674,-2.4499999999999886,-0.0356083086053412,342.0,326.0,325.0,325.0,29500.0
2022-04-24,325.0,326.0,318.0,325.0,305.1094055175781,29500.0,329.7,330.92,335.93333333333334,380.145,44.61538461538461,329.16,-3.8933333333333167,-2.375,-0.0356083086053412,342.0,326.0,325.0,325.0,29500.0
2022-04-25,321.0,327.0,316.0,324.0,304.1706237792969,27300.0,328.8,330.44,335.1333333333333,379.74,50.87719298245614,329.34,-3.8933333333333167,-2.284999999999968,0.0418006430868167,339.0,326.0,325.0,325.0,29500.0
2022-04-26,323.0,330.0,319.0,330.0,309.8033752441406,19700.0,328.4,330.24,334.53333333333336,379.35,67.30769230769232,329.84,-3.653333333333308,-2.164999999999964,-0.0030211480362537,339.0,327.0,324.0,321.0,27300.0
2022-04-27,327.0,331.0,322.0,328.0,307.9258117675781,14300.0,328.2,329.96,333.9066666666667,378.95,54.76190476190476,330.6,-3.373333333333278,-2.0749999999999886,-0.0090634441087613,339.0,330.0,330.0,323.0,19700.0
2022-04-28,335.0,348.0,327.0,348.0,326.7017517089844,109400.0,329.0,330.48,333.5466666666667,378.65,71.66666666666667,331.76,-3.0266666666666424,-1.8900000000000432,0.0513595166163141,348.0,331.0,328.0,327.0,14300.0
2022-04-29,335.0,348.0,327.0,348.0,326.7017517089844,109400.0,329.8,330.88,333.18666666666667,378.15,67.30769230769232,332.48,-2.7466666666666697,-1.9950000000000043,0.0175438596491228,348.0,348.0,348.0,335.0,109400.0
2022-04-30,335.0,348.0,327.0,348.0,326.7017517089844,109400.0,330.6,331.12,332.94666666666666,377.715,67.30769230769232,333.3,-2.1866666666666674,-2.025000000000034,0.0265486725663717,348.0,348.0,348.0,335.0,109400.0
2022-05-01,335.0,348.0,327.0,348.0,326.7017517089844,109400.0,331.85,331.52,332.7866666666667,377.34,67.30769230769232,334.12,-1.7466666666666697,-2.010000000000048,0.0609756097560976,348.0,348.0,348.0,335.0,109400.0
2022-05-02,337.0,345.0,325.0,327.0,306.98699951171875,132600.0,332.6,331.32,332.24,376.79,40.625,334.52,-1.6666666666666856,-2.159999999999968,-0.009090909090909,348.0,348.0,348.0,335.0,109400.0
2022-05-03,337.0,345.0,325.0,327.0,306.98699951171875,132600.0,332.75,331.12,331.7333333333333,376.215,41.26984126984127,334.74,-1.8133333333333328,-2.4350000000000023,0.0380952380952381,348.0,345.0,327.0,337.0,132600.0
2022-05-04,337.0,345.0,325.0,327.0,306.98699951171875,132600.0,333.0,330.92,331.2266666666667,375.64,44.82758620689656,334.98,-1.9599999999999795,-2.509999999999991,0.0380952380952381,348.0,345.0,327.0,337.0,132600.0
2022-05-05,337.0,345.0,325.0,327.0,306.98699951171875,132600.0,332.85,330.72,330.72,375.065,47.27272727272727,334.82,-2.226666666666631,-2.6499999999999773,0.0380952380952381,348.0,345.0,327.0,337.0,132600.0
2022-05-06,328.0,335.0,319.0,329.0,308.8645935058594,50600.0,332.8,330.96,330.24,374.55,53.846153846153854,334.52,-2.546666666666681,-2.789999999999964,0.0786885245901638,348.0,345.0,327.0,337.0,132600.0
2022-05-07,328.0,335.0,319.0,329.0,308.8645935058594,50600.0,332.75,331.64,329.93333333333334,374.025,53.846153846153854,334.36,-2.306666666666672,-2.765000000000043,0.1344827586206896,348.0,335.0,329.0,328.0,50600.0
2022-05-08,328.0,335.0,319.0,329.0,308.8645935058594,50600.0,332.25,331.84,329.82666666666665,373.45,53.846153846153854,334.2,-1.9066666666666947,-2.7649999999999864,0.1344827586206896,348.0,335.0,329.0,328.0,50600.0
2022-05-09,333.0,333.0,321.0,322.0,302.2929992675781,26500.0,331.45,331.84,329.62666666666667,372.93,48.27586206896552,333.9,-1.6000000000000227,-2.7099999999999795,0.0320512820512821,348.0,335.0,329.0,328.0,50600.0
2022-05-10,319.0,324.0,313.0,324.0,304.1706237792969,25100.0,331.0,331.6,329.8,372.31,44.44444444444444,333.64,-0.920000000000016,-2.7549999999999955,0.0553745928338762,348.0,333.0,322.0,333.0,26500.0
2022-05-11,324.0,324.0,320.0,324.0,304.1706237792969,4100.0,330.7,331.36,329.70666666666665,371.69,46.15384615384615,333.42,-0.5333333333333599,-2.8600000000000136,0.0553745928338762,348.0,324.0,324.0,319.0,25100.0
2022-05-12,320.0,322.0,317.0,317.0,297.5990295410156,9600.0,330.3,330.84,329.52,371.035,10.256410256410264,332.88,-0.4133333333333553,-2.9899999999999523,0.0325732899022801,348.0,324.0,324.0,324.0,4100.0
2022-05-13,317.0,326.0,317.0,320.0,300.4154052734375,34100.0,330.05,330.08,329.37333333333333,370.315,16.666666666666657,332.36,-0.4533333333333189,-3.134999999999991,0.0126582278481013,348.0,322.0,317.0,320.0,9600.0
2022-05-14,317.0,326.0,317.0,320.0,300.4154052734375,34100.0,329.8,329.36,329.08,369.595,16.666666666666657,331.8,-0.5466666666666811,-3.3349999999999795,0.0158730158730158,348.0,326.0,320.0,317.0,34100.0
2022-05-15,317.0,326.0,317.0,320.0,300.4154052734375,34100.0,329.6,328.84,328.82666666666665,368.975,16.666666666666657,331.24,-0.9733333333333576,-3.3349999999999795,-0.044776119402985,348.0,326.0,320.0,317.0,34100.0
2022-05-16,321.0,321.0,313.0,315.0,295.721435546875,16500.0,328.85,328.24,328.6533333333333,368.335,26.92307692307692,330.58,-1.0533333333333417,-3.355000000000018,-0.0843023255813953,348.0,326.0,320.0,317.0,34100.0
2022-05-17,317.0,317.0,311.0,314.0,294.7826232910156,14300.0,328.15,327.8,328.44,367.505,25.925925925925924,330.02,-1.079999999999984,-3.5300000000000296,-0.0682492581602374,348.0,321.0,315.0,321.0,16500.0
2022-05-18,317.0,318.0,313.0,317.0,297.5990295410156,9800.0,326.6,327.48,328.46666666666664,366.69,33.33333333333333,329.52,-0.9066666666666948,-3.625,-0.0593471810089021,348.0,317.0,314.0,317.0,14300.0
2022-05-19,310.0,313.0,310.0,311.0,291.9662170410156,18700.0,324.75,326.92,328.41333333333336,365.845,27.77777777777777,328.92,-0.6666666666666288,-3.75,-0.0771513353115727,348.0,318.0,317.0,317.0,9800.0
2022-05-20,311.0,315.0,307.0,308.0,289.1498413085937,20100.0,322.75,326.28,328.32,365.17,21.62162162162161,328.36,-0.5066666666666606,-3.805000000000007,-0.0860534124629079,348.0,313.0,311.0,310.0,18700.0
2022-05-21,311.0,315.0,307.0,308.0,289.1498413085937,20100.0,320.75,325.4,328.36,364.385,21.62162162162161,327.82,-0.2933333333332939,-3.9499999999999886,-0.0805970149253731,329.0,315.0,308.0,311.0,20100.0
2022-05-22,311.0,315.0,307.0,308.0,289.1498413085937,20100.0,319.8,324.6,328.6,363.6,21.62162162162161,327.28,0.160000000000025,-3.9049999999999727,-0.1046511627906976,329.0,315.0,308.0,311.0,20100.0
2022-05-23,311.0,315.0,310.0,315.0,295.721435546875,16100.0,319.2,323.28,328.93333333333334,362.83,40.54054054054053,326.88,0.466666666666697,-3.8600000000000136,-0.0895953757225433,329.0,315.0,308.0,311.0,20100.0
2022-05-24,315.0,315.0,308.0,310.0,291.0274658203125,11100.0,318.35,321.76,328.9066666666667,362.13,32.5,326.32,0.4933333333333394,-3.715000000000032,-0.1091954022988506,329.0,315.0,315.0,311.0,16100.0
2022-05-25,311.0,314.0,308.0,313.0,293.8438415527344,18600.0,317.65,320.36,328.9866666666667,361.445,37.2093023255814,325.74,0.6666666666666856,-3.725000000000023,-0.1005747126436781,329.0,315.0,310.0,315.0,11100.0
2022-05-26,310.0,315.0,309.0,314.0,294.7826232910156,20900.0,316.9,319.0,329.08,360.765,45.94594594594594,325.26,0.7199999999999704,-3.620000000000005,-0.0977011494252874,329.0,314.0,313.0,311.0,18600.0
2022-05-27,315.0,318.0,314.0,315.0,295.721435546875,3600.0,316.2,318.52,329.18666666666667,360.22,42.85714285714285,324.92,0.5866666666666447,-3.3799999999999955,-0.0789473684210526,329.0,315.0,314.0,310.0,20900.0
2022-05-28,315.0,318.0,314.0,315.0,295.721435546875,3600.0,315.5,318.04,329.17333333333335,359.74,42.85714285714285,324.58,0.2400000000000091,-3.089999999999975,-0.0789473684210526,324.0,318.0,315.0,315.0,3600.0
2022-05-29,315.0,318.0,314.0,315.0,295.721435546875,3600.0,315.15,317.56,329.17333333333335,359.28,42.85714285714285,324.24,0.2666666666666515,-2.8500000000000227,-0.0762463343108504,324.0,318.0,315.0,315.0,3600.0
2022-05-30,314.0,319.0,314.0,318.0,298.5378112792969,17600.0,314.85,317.2,328.94666666666666,358.835,54.54545454545455,323.96,-0.0400000000000204,-2.6100000000000136,-0.0535714285714286,324.0,318.0,315.0,315.0,3600.0
2022-05-31,319.0,328.0,318.0,328.0,307.9258117675781,27600.0,315.05,317.16,328.7333333333333,358.3,66.66666666666666,324.06,-0.3466666666666356,-2.464999999999975,-0.0208955223880596,328.0,319.0,318.0,314.0,17600.0
2022-06-01,324.0,335.0,324.0,335.0,314.4974060058594,20400.0,315.95,317.4,328.70666666666665,357.8,69.56521739130434,324.52,-0.4800000000000182,-2.420000000000016,0.0,335.0,328.0,328.0,319.0,27600.0
2022-06-02,335.0,339.0,330.0,339.0,318.2525939941406,34500.0,316.9,317.8,328.7333333333333,357.32,81.81818181818181,324.82,-0.4399999999999977,-2.420000000000016,0.0119402985074625,339.0,335.0,335.0,324.0,20400.0
2022-06-03,342.0,342.0,329.0,332.0,311.6809997558594,28700.0,317.5,318.2,328.6666666666667,356.835,75.0,325.02,-0.5066666666666606,-2.444999999999993,-0.0177514792899408,339.0,339.0,339.0,335.0,34500.0
2022-06-04,342.0,342.0,329.0,332.0,311.6809997558594,28700.0,318.1,318.52,328.6,356.395,75.0,325.06,-0.3466666666666356,-2.4399999999999977,-0.0292397660818714,339.0,342.0,332.0,342.0,28700.0
2022-06-05,342.0,342.0,329.0,332.0,311.6809997558594,28700.0,318.95,318.84,328.56,356.015,75.0,325.1,-0.1733333333333462,-2.285000000000025,-0.0177514792899408,339.0,342.0,332.0,342.0,28700.0
2022-06-06,330.0,335.0,329.0,330.0,309.8033752441406,5500.0,319.75,319.36,328.37333333333333,355.63,67.44186046511628,325.1,-0.3333333333333144,-2.170000000000016,-0.0060240963855421,339.0,342.0,332.0,342.0,28700.0
2022-06-07,327.0,333.0,324.0,326.0,306.0481872558594,22200.0,320.2,319.6,328.1066666666667,355.185,69.04761904761905,324.84,-0.6266666666666652,-2.134999999999991,-0.0180722891566265,339.0,335.0,330.0,330.0,5500.0
2022-06-08,330.0,334.0,327.0,329.0,308.8645935058594,9200.0,321.1,319.96,327.8533333333333,354.755,69.04761904761905,324.66,-0.8133333333333326,-2.079999999999984,-0.0090361445783132,339.0,333.0,326.0,327.0,22200.0
2022-06-09,329.0,333.0,327.0,330.0,309.8033752441406,10600.0,322.2,320.36,327.61333333333334,354.33,69.04761904761905,324.6,-0.9866666666666788,-2.0649999999999977,-0.0060240963855421,339.0,334.0,329.0,330.0,9200.0
2022-06-10,327.0,331.0,325.0,330.0,309.8033752441406,16900.0,323.3,320.96,327.37333333333333,353.79,68.29268292682927,324.6,-1.1866666666666674,-2.224999999999966,0.021671826625387,339.0,333.0,330.0,329.0,10600.0
2022-06-11,327.0,331.0,325.0,330.0,309.8033752441406,16900.0,324.4,321.6,327.2133333333333,353.25,68.29268292682927,324.7,-1.160000000000025,-2.3799999999999955,0.0576923076923077,339.0,331.0,330.0,327.0,16900.0
2022-06-12,327.0,331.0,325.0,330.0,309.8033752441406,16900.0,325.15,322.12,327.05333333333334,352.815,68.29268292682927,324.8,-1.0533333333333417,-2.3700000000000045,0.0185185185185186,339.0,331.0,330.0,327.0,16900.0
2022-06-13,326.0,332.0,326.0,329.0,308.8645935058594,7200.0,326.1,322.84,326.8933333333333,352.405,64.1025641025641,324.88,-0.9600000000000364,-2.3500000000000227,0.0217391304347827,339.0,331.0,330.0,327.0,16900.0
2022-06-14,325.0,328.0,325.0,328.0,307.9258117675781,24900.0,326.85,323.64,326.7866666666667,352.075,50.0,324.96,-0.8266666666666538,-2.2549999999999955,-0.0060606060606061,339.0,332.0,329.0,326.0,7200.0
2022-06-15,326.0,329.0,325.0,325.0,305.1094055175781,5300.0,327.4,324.32,326.6533333333333,351.73,30.769230769230774,324.86,-0.7200000000000273,-2.0600000000000023,-0.0151515151515151,339.0,328.0,328.0,325.0,24900.0
2022-06-16,325.0,330.0,325.0,325.0,305.1094055175781,11800.0,327.9,325.0,326.52,351.385,18.181818181818173,324.8,-0.693333333333328,-1.865000000000009,-0.0151515151515151,339.0,329.0,325.0,326.0,5300.0
2022-06-17,314.0,321.0,314.0,317.0,297.5990295410156,20100.0,328.0,325.08,326.28,351.07,17.391304347826093,324.18,-0.773333333333369,-1.7450000000000043,-0.0648967551622419,339.0,330.0,325.0,325.0,11800.0
2022-06-18,314.0,321.0,314.0,317.0,297.5990295410156,20100.0,328.1,325.36,326.0,350.77,17.391304347826093,323.56,-0.8933333333333167,-1.634999999999991,-0.0621301775147928,339.0,321.0,317.0,314.0,20100.0
2022-06-19,314.0,321.0,314.0,317.0,297.5990295410156,20100.0,328.05,325.52,325.6666666666667,350.495,17.391304347826093,322.94,-1.1200000000000043,-1.579999999999984,-0.048048048048048,339.0,321.0,317.0,314.0,20100.0
2022-06-20,322.0,322.0,304.0,306.0,287.2722473144531,27900.0,326.95,325.2,325.24,350.23,12.5,322.1,-1.4133333333332985,-1.5,-0.0727272727272727,339.0,321.0,317.0,314.0,20100.0
2022-06-21,309.0,323.0,309.0,323.0,303.2318115234375,11600.0,326.35,325.52,325.12,349.955,46.66666666666666,322.02,-1.3999999999999773,-1.4300000000000068,-0.0061538461538461,339.0,322.0,306.0,322.0,27900.0
2022-06-22,326.0,326.0,312.0,320.0,300.4154052734375,8500.0,325.4,325.72,324.96,349.665,40.0,321.88,-1.3199999999999932,-1.4049999999999727,-0.0153846153846153,332.0,323.0,323.0,309.0,11600.0
2022-06-23,316.0,327.0,313.0,320.0,300.4154052734375,57300.0,324.8,325.92,324.8,349.375,38.63636363636363,321.74,-1.1999999999999886,-1.3949999999999818,-0.0153846153846153,332.0,326.0,320.0,326.0,8500.0
2022-06-24,316.0,319.0,313.0,313.0,293.8438415527344,51500.0,323.85,325.72,324.5466666666667,349.07,33.33333333333333,321.46,-1.1200000000000043,-1.4250000000000114,-0.0339506172839506,332.0,327.0,320.0,316.0,57300.0
2022-06-25,316.0,319.0,313.0,313.0,293.8438415527344,51500.0,322.9,325.12,324.41333333333336,348.73,33.33333333333333,321.14,-0.8266666666666538,-1.5,-0.0515151515151515,330.0,319.0,313.0,316.0,51500.0
2022-06-26,316.0,319.0,313.0,313.0,293.8438415527344,51500.0,322.05,324.24,324.4266666666667,348.37,33.33333333333333,320.82,-0.693333333333328,-1.5849999999999795,-0.0457317073170732,330.0,319.0,313.0,316.0,51500.0
2022-06-27,315.0,317.0,308.0,310.0,291.0274658203125,31000.0,321.25,323.08,324.24,347.98,32.075471698113205,320.44,-0.7199999999999704,-1.6850000000000025,-0.1091954022988506,330.0,319.0,313.0,316.0,51500.0
2022-06-28,310.0,314.0,309.0,309.0,290.0886535644531,8600.0,320.25,322.16,324.06666666666666,347.67,32.075471698113205,320.18,-0.7333333333333485,-1.704999999999984,-0.1120689655172413,330.0,317.0,310.0,315.0,31000.0
2022-06-29,307.0,311.0,304.0,306.0,287.2722473144531,21200.0,319.05,321.12,323.74666666666667,347.345,32.075471698113205,319.82,-0.8000000000000114,-1.724999999999966,-0.1206896551724138,330.0,314.0,309.0,310.0,8600.0
2022-06-30,304.0,308.0,302.0,307.0,288.2110290527344,22500.0,317.9,320.12,323.44,347.025,33.33333333333333,319.48,-0.9733333333333576,-1.705000000000041,-0.1178160919540229,330.0,311.0,306.0,307.0,21200.0
2022-07-01,304.0,305.0,298.0,303.0,284.4558410644531,37100.0,316.55,319.04,323.08,346.57,36.0,319.2,-1.3466666666666924,-1.8000000000000114,-0.073394495412844,330.0,308.0,307.0,304.0,22500.0
2022-07-02,304.0,305.0,298.0,303.0,284.4558410644531,37100.0,315.2,318.12,322.6,346.155,36.0,318.86,-1.6399999999999864,-1.8250000000000453,-0.073394495412844,329.0,305.0,303.0,304.0,37100.0
2022-07-03,304.0,305.0,298.0,303.0,284.4558410644531,37100.0,313.9,317.08,322.1333333333333,345.745,36.0,318.52,-1.933333333333337,-1.925000000000012,-0.073394495412844,328.0,305.0,303.0,304.0,37100.0
2022-07-04,301.0,305.0,298.0,300.0,281.6394348144531,42000.0,312.5,315.88,321.6933333333333,345.315,42.85714285714285,318.12,-2.0533333333333417,-2.0300000000000296,-0.0825688073394494,325.0,305.0,303.0,304.0,37100.0
2022-07-05,302.0,303.0,297.0,300.0,281.6394348144531,49800.0,311.25,314.68,321.2933333333333,344.925,4.0,317.82,-2.146666666666647,-2.099999999999966,-0.0881458966565349,325.0,305.0,300.0,301.0,42000.0
2022-07-06,299.0,303.0,298.0,300.0,281.6394348144531,12000.0,310.0,313.48,320.96,344.535,4.545454545454547,317.54,-2.1200000000000045,-2.034999999999968,-0.0881458966565349,323.0,303.0,300.0,302.0,49800.0
2022-07-07,303.0,315.0,301.0,310.0,291.0274658203125,60000.0,309.65,312.68,320.76,344.195,34.375,317.4,-1.840000000000032,-1.9599999999999795,-0.0577507598784194,323.0,303.0,300.0,299.0,12000.0
2022-07-08,308.0,314.0,306.0,306.0,287.2722473144531,36300.0,309.1,311.76,320.50666666666666,343.94,37.93103448275862,317.3,-1.6266666666666652,-1.8050000000000068,-0.0496894409937888,323.0,315.0,310.0,303.0,60000.0
2022-07-09,308.0,314.0,306.0,306.0,287.2722473144531,36300.0,308.55,310.88,320.26666666666665,343.665,37.93103448275862,317.26,-1.4266666666666763,-1.6499999999999773,-0.0555555555555555,323.0,314.0,306.0,308.0,36300.0
2022-07-10,308.0,314.0,306.0,306.0,287.2722473144531,36300.0,308.55,310.12,319.94666666666666,343.325,37.93103448275862,317.22,-1.3466666666666924,-1.6000000000000227,-0.0555555555555555,323.0,314.0,306.0,308.0,36300.0
2022-07-11,305.0,311.0,304.0,304.0,285.3946533203125,21000.0,307.6,309.28,319.62666666666667,342.935,39.285714285714285,317.14,-1.3333333333333144,-1.6000000000000227,-0.0410094637223974,320.0,314.0,306.0,308.0,36300.0
2022-07-12,303.0,303.0,300.0,301.0,282.5782470703125,18400.0,306.65,308.64,319.0,342.545,36.66666666666666,316.86,-1.759999999999991,-1.6499999999999773,-0.0593749999999999,320.0,311.0,304.0,305.0,21000.0
2022-07-13,300.0,306.0,300.0,304.0,285.3946533203125,20100.0,305.85,308.12,318.41333333333336,342.17,46.66666666666666,316.74,-2.0933333333333053,-1.7699999999999818,-0.05,313.0,303.0,301.0,303.0,18400.0
2022-07-14,302.0,306.0,302.0,304.0,285.3946533203125,17000.0,305.4,307.6,317.82666666666665,341.795,44.82758620689656,316.56,-2.4399999999999977,-1.8700000000000043,-0.05,313.0,306.0,304.0,300.0,20100.0
2022-07-15,304.0,304.0,301.0,302.0,283.5170593261719,19400.0,304.85,307.44,317.2133333333333,341.365,48.14814814814815,316.32,-2.7333333333333485,-1.9599999999999795,-0.0412698412698412,313.0,306.0,304.0,302.0,17000.0
2022-07-16,304.0,304.0,301.0,302.0,283.5170593261719,19400.0,304.3,306.6,316.88,340.895,48.14814814814815,316.06,-2.7466666666666697,-2.0400000000000205,-0.0382165605095541,310.0,304.0,302.0,304.0,19400.0
2022-07-17,304.0,304.0,301.0,302.0,283.5170593261719,19400.0,303.9,305.88,316.5466666666667,340.455,48.14814814814815,315.8,-2.453333333333319,-2.090000000000032,-0.0473186119873817,310.0,304.0,302.0,304.0,19400.0
2022-07-18,304.0,304.0,301.0,302.0,283.5170593261719,19400.0,303.55,305.16,316.2133333333333,340.01,54.16666666666666,315.54,-2.200000000000045,-2.160000000000025,-0.0289389067524116,310.0,304.0,302.0,304.0,19400.0
2022-07-19,301.0,306.0,300.0,306.0,287.2722473144531,43800.0,303.55,304.88,315.93333333333334,339.585,60.71428571428572,315.3,-1.8933333333333169,-2.2100000000000364,-0.0064935064935064,310.0,304.0,302.0,304.0,19400.0
2022-07-20,306.0,309.0,303.0,308.0,289.1498413085937,21500.0,303.6,304.68,315.6533333333333,339.17,63.333333333333336,314.9,-1.5600000000000025,-2.194999999999993,0.0,310.0,306.0,306.0,301.0,43800.0
2022-07-21,308.0,309.0,306.0,309.0,290.0886535644531,8400.0,303.9,304.52,315.38666666666666,338.76,47.61904761904762,314.38,-1.4933333333333394,-2.134999999999991,0.0032467532467532,310.0,309.0,308.0,306.0,21500.0
2022-07-22,314.0,314.0,307.0,309.0,290.0886535644531,17800.0,304.2,304.48,315.12,338.35,58.82352941176471,313.78,-1.4266666666666763,-2.1049999999999613,-0.019047619047619,310.0,309.0,309.0,308.0,8400.0
2022-07-23,314.0,314.0,307.0,309.0,290.0886535644531,17800.0,304.5,304.48,314.94666666666666,337.915,58.82352941176471,313.32,-1.2666666666666515,-2.0949999999999704,-0.0032258064516128,310.0,314.0,309.0,314.0,17800.0
2022-07-24,314.0,314.0,307.0,309.0,290.0886535644531,17800.0,304.95,304.6,314.74666666666667,337.52,58.82352941176471,312.86,-1.1866666666666674,-2.0649999999999977,-0.012779552715655,310.0,314.0,309.0,314.0,17800.0
2022-07-25,309.0,311.0,309.0,310.0,291.0274658203125,7300.0,305.45,304.72,314.56,337.205,68.75,312.42,-1.0933333333333053,-1.965000000000032,-0.0127388535031847,310.0,314.0,309.0,314.0,17800.0
2022-07-26,313.0,315.0,311.0,315.0,295.721435546875,16500.0,306.2,305.2,314.53333333333336,336.9,88.88888888888889,312.12,-0.8533333333332962,-1.8600000000000136,0.0,315.0,311.0,310.0,309.0,7300.0
2022-07-27,311.0,316.0,311.0,316.0,296.66021728515625,8700.0,306.5,305.72,314.48,336.6,87.5,311.92,-0.6399999999999864,-1.75,0.0031746031746031,316.0,315.0,315.0,313.0,16500.0
2022-07-28,316.0,319.0,315.0,319.0,299.4765930175781,12700.0,307.15,306.36,314.46666666666664,336.315,89.47368421052632,311.72,-0.4800000000000182,-1.6000000000000227,0.0126984126984126,319.0,316.0,316.0,311.0,8700.0
2022-07-29,320.0,333.0,315.0,333.0,312.6197814941406,94600.0,308.5,307.68,314.64,336.1,100.0,311.78,-0.1066666666666833,-1.419999999999959,0.0471698113207548,333.0,319.0,319.0,316.0,12700.0
2022-07-30,320.0,333.0,315.0,333.0,312.6197814941406,94600.0,309.85,309.0,314.88,335.935,100.0,311.84,0.3199999999999932,-1.2699999999999818,0.0152439024390242,333.0,333.0,333.0,320.0,94600.0
2022-07-31,320.0,333.0,315.0,333.0,312.6197814941406,94600.0,311.3,310.32,315.1333333333333,335.535,100.0,311.9,0.5999999999999659,-1.3649999999999525,-0.0059701492537312,333.0,333.0,333.0,320.0,94600.0
2022-08-01,321.0,324.0,312.0,319.0,299.4765930175781,113500.0,312.2,310.68,315.16,334.92,68.88888888888889,311.68,0.6800000000000068,-1.6800000000000068,-0.0589970501474926,333.0,333.0,333.0,320.0,94600.0
2022-08-02,319.0,321.0,308.0,316.0,296.66021728515625,63900.0,312.8,311.08,315.2266666666667,334.33,61.36363636363637,311.42,0.7600000000000477,-1.9850000000000136,-0.0481927710843373,333.0,324.0,319.0,321.0,113500.0
2022-08-03,316.0,316.0,311.0,312.0,292.905029296875,21700.0,313.2,311.32,315.28,333.72,54.34782608695652,311.1,0.6399999999999864,-2.3799999999999955,-0.0602409638554216,333.0,321.0,316.0,319.0,63900.0
2022-08-04,313.0,316.0,312.0,316.0,296.66021728515625,21100.0,313.9,311.72,315.38666666666666,333.13,57.14285714285714,310.92,0.5066666666666606,-2.805000000000007,-0.0481927710843373,333.0,316.0,312.0,316.0,21700.0
2022-08-05,316.0,321.0,315.0,315.0,295.721435546875,33900.0,314.55,312.16,315.48,332.7,55.99999999999999,310.72,0.3466666666666924,-2.8350000000000364,-0.0454545454545454,333.0,316.0,316.0,313.0,21100.0
2022-08-06,316.0,321.0,315.0,315.0,295.721435546875,33900.0,315.2,312.72,315.48,332.315,55.99999999999999,310.68,0.3199999999999932,-2.605000000000018,-0.0337423312883435,333.0,321.0,315.0,316.0,33900.0
2022-08-07,316.0,321.0,315.0,315.0,295.721435546875,33900.0,315.85,313.16,315.5466666666667,332.015,55.99999999999999,310.64,0.3199999999999932,-2.3149999999999977,-0.0425531914893616,333.0,321.0,315.0,316.0,33900.0
2022-08-08,315.0,317.0,314.0,314.0,294.7826232910156,6300.0,316.25,313.56,315.56,331.655,54.0,310.58,0.2800000000000295,-2.0650000000000546,-0.0484848484848484,333.0,321.0,315.0,316.0,33900.0
2022-08-09,315.0,315.0,309.0,310.0,291.0274658203125,14200.0,316.35,313.88,315.50666666666666,331.3,44.89795918367347,310.66,0.1200000000000045,-1.829999999999984,-0.0606060606060605,333.0,317.0,314.0,315.0,6300.0
2022-08-10,308.0,309.0,307.0,307.0,288.2110290527344,29800.0,316.25,314.08,315.4,330.93,41.1764705882353,310.34,-0.0800000000000409,-1.7699999999999818,-0.0696969696969697,333.0,315.0,310.0,315.0,14200.0
2022-08-11,308.0,309.0,307.0,307.0,288.2110290527344,29800.0,316.15,314.28,315.2933333333333,330.56,37.5,310.08,-0.1866666666666674,-1.7549999999999957,-0.0696969696969697,333.0,309.0,307.0,308.0,29800.0
2022-08-12,306.0,314.0,306.0,314.0,294.7826232910156,12700.0,316.4,314.76,315.28,330.095,26.82926829268293,309.96,-0.2666666666667083,-1.919999999999959,-0.0455927051671732,333.0,309.0,307.0,308.0,29800.0
2022-08-13,306.0,314.0,306.0,314.0,294.7826232910156,12700.0,316.65,315.08,315.2266666666667,329.69,26.82926829268293,309.98,-0.3333333333333144,-1.964999999999975,-0.0426829268292683,333.0,314.0,314.0,306.0,12700.0
2022-08-14,306.0,314.0,306.0,314.0,294.7826232910156,12700.0,316.85,315.32,315.04,329.295,26.82926829268293,310.0,-0.4666666666666401,-2.0049999999999955,-0.0338461538461538,333.0,314.0,314.0,306.0,12700.0
2022-08-15,314.0,323.0,309.0,322.0,302.2929992675781,55500.0,317.2,315.84,314.8666666666667,329.05,54.285714285714285,310.18,-0.533333333333303,-1.879999999999996,-0.0092307692307692,333.0,314.0,314.0,306.0,12700.0
2022-08-16,324.0,324.0,313.0,321.0,301.354248046875,34000.0,317.45,316.32,314.62666666666667,328.655,57.57575757575758,310.4,-0.6666666666666856,-1.9050000000000296,0.0126182965299683,333.0,323.0,322.0,314.0,55500.0
2022-08-17,319.0,326.0,317.0,326.0,306.0481872558594,44600.0,317.8,317.0,314.5466666666667,328.285,70.58823529411765,310.74,-0.7333333333332916,-1.8100000000000025,0.028391167192429,333.0,324.0,321.0,324.0,34000.0
2022-08-18,324.0,329.0,321.0,329.0,308.8645935058594,27800.0,317.6,317.8,314.50666666666666,327.93,69.69696969696969,311.2,-0.7200000000000273,-1.759999999999991,0.0378548895899053,333.0,326.0,326.0,319.0,44600.0
2022-08-19,329.0,332.0,322.0,323.0,303.2318115234375,70200.0,317.1,318.32,314.38666666666666,327.51,60.526315789473685,311.52,-0.6533333333333644,-1.785000000000025,0.0555555555555555,333.0,329.0,329.0,324.0,27800.0
2022-08-20,329.0,332.0,322.0,323.0,303.2318115234375,70200.0,316.6,318.64,314.2933333333333,327.13,60.526315789473685,311.92,-0.5733333333333235,-1.920000000000016,0.0,329.0,332.0,323.0,329.0,70200.0
2022-08-21,329.0,332.0,322.0,323.0,303.2318115234375,70200.0,316.8,318.92,314.25333333333333,326.72,60.526315789473685,312.32,-0.3733333333333348,-1.9349999999999448,0.0093749999999999,329.0,332.0,323.0,329.0,70200.0
2022-08-22,323.0,323.0,315.0,316.0,296.66021728515625,64200.0,316.8,318.8,314.08,326.38,52.27272727272727,312.58,-0.466666666666697,-1.9050000000000296,-0.0124999999999999,329.0,332.0,323.0,329.0,70200.0
2022-08-23,318.0,322.0,316.0,321.0,301.354248046875,21000.0,317.25,318.32,313.96,326.02,62.22222222222223,313.0,-0.5466666666666811,-1.910000000000025,0.02555910543131,329.0,323.0,316.0,323.0,64200.0
2022-08-24,318.0,321.0,318.0,321.0,301.354248046875,2900.0,317.5,317.84,313.84,325.66,66.66666666666666,313.42,-0.5466666666666811,-1.849999999999966,0.02555910543131,329.0,322.0,321.0,318.0,21000.0
2022-08-25,321.0,328.0,321.0,324.0,304.1706237792969,21400.0,317.95,317.48,313.76,325.315,68.88888888888889,313.9,-0.5333333333333599,-1.8149999999999973,0.035143769968051,329.0,321.0,321.0,318.0,2900.0
2022-08-26,324.0,330.0,321.0,324.0,304.1706237792969,32700.0,318.4,317.68,313.68,325.045,63.15789473684211,314.18,-0.5733333333333235,-1.6750000000000114,0.0451612903225806,329.0,328.0,324.0,321.0,21400.0
2022-08-27,324.0,330.0,321.0,324.0,304.1706237792969,32700.0,318.85,318.0,313.61333333333334,324.8,63.15789473684211,314.54,-0.4666666666666401,-1.579999999999984,0.0485436893203883,329.0,330.0,324.0,324.0,32700.0
2022-08-28,324.0,330.0,321.0,324.0,304.1706237792969,32700.0,319.35,318.48,313.56,324.5,63.15789473684211,314.9,-0.3999999999999772,-1.5199999999999818,0.0588235294117647,329.0,330.0,324.0,324.0,32700.0
2022-08-29,316.0,316.0,308.0,315.0,295.721435546875,29800.0,319.6,318.44,313.4266666666667,324.2,41.02564102564102,315.08,-0.4133333333332984,-1.4600000000000364,0.0260586319218241,329.0,330.0,324.0,324.0,32700.0
2022-08-30,315.0,320.0,315.0,317.0,297.5990295410156,12400.0,320.1,318.52,313.32,323.91,45.00000000000001,315.34,-0.4399999999999977,-1.4049999999999727,0.0462046204620461,329.0,316.0,315.0,316.0,29800.0
2022-08-31,317.0,320.0,317.0,317.0,297.5990295410156,2200.0,320.6,318.6,313.32,323.62,37.14285714285714,315.66,-0.3600000000000136,-1.4250000000000114,0.0462046204620461,329.0,320.0,317.0,315.0,12400.0
2022-09-01,315.0,318.0,311.0,315.0,295.721435546875,10600.0,320.65,318.6,313.2933333333333,323.32,29.41176470588236,315.88,-0.3199999999999932,-1.4800000000000182,0.0396039603960396,329.0,320.0,317.0,317.0,2200.0
2022-09-02,316.0,316.0,310.0,314.0,294.7826232910156,16400.0,320.65,318.6,313.25333333333333,323.06,34.48275862068965,316.08,-0.3066666666666719,-1.4399999999999975,0.0466666666666666,329.0,318.0,315.0,315.0,10600.0
2022-09-03,316.0,316.0,310.0,314.0,294.7826232910156,16400.0,320.65,318.76,313.36,322.83,34.48275862068965,316.32,-0.0666666666666628,-1.3700000000000043,0.0466666666666666,329.0,316.0,314.0,316.0,16400.0
2022-09-04,316.0,316.0,310.0,314.0,294.7826232910156,16400.0,320.25,319.04,313.24,322.56,34.48275862068965,316.56,-0.079999999999984,-1.3500000000000227,0.0466666666666666,329.0,316.0,314.0,316.0,16400.0
2022-09-05,314.0,314.0,307.0,310.0,291.0274658203125,19000.0,319.7,319.16,313.1066666666667,322.285,38.46153846153846,316.72,-0.2133333333333098,-1.3349999999999795,0.0,329.0,316.0,314.0,316.0,16400.0
2022-09-06,310.0,312.0,295.0,303.0,284.4558410644531,99500.0,318.55,318.72,312.88,321.975,17.85714285714286,316.74,-0.4133333333333553,-1.3449999999999704,-0.0098039215686274,329.0,314.0,310.0,314.0,19000.0
2022-09-07,304.0,306.0,300.0,306.0,287.2722473144531,26300.0,317.4,318.4,312.7866666666667,321.68,25.80645161290323,316.74,-0.4666666666666401,-1.3799999999999957,0.0,324.0,312.0,303.0,310.0,99500.0
2022-09-08,306.0,307.0,303.0,306.0,287.2722473144531,4000.0,316.55,318.08,312.6933333333333,321.385,17.85714285714286,316.7,-0.6666666666666856,-1.4449999999999932,0.0,324.0,306.0,306.0,304.0,26300.0
2022-09-09,305.0,309.0,304.0,306.0,287.2722473144531,5600.0,315.7,317.44,312.6,321.155,17.85714285714286,316.64,-0.6399999999999864,-1.4050000000000296,0.006578947368421,324.0,307.0,306.0,306.0,4000.0
2022-09-10,305.0,309.0,304.0,306.0,287.2722473144531,5600.0,314.85,316.84,312.5466666666667,321.0,17.85714285714286,316.58,-0.5600000000000023,-1.285000000000025,0.0166112956810631,324.0,309.0,306.0,305.0,5600.0
2022-09-11,305.0,309.0,304.0,306.0,287.2722473144531,5600.0,314.35,316.04,312.50666666666666,320.845,17.85714285714286,316.52,-0.3733333333333348,-1.1299999999999957,0.006578947368421,324.0,309.0,306.0,305.0,5600.0
2022-09-12,306.0,312.0,306.0,311.0,291.9662170410156,21700.0,313.85,315.32,312.5733333333333,320.845,41.66666666666667,316.56,-0.2133333333333666,-0.8349999999999795,0.0230263157894736,324.0,309.0,306.0,305.0,5600.0
2022-09-13,311.0,311.0,307.0,309.0,290.0886535644531,11400.0,313.25,314.76,312.6,320.735,33.33333333333333,316.54,-0.0933333333333052,-0.6499999999999773,0.0231788079470198,324.0,312.0,311.0,306.0,21700.0
2022-09-14,308.0,312.0,300.0,312.0,292.905029296875,33500.0,312.65,314.32,312.72,320.64,40.74074074074074,316.48,0.1200000000000045,-0.5149999999999864,0.0331125827814569,324.0,311.0,309.0,311.0,11400.0
2022-09-15,311.0,311.0,306.0,309.0,290.0886535644531,6800.0,311.9,313.76,312.8,320.53,39.285714285714285,316.34,0.2533333333333303,-0.4700000000000273,0.0231788079470198,324.0,312.0,312.0,308.0,33500.0
2022-09-16,306.0,308.0,302.0,308.0,289.1498413085937,17900.0,311.1,313.44,312.8666666666667,320.36,39.285714285714285,316.12,0.3600000000000136,-0.4850000000000136,0.0198675496688742,324.0,311.0,309.0,311.0,6800.0
2022-09-17,306.0,308.0,302.0,308.0,289.1498413085937,17900.0,310.3,312.92,312.97333333333336,320.205,39.285714285714285,315.62,0.4000000000000341,-0.6400000000000432,0.0065359477124182,317.0,308.0,308.0,306.0,17900.0
2022-09-18,306.0,308.0,302.0,308.0,289.1498413085937,17900.0,309.95,312.4,313.08,320.105,39.285714285714285,315.12,0.4799999999999613,-0.6299999999999955,0.0,317.0,308.0,308.0,306.0,17900.0
2022-09-19,306.0,308.0,302.0,308.0,289.1498413085937,17900.0,309.5,311.76,313.18666666666667,319.995,45.833333333333336,314.62,0.4666666666666401,-0.6449999999999818,-0.0032362459546925,317.0,308.0,308.0,306.0,17900.0
2022-09-20,310.0,310.0,303.0,305.0,286.3334350585937,11700.0,308.9,311.0,313.12,319.945,55.0,314.34,0.3199999999999932,-0.5849999999999795,-0.0129449838187701,315.0,308.0,308.0,306.0,17900.0
2022-09-21,303.0,304.0,297.0,299.0,280.7006530761719,32200.0,308.1,310.0,313.02666666666664,319.865,34.78260869565217,314.0,0.1599999999999681,-0.4950000000000045,-0.0323624595469255,314.0,310.0,305.0,310.0,11700.0
2022-09-22,291.0,299.0,290.0,299.0,280.7006530761719,29500.0,307.35,309.0,312.93333333333334,319.785,34.78260869565217,313.74,-0.0400000000000204,-0.4199999999999591,-0.0323624595469255,314.0,304.0,299.0,303.0,32200.0
2022-09-23,291.0,299.0,290.0,299.0,280.7006530761719,29500.0,306.6,308.36,312.84,319.755,34.78260869565217,313.4,-0.2400000000000091,-0.3500000000000227,-0.0354838709677419,314.0,299.0,299.0,291.0,29500.0
2022-09-24,291.0,299.0,290.0,299.0,280.7006530761719,29500.0,305.85,307.64,312.7733333333333,319.8,34.78260869565217,313.08,-0.4133333333333553,-0.1949999999999931,-0.0507936507936508,312.0,299.0,299.0,291.0,29500.0
2022-09-25,291.0,299.0,290.0,299.0,280.7006530761719,29500.0,305.3,306.92,312.74666666666667,319.845,34.78260869565217,312.76,-0.3733333333333348,-0.0999999999999659,-0.0537974683544303,312.0,299.0,299.0,291.0,29500.0
2022-09-26,295.0,299.0,293.0,296.0,277.88427734375,14700.0,304.95,306.16,312.64,319.765,14.285714285714292,312.38,-0.386666666666656,-0.1000000000000227,-0.0721003134796238,312.0,299.0,299.0,291.0,29500.0
2022-09-27,293.0,297.0,293.0,293.0,275.06787109375,22600.0,304.3,305.32,312.49333333333334,319.695,13.63636363636364,311.96,-0.4399999999999977,-0.0900000000000318,-0.12012012012012,312.0,299.0,296.0,295.0,14700.0
2022-09-28,293.0,293.0,282.0,284.0,266.6186828613281,29800.0,303.2,304.12,312.25333333333333,319.58,0.0,311.44,-0.5866666666666447,-0.1750000000000113,-0.1471471471471471,312.0,297.0,293.0,293.0,22600.0
2022-09-29,286.0,295.0,285.0,290.0,272.2514953613281,13100.0,302.4,303.16,312.0933333333333,319.495,19.354838709677423,311.1,-0.6800000000000068,-0.3050000000000068,-0.1291291291291291,312.0,293.0,284.0,293.0,29800.0
2022-09-30,289.0,289.0,280.0,282.0,264.7410888671875,20700.0,301.2,302.04,311.82666666666665,319.325,15.78947368421052,310.6,-0.920000000000016,-0.5200000000000387,-0.115987460815047,312.0,295.0,290.0,286.0,13100.0
2022-10-01,289.0,289.0,280.0,282.0,264.7410888671875,20700.0,300.0,301.2,311.56,319.16,15.78947368421052,309.96,-1.079999999999984,-0.6049999999999613,-0.1075949367088607,312.0,289.0,282.0,289.0,20700.0
2022-10-02,289.0,289.0,280.0,282.0,264.7410888671875,20700.0,298.55,300.24,311.24,318.895,15.78947368421052,309.32,-1.2533333333333303,-0.8000000000000114,-0.0961538461538461,312.0,289.0,282.0,289.0,20700.0
2022-10-03,280.0,285.0,278.0,281.0,263.8022766113281,17200.0,297.15,299.24,310.88,318.58,15.384615384615389,308.66,-1.3733333333333348,-1.0,-0.1107594936708861,312.0,289.0,282.0,289.0,20700.0
2022-10-04,282.0,289.0,282.0,288.0,270.3738708496094,14600.0,295.95,298.52,310.6,318.335,30.232558139534888,307.98,-1.4933333333332826,-1.160000000000025,-0.0857142857142857,309.0,285.0,281.0,280.0,17200.0
2022-10-05,290.0,291.0,286.0,289.0,271.3126525878906,12500.0,294.95,297.84,310.3333333333333,318.095,36.8421052631579,307.34,-1.4933333333333394,-1.2299999999999611,-0.0825396825396825,308.0,289.0,288.0,282.0,14600.0
2022-10-06,289.0,294.0,288.0,290.0,272.2514953613281,8100.0,294.05,297.2,310.08,317.86,38.46153846153846,306.62,-1.4800000000000182,-1.3000000000000114,-0.0793650793650794,308.0,291.0,289.0,290.0,12500.0
2022-10-07,289.0,293.0,286.0,293.0,275.06787109375,7300.0,293.3,296.48,309.8666666666667,317.64,42.85714285714285,305.9,-1.3733333333333348,-1.2549999999999957,-0.0668789808917197,308.0,294.0,290.0,289.0,8100.0
2022-10-08,289.0,293.0,286.0,293.0,275.06787109375,7300.0,292.55,295.84,309.64,317.43,42.85714285714285,305.3,-1.240000000000009,-1.1499999999999773,-0.0548387096774193,308.0,293.0,293.0,289.0,7300.0
2022-10-09,289.0,293.0,286.0,293.0,275.06787109375,7300.0,291.8,295.08,309.3466666666667,317.175,42.85714285714285,304.7,-1.2533333333333303,-1.1599999999999682,-0.0456026058631922,305.0,293.0,293.0,289.0,7300.0
2022-10-10,289.0,293.0,286.0,293.0,275.06787109375,7300.0,291.2,294.44,309.04,316.91,46.15384615384615,304.1,-1.293333333333294,-1.1850000000000025,-0.0456026058631922,299.0,293.0,293.0,289.0,7300.0
2022-10-11,290.0,292.0,285.0,286.0,268.49627685546875,10400.0,290.55,293.56,308.6,316.6,41.860465116279066,303.5,-1.4799999999999611,-1.259999999999991,-0.0891719745222929,299.0,293.0,293.0,289.0,7300.0
2022-10-12,285.0,288.0,285.0,287.0,269.4350891113281,3600.0,289.95,292.72,307.9866666666667,316.295,54.285714285714285,302.82,-1.879999999999996,-1.3449999999999704,-0.0859872611464968,299.0,292.0,286.0,290.0,10400.0
2022-10-13,291.0,291.0,285.0,286.0,268.49627685546875,12700.0,289.3,291.84,307.36,315.985,43.33333333333333,302.12,-2.2799999999999727,-1.4449999999999932,-0.0891719745222929,299.0,288.0,287.0,285.0,3600.0
2022-10-14,287.0,292.0,286.0,292.0,274.1290588378906,26500.0,288.95,291.2,306.81333333333333,315.735,67.85714285714286,301.48,-2.53333333333336,-1.4399999999999975,-0.0931677018633539,299.0,291.0,286.0,291.0,12700.0
2022-10-15,287.0,292.0,286.0,292.0,274.1290588378906,26500.0,288.6,290.68,306.4533333333333,315.485,67.85714285714286,300.84,-2.586666666666701,-1.4250000000000114,-0.0903426791277258,296.0,292.0,292.0,287.0,26500.0
2022-10-16,287.0,292.0,286.0,292.0,274.1290588378906,26500.0,288.4,290.4,306.1333333333333,315.24,67.85714285714286,300.2,-2.466666666666697,-1.3600000000000136,-0.1042944785276073,293.0,292.0,292.0,287.0,26500.0
2022-10-17,288.0,291.0,285.0,291.0,273.1902770996094,11800.0,288.3,290.08,305.8533333333333,315.015,67.85714285714286,299.54,-2.1333333333333258,-1.2800000000000296,-0.1155015197568388,293.0,292.0,292.0,287.0,26500.0
2022-10-18,293.0,295.0,291.0,293.0,275.06787109375,33800.0,288.75,289.84,305.5466666666667,314.805,60.869565217391305,299.1,-1.8133333333333328,-1.1800000000000068,-0.0928792569659442,293.0,291.0,291.0,288.0,11800.0
2022-10-19,291.0,299.0,291.0,292.0,274.1290588378906,10200.0,288.85,289.56,305.24,314.59,56.52173913043478,298.6,-1.5733333333333237,-1.1450000000000389,-0.0959752321981424,293.0,295.0,293.0,293.0,33800.0
2022-10-20,294.0,296.0,293.0,294.0,276.00665283203125,3500.0,289.45,289.36,304.96,314.385,58.33333333333333,298.14,-1.4933333333333394,-1.1000000000000227,-0.0897832817337461,294.0,299.0,292.0,291.0,10200.0
2022-10-21,294.0,295.0,292.0,292.0,274.1290588378906,4000.0,289.95,289.2,304.6533333333333,314.155,47.82608695652174,297.68,-1.4800000000000182,-1.0850000000000364,-0.0759493670886075,294.0,296.0,294.0,294.0,3500.0
2022-10-22,294.0,295.0,292.0,292.0,274.1290588378906,4000.0,290.45,289.16,304.36,313.905,47.82608695652174,297.24,-1.4933333333333394,-1.1100000000000136,-0.0903426791277258,294.0,295.0,292.0,294.0,4000.0
2022-10-23,294.0,295.0,292.0,292.0,274.1290588378906,4000.0,291.0,289.48,304.12,313.675,47.82608695652174,296.8,-1.4266666666666763,-1.1299999999999957,-0.0903426791277258,294.0,295.0,292.0,294.0,4000.0
2022-10-24,297.0,299.0,292.0,296.0,277.88427734375,23900.0,291.4,289.72,303.97333333333336,313.495,55.55555555555556,296.44,-1.2666666666666515,-1.0949999999999704,-0.0864197530864198,296.0,295.0,292.0,294.0,4000.0
2022-10-25,299.0,300.0,286.0,293.0,275.06787109375,28500.0,291.6,290.16,303.7866666666667,313.3,65.21739130434783,296.1,-1.1733333333332894,-1.0849999999999795,-0.095679012345679,296.0,299.0,296.0,297.0,23900.0
2022-10-26,298.0,298.0,295.0,296.0,277.88427734375,9600.0,291.9,290.72,303.5466666666667,313.12,68.0,295.96,-1.1066666666666265,-1.0349999999999682,-0.0864197530864198,296.0,300.0,293.0,299.0,28500.0
2022-10-27,295.0,297.0,292.0,297.0,278.82305908203125,7500.0,292.1,291.32,303.32,312.945,72.0,295.78,-1.0400000000000205,-0.9599999999999796,-0.0833333333333333,297.0,298.0,296.0,298.0,9600.0
2022-10-28,297.0,300.0,290.0,299.0,280.7006530761719,61700.0,292.4,292.04,303.12,312.825,66.66666666666666,295.64,-1.0,-0.8500000000000227,-0.0507936507936508,299.0,297.0,297.0,295.0,7500.0
2022-10-29,297.0,300.0,290.0,299.0,280.7006530761719,61700.0,292.7,292.48,302.81333333333333,312.76,66.66666666666666,295.5,-1.160000000000025,-0.7350000000000136,-0.056782334384858,299.0,300.0,299.0,297.0,61700.0
2022-10-30,297.0,300.0,290.0,299.0,280.7006530761719,61700.0,293.0,292.88,302.52,312.635,66.66666666666666,295.36,-1.2666666666667084,-0.6650000000000205,-0.056782334384858,299.0,300.0,299.0,297.0,61700.0
2022-10-31,275.0,282.0,265.0,281.0,263.8022766113281,168500.0,292.75,292.52,301.92,312.43,36.8421052631579,294.86,-1.6266666666666652,-0.6899999999999977,-0.1079365079365078,299.0,300.0,299.0,297.0,61700.0
2022-11-01,279.0,279.0,274.0,278.0,260.98590087890625,24500.0,292.3,291.92,301.24,312.17,30.769230769230774,294.2,-2.079999999999984,-0.7749999999999773,-0.1146496815286624,299.0,282.0,281.0,275.0,168500.0
2022-11-02,275.0,277.0,271.0,275.0,258.16949462890625,24500.0,291.75,291.2,300.6,311.895,29.268292682926827,293.52,-2.519999999999982,-0.9300000000000068,-0.1242038216560509,299.0,279.0,278.0,279.0,24500.0
2022-11-03,275.0,277.0,271.0,275.0,258.16949462890625,24500.0,290.9,290.48,299.96,311.62,25.641025641025635,292.78,-2.853333333333353,-1.1399999999999864,-0.1242038216560509,299.0,277.0,275.0,275.0,24500.0
2022-11-04,275.0,277.0,272.0,273.0,256.2919006347656,21400.0,289.95,289.68,299.2933333333333,311.29,25.641025641025635,292.06,-3.226666666666631,-1.3449999999999704,-0.1193548387096774,299.0,277.0,275.0,275.0,24500.0
2022-11-05,275.0,277.0,272.0,273.0,256.2919006347656,21400.0,289.0,289.16,298.72,310.965,25.641025641025635,291.36,-3.1999999999999886,-1.4650000000000318,-0.0990099009900989,299.0,277.0,273.0,275.0,21400.0
2022-11-06,275.0,277.0,272.0,273.0,256.2919006347656,21400.0,288.1,288.6,298.08,310.665,25.641025641025635,290.66,-3.160000000000025,-1.5049999999999957,-0.1078431372549019,299.0,277.0,273.0,275.0,21400.0
2022-11-07,274.0,276.0,273.0,275.0,258.16949462890625,8900.0,287.2,288.16,297.46666666666664,310.39,21.62162162162161,290.0,-3.1333333333333826,-1.5049999999999957,-0.1013071895424836,299.0,277.0,273.0,275.0,21400.0
2022-11-08,273.0,277.0,273.0,277.0,260.04705810546875,10900.0,286.45,287.56,296.84,310.15,27.77777777777777,289.38,-3.1200000000000045,-1.4700000000000273,-0.0947712418300653,299.0,276.0,275.0,274.0,8900.0
2022-11-09,275.0,278.0,275.0,277.0,260.04705810546875,6500.0,285.6,286.96,296.2133333333333,309.91,21.212121212121204,288.82,-3.080000000000041,-1.3799999999999957,-0.0947712418300653,299.0,277.0,277.0,273.0,10900.0
2022-11-10,277.0,278.0,273.0,275.0,258.16949462890625,10600.0,284.75,286.28,295.56,309.66,17.647058823529406,288.34,-3.160000000000025,-1.30499999999995,-0.1013071895424836,299.0,278.0,277.0,275.0,6500.0
2022-11-11,276.0,276.0,273.0,275.0,258.16949462890625,14600.0,283.9,285.64,294.9066666666667,309.415,12.5,287.86,-3.1733333333332894,-1.25,-0.1157556270096462,299.0,278.0,275.0,277.0,10600.0
2022-11-12,276.0,276.0,273.0,275.0,258.16949462890625,14600.0,283.05,284.92,294.37333333333333,309.14,12.5,287.38,-3.0933333333333053,-1.25,-0.1100323624595469,299.0,276.0,275.0,276.0,14600.0
2022-11-13,276.0,276.0,273.0,275.0,258.16949462890625,14600.0,282.0,284.24,293.81333333333333,308.875,12.5,286.9,-3.0266666666666424,-1.2749999999999773,-0.1185897435897436,299.0,276.0,275.0,276.0,14600.0
2022-11-14,275.0,280.0,275.0,280.0,262.8634948730469,21200.0,281.35,283.68,293.32,308.535,47.368421052631575,286.52,-2.8933333333333167,-1.375,-0.0938511326860841,299.0,276.0,275.0,276.0,14600.0
2022-11-15,280.0,280.0,277.0,278.0,260.98590087890625,6500.0,280.45,283.12,292.82666666666665,308.185,50.0,286.16,-2.7333333333333485,-1.4750000000000227,-0.0974025974025973,299.0,280.0,280.0,275.0,21200.0
2022-11-16,277.0,280.0,276.0,280.0,262.8634948730469,11200.0,279.6,282.64,292.37333333333333,307.845,64.70588235294119,285.9,-2.53333333333336,-1.5699999999999932,-0.0909090909090909,299.0,280.0,278.0,280.0,6500.0
2022-11-17,280.0,283.0,280.0,283.0,265.67987060546875,11100.0,278.8,282.28,291.96,307.52,70.0,285.88,-2.413333333333356,-1.6200000000000043,-0.0811688311688312,299.0,280.0,280.0,277.0,11200.0
2022-11-18,281.0,283.0,278.0,278.0,260.98590087890625,8400.0,277.75,281.56,291.48,307.275,60.869565217391305,285.64,-2.3333333333333144,-1.6000000000000227,-0.0974025974025973,299.0,283.0,283.0,280.0,11100.0
2022-11-19,281.0,283.0,278.0,278.0,260.98590087890625,8400.0,276.7,280.96,291.05333333333334,307.03,60.869565217391305,285.56,-2.2666666666666515,-1.5050000000000523,-0.0885245901639344,283.0,283.0,278.0,281.0,8400.0
2022-11-20,281.0,283.0,278.0,278.0,260.98590087890625,8400.0,276.55,280.24,290.72,306.785,60.869565217391305,285.48,-2.1066666666666265,-1.3999999999999773,-0.0702341137123745,283.0,283.0,278.0,281.0,8400.0
2022-11-21,280.0,282.0,278.0,279.0,261.9247131347656,13000.0,276.6,279.52,290.36,306.545,59.09090909090909,285.42,-2.013333333333321,-1.3000000000000114,-0.0668896321070233,283.0,283.0,278.0,281.0,8400.0
2022-11-22,281.0,285.0,280.0,281.0,263.8022766113281,29100.0,276.9,278.8,290.02666666666664,306.305,59.09090909090909,285.42,-1.933333333333337,-1.214999999999975,-0.060200668896321,283.0,282.0,279.0,280.0,13000.0
2022-11-23,281.0,285.0,280.0,281.0,263.8022766113281,29100.0,277.2,278.08,289.6933333333333,306.065,59.09090909090909,285.28,-1.7866666666666902,-1.2099999999999795,-0.060200668896321,283.0,285.0,281.0,281.0,29100.0
2022-11-24,282.0,288.0,282.0,284.0,266.6186828613281,9700.0,277.75,277.48,289.4,305.84,69.56521739130434,285.18,-1.6533333333333644,-1.1899999999999975,-0.0501672240802675,284.0,285.0,281.0,281.0,29100.0
2022-11-25,285.0,289.0,285.0,287.0,269.4350891113281,15500.0,278.45,277.72,289.14666666666665,305.665,73.07692307692308,285.12,-1.5733333333333803,-1.1200000000000043,-0.0304054054054053,287.0,288.0,284.0,282.0,9700.0
2022-11-26,285.0,289.0,285.0,287.0,269.4350891113281,15500.0,279.15,278.08,288.82666666666665,305.48,73.07692307692308,285.0,-1.53333333333336,-1.0649999999999975,-0.0204778156996586,287.0,289.0,287.0,285.0,15500.0
2022-11-27,285.0,289.0,285.0,287.0,269.4350891113281,15500.0,279.75,278.56,288.53333333333336,305.295,73.07692307692308,284.88,-1.4933333333332826,-1.009999999999991,0.0105633802816902,287.0,289.0,287.0,285.0,15500.0
2022-11-28,288.0,290.0,283.0,286.0,268.49627685546875,27400.0,280.2,279.0,288.18666666666667,305.14,63.63636363636363,284.74,-1.5066666666666606,-0.9250000000000114,-0.0137931034482758,287.0,289.0,287.0,285.0,15500.0
2022-11-29,286.0,286.0,283.0,284.0,266.6186828613281,9500.0,280.55,279.44,287.8533333333333,304.96,63.63636363636363,284.56,-1.5466666666666242,-0.8799999999999955,0.0070921985815601,287.0,290.0,286.0,288.0,27400.0
2022-11-30,286.0,286.0,283.0,284.0,266.6186828613281,4600.0,281.0,279.88,287.53333333333336,304.78,60.0,284.52,-1.613333333333287,-0.8850000000000477,0.0070921985815601,287.0,286.0,284.0,286.0,9500.0
2022-12-01,286.0,288.0,283.0,286.0,268.49627685546875,20600.0,281.55,280.4,287.24,304.61,57.89473684210526,284.5,-1.586666666666645,-0.8700000000000045,0.0141843971631205,287.0,286.0,284.0,286.0,4600.0
2022-12-02,282.0,283.0,280.0,281.0,263.8022766113281,25900.0,281.85,280.64,286.88,304.44,57.89473684210526,284.4,-1.6533333333333644,-0.8550000000000182,0.0,287.0,288.0,286.0,286.0,20600.0
2022-12-03,282.0,283.0,280.0,281.0,263.8022766113281,25900.0,282.15,280.8,286.52,304.275,57.89473684210526,284.18,-1.6666666666666856,-0.8650000000000091,-0.0243055555555555,287.0,283.0,281.0,282.0,25900.0
2022-12-04,282.0,283.0,280.0,281.0,263.8022766113281,25900.0,282.2,280.96,286.2,304.095,57.89473684210526,283.96,-1.6533333333333644,-0.8649999999999523,-0.0276816608996539,287.0,283.0,281.0,282.0,25900.0
2022-12-05,283.0,283.0,277.0,279.0,261.9247131347656,9800.0,282.25,281.12,285.93333333333334,303.935,50.0,283.7,-1.6000000000000227,-0.8449999999999704,-0.0379310344827585,287.0,283.0,281.0,282.0,25900.0
2022-12-06,277.0,278.0,276.0,277.0,260.04705810546875,7800.0,282.1,281.2,285.64,303.78,39.99999999999999,283.42,-1.6000000000000227,-0.8300000000000409,-0.0546075085324232,287.0,283.0,279.0,283.0,9800.0
2022-12-07,275.0,277.0,271.0,275.0,258.16949462890625,24900.0,281.7,281.2,285.32,303.615,36.36363636363636,283.06,-1.5600000000000025,-0.8249999999999886,-0.0614334470989761,287.0,278.0,277.0,277.0,7800.0
2022-12-08,273.0,274.0,272.0,272.0,255.3531036376953,10700.0,281.4,281.08,284.96,303.435,22.727272727272734,282.66,-1.5600000000000025,-0.839999999999975,-0.0716723549488054,287.0,277.0,275.0,275.0,24900.0
2022-12-09,275.0,276.0,272.0,275.0,258.16949462890625,10200.0,281.25,280.88,284.64,303.235,22.727272727272734,282.28,-1.5600000000000025,-0.8600000000000136,-0.0614334470989761,287.0,274.0,272.0,273.0,10700.0
2022-12-10,275.0,276.0,272.0,275.0,258.16949462890625,10200.0,281.1,280.76,284.36,303.06,22.727272727272734,281.94,-1.5733333333333237,-0.875,-0.0384615384615384,287.0,276.0,275.0,275.0,10200.0
2022-12-11,275.0,276.0,272.0,275.0,258.16949462890625,10200.0,280.9,280.56,284.12,302.87,22.727272727272734,281.6,-1.5199999999999818,-0.9099999999999682,-0.0418118466898954,287.0,276.0,275.0,275.0,10200.0
2022-12-12,274.0,276.0,272.0,276.0,259.1083068847656,15700.0,280.65,280.28,284.0133333333333,302.68,27.272727272727263,281.28,-1.306666666666672,-0.9350000000000024,-0.034965034965035,287.0,276.0,275.0,275.0,10200.0
2022-12-13,280.0,280.0,276.0,279.0,261.9247131347656,20000.0,280.55,280.32,283.8666666666667,302.5,39.130434782608695,280.94,-1.0933333333333053,-0.9350000000000024,-0.0445205479452054,287.0,276.0,276.0,274.0,15700.0
2022-12-14,280.0,280.0,276.0,277.0,260.04705810546875,17100.0,280.2,280.28,283.8,302.31,36.0,280.62,-0.839999999999975,-0.9250000000000114,-0.0513698630136986,287.0,280.0,279.0,280.0,20000.0
2022-12-15,277.0,280.0,275.0,276.0,259.1083068847656,14800.0,279.65,280.2,283.72,302.115,29.16666666666667,280.22,-0.6399999999999864,-0.9449999999999932,-0.0547945205479452,287.0,280.0,277.0,280.0,17100.0
2022-12-16,276.0,277.0,272.0,277.0,260.04705810546875,16700.0,279.15,280.12,283.6533333333333,301.91,39.99999999999999,279.82,-0.466666666666697,-0.9599999999999796,-0.0481099656357388,287.0,280.0,276.0,277.0,14800.0
2022-12-17,276.0,277.0,272.0,277.0,260.04705810546875,16700.0,278.65,279.96,283.6,301.655,39.99999999999999,279.38,-0.4133333333332984,-1.025000000000034,-0.0546075085324232,286.0,277.0,277.0,276.0,16700.0
2022-12-18,276.0,277.0,272.0,277.0,260.04705810546875,16700.0,278.2,279.8,283.4533333333333,301.365,39.99999999999999,278.94,-0.4133333333333553,-1.134999999999991,-0.0513698630136986,286.0,277.0,277.0,276.0,16700.0
2022-12-19,275.0,276.0,274.0,274.0,257.230712890625,9300.0,277.7,279.4,283.25333333333333,301.04,38.095238095238095,278.44,-0.5466666666666811,-1.2699999999999818,-0.0680272108843537,286.0,277.0,277.0,276.0,16700.0
2022-12-20,275.0,275.0,271.0,271.0,254.414306640625,19500.0,277.05,278.76,283.0,300.735,36.36363636363636,278.24,-0.7200000000000273,-1.3799999999999957,-0.071917808219178,286.0,276.0,274.0,275.0,9300.0
2022-12-21,274.0,280.0,266.0,268.0,251.5979156494141,28300.0,276.15,278.0,282.6666666666667,300.415,34.78260869565217,278.04,-0.986666666666622,-1.4950000000000043,-0.0821917808219178,281.0,275.0,271.0,275.0,19500.0
2022-12-22,268.0,270.0,261.0,261.0,245.0263214111328,42600.0,275.15,276.96,282.24,300.06,29.62962962962964,277.76,-1.3600000000000136,-1.5949999999999704,-0.1061643835616438,281.0,280.0,268.0,274.0,28300.0
2022-12-23,260.0,261.0,255.0,258.0,242.2099456787109,32500.0,274.0,275.84,281.7733333333333,299.7,18.51851851851852,277.42,-1.6800000000000068,-1.6650000000000205,-0.1283783783783784,281.0,270.0,261.0,268.0,42600.0
2022-12-24,260.0,261.0,255.0,258.0,242.2099456787109,32500.0,272.85,274.8,281.3066666666667,299.36,18.51851851851852,277.12,-1.9466666666666583,-1.6800000000000068,-0.1194539249146757,279.0,261.0,258.0,260.0,32500.0
2022-12-25,260.0,261.0,255.0,258.0,242.2099456787109,32500.0,271.8,273.76,280.93333333333334,299.005,18.51851851851852,276.82,-2.066666666666663,-1.7300000000000182,-0.1283783783783784,279.0,261.0,258.0,260.0,32500.0
2022-12-26,258.0,259.0,254.0,255.0,239.3935394287109,16900.0,270.7,272.52,280.50666666666666,298.63,13.793103448275858,276.46,-2.160000000000025,-1.785000000000025,-0.1414141414141414,279.0,261.0,258.0,260.0,32500.0
2022-12-27,256.0,257.0,255.0,256.0,240.33233642578125,22600.0,269.75,271.52,280.1066666666667,298.26,7.407407407407419,276.08,-2.1333333333333258,-1.8000000000000114,-0.1438127090301003,279.0,259.0,255.0,258.0,16900.0
2022-12-28,256.0,256.0,253.0,256.0,240.33233642578125,21200.0,268.95,270.52,279.62666666666667,297.89,8.0,275.66,-2.146666666666647,-1.8100000000000025,-0.1438127090301003,279.0,257.0,256.0,256.0,22600.0
2022-12-29,256.0,262.0,253.0,262.0,245.9651336669922,7400.0,268.3,269.76,279.2266666666667,297.55,26.66666666666667,275.36,-2.079999999999984,-1.8100000000000025,-0.1237458193979933,279.0,256.0,256.0,256.0,21200.0
2022-12-30,262.0,263.0,260.0,260.0,244.0875396728516,5100.0,267.55,269.0,278.8,297.205,22.58064516129032,275.06,-2.1333333333333258,-1.8000000000000114,-0.0747330960854092,279.0,262.0,262.0,256.0,7400.0
2022-12-31,262.0,263.0,260.0,260.0,244.0875396728516,5100.0,266.8,268.32,278.38666666666666,296.865,22.58064516129032,274.76,-2.1200000000000045,-1.7649999999999864,-0.0647482014388489,279.0,263.0,260.0,262.0,5100.0
2023-01-01,262.0,263.0,260.0,260.0,244.0875396728516,5100.0,266.0,267.72,277.94666666666666,296.54,22.58064516129032,274.46,-2.160000000000025,-1.7199999999999704,-0.0545454545454545,279.0,263.0,260.0,262.0,5100.0
2023-01-02,262.0,263.0,260.0,260.0,244.0875396728516,5100.0,265.05,267.24,277.52,296.215,25.0,274.16,-2.106666666666684,-1.6750000000000114,-0.0545454545454545,277.0,263.0,260.0,262.0,5100.0
2023-01-03,262.0,263.0,260.0,260.0,244.0875396728516,5100.0,264.2,266.64,277.06666666666666,295.93,28.0,273.76,-2.160000000000025,-1.6200000000000043,-0.0476190476190476,277.0,263.0,260.0,262.0,5100.0
2023-01-04,263.0,263.0,260.0,260.0,244.0875396728516,7000.0,263.4,266.04,276.64,295.645,31.818181818181827,273.4,-2.160000000000025,-1.5600000000000025,-0.0476190476190476,277.0,263.0,260.0,262.0,5100.0
2023-01-05,256.0,259.0,256.0,257.0,241.2711181640625,11700.0,262.4,265.32,276.17333333333335,295.345,38.888888888888886,272.94,-2.21333333333331,-1.5199999999999818,-0.0586080586080586,277.0,263.0,260.0,263.0,7000.0
2023-01-06,256.0,261.0,256.0,258.0,242.2099456787109,4500.0,261.45,264.6,275.72,295.105,50.0,272.44,-2.226666666666631,-1.4350000000000025,-0.0618181818181817,277.0,259.0,257.0,256.0,11700.0
2023-01-07,256.0,261.0,256.0,258.0,242.2099456787109,4500.0,260.5,263.76,275.2133333333333,294.78,50.0,272.04,-2.306666666666672,-1.4350000000000025,-0.0685920577617328,274.0,261.0,258.0,256.0,4500.0
2023-01-08,256.0,261.0,256.0,258.0,242.2099456787109,4500.0,259.7,263.0,274.74666666666667,294.47,50.0,271.64,-2.319999999999993,-1.4599999999999795,-0.0685920577617328,271.0,261.0,258.0,256.0,4500.0
2023-01-09,256.0,261.0,256.0,258.0,242.2099456787109,4500.0,259.05,262.28,274.24,294.16,61.53846153846153,271.24,-2.3999999999999773,-1.4849999999999568,-0.0618181818181817,268.0,261.0,258.0,256.0,4500.0
2023-01-10,258.0,261.0,258.0,261.0,245.0263214111328,2800.0,258.7,261.64,273.76,293.9,66.66666666666666,270.88,-2.413333333333356,-1.44500000000005,-0.0509090909090909,262.0,261.0,258.0,256.0,4500.0
2023-01-11,262.0,264.0,259.0,264.0,247.8427124023437,7900.0,258.85,261.12,273.2933333333333,293.655,72.22222222222223,270.54,-2.4266666666666765,-1.4500000000000457,-0.04,264.0,261.0,261.0,258.0,2800.0
2023-01-12,264.0,264.0,260.0,264.0,247.8427124023437,5300.0,259.15,260.6,272.82666666666665,293.41,58.33333333333333,270.2,-2.386666666666656,-1.3699999999999477,-0.04,264.0,264.0,264.0,262.0,7900.0
2023-01-13,264.0,268.0,261.0,267.0,250.6591186523437,25700.0,259.6,260.32,272.4,293.195,76.92307692307693,269.86,-2.3466666666666924,-1.275000000000034,-0.0464285714285713,267.0,264.0,264.0,264.0,5300.0
2023-01-14,264.0,268.0,261.0,267.0,250.6591186523437,25700.0,260.05,260.16,272.2133333333333,292.985,76.92307692307693,269.46,-2.0266666666667,-1.1750000000000114,-0.0395683453237409,267.0,268.0,267.0,264.0,25700.0
2023-01-15,264.0,268.0,261.0,267.0,250.6591186523437,25700.0,260.65,260.12,272.06666666666666,292.79,76.92307692307693,269.06,-1.693333333333328,-1.1099999999999568,-0.0464285714285713,267.0,268.0,267.0,264.0,25700.0
2023-01-16,266.0,267.0,264.0,266.0,249.72032165527344,8500.0,261.15,260.32,271.94666666666666,292.585,71.42857142857143,268.64,-1.3466666666666924,-1.0699999999999932,-0.0600706713780918,267.0,268.0,267.0,264.0,25700.0
2023-01-17,267.0,269.0,265.0,267.0,250.6591186523437,18000.0,261.7,260.68,271.84,292.405,73.33333333333333,268.26,-0.9866666666666788,-1.0050000000000523,-0.0395683453237409,267.0,267.0,266.0,266.0,8500.0
2023-01-18,267.0,272.0,264.0,271.0,254.414306640625,24900.0,262.15,261.2,271.81333333333333,292.245,78.94736842105263,268.0,-0.5866666666666447,-0.9499999999999886,-0.0251798561151078,271.0,269.0,267.0,267.0,18000.0
2023-01-19,271.0,276.0,271.0,273.0,256.2919006347656,33900.0,262.8,261.8,271.81333333333333,292.095,94.44444444444444,267.78,-0.3999999999999772,-0.8899999999999864,-0.0179856115107913,273.0,272.0,271.0,267.0,24900.0
2023-01-20,274.0,280.0,274.0,277.0,260.04705810546875,62400.0,263.65,262.68,271.8666666666667,291.98,95.23809523809524,267.6,-0.1999999999999886,-0.8100000000000023,-0.0071684587813619,277.0,276.0,273.0,271.0,33900.0
2023-01-21,274.0,280.0,274.0,277.0,260.04705810546875,62400.0,264.5,263.52,271.8933333333333,291.865,95.23809523809524,267.52,-0.0533333333333416,-0.7199999999999704,-0.0142348754448398,277.0,280.0,277.0,274.0,62400.0
2023-01-22,274.0,280.0,274.0,277.0,260.04705810546875,62400.0,265.35,264.36,271.8933333333333,291.75,95.23809523809524,267.44,0.0533333333333416,-0.6549999999999727,-0.0142348754448398,277.0,280.0,277.0,274.0,62400.0
2023-01-23,278.0,287.0,278.0,285.0,267.5574951171875,81000.0,266.6,265.28,272.0,291.625,96.55172413793105,267.52,0.1866666666666674,-0.6200000000000045,0.0035211267605634,285.0,280.0,277.0,274.0,62400.0
2023-01-24,286.0,304.0,283.0,300.0,281.6394348144531,256300.0,268.6,266.88,272.3333333333333,291.595,97.5609756097561,267.94,0.5199999999999818,-0.5,0.0452961672473868,300.0,287.0,285.0,278.0,81000.0
2023-01-25,295.0,303.0,292.0,300.0,281.6394348144531,100200.0,270.75,268.48,272.6666666666667,291.565,97.36842105263158,268.4,0.8000000000000114,-0.4150000000000204,0.0452961672473868,300.0,304.0,300.0,286.0,256300.0
2023-01-26,298.0,300.0,296.0,296.0,277.88427734375,46200.0,272.65,269.92,272.94666666666666,291.515,88.09523809523809,268.82,1.0533333333333417,-0.3500000000000227,0.0313588850174215,300.0,303.0,300.0,295.0,100200.0
2023-01-27,300.0,309.0,292.0,300.0,281.6394348144531,84800.0,274.75,271.52,273.28,291.495,88.37209302325581,269.38,1.386666666666656,-0.2549999999999954,0.0489510489510489,300.0,300.0,296.0,298.0,46200.0
2023-01-28,300.0,309.0,292.0,300.0,281.6394348144531,84800.0,276.85,273.12,273.5466666666667,291.49,88.37209302325581,269.88,1.546666666666681,-0.1349999999999909,0.056338028169014,300.0,309.0,300.0,300.0,84800.0
2023-01-29,300.0,309.0,292.0,300.0,281.6394348144531,84800.0,278.95,274.72,273.84,291.47,88.37209302325581,270.38,1.5066666666666606,-0.125,0.056338028169014,300.0,309.0,300.0,300.0,84800.0
2023-01-30,304.0,305.0,296.0,302.0,283.5170593261719,75800.0,281.0,276.52,274.1333333333333,291.46,90.9090909090909,270.92,1.46666666666664,-0.1050000000000181,0.055944055944056,302.0,309.0,300.0,300.0,84800.0
2023-01-31,306.0,318.0,302.0,313.0,293.8438415527344,179200.0,283.45,278.72,274.53333333333336,291.515,92.5925925925926,271.66,1.5866666666667015,0.0,0.1138790035587189,313.0,305.0,302.0,304.0,75800.0
2023-02-01,280.0,289.0,275.0,288.0,270.3738708496094,274700.0,284.65,279.92,274.6666666666667,291.445,61.333333333333336,271.84,1.386666666666713,-0.0500000000000113,0.0249110320284697,313.0,318.0,313.0,306.0,179200.0
2023-02-02,290.0,290.0,279.0,280.0,262.8634948730469,95200.0,285.3,280.8,274.6933333333333,291.335,54.320987654320994,271.9,1.146666666666647,-0.1550000000000295,-0.0035587188612099,313.0,289.0,288.0,280.0,274700.0
2023-02-03,278.0,279.0,277.0,279.0,261.9247131347656,49300.0,285.9,281.64,274.70666666666665,291.22,51.28205128205128,271.96,0.8666666666666742,-0.25,0.0,313.0,290.0,280.0,290.0,95200.0
2023-02-04,278.0,279.0,277.0,279.0,261.9247131347656,49300.0,286.5,282.36,274.70666666666665,291.085,51.28205128205128,272.0,0.5733333333333235,-0.375,0.0072202166064982,313.0,279.0,279.0,278.0,49300.0
2023-02-05,278.0,279.0,277.0,279.0,261.9247131347656,49300.0,287.15,282.96,274.68,290.94,51.28205128205128,272.04,0.1466666666666469,-0.5749999999999886,0.0145454545454546,313.0,279.0,279.0,278.0,49300.0
2023-02-06,279.0,285.0,275.0,282.0,264.7410888671875,37600.0,287.9,283.68,274.6933333333333,290.805,47.945205479452056,272.14,0.0266666666666424,-0.6399999999999864,0.036764705882353,313.0,279.0,279.0,278.0,49300.0
2023-02-07,282.0,282.0,280.0,280.0,262.8634948730469,10100.0,288.35,284.2,274.64,290.66,33.33333333333333,272.26,-0.0533333333333416,-0.6749999999999545,0.018181818181818,313.0,285.0,282.0,279.0,37600.0
2023-02-08,280.0,284.0,280.0,281.0,263.8022766113281,32300.0,288.75,284.76,274.56,290.52,34.42622950819671,272.46,-0.1466666666666469,-0.7000000000000455,0.0218181818181817,313.0,282.0,280.0,282.0,10100.0
2023-02-09,281.0,283.0,279.0,279.0,261.9247131347656,19600.0,288.85,285.24,274.4533333333333,290.37,35.593220338983045,272.68,-0.2533333333333303,-0.714999999999975,0.0145454545454546,313.0,284.0,281.0,280.0,32300.0
2023-02-10,280.0,281.0,278.0,280.0,262.8634948730469,13300.0,289.0,285.8,274.36,290.22,32.14285714285715,273.06,-0.3199999999999932,-0.7199999999999704,0.0144927536231884,313.0,283.0,279.0,281.0,19600.0
2023-02-11,280.0,281.0,278.0,280.0,262.8634948730469,13300.0,289.15,286.32,274.28,290.045,32.14285714285715,273.5,-0.4133333333333553,-0.7599999999999909,0.0035842293906809,313.0,281.0,280.0,280.0,13300.0
2023-02-12,280.0,281.0,278.0,280.0,262.8634948730469,13300.0,288.9,286.68,274.2266666666667,289.865,32.14285714285715,273.94,-0.4133333333332984,-0.7950000000000159,0.0108303249097472,313.0,281.0,280.0,280.0,13300.0
2023-02-13,278.0,280.0,278.0,279.0,261.9247131347656,16400.0,287.85,286.92,274.16,289.665,29.09090909090908,274.36,-0.3999999999999772,-0.8549999999999613,0.0108695652173913,313.0,281.0,280.0,280.0,13300.0
2023-02-14,279.0,282.0,278.0,278.0,260.98590087890625,13900.0,286.75,286.96,274.05333333333334,289.39,11.111111111111114,274.82,-0.3999999999999772,-0.9800000000000182,0.0036101083032491,313.0,280.0,279.0,278.0,16400.0
2023-02-15,277.0,281.0,277.0,278.0,260.98590087890625,37500.0,285.85,287.0,274.0133333333333,289.115,25.00000000000001,275.26,-0.3466666666666924,-1.1050000000000182,0.0036101083032491,313.0,282.0,278.0,279.0,13900.0
2023-02-16,278.0,282.0,278.0,280.0,262.8634948730469,17800.0,284.85,287.12,274.0,288.85,50.0,275.74,-0.2799999999999727,-1.1949999999999932,0.0108303249097472,313.0,281.0,278.0,277.0,37500.0
2023-02-17,280.0,284.0,280.0,283.0,265.67987060546875,5700.0,284.0,287.04,274.02666666666664,288.67,62.50000000000001,276.16,-0.2000000000000454,-1.1949999999999932,0.032846715328467,313.0,282.0,280.0,278.0,17800.0
2023-02-18,280.0,284.0,280.0,283.0,265.67987060546875,5700.0,283.15,286.36,274.08,288.505,62.50000000000001,276.62,-0.0800000000000409,-1.160000000000025,0.0442804428044281,313.0,284.0,283.0,280.0,5700.0
2023-02-19,280.0,284.0,280.0,283.0,265.67987060546875,5700.0,282.2,285.68,274.16,288.36,62.50000000000001,277.08,0.1066666666666833,-1.0299999999999727,0.0559701492537314,313.0,284.0,283.0,280.0,5700.0
2023-02-20,280.0,285.0,280.0,281.0,263.8022766113281,19300.0,280.6,285.08,274.24,288.185,46.66666666666666,277.5,0.2266666666666879,-0.9300000000000068,0.0766283524904214,288.0,284.0,283.0,280.0,5700.0
2023-02-21,283.0,284.0,282.0,282.0,264.7410888671875,20100.0,280.3,284.36,274.37333333333333,288.02,57.14285714285714,277.94,0.3733333333333348,-0.8300000000000409,0.0930232558139534,283.0,285.0,281.0,280.0,19300.0
2023-02-22,282.0,283.0,280.0,283.0,265.67987060546875,6100.0,280.45,283.68,274.48,287.86,57.14285714285714,278.4,0.4533333333333758,-0.8100000000000023,0.0968992248062015,283.0,284.0,282.0,283.0,20100.0
2023-02-23,282.0,283.0,280.0,283.0,265.67987060546875,6100.0,280.65,283.0,274.58666666666664,287.7,66.66666666666666,278.86,0.5066666666666606,-0.8050000000000068,0.0968992248062015,283.0,283.0,283.0,282.0,6100.0
2023-02-24,284.0,284.0,280.0,281.0,263.8022766113281,8300.0,280.75,282.16,274.6666666666667,287.535,53.846153846153854,279.34,0.5066666666666606,-0.8249999999999886,0.1019607843137255,283.0,283.0,283.0,282.0,6100.0
2023-02-25,284.0,284.0,280.0,281.0,263.8022766113281,8300.0,280.85,280.88,274.7333333333333,287.39,53.846153846153854,279.8,0.4933333333333394,-0.7950000000000159,0.09765625,283.0,284.0,281.0,284.0,8300.0
2023-02-26,284.0,284.0,280.0,281.0,263.8022766113281,8300.0,280.8,280.6,274.76,287.26,53.846153846153854,280.26,0.386666666666656,-0.7599999999999909,0.09765625,283.0,284.0,281.0,284.0,8300.0
2023-02-27,283.0,283.0,281.0,281.0,263.8022766113281,4900.0,280.85,280.64,274.81333333333333,287.13,58.33333333333333,280.72,0.3333333333333144,-0.7300000000000182,0.0725190839694656,283.0,284.0,281.0,284.0,8300.0
2023-02-28,282.0,282.0,280.0,281.0,263.8022766113281,5700.0,280.85,280.72,274.88,286.965,63.63636363636363,281.18,0.2933333333333507,-0.7350000000000136,0.0807692307692307,283.0,283.0,281.0,283.0,4900.0
2023-03-01,282.0,282.0,280.0,280.0,262.8634948730469,4900.0,280.9,280.76,274.92,286.795,58.33333333333333,281.56,0.2533333333333303,-0.7400000000000091,0.0769230769230768,283.0,282.0,281.0,282.0,5700.0
2023-03-02,282.0,284.0,282.0,283.0,265.67987060546875,13500.0,281.05,280.92,275.0,286.64,61.53846153846153,281.94,0.2666666666666515,-0.75,0.0884615384615383,283.0,282.0,280.0,282.0,4900.0
2023-03-03,286.0,288.0,283.0,284.0,266.6186828613281,56800.0,281.25,281.0,275.0933333333333,286.45,54.54545454545455,282.34,0.3333333333333144,-0.8100000000000023,0.0923076923076922,284.0,284.0,283.0,282.0,13500.0
2023-03-04,286.0,288.0,283.0,284.0,266.6186828613281,56800.0,281.45,281.16,275.2266666666667,286.265,54.54545454545455,282.68,0.4133333333333553,-0.8650000000000091,0.0923076923076922,284.0,288.0,284.0,286.0,56800.0
2023-03-05,286.0,288.0,283.0,284.0,266.6186828613281,56800.0,281.7,281.28,275.4,286.055,54.54545454545455,283.02,0.5199999999999818,-0.9099999999999682,0.0923076923076922,284.0,288.0,284.0,286.0,56800.0
2023-03-06,288.0,310.0,286.0,298.0,279.7618713378906,166600.0,282.7,282.04,275.8,285.9,86.95652173913044,283.64,0.8799999999999955,-0.8950000000000387,0.1595330739299612,298.0,288.0,284.0,286.0,56800.0
2023-03-07,298.0,303.0,295.0,298.0,279.7618713378906,20000.0,283.7,282.76,276.2933333333333,285.775,86.36363636363636,284.28,1.2933333333333508,-0.8650000000000091,0.1550387596899225,298.0,310.0,298.0,288.0,166600.0
2023-03-08,298.0,303.0,293.0,301.0,282.5782470703125,57200.0,284.75,283.6,276.8666666666667,285.665,87.5,284.96,1.773333333333369,-0.7849999999999682,0.1666666666666667,301.0,303.0,298.0,298.0,20000.0
2023-03-09,299.0,302.0,299.0,300.0,281.6394348144531,9500.0,285.6,284.4,277.4266666666667,285.55,84.0,285.54,2.1999999999999886,-0.714999999999975,0.1627906976744186,301.0,303.0,301.0,298.0,57200.0
2023-03-10,301.0,301.0,293.0,295.0,276.9454650878906,16800.0,286.2,285.04,277.92,285.445,75.0,285.98,2.5200000000000387,-0.6100000000000136,0.1434108527131783,301.0,302.0,300.0,299.0,9500.0
2023-03-11,301.0,301.0,293.0,295.0,276.9454650878906,16800.0,286.8,285.72,278.4533333333333,285.315,75.0,286.34,2.653333333333308,-0.5849999999999795,0.1302681992337164,301.0,301.0,295.0,301.0,16800.0
2023-03-12,301.0,301.0,293.0,295.0,276.9454650878906,16800.0,287.5,286.4,278.97333333333336,285.185,75.0,286.7,2.680000000000007,-0.589999999999975,0.1174242424242424,301.0,301.0,295.0,301.0,16800.0
2023-03-13,290.0,292.0,285.0,291.0,273.1902770996094,17000.0,287.95,286.84,279.44,285.02,65.625,286.98,2.5733333333333235,-0.6450000000000387,0.1022727272727272,301.0,301.0,295.0,301.0,16800.0
2023-03-14,287.0,287.0,282.0,285.0,267.5574951171875,29200.0,288.05,286.92,279.74666666666667,284.825,55.26315789473684,286.98,2.319999999999993,-0.7250000000000227,0.0674157303370786,301.0,292.0,291.0,290.0,17000.0
2023-03-15,286.0,289.0,283.0,287.0,269.4350891113281,8100.0,288.25,287.08,280.1066666666667,284.64,58.97435897435897,286.72,2.1866666666666674,-0.8050000000000068,0.0749063670411984,301.0,287.0,285.0,287.0,29200.0
2023-03-16,284.0,287.0,280.0,286.0,268.49627685546875,8600.0,288.5,287.2,280.4533333333333,284.45,54.054054054054056,286.44,2.0,-0.8650000000000091,0.0711610486891385,301.0,289.0,287.0,286.0,8100.0
2023-03-17,287.0,298.0,283.0,296.0,277.88427734375,15600.0,289.25,287.8,280.93333333333334,284.355,63.04347826086957,286.44,1.9599999999999795,-0.8299999999999841,0.1127819548872179,301.0,287.0,286.0,284.0,8600.0
2023-03-18,287.0,298.0,283.0,296.0,277.88427734375,15600.0,290.0,288.36,281.41333333333336,284.25,63.04347826086957,286.36,1.9733333333333576,-0.7699999999999818,0.1086142322097378,301.0,298.0,296.0,287.0,15600.0
2023-03-19,287.0,298.0,283.0,296.0,277.88427734375,15600.0,290.75,288.88,281.8933333333333,284.145,63.04347826086957,286.28,2.146666666666647,-0.6800000000000068,0.0922509225092251,301.0,298.0,296.0,287.0,15600.0
2023-03-20,278.0,280.0,272.0,276.0,259.1083068847656,84900.0,290.5,288.6,282.1066666666667,283.95,28.84615384615385,285.8,2.0,-0.6899999999999977,0.0109890109890109,301.0,298.0,296.0,287.0,15600.0
2023-03-21,278.0,280.0,272.0,276.0,259.1083068847656,84900.0,290.3,288.4,282.36,283.76,28.84615384615385,285.28,1.9066666666666947,-0.6899999999999977,-0.0036101083032491,301.0,280.0,276.0,278.0,84900.0
2023-03-22,277.0,277.0,272.0,277.0,260.04705810546875,25800.0,290.0,288.24,282.61333333333334,283.575,26.0,284.56,1.6800000000000068,-0.7800000000000296,0.0,301.0,280.0,276.0,278.0,84900.0
2023-03-23,276.0,278.0,274.0,275.0,258.16949462890625,23900.0,289.55,288.0,282.84,283.38,25.490196078431367,284.3,1.4266666666666197,-0.8700000000000045,-0.0072202166064981,301.0,277.0,277.0,277.0,25800.0
2023-03-24,275.0,278.0,275.0,275.0,258.16949462890625,6900.0,289.1,287.76,283.06666666666666,283.205,28.26086956521739,284.2,1.1733333333333462,-0.9399999999999976,-0.0350877192982456,301.0,278.0,275.0,276.0,23900.0
2023-03-25,275.0,278.0,275.0,275.0,258.16949462890625,6900.0,288.65,287.52,283.2933333333333,283.065,28.26086956521739,284.12,1.1866666666666674,-0.8849999999999909,-0.0833333333333333,301.0,278.0,275.0,275.0,6900.0
2023-03-26,275.0,278.0,275.0,275.0,258.16949462890625,6900.0,287.5,287.32,283.48,282.91,28.26086956521739,284.04,1.1200000000000043,-0.8499999999999659,-0.0833333333333333,301.0,278.0,275.0,275.0,6900.0
2023-03-27,278.0,284.0,278.0,281.0,263.8022766113281,15200.0,286.65,287.24,283.70666666666665,282.785,39.583333333333336,284.08,1.0933333333333053,-0.7899999999999636,-0.0506756756756756,301.0,278.0,275.0,275.0,6900.0
2023-03-28,281.0,281.0,280.0,280.0,262.8634948730469,2900.0,285.6,287.08,283.92,282.655,44.18604651162791,284.04,1.080000000000041,-0.7250000000000227,-0.0666666666666666,300.0,284.0,281.0,278.0,15200.0
2023-03-29,283.0,283.0,278.0,281.0,263.8022766113281,9500.0,284.65,286.96,284.1066666666667,282.53,42.85714285714285,284.06,1.0400000000000205,-0.6750000000000114,-0.0633333333333333,296.0,281.0,280.0,281.0,2900.0
2023-03-30,281.0,284.0,276.0,284.0,269.4958801269531,2600.0,284.1,286.96,284.3333333333333,282.42,47.72727272727273,284.12,1.0399999999999636,-0.6449999999999818,-0.0533333333333333,296.0,283.0,281.0,283.0,9500.0
2023-03-31,284.0,284.0,278.0,284.0,269.4958801269531,5500.0,283.55,286.4,284.56,282.285,32.35294117647058,284.22,1.079999999999984,-0.625,-0.0596026490066224,296.0,284.0,284.0,281.0,2600.0
2023-04-01,284.0,284.0,278.0,284.0,269.4958801269531,5500.0,283.0,285.84,284.8,282.16,32.35294117647058,284.3,1.093333333333362,-0.625,-0.0926517571884983,296.0,284.0,284.0,284.0,5500.0
2023-04-02,284.0,284.0,278.0,284.0,269.4958801269531,5500.0,282.65,285.16,285.02666666666664,282.02,32.35294117647058,284.38,1.1066666666666265,-0.6349999999999909,-0.0138888888888888,296.0,284.0,284.0,284.0,5500.0
2023-04-03,283.0,290.0,279.0,286.0,271.3937072753906,24900.0,282.7,284.6,285.2266666666667,281.905,81.25,284.5,1.1200000000000043,-0.625,0.0214285714285713,296.0,284.0,284.0,284.0,5500.0
2023-04-04,286.0,286.0,284.0,286.0,271.3937072753906,1900.0,282.65,284.24,285.4,281.795,81.25,284.64,1.0666666666666629,-0.625,0.0250896057347669,296.0,290.0,286.0,283.0,24900.0
2023-04-05,286.0,286.0,283.0,285.0,270.4447631835937,3100.0,282.6,283.84,285.50666666666666,281.68,75.0,284.78,0.9466666666666584,-0.6050000000000182,0.021505376344086,296.0,286.0,286.0,286.0,1900.0
2023-04-06,286.0,286.0,282.0,283.0,268.54693603515625,9200.0,281.95,283.36,285.58666666666664,281.555,75.0,284.88,0.7866666666666333,-0.6050000000000182,0.0143369175627239,296.0,286.0,285.0,286.0,3100.0
2023-04-07,285.0,286.0,283.0,286.0,271.3937072753906,6300.0,281.45,283.16,285.70666666666665,281.445,78.94736842105263,285.0,0.6800000000000068,-0.5749999999999886,0.0141843971631205,296.0,286.0,283.0,286.0,9200.0
2023-04-08,285.0,286.0,283.0,286.0,271.3937072753906,6300.0,280.95,283.2,285.72,281.35,78.94736842105263,285.06,0.4933333333333394,-0.55499999999995,0.0214285714285713,286.0,286.0,286.0,285.0,6300.0
2023-04-09,285.0,286.0,283.0,286.0,271.3937072753906,6300.0,281.45,283.16,285.53333333333336,281.285,78.94736842105263,285.12,0.1333333333333826,-0.5099999999999909,0.0177935943060498,286.0,286.0,286.0,285.0,6300.0
2023-04-10,288.0,290.0,287.0,288.0,273.2915954589844,5800.0,282.05,283.24,285.37333333333333,281.23,73.33333333333333,285.22,-0.1333333333333257,-0.4499999999999886,0.032258064516129,288.0,286.0,286.0,285.0,6300.0
2023-04-11,286.0,288.0,286.0,287.0,272.3426513671875,6700.0,282.55,282.88,285.25333333333333,281.17,73.33333333333333,285.34,-0.3333333333333144,-0.3849999999999909,0.0249999999999999,288.0,290.0,288.0,288.0,5800.0
2023-04-12,289.0,290.0,289.0,289.0,274.2405090332031,4400.0,283.25,282.6,285.1066666666667,281.12,75.0,285.48,-0.5999999999999659,-0.3249999999999886,0.0321428571428572,289.0,288.0,287.0,286.0,6700.0
2023-04-13,291.0,291.0,288.0,288.0,273.2915954589844,11500.0,283.9,282.28,284.94666666666666,281.065,64.28571428571428,285.58,-0.773333333333369,-0.285000000000025,0.0285714285714284,289.0,290.0,289.0,289.0,4400.0
2023-04-14,287.0,290.0,284.0,284.0,269.4958801269531,8000.0,284.35,282.6,284.7333333333333,281.005,50.0,285.6,-0.8000000000000114,-0.2800000000000295,0.017921146953405,289.0,291.0,288.0,291.0,11500.0
2023-04-15,287.0,290.0,284.0,284.0,269.4958801269531,8000.0,284.8,282.92,284.49333333333334,280.96,50.0,285.66,-0.8799999999999955,-0.2700000000000386,0.0215827338129497,289.0,290.0,284.0,287.0,8000.0
2023-04-16,287.0,290.0,284.0,284.0,269.4958801269531,8000.0,284.95,283.2,284.1066666666667,280.96,50.0,285.72,-1.146666666666647,-0.2100000000000363,0.0215827338129497,289.0,290.0,284.0,287.0,8000.0
2023-04-17,283.0,283.0,282.0,283.0,268.54693603515625,1900.0,285.1,283.52,284.04,280.925,41.17647058823529,285.76,-1.0666666666666629,-0.1949999999999931,0.0107142857142856,289.0,290.0,284.0,287.0,8000.0
2023-04-18,289.0,289.0,284.0,285.0,270.4447631835937,4700.0,285.3,283.92,284.1066666666667,280.94,47.368421052631575,285.84,-0.839999999999975,-0.125,0.0070671378091873,289.0,283.0,283.0,283.0,1900.0
2023-04-19,284.0,290.0,283.0,285.0,270.4447631835937,6200.0,285.35,284.32,284.18666666666667,280.955,50.0,285.92,-0.5466666666666811,-0.0500000000000113,0.0070671378091873,289.0,289.0,285.0,289.0,4700.0
2023-04-20,284.0,285.0,283.0,285.0,270.4447631835937,4000.0,285.4,284.72,284.26666666666665,280.97,56.25,286.02,-0.2266666666666879,0.0100000000000477,0.0070671378091873,289.0,290.0,285.0,284.0,6200.0
2023-04-21,288.0,288.0,284.0,287.0,272.3426513671875,13600.0,285.55,284.96,284.37333333333333,281.0,53.33333333333333,286.1,0.2666666666666515,0.0400000000000204,0.0213523131672597,289.0,285.0,285.0,284.0,4000.0
2023-04-22,288.0,288.0,284.0,287.0,272.3426513671875,13600.0,285.7,285.24,284.44,280.995,53.33333333333333,286.16,0.3999999999999772,0.0699999999999931,0.0177304964539006,289.0,288.0,287.0,288.0,13600.0
2023-04-23,288.0,288.0,284.0,287.0,272.3426513671875,13600.0,285.75,285.48,284.53333333333336,280.985,53.33333333333333,286.22,0.4266666666666765,0.0450000000000159,0.0141342756183746,289.0,288.0,287.0,288.0,13600.0
2023-04-24,289.0,289.0,283.0,286.0,271.3937072753906,3200.0,285.75,285.56,284.6,280.965,42.85714285714285,286.26,0.4133333333333553,0.0099999999999909,0.0106007067137809,289.0,288.0,287.0,288.0,13600.0
2023-04-25,286.0,287.0,285.0,286.0,271.3937072753906,8300.0,285.8,285.64,284.6933333333333,280.93,46.15384615384615,286.02,0.4266666666666765,-0.0400000000000204,0.0177935943060498,289.0,289.0,286.0,289.0,3200.0
2023-04-26,286.0,290.0,285.0,290.0,275.1894226074219,8900.0,286.15,285.88,284.82666666666665,280.915,53.33333333333333,285.86,0.4533333333333189,-0.0849999999999795,0.0320284697508896,290.0,287.0,286.0,286.0,8300.0
2023-04-27,286.0,290.0,286.0,286.0,271.3937072753906,14600.0,286.15,285.96,284.9066666666667,280.88,44.44444444444444,285.56,0.466666666666697,-0.1150000000000091,0.0177935943060498,290.0,290.0,290.0,286.0,8900.0
2023-04-28,290.0,291.0,287.0,287.0,272.3426513671875,15600.0,286.2,286.0,285.0,280.85,60.0,285.3,0.4666666666666401,-0.1349999999999909,0.0213523131672597,290.0,290.0,286.0,286.0,14600.0
2023-04-29,290.0,291.0,287.0,287.0,272.3426513671875,15600.0,286.25,286.04,285.1066666666667,280.855,60.0,285.14,0.5066666666666606,-0.1099999999999568,0.0213523131672597,290.0,291.0,287.0,290.0,15600.0
2023-04-30,290.0,291.0,287.0,287.0,272.3426513671875,15600.0,286.2,286.12,285.2266666666667,280.855,60.0,284.98,0.5333333333333599,-0.0749999999999886,0.0249999999999999,290.0,291.0,287.0,290.0,15600.0
2023-05-01,284.0,287.0,284.0,284.0,269.4958801269531,12700.0,286.05,286.16,285.3066666666667,280.845,52.94117647058823,284.76,0.4800000000000182,-0.0699999999999931,0.0035335689045936,290.0,291.0,287.0,290.0,15600.0
2023-05-02,286.0,286.0,285.0,285.0,270.4447631835937,6900.0,285.85,286.12,285.37333333333333,280.81,50.0,284.64,0.4666666666666401,-0.0699999999999931,0.0035211267605634,290.0,287.0,284.0,284.0,12700.0
2023-05-03,286.0,286.0,285.0,285.0,270.4447631835937,6900.0,285.7,286.08,285.4,280.775,50.0,284.64,0.3999999999999772,-0.0750000000000454,0.0035211267605634,290.0,286.0,285.0,286.0,6900.0
2023-05-04,286.0,286.0,285.0,285.0,270.4447631835937,6900.0,285.75,286.04,285.4266666666667,280.74,50.0,284.6,0.3199999999999932,-0.1150000000000091,0.0035211267605634,290.0,286.0,285.0,286.0,6900.0
2023-05-05,286.0,286.0,285.0,285.0,270.4447631835937,6900.0,285.8,285.92,285.4533333333333,280.71,42.85714285714285,284.58,0.226666666666631,-0.1450000000000386,-0.0436241610738254,290.0,286.0,285.0,286.0,6900.0
2023-05-06,286.0,286.0,285.0,285.0,270.4447631835937,6900.0,285.85,285.84,285.50666666666666,280.67,42.85714285714285,284.36,0.1999999999999886,-0.1750000000000113,-0.0436241610738254,290.0,286.0,285.0,286.0,6900.0
2023-05-07,286.0,286.0,285.0,285.0,270.4447631835937,6900.0,285.95,285.68,285.5466666666667,280.635,42.85714285714285,284.14,0.1733333333333462,-0.1750000000000113,-0.053156146179402,290.0,286.0,285.0,286.0,6900.0
2023-05-08,285.0,287.0,284.0,287.0,272.3426513671875,9500.0,286.05,285.64,285.6,280.6,53.33333333333333,283.96,0.2000000000000454,-0.1749999999999545,-0.0433333333333333,290.0,286.0,285.0,286.0,6900.0
2023-05-09,285.0,288.0,284.0,288.0,273.2915954589844,5200.0,286.2,285.8,285.6666666666667,280.58,56.25,284.2,0.2400000000000091,-0.160000000000025,-0.0237288135593219,290.0,287.0,287.0,285.0,9500.0
2023-05-10,286.0,297.0,285.0,292.0,277.0873107910156,22500.0,286.55,286.12,285.81333333333333,280.58,56.25,284.52,0.3600000000000136,-0.1299999999999954,-0.0101694915254236,292.0,288.0,288.0,285.0,5200.0
2023-05-11,292.0,294.0,291.0,291.0,276.13836669921875,5500.0,286.75,286.4,285.94666666666666,280.575,69.23076923076923,284.8,0.4399999999999977,-0.0950000000000272,-0.0135593220338983,292.0,297.0,292.0,286.0,22500.0
2023-05-12,293.0,293.0,288.0,288.0,273.2915954589844,12200.0,286.8,286.6,286.04,280.535,53.33333333333333,285.06,0.4933333333333394,-0.0999999999999659,-0.0103092783505154,292.0,294.0,291.0,292.0,5500.0
2023-05-13,293.0,293.0,288.0,288.0,273.2915954589844,12200.0,286.85,286.72,286.1333333333333,280.51,53.33333333333333,285.32,0.533333333333303,-0.0900000000000318,0.0105263157894737,292.0,293.0,288.0,293.0,12200.0
2023-05-14,293.0,293.0,288.0,288.0,273.2915954589844,12200.0,286.95,286.84,286.2266666666667,280.47,53.33333333333333,285.58,0.5600000000000023,-0.1099999999999568,0.0034843205574912,292.0,293.0,288.0,293.0,12200.0
2023-05-15,310.0,315.0,298.0,301.0,285.6276550292969,145600.0,287.7,287.48,286.50666666666666,280.49,84.0,286.1,0.693333333333328,-0.0899999999999749,0.0524475524475525,301.0,293.0,288.0,293.0,12200.0
2023-05-16,303.0,303.0,297.0,300.0,284.6787109375,30900.0,288.2,288.0,286.7333333333333,280.495,80.0,286.48,0.7866666666666902,-0.079999999999984,0.0135135135135135,301.0,315.0,301.0,310.0,145600.0
2023-05-17,302.0,302.0,298.0,299.0,283.72979736328125,20700.0,288.85,288.48,286.93333333333334,280.495,76.92307692307693,286.86,0.8933333333333167,-0.0400000000000204,0.010135135135135,301.0,303.0,300.0,303.0,30900.0
2023-05-18,301.0,301.0,294.0,296.0,280.88299560546875,39900.0,289.3,288.84,287.0933333333333,280.48,68.9655172413793,287.16,0.9599999999999796,-0.0299999999999727,0.0,301.0,302.0,299.0,302.0,20700.0
2023-05-19,299.0,303.0,295.0,298.0,282.7808532714844,32900.0,289.85,289.32,287.28,280.565,70.96774193548387,287.44,1.0533333333332848,0.0949999999999704,0.0797101449275361,301.0,301.0,296.0,301.0,39900.0
2023-05-20,299.0,303.0,295.0,298.0,282.7808532714844,32900.0,290.4,289.8,287.28,280.665,70.96774193548387,287.72,0.7733333333333121,0.1750000000000113,0.0797101449275361,301.0,303.0,298.0,299.0,32900.0
2023-05-21,299.0,303.0,295.0,298.0,282.7808532714844,32900.0,291.1,290.12,287.28,280.78,70.96774193548387,288.0,0.5466666666666242,0.2849999999999681,0.075812274368231,301.0,303.0,298.0,299.0,32900.0
2023-05-22,300.0,301.0,299.0,299.0,283.72979736328125,13800.0,291.8,290.64,287.25333333333333,280.9,70.0,288.3,0.3199999999999932,0.4049999999999727,0.0872727272727271,301.0,303.0,298.0,299.0,32900.0
2023-05-23,300.0,307.0,300.0,301.0,285.6276550292969,22100.0,292.6,291.2,287.26666666666665,281.04,70.96774193548387,288.6,0.1733333333333462,0.5600000000000023,0.0945454545454544,301.0,301.0,299.0,300.0,13800.0
2023-05-24,304.0,306.0,300.0,302.0,286.5765991210937,12800.0,293.45,291.8,287.36,281.185,67.85714285714286,288.92,0.0800000000000409,0.6200000000000045,0.0981818181818181,302.0,307.0,301.0,300.0,22100.0
2023-05-25,306.0,307.0,303.0,307.0,291.3212280273437,21500.0,294.55,292.6,287.52,281.355,75.0,289.36,0.2400000000000091,0.6899999999999977,0.1163636363636364,307.0,306.0,302.0,304.0,12800.0
2023-05-26,309.0,309.0,299.0,301.0,285.6276550292969,27400.0,295.35,293.28,287.6,281.485,68.57142857142857,289.72,0.32000000000005,0.7050000000000409,0.0711743772241992,307.0,307.0,307.0,306.0,21500.0
2023-05-27,309.0,309.0,299.0,301.0,285.6276550292969,27400.0,296.15,293.92,287.7333333333333,281.605,68.57142857142857,290.02,0.4800000000000182,0.7050000000000409,0.0749999999999999,307.0,309.0,301.0,309.0,27400.0
2023-05-28,309.0,309.0,299.0,301.0,285.6276550292969,27400.0,296.85,294.56,287.94666666666666,281.725,68.57142857142857,290.32,0.6800000000000068,0.6850000000000023,0.0711743772241992,307.0,309.0,301.0,309.0,27400.0
2023-05-29,309.0,309.0,303.0,307.0,291.3212280273437,12300.0,297.8,295.44,288.2133333333333,281.885,60.71428571428572,290.74,0.8533333333332962,0.6999999999999886,0.0809859154929577,307.0,309.0,301.0,309.0,27400.0
2023-05-30,309.0,315.0,303.0,315.0,298.91265869140625,45700.0,298.95,296.64,288.6,282.085,71.42857142857143,291.28,1.080000000000041,0.7299999999999613,0.1091549295774647,315.0,309.0,307.0,309.0,12300.0
2023-05-31,316.0,316.0,309.0,311.0,295.1169738769531,27300.0,299.95,297.68,288.8,282.265,65.78947368421052,291.76,1.1999999999999886,0.7799999999999727,0.0950704225352112,315.0,315.0,315.0,309.0,45700.0
2023-06-01,311.0,311.0,304.0,305.0,289.4233703613281,15700.0,300.8,298.48,288.92,282.415,60.97560975609756,292.08,1.1866666666666674,0.8100000000000023,0.073943661971831,315.0,316.0,311.0,316.0,27300.0
2023-06-02,308.0,309.0,307.0,308.0,292.2701416015625,1700.0,301.8,299.32,289.08,282.555,61.90476190476191,292.48,1.1333333333333258,0.8299999999999841,0.0769230769230768,315.0,311.0,305.0,311.0,15700.0
2023-06-03,308.0,309.0,307.0,308.0,292.2701416015625,1700.0,302.8,300.12,289.50666666666666,282.705,61.90476190476191,292.96,1.2933333333333508,0.8199999999999932,0.0769230769230768,315.0,309.0,308.0,308.0,1700.0
2023-06-04,308.0,309.0,307.0,308.0,292.2701416015625,1700.0,303.15,300.76,289.93333333333334,282.845,61.90476190476191,293.44,1.3333333333333144,0.7600000000000477,0.0807017543859649,315.0,309.0,308.0,308.0,1700.0
2023-06-05,309.0,311.0,308.0,310.0,294.16802978515625,9400.0,303.65,301.52,290.37333333333333,282.98,62.7906976744186,293.96,1.5733333333333237,0.7150000000000318,0.0954063604240282,315.0,309.0,308.0,308.0,1700.0
2023-06-06,308.0,313.0,308.0,312.0,296.0658569335937,13600.0,304.3,302.48,290.8666666666667,283.15,62.7906976744186,294.54,1.9466666666666583,0.7349999999999568,0.0909090909090908,315.0,311.0,310.0,309.0,9400.0
2023-06-07,311.0,312.0,310.0,310.0,294.16802978515625,9900.0,305.0,303.36,291.3333333333333,283.31,59.09090909090909,295.04,2.2533333333333303,0.7549999999999955,0.0839160839160839,315.0,313.0,312.0,308.0,13600.0
2023-06-08,312.0,320.0,311.0,320.0,303.6573181152344,31600.0,306.1,304.64,291.93333333333334,283.52,63.26530612244898,295.74,2.4266666666666765,0.8149999999999977,0.1188811188811189,320.0,312.0,310.0,311.0,9900.0
2023-06-09,323.0,328.0,319.0,321.0,304.6062316894531,56200.0,307.25,305.44,292.5466666666667,283.73,72.72727272727272,296.46,2.613333333333344,0.8849999999999909,0.1145833333333332,321.0,320.0,320.0,312.0,31600.0
2023-06-10,323.0,328.0,319.0,321.0,304.6062316894531,56200.0,308.4,306.28,293.08,283.93,72.72727272727272,297.14,2.706666666666649,0.9499999999999886,0.1184668989547037,321.0,328.0,321.0,323.0,56200.0
2023-06-11,323.0,328.0,319.0,321.0,304.6062316894531,56200.0,309.5,307.16,293.62666666666667,284.13,72.72727272727272,297.82,2.759999999999991,0.9800000000000182,0.1107266435986158,321.0,328.0,321.0,323.0,56200.0
2023-06-12,320.0,325.0,316.0,323.0,306.50408935546875,24600.0,310.6,308.24,294.18666666666667,284.325,70.0,298.54,2.853333333333353,1.0149999999999864,0.1215277777777776,323.0,328.0,321.0,323.0,56200.0
2023-06-13,323.0,324.0,320.0,323.0,306.50408935546875,13400.0,311.65,309.24,294.70666666666665,284.505,62.50000000000001,299.28,2.773333333333312,0.9850000000000136,0.1373239436619717,323.0,325.0,323.0,320.0,24600.0
2023-06-14,325.0,325.0,321.0,322.0,305.55517578125,22300.0,312.4,310.2,295.2133333333333,284.68,68.9655172413793,300.0,2.6666666666666288,0.9499999999999886,0.1338028169014085,323.0,324.0,323.0,323.0,13400.0
2023-06-15,320.0,325.0,320.0,324.0,307.4530334472656,13300.0,313.55,311.24,295.74666666666667,284.865,88.0,300.68,2.6666666666666856,0.9350000000000024,0.1408450704225352,324.0,325.0,322.0,325.0,22300.0
2023-06-16,326.0,347.0,323.0,346.0,328.3294677734375,102400.0,315.8,313.12,296.5733333333333,285.165,93.1818181818182,301.88,2.9466666666666583,1.035000000000025,0.2226148409893993,346.0,325.0,324.0,320.0,13300.0
2023-06-17,326.0,347.0,323.0,346.0,328.3294677734375,102400.0,318.05,314.92,297.37333333333333,285.475,93.1818181818182,303.06,3.1866666666666674,1.150000000000034,0.2140350877192982,346.0,347.0,346.0,326.0,102400.0
2023-06-18,326.0,347.0,323.0,346.0,328.3294677734375,102400.0,320.0,316.68,298.17333333333335,285.785,93.1818181818182,304.24,3.466666666666697,1.2800000000000296,0.2140350877192982,346.0,347.0,346.0,326.0,102400.0
2023-06-19,355.0,355.0,342.0,347.0,329.27838134765625,70700.0,321.6,318.28,299.0,286.09,93.02325581395348,305.44,3.78666666666669,1.4099999999999682,0.2175438596491228,347.0,347.0,346.0,326.0,102400.0
2023-06-20,348.0,355.0,348.0,355.0,336.8698425292969,42500.0,323.8,320.44,299.96,286.46,93.87755102040816,306.86,4.21333333333331,1.5949999999999704,0.2369337979094077,355.0,355.0,347.0,355.0,70700.0
2023-06-21,352.0,354.0,347.0,350.0,332.12518310546875,25500.0,326.05,322.4,300.81333333333333,286.805,88.46153846153847,308.16,4.240000000000009,1.6399999999999864,0.2195121951219512,355.0,355.0,355.0,348.0,42500.0
2023-06-22,347.0,358.0,346.0,353.0,334.9719543457031,55400.0,328.3,324.48,301.70666666666665,287.165,86.66666666666667,309.52,4.333333333333314,1.6899999999999975,0.2299651567944252,355.0,354.0,350.0,352.0,25500.0
2023-06-23,353.0,353.0,331.0,347.0,329.27838134765625,56300.0,330.25,326.08,302.52,287.505,76.0,310.76,4.346666666666636,1.7199999999999704,0.2132867132867133,355.0,358.0,353.0,347.0,55400.0
2023-06-24,353.0,353.0,331.0,347.0,329.27838134765625,56300.0,332.2,327.36,303.3066666666667,287.855,76.0,312.0,4.306666666666672,1.7650000000000432,0.2132867132867133,355.0,353.0,347.0,353.0,56300.0
2023-06-25,353.0,353.0,331.0,347.0,329.27838134765625,56300.0,334.05,328.8,304.1066666666667,288.215,76.0,313.24,4.146666666666704,1.7549999999999957,0.1965517241379311,355.0,353.0,347.0,353.0,56300.0
2023-06-26,341.0,350.0,338.0,350.0,332.12518310546875,27800.0,335.95,330.6,304.92,288.605,76.47058823529412,314.54,4.106666666666683,1.8000000000000114,0.2237762237762237,355.0,353.0,347.0,353.0,56300.0
2023-06-27,345.0,348.0,344.0,346.0,328.3294677734375,15100.0,337.75,332.12,305.6933333333333,288.96,70.9090909090909,315.72,3.986666666666679,1.794999999999959,0.2055749128919861,355.0,350.0,350.0,341.0,27800.0
2023-06-28,346.0,346.0,339.0,344.0,326.4316101074219,30600.0,338.95,333.56,306.49333333333334,289.305,69.64285714285714,316.84,3.9733333333333576,1.8000000000000114,0.1986062717770034,355.0,348.0,346.0,345.0,15100.0
2023-06-29,345.0,346.0,343.0,344.0,326.4316101074219,6500.0,340.1,335.0,307.2933333333333,289.65,68.51851851851852,317.88,3.986666666666679,1.794999999999959,0.1986062717770034,355.0,346.0,344.0,346.0,30600.0
2023-06-30,344.0,349.0,344.0,349.0,331.1762390136719,9600.0,341.5,336.56,308.16,290.015,54.054054054054056,319.04,4.053333333333342,1.8000000000000114,0.2288732394366197,355.0,346.0,344.0,345.0,6500.0
2023-07-01,344.0,349.0,344.0,349.0,331.1762390136719,9600.0,342.9,338.04,309.04,290.365,54.054054054054056,320.26,4.1200000000000045,1.759999999999991,0.2245614035087719,355.0,349.0,349.0,344.0,9600.0
2023-07-02,344.0,349.0,344.0,349.0,331.1762390136719,9600.0,344.2,339.6,309.8933333333333,290.725,54.054054054054056,321.48,4.199999999999989,1.7650000000000432,0.2245614035087719,355.0,349.0,349.0,344.0,9600.0
2023-07-03,350.0,353.0,348.0,348.0,330.2273254394531,47400.0,345.45,340.72,310.7333333333333,291.085,51.35135135135135,322.68,4.240000000000009,1.7799999999999727,0.2210526315789474,355.0,349.0,349.0,344.0,9600.0
2023-07-04,351.0,351.0,337.0,347.0,329.27838134765625,26800.0,346.7,341.76,311.56,291.435,36.66666666666666,323.6,4.266666666666652,1.785000000000025,0.2175438596491228,355.0,353.0,348.0,350.0,47400.0
2023-07-05,345.0,350.0,345.0,350.0,332.12518310546875,18200.0,348.0,342.92,312.4,291.8,50.0,324.6,4.239999999999952,1.785000000000025,0.2280701754385965,355.0,351.0,347.0,351.0,26800.0
2023-07-06,350.0,353.0,348.0,348.0,330.2273254394531,23000.0,348.1,344.0,313.2133333333333,292.155,40.74074074074074,325.58,4.173333333333289,1.7899999999999636,0.2210526315789474,355.0,350.0,350.0,345.0,18200.0
2023-07-07,345.0,349.0,341.0,341.0,323.5848388671875,6300.0,347.85,344.72,313.93333333333334,292.49,39.285714285714285,326.48,4.0400000000000205,1.7649999999999864,0.1881533101045296,355.0,353.0,348.0,350.0,23000.0
2023-07-08,345.0,349.0,341.0,341.0,323.5848388671875,6300.0,347.6,345.44,314.6666666666667,292.84,39.285714285714285,327.34,3.933333333333337,1.7549999999999957,0.1840277777777776,355.0,349.0,341.0,345.0,6300.0
2023-07-09,345.0,349.0,341.0,341.0,323.5848388671875,6300.0,347.3,346.2,315.4,293.205,39.285714285714285,328.2,3.839999999999975,1.7699999999999818,0.167808219178082,355.0,349.0,341.0,345.0,6300.0
2023-07-10,341.0,342.0,340.0,341.0,323.5848388671875,28600.0,346.6,346.88,316.08,293.605,32.0,329.06,3.680000000000007,1.8050000000000068,0.1718213058419244,353.0,349.0,341.0,345.0,6300.0
2023-07-11,341.0,341.0,335.0,338.0,320.7380065917969,25300.0,346.0,346.56,316.7733333333333,294.005,33.33333333333333,329.84,3.5600000000000023,1.8500000000000227,0.1736111111111111,353.0,342.0,341.0,341.0,28600.0
2023-07-12,338.0,338.0,322.0,326.0,309.35089111328125,36300.0,344.65,345.76,317.2933333333333,294.345,23.529411764705884,330.34,3.3600000000000136,1.8550000000000184,0.1319444444444444,350.0,341.0,338.0,341.0,25300.0
2023-07-13,326.0,330.0,324.0,328.0,311.2487487792969,10900.0,343.7,345.04,317.84,294.695,27.77777777777777,330.86,3.1733333333332894,1.8550000000000184,0.1388888888888888,350.0,338.0,326.0,338.0,36300.0
2023-07-14,328.0,329.0,321.0,323.0,306.50408935546875,41600.0,342.5,344.08,318.32,295.035,13.8888888888889,331.18,2.920000000000016,1.830000000000041,0.0730897009966777,350.0,330.0,328.0,326.0,10900.0
2023-07-15,328.0,329.0,321.0,323.0,306.50408935546875,41600.0,341.3,342.8,318.84,295.37,13.8888888888889,331.62,2.759999999999991,1.7649999999999864,0.0766666666666666,350.0,329.0,323.0,328.0,41600.0
2023-07-16,328.0,329.0,321.0,323.0,306.50408935546875,41600.0,339.95,341.72,319.3466666666667,295.705,13.8888888888889,332.06,2.5733333333333803,1.6999999999999886,0.080267558528428,350.0,329.0,323.0,328.0,41600.0
2023-07-17,328.0,329.0,321.0,323.0,306.50408935546875,41600.0,338.8,340.52,319.8533333333333,296.01,14.285714285714292,332.5,2.5600000000000023,1.6649999999999636,0.0912162162162162,350.0,329.0,323.0,328.0,41600.0
2023-07-18,326.0,329.0,326.0,327.0,310.2998046875,9100.0,337.95,339.72,320.41333333333336,296.345,23.68421052631578,332.9,2.5733333333333803,1.650000000000034,0.0973154362416106,350.0,329.0,323.0,328.0,41600.0
2023-07-19,328.0,340.0,328.0,340.0,322.6358947753906,19000.0,337.75,339.44,321.14666666666665,296.745,39.583333333333336,333.4,2.826666666666654,1.7099999999999795,0.1409395973154361,350.0,329.0,327.0,326.0,9100.0
2023-07-20,338.0,342.0,334.0,342.0,324.53375244140625,25500.0,337.4,339.24,321.9066666666667,297.155,43.75,334.02,3.06666666666672,1.7849999999999682,0.1476510067114094,350.0,340.0,340.0,328.0,19000.0
2023-07-21,337.0,341.0,336.0,337.0,319.78912353515625,11800.0,336.8,338.72,322.6,297.54,45.65217391304348,334.66,3.2533333333333303,1.8350000000000364,0.1270903010033444,350.0,342.0,342.0,338.0,25500.0
2023-07-22,337.0,341.0,336.0,337.0,319.78912353515625,11800.0,336.2,338.36,323.26666666666665,297.925,45.65217391304348,335.24,3.4133333333332985,1.9150000000000205,0.1196013289036543,350.0,341.0,337.0,337.0,11800.0
2023-07-23,337.0,341.0,336.0,337.0,319.78912353515625,11800.0,335.65,338.08,323.92,298.31,45.65217391304348,335.82,3.5066666666666606,1.964999999999975,0.1158940397350993,350.0,341.0,337.0,337.0,11800.0
2023-07-24,339.0,344.0,337.0,344.0,326.4316101074219,20300.0,335.5,338.08,324.61333333333334,298.745,52.83018867924528,336.54,3.466666666666697,2.0,0.1205211726384365,350.0,341.0,337.0,337.0,11800.0
2023-07-25,346.0,346.0,338.0,338.0,320.7380065917969,19700.0,334.9,337.64,325.24,299.145,50.0,337.1,3.3333333333333144,1.990000000000009,0.1229235880398671,348.0,344.0,344.0,339.0,20300.0
2023-07-26,337.0,343.0,337.0,343.0,325.482666015625,6900.0,334.65,337.4,325.97333333333336,299.57,67.34693877551021,337.72,3.373333333333335,2.0299999999999727,0.1395348837209302,344.0,346.0,338.0,346.0,19700.0
2023-07-27,340.0,343.0,339.0,341.0,323.5848388671875,8200.0,334.65,337.08,326.68,299.985,63.26530612244898,338.34,3.413333333333356,2.0600000000000023,0.1328903654485049,344.0,343.0,343.0,337.0,6900.0
2023-07-28,341.0,346.0,338.0,345.0,327.3805236816406,54400.0,334.85,336.96,327.44,300.42,72.91666666666666,338.84,3.519999999999982,2.1100000000000136,0.1237785016286645,345.0,343.0,341.0,340.0,8200.0
2023-07-29,341.0,346.0,338.0,345.0,327.3805236816406,54400.0,335.05,336.88,328.02666666666664,300.84,72.91666666666666,339.32,3.4133333333332985,2.0949999999999704,0.0952380952380953,345.0,346.0,345.0,341.0,54400.0
2023-07-30,341.0,346.0,338.0,345.0,327.3805236816406,54400.0,335.25,336.68,328.62666666666667,301.245,72.91666666666666,339.8,3.386666666666656,2.1000000000000227,0.1093247588424437,345.0,346.0,345.0,341.0,54400.0
2023-07-31,358.0,379.0,356.0,366.0,347.3080444335937,378100.0,336.65,337.4,329.52,301.755,81.15942028985506,340.7,3.546666666666624,2.1850000000000023,0.1999999999999999,366.0,346.0,345.0,341.0,54400.0
2023-08-01,360.0,370.0,359.0,366.0,347.3080444335937,103400.0,338.65,338.4,330.4533333333333,302.25,80.0,341.56,3.773333333333312,2.2649999999999864,0.1883116883116882,366.0,379.0,366.0,358.0,378100.0
2023-08-02,364.0,369.0,354.0,367.0,348.2569885253906,95400.0,340.6,339.44,331.37333333333333,302.75,75.47169811320754,342.44,3.933333333333337,2.329999999999984,0.1915584415584414,367.0,370.0,366.0,360.0,103400.0
2023-08-03,363.0,366.0,359.0,365.0,346.3591003417969,35100.0,342.7,340.4,332.26666666666665,303.24,71.69811320754718,343.3,4.240000000000009,2.400000000000034,0.1850649350649351,367.0,369.0,367.0,364.0,95400.0
2023-08-04,365.0,372.0,363.0,368.0,349.2059020996094,40900.0,344.95,341.48,333.2,303.75,80.3921568627451,344.18,4.573333333333324,2.5049999999999955,0.1870967741935483,368.0,366.0,365.0,363.0,35100.0
2023-08-05,365.0,372.0,363.0,368.0,349.2059020996094,40900.0,347.2,342.68,334.12,304.255,80.3921568627451,344.62,4.600000000000023,2.5,0.1794871794871795,368.0,372.0,368.0,365.0,40900.0
2023-08-06,365.0,372.0,363.0,368.0,349.2059020996094,40900.0,349.45,344.36,335.0133333333333,304.74,80.3921568627451,345.06,4.560000000000002,2.490000000000009,0.1870967741935483,368.0,372.0,368.0,365.0,40900.0
2023-08-07,368.0,380.0,365.0,380.0,360.5930480957031,51800.0,352.1,346.44,336.05333333333334,305.275,82.14285714285714,345.74,4.680000000000007,2.5249999999999773,0.1875,380.0,372.0,368.0,365.0,40900.0
2023-08-08,380.0,384.0,369.0,372.0,353.0016174316406,44800.0,353.7,348.4,336.92,305.75,79.3103448275862,346.24,4.653333333333364,2.509999999999991,0.1588785046728971,380.0,380.0,380.0,368.0,51800.0
2023-08-09,376.0,384.0,372.0,377.0,357.74627685546875,37200.0,355.45,350.56,337.93333333333334,306.25,79.3103448275862,346.68,4.7333333333333485,2.5,0.1744548286604361,380.0,384.0,372.0,380.0,44800.0
2023-08-10,371.0,375.0,368.0,373.0,353.9505310058594,49100.0,357.25,352.56,338.8933333333333,306.73,76.66666666666666,347.14,4.773333333333312,2.4750000000000227,0.161993769470405,380.0,384.0,377.0,376.0,37200.0
2023-08-11,371.0,375.0,368.0,373.0,353.9505310058594,49100.0,359.05,354.56,339.8533333333333,307.17,75.0,347.54,4.840000000000032,2.430000000000007,0.1547987616099071,380.0,375.0,373.0,371.0,49100.0
2023-08-12,371.0,375.0,368.0,373.0,353.9505310058594,49100.0,360.85,356.4,340.7333333333333,307.535,75.0,348.06,4.680000000000007,2.260000000000048,0.1547987616099071,380.0,375.0,373.0,371.0,49100.0
2023-08-13,371.0,375.0,368.0,373.0,353.9505310058594,49100.0,362.3,357.72,341.50666666666666,307.9,75.0,348.58,4.586666666666645,2.1499999999999773,0.1583850931677017,380.0,375.0,373.0,371.0,49100.0
2023-08-14,374.0,376.0,372.0,373.0,353.9505310058594,58700.0,364.05,358.96,342.3333333333333,308.285,60.0,349.1,4.399999999999977,2.035000000000025,0.1512345679012345,380.0,375.0,373.0,371.0,49100.0
2023-08-15,373.0,400.0,372.0,389.0,369.1334228515625,150900.0,366.35,361.04,343.4533333333333,308.73,72.54901960784314,349.88,4.560000000000002,2.0,0.1242774566473987,389.0,376.0,373.0,374.0,58700.0
2023-08-16,389.0,425.0,383.0,419.0,397.6012878417969,252400.0,370.25,364.32,344.93333333333334,309.325,82.5,351.34,5.079999999999984,2.1549999999999727,0.2109826589595376,419.0,400.0,389.0,373.0,150900.0
2023-08-17,411.0,419.0,395.0,402.0,381.469482421875,77500.0,373.1,366.92,346.18666666666667,309.835,69.47368421052632,352.5,5.453333333333319,2.2999999999999545,0.1618497109826588,419.0,425.0,419.0,389.0,252400.0
2023-08-18,399.0,401.0,390.0,393.0,372.92913818359375,41500.0,375.5,368.88,347.32,310.29,62.37623762376238,353.48,5.813333333333333,2.390000000000043,0.1325648414985591,419.0,419.0,402.0,411.0,77500.0
2023-08-19,399.0,401.0,390.0,393.0,372.92913818359375,41500.0,377.9,371.08,348.4266666666667,310.69,62.37623762376238,354.36,6.093333333333362,2.4049999999999727,0.1070422535211268,419.0,401.0,393.0,399.0,41500.0
2023-08-20,399.0,401.0,390.0,393.0,372.92913818359375,41500.0,379.25,373.08,349.50666666666666,311.215,62.37623762376238,355.24,6.053333333333342,2.484999999999957,0.1228571428571427,419.0,401.0,393.0,399.0,41500.0
2023-08-21,385.0,401.0,385.0,394.0,373.8780517578125,46900.0,380.65,375.2,350.62666666666667,311.785,57.77777777777777,356.14,5.693333333333328,2.4600000000000364,0.1161473087818696,419.0,401.0,393.0,399.0,41500.0
2023-08-22,396.0,437.0,396.0,430.0,408.0395202636719,355100.0,383.8,378.6,352.0933333333333,312.54,74.57627118644068,357.78,5.906666666666638,2.705000000000041,0.239193083573487,430.0,401.0,394.0,385.0,46900.0
2023-08-23,423.0,425.0,412.0,419.0,397.6012878417969,84400.0,386.5,381.56,353.4,313.24,66.93548387096774,359.22,6.079999999999984,2.9499999999999886,0.207492795389049,430.0,437.0,430.0,396.0,355100.0
2023-08-24,420.0,432.0,415.0,425.0,403.29486083984375,63000.0,389.35,384.76,354.7866666666667,313.97,70.63492063492063,360.72,6.360000000000014,3.2800000000000296,0.2247838616714697,430.0,425.0,419.0,423.0,84400.0
2023-08-25,425.0,425.0,415.0,416.0,394.7545166015625,45700.0,391.75,386.76,356.05333333333334,314.64,65.92592592592592,362.08,6.546666666666681,3.425000000000012,0.1885714285714286,430.0,432.0,425.0,420.0,63000.0
2023-08-26,425.0,425.0,415.0,416.0,394.7545166015625,45700.0,394.15,388.76,357.2933333333333,315.32,65.92592592592592,363.58,6.666666666666686,3.534999999999968,0.2023121387283237,430.0,425.0,416.0,425.0,45700.0
2023-08-27,425.0,425.0,415.0,416.0,394.7545166015625,45700.0,395.95,390.72,358.53333333333336,315.995,65.92592592592592,365.08,6.440000000000055,3.454999999999984,0.2093023255813952,430.0,425.0,416.0,425.0,45700.0
2023-08-28,432.0,445.0,428.0,439.0,416.5798950195313,91400.0,399.3,393.68,360.0933333333333,316.795,70.8860759493671,367.04,6.693333333333328,3.555000000000007,0.2761627906976744,439.0,425.0,416.0,425.0,45700.0
2023-08-29,440.0,445.0,430.0,435.0,412.7841491699219,72700.0,402.2,396.36,361.5733333333333,317.57,65.75342465753425,368.92,6.786666666666633,3.599999999999966,0.2464183381088824,439.0,445.0,439.0,432.0,91400.0
2023-08-30,442.0,447.0,436.0,436.0,413.7330627441406,47100.0,405.35,399.08,362.7733333333333,318.35,57.26495726495726,370.88,6.71999999999997,3.710000000000037,0.2492836676217764,439.0,445.0,435.0,440.0,72700.0
2023-08-31,444.0,444.0,424.0,424.0,402.345947265625,55900.0,407.9,401.32,363.8133333333333,319.07,59.82142857142857,372.84,6.519999999999982,3.75,0.2148997134670487,439.0,447.0,436.0,442.0,47100.0
2023-09-01,422.0,439.0,421.0,435.0,412.7841491699219,71600.0,411.0,403.52,365.0,319.85,68.42105263157895,374.98,6.46666666666664,3.855000000000018,0.25,439.0,444.0,424.0,444.0,55900.0
2023-09-02,422.0,439.0,421.0,435.0,412.7841491699219,71600.0,414.1,406.04,366.17333333333335,320.635,68.42105263157895,377.22,6.080000000000041,3.839999999999975,0.2536023054755043,439.0,439.0,435.0,422.0,71600.0
2023-09-03,422.0,439.0,421.0,435.0,412.7841491699219,71600.0,417.2,408.36,367.24,321.42,68.42105263157895,379.46,5.666666666666686,3.850000000000023,0.2428571428571428,439.0,439.0,435.0,422.0,71600.0
2023-09-04,442.0,464.0,442.0,462.0,438.40521240234375,218600.0,420.85,411.92,368.73333333333335,322.33,74.28571428571428,382.24,5.960000000000036,3.979999999999961,0.3275862068965518,462.0,439.0,435.0,422.0,71600.0
2023-09-05,461.0,461.0,450.0,454.0,430.8138122558594,56800.0,422.6,415.16,370.08,323.185,60.71428571428572,384.86,6.266666666666652,4.115000000000009,0.3313782991202345,462.0,464.0,462.0,442.0,218600.0
2023-09-06,455.0,475.0,451.0,473.0,448.8434753417969,119400.0,426.15,419.16,371.76,324.135,72.5,387.78,6.759999999999991,4.284999999999968,0.3870967741935485,473.0,461.0,454.0,461.0,56800.0
2023-09-07,473.0,481.0,468.0,475.0,450.7413024902344,115400.0,430.25,423.24,373.4666666666666,325.095,71.55172413793103,390.48,7.293333333333294,4.460000000000036,0.3929618768328446,475.0,475.0,473.0,455.0,119400.0
2023-09-08,467.0,470.0,460.0,461.0,437.4563293457031,77300.0,433.65,426.76,374.9866666666667,325.995,68.59504132231405,392.86,7.74666666666667,4.574999999999989,0.3519061583577711,475.0,481.0,475.0,473.0,115400.0
2023-09-09,467.0,470.0,460.0,461.0,437.4563293457031,77300.0,437.05,429.64,376.4666666666666,326.89,68.59504132231405,395.34,7.733333333333292,4.560000000000002,0.3639053254437869,475.0,470.0,461.0,467.0,77300.0
2023-09-10,467.0,470.0,460.0,461.0,437.4563293457031,77300.0,440.4,431.32,378.0,327.78,68.59504132231405,397.82,7.920000000000016,4.59499999999997,0.4141104294478528,475.0,470.0,461.0,467.0,77300.0
2023-09-11,462.0,467.0,445.0,450.0,427.0180969238281,48700.0,441.4,433.24,379.41333333333336,328.615,55.04587155963303,400.08,7.653333333333364,4.480000000000018,0.3719512195121952,475.0,470.0,461.0,467.0,77300.0
2023-09-12,444.0,456.0,432.0,438.0,415.6309509277344,111500.0,442.35,435.04,380.6666666666667,329.4,51.28205128205128,401.96,7.2000000000000455,4.30499999999995,0.3560371517027862,475.0,467.0,450.0,462.0,48700.0
2023-09-13,444.0,446.0,433.0,434.0,411.8352355957031,46000.0,442.8,436.68,381.8,330.165,49.16666666666666,403.88,6.813333333333333,4.170000000000016,0.3436532507739938,475.0,456.0,438.0,444.0,111500.0
2023-09-14,435.0,442.0,425.0,430.0,408.0395202636719,60800.0,443.5,438.16,382.88,330.91,52.67857142857143,405.62,6.413333333333355,4.020000000000039,0.3312693498452013,475.0,446.0,434.0,444.0,46000.0
2023-09-15,436.0,464.0,435.0,459.0,435.5584411621094,128200.0,445.65,440.76,384.3466666666667,331.8,59.230769230769226,407.98,6.346666666666692,4.020000000000039,0.4210526315789473,475.0,442.0,430.0,435.0,60800.0
2023-09-16,436.0,464.0,435.0,459.0,435.5584411621094,128200.0,447.8,441.92,385.82666666666665,332.69,59.230769230769226,410.26,6.4133333333332985,4.074999999999989,0.4036697247706422,475.0,464.0,459.0,436.0,128200.0
2023-09-17,436.0,464.0,435.0,459.0,435.5584411621094,128200.0,448.8,443.52,387.32,333.585,59.230769230769226,412.54,6.653333333333308,4.185000000000002,0.3500000000000001,475.0,464.0,459.0,436.0,128200.0
2023-09-18,436.0,464.0,435.0,459.0,435.5584411621094,128200.0,450.0,444.88,388.7733333333333,334.465,48.54368932038835,414.82,6.973333333333301,4.2999999999999545,0.3421052631578947,475.0,464.0,459.0,436.0,128200.0
2023-09-19,460.0,460.0,439.0,452.0,428.91595458984375,67900.0,450.8,446.32,390.16,335.305,49.01960784313726,416.54,7.28000000000003,4.394999999999982,0.3412462908011868,475.0,464.0,459.0,436.0,128200.0
2023-09-20,452.0,458.0,438.0,442.0,419.4266662597656,49100.0,451.7,447.36,391.50666666666666,336.095,33.33333333333333,418.06,7.159999999999968,4.295000000000016,0.3115727002967359,475.0,460.0,452.0,460.0,67900.0
2023-09-21,440.0,441.0,426.0,426.0,404.2437744140625,40400.0,451.25,447.76,392.64,336.805,27.10280373831776,419.24,6.813333333333333,4.115000000000009,0.2640949554896141,475.0,458.0,442.0,452.0,49100.0
2023-09-22,425.0,439.0,415.0,434.0,411.8352355957031,66800.0,451.2,447.56,393.88,337.485,36.63366336633664,420.62,6.560000000000002,3.900000000000034,0.2616279069767442,475.0,441.0,426.0,440.0,40400.0
2023-09-23,425.0,439.0,415.0,434.0,411.8352355957031,66800.0,451.15,447.52,395.12,338.165,36.63366336633664,421.94,6.346666666666692,3.7000000000000455,0.2840236686390531,475.0,439.0,434.0,425.0,66800.0
2023-09-24,425.0,439.0,415.0,434.0,411.8352355957031,66800.0,449.75,447.44,396.4,338.83,36.63366336633664,423.26,6.239999999999952,3.5249999999999773,0.2653061224489796,475.0,439.0,434.0,425.0,66800.0
2023-09-25,434.0,445.0,430.0,430.0,408.0395202636719,36600.0,448.55,447.68,397.7866666666667,339.48,39.361702127659576,424.5,6.28000000000003,3.384999999999991,0.2609970674486803,475.0,439.0,434.0,425.0,66800.0
2023-09-26,432.0,437.0,424.0,427.0,405.1927185058594,67900.0,446.25,447.36,399.1066666666667,340.14,43.52941176470589,425.44,6.466666666666697,3.3349999999999795,0.2376811594202899,475.0,445.0,430.0,434.0,36600.0
2023-09-27,420.0,439.0,420.0,435.0,412.7841491699219,39400.0,444.25,447.36,400.6,340.84,50.561797752808985,426.7,6.720000000000027,3.3549999999999613,0.2608695652173913,461.0,437.0,427.0,432.0,67900.0
2023-09-28,435.0,439.0,428.0,430.0,408.0395202636719,29600.0,442.7,447.16,402.0266666666666,341.515,50.0,427.76,6.906666666666638,3.349999999999966,0.2463768115942028,461.0,439.0,435.0,420.0,39400.0
2023-09-29,427.0,434.0,418.0,418.0,396.65234375,48800.0,440.55,445.4,403.29333333333335,342.15,21.917808219178085,428.66,6.8933333333333735,3.319999999999993,0.1420765027322403,461.0,439.0,430.0,435.0,29600.0
2023-09-30,427.0,434.0,418.0,418.0,396.65234375,48800.0,438.4,443.96,404.56,342.815,21.917808219178085,429.56,6.773333333333312,3.3349999999999795,0.1420765027322403,459.0,434.0,418.0,427.0,48800.0
2023-10-01,427.0,434.0,418.0,418.0,396.65234375,48800.0,436.8,441.76,405.7733333333333,343.47,21.917808219178085,430.46,6.666666666666629,3.330000000000041,0.1389645776566757,459.0,434.0,418.0,427.0,48800.0
2023-10-02,424.0,432.0,419.0,420.0,398.55023193359375,48200.0,435.9,439.56,406.84,344.14,24.0,431.4,6.239999999999952,3.300000000000012,0.1506849315068492,459.0,434.0,418.0,427.0,48800.0
2023-10-03,420.0,420.0,407.0,412.0,390.9588012695313,69700.0,434.8,437.6,407.7733333333333,344.72,23.68421052631578,432.18,5.74666666666667,3.205000000000041,0.1195652173913044,459.0,432.0,420.0,424.0,48200.0
2023-10-04,400.0,405.0,390.0,392.0,371.9801940917969,53000.0,432.9,434.84,408.50666666666666,345.2,20.930232558139537,432.24,5.21333333333331,3.050000000000012,0.0652173913043479,459.0,420.0,412.0,420.0,69700.0
2023-10-05,399.0,412.0,397.0,412.0,390.9588012695313,27400.0,430.55,432.88,409.50666666666666,345.78,42.22222222222222,432.1,4.946666666666658,2.964999999999975,0.1195652173913044,459.0,405.0,392.0,400.0,53000.0
2023-10-06,413.0,413.0,405.0,405.0,384.3162841796875,15900.0,427.85,431.08,410.41333333333336,346.425,33.70786516853933,432.16,4.640000000000043,2.954999999999984,0.0657894736842106,459.0,412.0,412.0,399.0,27400.0
2023-10-07,413.0,413.0,405.0,405.0,384.3162841796875,15900.0,425.15,429.76,411.2266666666667,347.07,33.70786516853933,432.4,4.386666666666713,2.930000000000007,0.0887096774193547,459.0,413.0,405.0,413.0,15900.0
2023-10-08,413.0,413.0,405.0,405.0,384.3162841796875,15900.0,422.45,428.6,412.12,347.71,33.70786516853933,432.64,4.346666666666692,2.9899999999999523,0.0742705570291777,452.0,413.0,405.0,413.0,15900.0
2023-10-09,413.0,413.0,405.0,405.0,384.3162841796875,15900.0,420.1,427.6,412.94666666666666,348.36,35.294117647058826,432.88,4.439999999999998,3.160000000000025,0.0857908847184987,442.0,413.0,405.0,413.0,15900.0
2023-10-10,405.0,441.0,405.0,436.0,413.7330627441406,131700.0,419.8,426.68,414.2133333333333,349.165,53.98230088495575,433.72,4.706666666666649,3.385000000000048,0.1689008042895441,436.0,413.0,405.0,413.0,15900.0
2023-10-11,436.0,452.0,431.0,437.0,414.6820068359375,96600.0,420.35,425.8,415.44,349.975,50.94339622641509,433.86,5.026666666666642,3.550000000000012,0.1715817694369972,437.0,441.0,436.0,405.0,131700.0
2023-10-12,444.0,450.0,437.0,444.0,421.3244934082031,57500.0,420.85,425.2,416.76,350.82,56.481481481481474,434.36,5.533333333333303,3.75,0.1903485254691688,444.0,452.0,437.0,436.0,96600.0
2023-10-13,438.0,446.0,428.0,428.0,406.1416320800781,40800.0,420.55,423.96,417.8666666666667,351.555,54.46428571428572,434.42,5.74666666666667,3.8450000000000273,0.1474530831099196,444.0,450.0,444.0,444.0,57500.0
2023-10-14,438.0,446.0,428.0,428.0,406.1416320800781,40800.0,420.25,423.0,418.6933333333333,352.295,54.46428571428572,434.66,5.74666666666667,3.9350000000000014,0.1002570694087403,444.0,446.0,428.0,438.0,40800.0
2023-10-15,438.0,446.0,428.0,428.0,406.1416320800781,40800.0,420.15,422.44,419.52,353.03,54.46428571428572,434.9,5.306666666666672,3.864999999999952,0.0214797136038185,444.0,446.0,428.0,438.0,40800.0
2023-10-16,419.0,422.0,407.0,413.0,391.9076843261719,54700.0,419.45,421.92,420.1333333333333,353.675,47.2,434.84,4.693333333333328,3.6999999999999886,0.027363184079602,444.0,446.0,428.0,438.0,40800.0
2023-10-17,421.0,431.0,413.0,422.0,400.4480590820313,35900.0,418.8,421.44,420.8933333333333,354.365,53.96825396825397,434.5,4.133333333333326,3.545000000000016,0.0737913486005088,444.0,422.0,413.0,419.0,54700.0
2023-10-18,429.0,429.0,418.0,426.0,404.2437744140625,11300.0,418.6,421.12,421.6666666666667,355.075,65.45454545454545,434.32,3.8000000000000114,3.519999999999982,0.0839694656488549,444.0,431.0,422.0,421.0,35900.0
2023-10-19,418.0,421.0,415.0,418.0,396.65234375,13300.0,418.6,420.48,422.3333333333333,355.745,53.06122448979592,433.96,3.6399999999999855,3.4499999999999886,0.0636132315521629,444.0,429.0,426.0,429.0,11300.0
2023-10-20,418.0,420.0,409.0,415.0,393.8055725097656,21000.0,418.45,419.88,422.96,356.39,55.319148936170215,433.78,3.4399999999999977,3.3600000000000136,0.0532994923857867,444.0,421.0,418.0,418.0,13300.0
2023-10-21,418.0,420.0,409.0,415.0,393.8055725097656,21000.0,418.3,419.4,423.4266666666667,357.035,55.319148936170215,433.38,3.2933333333333508,3.3600000000000136,-0.0348837209302325,444.0,420.0,415.0,418.0,21000.0
2023-10-22,418.0,420.0,409.0,415.0,393.8055725097656,21000.0,418.05,418.6,424.0,357.685,55.319148936170215,432.98,3.106666666666684,3.319999999999993,-0.0095465393794749,444.0,420.0,415.0,418.0,21000.0
2023-10-23,415.0,417.0,401.0,401.0,380.52056884765625,20800.0,417.5,417.44,424.32,358.275,48.14814814814815,432.3,2.653333333333308,3.1999999999999886,-0.0564705882352941,444.0,420.0,415.0,418.0,21000.0
2023-10-24,398.0,410.0,382.0,410.0,389.0609130859375,50300.0,418.4,417.12,424.8133333333333,358.895,34.88372093023256,431.26,2.480000000000018,3.1499999999999773,-0.0144230769230768,444.0,417.0,401.0,415.0,20800.0
2023-10-25,413.0,413.0,404.0,409.0,388.1119995117188,13500.0,418.25,416.76,425.29333333333335,359.51,33.720930232558146,430.36,2.3333333333333712,3.1200000000000045,-0.0168269230769231,444.0,410.0,410.0,398.0,50300.0
2023-10-26,403.0,408.0,401.0,408.0,387.1630859375,18900.0,418.4,416.36,425.76,360.12,27.5,429.06,2.3333333333333144,3.0849999999999795,-0.0192307692307692,444.0,413.0,409.0,413.0,13500.0
2023-10-27,408.0,411.0,404.0,410.0,389.0609130859375,22400.0,418.65,415.96,426.2533333333333,360.73,36.36363636363636,427.76,2.2533333333333303,3.045000000000016,-0.0660592255125285,444.0,408.0,408.0,403.0,18900.0
2023-10-28,408.0,411.0,404.0,410.0,389.0609130859375,22400.0,418.9,415.88,426.7466666666666,361.345,36.36363636363636,426.74,2.4266666666666765,3.07000000000005,-0.0574712643678161,444.0,411.0,410.0,408.0,22400.0
2023-10-29,408.0,411.0,404.0,410.0,389.0609130859375,22400.0,419.15,416.6,427.0266666666666,361.95,36.36363636363636,425.72,2.21333333333331,3.055000000000007,-0.0596330275229357,444.0,411.0,410.0,408.0,22400.0
2023-10-30,408.0,414.0,401.0,411.0,390.0098571777344,39100.0,417.9,416.56,426.92,362.565,48.07692307692308,424.72,1.6266666666666652,3.055000000000007,-0.0306603773584905,444.0,411.0,410.0,408.0,22400.0
2023-10-31,411.0,436.0,401.0,416.0,394.7545166015625,160300.0,416.85,417.0,427.1066666666667,363.225,43.75,424.04,1.3466666666666924,3.105000000000018,-0.0436781609195402,444.0,414.0,411.0,408.0,39100.0
2023-11-01,392.0,406.0,382.0,392.0,371.9801940917969,208500.0,414.25,416.48,427.0933333333333,363.765,25.0,423.12,0.839999999999975,3.034999999999968,-0.0988505747126436,428.0,436.0,416.0,411.0,160300.0
2023-11-02,397.0,404.0,393.0,401.0,380.52056884765625,47700.0,412.9,416.32,427.2,364.35,37.68115942028985,422.46,0.4533333333333189,3.0049999999999955,-0.0781609195402298,428.0,406.0,392.0,392.0,208500.0
2023-11-03,397.0,404.0,393.0,401.0,380.52056884765625,47700.0,411.55,416.16,427.3066666666667,364.94,39.39393939393939,421.88,0.2800000000000295,2.990000000000009,-0.132034632034632,428.0,404.0,401.0,397.0,47700.0
2023-11-04,397.0,404.0,393.0,401.0,380.52056884765625,47700.0,410.2,414.76,427.4,365.52,39.39393939393939,420.72,0.4799999999999613,2.954999999999984,-0.1167400881057268,426.0,404.0,401.0,397.0,47700.0
2023-11-05,397.0,404.0,393.0,401.0,380.52056884765625,47700.0,409.6,413.32,427.0133333333333,366.1,39.39393939393939,419.56,-0.0933333333333621,2.875,-0.1522198731501056,426.0,404.0,401.0,397.0,47700.0
2023-11-06,409.0,419.0,405.0,405.0,384.3162841796875,39400.0,408.75,411.76,426.82666666666665,366.7,53.57142857142857,418.48,-0.2666666666666515,2.9350000000000023,-0.1473684210526316,426.0,404.0,401.0,397.0,47700.0
2023-11-07,408.0,419.0,405.0,411.0,390.0098571777344,34200.0,408.0,411.08,426.64,367.32,50.94339622641509,417.52,-0.5600000000000023,2.9699999999999704,-0.1084598698481561,418.0,419.0,405.0,409.0,39400.0
2023-11-08,407.0,419.0,407.0,408.0,387.1630859375,56100.0,407.5,410.28,426.53333333333336,367.925,49.09090909090909,416.64,-0.7733333333333121,2.9850000000000136,-0.1149674620390455,416.0,419.0,411.0,408.0,34200.0
2023-11-09,410.0,429.0,407.0,429.0,407.090576171875,61600.0,408.2,410.32,426.70666666666665,368.635,64.0,416.38,-0.693333333333328,3.115000000000009,-0.0694143167028199,429.0,419.0,408.0,407.0,56100.0
2023-11-10,421.0,431.0,421.0,431.0,408.9884338378906,41300.0,409.0,411.04,426.9066666666667,369.36,64.0,416.48,-0.1066666666666265,3.259999999999991,-0.0422222222222222,431.0,429.0,429.0,410.0,61600.0
2023-11-11,421.0,431.0,421.0,431.0,408.9884338378906,41300.0,409.8,411.4,426.8,370.085,64.0,416.42,-0.0266666666666424,3.384999999999991,-0.0159817351598173,431.0,431.0,431.0,421.0,41300.0
2023-11-12,421.0,431.0,421.0,431.0,408.9884338378906,41300.0,411.3,411.6,426.7466666666666,370.79,64.0,416.36,0.1066666666666833,3.470000000000028,-0.0069124423963133,431.0,431.0,431.0,421.0,41300.0
2023-11-13,439.0,439.0,421.0,424.0,402.345947265625,37900.0,412.0,411.84,426.5866666666666,371.48,58.0246913580247,416.16,0.0533333333332848,3.555000000000007,-0.0139534883720929,431.0,431.0,431.0,421.0,41300.0
2023-11-14,425.0,429.0,417.0,417.0,395.7034301757813,34900.0,412.4,411.92,426.4933333333333,372.13,50.60240963855422,415.9,-0.2133333333333098,3.4950000000000045,-0.0915032679738562,431.0,439.0,424.0,439.0,37900.0
2023-11-15,419.0,428.0,417.0,417.0,395.7034301757813,20300.0,412.85,412.0,426.2533333333333,372.78,71.1864406779661,415.7,-0.6533333333333644,3.419999999999959,-0.0915032679738562,431.0,429.0,417.0,425.0,34900.0
2023-11-16,418.0,422.0,414.0,414.0,392.8566284179688,26000.0,413.05,411.96,425.97333333333336,373.415,62.264150943396224,415.28,-0.8266666666666538,3.330000000000041,-0.0980392156862745,431.0,428.0,417.0,419.0,20300.0
2023-11-17,411.0,424.0,411.0,421.0,399.4991455078125,18300.0,413.6,412.76,425.7866666666667,374.1,66.66666666666666,415.1,-0.9599999999999796,3.3100000000000023,-0.0827886710239651,431.0,422.0,414.0,418.0,26000.0
2023-11-18,411.0,424.0,411.0,421.0,399.4991455078125,18300.0,414.15,413.2,425.24,374.78,66.66666666666666,415.16,-1.3466666666666356,3.2999999999999545,-0.0685840707964602,431.0,424.0,421.0,411.0,18300.0
2023-11-19,411.0,424.0,411.0,421.0,399.4991455078125,18300.0,414.65,413.68,424.8,375.46,66.66666666666666,415.22,-1.693333333333328,3.329999999999984,-0.0475113122171946,431.0,424.0,421.0,411.0,18300.0
2023-11-20,425.0,431.0,420.0,422.0,400.4480590820313,26300.0,414.95,414.24,424.12,376.145,64.91228070175438,415.3,-2.1333333333333258,3.365000000000009,-0.0093896713615023,431.0,424.0,421.0,411.0,18300.0
2023-11-21,427.0,427.0,416.0,420.0,398.55023193359375,18000.0,416.35,414.64,423.38666666666666,376.82,58.49056603773585,415.3,-2.586666666666701,3.4049999999999727,-0.032258064516129,431.0,431.0,422.0,425.0,26300.0
2023-11-22,424.0,424.0,418.0,421.0,399.4991455078125,26200.0,417.35,415.08,422.85333333333335,377.5,62.74509803921568,415.48,-2.933333333333337,3.3999999999999773,-0.0299539170506912,431.0,427.0,420.0,427.0,18000.0
2023-11-23,424.0,424.0,418.0,421.0,399.4991455078125,26200.0,418.35,415.52,422.32,378.18,36.66666666666666,416.06,-2.920000000000016,3.400000000000034,-0.0299539170506912,431.0,424.0,421.0,424.0,26200.0
2023-11-24,425.0,426.0,422.0,424.0,402.345947265625,30200.0,419.5,416.04,421.82666666666665,378.865,38.70967741935484,416.3,-2.9733333333333576,3.4050000000000296,-0.0139534883720929,431.0,424.0,421.0,424.0,26200.0
2023-11-25,425.0,426.0,422.0,424.0,402.345947265625,30200.0,420.65,416.36,421.48,379.545,38.70967741935484,416.68,-2.6399999999999864,3.400000000000034,-0.0070257611241217,431.0,426.0,424.0,425.0,30200.0
2023-11-26,425.0,426.0,422.0,424.0,402.345947265625,30200.0,421.6,417.64,421.29333333333335,380.205,38.70967741935484,417.06,-2.0933333333333053,3.384999999999991,-0.025287356321839,431.0,426.0,424.0,425.0,30200.0
2023-11-27,425.0,436.0,425.0,431.0,408.9884338378906,30700.0,422.6,418.84,421.2533333333333,380.905,61.29032258064516,417.58,-1.6000000000000227,3.4049999999999727,0.0023255813953488,431.0,426.0,424.0,425.0,30200.0
2023-11-28,431.0,434.0,425.0,429.0,407.090576171875,34900.0,423.65,419.96,421.24,381.61,73.07692307692308,418.06,-1.079999999999984,3.430000000000007,0.0263157894736842,431.0,436.0,431.0,425.0,30700.0
2023-11-29,430.0,431.0,425.0,425.0,403.29486083984375,13800.0,423.45,420.92,420.7866666666667,382.295,63.333333333333336,417.84,-1.0399999999999636,3.430000000000007,0.0167464114832536,431.0,434.0,429.0,431.0,34900.0
2023-11-30,422.0,426.0,417.0,422.0,400.4480590820313,21700.0,423.0,421.76,420.29333333333335,382.965,63.333333333333336,417.54,-1.1866666666666674,3.419999999999959,0.0095693779904306,431.0,431.0,425.0,430.0,13800.0
2023-12-01,420.0,426.0,419.0,424.0,402.345947265625,23700.0,422.65,422.52,419.82666666666665,383.58,55.99999999999999,417.14,-1.466666666666697,3.375,0.0095238095238094,431.0,426.0,422.0,422.0,21700.0
2023-12-02,420.0,426.0,419.0,424.0,402.345947265625,23700.0,422.3,423.04,419.36,384.2,55.99999999999999,417.06,-1.8933333333333169,3.295000000000016,0.0291262135922329,431.0,426.0,424.0,420.0,23700.0
2023-12-03,420.0,426.0,419.0,424.0,402.345947265625,23700.0,422.3,423.68,418.9866666666667,384.825,55.99999999999999,416.98,-2.2533333333333303,3.214999999999975,0.0816326530612245,431.0,426.0,424.0,420.0,23700.0
2023-12-04,420.0,425.0,417.0,421.0,399.4991455078125,16700.0,422.5,423.36,418.70666666666665,385.45,48.14814814814815,416.84,-2.080000000000041,3.1549999999999727,0.0218446601941748,431.0,426.0,424.0,420.0,23700.0
2023-12-05,420.0,423.0,419.0,420.0,398.55023193359375,11300.0,422.65,422.92,418.62666666666667,386.06,50.0,416.98,-1.6666666666666856,3.095000000000028,0.0370370370370369,431.0,425.0,421.0,420.0,16700.0
2023-12-06,419.0,423.0,419.0,421.0,399.4991455078125,7300.0,423.0,422.52,418.4533333333333,386.675,50.0,416.96,-1.3733333333333348,3.095000000000028,0.039506172839506,431.0,423.0,420.0,420.0,11300.0
2023-12-07,421.0,422.0,403.0,406.0,385.2651977539063,41300.0,422.25,421.52,418.08,387.215,31.707317073170746,416.56,-1.2800000000000296,3.0149999999999864,0.0024691358024691,431.0,423.0,421.0,419.0,7300.0
2023-12-08,407.0,407.0,389.0,396.0,375.7759094238281,97300.0,421.0,420.4,417.5733333333333,387.7,20.83333333333333,416.12,-1.413333333333355,2.875,-0.0222222222222222,431.0,422.0,406.0,421.0,41300.0
2023-12-09,407.0,407.0,389.0,396.0,375.7759094238281,97300.0,419.75,419.56,417.12,388.175,20.83333333333333,415.74,-1.586666666666645,2.7250000000000227,-0.091743119266055,431.0,407.0,396.0,407.0,97300.0
2023-12-10,407.0,407.0,389.0,396.0,375.7759094238281,97300.0,418.45,418.72,416.70666666666665,388.645,20.83333333333333,415.36,-1.920000000000016,2.5849999999999795,-0.0938215102974828,431.0,407.0,396.0,407.0,97300.0
2023-12-11,397.0,460.0,397.0,421.0,399.4991455078125,230900.0,418.5,419.0,416.52,389.215,42.42424242424243,415.48,-1.933333333333337,2.539999999999964,-0.0518018018018018,431.0,407.0,396.0,407.0,97300.0
2023-12-12,421.0,425.0,401.0,405.0,384.3162841796875,67000.0,417.7,418.36,416.18666666666667,389.735,35.0,415.56,-1.8933333333333169,2.5200000000000387,-0.0537383177570093,431.0,460.0,421.0,397.0,230900.0
2023-12-13,407.0,410.0,402.0,403.0,382.4184265136719,20600.0,416.8,417.64,415.9866666666667,390.245,35.8974358974359,415.42,-1.586666666666645,2.545000000000016,-0.058411214953271,431.0,425.0,405.0,421.0,67000.0
2023-12-14,405.0,431.0,398.0,401.0,380.52056884765625,109300.0,415.65,416.84,415.76,390.745,36.36363636363636,415.26,-1.3600000000000136,2.569999999999993,-0.0630841121495326,431.0,410.0,403.0,407.0,20600.0
2023-12-15,396.0,408.0,396.0,408.0,387.1630859375,26400.0,414.85,416.28,415.62666666666667,391.25,40.2439024390244,415.26,-1.079999999999984,2.605000000000018,-0.0121065375302663,431.0,431.0,401.0,405.0,109300.0
2023-12-16,396.0,408.0,396.0,408.0,387.1630859375,26400.0,414.05,415.8,415.4666666666666,391.715,40.2439024390244,415.22,-1.0533333333333417,2.5,-0.0331753554502369,431.0,408.0,408.0,396.0,26400.0
2023-12-17,396.0,408.0,396.0,408.0,387.1630859375,26400.0,412.9,415.28,415.41333333333336,392.2,40.2439024390244,415.18,-0.7733333333333121,2.464999999999975,-0.0422535211267606,429.0,408.0,408.0,396.0,26400.0
2023-12-18,405.0,405.0,400.0,402.0,381.469482421875,20200.0,411.55,414.52,415.5466666666667,392.685,38.8235294117647,415.02,-0.4399999999999977,2.4399999999999977,-0.0382775119617224,425.0,408.0,408.0,396.0,26400.0
2023-12-19,400.0,407.0,396.0,402.0,381.469482421875,19600.0,410.4,413.64,415.41333333333336,393.155,39.285714285714285,414.84,-0.3466666666666356,2.409999999999968,-0.0313253012048192,424.0,405.0,402.0,405.0,20200.0
2023-12-20,397.0,410.0,397.0,410.0,389.0609130859375,77100.0,409.8,413.08,415.48,393.665,43.95604395604395,414.72,-0.1466666666666469,2.4150000000000205,-0.0120481927710843,424.0,407.0,402.0,400.0,19600.0
2023-12-21,402.0,404.0,400.0,401.0,380.52056884765625,14600.0,408.65,412.16,415.4266666666667,394.13,47.05882352941176,414.9,-0.0399999999999636,2.4150000000000205,-0.0337349397590361,424.0,410.0,410.0,397.0,77100.0
2023-12-22,401.0,406.0,400.0,402.0,381.469482421875,18400.0,407.55,411.0,415.38666666666666,394.59,53.94736842105263,414.92,-0.0266666666666992,2.3899999999999864,0.0024937655860348,424.0,404.0,401.0,402.0,14600.0
2023-12-23,401.0,406.0,400.0,402.0,381.469482421875,18400.0,406.45,409.92,415.3466666666667,395.04,53.94736842105263,414.94,-0.1999999999999886,2.355000000000018,-0.0195121951219512,421.0,406.0,402.0,401.0,18400.0
2023-12-24,401.0,406.0,400.0,402.0,381.469482421875,18400.0,405.5,409.0,414.8933333333333,395.5,53.94736842105263,414.96,-0.5200000000000387,2.345000000000028,-0.0171149144254278,421.0,406.0,402.0,401.0,18400.0
2023-12-25,400.0,402.0,395.0,396.0,375.7759094238281,30200.0,404.3,407.96,414.3466666666667,395.88,28.070175438596493,414.86,-1.1333333333333258,2.214999999999975,-0.0294117647058823,421.0,406.0,402.0,401.0,18400.0
2023-12-26,396.0,400.0,395.0,396.0,375.7759094238281,19700.0,403.05,406.84,413.70666666666665,396.255,39.02439024390244,414.68,-1.7200000000000273,2.125,-0.0341463414634146,421.0,402.0,396.0,400.0,30200.0
2023-12-27,400.0,400.0,396.0,397.0,376.724853515625,17300.0,402.6,405.76,413.29333333333335,396.635,42.5,414.4,-2.0933333333333053,2.045000000000016,-0.0317073170731707,421.0,400.0,396.0,396.0,19700.0
2023-12-28,400.0,406.0,399.0,403.0,382.4184265136719,39400.0,402.95,404.92,412.96,397.045,52.27272727272727,414.3,-2.386666666666713,2.0049999999999955,-0.0170731707317073,421.0,400.0,397.0,400.0,17300.0
2023-12-29,408.0,408.0,405.0,407.0,386.2141418457031,11600.0,403.5,404.36,412.68,397.465,48.78048780487806,413.86,-2.21333333333331,1.964999999999975,-0.0097323600973235,421.0,406.0,403.0,400.0,39400.0
2023-12-30,408.0,408.0,405.0,407.0,386.2141418457031,11600.0,404.05,403.84,412.6,397.885,48.78048780487806,413.38,-1.7466666666666697,2.0049999999999955,-0.0216346153846154,421.0,408.0,407.0,408.0,11600.0
2023-12-31,408.0,408.0,405.0,407.0,386.2141418457031,11600.0,403.35,403.28,412.4,398.31,48.78048780487806,412.9,-1.306666666666672,2.055000000000007,0.0382653061224489,410.0,408.0,407.0,408.0,11600.0
2024-01-01,408.0,408.0,405.0,407.0,386.2141418457031,11600.0,403.45,403.32,412.14666666666665,398.725,57.142857142857146,412.42,-1.1466666666667038,2.090000000000032,0.0149625935162094,410.0,408.0,407.0,408.0,11600.0
2024-01-02,408.0,408.0,405.0,407.0,386.2141418457031,11600.0,403.65,403.76,412.0,399.03,57.142857142857146,412.08,-0.9599999999999796,1.9849999999999568,0.0149625935162094,410.0,408.0,407.0,408.0,11600.0
2024-01-03,408.0,408.0,405.0,407.0,386.2141418457031,11600.0,403.95,404.2,411.8933333333333,399.335,44.44444444444444,411.88,-0.7866666666666902,1.8700000000000043,0.0149625935162094,410.0,408.0,407.0,408.0,11600.0
2024-01-04,404.0,409.0,403.0,406.0,385.2651977539063,22300.0,403.85,404.6,411.7733333333333,399.635,63.15789473684211,411.66,-0.8266666666667106,1.75,0.0124688279301745,410.0,408.0,407.0,408.0,11600.0
2024-01-05,408.0,408.0,404.0,406.0,385.2651977539063,9000.0,403.75,404.0,411.6533333333333,399.93,61.11111111111111,411.5,-0.7466666666666697,1.6200000000000043,0.0024691358024691,410.0,409.0,406.0,404.0,22300.0
2024-01-06,408.0,408.0,404.0,406.0,385.2651977539063,9000.0,403.65,404.04,411.72,400.185,61.11111111111111,411.2,-0.4266666666666197,1.4599999999999795,-0.0121654501216544,410.0,408.0,406.0,408.0,9000.0
2024-01-07,408.0,408.0,404.0,406.0,385.2651977539063,9000.0,403.85,404.16,411.6666666666667,400.465,61.11111111111111,410.9,-0.3333333333333144,1.4350000000000025,-0.0049019607843137,410.0,408.0,406.0,408.0,9000.0
2024-01-08,408.0,408.0,404.0,406.0,385.2651977539063,9000.0,404.05,404.36,411.62666666666667,400.73,91.66666666666669,410.6,-0.2666666666666515,1.3950000000000389,-0.0536130536130535,410.0,408.0,406.0,408.0,9000.0
2024-01-09,406.0,408.0,406.0,407.0,386.2141418457031,11300.0,403.9,404.32,411.6133333333333,401.03,92.3076923076923,410.3,-0.1599999999999681,1.3949999999999818,-0.0556844547563805,407.0,408.0,406.0,408.0,9000.0
2024-01-10,403.0,409.0,403.0,407.0,386.2141418457031,13700.0,404.2,404.28,411.5733333333333,401.33,91.66666666666669,410.04,-0.079999999999984,1.3999999999999773,-0.0556844547563805,407.0,408.0,407.0,406.0,11300.0
2024-01-11,409.0,414.0,406.0,412.0,390.9588012695313,33000.0,404.7,404.44,411.6,401.655,90.9090909090909,409.86,-0.1200000000000045,1.4699999999999704,-0.0440835266821345,412.0,409.0,407.0,403.0,13700.0
2024-01-12,411.0,412.0,406.0,408.0,387.1630859375,25300.0,405.0,404.68,411.5733333333333,401.945,54.54545454545455,409.6,-0.0933333333333621,1.4800000000000182,-0.0377358490566037,412.0,414.0,412.0,409.0,33000.0
2024-01-13,411.0,412.0,406.0,408.0,387.1630859375,25300.0,405.3,404.92,411.53333333333336,402.255,54.54545454545455,409.28,-0.0933333333333052,1.5249999999999773,-0.0215827338129496,412.0,412.0,408.0,411.0,25300.0
2024-01-14,411.0,412.0,406.0,408.0,387.1630859375,25300.0,405.9,404.84,411.4266666666667,402.575,54.54545454545455,408.96,-0.1866666666666674,1.545000000000016,-0.0215827338129496,412.0,412.0,408.0,411.0,25300.0
2024-01-15,411.0,413.0,411.0,412.0,390.9588012695313,6600.0,406.7,405.28,411.6933333333333,402.915,66.66666666666666,408.72,0.1200000000000045,1.5850000000000364,-0.0048309178743961,412.0,412.0,408.0,411.0,25300.0
2024-01-16,426.0,428.0,421.0,422.0,400.4480590820313,48000.0,407.95,406.08,411.97333333333336,403.28,80.0,408.54,0.3733333333333348,1.625,0.002375296912114,422.0,413.0,412.0,411.0,6600.0
2024-01-17,426.0,449.0,426.0,440.0,417.5287780761719,113700.0,409.8,407.6,412.4933333333333,403.735,88.37209302325581,408.76,0.920000000000016,1.7900000000000205,0.0451306413301662,440.0,428.0,422.0,426.0,48000.0
2024-01-18,445.0,445.0,432.0,433.0,410.8862915039063,27700.0,411.1,408.84,412.92,404.155,77.55102040816327,408.92,1.386666666666656,1.8999999999999773,0.0285035629453682,440.0,449.0,440.0,426.0,113700.0
2024-01-19,444.0,444.0,444.0,444.0,421.3244934082031,1000.0,412.95,410.76,413.4933333333333,404.635,81.66666666666667,409.36,2.066666666666663,2.0600000000000023,0.0521327014218009,444.0,445.0,433.0,445.0,27700.0
2024-01-20,444.0,444.0,444.0,444.0,421.3244934082031,1000.0,414.8,412.68,414.0133333333333,405.12,81.66666666666667,409.76,2.319999999999993,2.204999999999984,0.0571428571428571,444.0,444.0,444.0,444.0,1000.0
2024-01-21,444.0,444.0,444.0,444.0,421.3244934082031,1000.0,416.65,414.56,414.4533333333333,405.59,81.66666666666667,410.16,2.4799999999999613,2.3100000000000023,0.0546318289786222,444.0,444.0,444.0,444.0,1000.0
2024-01-22,449.0,449.0,429.0,441.0,418.4777221679688,38000.0,418.35,416.08,414.8933333333333,406.055,77.77777777777777,410.5,2.3999999999999773,2.319999999999993,0.0475059382422802,444.0,444.0,444.0,444.0,1000.0
2024-01-23,439.0,441.0,434.0,435.0,412.7841491699219,25300.0,419.75,417.2,414.97333333333336,406.525,70.58823529411765,410.78,2.0533333333333417,2.3700000000000045,0.025943396226415,444.0,449.0,441.0,449.0,38000.0
2024-01-24,435.0,439.0,434.0,434.0,411.8352355957031,14300.0,421.15,418.28,415.0133333333333,406.99,69.56521739130434,411.06,1.5199999999999818,2.355000000000018,0.0235849056603774,444.0,441.0,435.0,439.0,25300.0
2024-01-25,437.0,443.0,432.0,441.0,418.4777221679688,26100.0,422.9,419.64,415.14666666666665,407.49,70.4225352112676,411.46,1.1333333333333258,2.3700000000000045,0.0400943396226414,444.0,439.0,434.0,435.0,14300.0
2024-01-26,441.0,452.0,439.0,448.0,425.1202087402344,48300.0,425.0,421.28,415.3733333333333,408.025,77.02702702702703,412.3,0.920000000000016,2.4350000000000023,0.0394431554524361,448.0,443.0,441.0,437.0,26100.0
2024-01-27,441.0,452.0,439.0,448.0,425.1202087402344,48300.0,427.1,422.92,415.6933333333333,408.575,77.02702702702703,413.34,0.8000000000000114,2.519999999999982,0.0442890442890442,448.0,452.0,448.0,441.0,48300.0
2024-01-28,441.0,452.0,439.0,448.0,425.1202087402344,48300.0,429.2,424.56,416.1066666666667,409.185,77.02702702702703,414.38,1.1333333333333258,2.660000000000025,0.0541176470588236,448.0,452.0,448.0,441.0,48300.0
2024-01-29,449.0,451.0,443.0,447.0,424.1712951660156,32400.0,431.2,426.2,416.50666666666666,409.78,74.64788732394366,415.4,1.4933333333333394,2.789999999999964,0.0592417061611374,448.0,452.0,448.0,441.0,48300.0
2024-01-30,450.0,450.0,444.0,447.0,424.1712951660156,15200.0,433.2,427.84,416.94666666666666,410.4,70.49180327868852,415.92,1.8000000000000114,2.909999999999968,0.0542452830188679,448.0,451.0,447.0,449.0,32400.0
2024-01-31,449.0,469.0,449.0,458.0,434.6095275878906,90700.0,435.5,429.92,417.44,411.075,66.66666666666666,416.98,2.066666666666663,3.050000000000012,0.080188679245283,458.0,450.0,447.0,450.0,15200.0
2024-02-01,434.0,442.0,429.0,437.0,414.6820068359375,120600.0,436.95,431.16,417.6533333333333,411.645,52.94117647058823,417.66,1.9599999999999795,3.069999999999993,0.0306603773584905,458.0,469.0,458.0,449.0,90700.0
2024-02-02,437.0,438.0,428.0,428.0,406.1416320800781,42600.0,437.95,432.04,417.7466666666666,412.17,37.87878787878788,418.2,1.6399999999999864,2.9850000000000136,0.0166270783847981,458.0,442.0,437.0,434.0,120600.0
2024-02-03,437.0,438.0,428.0,428.0,406.1416320800781,42600.0,438.95,432.88,417.82666666666665,412.675,37.87878787878788,418.6,1.3199999999999932,2.8950000000000387,0.0190476190476189,458.0,438.0,428.0,437.0,42600.0
2024-02-04,437.0,438.0,428.0,428.0,406.1416320800781,42600.0,439.75,433.72,417.9333333333333,413.115,37.87878787878788,419.0,0.9866666666666788,2.715000000000032,0.0166270783847981,458.0,438.0,428.0,437.0,42600.0
2024-02-05,430.0,439.0,426.0,436.0,413.7330627441406,26200.0,440.45,434.68,418.1333333333333,413.585,46.47887323943662,419.56,0.693333333333328,2.509999999999991,0.0738916256157635,458.0,438.0,428.0,437.0,42600.0
2024-02-06,433.0,436.0,430.0,431.0,408.9884338378906,6700.0,440.0,435.6,418.26666666666665,414.055,47.142857142857146,420.14,0.6133333333333439,2.410000000000025,0.0883838383838384,458.0,439.0,436.0,430.0,26200.0
2024-02-07,430.0,434.0,422.0,422.0,400.4480590820313,24800.0,439.45,436.16,418.24,414.48,42.30769230769231,420.54,0.4933333333333394,2.3100000000000023,0.0656565656565657,458.0,436.0,431.0,433.0,6700.0
2024-02-08,421.0,435.0,419.0,424.0,402.345947265625,35800.0,438.45,436.8,418.24,414.915,38.35616438356164,420.82,0.4133333333333553,2.240000000000009,0.0707070707070707,458.0,434.0,422.0,430.0,24800.0
2024-02-09,421.0,429.0,421.0,423.0,401.3970031738281,13600.0,437.4,437.24,418.2266666666667,415.31,31.343283582089555,421.26,0.2933333333333507,2.194999999999993,0.004750593824228,458.0,435.0,424.0,421.0,35800.0
2024-02-10,421.0,429.0,421.0,423.0,401.3970031738281,13600.0,436.35,437.28,418.12,415.735,31.343283582089555,421.68,-0.0133333333333212,2.150000000000034,0.0444444444444445,458.0,429.0,423.0,421.0,13600.0
2024-02-11,421.0,429.0,421.0,423.0,401.3970031738281,13600.0,435.45,436.6,418.04,416.135,31.343283582089555,422.1,-0.226666666666631,2.079999999999984,0.0496277915632754,458.0,429.0,423.0,421.0,13600.0
2024-02-12,421.0,429.0,421.0,423.0,401.3970031738281,13600.0,434.85,436.2,418.0133333333333,416.545,31.818181818181827,422.52,-0.2266666666666879,2.0649999999999977,0.0548628428927679,458.0,429.0,423.0,421.0,13600.0
2024-02-13,423.0,431.0,423.0,431.0,408.9884338378906,7500.0,434.7,435.68,418.1333333333333,416.975,39.18918918918919,423.22,-0.1066666666666833,2.0600000000000023,0.0563725490196078,458.0,429.0,423.0,421.0,13600.0
2024-02-14,428.0,431.0,422.0,422.0,400.4480590820313,21000.0,433.75,434.8,418.1066666666667,417.36,25.00000000000001,423.74,-0.1200000000000045,2.050000000000012,0.0343137254901961,458.0,431.0,431.0,423.0,7500.0
2024-02-15,421.0,425.0,421.0,421.0,399.4991455078125,10400.0,432.4,433.88,418.06666666666666,417.74,34.61538461538463,424.22,-0.0533333333333416,2.0049999999999955,0.0318627450980393,458.0,431.0,422.0,428.0,21000.0
2024-02-16,421.0,440.0,421.0,440.0,417.5287780761719,42500.0,432.0,433.84,418.28,418.11,59.67741935483871,424.96,0.2399999999999522,1.9750000000000227,0.0945273631840795,458.0,425.0,421.0,421.0,10400.0
2024-02-17,421.0,440.0,421.0,440.0,417.5287780761719,42500.0,431.6,434.04,418.53333333333336,418.48,59.67741935483871,425.62,0.5200000000000387,1.9350000000000025,0.0945273631840795,458.0,440.0,440.0,421.0,42500.0
2024-02-18,421.0,440.0,421.0,440.0,417.5287780761719,42500.0,431.25,434.28,418.8,418.845,59.67741935483871,426.28,0.6666666666666856,1.8700000000000043,0.0731707317073171,458.0,440.0,440.0,421.0,42500.0
2024-02-19,440.0,448.0,440.0,443.0,420.3756103515625,14400.0,431.05,434.36,419.0933333333333,419.235,56.14035087719298,427.0,0.986666666666622,1.875,0.1047381546134662,458.0,440.0,440.0,421.0,42500.0
2024-02-20,444.0,447.0,441.0,441.0,418.4777221679688,5700.0,430.2,434.08,419.56,419.6,59.25925925925926,427.68,1.4933333333333394,1.8600000000000136,0.0970149253731342,443.0,448.0,443.0,440.0,14400.0
2024-02-21,440.0,441.0,437.0,439.0,416.5798950195313,2100.0,430.3,433.72,420.1333333333333,419.955,68.08510638297872,428.32,1.853333333333353,1.8449999999999704,0.0920398009950249,443.0,447.0,441.0,444.0,5700.0
2024-02-22,442.0,443.0,429.0,433.0,410.8862915039063,11700.0,430.55,433.12,420.62666666666667,420.28,58.82352941176471,428.84,2.0933333333333053,1.7999999999999543,0.0771144278606965,443.0,441.0,439.0,440.0,2100.0
2024-02-23,442.0,443.0,429.0,433.0,410.8862915039063,11700.0,430.8,432.56,421.12,420.545,60.0,429.38,2.319999999999993,1.6999999999999886,0.0934343434343434,443.0,443.0,433.0,442.0,11700.0
2024-02-24,442.0,443.0,429.0,433.0,410.8862915039063,11700.0,431.05,432.0,421.28,420.85,60.0,429.92,2.1866666666666674,1.615000000000009,0.0934343434343434,443.0,443.0,433.0,442.0,11700.0
2024-02-25,442.0,443.0,429.0,433.0,410.8862915039063,11700.0,430.9,431.0,421.6533333333333,421.13,60.0,430.46,2.0933333333333053,1.5299999999999727,0.0906801007556674,443.0,443.0,433.0,442.0,11700.0
2024-02-26,449.0,449.0,431.0,433.0,410.8862915039063,18700.0,431.0,430.84,422.0533333333333,421.43,60.0,431.0,1.920000000000016,1.4750000000000227,0.0744416873449131,443.0,443.0,433.0,442.0,11700.0
2024-02-27,435.0,436.0,433.0,434.0,411.8352355957031,5600.0,431.6,431.08,422.4933333333333,421.735,53.48837209302325,431.56,1.8666666666666745,1.455000000000041,0.0663390663390663,443.0,449.0,433.0,449.0,18700.0
2024-02-28,434.0,437.0,426.0,427.0,405.1927185058594,16500.0,431.75,431.04,422.7466666666666,422.005,56.09756097560975,431.96,1.6266666666666652,1.4599999999999795,0.0491400491400491,443.0,436.0,434.0,435.0,5600.0
2024-02-29,427.0,429.0,423.0,426.0,404.2437744140625,10700.0,431.9,430.96,422.9866666666667,422.27,56.09756097560975,432.34,1.706666666666706,1.419999999999959,0.0466830466830467,443.0,437.0,427.0,434.0,16500.0
2024-03-01,426.0,433.0,424.0,426.0,404.2437744140625,13900.0,432.05,430.56,423.2266666666667,422.535,18.181818181818173,432.62,1.5733333333333803,1.4050000000000296,0.0466830466830467,443.0,429.0,426.0,427.0,10700.0
2024-03-02,426.0,433.0,424.0,426.0,404.2437744140625,13900.0,432.2,430.36,423.5466666666667,422.72,18.181818181818173,432.98,1.4933333333333394,1.2900000000000205,0.0466830466830467,443.0,433.0,426.0,426.0,13900.0
2024-03-03,426.0,433.0,424.0,426.0,404.2437744140625,13900.0,432.35,430.52,423.8666666666667,422.755,18.181818181818173,433.34,1.3733333333333348,1.0199999999999818,0.0466830466830467,443.0,433.0,426.0,426.0,13900.0
2024-03-04,427.0,427.0,424.0,425.0,403.29486083984375,5800.0,432.05,430.56,424.06666666666666,422.87,5.0,433.68,1.3199999999999932,0.8650000000000091,0.0467980295566503,443.0,433.0,426.0,426.0,13900.0
2024-03-05,423.0,425.0,422.0,424.0,402.345947265625,10100.0,432.15,430.6,424.3733333333333,423.025,5.26315789473685,433.92,1.386666666666656,0.7549999999999955,0.0443349753694581,443.0,427.0,425.0,427.0,5800.0
2024-03-06,422.0,428.0,422.0,428.0,406.1416320800781,7200.0,432.5,430.8,424.72,423.2,23.80952380952381,434.04,1.4933333333333394,0.6649999999999636,0.0541871921182266,443.0,425.0,424.0,423.0,10100.0
2024-03-07,431.0,434.0,428.0,428.0,406.1416320800781,12400.0,431.9,431.0,425.06666666666666,423.375,33.33333333333333,433.8,1.5199999999999818,0.6549999999999727,0.0541871921182266,443.0,428.0,428.0,422.0,7200.0
2024-03-08,429.0,432.0,429.0,429.0,407.090576171875,15900.0,431.35,431.24,425.4266666666667,423.55,37.5,433.72,1.5600000000000025,0.7950000000000159,0.0566502463054188,443.0,434.0,428.0,431.0,12400.0
2024-03-09,429.0,432.0,429.0,429.0,407.090576171875,15900.0,430.8,431.16,425.8666666666667,423.545,37.5,433.42,1.8000000000000114,0.6750000000000114,0.0540540540540539,443.0,432.0,429.0,429.0,15900.0
2024-03-10,429.0,432.0,429.0,429.0,407.090576171875,15900.0,430.1,431.44,426.3066666666667,423.595,37.5,433.12,1.933333333333337,0.57000000000005,0.0540540540540539,441.0,432.0,429.0,429.0,15900.0
2024-03-11,429.0,429.0,418.0,419.0,397.6012878417969,21600.0,429.0,431.36,426.6,423.565,23.07692307692308,432.62,1.879999999999996,0.3650000000000091,0.016990291262136,439.0,432.0,429.0,429.0,15900.0
2024-03-12,419.0,428.0,415.0,420.0,398.55023193359375,24200.0,428.05,430.56,426.82666666666665,423.585,23.07692307692308,432.2,1.759999999999991,0.2099999999999795,0.0294117647058822,434.0,429.0,419.0,429.0,21600.0
2024-03-13,423.0,424.0,418.0,420.0,398.55023193359375,3200.0,427.4,429.76,427.0,423.605,31.57894736842105,431.9,1.5733333333333237,0.0550000000000068,0.0294117647058822,434.0,428.0,420.0,419.0,24200.0
2024-03-14,419.0,422.0,418.0,418.0,396.65234375,6100.0,426.65,428.88,427.14666666666665,423.615,30.0,431.58,1.2799999999999727,0.0699999999999931,0.0245098039215685,434.0,424.0,420.0,423.0,3200.0
2024-03-15,418.0,424.0,418.0,424.0,402.345947265625,3000.0,426.2,428.12,427.3733333333333,423.54,46.15384615384615,431.24,1.0666666666666629,-0.0550000000000068,0.0291262135922329,434.0,422.0,418.0,419.0,6100.0
2024-03-16,418.0,424.0,418.0,424.0,402.345947265625,3000.0,425.75,427.44,427.6,423.485,46.15384615384615,430.76,1.0,-0.079999999999984,0.0047393364928909,434.0,424.0,424.0,418.0,3000.0
2024-03-17,418.0,424.0,418.0,424.0,402.345947265625,3000.0,425.3,426.84,427.82666666666665,423.425,46.15384615384615,430.28,1.0,-0.1599999999999681,-0.0363636363636363,434.0,424.0,424.0,418.0,3000.0
2024-03-18,425.0,425.0,420.0,424.0,402.345947265625,8400.0,424.8,426.48,428.0533333333333,423.425,47.99999999999999,429.8,1.0533333333333417,-0.1800000000000068,-0.0207852193995381,429.0,424.0,424.0,418.0,3000.0
2024-03-19,422.0,424.0,419.0,421.0,399.4991455078125,10400.0,424.5,426.0,428.2533333333333,423.355,44.44444444444444,429.28,1.1066666666666831,-0.2599999999999909,-0.0518018018018018,429.0,425.0,424.0,425.0,8400.0
2024-03-20,422.0,424.0,419.0,421.0,399.4991455078125,10400.0,424.25,425.52,428.4533333333333,423.285,34.78260869565217,428.76,1.079999999999984,-0.2549999999999954,-0.0518018018018018,429.0,424.0,421.0,422.0,10400.0
2024-03-21,423.0,428.0,422.0,425.0,403.29486083984375,16300.0,424.2,425.2,428.70666666666665,423.235,44.44444444444444,428.1,1.1066666666666265,-0.25,-0.0427927927927928,429.0,424.0,421.0,422.0,10400.0
2024-03-22,427.0,430.0,422.0,426.0,404.2437744140625,29600.0,424.2,424.92,428.97333333333336,423.055,44.44444444444444,427.88,1.1466666666667038,-0.3700000000000045,-0.0340136054421769,429.0,428.0,425.0,423.0,16300.0
2024-03-23,427.0,430.0,422.0,426.0,404.2437744140625,29600.0,424.2,424.6,429.24,422.915,44.44444444444444,427.84,1.1866666666666674,-0.5099999999999909,-0.0206896551724138,429.0,430.0,426.0,427.0,29600.0
2024-03-24,427.0,430.0,422.0,426.0,404.2437744140625,29600.0,424.25,424.56,429.4933333333333,422.68,44.44444444444444,427.8,1.240000000000009,-0.6750000000000114,-0.0184331797235023,429.0,430.0,426.0,427.0,29600.0
2024-03-25,415.0,425.0,415.0,422.0,400.4480590820313,39200.0,424.15,424.4,429.6933333333333,422.415,57.14285714285714,427.68,1.240000000000009,-0.8700000000000045,-0.0430839002267573,429.0,430.0,426.0,427.0,29600.0
2024-03-26,423.0,424.0,422.0,424.0,402.345947265625,3200.0,423.95,424.32,429.85333333333335,422.23,59.09090909090909,427.44,1.1466666666667038,-1.0049999999999957,-0.0535714285714286,429.0,425.0,422.0,415.0,39200.0
2024-03-27,427.0,430.0,423.0,425.0,403.29486083984375,22400.0,423.8,424.28,430.08,422.05,60.869565217391305,427.32,1.1066666666666265,-1.0049999999999957,-0.0513392857142857,429.0,424.0,424.0,423.0,3200.0
2024-03-28,425.0,427.0,416.0,420.0,408.1538391113281,11500.0,423.35,424.04,430.24,421.845,53.846153846153854,427.28,1.0,-1.0699999999999932,-0.0625,429.0,430.0,425.0,427.0,22400.0
2024-03-29,420.0,421.0,417.0,420.0,408.1538391113281,18400.0,422.9,423.84,430.4,421.695,39.99999999999999,427.2,0.906666666666638,-0.9850000000000136,-0.0604026845637584,429.0,427.0,420.0,425.0,11500.0
2024-03-30,420.0,421.0,417.0,420.0,408.1538391113281,18400.0,422.45,423.68,430.50666666666666,421.605,39.99999999999999,427.14,0.8133333333333326,-0.8100000000000023,-0.0604026845637584,426.0,421.0,420.0,420.0,18400.0
2024-03-31,420.0,421.0,417.0,420.0,408.1538391113281,18400.0,422.5,423.36,430.48,421.535,39.99999999999999,427.08,0.6266666666666652,-0.6949999999999932,-0.0829694323144104,426.0,421.0,420.0,420.0,18400.0
2024-04-01,425.0,425.0,420.0,420.0,408.1538391113281,6500.0,422.5,423.04,430.2133333333333,421.485,39.99999999999999,427.02,0.1333333333333257,-0.5649999999999977,-0.0389016018306636,426.0,421.0,420.0,420.0,18400.0
2024-04-02,420.0,422.0,417.0,420.0,408.1538391113281,11200.0,422.5,422.68,430.04,421.29,47.05882352941176,426.96,-0.1999999999999886,-0.5550000000000068,-0.0186915887850467,426.0,425.0,420.0,425.0,6500.0
2024-04-03,417.0,420.0,416.0,418.0,406.2102355957031,12100.0,422.5,422.24,429.6933333333333,421.085,42.10526315789474,426.7,-0.7066666666666492,-0.6100000000000136,-0.0233644859813083,426.0,422.0,420.0,420.0,11200.0
2024-04-04,422.0,422.0,420.0,420.0,408.1538391113281,4000.0,422.3,421.88,429.3733333333333,420.89,35.294117647058826,426.66,-1.1333333333333258,-0.7150000000000318,-0.0186915887850467,426.0,420.0,418.0,417.0,12100.0
2024-04-05,411.0,420.0,411.0,419.0,407.1820373535156,12900.0,422.05,421.88,429.04,420.69,29.41176470588236,426.62,-1.4399999999999975,-0.8450000000000273,-0.0389908256880734,426.0,422.0,420.0,422.0,4000.0
2024-04-06,411.0,420.0,411.0,419.0,407.1820373535156,12900.0,421.8,421.84,428.7466666666666,420.525,29.41176470588236,426.2,-1.46666666666664,-0.9600000000000364,-0.0278422273781903,426.0,420.0,419.0,411.0,12900.0
2024-04-07,411.0,420.0,411.0,419.0,407.1820373535156,12900.0,421.55,421.8,428.53333333333336,420.41,29.41176470588236,425.78,-1.5066666666666606,-0.8799999999999955,-0.0071090047393365,426.0,420.0,419.0,411.0,12900.0
2024-04-08,420.0,420.0,418.0,420.0,408.1538391113281,97500.0,421.5,421.88,428.3466666666667,420.38,42.85714285714285,425.38,-1.3466666666666356,-0.7049999999999841,-0.0094339622641509,426.0,420.0,419.0,411.0,12900.0
2024-04-09,419.0,421.0,418.0,420.0,408.1538391113281,5300.0,421.45,421.72,428.06666666666666,420.31,33.33333333333333,424.92,-1.306666666666672,-0.5799999999999841,-0.0070921985815602,426.0,420.0,420.0,420.0,97500.0
2024-04-10,423.0,423.0,416.0,419.0,407.1820373535156,12600.0,421.15,421.52,427.68,420.235,25.0,424.48,-1.3600000000000136,-0.4549999999999841,-0.0094562647754137,426.0,421.0,420.0,419.0,5300.0
2024-04-11,416.0,419.0,414.0,417.0,405.2384643554688,6200.0,420.7,421.24,427.26666666666665,420.15,33.33333333333333,424.04,-1.4800000000000182,-0.375,-0.0141843971631205,426.0,423.0,419.0,423.0,12600.0
2024-04-12,417.0,422.0,417.0,420.0,408.1538391113281,13400.0,420.4,421.08,426.8933333333333,420.1,50.0,423.78,-1.6400000000000432,-0.3100000000000023,-0.0070921985815602,426.0,419.0,417.0,416.0,6200.0
2024-04-13,417.0,422.0,417.0,420.0,408.1538391113281,13400.0,420.1,421.04,426.53333333333336,420.065,50.0,423.52,-1.8133333333333328,-0.3149999999999977,-0.025522041763341,425.0,422.0,420.0,417.0,13400.0
2024-04-14,417.0,422.0,417.0,420.0,408.1538391113281,13400.0,420.0,421.0,426.17333333333335,419.99,50.0,423.26,-1.8933333333333169,-0.3199999999999932,-0.004739336492891,425.0,422.0,420.0,417.0,13400.0
2024-04-15,410.0,422.0,408.0,421.0,409.1256408691406,34000.0,419.85,420.84,425.68,419.945,53.846153846153854,423.02,-2.0,-0.2900000000000204,0.0,425.0,422.0,420.0,417.0,13400.0
2024-04-16,421.0,421.0,415.0,417.0,405.2384643554688,14500.0,419.45,420.48,425.41333333333336,419.94,41.17647058823529,422.7,-1.853333333333296,-0.2099999999999795,-0.0522727272727272,421.0,422.0,421.0,410.0,34000.0
2024-04-17,416.0,416.0,413.0,414.0,402.3230590820313,13300.0,419.15,420.0,425.2266666666667,419.92,38.888888888888886,422.3,-1.6666666666666288,-0.1800000000000068,-0.059090909090909,421.0,421.0,417.0,421.0,14500.0
2024-04-18,414.0,417.0,413.0,417.0,405.2384643554688,14200.0,419.0,419.64,425.08,419.915,42.10526315789474,422.1,-1.4533333333333758,-0.1499999999999772,-0.0522727272727272,421.0,416.0,414.0,416.0,13300.0
2024-04-19,413.0,417.0,403.0,408.0,396.4923095703125,163500.0,418.4,419.08,424.8133333333333,419.855,29.62962962962964,421.74,-1.3600000000000136,-0.1349999999999909,-0.0790067720090293,421.0,417.0,417.0,414.0,14200.0
2024-04-20,413.0,417.0,403.0,408.0,396.4923095703125,163500.0,417.8,418.44,424.44,419.835,29.62962962962964,421.38,-1.240000000000009,-0.1100000000000136,-0.074829931972789,421.0,417.0,408.0,413.0,163500.0
2024-04-21,413.0,417.0,403.0,408.0,396.4923095703125,163500.0,417.2,417.76,424.1333333333333,419.915,29.62962962962964,421.02,-1.2800000000000296,-0.0249999999999772,-0.0706150341685649,421.0,417.0,408.0,413.0,163500.0
2024-04-22,411.0,412.0,406.0,408.0,396.4923095703125,7800.0,416.6,417.28,423.94666666666666,419.895,26.92307692307692,420.66,-1.2800000000000296,-0.0250000000000341,-0.0577367205542724,421.0,417.0,408.0,413.0,163500.0
2024-04-23,402.0,406.0,402.0,405.0,393.576904296875,40900.0,415.95,416.68,423.6933333333333,419.895,24.13793103448276,420.26,-1.386666666666656,-0.0200000000000386,-0.0646651270207852,421.0,412.0,408.0,411.0,7800.0
2024-04-24,407.0,412.0,406.0,412.0,400.3794860839844,8700.0,415.55,416.36,423.5466666666667,419.93,39.99999999999999,420.02,-1.2666666666666515,0.0749999999999886,-0.0484988452655889,421.0,406.0,405.0,402.0,40900.0
2024-04-25,418.0,425.0,414.0,422.0,410.097412109375,28400.0,415.7,416.44,423.53333333333336,420.015,55.81395348837209,419.9,-0.906666666666638,0.1800000000000068,-0.0254041570438798,422.0,412.0,412.0,407.0,8700.0
2024-04-26,420.0,423.0,416.0,423.0,411.0692138671875,14100.0,415.9,416.56,423.53333333333336,420.105,53.65853658536585,419.8,-0.5999999999999659,0.1899999999999977,-0.023094688221709,423.0,425.0,422.0,418.0,28400.0
2024-04-27,420.0,423.0,416.0,423.0,411.0692138671875,14100.0,416.1,416.68,423.53333333333336,420.04,53.65853658536585,419.68,-0.4133333333332984,0.1450000000000386,-0.0253456221198156,423.0,423.0,423.0,420.0,14100.0
2024-04-28,420.0,423.0,416.0,423.0,411.0692138671875,14100.0,416.25,416.88,423.4266666666667,419.97,53.65853658536585,419.56,-0.2666666666666515,0.0750000000000454,-0.009367681498829,423.0,423.0,423.0,420.0,14100.0
2024-04-29,420.0,423.0,416.0,423.0,411.0692138671875,14100.0,416.4,417.0,423.44,419.865,52.5,419.44,-0.1066666666666833,-0.0649999999999977,-0.0070422535211267,423.0,423.0,423.0,420.0,14100.0
2024-04-30,423.0,424.0,411.0,423.0,411.0692138671875,26500.0,416.6,417.16,423.4666666666666,419.84,58.33333333333334,419.52,-0.0666666666667197,-0.1750000000000113,-0.0070422535211267,423.0,423.0,423.0,420.0,14100.0
2024-05-01,420.0,421.0,410.0,418.0,406.2102355957031,39100.0,416.65,417.12,423.17333333333335,419.79,55.26315789473684,419.48,-0.3600000000000136,-0.3149999999999977,-0.0187793427230047,423.0,424.0,423.0,423.0,26500.0
2024-05-02,416.0,420.0,415.0,419.0,407.1820373535156,6700.0,416.6,417.12,422.8933333333333,419.745,52.777777777777786,419.46,-0.6400000000000432,-0.2950000000000159,-0.0164319248826291,423.0,421.0,418.0,420.0,39100.0
2024-05-03,416.0,420.0,415.0,419.0,407.1820373535156,6700.0,416.55,417.08,422.6133333333333,419.775,70.37037037037038,419.48,-0.8133333333333326,-0.19500000000005,-0.0141176470588235,423.0,420.0,419.0,416.0,6700.0
2024-05-04,416.0,420.0,415.0,419.0,407.1820373535156,6700.0,416.5,417.04,422.29333333333335,419.76,70.37037037037038,419.38,-1.146666666666647,-0.1050000000000181,-0.0117924528301887,423.0,420.0,419.0,416.0,6700.0
2024-05-05,416.0,420.0,415.0,419.0,407.1820373535156,6700.0,416.4,417.04,422.0,419.725,70.37037037037038,419.28,-1.46666666666664,-0.1149999999999522,-0.0210280373831776,423.0,420.0,419.0,416.0,6700.0
2024-05-06,416.0,420.0,415.0,419.0,407.1820373535156,6700.0,416.5,417.12,421.73333333333335,419.73,70.37037037037038,419.18,-1.4399999999999975,-0.0600000000000022,-0.0210280373831776,423.0,420.0,419.0,416.0,6700.0
2024-05-07,419.0,419.0,411.0,412.0,400.3794860839844,15000.0,416.4,416.8,421.4533333333333,419.715,61.29032258064516,418.94,-1.4399999999999975,-0.0300000000000295,-0.0396270396270396,423.0,420.0,419.0,416.0,6700.0
2024-05-08,413.0,418.0,413.0,417.0,405.2384643554688,6900.0,416.4,416.68,421.24,419.725,58.62068965517242,418.86,-1.3733333333333348,-0.0499999999999545,-0.027972027972028,423.0,419.0,412.0,419.0,15000.0
2024-05-09,420.0,424.0,417.0,424.0,412.041015625,19700.0,417.2,416.84,421.12,419.77,53.846153846153854,418.92,-1.1733333333333462,0.0099999999999909,-0.0116550116550117,424.0,418.0,417.0,413.0,6900.0
2024-05-10,426.0,427.0,423.0,427.0,414.9563903808594,13900.0,418.15,417.08,421.04,419.9,57.14285714285714,418.96,-0.9599999999999796,0.1749999999999545,0.0190930787589498,427.0,424.0,424.0,420.0,19700.0
2024-05-11,426.0,427.0,423.0,427.0,414.9563903808594,13900.0,419.1,417.48,420.96,419.985,57.14285714285714,418.98,-0.773333333333369,0.2549999999999954,0.0166666666666666,427.0,427.0,427.0,426.0,13900.0
2024-05-12,426.0,427.0,423.0,427.0,414.9563903808594,13900.0,420.05,418.0,420.8666666666667,420.075,57.14285714285714,419.0,-0.5866666666666447,0.3600000000000136,0.0166666666666666,427.0,427.0,427.0,426.0,13900.0
2024-05-13,430.0,432.0,426.0,430.0,417.8717956542969,40000.0,421.3,418.52,420.9066666666667,420.185,61.29032258064516,419.08,-0.3333333333333144,0.4599999999999795,0.0287081339712917,430.0,427.0,427.0,426.0,13900.0
2024-05-14,430.0,434.0,425.0,428.0,415.9281921386719,25800.0,422.1,419.32,420.9333333333333,420.275,57.57575757575758,419.2,-0.1866666666666674,0.5049999999999955,0.009433962264151,430.0,432.0,430.0,430.0,40000.0
2024-05-15,427.0,429.0,422.0,424.0,412.041015625,26800.0,422.2,419.96,420.9066666666667,420.345,59.375,419.2,-0.1333333333333257,0.44500000000005,0.0,430.0,434.0,428.0,430.0,25800.0
2024-05-16,425.0,427.0,419.0,421.0,409.1256408691406,17100.0,422.1,420.48,420.84,420.4,52.94117647058823,419.12,-0.1200000000000045,0.4149999999999636,-0.0070754716981131,430.0,429.0,424.0,427.0,26800.0
2024-05-17,423.0,423.0,422.0,422.0,410.097412109375,2200.0,422.05,421.04,420.7866666666667,420.455,54.285714285714285,419.16,-0.079999999999984,0.3799999999999954,-0.0047169811320755,430.0,427.0,421.0,425.0,17100.0
2024-05-18,423.0,423.0,422.0,422.0,410.097412109375,2200.0,422.0,421.72,420.7466666666666,420.485,54.285714285714285,419.2,-0.160000000000025,0.3000000000000113,0.002375296912114,430.0,423.0,422.0,423.0,2200.0
2024-05-19,423.0,423.0,422.0,422.0,410.097412109375,2200.0,421.95,422.12,420.72,420.635,54.285714285714285,419.24,-0.2133333333333098,0.3600000000000136,0.002375296912114,430.0,423.0,422.0,423.0,2200.0
2024-05-20,421.0,425.0,419.0,419.0,407.1820373535156,10500.0,421.75,422.0,420.6,420.725,50.0,419.22,-0.3066666666666719,0.3799999999999954,-0.0141176470588235,430.0,423.0,422.0,423.0,2200.0
2024-05-21,419.0,425.0,418.0,423.0,411.0692138671875,17600.0,422.0,422.0,420.53333333333336,420.835,65.71428571428572,419.28,-0.3066666666666151,0.4350000000000023,-0.0070422535211267,430.0,425.0,419.0,421.0,10500.0
2024-05-22,423.0,433.0,418.0,427.0,414.9563903808594,182900.0,422.4,422.16,420.50666666666666,420.965,64.70588235294119,419.42,-0.2800000000000295,0.5099999999999909,0.0023474178403755,430.0,425.0,423.0,419.0,17600.0
2024-05-23,429.0,429.0,423.0,424.0,412.041015625,24600.0,422.65,422.2,420.44,421.08,50.0,419.54,-0.3066666666666719,0.5949999999999704,-0.0046948356807511,430.0,433.0,427.0,423.0,182900.0
2024-05-24,418.0,420.0,416.0,416.0,404.26666259765625,10700.0,422.5,421.92,420.26666666666665,421.135,34.28571428571429,419.46,-0.4533333333333758,0.5,-0.014218009478673,430.0,429.0,424.0,429.0,24600.0
2024-05-25,418.0,420.0,416.0,416.0,404.26666259765625,10700.0,422.35,421.64,420.2266666666667,421.16,34.28571428571429,419.4,-0.3733333333333348,0.4350000000000023,-0.0188679245283018,430.0,420.0,416.0,418.0,10700.0
2024-05-26,418.0,420.0,416.0,416.0,404.26666259765625,10700.0,422.2,421.56,420.17333333333335,421.2,34.28571428571429,419.34,-0.3600000000000136,0.3650000000000091,-0.0211764705882352,430.0,420.0,416.0,418.0,10700.0
2024-05-27,416.0,419.0,409.0,409.0,397.4640808105469,24800.0,422.05,421.16,420.0266666666666,421.1,23.07692307692308,419.14,-0.4800000000000182,0.1350000000000477,-0.0261904761904762,430.0,420.0,416.0,418.0,10700.0
2024-05-28,409.0,416.0,409.0,416.0,404.26666259765625,26000.0,422.0,421.04,420.0,421.025,36.36363636363636,419.06,-0.4399999999999977,-0.0550000000000068,-0.0095238095238094,430.0,419.0,409.0,416.0,24800.0
2024-05-29,416.0,416.0,409.0,410.0,398.4358825683594,30800.0,421.3,420.68,419.8133333333333,420.92,34.78260869565217,418.86,-0.4533333333333189,-0.214999999999975,-0.0238095238095238,430.0,416.0,416.0,409.0,26000.0
2024-05-30,411.0,419.0,408.0,419.0,407.1820373535156,25500.0,420.9,420.68,419.7466666666666,420.86,48.07692307692308,418.86,-0.4800000000000182,-0.3000000000000113,-0.0023809523809523,430.0,416.0,410.0,416.0,30800.0
2024-05-31,419.0,419.0,413.0,418.0,406.2102355957031,13300.0,420.45,420.64,419.6666666666667,420.83,46.15384615384615,418.88,-0.5066666666666606,-0.3700000000000045,-0.0047619047619047,430.0,419.0,419.0,411.0,25500.0
2024-06-01,419.0,419.0,413.0,418.0,406.2102355957031,13300.0,420.0,420.88,419.5866666666666,420.835,46.15384615384615,418.84,-0.4399999999999977,-0.2650000000000432,-0.0047619047619047,430.0,419.0,418.0,419.0,13300.0
2024-06-02,419.0,419.0,413.0,418.0,406.2102355957031,13300.0,419.4,420.92,419.5466666666667,420.84,46.15384615384615,418.8,-0.4533333333333189,-0.1850000000000022,0.0,428.0,419.0,418.0,419.0,13300.0
2024-06-03,415.0,417.0,413.0,415.0,403.29486083984375,7200.0,418.75,420.56,419.4666666666666,420.845,46.15384615384615,418.7,-0.3466666666666924,-0.0749999999999886,-0.0119047619047618,427.0,419.0,418.0,419.0,13300.0
2024-06-04,415.0,417.0,415.0,416.0,404.26666259765625,2600.0,418.35,420.12,419.3466666666667,420.82,42.85714285714285,418.6,-0.3999999999999772,-0.0400000000000204,-0.0071599045346062,427.0,417.0,415.0,415.0,7200.0
2024-06-05,415.0,415.0,411.0,415.0,403.29486083984375,7500.0,418.05,419.64,419.2,420.79,36.95652173913044,418.56,-0.466666666666697,-0.0399999999999636,-0.0095465393794749,427.0,417.0,416.0,415.0,2600.0
2024-06-06,415.0,415.0,411.0,411.0,399.4076843261719,9200.0,417.5,419.0,419.0,420.74,36.17021276595744,418.5,-0.5866666666666447,-0.0949999999999704,-0.0190930787589498,427.0,415.0,415.0,415.0,7500.0
2024-06-07,411.0,413.0,411.0,413.0,401.3512573242188,4100.0,417.05,418.32,418.82666666666665,420.695,46.34146341463415,418.42,-0.7200000000000273,-0.1449999999999818,-0.0166666666666667,427.0,415.0,411.0,415.0,9200.0
2024-06-08,411.0,413.0,411.0,413.0,401.3512573242188,4100.0,416.6,417.72,418.70666666666665,420.66,46.34146341463415,418.52,-0.7599999999999909,-0.1850000000000022,-0.0166666666666667,427.0,413.0,413.0,411.0,4100.0
2024-06-09,411.0,413.0,411.0,413.0,401.3512573242188,4100.0,416.3,417.28,418.56,420.62,46.34146341463415,418.62,-0.7866666666666902,-0.1999999999999886,-0.0143198090692123,427.0,413.0,413.0,411.0,4100.0
2024-06-10,413.0,413.0,410.0,412.0,400.3794860839844,5200.0,415.75,416.92,418.38666666666666,420.575,54.285714285714285,418.7,-0.8133333333333326,-0.2150000000000318,-0.0119904076738609,427.0,413.0,413.0,411.0,4100.0
2024-06-11,410.0,419.0,406.0,416.0,404.26666259765625,26900.0,415.2,416.68,418.3333333333333,420.535,50.0,418.86,-0.6666666666666856,-0.204999999999984,-0.0095238095238094,424.0,413.0,412.0,413.0,5200.0
2024-06-12,416.0,416.0,413.0,413.0,401.3512573242188,2900.0,414.65,416.32,418.24,420.48,55.17241379310345,419.02,-0.5866666666666447,-0.214999999999975,-0.0166666666666667,419.0,419.0,416.0,410.0,26900.0
2024-06-13,416.0,419.0,412.0,419.0,407.1820373535156,15600.0,414.8,416.2,418.2266666666667,420.455,50.0,419.16,-0.4799999999999613,-0.2050000000000409,-0.0023809523809523,419.0,416.0,413.0,416.0,2900.0
2024-06-14,416.0,416.0,411.0,416.0,404.26666259765625,5100.0,414.8,416.08,418.17333333333335,420.38,46.42857142857143,419.04,-0.386666666666656,-0.2400000000000091,-0.0118764845605701,419.0,419.0,419.0,416.0,15600.0
2024-06-15,416.0,416.0,411.0,416.0,404.26666259765625,5100.0,414.8,415.8,418.12,420.315,46.42857142857143,418.9,-0.2666666666666515,-0.2599999999999909,-0.0023980815347721,419.0,416.0,416.0,416.0,5100.0
2024-06-16,416.0,416.0,411.0,416.0,404.26666259765625,5100.0,415.15,415.36,418.06666666666666,420.27,46.42857142857143,418.76,-0.2666666666666515,-0.2650000000000432,0.0048309178743961,419.0,416.0,416.0,416.0,5100.0
2024-06-17,416.0,416.0,408.0,415.0,403.29486083984375,17400.0,415.1,415.0,418.0266666666666,420.235,50.0,418.6,-0.2133333333333666,-0.2450000000000045,-0.0047961630695443,419.0,416.0,416.0,416.0,5100.0
2024-06-18,412.0,414.0,407.0,413.0,401.3512573242188,17500.0,415.25,414.88,417.9333333333333,420.18,44.44444444444444,418.4,-0.2933333333333507,-0.2749999999999772,0.0122549019607842,419.0,416.0,415.0,416.0,17400.0
2024-06-19,412.0,412.0,396.0,410.0,398.4358825683594,25400.0,414.8,414.64,417.8133333333333,420.11,41.3793103448276,418.14,-0.3600000000000136,-0.2699999999999818,0.0049019607843137,419.0,414.0,413.0,412.0,17500.0
2024-06-20,410.0,410.0,406.0,407.0,395.5205078125,6600.0,414.25,414.28,417.6533333333333,420.025,42.85714285714285,417.92,-0.466666666666697,-0.2900000000000204,-0.0024509803921568,419.0,412.0,410.0,412.0,25400.0
2024-06-21,409.0,415.0,406.0,414.0,402.3230590820313,23700.0,414.05,414.48,417.5866666666666,419.99,51.51515151515152,417.82,-0.4800000000000182,-0.2799999999999727,0.0147058823529411,419.0,410.0,407.0,410.0,6600.0
2024-06-22,409.0,415.0,406.0,414.0,402.3230590820313,23700.0,413.85,414.4,417.50666666666666,419.96,51.51515151515152,417.72,-0.5199999999999818,-0.2750000000000341,0.0222222222222221,419.0,415.0,414.0,409.0,23700.0
2024-06-23,409.0,415.0,406.0,414.0,402.3230590820313,23700.0,413.8,414.56,417.4266666666667,419.925,51.51515151515152,417.62,-0.5066666666666606,-0.2549999999999954,0.0048543689320388,419.0,415.0,414.0,409.0,23700.0
2024-06-24,414.0,415.0,411.0,412.0,400.3794860839844,15200.0,413.6,414.28,417.3333333333333,419.955,50.0,417.48,-0.4800000000000182,-0.1550000000000295,-0.023696682464455,419.0,415.0,414.0,409.0,23700.0
2024-06-25,414.0,414.0,411.0,414.0,402.3230590820313,6200.0,413.55,414.12,417.29333333333335,420.045,46.875,417.38,-0.3599999999999568,0.0200000000000386,-0.0212765957446808,419.0,415.0,412.0,414.0,15200.0
2024-06-26,414.0,415.0,411.0,414.0,402.3230590820313,9500.0,413.7,413.96,417.2133333333333,420.135,51.72413793103448,417.42,-0.3733333333333348,0.1449999999999818,-0.0212765957446808,419.0,414.0,414.0,414.0,6200.0
2024-06-27,414.0,419.0,412.0,415.0,403.29486083984375,30700.0,413.8,413.84,417.14666666666665,420.23,41.66666666666667,417.38,-0.3600000000000136,0.2700000000000386,-0.0189125295508274,419.0,415.0,414.0,414.0,9500.0
2024-06-28,416.0,416.0,413.0,413.0,401.3512573242188,4900.0,413.8,413.76,417.0533333333333,420.19,43.47826086956522,417.16,-0.3733333333333348,0.2649999999999863,-0.0236406619385343,419.0,419.0,415.0,414.0,30700.0
2024-06-29,416.0,416.0,413.0,413.0,401.3512573242188,4900.0,413.8,413.64,416.94666666666666,420.23,43.47826086956522,416.88,-0.386666666666656,0.2750000000000341,-0.0236406619385343,419.0,416.0,413.0,416.0,4900.0
2024-06-30,416.0,416.0,413.0,413.0,401.3512573242188,4900.0,413.85,413.56,416.8933333333333,420.28,43.47826086956522,416.6,-0.4000000000000341,0.2349999999999568,-0.0119617224880382,419.0,416.0,413.0,416.0,4900.0
2024-07-01,416.0,416.0,412.0,415.0,403.29486083984375,11600.0,413.8,413.72,416.9066666666667,420.35,50.0,416.36,-0.3066666666666151,0.2150000000000318,-0.0095465393794749,419.0,416.0,413.0,416.0,4900.0
2024-07-02,415.0,419.0,414.0,416.0,404.26666259765625,10400.0,413.95,413.84,416.8933333333333,420.39,56.52173913043478,416.08,-0.2533333333333303,0.1599999999999681,-0.0071599045346062,419.0,416.0,415.0,416.0,11600.0
2024-07-03,413.0,416.0,413.0,416.0,404.26666259765625,3500.0,413.8,413.96,417.0,420.43,65.0,415.84,-0.0533333333333416,0.2400000000000091,-0.0071599045346062,416.0,419.0,416.0,415.0,10400.0
2024-07-04,415.0,415.0,413.0,413.0,401.3512573242188,8600.0,413.65,413.96,417.06666666666666,420.455,65.0,415.62,0.1200000000000045,0.2249999999999659,-0.0143198090692123,416.0,416.0,416.0,413.0,3500.0
2024-07-05,416.0,418.0,413.0,414.0,402.3230590820313,16100.0,413.55,414.04,417.14666666666665,420.515,50.0,415.48,0.2533333333333303,0.2350000000000136,-0.0119331742243437,416.0,415.0,413.0,415.0,8600.0
2024-07-06,416.0,418.0,413.0,414.0,402.3230590820313,16100.0,413.45,413.96,417.2266666666667,420.575,50.0,415.32,0.3199999999999932,0.2249999999999659,0.0048543689320388,416.0,418.0,414.0,416.0,16100.0
2024-07-07,416.0,418.0,413.0,414.0,402.3230590820313,16100.0,413.4,414.0,417.3466666666667,420.595,50.0,415.16,0.4533333333333758,0.2050000000000409,-0.0071942446043165,416.0,418.0,414.0,416.0,16100.0
2024-07-08,416.0,416.0,413.0,413.0,401.3512573242188,4400.0,413.4,413.76,417.36,420.655,53.846153846153854,414.98,0.3600000000000136,0.2249999999999659,-0.025943396226415,416.0,418.0,414.0,416.0,16100.0
2024-07-09,413.0,416.0,413.0,413.0,401.3512573242188,2700.0,413.55,413.64,417.24,420.71,45.45454545454546,414.86,0.1733333333333462,0.2549999999999954,-0.0327868852459016,416.0,416.0,413.0,416.0,4400.0
2024-07-10,419.0,419.0,414.0,417.0,405.2384643554688,17400.0,414.05,413.68,417.16,420.785,60.0,414.74,0.013333333333378,0.2700000000000386,-0.0234192037470726,417.0,416.0,413.0,413.0,2700.0
2024-07-11,417.0,418.0,414.0,414.0,402.3230590820313,5700.0,414.05,413.6,417.04,420.845,47.05882352941176,414.48,-0.1866666666666674,0.2700000000000386,-0.0304449648711944,417.0,419.0,417.0,419.0,17400.0
2024-07-12,415.0,415.0,414.0,415.0,403.29486083984375,5600.0,414.1,413.6,416.9333333333333,420.94,56.25,414.3,-0.4133333333333553,0.3449999999999704,-0.0348837209302325,417.0,418.0,414.0,417.0,5700.0
2024-07-13,415.0,415.0,414.0,415.0,403.29486083984375,5600.0,414.15,413.68,416.82666666666665,421.035,56.25,414.28,-0.5333333333333599,0.3800000000000523,-0.0303738317757009,417.0,415.0,415.0,415.0,5600.0
2024-07-14,415.0,415.0,414.0,415.0,403.29486083984375,5600.0,414.3,413.88,416.72,421.125,56.25,414.26,-0.5199999999999818,0.4150000000000204,-0.0212264150943396,417.0,415.0,415.0,415.0,5600.0
2024-07-15,415.0,415.0,414.0,415.0,403.29486083984375,5600.0,414.35,414.2,416.68,421.185,50.0,414.24,-0.4800000000000182,0.3999999999999772,-0.0142517814726841,417.0,415.0,415.0,415.0,5600.0
2024-07-16,415.0,424.0,414.0,422.0,410.097412109375,37900.0,414.75,414.52,416.72,421.26,65.0,414.5,-0.3199999999999932,0.4149999999999636,0.0,422.0,415.0,415.0,415.0,5600.0
2024-07-17,421.0,424.0,417.0,422.0,410.097412109375,29400.0,415.1,414.84,416.76,421.335,65.0,414.62,-0.1733333333333462,0.3949999999999818,0.0,422.0,424.0,422.0,415.0,37900.0
2024-07-18,421.0,424.0,419.0,424.0,412.041015625,24600.0,415.65,415.24,416.82666666666665,421.42,78.94736842105263,414.9,0.0,0.3849999999999909,0.0047393364928909,424.0,424.0,422.0,421.0,29400.0
2024-07-19,424.0,425.0,416.0,420.0,408.1538391113281,25400.0,416.0,415.56,416.84,421.485,63.63636363636363,414.92,0.1199999999999477,0.3600000000000136,0.0023866348448686,424.0,424.0,424.0,421.0,24600.0
2024-07-20,424.0,425.0,416.0,420.0,408.1538391113281,25400.0,416.35,415.8,416.85333333333335,421.55,63.63636363636363,414.96,0.1733333333333462,0.3650000000000091,-0.0070921985815602,424.0,425.0,420.0,424.0,25400.0
2024-07-21,424.0,425.0,416.0,420.0,408.1538391113281,25400.0,416.6,416.04,416.96,421.615,63.63636363636363,415.0,0.2399999999999522,0.3550000000000182,-0.0163934426229508,424.0,425.0,420.0,424.0,25400.0
2024-07-22,421.0,424.0,417.0,423.0,411.0692138671875,13400.0,416.95,416.36,417.04,421.7,70.83333333333333,415.1,0.2800000000000295,0.3650000000000091,-0.0023584905660377,424.0,425.0,420.0,424.0,25400.0
2024-07-23,425.0,433.0,424.0,428.0,415.9281921386719,55300.0,417.55,416.96,417.0933333333333,421.81,75.86206896551724,415.36,0.2666666666666515,0.3899999999999863,0.0288461538461537,428.0,424.0,423.0,421.0,13400.0
2024-07-24,430.0,430.0,416.0,417.0,405.2384643554688,32000.0,417.75,417.12,416.96,421.865,50.0,415.38,0.1200000000000045,0.3799999999999954,0.0024038461538462,428.0,433.0,428.0,425.0,55300.0
2024-07-25,417.0,418.0,404.0,410.0,398.4358825683594,50800.0,417.55,417.0,416.73333333333335,421.885,45.00000000000001,415.28,-0.1200000000000045,0.3349999999999795,-0.0144230769230768,428.0,430.0,417.0,430.0,32000.0
2024-07-26,410.0,417.0,410.0,412.0,400.3794860839844,11900.0,417.45,416.88,416.53333333333336,421.915,46.34146341463415,415.3,-0.4266666666666197,0.3000000000000113,0.0073349633251833,428.0,418.0,410.0,417.0,50800.0
2024-07-27,410.0,417.0,410.0,412.0,400.3794860839844,11900.0,417.35,416.72,416.29333333333335,421.94,46.34146341463415,415.28,-0.7466666666666697,0.2400000000000091,-0.0096153846153845,428.0,417.0,412.0,410.0,11900.0
2024-07-28,410.0,417.0,410.0,412.0,400.3794860839844,11900.0,417.3,416.56,416.08,421.965,46.34146341463415,415.26,-1.0133333333333212,0.1549999999999727,0.0048780487804878,428.0,417.0,412.0,410.0,11900.0
2024-07-29,412.0,419.0,411.0,418.0,406.2102355957031,15400.0,417.55,416.76,416.0,421.995,53.19148936170213,415.36,-0.9599999999999796,0.1299999999999954,-0.0023866348448687,428.0,417.0,412.0,410.0,11900.0
2024-07-30,418.0,418.0,413.0,413.0,401.3512573242188,3100.0,417.35,416.72,415.8933333333333,422.02,40.0,415.38,-0.8400000000000318,0.1349999999999909,-0.0119617224880382,428.0,419.0,418.0,412.0,15400.0
2024-07-31,413.0,422.0,412.0,416.0,404.26666259765625,21700.0,417.45,416.8,415.8133333333333,422.06,43.75,415.38,-0.7200000000000273,0.1449999999999818,-0.0047846889952153,428.0,418.0,413.0,418.0,3100.0
2024-08-01,411.0,411.0,370.0,375.0,364.4230651855469,77300.0,415.45,415.24,415.18666666666667,421.895,21.83908045977012,414.62,-1.1066666666666831,-0.0450000000000159,-0.1028708133971292,428.0,422.0,416.0,413.0,21700.0
2024-08-02,367.0,372.0,341.0,341.0,331.3820495605469,49900.0,411.75,412.36,414.1066666666667,421.54,16.239316239316253,413.06,-1.9733333333333007,-0.4249999999999545,-0.1783132530120481,428.0,411.0,375.0,411.0,77300.0
2024-08-03,367.0,372.0,341.0,341.0,331.3820495605469,49900.0,408.05,409.48,413.06666666666666,421.135,16.239316239316253,411.56,-2.933333333333337,-0.8600000000000136,-0.1802884615384615,428.0,372.0,341.0,367.0,49900.0
2024-08-04,367.0,372.0,341.0,341.0,331.3820495605469,49900.0,404.35,406.44,411.97333333333336,420.64,16.239316239316253,410.06,-3.919999999999959,-1.3799999999999957,-0.1783132530120481,428.0,372.0,341.0,367.0,49900.0
2024-08-05,325.0,328.0,261.0,267.0,259.46923828125,119200.0,396.6,400.56,409.84,419.81,8.510638297872333,407.08,-5.973333333333358,-2.25,-0.3503649635036496,428.0,372.0,341.0,367.0,49900.0
2024-08-06,281.0,298.0,261.0,286.0,277.9333190917969,93100.0,389.8,395.4,408.0,419.02,14.85148514851484,404.5,-7.186666666666667,-2.875,-0.3075060532687651,428.0,328.0,267.0,325.0,119200.0
2024-08-07,282.0,304.0,282.0,304.0,295.4256286621094,54100.0,383.8,390.96,406.50666666666666,418.32,22.966507177033503,402.32,-7.600000000000023,-3.220000000000028,-0.2639225181598063,428.0,298.0,286.0,281.0,93100.0
2024-08-08,312.0,320.0,303.0,318.0,309.03076171875,23500.0,378.7,387.08,405.2,417.69,28.70370370370371,400.48,-7.866666666666674,-3.444999999999993,-0.2300242130750605,428.0,304.0,304.0,282.0,54100.0
2024-08-09,320.0,321.0,311.0,312.0,303.1999816894531,17500.0,373.3,382.96,403.8133333333333,417.045,27.272727272727263,398.58,-8.160000000000025,-3.5949999999999704,-0.2427184466019417,428.0,320.0,318.0,312.0,23500.0
2024-08-10,320.0,321.0,311.0,312.0,303.1999816894531,17500.0,367.9,378.56,402.52,416.43,27.272727272727263,396.54,-7.319999999999993,-3.3799999999999955,-0.25,428.0,321.0,312.0,320.0,17500.0
2024-08-11,320.0,321.0,311.0,312.0,303.1999816894531,17500.0,362.35,374.16,401.1333333333333,415.82,27.272727272727263,394.5,-6.866666666666674,-3.1999999999999886,-0.2445520581113801,428.0,321.0,312.0,320.0,17500.0
2024-08-12,320.0,321.0,311.0,312.0,303.1999816894531,17500.0,356.55,369.68,399.82666666666665,415.175,25.233644859813083,392.46,-6.680000000000007,-3.144999999999982,-0.2553699284009546,418.0,321.0,312.0,320.0,17500.0
2024-08-13,320.0,329.0,314.0,329.0,319.7204895019531,19700.0,352.15,366.04,398.62666666666667,414.58,31.41592920353981,390.8,-6.573333333333324,-3.1100000000000136,-0.2091346153846154,418.0,321.0,312.0,320.0,17500.0
2024-08-14,321.0,332.0,317.0,330.0,320.6922912597656,44900.0,348.15,362.44,397.4533333333333,413.99,30.80357142857143,389.12,-6.360000000000014,-3.055000000000007,-0.2067307692307692,418.0,329.0,329.0,320.0,19700.0
2024-08-15,329.0,337.0,324.0,332.0,322.6358947753906,19400.0,344.15,358.92,396.3066666666667,413.41,38.37837837837838,387.48,-6.21333333333331,-3.019999999999982,-0.2019230769230768,418.0,332.0,330.0,321.0,44900.0
2024-08-16,335.0,345.0,332.0,340.0,330.4102478027344,28500.0,340.55,355.6,395.26666666666665,412.875,49.68553459119497,385.98,-5.866666666666674,-2.944999999999993,-0.1807228915662651,418.0,337.0,332.0,329.0,19400.0
2024-08-17,335.0,345.0,332.0,340.0,330.4102478027344,28500.0,336.95,352.08,394.26666666666665,412.34,49.68553459119497,384.52,-5.560000000000002,-2.8350000000000364,-0.1767554479418885,418.0,345.0,340.0,335.0,28500.0
2024-08-18,335.0,345.0,332.0,340.0,330.4102478027344,28500.0,333.05,349.0,393.2533333333333,411.75,49.68553459119497,383.06,-5.373333333333335,-2.829999999999984,-0.1707317073170732,416.0,345.0,340.0,335.0,28500.0
2024-08-19,341.0,344.0,339.0,339.0,329.4384460449219,8500.0,329.35,346.16,392.24,411.26,91.86046511627907,381.58,-5.21333333333331,-2.730000000000018,-0.1670761670761671,416.0,345.0,340.0,335.0,28500.0
2024-08-20,339.0,368.0,339.0,363.0,352.76153564453125,39200.0,326.7,344.2,391.6,410.935,92.3076923076923,380.54,-4.706666666666649,-2.4750000000000227,-0.1231884057971014,375.0,344.0,339.0,341.0,8500.0
2024-08-21,355.0,362.0,355.0,359.0,348.8743591308594,6500.0,325.9,342.08,390.88,410.59,85.71428571428571,379.4,-4.386666666666656,-2.285000000000025,-0.1328502415458937,363.0,368.0,363.0,339.0,39200.0
2024-08-22,351.0,357.0,350.0,355.0,344.9871826171875,8600.0,326.6,339.8,390.1066666666667,410.225,77.61194029850746,378.18,-4.159999999999968,-2.1149999999999523,-0.1425120772946859,363.0,362.0,359.0,355.0,6500.0
2024-08-23,358.0,358.0,352.0,354.0,344.015380859375,4500.0,327.25,337.24,389.32,409.815,83.87096774193549,377.0,-3.933333333333337,-1.9350000000000025,-0.1407766990291262,363.0,357.0,355.0,351.0,8600.0
2024-08-24,358.0,358.0,352.0,354.0,344.015380859375,4500.0,327.9,334.88,388.5466666666667,409.43,83.87096774193549,375.8,-3.693333333333328,-1.829999999999984,-0.144927536231884,363.0,358.0,354.0,358.0,4500.0
2024-08-25,358.0,358.0,352.0,354.0,344.015380859375,4500.0,332.25,332.4,387.72,409.09,83.87096774193549,374.6,-3.879999999999996,-1.8450000000000275,-0.144927536231884,363.0,358.0,354.0,358.0,4500.0
2024-08-26,368.0,368.0,349.0,357.0,346.9307556152344,18300.0,335.8,331.68,386.97333333333336,408.755,84.61538461538461,373.46,-3.906666666666638,-1.8349999999999795,-0.1397590361445783,363.0,358.0,354.0,358.0,4500.0
2024-08-27,356.0,362.0,356.0,358.0,347.9025573730469,2800.0,338.5,332.36,386.16,408.43,79.59183673469389,372.36,-3.9466666666666574,-1.795000000000016,-0.1331719128329297,363.0,368.0,357.0,368.0,18300.0
2024-08-28,357.0,360.0,357.0,358.0,347.9025573730469,2500.0,340.5,333.04,385.38666666666666,408.105,79.16666666666667,371.26,-3.933333333333337,-1.7099999999999795,-0.1331719128329297,363.0,362.0,358.0,356.0,2800.0
2024-08-29,357.0,360.0,357.0,360.0,349.8461303710937,2000.0,342.9,333.8,384.64,407.79,79.16666666666667,370.12,-3.906666666666695,-1.6399999999999864,-0.1283292978208232,363.0,360.0,358.0,357.0,2500.0
2024-08-30,359.0,360.0,354.0,356.0,345.9589538574219,8400.0,345.1,337.36,383.84,407.455,68.18181818181819,368.96,-3.880000000000052,-1.634999999999991,-0.1421686746987951,363.0,360.0,360.0,357.0,2000.0
2024-08-31,359.0,360.0,354.0,356.0,345.9589538574219,8400.0,347.3,340.16,383.0533333333333,407.08,68.18181818181819,367.78,-3.920000000000016,-1.6750000000000114,-0.1442307692307692,363.0,360.0,356.0,359.0,8400.0
2024-09-01,359.0,360.0,354.0,356.0,345.9589538574219,8400.0,349.5,342.24,382.29333333333335,406.75,68.18181818181819,366.6,-3.866666666666674,-1.6800000000000068,-0.1442307692307692,363.0,360.0,356.0,359.0,8400.0
2024-09-02,365.0,365.0,356.0,358.0,347.9025573730469,5900.0,350.95,343.84,381.6,406.435,71.11111111111111,365.46,-3.786666666666633,-1.670000000000016,-0.1331719128329297,363.0,360.0,356.0,359.0,8400.0
2024-09-03,357.0,360.0,354.0,357.0,346.9307556152344,5600.0,352.3,345.64,380.9333333333333,406.02,36.36363636363636,364.3,-3.706666666666649,-1.7700000000000389,-0.1376811594202898,363.0,365.0,358.0,365.0,5900.0
2024-09-04,353.0,356.0,343.0,344.0,334.29742431640625,10000.0,352.9,346.92,380.0,405.54,25.80645161290323,362.74,-3.839999999999975,-1.914999999999964,-0.1690821256038647,363.0,360.0,357.0,357.0,5600.0
2024-09-05,344.0,362.0,344.0,346.0,336.24102783203125,5000.0,353.2,348.28,379.0933333333333,405.07,34.48275862068965,361.22,-3.960000000000037,-2.009999999999991,-0.1642512077294685,363.0,356.0,344.0,353.0,10000.0
2024-09-06,345.0,350.0,339.0,342.0,332.3538513183594,9200.0,353.3,349.48,378.1333333333333,404.565,31.25,359.58,-4.160000000000025,-2.1850000000000023,-0.1719128329297821,363.0,362.0,346.0,344.0,5000.0
2024-09-07,345.0,350.0,339.0,342.0,332.3538513183594,9200.0,353.4,350.0,377.2,404.07,31.25,358.02,-4.400000000000034,-2.365000000000009,-0.1719128329297821,363.0,350.0,342.0,345.0,9200.0
2024-09-08,345.0,350.0,339.0,342.0,332.3538513183594,9200.0,353.55,350.48,376.24,403.585,31.25,356.46,-4.693333333333328,-2.4350000000000023,-0.1798561151079136,363.0,350.0,342.0,345.0,9200.0
2024-09-09,340.0,340.0,329.0,333.0,323.6076965332031,25500.0,352.05,350.52,375.16,403.085,18.421052631578945,354.72,-4.839999999999975,-2.455000000000041,-0.1956521739130434,360.0,350.0,342.0,345.0,9200.0
2024-09-10,330.0,335.0,330.0,333.0,323.6076965332031,11400.0,350.75,350.24,374.06666666666666,402.585,16.216216216216225,352.92,-5.026666666666642,-2.4850000000000136,-0.1975903614457831,360.0,340.0,333.0,340.0,25500.0
2024-09-11,331.0,333.0,322.0,325.0,315.83331298828125,7100.0,349.25,349.64,372.8933333333333,402.045,13.333333333333329,350.86,-5.240000000000009,-2.519999999999982,-0.2168674698795181,360.0,335.0,333.0,330.0,11400.0
2024-09-12,328.0,333.0,328.0,331.0,321.6640930175781,3300.0,348.1,349.28,371.8,401.535,20.408163265306115,349.14,-5.399999999999977,-2.534999999999968,-0.2024096385542169,360.0,333.0,325.0,331.0,7100.0
2024-09-13,335.0,337.0,333.0,334.0,324.5794677734375,4000.0,347.1,349.08,370.7466666666666,401.04,27.08333333333333,347.62,-5.493333333333339,-2.544999999999959,-0.1951807228915663,360.0,333.0,331.0,328.0,3300.0
2024-09-14,335.0,337.0,333.0,334.0,324.5794677734375,4000.0,346.1,347.92,369.6666666666667,400.54,27.08333333333333,346.06,-5.493333333333339,-2.544999999999959,-0.2085308056872038,360.0,337.0,334.0,335.0,4000.0
2024-09-15,335.0,337.0,333.0,334.0,324.5794677734375,4000.0,344.95,346.92,368.5733333333333,400.075,27.08333333333333,344.5,-5.493333333333339,-2.509999999999991,-0.2085308056872038,360.0,337.0,334.0,335.0,4000.0
2024-09-16,335.0,337.0,333.0,334.0,324.5794677734375,4000.0,343.75,346.08,367.48,399.615,23.913043478260875,342.94,-5.4133333333332985,-2.430000000000007,-0.2122641509433962,360.0,337.0,334.0,335.0,4000.0
2024-09-17,337.0,337.0,332.0,334.0,324.5794677734375,1400.0,342.55,345.28,366.4266666666667,399.155,24.444444444444443,341.26,-5.373333333333335,-2.3800000000000523,-0.2047619047619048,360.0,337.0,334.0,335.0,4000.0
2024-09-18,335.0,338.0,335.0,337.0,327.494873046875,1300.0,341.4,344.6,365.4,398.71,39.99999999999999,339.74,-5.346666666666692,-2.330000000000041,-0.1976190476190475,358.0,337.0,334.0,337.0,1400.0
2024-09-19,335.0,340.0,331.0,335.0,325.55126953125,5900.0,340.35,343.84,364.3466666666667,398.255,34.28571428571429,338.12,-5.319999999999993,-2.285000000000025,-0.2023809523809523,358.0,338.0,337.0,335.0,1300.0
2024-09-20,336.0,341.0,335.0,335.0,325.55126953125,5100.0,339.3,342.96,363.29333333333335,397.805,38.70967741935484,337.32,-5.279999999999973,-2.269999999999982,-0.2080378250591016,358.0,340.0,335.0,335.0,5900.0
2024-09-21,336.0,341.0,335.0,335.0,325.55126953125,5100.0,338.25,342.04,362.2533333333333,397.36,38.70967741935484,337.2,-5.226666666666688,-2.2549999999999955,-0.2172897196261682,358.0,341.0,335.0,336.0,5100.0
2024-09-22,336.0,341.0,335.0,335.0,325.55126953125,5100.0,337.1,341.12,361.2133333333333,396.895,38.70967741935484,337.08,-5.213333333333367,-2.259999999999991,-0.1966426858513189,357.0,341.0,335.0,336.0,5100.0
2024-09-23,336.0,341.0,335.0,335.0,325.55126953125,5100.0,336.0,340.12,360.12,396.43,54.54545454545455,336.96,-5.279999999999973,-2.2799999999999727,-0.1829268292682927,346.0,341.0,335.0,336.0,5100.0
2024-09-24,340.0,340.0,336.0,339.0,329.4384460449219,2500.0,335.75,339.44,359.12,395.98,61.53846153846153,338.4,-5.226666666666688,-2.2749999999999773,-0.1771844660194175,346.0,341.0,335.0,336.0,5100.0
2024-09-25,342.0,342.0,334.0,340.0,330.4102478027344,2200.0,335.45,338.8,358.12,395.535,89.47368421052632,339.48,-5.173333333333346,-2.269999999999982,-0.1747572815533981,342.0,340.0,339.0,340.0,2500.0
2024-09-26,341.0,342.0,340.0,341.0,331.3820495605469,1900.0,335.4,338.2,357.1333333333333,395.095,85.71428571428571,340.22,-5.1200000000000045,-2.2649999999999864,-0.1723300970873786,342.0,342.0,340.0,342.0,2200.0
2024-09-27,346.0,346.0,341.0,343.0,333.3256225585937,2600.0,335.45,337.6,356.17333333333335,394.715,84.61538461538461,340.72,-5.039999999999964,-2.180000000000007,-0.1794258373205741,343.0,342.0,341.0,341.0,1900.0
2024-09-28,346.0,346.0,341.0,343.0,333.3256225585937,2600.0,335.5,337.04,355.2133333333333,394.33,84.61538461538461,341.34,-4.906666666666695,-2.1000000000000227,-0.1694915254237288,343.0,346.0,343.0,346.0,2600.0
2024-09-29,346.0,346.0,341.0,343.0,333.3256225585937,2600.0,336.0,337.0,354.16,393.945,84.61538461538461,341.96,-4.95999999999998,-2.035000000000025,-0.1754807692307692,343.0,346.0,343.0,346.0,2600.0
2024-09-30,327.0,342.0,327.0,334.0,324.5794677734375,10100.0,336.05,336.52,352.9866666666667,393.525,50.0,342.4,-5.133333333333326,-2.010000000000048,-0.1093333333333332,343.0,346.0,343.0,346.0,2600.0
2024-10-01,334.0,340.0,334.0,340.0,330.4102478027344,1000.0,336.8,336.44,351.8666666666667,393.105,60.71428571428572,342.96,-5.266666666666652,-1.990000000000009,-0.002932551319648,343.0,342.0,334.0,327.0,10100.0
2024-10-02,336.0,352.0,335.0,348.0,338.1846008300781,8700.0,337.65,336.68,350.9066666666667,392.725,66.66666666666666,343.34,-5.266666666666652,-1.9899999999999525,0.0205278592375366,348.0,340.0,340.0,334.0,1000.0
2024-10-03,350.0,350.0,343.0,346.0,336.24102783203125,3700.0,338.25,336.84,349.92,392.335,66.66666666666666,343.66,-5.293333333333294,-1.9950000000000043,0.0146627565982404,348.0,352.0,348.0,336.0,8700.0
2024-10-04,345.0,345.0,341.0,343.0,333.3256225585937,4900.0,338.7,337.24,348.8933333333333,391.93,61.11111111111111,343.88,-5.266666666666708,-2.0149999999999864,0.2846441947565543,348.0,350.0,346.0,350.0,3700.0
2024-10-05,345.0,345.0,341.0,343.0,333.3256225585937,4900.0,339.15,337.64,347.82666666666665,391.54,61.11111111111111,343.94,-5.160000000000025,-1.9849999999999568,0.1993006993006993,348.0,345.0,343.0,345.0,4900.0
2024-10-06,345.0,345.0,341.0,343.0,333.3256225585937,4900.0,339.6,338.36,346.6933333333333,391.15,61.11111111111111,344.0,-5.173333333333346,-1.955000000000041,0.1282894736842106,348.0,345.0,343.0,345.0,4900.0
2024-10-07,345.0,345.0,341.0,343.0,333.3256225585937,36900.0,340.05,338.84,345.70666666666665,390.74,61.11111111111111,344.06,-5.2000000000000455,-1.9850000000000136,0.0786163522012579,348.0,345.0,343.0,345.0,4900.0
2024-10-08,341.0,344.0,339.0,341.0,331.3820495605469,3000.0,340.25,339.12,344.7866666666667,390.315,52.94117647058823,344.1,-5.133333333333326,-2.019999999999982,0.0929487179487178,348.0,345.0,343.0,345.0,36900.0
2024-10-09,341.0,343.0,340.0,343.0,333.3256225585937,1000.0,340.65,339.48,343.8666666666667,389.9,54.285714285714285,343.7,-5.026666666666642,-2.0300000000000296,0.0993589743589744,348.0,344.0,341.0,341.0,3000.0
2024-10-10,343.0,343.0,343.0,343.0,333.3256225585937,1300.0,341.05,339.84,342.94666666666666,389.485,52.94117647058823,343.38,-4.879999999999996,-2.055000000000007,0.0993589743589744,348.0,343.0,343.0,341.0,1000.0
2024-10-11,341.0,344.0,341.0,344.0,334.29742431640625,2400.0,341.5,340.24,342.04,389.095,51.51515151515152,343.16,-4.653333333333308,-2.05499999999995,0.1025641025641026,348.0,343.0,343.0,343.0,1300.0
2024-10-12,341.0,344.0,341.0,344.0,334.29742431640625,2400.0,341.95,340.64,341.05333333333334,388.695,51.51515151515152,342.96,-4.653333333333308,-2.045000000000016,0.0455927051671731,348.0,344.0,344.0,341.0,2400.0
2024-10-13,341.0,344.0,341.0,344.0,334.29742431640625,2400.0,342.4,340.92,340.1333333333333,388.29,51.51515151515152,342.76,-4.653333333333364,-2.0249999999999773,0.0424242424242424,348.0,344.0,344.0,341.0,2400.0
2024-10-14,341.0,344.0,341.0,344.0,334.29742431640625,2400.0,342.65,341.28,339.17333333333335,387.91,70.83333333333333,342.56,-4.693333333333328,-1.9899999999999525,0.036144578313253,348.0,344.0,344.0,341.0,2400.0
2024-10-15,343.0,345.0,343.0,344.0,334.29742431640625,2900.0,342.85,341.64,338.76,387.53,61.11111111111111,342.3,-4.186666666666667,-1.955000000000041,0.0117647058823529,348.0,344.0,344.0,341.0,2400.0
2024-10-16,342.0,344.0,341.0,342.0,332.3538513183594,5700.0,342.9,341.92,338.7733333333333,387.14,25.0,341.98,-3.2666666666667084,-1.955000000000041,0.0058823529411764,348.0,345.0,344.0,343.0,2900.0
2024-10-17,342.0,342.0,334.0,337.0,327.494873046875,10500.0,342.6,342.0,338.72,386.725,20.0,341.56,-2.3333333333333144,-1.9699999999999704,-0.0088235294117646,348.0,344.0,342.0,342.0,5700.0
2024-10-18,338.0,347.0,338.0,343.0,333.3256225585937,8900.0,342.6,342.32,338.74666666666667,386.34,50.0,341.22,-1.386666666666656,-1.9500000000000453,0.0117994100294984,348.0,342.0,337.0,342.0,10500.0
2024-10-19,338.0,347.0,338.0,343.0,333.3256225585937,8900.0,342.6,342.48,339.76,385.955,50.0,340.96,0.5866666666666447,-1.955000000000041,-0.0550964187327823,348.0,347.0,343.0,338.0,8900.0
2024-10-20,338.0,347.0,338.0,343.0,333.3256225585937,8900.0,343.05,342.6,340.52,385.58,50.0,340.7,1.759999999999991,-1.9499999999999889,-0.0445682451253481,348.0,347.0,343.0,338.0,8900.0
2024-10-21,343.0,346.0,340.0,344.0,334.29742431640625,11800.0,343.25,342.72,341.05333333333334,385.2,52.631578947368425,340.46,2.2800000000000296,-1.9399999999999973,-0.0309859154929577,348.0,347.0,343.0,338.0,8900.0
2024-10-22,342.0,342.0,335.0,335.0,325.55126953125,13100.0,342.6,342.4,341.28,384.78,38.46153846153846,340.0,2.559999999999945,-1.94500000000005,-0.0536723163841807,346.0,346.0,344.0,343.0,11800.0
2024-10-23,339.0,339.0,335.0,339.0,329.4384460449219,3200.0,342.25,342.24,341.64,384.38,42.85714285714285,339.64,2.8933333333333167,-1.9599999999999795,-0.0423728813559322,344.0,342.0,335.0,342.0,13100.0
2024-10-24,337.0,340.0,337.0,337.0,327.494873046875,1200.0,341.95,342.0,341.97333333333336,383.97,39.99999999999999,339.5,2.2133333333333667,-1.9849999999999568,-0.0480225988700564,344.0,339.0,339.0,339.0,3200.0
2024-10-25,335.0,336.0,327.0,327.0,317.77691650390625,12600.0,341.15,341.72,342.17333333333335,383.505,28.205128205128204,339.12,1.6533333333333644,-2.0749999999999886,-0.0840336134453781,344.0,340.0,337.0,337.0,1200.0
2024-10-26,335.0,336.0,327.0,327.0,317.77691650390625,12600.0,340.35,341.2,342.37333333333333,383.04,28.205128205128204,338.82,1.3199999999999932,-2.159999999999968,-0.0865921787709497,344.0,336.0,327.0,335.0,12600.0
2024-10-27,335.0,336.0,327.0,327.0,317.77691650390625,12600.0,339.55,340.36,342.3466666666667,382.58,28.205128205128204,338.52,1.0666666666667195,-2.1999999999999886,-0.0865921787709497,344.0,336.0,327.0,335.0,12600.0
2024-10-28,326.0,342.0,326.0,341.0,331.3820495605469,18300.0,339.55,340.16,342.49333333333334,382.2,47.16981132075472,338.5,0.853333333333353,-2.180000000000007,-0.0527777777777778,344.0,336.0,327.0,335.0,12600.0
2024-10-29,344.0,363.0,344.0,362.0,351.78973388671875,55000.0,340.5,340.92,342.8933333333333,381.91,62.16216216216216,339.08,0.9199999999999592,-2.0600000000000023,0.0168539325842695,362.0,342.0,341.0,326.0,18300.0
2024-10-30,360.0,370.0,360.0,370.0,359.5640869140625,35500.0,341.85,342.0,343.2933333333333,381.66,67.5,339.82,1.1200000000000043,-1.8449999999999704,0.0393258426966292,370.0,363.0,362.0,344.0,55000.0
2024-10-31,370.0,374.0,368.0,374.0,363.4512634277344,21000.0,343.35,343.24,343.74666666666667,381.43,73.41772151898735,340.8,1.3733333333333348,-1.6100000000000136,0.050561797752809,374.0,370.0,370.0,360.0,35500.0
2024-11-01,365.0,367.0,355.0,363.0,352.76153564453125,25800.0,344.3,344.04,344.05333333333334,381.14,61.90476190476191,341.44,1.7066666666666492,-1.4399999999999975,0.0139664804469272,374.0,374.0,374.0,370.0,21000.0
2024-11-02,365.0,367.0,355.0,363.0,352.76153564453125,25800.0,345.25,344.92,344.37333333333333,380.87,61.90476190476191,342.02,1.879999999999996,-1.329999999999984,0.0168067226890755,374.0,367.0,363.0,365.0,25800.0
2024-11-03,365.0,367.0,355.0,363.0,352.76153564453125,25800.0,346.2,345.72,344.37333333333333,380.615,61.90476190476191,342.6,1.4800000000000182,-1.295000000000016,0.0552325581395349,374.0,367.0,363.0,365.0,25800.0
2024-11-04,365.0,367.0,355.0,363.0,352.76153564453125,25800.0,347.15,346.52,344.4266666666667,380.345,61.44578313253012,343.18,1.1333333333333258,-1.3149999999999975,0.0491329479768785,374.0,367.0,363.0,365.0,25800.0
2024-11-05,363.0,363.0,350.0,359.0,348.8743591308594,15600.0,348.0,347.12,344.48,380.1,65.38461538461539,343.68,0.7333333333333485,-1.329999999999984,0.0497076023391813,374.0,367.0,363.0,365.0,25800.0
2024-11-06,361.0,361.0,346.0,346.0,336.24102783203125,18000.0,348.45,347.2,344.37333333333333,379.79,54.02298850574712,343.92,0.3199999999999932,-1.349999999999966,0.0116959064327486,374.0,363.0,359.0,363.0,15600.0
2024-11-07,354.0,354.0,343.0,345.0,335.26922607421875,38900.0,348.55,347.24,344.25333333333333,379.475,54.65116279069768,344.08,-0.1200000000000045,-1.3949999999999818,0.0087719298245614,374.0,361.0,346.0,361.0,18000.0
2024-11-08,347.0,348.0,341.0,346.0,336.24102783203125,23300.0,348.7,347.32,344.14666666666665,379.165,62.33766233766234,344.3,-0.2266666666666879,-1.4499999999999886,0.0390390390390389,374.0,354.0,345.0,354.0,38900.0
2024-11-09,347.0,348.0,341.0,346.0,336.24102783203125,23300.0,348.85,347.4,344.0,378.87,62.33766233766234,344.52,-0.4266666666666765,-1.4750000000000227,0.0390390390390389,374.0,348.0,346.0,347.0,23300.0
2024-11-10,347.0,348.0,341.0,346.0,336.24102783203125,23300.0,348.95,347.56,343.84,378.54,62.33766233766234,344.74,-0.6400000000000432,-1.5600000000000025,0.0646153846153845,374.0,348.0,346.0,347.0,23300.0
2024-11-11,348.0,350.0,340.0,341.0,331.3820495605469,20600.0,349.25,347.72,343.61333333333334,378.135,50.0,344.86,-0.7599999999999909,-1.6550000000000296,0.0302114803625377,374.0,348.0,346.0,347.0,23300.0
2024-11-12,341.0,347.0,336.0,347.0,337.2127990722656,16600.0,349.65,347.88,343.44,377.755,35.84905660377359,345.1,-0.8133333333333326,-1.7200000000000273,0.0389221556886227,374.0,350.0,341.0,348.0,20600.0
2024-11-13,345.0,348.0,340.0,346.0,336.24102783203125,18200.0,350.1,348.0,343.3066666666667,377.37,23.913043478260875,345.24,-0.839999999999975,-1.795000000000016,0.0359281437125749,374.0,347.0,347.0,341.0,16600.0
2024-11-14,348.0,348.0,336.0,338.0,328.4666442871094,17600.0,350.65,347.8,343.06666666666666,376.945,14.0,345.2,-0.9333333333333372,-1.925000000000012,0.0119760479041917,374.0,348.0,346.0,345.0,18200.0
2024-11-15,337.0,340.0,335.0,337.0,327.494873046875,16500.0,351.15,347.52,342.81333333333333,376.515,17.5,345.12,-1.0266666666666424,-2.025000000000034,0.0089820359281436,374.0,348.0,338.0,348.0,17600.0
2024-11-16,337.0,340.0,335.0,337.0,327.494873046875,16500.0,351.65,347.6,342.53333333333336,376.085,17.5,345.0,-1.079999999999984,-2.050000000000012,0.0089820359281436,374.0,340.0,337.0,337.0,16500.0
2024-11-17,337.0,340.0,335.0,337.0,327.494873046875,16500.0,351.45,347.52,342.26666666666665,375.68,17.5,344.88,-1.1733333333333462,-2.0749999999999886,0.0,374.0,340.0,337.0,337.0,16500.0
2024-11-18,336.0,338.0,331.0,337.0,327.494873046875,25200.0,350.2,347.52,342.17333333333335,375.27,17.5,344.76,-1.1333333333333258,-2.1000000000000227,0.0059701492537314,374.0,340.0,337.0,337.0,16500.0
2024-11-19,340.0,341.0,335.0,336.0,326.5230712890625,9600.0,348.5,347.88,342.04,374.855,18.91891891891892,344.8,-1.0266666666666424,-2.089999999999975,0.0029850746268655,374.0,338.0,337.0,336.0,25200.0
2024-11-20,338.0,343.0,338.0,341.0,331.3820495605469,5100.0,346.85,348.44,342.02666666666664,374.465,41.3793103448276,344.82,-0.7866666666666902,-2.050000000000012,0.0179104477611939,363.0,341.0,336.0,340.0,9600.0
2024-11-21,341.0,343.0,340.0,341.0,331.3820495605469,4300.0,345.75,349.0,342.0133333333333,374.075,42.85714285714285,344.68,-0.5200000000000387,-2.009999999999991,0.0179104477611939,363.0,343.0,341.0,338.0,5100.0
2024-11-22,342.0,348.0,342.0,348.0,338.1846008300781,7100.0,345.0,349.28,342.0933333333333,373.72,52.94117647058823,344.72,-0.1733333333333462,-1.9599999999999795,0.0388059701492538,363.0,343.0,341.0,341.0,4300.0
2024-11-23,342.0,348.0,342.0,348.0,338.1846008300781,7100.0,344.25,348.72,342.2933333333333,373.4,52.94117647058823,344.82,0.1200000000000045,-1.8700000000000043,0.0265486725663717,363.0,348.0,348.0,342.0,7100.0
2024-11-24,342.0,348.0,342.0,348.0,338.1846008300781,7100.0,343.5,347.84,342.49333333333334,373.055,52.94117647058823,344.92,0.4533333333333189,-1.8000000000000114,0.0235294117647058,359.0,348.0,348.0,342.0,7100.0
2024-11-25,349.0,354.0,347.0,354.0,344.015380859375,15200.0,343.25,347.04,342.88,372.705,68.57142857142857,345.14,0.853333333333353,-1.759999999999991,0.0381231671554251,354.0,348.0,348.0,342.0,7100.0
2024-11-26,353.0,356.0,352.0,354.0,344.015380859375,18700.0,343.65,346.68,343.18666666666667,372.34,62.06896551724138,345.36,1.1733333333333462,-1.7350000000000136,0.032069970845481,354.0,354.0,354.0,349.0,15200.0
2024-11-27,354.0,354.0,351.0,354.0,344.015380859375,6000.0,344.1,346.32,343.4533333333333,371.975,64.28571428571428,345.62,1.3600000000000136,-1.7450000000000043,0.032069970845481,354.0,356.0,354.0,353.0,18700.0
2024-11-28,355.0,359.0,352.0,356.0,345.9589538574219,12700.0,344.6,346.04,343.74666666666667,371.62,90.9090909090909,345.88,1.453333333333319,-1.7799999999999727,0.0379008746355684,356.0,354.0,354.0,354.0,6000.0
2024-11-29,358.0,365.0,358.0,363.0,352.76153564453125,14900.0,345.45,346.04,344.1333333333333,371.285,96.42857142857144,346.28,1.6399999999999864,-1.7699999999999818,0.0868263473053891,363.0,359.0,356.0,355.0,12700.0
2024-11-30,358.0,365.0,358.0,363.0,352.76153564453125,14900.0,346.3,346.2,344.52,370.96,96.42857142857144,346.66,1.6399999999999864,-1.7450000000000043,0.0676470588235294,363.0,365.0,363.0,358.0,14900.0
2024-12-01,358.0,365.0,358.0,363.0,352.76153564453125,14900.0,347.4,346.88,344.9066666666667,370.655,96.42857142857144,347.04,1.7200000000000273,-1.6850000000000025,0.0431034482758621,363.0,365.0,363.0,358.0,14900.0
2024-12-02,365.0,368.0,358.0,364.0,353.7333374023437,18200.0,348.25,347.64,345.26666666666665,370.37,96.55172413793105,347.44,1.8133333333333328,-1.6050000000000182,0.0520231213872832,364.0,365.0,363.0,358.0,14900.0
2024-12-03,364.0,365.0,355.0,359.0,348.8743591308594,13300.0,348.9,348.16,345.58666666666664,370.055,84.84848484848484,347.74,1.839999999999975,-1.5649999999999975,0.0466472303206997,364.0,368.0,364.0,365.0,18200.0
2024-12-04,365.0,367.0,355.0,355.0,344.9871826171875,41600.0,349.75,348.52,345.8533333333333,369.72,71.875,347.96,1.7200000000000273,-1.5649999999999975,0.0349854227405248,364.0,365.0,359.0,364.0,13300.0
2024-12-05,358.0,360.0,355.0,355.0,344.9871826171875,7100.0,350.65,348.88,346.12,369.385,71.875,348.22,1.6000000000000227,-1.5749999999999886,0.0349854227405248,364.0,367.0,355.0,365.0,41600.0
2024-12-06,357.0,360.0,353.0,353.0,343.0435791015625,13200.0,351.45,349.36,346.36,369.055,59.25925925925926,348.54,1.453333333333319,-1.599999999999966,0.0291545189504374,364.0,360.0,355.0,358.0,7100.0
2024-12-07,357.0,360.0,353.0,353.0,343.0435791015625,13200.0,352.25,349.6,346.6,368.705,59.25925925925926,348.74,1.3333333333333712,-1.6650000000000205,0.035190615835777,364.0,360.0,353.0,357.0,13200.0
2024-12-08,357.0,360.0,353.0,353.0,343.0435791015625,13200.0,353.05,349.88,346.7866666666667,368.335,59.25925925925926,348.94,1.2000000000000457,-1.7200000000000273,0.0291545189504374,364.0,360.0,353.0,357.0,13200.0
2024-12-09,353.0,357.0,349.0,356.0,345.9589538574219,10100.0,354.05,350.6,347.0,367.995,54.16666666666666,349.2,1.146666666666647,-1.7250000000000227,0.0379008746355684,364.0,360.0,353.0,357.0,13200.0
2024-12-10,358.0,358.0,349.0,355.0,344.9871826171875,9300.0,354.75,351.32,347.18666666666667,367.69,52.0,349.42,1.0666666666666629,-1.6949999999999932,0.0319767441860465,364.0,357.0,356.0,353.0,10100.0
2024-12-11,355.0,355.0,353.0,353.0,343.0435791015625,6600.0,355.35,351.96,347.32,367.375,48.14814814814815,349.78,0.9599999999999796,-1.6800000000000068,0.0261627906976744,364.0,358.0,355.0,358.0,9300.0
2024-12-12,355.0,355.0,340.0,349.0,339.1564025878906,10000.0,355.4,352.44,347.4,367.04,37.93103448275862,349.98,0.7999999999999545,-1.6649999999999636,0.0145348837209302,364.0,355.0,353.0,355.0,6600.0
2024-12-13,349.0,350.0,346.0,350.0,340.1282043457031,8300.0,355.5,352.96,347.49333333333334,366.745,21.73913043478261,350.24,0.7066666666666492,-1.589999999999975,0.0174418604651163,364.0,355.0,349.0,355.0,10000.0
2024-12-14,349.0,350.0,346.0,350.0,340.1282043457031,8300.0,355.6,353.52,347.70666666666665,366.415,21.73913043478261,350.7,0.7066666666666492,-1.579999999999984,0.0174418604651163,364.0,350.0,350.0,349.0,8300.0
2024-12-15,349.0,350.0,346.0,350.0,340.1282043457031,8300.0,355.4,353.88,347.84,366.115,21.73913043478261,351.16,0.6533333333333076,-1.5749999999999886,0.023391812865497,364.0,350.0,350.0,349.0,8300.0
2024-12-16,350.0,350.0,333.0,348.0,338.1846008300781,27000.0,355.1,354.16,347.84,365.76,16.666666666666657,351.58,0.5199999999999818,-1.615000000000009,0.032640949554896,364.0,350.0,350.0,349.0,8300.0
2024-12-17,347.0,349.0,342.0,347.0,337.2127990722656,9000.0,354.75,354.12,347.8533333333333,365.405,20.0,351.7,0.4533333333333758,-1.6350000000000475,0.0116618075801748,364.0,350.0,348.0,350.0,27000.0
2024-12-18,345.0,349.0,345.0,348.0,338.1846008300781,8200.0,354.35,354.12,347.92,365.055,29.41176470588236,351.42,0.4266666666666765,-1.6899999999999975,0.0145772594752187,364.0,349.0,347.0,347.0,9000.0
2024-12-19,338.0,347.0,338.0,345.0,335.26922607421875,25700.0,353.45,354.0,347.94666666666666,364.69,25.00000000000001,350.92,0.2400000000000091,-1.7250000000000227,0.0058309037900874,364.0,349.0,348.0,345.0,8200.0
2024-12-20,344.0,347.0,344.0,347.0,337.2127990722656,11900.0,352.65,353.72,348.0,364.35,35.0,350.38,0.160000000000025,-1.7649999999999864,0.0087209302325581,364.0,347.0,345.0,338.0,25700.0
2024-12-21,344.0,347.0,344.0,347.0,337.2127990722656,11900.0,351.85,353.44,348.05333333333334,364.005,35.0,350.06,0.2133333333333666,-1.7549999999999957,0.0358208955223879,364.0,347.0,347.0,344.0,11900.0
2024-12-22,344.0,347.0,344.0,347.0,337.2127990722656,11900.0,351.0,353.16,348.1333333333333,363.665,35.0,349.74,0.2799999999999727,-1.7399999999999525,0.0235988200589971,359.0,347.0,347.0,344.0,11900.0
2024-12-23,347.0,347.0,342.0,347.0,337.2127990722656,17300.0,350.4,352.8,348.18666666666667,363.345,23.529411764705884,349.42,0.2666666666666515,-1.7099999999999795,0.0296735905044509,356.0,347.0,347.0,344.0,11900.0
2024-12-24,346.0,350.0,345.0,346.0,336.24102783203125,11500.0,349.95,352.12,348.2266666666667,363.01,23.529411764705884,349.08,0.2800000000000295,-1.6800000000000068,0.0581039755351682,356.0,347.0,347.0,347.0,17300.0
2024-12-25,350.0,350.0,345.0,346.0,336.24102783203125,12900.0,349.5,351.44,348.25333333333333,362.675,26.66666666666667,348.82,0.2533333333333303,-1.6750000000000114,0.0581039755351682,356.0,350.0,346.0,346.0,11500.0
2024-12-26,345.0,349.0,345.0,347.0,337.2127990722656,13600.0,349.2,350.8,348.2933333333333,362.345,41.66666666666667,348.84,0.2400000000000091,-1.6599999999999682,0.0611620795107032,356.0,350.0,346.0,350.0,12900.0
2024-12-27,349.0,352.0,346.0,352.0,342.07177734375,4500.0,349.15,350.32,348.4,362.045,56.25,348.98,0.2666666666666515,-1.6200000000000043,0.032258064516129,356.0,349.0,347.0,345.0,13600.0
2024-12-28,349.0,352.0,346.0,352.0,342.07177734375,4500.0,349.1,350.04,348.50666666666666,361.725,56.25,349.1,0.3199999999999932,-1.6200000000000043,-0.0276243093922652,356.0,352.0,352.0,349.0,4500.0
2024-12-29,349.0,352.0,346.0,352.0,342.07177734375,4500.0,348.9,349.92,348.61333333333334,361.42,56.25,349.22,0.386666666666656,-1.589999999999975,-0.0486486486486485,355.0,352.0,352.0,349.0,4500.0
2024-12-30,354.0,357.0,351.0,355.0,344.9871826171875,6900.0,348.9,349.92,348.7866666666667,361.1,70.58823529411765,349.4,0.5333333333333599,-1.5749999999999886,-0.0508021390374331,355.0,352.0,352.0,349.0,4500.0
2024-12-31,354.0,357.0,351.0,355.0,344.9871826171875,6900.0,349.0,350.0,349.02666666666664,360.795,75.0,349.68,0.7333333333332916,-1.5500000000000114,-0.0220385674931129,355.0,357.0,355.0,354.0,6900.0
2025-01-01,354.0,357.0,351.0,355.0,344.9871826171875,6900.0,349.3,350.08,349.18666666666667,360.49,73.33333333333333,349.84,0.7866666666666902,-1.5550000000000068,-0.0220385674931129,355.0,357.0,355.0,354.0,6900.0
2025-01-02,354.0,357.0,351.0,355.0,344.9871826171875,6900.0,349.55,350.16,349.3466666666667,360.185,91.66666666666669,350.02,0.8400000000000318,-1.5400000000000205,-0.0220385674931129,355.0,357.0,355.0,354.0,6900.0
2025-01-03,354.0,357.0,351.0,355.0,344.9871826171875,6900.0,349.8,350.12,349.50666666666666,359.885,90.0,350.36,0.8933333333333167,-1.535000000000025,-0.0220385674931129,355.0,357.0,355.0,354.0,6900.0
2025-01-04,354.0,357.0,351.0,355.0,344.9871826171875,6900.0,350.05,350.12,349.6533333333333,359.595,90.0,350.72,0.8666666666666174,-1.5049999999999957,-0.0111420612813371,355.0,357.0,355.0,354.0,6900.0
2025-01-05,354.0,357.0,351.0,355.0,344.9871826171875,6900.0,350.4,350.2,349.92,359.32,90.0,351.08,0.8933333333333735,-1.4750000000000227,0.0260115606936415,355.0,357.0,355.0,354.0,6900.0
2025-01-06,357.0,364.0,355.0,364.0,353.7333374023437,17100.0,351.25,350.8,350.25333333333333,359.105,94.73684210526316,351.62,1.0666666666666629,-1.384999999999991,0.0550724637681159,364.0,357.0,355.0,354.0,6900.0
2025-01-07,364.0,364.0,360.0,362.0,351.78973388671875,6900.0,351.95,351.28,350.58666666666664,358.845,90.0,352.12,1.2399999999999525,-1.339999999999975,0.0462427745664739,364.0,364.0,364.0,357.0,17100.0
2025-01-08,363.0,363.0,360.0,360.0,349.8461303710937,6300.0,352.7,351.68,351.02666666666664,358.575,81.81818181818181,352.6,1.5199999999999818,-1.3100000000000025,0.0404624277456646,364.0,364.0,362.0,364.0,6900.0
2025-01-09,361.0,361.0,357.0,357.0,346.9307556152344,12800.0,353.2,351.96,351.4266666666667,358.29,70.83333333333333,352.92,1.773333333333369,-1.3050000000000068,0.0317919075144508,364.0,363.0,360.0,363.0,6300.0
2025-01-10,356.0,357.0,350.0,355.0,344.9871826171875,20300.0,353.6,352.24,351.8,358.005,57.14285714285714,353.2,1.879999999999996,-1.3149999999999975,0.0410557184750732,364.0,361.0,357.0,361.0,12800.0
2025-01-11,356.0,357.0,350.0,355.0,344.9871826171875,20300.0,354.0,352.56,351.9866666666667,357.71,57.14285714285714,353.34,1.7333333333333485,-1.3950000000000389,0.0230547550432276,364.0,357.0,355.0,356.0,20300.0
2025-01-12,356.0,357.0,350.0,355.0,344.9871826171875,20300.0,354.4,352.84,351.8933333333333,357.415,57.14285714285714,353.48,1.306666666666672,-1.4300000000000068,0.0260115606936415,364.0,357.0,355.0,356.0,20300.0
2025-01-13,356.0,357.0,350.0,355.0,344.9871826171875,20300.0,354.85,353.24,351.6933333333333,357.115,50.0,353.62,0.6666666666666856,-1.4599999999999795,0.0502958579881656,364.0,357.0,355.0,356.0,20300.0
2025-01-14,358.0,358.0,352.0,353.0,343.0435791015625,4300.0,355.2,353.48,351.41333333333336,356.815,45.00000000000001,353.6,-0.0133333333333212,-1.4750000000000227,0.0474777448071217,364.0,357.0,355.0,356.0,20300.0
2025-01-15,352.0,354.0,350.0,354.0,344.015380859375,2300.0,355.55,353.76,351.2933333333333,356.52,47.61904761904762,353.6,-0.5066666666666606,-1.4850000000000136,0.0504451038575668,364.0,358.0,353.0,358.0,4300.0
2025-01-16,351.0,352.0,350.0,351.0,341.0999755859375,2300.0,355.5,353.92,351.1333333333333,356.21,41.66666666666667,353.54,-0.853333333333353,-1.5,0.0415430267062315,364.0,354.0,354.0,352.0,2300.0
2025-01-17,350.0,352.0,349.0,351.0,341.0999755859375,2300.0,355.45,354.08,350.97333333333336,355.89,41.66666666666667,353.44,-0.9199999999999592,-1.525000000000034,0.0415430267062315,364.0,352.0,351.0,351.0,2300.0
2025-01-18,350.0,352.0,349.0,351.0,341.0999755859375,2300.0,355.4,354.28,350.81333333333333,355.565,41.66666666666667,353.2,-0.8799999999999955,-1.5500000000000114,0.0446428571428572,364.0,352.0,351.0,350.0,2300.0
2025-01-19,350.0,352.0,349.0,351.0,341.0999755859375,2300.0,355.2,354.48,350.70666666666665,355.24,41.66666666666667,352.96,-0.7066666666667061,-1.5749999999999886,0.0293255131964809,364.0,352.0,351.0,350.0,2300.0
2025-01-20,355.0,379.0,355.0,374.0,363.4512634277344,42200.0,356.15,355.56,351.08,355.045,63.15789473684211,353.18,-0.2133333333333666,-1.474999999999966,0.096774193548387,374.0,352.0,351.0,350.0,2300.0
2025-01-21,374.0,374.0,364.0,369.0,358.59228515625,13500.0,356.85,356.24,351.4,354.82,58.53658536585366,353.28,0.2666666666666515,-1.3899999999999864,0.0603448275862068,374.0,379.0,374.0,355.0,42200.0
2025-01-22,370.0,377.0,370.0,373.0,362.4794616699219,12000.0,357.75,357.08,351.76,354.615,65.11627906976744,353.56,0.7866666666666333,-1.2749999999999773,0.0718390804597701,374.0,374.0,369.0,374.0,13500.0
2025-01-23,374.0,377.0,361.0,366.0,355.6769104003906,28100.0,358.3,357.64,352.02666666666664,354.375,59.57446808510638,353.78,1.2133333333333098,-1.1899999999999975,0.0517241379310344,374.0,377.0,373.0,370.0,12000.0
2025-01-24,359.0,368.0,359.0,367.0,356.6487121582031,15200.0,358.9,358.12,352.3066666666667,354.145,63.04347826086957,354.02,1.6000000000000227,-1.0950000000000273,0.0367231638418079,374.0,377.0,366.0,374.0,28100.0
2025-01-25,359.0,368.0,359.0,367.0,356.6487121582031,15200.0,359.5,358.6,352.6533333333333,353.915,63.04347826086957,354.3,1.5733333333333237,-1.1299999999999957,0.0367231638418079,374.0,368.0,367.0,359.0,15200.0
2025-01-26,359.0,368.0,359.0,367.0,356.6487121582031,15200.0,359.65,359.08,352.92,353.665,63.04347826086957,354.58,1.5200000000000389,-1.1549999999999727,0.0367231638418079,374.0,368.0,367.0,359.0,15200.0
2025-01-27,370.0,375.0,357.0,360.0,349.8461303710937,129400.0,359.55,359.28,353.1066666666667,353.395,54.71698113207548,354.72,1.3466666666666924,-1.2200000000000273,0.0112359550561798,374.0,368.0,367.0,359.0,15200.0
2025-01-28,360.0,366.0,359.0,359.0,348.8743591308594,15700.0,359.5,359.44,353.38666666666666,353.115,55.76923076923077,354.78,1.3600000000000136,-1.259999999999991,-0.0110192837465564,374.0,375.0,360.0,370.0,129400.0
2025-01-29,358.0,364.0,356.0,360.0,349.8461303710937,15300.0,359.65,359.64,353.6933333333333,352.84,55.76923076923077,354.88,1.386666666666656,-1.3050000000000068,-0.0082644628099173,374.0,366.0,359.0,360.0,15700.0
2025-01-30,364.0,369.0,361.0,369.0,358.59228515625,19500.0,360.35,360.2,354.12,352.61,65.51724137931035,355.2,1.466666666666697,-1.3050000000000068,0.0165289256198346,374.0,364.0,360.0,358.0,15300.0
2025-01-31,366.0,378.0,364.0,378.0,367.3384399414063,31200.0,361.5,360.76,354.6666666666667,352.425,70.14925373134328,355.78,1.7466666666666697,-1.240000000000009,0.0384615384615385,378.0,369.0,369.0,364.0,19500.0
2025-02-01,366.0,378.0,364.0,378.0,367.3384399414063,31200.0,362.65,361.4,355.2133333333333,352.205,70.14925373134328,356.34,2.1066666666666265,-1.1899999999999975,0.052924791086351,378.0,378.0,378.0,366.0,31200.0
2025-02-02,366.0,378.0,364.0,378.0,367.3384399414063,31200.0,363.8,362.12,355.7733333333333,351.985,70.14925373134328,356.9,2.386666666666656,-1.1299999999999957,0.0647887323943661,378.0,378.0,378.0,366.0,31200.0
2025-02-03,379.0,379.0,371.0,377.0,366.3666687011719,34200.0,365.0,362.92,356.25333333333333,351.75,53.33333333333333,357.44,2.5600000000000023,-1.089999999999975,0.0619718309859154,378.0,378.0,378.0,366.0,31200.0
2025-02-04,377.0,377.0,371.0,371.0,360.535888671875,14100.0,365.85,363.56,356.6533333333333,351.505,52.17391304347826,357.9,2.533333333333303,-1.1050000000000182,0.0509915014164306,378.0,379.0,377.0,379.0,34200.0
2025-02-05,363.0,368.0,363.0,368.0,357.6205139160156,22200.0,366.7,364.08,356.92,351.245,44.44444444444444,358.32,2.2533333333333303,-1.1800000000000068,0.0424929178470254,378.0,377.0,371.0,377.0,14100.0
2025-02-06,366.0,377.0,366.0,377.0,366.3666687011719,21200.0,368.0,364.96,357.3066666666667,351.03,61.70212765957447,358.9,2.093333333333362,-1.1750000000000114,0.0679886685552408,378.0,368.0,368.0,363.0,22200.0
2025-02-07,378.0,387.0,375.0,386.0,375.1128234863281,41000.0,369.75,366.2,357.81333333333333,350.845,67.27272727272728,359.72,2.0400000000000205,-1.1399999999999864,0.0842696629213484,386.0,377.0,377.0,366.0,21200.0
2025-02-08,378.0,387.0,375.0,386.0,375.1128234863281,41000.0,371.5,367.52,358.24,350.635,67.27272727272728,360.5,1.9866666666666788,-1.115000000000009,0.0873239436619719,386.0,387.0,386.0,378.0,41000.0
2025-02-09,378.0,387.0,375.0,386.0,375.1128234863281,41000.0,372.1,368.8,358.6666666666667,350.48,67.27272727272728,361.28,2.013333333333378,-1.0249999999999773,0.093484419263456,386.0,387.0,386.0,378.0,41000.0
2025-02-10,390.0,404.0,388.0,404.0,392.6051025390625,47200.0,373.85,370.92,359.3333333333333,350.45,83.33333333333333,362.42,2.4133333333332985,-0.7950000000000159,0.1575931232091689,404.0,387.0,386.0,378.0,41000.0
2025-02-11,390.0,404.0,388.0,404.0,392.6051025390625,47200.0,375.4,373.04,359.97333333333336,350.41,84.61538461538461,363.56,2.6666666666666856,-0.6199999999999477,0.1542857142857143,404.0,404.0,404.0,390.0,47200.0
2025-02-12,402.0,403.0,392.0,393.0,381.9153747558594,25900.0,376.75,374.72,360.3733333333333,350.315,72.0,364.5,2.5600000000000023,-0.5300000000000296,0.1228571428571427,404.0,404.0,404.0,390.0,47200.0
2025-02-13,393.0,395.0,390.0,391.0,379.9717712402344,16400.0,377.95,376.32,360.7466666666666,350.21,66.1764705882353,365.4,2.5066666666666606,-0.4250000000000113,0.1171428571428572,404.0,403.0,393.0,402.0,25900.0
2025-02-14,392.0,393.0,391.0,392.0,380.9435729980469,4600.0,379.2,377.04,361.1333333333333,350.08,61.66666666666666,366.3,2.46666666666664,-0.4000000000000341,0.1264367816091953,404.0,395.0,391.0,393.0,16400.0
2025-02-15,392.0,393.0,391.0,392.0,380.9435729980469,4600.0,380.45,377.96,361.50666666666666,349.975,61.66666666666666,367.1,2.173333333333346,-0.4749999999999659,0.1296829971181556,404.0,393.0,392.0,392.0,4600.0
2025-02-16,392.0,393.0,391.0,392.0,380.9435729980469,4600.0,382.05,378.72,361.94666666666666,349.855,61.66666666666666,367.9,1.9733333333333007,-0.5550000000000068,0.1264367816091953,404.0,393.0,392.0,392.0,4600.0
2025-02-17,392.0,392.0,387.0,388.0,377.056396484375,10200.0,383.5,379.6,362.38666666666666,349.92,58.73015873015873,368.62,2.013333333333321,-0.3949999999999818,0.1246376811594203,404.0,393.0,392.0,392.0,4600.0
2025-02-18,388.0,394.0,386.0,387.0,376.0845947265625,8900.0,384.85,380.4,362.8133333333333,350.15,63.793103448275865,369.26,2.066666666666663,-0.0600000000000022,0.1152737752161383,404.0,392.0,388.0,392.0,10200.0
2025-02-19,387.0,389.0,385.0,385.0,374.1410217285156,11900.0,385.65,381.12,363.24,350.37,64.91228070175438,369.86,2.106666666666684,0.2900000000000204,0.1095100864553313,404.0,394.0,387.0,388.0,8900.0
2025-02-20,382.0,383.0,380.0,382.0,371.2256164550781,10200.0,385.85,381.72,363.62666666666667,350.575,54.90196078431373,370.4,2.1200000000000045,0.5999999999999659,0.100864553314121,404.0,389.0,385.0,387.0,11900.0
2025-02-21,378.0,380.0,376.0,379.0,368.3102416992188,8200.0,385.9,382.48,363.97333333333336,351.135,42.22222222222222,370.88,2.0266666666667,1.2799999999999727,0.0922190201729107,404.0,383.0,382.0,382.0,10200.0
2025-02-22,378.0,380.0,376.0,379.0,368.3102416992188,8200.0,385.95,383.28,364.28,351.6,42.22222222222222,371.36,1.8933333333333169,1.6800000000000068,0.0953757225433526,404.0,380.0,379.0,378.0,8200.0
2025-02-23,378.0,380.0,376.0,379.0,368.3102416992188,8200.0,386.05,384.04,364.6,351.975,42.22222222222222,371.84,1.7866666666666902,1.8250000000000453,0.0953757225433526,404.0,380.0,379.0,378.0,8200.0
2025-02-24,378.0,380.0,376.0,379.0,368.3102416992188,8200.0,386.45,384.44,364.94666666666666,352.28,3.7037037037037095,372.32,1.7066666666666492,1.909999999999968,0.0922190201729107,404.0,380.0,379.0,378.0,8200.0
2025-02-25,379.0,379.0,374.0,378.0,367.3384399414063,6000.0,386.95,384.44,365.3333333333333,352.61,3.5714285714285694,372.6,1.7066666666666492,2.035000000000025,0.0738636363636364,404.0,380.0,379.0,378.0,8200.0
2025-02-26,375.0,378.0,372.0,372.0,361.5076904296875,8600.0,386.7,384.2,365.62666666666667,352.91,4.347826086956516,372.8,1.6533333333333076,1.775000000000034,0.0568181818181818,404.0,379.0,378.0,379.0,6000.0
2025-02-27,378.0,378.0,372.0,374.0,363.4512634277344,5700.0,386.1,384.04,365.94666666666666,353.22,13.043478260869565,373.08,1.6666666666666856,1.6200000000000043,0.0625,404.0,378.0,372.0,375.0,8600.0
2025-02-28,366.0,375.0,365.0,370.0,359.5640869140625,14200.0,385.3,383.76,366.2133333333333,353.51,7.692307692307679,373.34,1.613333333333287,1.5349999999999682,0.0422535211267605,404.0,378.0,374.0,378.0,5700.0
2025-03-01,366.0,375.0,365.0,370.0,359.5640869140625,14200.0,384.5,383.72,366.50666666666666,353.715,7.692307692307679,373.64,1.5600000000000025,1.4350000000000025,0.0422535211267605,404.0,375.0,370.0,366.0,14200.0
2025-03-02,366.0,375.0,365.0,370.0,359.5640869140625,14200.0,382.8,383.8,366.8133333333333,353.915,7.692307692307679,373.94,1.4800000000000182,1.3050000000000068,0.0422535211267605,404.0,375.0,370.0,366.0,14200.0
2025-03-03,371.0,375.0,366.0,375.0,364.4230651855469,7100.0,381.35,383.72,367.17333333333335,354.13,25.925925925925924,374.34,1.546666666666681,1.2199999999999704,0.056338028169014,393.0,375.0,370.0,366.0,14200.0
2025-03-04,371.0,375.0,364.0,368.0,357.6205139160156,16100.0,380.1,383.0,367.48,354.27,21.212121212121204,374.6,1.53333333333336,1.0499999999999543,0.0366197183098591,392.0,375.0,375.0,371.0,7100.0
2025-03-05,364.0,368.0,364.0,365.0,354.7051086425781,6200.0,378.8,382.16,367.72,354.395,20.58823529411765,374.84,1.5066666666667174,0.8849999999999909,0.028169014084507,392.0,375.0,368.0,371.0,16100.0
2025-03-06,366.0,367.0,361.0,366.0,355.6769104003906,22100.0,377.5,381.36,367.97333333333336,354.525,25.0,375.08,1.466666666666697,0.8100000000000023,0.0309859154929577,392.0,368.0,365.0,364.0,6200.0
2025-03-07,365.0,365.0,362.0,362.0,351.78973388671875,11600.0,376.0,379.68,368.17333333333335,354.64,24.242424242424235,375.3,1.3600000000000136,0.7249999999999659,-0.0054945054945054,392.0,367.0,366.0,366.0,22100.0
2025-03-08,365.0,365.0,362.0,362.0,351.78973388671875,11600.0,374.5,378.0,368.3733333333333,354.635,24.242424242424235,375.52,1.1999999999999886,0.5049999999999955,0.0,388.0,365.0,362.0,365.0,11600.0
2025-03-09,365.0,365.0,362.0,362.0,351.78973388671875,11600.0,373.2,376.76,368.5866666666666,354.65,24.242424242424235,375.74,1.1066666666666265,0.3799999999999954,0.0055555555555555,387.0,365.0,362.0,365.0,11600.0
2025-03-10,363.0,365.0,361.0,362.0,351.78973388671875,11000.0,371.95,375.6,368.8,354.685,24.242424242424235,375.96,1.079999999999984,0.2900000000000204,0.0140056022408963,385.0,365.0,362.0,365.0,11600.0
2025-03-11,361.0,365.0,356.0,363.0,352.76153564453125,8600.0,370.85,374.44,369.0133333333333,354.73,27.272727272727263,375.74,1.0399999999999636,0.2050000000000409,0.0225352112676056,382.0,365.0,362.0,363.0,11000.0
2025-03-12,365.0,365.0,362.0,362.0,351.78973388671875,7500.0,369.85,373.24,369.14666666666665,354.77,32.14285714285715,375.6,0.9733333333333009,0.1299999999999954,0.0197183098591549,379.0,365.0,363.0,361.0,8600.0
2025-03-13,364.0,371.0,364.0,368.0,357.6205139160156,14400.0,369.3,372.28,369.36,354.84,40.625,375.5,0.9866666666666788,0.204999999999984,0.0366197183098591,379.0,365.0,362.0,365.0,7500.0
2025-03-14,374.0,377.0,372.0,375.0,364.4230651855469,12800.0,369.1,371.76,369.6666666666667,354.93,57.142857142857146,375.68,1.080000000000041,0.2800000000000295,0.056338028169014,379.0,371.0,368.0,364.0,14400.0
2025-03-15,374.0,377.0,372.0,375.0,364.4230651855469,12800.0,368.9,371.28,369.9333333333333,355.015,57.142857142857146,375.84,1.1333333333333258,0.3299999999999841,0.0623229461756373,379.0,377.0,375.0,374.0,12800.0
2025-03-16,374.0,377.0,372.0,375.0,364.4230651855469,12800.0,368.7,370.88,370.2,355.1,57.142857142857146,376.0,1.1866666666666674,0.3700000000000045,0.0593220338983051,378.0,377.0,375.0,374.0,12800.0
2025-03-17,380.0,388.0,379.0,387.0,376.0845947265625,25300.0,369.15,371.08,370.62666666666667,355.235,64.28571428571428,376.4,1.4800000000000182,0.4650000000000318,0.1025641025641026,387.0,377.0,375.0,374.0,12800.0
2025-03-18,384.0,389.0,382.0,386.0,375.1128234863281,59400.0,369.85,371.36,371.04,355.385,75.0,376.92,1.6800000000000068,0.5450000000000159,0.0997150997150997,387.0,388.0,387.0,380.0,25300.0
2025-03-19,387.0,387.0,380.0,385.0,374.1410217285156,14900.0,370.4,371.6,371.44,355.53,79.41176470588235,377.44,1.773333333333312,0.5999999999999659,0.0968660968660968,387.0,389.0,386.0,384.0,59400.0
2025-03-20,387.0,387.0,380.0,385.0,374.1410217285156,14900.0,371.15,371.84,371.84,355.675,78.78787878787878,377.94,1.9066666666666376,0.660000000000025,0.0968660968660968,387.0,387.0,385.0,387.0,14900.0
2025-03-21,388.0,391.0,385.0,390.0,379.0,23500.0,372.15,372.28,372.3066666666667,355.835,91.17647058823528,378.36,2.106666666666684,0.7349999999999568,0.0427807486631015,390.0,387.0,385.0,387.0,14900.0
2025-03-22,388.0,391.0,385.0,390.0,379.0,23500.0,373.15,372.76,372.6533333333333,356.0,91.17647058823528,378.6,2.0266666666666424,0.7649999999999864,0.056910569105691,390.0,391.0,390.0,388.0,23500.0
2025-03-23,388.0,391.0,385.0,390.0,379.0,23500.0,373.9,373.48,373.0266666666666,356.23,91.17647058823528,378.84,1.986666666666622,0.8450000000000273,0.0455764075067024,390.0,391.0,390.0,388.0,23500.0
2025-03-24,391.0,394.0,391.0,392.0,380.9435729980469,9600.0,375.1,374.2,373.4533333333333,356.46,91.66666666666669,379.12,2.013333333333321,0.9300000000000068,0.0710382513661203,392.0,391.0,390.0,388.0,23500.0
2025-03-25,394.0,401.0,390.0,398.0,386.77435302734375,23900.0,376.75,375.32,374.0,356.74,92.6829268292683,379.54,2.160000000000025,1.0649999999999975,0.0844686648501362,398.0,394.0,392.0,391.0,9600.0
2025-03-26,398.0,398.0,388.0,389.0,378.0281982421875,20600.0,377.9,376.08,374.4533333333333,356.975,77.55102040816327,379.9,2.146666666666647,1.1400000000000432,0.0599455040871934,398.0,401.0,398.0,394.0,23900.0
2025-03-27,388.0,390.0,386.0,390.0,379.0,4100.0,379.3,376.88,374.92,357.215,75.0,380.34,2.2666666666667084,1.214999999999975,0.0626702997275203,398.0,398.0,389.0,398.0,20600.0
2025-03-28,387.0,387.0,383.0,383.0,383.0,5000.0,380.35,377.2,375.29333333333335,357.465,59.09090909090909,380.46,2.2666666666667084,1.2349999999999568,0.0638888888888888,398.0,390.0,390.0,388.0,4100.0
2025-03-29,387.0,387.0,383.0,383.0,383.0,5000.0,381.4,377.8,375.6666666666667,357.715,59.09090909090909,380.4,2.2133333333333667,1.2549999999999957,0.0668523676880223,398.0,387.0,383.0,387.0,5000.0
2025-03-30,387.0,387.0,383.0,383.0,383.0,5000.0,382.45,378.52,376.06666666666666,358.005,59.09090909090909,380.34,2.066666666666663,1.2649999999999864,0.0638888888888888,398.0,387.0,383.0,387.0,5000.0
2025-03-31,381.0,381.0,374.0,374.0,374.0,4500.0,383.0,378.84,376.3333333333333,358.22,34.14634146341464,380.1,1.879999999999996,1.2450000000000043,0.0135501355013549,398.0,387.0,383.0,387.0,5000.0
2025-04-01,376.0,378.0,371.0,371.0,371.0,9900.0,383.45,379.2,376.6,358.405,32.55813953488372,379.44,1.6800000000000068,1.1899999999999975,-0.0185185185185184,398.0,381.0,374.0,381.0,4500.0
2025-04-02,372.0,372.0,369.0,369.0,369.0,6500.0,383.5,379.48,376.84,358.58,31.818181818181827,378.74,1.5466666666666242,1.115000000000009,-0.0238095238095238,398.0,378.0,371.0,376.0,9900.0
2025-04-03,363.0,363.0,352.0,362.0,362.0,10900.0,382.85,379.48,376.9866666666667,358.72,27.450980392156865,378.12,1.3199999999999932,1.0050000000000523,-0.0423280423280423,398.0,372.0,369.0,372.0,6500.0
2025-04-04,359.0,360.0,320.0,328.0,328.0,63100.0,380.5,378.12,376.68,358.69,11.25,376.86,0.6133333333333439,0.6850000000000023,-0.129973474801061,398.0,363.0,362.0,363.0,10900.0
2025-04-05,359.0,360.0,320.0,328.0,328.0,63100.0,378.15,376.72,376.06666666666666,358.66,11.25,375.58,-0.2666666666666515,0.4399999999999977,-0.1159029649595687,398.0,360.0,328.0,359.0,63100.0
2025-04-06,359.0,360.0,320.0,328.0,328.0,63100.0,375.2,375.36,375.52,358.615,11.25,374.3,-1.080000000000041,0.2100000000000363,-0.108695652173913,398.0,360.0,328.0,359.0,63100.0
2025-04-07,311.0,311.0,299.0,309.0,309.0,21700.0,371.35,373.0,374.6666666666667,358.485,7.216494845360813,372.64,-2.1733333333332894,-0.0949999999999704,-0.1803713527851459,398.0,360.0,328.0,359.0,63100.0
2025-04-08,349.0,349.0,324.0,335.0,335.0,37100.0,368.85,371.4,374.2533333333333,358.485,23.07692307692308,371.58,-2.7333333333333485,-0.2350000000000136,-0.1321243523316062,398.0,311.0,309.0,311.0,21700.0
2025-04-09,334.0,335.0,323.0,335.0,335.0,5500.0,366.35,369.8,373.82666666666665,358.485,25.00000000000001,370.54,-2.853333333333353,-0.204999999999984,-0.1321243523316062,398.0,349.0,335.0,349.0,37100.0
2025-04-10,362.0,362.0,345.0,346.0,346.0,17000.0,364.15,368.64,373.5466666666667,358.54,31.355932203389827,369.76,-2.519999999999982,-0.1200000000000045,-0.1036269430051813,398.0,335.0,335.0,334.0,5500.0
2025-04-11,335.0,358.0,335.0,346.0,346.0,7600.0,361.95,367.0,373.26666666666665,358.595,33.33333333333333,369.04,-2.2533333333333303,-0.0199999999999818,-0.1435643564356435,398.0,362.0,346.0,362.0,17000.0
2025-04-12,335.0,358.0,335.0,346.0,346.0,7600.0,359.75,365.4,373.08,358.63,33.33333333333333,368.38,-1.5866666666667015,0.1449999999999818,-0.1435643564356435,398.0,358.0,346.0,335.0,7600.0
2025-04-13,335.0,358.0,335.0,346.0,346.0,7600.0,357.45,363.84,372.9066666666667,358.66,33.33333333333333,367.72,-1.3466666666666356,0.1750000000000113,-0.1195928753180661,398.0,358.0,346.0,335.0,7600.0
2025-04-14,339.0,350.0,337.0,338.0,338.0,42800.0,354.45,361.96,372.6133333333333,358.645,33.63636363636364,366.9,-1.2133333333333098,0.1599999999999681,-0.1355498721227621,390.0,358.0,346.0,335.0,7600.0
2025-04-15,340.0,347.0,336.0,341.0,341.0,8200.0,352.05,360.0,372.24,358.635,36.36363636363636,366.14,-1.306666666666672,0.0949999999999704,-0.1301020408163264,390.0,350.0,338.0,339.0,42800.0
2025-04-16,336.0,356.0,318.0,331.0,331.0,173900.0,349.1,357.64,371.6133333333333,358.575,33.89830508474576,365.2,-1.6533333333333076,-0.0200000000000386,-0.1556122448979592,383.0,347.0,341.0,340.0,8200.0
2025-04-17,331.0,340.0,331.0,339.0,339.0,4500.0,346.9,355.6,371.0933333333333,358.555,40.33613445378151,364.54,-1.9866666666666788,-0.0749999999999886,-0.135204081632653,383.0,356.0,331.0,336.0,173900.0
2025-04-18,343.0,343.0,338.0,342.0,342.0,3000.0,344.85,353.6,370.6133333333333,358.595,57.954545454545446,363.9,-2.2933333333333508,-0.0649999999999977,-0.1185567010309278,383.0,340.0,339.0,331.0,4500.0
2025-04-19,343.0,343.0,338.0,342.0,342.0,3000.0,342.8,351.36,370.14666666666665,358.605,57.954545454545446,363.34,-2.466666666666697,-0.0399999999999636,-0.1162790697674418,374.0,343.0,342.0,343.0,3000.0
2025-04-20,343.0,343.0,338.0,342.0,342.0,3000.0,341.2,349.48,369.76,358.575,57.954545454545446,362.78,-2.480000000000018,-0.0600000000000022,-0.1116883116883117,371.0,343.0,342.0,343.0,3000.0
2025-04-21,342.0,342.0,336.0,342.0,342.0,6500.0,339.75,347.56,369.41333333333336,358.555,73.91304347826087,362.22,-2.1999999999999886,-0.0199999999999818,-0.1047120418848167,369.0,343.0,342.0,343.0,3000.0
2025-04-22,334.0,344.0,331.0,341.0,341.0,5900.0,338.35,345.88,368.9333333333333,358.545,56.81818181818182,361.54,-2.159999999999968,-0.0099999999999909,-0.100263852242744,362.0,342.0,342.0,342.0,6500.0
2025-04-23,342.0,342.0,332.0,334.0,334.0,29500.0,336.95,343.92,368.24,358.5,49.01960784313726,360.86,-2.373333333333335,-0.0950000000000272,-0.1187335092348285,346.0,344.0,341.0,334.0,5900.0
2025-04-24,337.0,340.0,336.0,338.0,338.0,4900.0,337.45,342.12,367.6,358.475,40.90909090909091,360.32,-2.546666666666624,-0.1299999999999954,-0.1081794195250659,346.0,342.0,334.0,342.0,29500.0
2025-04-25,341.0,341.0,335.0,337.0,337.0,9400.0,337.9,340.64,366.94666666666666,358.445,40.0,359.74,-2.813333333333333,-0.1299999999999954,-0.1108179419525066,346.0,340.0,338.0,337.0,4900.0
2025-04-26,341.0,341.0,335.0,337.0,337.0,9400.0,338.35,339.28,366.0533333333333,358.425,40.0,359.24,-3.3600000000000136,-0.1299999999999954,-0.1084656084656084,346.0,341.0,337.0,341.0,9400.0
2025-04-27,341.0,341.0,335.0,337.0,337.0,9400.0,339.75,338.0,365.16,358.395,40.0,358.74,-3.773333333333312,-0.1500000000000341,-0.0940860215053763,346.0,341.0,337.0,341.0,9400.0
2025-04-28,339.0,346.0,339.0,346.0,346.0,13500.0,340.3,337.36,364.53333333333336,358.41,58.69565217391305,358.42,-3.706666666666649,-0.0899999999999749,-0.0748663101604277,346.0,341.0,337.0,341.0,9400.0
2025-04-29,339.0,346.0,339.0,346.0,346.0,13500.0,340.85,338.08,363.9333333333333,358.42,55.81395348837209,358.1,-3.6666666666666856,-0.0550000000000068,-0.0648648648648648,346.0,346.0,346.0,339.0,13500.0
2025-04-30,350.0,361.0,346.0,361.0,361.0,49000.0,341.6,339.4,363.52,358.505,81.25,358.06,-3.4266666666666765,0.0600000000000022,-0.0243243243243242,361.0,346.0,346.0,339.0,13500.0
2025-05-01,351.0,354.0,347.0,352.0,352.0,30300.0,341.9,340.36,362.9866666666667,358.545,63.26530612244898,357.86,-3.066666666666663,0.1200000000000045,-0.0486486486486485,361.0,361.0,361.0,350.0,49000.0
2025-05-02,352.0,354.0,350.0,351.0,351.0,4900.0,342.15,342.04,362.44,358.58,59.57446808510638,357.52,-2.720000000000028,0.1850000000000022,-0.0639999999999999,361.0,354.0,352.0,351.0,30300.0
2025-05-03,352.0,354.0,350.0,351.0,351.0,4900.0,342.4,342.68,361.94666666666666,358.615,59.57446808510638,357.04,-2.586666666666701,0.204999999999984,-0.046195652173913,361.0,354.0,351.0,352.0,4900.0
2025-05-04,352.0,354.0,350.0,351.0,351.0,4900.0,343.05,343.32,361.4666666666666,358.66,59.57446808510638,356.56,-2.466666666666697,0.2400000000000091,-0.0383561643835616,361.0,354.0,351.0,352.0,4900.0
2025-05-05,352.0,354.0,350.0,351.0,351.0,4900.0,343.55,343.52,361.0133333333333,358.73,59.57446808510638,356.08,-2.5066666666666606,0.2250000000000227,-0.040983606557377,361.0,354.0,351.0,352.0,4900.0
2025-05-06,352.0,354.0,350.0,351.0,351.0,4900.0,344.55,343.72,360.6,358.77,60.869565217391305,355.36,-2.386666666666656,0.2249999999999659,-0.0303867403314916,361.0,354.0,351.0,352.0,4900.0
2025-05-07,351.0,353.0,347.0,351.0,351.0,6900.0,345.15,343.92,360.2266666666667,358.81,71.7948717948718,354.66,-2.21333333333331,0.2300000000000182,-0.0303867403314916,361.0,354.0,351.0,352.0,4900.0
2025-05-08,350.0,350.0,347.0,349.0,349.0,4900.0,345.5,344.04,359.82666666666665,358.84,64.86486486486487,353.94,-2.1200000000000045,0.2249999999999659,-0.0359116022099447,361.0,353.0,351.0,351.0,6900.0
2025-05-09,348.0,350.0,345.0,349.0,349.0,8900.0,345.85,344.48,359.4266666666667,358.865,66.66666666666666,353.22,-2.039999999999964,0.204999999999984,-0.0359116022099447,361.0,350.0,349.0,350.0,4900.0
2025-05-10,348.0,350.0,345.0,349.0,349.0,8900.0,346.2,344.8,359.02666666666664,358.935,66.66666666666666,352.4,-1.9866666666666788,0.204999999999984,-0.0385674931129476,361.0,350.0,349.0,348.0,8900.0
2025-05-11,348.0,350.0,345.0,349.0,349.0,8900.0,346.55,345.52,358.64,358.985,66.66666666666666,351.58,-1.9600000000000364,0.2150000000000318,-0.0359116022099447,361.0,350.0,349.0,348.0,8900.0
2025-05-12,350.0,357.0,347.0,354.0,354.0,19200.0,347.2,346.12,358.4,359.07,62.50000000000001,350.86,-1.8266666666667104,0.2599999999999909,-0.0380434782608695,361.0,350.0,349.0,348.0,8900.0
2025-05-13,342.0,348.0,341.0,346.0,346.0,38800.0,347.8,346.28,358.02666666666664,359.165,50.0,349.94,-1.8000000000000114,0.3250000000000455,-0.0773333333333333,361.0,357.0,354.0,350.0,19200.0
2025-05-14,350.0,350.0,344.0,346.0,346.0,10200.0,348.2,346.44,357.70666666666665,359.26,20.0,348.9,-1.7200000000000273,0.3949999999999818,-0.0773333333333333,361.0,348.0,346.0,342.0,38800.0
2025-05-15,345.0,347.0,342.0,343.0,343.0,15400.0,348.5,346.48,357.3466666666667,359.34,26.31578947368422,347.98,-1.67999999999995,0.4049999999999727,-0.0853333333333333,361.0,350.0,346.0,350.0,10200.0
2025-05-16,347.0,358.0,343.0,358.0,358.0,46800.0,349.55,347.12,357.18666666666667,359.425,60.6060606060606,347.34,-1.453333333333319,0.4399999999999977,-0.0749354005167958,361.0,347.0,343.0,345.0,15400.0
2025-05-17,347.0,358.0,343.0,358.0,358.0,46800.0,350.6,347.8,356.96,359.405,60.6060606060606,346.84,-1.4399999999999975,0.3349999999999795,-0.0725388601036269,361.0,358.0,358.0,347.0,46800.0
2025-05-18,347.0,358.0,343.0,358.0,358.0,46800.0,351.2,348.76,356.82666666666665,359.345,60.6060606060606,346.34,-1.1999999999999886,0.1800000000000068,-0.0701298701298701,361.0,358.0,358.0,347.0,46800.0
2025-05-19,366.0,389.0,365.0,389.0,389.0,165000.0,353.35,350.8,357.14666666666665,359.42,79.6875,346.46,-0.5600000000000023,0.160000000000025,0.0103896103896103,389.0,358.0,358.0,347.0,46800.0
2025-05-20,390.0,397.0,381.0,381.0,381.0,100900.0,354.35,352.56,357.3466666666667,359.51,70.83333333333333,346.6,0.0,0.1700000000000159,-0.0230769230769231,389.0,389.0,389.0,366.0,165000.0
2025-05-21,408.0,408.0,387.0,389.0,389.0,257900.0,356.2,354.64,357.70666666666665,359.64,73.75,346.96,0.5199999999999818,0.214999999999975,-0.0025641025641025,389.0,397.0,381.0,390.0,100900.0
2025-05-22,382.0,387.0,373.0,379.0,379.0,74600.0,357.6,356.32,357.93333333333334,359.72,67.04545454545455,347.16,0.9733333333333576,0.3150000000000545,-0.0282051282051282,389.0,408.0,389.0,408.0,257900.0
2025-05-23,376.0,377.0,369.0,372.0,372.0,51200.0,358.65,357.36,358.06666666666666,359.765,62.10526315789473,347.36,1.240000000000009,0.4199999999999591,-0.0510204081632652,389.0,387.0,379.0,382.0,74600.0
2025-05-24,376.0,377.0,369.0,372.0,372.0,51200.0,359.7,358.4,358.2,359.83,62.10526315789473,348.24,1.0533333333333417,0.4099999999999681,-0.0653266331658291,389.0,377.0,372.0,376.0,51200.0
2025-05-25,376.0,377.0,369.0,372.0,372.0,51200.0,360.75,358.84,358.32,359.96,62.10526315789473,349.12,0.9733333333333009,0.4499999999999886,-0.0437017994858611,389.0,377.0,372.0,376.0,51200.0
2025-05-26,378.0,384.0,373.0,373.0,373.0,20200.0,361.85,359.68,358.46666666666664,360.1,60.43956043956044,350.02,0.7599999999999909,0.4600000000000364,-0.0435897435897435,389.0,377.0,372.0,376.0,51200.0
2025-05-27,372.0,374.0,370.0,370.0,370.0,13700.0,362.8,360.44,358.49333333333334,360.22,63.95348837209302,351.24,0.5600000000000023,0.5,-0.0339425587467362,389.0,384.0,373.0,378.0,20200.0
2025-05-28,373.0,376.0,371.0,372.0,372.0,14800.0,363.95,361.28,358.4533333333333,360.35,64.77272727272727,351.98,0.386666666666656,0.5850000000000364,-0.0287206266318538,389.0,374.0,370.0,372.0,13700.0
2025-05-29,372.0,374.0,370.0,371.0,371.0,19400.0,365.05,362.08,358.4,360.475,66.27906976744185,352.7,0.1999999999999886,0.6450000000000387,-0.031331592689295,389.0,376.0,372.0,373.0,14800.0
2025-05-30,369.0,378.0,369.0,371.0,371.0,24800.0,366.15,362.88,358.3466666666667,360.625,59.15492957746479,353.2,0.0266666666666992,0.6650000000000205,-0.0080213903743315,389.0,374.0,371.0,372.0,19400.0
2025-05-31,369.0,378.0,369.0,371.0,371.0,24800.0,367.25,363.68,358.1333333333333,360.745,59.15492957746479,353.7,-0.3333333333333144,0.6449999999999818,0.0,389.0,378.0,371.0,369.0,24800.0
2025-06-01,369.0,378.0,369.0,371.0,371.0,24800.0,368.1,364.48,357.93333333333334,360.87,59.15492957746479,354.2,-0.5600000000000023,0.6499999999999773,0.005420054200542,389.0,378.0,371.0,369.0,24800.0
2025-06-02,371.0,373.0,370.0,373.0,373.0,2700.0,369.45,365.44,357.7733333333333,361.045,30.95238095238095,354.74,-0.6800000000000068,0.6949999999999932,0.0303867403314916,389.0,378.0,371.0,369.0,24800.0
2025-06-03,373.0,373.0,368.0,370.0,370.0,21500.0,370.65,366.28,357.5733333333333,361.21,35.135135135135144,355.38,-0.8266666666666538,0.7349999999999568,0.1280487804878047,389.0,373.0,373.0,371.0,2700.0
2025-06-04,370.0,371.0,369.0,370.0,370.0,8700.0,372.0,367.12,357.3066666666667,361.375,17.241379310344826,355.96,-1.0400000000000205,0.75,0.1280487804878047,389.0,373.0,370.0,373.0,21500.0
2025-06-05,371.0,373.0,369.0,369.0,369.0,7100.0,372.55,367.92,357.02666666666664,361.535,25.00000000000001,356.72,-1.1066666666666831,0.7900000000000205,0.125,389.0,371.0,370.0,370.0,8700.0
2025-06-06,368.0,369.0,366.0,369.0,369.0,10700.0,373.1,368.52,356.74666666666667,361.695,38.46153846153846,357.32,-1.1866666666666674,0.8249999999999886,0.1941747572815533,389.0,373.0,369.0,371.0,7100.0
2025-06-07,368.0,369.0,366.0,369.0,369.0,10700.0,373.65,369.44,356.44,361.86,38.46153846153846,357.86,-1.3333333333333144,0.8149999999999977,0.1014925373134327,389.0,369.0,369.0,368.0,10700.0
2025-06-08,368.0,369.0,366.0,369.0,369.0,10700.0,372.65,370.36,356.05333333333334,362.0,38.46153846153846,358.4,-1.5199999999999818,0.7900000000000205,0.1014925373134327,389.0,369.0,369.0,368.0,10700.0
2025-06-09,369.0,369.0,363.0,363.0,363.0,18000.0,371.75,371.16,355.70666666666665,362.11,22.22222222222221,358.82,-1.6000000000000227,0.7350000000000136,0.0491329479768785,389.0,369.0,369.0,368.0,10700.0
2025-06-10,365.0,366.0,362.0,365.0,365.0,19500.0,370.55,371.44,355.37333333333333,362.195,35.294117647058826,359.28,-1.6533333333333076,0.6599999999999682,0.0549132947976878,379.0,369.0,363.0,369.0,18000.0
2025-06-11,366.0,381.0,362.0,375.0,375.0,488200.0,370.35,372.12,355.26666666666665,362.33,55.99999999999999,359.96,-1.4800000000000182,0.6349999999999909,0.083815028901734,375.0,366.0,365.0,365.0,19500.0
2025-06-12,373.0,375.0,372.0,374.0,374.0,12700.0,370.45,372.76,355.14666666666665,362.46,55.99999999999999,360.76,-1.2933333333333508,0.5999999999999659,0.0809248554913295,375.0,381.0,375.0,366.0,488200.0
2025-06-13,375.0,375.0,369.0,369.0,369.0,19400.0,370.3,371.96,354.96,362.535,46.66666666666666,361.38,-1.093333333333362,0.535000000000025,0.0917159763313608,375.0,375.0,374.0,373.0,12700.0
2025-06-14,375.0,375.0,369.0,369.0,369.0,19400.0,370.15,371.48,354.8933333333333,362.61,46.66666666666666,362.02,-0.8133333333333326,0.5,0.0821114369501465,375.0,375.0,369.0,375.0,19400.0
2025-06-15,375.0,375.0,369.0,369.0,369.0,19400.0,369.95,370.68,354.8666666666667,362.685,46.66666666666666,362.66,-0.5066666666666606,0.4900000000000091,0.1148036253776434,375.0,375.0,369.0,375.0,19400.0
2025-06-16,369.0,371.0,365.0,369.0,369.0,13200.0,369.9,370.28,354.8666666666667,362.75,42.85714285714285,363.3,-0.3999999999999772,0.4200000000000159,0.0884955752212388,375.0,375.0,369.0,375.0,19400.0
2025-06-17,379.0,379.0,368.0,370.0,370.0,27100.0,369.8,370.2,354.97333333333336,362.785,50.0,363.78,-0.1733333333332893,0.3250000000000455,0.0818713450292398,375.0,371.0,369.0,369.0,13200.0
2025-06-18,376.0,376.0,372.0,375.0,375.0,6900.0,370.0,370.32,355.6,362.845,58.064516129032256,364.36,0.6400000000000432,0.3100000000000023,0.0964912280701755,375.0,379.0,370.0,379.0,27100.0
2025-06-19,378.0,379.0,375.0,378.0,378.0,15900.0,370.35,370.56,356.26666666666665,362.92,63.63636363636363,364.7,1.3733333333333348,0.3100000000000023,0.1052631578947369,378.0,376.0,375.0,376.0,6900.0
2025-06-20,379.0,379.0,374.0,376.0,376.0,10500.0,370.6,370.68,356.9066666666667,362.98,60.0,365.18,2.0400000000000205,0.2950000000000159,0.0994152046783625,378.0,379.0,378.0,378.0,15900.0
2025-06-21,379.0,379.0,374.0,376.0,376.0,10500.0,370.85,370.92,357.8,363.065,60.0,365.68,2.933333333333337,0.3149999999999977,0.1026392961876832,378.0,379.0,376.0,379.0,10500.0
2025-06-22,379.0,379.0,374.0,376.0,376.0,10500.0,371.0,371.08,358.3466666666667,363.17,60.0,366.18,3.373333333333335,0.3849999999999909,0.1257485029940119,378.0,379.0,376.0,379.0,10500.0
2025-06-23,374.0,376.0,372.0,373.0,373.0,10900.0,371.15,371.16,358.8533333333333,363.26,65.625,366.62,3.2533333333333303,0.4149999999999636,0.1035502958579881,378.0,379.0,376.0,379.0,10500.0
2025-06-24,373.0,378.0,373.0,378.0,378.0,8500.0,371.55,371.44,359.28,363.385,68.57142857142857,367.16,3.013333333333321,0.464999999999975,0.1216617210682493,378.0,376.0,373.0,374.0,10900.0
2025-06-25,379.0,381.0,373.0,375.0,375.0,28600.0,371.85,371.6,359.6666666666667,363.495,50.0,367.64,2.759999999999991,0.5149999999999864,0.1127596439169138,378.0,378.0,378.0,373.0,8500.0
2025-06-26,376.0,385.0,373.0,380.0,380.0,41600.0,372.4,371.96,360.12,363.63,59.375,368.22,2.319999999999993,0.5649999999999977,0.1275964391691395,380.0,381.0,375.0,379.0,28600.0
2025-06-27,380.0,388.0,378.0,385.0,385.0,63600.0,373.2,372.44,360.64,363.775,75.0,368.94,2.293333333333294,0.6049999999999613,0.1127167630057803,385.0,385.0,380.0,376.0,41600.0
2025-06-28,380.0,388.0,378.0,385.0,385.0,63600.0,374.0,373.04,361.26666666666665,363.925,75.0,369.66,2.4133333333332985,0.6650000000000205,0.1127167630057803,385.0,388.0,385.0,380.0,63600.0
2025-06-29,380.0,388.0,378.0,385.0,385.0,63600.0,375.1,373.64,361.85333333333335,364.085,75.0,370.38,2.5733333333333803,0.6999999999999886,0.0664819944598338,385.0,388.0,385.0,380.0,63600.0
2025-06-30,385.0,403.0,380.0,399.0,399.0,112900.0,376.8,374.84,362.76,364.335,82.6086956521739,371.38,3.0933333333333053,0.839999999999975,0.1335227272727273,399.0,388.0,385.0,380.0,63600.0
2025-07-01,399.0,399.0,393.0,396.0,396.0,38800.0,377.85,375.92,363.52,364.565,77.08333333333333,372.22,3.3999999999999773,0.9350000000000024,0.1282051282051282,399.0,403.0,399.0,385.0,112900.0
2025-07-02,393.0,397.0,386.0,392.0,392.0,24200.0,378.75,376.84,364.18666666666667,364.775,68.08510638297872,373.14,3.546666666666681,1.0,0.1168091168091167,399.0,399.0,396.0,399.0,38800.0
2025-07-03,393.0,397.0,388.0,395.0,395.0,24800.0,380.05,377.88,364.8933333333333,365.0,68.08510638297872,374.12,3.626666666666665,1.0749999999999886,0.1253561253561252,399.0,397.0,392.0,393.0,24200.0
2025-07-04,396.0,397.0,394.0,395.0,395.0,7200.0,381.35,379.16,365.6,365.235,71.11111111111111,375.16,3.7466666666666697,1.150000000000034,0.1253561253561252,399.0,397.0,395.0,393.0,24800.0
2025-07-05,396.0,397.0,394.0,395.0,395.0,7200.0,382.65,380.36,366.3066666666667,365.475,71.11111111111111,375.9,3.546666666666681,1.1400000000000432,0.1253561253561252,399.0,397.0,395.0,396.0,7200.0
2025-07-06,396.0,397.0,394.0,395.0,395.0,7200.0,383.95,381.16,367.0266666666666,365.71,71.11111111111111,376.64,3.5066666666666606,1.1449999999999818,0.1253561253561252,399.0,397.0,395.0,396.0,7200.0
2025-07-07,398.0,398.0,394.0,395.0,395.0,9100.0,385.2,382.0,367.84,365.96,76.19047619047619,377.38,3.653333333333308,1.1850000000000025,0.1318051575931231,399.0,397.0,395.0,396.0,7200.0
2025-07-08,393.0,396.0,390.0,395.0,395.0,14400.0,386.2,383.04,368.6,366.2,72.97297297297297,377.5,3.706666666666706,1.1999999999999886,0.1318051575931231,399.0,398.0,395.0,398.0,9100.0
2025-07-09,394.0,396.0,393.0,395.0,395.0,13800.0,387.05,384.08,369.3733333333333,366.44,79.41176470588235,377.78,3.773333333333312,1.204999999999984,0.1318051575931231,399.0,396.0,395.0,393.0,14400.0
2025-07-10,399.0,399.0,395.0,396.0,396.0,9400.0,388.05,385.16,370.16,366.685,76.66666666666666,377.92,3.853333333333353,1.2099999999999795,0.1346704871060171,399.0,396.0,395.0,394.0,13800.0
2025-07-11,398.0,398.0,395.0,395.0,395.0,107700.0,389.0,386.2,370.9333333333333,366.925,69.23076923076923,378.24,3.906666666666695,1.2150000000000318,0.115819209039548,399.0,399.0,396.0,399.0,9400.0
2025-07-12,398.0,398.0,395.0,395.0,395.0,107700.0,389.95,387.2,371.5866666666666,367.17,69.23076923076923,378.7,3.7466666666666697,1.2100000000000364,0.1416184971098266,399.0,398.0,395.0,398.0,107700.0
2025-07-13,398.0,398.0,395.0,395.0,395.0,107700.0,391.05,388.0,372.24,367.415,69.23076923076923,379.16,3.6399999999999855,1.2150000000000318,0.1416184971098266,399.0,398.0,395.0,398.0,107700.0
2025-07-14,394.0,398.0,392.0,395.0,395.0,17400.0,391.9,388.68,372.6933333333333,367.655,33.33333333333333,379.62,3.319999999999993,1.214999999999975,0.151603498542274,399.0,398.0,395.0,398.0,107700.0
2025-07-15,395.0,396.0,393.0,393.0,393.0,11200.0,392.8,389.36,373.24,367.86,36.36363636363636,380.02,3.079999999999984,1.1750000000000114,0.0977653631284916,399.0,398.0,395.0,394.0,17400.0
2025-07-16,391.0,395.0,389.0,390.0,390.0,29200.0,393.3,389.92,373.76,368.05,39.99999999999999,380.42,2.826666666666654,1.125,0.0893854748603351,399.0,396.0,393.0,395.0,11200.0
2025-07-17,391.0,395.0,387.0,389.0,389.0,29700.0,393.5,390.44,374.26666666666665,368.235,12.5,380.76,2.680000000000007,1.0649999999999975,0.0865921787709498,399.0,395.0,390.0,391.0,29200.0
2025-07-18,388.0,392.0,388.0,391.0,391.0,9500.0,393.8,391.16,374.8,368.415,30.0,381.16,2.5600000000000023,1.0,0.0051413881748072,399.0,395.0,389.0,391.0,29700.0
2025-07-19,388.0,392.0,388.0,391.0,391.0,9500.0,394.1,391.68,375.3333333333333,368.595,30.0,381.56,2.6399999999999864,0.9400000000000546,0.026246719160105,399.0,392.0,391.0,388.0,9500.0
2025-07-20,388.0,392.0,388.0,391.0,391.0,9500.0,393.7,392.32,375.8666666666667,368.775,30.0,381.96,2.626666666666665,0.9149999999999636,0.0051413881748072,396.0,392.0,391.0,388.0,9500.0
2025-07-21,388.0,392.0,388.0,391.0,391.0,9500.0,393.45,392.76,376.4,368.955,30.0,382.36,2.6399999999999864,0.9049999999999728,0.0316622691292876,396.0,392.0,391.0,388.0,9500.0
2025-07-22,391.0,395.0,390.0,395.0,395.0,8600.0,393.6,393.16,377.0133333333333,369.155,50.0,382.8,2.7466666666666697,0.9199999999999592,0.0618279569892472,396.0,392.0,391.0,388.0,9500.0
2025-07-23,396.0,405.0,391.0,404.0,404.0,45000.0,394.05,393.92,377.7466666666666,369.4,69.56521739130434,383.48,2.9466666666666583,0.9849999999999568,0.086021505376344,404.0,395.0,395.0,391.0,8600.0
2025-07-24,404.0,404.0,387.0,394.0,394.0,44000.0,394.0,394.28,378.3466666666667,369.595,46.875,383.96,3.013333333333378,1.0,0.0591397849462365,404.0,405.0,404.0,396.0,45000.0
2025-07-25,397.0,400.0,393.0,396.0,396.0,14700.0,394.05,394.16,378.97333333333336,369.755,51.51515151515152,384.5,3.106666666666684,0.9800000000000182,0.0616621983914209,404.0,404.0,394.0,404.0,44000.0
2025-07-26,397.0,400.0,393.0,396.0,396.0,14700.0,394.1,394.16,379.53333333333336,369.925,51.51515151515152,385.04,3.1333333333333826,0.9700000000000272,0.0702702702702702,404.0,400.0,396.0,397.0,14700.0
2025-07-27,397.0,400.0,393.0,396.0,396.0,14700.0,394.15,394.32,380.2,370.105,51.51515151515152,385.58,3.1866666666666674,0.9500000000000456,0.064516129032258,404.0,400.0,396.0,397.0,14700.0
2025-07-28,395.0,398.0,394.0,397.0,397.0,14300.0,394.25,394.4,380.88,370.305,52.94117647058823,386.14,3.1333333333333258,0.9050000000000296,0.0700808625336926,404.0,400.0,396.0,397.0,14700.0
2025-07-29,397.0,398.0,392.0,394.0,394.0,13800.0,394.2,394.36,381.56,370.5,51.42857142857143,386.76,3.21333333333331,0.9049999999999728,0.0619946091644205,404.0,398.0,397.0,395.0,14300.0
2025-07-30,391.0,394.0,390.0,394.0,394.0,16600.0,394.1,394.32,382.04,370.695,56.25,387.34,3.066666666666663,0.9399999999999976,0.0619946091644205,404.0,398.0,394.0,397.0,13800.0
2025-07-31,392.0,395.0,392.0,394.0,394.0,6300.0,394.05,394.28,382.52,370.89,58.064516129032256,387.72,2.986666666666622,0.964999999999975,0.0619946091644205,404.0,394.0,394.0,391.0,16600.0
2025-08-01,395.0,396.0,393.0,395.0,395.0,6600.0,394.05,394.28,383.0133333333333,371.09,56.66666666666666,388.14,2.813333333333333,0.9849999999999568,0.0589812332439678,404.0,395.0,394.0,392.0,6300.0
2025-08-02,395.0,396.0,393.0,395.0,395.0,6600.0,394.05,394.28,383.0933333333333,371.3,56.66666666666666,388.66,2.21333333333331,0.9950000000000044,0.0675675675675675,404.0,396.0,395.0,395.0,6600.0
2025-08-03,395.0,396.0,393.0,395.0,395.0,6600.0,394.05,394.28,383.28,371.505,56.66666666666666,389.18,1.7199999999999704,1.0049999999999957,0.0675675675675675,404.0,396.0,395.0,395.0,6600.0
2025-08-04,392.0,396.0,392.0,394.0,394.0,5800.0,394.1,394.2,383.3466666666667,371.72,54.83870967741936,389.68,1.306666666666672,1.025000000000034,0.0677506775067751,404.0,396.0,395.0,395.0,6600.0
2025-08-05,396.0,397.0,393.0,394.0,394.0,11100.0,394.3,394.16,383.5466666666667,371.935,48.14814814814815,390.18,1.0266666666666993,1.045000000000016,0.0677506775067751,404.0,396.0,394.0,392.0,5800.0
2025-08-06,396.0,400.0,392.0,400.0,400.0,24800.0,394.85,394.36,383.92,372.18,41.66666666666667,390.78,0.9066666666666948,1.0900000000000318,0.0840108401084009,404.0,397.0,394.0,396.0,11100.0
2025-08-07,403.0,408.0,399.0,407.0,407.0,196200.0,395.65,394.84,384.38666666666666,372.46,80.95238095238095,391.42,1.2933333333333508,1.1599999999999682,0.102981029810298,407.0,400.0,400.0,396.0,24800.0
2025-08-08,405.0,415.0,403.0,411.0,411.0,45900.0,396.65,395.48,384.9066666666667,372.645,82.6086956521739,392.08,1.626666666666722,1.1399999999999864,0.1322314049586777,411.0,408.0,407.0,403.0,196200.0
2025-08-09,405.0,415.0,403.0,411.0,411.0,45900.0,397.65,396.2,385.41333333333336,372.855,82.6086956521739,392.78,2.066666666666663,1.134999999999991,0.1260273972602739,411.0,415.0,411.0,405.0,45900.0
2025-08-10,405.0,415.0,403.0,411.0,411.0,45900.0,398.65,397.04,385.96,373.045,82.6086956521739,393.48,2.4133333333332985,1.1100000000000136,0.096,411.0,415.0,411.0,405.0,45900.0
2025-08-11,405.0,415.0,403.0,411.0,411.0,45900.0,399.45,397.92,386.48,373.27,81.81818181818181,394.18,2.5600000000000023,1.089999999999975,0.0989304812834224,411.0,415.0,411.0,405.0,45900.0
2025-08-12,372.0,382.0,364.0,373.0,373.0,187700.0,397.9,397.2,386.50666666666666,373.3,31.57894736842105,394.18,2.1200000000000045,0.8400000000000318,0.010840108401084,411.0,415.0,411.0,405.0,45900.0
2025-08-13,377.0,377.0,341.0,354.0,354.0,249600.0,395.9,395.72,386.28,373.235,23.68421052631578,393.7,1.373333333333278,0.5900000000000318,-0.040650406504065,411.0,382.0,373.0,372.0,187700.0
2025-08-14,360.0,361.0,355.0,360.0,360.0,23900.0,394.1,394.48,386.1333333333333,373.2,29.268292682926827,393.4,0.7199999999999704,0.3449999999999704,-0.024390243902439,411.0,377.0,354.0,377.0,249600.0
2025-08-15,362.0,363.0,358.0,362.0,362.0,25100.0,392.4,393.32,386.0133333333333,373.21,30.12048192771084,393.04,0.0533333333333416,0.1649999999999636,-0.018970189701897,411.0,361.0,360.0,360.0,23900.0
2025-08-16,362.0,363.0,358.0,362.0,362.0,25100.0,390.7,392.0,385.8666666666667,373.225,30.12048192771084,392.58,-0.6133333333333439,-0.044999999999959,-0.0216216216216216,411.0,363.0,362.0,362.0,25100.0
2025-08-17,362.0,363.0,358.0,362.0,362.0,25100.0,388.95,390.32,385.76,373.235,30.12048192771084,392.12,-0.7466666666666697,-0.0649999999999977,-0.0346666666666666,411.0,363.0,362.0,362.0,25100.0
2025-08-18,362.0,365.0,360.0,362.0,362.0,31000.0,387.35,389.04,385.6533333333333,373.2,30.487804878048777,391.66,-0.6266666666666652,-0.035000000000025,-0.0423280423280423,411.0,363.0,362.0,362.0,25100.0
2025-08-19,365.0,367.0,362.0,362.0,362.0,20200.0,385.75,387.68,385.56,373.12,30.487804878048777,390.92,-0.5733333333333235,-0.079999999999984,-0.0372340425531915,411.0,365.0,362.0,362.0,31000.0
2025-08-20,363.0,365.0,362.0,364.0,364.0,17800.0,384.25,386.4,385.4933333333333,373.05,26.92307692307692,390.28,-0.5199999999999818,-0.1599999999999681,-0.0319148936170212,411.0,367.0,362.0,365.0,20200.0
2025-08-21,366.0,366.0,360.0,362.0,362.0,16200.0,382.6,385.04,385.4,372.97,19.17808219178083,389.68,-0.466666666666697,-0.2549999999999954,-0.0372340425531915,411.0,365.0,364.0,363.0,17800.0
2025-08-22,362.0,362.0,360.0,360.0,360.0,16700.0,380.85,383.56,385.28,372.885,14.08450704225352,388.98,-0.4800000000000182,-0.3500000000000227,-0.0348525469168901,411.0,366.0,362.0,366.0,16200.0
2025-08-23,362.0,362.0,360.0,360.0,360.0,16700.0,379.1,382.2,385.24,372.83,14.08450704225352,388.28,-0.4133333333332984,-0.3700000000000045,-0.0476190476190476,411.0,362.0,360.0,362.0,16700.0
2025-08-24,362.0,362.0,360.0,360.0,360.0,16700.0,377.4,380.84,385.17333333333335,372.79,14.08450704225352,387.58,-0.386666666666656,-0.3299999999999841,-0.04,411.0,362.0,360.0,362.0,16700.0
2025-08-25,360.0,366.0,359.0,366.0,366.0,16700.0,376.0,379.72,385.0533333333333,372.735,20.77922077922078,387.0,-0.4399999999999977,-0.3149999999999977,-0.0368421052631579,411.0,362.0,360.0,362.0,16700.0
2025-08-26,365.0,366.0,363.0,366.0,366.0,9900.0,374.3,378.56,384.94666666666666,372.635,41.02564102564102,386.42,-0.4533333333333189,-0.3350000000000364,-0.0493506493506493,411.0,366.0,366.0,360.0,16700.0
2025-08-27,365.0,366.0,363.0,365.0,365.0,4700.0,372.2,377.36,384.8933333333333,372.53,76.19047619047619,385.82,-0.386666666666656,-0.3550000000000182,-0.0519480519480519,411.0,366.0,366.0,365.0,9900.0
2025-08-28,366.0,367.0,365.0,365.0,365.0,6200.0,369.9,376.16,384.84,372.425,66.66666666666666,385.22,-0.4000000000000341,-0.4049999999999727,-0.0519480519480519,411.0,366.0,365.0,365.0,4700.0
2025-08-29,366.0,366.0,363.0,364.0,364.0,5300.0,367.55,374.96,384.7733333333333,372.225,57.14285714285714,384.58,-0.4000000000000341,-0.5649999999999977,-0.087719298245614,411.0,367.0,365.0,366.0,6200.0
2025-08-30,366.0,366.0,363.0,364.0,364.0,5300.0,365.2,373.76,384.70666666666665,372.025,57.14285714285714,383.96,-0.3466666666666924,-0.7100000000000364,-0.0808080808080807,411.0,366.0,364.0,366.0,5300.0
2025-08-31,366.0,366.0,363.0,364.0,364.0,5300.0,362.85,372.32,384.62666666666667,371.88,57.14285714285714,383.34,-0.3199999999999932,-0.7549999999999955,-0.0714285714285714,373.0,366.0,364.0,366.0,5300.0
2025-09-01,364.0,367.0,364.0,367.0,367.0,24300.0,362.55,370.72,384.52,371.76,64.70588235294119,382.78,-0.3733333333333348,-0.7699999999999818,-0.0708860759493671,367.0,366.0,364.0,366.0,5300.0
2025-09-02,366.0,368.0,364.0,367.0,367.0,10200.0,363.2,368.96,384.3733333333333,371.635,64.70588235294119,382.22,-0.4666666666666401,-0.7900000000000205,-0.0708860759493671,367.0,367.0,367.0,364.0,24300.0
2025-09-03,368.0,373.0,367.0,368.0,368.0,24100.0,363.6,367.24,384.26666666666665,371.515,62.50000000000001,381.72,-0.5066666666666606,-0.7100000000000364,-0.0683544303797468,368.0,368.0,367.0,366.0,10200.0
2025-09-04,369.0,370.0,368.0,370.0,370.0,5000.0,364.0,365.6,384.18666666666667,371.405,75.0,381.32,-0.5199999999999818,-0.6200000000000045,-0.0632911392405063,370.0,373.0,368.0,368.0,24100.0
2025-09-05,370.0,376.0,370.0,374.0,374.0,21500.0,364.6,364.12,384.16,371.335,88.88888888888889,381.02,-0.4666666666666401,-0.5450000000000159,-0.0531645569620252,374.0,370.0,370.0,369.0,5000.0
2025-09-06,370.0,376.0,370.0,374.0,374.0,21500.0,365.2,364.16,384.17333333333335,371.27,88.88888888888889,380.68,-0.3466666666666356,-0.4900000000000091,-0.0531645569620252,374.0,376.0,374.0,370.0,21500.0
2025-09-07,370.0,376.0,370.0,374.0,374.0,21500.0,365.8,364.96,384.12,371.215,88.88888888888889,380.34,-0.2533333333333303,-0.4200000000000159,-0.0531645569620252,374.0,376.0,374.0,370.0,21500.0
2025-09-08,376.0,380.0,375.0,376.0,376.0,18200.0,366.5,365.6,384.1333333333333,371.185,85.71428571428571,380.04,-0.1333333333333257,-0.3299999999999841,-0.0505050505050505,376.0,376.0,374.0,370.0,21500.0
2025-09-09,378.0,378.0,376.0,376.0,376.0,13600.0,367.1,366.16,384.08,371.17,85.71428571428571,379.74,-0.1066666666666833,-0.2349999999999568,-0.0481012658227848,376.0,380.0,376.0,376.0,18200.0
2025-09-10,377.0,378.0,376.0,376.0,376.0,6700.0,367.8,366.72,383.96,371.155,92.3076923076923,379.36,-0.2000000000000454,-0.1800000000000068,-0.0481012658227848,376.0,378.0,376.0,378.0,13600.0
2025-09-11,378.0,378.0,373.0,376.0,376.0,9600.0,368.6,367.28,383.84,371.14,92.3076923076923,378.8,-0.3333333333333712,-0.1299999999999954,-0.0481012658227848,376.0,378.0,376.0,377.0,6700.0
2025-09-12,377.0,377.0,370.0,370.0,370.0,21000.0,369.1,367.6,383.64,371.095,66.66666666666666,378.32,-0.4800000000000182,-0.1199999999999477,-0.0632911392405063,376.0,378.0,376.0,378.0,9600.0
2025-09-13,377.0,377.0,370.0,370.0,370.0,21000.0,369.6,367.92,383.2533333333333,371.055,66.66666666666666,377.8,-0.8799999999999955,-0.1299999999999954,-0.0585241730279898,376.0,377.0,370.0,377.0,21000.0
2025-09-14,377.0,377.0,370.0,370.0,370.0,21000.0,369.8,368.16,382.9066666666667,371.045,66.66666666666666,377.28,-1.1733333333332894,-0.125,-0.0512820512820513,376.0,377.0,370.0,377.0,21000.0
2025-09-15,377.0,377.0,370.0,370.0,370.0,21000.0,370.0,368.48,382.6133333333333,371.025,60.0,376.76,-1.3466666666666356,-0.1299999999999954,-0.0488431876606684,376.0,377.0,370.0,377.0,21000.0
2025-09-16,372.0,376.0,372.0,374.0,374.0,6700.0,370.45,369.04,382.3333333333333,371.045,68.42105263157895,376.3,-1.5066666666666606,-0.0949999999999704,-0.0434782608695651,376.0,377.0,370.0,377.0,21000.0
2025-09-17,375.0,377.0,373.0,374.0,374.0,9300.0,370.9,369.6,382.0533333333333,371.065,66.66666666666666,375.9,-1.586666666666645,-0.0300000000000295,-0.0434782608695651,376.0,376.0,374.0,372.0,6700.0
2025-09-18,376.0,377.0,373.0,375.0,375.0,7700.0,371.45,370.2,381.7866666666667,371.09,64.70588235294119,375.52,-1.46666666666664,0.0349999999999681,-0.040920716112532,376.0,377.0,374.0,375.0,9300.0
2025-09-19,376.0,376.0,372.0,374.0,374.0,9400.0,371.95,370.52,381.50666666666666,371.085,50.0,375.12,-1.400000000000034,0.0399999999999636,-0.0434782608695651,376.0,377.0,375.0,376.0,7700.0
2025-09-20,376.0,376.0,372.0,374.0,374.0,9400.0,372.45,370.84,381.2266666666667,371.115,50.0,374.7,-1.386666666666656,0.0900000000000318,-0.0531645569620252,376.0,376.0,374.0,376.0,9400.0
2025-09-21,376.0,376.0,372.0,374.0,374.0,9400.0,372.8,371.2,380.94666666666666,371.16,50.0,374.28,-1.386666666666656,0.1150000000000091,-0.0742574257425742,376.0,376.0,374.0,376.0,9400.0
2025-09-22,377.0,377.0,374.0,375.0,375.0,5100.0,373.2,371.6,380.68,371.205,46.15384615384615,373.88,-1.3733333333333348,0.1399999999999863,-0.048223350253807,376.0,376.0,374.0,376.0,9400.0
2025-09-23,377.0,377.0,374.0,375.0,375.0,5100.0,373.55,372.04,380.4,371.27,46.15384615384615,373.5,-1.386666666666713,0.1800000000000068,-0.0530303030303029,376.0,377.0,375.0,377.0,5100.0
2025-09-24,375.0,377.0,372.0,373.0,373.0,15700.0,373.7,372.4,380.1066666666667,371.325,39.99999999999999,373.08,-1.3999999999999773,0.2400000000000091,-0.058080808080808,376.0,377.0,375.0,377.0,5100.0
2025-09-25,377.0,377.0,373.0,375.0,375.0,7700.0,373.75,372.84,379.84,371.39,47.05882352941176,372.58,-1.386666666666713,0.2749999999999772,-0.0530303030303029,376.0,377.0,373.0,375.0,15700.0
2025-09-26,376.0,382.0,375.0,377.0,377.0,15800.0,373.9,373.24,379.6,371.465,76.92307692307693,371.98,-1.3466666666666356,0.30499999999995,-0.0503778337531486,377.0,377.0,375.0,377.0,7700.0
2025-09-27,376.0,382.0,375.0,377.0,377.0,15800.0,374.05,373.64,379.36,371.535,76.92307692307693,371.3,-1.3199999999999932,0.3300000000000409,-0.0431472081218273,377.0,382.0,377.0,376.0,15800.0
2025-09-28,376.0,382.0,375.0,377.0,377.0,15800.0,374.1,374.0,379.14666666666665,371.61,76.92307692307693,370.62,-1.2533333333333303,0.3400000000000318,-0.0431472081218273,377.0,382.0,377.0,376.0,15800.0
2025-09-29,376.0,381.0,376.0,379.0,379.0,7400.0,374.25,374.36,379.0,371.665,80.0,369.98,-1.1066666666666831,0.3400000000000318,-0.0380710659898476,379.0,382.0,377.0,376.0,15800.0
2025-09-30,375.0,378.0,374.0,375.0,375.0,9000.0,374.2,374.4,378.8133333333333,371.665,53.33333333333333,369.26,-1.0266666666666424,0.2750000000000341,-0.0506329113924051,379.0,381.0,379.0,376.0,7400.0
2025-10-01,375.0,375.0,370.0,370.0,370.0,9200.0,373.9,374.24,378.53333333333336,371.64,39.99999999999999,369.2,-1.0666666666666629,0.1750000000000113,-0.0632911392405063,379.0,378.0,375.0,375.0,9000.0
2025-10-02,370.0,372.0,365.0,366.0,366.0,26400.0,373.7,373.92,378.2,371.595,30.434782608695656,369.44,-1.160000000000025,0.0600000000000022,-0.0734177215189872,379.0,375.0,370.0,375.0,9200.0
2025-10-03,367.0,369.0,365.0,369.0,369.0,7400.0,373.65,373.64,377.9066666666667,371.505,40.0,369.62,-1.2399999999999525,-0.1050000000000181,-0.0634517766497462,379.0,372.0,366.0,370.0,26400.0
2025-10-04,367.0,369.0,365.0,369.0,369.0,7400.0,373.6,373.36,377.6133333333333,371.42,40.0,369.76,-1.386666666666656,-0.2450000000000045,-0.0634517766497462,379.0,369.0,369.0,367.0,7400.0
2025-10-05,367.0,369.0,365.0,369.0,369.0,7400.0,373.55,373.08,377.26666666666665,371.34,40.0,369.9,-1.546666666666681,-0.3250000000000455,-0.0775,379.0,369.0,369.0,367.0,7400.0
2025-10-06,368.0,377.0,363.0,377.0,377.0,41700.0,373.7,373.12,376.9066666666667,371.3,53.125,370.2,-1.6266666666666652,-0.339999999999975,-0.0737100737100737,379.0,369.0,369.0,367.0,7400.0
2025-10-07,379.0,380.0,376.0,378.0,378.0,13000.0,373.9,373.44,376.6933333333333,371.24,54.54545454545455,370.52,-1.5066666666666606,-0.3550000000000182,-0.0802919708029197,379.0,377.0,377.0,368.0,41700.0
2025-10-08,378.0,378.0,376.0,376.0,376.0,5400.0,373.95,373.68,376.4266666666667,371.17,54.54545454545455,370.8,-1.4800000000000182,-0.3349999999999795,-0.0851581508515815,379.0,380.0,378.0,379.0,13000.0
2025-10-09,375.0,377.0,375.0,377.0,377.0,4600.0,374.1,373.96,376.17333333333335,371.105,53.125,371.06,-1.4399999999999975,-0.3149999999999977,-0.0827250608272506,379.0,378.0,376.0,378.0,5400.0
2025-10-10,377.0,377.0,376.0,376.0,376.0,17400.0,374.2,374.2,375.9066666666667,371.025,48.38709677419355,371.34,-1.3599999999999568,-0.3149999999999977,-0.0851581508515815,379.0,377.0,377.0,375.0,4600.0
2025-10-11,377.0,377.0,376.0,376.0,376.0,17400.0,374.3,374.28,375.62666666666667,370.915,48.38709677419355,371.66,-1.2800000000000296,-0.3849999999999909,0.0080428954423592,379.0,377.0,376.0,377.0,17400.0
2025-10-12,377.0,377.0,376.0,376.0,376.0,17400.0,374.35,374.36,375.38666666666666,370.85,48.38709677419355,371.98,-1.306666666666672,-0.3899999999999863,0.0621468926553672,379.0,377.0,376.0,377.0,17400.0
2025-10-13,377.0,377.0,376.0,376.0,376.0,17400.0,374.4,374.4,375.14666666666665,370.78,44.82758620689656,372.3,-1.2800000000000296,-0.3900000000000432,0.0444444444444445,379.0,377.0,376.0,377.0,17400.0
2025-10-14,369.0,380.0,367.0,369.0,369.0,39800.0,374.2,374.2,374.8133333333333,370.71,40.625,372.36,-1.3600000000000136,-0.3950000000000386,0.0193370165745856,379.0,377.0,376.0,377.0,17400.0
2025-10-15,367.0,374.0,366.0,374.0,374.0,22800.0,374.15,374.2,374.53333333333336,370.665,56.25,372.52,-1.3733333333333348,-0.3599999999999568,0.0331491712707181,379.0,380.0,369.0,369.0,39800.0
2025-10-16,376.0,377.0,369.0,373.0,373.0,12400.0,373.95,374.16,374.24,370.615,62.06896551724138,372.68,-1.386666666666656,-0.3000000000000113,0.0303867403314916,379.0,374.0,374.0,367.0,22800.0
2025-10-17,375.0,375.0,369.0,369.0,369.0,3800.0,373.55,373.92,373.8933333333333,370.59,50.0,372.76,-1.4933333333333394,-0.2600000000000477,0.0193370165745856,379.0,377.0,373.0,376.0,12400.0
2025-10-18,375.0,375.0,369.0,369.0,369.0,3800.0,373.15,373.68,373.56,370.58,50.0,372.86,-1.586666666666645,-0.1999999999999886,0.0193370165745856,379.0,375.0,369.0,375.0,3800.0
2025-10-19,375.0,375.0,369.0,369.0,369.0,3800.0,372.65,373.52,373.2266666666667,370.58,50.0,372.96,-1.586666666666645,-0.1299999999999954,0.0137362637362636,378.0,375.0,369.0,375.0,3800.0
2025-10-20,369.0,369.0,361.0,366.0,366.0,48900.0,372.2,373.16,372.7733333333333,370.6,28.0,373.0,-1.7600000000000475,-0.0649999999999977,0.011049723756906,378.0,375.0,369.0,375.0,3800.0
2025-10-21,366.0,368.0,365.0,366.0,366.0,9600.0,372.0,372.72,372.2266666666667,370.79,25.0,372.98,-2.013333333333321,0.1750000000000113,0.0166666666666666,378.0,369.0,366.0,369.0,48900.0
2025-10-22,365.0,368.0,364.0,368.0,368.0,23500.0,372.1,372.36,371.6533333333333,370.99,33.33333333333333,373.0,-2.240000000000009,0.4000000000000341,0.0222222222222221,378.0,368.0,366.0,366.0,9600.0
2025-10-23,369.0,369.0,366.0,368.0,368.0,18500.0,372.05,372.0,371.08,371.19,30.434782608695656,373.0,-2.480000000000018,0.6100000000000136,0.0222222222222221,378.0,368.0,368.0,365.0,23500.0
2025-10-24,367.0,370.0,367.0,368.0,368.0,6400.0,372.0,371.56,370.50666666666666,371.485,31.818181818181827,372.96,-2.720000000000028,0.9050000000000296,0.0054644808743169,378.0,369.0,368.0,369.0,18500.0
2025-10-25,367.0,370.0,367.0,368.0,368.0,6400.0,371.95,371.28,369.9333333333333,371.65,31.818181818181827,372.84,-2.839999999999975,1.0499999999999543,0.0054644808743169,378.0,370.0,368.0,367.0,6400.0
2025-10-26,367.0,370.0,367.0,368.0,368.0,6400.0,371.5,371.2,369.8666666666667,371.815,31.818181818181827,372.72,-2.3600000000000136,1.0249999999999773,0.0082191780821918,378.0,370.0,368.0,367.0,6400.0
2025-10-27,368.0,370.0,368.0,368.0,368.0,6400.0,371.0,371.28,370.0533333333333,371.925,31.818181818181827,372.6,-1.599999999999966,0.9350000000000024,0.0082191780821918,377.0,370.0,368.0,367.0,6400.0
2025-10-28,368.0,369.0,366.0,367.0,367.0,12200.0,370.55,371.2,370.14666666666665,372.03,43.75,372.42,-0.9333333333333372,0.839999999999975,0.0082417582417582,377.0,370.0,368.0,368.0,6400.0
2025-10-29,369.0,369.0,366.0,366.0,366.0,7700.0,370.0,371.08,370.2,372.13,16.666666666666657,372.22,-0.3066666666666719,0.6449999999999818,0.0054945054945054,376.0,369.0,367.0,368.0,12200.0
2025-10-30,365.0,365.0,362.0,364.0,364.0,11500.0,369.4,370.88,370.2266666666667,372.22,15.384615384615389,371.98,0.2933333333333507,0.57000000000005,0.0,376.0,369.0,366.0,369.0,7700.0
2025-10-31,365.0,367.0,362.0,365.0,365.0,14700.0,368.85,370.4,370.26666666666665,372.355,30.0,371.76,0.3999999999999772,0.5400000000000205,-0.0054495912806539,376.0,365.0,364.0,365.0,11500.0
2025-11-01,365.0,367.0,362.0,365.0,365.0,14700.0,368.3,369.88,370.3066666666667,372.475,30.0,371.66,0.2533333333333303,0.5500000000000114,-0.0054495912806539,376.0,367.0,365.0,365.0,14700.0
2025-11-02,365.0,367.0,362.0,365.0,365.0,14700.0,367.75,369.44,370.3466666666667,372.645,30.0,371.56,0.2000000000000454,0.6150000000000091,-0.0081521739130434,374.0,367.0,365.0,365.0,14700.0
2025-11-03,365.0,367.0,362.0,365.0,365.0,14700.0,367.55,368.96,370.36,372.775,42.85714285714285,371.46,0.160000000000025,0.6449999999999818,-0.0135135135135134,374.0,367.0,365.0,365.0,14700.0
2025-11-04,365.0,366.0,361.0,365.0,365.0,14000.0,367.1,368.52,370.4,372.89,42.85714285714285,371.36,0.1733333333332893,0.6699999999999591,-0.0240641711229946,373.0,367.0,365.0,365.0,14700.0
2025-11-05,365.0,365.0,362.0,363.0,363.0,16900.0,366.6,368.0,370.44,372.995,14.285714285714292,371.14,0.1733333333333462,0.6399999999999864,-0.0294117647058823,369.0,366.0,365.0,365.0,14000.0
2025-11-06,363.0,365.0,361.0,362.0,362.0,19000.0,366.25,367.44,370.4666666666666,373.095,12.5,370.9,0.1599999999999681,0.6200000000000045,-0.0320855614973262,369.0,365.0,363.0,365.0,16900.0
2025-11-07,362.0,365.0,362.0,363.0,363.0,12200.0,365.95,366.92,370.50666666666666,373.2,22.22222222222221,370.66,0.1599999999999681,0.5550000000000068,-0.0345744680851063,369.0,365.0,362.0,363.0,19000.0
2025-11-08,362.0,365.0,362.0,363.0,363.0,12200.0,365.65,366.68,370.4666666666666,373.31,22.22222222222221,370.44,0.1066666666666265,0.535000000000025,-0.0345744680851063,368.0,365.0,363.0,362.0,12200.0
2025-11-09,362.0,365.0,362.0,363.0,363.0,12200.0,365.5,366.24,370.4266666666667,373.455,22.22222222222221,370.22,0.0266666666666992,0.5649999999999977,-0.0345744680851063,368.0,365.0,363.0,362.0,12200.0
2025-11-10,362.0,363.0,361.0,363.0,363.0,28400.0,365.35,365.84,370.4,373.58,22.22222222222221,370.0,-0.0400000000000204,0.5849999999999795,-0.0345744680851063,368.0,365.0,363.0,362.0,12200.0
2025-11-11,363.0,363.0,357.0,361.0,361.0,23500.0,365.0,365.52,370.3466666666667,373.7,20.0,369.72,-0.1199999999999477,0.6049999999999613,-0.0243243243243242,368.0,363.0,363.0,362.0,28400.0
2025-11-12,362.0,363.0,358.0,361.0,361.0,12500.0,364.65,365.2,370.3066666666667,373.82,22.22222222222221,369.44,-0.1999999999999886,0.6200000000000045,-0.0243243243243242,368.0,363.0,361.0,363.0,23500.0
2025-11-13,362.0,362.0,361.0,361.0,361.0,4900.0,364.3,364.88,370.26666666666665,373.94,28.57142857142857,369.2,-0.1999999999999886,0.6299999999999955,-0.0243243243243242,368.0,363.0,361.0,362.0,12500.0
2025-11-14,362.0,366.0,360.0,366.0,366.0,33200.0,364.2,364.88,370.29333333333335,374.04,54.54545454545455,369.02,-0.1333333333333257,0.5850000000000364,-0.0108108108108108,368.0,362.0,361.0,362.0,4900.0
2025-11-15,362.0,366.0,360.0,366.0,366.0,33200.0,364.1,364.88,370.28,374.14,54.54545454545455,368.8,-0.1200000000000045,0.5600000000000023,-0.0213903743315507,368.0,366.0,366.0,362.0,33200.0
2025-11-16,362.0,366.0,360.0,366.0,366.0,33200.0,364.0,364.8,370.26666666666665,374.165,54.54545454545455,368.58,-0.0800000000000409,0.4650000000000318,-0.0213903743315507,367.0,366.0,366.0,362.0,33200.0
2025-11-17,312.0,316.0,305.0,310.0,310.0,191400.0,361.15,362.48,369.4933333333333,373.955,8.955223880597018,367.24,-0.8133333333333326,0.1349999999999909,-0.1733333333333333,366.0,366.0,366.0,362.0,33200.0
2025-11-18,310.0,311.0,305.0,305.0,305.0,89700.0,358.1,359.96,368.62666666666667,373.725,8.333333333333329,365.76,-1.6399999999999864,-0.214999999999975,-0.1844919786096256,366.0,316.0,310.0,312.0,191400.0
2025-11-19,305.0,305.0,298.0,298.0,298.0,82200.0,354.8,357.16,367.6133333333333,373.46,7.792207792207776,364.22,-2.680000000000007,-0.5800000000000409,-0.2032085561497326,366.0,311.0,305.0,310.0,89700.0
2025-11-20,300.0,303.0,299.0,302.0,302.0,17200.0,351.65,354.52,366.6533333333333,373.215,12.5,362.86,-3.626666666666665,-0.9250000000000114,-0.1925133689839572,366.0,305.0,298.0,305.0,82200.0
2025-11-21,299.0,303.0,299.0,301.0,301.0,17200.0,348.45,351.84,365.68,372.965,11.25,361.56,-4.586666666666645,-1.2000000000000457,-0.1973333333333333,366.0,303.0,302.0,300.0,17200.0
2025-11-22,299.0,303.0,299.0,301.0,301.0,17200.0,345.25,349.2,364.68,372.715,11.25,360.2,-4.813333333333333,-1.240000000000009,-0.1973333333333333,366.0,303.0,301.0,299.0,17200.0
2025-11-23,299.0,303.0,299.0,301.0,301.0,17200.0,342.05,346.6,363.68,372.465,11.25,358.84,-4.946666666666658,-1.2600000000000475,-0.193029490616622,366.0,303.0,301.0,299.0,17200.0
2025-11-24,299.0,303.0,299.0,301.0,301.0,17200.0,338.85,344.08,362.68,372.225,11.25,357.48,-4.933333333333337,-1.2349999999999568,-0.1973333333333333,366.0,303.0,301.0,299.0,17200.0
2025-11-25,301.0,301.0,292.0,294.0,294.0,97200.0,335.4,341.24,361.5866666666666,371.95,10.588235294117652,355.82,-5.066666666666663,-1.2649999999999864,-0.2201591511936339,366.0,303.0,301.0,299.0,17200.0
2025-11-26,291.0,299.0,288.0,295.0,295.0,77800.0,332.05,338.44,360.5866666666666,371.68,11.627906976744184,354.16,-5.093333333333362,-1.2849999999999682,-0.2175066312997348,366.0,301.0,294.0,301.0,97200.0
2025-11-27,296.0,299.0,294.0,294.0,294.0,20600.0,328.6,335.6,359.5733333333333,371.405,11.494252873563228,352.52,-5.106666666666683,-1.3100000000000025,-0.2201591511936339,366.0,299.0,295.0,291.0,77800.0
2025-11-28,296.0,300.0,296.0,300.0,300.0,25100.0,325.45,333.0,358.64,371.135,12.5,350.98,-5.0400000000000205,-1.329999999999984,-0.20844327176781,366.0,299.0,294.0,296.0,20600.0
2025-11-29,296.0,300.0,296.0,300.0,300.0,25100.0,322.3,330.4,357.70666666666665,370.905,12.5,349.46,-4.973333333333358,-1.32000000000005,-0.1999999999999999,366.0,300.0,300.0,296.0,25100.0
2025-11-30,296.0,300.0,296.0,300.0,300.0,25100.0,319.15,327.88,356.72,370.675,12.5,347.94,-4.866666666666617,-1.2749999999999773,-0.1891891891891891,366.0,300.0,300.0,296.0,25100.0
2025-12-01,296.0,302.0,296.0,300.0,300.0,22700.0,316.1,325.4,355.7333333333333,370.46,34.375,346.42,-4.853333333333296,-1.2200000000000273,-0.180327868852459,366.0,300.0,300.0,296.0,25100.0
2025-12-02,300.0,301.0,296.0,298.0,298.0,19400.0,312.95,322.8,354.70666666666665,370.16,37.93103448275862,344.86,-4.866666666666674,-1.2449999999999477,-0.1924119241192412,366.0,302.0,300.0,296.0,22700.0
2025-12-03,299.0,299.0,294.0,294.0,294.0,23300.0,309.6,320.04,353.64,369.84,42.30769230769231,343.36,-5.0,-1.295000000000016,-0.2032520325203252,366.0,301.0,298.0,300.0,19400.0
2025-12-04,294.0,296.0,294.0,294.0,294.0,14800.0,306.0,317.28,352.5733333333333,369.52,31.818181818181827,341.76,-5.133333333333326,-1.384999999999991,-0.2032520325203252,366.0,299.0,294.0,299.0,23300.0
2025-12-05,294.0,297.0,293.0,293.0,293.0,58500.0,302.35,314.48,351.49333333333334,369.04,31.818181818181827,340.16,-5.226666666666688,-1.634999999999991,-0.2228116710875332,366.0,296.0,294.0,294.0,14800.0
2025-12-06,294.0,297.0,293.0,293.0,293.0,58500.0,298.7,311.76,350.4,368.6,31.818181818181827,338.64,-5.333333333333371,-1.8599999999999568,-0.2248677248677248,310.0,297.0,293.0,294.0,58500.0
2025-12-07,294.0,297.0,293.0,293.0,293.0,58500.0,297.85,309.04,349.3066666666667,368.12,31.818181818181827,337.12,-5.399999999999977,-2.0400000000000205,-0.2207446808510638,305.0,297.0,293.0,294.0,58500.0
2025-12-08,294.0,294.0,292.0,293.0,293.0,24200.0,297.25,306.32,348.24,367.69,31.818181818181827,335.6,-5.399999999999977,-2.1499999999999773,-0.2228116710875332,302.0,297.0,293.0,294.0,58500.0
2025-12-09,293.0,297.0,293.0,296.0,296.0,41900.0,297.15,303.52,347.18666666666667,367.31,55.55555555555556,334.2,-5.386666666666656,-2.2099999999999795,-0.2127659574468084,302.0,294.0,293.0,294.0,24200.0
2025-12-10,296.0,301.0,295.0,301.0,301.0,52400.0,297.1,300.92,346.17333333333335,366.955,63.63636363636363,332.9,-5.319999999999993,-2.0850000000000364,-0.199468085106383,301.0,297.0,296.0,293.0,41900.0
2025-12-11,304.0,304.0,298.0,300.0,300.0,25700.0,297.05,298.28,345.14666666666665,366.595,63.63636363636363,331.54,-5.25333333333333,-2.0049999999999955,-0.2021276595744681,301.0,301.0,301.0,296.0,52400.0
2025-12-12,304.0,304.0,299.0,301.0,301.0,16500.0,297.05,297.92,344.1333333333333,366.235,52.94117647058823,330.2,-5.173333333333346,-1.884999999999991,-0.199468085106383,301.0,304.0,300.0,304.0,25700.0
2025-12-13,304.0,304.0,299.0,301.0,301.0,16500.0,297.05,297.76,343.0933333333333,365.89,52.94117647058823,328.86,-5.146666666666704,-1.8000000000000114,-0.1842818428184282,301.0,304.0,301.0,304.0,16500.0
2025-12-14,304.0,304.0,299.0,301.0,301.0,16500.0,297.05,297.88,342.1066666666667,365.535,52.94117647058823,327.52,-5.079999999999984,-1.7749999999999773,-0.195187165775401,301.0,304.0,301.0,304.0,16500.0
2025-12-15,303.0,304.0,299.0,302.0,302.0,31900.0,297.45,297.88,341.2,365.19,55.55555555555556,326.2,-4.973333333333358,-1.7649999999999864,-0.1903485254691689,302.0,304.0,301.0,304.0,16500.0
2025-12-16,303.0,303.0,298.0,298.0,298.0,14300.0,297.6,297.76,340.2933333333333,364.825,50.0,324.8,-4.853333333333296,-1.7700000000000389,-0.1924119241192412,302.0,304.0,302.0,303.0,31900.0
2025-12-17,300.0,300.0,297.0,297.0,297.0,8200.0,297.75,297.6,339.3333333333333,364.455,58.82352941176471,323.4,-4.800000000000011,-1.7800000000000296,-0.1951219512195121,302.0,303.0,298.0,303.0,14300.0
2025-12-18,297.0,300.0,295.0,298.0,298.0,15700.0,297.65,297.48,338.38666666666666,364.09,61.11111111111111,322.04,-4.706666666666649,-1.8000000000000114,-0.1924119241192412,302.0,300.0,297.0,300.0,8200.0
2025-12-19,295.0,296.0,290.0,295.0,295.0,49500.0,297.4,297.24,337.4,363.7,55.0,320.66,-4.706666666666706,-1.8350000000000364,-0.1939890710382513,302.0,300.0,298.0,297.0,15700.0
2025-12-20,295.0,296.0,290.0,295.0,295.0,49500.0,297.15,297.28,336.3066666666667,363.325,55.0,319.26,-4.893333333333317,-1.865000000000009,-0.1939890710382513,302.0,296.0,295.0,295.0,49500.0
2025-12-21,295.0,296.0,290.0,295.0,295.0,49500.0,296.9,297.28,335.2,362.95,55.0,317.86,-5.093333333333362,-1.875,-0.1983695652173913,302.0,296.0,295.0,295.0,49500.0
2025-12-22,295.0,295.0,290.0,292.0,292.0,35900.0,296.6,297.2,334.08,362.565,47.82608695652174,316.4,-5.25333333333333,-1.8899999999999864,-0.2065217391304348,302.0,296.0,295.0,295.0,49500.0
2025-12-23,292.0,294.0,291.0,293.0,293.0,28500.0,296.55,296.92,332.96,362.185,42.85714285714285,314.96,-5.4266666666666765,-1.9049999999999727,-0.2038043478260869,302.0,295.0,292.0,295.0,35900.0
2025-12-24,292.0,295.0,291.0,292.0,292.0,18300.0,296.45,296.6,331.84,361.8,23.529411764705884,313.5,-5.560000000000002,-1.8999999999999773,-0.2065217391304348,302.0,294.0,293.0,292.0,28500.0
2025-12-25,292.0,292.0,288.0,289.0,289.0,60400.0,296.25,296.16,330.68,361.4,21.05263157894737,312.02,-5.626666666666665,-1.925000000000012,-0.2146739130434782,302.0,295.0,292.0,292.0,18300.0
2025-12-26,290.0,292.0,289.0,289.0,289.0,47700.0,296.05,295.72,329.52,361.03,16.666666666666657,310.56,-5.680000000000007,-1.920000000000016,-0.2146739130434782,302.0,292.0,289.0,292.0,60400.0
2025-12-27,290.0,292.0,289.0,289.0,289.0,47700.0,295.85,295.36,328.36,360.65,16.666666666666657,309.08,-5.71999999999997,-1.9150000000000205,-0.2125340599455041,302.0,292.0,289.0,290.0,47700.0
2025-12-28,290.0,292.0,289.0,289.0,289.0,47700.0,295.65,295.16,327.2933333333333,360.22,16.666666666666657,307.6,-5.666666666666629,-1.964999999999975,-0.2103825136612022,302.0,292.0,289.0,290.0,47700.0
2025-12-29,293.0,294.0,290.0,292.0,292.0,16800.0,295.45,295.08,326.2,359.81,25.00000000000001,306.18,-5.639999999999986,-1.990000000000009,-0.1978021978021977,302.0,292.0,289.0,290.0,47700.0
2025-12-30,292.0,295.0,292.0,295.0,295.0,16200.0,295.15,295.16,325.16,359.44,42.10526315789474,304.82,-5.519999999999982,-1.9599999999999795,-0.1917808219178082,302.0,294.0,292.0,293.0,16800.0
2025-12-31,292.0,295.0,292.0,295.0,295.0,16200.0,294.9,295.24,324.17333333333335,359.07,44.44444444444444,303.5,-5.346666666666636,-1.9599999999999795,-0.1917808219178082,302.0,295.0,295.0,292.0,16200.0
2026-01-01,292.0,295.0,292.0,295.0,295.0,16200.0,294.6,295.32,323.18666666666667,358.7,41.17647058823529,302.18,-5.173333333333346,-1.9499999999999889,-0.1917808219178082,302.0,295.0,295.0,292.0,16200.0
2026-01-02,292.0,295.0,292.0,295.0,295.0,16200.0,294.3,295.4,322.2,358.33,50.0,300.86,-5.093333333333362,-1.8900000000000432,-0.1917808219178082,302.0,295.0,295.0,292.0,16200.0
2026-01-03,292.0,295.0,292.0,295.0,295.0,16200.0,294.0,295.36,321.25333333333333,357.955,50.0,299.44,-4.946666666666658,-1.8550000000000184,-0.1917808219178082,302.0,295.0,295.0,292.0,16200.0
2026-01-04,292.0,295.0,292.0,295.0,295.0,16200.0,293.65,295.12,320.3066666666667,357.555,50.0,298.02,-4.853333333333353,-1.884999999999991,-0.18732782369146,298.0,295.0,295.0,292.0,16200.0
2026-01-05,298.0,298.0,295.0,296.0,296.0,14100.0,293.55,294.96,319.3466666666667,357.145,66.66666666666666,296.62,-4.826666666666654,-1.925000000000012,-0.1823204419889502,298.0,295.0,295.0,292.0,16200.0
2026-01-06,297.0,300.0,296.0,299.0,299.0,26200.0,293.65,294.88,318.4266666666667,356.76,71.42857142857143,296.4,-4.759999999999991,-1.9399999999999973,-0.1763085399449036,299.0,298.0,296.0,298.0,14100.0
2026-01-07,302.0,302.0,300.0,302.0,302.0,15200.0,293.85,294.92,317.5466666666667,356.39,81.25,296.34,-4.653333333333308,-1.9399999999999973,-0.1680440771349862,302.0,300.0,299.0,297.0,26200.0
2026-01-08,302.0,304.0,300.0,300.0,300.0,8600.0,294.1,294.88,316.64,356.01,86.66666666666667,296.38,-4.613333333333344,-1.9449999999999927,-0.1735537190082644,302.0,302.0,302.0,302.0,15200.0
2026-01-09,302.0,313.0,302.0,311.0,311.0,50500.0,294.9,295.24,315.88,355.7,92.3076923076923,296.56,-4.4266666666666765,-1.8550000000000184,-0.1432506887052341,311.0,304.0,300.0,302.0,8600.0
2026-01-10,302.0,313.0,302.0,311.0,311.0,50500.0,295.7,295.76,315.12,355.365,92.3076923076923,296.76,-4.226666666666688,-1.7799999999999727,-0.1385041551246537,311.0,313.0,311.0,302.0,50500.0
2026-01-11,302.0,313.0,302.0,311.0,311.0,50500.0,296.65,296.32,314.37333333333333,355.045,92.3076923076923,296.96,-4.053333333333342,-1.714999999999975,-0.1385041551246537,311.0,313.0,311.0,302.0,50500.0
2026-01-12,302.0,313.0,302.0,311.0,311.0,50500.0,297.55,296.84,313.64,354.7,91.30434782608695,297.16,-3.906666666666695,-1.6899999999999975,-0.1385041551246537,311.0,313.0,311.0,302.0,50500.0
2026-01-13,314.0,314.0,303.0,309.0,309.0,21800.0,298.4,297.4,312.9066666666667,354.32,81.81818181818181,297.32,-3.733333333333292,-1.6899999999999975,-0.1557377049180327,311.0,313.0,311.0,302.0,50500.0
2026-01-14,309.0,312.0,299.0,303.0,303.0,49000.0,299.1,297.72,312.08,353.91,64.28571428571428,297.5,-3.8000000000000114,-1.7899999999999636,-0.1721311475409835,311.0,314.0,309.0,314.0,21800.0
2026-01-15,303.0,309.0,303.0,307.0,307.0,5500.0,300.0,298.2,311.3066666666667,353.52,68.75,297.74,-3.813333333333333,-1.8450000000000275,-0.1612021857923496,311.0,312.0,303.0,309.0,49000.0
2026-01-16,308.0,308.0,305.0,306.0,306.0,4500.0,300.85,298.76,310.52,353.055,66.66666666666666,297.98,-3.853333333333353,-1.990000000000009,-0.0129032258064516,311.0,309.0,307.0,303.0,5500.0
2026-01-17,308.0,308.0,305.0,306.0,306.0,4500.0,301.7,299.28,309.7333333333333,352.605,66.66666666666666,298.1,-3.906666666666638,-2.0949999999999704,0.0032786885245901,311.0,308.0,306.0,308.0,4500.0
2026-01-18,308.0,308.0,305.0,306.0,306.0,4500.0,302.4,299.84,308.94666666666666,352.175,66.66666666666666,298.22,-3.960000000000037,-2.144999999999982,0.0268456375838925,311.0,308.0,306.0,308.0,4500.0
2026-01-19,306.0,310.0,302.0,307.0,307.0,20600.0,303.0,300.56,308.2,351.735,66.66666666666666,298.36,-3.879999999999996,-2.175000000000012,0.0165562913907284,311.0,308.0,306.0,308.0,4500.0
2026-01-20,307.0,308.0,307.0,307.0,307.0,8600.0,303.6,301.28,307.46666666666664,351.295,63.333333333333336,298.5,-3.840000000000032,-2.224999999999966,0.0199335548172756,311.0,310.0,307.0,306.0,20600.0
2026-01-21,303.0,305.0,302.0,302.0,302.0,10500.0,303.95,301.8,306.6533333333333,350.83,50.0,298.58,-3.866666666666674,-2.2250000000000227,0.0033222591362125,311.0,308.0,307.0,307.0,8600.0
2026-01-22,303.0,304.0,300.0,300.0,300.0,18900.0,304.2,302.24,305.81333333333333,350.355,50.0,298.7,-3.920000000000016,-2.25,-0.0033222591362126,311.0,305.0,302.0,303.0,10500.0
2026-01-23,302.0,311.0,301.0,304.0,304.0,23000.0,304.65,302.72,305.02666666666664,349.9,36.0,298.9,-3.920000000000016,-2.275000000000034,0.0099667774086378,311.0,304.0,300.0,303.0,18900.0
2026-01-24,302.0,311.0,301.0,304.0,304.0,23000.0,305.1,303.08,304.24,349.445,36.0,299.12,-3.95999999999998,-2.2900000000000205,0.0340136054421769,311.0,311.0,304.0,302.0,23000.0
2026-01-25,302.0,311.0,301.0,304.0,304.0,23000.0,305.5,303.44,303.48,348.99,36.0,299.34,-3.986666666666622,-2.305000000000007,0.0305084745762711,311.0,311.0,304.0,302.0,23000.0
2026-01-26,306.0,307.0,305.0,305.0,305.0,3700.0,305.8,303.84,302.7333333333333,348.535,38.46153846153846,299.58,-3.919999999999959,-2.294999999999959,0.0374149659863944,311.0,311.0,304.0,302.0,23000.0
2026-01-27,306.0,306.0,300.0,303.0,303.0,19800.0,305.85,304.16,301.96,348.075,38.46153846153846,299.78,-3.853333333333353,-2.2800000000000296,0.01,311.0,307.0,305.0,306.0,3700.0
2026-01-28,303.0,304.0,300.0,301.0,301.0,6400.0,305.9,304.4,301.0933333333333,347.605,45.45454545454546,299.88,-3.933333333333337,-2.294999999999959,0.0033333333333334,311.0,306.0,303.0,306.0,19800.0
2026-01-29,298.0,301.0,298.0,300.0,300.0,30700.0,305.35,304.6,300.2133333333333,347.13,31.57894736842105,299.86,-4.026666666666699,-2.3149999999999977,0.0,311.0,304.0,301.0,303.0,6400.0
2026-01-30,293.0,302.0,293.0,297.0,297.0,37000.0,304.65,304.64,299.2933333333333,346.64,28.57142857142857,299.8,-4.186666666666667,-2.3500000000000227,-0.01,311.0,301.0,300.0,298.0,30700.0
2026-01-31,293.0,302.0,293.0,297.0,297.0,37000.0,303.95,304.56,299.12,346.16,28.57142857142857,299.72,-3.613333333333344,-2.375,-0.0033557046979866,311.0,302.0,297.0,293.0,37000.0
2026-02-01,293.0,302.0,293.0,297.0,297.0,37000.0,303.25,304.36,299.0133333333333,345.695,28.57142857142857,299.64,-2.9466666666666583,-2.3799999999999955,0.0102040816326529,309.0,302.0,297.0,293.0,37000.0
2026-02-02,297.0,301.0,297.0,299.0,299.0,31500.0,302.75,304.32,299.02666666666664,345.245,31.818181818181827,299.6,-2.066666666666663,-2.3600000000000136,0.0170068027210883,307.0,302.0,297.0,293.0,37000.0
2026-02-03,294.0,299.0,294.0,299.0,299.0,46700.0,302.55,303.84,298.9866666666667,344.785,31.818181818181827,299.54,-1.226666666666631,-2.3449999999999704,0.0204778156996587,307.0,301.0,299.0,297.0,31500.0
2026-02-04,295.0,300.0,295.0,300.0,300.0,22500.0,302.2,303.4,298.97333333333336,344.33,44.44444444444444,299.58,-0.3199999999999932,-2.3100000000000023,0.023890784982935,307.0,299.0,299.0,294.0,46700.0
2026-02-05,295.0,298.0,295.0,297.0,297.0,51000.0,301.75,302.84,298.92,343.86,42.10526315789474,299.58,-0.1999999999999886,-2.300000000000012,0.0136518771331057,307.0,300.0,300.0,295.0,22500.0
2026-02-06,297.0,297.0,295.0,296.0,296.0,10200.0,301.25,302.24,298.8533333333333,343.385,25.0,299.54,-0.1599999999999681,-2.3100000000000023,0.0102389078498292,307.0,298.0,297.0,295.0,51000.0
2026-02-07,297.0,297.0,295.0,296.0,296.0,10200.0,300.75,301.72,298.7866666666667,342.89,25.0,299.56,-0.2399999999999522,-2.355000000000018,0.0,307.0,297.0,296.0,297.0,10200.0
2026-02-08,297.0,297.0,295.0,296.0,296.0,10200.0,300.2,301.44,298.81333333333333,342.35,25.0,299.58,-0.1733333333333462,-2.4350000000000023,-0.0166112956810631,307.0,297.0,296.0,297.0,10200.0
2026-02-09,299.0,301.0,296.0,299.0,299.0,12400.0,299.8,301.12,298.8666666666667,341.875,33.33333333333333,299.66,-0.1066666666666833,-2.454999999999984,-0.0033333333333332,305.0,297.0,296.0,297.0,10200.0
2026-02-10,298.0,302.0,298.0,299.0,299.0,19100.0,299.65,300.84,298.93333333333334,341.39,37.5,299.8,0.0133333333333212,-2.470000000000028,-0.0066445182724252,305.0,301.0,299.0,299.0,12400.0
2026-02-11,298.0,302.0,298.0,299.0,299.0,19100.0,299.6,300.56,298.92,340.905,42.85714285714285,299.92,0.0666666666666628,-2.480000000000018,-0.0066445182724252,305.0,302.0,299.0,298.0,19100.0
2026-02-12,303.0,306.0,301.0,305.0,305.0,29000.0,299.65,300.52,298.9866666666667,340.45,63.15789473684211,300.18,0.1999999999999886,-2.4399999999999977,0.0132890365448505,305.0,302.0,299.0,298.0,19100.0
2026-02-13,304.0,309.0,304.0,305.0,305.0,24500.0,299.7,300.44,299.05333333333334,339.99,75.0,300.5,0.2400000000000091,-2.3600000000000136,0.009933774834437,305.0,306.0,305.0,303.0,29000.0
2026-02-14,304.0,309.0,304.0,305.0,305.0,24500.0,299.75,300.36,299.12,339.545,75.0,300.82,0.2533333333333303,-2.329999999999984,0.0234899328859059,305.0,309.0,305.0,304.0,24500.0
2026-02-15,304.0,309.0,304.0,305.0,305.0,24500.0,299.75,300.48,299.2133333333333,339.1,75.0,301.14,0.2799999999999727,-2.289999999999964,0.026936026936027,305.0,309.0,305.0,304.0,24500.0
2026-02-16,298.0,299.0,293.0,296.0,296.0,45100.0,299.4,300.32,299.24,338.61,43.47826086956522,301.28,0.3199999999999932,-2.294999999999959,-0.0067114093959731,305.0,309.0,305.0,304.0,24500.0
2026-02-17,295.0,298.0,295.0,297.0,297.0,14400.0,299.2,300.04,299.28,338.12,45.833333333333336,301.38,0.2933333333332939,-2.329999999999984,0.006779661016949,305.0,299.0,296.0,298.0,45100.0
2026-02-21,298.0,298.0,296.0,297.0,297.0,5700.0,299.15,299.0,299.52,336.18,52.38095238095237,301.58,0.2799999999999727,-2.430000000000007,0.0136518771331057,305.0,298.0,297.0,298.0,5700.0
2026-02-22,298.0,298.0,296.0,297.0,297.0,5700.0,299.05,298.84,299.53333333333336,335.665,52.38095238095237,301.62,0.2533333333333871,-2.454999999999984,0.0171232876712328,305.0,298.0,297.0,298.0,5700.0
2026-02-23,298.0,298.0,296.0,297.0,297.0,5700.0,298.95,298.72,299.48,335.115,44.44444444444444,301.66,0.1333333333333257,-2.519999999999982,0.0276816608996539,305.0,298.0,297.0,298.0,5700.0
2026-02-18,297.0,300.0,297.0,298.0,298.0,10800.0,,,,,,,,,,,,,,
2026-02-19,298.0,299.0,296.0,298.0,298.0,8100.0,,,,,,,,,,,,,,
2026-02-20,298.0,298.0,296.0,297.0,297.0,5700.0,,,,,,,,,,,,,,
2026-02-24,297.0,300.0,297.0,298.0,298.0,8100.0,,,,,,,,,,,,,,
2026-02-25,299.0,299.0,297.0,298.0,298.0,10000.0,,,,,,,,,,,,,,
2026-02-26,299.0,302.0,298.0,301.0,301.0,7500.0,,,,,,,,,,,,,,
2026-02-27,303.0,303.0,297.0,302.0,302.0,18100.0,,,,,,,,,,,,,,
2026-03-02,299.0,302.0,296.0,299.0,299.0,12400.0,,,,,,,,,,,,,,
2026-03-03,300.0,300.0,291.0,292.0,292.0,57800.0,,,,,,,,,,,,,,
2026-03-04,290.0,290.0,284.0,286.0,286.0,132700.0,,,,,,,,,,,,,,
2026-03-05,291.0,295.0,291.0,295.0,295.0,19000.0,,,,,,,,,,,,,,
2026-03-06,293.0,298.0,293.0,297.0,297.0,18800.0,,,,,,,,,,,,,,
