Date,Open,High,Low,Close,Adj Close,Volume,MA20,MA25,MA75,MA200,RSI14,MA50,MA75_slope,MA200_slope,Ret60,High20,PrevHigh,PrevClose,PrevOpen,PrevVolume
2020-02-25,1494.0,1528.4000244140625,1490.0,1514.800048828125,1272.012451171875,41735000.0,,,,,50.0,,,,,,,,,
2020-02-26,1500.199951171875,1514.4000244140625,1492.800048828125,1509.0,1267.1422119140625,33874500.0,,,,,50.0,,,,,,1528.4000244140625,1514.800048828125,1494.0,41735000.0
2020-02-27,1495.199951171875,1496.0,1469.800048828125,1476.800048828125,1240.1031494140625,44234500.0,,,,,50.0,,,,,,1514.4000244140625,1509.0,1500.199951171875,33874500.0
2020-02-28,1440.4000244140625,1447.800048828125,1400.800048828125,1425.4000244140625,1196.9412841796875,53093500.0,,,,,50.0,,,,,,1496.0,1476.800048828125,1495.199951171875,44234500.0
2020-02-29,1440.4000244140625,1447.800048828125,1400.800048828125,1425.4000244140625,1196.9412841796875,53093500.0,,,,,50.0,,,,,,1447.800048828125,1425.4000244140625,1440.4000244140625,53093500.0
2020-03-01,1440.4000244140625,1447.800048828125,1400.800048828125,1425.4000244140625,1196.9412841796875,53093500.0,,,,,50.0,,,,,,1447.800048828125,1425.4000244140625,1440.4000244140625,53093500.0
2020-03-02,1388.199951171875,1439.0,1386.5999755859375,1430.800048828125,1201.4759521484375,45307500.0,,,,,50.0,,,,,,1447.800048828125,1425.4000244140625,1440.4000244140625,53093500.0
2020-03-03,1457.5999755859375,1469.5999755859375,1408.800048828125,1408.800048828125,1183.001953125,40353500.0,,,,,50.0,,,,,,1439.0,1430.800048828125,1388.199951171875,45307500.0
2020-03-04,1393.5999755859375,1411.199951171875,1384.0,1394.800048828125,1171.2459716796875,29270500.0,,,,,50.0,,,,,,1469.5999755859375,1408.800048828125,1457.5999755859375,40353500.0
2020-03-05,1414.800048828125,1418.0,1392.4000244140625,1401.5999755859375,1176.9559326171875,29305000.0,,,,,50.0,,,,,,1411.199951171875,1394.800048828125,1393.5999755859375,29270500.0
2020-03-06,1380.0,1380.199951171875,1350.199951171875,1358.800048828125,1141.0157470703125,41045000.0,,,,,50.0,,,,,,1418.0,1401.5999755859375,1414.800048828125,29305000.0
2020-03-07,1380.0,1380.199951171875,1350.199951171875,1358.800048828125,1141.0157470703125,41045000.0,,,,,50.0,,,,,,1380.199951171875,1358.800048828125,1380.0,41045000.0
2020-03-08,1380.0,1380.199951171875,1350.199951171875,1358.800048828125,1141.0157470703125,41045000.0,,,,,50.0,,,,,,1380.199951171875,1358.800048828125,1380.0,41045000.0
2020-03-09,1314.0,1317.4000244140625,1275.199951171875,1299.0,1090.80029296875,44313500.0,,,,,50.0,,,,,,1380.199951171875,1358.800048828125,1380.0,41045000.0
2020-03-10,1279.0,1332.0,1253.199951171875,1320.0,1108.4344482421875,49111500.0,,,,,12.710550297932002,,,,,,1317.4000244140625,1299.0,1314.0,44313500.0
2020-03-11,1326.0,1366.0,1302.4000244140625,1307.0,1097.51806640625,41369500.0,,,,,12.36958392382519,,,,,,1332.0,1320.0,1279.0,49111500.0
2020-03-12,1280.0,1289.800048828125,1245.800048828125,1261.800048828125,1059.5626220703125,47994000.0,,,,,11.798138839195076,,,,,,1366.0,1307.0,1326.0,41369500.0
2020-03-13,1185.199951171875,1268.5999755859375,1154.199951171875,1216.800048828125,1021.775146484375,79205000.0,,,,,12.072714876027549,,,,,,1289.800048828125,1261.800048828125,1280.0,47994000.0
2020-03-14,1185.199951171875,1268.5999755859375,1154.199951171875,1216.800048828125,1021.775146484375,79205000.0,,,,,12.072714876027549,,,,,,1268.5999755859375,1216.800048828125,1185.199951171875,79205000.0
2020-03-15,1185.199951171875,1268.5999755859375,1154.199951171875,1216.800048828125,1021.775146484375,79205000.0,1366.370031738281,,,,12.072714876027549,,,,,1514.800048828125,1268.5999755859375,1216.800048828125,1185.199951171875,79205000.0
2020-03-16,1215.800048828125,1235.5999755859375,1185.4000244140625,1188.199951171875,997.7590942382812,46524000.0,1350.0400268554688,,,,9.322579245423585,,,,,1509.0,1268.5999755859375,1216.800048828125,1185.199951171875,79205000.0
2020-03-17,1170.5999755859375,1290.0,1164.4000244140625,1272.0,1068.1278076171875,81134000.0,1338.190026855469,,,,30.99999321831598,,,,,1476.800048828125,1235.5999755859375,1188.199951171875,1215.800048828125,46524000.0
2020-03-18,1265.0,1355.4000244140625,1260.0,1263.4000244140625,1060.90625,92084000.0,1327.5200256347655,,,,31.472076500155083,,,,,1430.800048828125,1290.0,1272.0,1170.5999755859375,81134000.0
2020-03-19,1264.0,1317.800048828125,1263.5999755859375,1279.0,1074.0057373046875,93711500.0,1320.2000244140625,,,,33.13153999045339,,,,,1430.800048828125,1355.4000244140625,1263.4000244140625,1265.0,92084000.0
2020-03-20,1264.0,1317.800048828125,1263.5999755859375,1279.0,1074.0057373046875,93711500.0,1312.8800231933594,1344.3600244140623,,,37.55458132865461,,,,,1430.800048828125,1317.800048828125,1279.0,1264.0,93711500.0
2020-03-21,1264.0,1317.800048828125,1263.5999755859375,1279.0,1074.0057373046875,93711500.0,1305.5600219726562,1334.9280224609374,,,37.55458132865461,,,,,1430.800048828125,1317.800048828125,1279.0,1264.0,93711500.0
2020-03-22,1264.0,1317.800048828125,1263.5999755859375,1279.0,1074.0057373046875,93711500.0,1297.97001953125,1325.7280224609376,,,37.55458132865461,,,,,1408.800048828125,1317.800048828125,1279.0,1264.0,93711500.0
2020-03-23,1239.0,1255.800048828125,1227.800048828125,1234.4000244140625,1036.554443359375,77562000.0,1289.250018310547,1316.032021484375,,,39.42371145682153,,,,,1401.5999755859375,1317.800048828125,1279.0,1264.0,93711500.0
2020-03-24,1253.0,1259.0,1223.0,1250.5999755859375,1050.1575927734375,60464000.0,1282.0400146484376,1309.04001953125,,,38.45641549391578,,,,,1401.5999755859375,1255.800048828125,1234.4000244140625,1239.0,77562000.0
2020-03-25,1309.0,1383.800048828125,1299.4000244140625,1383.800048828125,1162.0089111328125,64061000.0,1281.1500183105468,1307.3760205078124,,,59.125480028104015,,,,,1383.800048828125,1259.0,1250.5999755859375,1253.0,60464000.0
2020-03-26,1350.0,1366.4000244140625,1327.5999755859375,1343.5999755859375,1128.251708984375,60223000.0,1280.3900146484375,1304.1040185546874,,,59.83644698618856,,,,,1383.800048828125,1383.800048828125,1383.800048828125,1309.0,64061000.0
2020-03-27,1396.0,1405.800048828125,1346.5999755859375,1405.800048828125,1180.482666015625,76307000.0,1282.7400146484374,1303.1040185546874,,,71.82446806411252,,,,,1405.800048828125,1366.4000244140625,1343.5999755859375,1350.0,60223000.0
2020-03-28,1396.0,1405.800048828125,1346.5999755859375,1405.800048828125,1180.482666015625,76307000.0,1285.0900146484375,1302.9840185546875,,,71.82446806411252,,,,,1405.800048828125,1405.800048828125,1405.800048828125,1396.0,76307000.0
2020-03-29,1396.0,1405.800048828125,1346.5999755859375,1405.800048828125,1180.482666015625,76307000.0,1290.4300170898437,1303.4240185546876,,,71.82446806411252,,,,,1405.800048828125,1405.800048828125,1405.800048828125,1396.0,76307000.0
2020-03-30,1341.800048828125,1363.4000244140625,1317.800048828125,1359.4000244140625,1161.3463134765625,57345500.0,1292.4000183105468,1301.7360205078126,,,68.98846587624274,,,,,1405.800048828125,1405.800048828125,1405.800048828125,1396.0,76307000.0
2020-03-31,1355.199951171875,1359.4000244140625,1297.199951171875,1300.199951171875,1110.771240234375,58846000.0,1292.060015869141,1299.3920166015623,,,53.30829871525495,,,,,1405.800048828125,1363.4000244140625,1359.4000244140625,1341.800048828125,57345500.0
2020-04-01,1286.0,1320.5999755859375,1252.0,1266.199951171875,1081.724853515625,55771500.0,1292.280010986328,1295.6880126953124,,,50.310000597376565,,,,,1405.800048828125,1359.4000244140625,1300.199951171875,1355.199951171875,58846000.0
2020-04-02,1266.0,1281.0,1254.0,1257.4000244140625,1074.2069091796875,50396500.0,1294.310009765625,1291.63201171875,,,47.57194612332225,,,,,1405.800048828125,1320.5999755859375,1266.199951171875,1286.0,55771500.0
2020-04-03,1250.0,1274.4000244140625,1232.5999755859375,1239.0,1058.487548828125,40147000.0,1295.420007324219,1289.23201171875,,,45.68221252875187,,,,,1405.800048828125,1281.0,1257.4000244140625,1266.0,50396500.0
2020-04-04,1250.0,1274.4000244140625,1232.5999755859375,1239.0,1058.487548828125,40147000.0,1296.5300048828126,1285.99201171875,,,45.68221252875187,,,,,1405.800048828125,1274.4000244140625,1239.0,1250.0,40147000.0
2020-04-05,1250.0,1274.4000244140625,1232.5999755859375,1239.0,1058.487548828125,40147000.0,1299.0700073242188,1283.27201171875,,,45.68221252875187,,,,,1405.800048828125,1274.4000244140625,1239.0,1250.0,40147000.0
2020-04-06,1246.0,1326.800048828125,1234.4000244140625,1316.0,1124.269287109375,52831500.0,1301.2700073242188,1285.440009765625,,,58.23243940760949,,,,,1405.800048828125,1274.4000244140625,1239.0,1250.0,40147000.0
2020-04-07,1332.199951171875,1347.4000244140625,1288.800048828125,1323.5999755859375,1130.7618408203125,47160500.0,1304.2800048828126,1289.7120068359377,,,57.49486277248361,,,,,1405.800048828125,1326.800048828125,1316.0,1246.0,52831500.0
2020-04-08,1328.199951171875,1354.199951171875,1310.5999755859375,1350.5999755859375,1153.8284912109375,42991000.0,1307.8600036621094,1295.06400390625,,,45.64074864201647,,,,,1405.800048828125,1347.4000244140625,1323.5999755859375,1332.199951171875,47160500.0
2020-04-09,1343.800048828125,1345.800048828125,1321.800048828125,1336.0,1141.3555908203125,28752000.0,1310.710003662109,1299.832001953125,,,48.93018383744032,,,,,1405.800048828125,1354.199951171875,1350.5999755859375,1328.199951171875,42991000.0
2020-04-10,1316.0,1338.199951171875,1310.199951171875,1327.0,1133.6668701171875,29598000.0,1313.1100036621094,1305.38400390625,,,36.9536342999793,,,,,1405.800048828125,1345.800048828125,1336.0,1343.800048828125,28752000.0
2020-04-11,1316.0,1338.199951171875,1310.199951171875,1327.0,1133.6668701171875,29598000.0,1315.5100036621093,1307.58400390625,,,36.9536342999793,,,,,1405.800048828125,1338.199951171875,1327.0,1316.0,29598000.0
2020-04-12,1316.0,1338.199951171875,1310.199951171875,1327.0,1133.6668701171875,29598000.0,1320.1400024414063,1310.1280029296877,,,36.9536342999793,,,,,1405.800048828125,1338.199951171875,1327.0,1316.0,29598000.0
2020-04-13,1312.0,1327.199951171875,1303.199951171875,1305.0,1114.8720703125,20673000.0,1322.8600036621094,1311.1680029296874,,,40.20172384755457,,,,,1405.800048828125,1338.199951171875,1327.0,1316.0,29598000.0
2020-04-14,1307.0,1351.0,1307.0,1350.0,1153.3157958984375,33582500.0,1321.1700012207032,1314.0080029296876,,,59.453315734934,1329.184013671875,,,,1405.800048828125,1327.199951171875,1305.0,1312.0,20673000.0
2020-04-15,1336.0,1350.0,1330.199951171875,1347.5999755859375,1151.2655029296875,26336000.0,1321.3700012207032,1316.752001953125,,,67.55825067604752,1325.8400122070314,,,,1405.800048828125,1351.0,1350.0,1307.0,33582500.0
2020-04-16,1318.4000244140625,1324.0,1312.199951171875,1320.4000244140625,1128.0281982421875,28434000.0,1317.1,1318.4080029296874,,,62.58993051455915,1322.0680126953123,,,,1405.800048828125,1350.0,1347.5999755859375,1336.0,26336000.0
2020-04-17,1327.5999755859375,1358.4000244140625,1324.800048828125,1351.199951171875,1154.3406982421875,33658500.0,1314.3699951171875,1323.08,,,71.36329279505843,1319.5560107421877,,,,1405.800048828125,1324.0,1320.4000244140625,1318.4000244140625,28434000.0
2020-04-18,1327.5999755859375,1358.4000244140625,1324.800048828125,1351.199951171875,1154.3406982421875,33658500.0,1311.639990234375,1327.1039990234376,,,71.36329279505843,1318.0720092773438,,,,1359.4000244140625,1358.4000244140625,1351.199951171875,1327.5999755859375,33658500.0
2020-04-19,1327.5999755859375,1358.4000244140625,1324.800048828125,1351.199951171875,1154.3406982421875,33658500.0,1311.2299865722655,1325.7999951171876,,,71.36329279505843,1316.5880078125,,,,1351.199951171875,1358.4000244140625,1351.199951171875,1327.5999755859375,33658500.0
2020-04-20,1333.0,1345.0,1327.0,1327.0,1133.6668701171875,22320000.0,1312.5699890136718,1325.13599609375,,,52.62154676845021,1314.6200073242187,,,,1351.199951171875,1358.4000244140625,1351.199951171875,1327.5999755859375,33658500.0
2020-04-21,1323.800048828125,1330.800048828125,1311.199951171875,1312.0,1120.85205078125,22528000.0,1314.8599914550782,1321.383994140625,,,47.32965361116528,1312.2440063476563,,,,1351.199951171875,1345.0,1327.0,1333.0,22320000.0
2020-04-22,1301.0,1305.800048828125,1290.199951171875,1300.0,1110.6005859375,23568000.0,1316.989990234375,1317.1519921875,,,37.48763146567208,1310.0680053710937,,,,1351.199951171875,1330.800048828125,1312.0,1323.800048828125,22528000.0
2020-04-23,1310.5999755859375,1314.5999755859375,1302.5999755859375,1314.0,1122.5606689453125,17181000.0,1320.739990234375,1313.479990234375,,,44.54364682901546,1308.4520043945313,,,,1351.199951171875,1305.800048828125,1300.0,1301.0,23568000.0
2020-04-24,1290.0,1314.0,1289.4000244140625,1308.5999755859375,1117.947509765625,24035000.0,1324.219989013672,1311.44798828125,,,45.3535263237393,1306.5920043945312,,,,1351.199951171875,1314.5999755859375,1314.0,1310.5999755859375,17181000.0
2020-04-25,1290.0,1314.0,1289.4000244140625,1308.5999755859375,1117.947509765625,24035000.0,1327.6999877929688,1311.7839892578124,,,45.3535263237393,1305.5880029296875,,,-0.1361236246339623,1351.199951171875,1314.0,1308.5999755859375,1290.0,24035000.0
2020-04-26,1290.0,1314.0,1289.4000244140625,1308.5999755859375,1117.947509765625,24035000.0,1327.3299865722656,1313.479990234375,,,45.3535263237393,1304.5840014648438,,,-0.1328031970934807,1351.199951171875,1314.0,1308.5999755859375,1290.0,24035000.0
2020-04-27,1311.199951171875,1334.0,1308.4000244140625,1331.800048828125,1137.767578125,21065000.0,1327.739990234375,1316.4559912109376,,,56.726921535488025,1304.044001464844,,,-0.0981852621924416,1351.199951171875,1314.0,1308.5999755859375,1290.0,24035000.0
2020-04-28,1326.4000244140625,1346.0,1323.0,1337.0,1142.209716796875,19544000.0,1327.059991455078,1320.3759912109374,,,45.92220578279742,1304.804001464844,,,-0.0620176953135671,1351.199951171875,1334.0,1331.800048828125,1311.199951171875,21065000.0
2020-04-29,1326.4000244140625,1346.0,1323.0,1337.0,1142.209716796875,19544000.0,1327.1099914550782,1324.2959912109377,,,46.62420897209719,1305.1440014648438,,,-0.0620176953135671,1351.199951171875,1346.0,1337.0,1326.4000244140625,19544000.0
2020-04-30,1364.0,1375.0,1332.4000244140625,1333.199951171875,1138.96337890625,40368500.0,1327.419989013672,1328.0639892578124,,,54.79039262607463,1305.6680004882812,,,-0.0646836478623522,1351.199951171875,1346.0,1337.0,1326.4000244140625,19544000.0
2020-05-01,1320.5999755859375,1325.800048828125,1291.5999755859375,1298.800048828125,1109.575439453125,30841000.0,1326.009991455078,1327.3759912109374,,,30.903818880333688,1306.4080004882812,,,-0.0922560773660251,1351.199951171875,1375.0,1333.199951171875,1364.0,40368500.0
2020-05-02,1320.5999755859375,1325.800048828125,1291.5999755859375,1298.800048828125,1109.575439453125,30841000.0,1324.5999938964844,1326.383994140625,,,30.903818880333688,1308.048000488281,,,-0.0780806332960456,1351.199951171875,1325.800048828125,1298.800048828125,1320.5999755859375,30841000.0
2020-05-03,1320.5999755859375,1325.800048828125,1291.5999755859375,1298.800048828125,1109.575439453125,30841000.0,1324.289996337891,1324.3119970703126,,,30.903818880333688,1309.6880004882812,,,-0.068827069572199,1351.199951171875,1325.800048828125,1298.800048828125,1320.5999755859375,30841000.0
2020-05-04,1320.5999755859375,1325.800048828125,1291.5999755859375,1298.800048828125,1109.575439453125,30841000.0,1321.729998779297,1322.8239990234374,,,37.52214549917036,1311.3280004882813,,,-0.0733446978798905,1351.199951171875,1325.800048828125,1298.800048828125,1320.5999755859375,30841000.0
2020-05-05,1320.5999755859375,1325.800048828125,1291.5999755859375,1298.800048828125,1109.575439453125,30841000.0,1319.2900024414062,1321.6960009765626,,,43.26533103475765,1313.5400024414062,,,-0.04415660718569,1351.199951171875,1325.800048828125,1298.800048828125,1320.5999755859375,30841000.0
2020-05-06,1320.5999755859375,1325.800048828125,1291.5999755859375,1298.800048828125,1109.575439453125,30841000.0,1318.210003662109,1320.5680029296875,,,49.30235396984011,1314.0760034179686,,,-0.04415660718569,1351.199951171875,1325.800048828125,1298.800048828125,1320.5999755859375,30841000.0
2020-05-07,1276.4000244140625,1291.4000244140625,1274.5999755859375,1282.800048828125,1095.9063720703125,29652000.0,1314.790008544922,1318.8000048828126,,,32.272755015980124,1314.46400390625,,,-0.0559317024352074,1351.199951171875,1325.800048828125,1298.800048828125,1320.5999755859375,30841000.0
2020-05-08,1289.5999755859375,1302.199951171875,1284.199951171875,1298.4000244140625,1109.2332763671875,27246000.0,1312.1500122070313,1318.536005859375,,,44.80653959082807,1314.8520043945311,,,-0.0004618749699287,1351.199951171875,1291.4000244140625,1282.800048828125,1276.4000244140625,29652000.0
2020-05-09,1289.5999755859375,1302.199951171875,1284.199951171875,1298.4000244140625,1109.2332763671875,27246000.0,1309.5100158691407,1316.4720068359377,1324.946678059896,,44.80653959082807,1315.2400048828124,,,-0.0163636178681344,1337.0,1302.199951171875,1298.4000244140625,1289.5999755859375,27246000.0
2020-05-10,1289.5999755859375,1302.199951171875,1284.199951171875,1298.4000244140625,1109.2332763671875,27246000.0,1308.0800170898438,1314.5040087890625,1322.0613444010417,,44.80653959082807,1315.6280053710936,,,-0.0065799354138772,1337.0,1302.199951171875,1298.4000244140625,1289.5999755859375,27246000.0
2020-05-11,1324.0,1335.0,1316.4000244140625,1331.5999755859375,1137.5965576171875,25900000.0,1309.060015869141,1314.9520068359377,1319.6960107421876,,49.907544566452266,1316.6800048828125,,,0.05531773978186,1337.0,1302.199951171875,1298.4000244140625,1289.5999755859375,27246000.0
2020-05-12,1322.0,1331.0,1297.0,1305.4000244140625,1115.2137451171875,39047000.0,1309.3300170898438,1313.120009765625,1317.4106770833334,,37.770891105011785,1318.1000048828123,,,0.0728139152125004,1337.0,1335.0,1331.5999755859375,1324.0,25900000.0
2020-05-13,1282.4000244140625,1292.0,1274.4000244140625,1276.800048828125,1090.780517578125,40657500.0,1307.47001953125,1310.144013671875,1315.429344075521,,30.925213661990146,1318.6240063476562,,,0.0493096627155666,1337.0,1331.0,1305.4000244140625,1322.0,39047000.0
2020-05-14,1260.0,1265.199951171875,1248.5999755859375,1248.5999755859375,1066.6888427734375,32473000.0,1304.47001953125,1306.0400146484376,1313.0720100911458,,26.783739039958306,1315.9200048828125,-11.874667968750146,,0.026134061046791,1337.0,1292.0,1276.800048828125,1282.4000244140625,40657500.0
2020-05-15,1260.0,1264.0,1241.5999755859375,1249.800048828125,1067.7142333984375,27393000.0,1301.5300231933593,1302.9520166015625,1310.7306770833334,,33.557046979865774,1314.0440063476562,-11.330667317708276,,0.051843208372039,1337.0,1265.199951171875,1248.5999755859375,1260.0,32473000.0
2020-05-16,1260.0,1264.0,1241.5999755859375,1249.800048828125,1067.7142333984375,27393000.0,1298.5900268554688,1300.4640185546875,1308.31734375,,33.557046979865774,1310.9240063476564,-11.378666992187618,,-0.0174527918017884,1337.0,1264.0,1249.800048828125,1260.0,27393000.0
2020-05-17,1260.0,1264.0,1241.5999755859375,1249.800048828125,1067.7142333984375,27393000.0,1294.4900268554688,1298.4560205078126,1306.19734375,,33.557046979865774,1307.8040063476562,-11.213333333333368,,-0.0107645839188936,1337.0,1264.0,1249.800048828125,1260.0,27393000.0
2020-05-18,1256.0,1260.0,1249.5999755859375,1251.4000244140625,1069.0809326171875,21725000.0,1290.210028076172,1295.952021484375,1304.2853434244792,,34.262937550406704,1304.716005859375,-11.14400065104178,,-0.0215793397857212,1337.0,1264.0,1249.800048828125,1260.0,27393000.0
2020-05-19,1269.199951171875,1292.4000244140625,1267.5999755859375,1286.199951171875,1098.8109130859375,35095000.0,1287.6700256347656,1295.0560205078125,1302.7466764322917,,46.60191362105247,1303.2520043945312,-10.325333658854106,,0.0056293597903636,1333.199951171875,1260.0,1251.4000244140625,1256.0,21725000.0
2020-05-20,1280.4000244140625,1286.199951171875,1277.4000244140625,1283.0,1096.0772705078125,21370500.0,1285.1600280761718,1294.032021484375,1301.736009114583,,45.81122452281863,1302.908005371094,-8.994667968750036,,0.0031274433150898,1331.5999755859375,1292.4000244140625,1286.199951171875,1269.199951171875,35095000.0
2020-05-21,1288.199951171875,1289.0,1270.800048828125,1272.4000244140625,1087.0216064453125,17638000.0,1283.8400268554688,1292.5840234375,1300.5840087890624,,47.16156274133397,1303.0320068359374,-7.733334960937555,,-0.0051602623814992,1331.5999755859375,1286.199951171875,1283.0,1280.4000244140625,21370500.0
2020-05-22,1284.0,1287.199951171875,1256.0,1257.800048828125,1074.548828125,23268500.0,1281.7900268554688,1289.6240234375,1299.2373421223958,,38.85839361481889,1303.0400073242188,-6.9600016276042425,,0.0189565974977761,1331.5999755859375,1289.0,1272.4000244140625,1288.199951171875,17638000.0
2020-05-23,1284.0,1287.199951171875,1256.0,1257.800048828125,1074.548828125,23268500.0,1279.7400268554688,1286.456025390625,1298.6880094401042,,38.85839361481889,1303.4160083007812,-5.597333984374927,,0.005757295204499,1331.5999755859375,1287.199951171875,1257.800048828125,1284.0,23268500.0
2020-05-24,1284.0,1287.199951171875,1256.0,1257.800048828125,1074.548828125,23268500.0,1277.690026855469,1283.28802734375,1297.8586767578124,,38.85839361481889,1303.7920092773438,-4.887999674479261,,-0.0910536172525094,1331.5999755859375,1287.199951171875,1257.800048828125,1284.0,23268500.0
2020-05-25,1277.0,1279.0,1267.199951171875,1276.5999755859375,1090.6097412109375,15351500.0,1276.5800231933597,1281.0240283203125,1297.4533430989584,,33.611423117437894,1304.5440087890624,-4.2826660156249545,,-0.0498660324631083,1331.5999755859375,1287.199951171875,1257.800048828125,1284.0,23268500.0
2020-05-26,1288.0,1336.0,1285.199951171875,1329.800048828125,1136.058837890625,38703000.0,1278.1300231933594,1282.2640283203125,1298.360009765625,,56.26284229675255,1304.820009765625,-2.2239990234375,,-0.0540617423248446,1331.5999755859375,1279.0,1276.5999755859375,1277.0,15351500.0
2020-05-27,1328.0,1355.0,1318.4000244140625,1348.0,1151.607177734375,38496500.0,1281.3900207519532,1284.2320263671877,1300.1093424479166,,69.30585381741344,1305.3080102539063,0.8720003255207303,,-0.0411154124488095,1348.0,1336.0,1329.800048828125,1288.0,38703000.0
2020-05-28,1367.800048828125,1396.0,1365.199951171875,1394.5999755859375,1191.41796875,48670500.0,1286.200018310547,1288.0640234375,1302.4800081380208,,85.9960898939167,1306.1880102539062,3.791998697916597,,-0.0079670457057701,1394.5999755859375,1355.0,1348.0,1328.0,38496500.0
2020-05-29,1380.0,1389.0,1351.0,1351.0,1154.170166015625,109161500.0,1288.8300170898438,1290.152021484375,1304.2693408203124,,70.63623003411203,1306.4880102539062,6.410664062500018,,-0.006179214552893,1394.5999755859375,1396.0,1394.5999755859375,1367.800048828125,48670500.0
2020-05-30,1380.0,1389.0,1351.0,1351.0,1154.170166015625,109161500.0,1291.4600158691403,1292.24001953125,1306.4400081380209,,70.63623003411203,1306.9680102539062,8.986665039062473,,0.0390709511889604,1394.5999755859375,1389.0,1351.0,1380.0,109161500.0
2020-05-31,1380.0,1389.0,1351.0,1351.0,1154.170166015625,109161500.0,1292.4300170898437,1294.328017578125,1307.493341471354,,70.63623003411203,1307.4480102539062,9.133331705729232,,0.0669720834767384,1394.5999755859375,1389.0,1351.0,1380.0,109161500.0
2020-06-01,1357.0,1364.0,1337.0,1344.0,1148.1898193359375,22533500.0,1294.3600158691406,1296.776015625,1308.5680078125,,68.47567334806686,1307.7880102539064,8.45866536458334,,0.0688722553717877,1394.5999755859375,1389.0,1351.0,1380.0,109161500.0
2020-06-02,1357.0,1373.0,1353.5999755859375,1354.800048828125,1157.4166259765625,29813500.0,1298.2600158691407,1299.0320166015624,1309.5786751302082,,65.13683627591573,1308.7840112304686,7.098666992187418,,0.0934625091429579,1394.5999755859375,1364.0,1344.0,1357.0,22533500.0
2020-06-03,1380.0,1387.4000244140625,1372.0,1383.0,1181.5078125,32221500.0,1304.9800170898438,1302.416015625,1310.965341796875,,69.8728255606456,1309.4440112304687,6.696000976562573,,0.116222760290557,1394.5999755859375,1373.0,1354.800048828125,1357.0,29813500.0
2020-06-04,1401.4000244140625,1420.0,1386.5999755859375,1394.800048828125,1191.5887451171875,39300000.0,1312.2300170898438,1306.2720166015624,1312.5093424479169,,74.208872602112,1310.3880126953125,6.069334309895794,,0.1257466092236683,1394.800048828125,1387.4000244140625,1383.0,1380.0,32221500.0
2020-06-05,1389.199951171875,1413.4000244140625,1388.0,1413.4000244140625,1207.47900390625,26825500.0,1320.4100158691406,1309.5440185546877,1314.3013427734377,,80.29595404298607,1312.2480126953126,6.808001302083312,,0.0740121766064305,1413.4000244140625,1420.0,1394.800048828125,1401.4000244140625,39300000.0
2020-06-06,1389.199951171875,1413.4000244140625,1388.0,1413.4000244140625,1207.47900390625,26825500.0,1328.5900146484375,1313.8640185546874,1316.6880094401042,,80.29595404298607,1313.4920141601565,8.120001627604324,,0.0678453086162773,1413.4000244140625,1413.4000244140625,1413.4000244140625,1389.199951171875,26825500.0
2020-06-07,1389.199951171875,1413.4000244140625,1388.0,1413.4000244140625,1207.47900390625,26825500.0,1336.6900146484377,1319.328017578125,1318.8586767578124,,80.29595404298607,1314.736015625,9.28000162760418,,0.0464978897995909,1413.4000244140625,1413.4000244140625,1413.4000244140625,1389.199951171875,26825500.0
2020-06-08,1432.0,1434.800048828125,1421.199951171875,1433.4000244140625,1224.5650634765625,31710500.0,1344.0500183105469,1326.72001953125,1319.520009765625,,80.38760636203972,1316.3800170898437,8.554667968749982,,0.0729042098907652,1433.4000244140625,1413.4000244140625,1413.4000244140625,1389.199951171875,26825500.0
2020-06-09,1420.0,1425.800048828125,1404.0,1424.199951171875,1216.7054443359375,29232500.0,1351.1100158691406,1333.696015625,1320.5946761067707,,72.0560519494743,1318.3240161132812,8.085333658854097,,0.0732478908604936,1433.4000244140625,1434.800048828125,1433.4000244140625,1432.0,31710500.0
2020-06-10,1412.199951171875,1428.0,1402.199951171875,1418.800048828125,1212.0924072265625,23854000.0,1358.4300170898437,1340.456015625,1320.7680094401042,,67.59444980372885,1320.460017089844,6.466666666666697,,0.0691786351379992,1433.4000244140625,1425.800048828125,1424.199951171875,1420.0,29232500.0
2020-06-11,1388.800048828125,1411.4000244140625,1381.0,1381.0,1179.7991943359375,29786000.0,1364.5900146484375,1345.704013671875,1320.437342122396,,46.46570325878205,1322.0800170898438,3.749332682291652,,0.0406932931424264,1433.4000244140625,1428.0,1418.800048828125,1412.199951171875,23854000.0
2020-06-12,1348.4000244140625,1378.199951171875,1340.5999755859375,1370.5999755859375,1170.9144287109375,36581500.0,1370.230010986328,1350.47201171875,1319.9680078125,,56.15576839469178,1323.2120166015625,1.1093310546875728,,0.0502681805256226,1433.4000244140625,1411.4000244140625,1381.0,1388.800048828125,29786000.0
2020-06-13,1348.4000244140625,1378.199951171875,1340.5999755859375,1370.5999755859375,1170.9144287109375,36581500.0,1375.8700073242187,1353.8480126953125,1320.1173404947915,,56.15576839469178,1324.4520166015625,0.5973307291667425,,0.0152592411747685,1433.4000244140625,1378.199951171875,1370.5999755859375,1348.4000244140625,36581500.0
2020-06-14,1348.4000244140625,1378.199951171875,1340.5999755859375,1370.5999755859375,1170.9144287109375,36581500.0,1380.5700073242188,1357.35201171875,1321.056007486979,,56.15576839469178,1325.6920166015625,0.4613313802083212,,0.0170673793534312,1433.4000244140625,1378.199951171875,1370.5999755859375,1348.4000244140625,36581500.0
2020-06-15,1364.0,1379.0,1340.0,1340.0,1144.7725830078125,21524000.0,1381.0800048828123,1360.0560107421877,1322.0400081380208,,48.9059083885254,1326.3200170898438,1.2719986979166151,,0.0148439679063434,1433.4000244140625,1378.199951171875,1370.5999755859375,1348.4000244140625,36581500.0
2020-06-16,1376.0,1411.4000244140625,1368.5999755859375,1404.199951171875,1199.6192626953125,36452000.0,1383.8900024414063,1365.9120068359375,1323.9973404947916,,60.457221116824726,1327.7680151367188,3.55999837239574,,0.0392243945494772,1433.4000244140625,1379.0,1340.0,1364.0,21524000.0
2020-06-17,1400.0,1401.0,1381.0,1388.800048828125,1186.4630126953125,23684000.0,1383.6000061035156,1371.1520068359375,1325.9946744791666,,51.29813146005775,1328.8040161132812,6.026666666666642,,0.0278271899163702,1433.4000244140625,1411.4000244140625,1404.199951171875,1376.0,36452000.0
2020-06-18,1376.0,1388.0,1368.5999755859375,1377.4000244140625,1176.723876953125,17525500.0,1384.920007324219,1375.936005859375,1327.8400081380207,,46.098647098912586,1329.6120166015626,7.722667643228988,,0.0193902266052219,1433.4000244140625,1401.0,1388.800048828125,1400.0,23684000.0
2020-06-19,1381.5999755859375,1382.4000244140625,1365.0,1370.199951171875,1170.57275390625,29101500.0,1385.8800048828125,1379.6800048828125,1329.5893408203126,,39.79204200696078,1330.3520166015626,8.53333333333353,,0.032554597718067,1433.4000244140625,1388.0,1377.4000244140625,1376.0,17525500.0
2020-06-20,1381.5999755859375,1382.4000244140625,1365.0,1370.199951171875,1170.57275390625,29101500.0,1386.8400024414063,1381.2960009765625,1330.3120068359376,,39.79204200696078,1331.7800146484376,8.271998697916843,,0.0443597188810023,1433.4000244140625,1382.4000244140625,1370.199951171875,1381.5999755859375,29101500.0
2020-06-21,1381.5999755859375,1382.4000244140625,1365.0,1370.199951171875,1170.57275390625,29101500.0,1388.15,1382.1839990234375,1330.93333984375,,39.79204200696078,1333.2080126953124,6.935999348958376,,0.0539999624399039,1433.4000244140625,1382.4000244140625,1370.199951171875,1381.5999755859375,29101500.0
2020-06-22,1359.800048828125,1374.0,1356.0,1363.5999755859375,1164.9345703125,14133000.0,1388.5899963378906,1380.9439990234375,1331.1066731770834,,32.39150705753812,1334.504011230469,5.111998697916761,,0.0377473177975171,1433.4000244140625,1382.4000244140625,1370.199951171875,1381.5999755859375,29101500.0
2020-06-23,1376.4000244140625,1393.800048828125,1365.4000244140625,1379.199951171875,1178.261474609375,25700000.0,1388.3999938964844,1382.0719970703126,1331.6826725260416,,39.00292467790955,1336.1120092773438,3.842664388020921,,0.0539507694506304,1433.4000244140625,1374.0,1363.5999755859375,1359.800048828125,14133000.0
2020-06-24,1379.199951171875,1402.4000244140625,1379.0,1395.4000244140625,1192.101318359375,26051000.0,1388.4299926757812,1383.847998046875,1332.5946728515626,,44.56824007385424,1338.0440087890624,3.005332031249964,,0.066330468017363,1433.4000244140625,1393.800048828125,1379.199951171875,1376.4000244140625,25700000.0
2020-06-25,1375.4000244140625,1377.5999755859375,1358.5999755859375,1359.0,1161.00439453125,29914500.0,1385.709991455078,1384.167998046875,1333.021339518229,,44.85981308411216,1339.2480078125,2.7093326822914605,,0.0385144622912707,1433.4000244140625,1402.4000244140625,1395.4000244140625,1379.199951171875,26051000.0
2020-06-26,1364.5999755859375,1380.800048828125,1364.199951171875,1373.5999755859375,1173.4774169921875,23512000.0,1383.719989013672,1385.3519970703126,1333.6426725260417,,50.68744286694109,1341.0640063476562,2.709332682291688,,0.0313860378625101,1433.4000244140625,1377.5999755859375,1359.0,1375.4000244140625,29914500.0
2020-06-27,1364.5999755859375,1380.800048828125,1364.199951171875,1373.5999755859375,1173.4774169921875,23512000.0,1381.7299865722655,1386.103994140625,1334.5573388671876,,50.68744286694109,1342.5680053710937,3.450665690104188,,0.0273747012609855,1433.4000244140625,1380.800048828125,1373.5999755859375,1364.5999755859375,23512000.0
2020-06-28,1364.5999755859375,1380.800048828125,1364.199951171875,1373.5999755859375,1173.4774169921875,23512000.0,1378.7399841308593,1385.7279931640626,1334.8720052083331,,50.68744286694109,1344.0720043945312,3.189332682291706,,0.0273747012609855,1424.199951171875,1380.800048828125,1373.5999755859375,1364.5999755859375,23512000.0
2020-06-29,1356.0,1361.4000244140625,1347.4000244140625,1351.800048828125,1154.853759765625,25504000.0,1375.1199890136718,1384.0079931640626,1334.9280061848958,,52.8175869940842,1345.1400048828125,2.333333333333257,,0.0139514688999955,1418.800048828125,1380.800048828125,1373.5999755859375,1364.5999755859375,23512000.0
2020-06-30,1374.0,1375.5999755859375,1350.0,1352.4000244140625,1155.3660888671875,23943500.0,1371.7999877929688,1381.5679931640625,1335.3546728515626,,32.23595583698163,1345.556005859375,2.333333333333485,,0.0412688432174754,1404.199951171875,1361.4000244140625,1351.800048828125,1356.0,25504000.0
2020-07-01,1352.0,1355.0,1328.5999755859375,1331.199951171875,1137.254638671875,25141000.0,1369.3099853515623,1378.279990234375,1335.088006184896,,31.002618551454702,1346.0720043945312,1.4453336588542245,,0.0249460279686497,1404.199951171875,1375.5999755859375,1352.4000244140625,1374.0,23943500.0
2020-07-02,1334.199951171875,1364.199951171875,1332.4000244140625,1355.4000244140625,1157.9290771484375,28370500.0,1368.5499877929688,1375.959990234375,1335.1440071614584,,43.30900839492532,1347.64400390625,0.5866682942707939,,0.0435786675839797,1404.199951171875,1355.0,1331.199951171875,1352.0,25141000.0
2020-07-03,1355.199951171875,1358.0,1342.5999755859375,1352.199951171875,1155.1951904296875,19218500.0,1367.6299865722656,1372.7119873046877,1335.1573404947917,,44.38903255560511,1349.7160034179688,0.2853352864583485,,0.0411147985341788,1404.199951171875,1364.199951171875,1355.4000244140625,1334.199951171875,28370500.0
2020-07-04,1355.199951171875,1358.0,1342.5999755859375,1352.199951171875,1155.1951904296875,19218500.0,1366.7099853515624,1369.8319873046876,1335.49333984375,,44.38903255560511,1351.7640014648437,0.5653336588541151,,0.0411147985341788,1404.199951171875,1358.0,1352.199951171875,1355.199951171875,19218500.0
2020-07-05,1355.199951171875,1358.0,1342.5999755859375,1352.199951171875,1155.1951904296875,19218500.0,1367.3199829101563,1367.1679833984374,1336.0293391927082,,44.38903255560511,1353.8119995117188,0.6746663411456666,,0.0411147985341788,1404.199951171875,1358.0,1352.199951171875,1355.199951171875,19218500.0
2020-07-06,1361.0,1371.800048828125,1353.5999755859375,1371.800048828125,1171.93994140625,20675000.0,1365.6999877929688,1366.7999853515626,1336.9866731770833,,52.36449265924906,1356.2519995117189,1.898666992187373,,0.0693794797414484,1395.4000244140625,1358.0,1352.199951171875,1355.199951171875,19218500.0
2020-07-07,1372.0,1372.800048828125,1349.5999755859375,1354.0,1156.73291015625,21976000.0,1363.9599853515624,1366.135986328125,1337.5200065104166,,42.824629236478096,1358.3039990234374,2.375999348958203,,0.0428219150804687,1395.4000244140625,1371.800048828125,1371.800048828125,1361.0,20675000.0
2020-07-08,1353.800048828125,1363.800048828125,1345.199951171875,1345.5999755859375,1149.556884765625,23367000.0,1362.3699829101563,1365.135986328125,1338.01333984375,,35.16091719893498,1359.4919995117189,2.855999348958221,,0.0363523954747113,1395.4000244140625,1372.800048828125,1354.0,1372.0,21976000.0
2020-07-09,1340.0,1351.4000244140625,1336.199951171875,1341.800048828125,1146.310546875,20008500.0,1360.9499877929688,1363.9839892578125,1338.4560074869792,,43.639080501282095,1360.6680004882812,2.9626676432292243,,0.0334257729497871,1395.4000244140625,1363.800048828125,1345.5999755859375,1353.800048828125,23367000.0
2020-07-10,1333.0,1334.5999755859375,1313.5999755859375,1313.5999755859375,1122.2188720703125,33231500.0,1358.1199890136718,1362.92798828125,1338.5226741536458,,29.83874937242201,1361.4919995117189,2.493334960937545,,-0.0135175730925344,1395.4000244140625,1351.4000244140625,1341.800048828125,1340.0,20008500.0
2020-07-11,1333.0,1334.5999755859375,1313.5999755859375,1313.5999755859375,1122.2188720703125,33231500.0,1355.289990234375,1359.3039892578124,1338.2800065104166,,29.83874937242201,1362.607998046875,1.293333333333294,,0.006281561987526,1395.4000244140625,1334.5999755859375,1313.5999755859375,1333.0,33231500.0
2020-07-12,1333.0,1334.5999755859375,1313.5999755859375,1313.5999755859375,1122.2188720703125,33231500.0,1352.789990234375,1356.295986328125,1337.9680061848958,,29.83874937242201,1363.7239965820313,0.4479996744792061,,0.0288219966717484,1395.4000244140625,1334.5999755859375,1313.5999755859375,1333.0,33231500.0
2020-07-13,1335.0,1354.199951171875,1323.5999755859375,1352.4000244140625,1155.3660888671875,26204500.0,1351.4499938964843,1355.295986328125,1338.17333984375,,50.180933077217006,1365.61599609375,0.1600000000000818,,0.083133149813986,1395.4000244140625,1334.5999755859375,1313.5999755859375,1333.0,33231500.0
2020-07-14,1339.199951171875,1358.5999755859375,1339.0,1348.800048828125,1152.290771484375,20668000.0,1349.1199951171875,1354.439990234375,1338.3813411458334,,48.933659142631726,1367.0599975585938,-0.0746663411457575,,0.0792126709331042,1373.5999755859375,1354.199951171875,1352.4000244140625,1335.0,26204500.0
2020-07-15,1360.0,1374.0,1359.0,1367.0,1167.839111328125,23768000.0,1349.5199951171876,1354.3119921875,1339.290673828125,,60.79613557584985,1367.8039965820312,0.7679996744791424,,0.0937749612682183,1373.5999755859375,1358.5999755859375,1348.800048828125,1339.199951171875,20668000.0
2020-07-16,1359.800048828125,1371.800048828125,1353.5999755859375,1358.0,1160.150390625,26943000.0,1348.7399963378907,1353.823994140625,1340.0800065104168,,50.863204446400594,1368.0039965820313,1.800000000000182,,0.086573809365209,1373.5999755859375,1374.0,1367.0,1360.0,23768000.0
2020-07-17,1363.0,1371.5999755859375,1361.199951171875,1362.5999755859375,1164.080078125,16074000.0,1348.1899963378903,1353.783994140625,1340.9306722005208,,53.42105791508892,1367.3639965820312,2.962666015625018,,0.0888604355141686,1373.5999755859375,1371.800048828125,1358.0,1359.800048828125,26943000.0
2020-07-18,1363.0,1371.5999755859375,1361.199951171875,1362.5999755859375,1164.080078125,16074000.0,1347.6399963378906,1353.1199951171875,1341.781337890625,,53.42105791508892,1367.59599609375,3.607998046875082,,0.0593998035410072,1371.800048828125,1371.5999755859375,1362.5999755859375,1363.0,16074000.0
2020-07-19,1363.0,1371.5999755859375,1361.199951171875,1362.5999755859375,1164.080078125,16074000.0,1348.1799926757812,1351.8079931640625,1342.6320035807291,,53.42105791508892,1367.8279956054687,4.25066243489573,,0.0620420698253605,1371.800048828125,1371.5999755859375,1362.5999755859375,1363.0,16074000.0
2020-07-20,1357.0,1365.4000244140625,1354.0,1358.800048828125,1160.833740234375,12793000.0,1348.4999938964845,1351.7999951171876,1343.432003580729,,45.227604750168055,1367.9839965820313,4.141329752604179,,0.0679031929866942,1371.800048828125,1371.5999755859375,1362.5999755859375,1363.0,16074000.0
2020-07-21,1366.0,1368.0,1351.199951171875,1355.0,1157.58740234375,20404000.0,1349.6899963378903,1351.05599609375,1344.394669596354,,50.40916546627482,1368.203996582031,4.3146630859373545,,0.0772777447913402,1371.800048828125,1365.4000244140625,1358.800048828125,1357.0,12793000.0
2020-07-22,1355.0,1361.800048828125,1345.800048828125,1345.800048828125,1149.7275390625,17611000.0,1349.2099975585938,1349.9439990234375,1345.026669921875,,50.08133066697102,1368.0239965820313,4.095997721354252,,0.0699634254919836,1371.800048828125,1368.0,1355.0,1366.0,20404000.0
2020-07-23,1355.0,1361.800048828125,1345.800048828125,1345.800048828125,1149.7275390625,17611000.0,1348.8900024414063,1348.832001953125,1345.6586702473958,,51.67785303629546,1367.2799975585938,3.877332356770694,,0.0699634254919836,1371.800048828125,1361.800048828125,1345.800048828125,1355.0,17611000.0
2020-07-24,1355.0,1361.800048828125,1345.800048828125,1345.800048828125,1149.7275390625,17611000.0,1348.5700073242188,1348.592001953125,1346.2906705729167,,67.69237166838147,1366.2999975585938,3.658666992187591,,0.0542065443878971,1371.800048828125,1361.800048828125,1345.800048828125,1355.0,17611000.0
2020-07-25,1355.0,1361.800048828125,1345.800048828125,1345.800048828125,1149.7275390625,17611000.0,1348.2500122070312,1348.3280029296875,1346.4800048828124,,67.69237166838147,1364.947998046875,3.048001302083321,,0.0120318840521174,1371.800048828125,1361.800048828125,1345.800048828125,1355.0,17611000.0
2020-07-26,1355.0,1361.800048828125,1345.800048828125,1345.800048828125,1149.7275390625,17611000.0,1346.9500122070312,1348.9120068359375,1347.018671875,,67.69237166838147,1363.5959985351562,2.624002278646003,,-0.0016320112551001,1367.0,1361.800048828125,1345.800048828125,1355.0,17611000.0
2020-07-27,1326.5999755859375,1349.5999755859375,1326.199951171875,1347.4000244140625,1151.0947265625,25582000.0,1346.6200134277344,1348.5920068359376,1347.9600048828124,,45.35314298161224,1362.2759985351563,2.9333349609373727,,-0.0338447956390104,1367.0,1361.800048828125,1345.800048828125,1355.0,17611000.0
2020-07-28,1335.199951171875,1341.199951171875,1324.0,1327.199951171875,1133.837646484375,23719000.0,1345.7000122070312,1347.5920068359376,1349.0080045572918,,34.65900027049709,1360.1519970703123,3.349334309895994,,-0.0176166164530903,1367.0,1349.5999755859375,1347.4000244140625,1326.5999755859375,25582000.0
2020-07-29,1312.199951171875,1315.5999755859375,1286.5999755859375,1286.5999755859375,1099.152587890625,32327500.0,1342.940008544922,1344.9680078125,1349.498670247396,,6.680987139198422,1357.3999975585937,3.207999674479197,,-0.0476684118534881,1367.0,1341.199951171875,1327.199951171875,1335.199951171875,23719000.0
2020-07-30,1301.800048828125,1304.5999755859375,1283.5999755859375,1287.0,1099.494384765625,22763000.0,1341.610009765625,1342.360009765625,1349.9946695963542,,7.838455360223605,1354.7639965820313,3.5146647135418334,,-0.0473723168023686,1367.0,1315.5999755859375,1286.5999755859375,1312.199951171875,32327500.0
2020-07-31,1272.0,1276.199951171875,1243.4000244140625,1243.4000244140625,1062.2464599609375,32558500.0,1338.100012207031,1337.2240087890625,1349.9093359375,,1.623377266773275,1352.0119970703124,2.890664062499809,,-0.0748511723109653,1367.0,1304.5999755859375,1287.0,1301.800048828125,22763000.0
2020-08-01,1272.0,1276.199951171875,1243.4000244140625,1243.4000244140625,1062.2464599609375,32558500.0,1334.5900146484375,1332.800009765625,1349.8026692708331,,1.623377266773275,1349.467998046875,1.8426643880209213,,-0.0822261738995516,1367.0,1276.199951171875,1243.4000244140625,1272.0,32558500.0
2020-08-02,1272.0,1276.199951171875,1243.4000244140625,1243.4000244140625,1062.2464599609375,32558500.0,1329.1400146484375,1328.71201171875,1349.2320035807293,,1.623377266773275,1346.9239990234375,0.2239990234375,,-0.1009399678857103,1367.0,1276.199951171875,1243.4000244140625,1272.0,32558500.0
2020-08-03,1261.800048828125,1267.5999755859375,1251.0,1266.0,1081.5540771484375,20577000.0,1325.0000122070312,1325.680009765625,1349.0053369140626,,17.323926468970072,1344.8319995117188,-0.4933333333333394,,-0.0923430200166249,1367.0,1276.199951171875,1243.4000244140625,1272.0,32558500.0
2020-08-04,1280.0,1308.4000244140625,1279.800048828125,1307.800048828125,1117.263916015625,24323500.0,1322.0400146484376,1325.4480126953124,1349.4773372395832,,36.88890245225694,1344.1880004882812,-0.5173323567710213,,-0.0747134383485771,1362.5999755859375,1267.5999755859375,1266.0,1261.800048828125,20577000.0
2020-08-05,1302.199951171875,1330.0,1297.800048828125,1329.5999755859375,1135.8880615234375,26741000.0,1320.6200134277344,1326.0880126953125,1350.434669596354,,45.79437297618995,1342.6960009765626,0.5253336588541515,,-0.0592896896707392,1362.5999755859375,1308.4000244140625,1307.800048828125,1280.0,24323500.0
2020-08-06,1322.0,1370.0,1313.0,1360.0,1161.85888671875,56855000.0,1320.4900146484374,1327.944013671875,1351.7973356119792,,53.18384555423206,1342.12,1.9946663411458303,,-0.0377812533547959,1362.5999755859375,1330.0,1329.5999755859375,1302.199951171875,26741000.0
2020-08-07,1362.0,1389.0,1362.0,1375.5999755859375,1175.18603515625,38323500.0,1321.1400146484375,1328.87201171875,1353.3680013020833,,56.2447463971092,1342.0839990234374,4.135997721353988,,-0.0403237392518897,1375.5999755859375,1370.0,1360.0,1322.0,56855000.0
2020-08-08,1362.0,1389.0,1362.0,1375.5999755859375,1175.18603515625,38323500.0,1321.7900146484376,1329.9440087890623,1354.6880013020834,,56.2447463971092,1342.191999511719,5.682664388020839,,-0.0341244047550682,1375.5999755859375,1389.0,1375.5999755859375,1362.0,38323500.0
2020-08-09,1362.0,1389.0,1362.0,1375.5999755859375,1175.18603515625,38323500.0,1322.6300109863282,1330.2880078125,1355.2986669921877,,56.2447463971092,1342.3,5.8213297526042425,,-0.0304483167151489,1375.5999755859375,1389.0,1375.5999755859375,1362.0,38323500.0
2020-08-10,1362.0,1389.0,1362.0,1375.5999755859375,1175.18603515625,38323500.0,1323.660009765625,1330.9920068359374,1355.6666666666667,,55.9493567873154,1342.4080004882812,5.231997070312673,,-0.003910227671298,1375.5999755859375,1389.0,1375.5999755859375,1362.0,38323500.0
2020-08-11,1394.0,1430.0,1391.0,1430.0,1221.6605224609375,47353500.0,1327.8700073242187,1333.6880078125,1356.1386669921876,,68.95281477447145,1343.7360009765623,4.34133138020843,,0.0433387023727829,1430.0,1389.0,1375.5999755859375,1362.0,38323500.0
2020-08-12,1428.199951171875,1452.5999755859375,1425.4000244140625,1448.800048828125,1237.7215576171875,34724500.0,1333.0200073242188,1337.1360107421874,1357.4426676432292,,82.51805480437672,1345.1280029296877,4.074666341145985,,0.0570553587006716,1448.800048828125,1430.0,1430.0,1394.0,47353500.0
2020-08-13,1460.199951171875,1476.0,1457.0,1457.0,1244.7266845703125,34598000.0,1338.5800048828123,1340.91201171875,1358.8560009765624,,83.0482177825914,1346.3600024414063,4.167999674479006,,0.0630381044455556,1457.0,1452.5999755859375,1448.800048828125,1428.199951171875,34724500.0
2020-08-14,1448.800048828125,1451.0,1433.5999755859375,1436.199951171875,1226.9571533203125,24891000.0,1343.1,1344.0080078125,1359.9920003255208,,91.1262599566192,1347.9040014648438,4.693333333333385,,0.0717910083372201,1457.0,1476.0,1457.0,1460.199951171875,34598000.0
2020-08-15,1448.800048828125,1451.0,1433.5999755859375,1436.199951171875,1226.9571533203125,24891000.0,1347.6199951171875,1347.256005859375,1361.2213330078123,,91.1262599566192,1349.1560009765626,5.554666341145776,,0.0227887773199924,1457.0,1451.0,1436.199951171875,1448.800048828125,24891000.0
2020-08-16,1448.800048828125,1451.0,1433.5999755859375,1436.199951171875,1226.9571533203125,24891000.0,1352.059991455078,1350.872001953125,1362.3066650390624,,91.1262599566192,1350.4080004882812,6.1679980468748,,0.0341301128148334,1457.0,1451.0,1436.199951171875,1448.800048828125,24891000.0
2020-08-17,1442.5999755859375,1456.800048828125,1431.199951171875,1431.199951171875,1222.6856689453125,16037000.0,1357.259991455078,1354.287998046875,1362.9493310546875,,88.0996111543412,1351.56,5.506663411458248,,0.0390590429825923,1457.0,1451.0,1436.199951171875,1448.800048828125,24891000.0
2020-08-18,1442.0,1445.800048828125,1425.199951171875,1435.199951171875,1226.1029052734375,21201000.0,1364.689990234375,1357.863994140625,1363.4879964192708,,85.58656490048882,1353.227998046875,4.63199544270833,,0.0474383318612792,1457.0,1456.800048828125,1431.199951171875,1442.5999755859375,16037000.0
2020-08-19,1422.0,1439.199951171875,1412.800048828125,1439.0,1229.34912109375,16316500.0,1372.289990234375,1361.5919921875,1363.8293294270834,,83.9751371015374,1354.9599975585938,3.8373291015625455,,0.0502116853597047,1457.0,1445.800048828125,1435.199951171875,1442.0,21201000.0
2020-08-20,1432.800048828125,1437.199951171875,1415.4000244140625,1416.800048828125,1210.383544921875,14443500.0,1380.959991455078,1364.4319921875,1363.8746630859375,,68.5863974729536,1356.6719995117187,2.653330078125009,,0.0340097061136186,1457.0,1439.199951171875,1439.0,1422.0,16316500.0
2020-08-21,1430.800048828125,1436.4000244140625,1416.199951171875,1416.4000244140625,1210.0418701171875,14287000.0,1389.6099914550782,1367.1919921875,1363.9146630859375,,64.82558861624173,1357.8919995117187,1.607998046875082,,0.0387210690623816,1457.0,1437.199951171875,1416.800048828125,1432.800048828125,14443500.0
2020-08-22,1430.800048828125,1436.4000244140625,1416.199951171875,1416.4000244140625,1210.0418701171875,14287000.0,1398.259991455078,1370.7599951171876,1363.6879964192708,,64.82558861624173,1359.1760009765626,0.7386653645833121,,0.0269722118323594,1457.0,1436.4000244140625,1416.4000244140625,1430.800048828125,14287000.0
2020-08-23,1430.800048828125,1436.4000244140625,1416.199951171875,1416.4000244140625,1210.0418701171875,14287000.0,1405.7799926757812,1375.9519970703125,1363.5839973958334,,64.82558861624173,1360.4600024414062,0.0960009765626637,,0.0150494479235931,1457.0,1436.4000244140625,1416.4000244140625,1430.800048828125,14287000.0
2020-08-24,1422.4000244140625,1423.199951171875,1413.0,1413.0,1207.13720703125,13343500.0,1411.039990234375,1380.9919970703124,1363.5066634114582,,63.26240852309768,1361.6760034179688,-0.3226660156251455,,0.0397350993377483,1457.0,1436.4000244140625,1416.4000244140625,1430.800048828125,14287000.0
2020-08-25,1428.0,1442.5999755859375,1425.4000244140625,1429.800048828125,1221.4898681640625,20393000.0,1416.0499938964845,1388.447998046875,1364.1573307291667,,49.90331194941527,1362.8360034179686,0.2826676432291606,,0.0409144396047431,1457.0,1423.199951171875,1413.0,1422.4000244140625,13343500.0
2020-08-26,1423.800048828125,1435.199951171875,1418.800048828125,1424.5999755859375,1217.047119140625,13868500.0,1419.2799926757812,1395.69599609375,1364.8773307291667,,36.52559733457669,1364.2480029296876,0.9626676432292244,,0.0371287135312046,1457.0,1442.5999755859375,1429.800048828125,1428.0,20393000.0
2020-08-27,1416.0,1417.5999755859375,1407.800048828125,1414.5999755859375,1208.50390625,12679500.0,1421.2299926757812,1402.543994140625,1365.4639973958333,,26.85593738714188,1365.6280029296877,1.7760009765625,,0.0298485736231253,1457.0,1435.199951171875,1424.5999755859375,1423.800048828125,13868500.0
2020-08-28,1428.4000244140625,1436.5999755859375,1395.5999755859375,1411.199951171875,1205.599609375,28873000.0,1423.009991455078,1408.3519921875,1366.0053304036458,,33.153683157631505,1367.0160009765625,2.4213330078123363,,0.0439413376225601,1457.0,1417.5999755859375,1414.5999755859375,1416.0,12679500.0
2020-08-29,1428.4000244140625,1436.5999755859375,1395.5999755859375,1411.199951171875,1205.599609375,28873000.0,1424.789990234375,1412.48798828125,1366.9546630859377,,33.153683157631505,1368.9680004882812,3.447999674479206,,0.0434782059274865,1457.0,1436.5999755859375,1411.199951171875,1428.4000244140625,28873000.0
2020-08-30,1428.4000244140625,1436.5999755859375,1395.5999755859375,1411.199951171875,1205.599609375,28873000.0,1426.5699890136718,1415.7519873046874,1367.047996419271,,33.153683157631505,1370.92,2.8906656901042425,,0.0600961560504678,1457.0,1436.5999755859375,1411.199951171875,1428.4000244140625,28873000.0
2020-08-31,1421.4000244140625,1425.5999755859375,1401.199951171875,1401.199951171875,1197.056396484375,22006500.0,1425.1299865722656,1417.3999853515625,1367.2133284505207,,31.060652766303747,1372.6719995117187,2.3359977213540333,,0.033790708228452,1457.0,1436.5999755859375,1411.199951171875,1428.4000244140625,28873000.0
2020-09-01,1398.0,1400.0,1385.199951171875,1395.800048828125,1192.443115234375,19728000.0,1422.4799865722655,1418.20798828125,1367.458662109375,,25.5584028497174,1373.54,1.994664713541624,,0.032243824309019,1457.0,1425.5999755859375,1401.199951171875,1421.4000244140625,22006500.0
2020-09-02,1394.4000244140625,1401.0,1391.199951171875,1394.4000244140625,1191.2471923828125,14908500.0,1419.3499877929687,1418.959990234375,1367.7813297526045,,21.48341827774873,1374.451999511719,1.7759993489585213,,0.0312084564162387,1439.0,1400.0,1395.800048828125,1398.0,19728000.0
2020-09-03,1407.800048828125,1407.800048828125,1395.0,1398.199951171875,1194.4932861328125,16797000.0,1417.4499877929688,1419.8639892578126,1368.1546630859375,,34.44809158123793,1375.0759985351565,1.2000000000000457,,0.0340186375248234,1439.0,1401.0,1394.4000244140625,1394.4000244140625,14908500.0
2020-09-04,1390.0,1416.199951171875,1387.5999755859375,1409.199951171875,1203.8907470703125,20013500.0,1416.0999877929687,1421.20798828125,1368.6746630859377,,44.88631339114332,1376.0999975585937,1.6266666666665517,,0.0272633773236115,1439.0,1407.800048828125,1398.199951171875,1407.800048828125,16797000.0
2020-09-05,1390.0,1416.199951171875,1387.5999755859375,1409.199951171875,1203.8907470703125,20013500.0,1414.7499877929688,1420.375986328125,1369.2826627604168,,44.88631339114332,1377.0319970703124,2.0693343098960213,,0.0407680584725811,1439.0,1416.199951171875,1409.199951171875,1390.0,20013500.0
2020-09-06,1390.0,1416.199951171875,1387.5999755859375,1409.199951171875,1203.8907470703125,20013500.0,1413.649987792969,1418.791982421875,1369.6826627604166,,44.88631339114332,1377.9639965820313,2.224000651041706,,0.0472651432371222,1439.0,1416.199951171875,1409.199951171875,1390.0,20013500.0
2020-09-07,1401.800048828125,1408.0,1388.199951171875,1393.199951171875,1190.2220458984375,20615500.0,1411.5499877929688,1416.23998046875,1369.6533284505208,,38.07225974209337,1378.57599609375,1.871998697916524,,0.0383066779499976,1439.0,1416.199951171875,1409.199951171875,1390.0,20013500.0
2020-09-08,1401.0,1403.800048828125,1391.199951171875,1403.0,1198.5941162109375,21390500.0,1409.7499877929688,1414.911982421875,1370.2399951171874,,32.36838892886513,1379.4599951171874,2.085332031249891,,0.0680572671099397,1429.800048828125,1408.0,1393.199951171875,1401.800048828125,20615500.0
2020-09-09,1381.5999755859375,1386.800048828125,1367.5999755859375,1377.199951171875,1176.5528564453125,35819500.0,1407.7699829101562,1412.551982421875,1370.2879947916667,,25.465819672027564,1379.903994140625,1.6133317057292516,,0.0484165474786708,1429.800048828125,1403.800048828125,1403.0,1401.0,21390500.0
2020-09-10,1390.800048828125,1391.0,1382.0,1391.0,1188.3424072265625,21490000.0,1406.499981689453,1410.743984375,1370.5199951171876,,38.24702696853529,1380.8079931640625,1.2373323567708212,,0.058922065965735,1429.800048828125,1386.800048828125,1377.199951171875,1381.5999755859375,35819500.0
2020-09-11,1371.0,1391.199951171875,1370.800048828125,1391.199951171875,1188.513427734375,23824500.0,1405.2399780273438,1409.143984375,1370.7546614583334,1346.9060034179688,39.71192898819736,1381.7159912109375,1.071998697916797,,0.0286896820891606,1429.800048828125,1391.0,1391.0,1390.800048828125,21490000.0
2020-09-12,1371.0,1391.199951171875,1370.800048828125,1391.199951171875,1188.513427734375,23824500.0,1403.9799743652345,1407.383984375,1371.2799934895834,1346.2880029296875,39.71192898819736,1382.6239892578126,1.6266650390625728,,0.031435276400374,1429.800048828125,1391.199951171875,1391.199951171875,1371.0,23824500.0
2020-09-13,1371.0,1391.199951171875,1370.800048828125,1391.199951171875,1188.513427734375,23824500.0,1402.8899719238282,1405.471982421875,1371.7973258463542,1345.699002685547,39.71192898819736,1383.5319873046874,1.5573307291667788,,0.0177029635492866,1429.800048828125,1391.199951171875,1391.199951171875,1371.0,23824500.0
2020-09-14,1396.800048828125,1410.0,1395.800048828125,1409.4000244140625,1204.061767578125,16699500.0,1401.869970703125,1405.1759814453126,1372.839993489583,1345.3620025634766,53.88997691782956,1384.8039868164062,2.551998697916588,,0.0378497970648472,1424.5999755859375,1391.199951171875,1391.199951171875,1371.0,23824500.0
2020-09-15,1416.0,1431.0,1408.199951171875,1413.199951171875,1207.3082275390625,18899000.0,1401.2999694824218,1405.047978515625,1373.6106591796874,1345.3010021972657,58.381451906906726,1386.1199853515625,3.0906640624998545,,0.0371348719305375,1414.5999755859375,1410.0,1409.4000244140625,1396.800048828125,16699500.0
2020-09-16,1409.0,1413.4000244140625,1400.4000244140625,1412.800048828125,1206.966552734375,15153000.0,1401.2099731445312,1404.9039794921875,1374.4186604817708,1345.238002319336,58.94943459318377,1387.8319873046876,3.663999023437327,-1.6680010986328853,0.0368413871581061,1413.199951171875,1431.0,1413.199951171875,1416.0,18899000.0
2020-09-17,1404.5999755859375,1416.4000244140625,1401.0,1404.199951171875,1199.6192626953125,16123000.0,1400.8599731445313,1404.4159765625,1375.111993815104,1345.132001953125,52.78810155877749,1390.1839868164063,3.832000325520767,-1.1560009765626091,0.0305298519971342,1413.199951171875,1413.4000244140625,1412.800048828125,1409.0,15153000.0
2020-09-18,1415.0,1418.4000244140625,1406.199951171875,1407.5999755859375,1202.5240478515625,28528000.0,1400.6799743652343,1404.1999755859374,1375.8506608072917,1345.0160015869142,49.20001318357766,1392.595986328125,4.053334960937491,-0.6830010986327579,0.0359139866089195,1413.199951171875,1416.4000244140625,1404.199951171875,1404.5999755859375,16123000.0
2020-09-19,1415.0,1418.4000244140625,1406.199951171875,1407.5999755859375,1202.5240478515625,28528000.0,1400.4999755859376,1403.31197265625,1376.3279931640625,1345.010001220703,49.20001318357766,1395.8799853515625,3.4879996744791697,-0.3520013427735193,0.0388191701741236,1413.199951171875,1418.4000244140625,1407.5999755859375,1415.0,28528000.0
2020-09-20,1415.0,1418.4000244140625,1406.199951171875,1407.5999755859375,1202.5240478515625,28528000.0,1400.8199768066406,1402.63197265625,1377.0426595052083,1345.0740008544922,49.20001318357766,1399.163984375,3.432000325520903,-0.2270013427735193,0.0459205859084532,1413.199951171875,1418.4000244140625,1407.5999755859375,1415.0,28528000.0
2020-09-21,1415.0,1418.4000244140625,1406.199951171875,1407.5999755859375,1202.5240478515625,28528000.0,1401.4099731445312,1402.35197265625,1377.869326171875,1345.104000854492,58.57143064745128,1402.4479833984376,3.450665690104188,-0.1340014648437772,0.0459205859084532,1413.199951171875,1418.4000244140625,1407.5999755859375,1415.0,28528000.0
2020-09-22,1415.0,1418.4000244140625,1406.199951171875,1407.5999755859375,1202.5240478515625,28528000.0,1402.069970703125,1402.2079736328126,1378.746658528646,1345.3480004882813,53.09971094699817,1405.279982910156,3.634664713541724,0.2159985351563591,0.0459205859084532,1413.199951171875,1418.4000244140625,1407.5999755859375,1415.0,28528000.0
2020-09-23,1413.0,1420.0,1397.800048828125,1416.199951171875,1209.8707275390625,28209500.0,1402.969970703125,1402.4079736328124,1380.114658203125,1345.635,84.21052631578948,1407.4479809570312,4.2639973958332575,0.6189984130858193,0.0523108186874059,1416.199951171875,1418.4000244140625,1407.5999755859375,1415.0,28528000.0
2020-09-24,1403.5999755859375,1408.4000244140625,1385.5999755859375,1385.5999755859375,1183.7293701171875,24755500.0,1401.789971923828,1401.383974609375,1381.074658203125,1345.768999633789,46.3414432430376,1408.5679809570313,4.746665039062464,0.7589984130859193,0.0295734323924783,1416.199951171875,1420.0,1416.199951171875,1413.0,28209500.0
2020-09-25,1401.5999755859375,1413.0,1398.0,1406.199951171875,1201.32763671875,25681000.0,1401.6399719238282,1401.583974609375,1382.3093245442708,1346.3049993896484,57.961787566445416,1409.4919799804688,5.266665039062445,1.2309985351562318,0.0436395470479396,1416.199951171875,1408.4000244140625,1385.5999755859375,1403.5999755859375,24755500.0
2020-09-26,1401.5999755859375,1413.0,1398.0,1406.199951171875,1201.32763671875,25681000.0,1401.489971923828,1401.999970703125,1383.0266569010416,1346.7359991455078,57.961787566445416,1410.1039794921876,5.157330729166688,1.631998291015634,0.0595238117137102,1416.199951171875,1413.0,1406.199951171875,1401.5999755859375,25681000.0
2020-09-27,1401.5999755859375,1413.0,1398.0,1406.199951171875,1201.32763671875,25681000.0,1402.1399719238282,1402.4719677734374,1383.7919889322916,1347.2319989013672,57.961787566445416,1410.7159790039063,5.045330403645721,1.8839984130859195,0.0929581671501817,1416.199951171875,1413.0,1406.199951171875,1401.5999755859375,25681000.0
2020-09-28,1409.4000244140625,1435.800048828125,1399.4000244140625,1435.800048828125,1226.615234375,37334000.0,1403.7799743652345,1403.9759716796875,1384.709322916667,1348.101998901367,62.50001444961419,1411.91998046875,4.594664713541761,2.4669989013671056,0.1156177535572067,1435.800048828125,1413.0,1406.199951171875,1401.5999755859375,25681000.0
2020-09-29,1419.800048828125,1432.0,1413.5999755859375,1422.5999755859375,1233.3779296875,29231000.0,1406.0499755859375,1404.51197265625,1385.570655924479,1349.1309985351563,54.086962798315646,1412.85998046875,4.495997721354115,3.361998901367315,0.1441209165620862,1435.800048828125,1435.800048828125,1435.800048828125,1409.4000244140625,37334000.0
2020-09-30,1402.0,1415.800048828125,1385.800048828125,1386.4000244140625,1201.9927978515625,27261500.0,1405.8199768066406,1403.5999755859375,1385.8879899088545,1349.978998413086,41.24668617522899,1411.9879809570311,3.5786653645834576,3.6739990234375455,0.1150072359596316,1435.800048828125,1432.0,1422.5999755859375,1419.800048828125,29231000.0
2020-10-01,1402.0,1415.800048828125,1385.800048828125,1386.4000244140625,1201.9927978515625,27261500.0,1405.57998046875,1402.687978515625,1386.2053238932292,1350.8269982910156,43.74123854089139,1410.73998046875,3.1786669921875728,4.090999145507794,0.1150072359596316,1435.800048828125,1415.800048828125,1386.4000244140625,1402.0,27261500.0
2020-10-02,1384.0,1400.5999755859375,1372.4000244140625,1378.199951171875,1194.883544921875,24475000.0,1404.92998046875,1402.087978515625,1386.4133235677084,1351.7769982910156,40.0,1409.1639794921875,2.621334635416815,4.54499938964841,0.0886255538482425,1435.800048828125,1415.800048828125,1386.4000244140625,1402.0,27261500.0
2020-10-03,1384.0,1400.5999755859375,1372.4000244140625,1378.199951171875,1194.883544921875,24475000.0,1404.27998046875,1401.0959765625,1386.6719889322917,1352.307998046875,40.0,1408.0039794921877,1.9626660156250184,4.205999145507803,0.0538307843059289,1435.800048828125,1400.5999755859375,1378.199951171875,1384.0,24475000.0
2020-10-04,1384.0,1400.5999755859375,1372.4000244140625,1378.199951171875,1194.883544921875,24475000.0,1402.7199768066407,1401.1359765625,1386.9813216145833,1352.881997680664,40.0,1406.8439794921876,1.4106656901042245,3.750999145507649,0.0365523288796092,1435.800048828125,1400.5999755859375,1378.199951171875,1384.0,24475000.0
2020-10-05,1395.5999755859375,1396.5999755859375,1377.199951171875,1381.800048828125,1198.004638671875,20136000.0,1401.1499816894532,1400.767978515625,1387.4613216145833,1353.3959979248048,41.434299762425255,1405.7559814453125,1.5733317057290606,3.4169995117188137,0.0160294476677389,1435.800048828125,1400.5999755859375,1378.199951171875,1384.0,24475000.0
2020-10-06,1381.800048828125,1396.800048828125,1377.4000244140625,1391.5999755859375,1206.5010986328125,23551000.0,1400.0899780273437,1400.7839794921874,1388.0719873046876,1353.9589978027343,45.0124733827601,1404.9639819335937,1.866663411458376,3.131999511718732,0.0116312883715956,1435.800048828125,1396.5999755859375,1381.800048828125,1395.5999755859375,20136000.0
2020-10-07,1385.5999755859375,1400.5999755859375,1380.800048828125,1400.5999755859375,1214.3040771484375,21226000.0,1399.909979248047,1401.15998046875,1388.8026529947915,1354.566997680664,45.14926647814618,1404.271982421875,2.3893294270833394,2.7899993896485284,0.0181738880806181,1435.800048828125,1396.800048828125,1391.5999755859375,1381.800048828125,23551000.0
2020-10-08,1402.0,1415.5999755859375,1397.0,1406.800048828125,1219.6793212890625,24101500.0,1399.8699829101563,1401.783984375,1389.615986328125,1355.2059979248047,57.77127254470458,1403.6279833984374,2.943997395833321,2.8979998779298057,0.0226810655684241,1435.800048828125,1400.5999755859375,1400.5999755859375,1385.5999755859375,21226000.0
2020-10-09,1405.199951171875,1405.800048828125,1389.4000244140625,1393.4000244140625,1208.0618896484375,16979500.0,1399.1599853515625,1401.143984375,1390.2506526692707,1356.0009979248048,45.04648014141981,1403.1599829101565,3.2693310546874272,3.119000244140807,0.0129398438092753,1435.800048828125,1415.5999755859375,1406.800048828125,1402.0,24101500.0
2020-10-10,1405.199951171875,1405.800048828125,1389.4000244140625,1393.4000244140625,1208.0618896484375,16979500.0,1398.4499877929688,1400.3519873046876,1390.8639860026042,1356.7149981689454,45.04648014141981,1402.6999829101562,3.4026643880208667,3.319000244140625,-0.0255943885216346,1435.800048828125,1405.800048828125,1393.4000244140625,1405.199951171875,16979500.0
2020-10-11,1405.199951171875,1405.800048828125,1389.4000244140625,1393.4000244140625,1208.0618896484375,16979500.0,1397.739990234375,1399.575986328125,1391.7466536458332,1356.762998046875,45.04648014141981,1402.2399829101562,3.6746663411456666,2.8040002441407523,-0.0382385578043521,1435.800048828125,1405.800048828125,1393.4000244140625,1405.199951171875,16979500.0
2020-10-12,1386.4000244140625,1389.0,1380.0,1382.199951171875,1198.3515625,13191000.0,1396.469989013672,1398.695986328125,1393.0213199869793,1356.9559979248047,25.812294254778138,1401.5559814453125,4.218666992187536,2.3890002441405613,-0.0513384000193033,1435.800048828125,1405.800048828125,1393.4000244140625,1405.199951171875,16979500.0
2020-10-13,1395.4000244140625,1406.0,1389.199951171875,1406.0,1218.98583984375,18338500.0,1395.959991455078,1398.6319873046875,1394.607986653646,1356.956997680664,43.16312237873688,1401.4159814453126,4.9920003255208485,1.7509997558593111,-0.0210276787345893,1435.800048828125,1389.0,1382.199951171875,1386.4000244140625,13191000.0
2020-10-14,1392.4000244140625,1394.0,1383.800048828125,1387.0,1202.5130615234375,15327000.0,1396.0299926757812,1397.80798828125,1396.5226529947918,1356.8629974365235,50.287895277580255,1400.55998046875,6.272000325521049,0.86199951171875,-0.034257034427365,1435.800048828125,1406.0,1406.0,1395.4000244140625,18338500.0
2020-10-15,1379.5999755859375,1386.5999755859375,1379.0,1383.0,1199.045166015625,14224000.0,1394.8699951171875,1396.8239892578124,1398.3839860026042,1356.7489971923828,48.4288288166322,1399.7279809570311,7.519999999999982,0.0339990234374454,-0.0370421619416336,1435.800048828125,1394.0,1387.0,1392.4000244140625,15327000.0
2020-10-16,1388.0,1388.800048828125,1365.0,1365.800048828125,1184.133056640625,18851000.0,1392.85,1395.1519921875,1400.015986328125,1356.780997314453,44.70994808895703,1398.751982421875,8.26933268229186,0.017999267578034,-0.0456958528332817,1435.800048828125,1386.5999755859375,1383.0,1379.5999755859375,14224000.0
2020-10-17,1388.0,1388.800048828125,1365.0,1365.800048828125,1184.133056640625,18851000.0,1390.8300048828123,1393.4799951171874,1401.3466536458334,1357.1089978027344,44.70994808895703,1397.843984375,8.325333658854106,0.1529998779296875,-0.0483555634788611,1435.800048828125,1388.800048828125,1365.800048828125,1388.0,18851000.0
2020-10-18,1388.0,1388.800048828125,1365.0,1365.800048828125,1184.133056640625,18851000.0,1387.3300048828123,1391.4639990234375,1402.1199869791667,1357.6069982910155,44.70994808895703,1396.935986328125,7.51200032552083,0.6500006103515261,-0.0508686248588429,1422.5999755859375,1388.800048828125,1365.800048828125,1388.0,18851000.0
2020-10-19,1374.800048828125,1389.5999755859375,1374.0,1389.0,1204.2470703125,15235000.0,1385.6500061035156,1391.6,1402.9119873046875,1358.264998168945,52.6315601615468,1396.4919873046874,6.38933430989573,1.4020007324218111,-0.0196217164525926,1406.800048828125,1388.800048828125,1365.800048828125,1388.0,18851000.0
2020-10-20,1385.199951171875,1389.0,1377.800048828125,1379.4000244140625,1195.9241943359375,11712000.0,1385.3000061035157,1390.5280029296875,1403.170654296875,1358.9669982910157,45.5344280929521,1396.0559887695313,4.786668294270839,2.21800109863284,-0.0261225637971209,1406.800048828125,1389.5999755859375,1389.0,1374.800048828125,15235000.0
2020-10-21,1392.4000244140625,1410.4000244140625,1391.199951171875,1401.800048828125,1215.344482421875,23975000.0,1386.0700073242188,1390.3520068359376,1403.5199886067708,1359.7809985351562,50.40002408852207,1396.1759887695312,3.504002278645657,3.0000012207030977,-0.0103078052345961,1406.800048828125,1389.0,1379.4000244140625,1385.199951171875,11712000.0
2020-10-22,1393.4000244140625,1396.800048828125,1388.199951171875,1393.199951171875,1207.888671875,16037500.0,1386.8200073242188,1389.8320068359376,1403.7546549479166,1360.5519982910157,45.53802999210229,1396.1519873046875,2.408001302083221,3.4430004882813137,-0.016379605226133,1406.800048828125,1410.4000244140625,1401.800048828125,1392.4000244140625,23975000.0
2020-10-23,1401.800048828125,1402.0,1388.800048828125,1394.5999755859375,1209.1021728515625,19816500.0,1387.6400085449218,1388.18400390625,1404.00798828125,1360.9449981689454,50.42733259256555,1396.0799877929687,1.88800130208324,3.3379998779298603,-0.0130219564147646,1406.800048828125,1396.800048828125,1393.199951171875,1393.4000244140625,16037500.0
2020-10-24,1401.800048828125,1402.0,1388.800048828125,1394.5999755859375,1209.1021728515625,19816500.0,1388.460009765625,1387.06400390625,1404.2613216145833,1361.2999981689454,50.42733259256555,1395.78798828125,1.3493343098957666,3.035000000000082,-0.0246188781928198,1406.800048828125,1402.0,1394.5999755859375,1401.800048828125,19816500.0
2020-10-25,1401.800048828125,1402.0,1388.800048828125,1394.5999755859375,1209.1021728515625,19816500.0,1389.1000061035156,1387.392001953125,1403.7893212890624,1361.5199981689452,50.42733259256555,1395.495988769531,0.6186669921874,2.552999877929551,-0.0210585431097323,1406.800048828125,1402.0,1394.5999755859375,1401.800048828125,19816500.0
2020-10-26,1394.0,1400.5999755859375,1391.0,1398.0,1212.050048828125,13375000.0,1389.420007324219,1387.8560009765624,1403.1119873046875,1361.8299981689454,55.95778174654318,1395.2719897460938,-0.4080013020832211,2.048999633789208,-0.0117347489554858,1406.800048828125,1402.0,1394.5999755859375,1401.800048828125,19816500.0
2020-10-27,1394.0,1398.5999755859375,1384.800048828125,1392.199951171875,1207.0213623046875,16171500.0,1389.0000061035155,1388.4160009765626,1402.2479866536455,1362.1559979248048,43.97904141865608,1395.2519897460938,-1.506668294270867,1.6039996337890443,-0.013463719286712,1406.800048828125,1400.5999755859375,1398.0,1394.0,13375000.0
2020-10-28,1377.5999755859375,1385.4000244140625,1369.0,1379.0,1195.5771484375,18801000.0,1387.6100036621094,1388.4480029296874,1401.4853206380208,1362.4159979248047,46.32353106171953,1394.7719897460938,-2.5226676432291697,1.4709997558593386,-0.0228174265065242,1406.0,1398.5999755859375,1392.199951171875,1394.0,16171500.0
2020-10-29,1359.0,1384.800048828125,1356.0,1378.5999755859375,1195.2303466796875,20499500.0,1386.8700012207032,1388.46400390625,1400.7173209635416,1362.6739978027344,47.90873509948376,1394.799990234375,-3.5440006510416424,1.373999633789026,-0.0231008905285647,1406.0,1385.4000244140625,1379.0,1377.5999755859375,18801000.0
2020-10-30,1369.5999755859375,1375.5999755859375,1360.5999755859375,1360.5999755859375,1179.624755859375,26039000.0,1385.229998779297,1387.6160009765624,1399.7093212890625,1362.951997680664,47.547138087851366,1394.1919897460937,-4.079999999999927,1.4319995117189137,-0.0289751477310445,1406.0,1384.800048828125,1378.5999755859375,1359.0,20499500.0
2020-10-31,1369.5999755859375,1375.5999755859375,1360.5999755859375,1360.5999755859375,1179.624755859375,26039000.0,1383.5899963378906,1386.3760009765624,1398.76798828125,1363.0049975585937,47.547138087851366,1393.579990234375,-4.343999023437618,1.174999389648292,-0.0252185642719675,1406.0,1375.5999755859375,1360.5999755859375,1369.5999755859375,26039000.0
2020-11-01,1369.5999755859375,1375.5999755859375,1360.5999755859375,1360.5999755859375,1179.624755859375,26039000.0,1382.5099975585938,1384.7760009765625,1397.773321940104,1363.0699975585935,47.547138087851366,1392.9679907226562,-4.474664713541642,0.9139996337889896,-0.0242398510013853,1406.0,1375.5999755859375,1360.5999755859375,1369.5999755859375,26039000.0
2020-11-02,1373.199951171875,1403.199951171875,1370.0,1389.800048828125,1204.9407958984375,28606000.0,1381.7,1384.0960009765624,1397.117322591146,1363.416997680664,50.35716387685749,1392.9399926757812,-4.367998046874845,1.0009997558593111,-0.0060076545823862,1401.800048828125,1375.5999755859375,1360.5999755859375,1369.5999755859375,26039000.0
2020-11-03,1373.199951171875,1403.199951171875,1370.0,1389.800048828125,1204.9407958984375,28606000.0,1381.8400024414063,1383.952001953125,1396.7573225911458,1363.6099981689454,55.0781236030198,1392.5479931640623,-3.9599983723958303,0.9360003662109192,-0.0137666073062359,1401.800048828125,1403.199951171875,1389.800048828125,1373.199951171875,28606000.0
2020-11-04,1404.800048828125,1410.800048828125,1395.199951171875,1395.199951171875,1209.62255859375,31390500.0,1382.45,1384.0239990234377,1396.4746549479166,1363.8299981689454,46.13578083413617,1392.1879931640624,-3.2346663411458394,0.8780004882812591,-0.0099347150759959,1401.800048828125,1403.199951171875,1389.800048828125,1373.199951171875,28606000.0
2020-11-05,1391.0,1406.4000244140625,1384.5999755859375,1396.800048828125,1211.009521484375,28217000.0,1384.0,1384.16,1396.2133219401042,1364.0579986572266,52.29597635826324,1391.8679931640625,-2.554666341145776,1.0530010986328762,-0.0087992497682378,1401.800048828125,1410.800048828125,1395.199951171875,1404.800048828125,31390500.0
2020-11-06,1414.0,1430.4000244140625,1403.0,1403.800048828125,1217.07861328125,55464500.0,1385.9,1385.02400390625,1396.045322265625,1364.4419989013672,55.47622611458026,1391.8599951171875,-1.7279996744791788,1.3720013427735012,0.0076084539389582,1403.800048828125,1406.4000244140625,1396.800048828125,1391.0,28217000.0
2020-11-07,1414.0,1430.4000244140625,1403.0,1403.800048828125,1217.07861328125,55464500.0,1387.8,1384.936005859375,1395.92265625,1364.9009991455075,55.47622611458026,1391.7839965820312,-1.1946663411458758,1.4840014648436863,0.0005702415025836,1403.800048828125,1430.4000244140625,1403.800048828125,1414.0,55464500.0
2020-11-08,1414.0,1430.4000244140625,1403.0,1403.800048828125,1217.07861328125,55464500.0,1388.5400024414062,1385.6080078125,1395.5759895833332,1365.4199993896484,55.47622611458026,1391.707998046875,-1.1813330078125546,1.8100012207030431,0.0193146228574985,1403.800048828125,1430.4000244140625,1403.800048828125,1414.0,55464500.0
2020-11-09,1431.800048828125,1448.4000244140625,1423.800048828125,1434.5999755859375,1243.781982421875,39193000.0,1391.3,1387.6720068359375,1395.709322916667,1366.022999267578,66.42727449048806,1392.247998046875,-0.7653320312499545,2.193001098632749,0.0313443390265546,1434.5999755859375,1430.4000244140625,1403.800048828125,1414.0,55464500.0
2020-11-10,1464.0,1472.0,1442.4000244140625,1453.4000244140625,1260.0810546875,44128500.0,1393.8799987792968,1391.176005859375,1396.2266569010417,1366.7469995117187,74.59809535024065,1393.1639990234376,0.0133349609375272,2.6890008544921784,0.0447096574362251,1453.4000244140625,1448.4000244140625,1434.5999755859375,1431.800048828125,39193000.0
2020-11-11,1478.0,1500.5999755859375,1473.800048828125,1500.5999755859375,1301.0029296875,50376500.0,1399.25,1396.5680029296875,1397.4186572265626,1367.7069995117188,88.38382476131173,1395.0239990234377,1.3733349609376546,3.265000610351535,0.0786371680950028,1500.5999755859375,1472.0,1453.4000244140625,1464.0,44128500.0
2020-11-12,1495.4000244140625,1501.4000244140625,1476.0,1487.0,1289.2119140625,29082000.0,1403.8700012207032,1401.4160009765626,1398.429324544271,1368.5989996337892,81.58509319244502,1396.44,2.5066682942708667,3.698000488281423,0.0688614521208312,1500.5999755859375,1500.5999755859375,1500.5999755859375,1478.0,50376500.0
2020-11-13,1485.4000244140625,1490.4000244140625,1457.0,1463.199951171875,1268.5775146484375,28673000.0,1407.3,1404.3839990234376,1399.122657877604,1369.2559991455078,78.91768925196507,1397.9919995117189,3.5466682942708303,3.835999755859348,0.0381722192605886,1500.5999755859375,1501.4000244140625,1487.0,1495.4000244140625,29082000.0
2020-11-14,1485.4000244140625,1490.4000244140625,1457.0,1463.199951171875,1268.5775146484375,28673000.0,1410.729998779297,1407.73599609375,1399.949324544271,1369.8869989013672,78.91768925196507,1399.1319995117187,4.240001627604215,3.863999633789035,0.0353806975145578,1500.5999755859375,1490.4000244140625,1463.199951171875,1485.4000244140625,28673000.0
2020-11-15,1485.4000244140625,1490.4000244140625,1457.0,1463.199951171875,1268.5775146484375,28673000.0,1413.9899963378907,1410.1919921875,1400.847989908854,1370.5179986572266,78.91768925196507,1400.2719995117188,4.621333007812382,3.770999145507858,0.0356737688291808,1500.5999755859375,1490.4000244140625,1463.199951171875,1485.4000244140625,28673000.0
2020-11-16,1480.0,1495.0,1472.199951171875,1494.800048828125,1295.9744873046875,27563500.0,1419.1200012207032,1414.25599609375,1402.1866569010415,1371.325999145508,79.19910219278414,1402.044001464844,4.767999674479142,3.618999633789144,0.0645207953330575,1500.5999755859375,1490.4000244140625,1463.199951171875,1485.4000244140625,28673000.0
2020-11-17,1499.4000244140625,1499.5999755859375,1480.5999755859375,1487.800048828125,1289.9058837890625,23499500.0,1424.5600036621097,1417.9839990234375,1403.3813248697916,1372.270999145508,76.23125652664308,1403.0840014648438,4.9520003255206575,3.671999511718696,0.0569764667755148,1500.5999755859375,1495.0,1494.800048828125,1480.0,27563500.0
2020-11-18,1480.199951171875,1485.0,1458.0,1463.800048828125,1269.09765625,22772000.0,1428.8200073242188,1420.752001953125,1404.109326171875,1373.095999145508,66.69913552409966,1403.9080029296874,4.986668294270885,3.8400000000001455,0.0399261680995648,1500.5999755859375,1499.5999755859375,1487.800048828125,1499.4000244140625,23499500.0
2020-11-19,1471.5999755859375,1479.4000244140625,1444.5999755859375,1460.199951171875,1265.9769287109375,32636500.0,1433.8000061035157,1423.3760009765624,1404.789326171875,1373.9029986572266,65.2844401073088,1405.3840014648438,4.840001627604124,4.015999755859411,0.0373685539203294,1500.5999755859375,1485.0,1463.800048828125,1480.199951171875,22772000.0
2020-11-20,1457.5999755859375,1470.4000244140625,1450.5999755859375,1470.4000244140625,1274.8201904296875,20376000.0,1439.290008544922,1426.272001953125,1405.6053271484377,1374.7609985351562,65.8119435184847,1407.0640014648438,4.757337239583421,4.242999877929606,0.0446149828909903,1500.5999755859375,1479.4000244140625,1460.199951171875,1471.5999755859375,32636500.0
2020-11-21,1457.5999755859375,1470.4000244140625,1450.5999755859375,1470.4000244140625,1274.8201904296875,20376000.0,1444.780010986328,1429.4000048828125,1406.6346614583333,1375.618998413086,65.8119435184847,1408.9080029296874,4.448004557291597,4.292999267578125,0.0446149828909903,1500.5999755859375,1470.4000244140625,1470.4000244140625,1457.5999755859375,20376000.0
2020-11-22,1457.5999755859375,1470.4000244140625,1450.5999755859375,1470.4000244140625,1274.8201904296875,20376000.0,1448.810009765625,1433.056005859375,1407.533328450521,1376.4769982910157,65.8119435184847,1410.7520043945312,4.152003580729343,4.205999145507803,0.0382714836258384,1500.5999755859375,1470.4000244140625,1470.4000244140625,1457.5999755859375,20376000.0
2020-11-23,1457.5999755859375,1470.4000244140625,1450.5999755859375,1470.4000244140625,1274.8201904296875,20376000.0,1452.8400085449218,1436.7280078125,1408.77599609375,1377.4149981689452,59.95550347472104,1412.596005859375,4.666669921875155,4.3189990234373,0.061200960105578,1500.5999755859375,1470.4000244140625,1470.4000244140625,1457.5999755859375,20376000.0
2020-11-24,1495.4000244140625,1503.199951171875,1482.800048828125,1486.199951171875,1288.518310546875,27571500.0,1457.3900085449218,1441.7520068359374,1410.0453287760415,1378.3539978027345,59.27598841990213,1414.68400390625,5.256002604166724,4.450999145507694,0.0568909136523088,1500.5999755859375,1470.4000244140625,1470.4000244140625,1457.5999755859375,20376000.0
2020-11-25,1500.0,1504.800048828125,1464.4000244140625,1470.0,1274.47314453125,33473500.0,1461.0500061035157,1446.1280078125,1411.09599609375,1379.211997680664,39.50619351219656,1416.2520043945312,5.490668945312564,4.450999145507922,0.0453705383611742,1500.5999755859375,1503.199951171875,1486.199951171875,1495.4000244140625,27571500.0
2020-11-26,1456.0,1464.0,1452.800048828125,1460.199951171875,1265.9769287109375,22660000.0,1463.8700012207032,1450.1120068359376,1412.01599609375,1380.020997314453,40.56337931307199,1417.44400390625,5.381334635416579,4.401998901367051,0.0384013667153084,1500.5999755859375,1504.800048828125,1470.0,1500.0,33473500.0
2020-11-27,1460.0,1465.4000244140625,1437.5999755859375,1450.4000244140625,1257.480224609375,37279000.0,1466.2,1452.536005859375,1412.805330403646,1380.6149975585938,45.00003337856924,1418.316003417969,5.272001953125027,4.137999267578152,0.0101685298018019,1500.5999755859375,1464.0,1460.199951171875,1456.0,22660000.0
2020-11-28,1460.0,1465.4000244140625,1437.5999755859375,1450.4000244140625,1257.480224609375,37279000.0,1468.5299987792969,1454.9600048828124,1413.3519970703126,1381.3399975585935,45.00003337856924,1419.4560034179688,4.576000976562455,3.92499938964852,0.0195417188986488,1500.5999755859375,1465.4000244140625,1450.4000244140625,1460.0,37279000.0
2020-11-29,1460.0,1465.4000244140625,1437.5999755859375,1450.4000244140625,1257.480224609375,37279000.0,1469.320001220703,1457.1680078125,1413.847998046875,1382.207997436523,45.00003337856924,1420.5960034179689,3.802669270833349,3.853999633789044,0.0461627227877816,1500.5999755859375,1465.4000244140625,1450.4000244140625,1460.0,37279000.0
2020-11-30,1453.5999755859375,1455.800048828125,1399.800048828125,1399.800048828125,1213.6107177734375,46772500.0,1466.6400024414063,1457.2880078125,1413.6746647135417,1382.9639978027344,17.687074829931973,1420.72400390625,2.5786686197916424,3.752000122070285,0.009665337693373,1500.5999755859375,1465.4000244140625,1450.4000244140625,1460.0,37279000.0
2020-12-01,1422.199951171875,1430.199951171875,1396.0,1403.5999755859375,1216.905029296875,31431500.0,1461.7900024414062,1457.2800048828126,1413.6666650390623,1383.7329974365234,20.7231863254016,1421.152004394531,1.6506689453126455,3.7120001220703216,0.0184298543853995,1494.800048828125,1455.800048828125,1399.800048828125,1453.5999755859375,46772500.0
2020-12-02,1431.5999755859375,1433.800048828125,1410.0,1415.800048828125,1227.482421875,34411500.0,1458.2300048828124,1457.7600048828126,1413.7759993489583,1384.5629974365231,31.818181818181827,1421.3480053710937,0.9706689453123544,3.947999877929533,0.027282033803788,1494.800048828125,1430.199951171875,1403.5999755859375,1422.199951171875,31431500.0
2020-12-03,1435.800048828125,1440.4000244140625,1423.5999755859375,1432.800048828125,1242.221435546875,31729000.0,1456.710009765625,1458.9200048828125,1414.1120003255207,1385.4779974365235,40.57774389731983,1422.2640063476565,0.7600032552081757,4.137999877929815,0.0396169638591439,1494.800048828125,1433.800048828125,1415.800048828125,1431.5999755859375,34411500.0
2020-12-04,1423.0,1443.800048828125,1421.800048828125,1436.199951171875,1245.168701171875,23686000.0,1455.360009765625,1458.98400390625,1414.493333333333,1386.4019970703123,37.66228733434384,1423.3280053710937,0.6453352864582484,4.19399963378919,0.0393688670006093,1494.800048828125,1440.4000244140625,1432.800048828125,1435.800048828125,31729000.0
2020-12-05,1423.0,1443.800048828125,1421.800048828125,1436.199951171875,1245.168701171875,23686000.0,1454.010009765625,1458.2960009765625,1414.874666341146,1387.1519970703123,37.66228733434384,1424.7360034179687,1.2000016276042516,4.187999267578107,0.0320494225124994,1494.800048828125,1443.800048828125,1436.199951171875,1423.0,23686000.0
2020-12-06,1423.0,1443.800048828125,1421.800048828125,1436.199951171875,1245.168701171875,23686000.0,1451.0800048828123,1455.72,1415.2559993489583,1387.917996826172,37.66228733434384,1426.1440014648438,1.5893343098957755,4.18499938964851,0.0254176611498542,1487.800048828125,1443.800048828125,1436.199951171875,1423.0,23686000.0
2020-12-07,1450.0,1452.5999755859375,1433.5999755859375,1440.800048828125,1249.1573486328125,22603500.0,1448.7300048828124,1453.872001953125,1415.5840006510416,1388.759996948242,39.664800659453256,1427.6440014648438,1.808001302083312,4.196999511718786,0.024168324438375,1486.199951171875,1443.800048828125,1436.199951171875,1423.0,23686000.0
2020-12-08,1432.0,1445.5999755859375,1424.4000244140625,1439.800048828125,1248.2901611328125,20672000.0,1447.5300048828126,1452.936005859375,1416.3066682942708,1389.6699969482422,31.931488460353734,1428.6600024414065,2.194667968750082,4.191999511718677,0.0332998590505795,1486.199951171875,1452.5999755859375,1440.800048828125,1450.0,22603500.0
2020-12-09,1449.4000244140625,1473.0,1446.5999755859375,1469.800048828125,1274.2998046875,28535500.0,1448.010009765625,1453.200009765625,1417.154669596354,1390.7299969482422,49.92969365663378,1430.4680029296876,2.661336263020757,4.327999877929642,0.0548299290049096,1486.199951171875,1445.5999755859375,1439.800048828125,1432.0,20672000.0
2020-12-10,1480.5999755859375,1499.5999755859375,1476.800048828125,1496.0,1297.0150146484375,32708000.0,1449.290008544922,1454.51201171875,1418.3520035807292,1391.9209967041015,61.28628054646912,1432.352001953125,3.477337239583221,4.768999633789008,0.073632821722593,1496.0,1473.0,1469.800048828125,1449.4000244140625,28535500.0
2020-12-11,1520.4000244140625,1564.0,1516.5999755859375,1564.0,1355.969970703125,78526000.0,1453.9700073242188,1457.280009765625,1420.4560042317707,1393.357996826172,76.19926521304599,1435.7680029296876,5.200004882812436,5.440000000000055,0.1315294857838687,1564.0,1499.5999755859375,1496.0,1480.5999755859375,32708000.0
2020-12-12,1520.4000244140625,1564.0,1516.5999755859375,1564.0,1355.969970703125,78526000.0,1458.6500061035156,1460.3280078125,1422.1653369140624,1394.5289965820311,76.19926521304599,1439.1560034179688,6.58133626302083,5.768999633789008,0.112375533428165,1564.0,1564.0,1564.0,1520.4000244140625,78526000.0
2020-12-13,1520.4000244140625,1564.0,1516.5999755859375,1564.0,1355.969970703125,78526000.0,1463.3300048828123,1464.336005859375,1424.0506705729167,1395.6089965820313,76.19926521304599,1442.54400390625,7.744002278645894,5.938999633789081,0.1276135544340302,1564.0,1564.0,1564.0,1520.4000244140625,78526000.0
2020-12-14,1570.0,1599.5999755859375,1563.0,1590.4000244140625,1378.8585205078125,45357000.0,1468.540008544922,1469.5440087890624,1426.7706705729167,1396.5879968261718,99.48078913459996,1446.4600048828124,9.616000976562646,5.857999877929615,0.1499638643630241,1590.4000244140625,1564.0,1564.0,1520.4000244140625,78526000.0
2020-12-15,1585.5999755859375,1593.0,1573.0,1581.0,1370.708984375,24025500.0,1474.0900085449218,1473.9680078125,1429.3653369140625,1397.737996826172,94.75276459592708,1450.1200048828125,11.01333333333332,5.81700012207034,0.1575632914616744,1590.4000244140625,1599.5999755859375,1590.4000244140625,1570.0,45357000.0
2020-12-16,1590.0,1603.199951171875,1586.0,1596.0,1383.7137451171875,29555500.0,1480.8800109863282,1478.9920068359374,1432.2693375651045,1398.9629968261718,94.82585850046642,1454.196005859375,11.813333333333505,5.604999999999791,0.1685458653844607,1596.0,1593.0,1581.0,1585.5999755859375,24025500.0
2020-12-17,1600.199951171875,1609.0,1593.4000244140625,1600.0,1387.1817626953125,25085500.0,1488.360009765625,1484.176005859375,1435.226671549479,1400.207996826172,94.46807212017951,1458.616005859375,13.061334635416642,5.679000244140752,0.1714745517638702,1600.0,1603.199951171875,1596.0,1590.0,29555500.0
2020-12-18,1590.0,1593.800048828125,1577.5999755859375,1582.199951171875,1371.7493896484375,34311000.0,1494.9500061035155,1488.6480029296874,1437.946671549479,1401.3989965820313,86.06716757274457,1462.6880053710938,13.89600097656239,5.789999999999964,0.1390928374167566,1600.0,1609.0,1600.0,1600.199951171875,25085500.0
2020-12-19,1590.0,1593.800048828125,1577.5999755859375,1582.199951171875,1371.7493896484375,34311000.0,1501.5400024414062,1492.4880029296876,1440.6186702473958,1402.53599609375,86.06716757274457,1467.1200048828125,13.84799967447907,5.947999267578325,0.1470203879719063,1600.0,1593.800048828125,1582.199951171875,1590.0,34311000.0
2020-12-20,1590.0,1593.800048828125,1577.5999755859375,1582.199951171875,1371.7493896484375,34311000.0,1510.6599975585937,1496.9760009765623,1443.1600032552085,1403.5319958496093,86.06716757274457,1471.5520043945312,13.794666341145785,5.793999023437436,0.1286916079754458,1600.0,1593.800048828125,1582.199951171875,1590.0,34311000.0
2020-12-21,1584.4000244140625,1585.800048828125,1557.800048828125,1570.0,1361.1717529296875,23712000.0,1518.979998779297,1501.3680029296877,1445.4186702473958,1404.4079956054688,80.76189313616072,1475.7400048828124,13.149332682291517,5.444998779297066,0.1269021353894044,1600.0,1593.800048828125,1582.199951171875,1590.0,34311000.0
2020-12-22,1558.0,1571.800048828125,1546.0,1555.4000244140625,1348.5140380859375,19459000.0,1525.9599975585938,1505.5680029296875,1447.4000032552085,1405.1179956054686,75.84972902680579,1479.0520043945312,12.173331705729195,4.909998779296757,0.1153019157056598,1600.0,1585.800048828125,1570.0,1584.4000244140625,23712000.0
2020-12-23,1558.0,1563.0,1540.199951171875,1544.0,1338.6302490234375,17744000.0,1531.5199951171876,1509.312001953125,1449.4080029296874,1405.7709954833983,68.09754906631098,1482.1360034179688,11.46133138020832,4.371998901367078,0.1071275111354368,1600.0,1571.800048828125,1555.4000244140625,1558.0,19459000.0
2020-12-24,1561.199951171875,1563.0,1545.0,1548.5999755859375,1342.6185302734375,13676000.0,1537.1399963378906,1513.24,1451.4773356119792,1406.4469952392578,64.34023134783845,1485.20400390625,10.85866536458343,3.91099914550773,0.1104259305148038,1600.0,1563.0,1544.0,1558.0,17744000.0
2020-12-25,1552.0,1559.4000244140625,1550.0,1557.800048828125,1350.5947265625,9966500.0,1543.2200012207031,1519.56,1453.6693359375,1407.0689953613282,47.51206006716801,1488.42400390625,10.509332682291642,3.536999511718932,0.1143061865723353,1600.0,1563.0,1548.5999755859375,1561.199951171875,13676000.0
2020-12-26,1552.0,1559.4000244140625,1550.0,1557.800048828125,1350.5947265625,9966500.0,1549.3000061035157,1525.7280029296876,1456.0106705729168,1407.7369958496097,47.51206006716801,1491.50400390625,10.592000325520983,3.329000244140616,0.1189485012672622,1600.0,1559.4000244140625,1557.800048828125,1552.0,9966500.0
2020-12-27,1552.0,1559.4000244140625,1550.0,1557.800048828125,1350.5947265625,9966500.0,1555.1500061035156,1531.4080029296874,1458.0346712239584,1408.4319958496094,47.51206006716801,1494.58400390625,10.634667968750136,3.3140002441407432,0.1296592087223531,1600.0,1559.4000244140625,1557.800048828125,1552.0,9966500.0
2020-12-28,1560.4000244140625,1579.5999755859375,1555.800048828125,1579.5999755859375,1369.494873046875,18226500.0,1562.1400024414063,1537.28,1460.6026708984375,1409.424995727539,45.49997965494792,1498.1000024414063,11.194667968750082,3.654000244140661,0.1458000896268478,1600.0,1559.4000244140625,1557.800048828125,1552.0,9966500.0
2020-12-29,1589.0,1603.4000244140625,1588.0,1602.800048828125,1389.6092529296875,25593500.0,1568.7900024414062,1543.94400390625,1463.533338216146,1410.58599609375,58.14650256821976,1501.46400390625,12.05600260416668,4.139000854492224,0.1780097586271709,1602.800048828125,1579.5999755859375,1579.5999755859375,1560.4000244140625,18226500.0
2020-12-30,1588.5999755859375,1606.0,1585.0,1591.4000244140625,1379.7255859375,23459000.0,1573.5600036621097,1550.1520068359375,1466.541337890625,1411.6899963378903,48.23349731248576,1504.22400390625,12.872001953125164,4.6210009765623,0.1696310840581427,1602.800048828125,1603.4000244140625,1602.800048828125,1589.0,25593500.0
2020-12-31,1588.5999755859375,1606.0,1585.0,1591.4000244140625,1379.7255859375,23459000.0,1574.9300048828125,1556.360009765625,1469.5493375651042,1412.7939965820312,46.592721634387054,1506.0400048828126,13.538666992187473,5.057000732421784,0.1696310840581427,1602.800048828125,1606.0,1591.4000244140625,1588.5999755859375,23459000.0
2021-01-01,1588.5999755859375,1606.0,1585.0,1591.4000244140625,1379.7255859375,23459000.0,1576.3000061035157,1562.3840087890626,1472.5573372395834,1414.0509967041016,54.24357526297476,1508.1280053710936,14.522666015624964,5.619000854492242,0.1450568200482695,1602.800048828125,1606.0,1591.4000244140625,1588.5999755859375,23459000.0
2021-01-02,1588.5999755859375,1606.0,1585.0,1591.4000244140625,1379.7255859375,23459000.0,1577.670007324219,1568.4480078125,1475.256004231771,1414.9869970703126,54.24357526297476,1510.6920068359375,14.65333333333342,5.562001342773556,0.1450568200482695,1602.800048828125,1606.0,1591.4000244140625,1588.5999755859375,23459000.0
2021-01-03,1588.5999755859375,1606.0,1585.0,1591.4000244140625,1379.7255859375,23459000.0,1577.7200073242188,1573.3120068359376,1478.0826708984375,1415.999996948242,54.24357526297476,1513.256008300781,14.549332682291606,5.414000854492088,0.1406250574173204,1602.800048828125,1606.0,1591.4000244140625,1588.5999755859375,23459000.0
2021-01-04,1606.0,1606.0,1578.4000244140625,1585.5999755859375,1374.6971435546875,21387000.0,1577.9500061035155,1576.896005859375,1480.5333365885415,1417.0409967041016,57.64703770412346,1515.7040087890623,13.991998697916642,5.35100036621111,0.1351660367682621,1602.800048828125,1606.0,1591.4000244140625,1588.5999755859375,23459000.0
2021-01-05,1570.0,1582.4000244140625,1559.199951171875,1562.4000244140625,1354.5830078125,29285500.0,1576.2700073242188,1576.8320068359376,1482.7893375651042,1418.0019970703124,53.16455416782556,1517.0560083007813,13.240000000000007,5.208000488281186,0.1129790355245641,1602.800048828125,1606.0,1585.5999755859375,1606.0,21387000.0
2021-01-06,1566.800048828125,1575.4000244140625,1559.4000244140625,1563.5999755859375,1355.623291015625,21993000.0,1574.4500061035155,1576.816005859375,1485.0426708984376,1418.9689971923829,59.76094164335295,1518.5720068359376,12.485333658854188,4.918000488281223,0.1138338233363158,1602.800048828125,1582.4000244140625,1562.4000244140625,1570.0,29285500.0
2021-01-07,1582.0,1582.4000244140625,1563.5999755859375,1563.5999755859375,1355.623291015625,28129500.0,1573.5200073242188,1576.8000048828126,1487.296004231771,1419.935997314453,57.82880603062715,1520.5680053710937,12.039999999999964,4.949000244140507,0.1138338233363158,1602.800048828125,1575.4000244140625,1563.5999755859375,1566.800048828125,21993000.0
2021-01-08,1564.800048828125,1587.800048828125,1564.4000244140625,1587.800048828125,1376.6043701171875,30802500.0,1573.8000122070312,1576.696005859375,1489.8720052083331,1421.0569976806642,63.53790017120684,1523.1200073242187,11.78933430989582,5.057000732422011,0.1067894018188697,1602.800048828125,1582.4000244140625,1563.5999755859375,1582.0,28129500.0
2021-01-09,1564.800048828125,1587.800048828125,1564.4000244140625,1587.800048828125,1376.6043701171875,30802500.0,1574.0800170898438,1576.9680078125,1492.4026725260417,1422.0999981689454,63.53790017120684,1525.4680078125,11.869335937499956,5.059001464843732,0.0924728375921459,1602.800048828125,1587.800048828125,1587.800048828125,1564.800048828125,30802500.0
2021-01-10,1564.800048828125,1587.800048828125,1564.4000244140625,1587.800048828125,1376.6043701171875,30802500.0,1574.97001953125,1576.640009765625,1495.010673828125,1423.0619982910157,63.53790017120684,1527.8160083007813,12.221336263020705,5.060001220703271,0.0581101390516407,1602.800048828125,1587.800048828125,1587.800048828125,1564.800048828125,30802500.0
2021-01-11,1564.800048828125,1587.800048828125,1564.4000244140625,1587.800048828125,1376.6043701171875,30802500.0,1576.590020751953,1576.15201171875,1497.7946744791666,1424.205998535156,54.6067764017836,1530.1640087890626,12.752003580729024,5.237001342773283,0.0677875244304808,1602.800048828125,1587.800048828125,1587.800048828125,1564.800048828125,30802500.0
2021-01-12,1578.4000244140625,1585.800048828125,1566.199951171875,1578.4000244140625,1368.454833984375,26775500.0,1578.3100219726562,1576.0000146484374,1500.4586751302083,1425.229998779297,33.77659531295909,1532.3240087890624,13.162670898437456,5.294001464843859,0.0787315999771076,1602.800048828125,1587.800048828125,1587.800048828125,1564.800048828125,30802500.0
2021-01-13,1570.0,1573.4000244140625,1561.800048828125,1569.199951171875,1360.4783935546875,25074000.0,1579.340020751953,1575.4800146484374,1503.2400081380208,1426.2079986572269,34.79449580864758,1533.9840087890625,13.368002929687464,5.1510009765625,0.0724439608647504,1602.800048828125,1585.800048828125,1578.4000244140625,1578.4000244140625,26775500.0
2021-01-14,1562.0,1575.4000244140625,1558.0,1572.5999755859375,1363.4261474609375,27088000.0,1580.0800170898438,1575.096015625,1506.0666748046874,1427.2029986572263,37.69632671321521,1536.0360083007813,13.66400227864574,5.103000488281168,0.0747676517665574,1602.800048828125,1573.4000244140625,1569.199951171875,1570.0,25074000.0
2021-01-15,1561.199951171875,1566.5999755859375,1544.0,1546.5999755859375,1340.8846435546875,30425000.0,1579.5200134277345,1574.1600146484377,1508.5466748046874,1428.1769982910157,28.12500745056994,1537.7640087890625,13.536000976562493,5.115000000000009,0.0346534152165849,1602.800048828125,1575.4000244140625,1572.5999755859375,1562.0,27088000.0
2021-01-16,1561.199951171875,1566.5999755859375,1544.0,1546.5999755859375,1340.8846435546875,30425000.0,1578.960009765625,1573.8080126953123,1510.6373404947915,1429.147998046875,28.12500745056994,1539.6880078125,12.842666015625127,4.941999511718905,0.0395213905283351,1602.800048828125,1566.5999755859375,1546.5999755859375,1561.199951171875,30425000.0
2021-01-17,1561.199951171875,1566.5999755859375,1544.0,1546.5999755859375,1340.8846435546875,30425000.0,1577.310009765625,1573.91201171875,1512.7280061848958,1430.2249981689454,28.12500745056994,1541.6120068359376,12.269331054687427,4.994999389648456,0.0565650525999774,1602.800048828125,1566.5999755859375,1546.5999755859375,1561.199951171875,30425000.0
2021-01-18,1546.5999755859375,1547.800048828125,1520.4000244140625,1527.199951171875,1324.06494140625,19487000.0,1573.5300048828126,1573.0560107421877,1514.4880061848958,1431.0839978027343,24.827602173270208,1543.148005371094,11.247998046874956,4.875999145507649,0.0458841269966003,1591.4000244140625,1566.5999755859375,1546.5999755859375,1561.199951171875,30425000.0
2021-01-19,1532.0,1549.199951171875,1530.199951171875,1541.5999755859375,1336.549560546875,20948500.0,1571.0400024414062,1572.4080078125,1516.418671875,1432.0309979248048,40.29850236396929,1545.98400390625,10.351997070312564,4.827999267578207,0.0484221640299873,1591.4000244140625,1547.800048828125,1527.199951171875,1546.5999755859375,19487000.0
2021-01-20,1541.5999755859375,1544.5999755859375,1521.199951171875,1537.199951171875,1332.7347412109375,22139500.0,1568.3299987792968,1571.58400390625,1518.1973372395832,1432.9559979248047,38.04349628869558,1548.6560034179688,9.65066243489582,4.778999633788999,0.0454297644509571,1591.4000244140625,1549.199951171875,1541.5999755859375,1532.0,20948500.0
2021-01-21,1543.5999755859375,1563.5999755859375,1542.4000244140625,1548.800048828125,1342.7918701171875,26310000.0,1566.2,1571.22400390625,1520.1306705729166,1433.938998413086,43.93447445386206,1551.316003417969,9.493330078124927,4.7910003662109375,0.053318840527974,1591.4000244140625,1544.5999755859375,1537.199951171875,1541.5999755859375,22139500.0
2021-01-22,1540.0,1549.5999755859375,1532.0,1532.0,1328.2264404296875,22639500.0,1563.229998779297,1569.3200048828126,1521.8400032552083,1434.7399981689452,25.654501569014258,1553.300002441406,9.111997070312556,4.514999999999873,0.0418933450511089,1591.4000244140625,1563.5999755859375,1548.800048828125,1543.5999755859375,26310000.0
2021-01-23,1540.0,1549.5999755859375,1532.0,1532.0,1328.2264404296875,22639500.0,1560.2599975585938,1566.4880029296876,1523.1386702473958,1435.6299981689451,25.654501569014258,1555.2160034179688,8.650664062500027,4.546000366211047,0.0308168822048551,1587.800048828125,1549.5999755859375,1532.0,1540.0,22639500.0
2021-01-24,1540.0,1549.5999755859375,1532.0,1532.0,1328.2264404296875,22639500.0,1557.5799987792968,1564.112001953125,1524.186669921875,1436.5619982910157,25.654501569014258,1557.1320043945314,7.767998046874936,4.531000366210947,0.0421768707482992,1587.800048828125,1549.5999755859375,1532.0,1540.0,22639500.0
2021-01-25,1536.4000244140625,1536.4000244140625,1524.800048828125,1535.4000244140625,1331.1741943359375,19970000.0,1556.229998779297,1561.872001953125,1524.6506705729166,1437.5299981689452,27.79666873220029,1559.116005859375,6.453333333333376,4.574000244140507,0.0514998464298235,1587.800048828125,1549.5999755859375,1532.0,1540.0,22639500.0
2021-01-26,1509.0,1517.5999755859375,1500.0,1500.0,1300.4827880859375,34543000.0,1553.05,1558.2160009765626,1524.82400390625,1438.4619982910156,22.777838530209365,1560.3000048828126,4.693333333333385,4.522999877929578,0.034197445360617,1587.800048828125,1536.4000244140625,1535.4000244140625,1536.4000244140625,19970000.0
2021-01-27,1503.4000244140625,1507.800048828125,1493.0,1505.5999755859375,1305.3380126953125,35456000.0,1550.15,1554.7839990234374,1525.389337565104,1439.4219982910156,27.350479368504693,1561.6160034179688,3.549334309895812,4.682000122070349,0.0380584323239892,1587.800048828125,1517.5999755859375,1500.0,1509.0,34543000.0
2021-01-28,1460.5999755859375,1492.4000244140625,1459.5999755859375,1479.4000244140625,1282.622802734375,108059000.0,1544.729998779297,1550.3039990234374,1525.6053385416667,1440.2509985351562,21.4461275633239,1561.8080029296875,2.466668294270903,4.621000366210865,0.0199944839436385,1587.800048828125,1507.800048828125,1505.5999755859375,1503.4000244140625,35456000.0
2021-01-29,1490.0,1494.0,1460.0,1460.0,1265.80322265625,37625000.0,1538.3399963378906,1545.28,1525.5626725260418,1440.788998413086,22.3499827340126,1561.0880029296875,1.3760026041668425,4.227000122070194,0.0430061073524556,1587.800048828125,1492.4000244140625,1479.4000244140625,1460.5999755859375,108059000.0
2021-01-30,1490.0,1494.0,1460.0,1460.0,1265.80322265625,37625000.0,1531.9499938964843,1541.1839990234375,1525.098671875,1441.3449981689453,22.3499827340126,1559.0080029296876,0.4480013020834121,3.815000000000055,0.0401824062375877,1587.800048828125,1494.0,1460.0,1490.0,37625000.0
2021-01-31,1490.0,1494.0,1460.0,1460.0,1265.80322265625,37625000.0,1525.559991455078,1537.04,1524.7280045572916,1441.8099981689454,22.3499827340126,1556.9280029296874,-0.0959993489584576,3.347999877929851,0.0312190631780666,1578.4000244140625,1494.0,1460.0,1490.0,37625000.0
2021-02-01,1455.5999755859375,1463.4000244140625,1443.199951171875,1458.800048828125,1264.7630615234375,30239000.0,1519.579992675781,1532.8480029296877,1524.661337890625,1442.313998413086,25.289078775840693,1554.82400390625,-0.7279996744791788,2.8920001220703853,0.0181462863721042,1572.5999755859375,1494.0,1460.0,1490.0,37625000.0
2021-02-02,1472.0,1491.0,1459.5999755859375,1491.0,1292.679931640625,27231500.0,1515.6699951171877,1528.9760009765623,1525.0720052083334,1442.955998535156,33.802832311261966,1552.8360034179686,-0.533333333333303,2.7049999999999272,0.0381562809436182,1572.5999755859375,1463.4000244140625,1458.800048828125,1455.5999755859375,30239000.0
2021-02-03,1518.0,1557.5999755859375,1516.0,1556.4000244140625,1349.381103515625,47840000.0,1514.8599975585937,1527.72,1526.218671875,1443.9249987792969,54.419904872863135,1552.34400390625,0.6559993489581757,3.136000366210965,0.0836931328009791,1556.4000244140625,1491.0,1491.0,1472.0,27231500.0
2021-02-04,1560.0,1574.0,1542.5999755859375,1551.800048828125,1345.39306640625,25249500.0,1515.1200012207032,1526.28,1527.3040055338545,1444.8709991455078,50.71360625520482,1551.4600048828124,2.205333658854215,3.5260009765625,0.0804902531586395,1556.4000244140625,1557.5999755859375,1556.4000244140625,1518.0,47840000.0
2021-02-05,1578.5999755859375,1594.800048828125,1571.199951171875,1584.4000244140625,1373.65673828125,39170500.0,1517.0100036621093,1526.1439990234376,1528.8240055338542,1445.9989990234376,61.59293201706176,1551.148005371094,4.096000976562664,4.189000854492178,0.0996668314265636,1584.4000244140625,1574.0,1551.800048828125,1560.0,25249500.0
2021-02-06,1578.5999755859375,1594.800048828125,1571.199951171875,1584.4000244140625,1373.65673828125,39170500.0,1518.9000061035156,1526.3839990234376,1530.3440055338542,1447.145999145508,61.59293201706176,1551.1920068359375,5.682667643229252,4.832000732421875,0.1004305950007637,1584.4000244140625,1594.800048828125,1584.4000244140625,1578.5999755859375,39170500.0
2021-02-07,1578.5999755859375,1594.800048828125,1571.199951171875,1584.4000244140625,1373.65673828125,39170500.0,1521.760009765625,1526.992001953125,1531.65333984375,1448.3389990234375,61.59293201706176,1551.2360083007814,6.581334635416624,5.383000488281368,0.0779697726077151,1584.4000244140625,1594.800048828125,1584.4000244140625,1578.5999755859375,39170500.0
2021-02-08,1599.800048828125,1616.0,1597.800048828125,1607.4000244140625,1393.597412109375,37398500.0,1525.0500122070312,1528.38400390625,1533.4853401692708,1449.6469989013672,64.6579891985602,1551.740009765625,7.266668294270858,5.7220001220703125,0.0744652569612718,1607.4000244140625,1594.800048828125,1584.4000244140625,1578.5999755859375,39170500.0
2021-02-09,1616.0,1620.0,1587.4000244140625,1598.800048828125,1386.1414794921875,34224000.0,1528.1300170898437,1530.4720068359377,1535.333341471354,1450.9119989013673,72.577727838751,1552.3160107421877,8.029335937499809,6.040999755859502,0.0222506706062179,1607.4000244140625,1616.0,1607.4000244140625,1599.800048828125,37398500.0
2021-02-10,1602.0,1650.0,1601.0,1626.0,1409.7232666015625,77501000.0,1531.9900146484374,1533.6480078125,1537.6746744791667,1452.312998657227,75.04162530371619,1553.7280102539062,8.850668945312464,6.313999633789081,0.0396419437340154,1626.0,1620.0,1598.800048828125,1616.0,34224000.0
2021-02-11,1602.0,1650.0,1601.0,1626.0,1409.7232666015625,77501000.0,1536.6900146484377,1536.8240087890624,1540.016007486979,1453.7139984130858,84.22037641225833,1555.3680102539065,9.67200195312489,6.567999267577989,0.0396419437340154,1626.0,1650.0,1626.0,1602.0,77501000.0
2021-02-12,1667.0,1699.4000244140625,1651.800048828125,1682.5999755859375,1458.794921875,63439000.0,1544.2200134277343,1543.040009765625,1543.1120068359376,1455.389998168945,94.27211021104004,1558.0480102539063,11.458666992187544,7.050999145507831,0.0579728054304096,1682.5999755859375,1650.0,1626.0,1602.0,77501000.0
2021-02-13,1667.0,1699.4000244140625,1651.800048828125,1682.5999755859375,1458.794921875,63439000.0,1551.7500122070312,1548.680009765625,1546.8826725260417,1457.1669982910155,94.27211021104004,1560.5440087890624,13.397332356770905,7.519999389648547,0.0642631091625158,1682.5999755859375,1699.4000244140625,1682.5999755859375,1667.0,63439000.0
2021-02-14,1667.0,1699.4000244140625,1651.800048828125,1682.5999755859375,1458.794921875,63439000.0,1559.110009765625,1554.4960107421875,1550.6026725260415,1459.1469982910155,94.27211021104004,1563.0400073242188,15.269331054687656,8.234999389648465,0.054260636332041,1682.5999755859375,1699.4000244140625,1682.5999755859375,1667.0,63439000.0
2021-02-15,1679.0,1693.0,1667.0,1691.199951171875,1466.2509765625,32680500.0,1568.670007324219,1560.1920068359375,1554.2746712239584,1461.167998046875,94.89955133937836,1565.7080053710938,16.599996744791724,8.854999389648356,0.0569999694824219,1691.199951171875,1699.4000244140625,1682.5999755859375,1667.0,63439000.0
2021-02-16,1693.0,1693.199951171875,1654.0,1660.5999755859375,1439.72119140625,38830000.0,1576.420007324219,1565.336005859375,1557.3120035807292,1463.2539978027344,82.97046817223315,1567.3280053710937,17.29599609375009,9.539999389648528,0.0495512747020341,1691.199951171875,1693.0,1691.199951171875,1679.0,32680500.0
2021-02-17,1660.0,1660.4000244140625,1636.800048828125,1649.4000244140625,1430.010986328125,22478500.0,1584.920007324219,1570.0320068359374,1560.1546712239583,1465.2839978027343,72.90643148960838,1568.2600048828126,17.04266438802074,9.893999633789008,0.0424725542384292,1691.199951171875,1693.199951171875,1660.5999755859375,1693.0,38830000.0
2021-02-18,1660.0,1662.0,1610.199951171875,1618.5999755859375,1403.3077392578125,35121000.0,1592.8500061035156,1573.496005859375,1562.5866715494792,1467.1599975585937,64.57242071681745,1568.80400390625,15.703999023437518,9.992999267577945,0.0230059572351157,1691.199951171875,1660.4000244140625,1649.4000244140625,1660.0,22478500.0
2021-02-19,1610.0,1615.4000244140625,1598.0,1613.0,1398.45263671875,20686500.0,1600.5000061035155,1576.6000048828123,1564.944005533854,1468.8949975585938,57.07220567717989,1569.2360034179687,14.341333007812407,9.747999267578052,0.0273885350318472,1691.199951171875,1662.0,1618.5999755859375,1660.0,35121000.0
2021-02-20,1610.0,1615.4000244140625,1598.0,1613.0,1398.45263671875,20686500.0,1608.1500061035156,1581.1200048828125,1567.2400048828124,1470.4209973144532,57.07220567717989,1569.6680029296874,12.96533365885398,9.25299926757816,0.0370322583784425,1691.199951171875,1615.4000244140625,1613.0,1610.0,20686500.0
2021-02-21,1610.0,1615.4000244140625,1598.0,1613.0,1398.45263671875,20686500.0,1615.8600036621094,1585.416005859375,1569.5493375651042,1471.8379974365234,57.07220567717989,1570.1000024414063,12.237333984375027,8.583999633789062,0.0446891191709843,1691.199951171875,1615.4000244140625,1613.0,1610.0,20686500.0
2021-02-22,1629.4000244140625,1635.0,1609.5999755859375,1612.0,1397.58544921875,19143000.0,1621.9100036621094,1590.7200048828124,1571.4453369140624,1473.0979974365234,51.276354036757965,1570.512001953125,11.290665690104106,7.813999633789081,0.0409402204659561,1691.199951171875,1615.4000244140625,1613.0,1610.0,20686500.0
2021-02-23,1629.4000244140625,1635.0,1609.5999755859375,1612.0,1397.58544921875,19143000.0,1624.6900024414062,1596.8000048828126,1572.9920035807293,1474.2799975585938,53.84614290206054,1571.0400024414062,10.405332031250056,7.120000000000118,0.0347926238753475,1691.199951171875,1635.0,1612.0,1629.4000244140625,19143000.0
2021-02-24,1627.5999755859375,1627.5999755859375,1576.0,1578.199951171875,1368.2813720703125,32805000.0,1626.0099975585938,1601.5280029296875,1573.1813362630207,1475.2929974365234,36.58808587943396,1571.3560009765624,8.237330729166615,6.397999877929578,0.0130953278369043,1691.199951171875,1635.0,1612.0,1629.4000244140625,19143000.0
2021-02-25,1611.0,1622.199951171875,1603.5999755859375,1603.5999755859375,1390.302978515625,23664000.0,1626.9699951171874,1607.272001953125,1573.7093359375,1476.4329974365237,44.499011026499936,1572.1560009765626,6.4693310546877,6.012000122070276,0.0294003885750717,1691.199951171875,1627.5999755859375,1578.199951171875,1627.5999755859375,32805000.0
2021-02-26,1589.5999755859375,1595.4000244140625,1566.800048828125,1574.5999755859375,1365.16015625,37634000.0,1626.4799926757812,1611.9039990234376,1573.8506689453125,1477.4279974365234,19.318181818181813,1572.3760009765624,4.301331380208239,5.589999999999918,-0.0031653583674849,1691.199951171875,1622.199951171875,1603.5999755859375,1611.0,23664000.0
2021-02-27,1589.5999755859375,1595.4000244140625,1566.800048828125,1574.5999755859375,1365.16015625,37634000.0,1625.989990234375,1615.247998046875,1573.640001627604,1478.1509973144532,19.318181818181813,1572.1119995117188,2.1946647135416697,5.052999877929778,-0.017594255292671,1691.199951171875,1595.4000244140625,1574.5999755859375,1589.5999755859375,37634000.0
2021-02-28,1589.5999755859375,1595.4000244140625,1566.800048828125,1574.5999755859375,1365.16015625,37634000.0,1624.3499877929687,1615.97599609375,1573.55466796875,1478.779996948242,19.318181818181813,1571.847998046875,0.5626643880207212,4.4999993896483375,-0.0105567730114309,1691.199951171875,1595.4000244140625,1574.5999755859375,1589.5999755859375,37634000.0
2021-03-01,1582.199951171875,1587.0,1570.199951171875,1585.0,1374.177001953125,19482000.0,1623.6599853515625,1617.303994140625,1573.4080013020832,1479.4199969482422,20.13500505994351,1571.7919970703124,0.2266650390624818,4.12699951171885,-0.0040216314665565,1691.199951171875,1595.4000244140625,1574.5999755859375,1589.5999755859375,37634000.0
2021-03-02,1599.800048828125,1603.0,1568.0,1584.5999755859375,1373.830078125,24477000.0,1621.5899841308594,1617.3119921875,1573.2026676432292,1480.1619970703125,24.25475958118993,1571.7279956054688,-0.5066682942708667,3.728999633789044,-0.0042729978156363,1691.199951171875,1587.0,1585.0,1582.199951171875,19482000.0
2021-03-03,1595.800048828125,1604.800048828125,1581.0,1594.199951171875,1382.1529541015625,21733500.0,1619.999981689453,1617.7039892578125,1573.362667643229,1480.9519970703125,31.095881133714546,1572.043994140625,-0.4880013020833758,3.523999633789117,0.0017594110310783,1691.199951171875,1603.0,1584.5999755859375,1599.800048828125,24477000.0
2021-03-04,1600.0,1600.4000244140625,1560.800048828125,1584.4000244140625,1373.65673828125,27260000.0,1615.0899841308594,1617.7039892578125,1573.392001953125,1481.6929974365237,36.32001953125,1572.347995605469,-0.2479996744791606,3.542000122070249,-0.0043986426370562,1691.199951171875,1604.800048828125,1594.199951171875,1595.800048828125,21733500.0
2021-03-05,1582.0,1593.800048828125,1557.199951171875,1593.800048828125,1381.8065185546875,33935000.0,1610.649987792969,1617.159990234375,1573.546669921875,1482.505997924805,42.54660563153355,1572.7719970703124,-0.0079980468749454,3.7260009765625455,0.0051715901667803,1691.199951171875,1600.4000244140625,1584.4000244140625,1600.0,27260000.0
2021-03-06,1582.0,1593.800048828125,1557.199951171875,1593.800048828125,1381.8065185546875,33935000.0,1606.209991455078,1616.959990234375,1573.86400390625,1483.298998413086,42.54660563153355,1573.7159985351564,0.4560026041667697,3.879001464843668,0.0200973015382781,1691.199951171875,1593.800048828125,1593.800048828125,1582.0,33935000.0
2021-03-07,1582.0,1593.800048828125,1557.199951171875,1593.800048828125,1381.8065185546875,33935000.0,1601.3399963378906,1615.6719921875,1574.3760042317708,1484.072998657227,42.54660563153355,1574.66,1.1733365885415878,3.9110015869141534,0.0193144498041262,1660.5999755859375,1593.800048828125,1593.800048828125,1582.0,33935000.0
2021-03-08,1617.800048828125,1629.4000244140625,1584.4000244140625,1592.199951171875,1380.4189453125,34496000.0,1597.9199951171877,1614.319990234375,1575.018670247396,1484.9499981689453,42.34929427590878,1575.5719995117188,1.6560026041668152,3.998001098632813,0.018291107720963,1649.4000244140625,1593.800048828125,1593.800048828125,1582.0,33935000.0
2021-03-09,1617.800048828125,1637.800048828125,1604.0,1637.800048828125,1419.9537353515625,40585000.0,1597.3399963378906,1612.5279931640623,1576.2080045572916,1486.0569982910156,57.37143223851529,1577.7840014648436,2.8160026041666697,4.364000854492133,0.0314901111364132,1637.800048828125,1629.4000244140625,1592.199951171875,1617.800048828125,34496000.0
2021-03-10,1640.0,1642.5999755859375,1621.0,1625.5999755859375,1409.376708984375,28637000.0,1597.6899963378903,1610.2479931640626,1577.1120035807292,1487.102998046875,65.44978534283474,1579.4640014648437,3.565333658854115,4.5970001220703125,0.0238064778910358,1637.800048828125,1637.800048828125,1637.800048828125,1617.800048828125,40585000.0
2021-03-11,1630.800048828125,1635.800048828125,1612.0,1618.199951171875,1402.9610595703125,29117500.0,1597.9499938964843,1607.6719921875,1577.917335611979,1488.111997680664,55.39141308277415,1581.0840014648438,4.053331705729079,4.812999267578107,0.0191459260668158,1637.800048828125,1642.5999755859375,1625.5999755859375,1640.0,28637000.0
2021-03-12,1614.0,1629.0,1603.5999755859375,1629.0,1412.3243408203125,32525000.0,1598.7499938964845,1605.183994140625,1578.8666682942708,1489.191997680664,73.20813869316376,1582.6880004882812,4.490664062499945,5.118999023437482,0.0259478208243428,1637.800048828125,1635.800048828125,1618.199951171875,1630.800048828125,29117500.0
2021-03-13,1614.0,1629.0,1603.5999755859375,1629.0,1412.3243408203125,32525000.0,1599.5499938964845,1603.9199951171877,1579.5253352864584,1490.1879974365231,73.20813869316376,1584.6280004882813,4.506665039062455,5.237999267578061,0.0320577640669521,1637.800048828125,1629.0,1629.0,1614.0,32525000.0
2021-03-14,1614.0,1629.0,1603.5999755859375,1629.0,1412.3243408203125,32525000.0,1600.3999938964844,1603.103994140625,1579.87466796875,1491.2099975585938,73.20813869316376,1586.5680004882813,3.6666634114583294,5.152999267578252,0.0381086226668987,1637.800048828125,1629.0,1629.0,1614.0,32525000.0
2021-03-15,1642.199951171875,1668.0,1642.0,1668.0,1446.1368408203125,32264000.0,1603.1999938964843,1605.0799951171875,1580.8960009765624,1492.476997680664,78.46359163962371,1589.288000488281,3.78399739583324,5.373999633789026,0.0606638852188188,1668.0,1629.0,1629.0,1614.0,32525000.0
2021-03-16,1666.5999755859375,1666.5999755859375,1643.5999755859375,1653.800048828125,1433.82568359375,28501000.0,1606.979998779297,1606.7119970703125,1581.7280013020834,1493.6899981689453,71.67919109408044,1591.6560009765626,3.810665690104315,5.578000488281305,0.0693133809222867,1668.0,1668.0,1668.0,1642.199951171875,32264000.0
2021-03-17,1642.0,1661.5999755859375,1626.5999755859375,1661.5999755859375,1440.588134765625,26795500.0,1609.8799987792968,1608.65599609375,1582.6640006510418,1494.9419982910156,71.35613162847655,1594.8880004882812,3.797332356770994,5.750000610351435,0.0743566544777887,1668.0,1666.5999755859375,1653.800048828125,1666.5999755859375,28501000.0
2021-03-18,1680.4000244140625,1730.0,1678.800048828125,1730.0,1499.890380859375,74761500.0,1617.65,1613.33599609375,1584.5120003255208,1496.5359985351563,83.64135741567766,1599.3760009765624,4.986665039062473,6.348001098632949,0.118582715187604,1730.0,1661.5999755859375,1661.5999755859375,1642.0,26795500.0
2021-03-19,1729.0,1742.4000244140625,1721.5999755859375,1728.800048828125,1498.849853515625,49527500.0,1625.3600036621094,1618.007998046875,1586.3440006510416,1498.1739990234375,82.42071886565009,1604.3640014648438,6.469332682291679,6.9640014648437045,0.1320063541788061,1730.0,1730.0,1730.0,1680.4000244140625,74761500.0
2021-03-20,1729.0,1742.4000244140625,1721.5999755859375,1728.800048828125,1498.849853515625,49527500.0,1633.0700073242188,1622.68,1588.2533349609375,1499.8389990234375,82.42071886565009,1609.7400024414062,7.3573339843751455,7.36200134277351,0.1214323275861728,1730.0,1742.4000244140625,1728.800048828125,1729.0,49527500.0
2021-03-21,1729.0,1742.4000244140625,1721.5999755859375,1728.800048828125,1498.849853515625,49527500.0,1640.260009765625,1628.70400390625,1590.472001953125,1501.510999145508,82.42071886565009,1615.1160034179688,8.744000651041688,7.821000976562573,0.1246422740972537,1730.0,1742.4000244140625,1728.800048828125,1729.0,49527500.0
2021-03-22,1710.5999755859375,1712.0,1672.4000244140625,1672.4000244140625,1449.95166015625,43614000.0,1644.6500122070313,1631.456005859375,1591.9226692708332,1502.8819995117187,65.24715513644253,1619.36400390625,9.25866861979148,7.940001220703152,0.0798037007291272,1730.0,1742.4000244140625,1728.800048828125,1729.0,49527500.0
2021-03-23,1681.4000244140625,1693.800048828125,1660.800048828125,1660.800048828125,1439.8946533203125,30356500.0,1647.9800170898438,1634.9040087890626,1593.2186702473955,1504.14,55.02183406113538,1623.40400390625,8.70666992187489,7.604001464843805,0.0840731389217526,1730.0,1712.0,1672.4000244140625,1710.5999755859375,43614000.0
2021-03-24,1649.0,1661.0,1622.5999755859375,1624.0,1407.989501953125,37637000.0,1649.9600158691403,1636.880009765625,1593.7013362630207,1505.2140002441406,49.6845473698803,1626.06400390625,7.357335611979124,7.040001220703061,0.0600522193211487,1730.0,1693.800048828125,1660.800048828125,1681.4000244140625,30356500.0
2021-03-25,1645.5999755859375,1649.0,1626.4000244140625,1631.4000244140625,1414.4051513671875,31401000.0,1651.8400146484375,1639.15201171875,1594.2826692708334,1506.3250006103517,52.60253835034665,1627.56400390625,6.02933430989583,6.486001586913972,0.0648825224634872,1730.0,1661.0,1624.0,1649.0,37637000.0
2021-03-26,1655.4000244140625,1675.199951171875,1647.0,1671.800048828125,1449.431396484375,28822500.0,1655.7400146484374,1642.624013671875,1595.4026692708333,1507.7180010986328,57.55650709878645,1629.96400390625,4.930667317708185,6.207001953124973,0.0888367996907615,1730.0,1649.0,1631.4000244140625,1645.5999755859375,31401000.0
2021-03-27,1655.4000244140625,1675.199951171875,1647.0,1671.800048828125,1449.431396484375,28822500.0,1659.6400146484375,1646.1120166015626,1596.5226692708334,1509.062001342773,57.55650709878645,1631.7120043945313,4.600000000000136,6.1800018310545966,0.1145333658854166,1730.0,1675.199951171875,1671.800048828125,1655.4000244140625,28822500.0
2021-03-28,1655.4000244140625,1675.199951171875,1647.0,1671.800048828125,1449.431396484375,28822500.0,1663.62001953125,1649.2160205078126,1597.7680029296876,1510.5350018310546,57.55650709878645,1633.4600048828124,4.549332682291833,6.395001831054515,0.1103879356649877,1730.0,1675.199951171875,1671.800048828125,1655.4000244140625,28822500.0
2021-03-29,1698.0,1702.4000244140625,1676.199951171875,1693.0,1467.8116455078125,46138500.0,1666.3800170898437,1653.56001953125,1599.4186702473958,1512.0450018310546,54.70987362452372,1635.6320043945314,5.7173339843750455,6.831001586913999,0.144382839029989,1730.0,1675.199951171875,1671.800048828125,1655.4000244140625,28822500.0
2021-03-30,1682.5999755859375,1684.199951171875,1645.4000244140625,1672.4000244140625,1473.4503173828125,36770500.0,1668.72001953125,1656.7040185546875,1600.7493375651045,1513.4510021972656,53.42162998493208,1636.9320043945313,6.466668294270903,7.126001586914072,0.1454794687767551,1730.0,1702.4000244140625,1693.0,1698.0,46138500.0
2021-03-31,1692.800048828125,1729.800048828125,1688.199951171875,1723.199951171875,1518.2069091796875,54920000.0,1673.97001953125,1661.8800146484375,1603.10400390625,1515.1110021972656,59.78398823347387,1639.4200024414065,7.7013346354167425,7.393001098632794,0.1802739391588184,1730.0,1684.199951171875,1672.4000244140625,1682.5999755859375,36770500.0
2021-04-01,1738.800048828125,1739.0,1680.4000244140625,1684.5999755859375,1484.19873046875,32919500.0,1676.750018310547,1665.51201171875,1604.94400390625,1516.5780023193358,42.03508002461967,1640.592001953125,8.421334635416542,7.516000976562509,0.1538355997163956,1730.0,1729.800048828125,1723.199951171875,1692.800048828125,54920000.0
2021-04-02,1702.0,1719.0,1686.4000244140625,1692.4000244140625,1491.0711669921875,21686500.0,1679.92001953125,1669.5200146484376,1606.8880045572917,1517.993002319336,43.75856867941764,1641.9200024414065,9.120001627604095,7.458000488281414,0.1601315929304991,1730.0,1739.0,1684.5999755859375,1738.800048828125,32919500.0
2021-04-03,1702.0,1719.0,1686.4000244140625,1692.4000244140625,1491.0711669921875,21686500.0,1683.090020751953,1671.704013671875,1609.0906722005209,1519.389002685547,43.75856867941764,1642.1160034179688,9.672001953125118,7.344000854492378,0.1350771458176141,1730.0,1719.0,1692.4000244140625,1702.0,21686500.0
2021-04-04,1702.0,1719.0,1686.4000244140625,1692.4000244140625,1491.0711669921875,21686500.0,1684.3100219726562,1674.376015625,1611.1013395182292,1520.7870025634766,43.75856867941764,1642.3120043945312,10.352001953124956,7.33600036621101,0.087381134584086,1730.0,1719.0,1692.4000244140625,1702.0,21686500.0
2021-04-05,1699.0,1700.800048828125,1684.199951171875,1692.199951171875,1490.894775390625,20385000.0,1686.2300170898438,1677.336015625,1613.1680061848958,1522.2270025634766,54.205591483496406,1642.50400390625,10.06400227864583,7.116000366210983,0.0904755109717749,1730.0,1719.0,1692.4000244140625,1702.0,21686500.0
2021-04-06,1714.0,1714.0,1668.199951171875,1673.199951171875,1474.155029296875,27262000.0,1686.810015869141,1679.104013671875,1614.8266715494792,1523.5550024414065,52.55352138593014,1642.14400390625,9.882667643229295,6.977000122070422,0.0560464058252285,1730.0,1700.800048828125,1692.199951171875,1699.0,20385000.0
2021-04-07,1694.800048828125,1709.5999755859375,1681.0,1697.4000244140625,1495.4761962890625,29696000.0,1685.1800170898437,1681.8400146484375,1617.0320052083334,1525.0040026855468,65.94265878813172,1642.8800048828125,10.14400065104178,7.011000366210737,0.0713203725440418,1728.800048828125,1714.0,1673.199951171875,1714.0,27262000.0
2021-04-08,1699.5999755859375,1699.5999755859375,1678.0,1683.5999755859375,1483.3177490234375,22586000.0,1682.9200134277344,1684.024013671875,1619.053338216146,1526.3840026855469,61.03126154404952,1643.56400390625,9.962666015625018,6.994999999999891,0.0626104201232644,1728.800048828125,1709.5999755859375,1697.4000244140625,1694.800048828125,29696000.0
2021-04-09,1686.0,1704.800048828125,1680.800048828125,1683.5999755859375,1483.3177490234375,30089500.0,1680.660009765625,1684.6480126953124,1621.0746712239584,1527.764002685547,53.00711578819004,1644.86400390625,9.973331705729152,6.977000122070422,0.0474057173164792,1728.800048828125,1699.5999755859375,1683.5999755859375,1699.5999755859375,22586000.0
2021-04-10,1686.0,1704.800048828125,1680.800048828125,1683.5999755859375,1483.3177490234375,30089500.0,1678.4000061035156,1685.840009765625,1623.0506705729167,1529.1440026855469,53.00711578819004,1646.2760034179687,9.882664388020885,6.917000122070249,0.0530397324042919,1723.199951171875,1704.800048828125,1683.5999755859375,1686.0,30089500.0
2021-04-11,1686.0,1704.800048828125,1680.800048828125,1683.5999755859375,1483.3177490234375,30089500.0,1678.960003662109,1686.720009765625,1625.498670247396,1530.4810028076172,53.00711578819004,1647.6880029296874,10.671998697916706,6.926000366210928,0.0354243392287438,1723.199951171875,1704.800048828125,1683.5999755859375,1686.0,30089500.0
2021-04-12,1689.5999755859375,1702.800048828125,1687.0,1687.0,1486.3133544921875,19728000.0,1680.270001220703,1685.000009765625,1627.9173372395833,1531.9880029296876,48.3183870309979,1649.1680029296874,10.885332031249844,6.984000244140816,0.0375153751537515,1723.199951171875,1704.800048828125,1683.5999755859375,1686.0,30089500.0
2021-04-13,1690.4000244140625,1712.199951171875,1689.5999755859375,1701.4000244140625,1499.000244140625,23458000.0,1684.1400024414063,1683.9040087890626,1630.8773372395833,1533.4640032958985,58.42043179665746,1650.9560034179688,11.823999023437407,7.08000061035159,0.0111732135391111,1723.199951171875,1702.800048828125,1687.0,1689.5999755859375,19728000.0
2021-04-14,1693.4000244140625,1702.800048828125,1683.199951171875,1697.0,1495.1239013671875,22063500.0,1687.4200012207032,1682.6320068359375,1634.0373372395834,1534.918003540039,39.58668912703434,1652.6560034179688,12.962666015625018,7.1540008544920966,0.0085581983971252,1723.199951171875,1712.199951171875,1701.4000244140625,1690.4000244140625,23458000.0
2021-04-15,1710.0,1719.199951171875,1704.199951171875,1712.800048828125,1509.0443115234375,21805500.0,1689.4700012207031,1681.9920068359374,1637.4080045572916,1536.4510040283203,63.68930727121675,1655.3480053710937,14.357333984374918,7.307001342773447,0.0179484569596946,1723.199951171875,1702.800048828125,1697.0,1693.4000244140625,22063500.0
2021-04-16,1715.0,1715.5999755859375,1698.0,1706.0,1503.0531005859375,16660000.0,1691.179998779297,1683.336005859375,1640.6880045572916,1537.8020037841798,56.66663076376248,1657.396005859375,15.189334309895685,7.321000976562573,0.0087512117167869,1723.199951171875,1719.199951171875,1712.800048828125,1710.0,21805500.0
2021-04-17,1715.0,1715.5999755859375,1698.0,1706.0,1503.0531005859375,16660000.0,1692.8899963378906,1685.14400390625,1643.98400390625,1539.21900390625,56.66663076376248,1660.0240063476565,16.066666666666833,7.231000976562427,0.027339530941546,1723.199951171875,1715.5999755859375,1706.0,1715.0,16660000.0
2021-04-18,1715.0,1715.5999755859375,1698.0,1706.0,1503.0531005859375,16660000.0,1693.539996337891,1688.42400390625,1646.850670572917,1540.8170037841796,56.66663076376248,1662.6520068359375,15.973333333333358,7.353000488281168,0.0343154933601048,1723.199951171875,1715.5999755859375,1706.0,1715.0,16660000.0
2021-04-19,1705.5999755859375,1709.199951171875,1696.5999755859375,1704.4000244140625,1501.6435546875,15545000.0,1695.1399963378906,1691.34400390625,1648.82400390625,1542.4070037841798,55.89943982386032,1665.2480078125,14.786666666666632,7.489000244140698,0.0530088039801588,1723.199951171875,1715.5999755859375,1706.0,1715.0,16660000.0
2021-04-20,1697.4000244140625,1697.4000244140625,1678.4000244140625,1683.5999755859375,1483.3177490234375,27998500.0,1693.1599975585937,1691.8160009765625,1650.5813362630208,1543.93400390625,54.94296247045432,1667.2200073242188,13.173331705729195,7.482999877929615,0.0437693587017591,1712.800048828125,1709.199951171875,1704.4000244140625,1705.5999755859375,15545000.0
2021-04-21,1660.0,1662.800048828125,1638.0,1642.4000244140625,1447.0191650390625,39924000.0,1691.05,1690.64,1651.354669596354,1545.2550042724608,27.49594431524858,1668.3760083007812,10.666665039062536,7.453000488281077,0.0182269215214274,1712.800048828125,1697.4000244140625,1683.5999755859375,1697.4000244140625,27998500.0
2021-04-22,1673.199951171875,1683.0,1659.5999755859375,1673.5999755859375,1474.507568359375,22731500.0,1690.1099975585937,1690.7119970703125,1652.5440022786458,1546.7320043945313,46.41834061440849,1669.9640087890623,8.55999837239574,7.51300048828125,0.0375697306794404,1712.800048828125,1662.800048828125,1642.4000244140625,1660.0,39924000.0
2021-04-23,1658.0,1659.199951171875,1645.4000244140625,1655.4000244140625,1458.4725341796875,18558000.0,1688.2599975585938,1689.207998046875,1653.4906689453126,1548.1000042724609,41.064657019659656,1671.3840087890626,6.639998372395894,7.283000488281232,0.026923092068277,1712.800048828125,1683.0,1673.5999755859375,1673.199951171875,22731500.0
2021-04-24,1658.0,1659.199951171875,1645.4000244140625,1655.4000244140625,1458.4725341796875,18558000.0,1686.4099975585937,1688.527998046875,1654.1306689453124,1549.4190045166015,41.064657019659656,1672.6160083007812,5.306665039062409,7.012000732421711,0.026923092068277,1712.800048828125,1659.199951171875,1655.4000244140625,1658.0,18558000.0
2021-04-25,1658.0,1659.199951171875,1645.4000244140625,1655.4000244140625,1458.4725341796875,18558000.0,1684.570001220703,1685.8160009765625,1654.8853352864585,1550.6930047607425,41.064657019659656,1673.8480078125,4.303999023437427,6.759000854492342,0.0489165350593652,1712.800048828125,1659.199951171875,1655.4000244140625,1658.0,18558000.0
2021-04-26,1667.199951171875,1668.5999755859375,1650.5999755859375,1653.0,1456.3580322265625,17808500.0,1683.5600036621097,1684.552001953125,1655.2453352864584,1551.9240045166016,39.15816664149486,1675.0320068359374,3.8906656901042425,6.669000244140761,0.0308057028973278,1712.800048828125,1659.199951171875,1655.4000244140625,1658.0,18558000.0
2021-04-27,1645.5999755859375,1651.199951171875,1632.800048828125,1634.4000244140625,1439.970703125,21835000.0,1680.4100036621094,1682.232001953125,1655.3573356119791,1553.1290045166015,29.19254658385094,1675.8760083007812,2.813333333333276,6.397000122070267,0.037977930747695,1712.800048828125,1668.5999755859375,1653.0,1667.199951171875,17808500.0
2021-04-28,1640.0,1663.5999755859375,1636.800048828125,1659.800048828125,1462.3492431640625,26628000.0,1679.2200073242188,1680.9280029296874,1655.0533365885417,1554.461004638672,39.78023319453984,1676.3160083007813,1.562667643229133,6.361000366211101,0.0541090274121736,1712.800048828125,1651.199951171875,1634.4000244140625,1645.5999755859375,21835000.0
2021-04-29,1640.0,1663.5999755859375,1636.800048828125,1659.800048828125,1462.3492431640625,26628000.0,1678.030010986328,1679.62400390625,1654.7493375651045,1555.7930047607422,34.05535030958275,1677.000009765625,0.6186686197918334,6.374000244140689,0.0541090274121736,1712.800048828125,1663.5999755859375,1659.800048828125,1640.0,26628000.0
2021-04-30,1666.4000244140625,1666.4000244140625,1622.0,1625.4000244140625,1432.041259765625,34068000.0,1675.1200134277344,1676.9520068359377,1653.986671549479,1557.009005126953,29.20536479699976,1677.1440112304688,-0.8986637369791879,6.316000366210801,0.0254889743937303,1712.800048828125,1663.5999755859375,1659.800048828125,1640.0,26628000.0
2021-05-01,1666.4000244140625,1666.4000244140625,1622.0,1625.4000244140625,1432.041259765625,34068000.0,1672.2100158691403,1675.040009765625,1653.1093391927084,1558.1060052490234,29.20536479699976,1677.07201171875,-2.135996093750009,6.182000732421784,0.0257478540052598,1712.800048828125,1666.4000244140625,1625.4000244140625,1666.4000244140625,34068000.0
2021-05-02,1666.4000244140625,1666.4000244140625,1622.0,1625.4000244140625,1432.041259765625,34068000.0,1669.1300170898437,1672.160009765625,1652.6400065104167,1559.2980053710935,29.20536479699976,1677.0000122070312,-2.7173291015624272,6.169000854492197,0.0195709912167874,1712.800048828125,1666.4000244140625,1625.4000244140625,1666.4000244140625,34068000.0
2021-05-03,1666.4000244140625,1666.4000244140625,1622.0,1625.4000244140625,1432.041259765625,34068000.0,1665.3300170898438,1669.83201171875,1652.3200065104168,1560.510005493164,29.448485933965145,1676.9280126953124,-2.7333300781249363,6.049000854492078,0.0258773033124399,1712.800048828125,1666.4000244140625,1625.4000244140625,1666.4000244140625,34068000.0
2021-05-04,1666.4000244140625,1666.4000244140625,1622.0,1625.4000244140625,1432.041259765625,34068000.0,1661.750018310547,1667.504013671875,1652.410673828125,1561.8080053710937,33.02217493241261,1676.0760131835937,-2.3386637369792425,6.015000610351535,0.0198268130366616,1712.800048828125,1666.4000244140625,1625.4000244140625,1666.4000244140625,34068000.0
2021-05-05,1666.4000244140625,1666.4000244140625,1622.0,1625.4000244140625,1432.041259765625,34068000.0,1657.3800170898437,1665.176015625,1652.5760074869793,1563.1060052490234,43.47157973294531,1675.5080126953126,-1.4106640624997908,6.0970001220703125,0.0198268130366616,1706.0,1666.4000244140625,1625.4000244140625,1666.4000244140625,34068000.0
2021-05-06,1670.0,1682.4000244140625,1655.199951171875,1672.5999755859375,1473.62646484375,37632000.0,1655.7100158691403,1664.736015625,1653.370673828125,1564.6400048828125,49.65800262175725,1675.7280126953126,0.2613346354166879,6.533999633789108,0.0494415386771709,1706.0,1666.4000244140625,1625.4000244140625,1666.4000244140625,34068000.0
2021-05-07,1670.199951171875,1674.0,1656.800048828125,1672.800048828125,1473.802734375,16326000.0,1654.0500183105469,1664.168017578125,1654.1680078125,1566.059005126953,56.78627709564232,1674.584013671875,1.5280013020833394,6.760999755859302,0.0506218440698529,1706.0,1682.4000244140625,1672.5999755859375,1670.0,37632000.0
2021-05-08,1670.199951171875,1674.0,1656.800048828125,1672.800048828125,1473.802734375,16326000.0,1652.3900207519532,1663.0240185546877,1654.9786751302083,1567.5260052490237,56.78627709564232,1673.464013671875,2.6586686197915697,7.015999755859411,0.0213701300259718,1704.4000244140625,1674.0,1672.800048828125,1670.199951171875,16326000.0
2021-05-09,1670.199951171875,1674.0,1656.800048828125,1672.800048828125,1473.802734375,16326000.0,1650.8100219726562,1662.0560205078125,1655.7893424479166,1568.8810052490237,56.78627709564232,1672.344013671875,3.378668619791597,7.07299987792976,0.0290354785624147,1683.5999755859375,1674.0,1672.800048828125,1670.199951171875,16326000.0
2021-05-10,1681.0,1705.5999755859375,1679.0,1701.199951171875,1498.823974609375,22024000.0,1651.6900207519532,1661.5920166015626,1657.4293424479167,1570.4210052490234,65.62904229397265,1671.79201171875,4.853334960937445,7.315000000000055,0.0512915600695036,1701.199951171875,1674.0,1672.800048828125,1670.199951171875,16326000.0
2021-05-11,1694.199951171875,1700.5999755859375,1660.199951171875,1668.199951171875,1469.749755859375,27511500.0,1652.9800170898438,1660.0800146484376,1658.2906754557291,1571.789005126953,60.02370452319083,1671.7080102539062,4.920001627604052,7.149000244140552,0.0240638128740791,1701.199951171875,1705.5999755859375,1701.199951171875,1681.0,22024000.0
2021-05-12,1668.0,1713.4000244140625,1636.800048828125,1704.5999755859375,1501.81982421875,62621500.0,1654.5300170898438,1660.024013671875,1660.0240087890625,1573.3390051269532,62.47214166139349,1672.5840087890624,5.856000976562427,7.2800000000002,0.0464088247918585,1704.5999755859375,1700.5999755859375,1668.199951171875,1694.199951171875,27511500.0
2021-05-13,1700.0,1707.0,1675.0,1678.4000244140625,1478.7364501953125,36050500.0,1655.6800170898437,1658.9200146484377,1661.4080094401045,1574.7580053710938,54.51894611406401,1673.6720092773437,6.429334309895921,7.232000122070303,0.0303253679644337,1704.5999755859375,1713.4000244140625,1704.5999755859375,1668.0,62621500.0
2021-05-14,1689.800048828125,1703.199951171875,1668.199951171875,1695.5999755859375,1493.890380859375,29576500.0,1657.6900146484377,1658.5680126953123,1663.0213427734377,1576.2460052490237,68.61081805295758,1674.9560083007811,7.232000325520858,7.365000000000009,0.0165467479531999,1704.5999755859375,1707.0,1678.4000244140625,1700.0,36050500.0
2021-05-15,1689.800048828125,1703.199951171875,1668.199951171875,1695.5999755859375,1493.890380859375,29576500.0,1659.7000122070312,1659.0480126953123,1664.496009114583,1577.7630053710936,68.61081805295758,1675.4320068359375,7.066666666666606,7.342000122070203,0.0252750789234961,1704.5999755859375,1703.199951171875,1695.5999755859375,1689.800048828125,29576500.0
2021-05-16,1689.800048828125,1703.199951171875,1668.199951171875,1695.5999755859375,1493.890380859375,29576500.0,1661.830010986328,1661.1760107421876,1665.9760091145831,1579.3460052490234,68.61081805295758,1675.908005371094,7.685333658854233,7.557000122070349,0.0204622054041681,1704.5999755859375,1703.199951171875,1695.5999755859375,1689.800048828125,29576500.0
2021-05-17,1716.0,1735.199951171875,1709.800048828125,1729.5999755859375,1523.8455810546875,33781500.0,1666.5900085449218,1663.4160107421876,1667.7813427734377,1581.1010052490235,73.40521557543632,1677.06400390625,7.757333984375009,7.762000122070276,-0.0002312279850071,1729.5999755859375,1703.199951171875,1695.5999755859375,1689.800048828125,29576500.0
2021-05-18,1740.0,1773.800048828125,1739.800048828125,1763.800048828125,1553.977294921875,45978500.0,1671.790008544922,1667.75201171875,1670.1733430989584,1583.1170056152343,76.94705293755541,1678.4800048828124,8.76533365885416,8.359000244140589,0.0202452562537378,1763.800048828125,1735.199951171875,1729.5999755859375,1716.0,33781500.0
2021-05-19,1750.0,1759.5999755859375,1736.0,1739.800048828125,1532.832275390625,33108500.0,1675.790008544922,1671.1280126953125,1672.120009765625,1585.0130059814453,70.37038003089145,1679.8280053710937,9.098666992187418,8.76700073242182,0.0063627948226032,1763.800048828125,1773.800048828125,1763.800048828125,1740.0,45978500.0
2021-05-20,1736.0,1741.0,1724.5999755859375,1733.0,1526.841064453125,18772500.0,1681.170007324219,1674.23201171875,1673.9760091145831,1586.8750061035155,62.56239980866852,1680.0240063476565,9.480000000000018,9.112000732422077,0.0024294025065083,1763.800048828125,1759.5999755859375,1739.800048828125,1750.0,33108500.0
2021-05-21,1740.5999755859375,1754.5999755859375,1734.5999755859375,1748.5999755859375,1540.5853271484375,25783500.0,1687.3300048828123,1678.0560107421877,1676.0400081380208,1588.6690057373046,64.81625263121728,1681.3040063476562,10.063999023437418,9.323000488281195,0.0455632325158403,1763.800048828125,1741.0,1733.0,1736.0,18772500.0
2021-05-22,1740.5999755859375,1754.5999755859375,1734.5999755859375,1748.5999755859375,1540.5853271484375,25783500.0,1693.4900024414062,1682.6240087890626,1678.125341796875,1590.4630053710937,64.81625263121728,1682.4280053710938,10.343999023437618,9.362000122070183,0.0528660429771572,1763.800048828125,1754.5999755859375,1748.5999755859375,1740.5999755859375,25783500.0
2021-05-23,1740.5999755859375,1754.5999755859375,1734.5999755859375,1748.5999755859375,1540.5853271484375,25783500.0,1699.65,1686.176005859375,1679.602674153646,1592.230005493164,64.81625263121728,1683.5520043945312,9.429331054687507,9.112999877929724,0.0767241228977446,1763.800048828125,1754.5999755859375,1748.5999755859375,1740.5999755859375,25783500.0
2021-05-24,1756.800048828125,1789.800048828125,1754.199951171875,1767.0,1556.796630859375,29395000.0,1706.729998779297,1690.46400390625,1681.4880078125,1594.0810052490235,63.384873018096,1685.04400390625,9.367998046875073,9.067999267578216,0.0831187774651651,1767.0,1754.5999755859375,1748.5999755859375,1740.5999755859375,25783500.0
2021-05-25,1776.4000244140625,1779.199951171875,1763.5999755859375,1775.4000244140625,1564.1973876953125,21782000.0,1714.229998779297,1696.46400390625,1683.5840087890624,1595.9390051269531,74.2314732700871,1686.7080053710938,9.60799967447906,9.063999023437418,0.061969118650617,1775.4000244140625,1789.800048828125,1767.0,1756.800048828125,29395000.0
2021-05-26,1771.0,1799.5999755859375,1768.199951171875,1781.199951171875,1569.3072509765625,31566500.0,1719.6599975585937,1702.6960009765626,1685.6133414713545,1597.826004638672,70.09443478427944,1688.8680053710937,9.573333333333494,9.156998901367388,0.065438389250219,1781.199951171875,1779.199951171875,1775.4000244140625,1776.4000244140625,21782000.0
2021-05-27,1780.199951171875,1800.0,1778.0,1796.0,1582.3466796875,61763500.0,1725.8199951171875,1709.52,1687.8400081380207,1599.787004394531,82.81247977700379,1690.8400048828123,9.71466634114563,9.323999023437636,0.0742911517791466,1796.0,1799.5999755859375,1781.199951171875,1771.0,31566500.0
2021-05-28,1826.0,1836.0,1814.4000244140625,1827.0,1609.658935546875,39897000.0,1733.5299926757812,1717.5839990234374,1690.4800081380208,1601.7490045166016,84.04143557126656,1693.7080053710938,10.8773339843749,9.518999023437573,0.0791494388659184,1827.0,1800.0,1796.0,1780.199951171875,61763500.0
2021-05-29,1826.0,1836.0,1814.4000244140625,1827.0,1609.658935546875,39897000.0,1741.239990234375,1725.647998046875,1692.600008138021,1603.6170043945312,84.04143557126656,1696.576005859375,11.112000325520969,9.53599914550773,0.0924419835739376,1827.0,1836.0,1827.0,1826.0,39897000.0
2021-05-30,1826.0,1836.0,1814.4000244140625,1827.0,1609.658935546875,39897000.0,1747.5299926757812,1733.7119970703125,1694.9093408203123,1605.2490045166016,84.04143557126656,1699.4440063476563,11.325332031250127,9.30999938964851,0.0602367988448091,1827.0,1836.0,1827.0,1826.0,39897000.0
2021-05-31,1827.0,1845.4000244140625,1820.0,1823.0,1606.134765625,37511500.0,1755.2699951171876,1739.727998046875,1697.0613411458332,1606.9290045166017,78.65029278130633,1702.2320068359377,11.44799967447898,9.102999877929506,0.0821560171078146,1827.0,1836.0,1827.0,1826.0,39897000.0
2021-06-01,1826.0,1884.5999755859373,1826.0,1884.5999755859373,1660.4066162109375,45532500.0,1764.2699951171876,1748.1999951171874,1699.122674153646,1609.0360046386718,81.72266577421993,1706.1840063476564,11.282666015625182,9.24900024414046,0.1135665022448919,1884.5999755859373,1845.4000244140625,1823.0,1827.0,37511500.0
2021-06-02,1906.800048828125,1927.5999755859373,1885.5999755859373,1925.5999755859373,1696.529296875,57631500.0,1776.6299926757813,1758.3119921875,1701.7466731770833,1611.3480047607422,94.79264823683756,1710.6680053710938,11.266665039062444,9.599000244140598,0.1377924532071621,1925.5999755859373,1884.5999755859373,1884.5999755859373,1826.0,45532500.0
2021-06-03,1942.0,1991.4000244140625,1938.199951171875,1958.0,1725.0751953125,61649500.0,1789.7499938964845,1769.719990234375,1704.8026725260418,1613.8220050048828,98.28326180257513,1715.8880053710936,12.20266438802082,10.20500061035159,0.1569368776615876,1958.0,1927.5999755859373,1925.5999755859373,1906.800048828125,57631500.0
2021-06-04,1981.800048828125,1993.199951171875,1960.4000244140625,1989.800048828125,1753.092041015625,49867000.0,1804.4599975585936,1781.263994140625,1708.2826725260418,1616.2970050048827,98.39486403516722,1721.4280053710938,13.373331705729242,11.048000488281104,0.1758657996947448,1989.800048828125,1991.4000244140625,1958.0,1942.0,61649500.0
2021-06-05,1981.800048828125,1993.199951171875,1960.4000244140625,1989.800048828125,1753.092041015625,49867000.0,1819.1700012207032,1794.127998046875,1712.5146728515624,1618.8070050048827,98.39486403516722,1727.1040063476562,15.45333170572917,11.87800048828126,0.1892183282903574,1989.800048828125,1993.199951171875,1989.800048828125,1981.800048828125,49867000.0
2021-06-06,1981.800048828125,1993.199951171875,1960.4000244140625,1989.800048828125,1753.092041015625,49867000.0,1832.1800048828125,1805.5360009765625,1716.9013395182292,1621.4370050048828,98.39486403516722,1732.7800073242188,17.778665364583276,12.401000366211065,0.1722634736705617,1989.800048828125,1993.199951171875,1989.800048828125,1981.800048828125,49867000.0
2021-06-07,1990.5999755859373,1994.199951171875,1973.0,1983.4000244140625,1747.45361328125,31870000.0,1843.1600036621087,1817.7360009765623,1721.69333984375,1624.0530053710938,95.61550539512533,1738.3280078125,19.946666666666715,12.70500061035159,0.1780708322496778,1989.800048828125,1993.199951171875,1989.800048828125,1981.800048828125,49867000.0
2021-06-08,1967.5999755859373,1979.800048828125,1957.0,1971.199951171875,1736.7047119140625,26894500.0,1854.729998779297,1828.76,1726.224005533854,1626.5570050048827,90.62237086765607,1743.664006347656,21.421333007812336,12.7349999999999,0.1708244118296835,1989.800048828125,1994.199951171875,1983.4000244140625,1990.5999755859373,31870000.0
2021-06-09,1967.199951171875,1990.0,1962.800048828125,1981.199951171875,1745.51513671875,22140500.0,1867.1399963378904,1840.1839990234373,1730.3493375651042,1629.1110046386718,90.78300177230818,1749.616005859375,22.0666650390624,12.81399963378908,0.1767640650400728,1989.800048828125,1979.800048828125,1971.199951171875,1967.5999755859373,26894500.0
2021-06-10,1966.0,1983.5999755859373,1964.0,1973.199951171875,1738.466796875,20786500.0,1878.3699951171875,1851.287998046875,1734.3680029296877,1631.625004272461,87.16439645381864,1756.2320043945313,21.85333007812505,12.817999267578216,0.1720123424717614,1989.800048828125,1990.0,1981.199951171875,1967.199951171875,22140500.0
2021-06-11,1969.199951171875,1980.5999755859373,1956.0,1972.199951171875,1737.5858154296875,32905500.0,1889.5499938964845,1860.9919970703124,1738.3733349609374,1634.13400390625,84.83681600549198,1762.20400390625,21.47199544270825,12.696998901367124,0.1690574695743183,1989.800048828125,1983.5999755859373,1973.199951171875,1966.0,20786500.0
2021-06-12,1969.199951171875,1980.5999755859373,1956.0,1972.199951171875,1737.5858154296875,32905500.0,1900.7299926757807,1869.3279931640625,1742.0960009765624,1636.56400390625,84.83681600549198,1768.5400024414062,20.40266113281245,12.510998535156205,0.1591629968684595,1989.800048828125,1980.5999755859373,1972.199951171875,1969.199951171875,32905500.0
2021-06-13,1969.199951171875,1980.5999755859373,1956.0,1972.199951171875,1737.5858154296875,32905500.0,1910.989990234375,1878.6239892578128,1746.0933333333332,1639.075003662109,84.83681600549198,1774.8760009765624,19.86932779947915,12.5179986572266,0.1621685039315703,1989.800048828125,1980.5999755859373,1972.199951171875,1969.199951171875,32905500.0
2021-06-14,1986.0,1991.5999755859373,1976.5999755859373,1980.0,1744.4580078125,15667000.0,1921.219989013672,1888.5039892578125,1749.517333984375,1641.67400390625,86.99336840119102,1781.3680004882813,19.16799641927082,12.562999267578109,0.1560018353308021,1989.800048828125,1980.5999755859373,1972.199951171875,1969.199951171875,32905500.0
2021-06-15,1983.199951171875,2018.0,1976.800048828125,2015.0,1775.2943115234375,36932500.0,1932.9099914550784,1899.159990234375,1753.9226676432293,1644.4970037841797,85.12927533334168,1788.6080004882813,19.5546647135418,12.87199951171874,0.1811254396248534,2015.0,1991.5999755859373,1980.0,1986.0,15667000.0
2021-06-16,2027.0,2066.0,2021.0,2035.0,1792.9151611328125,31059500.0,1944.8599914550784,1910.6159912109367,1758.4906673177084,1647.4200036621094,83.23204081859681,1796.62,20.11733235677093,13.285999755859391,0.1928487690504103,2035.0,2018.0,2015.0,1983.199951171875,36932500.0
2021-06-17,2029.0,2052.0,2021.0,2046.0,1802.606689453125,21280500.0,1955.809991455078,1922.5119921875,1763.2053336588542,1650.398003540039,80.72621507532206,1804.3439990234367,21.10933268229178,13.833999633789062,0.1992966002344665,2046.0,2066.0,2035.0,2027.0,31059500.0
2021-06-18,2026.0,2026.0,1966.5999755859373,1966.5999755859373,1732.6519775390625,61132000.0,1962.789990234375,1930.4959912109373,1766.8613330078124,1653.2320031738282,43.92032168185607,1810.4799975585936,20.767999674479142,14.156999511718825,0.1538370965830124,2046.0,2052.0,2046.0,2029.0,21280500.0
2021-06-19,2026.0,2026.0,1966.5999755859373,1966.5999755859373,1732.6519775390625,61132000.0,1969.769989013672,1938.1439892578128,1770.52,1656.0470031738282,43.92032168185607,1817.3039965820312,21.002666015624985,14.37299926757828,0.1680921858540109,2046.0,2026.0,1966.5999755859373,2026.0,61132000.0
2021-06-20,2026.0,2026.0,1966.5999755859373,1966.5999755859373,1732.6519775390625,61132000.0,1976.9499877929688,1945.559990234375,1774.432000325521,1658.8010028076171,43.92032168185607,1824.1279956054689,20.50933268229164,14.303999023437427,0.1973940248128864,2046.0,2026.0,1966.5999755859373,2026.0,61132000.0
2021-06-21,1919.0,1952.5999755859373,1912.0,1927.5999755859373,1698.2913818359375,47090500.0,1979.0999877929687,1950.8239892578124,1777.5013330078125,1661.2750024414063,37.51118794990855,1830.1719946289063,19.010665690104133,13.85499877929692,0.1517686446613819,2046.0,2026.0,1966.5999755859373,2026.0,61132000.0
2021-06-22,1983.0,1997.0,1968.4000244140625,1992.0,1755.0303955078125,38258000.0,1982.419989013672,1957.4239892578123,1781.6133333333332,1664.054002685547,53.77359242703688,1837.503994140625,18.40799967447901,13.655999145507849,0.2033345237536037,2046.0,1952.5999755859373,1927.5999755859373,1919.0,47090500.0
2021-06-23,1970.0,1977.0,1953.0,1956.4000244140625,1723.66552734375,32535000.0,1982.339990234375,1962.599990234375,1785.2506673177083,1666.6550030517578,45.8831472896304,1844.123994140625,18.38933430989596,13.42299987792967,0.1818291624748167,2046.0,1997.0,1992.0,1983.0,38258000.0
2021-06-24,1980.0,1980.199951171875,1962.199951171875,1964.800048828125,1731.066162109375,22403500.0,1981.089990234375,1968.1119921875,1789.0000016276042,1669.298003540039,48.60744369630082,1850.9119946289063,18.480001627604224,13.251000366210748,0.1869034794315509,2046.0,1977.0,1956.4000244140625,1970.0,32535000.0
2021-06-25,1978.199951171875,1981.0,1963.4000244140625,1969.800048828125,1735.47119140625,20322000.0,1980.089990234375,1973.983994140625,1792.816002604167,1671.9430035400392,49.60734594619641,1856.85599609375,18.384002278645767,13.142000732422048,0.1916515721888234,2046.0,1980.199951171875,1964.800048828125,1980.0,22403500.0
2021-06-26,1978.199951171875,1981.0,1963.4000244140625,1969.800048828125,1735.47119140625,20322000.0,1979.089990234375,1977.3919970703123,1796.586669921875,1674.593003540039,49.60734594619641,1862.79599609375,19.08533691406251,13.318001098632749,0.2052129340455097,2046.0,1981.0,1969.800048828125,1978.199951171875,20322000.0
2021-06-27,1978.199951171875,1981.0,1963.4000244140625,1969.800048828125,1735.47119140625,20322000.0,1978.4099914550784,1979.16,1800.1653369140624,1677.093003540039,49.60734594619641,1868.73599609375,18.55200358072921,13.039000854492087,0.1867694848056369,2046.0,1981.0,1969.800048828125,1978.199951171875,20322000.0
2021-06-28,1970.4000244140625,1975.5999755859373,1961.4000244140625,1968.4000244140625,1734.2379150390625,16448500.0,1978.269995117188,1979.5760009765625,1803.78400390625,1679.4550036621094,48.061501880624895,1874.6479956054689,18.533336588541715,12.800000610351615,0.185925995003928,2046.0,1981.0,1969.800048828125,1978.199951171875,20322000.0
2021-06-29,1957.199951171875,1958.5999755859373,1938.199951171875,1948.0,1716.2647705078125,21674000.0,1976.6099975585937,1977.9039990234376,1806.9200032552085,1681.3750036621093,38.22909750352144,1879.5839965820312,17.92000162760405,12.07700012207033,0.1984742037285443,2046.0,1975.5999755859373,1968.4000244140625,1970.4000244140625,16448500.0
2021-06-30,1954.800048828125,1957.0,1942.0,1942.0,1710.978515625,20215500.0,1975.05,1975.9919970703124,1810.066669921875,1683.2650036621094,32.81597072478887,1885.0599975585933,17.25066731770835,11.322000122070222,0.1947828047437541,2046.0,1958.5999755859373,1948.0,1957.199951171875,21674000.0
2021-07-01,1945.5999755859373,1947.800048828125,1927.0,1938.0,1707.4541015625,21939000.0,1973.3400024414063,1973.919995117188,1813.1600032552085,1685.1350036621093,29.51442337080653,1889.727998046875,16.573333333333267,10.542000122070249,0.1923218720872272,2046.0,1957.0,1942.0,1954.800048828125,20215500.0
2021-07-02,1950.4000244140625,1972.0,1947.800048828125,1964.0,1730.3614501953125,22461000.0,1972.9300048828125,1973.143994140625,1816.6000032552083,1687.0030035400391,49.38154741198837,1895.4399975585936,16.434666341145885,9.910000000000082,0.2083179343546515,2046.0,1947.800048828125,1938.0,1945.5999755859373,21939000.0
2021-07-03,1950.4000244140625,1972.0,1947.800048828125,1964.0,1730.3614501953125,22461000.0,1972.5200073242188,1972.85599609375,1820.0613362630208,1688.918003540039,49.38154741198837,1900.807998046875,16.277332356770785,9.462999877929631,0.2083179343546515,2046.0,1972.0,1964.0,1950.4000244140625,22461000.0
2021-07-04,1950.4000244140625,1972.0,1947.800048828125,1964.0,1730.3614501953125,22461000.0,1971.7200073242188,1972.167998046875,1823.8000032552084,1690.758003540039,49.38154741198837,1906.175998535156,16.88000000000011,9.382999877929706,0.2083179343546515,2046.0,1972.0,1964.0,1950.4000244140625,22461000.0
2021-07-05,1947.800048828125,1961.0,1947.800048828125,1954.4000244140625,1721.9033203125,15841500.0,1968.690008544922,1971.4160009765624,1827.960003255208,1692.5300036621093,57.41151592652563,1911.3519995117188,17.893333333333203,9.264999999999873,0.1684802421029607,2046.0,1972.0,1964.0,1950.4000244140625,22461000.0
2021-07-06,1959.5999755859373,1964.4000244140625,1949.199951171875,1958.800048828125,1725.7799072265625,13521000.0,1964.880010986328,1970.8800048828125,1831.7626708984376,1694.4130041503906,36.25830391049259,1915.9360009765624,18.602667643229324,9.27800048828135,0.1709708223647867,2046.0,1961.0,1954.4000244140625,1947.800048828125,15841500.0
2021-07-07,1945.800048828125,1950.199951171875,1934.199951171875,1946.800048828125,1715.20751953125,22735500.0,1959.9200134277344,1969.8640087890624,1835.648004557292,1696.2360046386718,45.06174467481222,1919.5960009765624,19.04800130208332,9.233001098632712,0.163797221426404,1992.0,1964.4000244140625,1958.800048828125,1959.5999755859373,13521000.0
2021-07-08,1940.199951171875,1953.5999755859373,1935.0,1935.0,1704.8111572265625,25416500.0,1958.340014648437,1968.376010742188,1839.3760042317708,1698.0000048828124,35.18885690849346,1923.5,19.314667968749973,9.08200134277331,0.1567431513142041,1992.0,1950.199951171875,1946.800048828125,1945.800048828125,22735500.0
2021-07-09,1914.199951171875,1935.800048828125,1894.4000244140625,1930.0,1700.4061279296875,43443500.0,1956.5100158691407,1966.376010742188,1843.037337239584,1699.8000048828126,30.21868280678933,1927.44,19.237333984375027,9.042001342773574,0.134493331410288,1992.0,1953.5999755859373,1935.0,1940.199951171875,25416500.0
2021-07-10,1914.199951171875,1935.800048828125,1894.4000244140625,1930.0,1700.4061279296875,43443500.0,1954.680017089844,1962.976010742188,1846.7306705729168,1701.6730047607423,30.21868280678933,1931.0680004882813,18.77066731770856,9.143001098633022,0.1569356530937529,1992.0,1935.800048828125,1930.0,1914.199951171875,43443500.0
2021-07-11,1914.199951171875,1935.800048828125,1894.4000244140625,1930.0,1700.4061279296875,43443500.0,1954.8000183105469,1958.7760107421875,1850.672003580729,1703.603004760742,30.21868280678933,1934.6960009765623,18.909332682291502,9.19000061035149,0.1322304515090608,1992.0,1935.800048828125,1930.0,1914.199951171875,43443500.0
2021-07-12,1966.0,1969.800048828125,1951.800048828125,1963.0,1729.480224609375,22882000.0,1953.3500183105468,1955.456010742188,1854.7146695963545,1705.6750048828126,47.95763183724952,1938.984001464844,19.066665039062627,9.439000244140743,0.1695662365622836,1969.800048828125,1935.800048828125,1930.0,1914.199951171875,43443500.0
2021-07-13,1974.0,1976.800048828125,1964.800048828125,1973.0,1738.2906494140625,16499500.0,1954.180017089844,1955.71201171875,1858.8906689453124,1707.751004638672,60.262721665768005,1943.104001464844,19.51466471354161,9.75099975585954,0.1635999223921922,1973.0,1969.800048828125,1963.0,1966.0,22882000.0
2021-07-14,1960.0,2002.0,1958.0,1973.800048828125,1738.9954833984375,28623500.0,1954.630017089844,1956.0000146484367,1863.5360026041667,1709.831004638672,63.63637315376658,1947.072001953125,20.498665364583303,10.030999755859284,0.1640717605849526,1973.800048828125,1976.800048828125,1973.0,1974.0,16499500.0
2021-07-15,1976.0,1983.800048828125,1960.5999755859373,1966.4000244140625,1732.4757080078125,18423000.0,1954.4600158691403,1955.9920166015625,1868.082669270833,1711.8740045166016,61.83333146837212,1950.7760034179687,21.351998697916542,10.200999755859357,0.1597075092753208,1973.800048828125,2002.0,1973.800048828125,1960.0,28623500.0
2021-07-16,1963.199951171875,1986.0,1960.5999755859373,1973.199951171875,1738.466796875,18315000.0,1954.630010986328,1957.816015625,1872.720001627604,1713.8420043945312,54.56346563262182,1954.3200024414064,22.047998046875136,10.238999633789035,0.1408418010085903,1973.800048828125,1983.800048828125,1966.4000244140625,1976.0,18423000.0
2021-07-17,1963.199951171875,1986.0,1960.5999755859373,1973.199951171875,1738.466796875,18315000.0,1954.800006103516,1957.064013671875,1877.357333984375,1715.69400390625,54.56346563262182,1957.244001464844,22.64266438802065,10.018999023437344,0.1187208847640501,1973.800048828125,1986.0,1973.199951171875,1963.199951171875,18315000.0
2021-07-18,1963.199951171875,1986.0,1960.5999755859373,1973.199951171875,1738.466796875,18315000.0,1955.0400024414064,1957.7360107421875,1881.9946663411456,1717.603003540039,54.56346563262182,1960.1680004882808,23.103997395833403,9.851998901367097,0.1341532910640857,1973.800048828125,1986.0,1973.199951171875,1963.199951171875,18315000.0
2021-07-19,1957.0,1962.800048828125,1943.4000244140625,1948.0,1716.2647705078125,20903000.0,1955.0400024414064,1957.0640087890624,1886.2959993489585,1719.3860034179688,47.25084919600356,1962.5880004882813,22.75999674479158,9.554998779296966,0.1240623196768608,1973.800048828125,1986.0,1973.199951171875,1963.199951171875,18315000.0
2021-07-20,1936.0,1937.800048828125,1919.199951171875,1922.4000244140625,1693.710205078125,31507000.0,1954.0600036621088,1955.1680078125,1889.6266666666668,1721.0410034179688,36.77324459577065,1964.5760009765625,21.543997395833458,9.166998901367151,0.0993938300667576,1973.800048828125,1962.800048828125,1948.0,1957.0,20903000.0
2021-07-21,1940.800048828125,1965.199951171875,1937.199951171875,1945.0,1713.62158203125,20714500.0,1954.4100036621087,1954.176005859375,1893.2559993489583,1722.8090032958985,49.39269587678967,1965.784001464844,20.53599772135408,8.966998901367333,0.1123184416997666,1973.800048828125,1937.800048828125,1922.4000244140625,1936.0,31507000.0
2021-07-22,1940.800048828125,1965.199951171875,1937.199951171875,1945.0,1713.62158203125,20714500.0,1953.460003662109,1953.18400390625,1896.88533203125,1724.5770031738282,53.66569177403015,1966.172001953125,19.527998046875155,8.88299926757827,0.1123184416997666,1973.800048828125,1965.199951171875,1945.0,1940.800048828125,20714500.0
2021-07-23,1940.800048828125,1965.199951171875,1937.199951171875,1945.0,1713.62158203125,20714500.0,1952.5100036621093,1952.248002929688,1900.5146647135416,1726.3740032958983,55.70776679907991,1965.912001953125,18.519998372395776,8.77099975585952,0.1007357102433503,1973.800048828125,1965.199951171875,1945.0,1940.800048828125,20714500.0
2021-07-24,1940.800048828125,1965.199951171875,1937.199951171875,1945.0,1713.62158203125,20714500.0,1951.5600036621088,1952.128002929688,1903.76533203125,1728.2870031738282,55.70776679907991,1965.0160009765625,17.46933268229168,8.900999755859402,0.0955277533252882,1973.800048828125,1965.199951171875,1945.0,1940.800048828125,20714500.0
2021-07-25,1940.800048828125,1965.199951171875,1937.199951171875,1945.0,1713.62158203125,20714500.0,1951.0900024414063,1952.248002929688,1907.4559993489584,1730.1940032958985,55.70776679907991,1964.12,17.82933268229158,9.152999877929688,0.0919605060175072,1973.800048828125,1965.199951171875,1945.0,1940.800048828125,20714500.0
2021-07-26,1978.0,1983.199951171875,1956.0,1965.800048828125,1731.947265625,19701000.0,1951.4400024414065,1953.3600048828123,1910.938666992188,1732.2050036621094,51.17451760701126,1963.64,17.68266764322925,9.396000366210956,0.09454345703125,1973.800048828125,1965.199951171875,1945.0,1940.800048828125,20714500.0
2021-07-27,1979.800048828125,1983.800048828125,1971.199951171875,1974.199951171875,1739.347900390625,19424500.0,1952.8099975585933,1953.768002929688,1914.882666015625,1734.137003173828,50.51018395686843,1963.455998535156,17.997333984375018,9.559999999999944,0.0805692124640804,1974.199951171875,1983.199951171875,1965.800048828125,1978.0,19701000.0
2021-07-28,1958.0,1973.800048828125,1957.0,1960.800048828125,1727.5419921875,22825000.0,1954.1,1953.6400048828125,1918.418666992188,1736.002003173828,45.00766925808835,1963.2480004882807,17.904002278645976,9.627999877929597,0.073234837891694,1974.199951171875,1983.800048828125,1974.199951171875,1979.800048828125,19424500.0
2021-07-29,1977.5999755859373,1986.800048828125,1962.0,1971.199951171875,1736.7047119140625,21100000.0,1956.1599975585937,1953.928002929688,1922.0933333333328,1737.919002685547,51.80177992267023,1963.048000488281,18.32800130208329,9.631999511718732,0.0789271763392858,1974.199951171875,1973.800048828125,1960.800048828125,1958.0,22825000.0
2021-07-30,1963.0,1979.199951171875,1961.0,1961.0,1727.7178955078125,26432000.0,1957.7099975585936,1954.192001953125,1925.6320003255207,1739.7850024414065,45.534412130570935,1962.804001464844,18.176000976562364,9.590999145507794,0.0756993965990127,1974.199951171875,1986.800048828125,1971.199951171875,1977.5999755859373,21100000.0
2021-07-31,1963.0,1979.199951171875,1961.0,1961.0,1727.7178955078125,26432000.0,1959.2599975585936,1954.28,1928.717333984375,1741.698002319336,45.534412130570935,1962.5800024414064,17.778666992187482,9.492998657226508,0.0405391199213558,1974.199951171875,1979.199951171875,1961.0,1963.0,26432000.0
2021-08-01,1963.0,1979.199951171875,1961.0,1961.0,1727.7178955078125,26432000.0,1959.1599975585937,1954.847998046875,1931.3466666666664,1743.6570025634765,45.534412130570935,1962.3560034179689,16.464000651041488,9.51999938964832,0.0183838932607438,1974.199951171875,1979.199951171875,1961.0,1963.0,26432000.0
2021-08-02,1977.4000244140625,2007.0,1972.4000244140625,2006.0,1767.364990234375,25838500.0,1960.8099975585933,1957.687998046875,1934.8959993489584,1745.824002685547,68.54224001073972,1963.0320043945312,16.47733235677083,9.821999511718786,0.0245148110316648,2006.0,1979.199951171875,1961.0,1963.0,26432000.0
2021-08-03,2005.0,2026.0,1999.4000244140625,2011.0,1771.7701416015625,17516500.0,1962.669995117188,1960.927998046875,1938.602666015625,1748.1460028076172,82.62156946113652,1963.652004394532,16.509332682291642,10.227000122070194,0.0106543123186475,2011.0,2007.0,2006.0,1977.4000244140625,25838500.0
2021-08-04,2017.0,2029.0,1965.0,1994.0,1756.7923583984375,43509500.0,1964.0499938964845,1963.487998046875,1941.874666341146,1750.3830029296876,68.81724664259006,1963.2320043945315,16.24266601562522,10.598000488281286,0.0021107403099867,2011.0,2026.0,2011.0,2005.0,17516500.0
2021-08-05,1999.800048828125,2006.0,1984.199951171875,1990.800048828125,1753.97314453125,20804500.0,1964.929998779297,1965.92,1945.1040006510416,1752.6040032958983,67.1664790768752,1962.3480053710937,16.386666666666542,10.906000976562382,0.0005025630593329,2011.0,2029.0,1994.0,2017.0,43509500.0
2021-08-06,1984.0,1987.4000244140625,1957.5999755859373,1967.5999755859373,1733.5330810546875,32304000.0,1964.65,1966.1039990234376,1948.0240006510417,1754.806003417969,57.21584110565016,1960.7800048828128,16.677333984375082,11.149000854492217,-0.0079661433062616,2011.0,2006.0,1990.800048828125,1999.800048828125,20804500.0
2021-08-07,1984.0,1987.4000244140625,1957.5999755859373,1967.5999755859373,1733.5330810546875,32304000.0,1964.3700012207032,1965.887998046875,1950.698666992188,1756.9360034179688,57.21584110565016,1960.8000048828128,15.802667643229142,11.112000732421848,-0.0018262863611565,2011.0,1987.4000244140625,1967.5999755859373,1984.0,32304000.0
2021-08-08,1984.0,1987.4000244140625,1957.5999755859373,1967.5999755859373,1733.5330810546875,32304000.0,1965.35,1965.639995117188,1953.2613330078125,1759.0880035400392,57.21584110565016,1960.8200048828128,14.658666992187593,10.942000732422002,-0.0068645143958808,2011.0,1987.4000244140625,1967.5999755859373,1984.0,32304000.0
2021-08-09,1984.0,1987.4000244140625,1957.5999755859373,1967.5999755859373,1733.5330810546875,32304000.0,1967.6099975585937,1965.6879931640624,1955.746666666667,1761.1820031738282,50.66271390445225,1960.8400048828123,13.87200032552073,10.799000244140643,-0.0028380172939959,2011.0,1987.4000244140625,1967.5999755859373,1984.0,32304000.0
2021-08-10,1986.5999755859373,1992.199951171875,1972.4000244140625,1975.199951171875,1740.2288818359375,22127500.0,1969.1199951171875,1965.7679931640623,1958.1359993489584,1763.3980029296874,50.37037104016754,1961.7920043945312,13.031998697916832,10.7939996337891,0.0015211439378737,2011.0,1987.4000244140625,1967.5999755859373,1984.0,32304000.0
2021-08-11,1980.0,2004.0,1978.4000244140625,1994.5999755859373,1757.321044921875,18138500.0,1971.5999938964844,1966.623994140625,1960.3706656901045,1765.7110028076172,61.98580000709904,1961.84400390625,12.3466650390626,10.904999389648538,0.0113578871152248,2011.0,1992.199951171875,1975.199951171875,1986.5999755859373,22127500.0
2021-08-12,2003.0,2008.0,1986.5999755859373,1992.0,1755.0303955078125,15295000.0,1973.9499938964843,1967.37599609375,1962.570665690104,1768.0110028076172,57.807828998858106,1962.556003417969,11.871998697916524,11.074999389648385,0.0100395747481687,2011.0,2004.0,1994.5999755859373,1980.0,18138500.0
2021-08-13,1993.199951171875,2003.0,1991.0,1993.0,1755.9114990234375,16832000.0,1976.3499938964844,1969.17599609375,1964.7839990234368,1770.2990026855468,62.903225806451616,1963.1200024414063,11.522666015624964,11.210999145507683,0.0065656565656566,2011.0,2008.0,1992.0,2003.0,15295000.0
2021-08-14,1993.199951171875,2003.0,1991.0,1993.0,1755.9114990234375,16832000.0,1978.7499938964845,1971.999995117188,1967.050665690104,1772.764002685547,62.903225806451616,1963.584001464844,11.303999023437427,11.581999511718776,-0.0109181141439206,2011.0,2003.0,1993.0,1993.199951171875,16832000.0
2021-08-15,1993.199951171875,2003.0,1991.0,1993.0,1755.9114990234375,16832000.0,1980.1099914550784,1973.919995117188,1968.4959993489583,1775.2010028076172,62.903225806451616,1964.048000488281,10.3599999999999,11.802999877929778,-0.0206388206388206,2011.0,2003.0,1993.0,1993.199951171875,16832000.0
2021-08-16,1980.0,1980.199951171875,1958.199951171875,1962.5999755859373,1729.1278076171875,25924000.0,1979.5299926757807,1974.623994140625,1968.989332682292,1777.6170025634765,30.164527089226183,1963.9039990234376,8.6186669921874,11.905999755859284,-0.0407624752756904,2011.0,2003.0,1993.0,1993.199951171875,16832000.0
2021-08-17,1971.199951171875,1972.4000244140625,1950.5999755859373,1950.5999755859373,1718.555419921875,20982000.0,1979.019989013672,1974.8479931640625,1968.890665690104,1780.0700024414064,24.054977772510853,1963.547998046875,6.320000000000164,12.0589996337892,-0.0081358691135103,2011.0,1980.199951171875,1962.5999755859373,1980.0,25924000.0
2021-08-18,1950.0,1957.199951171875,1943.5999755859373,1945.0,1713.62158203125,19215500.0,1977.709991455078,1974.8479931640625,1968.293331705729,1782.4950024414063,26.66666666666667,1963.487998046875,3.5093326822916424,12.195999755859477,-0.0109834108888878,2011.0,1972.4000244140625,1950.5999755859373,1971.199951171875,20982000.0
2021-08-19,1936.0,1937.800048828125,1854.199951171875,1859.0,1637.85205078125,49063500.0,1972.6099914550784,1971.4079931640624,1966.549331054688,1784.4900024414062,14.909474291790858,1961.827998046875,-0.501334635416697,11.72599975585922,-0.0547137073740064,2011.0,1957.199951171875,1945.0,1950.0,19215500.0
2021-08-20,1846.0,1867.5999755859373,1772.800048828125,1783.0,1570.893310546875,101544500.0,1963.709991455078,1964.0959912109367,1963.7919970703124,1786.1110021972656,11.637573915712636,1958.727998046875,-4.70400227864593,10.90999938964842,-0.0750155516794831,2011.0,1937.800048828125,1859.0,1936.0,49063500.0
2021-08-21,1846.0,1867.5999755859373,1772.800048828125,1783.0,1570.893310546875,101544500.0,1954.809991455078,1956.4479931640624,1961.119996744792,1787.5710021972657,11.637573915712636,1955.107998046875,-7.869335937499954,9.95399963378918,-0.1049196787148594,2011.0,1867.5999755859373,1783.0,1846.0,101544500.0
2021-08-22,1846.0,1867.5999755859373,1772.800048828125,1783.0,1570.893310546875,101544500.0,1943.6599914550784,1949.3359912109368,1958.6106640625,1788.7040020751954,11.637573915712636,1951.487998046875,-10.28000162760418,8.633999633789017,-0.0886321929309909,2011.0,1867.5999755859373,1783.0,1846.0,101544500.0
2021-08-23,1819.4000244140625,1854.5999755859373,1809.5999755859373,1844.4000244140625,1624.9891357421875,48603500.0,1935.329992675781,1944.263994140625,1956.7866650390624,1790.167001953125,29.60265709074919,1949.095998535156,-11.50666666666666,7.671999511718695,-0.0612785125315287,1994.5999755859373,1867.5999755859373,1783.0,1846.0,101544500.0
2021-08-24,1857.800048828125,1862.800048828125,1847.199951171875,1854.4000244140625,1633.79931640625,30714000.0,1928.3499938964844,1939.999995117188,1955.202666015625,1791.517001953125,30.15770087562582,1947.095998535156,-11.346665039062373,7.026999511718714,-0.058584638822969,1994.5999755859373,1854.5999755859373,1844.4000244140625,1819.4000244140625,48603500.0
2021-08-25,1874.0,1911.800048828125,1873.0,1896.800048828125,1671.155517578125,30993000.0,1923.6499938964844,1937.4319970703125,1954.197333984375,1793.0790020751954,35.064154021851124,1945.855998535156,-9.594663085937327,6.967999877929742,-0.0370595990407398,1994.5999755859373,1862.800048828125,1854.4000244140625,1857.800048828125,30714000.0
2021-08-26,1910.0,1914.199951171875,1887.0,1901.4000244140625,1675.208251953125,23644500.0,1920.3399963378904,1935.047998046875,1953.2533349609373,1794.6640020751954,36.24772785808123,1944.947998046875,-7.86666178385417,7.092999877929742,-0.034724349029616,1994.5999755859373,1911.800048828125,1896.800048828125,1874.0,30993000.0
2021-08-27,1881.800048828125,1897.4000244140625,1880.199951171875,1892.0,1666.92626953125,18366500.0,1916.5599975585933,1930.487998046875,1952.1840022786453,1796.087001953125,35.05032779740812,1944.087998046875,-6.426661783854343,7.382999877929706,-0.0388132612611629,1994.5999755859373,1914.199951171875,1901.4000244140625,1910.0,23644500.0
2021-08-28,1881.800048828125,1897.4000244140625,1880.199951171875,1892.0,1666.92626953125,18366500.0,1912.7799987792969,1925.727998046875,1951.0106689453123,1797.5530017089843,35.05032779740812,1943.327998046875,-5.775996093749882,7.385999755859302,-0.028747433264887,1994.5999755859373,1897.4000244140625,1892.0,1881.800048828125,18366500.0
2021-08-29,1881.800048828125,1897.4000244140625,1880.199951171875,1892.0,1666.92626953125,18366500.0,1909.0,1921.647998046875,1949.3706689453124,1798.8830017089845,35.05032779740812,1942.567998046875,-5.831997070312582,7.365999755859548,-0.0257466529351184,1994.5999755859373,1897.4000244140625,1892.0,1881.800048828125,18366500.0
2021-08-30,1904.4000244140625,1912.5999755859373,1900.4000244140625,1906.800048828125,1679.9659423828125,23974500.0,1905.5800048828123,1918.287998046875,1947.6613362630208,1800.287001953125,41.34079545725782,1942.1039990234376,-6.535997721354306,7.207999877929524,-0.0160990460123193,1994.5999755859373,1897.4000244140625,1892.0,1881.800048828125,18366500.0
2021-08-31,1901.199951171875,1923.800048828125,1891.199951171875,1918.4000244140625,1690.18603515625,28880000.0,1901.7700073242188,1916.32,1945.960003255208,1801.4660021972657,44.99690082566256,1941.211999511719,-7.293331705729315,6.80200012207024,-0.0232179101761392,1993.0,1912.5999755859373,1906.800048828125,1904.4000244140625,23974500.0
2021-09-01,1940.199951171875,1944.199951171875,1924.199951171875,1930.4000244140625,1700.75830078125,20667000.0,1898.690008544922,1914.832001953125,1945.4773372395832,1802.7050024414064,47.775750711797706,1940.36,-6.7066650390625,6.618000488281268,-0.017107930542738,1993.0,1923.800048828125,1918.4000244140625,1901.199951171875,28880000.0
2021-09-02,1929.0,1933.0,1918.4000244140625,1930.0,1700.4061279296875,16989000.0,1895.5400085449216,1913.3280029296875,1944.9893375651045,1803.9420025634763,64.63313508236975,1939.4839990234373,-6.021331380208267,6.389000854492224,-0.0173116089613034,1993.0,1944.199951171875,1930.4000244140625,1940.199951171875,20667000.0
2021-09-03,1928.0,1960.5999755859373,1927.0,1951.199951171875,1719.0838623046875,34369000.0,1893.4500061035155,1912.672001953125,1944.78400390625,1805.2420025634765,94.7816579978134,1939.1799975585936,-4.586665039062382,6.359000854492024,-0.0016373686053073,1993.0,1933.0,1930.0,1929.0,16989000.0
2021-09-04,1928.0,1960.5999755859373,1927.0,1951.199951171875,1719.0838623046875,34369000.0,1891.3600036621087,1911.712001953125,1945.098670247396,1806.6950024414064,94.7816579978134,1938.7399975585936,-2.5626660156249272,6.408000488281459,-0.0038799762440259,1962.5999755859373,1960.5999755859373,1951.199951171875,1928.0,34369000.0
2021-09-05,1928.0,1960.5999755859373,1927.0,1951.199951171875,1719.0838623046875,34369000.0,1890.7900024414064,1909.9760009765623,1944.5546695963544,1808.204002075196,94.7816579978134,1938.2999975585933,-1.4053336588540333,6.737999877929724,0.0022600689507885,1951.199951171875,1960.5999755859373,1951.199951171875,1928.0,34369000.0
2021-09-06,1974.0,1992.4000244140625,1960.5999755859373,1992.4000244140625,1755.3829345703125,29997000.0,1892.8800048828125,1909.992001953125,1945.0346695963544,1810.073002319336,94.1527189034072,1938.6839990234373,-0.4426676432290151,7.367999877929606,0.0296640953044251,1992.4000244140625,1960.5999755859373,1951.199951171875,1928.0,34369000.0
2021-09-07,2001.0,2022.0,1994.4000244140625,2001.0,1762.959716796875,27051000.0,1895.6800048828125,1910.312001953125,1945.5173356119792,1812.013002319336,94.10346299075071,1939.7439990234373,0.5279980468749272,8.070999755859475,0.0367875647668394,2001.0,1992.4000244140625,1992.4000244140625,1974.0,29997000.0
2021-09-08,1980.0,2006.0,1977.5999755859373,1995.4000244140625,1758.02587890625,28210000.0,1902.500006103516,1910.408002929688,1945.858668619792,1813.925002441406,88.09890146173039,1941.2039990234373,1.0746647135415517,8.68299987792966,0.0338860230124675,2001.0,2022.0,2001.0,2001.0,27051000.0
2021-09-09,1982.199951171875,1993.4000244140625,1974.0,1979.5999755859373,1744.10546875,25646500.0,1912.3300048828123,1909.872001953125,1945.989334309896,1815.758002319336,77.80935165602229,1941.895998535156,0.8906640625000364,9.062999877929542,0.0256994692155114,2001.0,2006.0,1995.4000244140625,1980.0,28210000.0
2021-09-10,1969.5999755859373,1994.5999755859373,1969.0,1991.800048828125,1754.854248046875,32121000.0,1922.7700073242188,1911.0400048828128,1946.2826676432287,1817.6570025634765,84.79774995871395,1942.8319995117188,1.7279980468749727,9.453000488281075,0.0146714461681736,2001.0,1993.4000244140625,1979.5999755859373,1982.199951171875,25646500.0
2021-09-11,1969.5999755859373,1994.5999755859373,1969.0,1991.800048828125,1754.854248046875,32121000.0,1933.210009765625,1912.6880078125,1946.59466796875,1819.5560028076168,84.79774995871395,1943.768000488281,1.5599983723957394,9.483000488281276,0.0095286613421818,2001.0,1994.5999755859373,1991.800048828125,1969.5999755859373,32121000.0
2021-09-12,1969.5999755859373,1994.5999755859373,1969.0,1991.800048828125,1754.854248046875,32121000.0,1940.580010986328,1914.560009765625,1947.178668619792,1821.6240032958983,84.79774995871395,1944.704001464844,1.6613330078125728,9.611000976562536,0.0091194647657886,2001.0,1994.5999755859373,1991.800048828125,1969.5999755859373,32121000.0
2021-09-13,1944.4000244140625,1959.0,1932.199951171875,1959.0,1725.9561767578125,43968500.0,1945.810009765625,1918.560009765625,1947.4053352864585,1823.4010034179687,66.1709739144903,1944.984001464844,1.5466666666666242,9.476000976562544,-0.0037632345007051,2001.0,1994.5999755859373,1991.800048828125,1969.5999755859373,32121000.0
2021-09-14,1970.0,1989.199951171875,1966.0,1989.199951171875,1752.5634765625,30225000.0,1950.4300048828125,1926.8080078125,1948.0880013020835,1825.4740032958985,69.66663298432546,1945.451999511719,2.098666992187418,9.716000976562556,0.0081086561909236,2001.0,1959.0,1959.0,1944.4000244140625,43968500.0
2021-09-15,1976.0,1981.5999755859373,1971.800048828125,1975.199951171875,1740.2288818359375,21345500.0,1954.1200012207032,1934.496005859375,1948.237333984375,1827.477003173828,62.30766393126504,1945.4719995117184,1.954666341145867,9.8200006103516,0.0010135820238654,2001.0,1989.199951171875,1989.199951171875,1970.0,30225000.0
2021-09-16,1981.4000244140625,1999.0,1979.199951171875,1988.0,1751.5062255859375,26673500.0,1958.9200012207032,1942.696005859375,1948.557333984375,1829.5440032958984,64.91768423247089,1946.0159985351563,1.9626660156250184,9.98800048828116,0.0075005317222591,2001.0,1981.5999755859373,1975.199951171875,1976.0,21345500.0
2021-09-17,1992.800048828125,2004.0,1986.4000244140625,2004.0,1765.6029052734375,38861500.0,1964.520001220703,1949.0800048828123,1949.0906673177085,1831.6390032958984,63.9534868716482,1946.6719995117187,1.911998697916488,10.014999999999873,0.0287474332648871,2004.0,1999.0,1988.0,1981.4000244140625,26673500.0
2021-09-18,1992.800048828125,2004.0,1986.4000244140625,2004.0,1765.6029052734375,38861500.0,1970.1200012207032,1955.06400390625,1949.7520003255208,1833.7360034179687,63.9534868716482,1947.5319995117188,2.3466650390626,10.335000000000036,0.0424469280844961,2004.0,2004.0,2004.0,1992.800048828125,38861500.0
2021-09-19,1992.800048828125,2004.0,1986.4000244140625,2004.0,1765.6029052734375,38861500.0,1974.979998779297,1959.352001953125,1950.3546663411453,1835.7850036621087,63.9534868716482,1948.3919995117187,2.266665039062445,10.31100036621092,0.0303341902313625,2004.0,2004.0,2004.0,1992.800048828125,38861500.0
2021-09-20,1992.800048828125,2004.0,1986.4000244140625,2004.0,1765.6029052734375,38861500.0,1979.2599975585936,1963.4560009765623,1951.117332356771,1837.883003540039,53.91890743861229,1949.2519995117189,2.879998372395903,10.406000366210948,0.0303341902313625,2004.0,2004.0,2004.0,1992.800048828125,38861500.0
2021-09-21,1972.0,1992.0,1966.5999755859373,1985.800048828125,1749.5679931640625,29438500.0,1982.0299987792969,1967.208002929688,1951.7946663411456,1839.843003540039,45.177683453906106,1948.8480004882813,3.237332356770821,10.299000244140643,0.0209768888576478,2004.0,2004.0,2004.0,1992.800048828125,38861500.0
2021-09-22,1978.0,1978.0,1961.199951171875,1964.0,1730.3614501953125,23934000.0,1983.729998779297,1970.0880029296875,1952.2479996744792,1841.6940032958985,40.96663016735137,1947.9080004882808,3.157332356770894,10.055000000000064,0.0097686375321337,2004.0,1992.0,1985.800048828125,1972.0,29438500.0
2021-09-23,1978.0,1978.0,1961.199951171875,1964.0,1730.3614501953125,23934000.0,1984.3700012207032,1972.968002929688,1952.7013330078123,1843.5450030517577,45.063302679286856,1947.308000488281,2.949332682291697,9.808999633788972,0.0097686375321337,2004.0,1978.0,1964.0,1978.0,23934000.0
2021-09-24,1997.0,2020.0,1994.5999755859373,2020.0,1779.6995849609375,34908000.0,1987.8100036621088,1977.4960009765623,1953.9013330078128,1845.6840032958985,56.98710216762464,1947.8919995117187,3.546666666666852,9.898999633789115,0.0275714466505305,2020.0,1978.0,1964.0,1978.0,23934000.0
2021-09-25,1997.0,2020.0,1994.5999755859373,2020.0,1779.6995849609375,34908000.0,1991.250006103516,1981.56,1954.6613330078128,1847.5950030517577,56.98710216762464,1948.94,3.5440006510416424,9.711999511718886,0.0231992958975297,2020.0,2020.0,2020.0,1997.0,34908000.0
2021-09-26,1997.0,2020.0,1994.5999755859373,2020.0,1779.6995849609375,34908000.0,1992.6300048828125,1985.1439990234376,1955.2879996744791,1849.567003173828,56.98710216762464,1949.9880004882807,3.4933333333333394,9.723999633789164,0.0301917328119487,2020.0,2020.0,2020.0,1997.0,34908000.0
2021-09-27,2031.0,2070.0,2030.0,2066.0,1820.227294921875,26810000.0,1995.8800048828125,1990.5839990234367,1956.5173323567708,1851.806003417969,74.88372093023256,1951.9560009765623,4.269332682291633,10.112000122070183,0.0480925584295832,2066.0,2020.0,2020.0,1997.0,34908000.0
2021-09-28,2084.0,2092.0,2050.0,2077.0,1829.91845703125,189085000.0,1999.960003662109,1995.6160009765624,1957.9919986979169,1854.046003417969,72.42084446699926,1954.144001464844,5.290665690104106,10.501000366210974,0.0591534931157573,2077.0,2070.0,2066.0,2031.0,26810000.0
2021-09-29,2052.0,2080.5,2040.5,2073.0,1847.7454833984373,34887300.0,2004.6300048828125,2000.488002929688,1959.322666015625,1856.2660034179687,76.31862839783085,1956.1000024414063,5.421333007812336,10.582000122070212,0.057113717491076,2077.0,2092.0,2077.0,2084.0,189085000.0
2021-09-30,2088.0,2088.0,2000.0,2000.0,1782.6778564453125,33149100.0,2005.0400024414064,2002.4400048828124,1959.68,1858.1210034179687,52.43902439024389,1956.208002929688,5.018666992187491,10.526000366210836,0.0198878123406425,2077.0,2080.5,2073.0,2052.0,34887300.0
2021-10-01,1980.0,2004.0,1965.5,1967.0,1753.2635498046875,27672500.0,2003.8,2001.42400390625,1959.597333984375,1859.6160034179688,42.96577946768061,1955.708002929688,4.309334309895803,10.049000244140643,-0.0194416749750747,2077.0,2088.0,2000.0,2088.0,33149100.0
2021-10-02,1980.0,2004.0,1965.5,1967.0,1753.2635498046875,27672500.0,2002.5599975585933,2000.06400390625,1959.8506673177085,1861.182003173828,42.96577946768061,1955.188002929688,3.333334960937464,9.37599975585954,-0.0218796618597713,2077.0,2004.0,1967.0,1980.0,27672500.0
2021-10-03,1980.0,2004.0,1965.5,1967.0,1753.2635498046875,27672500.0,2002.9599975585936,1998.928002929688,1960.4453336588545,1862.7090032958984,42.96577946768061,1954.668002929688,2.453334960937582,8.662999877929678,-0.0135406218655967,2077.0,2004.0,1967.0,1980.0,27672500.0
2021-10-04,1988.5,1989.5,1925.5,1932.0,1722.0667724609375,22442600.0,2000.1,1997.02400390625,1960.2720003255208,1863.7190032958983,37.91946308724832,1953.448002929688,0.9493343098959032,7.452999877929642,-0.0295358887813657,2077.0,2004.0,1967.0,1980.0,27672500.0
2021-10-05,1900.0,1929.0,1860.0,1902.0,1695.326416015625,29108900.0,1996.4400024414065,1993.432001953125,1959.698666992188,1864.585003051758,36.47513950609209,1952.2360034179687,0.0186669921874909,6.463999633789172,-0.0333400977840538,2077.0,1989.5,1932.0,1988.5,22442600.0
2021-10-06,1890.0,1897.5,1818.0,1840.0,1640.0635986328125,35192500.0,1989.0400024414064,1987.36,1958.298666992188,1865.1410028076173,32.28571428571428,1950.02400390625,-1.2986669921874636,5.524999389648428,-0.0648505677826809,2077.0,1929.0,1902.0,1900.0,29108900.0
2021-10-07,1852.0,1876.0,1840.5,1869.0,1665.9124755859375,18340800.0,1982.2900024414064,1982.447998046875,1957.285333658854,1865.8420025634769,37.46701846965699,1948.50400390625,-2.565333658854115,4.659999389648419,-0.0501117995575167,2077.0,1897.5,1840.0,1890.0,35192500.0
2021-10-08,1920.0,1948.5,1915.5,1923.0,1714.044677734375,22700900.0,1978.2400024414064,1981.007998046875,1956.9920003255208,1867.0950024414065,37.135278514588855,1949.78400390625,-3.453333333333376,4.385999145507867,-0.0226671966554866,2077.0,1876.0,1869.0,1852.0,18340800.0
2021-10-09,1920.0,1948.5,1915.5,1923.0,1714.044677734375,22700900.0,1974.1900024414065,1978.36,1956.4213330078128,1868.4060021972657,37.135278514588855,1952.58400390625,-3.8506673177082575,4.68699890136736,-0.0264276794564038,2077.0,1948.5,1923.0,1920.0,22700900.0
2021-10-10,1920.0,1948.5,1915.5,1923.0,1714.044677734375,22700900.0,1970.1400024414063,1976.272001953125,1955.7386669921875,1869.9010021972656,37.135278514588855,1955.38400390625,-3.960000000000037,5.315999145507703,-0.0358969098878605,2077.0,1948.5,1923.0,1920.0,22700900.0
2021-10-11,1930.0,1988.0,1929.0,1987.0,1771.09033203125,18449100.0,1970.2,1976.232001953125,1956.087999674479,1871.6790020751955,40.0,1959.46400390625,-2.210667317708385,6.537999267578016,-0.0025100401606426,2077.0,1948.5,1923.0,1920.0,22700900.0
2021-10-12,1994.0,2013.5,1983.5,2002.5,1784.9061279296875,18513900.0,1972.125,1976.172001953125,1956.5053336588544,1873.3325018310547,40.67584480600751,1962.6260034179688,-0.7799999999999727,7.490499267578116,0.0047666833918715,2077.0,1988.0,1987.0,1930.0,18449100.0
2021-10-13,2018.0,2019.0,1976.0,1976.0,1761.28564453125,19436600.0,1972.725,1975.052001953125,1956.7053336588544,1874.853501586914,38.50710900473934,1965.0580029296875,-0.2866666666666333,7.758499145507812,-0.0085298544907175,2077.0,2013.5,2002.5,1994.0,18513900.0
2021-10-14,1965.0,1986.0,1940.5,1985.5,1769.7532958984375,13517700.0,1971.0,1974.312001953125,1957.0320003255208,1876.4220013427728,47.97768479776848,1966.832001953125,0.6106673177082484,8.015999145507749,-0.0037631710988459,2077.0,2019.0,1976.0,2018.0,19436600.0
2021-10-15,1999.0,1999.5,1974.5,1993.5,1776.884033203125,18602800.0,1969.675,1973.892001953125,1957.4653336588544,1877.9245013427733,53.973013493253376,1968.674001464844,1.726666666666688,8.023499145507913,0.0157444333019709,2077.0,1986.0,1985.5,1965.0,13517700.0
2021-10-16,1999.0,1999.5,1974.5,1993.5,1776.884033203125,18602800.0,1968.35,1974.2,1957.298666992188,1879.530001220703,53.973013493253376,1970.704001464844,1.2106673177083849,7.850999145507785,0.0219932456428828,2077.0,1999.5,1993.5,1999.0,18602800.0
2021-10-17,1999.0,1999.5,1974.5,1993.5,1776.884033203125,18602800.0,1964.725,1975.38,1957.065333658854,1880.881501464844,53.973013493253376,1972.734001464844,0.5599999999999454,7.548999633788981,0.024935732647815,2077.0,1999.5,1993.5,1999.0,18602800.0
2021-10-18,2026.0,2062.0,2025.0,2040.0,1818.3314208984373,24313600.0,1962.875,1978.42,1957.678666992188,1882.658501586914,65.65217391304347,1975.694001464844,0.9733333333333576,7.805000000000064,0.0973641742872513,2073.0,1999.5,1993.5,1999.0,18602800.0
2021-10-19,2037.5,2038.0,2010.0,2030.0,1809.4178466796875,14539000.0,1960.725,1978.82,1958.2013330078123,1884.346501464844,69.6923076923077,1978.1580004882808,1.1693326822917245,7.924500122070185,0.1385305664610208,2040.0,2062.0,2040.0,2026.0,24313600.0
2021-10-20,2045.5,2053.0,2026.0,2031.5,1810.755126953125,15372800.0,1962.3,1979.28,1959.0533333333333,1886.042001342773,86.20037807183365,1980.42,1.5879996744790787,8.117499999999836,0.1393718452047112,2040.0,2038.0,2030.0,2037.5,14539000.0
2021-10-21,2025.0,2031.5,1983.5,1983.5,1767.970703125,17327500.0,1963.125,1977.82,1959.2653336588544,1887.497501220703,70.19400352733686,1981.4819995117184,1.966666666666697,7.967499999999973,0.1124509254066181,2040.0,2053.0,2031.5,2045.5,15372800.0
2021-10-22,1973.0,1999.5,1964.5,1983.5,1767.970703125,15610500.0,1963.95,1974.52,1959.477333984375,1888.954001464844,63.18082788671025,1982.5519995117188,2.4120003255209213,8.072499999999991,0.0754174657041264,2040.0,2031.5,1983.5,2025.0,17327500.0
2021-10-23,1973.0,1999.5,1964.5,1983.5,1767.970703125,15610500.0,1964.775,1970.78,1959.689334309896,1890.5055017089844,63.18082788671025,1983.1980004882807,2.0106673177083394,7.847000122070312,0.0696181912674043,2040.0,1999.5,1983.5,1973.0,15610500.0
2021-10-24,1973.0,1999.5,1964.5,1983.5,1767.970703125,15610500.0,1967.35,1967.2,1959.800001627604,1891.936001586914,63.18082788671025,1983.844001464844,1.5986686197916242,7.589500122070376,0.0457085348692603,2040.0,1999.5,1983.5,1973.0,15610500.0
2021-10-25,1939.0,1967.5,1928.0,1946.5,1734.9910888671875,16310200.0,1969.575,1965.06,1959.158668619792,1893.2505017089843,39.99999999999999,1983.7500024414064,0.1053352864582848,7.208500366210956,0.0237193515340548,2040.0,1999.5,1983.5,1973.0,15610500.0
2021-10-26,1974.0,1992.5,1965.0,1980.0,1764.8509521484375,15149500.0,1976.575,1965.58,1958.998668619792,1894.7325018310544,44.89795918367347,1983.502001953125,-0.2666650390624454,7.235000610351562,0.0465116279069768,2040.0,1967.5,1946.5,1939.0,16310200.0
2021-10-27,1998.5,2004.0,1984.0,2004.0,1786.2431640625,14028900.0,1983.325,1967.06,1959.1453352864585,1896.334501953125,56.42201834862385,1983.562001953125,-0.3319986979167879,7.380500488281314,0.0591966173361522,2040.0,1992.5,1980.0,1974.0,15149500.0
2021-10-28,1987.5,2013.0,1974.0,2000.0,1782.6778564453125,17683000.0,1987.175,1968.38,1959.238668619792,1897.9165020751952,53.41176470588236,1983.654001464844,-0.4506656901041879,7.411000366210828,0.0570824524312896,2040.0,2004.0,2004.0,1998.5,14028900.0
2021-10-29,1993.5,2008.0,1978.0,2006.5,1788.4715576171875,18052200.0,1991.35,1971.36,1959.418668619792,1899.5140020751955,53.08056872037915,1984.192001953125,-0.3813330078126,7.578000488281305,0.052286526441589,2040.0,2013.0,2000.0,1987.5,17683000.0
2021-10-30,1993.5,2008.0,1978.0,2006.5,1788.4715576171875,18052200.0,1995.525,1975.54,1960.0040022786457,1901.039501953125,53.08056872037915,1984.4860009765623,0.8453336588543152,7.789000244140652,0.0459236730946381,2040.0,2008.0,2006.5,1993.5,18052200.0
2021-10-31,1993.5,2008.0,1978.0,2006.5,1788.4715576171875,18052200.0,1996.5,1982.2,1960.7493359375,1902.587001953125,53.08056872037915,1984.78,1.7506673177083485,7.854500122070476,0.0394218683296154,2040.0,2008.0,2006.5,1993.5,18052200.0
2021-11-01,2028.0,2050.0,2022.0,2050.0,1827.24462890625,24547300.0,1998.875,1989.44,1962.1493359375,1904.2730017089843,52.40384615384616,1985.9439990234373,3.004000651041679,7.938499755859311,0.0621761658031088,2050.0,2008.0,2006.5,1993.5,18052200.0
2021-11-02,2047.5,2059.0,2030.5,2048.0,1825.462158203125,17669100.0,2002.475,1994.44,1964.6693359375,1905.9830017089844,54.50000000000001,1987.7239990234373,5.430667317708185,8.066499633789135,0.049610522371112,2050.0,2050.0,2050.0,2028.0,24547300.0
2021-11-03,2047.5,2059.0,2030.5,2048.0,1825.462158203125,17669100.0,2005.6,1999.44,1968.2026692708328,1907.6930017089844,54.156171284634766,1988.9,8.784000651041879,8.17899963378909,0.049610522371112,2050.0,2059.0,2048.0,2047.5,17669100.0
2021-11-04,2070.0,2100.0,2027.5,2063.0,1838.8321533203125,38783500.0,2009.075,2005.04,1971.9360026041663,1909.4780017089845,74.01812688821752,1990.6560009765624,11.932000325520676,8.438499755859311,0.0572980994392597,2063.0,2059.0,2048.0,2047.5,17669100.0
2021-11-05,2090.0,2091.0,2018.5,2035.0,1813.874755859375,20210400.0,2011.15,2006.96,1975.2960026041667,1911.131001586914,63.30749354005168,1991.5960009765624,14.546666666666624,8.543999633788872,0.0213812362296399,2063.0,2100.0,2063.0,2070.0,38783500.0
2021-11-06,2090.0,2091.0,2018.5,2035.0,1813.874755859375,20210400.0,2013.225,2008.26,1977.8373356119791,1912.8880017089843,63.30749354005168,1992.2160009765623,15.687999674479215,8.615000000000009,0.0169915042478761,2063.0,2091.0,2035.0,2090.0,20210400.0
2021-11-07,2090.0,2091.0,2018.5,2035.0,1813.874755859375,20210400.0,2012.975,2010.62,1980.2453352864584,1914.851001586914,63.30749354005168,1992.8360009765624,15.575999348958476,8.867999877929606,0.0198456325054749,2063.0,2091.0,2035.0,2090.0,20210400.0
2021-11-08,2041.5,2056.0,2028.0,2028.0,1807.6353759765625,14062700.0,2012.875,2012.32,1981.99466796875,1916.6230017089845,74.92354740061162,1993.3160009765625,13.791998697916595,8.930000000000064,0.0244493963482379,2063.0,2091.0,2035.0,2090.0,20210400.0
2021-11-09,2044.5,2048.5,1995.0,1995.0,1778.2210693359375,16797300.0,2011.05,2012.38,1983.2426676432287,1918.321001586914,54.60122699386503,1993.1360009765624,11.306665039062636,8.842999877929742,0.0016065624527712,2063.0,2056.0,2028.0,2041.5,14062700.0
2021-11-10,2002.5,2015.0,1998.5,2005.5,1787.580078125,12819100.0,2012.15,2012.86,1984.7560009765623,1920.071501464844,50.50167224080268,1993.53,9.45999837239583,8.940499877929824,0.0068781759393645,2063.0,2048.5,1995.0,2044.5,16797300.0
2021-11-11,2018.0,2040.0,2008.0,2030.0,1809.4178466796875,15549700.0,2014.475,2014.32,1986.5960009765624,1921.9445013427733,58.82352941176471,1994.85,8.758665364583294,9.056499633789144,0.0191786074080828,2063.0,2015.0,2005.5,2002.5,12819100.0
2021-11-12,2045.0,2085.0,2041.0,2078.5,1852.6478271484373,26162900.0,2019.225,2015.86,1989.082667643229,1924.072001342773,66.98113207547169,1997.14,8.83733235677073,9.220999755859566,0.0610005104645228,2078.5,2040.0,2030.0,2018.0,15549700.0
2021-11-13,2045.0,2085.0,2041.0,2078.5,1852.6478271484373,26162900.0,2023.975,2017.8,1991.3720003255207,1926.2925012207031,66.98113207547169,1998.31,9.377332356770694,9.66949951171864,0.0448924447115115,2078.5,2085.0,2078.5,2045.0,26162900.0
2021-11-14,2045.0,2085.0,2041.0,2078.5,1852.6478271484373,26162900.0,2030.575,2019.68,1993.506666666667,1928.3860009765624,66.98113207547169,1999.48,10.263999023437464,10.064999389648392,0.0522985274310268,2078.5,2085.0,2078.5,2045.0,26162900.0
2021-11-15,2094.0,2117.5,2088.5,2102.0,1873.594482421875,21902800.0,2036.675,2024.42,1995.7946663411456,1930.597000732422,63.54166666666666,2001.12,11.038665364583268,10.525499267578198,0.0573440643863178,2102.0,2085.0,2078.5,2045.0,26162900.0
2021-11-16,2112.0,2155.0,2112.0,2141.5,1908.802001953125,23534300.0,2043.55,2030.74,1998.6146663411453,1933.177500610352,70.37037037037038,2002.63,12.018665364583285,11.23299926757818,0.0686127744510978,2141.5,2117.5,2102.0,2094.0,21902800.0
2021-11-17,2185.0,2188.0,2128.0,2128.0,1896.769287109375,26692900.0,2049.95,2036.52,2000.9720003255209,1935.6905004882813,66.46090534979425,2003.65,11.889332682291752,11.618499145507712,0.0618762475049901,2141.5,2155.0,2141.5,2112.0,23534300.0
2021-11-18,2128.0,2146.5,2105.0,2124.5,1893.6494140625,18309000.0,2055.85,2042.16,2003.2826676432287,1938.186000366211,63.2829373650108,2004.68,11.91066731770843,11.893499145507803,0.060129740518962,2141.5,2188.0,2128.0,2185.0,26692900.0
2021-11-19,2110.0,2142.5,2102.0,2132.5,1900.7802734375,20093600.0,2062.15,2049.6,2005.7000016276045,1940.7215002441403,73.04964539007092,2007.33,12.193334960937593,12.335499267578143,0.064121756487026,2141.5,2146.5,2124.5,2128.0,18309000.0
2021-11-20,2110.0,2142.5,2102.0,2132.5,1900.7802734375,20093600.0,2068.45,2055.7,2007.5680013020835,1943.2570001220704,73.04964539007092,2010.64,11.773334960937518,12.65999938964842,0.0738744826088844,2141.5,2142.5,2132.5,2110.0,20093600.0
2021-11-21,2110.0,2142.5,2102.0,2132.5,1900.7802734375,20093600.0,2072.575,2060.84,2009.3213346354169,1945.7925,73.04964539007092,2013.95,10.706668294270912,12.614999389648348,0.0857942973523422,2141.5,2142.5,2132.5,2110.0,20093600.0
2021-11-22,2133.0,2133.5,2101.0,2105.0,1876.2684326171875,18371200.0,2075.425,2065.04,2010.7826676432287,1947.9545001220704,66.59482758620689,2016.71,9.810667317708294,12.263999633789126,0.0717922606924643,2141.5,2142.5,2132.5,2110.0,20093600.0
2021-11-23,2133.0,2133.5,2101.0,2105.0,1876.2684326171875,18371200.0,2078.275,2068.98,2012.45466796875,1950.1154998779296,77.63819095477388,2020.17,9.172000325520912,11.92949951171886,0.0420792079207921,2141.5,2133.5,2105.0,2133.0,18371200.0
2021-11-24,2130.0,2159.0,2119.0,2124.5,1893.6494140625,21946800.0,2081.35,2073.7,2014.2240006510417,1952.373999633789,78.60576923076923,2024.62,8.523999023437455,11.652499389648485,0.0517326732673266,2141.5,2133.5,2105.0,2133.0,18371200.0
2021-11-25,2134.0,2147.0,2112.0,2112.0,1882.5076904296875,14283000.0,2085.2,2077.92,2015.8266666666664,1954.5699993896485,70.91836734693878,2030.06,8.258665364583294,11.312999267578109,0.0455445544554455,2141.5,2159.0,2124.5,2130.0,21946800.0
2021-11-26,2100.0,2109.5,2065.0,2074.5,1849.08251953125,22432100.0,2087.175,2078.9,2016.929332682292,1956.436499633789,48.91891891891892,2034.17,7.607998046875082,10.643999633789008,0.0041142303969021,2141.5,2147.0,2112.0,2134.0,14283000.0
2021-11-27,2100.0,2109.5,2065.0,2074.5,1849.08251953125,22432100.0,2089.15,2079.96,2018.469332682292,1958.4679998779293,48.91891891891892,2037.2,7.686665039062518,10.513499755859357,-0.0012036591237362,2141.5,2109.5,2074.5,2100.0,22432100.0
2021-11-28,2100.0,2109.5,2065.0,2074.5,1849.08251953125,22432100.0,2091.475,2081.02,2019.6066666666663,1960.3175,48.91891891891892,2040.23,7.151998697916497,10.20200012207033,0.0007235890014472,2141.5,2109.5,2074.5,2100.0,22432100.0
2021-11-29,2031.0,2041.0,2005.0,2012.0,1793.3739013671875,27978900.0,2092.325,2078.98,2020.097333984375,1961.9854998779297,29.91071428571429,2042.01,5.873333333333221,9.611500244140643,0.006,2141.5,2109.5,2074.5,2100.0,22432100.0
2021-11-30,2051.5,2061.5,1999.0,2001.0,1783.569091796875,42639000.0,2092.1,2077.62,2020.2706673177083,1963.5125,14.06649616368287,2042.29,4.444000651041733,8.942500610351544,0.0172852058973056,2141.5,2041.0,2012.0,2031.0,27978900.0
2021-12-01,2007.5,2074.0,2007.0,2045.5,1823.233642578125,25290500.0,2092.875,2078.04,2020.8240006510416,1965.2620001220705,31.78807947019868,2043.15,3.8946679687499,8.82550048828125,0.0399084900864259,2141.5,2061.5,2001.0,2051.5,42639000.0
2021-12-02,2030.0,2051.0,2005.0,2045.5,1823.233642578125,24357000.0,2091.225,2078.46,2021.377333984375,1967.0115002441407,32.28699551569507,2044.54,2.908001302083221,8.543500366210992,0.0399084900864259,2141.5,2074.0,2045.5,2007.5,25290500.0
2021-12-03,2052.5,2082.0,2040.5,2079.0,1853.093505859375,19023700.0,2091.25,2080.5,2022.377333984375,1968.758500366211,39.23541247484909,2046.41,2.7706673177083303,8.441000366210801,0.076086956521739,2141.5,2051.0,2045.5,2030.0,24357000.0
2021-12-04,2052.5,2082.0,2040.5,2079.0,1853.093505859375,19023700.0,2091.275,2083.86,2023.377333984375,1970.3345001220705,39.23541247484909,2048.12,3.2799999999999727,8.349000244140598,0.0930599369085174,2141.5,2082.0,2079.0,2052.5,19023700.0
2021-12-05,2052.5,2082.0,2040.5,2079.0,1853.093505859375,19023700.0,2090.125,2086.8,2024.62,1972.0304998779293,39.23541247484909,2049.83,4.349332682291561,8.517999877929697,0.129891304347826,2141.5,2082.0,2079.0,2052.5,19023700.0
2021-12-06,2116.5,2117.5,2060.5,2066.0,1841.50634765625,19515300.0,2086.35,2088.24,2025.98,1973.6954998779297,41.66666666666667,2051.28,5.155999348958403,8.43349975585943,0.1054039593365436,2132.5,2082.0,2079.0,2052.5,19023700.0
2021-12-07,2065.0,2114.5,2053.0,2105.0,1876.2684326171875,28638400.0,2085.2,2089.3,2027.86,1975.4775,50.0,2052.58,6.482666015625,8.46599975585923,0.0946437857514299,2132.5,2117.5,2066.0,2116.5,19515300.0
2021-12-08,2087.0,2098.0,2068.0,2068.0,1843.2886962890625,24065300.0,2082.375,2088.88,2028.5,1977.0745001220705,40.27538726333907,2053.34,6.1226660156251,8.315999755859366,0.0754030161206449,2132.5,2114.5,2105.0,2065.0,28638400.0
2021-12-09,2080.5,2092.0,2050.5,2056.5,1833.038330078125,19139300.0,2078.575,2088.0,2028.986666666667,1978.6140002441407,40.41450777202073,2053.84,5.609332682291779,8.27950012207043,0.0694227769110764,2132.5,2098.0,2068.0,2087.0,24065300.0
2021-12-10,2056.5,2069.5,2042.5,2052.0,1829.02734375,18235100.0,2074.55,2086.0,2029.4133333333327,1980.0390002441409,45.6140350877193,2055.21,4.793333333333521,8.00850036621091,0.0327126321087065,2132.5,2092.0,2056.5,2080.5,19139300.0
2021-12-11,2056.5,2069.5,2042.5,2052.0,1829.02734375,18235100.0,2070.525,2082.42,2029.2266666666667,1981.4220001220704,45.6140350877193,2056.58,3.2466666666666697,7.726500244140652,0.0247191011235954,2124.5,2069.5,2052.0,2056.5,18235100.0
2021-12-12,2056.5,2069.5,2042.5,2052.0,1829.02734375,18235100.0,2067.875,2079.38,2028.8933333333327,1982.7760003662108,45.6140350877193,2057.95,1.0333333333335304,7.298500366210874,0.0384615384615385,2124.5,2069.5,2052.0,2056.5,18235100.0
2021-12-13,2032.0,2035.0,2002.0,2002.0,1784.4605712890625,28905200.0,2062.725,2074.48,2027.9466666666667,1983.806000366211,47.95081967213115,2058.32,-0.5533333333332848,6.731500244140761,0.0083102493074791,2124.5,2069.5,2052.0,2056.5,18235100.0
2021-12-14,2021.0,2055.0,2019.0,2045.0,1822.7879638671875,22353800.0,2058.75,2070.98,2028.5466666666664,1984.896000366211,57.971014492753625,2060.29,-0.4400000000000545,6.282000122070258,0.0258339603712063,2112.0,2035.0,2002.0,2032.0,28905200.0
2021-12-15,2083.0,2132.0,2080.5,2118.5,1888.301513671875,35698900.0,2059.075,2070.42,2030.5666666666664,1986.353500366211,61.9672131147541,2063.06,1.153333333333194,6.314500122070285,0.0627037873087534,2118.5,2055.0,2045.0,2021.0,22353800.0
2021-12-16,2147.0,2162.5,2132.5,2139.5,1907.01953125,30403400.0,2062.325,2070.7,2032.8666666666663,1987.916000366211,64.41717791411043,2065.77,3.6399999999998727,6.49400024414058,0.0732380235766241,2139.5,2132.0,2118.5,2083.0,35698900.0
2021-12-17,2136.0,2165.0,2100.0,2102.5,1874.0400390625,38176700.0,2063.725,2070.6,2034.6733333333327,1989.313500366211,53.56600910470411,2067.82,5.779999999999973,6.537500000000136,0.0306372549019606,2139.5,2162.5,2139.5,2147.0,30403400.0
2021-12-18,2136.0,2165.0,2100.0,2102.5,1874.0400390625,38176700.0,2065.125,2070.5,2036.9466666666667,1990.403000488281,53.56600910470411,2069.74,9.0,6.5970001220703125,0.0357142857142858,2139.5,2165.0,2102.5,2136.0,38176700.0
2021-12-19,2136.0,2165.0,2100.0,2102.5,1874.0400390625,38176700.0,2069.65,2069.62,2039.62,1991.287500610352,53.56600910470411,2071.66,11.073333333333268,6.391500244140616,0.0349495446714249,2139.5,2165.0,2102.5,2136.0,38176700.0
2021-12-20,2072.5,2095.5,2051.0,2051.0,1828.135986328125,18811300.0,2072.15,2067.18,2042.4333333333327,1991.7525006103515,47.96195652173913,2072.55,11.866666666666788,5.399000244140552,0.0340307537181749,2139.5,2165.0,2102.5,2136.0,38176700.0
2021-12-21,2092.0,2092.5,2067.0,2070.5,1845.517333984375,23334300.0,2073.4,2067.02,2045.12,1992.156000366211,45.05021520803443,2072.96,12.25333333333333,4.240000000000009,0.0438618603478699,2139.5,2095.5,2051.0,2072.5,18811300.0
2021-12-22,2072.5,2077.5,2035.5,2056.5,1833.038330078125,19962800.0,2073.95,2066.3,2046.9,1992.4895001220705,48.233486943164365,2073.13,12.226666666666688,3.175999755859266,0.0368036299470633,2139.5,2092.5,2070.5,2092.0,23334300.0
2021-12-23,2055.0,2096.5,2055.0,2096.5,1868.692138671875,19290700.0,2074.825,2067.18,2049.213333333333,1993.0229998779296,55.64971751412429,2074.1,12.266666666666424,2.6199993896482283,0.0569700025207966,2139.5,2077.5,2056.5,2072.5,19962800.0
2021-12-24,2101.0,2112.0,2088.0,2096.5,1868.692138671875,10236700.0,2075.7,2070.56,2051.526666666666,1993.58849975586,56.366237482117306,2074.77,11.906666666666752,2.3009991455078307,0.0770613922424865,2139.5,2096.5,2096.5,2055.0,19290700.0
2021-12-25,2101.0,2112.0,2088.0,2096.5,1868.692138671875,10236700.0,2076.575,2074.38,2052.9866666666667,1994.215,56.366237482117306,2076.0,10.553333333333285,2.4624993896484284,0.0588383838383839,2139.5,2112.0,2096.5,2101.0,10236700.0
2021-12-26,2101.0,2112.0,2088.0,2096.5,1868.692138671875,10236700.0,2078.1,2076.42,2054.24,1994.7915002441407,56.366237482117306,2077.23,9.11999999999989,2.6354998779297603,0.0461576846307385,2139.5,2112.0,2096.5,2101.0,10236700.0
2021-12-27,2096.0,2116.0,2093.0,2108.0,1878.9423828125,11932500.0,2078.25,2078.92,2056.0,1995.465500488281,67.04180064308682,2078.69,9.099999999999907,2.9760003662111103,0.054,2139.5,2112.0,2096.5,2101.0,10236700.0
2021-12-28,2130.0,2137.5,2115.5,2133.0,1901.2259521484373,17152500.0,2081.5,2081.08,2057.9666666666667,1996.2695007324216,65.01706484641639,2080.79,8.753333333333558,3.2465008544922966,0.0630451034139047,2139.5,2116.0,2108.0,2096.0,11932500.0
2021-12-29,2122.0,2129.0,2106.5,2110.5,1881.170654296875,14440600.0,2084.2,2082.34,2059.526666666666,1996.9610009765624,48.34710743801653,2083.1,8.0,3.372501220703043,0.05183154747072,2139.5,2137.5,2133.0,2130.0,17152500.0
2021-12-30,2104.0,2116.0,2091.0,2105.5,1876.714111328125,14009600.0,2086.875,2083.4,2061.02,1997.6275012207032,42.47787610619469,2085.1,8.033333333333303,3.412501220703234,0.0493396461500124,2139.5,2129.0,2110.5,2122.0,14440600.0
2021-12-31,2104.0,2116.0,2091.0,2105.5,1876.714111328125,14009600.0,2089.55,2084.98,2062.5133333333333,1998.2550012207032,50.79365079365079,2086.61,8.27333333333354,3.4635009765625,0.0270731707317073,2139.5,2116.0,2105.5,2104.0,14009600.0
2022-01-01,2104.0,2116.0,2091.0,2105.5,1876.714111328125,14009600.0,2092.225,2085.0,2063.3866666666668,1998.707501220703,50.79365079365079,2087.15,7.38666666666677,3.242000732421729,0.028076171875,2139.5,2116.0,2105.5,2104.0,14009600.0
2022-01-02,2104.0,2116.0,2091.0,2105.5,1876.714111328125,14009600.0,2097.4,2086.5,2064.393333333333,1999.060001220703,50.79365079365079,2087.69,6.426666666666733,2.790500488281168,0.028076171875,2139.5,2116.0,2105.5,2104.0,14009600.0
2022-01-03,2104.0,2116.0,2091.0,2105.5,1876.714111328125,14009600.0,2100.425,2088.46,2065.38,1999.3575012207032,69.81818181818181,2088.23,5.853333333333467,2.396500244140725,0.0206010664081435,2139.5,2116.0,2105.5,2104.0,14009600.0
2022-01-04,2158.0,2237.5,2154.5,2234.5,1991.69677734375,43072600.0,2106.225,2095.76,2068.7266666666665,2000.697001342773,83.19838056680162,2090.88,7.706666666666479,3.0695001220703944,0.098034398034398,2234.5,2116.0,2105.5,2104.0,14009600.0
2022-01-05,2330.0,2341.0,2259.0,2292.0,2042.948974609375,53536300.0,2113.85,2105.36,2072.84,2002.324001464844,90.53356282271945,2093.89,10.326666666666824,4.069000244140625,0.1262899262899262,2292.0,2237.5,2234.5,2158.0,43072600.0
2022-01-06,2284.5,2327.0,2277.0,2284.5,2036.263671875,37579600.0,2122.95,2114.66,2076.853333333333,2003.913501586914,86.43410852713178,2097.02,13.466666666666695,5.206000366210901,0.1226044226044225,2292.0,2341.0,2292.0,2330.0,53536300.0
2022-01-07,2307.0,2324.0,2275.0,2307.5,2056.7646484375,30903500.0,2133.2,2126.88,2081.173333333333,2005.8130017089843,87.54448398576513,2100.68,16.779999999999745,6.753000488281259,0.1378205128205127,2307.5,2327.0,2284.5,2284.5,37579600.0
2022-01-08,2307.0,2324.0,2275.0,2307.5,2056.7646484375,30903500.0,2143.45,2137.38,2085.9866666666667,2007.3905017089844,87.54448398576513,2104.18,20.60666666666657,8.033000488281232,0.1566416040100251,2307.5,2324.0,2307.5,2307.0,30903500.0
2022-01-09,2307.0,2324.0,2275.0,2307.5,2056.7646484375,30903500.0,2156.275,2144.94,2090.353333333333,2009.146001586914,87.54448398576513,2107.68,21.62666666666701,8.449000244140507,0.150585888805784,2307.5,2324.0,2307.5,2307.0,30903500.0
2022-01-10,2307.0,2324.0,2275.0,2307.5,2056.7646484375,30903500.0,2168.125,2151.66,2094.4,2010.8595013427728,87.01298701298701,2111.18,21.559999999999945,8.535499877929624,0.1366995073891626,2307.5,2324.0,2307.5,2307.0,30903500.0
2022-01-11,2310.0,2328.0,2283.0,2322.0,2069.688720703125,29710800.0,2181.4,2160.44,2098.693333333333,2012.6205010986328,86.48648648648648,2115.52,21.83999999999969,8.706999511718777,0.117151792157806,2322.0,2324.0,2307.5,2307.0,30903500.0
2022-01-12,2354.5,2362.0,2308.5,2359.5,2103.1142578125,33915900.0,2194.55,2170.72,2103.4,2014.5690008544923,95.43795620437956,2120.61,22.226666666666915,8.755999145507985,0.1351936492662977,2359.5,2328.0,2322.0,2310.0,29710800.0
2022-01-13,2350.0,2422.5,2342.0,2412.0,2149.90966796875,39518400.0,2210.325,2183.1,2108.806666666667,2016.780000610352,97.66718506998444,2126.36,22.820000000000164,9.389498901367231,0.1604522492181861,2412.0,2362.0,2359.5,2354.5,33915900.0
2022-01-14,2410.0,2423.0,2375.0,2390.0,2130.300048828125,38594600.0,2225.0,2196.66,2113.92,2018.8880004882808,91.41193595342068,2131.92,23.56666666666661,9.741998901367197,0.1370123691722169,2412.0,2422.5,2412.0,2350.0,39518400.0
2022-01-15,2410.0,2423.0,2375.0,2390.0,2130.300048828125,38594600.0,2239.675,2209.44,2118.4533333333334,2021.0980004882813,91.41193595342068,2138.23,24.053333333333285,10.23849914550783,0.1160401587672192,2412.0,2423.0,2390.0,2410.0,38594600.0
2022-01-16,2410.0,2423.0,2375.0,2390.0,2130.300048828125,38594600.0,2253.775,2222.78,2123.0133333333333,2023.3380004882813,91.41193595342068,2144.54,24.320000000000164,10.717499389648538,0.1231203007518797,2412.0,2423.0,2390.0,2410.0,38594600.0
2022-01-17,2401.0,2442.0,2378.5,2423.0,2159.71435546875,23591300.0,2268.275,2235.84,2128.0133333333333,2025.7630004882808,92.16467463479415,2151.51,24.61333333333323,11.193999633788962,0.140503647917157,2423.0,2423.0,2390.0,2410.0,38594600.0
2022-01-18,2443.0,2475.0,2400.5,2423.5,2160.15966796875,41189300.0,2283.925,2248.92,2132.82,2028.0605004882807,88.10483870967742,2159.74,24.01333333333332,11.280499877929516,0.1364595545134819,2423.5,2442.0,2423.0,2401.0,23591300.0
2022-01-19,2323.5,2377.0,2303.0,2303.0,2052.753662109375,48185300.0,2293.8,2257.18,2136.393333333333,2029.7555004882813,51.768488745980704,2165.78,22.47333333333336,10.867500000000064,0.0799531066822978,2423.5,2475.0,2423.5,2443.0,41189300.0
2022-01-20,2298.0,2360.0,2286.0,2342.5,2087.961181640625,32283600.0,2305.65,2267.02,2140.4933333333333,2031.6480004882808,58.45481049562682,2171.72,22.039999999999964,10.549999999999956,0.0984759671746775,2423.5,2377.0,2303.0,2323.5,48185300.0
2022-01-21,2287.5,2294.5,2230.5,2284.5,2036.263671875,36518000.0,2314.6,2274.08,2143.82,2033.2985003662109,46.95767195767196,2176.5,20.806666666666843,9.960499877929578,0.0852731591448932,2423.5,2360.0,2342.5,2298.0,32283600.0
2022-01-22,2287.5,2294.5,2230.5,2284.5,2036.263671875,36518000.0,2323.55,2280.14,2147.24,2034.9270001220705,46.95767195767196,2180.61,19.22666666666646,9.16399963378899,0.0852731591448932,2423.5,2294.5,2284.5,2287.5,36518000.0
2022-01-23,2287.5,2294.5,2230.5,2284.5,2036.263671875,36518000.0,2332.5,2287.1,2151.1,2036.6154998779296,46.95767195767196,2184.72,18.279999999999745,8.554999389648628,0.0753118380795481,2423.5,2294.5,2284.5,2287.5,36518000.0
2022-01-24,2234.5,2287.5,2219.0,2278.5,2030.915771484375,27763700.0,2334.7,2294.02,2154.74,2038.3329998779293,46.22395833333333,2188.71,18.34666666666635,8.577499389648438,0.0788352272727272,2423.5,2294.5,2284.5,2287.5,36518000.0
2022-01-25,2242.5,2259.5,2224.0,2236.5,1993.4793701171875,31059200.0,2331.925,2299.26,2157.4933333333333,2039.8654998779296,39.61117861482382,2192.12,17.0,8.217499389648538,0.0780911062906724,2423.5,2287.5,2278.5,2234.5,27763700.0
2022-01-26,2252.5,2262.5,2209.0,2221.5,1980.1094970703125,26042500.0,2328.775,2303.9,2159.4,2041.3229998779293,32.26221079691516,2194.45,15.579999999999927,8.024499511718886,0.0708604483007953,2423.5,2259.5,2236.5,2242.5,31059200.0
2022-01-27,2237.0,2250.0,2158.5,2163.0,1927.9661865234373,37600100.0,2321.55,2306.2,2160.526666666666,2042.4879998779293,18.48101265822784,2196.35,13.28666666666686,7.560999755859484,0.0426608821402747,2423.5,2262.5,2221.5,2252.5,26042500.0
2022-01-28,2200.0,2253.5,2191.5,2237.0,1993.92529296875,31409300.0,2318.025,2311.46,2162.64,2043.8579998779296,32.88590604026845,2199.96,11.539999999999964,7.242499999999836,0.1118290258449303,2423.5,2250.0,2163.0,2237.0,37600100.0
2022-01-29,2200.0,2253.5,2191.5,2237.0,1993.92529296875,31409300.0,2314.5,2311.56,2164.44,2045.1779998779296,32.88590604026845,2203.66,9.700000000000273,6.845000000000027,0.1179410294852574,2423.5,2253.5,2237.0,2200.0,31409300.0
2022-01-30,2200.0,2253.5,2191.5,2237.0,1993.92529296875,31409300.0,2310.975,2309.36,2165.713333333333,2046.4939996337887,32.88590604026845,2207.36,8.2199999999998,6.628499755859366,0.0936201417746271,2423.5,2253.5,2237.0,2200.0,31409300.0
2022-01-31,2224.5,2256.0,2191.5,2245.5,2001.5013427734373,25588900.0,2307.15,2307.8,2167.28,2047.889499511719,28.99408284023669,2211.23,7.880000000000109,6.566499633788908,0.0977756049865559,2423.5,2253.5,2237.0,2200.0,31409300.0
2022-02-01,2261.0,2274.0,2218.0,2227.0,1985.01171875,24070100.0,2300.525,2304.58,2168.6466666666665,2049.15849975586,27.695800227014743,2215.73,8.11999999999989,6.670499877929615,0.0711880711880712,2423.5,2256.0,2245.5,2224.5,25588900.0
2022-02-02,2245.0,2287.5,2237.0,2273.5,2026.4591064453125,26879700.0,2293.6,2303.22,2170.526666666666,2050.66,45.97544338335608,2220.3,7.88666666666677,6.80200012207024,0.0935545935545936,2423.5,2274.0,2227.0,2261.0,24070100.0
2022-02-03,2239.0,2313.0,2237.0,2293.5,2044.285888671875,22026900.0,2288.775,2302.66,2172.673333333333,2052.2615002441407,42.93948126801153,2223.8,8.233333333333121,7.083500366210956,0.1031746031746032,2423.5,2287.5,2273.5,2245.0,26879700.0
2022-02-04,2289.0,2299.5,2261.5,2277.5,2030.0245361328125,20162500.0,2283.15,2301.46,2174.6066666666666,2053.9090002441408,48.852459016393446,2226.56,8.89333333333343,7.415000610351626,0.1023717328170377,2423.5,2313.0,2293.5,2239.0,22026900.0
2022-02-05,2289.0,2299.5,2261.5,2277.5,2030.0245361328125,20162500.0,2277.525,2299.68,2176.9066666666668,2055.6845001220704,48.852459016393446,2230.06,9.626666666666551,7.795000610351735,0.0819477434679334,2423.5,2299.5,2277.5,2289.0,20162500.0
2022-02-06,2289.0,2299.5,2261.5,2277.5,2030.0245361328125,20162500.0,2270.25,2296.4,2179.2066666666665,2057.3470001220703,48.852459016393446,2233.56,10.559999999999944,8.188500366210974,0.1013056092843327,2423.5,2299.5,2277.5,2289.0,20162500.0
2022-02-07,2260.0,2275.5,2251.0,2275.5,2028.24169921875,19062800.0,2262.85,2290.94,2181.22,2058.9995001220705,49.501661129568106,2237.02,10.693333333333156,8.339500122070604,0.1064916119620715,2342.5,2299.5,2277.5,2289.0,20162500.0
2022-02-08,2267.0,2315.0,2263.0,2296.0,2046.5142822265625,20722700.0,2262.5,2287.18,2183.673333333333,2060.75450012207,60.644007155635066,2241.92,11.0,8.492999877929378,0.1189083820662768,2342.5,2275.5,2275.5,2260.0,19062800.0
2022-02-09,2340.0,2375.5,2302.0,2317.5,2065.677978515625,42075100.0,2261.25,2284.28,2186.9133333333334,2062.6170001220703,66.78321678321679,2246.86,12.306666666666844,8.707999877929524,0.1293859649122806,2317.5,2315.0,2296.0,2267.0,20722700.0
2022-02-10,2301.0,2320.0,2222.0,2254.0,2009.07763671875,42419700.0,2259.725,2278.84,2189.306666666667,2064.1620001220704,65.63573883161513,2250.81,12.400000000000093,8.477499999999964,0.0984405458089667,2317.5,2375.5,2317.5,2340.0,42075100.0
2022-02-11,2301.0,2320.0,2222.0,2254.0,2009.07763671875,42419700.0,2258.2,2272.08,2191.7,2065.602999877929,53.91705069124424,2253.96,12.49333333333334,8.255999755859193,0.1258741258741258,2317.5,2320.0,2254.0,2301.0,42419700.0
2022-02-12,2301.0,2320.0,2222.0,2254.0,2009.07763671875,42419700.0,2256.675,2265.3,2194.9266666666667,2067.0020001220705,53.91705069124424,2257.11,13.706666666666932,8.002500000000055,0.1022004889975549,2317.5,2320.0,2254.0,2301.0,42419700.0
2022-02-13,2301.0,2320.0,2222.0,2254.0,2009.07763671875,42419700.0,2255.45,2263.34,2198.3,2068.4679998779297,53.91705069124424,2260.26,14.626666666667006,7.71349975585963,0.0639603493037526,2317.5,2320.0,2254.0,2301.0,42419700.0
2022-02-14,2174.0,2197.0,2160.0,2182.0,1944.9013671875,39268700.0,2252.725,2256.92,2200.12,2069.5220001220705,38.68092691622103,2261.97,13.20666666666648,6.9050000000002,0.0198644543117549,2317.5,2320.0,2254.0,2301.0,42419700.0
2022-02-15,2186.5,2189.0,2145.0,2153.5,1919.498291015625,31404200.0,2249.325,2251.68,2201.56,2070.48450012207,37.34939759036145,2262.88,12.253333333333105,6.322499999999764,0.0242568370986919,2317.5,2197.0,2182.0,2174.0,39268700.0
2022-02-16,2185.0,2198.0,2172.5,2192.5,1954.260498046875,22686900.0,2250.8,2248.0,2203.0733333333333,2071.6420001220704,35.68904593639576,2264.07,11.373333333333449,6.03900024414088,0.0428061831153387,2317.5,2189.0,2153.5,2186.5,31404200.0
2022-02-17,2175.5,2178.5,2147.5,2160.5,1925.73779296875,26975700.0,2246.975,2243.04,2204.16,2072.6395001220703,27.45762711864405,2265.07,9.23333333333312,5.637499999999818,0.0275862068965517,2317.5,2198.0,2192.5,2185.0,22686900.0
2022-02-18,2141.5,2192.5,2140.0,2184.0,1946.6842041015625,20267400.0,2244.325,2239.26,2205.56,2073.52950012207,34.54545454545455,2266.64,7.2599999999997635,5.061500244140461,0.0648464163822526,2317.5,2178.5,2160.5,2175.5,26975700.0
2022-02-19,2141.5,2192.5,2140.0,2184.0,1946.6842041015625,20267400.0,2241.675,2237.16,2207.133333333333,2074.3945001220704,34.54545454545455,2268.21,7.013333333333321,4.872499999999945,0.0548176768896402,2317.5,2192.5,2184.0,2141.5,20267400.0
2022-02-20,2141.5,2192.5,2140.0,2184.0,1946.6842041015625,20267400.0,2238.6,2235.66,2208.1866666666665,2075.3445001220703,34.54545454545455,2269.78,6.626666666666552,4.860000000000127,0.061998541210795,2317.5,2192.5,2184.0,2141.5,20267400.0
2022-02-21,2148.0,2177.0,2133.0,2173.0,1936.8795166015625,15200700.0,2235.9,2236.06,2209.5866666666666,2076.2554998779297,33.547351524879616,2271.13,6.513333333333321,4.613499755859266,0.0364893870736942,2317.5,2192.5,2184.0,2141.5,20267400.0
2022-02-22,2148.0,2151.5,2111.0,2123.5,1892.75830078125,21140000.0,2228.4,2231.52,2210.48,2077.035,24.669603524229075,2271.49,6.320000000000164,4.395499877929524,0.0128786072024802,2317.5,2177.0,2173.0,2148.0,15200700.0
2022-02-23,2148.0,2151.5,2111.0,2123.5,1892.75830078125,21140000.0,2219.9,2226.98,2211.4333333333334,2077.8145001220705,19.59247648902821,2269.27,5.8733333333334485,4.285000000000309,0.0128786072024802,2317.5,2151.5,2123.5,2148.0,21140000.0
2022-02-24,2109.0,2124.0,2080.5,2091.0,1863.78955078125,29577000.0,2210.575,2221.14,2211.9533333333334,2078.431500244141,21.70138888888889,2265.25,4.820000000000164,4.037000122070367,-0.0026234199856904,2317.5,2151.5,2123.5,2148.0,21140000.0
2022-02-25,2085.0,2113.5,2078.5,2104.0,1875.3770751953125,26344300.0,2201.9,2215.48,2212.6466666666665,2079.113500366211,25.083056478405325,2261.64,4.460000000000036,3.769000244140898,-0.0018975332068311,2317.5,2124.0,2091.0,2109.0,29577000.0
2022-02-26,2085.0,2113.5,2078.5,2104.0,1875.3770751953125,26344300.0,2193.225,2210.56,2214.0066666666667,2079.757500610352,25.083056478405325,2257.57,4.420000000000073,3.502000732421948,-0.013595874355368,2317.5,2113.5,2104.0,2085.0,26344300.0
2022-02-27,2085.0,2113.5,2078.5,2104.0,1875.3770751953125,26344300.0,2184.65,2203.78,2214.793333333333,2080.3045007324217,25.083056478405325,2253.5,4.313333333333503,3.269500732421875,-0.0030798389007343,2317.5,2113.5,2104.0,2085.0,26344300.0
2022-02-28,2107.0,2139.0,2087.0,2138.5,1906.1282958984373,26767700.0,2176.775,2197.58,2215.06,2081.037000732422,41.74573055028463,2250.12,3.626666666666552,3.2225006103512897,0.0156732367608642,2317.5,2113.5,2104.0,2085.0,26344300.0
2022-03-01,2119.5,2154.0,2119.0,2133.0,1901.2259521484373,23177000.0,2167.55,2191.8,2214.9733333333334,2081.737000732422,45.73804573804574,2246.63,3.019999999999982,3.305500488281268,0.0130610306340537,2254.0,2139.0,2138.5,2107.0,26767700.0
2022-03-02,2080.0,2082.0,2034.0,2038.5,1816.994384765625,42180900.0,2156.775,2182.24,2214.12,2081.964500732422,23.986486486486484,2240.96,1.4733333333333576,2.851000366210883,-0.0318214200902398,2254.0,2154.0,2133.0,2119.5,23177000.0
2022-03-03,2075.0,2094.5,2046.0,2047.0,1824.57080078125,26276600.0,2146.425,2173.02,2213.38,2082.234500732422,29.17431192660551,2234.71,-0.6266666666665515,2.4770001220704216,-0.027784374257896,2254.0,2082.0,2038.5,2080.0,42180900.0
2022-03-04,2026.5,2027.5,1965.0,1974.0,1759.5029296875,48833000.0,2132.425,2160.96,2211.6666666666665,2082.2915008544924,17.391304347826093,2225.95,-3.126666666667006,1.98700012207064,-0.0624554737592021,2254.0,2094.5,2047.0,2075.0,26276600.0
2022-03-05,2026.5,2027.5,1965.0,1974.0,1759.5029296875,48833000.0,2118.425,2148.08,2210.64,2082.4085009765627,17.391304347826093,2217.63,-4.420000000000073,1.3715002441408617,-0.116580890579548,2192.5,2027.5,1974.0,2026.5,48833000.0
2022-03-06,2026.5,2027.5,1965.0,1974.0,1759.5029296875,48833000.0,2108.025,2134.34,2209.353333333333,2082.553500976562,17.391304347826093,2209.31,-5.619999999999891,0.8165002441405704,-0.1387434554973822,2192.5,2027.5,1974.0,2026.5,48833000.0
2022-03-07,1875.0,1889.0,1826.0,1845.0,1644.520263671875,67968000.0,2092.6,2117.98,2206.5333333333333,2082.4835009765625,12.72727272727272,2198.41,-7.586666666666588,0.5190002441404431,-0.1923834537097832,2192.5,2027.5,1974.0,2026.5,48833000.0
2022-03-08,1844.0,1855.5,1805.0,1811.0,1614.2147216796875,44177700.0,2073.525,2100.26,2202.7266666666665,2082.6235009765624,13.191990577149582,2186.17,-10.653333333333649,0.3890002441403339,-0.2151679306608884,2184.0,1889.0,1845.0,1875.0,67968000.0
2022-03-09,1850.0,1884.0,1830.5,1845.5,1644.9659423828125,36677400.0,2057.775,2083.92,2199.38,2082.9360009765624,19.71677559912854,2174.61,-12.286666666666406,0.6445001220699851,-0.200216684723727,2184.0,1855.5,1811.0,1844.0,44177700.0
2022-03-10,1942.0,1946.0,1905.0,1945.5,1734.099853515625,36656200.0,2045.85,2071.58,2197.366666666667,2083.7485009765624,36.18233618233618,2167.46,-13.273333333333085,1.3399999999996908,-0.1568797399783315,2184.0,1884.0,1845.5,1850.0,36677400.0
2022-03-11,1890.0,1895.0,1844.0,1860.5,1658.3359375,44804200.0,2029.675,2058.72,2194.22,2083.8290008544923,29.657477025898075,2157.82,-15.133333333333669,1.275499877929633,-0.1937161430119176,2184.0,1946.0,1945.5,1942.0,36656200.0
2022-03-12,1890.0,1895.0,1844.0,1860.5,1658.3359375,44804200.0,2013.5,2047.0,2190.92,2083.859500732422,29.657477025898075,2149.34,-15.61333333333323,1.3759997558595387,-0.1987510766580533,2173.0,1895.0,1860.5,1890.0,44804200.0
2022-03-13,1890.0,1895.0,1844.0,1860.5,1658.3359375,44804200.0,1997.875,2033.72,2187.286666666667,2083.678000488281,29.657477025898075,2140.86,-15.4399999999996,1.0544995117188591,-0.2114854842127569,2138.5,1895.0,1860.5,1890.0,44804200.0
2022-03-14,1883.0,1929.0,1881.5,1914.0,1706.0225830078125,26346200.0,1987.4,2023.86,2184.6666666666665,2083.7410003662108,31.82186234817813,2133.45,-14.713333333333594,0.8049993896484011,-0.2064676616915423,2138.5,1895.0,1860.5,1890.0,44804200.0
2022-03-15,1912.5,1976.0,1907.0,1955.0,1742.567626953125,26940000.0,1978.975,2014.7,2182.66,2084.056000366211,36.37059724349157,2126.98,-14.706666666666932,0.3074993896484557,-0.1820083682008367,2138.5,1929.0,1914.0,1883.0,26346200.0
2022-03-16,1968.0,2000.0,1967.5,1991.0,1774.6558837890625,32882200.0,1973.975,2006.98,2181.133333333333,2084.551000366211,46.005046257359126,2122.07,-13.086666666666588,0.7219995117188773,-0.1669456066945607,2138.5,1976.0,1955.0,1912.5,26940000.0
2022-03-17,2045.0,2065.0,2010.0,2036.0,1814.7659912109373,35580400.0,1970.575,2001.06,2180.2066666666665,2085.271000366211,49.1283676703645,2118.36,-10.713333333333594,1.4114996337889352,-0.1481171548117155,2138.5,2000.0,1991.0,1968.0,32882200.0
2022-03-18,2000.5,2025.0,1996.0,2020.0,1800.504638671875,43985400.0,1966.375,1994.94,2179.0666666666666,2085.83700012207,54.00696864111497,2115.5,-8.220000000000255,2.1589996337888806,-0.1663227404044572,2138.5,2065.0,2036.0,2045.0,35580400.0
2022-03-19,2000.5,2025.0,1996.0,2020.0,1800.504638671875,43985400.0,1962.175,1990.8,2177.9266666666667,2086.345,54.00696864111497,2111.16,-6.739999999999782,2.6039996337890443,-0.1664947390138229,2138.5,2025.0,2020.0,2000.5,43985400.0
2022-03-20,2000.5,2025.0,1996.0,2020.0,1800.504638671875,43985400.0,1956.25,1986.66,2175.0666666666666,2086.7929998779296,54.00696864111497,2106.82,-7.593333333333248,2.73699951171875,-0.122883195831524,2133.0,2025.0,2020.0,2000.5,43985400.0
2022-03-21,2000.5,2025.0,1996.0,2020.0,1800.504638671875,43985400.0,1950.6,1983.82,2171.44,2087.24299987793,69.66292134831461,2102.48,-9.693333333333156,2.691999511718677,-0.1376734258271078,2047.0,2025.0,2020.0,2000.5,43985400.0
2022-03-22,2036.0,2063.5,2035.5,2055.0,1831.7015380859373,30788700.0,1951.425,1981.86,2168.38,2087.7620001220703,77.35426008968611,2098.67,-11.82666666666637,2.4909997558593204,-0.1004596191726855,2055.0,2025.0,2020.0,2000.5,43985400.0
2022-03-23,2095.0,2139.0,2090.5,2137.0,1904.791259765625,33324100.0,1955.925,1983.18,2166.1066666666666,2088.691000366211,79.5339412360689,2096.87,-12.960000000000036,2.8540002441409342,-0.0645655504486758,2137.0,2063.5,2055.0,2036.0,30788700.0
2022-03-24,2148.0,2208.5,2140.5,2200.0,1960.9454345703125,40085700.0,1967.225,1987.02,2164.673333333333,2089.9350006103514,77.87513691128149,2095.4,-13.253333333333558,3.5900006103515807,-0.0369884000875465,2200.0,2139.0,2137.0,2095.0,33324100.0
2022-03-25,2210.0,2216.5,2180.0,2189.0,1951.140625,25328700.0,1977.975,1989.04,2163.093333333333,2090.918000488281,92.94117647058825,2093.31,-11.973333333333358,4.12500061035189,-0.0392802282203204,2200.0,2208.5,2200.0,2148.0,40085700.0
2022-03-26,2210.0,2216.5,2180.0,2189.0,1951.140625,25328700.0,1988.725,1991.28,2161.5133333333333,2091.858000488281,92.94117647058825,2091.54,-9.926666666666732,4.615000610351217,-0.0212385423653029,2200.0,2216.5,2189.0,2210.0,25328700.0
2022-03-27,2210.0,2216.5,2180.0,2189.0,1951.140625,25328700.0,2005.925,1997.3,2159.74,2092.826000366211,92.94117647058825,2089.77,-8.640000000000327,5.064000244140516,-0.0146297546702678,2200.0,2216.5,2189.0,2210.0,25328700.0
2022-03-28,2212.0,2217.0,2182.5,2202.0,1962.7283935546875,23368400.0,2025.475,2003.5,2157.64,2093.938000488281,92.10526315789474,2088.26,-8.466666666666697,5.2470001220704034,0.0180305131761442,2202.0,2216.5,2189.0,2210.0,25328700.0
2022-03-29,2221.5,2261.0,2220.5,2261.0,2015.31689453125,43733900.0,2046.25,2014.98,2155.6266666666666,2095.2840002441408,92.5,2087.97,-9.046666666666624,5.34899963378939,0.0107286544479212,2261.0,2217.0,2202.0,2212.0,23368400.0
2022-03-30,2216.0,2247.5,2189.0,2218.5,2002.230712890625,36673400.0,2059.9,2024.76,2153.34,2096.4175,81.03683492496589,2086.42,-9.753333333333105,5.499499511718568,-0.0082700044702727,2261.0,2261.0,2261.0,2221.5,43733900.0
2022-03-31,2200.5,2262.0,2191.0,2222.5,2005.8408203125,38235600.0,2078.0,2034.7,2151.1066666666666,2097.5709997558592,78.64823348694317,2084.52,-10.406666666666752,5.712999267578198,-0.0064818953956191,2261.0,2247.5,2218.5,2216.0,36673400.0
2022-04-01,2222.5,2238.0,2174.5,2205.0,1990.0465087890625,27719800.0,2095.225,2049.1,2148.64,2098.80099975586,78.2874617737003,2083.54,-11.099999999999907,5.974999389648474,-0.0180360721442885,2261.0,2262.0,2222.5,2200.5,38235600.0
2022-04-02,2222.5,2238.0,2174.5,2205.0,1990.0465087890625,27719800.0,2112.45,2064.86,2145.733333333333,2099.88,78.2874617737003,2082.56,-11.906666666666752,5.941999511718677,-0.0098787606645711,2261.0,2238.0,2205.0,2222.5,27719800.0
2022-04-03,2222.5,2238.0,2174.5,2205.0,1990.0465087890625,27719800.0,2127.0,2079.24,2142.82,2101.0290002441407,78.2874617737003,2081.58,-12.806666666666388,5.744999999999891,-0.0301297558829998,2261.0,2238.0,2205.0,2222.5,27719800.0
2022-04-04,2193.0,2213.5,2192.0,2211.0,1995.461669921875,16276100.0,2139.8,2089.86,2141.593333333333,2102.1440002441404,78.67867867867868,2080.72,-11.746666666666895,5.726500244140425,-0.0359712230215827,2261.0,2238.0,2205.0,2222.5,27719800.0
2022-04-05,2231.0,2236.0,2202.5,2217.5,2001.3282470703125,21878700.0,2151.125,2104.14,2139.9266666666667,2103.211500244141,76.68308702791461,2081.43,-11.179999999999836,5.640500488281305,-0.026344676180022,2261.0,2213.5,2211.0,2193.0,16276100.0
2022-04-06,2192.0,2201.5,2176.0,2190.0,1976.509033203125,28164400.0,2158.825,2117.32,2138.6666666666665,2104.141500244141,60.6,2082.16,-9.973333333333358,5.340500488281577,-0.0384193194291986,2261.0,2236.0,2217.5,2231.0,21878700.0
2022-04-07,2166.0,2174.0,2132.0,2168.5,1957.10498046875,31288300.0,2166.25,2129.64,2137.12,2104.9640002441406,42.44604316546763,2081.68,-8.61333333333323,5.084000244140498,-0.0478594950603732,2261.0,2201.5,2190.0,2192.0,28164400.0
2022-04-08,2136.0,2165.5,2073.5,2095.5,1891.2213134765625,50893400.0,2170.025,2136.9,2134.6,2105.4215002441406,32.71719038817005,2080.38,-8.220000000000255,4.392499999999927,-0.07910349373764,2261.0,2174.0,2168.5,2166.0,31288300.0
2022-04-09,2136.0,2165.5,2073.5,2095.5,1891.2213134765625,50893400.0,2173.8,2142.52,2132.16,2105.97,32.71719038817005,2078.61,-9.433333333333394,3.825999755859357,-0.0873257839721254,2261.0,2165.5,2095.5,2136.0,50893400.0
2022-04-10,2136.0,2165.5,2073.5,2095.5,1891.2213134765625,50893400.0,2177.575,2146.7,2130.28,2106.6275,32.71719038817005,2076.84,-9.646666666666531,3.4159997558595023,-0.0957928802588996,2261.0,2165.5,2095.5,2136.0,50893400.0
2022-04-11,2087.0,2114.5,2076.0,2101.5,1896.63623046875,27797800.0,2179.9,2149.32,2128.68,2107.315,30.92979127134724,2075.19,-9.98666666666668,3.173499755859212,-0.0676574977817213,2261.0,2165.5,2095.5,2136.0,50893400.0
2022-04-12,2105.0,2112.5,2065.5,2069.5,1867.755859375,26536900.0,2176.525,2151.3,2127.4333333333334,2107.5625,9.513742071881609,2073.12,-9.686666666666495,2.598499755859393,-0.0818544809228039,2261.0,2114.5,2101.5,2087.0,27797800.0
2022-04-13,2108.5,2123.5,2073.0,2119.5,1912.881591796875,26016500.0,2172.5,2155.28,2125.866666666667,2108.06,29.71311475409837,2073.04,-8.733333333333121,2.638499755859357,-0.0596716947648624,2261.0,2112.5,2069.5,2105.0,26536900.0
2022-04-14,2096.0,2131.5,2085.5,2131.5,1923.7117919921875,18466300.0,2169.625,2159.74,2124.46,2108.6175,31.944444444444443,2073.2,-7.699999999999818,2.6475000000000364,-0.0543478260869565,2261.0,2123.5,2119.5,2108.5,26016500.0
2022-04-15,2100.0,2163.0,2100.0,2160.0,1949.4337158203125,19517900.0,2168.175,2165.34,2123.4333333333334,2109.0875,41.444866920152094,2074.58,-6.846666666666806,2.4600000000000364,-0.0100824931255728,2261.0,2131.5,2131.5,2096.0,18466300.0
2022-04-16,2100.0,2163.0,2100.0,2160.0,1949.4337158203125,19517900.0,2166.725,2169.54,2122.293333333333,2109.5025,41.444866920152094,2075.7,-6.386666666666315,2.1875,0.0030183422335732,2261.0,2163.0,2160.0,2100.0,19517900.0
2022-04-17,2100.0,2163.0,2100.0,2160.0,1949.4337158203125,19517900.0,2164.625,2170.46,2121.4,2109.9375,41.444866920152094,2076.82,-6.033333333333303,2.375,-0.0148232611174458,2261.0,2163.0,2160.0,2100.0,19517900.0
2022-04-18,2145.5,2165.0,2127.5,2155.0,1944.9210205078125,15320900.0,2159.325,2168.66,2119.82,2110.7125,39.31297709923665,2077.84,-6.046666666666624,2.652500000000145,-0.0025457070122656,2222.5,2163.0,2160.0,2100.0,19517900.0
2022-04-19,2175.0,2186.5,2159.0,2177.0,1964.7763671875,21166100.0,2157.25,2168.18,2118.266666666667,2111.7625,42.7027027027027,2078.61,-6.1933333333331575,3.144999999999982,-0.0032051282051281,2222.5,2165.0,2155.0,2145.5,15320900.0
2022-04-20,2220.0,2269.0,2219.0,2258.5,2038.331298828125,42430500.0,2159.05,2170.96,2118.0133333333333,2113.22,60.33182503770739,2081.12,-5.420000000000073,4.132499999999709,0.0341117216117217,2258.5,2186.5,2177.0,2175.0,21166100.0
2022-04-21,2238.0,2261.5,2236.5,2250.0,2030.6600341796875,21538600.0,2161.3,2173.4,2117.6466666666665,2114.635,62.79434850863423,2085.35,-4.646666666666988,5.132500000000164,0.0302197802197801,2258.5,2269.0,2258.5,2220.0,42430500.0
2022-04-22,2220.0,2227.5,2200.0,2210.0,1994.5595703125,18873300.0,2161.55,2173.72,2116.7466666666664,2116.025,70.05253940455341,2088.61,-4.653333333333649,6.087500000000091,0.0170271514035895,2258.5,2261.5,2250.0,2238.0,21538600.0
2022-04-23,2220.0,2227.5,2200.0,2210.0,1994.5595703125,18873300.0,2161.8,2171.68,2115.873333333333,2117.565,70.05253940455341,2093.33,-3.946666666666715,6.852499999999964,0.0407346362137979,2258.5,2227.5,2210.0,2220.0,18873300.0
2022-04-24,2220.0,2227.5,2200.0,2210.0,1994.5595703125,18873300.0,2161.75,2171.34,2114.7266666666665,2119.415,70.05253940455341,2098.05,-3.5400000000004184,7.6525000000001455,0.0407346362137979,2258.5,2227.5,2210.0,2220.0,18873300.0
2022-04-25,2149.5,2199.5,2145.0,2190.0,1976.509033203125,22515800.0,2160.375,2170.04,2113.026666666666,2121.02,64.77462437395658,2102.37,-4.986666666666679,7.800000000000182,0.0473457675753228,2258.5,2227.5,2210.0,2220.0,18873300.0
2022-04-26,2186.0,2199.0,2163.5,2180.0,1967.484130859375,23096200.0,2159.875,2169.04,2112.04,2122.305,69.90990990990991,2109.07,-5.60666666666657,7.669999999999618,0.0361216730038023,2258.5,2199.5,2190.0,2149.5,22515800.0
2022-04-27,2146.0,2174.5,2144.0,2165.5,1954.3975830078125,34299400.0,2159.725,2167.46,2110.86,2123.5175,59.50413223140496,2116.16,-5.886666666666315,7.492499999999836,0.0292300380228136,2258.5,2199.0,2180.0,2186.0,23096200.0
2022-04-28,2160.5,2242.5,2152.5,2235.5,2017.573486328125,33413000.0,2166.725,2168.68,2110.613333333333,2125.08,67.33333333333333,2123.96,-5.260000000000218,7.514999999999873,0.0625,2258.5,2174.5,2165.5,2146.0,34299400.0
2022-04-29,2160.5,2242.5,2152.5,2235.5,2017.573486328125,33413000.0,2173.725,2169.66,2110.366666666667,2126.3225,63.90423572744015,2129.76,-4.359999999999673,6.907500000000255,0.0453588964227262,2258.5,2242.5,2235.5,2160.5,33413000.0
2022-04-30,2160.5,2242.5,2152.5,2235.5,2017.573486328125,33413000.0,2180.725,2170.38,2111.08,2127.4875,63.90423572744015,2137.26,-1.9466666666667152,6.4675000000002,0.0480543834974214,2258.5,2242.5,2235.5,2160.5,33413000.0
2022-05-01,2160.5,2242.5,2152.5,2235.5,2017.573486328125,33413000.0,2187.425,2172.2,2112.173333333333,2128.785,63.90423572744015,2144.76,0.133333333333212,6.480000000000018,0.0966396860436595,2258.5,2242.5,2235.5,2160.5,33413000.0
2022-05-02,2267.0,2277.5,2217.5,2228.0,2010.804931640625,26634900.0,2195.35,2174.58,2112.6466666666665,2129.9975,63.32116788321167,2152.11,1.786666666666406,6.480000000000018,0.0884220810942844,2258.5,2242.5,2235.5,2160.5,33413000.0
2022-05-03,2267.0,2277.5,2217.5,2228.0,2010.804931640625,26634900.0,2200.775,2179.88,2113.5466666666666,2131.17,60.11904761904762,2158.39,2.933333333333394,6.0900000000001455,0.1286727456940222,2258.5,2277.5,2228.0,2267.0,26634900.0
2022-05-04,2267.0,2277.5,2217.5,2228.0,2010.804931640625,26634900.0,2205.6,2185.18,2114.133333333333,2132.3425,41.05571847507331,2163.85,3.766666666666424,6.019999999999982,0.1286727456940222,2258.5,2277.5,2228.0,2267.0,26634900.0
2022-05-05,2267.0,2277.5,2217.5,2228.0,2010.804931640625,26634900.0,2209.0,2190.48,2114.72,2133.515,43.20987654320988,2168.59,3.6399999999998727,6.027499999999691,0.1286727456940222,2258.5,2277.5,2228.0,2267.0,26634900.0
2022-05-06,2254.0,2276.0,2242.5,2276.0,2054.12548828125,30141000.0,2214.8,2197.46,2115.9466666666667,2134.695,69.41176470588235,2173.39,3.77333333333354,5.910000000000309,0.2336043360433604,2276.0,2277.5,2228.0,2267.0,26634900.0
2022-05-07,2254.0,2276.0,2242.5,2276.0,2054.12548828125,30141000.0,2220.6,2205.72,2117.32,2135.925,69.41176470588235,2178.51,4.67333333333363,5.9275000000002365,0.2567642186637218,2276.0,2276.0,2276.0,2254.0,30141000.0
2022-05-08,2254.0,2276.0,2242.5,2276.0,2054.12548828125,30141000.0,2226.65,2211.98,2119.353333333333,2137.1475,69.41176470588235,2183.63,5.8066666666668425,5.977499999999964,0.2332701164995936,2276.0,2276.0,2276.0,2254.0,30141000.0
2022-05-09,2269.0,2282.5,2244.5,2245.0,2026.14697265625,22370500.0,2230.05,2216.52,2120.9733333333334,2138.455,65.19337016574585,2188.13,6.8400000000001455,6.112499999999727,0.1539450012850167,2276.0,2276.0,2276.0,2254.0,30141000.0
2022-05-10,2190.0,2204.0,2155.0,2178.5,1966.13037109375,28054600.0,2226.05,2217.26,2122.14,2139.43,49.68421052631579,2191.3,7.420000000000073,5.914999999999964,0.1709217952163397,2276.0,2282.5,2245.0,2269.0,22370500.0
2022-05-11,2205.5,2210.0,2050.5,2082.0,1879.037353515625,64821200.0,2217.65,2214.14,2121.846666666667,2139.9225,36.93270735524258,2191.84,5.900000000000091,5.227499999999964,0.1190540177371675,2276.0,2204.0,2178.5,2190.0,28054600.0
2022-05-12,2050.0,2114.5,2011.5,2050.0,1850.156982421875,44104700.0,2209.65,2209.74,2121.1266666666666,2140.255,17.05150976909414,2190.1,3.806666666666388,4.329999999999927,0.1018543402311207,2276.0,2210.0,2082.0,2205.5,64821200.0
2022-05-13,2043.0,2086.5,2028.5,2055.0,1854.66943359375,31138400.0,2201.9,2205.74,2120.4733333333334,2140.7975,18.49912739965096,2187.2,1.1199999999998909,3.650000000000091,0.073667711598746,2276.0,2114.5,2050.0,2050.0,44104700.0
2022-05-14,2043.0,2086.5,2028.5,2055.0,1854.66943359375,31138400.0,2194.15,2200.86,2119.36,2141.1725,18.49912739965096,2184.52,-1.6133333333332305,2.7175000000002,0.0511508951406649,2276.0,2086.5,2055.0,2043.0,31138400.0
2022-05-15,2043.0,2086.5,2028.5,2055.0,1854.66943359375,31138400.0,2187.4,2192.72,2118.32,2141.4275,18.49912739965096,2181.84,-3.819999999999709,1.9974999999999448,0.0321446509291813,2276.0,2086.5,2055.0,2043.0,31138400.0
2022-05-16,2105.0,2107.0,2047.0,2049.5,1849.70556640625,26352900.0,2180.875,2184.7,2118.4666666666667,2141.675,18.629173989455182,2179.05,-3.380000000000109,1.7525000000000546,0.0066306483300588,2276.0,2086.5,2055.0,2043.0,31138400.0
2022-05-17,2025.5,2047.0,2016.5,2033.0,1834.8140869140625,18350600.0,2174.25,2177.62,2118.28,2141.8075,17.6079734219269,2175.67,-2.846666666666352,1.5524999999997815,0.0064356435643564,2276.0,2107.0,2049.5,2105.0,26352900.0
2022-05-18,2035.0,2054.0,2025.5,2044.0,1844.7418212890625,21893000.0,2164.675,2170.98,2119.213333333333,2141.995,20.51282051282051,2171.33,-1.2600000000002185,1.1974999999997635,0.0118811881188118,2276.0,2047.0,2033.0,2025.5,18350600.0
2022-05-19,1981.0,2010.0,1971.0,2005.0,1809.543701171875,34715900.0,2153.15,2162.78,2119.6266666666666,2141.9875,18.23361823361823,2167.06,0.2666666666664241,0.8150000000000546,-0.0074257425742574,2276.0,2054.0,2044.0,2035.0,21893000.0
2022-05-20,2010.0,2052.5,2007.5,2048.0,1848.351806640625,23675300.0,2143.775,2157.1,2120.613333333333,2141.9775,17.052023121387293,2163.57,2.2933333333330665,0.5500000000001819,0.0138613861386138,2276.0,2010.0,2005.0,1981.0,34715900.0
2022-05-21,2010.0,2052.5,2007.5,2048.0,1848.351806640625,23675300.0,2134.4,2151.82,2123.32,2141.9775,17.052023121387293,2160.43,4.853333333333467,0.3024999999997817,-0.0034063260340632,2276.0,2052.5,2048.0,2010.0,23675300.0
2022-05-22,2010.0,2052.5,2007.5,2048.0,1848.351806640625,23675300.0,2125.4,2147.12,2126.48,2141.9775,17.052023121387293,2157.29,8.199999999999818,0.1700000000000727,-0.0416471689284042,2276.0,2052.5,2048.0,2010.0,23675300.0
2022-05-23,2052.5,2065.0,2038.0,2061.5,1860.5357666015625,20585700.0,2117.075,2140.16,2129.36,2141.97,22.07001522070016,2154.42,10.146666666666988,-0.0250000000000909,-0.0629545454545454,2276.0,2052.5,2048.0,2010.0,23675300.0
2022-05-24,2064.5,2078.0,2050.0,2050.0,1850.156982421875,18717900.0,2108.175,2132.74,2130.7533333333336,2142.045,26.50822669104204,2151.2,11.126666666667006,0.0574999999998908,-0.0634993147555961,2276.0,2065.0,2061.5,2052.5,20585700.0
2022-05-25,2040.0,2067.0,2037.0,2043.5,1844.2906494140625,18929300.0,2098.95,2125.06,2133.193333333333,2142.0875,39.50953678474114,2147.72,12.579999999999927,0.1100000000001273,-0.0664687071722247,2276.0,2078.0,2050.0,2064.5,18717900.0
2022-05-26,2065.0,2106.0,2060.5,2082.0,1879.037353515625,23739700.0,2089.25,2118.92,2136.1466666666665,2142.3225,58.42105263157895,2145.56,12.82666666666637,0.3450000000002546,-0.0488807674737322,2276.0,2067.0,2043.5,2040.0,18929300.0
2022-05-27,2117.0,2117.0,2079.0,2084.0,1880.8424072265625,19511600.0,2079.65,2113.16,2139.1266666666666,2142.6025,57.75401069518717,2143.87,12.646666666666531,0.625,-0.0535876475930972,2276.0,2106.0,2082.0,2065.0,23739700.0
2022-05-28,2117.0,2117.0,2079.0,2084.0,1880.8424072265625,19511600.0,2070.05,2107.4,2141.393333333333,2143.0475,57.75401069518717,2143.64,12.033333333333305,1.0775000000003274,-0.0782839451570102,2245.0,2117.0,2084.0,2117.0,19511600.0
2022-05-29,2117.0,2117.0,2079.0,2084.0,1880.8424072265625,19511600.0,2062.0,2101.64,2143.113333333333,2143.44,57.75401069518717,2143.41,12.359999999999673,1.3949999999999818,-0.0606265494703628,2178.5,2117.0,2084.0,2117.0,19511600.0
2022-05-30,2102.0,2135.0,2094.0,2126.5,1919.1993408203125,40586500.0,2059.4,2097.58,2144.92,2143.9225,67.1875,2144.03,11.726666666666915,1.8350000000000364,-0.0431946006749156,2126.5,2117.0,2084.0,2117.0,19511600.0
2022-05-31,2109.0,2133.5,2107.5,2122.5,1915.58935546875,27505000.0,2061.425,2091.44,2146.0733333333333,2144.1425,71.15839243498819,2144.45,9.926666666666732,1.819999999999709,-0.0374149659863946,2126.5,2135.0,2126.5,2102.0,40586500.0
2022-06-01,2140.0,2208.0,2135.5,2197.5,1983.2779541015625,35206500.0,2068.8,2088.3,2148.44,2144.7375,77.8584392014519,2147.01,9.313333333333505,2.1350000000002183,-0.0034013605442176,2197.5,2133.5,2122.5,2109.0,27505000.0
2022-06-02,2190.0,2203.0,2181.0,2193.0,1979.216552734375,15657500.0,2075.7,2084.98,2150.7466666666664,2145.31,89.00414937759336,2148.48,9.353333333333012,2.262499999999818,-0.0054421768707483,2197.5,2208.0,2197.5,2140.0,35206500.0
2022-06-03,2198.0,2198.0,2153.0,2165.0,1953.9462890625,19812000.0,2081.2,2081.78,2152.68,2145.625,75.88495575221239,2149.15,9.566666666666606,2.184999999999945,-0.020805065581185,2197.5,2203.0,2193.0,2190.0,15657500.0
2022-06-04,2198.0,2198.0,2153.0,2165.0,1953.9462890625,19812000.0,2086.7,2081.24,2154.613333333333,2145.7425,75.88495575221239,2149.25,9.693333333333156,1.819999999999709,-0.0236753100338218,2197.5,2198.0,2165.0,2198.0,19812000.0
2022-06-05,2198.0,2198.0,2153.0,2165.0,1953.9462890625,19812000.0,2092.475,2084.56,2156.08,2145.9275,75.88495575221239,2149.35,10.00666666666666,1.7849999999998545,-0.0114155251141552,2197.5,2198.0,2165.0,2198.0,19812000.0
2022-06-06,2139.0,2164.5,2134.0,2163.0,1952.1412353515625,15252500.0,2098.975,2089.08,2156.4266666666667,2146.12,73.65967365967366,2149.41,7.986666666666679,1.382499999999709,-0.0025363154254092,2197.5,2198.0,2165.0,2198.0,19812000.0
2022-06-07,2197.0,2209.5,2181.5,2190.5,1976.96044921875,23853700.0,2106.3,2094.5,2156.3,2146.41,80.4772234273319,2150.12,5.55333333333374,1.099999999999909,0.0453352421856358,2197.5,2164.5,2163.0,2139.0,15252500.0
2022-06-08,2199.0,2230.0,2191.0,2230.0,2012.60986328125,25246600.0,2117.55,2101.5,2156.846666666667,2146.8975,85.38899430740038,2151.18,4.16666666666697,1.2725000000000364,0.0641851586733477,2230.0,2209.5,2190.5,2197.0,23853700.0
2022-06-09,2249.0,2267.0,2235.5,2239.0,2020.732177734375,27281400.0,2127.1,2108.86,2157.5133333333333,2147.43,83.54700854700855,2150.79,2.900000000000091,1.6875,0.068480076354092,2239.0,2230.0,2230.0,2199.0,25246600.0
2022-06-10,2211.0,2232.0,2196.0,2203.5,1988.6929931640625,28515100.0,2134.875,2115.02,2157.7066666666665,2147.9225,72.33644859813084,2149.86,1.6266666666665517,1.9950000000003456,0.0485367594575303,2239.0,2267.0,2239.0,2249.0,27281400.0
2022-06-11,2211.0,2232.0,2196.0,2203.5,1988.6929931640625,28515100.0,2142.65,2121.84,2157.7266666666665,2148.415,72.33644859813084,2149.73,1.2999999999997272,2.2950000000000728,0.064749939598937,2239.0,2232.0,2203.5,2211.0,28515100.0
2022-06-12,2211.0,2232.0,2196.0,2203.5,1988.6929931640625,28515100.0,2149.75,2128.22,2156.96,2148.81,72.33644859813084,2149.6,0.6599999999998545,2.400000000000091,0.0396319886765745,2239.0,2232.0,2203.5,2211.0,28515100.0
2022-06-13,2150.0,2159.0,2128.0,2131.5,1923.7117919921875,25274900.0,2153.825,2133.28,2155.8,2148.9075,50.84175084175084,2148.03,-1.0466666666666242,2.0099999999997635,0.0,2239.0,2232.0,2203.5,2211.0,28515100.0
2022-06-14,2083.0,2121.5,2077.5,2095.0,1890.77001953125,26804400.0,2156.4,2135.16,2154.1,2149.01,45.82701062215478,2146.13,-3.413333333333412,1.580000000000382,-0.0300925925925925,2239.0,2159.0,2131.5,2150.0,25274900.0
2022-06-15,2088.0,2108.0,2080.0,2080.0,1877.2325439453125,22726900.0,2156.3,2136.44,2152.4333333333334,2149.0375,28.20037105751392,2144.13,-5.273333333333085,1.1149999999997815,-0.037037037037037,2239.0,2121.5,2095.0,2083.0,26804400.0
2022-06-16,2142.0,2173.5,2131.0,2140.0,1931.3831787109373,24439500.0,2159.1,2140.12,2151.5666666666666,2149.365,41.84615384615385,2143.62,-6.159999999999855,0.949999999999818,-0.0092592592592593,2239.0,2108.0,2080.0,2088.0,22726900.0
2022-06-17,2046.0,2087.0,2042.0,2063.0,1861.8896484375,45125700.0,2158.05,2140.18,2149.673333333333,2149.62,36.36363636363636,2140.17,-7.286666666666861,0.8099999999999454,-0.042691415313225,2239.0,2173.5,2140.0,2142.0,24439500.0
2022-06-18,2046.0,2087.0,2042.0,2063.0,1861.8896484375,45125700.0,2157.0,2140.7,2147.7,2149.93,36.36363636363636,2136.72,-8.100000000000364,1.0225000000000364,-0.0523656407900781,2239.0,2087.0,2063.0,2046.0,45125700.0
2022-06-19,2046.0,2087.0,2042.0,2063.0,1861.8896484375,45125700.0,2153.825,2141.48,2145.64,2150.0175,36.36363636363636,2133.27,-8.460000000000036,1.007499999999709,-0.0865618773522249,2239.0,2087.0,2063.0,2046.0,45125700.0
2022-06-20,2090.0,2115.0,2070.5,2089.5,1885.80615234375,20577400.0,2152.175,2141.78,2144.3,2150.2375,40.77791718946048,2130.35,-8.133333333333212,1.2000000000002728,-0.0713333333333333,2239.0,2087.0,2063.0,2046.0,45125700.0
2022-06-21,2119.5,2144.0,2107.0,2138.5,1930.0296630859373,23768100.0,2149.225,2143.96,2143.9,2150.535,43.80952380952381,2128.56,-7.666666666666515,1.1700000000000728,-0.0323529411764705,2239.0,2115.0,2089.5,2090.0,20577400.0
2022-06-22,2168.0,2188.5,2149.0,2156.0,1945.8233642578125,22961800.0,2147.375,2146.84,2144.7066666666665,2150.92,40.70351758793969,2127.12,-4.966666666666697,1.300000000000182,-0.0244343891402715,2239.0,2144.0,2138.5,2119.5,23768100.0
2022-06-23,2148.0,2159.0,2116.0,2126.5,1919.1993408203125,20869300.0,2145.45,2148.54,2145.12,2151.1575,36.55913978494624,2125.09,-2.5799999999999272,1.2274999999999636,-0.0377828054298642,2239.0,2188.5,2156.0,2168.0,22961800.0
2022-06-24,2095.0,2115.5,2087.5,2111.5,1905.6614990234373,21561600.0,2142.775,2147.94,2145.333333333333,2151.385,38.44221105527638,2122.76,-0.3066666666663877,1.367500000000291,-0.0358447488584474,2239.0,2159.0,2126.5,2148.0,20869300.0
2022-06-25,2095.0,2115.5,2087.5,2111.5,1905.6614990234373,21561600.0,2140.1,2147.5,2145.4666666666667,2151.4175,38.44221105527638,2119.47,1.166666666666515,1.1799999999998363,-0.0314220183486239,2239.0,2115.5,2111.5,2095.0,21561600.0
2022-06-26,2095.0,2115.5,2087.5,2111.5,1905.6614990234373,21561600.0,2137.525,2144.06,2146.026666666666,2151.635,38.44221105527638,2116.18,2.1266666666665515,1.1000000000003638,-0.0249365042715308,2239.0,2115.5,2111.5,2095.0,21561600.0
2022-06-27,2137.0,2144.0,2109.0,2121.5,1914.6865234375,17615400.0,2134.075,2141.2,2146.0533333333333,2151.96,48.51190476190476,2113.09,1.346666666666806,1.0399999999999636,-0.0509953030641914,2239.0,2115.5,2111.5,2095.0,21561600.0
2022-06-28,2138.5,2167.5,2133.5,2167.5,1956.2022705078125,26045200.0,2130.95,2141.3,2146.5333333333333,2152.5375,60.49204052098408,2111.54,1.4133333333334122,1.3800000000001091,-0.0304182509505703,2239.0,2144.0,2121.5,2137.0,17615400.0
2022-06-29,2165.0,2168.0,2125.5,2128.0,1920.5528564453125,36393000.0,2125.4,2139.82,2146.1066666666666,2152.9175,56.48648648648649,2110.53,0.7733333333330847,1.5324999999998,-0.0480876761350927,2203.5,2167.5,2167.5,2138.5,26045200.0
2022-06-30,2128.5,2131.5,2093.5,2100.0,1895.28271484375,30076600.0,2120.225,2137.22,2145.306666666667,2153.1575,44.0828402366864,2110.89,-0.1599999999998544,1.7399999999997815,-0.06061283829121,2203.5,2168.0,2128.0,2165.0,36393000.0
2022-07-01,2095.0,2104.0,2056.0,2067.0,1865.499755859375,30994400.0,2113.4,2133.38,2144.0666666666666,2153.4825,50.68027210884354,2111.23,-1.9600000000000364,1.8474999999998545,-0.0722621184919209,2203.5,2131.5,2100.0,2128.5,30076600.0
2022-07-02,2095.0,2104.0,2056.0,2067.0,1865.499755859375,30994400.0,2106.575,2128.44,2142.893333333333,2153.5925,50.68027210884354,2111.47,-3.1599999999998545,1.6325000000001637,-0.0722621184919209,2167.5,2104.0,2067.0,2095.0,30994400.0
2022-07-03,2095.0,2104.0,2056.0,2067.0,1865.499755859375,30994400.0,2103.35,2121.92,2141.4266666666667,2153.335,50.68027210884354,2111.71,-5.10666666666657,0.7975000000001273,-0.0722621184919209,2167.5,2104.0,2067.0,2095.0,30994400.0
2022-07-04,2094.0,2113.0,2087.5,2113.0,1907.015380859375,21443400.0,2104.25,2116.88,2139.4866666666667,2153.2025,53.74800637958533,2112.87,-6.619999999999891,0.2849999999998545,-0.0516157989228007,2167.5,2104.0,2067.0,2095.0,30994400.0
2022-07-05,2128.0,2136.0,2112.0,2116.5,1910.1741943359373,20328900.0,2106.075,2113.4,2137.7066666666665,2153.2725,45.8955223880597,2114.21,-7.600000000000364,0.1150000000002364,-0.070079086115993,2167.5,2113.0,2113.0,2094.0,21443400.0
2022-07-06,2089.0,2098.0,2043.5,2058.0,1857.3770751953125,32025100.0,2101.975,2107.58,2135.68,2153.05,34.14239482200648,2114.71,-8.38666666666677,-0.4324999999998908,-0.0957820738137082,2167.5,2136.0,2116.5,2128.0,20328900.0
2022-07-07,2086.5,2108.0,2065.0,2105.0,1899.795166015625,27506300.0,2104.075,2103.64,2134.28,2153.0625,46.70750382848392,2115.93,-8.61333333333323,-0.5300000000002001,-0.0751318101933216,2167.5,2098.0,2058.0,2089.0,32025100.0
2022-07-08,2120.5,2147.0,2108.0,2111.0,1905.2103271484373,35446600.0,2106.475,2102.82,2132.96,2153.3625,49.92125984251968,2118.05,-8.466666666666697,0.0275000000001455,-0.0596881959910913,2167.5,2108.0,2105.0,2086.5,27506300.0
2022-07-09,2120.5,2147.0,2108.0,2111.0,1905.2103271484373,35446600.0,2108.875,2103.46,2131.9066666666668,2153.565,49.92125984251968,2119.31,-7.579999999999927,0.3625000000001819,-0.0309846224466375,2167.5,2147.0,2111.0,2120.5,35446600.0
2022-07-10,2120.5,2147.0,2108.0,2111.0,1905.2103271484373,35446600.0,2109.95,2104.7,2130.9866666666667,2153.8375,49.92125984251968,2120.57,-6.7199999999998,0.5650000000000546,0.0139289145052834,2167.5,2147.0,2111.0,2120.5,35446600.0
2022-07-11,2140.0,2158.5,2134.0,2152.0,1942.21337890625,28062000.0,2110.625,2105.18,2130.806666666667,2154.115,54.37589670014348,2122.65,-4.873333333332994,1.0649999999995998,0.0497560975609756,2167.5,2147.0,2111.0,2120.5,35446600.0
2022-07-12,2152.0,2153.0,2110.5,2116.5,1910.1741943359373,24129000.0,2108.65,2107.32,2129.22,2154.215,42.45562130177515,2123.75,-5.0600000000004,1.1525000000001455,0.0299270072992701,2167.5,2158.5,2152.0,2140.0,28062000.0
2022-07-13,2124.0,2145.5,2123.5,2134.5,1926.4195556640625,16445800.0,2109.05,2110.18,2127.873333333333,2154.405,51.02685624012639,2125.44,-5.086666666666588,1.0425000000000182,0.0386861313868613,2167.5,2153.0,2116.5,2152.0,24129000.0
2022-07-14,2101.5,2144.0,2098.5,2135.0,1926.8707275390625,18559500.0,2110.225,2113.06,2126.5333333333333,2154.5975,56.055363321799305,2127.27,-5.3733333333334485,1.0324999999998,0.0389294403892943,2167.5,2145.5,2134.5,2124.0,16445800.0
2022-07-15,2133.5,2163.5,2127.0,2163.0,1952.1412353515625,28589600.0,2112.8,2116.0,2125.5666666666666,2154.8725,66.90140845070422,2128.89,-5.420000000000073,1.0349999999998545,0.0553793608197121,2167.5,2144.0,2135.0,2101.5,18559500.0
2022-07-16,2133.5,2163.5,2127.0,2163.0,1952.1412353515625,28589600.0,2115.375,2116.98,2124.7,2155.0225,66.90140845070422,2130.47,-6.106666666667024,0.9075000000002548,0.0639449090014756,2167.5,2163.5,2163.0,2133.5,28589600.0
2022-07-17,2133.5,2163.5,2127.0,2163.0,1952.1412353515625,28589600.0,2117.45,2117.26,2123.833333333333,2155.285,66.90140845070422,2132.05,-5.386666666666315,1.069999999999709,0.0582191780821916,2167.5,2163.5,2163.0,2133.5,28589600.0
2022-07-18,2133.5,2163.5,2127.0,2163.0,1952.1412353515625,28589600.0,2117.225,2118.72,2122.9666666666667,2155.5725,60.50420168067227,2133.63,-4.906666666666752,1.1675000000000182,0.0788029925187032,2163.0,2163.5,2163.0,2133.5,28589600.0
2022-07-19,2170.0,2179.0,2163.0,2177.0,1964.7763671875,21538900.0,2119.675,2121.34,2122.286666666667,2155.93,62.17303822937626,2134.64,-4.246666666666442,1.3324999999999818,0.06298828125,2177.0,2163.5,2163.0,2133.5,28589600.0
2022-07-20,2200.0,2204.5,2180.0,2194.0,1980.119140625,27281400.0,2124.375,2124.64,2121.193333333333,2156.3725,82.85024154589372,2136.07,-4.3733333333334485,1.5,0.0712890625,2194.0,2179.0,2177.0,2170.0,21538900.0
2022-07-21,2191.0,2206.0,2175.0,2193.5,1979.667724609375,24208700.0,2130.7,2127.92,2120.093333333333,2156.8125,77.57009345794393,2135.99,-4.60666666666657,1.7899999999999636,0.071044921875,2194.0,2204.5,2194.0,2200.0,27281400.0
2022-07-22,2199.5,2204.5,2190.0,2202.5,1987.790771484375,20867700.0,2137.475,2131.16,2119.113333333333,2157.2975,77.98165137614679,2136.18,-4.720000000000255,2.012500000000273,0.0683967984477322,2202.5,2206.0,2193.5,2191.0,24208700.0
2022-07-23,2199.5,2204.5,2190.0,2202.5,1987.790771484375,20867700.0,2144.25,2132.56,2118.5466666666666,2157.1375,77.98165137614679,2136.93,-4.420000000000073,1.5649999999995998,0.074390243902439,2202.5,2204.5,2202.5,2199.5,20867700.0
2022-07-24,2199.5,2204.5,2190.0,2202.5,1987.790771484375,20867700.0,2148.725,2135.54,2118.866666666667,2156.69,77.98165137614679,2137.68,-3.4200000000000728,0.7600000000002183,0.0778076828969904,2202.5,2204.5,2202.5,2199.5,20867700.0
2022-07-25,2177.0,2198.5,2163.0,2166.0,1954.8486328125,16534400.0,2151.2,2138.18,2119.9866666666667,2156.0975,54.40251572327044,2137.7,-1.2066666666664787,-0.2750000000000909,0.0403458213256484,2202.5,2204.5,2202.5,2199.5,20867700.0
2022-07-26,2177.5,2182.5,2160.0,2166.0,1954.8486328125,12369100.0,2156.6,2142.14,2121.5333333333333,2155.39,70.04048582995952,2137.76,1.4400000000000546,-1.422500000000127,0.0393474088291747,2202.5,2198.5,2166.0,2177.0,16534400.0
2022-07-27,2154.0,2174.0,2142.0,2169.0,1957.5562744140625,15783800.0,2159.8,2146.22,2123.0533333333333,2154.6975,65.89861751152074,2137.33,3.940000000000055,-2.599999999999909,0.0407869481765834,2202.5,2182.5,2166.0,2177.5,12369100.0
2022-07-28,2165.0,2174.5,2124.0,2125.0,1917.845703125,27939100.0,2160.5,2148.54,2123.9866666666667,2153.785,46.71052631578947,2135.23,5.440000000000055,-3.352499999999964,0.0196737044145873,2202.5,2174.0,2169.0,2154.0,15783800.0
2022-07-29,2155.0,2163.0,2127.0,2137.0,1928.67578125,24818400.0,2161.8,2149.5,2125.08,2152.9325,40.44117647058823,2133.19,6.213333333333139,-3.757500000000164,0.0049376910416176,2202.5,2174.5,2125.0,2165.0,27939100.0
2022-07-30,2155.0,2163.0,2127.0,2137.0,1928.67578125,24818400.0,2163.1,2150.32,2126.2466666666664,2152.0075,40.44117647058823,2131.86,6.259999999999764,-4.089999999999691,0.0068315665488809,2202.5,2163.0,2137.0,2155.0,24818400.0
2022-07-31,2155.0,2163.0,2127.0,2137.0,1928.67578125,24818400.0,2162.35,2153.48,2127.633333333333,2150.895,40.44117647058823,2130.53,6.099999999999909,-4.494999999999891,-0.0275312855517633,2202.5,2163.0,2137.0,2155.0,24818400.0
2022-08-01,2152.0,2216.5,2150.5,2212.0,1996.3643798828125,32568100.0,2167.125,2157.76,2129.873333333333,2149.895,61.611374407582936,2130.7,6.820000000000164,-4.8025000000002365,0.0086639306885545,2212.0,2163.0,2137.0,2155.0,24818400.0
2022-08-02,2178.0,2198.0,2152.0,2154.5,1944.4696044921875,18343800.0,2168.125,2159.5,2131.866666666667,2148.7175,45.57956777996071,2131.16,7.880000000000109,-5.067499999999654,-0.0048498845265588,2212.0,2216.5,2212.0,2152.0,32568100.0
2022-08-03,2149.0,2162.5,2142.5,2156.0,1945.8233642578125,16651900.0,2169.175,2161.3,2133.306666666667,2147.5475,42.05020920502093,2132.38,8.226666666666915,-5.384999999999764,-0.0041570438799076,2212.0,2198.0,2154.5,2178.0,18343800.0
2022-08-04,2184.0,2187.5,2071.5,2091.5,1887.611328125,50239900.0,2165.6,2160.52,2133.8866666666668,2146.055,33.16831683168317,2132.61,7.640000000000327,-5.952500000000327,-0.0339491916859122,2212.0,2162.5,2156.0,2149.0,16651900.0
2022-08-05,2080.0,2130.0,2074.0,2123.0,1916.0406494140625,27813600.0,2163.6,2159.36,2134.8866666666668,2144.555,37.78801843317973,2132.27,7.253333333333558,-6.3400000000001455,-0.0184928340268145,2212.0,2187.5,2091.5,2184.0,50239900.0
2022-08-06,2080.0,2130.0,2074.0,2123.0,1916.0406494140625,27813600.0,2161.6,2159.62,2135.7066666666665,2143.0525,37.78801843317973,2133.47,5.83333333333303,-6.8425000000002,-0.0308148824469298,2212.0,2130.0,2123.0,2080.0,27813600.0
2022-08-07,2080.0,2130.0,2074.0,2123.0,1916.0406494140625,27813600.0,2159.6,2159.16,2136.68,2142.1525,37.78801843317973,2134.67,4.813333333333048,-6.565000000000055,-0.047982062780269,2212.0,2130.0,2123.0,2080.0,27813600.0
2022-08-08,2100.0,2116.0,2082.5,2116.0,1909.722900390625,22816600.0,2156.55,2158.4,2137.6466666666665,2141.02,41.554054054054056,2135.73,4.339999999999691,-6.5275000000001455,-0.0549352389459579,2212.0,2130.0,2123.0,2080.0,27813600.0
2022-08-09,2106.5,2113.0,2069.0,2076.0,1873.622314453125,25062000.0,2150.65,2154.92,2137.5666666666666,2139.9775,36.60714285714286,2135.46,3.679999999999836,-6.077499999999873,-0.05786249149081,2212.0,2116.0,2116.0,2100.0,22816600.0
2022-08-10,2081.5,2099.0,2077.5,2088.0,1884.4525146484373,15038200.0,2145.375,2151.92,2137.62,2138.995,38.26086956521739,2134.45,2.733333333333121,-5.559999999999945,-0.0524166099387338,2212.0,2113.0,2076.0,2106.5,25062000.0
2022-08-11,2081.5,2099.0,2077.5,2088.0,1884.4525146484373,15038200.0,2139.65,2148.92,2137.673333333333,2138.0125,43.85382059800664,2133.09,1.966666666666697,-5.039999999999964,-0.0524166099387338,2212.0,2099.0,2088.0,2081.5,15038200.0
2022-08-12,2110.0,2135.0,2099.5,2135.0,1926.8707275390625,31314700.0,2136.275,2147.8,2138.353333333333,2137.295,49.70238095238095,2133.26,1.6733333333336304,-4.857500000000073,0.0016420361247948,2212.0,2099.0,2088.0,2081.5,15038200.0
2022-08-13,2110.0,2135.0,2099.5,2135.0,1926.8707275390625,31314700.0,2132.9,2146.12,2138.4666666666667,2136.7875,49.70238095238095,2133.73,0.8200000000001637,-4.232500000000073,0.0190930787589498,2212.0,2135.0,2135.0,2110.0,31314700.0
2022-08-14,2110.0,2135.0,2099.5,2135.0,1926.8707275390625,31314700.0,2131.35,2143.76,2138.633333333333,2136.355,49.70238095238095,2134.2,1.066666666666606,-3.6224999999999454,0.0264423076923077,2212.0,2135.0,2135.0,2110.0,31314700.0
2022-08-15,2124.5,2134.0,2119.0,2132.5,1924.6143798828125,12869100.0,2129.675,2141.32,2137.766666666667,2136.2025,34.91461100569259,2134.62,0.146666666666988,-2.792500000000018,-0.0035046728971962,2212.0,2135.0,2135.0,2110.0,31314700.0
2022-08-16,2129.5,2130.0,2105.5,2121.0,1914.2353515625,12497100.0,2127.275,2138.06,2136.806666666667,2135.6225,42.298850574712645,2134.61,-0.8666666666663332,-2.3899999999998727,0.028114396509937,2212.0,2134.0,2132.5,2124.5,12869100.0
2022-08-17,2136.0,2183.0,2135.5,2183.0,1970.1912841796875,31472900.0,2130.175,2137.28,2137.0466666666666,2135.3525,54.85611510791367,2134.92,-1.3066666666668425,-1.9425000000001087,0.058167716917111,2212.0,2130.0,2121.0,2129.5,12497100.0
2022-08-18,2156.5,2159.5,2137.5,2143.5,1934.5419921875,18478000.0,2130.5,2134.92,2136.76,2134.885,60.276679841897234,2135.23,-1.7066666666664787,-1.9024999999996908,0.0390208434318952,2212.0,2183.0,2183.0,2136.0,31472900.0
2022-08-19,2148.5,2157.5,2144.5,2150.0,1940.408447265625,13295300.0,2131.15,2134.28,2136.56,2134.4075,55.92105263157895,2136.23,-2.073333333333266,-1.9475000000002185,0.0289542952859536,2212.0,2159.5,2143.5,2156.5,18478000.0
2022-08-20,2148.5,2157.5,2144.5,2150.0,1940.408447265625,13295300.0,2131.8,2133.64,2136.3866666666668,2134.0225,55.92105263157895,2137.89,-1.3800000000001091,-2.1799999999998363,0.0053776011222819,2212.0,2157.5,2150.0,2148.5,13295300.0
2022-08-21,2148.5,2157.5,2144.5,2150.0,1940.408447265625,13295300.0,2128.7,2132.88,2135.846666666667,2133.405,55.92105263157895,2139.55,-0.9600000000000364,-2.2174999999997453,-0.0027829313543599,2183.0,2157.5,2150.0,2148.5,13295300.0
2022-08-22,2130.5,2151.5,2126.0,2150.0,1940.408447265625,15320100.0,2128.475,2133.88,2134.78,2132.6875,57.69230769230769,2141.21,-2.266666666666424,-2.664999999999964,0.01105102280743,2183.0,2157.5,2150.0,2148.5,13295300.0
2022-08-23,2122.0,2127.5,2098.0,2107.5,1902.051513671875,25655800.0,2126.05,2132.7,2133.026666666666,2131.8375,57.04697986577181,2141.1,-3.733333333333576,-3.047500000000128,-0.0018943878759175,2183.0,2151.5,2150.0,2130.5,15320100.0
2022-08-24,2093.0,2115.5,2092.5,2100.0,1895.28271484375,18087200.0,2126.475,2131.22,2131.6466666666665,2130.95,52.73972602739725,2140.77,-4.913333333333412,-3.457499999999982,-0.0054463651432631,2183.0,2127.5,2107.5,2122.0,25655800.0
2022-08-25,2096.0,2112.0,2096.0,2109.0,1903.4051513671875,10713100.0,2125.775,2130.1,2130.3866666666668,2130.1075,54.60526315789474,2141.79,-6.0,-3.914999999999964,-0.0011839924224484,2183.0,2115.5,2100.0,2093.0,18087200.0
2022-08-26,2114.5,2121.0,2106.0,2108.0,1902.502685546875,12989800.0,2125.025,2125.94,2129.113333333333,2129.27,42.582417582417584,2141.85,-6.733333333333576,-4.135000000000218,-0.0063634221069998,2183.0,2112.0,2109.0,2096.0,10713100.0
2022-08-27,2114.5,2121.0,2106.0,2108.0,1902.502685546875,12989800.0,2124.275,2124.08,2128.8,2128.33,42.582417582417584,2141.79,-5.980000000000018,-4.357500000000073,-0.0274509803921568,2183.0,2121.0,2108.0,2114.5,12989800.0
2022-08-28,2114.5,2121.0,2106.0,2108.0,1902.502685546875,12989800.0,2123.875,2122.16,2128.9733333333334,2127.2825,42.582417582417584,2141.73,-4.053333333333285,-4.555000000000291,-0.0093984962406015,2183.0,2121.0,2108.0,2114.5,12989800.0
2022-08-29,2060.0,2093.5,2059.0,2090.0,1886.25732421875,20923300.0,2124.575,2122.1,2129.1066666666666,2126.4625,39.24050632911393,2141.31,-2.539999999999964,-4.487499999999727,-0.0047619047619047,2183.0,2121.0,2108.0,2114.5,12989800.0
2022-08-30,2100.0,2113.5,2094.5,2105.0,1899.795166015625,16897300.0,2125.425,2121.38,2128.64,2125.7175,46.01990049751244,2140.37,-1.746666666666897,-4.389999999999873,0.0183841315916788,2183.0,2093.5,2090.0,2060.0,20923300.0
2022-08-31,2090.0,2106.5,2088.0,2101.5,1896.63623046875,22276200.0,2126.1,2120.52,2129.153333333333,2124.955,21.403508771929825,2140.07,0.0399999999999636,-4.315000000000055,0.0166908563134977,2183.0,2113.5,2105.0,2100.0,16897300.0
2022-09-01,2073.0,2075.0,2045.0,2052.5,1852.4132080078125,36248100.0,2121.975,2117.7,2129.0133333333333,2123.9475,20.06578947368422,2138.43,0.2133333333331393,-4.382499999999709,-0.0070149975810352,2183.0,2106.5,2101.5,2090.0,22276200.0
2022-09-02,2050.0,2056.0,2040.5,2049.0,1849.2542724609373,22090800.0,2117.675,2115.02,2128.826666666667,2123.2825,16.107382550335572,2136.71,-0.1466666666665332,-4.0,-0.0302886890676763,2183.0,2075.0,2052.5,2073.0,36248100.0
2022-09-03,2050.0,2056.0,2040.5,2049.0,1849.2542724609373,22090800.0,2113.375,2113.94,2128.286666666667,2122.76,16.107382550335572,2134.43,-0.819999999999709,-3.7024999999998727,-0.031892274982282,2183.0,2056.0,2049.0,2050.0,22090800.0
2022-09-04,2050.0,2056.0,2040.5,2049.0,1849.2542724609373,22090800.0,2109.2,2112.38,2127.093333333333,2122.0425,16.107382550335572,2132.15,-1.5466666666666242,-3.675000000000182,-0.0043731778425656,2183.0,2056.0,2049.0,2050.0,22090800.0
2022-09-05,2041.0,2045.0,2027.0,2037.0,1838.424072265625,17282500.0,2105.0,2110.34,2125.5066666666667,2121.425,14.90683229813665,2129.63,-3.646666666666533,-3.5299999999997453,-0.0323040380047505,2183.0,2056.0,2049.0,2050.0,22090800.0
2022-09-06,2037.5,2054.0,2028.5,2048.5,1848.8031005859373,13434900.0,2098.275,2106.88,2124.4666666666667,2120.7475,27.307692307692307,2127.34,-4.546666666666624,-3.200000000000273,-0.0296068214116532,2150.0,2045.0,2037.0,2041.0,17282500.0
2022-09-07,2043.0,2046.5,2020.0,2034.5,1836.1678466796875,20916100.0,2092.825,2102.86,2123.44,2120.0,26.007326007326,2124.49,-5.38666666666677,-3.2824999999998,-0.0362387494078635,2150.0,2054.0,2048.5,2037.5,13434900.0
2022-09-08,2042.5,2080.5,2042.5,2080.5,1877.6837158203125,26507900.0,2089.35,2100.68,2123.026666666666,2119.4825,41.78674351585014,2122.22,-5.260000000000218,-3.277500000000145,-0.0144481288488867,2150.0,2046.5,2034.5,2043.0,20916100.0
2022-09-09,2070.0,2089.5,2069.0,2078.5,1875.87841796875,26218700.0,2085.775,2098.52,2122.5866666666666,2119.01,41.54727793696276,2119.92,-4.506666666666661,-3.0324999999998,-0.0341542750929367,2150.0,2080.5,2080.5,2042.5,26507900.0
2022-09-10,2070.0,2089.5,2069.0,2078.5,1875.87841796875,26218700.0,2082.2,2096.82,2122.0133333333333,2118.785,41.54727793696276,2117.44,-3.4933333333333394,-2.6400000000003274,-0.0179541696196551,2150.0,2089.5,2078.5,2070.0,26218700.0
2022-09-11,2070.0,2089.5,2069.0,2078.5,1875.87841796875,26218700.0,2078.625,2092.64,2120.826666666667,2118.56,41.54727793696276,2114.96,-3.6399999999998727,-2.1875,-0.0262356523776059,2109.0,2089.5,2078.5,2070.0,26218700.0
2022-09-12,2086.0,2087.0,2065.0,2070.0,1868.20703125,15232900.0,2076.75,2089.7,2120.0533333333333,2118.455,43.93939393939394,2112.31,-3.3866666666667697,-1.5450000000000728,-0.0304449648711944,2109.0,2089.5,2078.5,2070.0,26218700.0
2022-09-13,2061.0,2071.5,2042.0,2067.0,1865.499755859375,18368100.0,2075.1,2086.38,2119.613333333333,2118.27,37.58169934640522,2110.33,-3.413333333333412,-1.212500000000091,-0.044382801664355,2109.0,2087.0,2070.0,2086.0,15232900.0
2022-09-14,2040.0,2053.5,2030.0,2038.0,1839.32666015625,26178500.0,2071.55,2081.9,2119.2266666666665,2117.94,32.212885154061624,2107.77,-3.360000000000128,-1.0700000000001637,-0.0577901063337956,2108.0,2071.5,2067.0,2061.0,18368100.0
2022-09-15,2038.0,2046.5,2034.0,2040.0,1841.1317138671875,15098100.0,2068.15,2077.5,2118.866666666667,2117.62,45.247148288973385,2105.19,-3.1466666666665333,-1.1649999999999636,-0.0568654646324549,2108.0,2053.5,2038.0,2040.0,26178500.0
2022-09-16,2020.0,2040.0,2019.5,2030.5,1832.5577392578125,28115400.0,2064.275,2072.72,2118.38,2117.08,43.27272727272727,2103.3,-2.446666666666715,-1.4800000000000182,-0.0612575127138234,2108.0,2046.5,2040.0,2038.0,15098100.0
2022-09-17,2020.0,2040.0,2019.5,2030.5,1832.5577392578125,28115400.0,2060.4,2069.64,2117.28,2116.5675,43.27272727272727,2101.17,-2.7733333333330847,-1.887499999999818,-0.0672944418925126,2105.0,2040.0,2030.5,2020.0,28115400.0
2022-09-18,2020.0,2040.0,2019.5,2030.5,1832.5577392578125,28115400.0,2057.425,2066.86,2116.133333333333,2116.5275,43.27272727272727,2099.04,-3.480000000000018,-1.7424999999998363,-0.0745214220601641,2105.0,2040.0,2030.5,2020.0,28115400.0
2022-09-19,2020.0,2040.0,2019.5,2030.5,1832.5577392578125,28115400.0,2053.7,2063.72,2115.766666666667,2116.445,47.41035856573705,2096.91,-3.4599999999995816,-1.4949999999998909,-0.0743104627307955,2101.5,2040.0,2030.5,2020.0,28115400.0
2022-09-20,2043.0,2069.0,2037.0,2048.5,1848.8031005859373,21038800.0,2051.05,2061.34,2115.0133333333333,2116.8175,50.0,2093.64,-3.8533333333334654,-0.8024999999997817,-0.0699205448354143,2080.5,2040.0,2030.5,2020.0,28115400.0
2022-09-21,2020.0,2021.0,2000.0,2000.0,1805.031005859375,31783100.0,2048.425,2057.02,2113.5333333333333,2116.9475,39.63963963963965,2090.55,-4.846666666666806,-0.1324999999997089,-0.0919409761634506,2080.5,2069.0,2048.5,2043.0,21038800.0
2022-09-22,1990.0,2028.0,1989.0,2028.0,1830.301513671875,26440900.0,2047.375,2053.82,2112.4266666666667,2117.2175,32.32323232323233,2087.99,-4.853333333333467,0.650000000000091,-0.0792281498297389,2080.5,2021.0,2000.0,2020.0,31783100.0
2022-09-23,1990.0,2028.0,1989.0,2028.0,1830.301513671875,26440900.0,2046.325,2051.34,2111.32,2118.1325,32.764505119453915,2086.72,-4.813333333333048,1.6050000000000182,-0.0637119113573406,2080.5,2028.0,2028.0,1990.0,26440900.0
2022-09-24,1990.0,2028.0,1989.0,2028.0,1830.301513671875,26440900.0,2045.275,2048.26,2109.6666666666665,2119.2175,32.764505119453915,2084.82,-6.100000000000364,2.7725000000000364,-0.0637119113573406,2080.5,2028.0,2028.0,1990.0,26440900.0
2022-09-25,1990.0,2028.0,1989.0,2028.0,1830.301513671875,26440900.0,2044.825,2045.32,2108.4866666666667,2120.13,32.764505119453915,2082.92,-6.526666666666642,3.3125,-0.0650069156293222,2080.5,2028.0,2028.0,1990.0,26440900.0
2022-09-26,1981.0,1989.0,1963.0,1963.0,1771.6378173828125,35307900.0,2040.55,2041.74,2106.2,2120.2175,23.645320197044327,2079.72,-7.333333333333485,3.269999999999982,-0.076235294117647,2080.5,2028.0,2028.0,1990.0,26440900.0
2022-09-27,1982.5,2004.0,1975.0,1986.0,1792.3958740234375,23245500.0,2038.125,2039.22,2104.213333333333,2120.845,31.83856502242152,2077.12,-8.213333333333594,3.6274999999996,-0.0706598034627983,2080.5,1989.0,1963.0,1981.0,35307900.0
2022-09-28,1973.5,1975.0,1928.0,1953.5,1763.0640869140625,32375000.0,2031.775,2035.4,2101.42,2121.31,31.34657836644591,2074.67,-9.900000000000093,3.1774999999997817,-0.0858680393074403,2078.5,2004.0,1986.0,1982.5,23245500.0
2022-09-29,1955.5,1969.5,1935.5,1958.5,1790.490478515625,29667900.0,2025.775,2031.78,2098.693333333333,2121.8,32.244008714596944,2072.08,-10.973333333333358,2.582499999999982,-0.0835283107159569,2078.5,1975.0,1953.5,1973.5,32375000.0
2022-09-30,1927.5,1935.0,1871.0,1876.0,1715.067626953125,41993800.0,2015.65,2025.34,2094.866666666667,2121.61,24.46280991735537,2067.84,-13.61999999999989,1.4800000000000182,-0.1518987341772152,2078.5,1969.5,1958.5,1955.5,29667900.0
2022-10-01,1927.5,1935.0,1871.0,1876.0,1715.067626953125,41993800.0,2005.525,2018.44,2091.04,2121.215,24.46280991735537,2062.66,-15.159999999999854,0.9974999999999454,-0.1292643304711069,2070.0,1935.0,1876.0,1927.5,41993800.0
2022-10-02,1927.5,1935.0,1871.0,1876.0,1715.067626953125,41993800.0,1995.825,2012.1,2087.026666666666,2120.64,24.46280991735537,2057.48,-17.186666666666497,-0.2049999999999272,-0.1298701298701299,2067.0,1935.0,1876.0,1927.5,41993800.0
2022-10-03,1880.0,1947.5,1878.5,1941.5,1774.9488525390625,32688200.0,1989.55,2006.54,2083.66,2120.1675,37.90760869565217,2053.61,-17.76000000000022,-1.1424999999999272,-0.0717188620607219,2048.5,1935.0,1876.0,1927.5,41993800.0
2022-10-04,1981.5,2004.0,1970.5,2004.0,1832.08740234375,39192400.0,1987.85,2003.56,2081.133333333333,2120.0875,44.6060606060606,2051.04,-17.559999999999945,-1.712500000000091,-0.0560527555346208,2048.5,1947.5,1941.5,1880.0,32688200.0
2022-10-05,2024.0,2025.5,1990.0,2001.0,1829.3446044921875,25516900.0,1985.9,2000.46,2078.4466666666667,2119.9925,50.136239782016354,2048.64,-16.420000000000073,-1.617500000000291,-0.0574658502119641,2048.5,2004.0,2004.0,1981.5,39192400.0
2022-10-06,2000.0,2012.0,1996.5,2000.0,1828.430419921875,26603000.0,1984.375,1997.32,2075.7466666666664,2119.8925,45.88235294117647,2044.98,-15.29333333333352,-1.3225000000002185,-0.0579368817710786,2048.5,2025.5,2001.0,2024.0,25516900.0
2022-10-07,1966.5,2001.5,1963.5,1985.5,1815.1744384765625,27846100.0,1982.125,1993.94,2072.853333333333,2119.72,44.00564174894217,2041.82,-14.173333333333176,-0.9200000000000728,-0.061672967863894,2048.5,2012.0,2000.0,2000.0,26603000.0
2022-10-08,1966.5,2001.5,1963.5,1985.5,1815.1744384765625,27846100.0,1979.875,1990.68,2070.4466666666667,2119.3725,44.00564174894217,2038.53,-13.21333333333314,-0.7950000000000728,-0.0435934489402697,2048.5,2001.5,1985.5,1966.5,27846100.0
2022-10-09,1966.5,2001.5,1963.5,1985.5,1815.1744384765625,27846100.0,1977.625,1988.58,2068.04,2118.615,44.00564174894217,2035.24,-13.093333333333248,-1.4725000000003092,-0.0490900383141762,2048.5,2001.5,1985.5,1966.5,27846100.0
2022-10-10,1966.5,2001.5,1963.5,1985.5,1815.1744384765625,27846100.0,1974.475,1986.4,2065.593333333333,2117.5425,53.88601036269429,2031.95,-12.853333333333469,-2.449999999999818,-0.0490900383141762,2028.0,2001.5,1985.5,1966.5,27846100.0
2022-10-11,1978.0,1987.0,1959.0,1966.5,1797.8043212890625,25261700.0,1972.8,1983.84,2063.48,2116.43,46.58493870402802,2028.28,-12.266666666666424,-3.462500000000091,-0.0789227166276346,2028.0,2001.5,1985.5,1966.5,27846100.0
2022-10-12,1968.0,1999.5,1964.0,1990.0,1819.288330078125,25409100.0,1970.9,1982.22,2061.52,2115.435,56.600361663652805,2025.93,-11.333333333333483,-4.284999999999855,-0.0679156908665105,2028.0,1987.0,1966.5,1978.0,25261700.0
2022-10-13,1990.5,2001.5,1980.0,1983.5,1813.3458251953125,23730300.0,1968.675,1980.34,2059.4733333333334,2114.4075,54.49640287769784,2023.6,-10.973333333333358,-4.9650000000001455,-0.0709601873536299,2028.0,1999.5,1990.0,1968.0,25409100.0
2022-10-14,2005.0,2020.0,1988.5,2008.0,1835.7440185546875,31734600.0,1967.675,1979.44,2057.7533333333336,2113.4375,80.0,2021.58,-10.286666666666406,-5.177499999999782,-0.0583821805392731,2028.0,2001.5,1983.5,1990.5,23730300.0
2022-10-15,2005.0,2020.0,1988.5,2008.0,1835.7440185546875,31734600.0,1966.675,1977.82,2055.0333333333333,2112.1725,80.0,2019.58,-10.559999999999944,-5.369999999999891,-0.0532767562470533,2008.0,2020.0,2008.0,2005.0,31734600.0
2022-10-16,2005.0,2020.0,1988.5,2008.0,1835.7440185546875,31734600.0,1968.925,1978.14,2053.08,2111.12,80.0,2017.58,-10.400000000000093,-5.309999999999945,-0.0801649106733852,2008.0,2020.0,2008.0,2005.0,31734600.0
2022-10-17,1990.0,2001.5,1987.0,2000.0,1828.430419921875,22166100.0,1969.625,1977.02,2051.0,2110.0075,68.0,2015.42,-10.519999999999982,-5.427499999999782,-0.0669465826918591,2008.0,2020.0,2008.0,2005.0,31734600.0
2022-10-18,2029.0,2029.5,1994.0,2007.5,1835.2872314453125,21403400.0,1972.325,1976.2,2049.88,2109.02,51.62790697674419,2013.77,-9.593333333333248,-5.387499999999818,-0.0662790697674419,2008.0,2001.5,2000.0,1990.0,22166100.0
2022-10-19,2009.5,2019.0,2003.5,2003.5,1831.63037109375,15797500.0,1974.575,1975.22,2048.286666666667,2108.0125,51.1520737327189,2011.74,-9.466666666666695,-5.425000000000182,-0.0681395348837209,2008.0,2029.5,2007.5,2029.0,21403400.0
2022-10-20,1999.0,2008.0,1997.5,2004.0,1832.08740234375,21090700.0,1980.975,1974.26,2046.7,2107.0075,51.85185185185185,2009.79,-8.333333333333258,-5.164999999999964,-0.067906976744186,2008.0,2019.0,2003.5,2009.5,15797500.0
2022-10-21,2000.0,2002.0,1978.5,1987.5,1817.0028076171875,24809100.0,1986.55,1975.24,2044.8933333333327,2105.89,50.909090909090914,2008.49,-8.186666666666497,-5.230000000000018,-0.0755813953488372,2008.0,2008.0,2004.0,1999.0,21090700.0
2022-10-22,2000.0,2002.0,1978.5,1987.5,1817.0028076171875,24809100.0,1992.125,1975.3,2043.18,2104.74,50.909090909090914,2007.26,-7.819999999999936,-5.267500000000382,-0.0569395017793594,2008.0,2002.0,1987.5,2000.0,24809100.0
2022-10-23,2000.0,2002.0,1978.5,1987.5,1817.0028076171875,24809100.0,1994.425,1976.66,2042.0,2103.7275,50.909090909090914,2006.03,-7.880000000000109,-5.292500000000018,-0.0535714285714286,2008.0,2002.0,1987.5,2000.0,24809100.0
2022-10-24,2005.0,2013.5,1992.0,1996.5,1825.230712890625,20173100.0,1994.05,1978.18,2040.78,2102.8675,54.6218487394958,2004.98,-7.506666666666888,-5.144999999999982,-0.0533428165007112,2008.0,2002.0,1987.5,2000.0,24809100.0
2022-10-25,2003.5,2020.5,1999.5,2016.0,1843.057861328125,18457200.0,1994.8,1983.78,2039.82,2102.47,70.7112970711297,2004.56,-6.880000000000109,-4.537500000000364,-0.0436432637571158,2016.0,2013.5,1996.5,2005.0,20173100.0
2022-10-26,2018.0,2031.5,2017.0,2020.0,1846.71484375,16753300.0,1995.8,1989.54,2038.2866666666664,2102.0925,65.0,2003.99,-6.606666666666797,-3.7974999999996726,-0.0417457305502846,2020.0,2020.5,2016.0,2003.5,18457200.0
2022-10-27,2016.0,2021.0,1992.0,1999.0,1827.5162353515625,23218700.0,1996.475,1994.46,2036.473333333333,2101.61,56.76855895196507,2003.28,-6.706666666666706,-3.1299999999996544,-0.051707779886148,2020.0,2031.5,2020.0,2018.0,16753300.0
2022-10-28,2007.0,2041.0,2004.5,2030.0,1855.85693359375,90671700.0,1998.7,1998.0,2035.0733333333333,2101.2525,59.09090909090909,2002.27,-6.926666666666733,-2.474999999999909,-0.0287081339712919,2030.0,2021.0,1999.0,2016.0,23218700.0
2022-10-29,2007.0,2041.0,2004.5,2030.0,1855.85693359375,90671700.0,2000.925,1999.04,2033.7066666666667,2101.055,59.09090909090909,2001.3,-7.073333333333267,-1.8125,-0.0356294536817102,2030.0,2041.0,2030.0,2007.0,90671700.0
2022-10-30,2007.0,2041.0,2004.5,2030.0,1855.85693359375,90671700.0,2003.15,2000.2,2032.493333333333,2100.6075,59.09090909090909,2000.33,-7.326666666666597,-1.8624999999997272,-0.0340233166785629,2030.0,2041.0,2030.0,2007.0,90671700.0
2022-10-31,2046.0,2059.5,2039.5,2059.5,1882.826416015625,22869200.0,2007.8,2002.58,2030.8466666666664,2100.2475,70.87719298245614,1999.95,-7.440000000000055,-1.8450000000002549,0.0034104750304506,2059.5,2041.0,2030.0,2007.0,90671700.0
2022-11-01,2054.0,2072.0,2006.5,2019.5,1846.2576904296875,38181300.0,2009.275,2003.94,2029.1933333333327,2099.545,53.42857142857143,1998.94,-7.279999999999973,-2.0650000000000546,-0.0143972669594923,2059.5,2059.5,2059.5,2046.0,22869200.0
2022-11-02,1998.0,2017.0,1992.5,2014.5,1841.6865234375,24179300.0,2010.825,2005.1,2027.3866666666668,2098.8175,53.125,1997.89,-7.686666666666497,-2.434999999999945,-0.0168374816983895,2059.5,2072.0,2019.5,2054.0,38181300.0
2022-11-03,1998.0,2017.0,1992.5,2014.5,1841.6865234375,24179300.0,2011.15,2006.26,2025.58,2098.09,52.99145299145299,1997.42,-8.126666666666779,-2.9649999999996908,-0.0168374816983895,2059.5,2017.0,2014.5,1998.0,24179300.0
2022-11-04,1999.0,2002.5,1974.0,1985.0,1814.7174072265625,32176900.0,2010.0,2006.24,2023.38,2097.24,49.3368700265252,1996.32,-9.11333333333323,-3.367500000000291,-0.025527736867943,2059.5,2017.0,2014.5,1998.0,24179300.0
2022-11-05,1999.0,2002.5,1974.0,1985.0,1814.7174072265625,32176900.0,2008.85,2006.98,2021.18,2096.28,49.3368700265252,1995.41,-9.666666666666517,-3.967499999999745,-0.0309982914327556,2059.5,2002.5,1985.0,1999.0,32176900.0
2022-11-06,1999.0,2002.5,1974.0,1985.0,1814.7174072265625,32176900.0,2008.1,2006.78,2019.5466666666664,2094.9125,49.3368700265252,1994.5,-9.64666666666676,-4.632500000000164,-0.0243303022855738,2059.5,2002.5,1985.0,1999.0,32176900.0
2022-11-07,2000.0,2003.0,1988.0,1993.0,1822.031005859375,18017000.0,2007.375,2007.16,2018.12,2093.6275,49.06666666666667,1993.75,-9.26666666666688,-5.190000000000055,-0.042057197788993,2059.5,2002.5,1985.0,1999.0,32176900.0
2022-11-08,1990.5,2008.5,1987.0,2003.0,1831.1729736328125,18424300.0,2007.35,2006.96,2016.7066666666667,2092.5925,46.348314606741575,1993.2,-8.873333333333221,-5.497499999999945,-0.0363242723117632,2059.5,2003.0,1993.0,2000.0,18017000.0
2022-11-09,1991.5,2001.5,1984.5,1988.5,1817.9169921875,19748500.0,2006.575,2006.18,2015.1133333333328,2091.485,41.644562334217504,1992.0,-8.266666666666879,-5.754999999999654,-0.0433004570603801,2059.5,2008.5,2003.0,1990.5,18424300.0
2022-11-10,1961.5,1968.0,1954.0,1958.5,1790.490478515625,23246900.0,2005.125,2004.2,2013.12,2090.2275,39.74683544303797,1991.17,-8.060000000000173,-6.0525000000002365,-0.0577339427471734,2059.5,2001.5,1988.5,1991.5,19748500.0
2022-11-11,1992.5,2004.5,1989.0,2001.0,1829.3446044921875,30008700.0,2005.8,2004.24,2011.6933333333327,2089.2825,43.0622009569378,1990.63,-7.853333333333239,-5.630000000000109,-0.0333333333333333,2059.5,1968.0,1958.5,1961.5,23246900.0
2022-11-12,1992.5,2004.5,1989.0,2001.0,1829.3446044921875,30008700.0,2006.475,2003.98,2010.506666666667,2088.3875,43.0622009569378,1990.09,-7.61333333333323,-5.2400000000002365,-0.0319303338171262,2059.5,2004.5,2001.0,1992.5,30008700.0
2022-11-13,1992.5,2004.5,1989.0,2001.0,1829.3446044921875,30008700.0,2006.7,2003.88,2009.12,2087.565,43.0622009569378,1989.55,-7.586666666666815,-5.0275000000001455,-0.0181550539744848,2059.5,2004.5,2001.0,1992.5,30008700.0
2022-11-14,1998.5,2003.5,1985.5,1986.0,1815.6314697265625,21130800.0,2005.2,2003.16,2007.58,2086.3175,31.105398457583547,1988.71,-7.533333333333303,-5.167500000000018,-0.0264705882352941,2059.5,2004.5,2001.0,1992.5,30008700.0
2022-11-15,1985.0,2003.0,1984.5,1998.0,1826.60205078125,17879100.0,2004.1,2003.58,2006.8533333333328,2085.13,43.54354354354355,1989.41,-6.266666666666652,-5.097499999999855,-0.0160059098744151,2059.5,2003.5,1986.0,1998.5,21130800.0
2022-11-16,2000.0,2001.0,1981.5,1996.0,1824.7735595703125,22615800.0,2003.95,2003.92,2006.1466666666668,2083.9325,44.34250764525994,1989.61,-5.546666666666624,-5.349999999999909,-0.0169908889436098,2059.5,2003.0,1998.0,1985.0,17879100.0
2022-11-17,1994.0,2007.5,1992.5,1993.5,1822.488037109375,14840200.0,2002.125,2004.16,2005.4066666666668,2082.7225,43.67469879518072,1990.41,-5.099999999999909,-5.664999999999964,-0.0182221127801034,2059.5,2001.0,1996.0,2000.0,22615800.0
2022-11-18,2005.0,2012.0,1991.5,1993.0,1822.031005859375,15711600.0,2000.275,2004.02,2004.66,2081.5475,52.91970802919708,1991.1,-4.459999999999809,-6.017499999999927,-0.0184683575474021,2059.5,2007.5,1993.5,1994.0,14840200.0
2022-11-19,2005.0,2012.0,1991.5,1993.0,1822.031005859375,15711600.0,1998.425,2003.1,2004.0733333333333,2080.3725,52.91970802919708,1993.44,-3.5066666666666606,-5.945000000000164,-0.0270929948742982,2059.5,2012.0,1993.0,2005.0,15711600.0
2022-11-20,2005.0,2012.0,1991.5,1993.0,1822.031005859375,15711600.0,1995.1,2002.02,2003.3333333333333,2079.1975,52.91970802919708,1995.78,-3.519999999999982,-5.932499999999891,-0.0034999999999999,2019.5,2012.0,1993.0,2005.0,15711600.0
2022-11-21,1999.0,2006.0,1993.5,2003.0,1831.1729736328125,14421500.0,1994.275,2002.18,2002.9133333333327,2078.0725,53.59712230215828,1998.32,-3.2333333333333485,-5.859999999999673,-0.01232741617357,2014.5,2012.0,1993.0,2005.0,15711600.0
2022-11-22,2020.0,2059.5,2020.0,2050.0,1874.141357421875,32248300.0,1996.05,2002.98,2002.506666666667,2076.9425,63.352272727272734,2000.49,-2.900000000000091,-5.779999999999745,0.0108481262327415,2050.0,2006.0,2003.0,1999.0,14421500.0
2022-11-23,2020.0,2059.5,2020.0,2050.0,1874.141357421875,32248300.0,1997.825,2003.78,2002.1266666666668,2075.8125,69.04024767801857,2001.41,-2.533333333333303,-5.735000000000127,0.0108481262327415,2050.0,2059.5,2050.0,2020.0,32248300.0
2022-11-24,2060.0,2060.5,2041.5,2046.5,1870.9417724609373,21006500.0,2000.9,2004.44,2001.7,2074.665,82.5925925925926,2002.32,-2.373333333333221,-5.707499999999982,0.0091222879684418,2050.0,2059.5,2050.0,2020.0,32248300.0
2022-11-25,2050.0,2057.5,2044.0,2054.5,1878.255126953125,11659400.0,2004.375,2004.24,2001.38,2073.7125,76.61691542288557,2003.41,-1.9533333333331484,-5.485000000000127,0.0466123280692816,2054.5,2060.5,2046.5,2060.0,21006500.0
2022-11-26,2050.0,2057.5,2044.0,2054.5,1878.255126953125,11659400.0,2007.85,2005.64,2001.1733333333327,2073.0925,76.61691542288557,2004.79,-1.740000000000009,-4.980000000000018,0.034491440080564,2054.5,2057.5,2054.5,2050.0,11659400.0
2022-11-27,2050.0,2057.5,2044.0,2054.5,1878.255126953125,11659400.0,2010.925,2007.24,2001.006666666667,2072.955,76.61691542288557,2006.17,-1.5,-3.987500000000182,0.0517020732019453,2054.5,2057.5,2054.5,2050.0,11659400.0
2022-11-28,2064.0,2070.0,2030.5,2033.0,1858.599609375,13933100.0,2012.425,2007.98,2000.94,2072.87,71.96261682242991,2007.12,-1.1866666666667245,-2.942500000000109,0.0380393158029104,2054.5,2057.5,2054.5,2050.0,11659400.0
2022-11-29,2021.5,2033.0,2005.5,2005.5,1833.458740234375,22107200.0,2013.275,2008.8,2000.48,2072.6225,53.06122448979592,2007.52,-1.2200000000000273,-2.042500000000018,0.0690298507462685,2054.5,2070.0,2033.0,2064.0,13933100.0
2022-11-30,2010.0,2020.0,1997.5,2010.5,1838.02978515625,29110200.0,2015.875,2009.82,2000.213333333333,2072.4,55.776892430278885,2008.4,-1.1666666666667425,-1.3125,0.0716950959488273,2054.5,2033.0,2005.5,2021.5,22107200.0
2022-12-01,2024.0,2025.0,1998.5,1998.5,1827.0592041015625,22681700.0,2015.75,2010.36,1999.7866666666664,2072.1175,51.85185185185185,2008.57,-1.3866666666667695,-0.9750000000003638,0.0652985074626866,2054.5,2020.0,2010.5,2010.0,29110200.0
2022-12-02,1988.0,1988.0,1951.5,1971.0,1801.9183349609373,29660900.0,2014.25,2009.48,1998.993333333333,2071.725,43.20987654320988,2008.32,-2.013333333333321,-1.2300000000000182,0.0151944372907546,2054.5,2025.0,1998.5,2024.0,22681700.0
2022-12-03,1988.0,1988.0,1951.5,1971.0,1801.9183349609373,29660900.0,2012.75,2008.2,1998.2,2071.415,43.20987654320988,2007.58,-2.740000000000009,-1.4549999999999272,-0.0164670658682635,2054.5,1988.0,1971.0,1988.0,29660900.0
2022-12-04,1988.0,1988.0,1951.5,1971.0,1801.9183349609373,29660900.0,2012.0,2007.5,1997.1666666666667,2071.05,43.20987654320988,2006.84,-3.313333333333276,-1.5724999999997635,-0.0149925037481258,2054.5,1988.0,1971.0,1988.0,29660900.0
2022-12-05,1977.0,1977.0,1945.0,1951.0,1783.634033203125,21789000.0,2009.65,2007.2,1996.513333333333,2070.78,34.88372093023256,2005.7,-3.7000000000000455,-1.6199999999998909,-0.0244999999999999,2054.5,1988.0,1971.0,1988.0,29660900.0
2022-12-06,1945.0,1952.0,1928.0,1943.5,1776.7772216796875,28364200.0,2007.025,2004.9,1995.3866666666668,2070.2575,9.811320754716974,2004.57,-4.399999999999864,-1.8599999999996728,-0.0211533618735835,2054.5,1977.0,1951.0,1977.0,21789000.0
2022-12-07,1936.0,1959.5,1932.0,1949.5,1782.2625732421875,21057000.0,2004.825,2002.84,1994.34,2069.765,13.71841155234658,2003.41,-4.653333333333421,-1.9600000000000364,-0.0181314530345001,2054.5,1952.0,1943.5,1945.0,28364200.0
2022-12-08,1936.5,1944.0,1924.0,1938.5,1772.206298828125,27286300.0,2002.1,2000.34,1993.1466666666668,2069.2175,13.013698630136986,2002.11,-5.053333333333285,-2.1974999999997635,-0.0236716192394862,2054.5,1959.5,1949.5,1936.0,21057000.0
2022-12-09,1953.0,1965.0,1951.5,1954.0,1786.376708984375,23880900.0,2000.15,1999.06,1992.16,2068.68,17.26384364820848,2001.11,-5.006666666666661,-2.3700000000003456,-0.0158650214051876,2054.5,1944.0,1938.5,1936.5,27286300.0
2022-12-10,1953.0,1965.0,1951.5,1954.0,1786.376708984375,23880900.0,1998.2,1997.3,1992.04,2068.2,17.26384364820848,2000.44,-4.473333333333358,-2.580000000000382,-0.0063564708873633,2054.5,1965.0,1954.0,1953.0,23880900.0
2022-12-11,1953.0,1965.0,1951.5,1954.0,1786.376708984375,23880900.0,1995.75,1995.62,1991.6133333333328,2067.7525,17.26384364820848,1999.77,-3.77333333333354,-2.505000000000109,-0.0180904522613065,2054.5,1965.0,1954.0,1953.0,23880900.0
2022-12-12,1953.5,1973.0,1951.5,1963.0,1794.6043701171875,16003300.0,1991.4,1994.4,1991.74,2067.1575,25.177304964539005,1999.28,-2.599999999999909,-2.6075000000000728,-0.0103352659440383,2054.5,1965.0,1954.0,1953.0,23880900.0
2022-12-13,1984.0,1989.0,1966.5,1968.5,1799.6326904296875,15591800.0,1987.325,1993.42,1991.8733333333328,2066.58,34.45378151260503,1998.72,-1.2733333333335397,-2.637500000000273,-0.0196713147410358,2054.5,1973.0,1963.0,1953.5,16003300.0
2022-12-14,1958.5,1981.0,1952.5,1978.0,1808.317626953125,14946400.0,1983.9,1992.82,1993.233333333333,2066.05,36.8421052631579,1997.96,1.0733333333332666,-2.6299999999996544,-0.0149402390438246,2054.5,1989.0,1968.5,1984.0,15591800.0
2022-12-15,1975.0,1984.5,1971.0,1978.5,1808.77490234375,11987000.0,1980.1,1992.24,1994.6,2065.5225,41.07142857142856,1997.13,2.559999999999945,-2.6774999999997817,-0.0146912350597609,2054.5,1981.0,1978.0,1958.5,14946400.0
2022-12-16,1940.5,1959.5,1935.5,1941.0,1774.49169921875,26790400.0,1974.425,1989.76,1995.4666666666667,2064.595,37.70491803278688,1995.97,3.8533333333334654,-3.1575000000002547,-0.0294999999999999,2054.5,1984.5,1978.5,1975.0,11987000.0
2022-12-17,1940.5,1959.5,1935.5,1941.0,1774.49169921875,26790400.0,1968.75,1985.4,1995.46,2063.6875,37.70491803278688,1994.19,3.7200000000000273,-3.4699999999998,-0.0331257783312577,2033.0,1959.5,1941.0,1940.5,26790400.0
2022-12-18,1940.5,1959.5,1935.5,1941.0,1774.49169921875,26790400.0,1964.15,1981.04,1994.62,2062.405,37.70491803278688,1992.41,2.7466666666666697,-4.174999999999727,-0.0311954080359371,2010.5,1959.5,1941.0,1940.5,26790400.0
2022-12-19,1920.0,1931.0,1910.0,1910.0,1746.151123046875,21852800.0,1959.375,1975.58,1993.4066666666668,2060.99,34.58646616541354,1990.01,0.173333333333403,-5.0600000000004,-0.0469061876247505,2010.5,1959.5,1941.0,1940.5,26790400.0
2022-12-20,1905.0,1909.5,1840.5,1845.0,1686.7271728515625,54192000.0,1951.1,1967.2,1991.34,2059.39,24.146981627296583,1985.72,-3.259999999999991,-6.132500000000164,-0.0716981132075471,1998.5,1931.0,1910.0,1920.0,21852800.0
2022-12-21,1837.0,1840.5,1791.0,1808.0,1652.901123046875,49302700.0,1941.575,1957.34,1988.973333333333,2057.605,18.058690744920995,1981.49,-6.493333333333339,-6.989999999999782,-0.090314465408805,1978.5,1909.5,1845.0,1905.0,54192000.0
2022-12-22,1830.0,1854.0,1829.0,1841.0,1683.0704345703125,28230900.0,1935.075,1948.8,1987.0466666666664,2055.985,29.979466119096514,1978.02,-8.413333333333412,-7.702499999999873,-0.0737106918238993,1978.5,1840.5,1808.0,1837.0,49302700.0
2022-12-23,1808.5,1821.0,1805.0,1818.0,1662.04345703125,19066400.0,1927.425,1940.2,1984.8133333333333,2054.26,22.908366533864537,1974.09,-9.806666666666615,-8.144999999999982,-0.0894064613072878,1978.5,1854.0,1841.0,1830.0,28230900.0
2022-12-24,1808.5,1821.0,1805.0,1818.0,1662.04345703125,19066400.0,1919.775,1932.7,1982.58,2052.3975,22.908366533864537,1970.75,-10.826666666666824,-8.592499999999745,-0.0982142857142857,1978.5,1821.0,1818.0,1808.5,19066400.0
2022-12-25,1808.5,1821.0,1805.0,1818.0,1662.04345703125,19066400.0,1913.125,1925.0,1980.6,2050.3375,22.908366533864537,1967.41,-10.740000000000007,-9.052499999999782,-0.0999999999999999,1978.5,1821.0,1818.0,1808.5,19066400.0
2022-12-26,1821.0,1839.5,1821.0,1823.0,1666.6142578125,11812100.0,1907.1,1917.98,1978.3733333333328,2048.2575,21.659919028340084,1964.17,-10.600000000000136,-9.347499999999854,-0.0880440220110054,1978.5,1821.0,1818.0,1808.5,19066400.0
2022-12-27,1840.0,1844.5,1813.5,1817.5,1661.5860595703125,16716500.0,1900.5,1911.84,1976.16,2046.3275,19.4331983805668,1960.66,-10.886666666666542,-9.657500000000027,-0.104679802955665,1978.5,1839.5,1823.0,1821.0,11812100.0
2022-12-28,1811.5,1819.0,1807.0,1819.0,1662.9576416015625,17027000.0,1894.525,1905.76,1973.64,2044.405,16.73640167364016,1956.98,-11.173333333333176,-9.855000000000246,-0.1039408866995074,1978.5,1844.5,1817.5,1840.0,16716500.0
2022-12-29,1809.0,1817.0,1800.5,1817.0,1661.129150390625,17662900.0,1887.675,1899.6,1971.0933333333328,2042.4725,16.42411642411642,1953.55,-11.48666666666668,-9.924999999999956,-0.1049261083743842,1978.5,1819.0,1819.0,1811.5,17027000.0
2022-12-30,1817.0,1832.0,1811.5,1812.5,1657.0152587890625,21250600.0,1880.6,1894.06,1968.486666666667,2040.8775,19.03614457831325,1950.63,-12.11333333333323,-9.460000000000036,-0.1199320223355183,1978.5,1817.0,1817.0,1809.0,17662900.0
2022-12-31,1817.0,1832.0,1811.5,1812.5,1657.0152587890625,21250600.0,1873.525,1888.82,1965.986666666667,2039.465,19.03614457831325,1946.86,-12.386666666666542,-8.792500000000246,-0.1025006189650903,1978.5,1832.0,1812.5,1817.0,21250600.0
2023-01-01,1817.0,1832.0,1811.5,1812.5,1657.0152587890625,21250600.0,1866.0,1883.34,1963.3866666666668,2038.1275,19.03614457831325,1943.09,-12.773333333333312,-8.200000000000045,-0.1002730206006453,1978.5,1832.0,1812.5,1817.0,21250600.0
2023-01-02,1817.0,1832.0,1811.5,1812.5,1657.0152587890625,21250600.0,1858.2,1878.3,1960.84,2036.49,22.37960339943342,1939.32,-12.800000000000182,-7.914999999999964,-0.1002730206006453,1978.5,1832.0,1812.5,1817.0,21250600.0
2023-01-03,1817.0,1832.0,1811.5,1812.5,1657.0152587890625,21250600.0,1849.925,1872.64,1958.2866666666664,2035.2375,35.426008968609864,1935.85,-12.806666666666615,-7.235000000000127,-0.0869017632241813,1978.5,1832.0,1812.5,1817.0,21250600.0
2023-01-04,1798.0,1804.0,1787.5,1799.0,1644.673095703125,25995600.0,1840.95,1866.44,1955.7733333333333,2033.9175,44.88636363636363,1931.87,-12.713333333333368,-6.960000000000036,-0.0937027707808564,1941.0,1832.0,1812.5,1817.0,21250600.0
2023-01-05,1812.0,1819.5,1793.5,1807.5,1652.4442138671875,24700200.0,1834.275,1860.58,1953.3733333333328,2032.64,23.62204724409449,1928.1,-12.613333333333458,-6.824999999999818,-0.0894206549118388,1941.0,1804.0,1799.0,1798.0,25995600.0
2023-01-06,1809.5,1829.0,1806.0,1825.0,1668.4427490234375,22568600.0,1828.475,1855.06,1951.2066666666667,2031.3175,56.03448275862069,1924.73,-12.180000000000064,-6.809999999999945,-0.0842950326141495,1941.0,1819.5,1807.5,1812.0,24700200.0
2023-01-07,1809.5,1829.0,1806.0,1825.0,1668.4427490234375,22568600.0,1822.675,1849.32,1948.92,2029.75,56.03448275862069,1921.37,-11.919999999999844,-6.740000000000009,-0.0888666999500749,1910.0,1829.0,1825.0,1809.5,22568600.0
2023-01-08,1809.5,1829.0,1806.0,1825.0,1668.4427490234375,22568600.0,1818.425,1843.2,1946.3733333333328,2028.095,56.03448275862069,1918.01,-11.913333333333412,-7.142499999999927,-0.0822227809906964,1845.0,1829.0,1825.0,1809.5,22568600.0
2023-01-09,1809.5,1829.0,1806.0,1825.0,1668.4427490234375,22568600.0,1817.425,1837.06,1943.7733333333333,2026.5875,51.886792452830186,1914.65,-12.0,-7.329999999999927,-0.0681644115394434,1841.0,1829.0,1825.0,1809.5,22568600.0
2023-01-10,1837.5,1850.0,1821.5,1827.0,1670.271240234375,22352300.0,1818.375,1832.5,1941.48,2025.165,59.5959595959596,1911.13,-11.893333333333205,-7.475000000000136,-0.0869565217391304,1841.0,1829.0,1825.0,1809.5,22568600.0
2023-01-11,1824.0,1840.0,1822.0,1837.5,1679.87060546875,19798400.0,1818.2,1828.36,1938.9133333333327,2023.795,65.81196581196582,1906.88,-12.293333333333294,-7.522500000000036,-0.0817091454272863,1837.5,1850.0,1827.0,1837.5,22352300.0
2023-01-12,1839.0,1868.0,1838.0,1857.5,1698.15478515625,21573200.0,1820.175,1825.02,1936.6133333333328,2022.525,76.47058823529412,1903.03,-12.306666666666844,-7.224999999999909,-0.0717141429285357,1857.5,1840.0,1837.5,1824.0,19798400.0
2023-01-13,1828.5,1838.5,1811.0,1815.5,1659.7576904296875,27779100.0,1820.05,1821.24,1933.753333333333,2020.995,51.31578947368422,1898.41,-12.61999999999989,-7.100000000000136,-0.0858509566968781,1857.5,1868.0,1857.5,1839.0,21573200.0
2023-01-14,1828.5,1838.5,1811.0,1815.5,1659.7576904296875,27779100.0,1819.925,1820.06,1930.5,2019.235,51.31578947368422,1893.63,-13.273333333333312,-7.352500000000191,-0.0913413413413413,1857.5,1838.5,1815.5,1828.5,27779100.0
2023-01-15,1828.5,1838.5,1811.0,1815.5,1659.7576904296875,27779100.0,1819.55,1820.36,1927.78,2017.6725,51.31578947368422,1888.85,-13.700000000000044,-7.492500000000064,-0.0904308617234469,1857.5,1838.5,1815.5,1828.5,27779100.0
2023-01-16,1800.0,1821.0,1794.0,1817.5,1661.5860595703125,20486400.0,1819.55,1819.42,1925.1533333333327,2016.26,52.1551724137931,1884.11,-13.759999999999993,-7.535000000000082,-0.0882869325307248,1857.5,1838.5,1815.5,1828.5,27779100.0
2023-01-17,1826.0,1870.5,1825.5,1863.0,1703.1829833984375,27345800.0,1821.75,1821.22,1923.1333333333328,2015.24,65.63467492260062,1880.71,-13.47999999999979,-7.285000000000082,-0.0652282990466632,1863.0,1821.0,1817.5,1800.0,20486400.0
2023-01-18,1861.0,1916.0,1846.0,1909.5,1745.6939697265625,31290700.0,1826.375,1824.88,1922.1266666666668,2014.4525,78.40616966580977,1878.79,-11.626666666666551,-6.542499999999791,-0.0418966382338183,1909.5,1870.5,1863.0,1826.0,27345800.0
2023-01-19,1850.0,1871.0,1847.0,1864.5,1704.5543212890625,21969700.0,1828.975,1826.74,1920.52,2013.44,62.33766233766234,1875.87,-9.980000000000018,-5.794999999999845,-0.0644756648268941,1909.5,1916.0,1909.5,1861.0,31290700.0
2023-01-20,1851.0,1883.0,1851.0,1883.0,1721.46728515625,16703500.0,1832.5,1829.14,1919.16,2012.29,62.50000000000001,1873.56,-8.61999999999989,-5.382499999999936,-0.0599101347978032,1909.5,1871.0,1864.5,1850.0,21969700.0
2023-01-21,1851.0,1883.0,1851.0,1883.0,1721.46728515625,16703500.0,1836.025,1831.76,1917.6933333333327,2011.1225,62.50000000000001,1871.8,-7.460000000000036,-5.1375000000000455,-0.0814634146341463,1909.5,1883.0,1883.0,1851.0,16703500.0
2023-01-22,1851.0,1883.0,1851.0,1883.0,1721.46728515625,16703500.0,1839.55,1834.32,1916.0933333333328,2010.2475,62.50000000000001,1870.04,-7.040000000000191,-4.992500000000064,-0.0814634146341463,1909.5,1883.0,1883.0,1851.0,16703500.0
2023-01-23,1900.0,1904.0,1883.5,1889.0,1726.9525146484375,14661600.0,1843.375,1837.2,1914.7666666666669,2009.1675,63.445378151260506,1868.4,-7.360000000000127,-5.285000000000082,-0.0769606645492303,1909.5,1883.0,1883.0,1851.0,16703500.0
2023-01-24,1913.0,1913.0,1899.5,1911.5,1747.5225830078125,16261100.0,1849.0,1841.16,1914.14,2008.17,66.34429400386847,1867.61,-6.379999999999882,-5.269999999999982,-0.0696033098077391,1911.5,1904.0,1889.0,1900.0,14661600.0
2023-01-25,1900.0,1909.0,1898.5,1905.0,1741.580078125,18486100.0,1853.875,1844.86,1912.86,2007.14,63.26129666011788,1866.84,-6.300000000000182,-5.149999999999864,-0.0727670966171818,1911.5,1913.0,1911.5,1913.0,16261100.0
2023-01-26,1899.0,1907.5,1889.0,1893.0,1730.6094970703125,22613200.0,1857.275,1848.08,1911.42,2006.05,57.20081135902637,1865.71,-6.273333333333312,-5.072499999999991,-0.0786079338038452,1911.5,1909.0,1905.0,1900.0,18486100.0
2023-01-27,1902.5,1902.5,1886.0,1900.5,1737.466064453125,21336000.0,1861.05,1851.6,1910.08,2004.7925,70.04716981132076,1864.95,-6.013333333333321,-5.454999999999927,-0.0651746187899655,1911.5,1907.5,1893.0,1899.0,22613200.0
2023-01-28,1902.5,1902.5,1886.0,1900.5,1737.466064453125,21336000.0,1864.825,1855.12,1908.94,2003.7125,70.04716981132076,1863.88,-5.826666666666597,-5.454999999999927,-0.0523560209424084,1911.5,1902.5,1900.5,1902.5,21336000.0
2023-01-29,1902.5,1902.5,1886.0,1900.5,1737.466064453125,21336000.0,1868.6,1859.18,1907.64,2002.5425,70.04716981132076,1862.81,-6.5,-5.627500000000055,-0.0547127580203928,1911.5,1902.5,1900.5,1902.5,21336000.0
2023-01-30,1900.5,1910.0,1896.5,1902.0,1738.8372802734375,17617700.0,1872.35,1862.96,1906.3866666666668,2001.3775,69.97635933806146,1861.77,-6.47333333333313,-5.7625000000000455,-0.0482862146609957,1911.5,1902.5,1900.5,1902.5,21336000.0
2023-01-31,1910.0,1913.5,1895.0,1896.5,1733.8092041015625,18849600.0,1875.3,1865.82,1905.0933333333328,2000.045,59.7667638483965,1860.44,-6.326666666666824,-6.004999999999882,-0.0377980720446473,1911.5,1910.0,1902.0,1900.5,17617700.0
2023-02-01,1911.0,1919.0,1902.5,1903.0,1739.7515869140625,19250900.0,1877.575,1868.94,1903.8933333333327,1998.745,47.52851711026616,1859.13,-6.186666666666497,-6.047500000000127,-0.0345002536783358,1911.5,1913.5,1896.5,1910.0,18849600.0
2023-02-02,1908.0,1909.5,1875.5,1880.5,1719.1820068359375,19168200.0,1880.825,1871.16,1902.3933333333327,1997.3325,57.3394495412844,1857.18,-6.546666666666624,-6.380000000000109,-0.045915778792491,1911.5,1919.0,1903.0,1911.0,19250900.0
2023-02-03,1887.0,1895.5,1882.5,1891.5,1729.2381591796875,16015500.0,1884.625,1873.82,1901.04,1995.975,54.1871921182266,1855.44,-6.600000000000136,-6.567500000000109,-0.0304971809328549,1911.5,1909.5,1880.5,1908.0,19168200.0
2023-02-04,1887.0,1895.5,1882.5,1891.5,1729.2381591796875,16015500.0,1888.425,1876.4,1899.5533333333333,1994.5475,54.1871921182266,1854.45,-6.833333333333485,-6.830000000000155,-0.0267558528428093,1911.5,1895.5,1891.5,1887.0,16015500.0
2023-02-05,1887.0,1895.5,1882.5,1891.5,1729.2381591796875,16015500.0,1892.125,1878.56,1897.44,1993.035,54.1871921182266,1853.46,-7.653333333333194,-7.009999999999991,-0.0297512182610926,1911.5,1895.5,1891.5,1887.0,16015500.0
2023-02-06,1909.0,1934.5,1908.0,1913.5,1749.350830078125,30031400.0,1894.65,1880.8,1895.62,1991.635,60.42553191489361,1852.91,-8.27333333333354,-7.1099999999999,-0.0128965695125097,1913.5,1895.5,1891.5,1887.0,16015500.0
2023-02-07,1920.0,1923.5,1896.5,1897.0,1734.266357421875,20138300.0,1894.025,1884.06,1893.6266666666668,1990.1075,43.49775784753363,1852.65,-8.766666666666652,-7.224999999999909,-0.0291709314227226,1913.5,1934.5,1913.5,1909.0,30031400.0
2023-02-08,1902.0,1904.5,1895.5,1897.5,1734.723388671875,13623900.0,1895.675,1887.34,1891.5333333333333,1988.5825,46.44549763033175,1853.7,-9.50666666666666,-7.392499999999927,-0.0289150460593654,1913.5,1923.5,1897.0,1920.0,20138300.0
2023-02-09,1900.0,1923.0,1883.0,1901.0,1737.9232177734375,34568700.0,1896.575,1890.76,1889.486666666667,1987.075,54.123711340206185,1855.56,-10.066666666666606,-7.4724999999998545,-0.0271238485158649,1913.5,1904.5,1897.5,1902.0,13623900.0
2023-02-10,1885.5,1891.0,1869.0,1879.0,1717.810302734375,34846600.0,1896.375,1893.22,1887.1466666666668,1985.64,40.35874439461884,1856.32,-10.293333333333294,-7.394999999999982,-0.042791645440652,1913.5,1923.0,1901.0,1900.0,34568700.0
2023-02-11,1885.5,1891.0,1869.0,1879.0,1717.810302734375,34846600.0,1896.175,1893.86,1885.0933333333328,1984.205,40.35874439461884,1857.54,-10.526666666666642,-7.430000000000064,-0.0454660909321819,1913.5,1891.0,1879.0,1885.5,34846600.0
2023-02-12,1885.5,1891.0,1869.0,1879.0,1717.810302734375,34846600.0,1895.675,1892.64,1883.4066666666668,1982.755,40.35874439461884,1858.76,-10.220000000000027,-7.352499999999964,-0.0500505561172901,1913.5,1891.0,1879.0,1885.5,34846600.0
2023-02-13,1870.0,1880.0,1857.0,1876.5,1715.52490234375,21137100.0,1893.925,1893.12,1881.62,1981.5125,38.66666666666667,1859.93,-9.913333333333412,-7.069999999999936,-0.0515542077331311,1913.5,1891.0,1879.0,1885.5,34846600.0
2023-02-14,1894.5,1896.5,1878.5,1882.5,1721.0101318359375,18133700.0,1892.8,1893.1,1880.0733333333333,1980.24,43.80530973451327,1861.12,-9.413333333333412,-6.835000000000036,-0.0301391035548685,1913.5,1880.0,1876.5,1870.0,21137100.0
2023-02-15,1890.0,1893.0,1868.5,1874.0,1713.2393798828125,21936500.0,1891.85,1892.74,1878.78,1978.925,37.39130434782609,1862.25,-8.366666666666788,-6.7150000000001455,-0.0345182895414735,1913.5,1896.5,1882.5,1894.5,18133700.0
2023-02-16,1888.5,1915.0,1884.5,1913.0,1748.893798828125,29791200.0,1892.475,1893.94,1878.006666666667,1977.805,62.3574144486692,1864.13,-7.086666666666588,-6.399999999999864,-0.0144255538382277,1913.5,1893.0,1874.0,1890.0,21936500.0
2023-02-17,1893.0,1910.5,1891.0,1907.5,1743.86572265625,21230800.0,1892.825,1894.68,1877.16,1976.2825,56.34920634920635,1865.94,-6.24666666666667,-6.472500000000082,-0.0013089005235602,1913.5,1915.0,1913.0,1888.5,29791200.0
2023-02-18,1893.0,1910.5,1891.0,1907.5,1743.86572265625,21230800.0,1893.175,1894.52,1876.58,1975.0475,56.34920634920635,1867.84,-5.039999999999964,-6.4650000000001455,0.0338753387533874,1913.5,1910.5,1907.5,1893.0,21230800.0
2023-02-19,1893.0,1910.5,1891.0,1907.5,1743.86572265625,21230800.0,1893.45,1894.62,1876.1,1973.805,56.34920634920635,1869.74,-3.9733333333333576,-6.434999999999945,0.055033185840708,1913.5,1910.5,1907.5,1893.0,21230800.0
2023-02-20,1916.0,1917.0,1900.0,1902.5,1739.2945556640625,12704000.0,1893.75,1895.0,1875.473333333333,1972.86,44.95412844036697,1871.54,-3.306666666666615,-6.065000000000055,0.0334057577403585,1913.5,1910.5,1907.5,1893.0,21230800.0
2023-02-21,1900.0,1901.5,1889.5,1890.0,1727.8668212890625,16937100.0,1893.1,1894.58,1874.8266666666664,1971.695,46.66666666666666,1873.09,-3.180000000000064,-6.110000000000127,0.0396039603960396,1913.5,1917.0,1902.5,1916.0,12704000.0
2023-02-22,1878.0,1879.0,1852.0,1865.0,1705.0115966796875,29022300.0,1892.325,1893.16,1873.64,1970.405,37.45173745173745,1874.14,-3.519999999999982,-5.877500000000055,0.0258525852585258,1913.5,1901.5,1890.0,1900.0,16937100.0
2023-02-23,1878.0,1879.0,1852.0,1865.0,1705.0115966796875,29022300.0,1891.0,1891.74,1872.4533333333327,1969.115,35.71428571428572,1875.46,-4.126666666666552,-5.932499999999891,0.0258525852585258,1913.5,1879.0,1865.0,1878.0,29022300.0
2023-02-24,1856.0,1865.5,1854.0,1858.0,1698.6119384765625,19154000.0,1889.325,1889.98,1871.1733333333327,1967.825,40.54054054054054,1876.47,-4.926666666666506,-5.980000000000018,0.0191991223258365,1913.5,1879.0,1865.0,1878.0,29022300.0
2023-02-25,1856.0,1865.5,1854.0,1858.0,1698.6119384765625,19154000.0,1887.65,1888.44,1869.7733333333333,1966.735,40.54054054054054,1877.13,-5.7000000000000455,-6.125,0.0222833562585968,1913.5,1865.5,1858.0,1856.0,19154000.0
2023-02-26,1856.0,1865.5,1854.0,1858.0,1698.6119384765625,19154000.0,1884.875,1886.64,1868.3,1965.585,40.54054054054054,1877.79,-6.526666666666642,-6.1099999999999,0.0214403518416712,1913.0,1865.5,1858.0,1856.0,19154000.0
2023-02-27,1857.0,1861.5,1850.0,1857.0,1697.69775390625,16540600.0,1882.875,1885.7,1866.6866666666667,1964.43,41.09589041095891,1878.43,-6.953333333333376,-5.974999999999909,0.0220143093010456,1913.0,1865.5,1858.0,1856.0,19154000.0
2023-02-28,1857.5,1869.0,1855.5,1862.5,1702.725830078125,19162000.0,1881.125,1884.54,1865.14,1963.0675,40.82568807339449,1879.18,-7.313333333333276,-6.0474999999999,0.0275862068965517,1913.0,1861.5,1857.0,1857.0,16540600.0
2023-03-01,1866.0,1870.5,1858.5,1863.5,1703.64013671875,18027000.0,1879.25,1883.42,1864.1066666666663,1961.71,44.82758620689656,1879.91,-7.066666666666833,-6.115000000000009,0.0281379310344827,1913.0,1869.0,1862.5,1857.5,19162000.0
2023-03-02,1860.0,1881.5,1860.0,1863.5,1703.64013671875,20227600.0,1878.475,1882.3,1863.0733333333333,1960.3525,10.400000000000006,1880.43,-6.7000000000000455,-6.382499999999936,0.0281379310344827,1913.0,1870.5,1863.5,1866.0,18027000.0
2023-03-03,1866.0,1886.0,1861.0,1884.5,1722.838623046875,27371700.0,1878.75,1881.14,1862.32,1959.1125,35.25641025641026,1880.97,-5.980000000000018,-6.472500000000082,0.0397241379310344,1913.0,1881.5,1863.5,1860.0,20227600.0
2023-03-04,1866.0,1886.0,1861.0,1884.5,1722.838623046875,27371700.0,1879.025,1880.64,1861.98,1957.93,35.25641025641026,1882.35,-4.706666666666706,-6.5,0.0397241379310344,1913.0,1886.0,1884.5,1866.0,27371700.0
2023-03-05,1866.0,1886.0,1861.0,1884.5,1722.838623046875,27371700.0,1879.425,1880.12,1862.506666666667,1956.4375,35.25641025641026,1883.73,-2.6333333333334394,-6.630000000000109,0.047526403557532,1913.0,1886.0,1884.5,1866.0,27371700.0
2023-03-06,1893.0,1915.0,1890.0,1905.5,1742.037109375,28716300.0,1880.575,1880.3,1863.8066666666664,1955.2475,51.595744680851055,1885.53,-0.2999999999999545,-6.462500000000091,0.0542185338865837,1913.0,1886.0,1884.5,1866.0,27371700.0
2023-03-07,1900.0,1914.5,1893.0,1914.5,1750.2650146484375,20837300.0,1882.6,1881.72,1864.7866666666664,1954.07,63.53591160220994,1887.47,1.713333333333367,-6.282500000000027,0.049041095890411,1914.5,1915.0,1905.5,1893.0,28716300.0
2023-03-08,1904.0,1915.5,1903.0,1907.5,1743.86572265625,18703000.0,1882.325,1882.86,1865.98,1952.8575,79.3103448275862,1888.36,3.660000000000082,-6.254999999999882,0.0452054794520548,1914.5,1914.5,1914.5,1900.0,20837300.0
2023-03-09,1917.5,1931.5,1915.0,1919.5,1754.8363037109375,23844600.0,1882.925,1884.48,1867.3333333333333,1951.705,82.24852071005917,1888.56,5.353333333333239,-6.225000000000136,0.0517808219178081,1919.5,1915.5,1907.5,1904.0,18703000.0
2023-03-10,1898.0,1910.5,1887.5,1896.0,1733.35205078125,33371500.0,1882.35,1885.26,1868.3733333333328,1950.435,68.81188118811882,1889.19,5.866666666666561,-6.002500000000055,0.038904109589041,1919.5,1931.5,1919.5,1917.5,23844600.0
2023-03-11,1898.0,1910.5,1887.5,1896.0,1733.35205078125,33371500.0,1881.775,1885.8,1869.3466666666664,1949.3775,68.81188118811882,1889.45,5.539999999999964,-5.869999999999891,0.0377668308702792,1919.5,1910.5,1896.0,1898.0,33371500.0
2023-03-12,1898.0,1910.5,1887.5,1896.0,1733.35205078125,33371500.0,1881.45,1886.68,1870.3933333333327,1948.3575,68.81188118811882,1889.71,5.606666666666797,-5.712499999999864,0.0318367346938774,1919.5,1910.5,1896.0,1898.0,33371500.0
2023-03-13,1877.0,1881.0,1853.5,1864.0,1704.09716796875,24327500.0,1880.15,1884.72,1870.993333333333,1947.1325,52.65151515151516,1889.33,5.013333333333321,-5.725000000000136,0.0034993270524898,1919.5,1910.5,1896.0,1898.0,33371500.0
2023-03-14,1807.5,1810.0,1781.5,1809.0,1653.8154296875,45615100.0,1877.35,1880.78,1870.8866666666668,1945.6375,35.26170798898072,1887.73,3.553333333333512,-6.067499999999882,-0.0035802809143486,1919.5,1881.0,1864.0,1877.0,24327500.0
2023-03-15,1825.0,1832.5,1804.0,1812.0,1656.5579833984375,23906800.0,1874.7,1876.96,1870.88,1944.1575,35.96730245231608,1885.74,2.506666666666888,-6.277499999999918,-0.0019278435692646,1919.5,1810.0,1809.0,1807.5,45615100.0
2023-03-16,1770.0,1793.0,1765.0,1790.0,1636.4451904296875,30331500.0,1871.3,1872.26,1870.58,1942.5675,32.11678832116789,1883.44,1.2333333333333485,-6.809999999999945,-0.014045717433214,1919.5,1832.5,1812.0,1825.0,23906800.0
2023-03-17,1790.0,1798.0,1776.0,1786.0,1632.788330078125,36599800.0,1867.7,1867.6,1870.2266666666667,1941.0475,23.87267904509284,1881.3,-0.1666666666667424,-7.310000000000173,-0.017331499312242,1919.5,1793.0,1790.0,1770.0,30331500.0
2023-03-18,1790.0,1798.0,1776.0,1786.0,1632.788330078125,36599800.0,1864.1,1863.44,1869.8733333333328,1939.4525,23.87267904509284,1879.01,-1.1200000000001182,-7.679999999999836,-0.0413311862587224,1919.5,1798.0,1786.0,1790.0,36599800.0
2023-03-19,1790.0,1798.0,1776.0,1786.0,1632.788330078125,36599800.0,1860.55,1860.28,1869.52,1937.875,23.87267904509284,1876.72,-1.366666666666788,-7.762500000000045,-0.0646766169154229,1919.5,1798.0,1786.0,1790.0,36599800.0
2023-03-20,1767.0,1778.0,1764.0,1767.0,1615.4183349609375,25693500.0,1855.775,1856.36,1869.0933333333328,1936.4475,12.868632707774807,1874.05,-1.7866666666668607,-7.710000000000036,-0.0522928399034593,1919.5,1798.0,1786.0,1790.0,36599800.0
2023-03-21,1767.0,1778.0,1764.0,1767.0,1615.4183349609375,25693500.0,1850.95,1852.72,1868.5533333333333,1935.0375,8.450704225352098,1871.35,-2.0266666666666424,-7.5300000000002,-0.061603823685608,1919.5,1778.0,1767.0,1767.0,25693500.0
2023-03-22,1803.0,1804.5,1787.0,1801.0,1646.501708984375,24870000.0,1847.825,1850.44,1868.233333333333,1933.7975,23.960880195599017,1869.44,-1.99333333333334,-7.25,-0.0435475305363781,1919.5,1778.0,1767.0,1767.0,25693500.0
2023-03-23,1782.5,1793.0,1778.0,1787.0,1633.7027587890625,19861700.0,1842.95,1847.6,1867.7266666666667,1932.4875,17.917675544794193,1867.12,-2.1466666666665333,-6.9650000000001455,-0.0509824747742962,1919.5,1804.5,1801.0,1803.0,24870000.0
2023-03-24,1778.0,1787.0,1772.0,1784.0,1630.9599609375,16224800.0,1837.925,1844.68,1867.18,1931.2225,19.892473118279568,1865.19,-2.339999999999918,-6.652499999999918,-0.0555849655902593,1919.5,1793.0,1787.0,1782.5,19861700.0
2023-03-25,1778.0,1787.0,1772.0,1784.0,1630.9599609375,16224800.0,1832.9,1841.54,1866.6333333333328,1929.9,19.892473118279568,1863.04,-2.459999999999809,-6.5474999999999,-0.0667015432906095,1919.5,1787.0,1784.0,1778.0,16224800.0
2023-03-26,1778.0,1787.0,1772.0,1784.0,1630.9599609375,16224800.0,1826.825,1838.36,1866.06,1928.6475,19.892473118279568,1860.89,-2.4933333333333394,-6.389999999999873,-0.063517060367454,1919.5,1787.0,1784.0,1778.0,16224800.0
2023-03-27,1795.0,1796.5,1781.0,1790.0,1636.4451904296875,16892900.0,1820.6,1835.42,1865.4266666666667,1927.195,26.875,1858.86,-2.806666666666615,-6.602499999999964,-0.0544109878499735,1919.5,1787.0,1784.0,1778.0,16224800.0
2023-03-28,1806.0,1813.0,1796.5,1805.5,1650.6156005859375,21034500.0,1815.5,1832.26,1864.733333333333,1925.83,48.54771784232365,1856.7,-2.9933333333333394,-6.657500000000027,-0.049986845566956,1919.5,1796.5,1790.0,1795.0,16892900.0
2023-03-29,1812.5,1852.0,1810.0,1852.0,1693.1268310546875,36692000.0,1812.125,1830.96,1865.22,1924.6975,62.19512195121951,1855.8,-1.9600000000000364,-6.525000000000091,-0.0255196001052354,1896.0,1813.0,1805.5,1806.0,21034500.0
2023-03-30,1835.5,1850.0,1828.5,1842.0,1716.4222412109375,24709600.0,1809.425,1829.26,1865.5733333333333,1923.515,67.10526315789474,1854.69,-1.0600000000001728,-6.384999999999991,-0.0307813733228098,1896.0,1852.0,1852.0,1812.5,36692000.0
2023-03-31,1863.0,1897.0,1855.5,1880.0,1751.8316650390625,37152100.0,1808.625,1828.24,1866.4333333333327,1922.565,75.26881720430107,1854.27,0.3733333333334485,-6.082499999999982,-0.0115667718191377,1896.0,1850.0,1842.0,1835.5,24709600.0
2023-04-01,1863.0,1897.0,1855.5,1880.0,1751.8316650390625,37152100.0,1807.825,1826.86,1867.2666666666669,1921.63,75.26881720430107,1854.29,1.839999999999918,-5.564999999999827,-0.0087002372791985,1880.0,1897.0,1880.0,1863.0,37152100.0
2023-04-02,1863.0,1897.0,1855.5,1880.0,1751.8316650390625,37152100.0,1808.625,1825.76,1867.493333333333,1920.84,75.26881720430107,1854.31,2.759999999999991,-4.990000000000009,-0.0120861797162374,1880.0,1897.0,1880.0,1863.0,37152100.0
2023-04-03,1897.5,1897.5,1875.5,1897.0,1767.6724853515625,25267000.0,1813.025,1824.86,1867.3266666666664,1920.125,85.32608695652173,1854.67,2.1066666666665697,-4.572499999999991,0.008774262164318,1897.0,1897.0,1880.0,1863.0,37152100.0
2023-04-04,1887.5,1899.0,1877.0,1899.0,1769.536376953125,21339500.0,1817.375,1824.98,1867.7866666666664,1919.4675,85.48387096774194,1855.12,2.2133333333333667,-4.047500000000127,0.0039651070578905,1899.0,1897.5,1897.0,1897.5,25267000.0
2023-04-05,1876.5,1881.0,1850.5,1852.5,1726.2064208984375,25396900.0,1820.5,1823.24,1867.38,1918.5775,62.97229219143577,1854.52,0.9466666666667152,-3.9874999999999545,-0.0206185567010309,1899.0,1899.0,1899.0,1887.5,21339500.0
2023-04-06,1841.0,1844.0,1822.0,1826.5,1701.9788818359375,24567200.0,1822.525,1820.46,1866.6266666666668,1917.5575,59.38242280285035,1853.57,-0.6399999999998727,-4.072500000000218,-0.0343642611683848,1899.0,1881.0,1852.5,1876.5,25396900.0
2023-04-07,1833.5,1837.0,1819.5,1819.5,1695.4561767578125,14815100.0,1824.2,1818.68,1865.78,1916.5025,58.27505827505828,1851.7,-1.713333333333367,-4.337499999999864,-0.0491246407107395,1899.0,1844.0,1826.5,1841.0,24567200.0
2023-04-08,1833.5,1837.0,1819.5,1819.5,1695.4561767578125,14815100.0,1825.875,1819.1,1864.8533333333328,1915.3575,58.27505827505828,1849.94,-2.4733333333333576,-4.767499999999927,-0.0408539799683711,1899.0,1837.0,1819.5,1833.5,14815100.0
2023-04-09,1833.5,1837.0,1819.5,1819.5,1695.4561767578125,14815100.0,1828.5,1819.4,1863.6266666666668,1914.455,58.27505827505828,1848.18,-4.159999999999855,-5.0125000000000455,-0.0411067193675889,1899.0,1837.0,1819.5,1833.5,14815100.0
2023-04-10,1829.5,1833.5,1820.5,1827.5,1702.9107666015625,15091200.0,1831.525,1820.9,1862.5933333333328,1913.4525,58.66050808314088,1846.58,-4.786666666666861,-5.125,-0.0386638611257232,1899.0,1837.0,1819.5,1833.5,14815100.0
2023-04-11,1839.5,1842.0,1823.0,1826.0,1701.5130615234375,26170100.0,1832.775,1822.5,1861.7,1912.4425,55.06172839506173,1845.05,-4.926666666666733,-5.114999999999782,-0.0282064928153272,1899.0,1833.5,1827.5,1829.5,15091200.0
2023-04-12,1834.5,1835.5,1816.0,1823.5,1699.1834716796875,25890400.0,1834.6,1824.0,1860.6733333333327,1911.42,41.00946372239748,1843.72,-5.10666666666657,-5.082499999999982,-0.0295369877594464,1899.0,1842.0,1826.0,1839.5,26170100.0
2023-04-13,1811.0,1814.0,1799.0,1812.5,1688.9334716796875,19854200.0,1836.025,1825.06,1859.5,1910.3425,40.75235109717869,1842.67,-5.353333333333239,-5.0150000000001,-0.035391165513571,1899.0,1835.5,1823.5,1834.5,25890400.0
2023-04-14,1828.0,1829.0,1806.0,1808.0,1684.740234375,27911300.0,1837.225,1826.7,1858.2666666666669,1909.5675,21.42857142857143,1841.53,-5.360000000000127,-4.887499999999818,-0.0365041300293098,1899.0,1814.0,1812.5,1811.0,19854200.0
2023-04-15,1828.0,1829.0,1806.0,1808.0,1684.740234375,27911300.0,1838.425,1828.34,1857.013333333333,1908.6775,21.42857142857143,1840.53,-5.579999999999927,-4.775000000000091,-0.0395750332005312,1899.0,1829.0,1808.0,1828.0,27911300.0
2023-04-16,1828.0,1829.0,1806.0,1808.0,1684.740234375,27911300.0,1839.325,1828.62,1855.8333333333333,1907.95,21.42857142857143,1839.53,-5.866666666666788,-4.492500000000064,-0.0352187833511206,1899.0,1829.0,1808.0,1828.0,27911300.0
2023-04-17,1823.0,1841.5,1822.5,1834.0,1708.9677734375,18967700.0,1840.75,1830.5,1854.9133333333327,1907.3275,26.66666666666667,1839.05,-5.759999999999991,-4.092499999999973,-0.0412963930998432,1899.0,1829.0,1808.0,1828.0,27911300.0
2023-04-18,1844.0,1846.0,1827.5,1833.5,1708.5018310546875,23312400.0,1839.825,1832.48,1854.2866666666664,1907.115,25.46816479400749,1838.58,-5.213333333333367,-3.227499999999964,-0.0387942332896461,1899.0,1841.5,1834.0,1823.0,18967700.0
2023-04-19,1833.0,1836.0,1816.5,1823.0,1698.717529296875,16859000.0,1838.875,1834.04,1853.3733333333328,1906.85,34.87179487179488,1837.79,-4.89333333333343,-2.7175000000002,-0.0442988204456094,1899.0,1846.0,1833.5,1844.0,23312400.0
2023-04-20,1810.0,1818.0,1796.0,1813.5,1689.865234375,21975500.0,1835.55,1835.22,1852.3333333333333,1906.5375,41.9753086419753,1836.79,-4.680000000000064,-2.1400000000001,-0.0492791612057667,1899.0,1836.0,1823.0,1833.0,16859000.0
2023-04-21,1790.0,1808.5,1784.0,1802.0,1679.149169921875,21559900.0,1831.65,1835.7,1851.14,1905.84,39.76608187134503,1835.56,-4.6933333333331575,-2.110000000000128,-0.0528252299605781,1899.0,1818.0,1813.5,1810.0,21975500.0
2023-04-22,1790.0,1808.5,1784.0,1802.0,1679.149169921875,21559900.0,1827.75,1835.56,1849.6533333333327,1904.83,39.76608187134503,1833.91,-5.259999999999991,-2.497500000000173,-0.0465608465608465,1899.0,1808.5,1802.0,1790.0,21559900.0
2023-04-23,1790.0,1808.5,1784.0,1802.0,1679.149169921875,21559900.0,1823.0,1833.56,1848.3866666666668,1903.835,39.76608187134503,1832.26,-5.899999999999864,-3.2799999999999727,-0.0337801608579088,1899.0,1808.5,1802.0,1790.0,21559900.0
2023-04-24,1815.0,1817.0,1798.0,1798.0,1675.422119140625,14674600.0,1817.95,1831.8,1847.06,1902.825,31.90184049079756,1830.53,-6.313333333333276,-4.024999999999864,-0.0359249329758712,1852.5,1808.5,1802.0,1790.0,21559900.0
2023-04-25,1803.0,1807.0,1795.0,1800.0,1677.28564453125,20492700.0,1815.325,1828.6,1845.713333333333,1901.8975,34.14634146341464,1828.42,-6.619999999999891,-4.639999999999873,-0.0312163616792249,1834.0,1817.0,1798.0,1815.0,14674600.0
2023-04-26,1793.5,1807.5,1791.0,1803.5,1680.5469970703125,17228200.0,1814.175,1825.54,1844.7066666666667,1900.9875,37.95180722891567,1826.2,-6.433333333333394,-4.852499999999964,-0.0293326157158234,1834.0,1807.0,1800.0,1803.0,20492700.0
2023-04-27,1804.5,1826.5,1799.0,1825.0,1700.5814208984375,21175700.0,1814.45,1823.34,1843.986666666667,1900.185,56.68449197860963,1824.55,-5.666666666666743,-4.644999999999982,-0.0177610333692141,1834.0,1807.5,1803.5,1793.5,17228200.0
2023-04-28,1839.0,1857.0,1833.5,1857.0,1730.399658203125,29984600.0,1816.325,1821.74,1843.6933333333327,1899.5425,70.24793388429751,1823.3,-4.693333333333385,-4.292500000000018,0.0,1857.0,1826.5,1825.0,1804.5,21175700.0
2023-04-29,1839.0,1857.0,1833.5,1857.0,1730.399658203125,29984600.0,1818.2,1820.06,1843.4333333333327,1898.995,70.24793388429751,1822.52,-3.626666666666552,-3.8300000000001546,-0.0029530201342281,1857.0,1857.0,1857.0,1839.0,29984600.0
2023-04-30,1839.0,1857.0,1833.5,1857.0,1730.399658203125,29984600.0,1819.675,1820.24,1843.0933333333328,1898.33,70.24793388429751,1821.74,-2.6200000000001182,-3.567500000000109,-0.0034880601019586,1857.0,1857.0,1857.0,1839.0,29984600.0
2023-05-01,1870.5,1879.5,1865.0,1874.0,1746.24072265625,18668200.0,1822.075,1822.14,1843.0933333333328,1897.7825,67.85714285714286,1821.3,-1.6133333333334576,-3.2049999999999272,0.0056345586262409,1874.0,1857.0,1857.0,1839.0,29984600.0
2023-05-02,1877.0,1877.5,1853.0,1864.5,1737.388427734375,17441500.0,1824.125,1823.94,1842.4466666666667,1897.065,62.8099173553719,1821.31,-1.5399999999999636,-3.119999999999891,-0.0106128946670204,1874.0,1879.5,1874.0,1870.5,18668200.0
2023-05-03,1877.0,1877.5,1853.0,1864.5,1737.388427734375,17441500.0,1826.725,1825.74,1841.8733333333328,1896.3475,68.77828054298642,1822.42,-1.820000000000164,-3.1949999999999363,-0.0106128946670204,1874.0,1877.5,1864.5,1877.0,17441500.0
2023-05-04,1877.0,1877.5,1853.0,1864.5,1737.388427734375,17441500.0,1829.55,1827.54,1841.3,1895.63,75.24752475247524,1823.47,-2.1333333333334394,-3.3649999999997817,-0.0106128946670204,1874.0,1877.5,1864.5,1877.0,17441500.0
2023-05-05,1877.0,1877.5,1853.0,1864.5,1737.388427734375,17441500.0,1832.375,1829.02,1840.7266666666667,1894.9525,84.91620111731844,1824.96,-2.366666666666561,-3.377499999999827,-0.0215166622933613,1874.0,1877.5,1864.5,1877.0,17441500.0
2023-05-06,1877.0,1877.5,1853.0,1864.5,1737.388427734375,17441500.0,1835.2,1830.56,1840.22,1894.2375,84.91620111731844,1826.53,-2.873333333333221,-3.5450000000000728,-0.0261164794985635,1874.0,1877.5,1864.5,1877.0,17441500.0
2023-05-07,1877.0,1877.5,1853.0,1864.5,1737.388427734375,17441500.0,1836.725,1832.2,1839.88,1893.5425,84.91620111731844,1828.1,-2.566666666666606,-3.5225000000000364,-0.0225425950196592,1874.0,1877.5,1864.5,1877.0,17441500.0
2023-05-08,1860.0,1861.5,1848.0,1856.0,1729.4677734375,17294400.0,1837.85,1833.94,1839.76,1892.8025,80.85106382978724,1829.5,-2.1133333333332303,-3.5450000000000728,-0.0330815316488668,1874.0,1877.5,1864.5,1877.0,17441500.0
2023-05-09,1861.0,1920.0,1855.0,1916.5,1785.84326171875,39880100.0,1842.525,1838.28,1840.4466666666667,1892.4475,88.19672131147541,1832.49,-0.8533333333332394,-3.1825000000001182,0.0108122362869198,1916.5,1861.5,1856.0,1860.0,17294400.0
2023-05-10,1920.0,1963.5,1894.0,1931.5,1799.8206787109375,55815000.0,1848.425,1843.22,1841.4266666666667,1892.1675,89.02439024390245,1835.78,0.7000000000000455,-2.785000000000082,0.0187236286919831,1931.5,1920.0,1916.5,1861.0,39880100.0
2023-05-11,1950.0,1959.0,1902.0,1916.0,1785.37744140625,34669900.0,1854.125,1847.54,1842.2,1891.81,78.79746835443038,1838.08,1.9800000000000184,-2.427500000000009,0.010548523206751,1931.5,1963.5,1931.5,1920.0,55815000.0
2023-05-12,1945.5,1949.0,1913.5,1942.0,1809.604736328125,28097200.0,1861.125,1851.86,1843.32,1891.5375,77.96052631578948,1841.18,3.439999999999827,-2.005000000000109,0.0418454935622316,1942.0,1959.0,1916.0,1950.0,34669900.0
2023-05-13,1945.5,1949.0,1913.5,1942.0,1809.604736328125,28097200.0,1868.125,1856.2,1844.4533333333327,1891.1675,77.96052631578948,1844.34,4.693333333333385,-1.634999999999991,0.0735212824765063,1942.0,1949.0,1942.0,1945.5,28097200.0
2023-05-14,1945.5,1949.0,1913.5,1942.0,1809.604736328125,28097200.0,1875.325,1860.96,1845.513333333333,1890.7775,77.96052631578948,1847.5,5.066666666666606,-1.6700000000000728,0.0717439293598234,1942.0,1949.0,1942.0,1945.5,28097200.0
2023-05-15,1939.5,1942.0,1926.0,1933.0,1801.21826171875,16791400.0,1881.975,1865.74,1846.44,1890.4475,70.48611111111111,1850.48,5.013333333333321,-1.7200000000000273,0.0798882681564245,1942.0,1949.0,1942.0,1945.5,28097200.0
2023-05-16,1933.0,1939.5,1919.0,1923.5,1792.3660888671875,18728200.0,1887.975,1870.6,1847.24,1889.915,70.48611111111111,1853.15,5.039999999999964,-1.8949999999999816,0.0769876819708845,1942.0,1942.0,1933.0,1939.5,16791400.0
2023-05-17,1925.0,1935.5,1921.0,1928.0,1796.5592041015625,16295600.0,1893.125,1875.64,1847.82,1889.405,71.38047138047138,1855.6,4.5,-2.1324999999999363,0.0795072788353863,1942.0,1939.5,1923.5,1933.0,18728200.0
2023-05-18,1945.0,1958.0,1942.0,1955.5,1822.1844482421875,28317600.0,1898.05,1881.78,1848.7666666666669,1889.0325,75.85227272727273,1857.67,4.313333333333276,-2.134999999999991,0.0949048152295632,1955.5,1935.5,1928.0,1925.0,16295600.0
2023-05-19,1963.5,1973.5,1950.5,1959.5,1825.9117431640625,23600700.0,1903.175,1888.24,1849.7666666666669,1888.5325,76.38888888888889,1860.02,4.25333333333333,-2.244999999999891,0.1089417091114883,1959.5,1958.0,1955.5,1945.0,28317600.0
2023-05-20,1963.5,1973.5,1950.5,1959.5,1825.9117431640625,23600700.0,1908.3,1894.62,1850.486666666667,1888.2325,76.38888888888889,1861.61,4.046666666666624,-2.214999999999918,0.1089417091114883,1959.5,1973.5,1959.5,1963.5,23600700.0
2023-05-21,1963.5,1973.5,1950.5,1959.5,1825.9117431640625,23600700.0,1912.575,1900.86,1851.0866666666664,1887.9575,76.38888888888889,1863.2,3.8466666666665774,-1.9574999999999816,0.0880066629650193,1959.5,1973.5,1959.5,1963.5,23600700.0
2023-05-22,1945.0,1950.0,1934.5,1950.0,1817.059326171875,25566800.0,1916.85,1905.86,1851.6533333333327,1887.635,75.96685082872929,1864.6,3.833333333333485,-1.7699999999999818,0.0912143256855064,1959.5,1973.5,1959.5,1963.5,23600700.0
2023-05-23,1970.0,1979.0,1857.0,1857.0,1730.399658203125,39793700.0,1916.475,1905.86,1850.82,1886.995,36.0655737704918,1863.8,2.053333333333285,-2.0375000000001364,0.0409192825112108,1959.5,1950.0,1950.0,1945.0,25566800.0
2023-05-24,1949.5,1959.5,1924.0,1956.5,1823.1162109375,35899300.0,1921.075,1909.84,1851.6266666666668,1886.8525,54.19463087248322,1864.95,1.860000000000128,-1.6800000000000637,0.0966928251121075,1959.5,1979.0,1857.0,1970.0,39793700.0
2023-05-25,1953.5,1960.0,1937.0,1938.5,1806.3433837890625,26877800.0,1924.775,1913.1,1852.1933333333327,1886.62,53.74376039933445,1866.67,1.706666666666706,-1.612500000000182,0.0866031390134529,1959.5,1959.5,1956.5,1949.5,35899300.0
2023-05-26,1940.5,1956.0,1931.0,1937.0,1804.9456787109373,20230300.0,1928.4,1915.62,1852.74,1886.34,49.09420289855072,1868.88,1.6533333333334213,-1.6175000000000637,0.082122905027933,1959.5,1960.0,1938.5,1953.5,26877800.0
2023-05-27,1940.5,1956.0,1931.0,1937.0,1804.9456787109373,20230300.0,1932.025,1918.52,1853.713333333333,1886.01,49.09420289855072,1871.23,2.059999999999945,-1.625,0.0728330102464691,1959.5,1956.0,1937.0,1940.5,20230300.0
2023-05-28,1940.5,1956.0,1931.0,1937.0,1804.9456787109373,20230300.0,1936.075,1921.42,1855.42,1885.7525,49.09420289855072,1873.58,4.600000000000136,-1.2424999999998363,0.0458963282937365,1959.5,1956.0,1937.0,1940.5,20230300.0
2023-05-29,1959.0,1960.0,1922.0,1928.5,1797.0250244140625,28467700.0,1936.675,1923.98,1856.973333333333,1885.6025,49.18330308529946,1875.76,5.346666666666579,-1.25,0.0469598262757871,1959.5,1956.0,1937.0,1940.5,20230300.0
2023-05-30,1921.0,1944.0,1910.5,1940.0,1807.7410888671875,18882600.0,1937.1,1927.0,1858.973333333333,1885.2975,52.97297297297297,1878.01,6.779999999999973,-1.322499999999991,0.0319148936170212,1959.5,1960.0,1928.5,1959.0,28467700.0
2023-05-31,1929.5,1934.5,1892.5,1908.5,1778.3885498046875,53396000.0,1936.725,1928.76,1860.6066666666663,1884.835,46.79802955665025,1879.66,7.866666666666561,-1.5049999999998818,0.015159574468085,1959.5,1944.0,1940.0,1921.0,18882600.0
2023-06-01,1946.0,1973.0,1935.5,1943.0,1810.53662109375,36193300.0,1936.775,1931.9,1862.7,1884.545,47.993579454253606,1882.05,8.986666666666679,-1.464999999999918,0.0335106382978722,1959.5,1934.5,1908.5,1929.5,53396000.0
2023-06-02,1960.5,2010.0,1959.0,2009.5,1872.5030517578125,46785900.0,1940.15,1938.04,1865.68,1884.6625,56.68449197860963,1885.99,10.259999999999993,-1.0900000000001455,0.0593041644702161,2009.5,1973.0,1943.0,1946.0,36193300.0
2023-06-03,1960.5,2010.0,1959.0,2009.5,1872.5030517578125,46785900.0,1943.525,1941.76,1868.9133333333327,1884.72,56.68449197860963,1890.02,11.940000000000056,-0.8824999999999363,0.0581885202738283,2009.5,2010.0,2009.5,1960.5,46785900.0
2023-06-04,1960.5,2010.0,1959.0,2009.5,1872.5030517578125,46785900.0,1947.35,1944.88,1872.1466666666668,1884.7875,56.68449197860963,1894.05,13.173333333333405,-0.5099999999999909,0.0847503373819162,2009.5,2010.0,2009.5,1960.5,46785900.0
2023-06-05,2050.0,2058.5,2021.0,2028.5,1890.2076416015625,33729200.0,1952.6,1949.38,1875.18,1884.9625,60.23468057366362,1898.46,14.573333333333494,0.1275000000000545,0.1105940323022174,2028.5,2010.0,2009.5,1960.5,46785900.0
2023-06-06,2025.0,2050.0,2011.5,2050.0,1910.241943359375,22611500.0,1958.7,1953.7,1878.6866666666667,1885.2475,80.92948717948718,1902.78,15.98666666666668,0.7024999999998727,0.1266831547128331,2050.0,2058.5,2028.5,2050.0,33729200.0
2023-06-07,2058.0,2078.5,2021.0,2022.0,1884.15087890625,41062900.0,1962.025,1956.9,1881.86,1885.3925,63.61746361746362,1906.55,16.179999999999836,0.7300000000000182,0.1112943116240725,2050.0,2050.0,2050.0,2025.0,22611500.0
2023-06-08,2038.5,2052.0,2017.5,2024.0,1886.014404296875,28562300.0,1965.25,1960.18,1885.06,1885.5475,69.04231625835189,1910.57,16.146666666666533,0.8274999999998727,0.1123935147018411,2050.0,2078.5,2022.0,2058.0,41062900.0
2023-06-09,2055.0,2057.5,2030.0,2051.5,1911.6397705078125,37276500.0,1969.85,1964.92,1888.6266666666668,1885.79,72.85429141716567,1915.33,16.480000000000018,1.0025000000000546,0.1225718194254446,2051.5,2052.0,2024.0,2038.5,28562300.0
2023-06-10,2055.0,2057.5,2030.0,2051.5,1911.6397705078125,37276500.0,1974.45,1970.04,1892.1133333333328,1885.7975,72.85429141716567,1920.32,16.933333333333167,0.834999999999809,0.1234939759036144,2051.5,2057.5,2051.5,2055.0,37276500.0
2023-06-11,2055.0,2057.5,2030.0,2051.5,1911.6397705078125,37276500.0,1979.525,1974.98,1895.3933333333327,1885.805,72.85429141716567,1925.31,16.706666666666706,0.5575000000001182,0.1250342747463668,2051.5,2057.5,2051.5,2055.0,37276500.0
2023-06-12,2065.5,2073.5,2054.5,2069.0,1927.9466552734373,19714600.0,1990.125,1979.52,1898.2866666666664,1885.9175,77.07129094412332,1930.65,16.426666666666733,0.525000000000091,0.1415172413793104,2069.0,2057.5,2051.5,2055.0,37276500.0
2023-06-13,2100.0,2183.0,2099.5,2173.5,2025.322265625,70125200.0,2000.975,1988.08,1902.7066666666667,1886.5125,83.12056737588652,1938.16,17.64666666666676,0.9650000000001456,0.2021570796460177,2173.5,2073.5,2069.0,2065.5,19714600.0
2023-06-14,2260.0,2350.0,2235.0,2310.0,2152.5166015625,99612100.0,2019.55,2002.1,1908.44,1887.79,93.87978142076504,1948.36,19.81333333333328,2.0,0.2776548672566372,2310.0,2183.0,2173.5,2100.0,70125200.0
2023-06-15,2346.0,2358.0,2303.5,2320.5,2162.301025390625,57885900.0,2038.725,2016.54,1914.3133333333333,1889.12,93.54094579008074,1958.7,22.200000000000045,3.322499999999991,0.283462389380531,2320.5,2350.0,2310.0,2260.0,99612100.0
2023-06-16,2350.0,2350.0,2275.0,2316.0,2158.107666015625,59050900.0,2057.675,2031.18,1920.1266666666668,1890.535,91.25168236877523,1968.52,24.73333333333335,4.730000000000018,0.262813522355507,2320.5,2358.0,2320.5,2346.0,57885900.0
2023-06-17,2350.0,2350.0,2275.0,2316.0,2158.107666015625,59050900.0,2076.625,2049.54,1925.713333333333,1892.0875,91.25168236877523,1977.7,27.426666666666733,6.170000000000073,0.263157894736842,2320.5,2350.0,2316.0,2350.0,59050900.0
2023-06-18,2350.0,2350.0,2275.0,2316.0,2158.107666015625,59050900.0,2096.0,2063.92,1931.2733333333333,1893.615,91.25168236877523,1986.88,28.56666666666661,7.102499999999964,0.2704333516182118,2320.5,2350.0,2316.0,2350.0,59050900.0
2023-06-19,2320.5,2323.0,2240.0,2253.0,2099.402587890625,41460800.0,2111.65,2076.5,1936.6133333333328,1894.8875,77.01564380264742,1994.8,28.173333333333176,7.097500000000082,0.2423490488006616,2320.5,2350.0,2316.0,2350.0,59050900.0
2023-06-20,2250.0,2263.0,2222.0,2244.0,2091.01611328125,36130900.0,2128.425,2088.78,1942.18,1896.2525,74.06947890818859,2002.2,27.866666666666788,7.132500000000164,0.2452830188679244,2320.5,2323.0,2253.0,2320.5,41460800.0
2023-06-21,2222.0,2228.5,2205.5,2218.5,2067.254150390625,38394900.0,2142.2,2100.04,1947.5,1897.49,74.53183520599251,2009.28,27.37333333333322,6.954999999999927,0.2311320754716981,2320.5,2263.0,2244.0,2250.0,36130900.0
2023-06-22,2246.0,2258.0,2231.5,2240.5,2087.754638671875,29584300.0,2153.75,2112.18,1953.1133333333328,1898.8375,75.74316290130797,2016.8,27.399999999999864,6.75,0.2433407325194228,2320.5,2228.5,2218.5,2222.0,38394900.0
2023-06-23,2252.0,2255.0,2171.5,2199.5,2049.5498046875,30642900.0,2163.25,2123.02,1958.18,1900.08,67.05069124423963,2023.5,26.90666666666675,6.464999999999918,0.2233036707452724,2320.5,2258.0,2240.5,2246.0,29584300.0
2023-06-24,2252.0,2255.0,2171.5,2199.5,2049.5498046875,30642900.0,2172.75,2133.4,1963.14,1901.36,67.05069124423963,2030.2,26.52666666666687,6.472499999999855,0.2219444444444445,2320.5,2255.0,2199.5,2252.0,30642900.0
2023-06-25,2252.0,2255.0,2171.5,2199.5,2049.5498046875,30642900.0,2181.3,2145.04,1968.12,1902.61,67.05069124423963,2036.9,25.939999999999827,6.357499999999845,0.2195730523981147,2320.5,2255.0,2199.5,2252.0,30642900.0
2023-06-26,2204.0,2227.0,2191.0,2221.0,2069.584228515625,22817900.0,2189.85,2156.16,1973.42,1904.0225,67.35159817351598,2044.03,25.92000000000008,6.532500000000027,0.2169863013698629,2320.5,2255.0,2199.5,2252.0,30642900.0
2023-06-27,2248.0,2257.5,2221.0,2237.0,2084.493408203125,26165400.0,2200.6,2165.26,1979.08,1905.4375,59.08440629470672,2051.65,25.966666666666697,6.599999999999909,0.2046311254711901,2320.5,2227.0,2221.0,2204.0,22817900.0
2023-06-28,2276.0,2300.0,2271.5,2300.0,2143.1982421875,35651600.0,2214.4,2176.88,1985.64,1907.1675,48.188405797101446,2059.32,27.46000000000004,7.087500000000091,0.2385568120624663,2320.5,2257.5,2237.0,2248.0,26165400.0
2023-06-29,2302.0,2311.0,2278.5,2295.5,2139.005126953125,27070800.0,2226.6,2188.32,1992.14,1908.875,45.37037037037037,2066.6,29.0,7.5150000000001,0.2361335487345179,2320.5,2300.0,2300.0,2276.0,35651600.0
2023-06-30,2320.0,2323.5,2285.5,2308.5,2151.118896484375,37428700.0,2239.45,2199.52,1998.8133333333333,1910.6025,48.65350089766606,2074.45,30.693333333333385,7.992500000000064,0.2318569903948772,2320.5,2311.0,2295.5,2302.0,27070800.0
2023-07-01,2320.0,2323.5,2285.5,2308.5,2151.118896484375,37428700.0,2252.3,2209.86,2005.14,1912.3025,48.65350089766606,2081.78,31.720000000000027,8.279999999999973,0.238133547868061,2320.5,2323.5,2308.5,2320.0,37428700.0
2023-07-02,2320.0,2323.5,2285.5,2308.5,2151.118896484375,37428700.0,2264.275,2221.32,2011.473333333333,1913.955,48.65350089766606,2089.11,32.39333333333343,8.517499999999927,0.238133547868061,2320.5,2323.5,2308.5,2320.0,37428700.0
2023-07-03,2308.0,2329.5,2303.5,2325.5,2166.9599609375,25421400.0,2271.875,2233.38,2018.1733333333327,1915.69,65.59139784946237,2096.78,32.5333333333333,8.522500000000036,0.2472512737999463,2325.5,2323.5,2308.5,2320.0,37428700.0
2023-07-04,2332.5,2344.5,2324.5,2338.0,2178.607666015625,26554700.0,2273.275,2244.84,2025.1666666666667,1917.675,69.91525423728814,2104.88,33.02666666666664,8.799999999999955,0.2539554840439797,2338.0,2329.5,2325.5,2308.0,25421400.0
2023-07-05,2336.0,2341.5,2322.5,2341.0,2181.4033203125,20643100.0,2274.3,2256.42,2032.3533333333328,1919.675,78.68852459016394,2113.23,33.539999999999964,9.072499999999993,0.2555644945025477,2341.0,2344.5,2338.0,2332.5,26554700.0
2023-07-06,2350.0,2358.0,2317.0,2327.0,2168.357666015625,28608700.0,2274.85,2267.44,2039.3533333333328,1921.605,71.04622871046229,2121.21,34.21333333333314,9.302500000000007,0.2480557790292303,2341.0,2341.5,2341.0,2336.0,20643100.0
2023-07-07,2323.5,2324.0,2292.0,2299.5,2142.732421875,26236300.0,2274.025,2276.66,2045.986666666667,1923.5525,76.04166666666667,2128.09,34.51333333333332,9.597500000000082,0.2389547413793102,2341.0,2358.0,2327.0,2350.0,28608700.0
2023-07-08,2323.5,2324.0,2292.0,2299.5,2142.732421875,26236300.0,2273.2,2281.7,2052.673333333333,1925.825,76.04166666666667,2134.89,34.49999999999977,10.134999999999993,0.1998434646490998,2341.0,2324.0,2299.5,2323.5,26236300.0
2023-07-09,2323.5,2324.0,2292.0,2299.5,2142.732421875,26236300.0,2275.525,2281.28,2059.333333333333,1928.2825,76.04166666666667,2141.69,34.16666666666674,10.607500000000073,0.1905254983173698,2341.0,2324.0,2299.5,2323.5,26236300.0
2023-07-10,2270.0,2290.0,2255.0,2260.0,2105.925537109375,28824200.0,2276.325,2278.86,2065.42,1930.3775,59.285714285714285,2147.7,33.06666666666683,10.7025000000001,0.1795407098121084,2341.0,2324.0,2299.5,2323.5,26236300.0
2023-07-11,2256.0,2258.5,2204.0,2211.0,2060.265869140625,29078400.0,2275.95,2274.66,2070.5666666666666,1932.3425,44.65020576131687,2152.92,31.213333333333367,10.737499999999956,0.1385169927909371,2341.0,2290.0,2260.0,2270.0,28824200.0
2023-07-12,2210.0,2231.0,2189.0,2198.0,2048.152099609375,20500400.0,2273.825,2269.94,2075.113333333333,1934.2425,23.57512953367876,2159.74,29.12666666666655,10.690000000000056,0.1318228630278064,2341.0,2258.5,2211.0,2256.0,29078400.0
2023-07-13,2192.5,2224.0,2180.0,2211.5,2060.731689453125,19826600.0,2274.425,2265.76,2079.84,1936.21,29.207920792079207,2164.84,27.16666666666697,10.384999999999993,0.1387744593202884,2341.0,2231.0,2198.0,2210.0,20500400.0
2023-07-14,2219.5,2231.0,2197.0,2218.0,2066.788818359375,21578800.0,2275.35,2264.36,2084.653333333333,1938.185,26.854219948849103,2170.43,25.31999999999971,9.902499999999918,0.1474392136575271,2341.0,2224.0,2211.5,2192.5,19826600.0
2023-07-15,2219.5,2231.0,2197.0,2218.0,2066.788818359375,21578800.0,2276.275,2263.32,2089.24,1940.1875,26.854219948849103,2176.05,23.81999999999971,9.809999999999944,0.1531063166103456,2341.0,2231.0,2218.0,2219.5,21578800.0
2023-07-16,2219.5,2231.0,2197.0,2218.0,2066.788818359375,21578800.0,2276.125,2263.3,2093.9533333333334,1942.1825,26.854219948849103,2181.67,23.38666666666677,9.839999999999918,0.150414937759336,2341.0,2231.0,2218.0,2219.5,21578800.0
2023-07-17,2219.5,2231.0,2197.0,2218.0,2066.788818359375,21578800.0,2275.175,2262.4,2098.6666666666665,1944.1875,19.88795518207283,2187.29,23.553333333333285,9.944999999999936,0.1342367680900025,2341.0,2231.0,2218.0,2219.5,21578800.0
2023-07-18,2214.0,2247.5,2212.0,2240.0,2087.288818359375,18107200.0,2272.175,2264.02,2103.673333333333,1946.325,23.93617021276596,2193.52,23.83333333333303,10.115000000000007,0.1431487624393979,2341.0,2231.0,2218.0,2219.5,21578800.0
2023-07-19,2266.5,2291.0,2265.0,2291.0,2134.81201171875,22597800.0,2271.95,2267.68,2109.36,1948.7175,39.40677966101696,2200.54,24.706666666666933,10.532500000000027,0.1691758101556519,2341.0,2247.5,2240.0,2214.0,18107200.0
2023-07-20,2291.5,2311.0,2275.0,2287.0,2131.08447265625,21073000.0,2270.875,2271.18,2114.9933333333333,1951.09,41.150442477876105,2208.11,25.75333333333356,10.902499999999918,0.1671344730798674,2341.0,2291.0,2291.0,2266.5,22597800.0
2023-07-21,2289.0,2301.0,2277.0,2287.5,2131.55029296875,20284200.0,2269.825,2273.84,2120.633333333333,1953.465,46.98492462311558,2215.0,26.67999999999984,11.282500000000027,0.1730769230769231,2341.0,2311.0,2287.0,2291.5,21073000.0
2023-07-22,2289.0,2301.0,2277.0,2287.5,2131.55029296875,20284200.0,2268.775,2275.86,2126.3866666666668,1955.84,46.98492462311558,2220.56,27.72000000000025,11.652499999999918,0.2318255250403877,2341.0,2301.0,2287.5,2289.0,20284200.0
2023-07-23,2289.0,2301.0,2277.0,2287.5,2131.55029296875,20284200.0,2266.875,2275.36,2131.333333333333,1958.2825,46.98492462311558,2226.12,27.66000000000031,11.957499999999982,0.1691796575517505,2341.0,2301.0,2287.5,2289.0,20284200.0
2023-07-24,2317.0,2333.0,2307.5,2324.0,2165.56201171875,23557600.0,2266.175,2276.5,2136.5666666666666,1960.865,66.3265306122449,2232.41,27.20666666666648,12.147500000000036,0.198865101882899,2341.0,2301.0,2287.5,2289.0,20284200.0
2023-07-25,2316.5,2344.5,2311.5,2344.5,2184.664306640625,23265300.0,2266.35,2277.94,2142.28,1963.4625,89.85074626865672,2238.73,27.28666666666686,12.372500000000173,0.210376871450697,2344.5,2333.0,2324.0,2317.0,23557600.0
2023-07-26,2318.0,2326.0,2305.5,2322.0,2163.698486328125,19436200.0,2266.1,2278.48,2147.346666666667,1965.9475,85.02824858757062,2244.17,26.7133333333336,12.482500000000073,0.1987609705730511,2344.5,2344.5,2344.5,2316.5,23265300.0
2023-07-27,2315.0,2329.0,2303.5,2320.5,2162.301025390625,18487400.0,2267.15,2278.96,2152.393333333333,1968.425,83.03030303030303,2250.14,26.00666666666666,12.585000000000036,0.1979865771812081,2344.5,2326.0,2322.0,2318.0,19436200.0
2023-07-28,2288.5,2327.0,2263.5,2310.0,2152.5166015625,37405600.0,2267.675,2278.34,2157.3,1970.85,77.2189349112426,2255.86,25.966666666666697,12.567499999999882,0.1978221415607985,2344.5,2329.0,2320.5,2315.0,18487400.0
2023-07-29,2288.5,2327.0,2263.5,2310.0,2152.5166015625,37405600.0,2268.2,2277.22,2162.326666666667,1973.265,77.2189349112426,2261.03,25.76000000000022,12.400000000000093,0.190721649484536,2344.5,2327.0,2310.0,2288.5,37405600.0
2023-07-30,2288.5,2327.0,2263.5,2310.0,2152.5166015625,37405600.0,2270.7,2275.98,2167.48,1975.6275,77.2189349112426,2266.2,25.19999999999981,12.164999999999964,0.2103746397694523,2344.5,2327.0,2310.0,2288.5,37405600.0
2023-07-31,2350.0,2386.0,2348.5,2386.0,2223.33544921875,44133500.0,2279.45,2278.34,2173.5866666666666,1978.27,84.28571428571428,2272.89,26.23999999999978,12.322499999999993,0.2279979413278434,2386.0,2327.0,2310.0,2288.5,37405600.0
2023-08-01,2398.0,2464.0,2387.0,2445.5,2278.77880859375,68906000.0,2291.825,2284.18,2180.12,1981.42,86.3716814159292,2280.42,27.72666666666646,12.995000000000118,0.2169693953719831,2445.5,2386.0,2386.0,2350.0,44133500.0
2023-08-02,2438.5,2549.0,2418.5,2502.5,2331.89306640625,78801100.0,2306.375,2292.3,2187.36,1984.855,86.65511265164645,2287.0,30.059999999999945,14.00500000000011,0.2453346603632744,2502.5,2464.0,2445.5,2398.0,68906000.0
2023-08-03,2476.0,2477.0,2401.0,2407.5,2243.36962890625,44187800.0,2315.85,2296.62,2193.333333333333,1987.815,65.87615283267456,2288.95,31.00666666666666,14.549999999999956,0.1980592187111221,2502.5,2549.0,2502.5,2438.5,78801100.0
2023-08-04,2407.0,2456.5,2401.5,2437.5,2271.324462890625,30038200.0,2326.825,2303.72,2199.7066666666665,1990.915,68.33740831295843,2291.29,32.22666666666646,15.287499999999907,0.2016268178456988,2502.5,2477.0,2407.5,2476.0,44187800.0
2023-08-05,2407.0,2456.5,2401.5,2437.5,2271.324462890625,30038200.0,2337.8,2312.78,2206.2066666666665,1993.7875,68.33740831295843,2293.72,32.61999999999989,15.517499999999927,0.1890243902439023,2502.5,2456.5,2437.5,2407.0,30038200.0
2023-08-06,2407.0,2456.5,2401.5,2437.5,2271.324462890625,30038200.0,2348.775,2322.36,2213.9466666666667,1996.4275,68.33740831295843,2296.15,33.826666666666824,15.007499999999936,0.2054896142433233,2502.5,2456.5,2437.5,2407.0,30038200.0
2023-08-07,2431.5,2457.0,2424.0,2444.0,2277.38134765625,19853700.0,2358.975,2331.66,2220.4466666666667,1999.325,65.8311345646438,2298.71,33.08666666666659,14.470000000000027,0.2075098814229248,2502.5,2456.5,2437.5,2407.0,30038200.0
2023-08-08,2463.5,2476.0,2420.5,2423.5,2258.278564453125,22190700.0,2365.6,2339.88,2226.9133333333334,2002.0275,60.4221635883905,2302.12,33.57999999999993,14.212499999999864,0.1813307336095539,2502.5,2457.0,2444.0,2431.5,19853700.0
2023-08-09,2423.0,2427.0,2384.0,2395.5,2232.1875,19106300.0,2371.025,2346.98,2233.026666666666,2004.59,59.557867360208064,2305.15,33.320000000000164,13.674999999999956,0.1676821837679747,2502.5,2476.0,2423.5,2463.5,22190700.0
2023-08-10,2406.5,2432.5,2395.0,2429.0,2263.403564453125,19458600.0,2378.1,2355.42,2239.5866666666666,2007.32,63.02521008403362,2309.36,33.38000000000011,13.532500000000027,0.184011698757007,2502.5,2427.0,2395.5,2423.0,19106300.0
2023-08-11,2406.5,2432.5,2395.0,2429.0,2263.403564453125,19458600.0,2385.175,2363.86,2246.1466666666665,2010.02,64.65517241379311,2313.13,32.19999999999982,13.592499999999973,0.1739971000483324,2502.5,2432.5,2429.0,2406.5,19458600.0
2023-08-12,2406.5,2432.5,2395.0,2429.0,2263.403564453125,19458600.0,2392.25,2371.42,2252.82,2012.6075,64.65517241379311,2317.72,32.37333333333345,13.282500000000027,0.1175523349436393,2502.5,2432.5,2429.0,2406.5,19458600.0
2023-08-13,2406.5,2432.5,2395.0,2429.0,2263.403564453125,19458600.0,2397.5,2376.94,2259.34,2015.2275,64.65517241379311,2322.31,32.42666666666673,13.200000000000044,0.0515151515151515,2502.5,2432.5,2429.0,2406.5,19458600.0
2023-08-14,2439.5,2459.5,2403.0,2408.0,2243.835693359375,17152200.0,2400.675,2381.78,2266.0,2017.8025,53.13390313390314,2326.48,32.97333333333336,13.212500000000093,0.0377073906485672,2502.5,2432.5,2429.0,2406.5,19458600.0
2023-08-15,2433.0,2438.0,2414.5,2419.0,2254.085693359375,12578800.0,2405.525,2387.04,2272.346666666667,2020.395,45.6198347107438,2330.44,32.76000000000022,13.075000000000044,0.0444732297063903,2502.5,2459.5,2408.0,2439.5,17152200.0
2023-08-16,2400.0,2412.5,2368.0,2370.5,2208.89208984375,22466200.0,2408.025,2390.36,2277.16,2022.745,27.551020408163268,2333.11,31.01333333333332,12.724999999999907,0.0235319516407599,2502.5,2438.0,2419.0,2433.0,12578800.0
2023-08-17,2360.5,2379.0,2332.5,2377.0,2214.948974609375,18693200.0,2411.375,2393.94,2282.06,2025.1275,42.57907542579076,2334.65,29.23999999999978,12.519999999999982,0.0263385146804835,2502.5,2412.5,2370.5,2400.0,22466200.0
2023-08-18,2348.5,2368.0,2334.5,2349.0,2188.857666015625,20054000.0,2413.325,2394.94,2286.5866666666666,2027.3625,28.255528255528247,2335.72,27.24666666666644,12.134999999999993,0.0426098535286285,2502.5,2379.0,2377.0,2360.5,18693200.0
2023-08-19,2348.5,2368.0,2334.5,2349.0,2188.857666015625,20054000.0,2415.275,2395.12,2290.86,2029.625,28.255528255528247,2336.53,24.860000000000127,11.822499999999993,0.0467914438502674,2502.5,2368.0,2349.0,2348.5,20054000.0
2023-08-20,2348.5,2368.0,2334.5,2349.0,2188.857666015625,20054000.0,2413.425,2396.2,2294.846666666667,2031.855,28.255528255528247,2337.34,22.5,11.460000000000036,0.0588235294117647,2502.5,2368.0,2349.0,2348.5,20054000.0
2023-08-21,2349.5,2376.0,2348.0,2356.5,2195.846435546875,14606100.0,2408.975,2397.64,2299.306666666667,2034.235,28.606356968215152,2338.3,22.146666666666988,11.490000000000007,0.0517741575541172,2502.5,2368.0,2349.0,2348.5,20054000.0
2023-08-22,2386.0,2420.0,2383.0,2416.5,2251.755859375,18256500.0,2404.675,2401.9,2304.54,2036.86,48.5655737704918,2340.12,22.48000000000001,11.732499999999844,0.0986587860877472,2444.0,2376.0,2356.5,2349.5,14606100.0
2023-08-23,2393.0,2411.0,2389.5,2410.5,2246.164794921875,15164600.0,2404.825,2405.92,2309.326666666667,2039.455,53.37837837837837,2341.57,22.74000000000024,12.092499999999973,0.0959308933848601,2444.0,2420.0,2416.5,2386.0,18256500.0
2023-08-24,2411.5,2412.5,2394.0,2400.0,2236.380615234375,16406900.0,2402.95,2409.52,2313.9733333333334,2041.9975,42.71356783919597,2342.75,23.11333333333323,12.372499999999944,0.0911570811548079,2444.0,2411.0,2410.5,2393.0,15164600.0
2023-08-25,2380.0,2402.0,2377.0,2395.0,2231.721923828125,15384300.0,2400.825,2409.88,2318.5533333333333,2044.405,41.66666666666667,2344.11,23.70666666666648,12.549999999999956,0.0783430886987843,2444.0,2412.5,2400.0,2411.5,16406900.0
2023-08-26,2380.0,2402.0,2377.0,2395.0,2231.721923828125,15384300.0,2398.7,2407.86,2322.9,2046.895,41.66666666666667,2346.02,23.59333333333325,12.660000000000082,0.0706303084488153,2444.0,2402.0,2395.0,2380.0,15384300.0
2023-08-27,2380.0,2402.0,2377.0,2395.0,2231.721923828125,15384300.0,2396.25,2403.56,2325.853333333333,2049.3825,41.66666666666667,2347.93,21.313333333333503,12.522500000000264,0.041304347826087,2429.0,2402.0,2395.0,2380.0,15384300.0
2023-08-28,2421.5,2447.0,2420.0,2436.5,2270.39208984375,18256100.0,2396.9,2404.72,2327.54,2052.06,56.347438752783965,2350.67,18.21333333333314,12.605000000000018,0.061424526247005,2436.5,2402.0,2395.0,2380.0,15384300.0
2023-08-29,2446.5,2451.0,2416.5,2431.5,2265.7333984375,17541400.0,2398.7,2404.48,2329.02,2054.8225,52.86041189931351,2354.1,15.046666666666624,12.825000000000273,0.0532813515269656,2436.5,2447.0,2436.5,2421.5,18256100.0
2023-08-30,2449.5,2463.5,2440.0,2456.5,2289.029296875,19036300.0,2400.075,2405.24,2330.893333333333,2057.71,72.05128205128206,2359.01,12.340000000000146,13.305000000000064,0.0641108945202513,2456.5,2451.0,2431.5,2446.5,17541400.0
2023-08-31,2465.0,2524.0,2463.0,2515.0,2343.540771484375,39487900.0,2404.375,2408.34,2333.5466666666666,2060.89,77.93522267206478,2365.35,10.646666666666531,13.99499999999989,0.0894520251245396,2515.0,2463.5,2456.5,2449.5,19036300.0
2023-09-01,2485.0,2525.0,2483.0,2519.5,2347.734130859375,23445600.0,2408.9,2411.36,2336.26,2064.105,88.14317673378076,2371.51,10.406666666666752,14.722499999999854,0.0834229198021931,2519.5,2524.0,2515.0,2465.0,39487900.0
2023-09-02,2485.0,2525.0,2483.0,2519.5,2347.734130859375,23445600.0,2413.425,2415.2,2339.813333333333,2067.29,88.14317673378076,2377.54,12.27333333333354,15.230000000000018,0.0776304533789564,2519.5,2525.0,2519.5,2485.0,23445600.0
2023-09-03,2485.0,2525.0,2483.0,2519.5,2347.734130859375,23445600.0,2419.0,2420.16,2343.4866666666667,2070.5175,88.14317673378076,2383.57,14.466666666666695,15.694999999999707,0.0762494660401538,2519.5,2525.0,2519.5,2485.0,23445600.0
2023-09-04,2540.0,2599.5,2539.0,2597.5,2420.416259765625,33250800.0,2427.925,2426.9,2348.54,2073.94,90.98639455782312,2391.16,17.646666666666533,16.230000000000018,0.1162440911044262,2597.5,2525.0,2519.5,2485.0,23445600.0
2023-09-05,2600.0,2609.5,2564.0,2589.0,2412.49560546875,28061100.0,2438.85,2433.3,2353.1866666666665,2077.3475,85.56701030927834,2398.58,19.63999999999988,16.457499999999982,0.1258969341161122,2597.5,2599.5,2597.5,2540.0,33250800.0
2023-09-06,2607.0,2664.0,2605.5,2651.0,2470.268798828125,31630100.0,2452.55,2442.18,2359.2066666666665,2081.065,90.28475711892796,2406.8,22.94666666666626,16.960000000000036,0.1528593172428789,2651.0,2609.5,2589.0,2600.0,28061100.0
2023-09-07,2657.0,2671.5,2633.0,2637.0,2457.2236328125,26184700.0,2466.95,2450.5,2365.04,2084.7125,89.23841059602648,2413.72,25.22666666666646,17.422500000000127,0.1467710371819961,2651.0,2664.0,2651.0,2607.0,31630100.0
2023-09-08,2611.0,2645.5,2598.0,2603.0,2425.541259765625,30458600.0,2479.65,2458.3,2370.42,2088.215,81.41993957703927,2420.04,26.9333333333334,17.69750000000022,0.1517699115044248,2651.0,2671.5,2637.0,2657.0,26184700.0
2023-09-09,2611.0,2645.5,2598.0,2603.0,2425.541259765625,30458600.0,2492.35,2465.66,2375.5133333333333,2091.78,81.41993957703927,2426.35,26.97333333333336,17.840000000000146,0.177295341474446,2651.0,2645.5,2603.0,2611.0,30458600.0
2023-09-10,2611.0,2645.5,2598.0,2603.0,2425.541259765625,30458600.0,2504.675,2474.96,2380.393333333333,2095.47,81.41993957703927,2432.66,27.206666666666933,18.122499999999945,0.1842584167424932,2651.0,2645.5,2603.0,2611.0,30458600.0
2023-09-11,2610.5,2618.0,2586.0,2595.0,2418.086669921875,16439600.0,2513.6,2483.68,2384.326666666667,2099.12,76.63865546218487,2438.81,25.120000000000346,18.05499999999984,0.1734117115080262,2651.0,2645.5,2603.0,2611.0,30458600.0
2023-09-12,2624.0,2660.0,2619.0,2657.0,2475.860107421875,21560000.0,2525.925,2496.0,2389.1466666666665,2103.115,81.80535966149506,2445.47,24.10666666666657,18.40249999999969,0.1979260595130747,2657.0,2618.0,2595.0,2610.5,16439600.0
2023-09-13,2657.0,2715.0,2651.0,2707.5,2522.9169921875,29244700.0,2541.3,2510.34,2394.4666666666667,2107.3625,83.02631578947368,2452.73,24.046666666666624,19.14750000000004,0.2206943192064923,2707.5,2660.0,2657.0,2624.0,21560000.0
2023-09-14,2715.5,2757.0,2694.0,2748.0,2560.65576171875,31358600.0,2558.95,2526.3,2400.326666666667,2111.8125,82.18232044198895,2461.25,24.813333333333503,20.0324999999998,0.2389540126239855,2748.0,2715.0,2707.5,2657.0,29244700.0
2023-09-15,2788.0,2842.0,2780.5,2821.5,2629.14501953125,49241800.0,2580.275,2544.9,2407.1666666666665,2116.635,85.03480278422273,2471.27,26.773333333333085,21.16500000000042,0.2720919747520289,2821.5,2757.0,2748.0,2715.5,31358600.0
2023-09-16,2788.0,2842.0,2780.5,2821.5,2629.14501953125,49241800.0,2601.6,2561.1,2413.78,2121.43,85.03480278422273,2481.5,29.453333333333376,22.309999999999945,0.2595982142857143,2821.5,2842.0,2821.5,2788.0,49241800.0
2023-09-17,2788.0,2842.0,2780.5,2821.5,2629.14501953125,49241800.0,2620.85,2577.54,2420.2266666666665,2126.22,85.03480278422273,2491.73,31.079999999999927,23.10500000000001,0.2315582714971629,2821.5,2842.0,2821.5,2788.0,49241800.0
2023-09-18,2788.0,2842.0,2780.5,2821.5,2629.14501953125,49241800.0,2640.35,2594.4,2426.633333333333,2131.01,81.72804532577904,2501.96,32.166666666666515,23.64750000000004,0.2337122868386532,2821.5,2842.0,2821.5,2788.0,49241800.0
2023-09-19,2806.5,2885.5,2798.0,2880.0,2683.656982421875,40156000.0,2661.525,2613.8,2434.0066666666667,2135.9875,86.10421836228288,2511.84,33.67999999999984,24.175000000000185,0.259016393442623,2880.0,2842.0,2821.5,2788.0,49241800.0
2023-09-20,2900.0,2911.5,2797.0,2799.0,2608.1787109375,42976800.0,2675.725,2629.96,2440.6666666666665,2140.56,67.53554502369668,2518.91,33.5,23.924999999999727,0.2236065573770491,2880.0,2885.5,2880.0,2806.5,40156000.0
2023-09-21,2799.0,2835.0,2775.0,2785.5,2595.599365234375,25747000.0,2689.025,2645.58,2447.1466666666665,2145.065,67.61565836298932,2524.57,33.36666666666633,23.63500000000022,0.2177049180327868,2880.0,2911.5,2799.0,2900.0,42976800.0
2023-09-22,2749.5,2811.0,2735.0,2788.5,2598.39501953125,28714900.0,2702.475,2659.66,2453.6666666666665,2149.48,73.75160051216389,2532.19,33.440000000000055,23.26000000000022,0.1998709122203097,2880.0,2835.0,2785.5,2799.0,25747000.0
2023-09-23,2749.5,2811.0,2735.0,2788.5,2598.39501953125,28714900.0,2715.925,2673.94,2460.713333333333,2153.85,73.75160051216389,2539.21,34.07999999999993,22.83999999999969,0.1893793985924503,2880.0,2811.0,2788.5,2749.5,28714900.0
2023-09-24,2749.5,2811.0,2735.0,2788.5,2598.39501953125,28714900.0,2725.475,2687.22,2468.4133333333334,2158.255,73.75160051216389,2546.23,34.40666666666675,22.267499999999927,0.2009043927648579,2880.0,2811.0,2788.5,2749.5,28714900.0
2023-09-25,2785.0,2789.0,2740.5,2761.5,2573.23583984375,21522300.0,2734.1,2697.08,2475.9266666666667,2162.465,70.32967032967034,2552.71,35.26000000000022,21.9050000000002,0.1900452488687782,2880.0,2811.0,2788.5,2749.5,28714900.0
2023-09-26,2765.0,2766.5,2707.5,2716.5,2531.303466796875,26603400.0,2737.375,2704.96,2482.66,2166.5675,57.5796178343949,2558.16,35.51333333333332,21.50250000000005,0.1759740259740259,2880.0,2789.0,2761.5,2785.0,21522300.0
2023-09-27,2700.0,2751.5,2677.0,2748.0,2560.65576171875,31403100.0,2742.925,2714.1,2489.7266666666665,2170.8275,55.42168674698796,2564.65,36.059999999999945,21.34749999999985,0.1896103896103895,2880.0,2766.5,2716.5,2765.0,26603400.0
2023-09-28,2720.0,2746.5,2678.0,2706.0,2549.350830078125,32137100.0,2748.075,2721.56,2496.233333333333,2174.8775,44.4,2570.86,35.51999999999998,21.027500000000146,0.1714285714285714,2880.0,2751.5,2748.0,2700.0,31403100.0
2023-09-29,2718.0,2727.5,2675.5,2677.5,2522.50048828125,33276200.0,2751.8,2724.76,2502.36,2178.945,28.181818181818187,2575.83,33.946666666666715,20.69000000000005,0.1221709974853311,2880.0,2746.5,2706.0,2720.0,32137100.0
2023-09-30,2718.0,2727.5,2675.5,2677.5,2522.50048828125,33276200.0,2755.525,2728.3,2508.4866666666667,2183.2875,28.181818181818187,2580.8,32.559999999999945,20.822499999999764,0.0948681251277856,2880.0,2727.5,2677.5,2718.0,33276200.0
2023-10-01,2718.0,2727.5,2675.5,2677.5,2522.50048828125,33276200.0,2759.65,2729.36,2514.32,2187.615,28.181818181818187,2585.77,31.66000000000031,21.04749999999968,0.06993006993007,2880.0,2727.5,2677.5,2718.0,33276200.0
2023-10-02,2700.5,2746.5,2683.5,2687.0,2531.450439453125,28738800.0,2761.15,2731.36,2519.6,2192.1,30.191458026509565,2590.93,29.87333333333345,21.27250000000004,0.1160955347871235,2880.0,2727.5,2677.5,2718.0,33276200.0
2023-10-03,2680.0,2687.0,2593.0,2605.0,2454.197509765625,31775900.0,2756.025,2731.44,2523.84,2196.195,12.121212121212125,2594.87,27.606666666667024,21.31750000000011,0.0687179487179487,2880.0,2746.5,2687.0,2700.5,28738800.0
2023-10-04,2555.0,2563.0,2471.0,2477.5,2334.078369140625,46063800.0,2742.5,2726.42,2526.373333333333,2199.6525,10.74481074481075,2596.04,24.01333333333332,20.707499999999985,0.0164102564102563,2880.0,2687.0,2605.0,2680.0,31775900.0
2023-10-05,2528.0,2590.0,2505.5,2590.0,2440.06591796875,41463500.0,2730.925,2725.9,2530.4066666666668,2203.6725,30.776794493608648,2600.43,21.92000000000008,20.38500000000022,0.0625641025641026,2880.0,2563.0,2477.5,2555.0,46063800.0
2023-10-06,2564.5,2604.0,2536.0,2572.0,2423.10791015625,28521800.0,2718.45,2724.98,2534.2,2207.6975,29.321872015281755,2604.33,19.87999999999965,20.08250000000044,0.0523731587561375,2880.0,2590.0,2590.0,2528.0,41463500.0
2023-10-07,2564.5,2604.0,2536.0,2572.0,2423.10791015625,28521800.0,2705.975,2721.58,2537.5066666666667,2211.7225,29.321872015281755,2608.79,17.90666666666675,19.622499999999945,0.0612750154734886,2880.0,2604.0,2572.0,2564.5,28521800.0
2023-10-08,2564.5,2604.0,2536.0,2572.0,2423.10791015625,28521800.0,2693.5,2716.16,2540.54,2215.5775,29.321872015281755,2613.25,16.699999999999818,19.38249999999971,0.0736798163222709,2880.0,2604.0,2572.0,2564.5,28521800.0
2023-10-09,2564.5,2604.0,2536.0,2572.0,2423.10791015625,28521800.0,2678.1,2709.12,2543.873333333333,2219.5025,30.91641490433031,2617.71,17.5,19.84999999999991,0.0588719637710992,2799.0,2604.0,2572.0,2564.5,28521800.0
2023-10-10,2600.0,2640.5,2595.0,2624.5,2472.568603515625,27455800.0,2669.375,2701.24,2547.9266666666667,2223.705,40.87301587301587,2623.07,17.519999999999982,20.0324999999998,0.0804857966241252,2788.5,2604.0,2572.0,2564.5,28521800.0
2023-10-11,2650.0,2681.0,2640.0,2651.0,2497.534423828125,23177900.0,2662.65,2694.42,2552.4733333333334,2228.04,40.280561122244485,2627.76,18.27333333333354,20.342499999999745,0.0913956360642238,2788.5,2640.5,2624.5,2600.0,27455800.0
2023-10-12,2678.0,2740.0,2673.0,2740.0,2581.382568359375,32321600.0,2660.225,2691.16,2558.2066666666665,2232.82,53.11355311355312,2634.35,20.69999999999981,21.09750000000031,0.1280362289007821,2788.5,2681.0,2651.0,2650.0,23177900.0
2023-10-13,2708.0,2726.0,2677.0,2687.5,2531.92138671875,24757200.0,2655.175,2685.8,2563.24,2237.3075,50.87719298245614,2640.1,22.69999999999981,21.73000000000001,0.1160714285714286,2788.5,2740.0,2740.0,2678.0,32321600.0
2023-10-14,2708.0,2726.0,2677.0,2687.5,2531.92138671875,24757200.0,2650.125,2678.1,2567.26,2241.7175,50.87719298245614,2645.95,23.38666666666677,22.215000000000146,0.11099627945432,2761.5,2726.0,2687.5,2708.0,24757200.0
2023-10-15,2708.0,2726.0,2677.0,2687.5,2531.92138671875,24757200.0,2646.425,2673.64,2570.4866666666667,2245.895,50.87719298245614,2651.8,22.559999999999945,22.19000000000005,0.1337270618013077,2748.0,2726.0,2687.5,2708.0,24757200.0
2023-10-16,2650.0,2665.0,2630.5,2660.0,2506.013671875,19258100.0,2643.6,2668.62,2572.5866666666666,2249.985,47.70408163265306,2657.1,20.11333333333323,21.945000000000164,0.1190576356752208,2748.0,2726.0,2687.5,2708.0,24757200.0
2023-10-17,2705.0,2719.0,2653.0,2681.0,2525.7978515625,22766500.0,2640.25,2664.32,2576.233333333333,2253.99,57.210626185958255,2661.99,18.02666666666664,21.16999999999961,0.1413367390378885,2740.0,2665.0,2660.0,2650.0,19258100.0
2023-10-18,2675.0,2697.0,2661.0,2669.0,2514.492431640625,18891100.0,2638.4,2659.54,2579.32,2257.935,73.2685297691373,2666.74,16.080000000000382,20.62750000000005,0.1362281822051936,2740.0,2719.0,2681.0,2705.0,22766500.0
2023-10-19,2625.0,2667.0,2623.0,2645.0,2491.882080078125,18842300.0,2636.775,2653.8,2582.0866666666666,2261.76,58.513931888544896,2670.51,14.82666666666637,20.04250000000001,0.1260110685398041,2740.0,2697.0,2669.0,2675.0,18891100.0
2023-10-20,2600.5,2642.0,2575.0,2617.0,2465.5029296875,23366400.0,2633.75,2648.02,2584.48,2265.36,56.75675675675676,2672.55,13.99333333333334,19.465000000000146,0.1105453002333969,2740.0,2667.0,2645.0,2625.0,18842300.0
2023-10-21,2600.5,2642.0,2575.0,2617.0,2465.5029296875,23366400.0,2630.725,2644.04,2586.786666666667,2268.95,56.75675675675676,2674.5,14.200000000000273,18.96499999999969,0.0829712393958204,2740.0,2642.0,2617.0,2600.5,23366400.0
2023-10-22,2600.5,2642.0,2575.0,2617.0,2465.5029296875,23366400.0,2627.225,2638.8,2589.366666666667,2272.7725,56.75675675675676,2676.45,13.133333333333669,18.78250000000025,0.0856668740925119,2740.0,2642.0,2617.0,2600.5,23366400.0
2023-10-23,2600.0,2631.0,2585.5,2610.0,2458.907958984375,17852100.0,2627.475,2634.96,2592.2266666666665,2276.69,55.588235294117645,2678.26,12.906666666666297,18.75500000000011,0.0874999999999999,2740.0,2642.0,2617.0,2600.5,23366400.0
2023-10-24,2645.0,2648.5,2544.0,2597.5,2447.131591796875,26740000.0,2633.475,2631.76,2594.4733333333334,2280.58,45.5,2678.26,12.38666666666677,18.81999999999971,0.0845511482254697,2740.0,2631.0,2610.0,2600.0,17852100.0
2023-10-25,2631.0,2664.0,2613.5,2640.0,2487.171142578125,18828500.0,2635.975,2630.26,2597.286666666667,2284.6825,48.25949367088607,2679.28,12.806666666666844,19.322499999999764,0.1022964509394572,2740.0,2648.5,2597.5,2645.0,26740000.0
2023-10-26,2617.5,2628.0,2571.0,2594.5,2444.305419921875,22969100.0,2637.1,2626.94,2599.4933333333333,2288.5575,23.30275229357798,2678.15,12.70666666666648,19.60750000000008,0.0832985386221294,2740.0,2664.0,2640.0,2631.0,18828500.0
2023-10-27,2595.0,2644.0,2594.5,2638.5,2485.75830078125,20775500.0,2640.425,2625.0,2602.286666666667,2292.6125,40.719696969696976,2678.18,12.920000000000073,19.840000000000146,0.0829058075107735,2740.0,2628.0,2594.5,2617.5,22969100.0
2023-10-28,2595.0,2644.0,2594.5,2638.5,2485.75830078125,20775500.0,2643.75,2626.34,2605.36,2296.675,40.719696969696976,2678.89,13.133333333333669,19.985000000000127,0.0851326341764342,2740.0,2644.0,2638.5,2595.0,20775500.0
2023-10-29,2595.0,2644.0,2594.5,2638.5,2485.75830078125,20775500.0,2647.075,2632.78,2608.286666666667,2300.75,40.719696969696976,2679.6,13.813333333333505,20.17000000000008,0.0740891512314267,2740.0,2644.0,2638.5,2595.0,20775500.0
2023-10-30,2593.0,2595.0,2560.5,2574.0,2424.9921875,28552500.0,2644.55,2632.14,2611.0,2304.5575,35.71428571428572,2679.02,13.71333333333314,19.875,0.0234592445328032,2740.0,2644.0,2638.5,2595.0,20775500.0
2023-10-31,2590.0,2593.0,2526.0,2590.0,2440.06591796875,32184100.0,2641.5,2632.86,2613.84,2308.4675,34.62837837837837,2678.92,14.346666666666806,19.91000000000031,0.0279817424092081,2740.0,2595.0,2574.0,2593.0,28552500.0
2023-11-01,2703.5,2752.0,2678.5,2712.0,2555.003173828125,66935200.0,2640.1,2638.46,2618.68,2312.9875,55.29556650246305,2680.02,16.393333333332976,20.375,0.076404048422306,2712.0,2593.0,2590.0,2590.0,32184100.0
2023-11-02,2812.0,2846.5,2746.5,2760.0,2600.224853515625,62211400.0,2643.725,2645.98,2624.16,2317.7475,63.372093023255815,2681.07,18.799999999999727,21.072499999999764,0.0954554475094264,2760.0,2752.0,2712.0,2703.5,66935200.0
2023-11-03,2812.0,2846.5,2746.5,2760.0,2600.224853515625,62211400.0,2647.35,2653.5,2629.64,2322.3775,67.78606965174129,2681.31,21.35333333333301,21.62750000000005,0.0625601539942253,2760.0,2846.5,2760.0,2812.0,62211400.0
2023-11-04,2812.0,2846.5,2746.5,2760.0,2600.224853515625,62211400.0,2650.975,2658.92,2635.02,2327.01,67.78606965174129,2680.08,24.019999999999985,22.452500000000327,0.0660486674391656,2760.0,2846.5,2760.0,2812.0,62211400.0
2023-11-05,2812.0,2846.5,2746.5,2760.0,2600.224853515625,62211400.0,2655.975,2663.28,2639.6,2331.695,67.78606965174129,2678.85,25.759999999999764,23.227499999999964,0.041116559788759,2760.0,2846.5,2760.0,2812.0,62211400.0
2023-11-06,2840.0,2866.5,2823.5,2846.0,2681.24609375,48988800.0,2664.225,2667.52,2645.4066666666668,2336.8575,74.53222453222453,2679.34,26.726666666666915,23.86999999999989,0.0792567311338643,2846.0,2846.5,2760.0,2812.0,62211400.0
2023-11-07,2850.0,2854.0,2818.5,2832.0,2668.056640625,27050700.0,2672.375,2673.3,2651.1666666666665,2342.0075,74.30051813471502,2679.55,27.00666666666666,24.26000000000022,0.0879754129850172,2846.0,2866.5,2846.0,2840.0,48988800.0
2023-11-08,2861.5,2879.5,2757.0,2757.0,2597.398193359375,32626900.0,2677.975,2676.08,2655.9933333333333,2346.7825,61.35922330097088,2677.09,26.353333333333467,24.404999999999745,0.0591625048021513,2846.0,2854.0,2832.0,2850.0,27050700.0
2023-11-09,2795.0,2819.0,2752.0,2817.5,2654.39599609375,23116200.0,2688.0,2681.28,2661.6266666666666,2351.86,71.0377358490566,2677.46,26.60666666666657,24.84999999999991,0.0824049174029966,2846.0,2879.5,2757.0,2861.5,32626900.0
2023-11-10,2770.5,2815.0,2770.0,2803.0,2640.735595703125,23638200.0,2697.3,2687.0,2667.0666666666666,2356.885,66.43356643356644,2677.81,27.466666666666697,25.19000000000005,0.0801541425818883,2846.0,2819.0,2817.5,2795.0,23116200.0
2023-11-11,2770.5,2815.0,2770.0,2803.0,2640.735595703125,23638200.0,2706.6,2691.88,2671.9533333333334,2361.9,66.43356643356644,2678.1,26.546666666666624,25.04250000000001,0.0549491908167105,2846.0,2815.0,2803.0,2770.5,23638200.0
2023-11-12,2770.5,2815.0,2770.0,2803.0,2640.735595703125,23638200.0,2716.25,2697.24,2676.9066666666668,2366.8975,66.43356643356644,2678.39,25.74000000000024,24.88999999999988,0.0352723915050785,2846.0,2815.0,2803.0,2770.5,23638200.0
2023-11-13,2833.0,2845.5,2807.5,2817.0,2653.9248046875,19390400.0,2727.225,2704.12,2681.713333333333,2371.8575,77.0,2678.96,25.7199999999998,25.07500000000028,0.0251091703056769,2846.0,2815.0,2803.0,2770.5,23638200.0
2023-11-14,2845.0,2866.5,2837.5,2843.5,2678.890869140625,25175900.0,2737.4,2713.18,2686.093333333333,2376.79,77.5244299674267,2680.6,24.466666666666697,24.92999999999984,0.0077972709551656,2846.0,2845.5,2817.0,2833.0,19390400.0
2023-11-15,2880.5,2898.5,2860.0,2860.0,2694.435791015625,29788400.0,2750.675,2722.9,2690.633333333333,2381.805,70.84507042253522,2683.47,23.56666666666661,24.91999999999961,0.0136452241715399,2860.0,2866.5,2843.5,2845.0,25175900.0
2023-11-16,2860.0,2897.5,2858.0,2879.0,2712.335693359375,21411300.0,2762.7,2733.38,2695.4266666666667,2386.915,68.25153374233129,2686.09,23.47333333333336,25.01499999999988,0.0203792309055466,2879.0,2898.5,2860.0,2880.5,29788400.0
2023-11-17,2840.0,2892.5,2834.0,2892.5,2725.054443359375,24794700.0,2775.4,2744.68,2700.4,2392.0075,69.5139911634757,2689.82,23.49333333333334,25.110000000000127,0.025163919900762,2892.5,2897.5,2879.0,2860.0,21411300.0
2023-11-18,2840.0,2892.5,2834.0,2892.5,2725.054443359375,24794700.0,2788.1,2756.48,2704.333333333333,2397.1475,69.5139911634757,2694.12,22.620000000000346,25.289999999999964,0.0043402777777776,2892.5,2892.5,2892.5,2840.0,24794700.0
2023-11-19,2840.0,2892.5,2834.0,2892.5,2725.054443359375,24794700.0,2804.025,2766.58,2708.38,2402.2875,69.5139911634757,2698.42,22.28666666666686,25.497499999999945,0.0334047874240799,2892.5,2892.5,2892.5,2840.0,24794700.0
2023-11-20,2892.5,2900.0,2768.5,2780.0,2619.06689453125,46342000.0,2813.525,2774.0,2710.1,2406.865,40.98360655737705,2700.47,19.466666666666697,25.059999999999945,-0.0019745108598097,2892.5,2892.5,2892.5,2840.0,24794700.0
2023-11-21,2785.0,2793.0,2720.5,2735.0,2576.671875,36142900.0,2814.675,2777.86,2711.4066666666668,2411.2175,37.78337531486146,2701.43,15.980000000000018,24.30250000000024,-0.0191859422628652,2892.5,2900.0,2780.0,2892.5,46342000.0
2023-11-22,2728.0,2781.0,2711.0,2728.5,2570.548095703125,31006900.0,2813.1,2781.46,2713.08,2415.5375,45.662100456621005,2703.9,12.679999999999836,23.529999999999745,-0.0215169445938676,2892.5,2793.0,2735.0,2785.0,36142900.0
2023-11-23,2728.0,2781.0,2711.0,2728.5,2570.548095703125,31006900.0,2811.525,2785.06,2714.7533333333336,2419.8575,33.3955223880597,2708.92,10.420000000000073,22.71000000000004,-0.0215169445938676,2892.5,2781.0,2728.5,2728.0,31006900.0
2023-11-24,2785.0,2814.0,2774.0,2803.0,2640.735595703125,29415500.0,2813.675,2794.22,2717.42,2424.5925,50.0,2713.18,9.039999999999964,22.30500000000029,0.0150280644577223,2892.5,2781.0,2728.5,2728.0,31006900.0
2023-11-25,2785.0,2814.0,2774.0,2803.0,2640.735595703125,29415500.0,2815.825,2802.74,2720.193333333333,2429.025,50.0,2717.8,10.093333333333248,22.16000000000031,0.0318424443217375,2892.5,2814.0,2803.0,2785.0,29415500.0
2023-11-26,2785.0,2814.0,2774.0,2803.0,2640.735595703125,29415500.0,2813.675,2806.38,2722.14,2433.3825,50.0,2722.42,10.73333333333312,22.164999999999964,0.0200145560407569,2892.5,2814.0,2803.0,2785.0,29415500.0
2023-11-27,2800.0,2803.0,2762.0,2770.0,2609.6455078125,22122900.0,2810.575,2806.78,2722.9733333333334,2437.6525,43.227665706051866,2726.38,9.89333333333343,22.11500000000024,0.0236511456023651,2892.5,2814.0,2803.0,2785.0,29415500.0
2023-11-28,2770.0,2779.5,2736.0,2755.0,2595.51416015625,22163500.0,2810.475,2806.58,2723.0666666666666,2441.7175,36.8107302533532,2730.04,8.313333333333048,21.860000000000127,0.0289449112978523,2892.5,2803.0,2770.0,2800.0,22122900.0
2023-11-29,2770.0,2809.5,2744.0,2802.5,2640.264404296875,36001000.0,2809.725,2808.28,2722.813333333333,2446.02,42.155525238744886,2733.6,5.39333333333343,21.42749999999978,0.0466853408029879,2892.5,2779.5,2755.0,2770.0,22163500.0
2023-11-30,2810.0,2820.0,2786.5,2794.5,2632.727294921875,49146600.0,2809.3,2809.66,2722.4533333333334,2450.2825,38.11533052039381,2736.47,2.2600000000002183,21.25749999999971,0.0436974789915967,2892.5,2809.5,2802.5,2770.0,36001000.0
2023-12-01,2819.0,2842.0,2803.0,2833.0,2668.998779296875,26774000.0,2810.8,2809.14,2722.6066666666666,2454.7825,42.18134034165571,2738.33,0.466666666666697,21.39999999999964,0.0543356903609975,2892.5,2820.0,2794.5,2810.0,49146600.0
2023-12-02,2819.0,2842.0,2803.0,2833.0,2668.998779296875,26774000.0,2812.3,2809.18,2722.76,2459.33,42.18134034165571,2741.24,-0.2133333333331393,21.67749999999978,0.0875239923224568,2892.5,2842.0,2833.0,2819.0,26774000.0
2023-12-03,2819.0,2842.0,2803.0,2833.0,2668.998779296875,26774000.0,2813.1,2812.22,2722.133333333333,2463.855,42.18134034165571,2744.15,-0.933333333333394,22.13749999999981,0.1434914228052473,2892.5,2842.0,2833.0,2819.0,26774000.0
2023-12-04,2802.0,2802.5,2744.5,2767.5,2607.290283203125,30495700.0,2809.3,2810.22,2721.713333333333,2467.915,48.125937031484256,2745.75,-1.1000000000003638,21.894999999999985,0.0685328185328184,2892.5,2842.0,2833.0,2819.0,26774000.0
2023-12-05,2770.0,2784.5,2743.5,2753.5,2594.10107421875,24512600.0,2803.975,2808.24,2721.286666666667,2471.885,53.05785123966942,2747.62,-1.166666666666515,21.60250000000042,0.0705676516329705,2892.5,2802.5,2767.5,2802.0,30495700.0
2023-12-06,2770.5,2829.5,2758.0,2827.0,2663.34619140625,27896600.0,2801.375,2809.2,2721.8,2476.2225,63.32882273342355,2750.54,-0.8066666666663878,21.44000000000005,0.099144634525661,2892.5,2784.5,2753.5,2770.0,24512600.0
2023-12-07,2800.0,2812.0,2776.0,2794.5,2632.727294921875,26610300.0,2796.475,2808.86,2721.88,2480.3975,58.2089552238806,2753.05,-0.8800000000001091,21.06750000000011,0.0865085536547434,2892.5,2829.5,2827.0,2770.5,27896600.0
2023-12-08,2711.0,2721.0,2657.0,2680.5,2525.32666015625,55312000.0,2785.875,2803.4,2720.44,2484.05,36.12684031710079,2753.76,-1.6933333333331575,20.195000000000164,0.0421850699844479,2892.5,2812.0,2794.5,2800.0,26610300.0
2023-12-09,2711.0,2721.0,2657.0,2680.5,2525.32666015625,55312000.0,2775.275,2796.88,2719.36,2488.1675,36.12684031710079,2755.03,-2.353333333333012,20.25250000000005,0.0213373975995427,2833.0,2721.0,2680.5,2711.0,55312000.0
2023-12-10,2711.0,2721.0,2657.0,2680.5,2525.32666015625,55312000.0,2770.3,2789.7,2718.88,2491.7875,36.12684031710079,2756.3,-2.406666666666752,19.90249999999969,0.0111278762731044,2833.0,2721.0,2680.5,2711.0,55312000.0
2023-12-11,2701.0,2716.0,2690.5,2705.5,2548.87939453125,31081400.0,2768.825,2782.76,2718.313333333333,2495.6225,42.560553633218,2758.07,-3.486666666666679,19.40000000000009,-0.0125912408759124,2833.0,2721.0,2680.5,2711.0,55312000.0
2023-12-12,2727.0,2735.5,2681.5,2681.5,2526.26904296875,25316700.0,2766.475,2774.32,2717.9866666666667,2499.345,41.69491525423729,2759.5,-3.8933333333334303,18.947499999999764,-0.0022325581395349,2833.0,2716.0,2705.5,2701.0,31081400.0
2023-12-13,2672.5,2682.0,2644.5,2673.5,2518.73193359375,20383300.0,2763.725,2765.56,2717.9333333333334,2503.0275,33.99503722084367,2761.02,-2.5066666666666606,18.977499999999964,-0.0052093023255813,2833.0,2735.5,2681.5,2727.0,25316700.0
2023-12-14,2605.5,2623.5,2552.0,2571.5,2422.636962890625,43459500.0,2752.15,2752.72,2716.52,2506.2,27.56539235412476,2759.65,-2.840000000000145,18.0324999999998,-0.0431627906976743,2833.0,2682.0,2673.5,2672.5,20383300.0
2023-12-15,2617.0,2624.0,2592.0,2600.5,2449.9580078125,32057100.0,2742.025,2745.54,2715.4933333333333,2509.56,26.15384615384616,2759.77,-3.3866666666667697,17.772500000000036,-0.0223684210526315,2833.0,2623.5,2571.5,2605.5,43459500.0
2023-12-16,2617.0,2624.0,2592.0,2600.5,2449.9580078125,32057100.0,2731.9,2740.16,2714.34,2512.8625,26.15384615384616,2759.01,-3.9733333333333576,17.240000000000236,-0.0300261096605743,2833.0,2624.0,2600.5,2617.0,32057100.0
2023-12-17,2617.0,2624.0,2592.0,2600.5,2449.9580078125,32057100.0,2723.425,2735.04,2714.28,2516.3225,26.15384615384616,2758.25,-3.706666666666479,16.97750000000042,-0.0256650430872986,2833.0,2624.0,2600.5,2617.0,32057100.0
2023-12-18,2590.5,2619.5,2571.5,2619.5,2467.85791015625,21229700.0,2716.65,2730.68,2716.173333333333,2519.705,33.21995464852607,2757.87,-1.7600000000002185,16.67749999999978,-0.0096408317580339,2833.0,2624.0,2600.5,2617.0,32057100.0
2023-12-19,2620.0,2657.5,2590.5,2640.5,2487.642333984375,24989000.0,2708.55,2724.18,2716.846666666667,2522.86,37.38839285714286,2759.2,0.3266666666668243,16.66000000000031,0.0089797478028277,2833.0,2619.5,2619.5,2590.5,21229700.0
2023-12-20,2666.0,2692.0,2634.0,2644.0,2490.93994140625,34125400.0,2701.025,2717.82,2717.806666666667,2526.0325,25.7936507936508,2760.28,2.313333333333503,16.472499999999854,0.0103171570500573,2833.0,2657.5,2640.5,2620.0,24989000.0
2023-12-21,2520.0,2576.5,2495.0,2537.5,2390.605224609375,47672400.0,2686.25,2707.2,2717.346666666667,2528.6725,21.570796460177,2756.79,3.0066666666666606,15.809999999999944,-0.0303782957585021,2833.0,2692.0,2644.0,2666.0,34125400.0
2023-12-22,2520.0,2549.5,2499.0,2516.0,2370.349853515625,38330200.0,2670.4,2697.04,2716.6,2531.11,27.12100139082058,2751.91,2.319999999999709,14.787499999999907,-0.036015325670498,2833.0,2576.5,2537.5,2520.0,47672400.0
2023-12-23,2520.0,2549.5,2499.0,2516.0,2370.349853515625,38330200.0,2654.55,2687.48,2715.853333333333,2533.44,27.12100139082058,2747.03,-0.3199999999997089,13.735000000000127,-0.0313763233878729,2827.0,2549.5,2516.0,2520.0,38330200.0
2023-12-24,2520.0,2549.5,2499.0,2516.0,2370.349853515625,38330200.0,2641.975,2676.02,2714.4066666666668,2535.91,27.12100139082058,2742.15,-2.4400000000000546,13.049999999999727,-0.0469696969696969,2827.0,2549.5,2516.0,2520.0,38330200.0
2023-12-25,2525.0,2553.0,2514.5,2537.0,2390.134033203125,19273800.0,2631.15,2665.72,2712.8866666666668,2538.475,26.30098452883263,2737.69,-4.920000000000073,12.44250000000011,-0.0221622663326267,2827.0,2549.5,2516.0,2520.0,38330200.0
2023-12-26,2543.0,2544.5,2520.5,2541.0,2393.90234375,17223900.0,2616.85,2654.04,2710.233333333333,2540.9225,29.061102831594624,2731.59,-7.113333333333685,12.25,-0.0369528140989198,2794.5,2553.0,2537.0,2525.0,19273800.0
2023-12-27,2557.5,2583.5,2547.0,2583.0,2433.47119140625,26896000.0,2606.275,2644.04,2708.84,2543.58,37.75372124492558,2726.61,-7.7599999999997635,12.4699999999998,-0.0210346787947697,2705.5,2544.5,2541.0,2543.0,17223900.0
2023-12-28,2555.0,2573.0,2539.0,2556.0,2408.0341796875,17822300.0,2600.05,2632.96,2707.0866666666666,2546.1025,47.368421052631575,2722.59,-8.766666666666879,12.662499999999907,-0.031267765776009,2705.5,2583.5,2583.0,2557.5,26896000.0
2023-12-29,2572.0,2615.5,2569.0,2590.5,2440.53662109375,26860500.0,2595.55,2625.88,2705.793333333333,2548.71,48.333333333333336,2718.05,-8.61333333333323,12.800000000000182,0.0064102564102563,2705.5,2573.0,2556.0,2555.0,17822300.0
2023-12-30,2572.0,2615.5,2569.0,2590.5,2440.53662109375,26860500.0,2591.05,2619.36,2704.866666666667,2550.795,48.333333333333336,2713.8,-8.019999999999982,12.320000000000164,0.0001930501930502,2705.5,2615.5,2590.5,2572.0,26860500.0
2023-12-31,2572.0,2615.5,2569.0,2590.5,2440.53662109375,26860500.0,2585.3,2609.9,2703.66,2552.1975,48.333333333333336,2709.55,-6.573333333333267,11.275000000000093,-0.0448008849557521,2681.5,2615.5,2590.5,2572.0,26860500.0
2024-01-01,2572.0,2615.5,2569.0,2590.5,2440.53662109375,26860500.0,2580.75,2601.74,2702.613333333333,2553.5475,44.83985765124555,2705.3,-6.226666666666915,9.9675000000002,-0.0614130434782608,2673.5,2615.5,2590.5,2572.0,26860500.0
2024-01-02,2572.0,2615.5,2569.0,2590.5,2440.53662109375,26860500.0,2576.6,2598.14,2701.8866666666668,2554.92,40.38461538461539,2700.77,-5.199999999999818,8.81750000000011,-0.0614130434782608,2644.0,2615.5,2590.5,2572.0,26860500.0
2024-01-03,2572.0,2615.5,2569.0,2590.5,2440.53662109375,26860500.0,2577.55,2594.54,2701.5333333333333,2556.2925,39.57115009746588,2695.71,-4.260000000000218,7.582499999999982,-0.0614130434782608,2644.0,2615.5,2590.5,2572.0,26860500.0
2024-01-04,2605.0,2635.0,2572.0,2635.0,2482.4609375,29812900.0,2579.275,2592.72,2701.773333333333,2557.8875,75.06426735218508,2691.21,-3.0933333333332484,7.092499999999745,-0.0452898550724637,2644.0,2615.5,2590.5,2572.0,26860500.0
2024-01-05,2643.5,2708.0,2643.5,2701.5,2545.111083984375,30515500.0,2584.325,2592.56,2702.9,2560.13,88.72651356993737,2687.66,-0.7599999999997635,7.932499999999891,-0.0507730147575544,2701.5,2635.0,2635.0,2605.0,29812900.0
2024-01-06,2643.5,2708.0,2643.5,2701.5,2545.111083984375,30515500.0,2589.375,2593.36,2704.12,2562.4175,88.72651356993737,2683.84,1.5066666666666606,8.86999999999989,-0.0460805084745762,2701.5,2708.0,2701.5,2643.5,30515500.0
2024-01-07,2643.5,2708.0,2643.5,2701.5,2545.111083984375,30515500.0,2593.475,2594.48,2705.5066666666667,2564.8325,88.72651356993737,2680.02,3.619999999999891,9.912499999999907,-0.0201305767138193,2701.5,2708.0,2701.5,2643.5,30515500.0
2024-01-08,2643.5,2708.0,2643.5,2701.5,2545.111083984375,30515500.0,2596.525,2599.68,2706.326666666667,2567.1375,87.64302059496568,2676.2,4.793333333333521,10.8449999999998,-0.0411712511091393,2701.5,2708.0,2701.5,2643.5,30515500.0
2024-01-09,2715.0,2716.0,2662.5,2694.0,2538.045166015625,30486100.0,2599.025,2603.42,2707.653333333333,2569.61,84.45945945945945,2674.48,5.879999999999654,11.72250000000031,-0.0388869068854798,2701.5,2708.0,2701.5,2643.5,30515500.0
2024-01-10,2684.0,2752.0,2679.5,2745.0,2586.0927734375,33701200.0,2609.4,2609.2,2709.0733333333333,2572.3375,85.06493506493507,2674.68,6.173333333333176,12.207499999999982,-0.0206921155904388,2745.0,2716.0,2694.0,2715.0,30486100.0
2024-01-11,2827.0,2867.5,2827.0,2844.0,2679.36181640625,49003100.0,2625.8,2618.94,2711.813333333333,2575.56,97.52475247524752,2676.99,7.693333333333612,13.142499999999927,0.0146271851587584,2844.0,2752.0,2745.0,2684.0,33701200.0
2024-01-12,2880.0,2883.0,2820.5,2837.0,2672.76708984375,34169200.0,2641.85,2627.64,2714.46,2578.64,94.73684210526316,2679.16,8.953333333333376,13.80749999999989,0.0070997515086972,2844.0,2867.5,2844.0,2827.0,49003100.0
2024-01-13,2880.0,2883.0,2820.5,2837.0,2672.76708984375,34169200.0,2657.9,2635.5,2717.9666666666667,2581.64,94.73684210526316,2679.84,11.639999999999873,14.502500000000056,-0.0022859152452963,2844.0,2883.0,2837.0,2880.0,34169200.0
2024-01-14,2880.0,2883.0,2820.5,2837.0,2672.76708984375,34169200.0,2672.9,2643.22,2721.26,2584.325,94.73684210526316,2680.52,13.606666666667024,14.71499999999969,-0.008041958041958,2844.0,2883.0,2837.0,2880.0,34169200.0
2024-01-15,2854.0,2855.0,2830.0,2849.5,2684.54345703125,4866000.0,2688.325,2655.7,2723.093333333333,2587.095,94.96527777777776,2681.45,14.019999999999982,14.757499999999707,-0.0102466134074331,2849.5,2883.0,2837.0,2880.0,34169200.0
2024-01-16,2854.0,2869.5,2830.0,2854.5,2689.254150390625,23810700.0,2701.9,2669.24,2724.353333333333,2589.825,95.05119453924917,2683.14,12.539999999999964,14.264999999999873,-0.0131374243733793,2854.5,2855.0,2849.5,2854.0,4866000.0
2024-01-17,2880.0,2920.0,2846.5,2856.5,2691.138427734375,42925400.0,2716.925,2682.86,2725.64,2592.565,95.08474576271186,2685.17,11.179999999999836,13.925000000000182,-0.0124459809853068,2856.5,2869.5,2854.5,2854.0,23810700.0
2024-01-18,2880.0,2964.0,2873.0,2931.5,2761.796630859375,45748100.0,2733.975,2699.48,2727.9266666666667,2595.68,95.5453149001536,2687.75,9.960000000000036,14.039999999999964,0.0134831460674156,2931.5,2920.0,2856.5,2880.0,42925400.0
2024-01-19,2985.0,2985.0,2937.0,2962.0,2790.531005859375,38896900.0,2752.55,2716.48,2730.62,2598.8625,94.99136442141624,2691.1,9.359999999999673,14.537500000000364,0.0654676258992805,2962.0,2964.0,2931.5,2880.0,45748100.0
2024-01-20,2985.0,2985.0,2937.0,2962.0,2790.531005859375,38896900.0,2771.125,2733.32,2732.1666666666665,2601.9825,94.99136442141624,2693.68,9.073333333333268,14.887500000000273,0.0829981718464352,2962.0,2985.0,2962.0,2985.0,38896900.0
2024-01-21,2985.0,2985.0,2937.0,2962.0,2790.531005859375,38896900.0,2789.7,2748.48,2733.9,2605.0875,94.99136442141624,2696.26,9.546666666666624,15.262500000000273,0.0855781564962434,2962.0,2985.0,2962.0,2985.0,38896900.0
2024-01-22,2965.0,2987.5,2956.5,2982.0,2809.373291015625,27665300.0,2809.275,2765.52,2736.9,2608.3625,95.31502423263328,2699.24,11.260000000000218,15.797500000000127,0.0929081913139087,2982.0,2985.0,2962.0,2985.0,38896900.0
2024-01-23,2997.0,3034.0,2971.0,2991.0,2817.852294921875,40894100.0,2829.3,2781.54,2739.213333333333,2611.82,97.7491961414791,2703.71,11.286666666666406,16.140000000000327,0.067070995362112,2991.0,2987.5,2982.0,2965.0,27665300.0
2024-01-24,3000.0,3018.0,2952.0,2959.5,2788.175537109375,28933300.0,2845.525,2796.3,2741.3,2615.12,86.79245283018868,2707.83,10.680000000000293,16.25749999999971,0.055833036032822,2991.0,3034.0,2991.0,2997.0,40894100.0
2024-01-25,2964.0,2964.0,2964.0,2964.0,2792.415283203125,28781400.0,2858.65,2811.24,2743.4466666666667,2618.4425,80.45685279187818,2710.57,11.2800000000002,16.460000000000036,0.0574384587941492,2991.0,3018.0,2959.5,3000.0,28933300.0
2024-01-26,2950.0,2950.0,2888.5,2892.5,2725.054443359375,33005600.0,2868.2,2823.32,2744.64,2621.605,60.61185468451243,2712.53,10.739999999999782,16.517499999999927,0.0442238267148014,2991.0,2964.0,2964.0,2964.0,28781400.0
2024-01-27,2950.0,2950.0,2888.5,2892.5,2725.054443359375,33005600.0,2877.75,2835.4,2745.6466666666665,2625.0125,60.61185468451243,2716.77,8.746666666666442,16.649999999999636,0.0499092558983667,2991.0,2950.0,2892.5,2950.0,33005600.0
2024-01-28,2950.0,2950.0,2888.5,2892.5,2725.054443359375,33005600.0,2887.3,2847.48,2746.3,2628.485,60.61185468451243,2721.01,7.086666666667043,16.664999999999964,0.032114183764496,2991.0,2950.0,2892.5,2950.0,33005600.0
2024-01-29,2929.0,2994.0,2928.0,2983.5,2810.786376953125,39361500.0,2901.775,2861.42,2747.9466666666667,2632.345,69.70588235294117,2727.07,6.646666666666533,17.22499999999991,0.0676328502415459,2991.0,2950.0,2892.5,2950.0,33005600.0
2024-01-30,2950.0,2983.5,2931.0,2959.5,2788.175537109375,30914300.0,2912.5,2871.74,2749.02,2636.0525,64.62395543175488,2732.15,5.573333333333267,17.609999999999673,0.0446523120367101,2991.0,2994.0,2983.5,2929.0,39361500.0
2024-01-31,2940.0,3000.0,2939.0,3000.0,2826.331298828125,28387200.0,2920.3,2883.68,2750.4533333333334,2639.9625,68.0503144654088,2738.52,5.813333333333503,18.35750000000008,0.0589481115425343,3000.0,2983.5,2959.5,2950.0,30914300.0
2024-02-01,2940.5,2960.0,2931.0,2945.0,2774.51513671875,29852200.0,2925.7,2893.42,2751.153333333333,2643.5975,51.78807947019867,2743.95,5.506666666666661,18.58500000000004,0.0395340628309213,3000.0,3000.0,3000.0,2940.0,28387200.0
2024-02-02,2963.5,2966.0,2938.0,2951.5,2780.638671875,24939800.0,2931.425,2903.42,2751.94,2647.265,48.51485148514851,2751.55,5.639999999999873,18.779999999999745,0.0664859981933152,3000.0,2960.0,2945.0,2940.5,29852200.0
2024-02-03,2963.5,2966.0,2938.0,2951.5,2780.638671875,24939800.0,2937.15,2913.72,2754.2266666666665,2650.8225,48.51485148514851,2758.57,6.279999999999745,18.47750000000042,0.0719084801162157,3000.0,2966.0,2951.5,2963.5,24939800.0
2024-02-04,2963.5,2966.0,2938.0,2951.5,2780.638671875,24939800.0,2942.25,2921.98,2757.113333333333,2654.125,48.51485148514851,2765.59,8.093333333333248,18.07250000000022,0.044039617969579,3000.0,2966.0,2951.5,2963.5,24939800.0
2024-02-05,2995.5,3007.0,2959.0,2992.0,2818.7939453125,29891100.0,2949.125,2927.9,2760.6266666666666,2657.65,51.33689839572192,2773.42,10.173333333333176,17.6875,0.070674539273573,3000.0,2966.0,2951.5,2963.5,24939800.0
2024-02-06,2999.5,3148.0,2951.5,3135.0,2953.515625,80031600.0,2963.05,2939.82,2766.0466666666666,2661.8875,64.17322834645668,2783.73,14.89333333333343,18.289999999999964,0.1695579182988249,3135.0,3007.0,2992.0,2995.5,29891100.0
2024-02-07,3195.0,3364.0,3190.0,3260.0,3071.280029296875,90841000.0,2979.475,2956.74,2772.14,2666.75,74.97921862011637,2796.12,20.19999999999981,19.485000000000127,0.2161910091400858,3260.0,3148.0,3135.0,2999.5,80031600.0
2024-02-08,3330.0,3409.0,3283.0,3350.0,3156.06982421875,65539300.0,2998.875,2977.26,2779.4333333333334,2672.0625,78.09315866084425,2810.24,25.206666666666933,21.23999999999978,0.2497668345457937,3350.0,3364.0,3260.0,3195.0,90841000.0
2024-02-09,3360.0,3370.0,3296.0,3323.0,3130.6328125,38909900.0,3016.925,2996.2,2786.366666666667,2677.0575,83.50194552529183,2825.95,29.25333333333356,22.93249999999989,0.2282387728700794,3350.0,3409.0,3350.0,3330.0,65539300.0
2024-02-10,3360.0,3370.0,3296.0,3323.0,3130.6328125,38909900.0,3034.975,3014.94,2793.74,2681.95,83.50194552529183,2842.09,33.11333333333323,24.299999999999727,0.2392317732612343,3350.0,3370.0,3323.0,3360.0,38909900.0
2024-02-11,3360.0,3370.0,3296.0,3323.0,3130.6328125,38909900.0,3052.025,3033.6,2801.313333333333,2686.955,83.50194552529183,2858.23,35.26666666666688,25.06750000000011,0.2429399663362632,3350.0,3370.0,3323.0,3360.0,38909900.0
2024-02-12,3360.0,3370.0,3296.0,3323.0,3130.6328125,38909900.0,3068.625,3049.26,2808.2533333333336,2691.9675,80.77969174977335,2874.37,36.113333333333685,25.2175000000002,0.2922418821699397,3350.0,3370.0,3323.0,3360.0,38909900.0
2024-02-13,3366.0,3459.0,3350.0,3456.0,3255.93310546875,50279000.0,3093.45,3069.02,2817.0733333333333,2697.6975,87.58516275548827,2892.75,37.63999999999987,25.63500000000022,0.328975197077485,3456.0,3370.0,3323.0,3360.0,38909900.0
2024-02-14,3453.0,3464.0,3361.0,3385.0,3189.043701171875,40613000.0,3114.5,3085.94,2824.4333333333334,2703.0725,77.85817655571635,2909.63,38.066666666666606,26.015000000000327,0.301672755239377,3456.0,3459.0,3456.0,3366.0,50279000.0
2024-02-15,3415.0,3416.0,3351.0,3382.0,3186.217041015625,31611400.0,3138.975,3102.74,2831.7533333333336,2708.4325,84.19405320813772,2925.61,38.013333333333776,26.48250000000008,0.3005191309363584,3456.0,3464.0,3385.0,3453.0,40613000.0
2024-02-16,3440.0,3453.0,3396.0,3414.0,3216.364990234375,39276000.0,3165.05,3120.02,2839.5,2713.5725,84.80060195635816,2942.77,38.1866666666665,26.61750000000029,0.3033021569001717,3456.0,3416.0,3382.0,3415.0,31611400.0
2024-02-17,3440.0,3453.0,3396.0,3414.0,3216.364990234375,39276000.0,3191.125,3136.94,2848.12,2718.415,84.80060195635816,2959.24,39.86666666666633,26.447499999999764,0.2929369437606515,3456.0,3453.0,3414.0,3440.0,39276000.0
2024-02-18,3440.0,3453.0,3396.0,3414.0,3216.364990234375,39276000.0,3212.65,3155.12,2856.9266666666667,2722.9725,84.80060195635816,2975.71,39.85333333333347,25.27499999999964,0.2912254160363086,3456.0,3453.0,3414.0,3440.0,39276000.0
2024-02-19,3414.0,3449.0,3401.0,3430.0,3231.4384765625,18623200.0,3236.175,3173.76,2864.9666666666667,2728.085,84.21875,2992.5,40.5333333333333,25.01249999999981,0.3517241379310345,3456.0,3453.0,3414.0,3440.0,39276000.0
2024-02-20,3450.0,3473.0,3369.0,3414.0,3216.364990234375,32113800.0,3256.875,3194.62,2873.2266666666665,2732.9675,77.19298245614036,3008.97,41.4733333333329,24.53500000000031,0.3569157392686803,3456.0,3449.0,3430.0,3414.0,18623200.0
2024-02-21,3400.0,3436.0,3396.0,3429.0,3230.496337890625,27204700.0,3281.075,3216.08,2883.2066666666665,2737.925,70.96774193548387,3025.74,43.70666666666648,24.352499999999964,0.3628775834658186,3456.0,3473.0,3414.0,3450.0,32113800.0
2024-02-22,3450.0,3530.0,3444.0,3521.0,3317.170654296875,45277100.0,3309.55,3241.22,2894.4133333333334,2743.3425,71.11111111111111,3044.35,46.29333333333352,24.92750000000024,0.3994435612082672,3521.0,3436.0,3429.0,3400.0,27204700.0
2024-02-23,3450.0,3530.0,3444.0,3521.0,3317.170654296875,45277100.0,3338.025,3262.72,2905.62,2748.7275,76.19047619047619,3062.07,48.69333333333316,25.75500000000011,0.3878596767836026,3521.0,3530.0,3521.0,3450.0,45277100.0
2024-02-24,3450.0,3530.0,3444.0,3521.0,3317.170654296875,45277100.0,3366.5,3285.18,2916.4933333333333,2754.215,76.19047619047619,3078.46,51.52666666666664,26.13000000000011,0.3856749311294765,3521.0,3530.0,3521.0,3450.0,45277100.0
2024-02-25,3450.0,3530.0,3444.0,3521.0,3317.170654296875,45277100.0,3392.95,3306.02,2927.6866666666665,2759.8425,76.19047619047619,3094.85,54.46000000000004,26.875,0.3631436314363143,3521.0,3530.0,3521.0,3450.0,45277100.0
2024-02-26,3550.0,3607.0,3522.0,3565.0,3358.62353515625,36879000.0,3414.45,3330.82,2939.5733333333333,2765.5225,78.67298578199052,3112.12,56.36666666666679,27.59749999999985,0.3947574334898278,3565.0,3530.0,3521.0,3450.0,45277100.0
2024-02-27,3600.0,3603.0,3566.0,3582.0,3374.639404296875,26141000.0,3430.55,3356.04,2953.0466666666666,2771.2875,70.58823529411765,3129.73,58.63333333333321,27.94499999999971,0.3827446438911406,3582.0,3607.0,3565.0,3550.0,36879000.0
2024-02-28,3588.0,3599.0,3541.0,3570.0,3363.333984375,21824800.0,3441.55,3380.78,2965.9733333333334,2776.9925,87.4493927125506,3147.25,60.35333333333347,28.26499999999988,0.3781123335263463,3582.0,3603.0,3582.0,3600.0,26141000.0
2024-02-29,3560.0,3629.0,3540.0,3621.0,3411.381591796875,42143900.0,3456.45,3407.56,2979.58,2782.9525,90.50847457627118,3164.77,63.08666666666659,28.737499999999727,0.3977996525767227,3621.0,3599.0,3570.0,3588.0,21824800.0
2024-03-01,3595.0,3689.0,3586.0,3680.0,3466.966064453125,29522200.0,3474.3,3435.08,2993.9733333333334,2789.3125,91.30434782608695,3181.49,66.28666666666686,29.4699999999998,0.420575178536962,3680.0,3629.0,3621.0,3560.0,42143900.0
2024-03-02,3595.0,3689.0,3586.0,3680.0,3466.966064453125,29522200.0,3492.15,3456.88,3008.113333333333,2795.6175,91.30434782608695,3198.35,68.53999999999996,30.0949999999998,0.420575178536962,3680.0,3689.0,3680.0,3595.0,29522200.0
2024-03-03,3595.0,3689.0,3586.0,3680.0,3466.966064453125,29522200.0,3510.0,3473.68,3021.9733333333334,2802.165,91.30434782608695,3215.21,68.92666666666673,30.87750000000005,0.420575178536962,3680.0,3689.0,3680.0,3595.0,29522200.0
2024-03-04,3694.0,3704.0,3636.0,3662.0,3450.008056640625,33112100.0,3520.3,3486.16,3035.5466666666666,2808.59,85.80246913580247,3231.71,69.57333333333327,31.59750000000031,0.3897533206831118,3680.0,3689.0,3680.0,3595.0,29522200.0
2024-03-05,3665.0,3742.0,3641.0,3729.0,3513.129638671875,31082800.0,3537.5,3502.4,3051.4333333333334,2815.49,92.0,3249.3,71.85333333333347,32.53749999999991,0.3803442531926708,3729.0,3704.0,3662.0,3694.0,33112100.0
2024-03-06,3729.0,3772.0,3690.0,3769.0,3550.81396484375,31920900.0,3556.85,3520.24,3068.14,2822.59,92.5,3267.59,74.16666666666652,33.277500000000146,0.3951508421247456,3769.0,3742.0,3729.0,3665.0,31082800.0
2024-03-07,3799.0,3811.0,3640.0,3660.0,3448.123779296875,44389400.0,3569.15,3533.72,3083.393333333333,2829.145,66.66666666666666,3283.66,75.2800000000002,33.527500000000146,0.3548028872848416,3769.0,3772.0,3769.0,3729.0,31920900.0
2024-03-08,3644.0,3665.0,3595.0,3610.0,3401.018310546875,39889700.0,3578.95,3545.2,3097.98,2835.4125,59.52890792291221,3297.23,76.00666666666666,33.247499999999945,0.3362946511197482,3769.0,3811.0,3660.0,3799.0,44389400.0
2024-03-09,3644.0,3665.0,3595.0,3610.0,3401.018310546875,39889700.0,3588.75,3551.36,3112.286666666667,2841.38,59.52890792291221,3310.19,76.74000000000024,32.789999999999964,0.340014847809948,3769.0,3665.0,3610.0,3644.0,39889700.0
2024-03-10,3644.0,3665.0,3595.0,3610.0,3401.018310546875,39889700.0,3597.75,3560.36,3126.54,2847.3775,59.52890792291221,3323.15,75.10666666666657,31.88750000000028,0.3151183970856102,3769.0,3665.0,3610.0,3644.0,39889700.0
2024-03-11,3500.0,3530.0,3443.0,3498.0,3295.502197265625,34641400.0,3601.95,3565.0,3138.74,2852.8675,43.73831775700935,3333.87,70.59999999999991,30.27749999999969,0.2299578059071729,3769.0,3665.0,3610.0,3644.0,39889700.0
2024-03-12,3441.0,3475.0,3398.0,3475.0,3273.83349609375,40384800.0,3604.25,3567.44,3150.9933333333333,2858.2675,40.1109057301294,3343.73,67.59999999999991,29.122499999999945,0.2248854423686992,3769.0,3530.0,3498.0,3500.0,34641400.0
2024-03-13,3506.0,3536.0,3405.0,3444.0,3244.628173828125,32358800.0,3600.4,3568.64,3162.373333333333,2863.5125,38.75,3352.79,64.39333333333343,28.09999999999991,0.2139584067677122,3769.0,3475.0,3475.0,3441.0,40384800.0
2024-03-14,3450.0,3463.0,3415.0,3445.0,3245.5703125,21846100.0,3596.6,3569.88,3173.766666666667,2868.7625,32.74509803921569,3362.5,61.48000000000002,27.38249999999971,0.214310891787099,3769.0,3536.0,3444.0,3506.0,32358800.0
2024-03-15,3433.0,3509.0,3424.0,3488.0,3286.0810546875,33847800.0,3594.95,3572.2,3185.733333333333,2874.02,30.5668016194332,3372.98,59.19333333333316,26.642499999999927,0.2240743990173714,3769.0,3463.0,3445.0,3450.0,21846100.0
2024-03-16,3433.0,3509.0,3424.0,3488.0,3286.0810546875,33847800.0,3593.3,3575.16,3197.7,2879.3025,30.5668016194332,3384.89,58.96000000000004,26.434999999999945,0.2219302855141005,3769.0,3509.0,3488.0,3433.0,33847800.0
2024-03-17,3433.0,3509.0,3424.0,3488.0,3286.0810546875,33847800.0,3589.45,3577.52,3209.6666666666665,2884.46,30.5668016194332,3396.8,58.673333333333176,26.19250000000011,0.2210747418169087,3769.0,3509.0,3488.0,3433.0,33847800.0
2024-03-18,3515.0,3576.0,3504.0,3567.0,3360.507568359375,26489600.0,3588.7,3579.36,3222.6866666666665,2889.72,41.44144144144144,3410.29,60.31333333333305,26.207499999999985,0.2167832167832168,3769.0,3509.0,3488.0,3433.0,33847800.0
2024-03-19,3574.0,3675.0,3559.0,3675.0,3462.255859375,33925900.0,3593.95,3585.52,3236.5533333333333,2895.4975,45.46979865771812,3424.12,62.786666666666406,26.735000000000127,0.2407157326130993,3769.0,3576.0,3567.0,3515.0,26489600.0
2024-03-20,3574.0,3675.0,3559.0,3675.0,3462.255859375,33925900.0,3596.65,3591.68,3249.5333333333333,2901.275,41.54676258992806,3438.43,63.80000000000018,27.25500000000011,0.2407157326130993,3769.0,3675.0,3675.0,3574.0,33925900.0
2024-03-21,3800.0,3829.0,3776.0,3799.0,3579.0771484375,45118200.0,3602.6,3602.8,3264.1666666666665,2907.6725,62.171628721541154,3454.41,66.4666666666667,28.370000000000346,0.2825793382849426,3799.0,3675.0,3675.0,3574.0,33925900.0
2024-03-22,3829.0,3890.0,3811.0,3872.0,3647.8515625,38840700.0,3612.2,3615.08,3279.773333333333,2914.045,72.05387205387206,3472.95,70.10666666666702,29.58500000000004,0.2984574111334674,3872.0,3829.0,3799.0,3800.0,45118200.0
2024-03-23,3829.0,3890.0,3811.0,3872.0,3647.8515625,38840700.0,3621.8,3626.68,3295.38,2920.46,72.05387205387206,3491.36,72.69333333333361,30.74000000000024,0.2945503176195252,3872.0,3890.0,3872.0,3829.0,38840700.0
2024-03-24,3829.0,3890.0,3811.0,3872.0,3647.8515625,38840700.0,3632.3,3638.76,3311.0866666666666,2926.565,72.05387205387206,3509.77,74.5333333333333,31.06750000000011,0.3083291096468998,3872.0,3890.0,3872.0,3829.0,38840700.0
2024-03-25,3850.0,3886.0,3823.0,3830.0,3608.282470703125,28829300.0,3637.35,3647.12,3325.5533333333333,2932.53,81.6793893129771,3527.34,76.01999999999998,31.25500000000011,0.2921727395411606,3872.0,3890.0,3872.0,3829.0,38840700.0
2024-03-26,3829.0,3860.0,3789.0,3850.0,3627.124755859375,30536000.0,3641.4,3653.92,3338.9666666666667,2938.765,85.98848368522073,3544.5,74.80000000000018,31.092499999999745,0.3310285220397579,3872.0,3886.0,3830.0,3850.0,28829300.0
2024-03-27,3875.0,3891.0,3846.0,3853.0,3629.951171875,35165500.0,3651.05,3660.84,3352.5133333333333,2945.015,91.48073022312371,3558.86,72.73999999999978,30.9699999999998,0.3320656871218668,3872.0,3860.0,3850.0,3829.0,30536000.0
2024-03-28,3839.0,3854.0,3782.0,3806.0,3628.044677734375,34646300.0,3660.85,3665.88,3365.4333333333334,2951.03,83.48794063079777,3569.78,70.05333333333328,30.570000000000164,0.3158167675021608,3872.0,3891.0,3853.0,3875.0,35165500.0
2024-03-29,3804.0,3833.0,3792.0,3799.0,3621.3720703125,12094300.0,3670.3,3671.36,3378.26,2957.05,80.9145129224652,3578.76,67.17333333333363,30.485000000000127,0.273336685101391,3872.0,3854.0,3806.0,3839.0,34646300.0
2024-03-30,3804.0,3833.0,3792.0,3799.0,3621.3720703125,12094300.0,3679.75,3674.16,3390.92,2962.76,80.9145129224652,3588.28,65.36666666666679,30.23000000000001,0.2836627808751477,3872.0,3833.0,3799.0,3804.0,12094300.0
2024-03-31,3804.0,3833.0,3792.0,3799.0,3621.3720703125,12094300.0,3694.8,3675.36,3403.5133333333333,2968.2175,80.9145129224652,3597.8,64.54666666666662,29.452500000000327,0.2663333333333333,3872.0,3833.0,3799.0,3804.0,12094300.0
2024-04-01,3801.0,3824.0,3616.0,3639.0,3468.85302734375,38828100.0,3703.0,3674.52,3413.9466666666667,2972.6725,56.16438356164384,3604.12,61.433333333333394,27.65750000000025,0.2356536502546689,3872.0,3833.0,3799.0,3804.0,12094300.0
2024-04-02,3685.0,3705.0,3616.0,3633.0,3463.1337890625,31273800.0,3712.45,3675.44,3423.3,2976.73,45.64315352697095,3610.32,57.86666666666679,25.69999999999981,0.2308995426054547,3872.0,3824.0,3639.0,3801.0,38828100.0
2024-04-03,3633.0,3656.0,3597.0,3620.0,3450.741455078125,30222400.0,3721.2,3675.84,3432.0733333333333,2980.7225,44.44444444444444,3613.6,53.81333333333305,23.67249999999968,0.2264950025410808,3872.0,3705.0,3633.0,3685.0,31273800.0
2024-04-04,3670.0,3739.0,3652.0,3667.0,3495.5439453125,33637800.0,3730.15,3678.12,3441.4733333333334,2984.95,34.21052631578948,3619.24,50.553333333333285,22.1899999999996,0.2424191089276639,3872.0,3656.0,3620.0,3633.0,30222400.0
2024-04-05,3605.0,3632.0,3568.0,3619.0,3449.788330078125,26966800.0,3736.7,3682.96,3450.233333333333,2988.9375,17.811704834605607,3623.98,46.7199999999998,20.7199999999998,0.2095588235294117,3872.0,3739.0,3667.0,3670.0,33637800.0
2024-04-06,3605.0,3632.0,3568.0,3619.0,3449.788330078125,26966800.0,3743.25,3688.72,3458.7266666666665,2992.6325,17.811704834605607,3628.08,44.77999999999975,19.96000000000004,0.1543859649122807,3872.0,3632.0,3619.0,3605.0,26966800.0
2024-04-07,3605.0,3632.0,3568.0,3619.0,3449.788330078125,26966800.0,3745.85,3695.72,3467.1,2996.7325,17.811704834605607,3632.18,43.79999999999973,20.00250000000005,0.1101226993865029,3872.0,3632.0,3619.0,3605.0,26966800.0
2024-04-08,3665.0,3700.0,3642.0,3698.0,3525.0947265625,23272600.0,3747.0,3705.84,3476.9466666666667,3001.295,34.65116279069767,3637.86,44.87333333333345,20.57250000000022,0.1038805970149254,3872.0,3632.0,3619.0,3605.0,26966800.0
2024-04-09,3740.0,3776.0,3716.0,3776.0,3599.447265625,22518400.0,3752.05,3717.36,3487.773333333333,3006.2325,42.41803278688524,3644.78,46.30000000000018,21.28250000000025,0.1363226000601864,3872.0,3700.0,3698.0,3665.0,23272600.0
2024-04-10,3750.0,3760.0,3722.0,3740.0,3565.130859375,17062700.0,3749.1,3727.44,3499.0733333333333,3010.99,39.15547024952016,3651.3,48.84000000000015,22.05249999999978,0.1254890159494432,3872.0,3776.0,3776.0,3740.0,22518400.0
2024-04-11,3722.0,3795.0,3721.0,3781.0,3604.213623046875,23458700.0,3744.55,3739.16,3510.92,3015.9525,47.57281553398058,3658.34,52.19333333333361,23.31999999999971,0.137827264520012,3872.0,3760.0,3740.0,3750.0,17062700.0
2024-04-12,3813.0,3815.0,3755.0,3767.0,3590.868408203125,21094100.0,3739.3,3747.16,3522.58,3020.98,46.93486590038314,3663.26,55.48000000000002,24.247499999999945,0.1336142040325008,3872.0,3795.0,3781.0,3722.0,23458700.0
2024-04-13,3813.0,3815.0,3755.0,3767.0,3590.868408203125,21094100.0,3734.05,3750.84,3533.026666666666,3026.2325,46.93486590038314,3668.18,56.07999999999993,24.9375,0.0899884259259258,3853.0,3815.0,3767.0,3813.0,21094100.0
2024-04-14,3813.0,3815.0,3755.0,3767.0,3590.868408203125,21094100.0,3730.9,3754.52,3543.793333333333,3031.3275,46.93486590038314,3673.1,56.01999999999998,25.0949999999998,0.112850812407681,3853.0,3815.0,3767.0,3813.0,21094100.0
2024-04-15,3721.0,3767.0,3685.0,3767.0,3590.868408203125,21091500.0,3726.75,3753.24,3554.02,3036.6325,67.67955801104972,3678.02,54.94666666666672,25.642500000000386,0.1138379657007688,3853.0,3815.0,3767.0,3813.0,21094100.0
2024-04-16,3742.0,3753.0,3630.0,3649.0,3478.3857421875,29226300.0,3716.55,3744.32,3563.4066666666668,3041.49,51.68776371308017,3679.7,52.48666666666668,25.53749999999991,0.0688342120679554,3806.0,3767.0,3767.0,3721.0,21091500.0
2024-04-17,3686.0,3691.0,3570.0,3597.0,3428.81689453125,24105100.0,3706.1,3733.32,3572.0133333333333,3046.0875,47.75828460038986,3680.0,49.433333333333394,25.10750000000008,0.0536028119507907,3799.0,3753.0,3649.0,3742.0,29226300.0
2024-04-18,3567.0,3634.0,3559.0,3602.0,3433.5830078125,20201900.0,3696.25,3722.52,3580.6866666666665,3050.71,43.09978768577495,3680.64,47.659999999999854,24.477499999999964,0.0550673696543644,3799.0,3691.0,3597.0,3686.0,24105100.0
2024-04-19,3550.0,3569.0,3453.0,3522.0,3357.32373046875,35457300.0,3682.4,3710.2,3588.293333333333,3054.885,40.35785288270378,3678.66,44.5,23.557500000000346,0.0268221574344023,3799.0,3634.0,3602.0,3567.0,20201900.0
2024-04-20,3550.0,3569.0,3453.0,3522.0,3357.32373046875,35457300.0,3668.55,3697.08,3595.36,3059.47,40.35785288270378,3675.5,41.34000000000015,22.83749999999964,0.031634446397188,3781.0,3569.0,3522.0,3550.0,35457300.0
2024-04-21,3550.0,3569.0,3453.0,3522.0,3357.32373046875,35457300.0,3662.7,3683.84,3600.52,3064.6925,40.35785288270378,3672.34,37.11333333333323,23.202500000000327,0.0271216097987752,3781.0,3569.0,3522.0,3550.0,35457300.0
2024-04-22,3540.0,3610.0,3501.0,3517.0,3352.557373046875,26643700.0,3656.9,3672.28,3603.946666666666,3069.3275,28.90442890442891,3669.08,31.9333333333334,23.23999999999978,-0.0011360408974723,3781.0,3569.0,3522.0,3550.0,35457300.0
2024-04-23,3592.0,3594.0,3492.0,3511.0,3346.838134765625,21861900.0,3651.45,3660.76,3606.093333333333,3074.0225,12.88515406162466,3666.06,25.40666666666675,23.3125,-0.0028401022436808,3781.0,3610.0,3517.0,3540.0,26643700.0
2024-04-24,3551.0,3620.0,3526.0,3618.0,3448.835205078125,29269700.0,3649.0,3653.52,3610.026666666666,3079.2525,35.74766355140187,3663.84,21.73333333333312,24.36749999999984,0.0275489917637035,3781.0,3594.0,3511.0,3592.0,21861900.0
2024-04-25,3560.0,3604.0,3497.0,3497.0,3333.49267578125,27833100.0,3642.9,3641.44,3612.346666666667,3083.8775,22.047244094488192,3658.4,16.98666666666668,24.40750000000025,-0.0068162453848338,3781.0,3620.0,3618.0,3551.0,29269700.0
2024-04-26,3502.0,3549.0,3468.0,3510.0,3345.884765625,30255300.0,3637.45,3636.28,3614.84,3088.5675,24.654832347140044,3655.4,14.320000000000164,23.875,-0.0154277699859747,3781.0,3604.0,3497.0,3560.0,27833100.0
2024-04-27,3502.0,3549.0,3468.0,3510.0,3345.884765625,30255300.0,3632.0,3631.36,3617.3333333333335,3092.995,24.654832347140044,3653.4,13.38666666666677,23.66750000000001,-0.0201005025125627,3781.0,3549.0,3510.0,3502.0,30255300.0
2024-04-28,3502.0,3549.0,3468.0,3510.0,3345.884765625,30255300.0,3622.6,3626.96,3618.053333333333,3097.29,24.654832347140044,3651.4,11.960000000000036,23.267499999999927,-0.0168067226890756,3781.0,3549.0,3510.0,3502.0,30255300.0
2024-04-29,3502.0,3549.0,3468.0,3510.0,3345.884765625,30255300.0,3609.3,3620.68,3619.72,3101.14,24.654832347140044,3649.4,9.693333333333156,21.88749999999981,-0.0306545153272577,3781.0,3549.0,3510.0,3502.0,30255300.0
2024-04-30,3577.0,3640.0,3556.0,3638.0,3467.89990234375,35459100.0,3604.2,3621.44,3623.133333333333,3105.8925,48.93617021276596,3652.2,10.786666666666406,22.01499999999988,-0.0114130434782608,3781.0,3549.0,3510.0,3502.0,30255300.0
2024-05-01,3600.0,3659.0,3576.0,3605.0,3436.44287109375,27076000.0,3595.4,3620.88,3625.68,3110.48,50.80321285140563,3654.8,10.83999999999969,21.91249999999991,-0.0203804347826086,3767.0,3640.0,3638.0,3577.0,35459100.0
2024-05-02,3581.0,3622.0,3559.0,3581.0,3413.56494140625,20164900.0,3586.1,3619.36,3627.9066666666654,3114.9475,47.96905222437137,3657.54,10.573333333333268,21.952500000000327,-0.0269021739130435,3767.0,3659.0,3605.0,3600.0,27076000.0
2024-05-03,3581.0,3622.0,3559.0,3581.0,3413.56494140625,20164900.0,3576.8,3614.68,3630.133333333333,3119.5525,56.75057208237987,3660.26,12.079999999999927,22.26249999999981,-0.0221190606226105,3767.0,3622.0,3581.0,3581.0,20164900.0
2024-05-04,3581.0,3622.0,3559.0,3581.0,3413.56494140625,20164900.0,3567.5,3606.88,3632.1466666666665,3124.0525,56.75057208237987,3662.12,12.426666666666732,22.91249999999991,-0.0396889246446768,3767.0,3622.0,3581.0,3581.0,20164900.0
2024-05-05,3581.0,3622.0,3559.0,3581.0,3413.56494140625,20164900.0,3558.2,3600.52,3634.373333333333,3128.6125,56.75057208237987,3663.98,11.240000000000236,22.72000000000025,-0.049880604934996,3649.0,3622.0,3581.0,3581.0,20164900.0
2024-05-06,3581.0,3622.0,3559.0,3581.0,3413.56494140625,20164900.0,3554.8,3592.52,3636.4,3133.2925,57.40740740740741,3665.84,10.720000000000256,22.8125,-0.0215846994535519,3638.0,3622.0,3581.0,3581.0,20164900.0
2024-05-07,3650.0,3650.0,3562.0,3599.0,3430.7236328125,25496600.0,3554.9,3585.8,3637.44,3138.2025,59.90990990990991,3666.48,9.533333333333305,23.25499999999965,-0.0030470914127423,3638.0,3622.0,3581.0,3581.0,20164900.0
2024-05-08,3547.0,3674.0,3453.0,3579.0,3411.658447265625,68295000.0,3553.75,3578.28,3638.213333333333,3143.0125,44.537815126050425,3664.56,8.079999999999927,23.46000000000004,-0.0085872576177284,3638.0,3650.0,3599.0,3650.0,25496600.0
2024-05-09,3595.0,3595.0,3473.0,3528.0,3363.04296875,40742400.0,3554.05,3568.72,3638.306666666667,3147.5675,55.400696864111495,3661.62,6.160000000000309,23.515000000000327,-0.0227146814404431,3638.0,3674.0,3579.0,3547.0,68295000.0
2024-05-10,3504.0,3540.0,3386.0,3425.0,3264.859130859375,50941700.0,3549.2,3555.04,3637.026666666666,3151.6425,38.726790450928384,3654.14,2.653333333333194,23.029999999999745,-0.0208690680388793,3638.0,3595.0,3528.0,3595.0,40742400.0
2024-05-11,3504.0,3540.0,3386.0,3425.0,3264.859130859375,50941700.0,3544.35,3546.08,3635.16,3155.78,38.726790450928384,3645.2,-1.2400000000002365,22.487500000000185,-0.0143884892086331,3638.0,3540.0,3425.0,3504.0,50941700.0
2024-05-12,3504.0,3540.0,3386.0,3425.0,3264.859130859375,50941700.0,3539.75,3539.2,3633.0666666666666,3159.705,38.726790450928384,3636.26,-4.3733333333334485,21.50250000000005,-0.0055168408826945,3638.0,3540.0,3425.0,3504.0,50941700.0
2024-05-13,3417.0,3434.0,3351.0,3366.0,3208.61767578125,30544300.0,3532.5,3529.76,3630.346666666667,3163.5625,33.48623853211009,3626.14,-7.866666666666333,20.550000000000185,-0.0229317851959361,3638.0,3540.0,3425.0,3504.0,50941700.0
2024-05-14,3350.0,3434.0,3349.0,3389.0,3230.542236328125,31178100.0,3521.05,3524.44,3627.2533333333336,3167.315,12.38670694864048,3617.32,-11.053333333333285,19.747499999999945,-0.0283830275229357,3638.0,3434.0,3366.0,3417.0,30544300.0
2024-05-15,3409.0,3457.0,3405.0,3408.0,3248.65380859375,23592600.0,3516.6,3519.88,3623.6266666666666,3171.1625,18.92744479495269,3608.48,-13.400000000000093,19.519999999999985,-0.0229357798165137,3638.0,3434.0,3389.0,3350.0,31178100.0
2024-05-16,3405.0,3407.0,3319.0,3352.0,3195.272216796875,29023000.0,3508.7,3513.08,3619.2533333333336,3174.73,17.1919770773639,3598.46,-15.906666666666297,18.94999999999981,-0.0389908256880734,3638.0,3457.0,3408.0,3409.0,23592600.0
2024-05-17,3367.0,3438.0,3353.0,3436.0,3275.344970703125,22329600.0,3505.0,3509.84,3616.0,3179.04,33.25635103926098,3591.06,-17.066666666666606,19.33500000000004,-0.0367255396691897,3638.0,3407.0,3352.0,3405.0,29023000.0
2024-05-18,3367.0,3438.0,3353.0,3436.0,3275.344970703125,22329600.0,3501.3,3506.84,3612.986666666666,3183.27,33.25635103926098,3583.8,-17.360000000000127,19.707499999999985,-0.0650340136054421,3638.0,3438.0,3436.0,3367.0,22329600.0
2024-05-19,3367.0,3438.0,3353.0,3436.0,3275.344970703125,22329600.0,3497.6,3499.56,3609.08,3186.89,33.25635103926098,3576.54,-18.17333333333363,19.57499999999981,-0.0650340136054421,3638.0,3438.0,3436.0,3367.0,22329600.0
2024-05-20,3438.0,3478.0,3417.0,3447.0,3285.83056640625,23715900.0,3488.05,3497.56,3604.786666666667,3190.325,34.90990990990991,3569.5,-18.83999999999969,19.16249999999991,-0.0926559620952882,3605.0,3438.0,3436.0,3367.0,22329600.0
2024-05-21,3467.0,3479.0,3421.0,3437.0,3276.2978515625,16456200.0,3479.65,3494.64,3601.813333333333,3193.71,31.42201834862385,3565.46,-17.440000000000055,18.98000000000001,-0.112345041322314,3599.0,3478.0,3447.0,3438.0,23715900.0
2024-05-22,3424.0,3429.0,3385.0,3388.0,3229.589111328125,19191500.0,3470.0,3489.76,3598.853333333333,3196.85,29.46236559139785,3560.56,-17.146666666666533,17.809999999999945,-0.125,3599.0,3479.0,3437.0,3467.0,16456200.0
2024-05-23,3387.0,3416.0,3351.0,3403.0,3243.8876953125,16120400.0,3461.1,3485.48,3596.093333333333,3200.065,35.43123543123544,3556.22,-16.89333333333343,16.795000000000073,-0.1211260330578511,3599.0,3429.0,3388.0,3424.0,19191500.0
2024-05-24,3320.0,3407.0,3309.0,3393.0,3234.35546875,20602300.0,3451.7,3480.8,3593.2,3202.8,45.23809523809524,3550.74,-15.88000000000011,15.91000000000031,-0.1140992167101827,3599.0,3416.0,3403.0,3387.0,16120400.0
2024-05-25,3320.0,3407.0,3309.0,3393.0,3234.35546875,20602300.0,3442.3,3471.0,3591.8,3205.605,45.23809523809524,3546.22,-12.98666666666668,15.2800000000002,-0.1187012987012987,3599.0,3407.0,3393.0,3320.0,20602300.0
2024-05-26,3320.0,3407.0,3309.0,3393.0,3234.35546875,20602300.0,3432.9,3462.52,3590.7066666666665,3208.785,45.23809523809524,3541.7,-11.106666666667024,15.074999999999818,-0.1193874902673242,3599.0,3407.0,3393.0,3320.0,20602300.0
2024-05-27,3419.0,3450.0,3403.0,3450.0,3288.690185546875,14620900.0,3425.45,3457.28,3590.786666666667,3211.9475,62.57485029940119,3538.32,-8.066666666666606,15.09750000000031,-0.093536521282186,3579.0,3407.0,3393.0,3320.0,20602300.0
2024-05-28,3440.0,3452.0,3416.0,3448.0,3286.783447265625,14393400.0,3418.9,3451.96,3590.826666666667,3215.1725,59.42492012779553,3533.32,-5.266666666666424,15.107500000000073,-0.0923927349302448,3528.0,3450.0,3450.0,3419.0,14620900.0
2024-05-29,3435.0,3452.0,3390.0,3390.0,3231.49560546875,19973000.0,3412.0,3444.32,3589.52,3218.1075,47.44318181818182,3525.6,-3.679999999999836,15.30749999999989,-0.1076599105027639,3450.0,3452.0,3448.0,3440.0,14393400.0
2024-05-30,3350.0,3358.0,3307.0,3330.0,3174.30078125,23500000.0,3407.25,3434.28,3587.4133333333334,3220.7425,46.91011235955057,3517.4,-4.38666666666677,15.137499999999818,-0.1234535404053698,3450.0,3452.0,3390.0,3435.0,19973000.0
2024-05-31,3370.0,3401.0,3348.0,3401.0,3241.981201171875,34664500.0,3406.05,3427.08,3586.2533333333336,3223.6625,44.89795918367347,3509.8,-4.453333333332921,14.877500000000056,-0.0654025831272328,3450.0,3358.0,3330.0,3350.0,23500000.0
2024-06-01,3370.0,3401.0,3348.0,3401.0,3241.981201171875,34664500.0,3404.85,3419.16,3584.04,3226.45,44.89795918367347,3502.48,-6.746666666666897,14.5024999999996,-0.0638590696394164,3450.0,3401.0,3401.0,3370.0,34664500.0
2024-06-02,3370.0,3401.0,3348.0,3401.0,3241.981201171875,34664500.0,3406.6,3412.04,3580.3866666666668,3229.155,44.89795918367347,3495.16,-10.440000000000056,13.982500000000073,-0.0604972375690607,3450.0,3401.0,3401.0,3370.0,34664500.0
2024-06-03,3402.0,3428.0,3321.0,3341.0,3184.786376953125,34205700.0,3404.2,3404.56,3575.9333333333334,3231.465,36.4795918367347,3486.64,-13.586666666666588,13.357500000000073,-0.0889010089991818,3450.0,3401.0,3401.0,3370.0,34664500.0
2024-06-04,3300.0,3339.0,3284.0,3298.0,3143.797119140625,31397200.0,3398.7,3399.48,3569.2533333333336,3233.4925,33.647058823529406,3477.26,-18.15999999999985,12.75,-0.0886985355070461,3450.0,3428.0,3341.0,3402.0,34205700.0
2024-06-05,3250.0,3259.0,3203.0,3218.0,3067.537841796875,29958300.0,3392.0,3391.2,3560.5333333333333,3235.12,31.359649122807014,3468.64,-25.72000000000025,11.457499999999982,-0.1108040895274937,3450.0,3339.0,3298.0,3300.0,31397200.0
2024-06-06,3258.0,3302.0,3249.0,3273.0,3119.966064453125,23424700.0,3383.85,3385.12,3552.5466666666666,3237.0225,36.89516129032258,3462.16,-31.49333333333334,10.572500000000218,-0.095606521138436,3450.0,3259.0,3218.0,3250.0,29958300.0
2024-06-07,3266.0,3271.0,3194.0,3219.0,3068.490966796875,24229500.0,3373.0,3379.24,3543.84,3239.2175,33.888888888888886,3454.5,-36.546666666666624,10.0625,-0.1295294753921038,3450.0,3302.0,3273.0,3258.0,23424700.0
2024-06-08,3266.0,3271.0,3194.0,3219.0,3068.490966796875,24229500.0,3362.15,3372.44,3535.693333333333,3241.6375,33.888888888888886,3448.44,-40.24000000000024,10.172499999999673,-0.147510593220339,3450.0,3271.0,3219.0,3266.0,24229500.0
2024-06-09,3266.0,3271.0,3194.0,3219.0,3068.490966796875,24229500.0,3350.75,3364.88,3527.28,3244.09,33.888888888888886,3442.38,-41.97333333333336,10.59750000000031,-0.1393048128342245,3450.0,3271.0,3219.0,3266.0,24229500.0
2024-06-10,3236.0,3289.0,3223.0,3272.0,3119.012939453125,17848400.0,3342.5,3361.68,3519.5333333333333,3246.8075,33.3955223880597,3437.38,-41.0,11.6875,-0.1346204707749272,3450.0,3271.0,3219.0,3266.0,24229500.0
2024-06-11,3262.0,3306.0,3247.0,3254.0,3101.854248046875,19196400.0,3335.8,3354.4,3512.173333333333,3249.0625,32.42753623188406,3432.12,-40.37333333333345,12.039999999999964,-0.1361826387045394,3450.0,3289.0,3272.0,3236.0,17848400.0
2024-06-12,3200.0,3218.0,3191.0,3209.0,3058.958251953125,17408700.0,3326.1,3345.32,3504.306666666667,3251.0925,33.20964749536178,3426.08,-39.5333333333333,11.875,-0.1481284842049376,3450.0,3306.0,3254.0,3262.0,19196400.0
2024-06-13,3226.0,3227.0,3127.0,3128.0,2981.74560546875,26927900.0,3312.85,3333.0,3495.36,3252.7175,31.964285714285708,3416.28,-40.33333333333303,11.080000000000382,-0.1696310061056544,3450.0,3218.0,3209.0,3200.0,17408700.0
2024-06-14,3058.0,3132.0,3055.0,3116.0,2970.306640625,40221400.0,3299.0,3319.76,3486.2533333333336,3254.4475,21.556886227544908,3408.66,-41.02666666666664,10.357500000000073,-0.1728165649057605,3450.0,3227.0,3128.0,3226.0,26927900.0
2024-06-15,3058.0,3132.0,3055.0,3116.0,2970.306640625,40221400.0,3285.15,3306.92,3479.28,3256.2525,21.556886227544908,3400.78,-40.2533333333331,9.445000000000164,-0.1460674157303371,3450.0,3132.0,3116.0,3058.0,40221400.0
2024-06-16,3058.0,3132.0,3055.0,3116.0,2970.306640625,40221400.0,3268.45,3296.04,3472.3866666666668,3257.82,21.556886227544908,3392.9,-39.786666666666406,8.757500000000164,-0.1337225465665832,3448.0,3132.0,3116.0,3058.0,40221400.0
2024-06-17,3056.0,3063.0,3010.0,3036.0,2894.047119140625,28829800.0,3247.85,3281.36,3464.6,3259.0275,20.72936660268715,3383.42,-39.70666666666693,7.934999999999945,-0.1571349250416435,3401.0,3132.0,3116.0,3058.0,40221400.0
2024-06-18,3068.0,3086.0,3041.0,3052.0,2909.299072265625,19056000.0,3230.95,3267.72,3456.4,3260.1225,25.10121457489879,3374.26,-38.96000000000004,7.404999999999745,-0.1334469051675184,3401.0,3063.0,3036.0,3056.0,28829800.0
2024-06-19,3076.0,3113.0,3069.0,3107.0,2961.727783203125,17496200.0,3219.8,3256.28,3449.5733333333333,3261.4925,38.16631130063966,3363.64,-36.68000000000029,7.044999999999618,-0.1178307779670642,3401.0,3086.0,3052.0,3068.0,19056000.0
2024-06-20,3091.0,3094.0,3051.0,3084.0,2939.802978515625,15757100.0,3203.95,3243.92,3442.44,3262.7475,28.375286041189938,3353.22,-36.84000000000015,6.494999999999891,-0.1243611584327086,3401.0,3113.0,3107.0,3076.0,17496200.0
2024-06-21,3102.0,3136.0,3074.0,3074.0,2930.2705078125,32553700.0,3187.6,3228.88,3435.173333333333,3264.28,31.55216284987277,3343.08,-37.2133333333336,6.460000000000036,-0.1259596246801251,3401.0,3094.0,3084.0,3091.0,15757100.0
2024-06-22,3102.0,3136.0,3074.0,3074.0,2930.2705078125,32553700.0,3171.25,3213.92,3426.853333333333,3265.8825,31.55216284987277,3332.94,-37.74666666666644,6.855000000000018,-0.1244659641127884,3341.0,3136.0,3074.0,3102.0,32553700.0
2024-06-23,3102.0,3136.0,3074.0,3074.0,2930.2705078125,32553700.0,3157.9,3201.28,3417.4933333333333,3267.1175,31.55216284987277,3322.8,-38.90666666666675,6.994999999999891,-0.150359314538419,3298.0,3136.0,3074.0,3102.0,32553700.0
2024-06-24,3123.0,3177.0,3114.0,3150.0,3002.71728515625,30864600.0,3150.5,3194.08,3409.6266666666666,3268.895,35.33653846153847,3314.18,-39.94666666666672,7.4025000000001455,-0.0992279096368315,3273.0,3136.0,3074.0,3102.0,32553700.0
2024-06-25,3199.0,3307.0,3168.0,3296.0,3141.890380859375,44118500.0,3154.4,3189.88,3403.16,3271.9725,53.86029411764706,3308.48,-39.2800000000002,9.224999999999907,-0.0609686609686609,3296.0,3177.0,3150.0,3123.0,30864600.0
2024-06-26,3315.0,3317.0,3251.0,3276.0,3122.82568359375,31440900.0,3154.55,3184.88,3396.613333333333,3274.95,56.45472061657033,3302.02,-38.559999999999945,10.669999999999618,-0.0666666666666666,3296.0,3307.0,3296.0,3199.0,44118500.0
2024-06-27,3300.0,3301.0,3248.0,3263.0,3110.43359375,58733800.0,3156.75,3179.36,3389.893333333333,3277.8625,64.96674057649668,3295.7,-36.96000000000004,11.980000000000018,-0.0703703703703704,3296.0,3317.0,3276.0,3315.0,31440900.0
2024-06-28,3299.0,3314.0,3271.0,3290.0,3136.171142578125,26051600.0,3160.3,3177.32,3383.5333333333333,3280.785,68.6695278969957,3290.94,-33.96000000000004,13.667500000000018,-0.0626780626780626,3296.0,3301.0,3263.0,3300.0,58733800.0
2024-06-29,3299.0,3314.0,3271.0,3290.0,3136.171142578125,26051600.0,3163.85,3177.0,3377.173333333333,3283.8275,68.6695278969957,3288.24,-32.453333333333376,14.93249999999989,-0.0956569543705332,3296.0,3314.0,3290.0,3299.0,26051600.0
2024-06-30,3299.0,3314.0,3271.0,3290.0,3136.171142578125,26051600.0,3164.75,3179.88,3372.3866666666668,3286.91,68.6695278969957,3285.54,-30.773333333333085,14.9375,-0.0873786407766989,3296.0,3314.0,3290.0,3299.0,26051600.0
2024-07-01,3325.0,3326.0,3261.0,3284.0,3130.45166015625,23624800.0,3166.25,3180.32,3368.213333333333,3290.4725,81.63265306122449,3282.72,-28.40000000000009,15.522500000000036,-0.0829377268919295,3296.0,3314.0,3290.0,3299.0,26051600.0
2024-07-02,3285.0,3338.0,3267.0,3333.0,3177.16064453125,30146300.0,3172.45,3184.88,3364.6266666666666,3294.135,83.05882352941177,3282.06,-25.26666666666688,16.272500000000036,-0.0692543982127896,3333.0,3326.0,3284.0,3325.0,23624800.0
2024-07-03,3345.0,3348.0,3293.0,3325.0,3169.534912109375,23954600.0,3182.3,3189.12,3362.0,3297.7575,78.83597883597884,3280.78,-21.533333333333303,16.97250000000031,-0.0714884110583635,3333.0,3338.0,3333.0,3285.0,30146300.0
2024-07-04,3351.0,3399.0,3337.0,3391.0,3232.44873046875,23049300.0,3196.05,3196.0,3360.2533333333336,3301.71,86.46080760095012,3280.44,-16.919999999999618,17.882500000000164,-0.0530578050823792,3391.0,3348.0,3325.0,3345.0,23954600.0
2024-07-05,3384.0,3399.0,3311.0,3319.0,3163.815185546875,24261800.0,3206.2,3197.88,3357.5466666666666,3305.2075,75.3623188405797,3279.78,-14.840000000000146,18.297500000000127,-0.0731639206925439,3391.0,3399.0,3391.0,3351.0,23049300.0
2024-07-06,3384.0,3399.0,3311.0,3319.0,3163.815185546875,24261800.0,3216.35,3200.48,3354.9066666666668,3308.6,75.3623188405797,3277.44,-13.306666666666388,18.12750000000005,-0.0777993887190886,3391.0,3399.0,3319.0,3384.0,24261800.0
2024-07-07,3384.0,3399.0,3311.0,3319.0,3163.815185546875,24261800.0,3230.5,3204.88,3352.346666666667,3311.975,75.3623188405797,3275.1,-12.279999999999744,17.83999999999969,-0.0726459905001397,3391.0,3399.0,3319.0,3384.0,24261800.0
2024-07-08,3319.0,3319.0,3277.0,3285.0,3131.40478515625,20618800.0,3242.15,3211.16,3347.9066666666668,3315.7125,65.30612244897961,3272.08,-14.093333333333248,17.954999999999927,-0.0688775510204081,3391.0,3399.0,3319.0,3384.0,24261800.0
2024-07-09,3272.0,3296.0,3232.0,3270.0,3117.106201171875,25590500.0,3250.3,3217.32,3344.88,3319.4825,45.80645161290323,3268.54,-15.373333333333449,17.772500000000036,-0.0452554744525547,3391.0,3319.0,3285.0,3319.0,20618800.0
2024-07-10,3261.0,3299.0,3256.0,3291.0,3137.12451171875,23264100.0,3260.65,3224.32,3341.96,3323.3575,52.41157556270096,3265.62,-15.586666666666588,18.15000000000009,-0.0391240875912408,3391.0,3296.0,3270.0,3272.0,25590500.0
2024-07-11,3323.0,3326.0,3283.0,3284.0,3130.45166015625,22399000.0,3271.15,3231.04,3338.9466666666667,3327.1975,53.44262295081968,3263.54,-15.960000000000036,18.59750000000031,-0.0411678832116788,3391.0,3299.0,3291.0,3261.0,23264100.0
2024-07-12,3249.0,3292.0,3240.0,3274.0,3120.919189453125,23807400.0,3281.15,3240.56,3335.8,3330.8825,47.22222222222222,3260.96,-16.546666666666624,18.90750000000025,-0.0273321449792037,3391.0,3326.0,3284.0,3323.0,22399000.0
2024-07-13,3249.0,3292.0,3240.0,3274.0,3120.919189453125,23807400.0,3291.15,3249.44,3332.653333333333,3334.5475,47.22222222222222,3258.58,-15.253333333333558,18.83500000000004,-0.0339333136618471,3391.0,3292.0,3274.0,3249.0,23807400.0
2024-07-14,3249.0,3292.0,3240.0,3274.0,3120.919189453125,23807400.0,3297.35,3256.12,3327.8,3338.0025,47.22222222222222,3256.2,-17.079999999999927,18.519999999999985,-0.0393192488262911,3391.0,3292.0,3274.0,3249.0,23807400.0
2024-07-15,3249.0,3292.0,3240.0,3274.0,3120.919189453125,23807400.0,3296.25,3263.72,3323.3866666666668,3341.5925,48.226950354609926,3253.82,-18.573333333333267,18.235000000000127,-0.0232696897374701,3391.0,3292.0,3274.0,3249.0,23807400.0
2024-07-16,3294.0,3306.0,3268.0,3269.0,3116.153076171875,16490100.0,3295.9,3271.52,3319.2266666666665,3344.985,36.5546218487395,3250.2,-19.72000000000025,17.78749999999991,-0.0486030267753201,3391.0,3292.0,3274.0,3249.0,23807400.0
2024-07-17,3264.0,3285.0,3247.0,3254.0,3101.854248046875,16439900.0,3295.45,3278.72,3314.866666666667,3348.3025,35.51020408163265,3246.32,-20.9333333333334,17.419999999999618,-0.0529685681024446,3391.0,3306.0,3269.0,3294.0,16490100.0
2024-07-18,3151.0,3185.0,3141.0,3141.0,2994.137939453125,25086900.0,3288.0,3281.4,3309.0,3351.055,7.191780821917817,3241.34,-23.6533333333332,16.50749999999971,-0.0858556461001164,3391.0,3285.0,3254.0,3264.0,16439900.0
2024-07-19,3147.0,3159.0,3110.0,3133.0,2986.51171875,18962200.0,3280.15,3280.72,3303.026666666666,3353.7675,9.21052631578948,3237.4,-24.77333333333354,15.764999999999873,-0.0910937046707281,3391.0,3185.0,3141.0,3151.0,25086900.0
2024-07-20,3147.0,3159.0,3110.0,3133.0,2986.51171875,18962200.0,3272.3,3274.2,3297.0533333333333,3356.48,9.21052631578948,3232.04,-26.333333333333485,14.887499999999818,-0.0884492289787605,3391.0,3159.0,3133.0,3147.0,18962200.0
2024-07-21,3147.0,3159.0,3110.0,3133.0,2986.51171875,18962200.0,3264.75,3268.48,3290.84,3359.1925,9.21052631578948,3226.68,-28.386666666666315,14.207499999999982,-0.0752656434474616,3391.0,3159.0,3133.0,3147.0,18962200.0
2024-07-22,3105.0,3117.0,3085.0,3090.0,2945.522216796875,16865200.0,3252.6,3261.56,3284.32,3361.4675,8.860759493670898,3220.46,-30.546666666666624,13.165000000000418,-0.0919776667646194,3391.0,3159.0,3133.0,3147.0,18962200.0
2024-07-23,3130.0,3156.0,3084.0,3109.0,2963.634033203125,21568200.0,3241.8,3254.32,3278.733333333333,3363.505,16.59751037344398,3215.82,-30.26666666666688,12.450000000000273,-0.0837017388741526,3391.0,3117.0,3090.0,3105.0,16865200.0
2024-07-24,3125.0,3174.0,3092.0,3100.0,2955.054931640625,26675100.0,3227.25,3246.72,3274.4,3365.4975,8.296943231441034,3211.86,-28.62666666666655,11.730000000000018,-0.0863542587680519,3319.0,3156.0,3109.0,3130.0,21568200.0
2024-07-25,3040.0,3064.0,3006.0,3020.0,2878.795654296875,30179600.0,3212.3,3235.92,3269.0,3367.09,6.291390728476827,3207.9,-28.053333333333285,10.610000000000127,-0.1099322133804892,3319.0,3174.0,3100.0,3125.0,26675100.0
2024-07-26,3006.0,3008.0,2908.0,2909.0,2772.9853515625,40132100.0,3191.8,3220.92,3262.12,3368.1275,4.7146401985111765,3200.62,-28.72000000000025,8.934999999999945,-0.1568115942028985,3319.0,3064.0,3020.0,3040.0,30179600.0
2024-07-27,3006.0,3008.0,2908.0,2909.0,2772.9853515625,40132100.0,3171.3,3203.96,3256.026666666666,3369.2025,4.7146401985111765,3194.42,-28.29333333333352,7.734999999999673,-0.156322505800464,3291.0,3008.0,2909.0,3006.0,40132100.0
2024-07-28,3006.0,3008.0,2908.0,2909.0,2772.9853515625,40132100.0,3152.5,3187.32,3249.6266666666666,3370.0225,4.7146401985111765,3188.22,-29.10666666666657,6.517499999999927,-0.1418879056047197,3291.0,3008.0,2909.0,3006.0,40132100.0
2024-07-29,2958.0,2988.0,2932.0,2967.0,2828.273681640625,28260500.0,3137.35,3170.36,3243.7466666666664,3370.6375,16.702819956616054,3183.18,-30.65333333333365,5.139999999999873,-0.109009009009009,3291.0,3008.0,2909.0,3006.0,40132100.0
2024-07-30,2967.0,3024.0,2944.0,2996.5,2856.394287109375,23232000.0,3122.625,3157.46,3239.0066666666667,3371.435,21.9361483007209,3177.67,-29.99333333333334,4.3449999999998,-0.1189356071743604,3284.0,2988.0,2967.0,2958.0,28260500.0
2024-07-31,2929.0,2962.0,2870.5,2949.0,2811.114990234375,46261100.0,3105.875,3142.66,3232.5133333333333,3371.995,20.55984555984556,3171.57,-29.60666666666657,3.867499999999836,-0.1329020876212878,3274.0,3024.0,2996.5,2967.0,23232000.0
2024-08-01,2901.0,2912.0,2698.0,2699.0,2572.80419921875,80069400.0,3077.125,3117.86,3222.6866666666665,3371.305,16.25954198473282,3161.37,-33.340000000000146,2.102499999999964,-0.2064098794472214,3274.0,2962.0,2949.0,2929.0,46261100.0
2024-08-02,2576.0,2652.0,2538.0,2585.0,2464.134521484375,69193000.0,3042.675,3089.86,3211.34,3369.9825,13.994743758212875,3150.51,-38.286666666666406,-0.0399999999999636,-0.2262795570188566,3274.0,2912.0,2699.0,2901.0,80069400.0
2024-08-03,2576.0,2652.0,2538.0,2585.0,2464.134521484375,69193000.0,3008.225,3062.46,3199.846666666667,3368.635,13.994743758212875,3139.89,-43.89999999999964,-2.0024999999996,-0.2161916312916919,3274.0,2652.0,2585.0,2576.0,69193000.0
2024-08-04,2576.0,2652.0,2538.0,2585.0,2464.134521484375,69193000.0,2973.775,3034.22,3188.4866666666667,3367.2775,13.994743758212875,3129.27,-50.51999999999998,-4.1574999999998,-0.1967060285891858,3269.0,2652.0,2585.0,2576.0,69193000.0
2024-08-05,2450.0,2461.0,2183.0,2232.0,2127.639404296875,83087200.0,2921.925,2992.14,3173.0733333333333,3363.78,9.943977591036417,3111.59,-59.440000000000055,-8.21499999999969,-0.3180568285976168,3254.0,2652.0,2585.0,2576.0,69193000.0
2024-08-06,2532.0,2551.5,2405.0,2518.0,2400.26708984375,68201400.0,2885.125,2961.9,3161.273333333333,3361.56,27.91479820627804,3101.23,-61.41333333333296,-9.74499999999989,-0.2177694936315626,3141.0,2461.0,2232.0,2450.0,83087200.0
2024-08-07,2400.0,2593.0,2371.0,2500.5,2383.585205078125,59251500.0,2853.1,2930.96,3149.373333333333,3359.2525,27.738581507612324,3090.2,-61.9666666666667,-10.730000000000018,-0.2232059645852749,3133.0,2551.5,2518.0,2532.0,68201400.0
2024-08-08,2460.0,2506.0,2435.5,2451.0,2336.39990234375,42502700.0,2819.0,2898.04,3136.813333333333,3356.6975,28.381458966565347,3077.08,-63.0333333333333,-11.9375,-0.2385834109972041,3133.0,2593.0,2500.5,2400.0,59251500.0
2024-08-09,2491.5,2503.0,2412.0,2447.5,2333.0634765625,46964700.0,2784.725,2864.98,3124.2066666666665,3354.025,30.9060819197352,3064.35,-64.2800000000002,-13.252500000000056,-0.2519865525672371,3133.0,2506.0,2451.0,2460.0,42502700.0
2024-08-10,2491.5,2503.0,2412.0,2447.5,2333.0634765625,46964700.0,2750.45,2832.12,3110.84,3351.3075,30.9060819197352,3051.82,-62.23333333333312,-12.47250000000031,-0.2478488014751075,3109.0,2503.0,2447.5,2491.5,46964700.0
2024-08-11,2491.5,2503.0,2412.0,2447.5,2333.0634765625,46964700.0,2718.325,2799.86,3097.5,3348.7475,30.9060819197352,3039.29,-63.77333333333354,-12.8125,-0.2373013399813025,3109.0,2503.0,2447.5,2491.5,46964700.0
2024-08-12,2491.5,2503.0,2412.0,2447.5,2333.0634765625,46964700.0,2685.25,2772.12,3084.9333333333334,3346.165,27.422859626249448,3026.76,-64.44000000000005,-13.087500000000093,-0.2175511508951406,3100.0,2503.0,2447.5,2491.5,46964700.0
2024-08-13,2494.0,2534.5,2484.0,2529.0,2410.752685546875,27855600.0,2656.7,2747.96,3074.2533333333336,3344.3475,30.561330561330564,3014.34,-62.559999999999945,-12.350000000000364,-0.188382541720154,3020.0,2503.0,2447.5,2491.5,46964700.0
2024-08-14,2565.0,2636.5,2560.5,2616.0,2493.68505859375,39296900.0,2636.5,2727.28,3063.786666666667,3342.965,36.594202898550726,3000.74,-60.41999999999962,-11.059999999999944,-0.1604621309370988,2996.5,2534.5,2529.0,2494.0,27855600.0
2024-08-15,2642.0,2692.5,2630.5,2657.5,2533.24462890625,32786600.0,2623.925,2708.26,3053.873333333333,3341.79,47.99225931301403,2988.37,-56.9666666666667,-9.517499999999927,-0.1471437740693196,2996.5,2636.5,2616.0,2565.0,39296900.0
2024-08-16,2745.0,2748.5,2702.5,2744.5,2616.1767578125,39285800.0,2615.7,2694.44,3045.12,3340.595,57.92349726775956,2978.0,-52.38000000000011,-8.152500000000146,-0.0960144927536231,2996.5,2692.5,2657.5,2642.0,32786600.0
2024-08-17,2745.0,2748.5,2702.5,2744.5,2616.1767578125,39285800.0,2607.475,2679.86,3037.1666666666665,3339.52,57.92349726775956,2967.09,-47.76666666666688,-6.644999999999982,-0.1007536041939711,2996.5,2748.5,2744.5,2745.0,39285800.0
2024-08-18,2745.0,2748.5,2702.5,2744.5,2616.1767578125,39285800.0,2596.35,2665.64,3029.786666666667,3338.2425,57.92349726775956,2956.18,-44.4666666666667,-6.105000000000018,-0.1166720308979722,2996.5,2748.5,2744.5,2745.0,39285800.0
2024-08-19,2730.0,2742.0,2651.5,2660.5,2536.1044921875,28364200.0,2579.55,2651.26,3022.353333333333,3336.82,79.05084745762711,2943.59,-41.433333333333394,-6.144999999999982,-0.1373216601815823,2949.0,2748.5,2744.5,2745.0,39285800.0
2024-08-20,2705.5,2707.5,2663.0,2687.0,2561.365234375,21607500.0,2566.45,2642.38,3014.54,3335.4975,67.67782426778243,2931.65,-39.333333333333485,-6.292500000000018,-0.1258945998698764,2744.5,2742.0,2660.5,2730.0,28364200.0
2024-08-21,2653.0,2697.0,2644.0,2692.5,2566.6083984375,18491300.0,2566.125,2633.72,3007.52,3334.2025,70.60085836909872,2918.84,-37.59999999999991,-6.392499999999927,-0.1241054001301236,2744.5,2707.5,2687.0,2705.5,21607500.0
2024-08-22,2661.0,2673.0,2637.5,2665.0,2540.39404296875,24796000.0,2570.125,2623.96,3000.133333333333,3332.77,74.0990990990991,2905.64,-37.0333333333333,-6.75,-0.1330513988288874,2744.5,2697.0,2692.5,2653.0,18491300.0
2024-08-23,2675.0,2694.0,2652.0,2682.0,2556.59912109375,18906700.0,2574.975,2612.56,2992.9733333333334,3331.22,75.62841530054645,2891.46,-36.8133333333335,-7.022500000000036,-0.1485714285714285,2744.5,2673.0,2665.0,2661.0,24796000.0
2024-08-24,2675.0,2694.0,2652.0,2682.0,2556.59912109375,18906700.0,2579.825,2599.98,2985.1066666666666,3328.955,75.62841530054645,2878.72,-37.2466666666669,-7.8650000000002365,-0.1862864077669902,2744.5,2694.0,2682.0,2675.0,18906700.0
2024-08-25,2675.0,2694.0,2652.0,2682.0,2556.59912109375,18906700.0,2602.325,2589.3,2977.48,3326.065,75.62841530054645,2865.98,-37.059999999999945,-9.43249999999989,-0.1813186813186813,2744.5,2694.0,2682.0,2675.0,18906700.0
2024-08-26,2636.0,2649.0,2576.0,2597.5,2476.050048828125,28414600.0,2606.3,2585.24,2969.326666666667,3322.3025,63.837638376383765,2851.55,-38.19333333333316,-11.900000000000093,-0.2039534171008274,2744.5,2694.0,2682.0,2675.0,18906700.0
2024-08-27,2610.5,2652.0,2600.0,2644.0,2520.375732421875,19290300.0,2613.475,2587.6,2962.873333333333,3318.9075,61.341222879684416,2838.73,-37.25999999999976,-13.862500000000182,-0.1963525835866261,2744.5,2649.0,2597.5,2636.0,28414600.0
2024-08-28,2699.0,2756.0,2697.0,2746.5,2618.083251953125,44921600.0,2628.25,2594.06,2957.9466666666667,3316.025,62.48803827751196,2828.26,-35.02666666666664,-15.194999999999707,-0.1651975683890577,2746.5,2652.0,2644.0,2610.5,19290300.0
2024-08-29,2736.5,2753.5,2720.5,2720.5,2593.298828125,24292200.0,2641.9,2599.48,2952.673333333333,3313.0125,56.21301775147929,2816.85,-32.433333333333394,-15.94250000000011,-0.1731003039513677,2746.5,2756.0,2746.5,2699.0,44921600.0
2024-08-30,2707.0,2786.5,2704.0,2759.5,2630.4755859375,52860500.0,2657.5,2620.58,2947.92,3310.195,51.63398692810458,2806.36,-29.559999999999945,-15.86999999999989,-0.1597137637028014,2759.5,2753.5,2720.5,2736.5,24292200.0
2024-08-31,2707.0,2786.5,2704.0,2759.5,2630.4755859375,52860500.0,2673.1,2630.24,2944.233333333333,3306.7125,51.63398692810458,2796.07,-25.093333333333703,-15.58999999999969,-0.1720672067206721,2759.5,2786.5,2759.5,2707.0,52860500.0
2024-09-01,2707.0,2786.5,2704.0,2759.5,2630.4755859375,52860500.0,2688.7,2640.6,2940.333333333333,3303.585,51.63398692810458,2785.78,-22.539999999999964,-15.322499999999764,-0.1700751879699248,2759.5,2786.5,2759.5,2707.0,52860500.0
2024-09-02,2789.5,2821.5,2755.0,2781.0,2650.97021484375,24733100.0,2701.3,2653.8,2935.9866666666667,3300.58,65.19546027742749,2775.92,-21.96000000000004,-15.445000000000164,-0.1798879386611619,2781.0,2786.5,2759.5,2707.0,52860500.0
2024-09-03,2784.5,2807.0,2770.0,2772.0,2642.39111328125,18096800.0,2709.1,2666.78,2931.826666666667,3297.37,61.21372031662269,2765.88,-20.84666666666635,-15.642499999999927,-0.1648086773124435,2781.0,2821.5,2781.0,2789.5,24733100.0
2024-09-04,2677.5,2724.5,2671.0,2674.0,2548.97314453125,37121600.0,2709.925,2675.84,2926.4933333333333,3293.67,48.03817603393425,2753.98,-21.426666666666733,-16.52500000000009,-0.194335643266044,2781.0,2807.0,2772.0,2784.5,18096800.0
2024-09-05,2594.0,2652.5,2586.0,2616.0,2493.68505859375,29116800.0,2703.5,2682.58,2920.3866666666668,3289.68,45.1195219123506,2741.22,-23.84666666666635,-17.032500000000255,-0.2118107863814402,2781.0,2724.5,2674.0,2677.5,37121600.0
2024-09-06,2566.5,2602.0,2552.0,2582.5,2461.751220703125,27452800.0,2695.4,2687.98,2913.833333333333,3285.4425,40.40501446480231,2730.05,-26.5,-18.142499999999927,-0.2138508371385084,2781.0,2652.5,2616.0,2594.0,29116800.0
2024-09-07,2566.5,2602.0,2552.0,2582.5,2461.751220703125,27452800.0,2687.3,2690.12,2906.266666666667,3281.285,40.40501446480231,2719.04,-29.7199999999998,-19.29500000000008,-0.2102446483180428,2781.0,2602.0,2582.5,2566.5,27452800.0
2024-09-08,2566.5,2602.0,2552.0,2582.5,2461.751220703125,27452800.0,2683.4,2688.78,2896.7533333333336,3277.0525,40.40501446480231,2708.03,-35.07333333333327,-20.31750000000011,-0.2152841081738074,2781.0,2602.0,2582.5,2566.5,27452800.0
2024-09-09,2498.0,2507.0,2449.0,2500.0,2383.10888671875,32686400.0,2674.05,2682.48,2886.4066666666668,3271.9475,40.56147144240078,2695.37,-40.08666666666659,-21.72249999999985,-0.2387332521315469,2781.0,2602.0,2582.5,2566.5,27452800.0
2024-09-10,2517.0,2537.0,2491.0,2499.5,2382.63232421875,22733800.0,2664.4,2672.68,2876.2266666666665,3266.84,34.64399574920297,2683.56,-44.16000000000031,-22.83999999999969,-0.2365607819181429,2781.0,2507.0,2500.0,2498.0,32686400.0
2024-09-11,2450.0,2478.5,2391.5,2422.0,2308.755859375,31044800.0,2652.25,2659.78,2864.653333333333,3261.345,13.58024691358024,2669.82,-49.18000000000029,-24.09750000000031,-0.2602321319486866,2781.0,2537.0,2499.5,2517.0,22733800.0
2024-09-12,2485.0,2516.0,2472.0,2513.0,2395.5009765625,29466900.0,2643.8,2650.52,2854.293333333333,3256.305,29.67678746327131,2658.08,-51.97333333333336,-24.98000000000001,-0.2324373854612095,2781.0,2478.5,2422.0,2450.0,31044800.0
2024-09-13,2482.0,2497.5,2446.0,2455.0,2340.212890625,33002900.0,2632.45,2642.3,2843.16,3250.755,21.246458923512748,2646.78,-53.5933333333337,-26.29749999999968,-0.2501527183872938,2781.0,2516.0,2513.0,2485.0,29466900.0
2024-09-14,2482.0,2497.5,2446.0,2455.0,2340.212890625,33002900.0,2621.1,2633.02,2832.1066666666666,3245.12,21.246458923512748,2637.7,-54.30000000000018,-26.827500000000327,-0.249005812174977,2781.0,2497.5,2455.0,2482.0,33002900.0
2024-09-15,2482.0,2497.5,2446.0,2455.0,2340.212890625,33002900.0,2613.975,2623.52,2820.4,3239.545,21.246458923512748,2628.62,-55.82666666666637,-27.29500000000008,-0.2455439459127227,2781.0,2497.5,2455.0,2482.0,33002900.0
2024-09-16,2482.0,2497.5,2446.0,2455.0,2340.212890625,33002900.0,2604.525,2615.12,2808.8,3233.715,17.913385826771645,2619.54,-55.85333333333301,-27.62999999999965,-0.2184017828716968,2781.0,2497.5,2455.0,2482.0,33002900.0
2024-09-17,2436.5,2458.5,2367.5,2406.0,2293.50390625,33434800.0,2587.5,2604.08,2795.6666666666665,3227.345,16.6058394160584,2608.32,-58.626666666667006,-28.96000000000004,-0.2320459623364187,2781.0,2497.5,2455.0,2482.0,33002900.0
2024-09-18,2450.5,2486.5,2441.0,2485.0,2368.81005859375,28165900.0,2575.725,2596.2,2784.5466666666666,3221.37,32.13610586011342,2598.09,-58.61333333333323,-29.38500000000022,-0.2068305138844558,2781.0,2458.5,2406.0,2436.5,33434800.0
2024-09-19,2585.0,2633.0,2560.5,2610.5,2488.442138671875,40450100.0,2568.275,2593.34,2775.1,3216.0225,49.53897736797989,2591.32,-57.00666666666666,-29.09749999999985,-0.1667730609639323,2781.0,2486.5,2485.0,2450.5,28165900.0
2024-09-20,2667.0,2668.0,2612.0,2634.0,2510.84326171875,40654400.0,2562.0,2594.8,2765.9666666666667,3210.8825,54.39045183290708,2590.02,-54.433333333333394,-28.66249999999991,-0.1475728155339806,2781.0,2633.0,2610.5,2585.0,40450100.0
2024-09-21,2667.0,2668.0,2612.0,2634.0,2510.84326171875,40654400.0,2555.725,2594.4,2757.286666666667,3205.4075,54.39045183290708,2591.0,-51.51333333333332,-28.307500000000346,-0.1527822450948858,2781.0,2668.0,2634.0,2667.0,40654400.0
2024-09-22,2667.0,2668.0,2612.0,2634.0,2510.84326171875,40654400.0,2548.375,2589.9,2748.806666666667,3199.7325,54.39045183290708,2591.98,-46.85999999999967,-27.612499999999727,-0.1503225806451612,2772.0,2668.0,2634.0,2667.0,40654400.0
2024-09-23,2667.0,2668.0,2612.0,2634.0,2510.84326171875,40654400.0,2541.475,2586.44,2740.0466666666666,3194.6025,63.29365079365079,2592.96,-44.5,-26.767499999999927,-0.1278145695364239,2674.0,2668.0,2634.0,2667.0,40654400.0
2024-09-24,2661.5,2666.0,2610.0,2617.0,2494.63818359375,29192300.0,2538.625,2580.74,2731.153333333333,3189.6375,61.28722382324688,2600.66,-43.94666666666672,-26.38500000000022,-0.1003781368167755,2634.0,2668.0,2634.0,2667.0,40654400.0
2024-09-25,2609.5,2665.0,2608.0,2643.5,2519.89892578125,27114900.0,2540.0,2576.1,2722.7466666666664,3184.805,73.58892438764643,2603.17,-43.220000000000255,-26.077500000000327,-0.0912684771399106,2643.5,2666.0,2617.0,2661.5,29192300.0
2024-09-26,2671.5,2726.5,2650.5,2726.5,2599.0185546875,37741900.0,2547.2,2574.78,2715.4466666666667,3180.3875,73.13109425785481,2607.69,-41.84000000000015,-25.019999999999985,-0.0627363355104847,2726.5,2665.0,2643.5,2609.5,27114900.0
2024-09-27,2746.5,2777.5,2677.5,2751.5,2661.902099609375,38750100.0,2555.65,2573.6,2708.48,3176.655,84.59743290548425,2613.7,-40.32666666666682,-23.07749999999988,-0.0726322885069092,2751.5,2726.5,2726.5,2671.5,37741900.0
2024-09-28,2746.5,2777.5,2677.5,2751.5,2661.902099609375,38750100.0,2564.1,2572.78,2701.5133333333333,3173.0375,84.59743290548425,2619.78,-38.5333333333333,-21.56500000000005,-0.0817620557316869,2751.5,2777.5,2751.5,2746.5,38750100.0
2024-09-29,2746.5,2777.5,2677.5,2751.5,2661.902099609375,38750100.0,2576.675,2575.88,2694.613333333333,3169.575,84.59743290548425,2625.86,-36.53999999999997,-20.0625,-0.0669718548660562,2751.5,2777.5,2751.5,2746.5,38750100.0
2024-09-30,2600.5,2624.0,2525.5,2542.5,2459.70751953125,62903500.0,2578.825,2572.94,2685.1266666666666,3165.0625,56.86274509803922,2627.76,-37.61999999999989,-19.74249999999984,-0.057984438680993,2751.5,2777.5,2751.5,2746.5,38750100.0
2024-10-01,2569.0,2603.5,2559.0,2596.0,2511.465576171875,31990900.0,2587.525,2573.48,2677.86,3160.6025,64.797507788162,2630.73,-37.58666666666659,-19.78499999999985,0.004255319148936,2751.5,2624.0,2542.5,2600.5,62903500.0
2024-10-02,2550.0,2595.0,2546.0,2569.5,2485.828369140625,25911700.0,2590.35,2572.96,2670.346666666667,3156.01,57.16709075487702,2631.54,-38.13333333333321,-20.644999999999985,-0.0059961315280464,2751.5,2603.5,2596.0,2569.0,31990900.0
2024-10-03,2629.0,2649.5,2590.0,2601.5,2516.786376953125,31757300.0,2597.675,2573.72,2663.26,3151.5775,49.09274193548387,2631.25,-38.2533333333331,-21.46000000000004,0.0063829787234042,2751.5,2595.0,2569.5,2550.0,25911700.0
2024-10-04,2600.0,2605.5,2573.5,2586.0,2501.791015625,22315200.0,2604.225,2577.16,2655.9666666666667,3146.6725,45.08196721311475,2629.82,-38.64666666666653,-22.90249999999969,0.1586021505376345,2751.5,2649.5,2601.5,2629.0,31757300.0
2024-10-05,2600.0,2605.5,2573.5,2586.0,2501.791015625,22315200.0,2610.775,2580.62,2649.2466666666664,3141.2275,45.08196721311475,2626.65,-35.88000000000011,-23.83500000000004,0.0270055599682288,2751.5,2605.5,2586.0,2600.0,22315200.0
2024-10-06,2600.0,2605.5,2573.5,2586.0,2501.791015625,22315200.0,2617.325,2587.18,2642.273333333333,3135.7825,45.08196721311475,2623.48,-35.58666666666659,-24.820000000000164,0.0341931613677264,2751.5,2605.5,2586.0,2600.0,22315200.0
2024-10-07,2659.0,2662.5,2631.0,2645.5,2559.353515625,31459300.0,2629.3,2592.48,2636.213333333333,3130.015,51.05022831050229,2621.5,-34.13333333333367,-25.995000000000346,0.0793553651570786,2751.5,2605.5,2586.0,2600.0,22315200.0
2024-10-08,2605.5,2618.5,2556.5,2568.0,2484.37744140625,26579100.0,2633.45,2597.0,2630.1866666666665,3123.495,45.9703947368421,2619.65,-33.07333333333372,-28.082499999999985,0.0492339121552605,2751.5,2662.5,2645.5,2659.0,31459300.0
2024-10-09,2591.0,2594.5,2545.5,2563.5,2480.02392578125,21033300.0,2631.1,2601.34,2625.58,3116.9525,43.1740614334471,2617.18,-30.38666666666677,-29.72000000000025,0.0473953013278856,2751.5,2618.5,2568.0,2605.5,26579100.0
2024-10-10,2596.0,2617.0,2579.0,2581.0,2496.9541015625,25652700.0,2628.45,2606.38,2621.2066666666665,3110.4975,36.023054755043226,2614.95,-28.039999999999964,-30.73000000000001,0.0545454545454544,2751.5,2594.5,2563.5,2591.0,21033300.0
2024-10-11,2586.0,2595.5,2560.0,2562.0,2478.57275390625,20472100.0,2624.85,2610.66,2616.58,3104.1575,31.5840621963071,2612.89,-25.69333333333361,-31.625,0.0467824310520939,2751.5,2617.0,2581.0,2596.0,25652700.0
2024-10-12,2586.0,2595.5,2560.0,2562.0,2478.57275390625,20472100.0,2621.25,2616.9,2611.18,3097.7175,31.5840621963071,2610.49,-25.033333333333303,-32.29749999999967,0.0130486358244366,2751.5,2595.5,2562.0,2586.0,20472100.0
2024-10-13,2586.0,2595.5,2560.0,2562.0,2478.57275390625,20472100.0,2617.65,2619.98,2605.3866666666668,3091.2625,31.5840621963071,2608.09,-24.799999999999727,-32.23250000000007,-0.0206422018348624,2751.5,2595.5,2562.0,2586.0,20472100.0
2024-10-14,2586.0,2595.5,2560.0,2562.0,2478.57275390625,20472100.0,2614.9,2618.04,2600.2266666666665,3085.0425,53.19148936170213,2605.69,-25.353333333333467,-31.90999999999985,-0.0359360301034806,2751.5,2595.5,2562.0,2586.0,20472100.0
2024-10-15,2592.0,2599.0,2555.0,2555.0,2471.800537109375,22768900.0,2610.475,2614.88,2598.306666666667,3078.8225,42.084942084942085,2604.84,-22.89999999999964,-31.674999999999727,-0.0690471852796502,2751.5,2595.5,2562.0,2586.0,20472100.0
2024-10-16,2527.5,2569.0,2512.5,2525.5,2443.26123046875,22755500.0,2600.425,2610.54,2597.5133333333333,3072.455,41.60305343511451,2602.47,-19.06666666666661,-31.70249999999988,-0.0797959555474585,2751.5,2599.0,2555.0,2592.0,22768900.0
2024-10-17,2549.0,2582.5,2545.0,2550.5,2467.447265625,23200400.0,2590.375,2607.2,2597.0533333333333,3066.2125,39.99999999999999,2598.55,-14.126666666666551,-31.50500000000011,-0.0706868282018582,2751.5,2569.0,2525.5,2527.5,22755500.0
2024-10-18,2574.5,2574.5,2537.0,2552.5,2469.382080078125,17752400.0,2580.425,2603.94,2596.62,3060.78,43.064182194616976,2595.19,-8.766666666666879,-30.48249999999961,-0.0405938733320804,2751.5,2582.5,2550.5,2549.0,23200400.0
2024-10-19,2574.5,2574.5,2537.0,2552.5,2469.382080078125,17752400.0,2570.475,2601.36,2600.893333333333,3055.3775,43.064182194616976,2591.05,0.6666666666669698,-29.664999999999964,-0.050055824339412,2645.5,2574.5,2552.5,2574.5,17752400.0
2024-10-20,2574.5,2574.5,2537.0,2552.5,2469.382080078125,17752400.0,2570.975,2597.72,2601.353333333333,3050.04,43.064182194616976,2586.91,3.046666666666624,-28.78250000000025,-0.0519962859795728,2645.5,2574.5,2552.5,2574.5,17752400.0
2024-10-21,2550.0,2571.5,2533.5,2541.5,2458.739990234375,17422500.0,2568.25,2590.32,2601.9,3044.4125,23.056994818652853,2582.55,4.38666666666677,-28.04250000000001,-0.0463414634146341,2645.5,2574.5,2552.5,2574.5,17752400.0
2024-10-22,2567.5,2576.5,2527.5,2545.0,2462.126220703125,22643900.0,2567.025,2582.06,2603.153333333333,3039.0425,40.33613445378151,2577.83,6.099999999999909,-27.17000000000008,-0.0510812826249067,2645.5,2571.5,2541.5,2550.0,17422500.0
2024-10-23,2573.5,2655.5,2572.0,2620.5,2535.167724609375,35439900.0,2567.975,2576.82,2605.46,3034.05,65.0,2574.8,8.840000000000146,-26.73000000000001,-0.0229306487695749,2645.5,2576.5,2545.0,2567.5,22643900.0
2024-10-24,2589.0,2619.5,2556.5,2602.5,2517.75390625,26146100.0,2568.8,2570.86,2607.526666666666,3028.9675,55.643044619422575,2573.37,6.633333333333212,-26.40999999999985,-0.0296420581655481,2645.5,2655.5,2620.5,2573.5,35439900.0
2024-10-25,2594.5,2619.0,2576.0,2600.0,2515.335205078125,18218000.0,2569.5,2573.16,2609.56,3023.4775,60.91954022988505,2573.05,8.206666666666479,-26.5625,0.0009624639076035,2645.5,2619.5,2602.5,2589.0,26146100.0
2024-10-26,2594.5,2619.0,2576.0,2600.0,2515.335205078125,18218000.0,2570.2,2573.32,2611.593333333333,3017.5975,60.91954022988505,2573.4,9.693333333333156,-26.81500000000005,-0.0166414523449319,2645.5,2619.0,2600.0,2594.5,18218000.0
2024-10-27,2594.5,2619.0,2576.0,2600.0,2515.335205078125,18218000.0,2567.925,2574.54,2612.54,3011.8975,60.91954022988505,2573.75,9.38666666666677,-27.144999999999985,-0.0533406153286,2620.5,2619.0,2600.0,2594.5,18218000.0
2024-10-28,2615.0,2720.5,2607.5,2707.0,2618.85107421875,34954200.0,2574.875,2578.76,2613.7533333333336,3006.5275,75.80071174377224,2576.24,8.293333333333521,-27.52250000000004,-0.0049623231023708,2707.0,2619.0,2600.0,2594.5,18218000.0
2024-10-29,2709.0,2720.0,2685.5,2699.5,2611.59521484375,22183300.0,2581.675,2583.3,2614.313333333333,3001.19,75.66607460035524,2580.23,6.786666666666861,-27.777500000000146,-0.0217430693966298,2707.0,2720.5,2707.0,2615.0,34954200.0
2024-10-30,2685.0,2740.5,2680.0,2711.5,2623.204345703125,41528400.0,2588.2,2588.32,2613.873333333333,2995.9125,85.22727272727273,2584.47,4.313333333333503,-27.56500000000005,-0.0173944555173038,2711.5,2720.0,2699.5,2709.0,22183300.0
2024-10-31,2700.0,2717.5,2654.0,2682.5,2595.148681640625,27717100.0,2594.225,2592.18,2613.0466666666666,2990.49,74.6268656716418,2589.68,1.4533333333333758,-27.10750000000008,-0.0279036057256749,2711.5,2740.5,2711.5,2685.0,41528400.0
2024-11-01,2629.0,2656.5,2602.0,2615.5,2530.33056640625,23741600.0,2596.9,2590.98,2611.326666666667,2984.7325,59.45945945945946,2591.73,-1.2133333333331393,-27.164999999999964,-0.0595109672779575,2711.5,2717.5,2682.5,2700.0,27717100.0
2024-11-02,2629.0,2656.5,2602.0,2615.5,2530.33056640625,23741600.0,2599.575,2592.88,2610.7266666666665,2979.565,59.45945945945946,2594.94,-3.026666666667097,-26.96250000000009,-0.0564574314574314,2711.5,2656.5,2615.5,2629.0,23741600.0
2024-11-03,2629.0,2656.5,2602.0,2615.5,2530.33056640625,23741600.0,2602.25,2594.96,2609.773333333333,2974.6575,59.45945945945946,2598.15,-4.539999999999964,-26.53250000000025,-0.0218773373223635,2711.5,2656.5,2615.5,2629.0,23741600.0
2024-11-04,2629.0,2656.5,2602.0,2615.5,2530.33056640625,23741600.0,2605.275,2596.34,2608.7466666666664,2969.725,61.49068322981366,2601.36,-5.126666666667006,-26.1875,-0.0001911314984709,2711.5,2656.5,2615.5,2629.0,23741600.0
2024-11-05,2636.5,2651.0,2616.5,2639.0,2553.0654296875,21319300.0,2610.95,2599.42,2608.4,2965.31,63.74269005847953,2605.04,-4.646666666666533,-25.17999999999984,0.0218780251694095,2711.5,2656.5,2615.5,2629.0,23741600.0
2024-11-06,2616.0,2719.0,2554.0,2684.5,2597.08349609375,68795700.0,2617.65,2604.32,2608.4333333333334,2961.1225,60.256410256410255,2610.61,-2.8933333333334303,-23.610000000000127,0.0394966118102613,2711.5,2651.0,2639.0,2636.5,21319300.0
2024-11-07,2784.5,2813.0,2734.0,2762.0,2672.06005859375,55124700.0,2628.125,2612.32,2609.5,2957.3225,71.46702557200538,2616.15,-1.2266666666664603,-22.24249999999984,0.0695062923523717,2762.0,2719.0,2684.5,2616.0,68795700.0
2024-11-08,2748.0,2748.0,2659.0,2662.5,2575.800048828125,33139900.0,2633.625,2616.34,2609.24,2953.05,56.67022411953042,2617.19,-0.5333333333337578,-21.60749999999961,0.0649999999999999,2762.0,2813.0,2762.0,2784.5,55124700.0
2024-11-09,2748.0,2748.0,2659.0,2662.5,2575.800048828125,33139900.0,2639.125,2620.64,2610.1066666666666,2948.8075,56.67022411953042,2617.76,1.360000000000127,-20.91750000000001,0.0652130426085217,2762.0,2748.0,2662.5,2748.0,33139900.0
2024-11-10,2748.0,2748.0,2659.0,2662.5,2575.800048828125,33139900.0,2645.175,2626.12,2610.353333333333,2944.03,56.67022411953042,2618.33,1.953333333333376,-21.279999999999745,0.0992981007431874,2762.0,2748.0,2662.5,2748.0,33139900.0
2024-11-11,2660.0,2684.0,2653.5,2653.5,2567.093017578125,18773100.0,2650.6,2630.24,2609.113333333333,2939.8125,42.78002699055331,2618.72,0.6799999999998363,-21.309999999999945,0.0559092717867091,2762.0,2748.0,2662.5,2748.0,33139900.0
2024-11-12,2676.5,2757.0,2666.5,2717.0,2628.525390625,29839200.0,2655.425,2636.82,2609.0666666666666,2935.8475,52.05158264947245,2620.38,-0.4333333333333939,-21.475000000000364,0.1067209775967412,2762.0,2684.0,2653.5,2660.0,18773100.0
2024-11-13,2717.0,2723.5,2648.0,2662.0,2575.31640625,20181300.0,2658.4,2641.2,2607.766666666667,2931.6075,44.72843450479233,2621.28,-1.4733333333329028,-21.44250000000011,0.0843177189409367,2762.0,2757.0,2717.0,2676.5,29839200.0
2024-11-14,2718.0,2745.0,2666.0,2666.0,2579.18603515625,24174400.0,2661.7,2645.74,2606.52,2927.3875,48.143982002249714,2621.73,-3.586666666666588,-21.42000000000008,0.0859470468431771,2762.0,2723.5,2662.0,2717.0,20181300.0
2024-11-15,2703.5,2745.0,2699.0,2704.0,2615.94873046875,26581600.0,2666.9,2652.24,2605.78,2923.3575,60.64981949458483,2621.28,-4.573333333333267,-20.672500000000127,0.1014256619144602,2762.0,2745.0,2666.0,2718.0,24174400.0
2024-11-16,2703.5,2745.0,2699.0,2704.0,2615.94873046875,26581600.0,2672.1,2658.6,2604.7533333333336,2918.6875,60.64981949458483,2620.33,-4.359999999999673,-21.125,0.1238570241064007,2762.0,2745.0,2704.0,2703.5,26581600.0
2024-11-17,2703.5,2745.0,2699.0,2704.0,2615.94873046875,26581600.0,2671.95,2661.94,2603.846666666667,2914.1825,60.64981949458483,2619.38,-5.2199999999998,-21.664999999999964,0.0881287726358148,2762.0,2745.0,2704.0,2703.5,26581600.0
2024-11-18,2674.5,2695.5,2663.5,2676.0,2588.8603515625,17020700.0,2670.775,2664.88,2603.873333333333,2909.6575,56.82074408117249,2617.87,-3.8933333333334303,-21.95000000000028,0.0250909787397051,2762.0,2745.0,2704.0,2703.5,26581600.0
2024-11-19,2700.0,2737.0,2694.5,2730.5,2641.585693359375,19141700.0,2671.725,2670.1,2605.4,2905.405,59.64172813487882,2621.63,-1.1199999999998909,-21.98249999999961,0.0366362946089597,2762.0,2695.5,2676.0,2674.5,17020700.0
2024-11-20,2734.0,2743.5,2691.5,2698.5,2610.627685546875,15762100.0,2672.525,2674.04,2606.9466666666667,2900.9925,51.51843817787419,2623.68,1.166666666666515,-22.36500000000024,0.0244874715261957,2762.0,2737.0,2730.5,2700.0,19141700.0
2024-11-21,2706.5,2712.0,2674.5,2674.5,2587.4091796875,16002400.0,2675.475,2677.02,2608.173333333333,2896.46,39.2638036809816,2625.78,3.419999999999618,-22.227499999999964,0.0153758542141229,2762.0,2743.5,2698.5,2734.0,15762100.0
2024-11-22,2696.0,2703.5,2664.5,2664.5,2577.73486328125,17121200.0,2677.925,2675.32,2609.266666666667,2891.8775,50.31446540880504,2627.04,5.420000000000073,-22.30499999999984,0.0115793470007592,2762.0,2712.0,2674.5,2706.5,16002400.0
2024-11-23,2696.0,2703.5,2664.5,2664.5,2577.73486328125,17121200.0,2680.375,2673.92,2611.46,2887.205,50.31446540880504,2628.61,7.586666666666588,-22.45249999999988,0.0181505540695452,2762.0,2703.5,2664.5,2696.0,17121200.0
2024-11-24,2696.0,2703.5,2664.5,2664.5,2577.73486328125,17121200.0,2682.825,2672.04,2613.66,2882.6325,50.31446540880504,2630.18,8.259999999999764,-22.77250000000004,0.007944013618309,2762.0,2703.5,2664.5,2696.0,17121200.0
2024-11-25,2709.0,2729.5,2691.5,2694.5,2606.758056640625,30731900.0,2685.6,2672.52,2617.293333333333,2878.465,56.04719764011799,2632.35,10.346666666666806,-22.52749999999969,-0.0117366587199706,2762.0,2703.5,2664.5,2696.0,17121200.0
2024-11-26,2694.0,2697.0,2616.0,2667.5,2580.63720703125,25146500.0,2684.75,2674.6,2619.353333333333,2874.6775,41.81818181818182,2632.79,11.180000000000293,-21.78250000000025,-0.0305288024713792,2762.0,2729.5,2694.5,2709.0,30731900.0
2024-11-27,2600.0,2607.5,2552.5,2571.0,2487.279541015625,29465300.0,2675.2,2672.82,2620.9,2870.4075,36.77325581395349,2632.85,11.633333333333212,-21.47000000000025,-0.0656005815009994,2730.5,2697.0,2667.5,2694.0,25146500.0
2024-11-28,2591.0,2611.5,2563.5,2607.0,2522.107421875,19673700.0,2672.425,2672.48,2622.9266666666667,2866.3175,42.15425531914894,2633.72,11.466666666666695,-20.88749999999981,-0.0525168090132655,2730.5,2607.5,2571.0,2600.0,29465300.0
2024-11-29,2612.0,2618.0,2546.5,2551.5,2468.41455078125,24496900.0,2666.875,2669.92,2624.213333333333,2862.245,30.62261753494282,2633.13,10.553333333333285,-20.38750000000028,0.0035398230088494,2730.5,2611.5,2607.0,2591.0,19673700.0
2024-11-30,2612.0,2618.0,2546.5,2551.5,2468.41455078125,24496900.0,2661.325,2666.42,2625.5,2858.0575,30.62261753494282,2632.92,8.206666666666479,-20.40750000000025,-0.0171417565485362,2730.5,2618.0,2551.5,2612.0,24496900.0
2024-12-01,2612.0,2618.0,2546.5,2551.5,2468.41455078125,24496900.0,2656.225,2661.1,2627.44,2853.775,30.62261753494282,2632.71,8.086666666666588,-20.90249999999969,-0.0070052539404553,2730.5,2618.0,2551.5,2612.0,24496900.0
2024-12-02,2565.0,2620.5,2557.0,2611.0,2525.97705078125,20253600.0,2650.925,2655.06,2629.12,2850.07,42.35294117647059,2633.69,8.2199999999998,-20.33749999999964,0.0036517393811261,2730.5,2618.0,2551.5,2612.0,24496900.0
2024-12-03,2611.0,2665.0,2604.0,2652.0,2565.64208984375,28572300.0,2650.425,2654.64,2629.673333333333,2846.15,40.46172539489672,2635.49,6.746666666666442,-20.16750000000001,0.025522041763341,2730.5,2620.5,2611.0,2565.0,20253600.0
2024-12-04,2634.5,2657.5,2611.5,2631.0,2545.32568359375,19005600.0,2648.675,2653.38,2629.633333333333,2842.125,41.57303370786517,2637.01,5.420000000000073,-20.11999999999989,0.0174013921113689,2730.5,2665.0,2652.0,2611.0,28572300.0
2024-12-05,2649.0,2649.5,2613.0,2632.0,2546.293212890625,20694400.0,2645.075,2652.16,2629.6066666666666,2838.105,44.37086092715232,2639.14,4.10666666666657,-19.95249999999988,0.0177880897138438,2730.5,2657.5,2631.0,2634.5,19005600.0
2024-12-06,2647.0,2652.0,2617.0,2629.0,2543.390869140625,12808400.0,2641.325,2651.18,2629.54,2834.015,45.20917678812416,2640.71,2.099999999999909,-19.76000000000022,-0.0062370062370061,2730.5,2649.5,2632.0,2649.0,20694400.0
2024-12-07,2647.0,2652.0,2617.0,2629.0,2543.390869140625,12808400.0,2637.575,2647.66,2629.4733333333334,2829.975,45.20917678812416,2642.24,0.3533333333334667,-20.09500000000025,0.0237538940809969,2730.5,2652.0,2629.0,2647.0,12808400.0
2024-12-08,2647.0,2652.0,2617.0,2629.0,2543.390869140625,12808400.0,2635.225,2646.34,2629.633333333333,2826.18,45.20917678812416,2643.77,-0.0399999999999636,-19.97000000000025,0.0255510044860542,2730.5,2652.0,2629.0,2647.0,12808400.0
2024-12-09,2629.0,2645.5,2625.0,2645.5,2559.353515625,17182100.0,2630.975,2645.52,2629.66,2822.3925,43.13725490196078,2645.63,0.0266666666666424,-19.73250000000008,0.0249903138318481,2698.5,2652.0,2629.0,2647.0,12808400.0
2024-12-10,2685.5,2700.0,2667.5,2679.5,2592.24658203125,29297100.0,2630.025,2644.54,2629.0333333333333,2818.825,51.64835164835165,2648.39,-0.5733333333332666,-19.2800000000002,0.0458626073380172,2694.5,2645.5,2645.5,2629.0,17182100.0
2024-12-11,2693.5,2699.5,2667.0,2682.5,2595.148681640625,17726800.0,2630.425,2643.68,2628.113333333333,2815.2725,70.60998151571164,2651.14,-1.4266666666667334,-18.74249999999984,0.0470335675253708,2694.5,2700.0,2679.5,2685.5,29297100.0
2024-12-12,2715.0,2724.0,2703.0,2718.5,2629.9765625,23514500.0,2633.125,2644.26,2627.673333333333,2811.9,70.60998151571164,2653.1,-1.800000000000182,-18.07499999999981,0.0610850897736143,2718.5,2699.5,2682.5,2693.5,17726800.0
2024-12-13,2668.5,2697.5,2668.5,2697.5,2609.66015625,22366300.0,2634.775,2645.12,2626.9533333333334,2808.1375,80.9322033898305,2655.0,-2.6799999999998363,-18.04250000000001,0.0528883684621388,2718.5,2724.0,2718.5,2715.0,23514500.0
2024-12-14,2668.5,2697.5,2668.5,2697.5,2609.66015625,22366300.0,2636.425,2643.8,2629.02,2804.385,80.9322033898305,2656.95,-0.6399999999998727,-18.00749999999971,0.0557729941291584,2718.5,2697.5,2697.5,2668.5,22366300.0
2024-12-15,2668.5,2697.5,2668.5,2697.5,2609.66015625,22366300.0,2636.575,2643.76,2630.373333333333,2800.9225,80.9322033898305,2658.9,1.3400000000001455,-17.90249999999969,0.0681053256780834,2718.5,2697.5,2697.5,2668.5,22366300.0
2024-12-16,2698.0,2715.0,2684.0,2692.0,2604.33935546875,13700000.0,2637.8,2644.46,2632.0066666666667,2797.7325,72.25274725274724,2660.74,3.8933333333334303,-17.539999999999964,0.0554793177808272,2718.5,2697.5,2697.5,2668.5,22366300.0
2024-12-17,2688.0,2709.5,2670.0,2672.5,2585.474365234375,17335100.0,2642.875,2644.78,2632.9533333333334,2794.09,56.386292834890966,2660.05,5.2800000000002,-17.809999999999945,0.0470127326150833,2718.5,2715.0,2692.0,2698.0,13700000.0
2024-12-18,2691.0,2738.5,2690.0,2726.5,2637.7158203125,21766700.0,2648.85,2647.26,2634.826666666667,2790.7175,74.67700258397933,2660.59,7.873333333333448,-17.419999999999618,0.0681684622918707,2726.5,2709.5,2672.5,2688.0,17335100.0
2024-12-19,2676.5,2726.0,2664.0,2724.0,2635.29736328125,17912000.0,2657.475,2649.64,2636.6666666666665,2787.3325,73.58974358974359,2660.84,7.646666666666533,-17.052500000000236,0.0671890303623898,2726.5,2738.5,2726.5,2691.0,21766700.0
2024-12-20,2748.5,2807.5,2735.5,2771.5,2681.25048828125,51442500.0,2668.475,2652.72,2639.14,2784.485,79.74947807933194,2662.62,8.766666666666424,-16.4375,0.0904977375565609,2771.5,2726.0,2724.0,2676.5,17912000.0
2024-12-21,2748.5,2807.5,2735.5,2771.5,2681.25048828125,51442500.0,2679.475,2656.88,2640.82,2781.8525,79.74947807933194,2665.74,8.813333333333503,-15.88000000000011,0.0889980353634578,2771.5,2807.5,2771.5,2748.5,51442500.0
2024-12-22,2748.5,2807.5,2735.5,2771.5,2681.25048828125,51442500.0,2687.5,2664.9,2643.5333333333333,2779.62,79.74947807933194,2668.86,10.579999999999927,-14.470000000000256,0.057622591108567,2771.5,2807.5,2771.5,2748.5,51442500.0
2024-12-23,2805.0,2839.0,2784.0,2837.0,2744.61767578125,25299700.0,2696.75,2674.1,2647.18,2777.44,83.18890814558058,2673.29,12.353333333333012,-13.277500000000146,0.0901056676272815,2837.0,2807.5,2771.5,2748.5,51442500.0
2024-12-24,2850.0,2858.0,2829.0,2835.0,2742.682861328125,19906300.0,2706.95,2685.44,2650.5666666666666,2775.52,80.31189083820664,2677.68,13.900000000000093,-11.8125,0.0903846153846152,2837.0,2839.0,2837.0,2805.0,25299700.0
2024-12-25,2830.0,2964.5,2792.5,2964.5,2867.9658203125,55113700.0,2723.575,2701.96,2655.9333333333334,2774.2475,86.81462140992167,2684.19,16.79333333333352,-10.237500000000182,0.1401923076923077,2964.5,2858.0,2835.0,2850.0,19906300.0
2024-12-26,3000.0,3164.0,2995.0,3142.0,3039.68603515625,63975100.0,2749.225,2725.58,2663.6666666666665,2773.8625,90.371782650143,2693.34,22.84666666666635,-7.989999999999782,0.2084615384615384,3142.0,2964.5,2964.5,2830.0,55113700.0
2024-12-27,3204.0,3220.0,3154.0,3188.0,3084.18798828125,49315300.0,2777.175,2748.66,2672.0133333333333,2773.4425,94.631483166515,2701.86,28.48000000000001,-6.177499999999782,0.1776874769117102,3188.0,3164.0,3142.0,3000.0,63975100.0
2024-12-28,3204.0,3220.0,3154.0,3188.0,3084.18798828125,49315300.0,2805.125,2770.1,2680.36,2773.1125,94.631483166515,2712.37,33.18000000000029,-4.327499999999873,0.1809594369327654,3188.0,3220.0,3188.0,3204.0,49315300.0
2024-12-29,3204.0,3220.0,3154.0,3188.0,3084.18798828125,49315300.0,2832.25,2792.38,2688.8,2773.0075,94.631483166515,2722.88,38.233333333333576,-2.512499999999818,0.1757329891204131,3188.0,3220.0,3188.0,3204.0,49315300.0
2024-12-30,3182.0,3189.0,3136.0,3146.0,3043.555419921875,24224200.0,2855.575,2812.94,2697.0733333333333,2773.0975,88.73720136518772,2732.55,41.13999999999987,-1.150000000000091,0.1727865796831313,3188.0,3220.0,3188.0,3204.0,49315300.0
2024-12-31,3182.0,3189.0,3136.0,3146.0,3043.555419921875,24224200.0,2878.75,2833.62,2705.0133333333333,2773.2475,91.79170344218888,2742.4,41.346666666666806,-0.6150000000002365,0.2028292869432231,3188.0,3189.0,3146.0,3182.0,24224200.0
2025-01-01,3182.0,3189.0,3136.0,3146.0,3043.555419921875,24224200.0,2900.125,2854.3,2712.9266666666667,2773.3975,90.92682926829268,2750.98,40.91333333333341,-0.0450000000000727,0.2028292869432231,3188.0,3189.0,3146.0,3182.0,24224200.0
2025-01-02,3182.0,3189.0,3136.0,3146.0,3043.555419921875,24224200.0,2922.55,2874.98,2720.84,2773.5475,91.37254901960785,2760.66,40.48000000000002,0.4349999999999454,0.2028292869432231,3188.0,3189.0,3146.0,3182.0,24224200.0
2025-01-03,3182.0,3189.0,3136.0,3146.0,3043.555419921875,24224200.0,2944.975,2895.0,2728.7533333333336,2774.0975,90.48648648648648,2770.26,39.953333333333376,1.0899999999996908,0.2028292869432231,3188.0,3189.0,3146.0,3182.0,24224200.0
2025-01-04,3182.0,3189.0,3136.0,3146.0,3043.555419921875,24224200.0,2967.4,2913.66,2736.813333333333,2774.5675,90.48648648648648,2779.1,39.74000000000024,1.4700000000002549,0.1921182266009853,3188.0,3189.0,3146.0,3182.0,24224200.0
2025-01-05,3182.0,3189.0,3136.0,3146.0,3043.555419921875,24224200.0,2990.1,2932.2,2744.826666666667,2774.7625,90.48648648648648,2787.94,39.8133333333335,1.514999999999873,0.1719128329297821,3188.0,3189.0,3146.0,3182.0,24224200.0
2025-01-06,3103.0,3104.0,3000.0,3011.0,2912.95166015625,41298500.0,3007.025,2943.9,2750.0333333333333,2774.3975,66.35338345864662,2794.08,37.10666666666657,1.0,0.0901520637219406,3188.0,3189.0,3146.0,3182.0,24224200.0
2025-01-07,3004.0,3127.0,2994.5,3052.0,2952.616455078125,44700900.0,3023.3,2958.08,2756.026666666666,2774.2875,69.00175131348512,2801.6,35.1866666666665,0.7399999999997817,0.1462910798122065,3188.0,3104.0,3011.0,3103.0,41298500.0
2025-01-08,3050.0,3093.0,3042.0,3073.0,2972.932861328125,24570000.0,3040.75,2973.1,2762.333333333333,2774.2825,61.72972972972973,2808.45,33.57999999999993,0.1849999999999454,0.1541784037558684,3188.0,3127.0,3052.0,3004.0,44700900.0
2025-01-09,3070.0,3071.0,2997.5,3005.0,2907.147216796875,26998400.0,3052.425,2985.4,2767.733333333333,2773.9375,30.594900849858348,2814.58,30.91999999999961,-0.6300000000001091,0.128638497652582,3188.0,3093.0,3073.0,3050.0,24570000.0
2025-01-10,2989.0,3027.0,2928.0,2932.0,2836.524169921875,26369200.0,3060.45,2995.0,2772.16,2772.8475,16.315789473684205,2819.73,27.33333333333303,-1.914999999999964,0.1049557188618806,3188.0,3071.0,3005.0,3070.0,26998400.0
2025-01-11,2989.0,3027.0,2928.0,2932.0,2836.524169921875,26369200.0,3068.475,3005.38,2775.16,2771.0275,16.315789473684205,2825.08,25.12666666666655,-3.369999999999891,0.0791313949208685,3188.0,3027.0,2932.0,2989.0,26369200.0
2025-01-12,2989.0,3027.0,2928.0,2932.0,2836.524169921875,26369200.0,3073.225,3013.6,2778.26,2769.3075,16.315789473684205,2830.43,22.233333333333576,-4.980000000000018,0.1014274981217129,3188.0,3027.0,2932.0,2989.0,26369200.0
2025-01-13,2989.0,3027.0,2928.0,2932.0,2836.524169921875,26369200.0,3078.075,3021.92,2781.2,2767.6525,18.34319526627219,2835.78,18.866666666666333,-6.629999999999654,0.0997749437359338,3188.0,3027.0,2932.0,2989.0,26369200.0
2025-01-14,2932.0,2983.0,2898.0,2907.5,2812.82177734375,28127600.0,3075.225,3027.36,2784.2,2765.74,17.10344827586208,2840.04,16.466666666666697,-8.197500000000218,0.075258875739645,3188.0,3027.0,2932.0,2989.0,26369200.0
2025-01-15,2930.5,2943.5,2891.5,2901.0,2806.53369140625,20709300.0,3063.175,3032.54,2788.0066666666667,2763.795,16.802168021680217,2844.71,15.846666666666806,-9.052499999999782,0.0728550295857988,3188.0,2983.0,2907.5,2932.0,28127600.0
2025-01-16,2890.0,2894.0,2821.0,2837.0,2744.61767578125,25970400.0,3045.625,3035.16,2790.96,2761.53,14.31870669745959,2850.03,15.800000000000182,-9.497499999999944,0.0491863905325444,3188.0,2943.5,2901.0,2930.5,20709300.0
2025-01-17,2819.0,2831.5,2786.5,2788.0,2697.21337890625,22690400.0,3025.625,3033.2,2793.26,2759.05,12.863070539419084,2853.65,15.0,-10.257499999999707,0.0418535127055306,3188.0,2894.0,2837.0,2890.0,25970400.0
2025-01-18,2819.0,2831.5,2786.5,2788.0,2697.21337890625,22690400.0,3005.625,3031.32,2795.56,2756.325,12.863070539419084,2858.38,14.360000000000127,-11.327500000000327,0.0210584142098517,3146.0,2831.5,2788.0,2819.0,22690400.0
2025-01-19,2819.0,2831.5,2786.5,2788.0,2697.21337890625,22690400.0,2987.725,3024.26,2797.5466666666666,2753.64,12.863070539419084,2863.11,13.346666666666806,-12.099999999999907,0.0331665740226052,3146.0,2831.5,2788.0,2819.0,22690400.0
2025-01-20,2837.0,2894.5,2830.0,2870.0,2776.543212890625,25039100.0,2973.925,3013.38,2800.02,2751.035,33.566433566433574,2869.48,12.01333333333332,-12.760000000000218,0.0730977752851,3146.0,2831.5,2788.0,2819.0,22690400.0
2025-01-21,2920.0,2956.5,2853.5,2875.5,2781.864013671875,28584700.0,2960.4,3000.88,2801.5333333333333,2748.8175,27.57306226175349,2874.77,10.573333333333268,-12.712500000000093,0.0791893413398385,3146.0,2894.5,2870.0,2837.0,25039100.0
2025-01-22,2900.0,2935.0,2892.5,2915.5,2820.5615234375,24169400.0,2948.875,2989.98,2804.9066666666668,2746.8,30.909090909090907,2880.04,11.646666666666531,-12.25,0.0942015387502346,3146.0,2956.5,2875.5,2920.0,28584700.0
2025-01-23,2893.0,2928.0,2857.0,2925.0,2829.752197265625,21725600.0,2937.825,2979.46,2808.4066666666668,2744.83,38.70056497175141,2885.92,12.846666666666806,-11.49499999999989,0.0977669356352035,3146.0,2935.0,2915.5,2900.0,24169400.0
2025-01-24,2894.0,2931.5,2863.0,2882.5,2788.635986328125,24980800.0,2924.65,2968.92,2811.34,2742.8175,42.349304482225655,2890.93,13.79333333333352,-10.822499999999764,0.0697717572833549,3146.0,2928.0,2925.0,2893.0,21725600.0
2025-01-25,2894.0,2931.5,2863.0,2882.5,2788.635986328125,24980800.0,2911.475,2958.38,2814.393333333333,2740.88,42.349304482225655,2896.0,14.373333333333449,-10.154999999999744,0.0805998125585754,3073.0,2931.5,2882.5,2894.0,24980800.0
2025-01-26,2894.0,2931.5,2863.0,2882.5,2788.635986328125,24980800.0,2905.05,2947.84,2816.6,2738.8375,42.349304482225655,2901.07,15.066666666666606,-9.980000000000018,0.1211590820692338,3073.0,2931.5,2882.5,2894.0,24980800.0
2025-01-27,2913.5,2941.5,2910.5,2922.0,2826.849853515625,18257200.0,2898.55,2938.88,2820.0666666666666,2737.0275,48.62258953168044,2906.93,15.159999999999854,-9.772500000000036,0.1208285385500576,3073.0,2931.5,2882.5,2894.0,24980800.0
2025-01-28,2900.0,2936.0,2889.5,2889.5,2795.408203125,18314000.0,2889.375,2928.62,2823.0466666666666,2735.105,47.57412398921833,2911.81,14.639999999999873,-9.724999999999907,0.1324710954340584,3005.0,2941.5,2922.0,2913.5,18257200.0
2025-01-29,2917.0,2936.5,2898.5,2930.0,2834.58935546875,17997800.0,2885.625,2919.98,2826.06,2733.385,53.58024691358025,2916.82,14.7199999999998,-9.43249999999989,0.1483441113070742,2932.0,2936.0,2889.5,2900.0,18314000.0
2025-01-30,2927.0,2963.5,2922.5,2949.0,2852.970458984375,18783700.0,2886.475,2912.1,2829.326666666667,2731.76,65.55555555555556,2922.15,14.933333333333394,-9.11999999999989,0.1557907113462668,2949.0,2936.5,2930.0,2917.0,17997800.0
2025-01-31,2936.0,2988.0,2921.0,2973.5,2876.6728515625,20964200.0,2888.55,2910.6,2832.92,2730.2575,77.64530551415797,2927.25,16.320000000000164,-8.579999999999927,0.1388356951359632,2973.5,2963.5,2949.0,2927.0,18783700.0
2025-02-01,2936.0,2988.0,2921.0,2973.5,2876.6728515625,20964200.0,2890.625,2907.46,2836.8866666666668,2728.78,77.64530551415797,2932.77,16.820000000000164,-8.247499999999945,0.1212292609351433,2973.5,2988.0,2973.5,2936.0,20964200.0
2025-02-02,2936.0,2988.0,2921.0,2973.5,2876.6728515625,20964200.0,2892.7,2903.48,2840.1266666666666,2727.3775,77.64530551415797,2938.29,17.079999999999927,-7.727499999999964,0.1301786393006461,2973.5,2988.0,2973.5,2936.0,20964200.0
2025-02-03,2825.0,2871.0,2801.0,2824.5,2732.524658203125,40169700.0,2888.55,2896.26,2841.806666666667,2725.795,44.34782608695652,2940.83,15.746666666666895,-7.5900000000001455,0.0731382978723405,2973.5,2988.0,2973.5,2936.0,20964200.0
2025-02-04,2907.5,2923.0,2868.0,2873.0,2779.445556640625,25931800.0,2887.15,2893.9,2844.4533333333334,2724.495,49.71941638608305,2944.45,15.126666666666551,-7.265000000000327,0.0928109547356408,2973.5,2871.0,2824.5,2825.0,40169700.0
2025-02-05,2893.0,3025.0,2845.0,2963.0,2866.5146484375,61048300.0,2893.45,2895.14,2848.4333333333334,2723.645,54.79313824419778,2950.26,15.51333333333332,-6.612500000000182,0.1270445036135412,2973.5,2923.0,2873.0,2907.5,25931800.0
2025-02-06,2961.0,3016.0,2895.0,2903.5,2808.952392578125,37833500.0,2899.225,2894.0,2851.62,2722.4975,48.02933088909258,2953.8,14.73333333333312,-6.282500000000255,0.104412324077596,2973.5,3025.0,2963.0,2893.0,61048300.0
2025-02-07,2860.0,2876.5,2817.0,2824.5,2732.524658203125,28713500.0,2901.05,2889.7,2853.7533333333336,2721.17,45.0171821305842,2955.81,13.626666666667006,-6.207499999999982,0.0676620676620676,2973.5,3016.0,2903.5,2961.0,37833500.0
2025-02-08,2860.0,2876.5,2817.0,2824.5,2732.524658203125,28713500.0,2902.875,2886.38,2855.4866666666667,2719.7475,45.0171821305842,2956.87,13.679999999999836,-6.047500000000127,0.0541145736144803,2973.5,2876.5,2824.5,2860.0,28713500.0
2025-02-09,2860.0,2876.5,2817.0,2824.5,2732.524658203125,28713500.0,2900.6,2883.32,2857.58,2718.37,45.0171821305842,2957.93,13.126666666666551,-6.125,0.0529356943150045,2973.5,2876.5,2824.5,2860.0,28713500.0
2025-02-10,2826.0,2843.0,2814.0,2825.5,2733.4921875,18868200.0,2898.1,2882.86,2860.9733333333334,2717.3975,41.12235510579576,2959.01,12.539999999999964,-6.247499999999945,0.0393599411440133,2973.5,2876.5,2824.5,2860.0,28713500.0
2025-02-11,2826.0,2843.0,2814.0,2825.5,2733.4921875,18868200.0,2893.6,2884.36,2863.8866666666668,2716.98,43.73776908023484,2958.78,12.26666666666688,-5.517499999999927,0.0474513438368859,2973.5,2843.0,2825.5,2826.0,18868200.0
2025-02-12,2805.0,2812.0,2760.5,2800.0,2708.822509765625,29015300.0,2887.35,2884.84,2867.2,2716.435,36.89516129032258,2958.08,13.44666666666626,-4.735000000000127,0.0379981464318812,2973.5,2843.0,2825.5,2826.0,18868200.0
2025-02-13,2850.0,2868.0,2825.5,2825.5,2733.4921875,26458600.0,2884.5,2886.34,2870.853333333333,2716.0175,37.71144278606965,2955.3,15.366666666666788,-3.730000000000018,0.0474513438368859,2973.5,2812.0,2800.0,2805.0,29015300.0
2025-02-14,2868.5,2882.0,2803.5,2804.5,2713.176025390625,23997400.0,2880.6,2883.72,2874.2266666666665,2715.205,33.06613226452906,2948.55,16.646666666666533,-3.164999999999964,0.0417904903417534,2973.5,2868.0,2825.5,2850.0,26458600.0
2025-02-15,2868.5,2882.0,2803.5,2804.5,2713.176025390625,23997400.0,2876.7,2880.88,2876.806666666667,2714.245,33.06613226452906,2940.88,15.833333333333483,-3.152500000000145,0.0493919550982226,2973.5,2882.0,2804.5,2868.5,23997400.0
2025-02-16,2868.5,2882.0,2803.5,2804.5,2713.176025390625,23997400.0,2870.825,2876.44,2878.84,2713.5225,33.06613226452906,2933.21,14.953333333333376,-3.457499999999982,0.0286081056299285,2973.5,2882.0,2804.5,2868.5,23997400.0
2025-02-17,2793.5,2799.5,2738.5,2773.5,2683.185546875,25063500.0,2865.025,2870.38,2880.74,2713.895,43.30708661417323,2924.92,13.539999999999964,-2.539999999999964,0.0181718061674007,2973.5,2882.0,2804.5,2868.5,23997400.0
2025-02-18,2766.0,2829.0,2757.0,2804.0,2712.6923828125,18272300.0,2858.725,2867.24,2883.0333333333333,2714.99,40.49586776859504,2918.08,12.179999999999836,-1.0275000000001455,0.0117265018942811,2973.5,2799.5,2773.5,2793.5,25063500.0
2025-02-19,2765.0,2791.5,2744.0,2755.5,2665.771484375,19526100.0,2849.05,2862.16,2884.72,2715.8425,17.729393468118204,2910.27,10.49333333333334,0.6375000000002728,-0.0057730470864153,2973.5,2829.0,2804.0,2766.0,18272300.0
2025-02-20,2730.5,2731.0,2686.0,2710.5,2622.23681640625,22794100.0,2835.9,2855.28,2885.806666666667,2716.47,18.56677524429968,2901.56,9.0,2.224999999999909,-0.0220097420169583,2973.5,2791.5,2755.5,2765.0,19526100.0
2025-02-21,2686.0,2711.0,2678.0,2706.0,2617.883544921875,21153300.0,2822.525,2846.64,2886.833333333333,2718.84,24.516129032258064,2892.76,7.993333333333339,5.317500000000109,-0.0461755375396545,2973.5,2731.0,2710.5,2730.5,22794100.0
2025-02-22,2686.0,2711.0,2678.0,2706.0,2617.883544921875,21153300.0,2809.15,2839.3,2887.64,2719.78,24.516129032258064,2883.96,6.900000000000091,5.885000000000218,-0.0455026455026454,2963.0,2711.0,2706.0,2686.0,21153300.0
2025-02-23,2686.0,2711.0,2678.0,2706.0,2617.883544921875,21153300.0,2803.225,2830.34,2887.9933333333333,2720.8075,24.516129032258064,2875.16,4.960000000000036,5.817500000000109,-0.0871985157699443,2963.0,2711.0,2706.0,2686.0,21153300.0
2025-02-24,2686.0,2711.0,2678.0,2706.0,2617.883544921875,21153300.0,2794.875,2820.62,2888.306666666667,2722.0825,24.190064794816426,2866.36,3.5866666666670426,6.239999999999782,-0.1387651177593889,2963.0,2711.0,2706.0,2686.0,21153300.0
2025-02-25,2650.0,2718.0,2650.0,2710.5,2622.23681640625,20544600.0,2782.25,2810.1,2888.2,2723.3975,25.635593220338976,2860.35,2.393333333332976,6.9275000000002365,-0.1497804265997491,2903.5,2711.0,2706.0,2686.0,21153300.0
2025-02-26,2701.5,2729.5,2668.5,2725.0,2636.2646484375,20266800.0,2773.325,2800.16,2888.5666666666666,2724.785,33.33333333333333,2853.81,1.7333333333331211,5.944999999999709,-0.1452321204516938,2825.5,2718.0,2710.5,2650.0,20544600.0
2025-02-27,2735.5,2784.0,2732.5,2784.0,2693.343505859375,22615000.0,2771.3,2792.58,2889.72,2726.4675,41.97292069632496,2848.03,2.0799999999999272,6.6875,-0.1267252195734002,2825.5,2729.5,2725.0,2701.5,20266800.0
2025-02-28,2736.0,2745.5,2689.0,2689.0,2601.43701171875,93767000.0,2764.525,2787.16,2889.6066666666666,2727.675,32.631578947368425,2841.71,1.6133333333332305,6.867500000000291,-0.1452638270820089,2825.5,2784.0,2784.0,2735.5,22615000.0
2025-03-01,2736.0,2745.5,2689.0,2689.0,2601.43701171875,93767000.0,2757.75,2779.8,2889.5666666666666,2728.475,32.631578947368425,2836.85,1.2599999999997635,6.392499999999927,-0.1452638270820089,2825.5,2745.5,2689.0,2736.0,93767000.0
2025-03-02,2736.0,2745.5,2689.0,2689.0,2601.43701171875,93767000.0,2750.925,2768.84,2889.786666666667,2728.84,32.631578947368425,2831.99,1.5866666666670426,5.442500000000109,-0.1452638270820089,2825.5,2745.5,2689.0,2736.0,93767000.0
2025-03-03,2744.5,2802.0,2723.5,2795.0,2703.9853515625,24143500.0,2749.4,2764.5,2890.7,2729.5275,52.63803680981595,2829.25,2.133333333333212,4.742500000000291,-0.1115702479338842,2825.5,2745.5,2689.0,2736.0,93767000.0
2025-03-04,2745.0,2776.5,2725.0,2753.5,2663.836669921875,25099600.0,2747.075,2761.66,2891.093333333333,2729.5725,43.96654719235365,2825.68,1.3733333333334483,3.105000000000018,-0.1247616020343292,2825.5,2802.0,2795.0,2744.5,24143500.0
2025-03-05,2775.0,2875.0,2765.0,2849.5,2756.710693359375,36898700.0,2748.275,2762.66,2892.133333333333,2730.0975,60.08583690987125,2824.52,2.5266666666666424,2.4224999999996726,-0.0942466624284805,2849.5,2776.5,2753.5,2745.0,25099600.0
2025-03-06,2860.0,2886.0,2817.5,2822.5,2730.58984375,24713900.0,2749.175,2762.58,2892.813333333333,2730.4875,62.50000000000001,2822.95,3.246666666666897,2.012500000000273,-0.1028289891926255,2849.5,2875.0,2849.5,2775.0,36898700.0
2025-03-07,2749.5,2803.0,2749.5,2803.0,2711.724853515625,25194200.0,2749.1,2761.68,2893.233333333333,2731.2,60.47516198704104,2822.27,3.4466666666662604,2.3599999999996726,-0.0690800398538691,2849.5,2886.0,2822.5,2860.0,24713900.0
2025-03-08,2749.5,2803.0,2749.5,2803.0,2711.724853515625,25194200.0,2749.025,2760.78,2892.78,2731.78,60.47516198704104,2822.57,2.080000000000382,2.2525000000000546,-0.0815858453473132,2849.5,2803.0,2803.0,2749.5,25194200.0
2025-03-09,2749.5,2803.0,2749.5,2803.0,2711.724853515625,25194200.0,2750.5,2760.9,2892.353333333333,2732.3325,60.47516198704104,2822.87,1.2600000000002185,2.7599999999997635,-0.0878620240807028,2849.5,2803.0,2803.0,2749.5,25194200.0
2025-03-10,2813.0,2842.0,2793.5,2829.0,2736.878173828125,17383800.0,2751.75,2761.04,2890.5466666666666,2733.1525,62.57668711656442,2823.69,-1.5866666666665878,3.055000000000291,-0.0585690515806988,2849.5,2803.0,2803.0,2749.5,25194200.0
2025-03-11,2770.5,2779.5,2713.0,2754.5,2664.80419921875,32542100.0,2751.7,2759.04,2885.38,2733.515,53.935599284436485,2821.38,-7.433333333333394,3.0274999999996908,-0.0605388813096862,2849.5,2842.0,2829.0,2813.0,17383800.0
2025-03-12,2750.0,2766.0,2730.0,2761.5,2671.576416015625,23961100.0,2754.25,2757.32,2879.693333333333,2733.9125,53.30915684496827,2819.1,-13.539999999999964,2.712500000000091,-0.0581514324693042,2849.5,2779.5,2754.5,2770.5,32542100.0
2025-03-13,2760.0,2764.0,2719.0,2719.0,2630.460205078125,26657300.0,2754.9,2753.9,2873.44,2734.0975,43.92523364485981,2815.17,-19.340000000000146,2.3174999999996544,-0.0726466575716234,2849.5,2766.0,2761.5,2750.0,23961100.0
2025-03-14,2722.5,2783.5,2722.5,2746.5,2657.064697265625,32732200.0,2756.925,2752.82,2867.5533333333333,2734.8425,56.14973262032085,2811.6,-24.800000000000185,2.5100000000002183,-0.0632673942701227,2849.5,2764.0,2719.0,2760.0,26657300.0
2025-03-15,2722.5,2783.5,2722.5,2746.5,2657.064697265625,32732200.0,2758.95,2750.52,2862.2266666666665,2735.355,56.14973262032085,2808.88,-28.320000000000164,2.2024999999998727,-0.0553740326741186,2849.5,2783.5,2746.5,2722.5,32732200.0
2025-03-16,2722.5,2783.5,2722.5,2746.5,2657.064697265625,32732200.0,2760.975,2750.16,2856.9,2735.355,56.14973262032085,2806.16,-28.48000000000001,1.8400000000001453,-0.0532574974146845,2849.5,2783.5,2746.5,2722.5,32732200.0
2025-03-17,2750.0,2792.0,2750.0,2760.5,2670.60888671875,20673100.0,2763.475,2752.16,2851.76,2735.555,45.406125166444745,2803.72,-27.93333333333294,1.6424999999999272,-0.0269651039830807,2849.5,2783.5,2746.5,2722.5,32732200.0
2025-03-18,2799.0,2857.0,2798.0,2839.0,2746.552490234375,29267300.0,2769.175,2757.48,2847.6666666666665,2735.9525,60.36363636363637,2802.06,-25.77333333333354,1.8550000000000184,0.0182926829268292,2849.5,2792.0,2760.5,2750.0,20673100.0
2025-03-19,2864.0,2927.0,2864.0,2892.0,2797.826904296875,25594700.0,2774.575,2764.92,2844.28,2736.615,55.7510148849797,2802.11,-23.273333333333085,1.7724999999995816,0.0373027259684362,2892.0,2857.0,2839.0,2799.0,29267300.0
2025-03-20,2864.0,2927.0,2864.0,2892.0,2797.826904296875,25594700.0,2784.725,2772.36,2840.893333333333,2737.2775,60.14598540145985,2801.35,-21.33333333333303,1.922500000000128,0.0373027259684362,2892.0,2927.0,2892.0,2864.0,25594700.0
2025-03-21,2851.0,2890.0,2838.0,2844.5,2751.87353515625,29746000.0,2792.5,2777.9,2836.873333333333,2737.595,55.60053981106612,2799.26,-20.02666666666664,2.2399999999997817,-0.0088850174216027,2892.0,2927.0,2892.0,2864.0,25594700.0
2025-03-22,2851.0,2890.0,2838.0,2844.5,2751.87353515625,29746000.0,2800.275,2783.26,2834.653333333333,2737.9575,55.60053981106612,2796.68,-17.106666666667024,2.402500000000145,-0.0107807337854286,2892.0,2890.0,2844.5,2851.0,29746000.0
2025-03-23,2851.0,2890.0,2838.0,2844.5,2751.87353515625,29746000.0,2802.75,2788.04,2831.8866666666668,2738.81,55.60053981106612,2794.1,-15.779999999999744,2.8575000000000728,-0.0243525981821299,2892.0,2890.0,2844.5,2851.0,29746000.0
2025-03-24,2874.0,2889.5,2849.5,2863.0,2769.771240234375,17186800.0,2808.225,2791.2,2829.0866666666666,2740.045,54.6831955922865,2791.89,-15.193333333333612,3.430000000000291,-0.0211965811965811,2892.0,2890.0,2844.5,2851.0,29746000.0
2025-03-25,2916.0,2961.0,2870.5,2882.5,2788.635986328125,24978200.0,2809.875,2798.94,2827.4533333333334,2741.545,70.77922077922078,2793.05,-13.440000000000056,4.267499999999927,0.0,2892.0,2889.5,2863.0,2874.0,17186800.0
2025-03-26,2898.5,2899.5,2845.5,2887.5,2793.473388671875,25294300.0,2813.125,2806.88,2826.86,2743.07,70.58823529411765,2793.34,-10.01333333333332,5.475000000000364,0.0017346053772766,2892.0,2961.0,2882.5,2916.0,24978200.0
2025-03-27,2780.0,2828.5,2771.0,2828.5,2736.39453125,43353000.0,2814.4,2812.46,2825.48,2744.3,66.97674418604652,2790.65,-9.173333333333176,6.3425000000002,-0.018733738074588,2892.0,2899.5,2887.5,2898.5,25294300.0
2025-03-28,2725.0,2728.0,2687.0,2700.5,2659.576416015625,44617200.0,2809.275,2808.68,2822.393333333333,2745.3025,44.56264775413712,2786.59,-9.49333333333334,6.492499999999836,-0.07580424366872,2892.0,2828.5,2828.5,2780.0,43353000.0
2025-03-29,2725.0,2728.0,2687.0,2700.5,2659.576416015625,44617200.0,2804.15,2806.56,2819.306666666667,2746.3075,44.56264775413712,2784.11,-9.779999999999744,6.262499999999818,-0.0654092403530022,2892.0,2728.0,2700.5,2725.0,44617200.0
2025-03-30,2725.0,2728.0,2687.0,2700.5,2659.576416015625,44617200.0,2797.725,2800.6,2816.5466666666666,2747.7,44.56264775413712,2781.63,-10.906666666666752,6.154999999999745,-0.0783276450511945,2892.0,2728.0,2700.5,2725.0,44617200.0
2025-03-31,2630.5,2647.0,2583.5,2616.0,2576.35693359375,43466800.0,2790.8,2792.34,2812.7466666666664,2748.215,35.3596757852077,2777.46,-14.113333333333683,5.144999999999982,-0.1129196337741607,2892.0,2728.0,2700.5,2725.0,44617200.0
2025-04-01,2649.0,2656.5,2616.5,2630.5,2590.63720703125,26218100.0,2784.25,2785.44,2809.9933333333333,2749.0925,25.727590221187427,2773.56,-15.48666666666668,4.792500000000018,-0.1153522784597276,2892.0,2647.0,2616.0,2630.5,43466800.0
2025-04-02,2630.5,2661.0,2594.5,2656.0,2615.750732421875,27800600.0,2781.1,2779.56,2808.233333333333,2750.0975,20.64676616915424,2770.17,-14.16000000000031,4.795000000000073,-0.1067765259794855,2892.0,2656.5,2630.5,2649.0,26218100.0
2025-04-03,2500.5,2582.5,2456.5,2518.5,2480.33447265625,63506800.0,2769.7,2768.18,2804.64,2750.415,15.384615384615389,2764.54,-14.66666666666697,4.107500000000073,-0.1530183285690264,2892.0,2661.0,2656.0,2630.5,27800600.0
2025-04-04,2440.0,2453.0,2337.5,2407.5,2371.0166015625,61167400.0,2752.75,2751.32,2799.5666666666666,2750.1775,13.764510779436137,2756.18,-16.980000000000018,2.477499999999964,-0.1476367498672331,2892.0,2582.5,2518.5,2500.5,63506800.0
2025-04-05,2440.0,2453.0,2337.5,2407.5,2371.0166015625,61167400.0,2735.8,2737.44,2793.4,2750.185,13.764510779436137,2748.24,-19.34666666666635,1.9699999999998,-0.1620257570483815,2892.0,2453.0,2407.5,2440.0,61167400.0
2025-04-06,2440.0,2453.0,2337.5,2407.5,2371.0166015625,61167400.0,2718.15,2723.28,2787.16,2749.7975,13.764510779436137,2740.3,-22.833333333333485,0.7049999999999272,-0.1874789065136686,2892.0,2453.0,2407.5,2440.0,61167400.0
2025-04-07,2250.0,2355.0,2226.5,2266.5,2232.1533203125,72609600.0,2689.525,2705.18,2778.5066666666667,2748.0775,8.890420399724334,2729.54,-29.72666666666646,-2.019999999999982,-0.2193903909075254,2892.0,2453.0,2407.5,2440.0,61167400.0
2025-04-08,2357.5,2466.0,2351.0,2428.5,2391.6982421875,52545600.0,2666.35,2692.46,2771.8866666666668,2747.05,23.847926267281096,2722.64,-32.7533333333331,-3.3649999999997817,-0.1402018056293149,2892.0,2355.0,2266.5,2250.0,72609600.0
2025-04-09,2378.5,2419.0,2330.0,2365.5,2329.653076171875,45721300.0,2640.025,2677.22,2764.9933333333333,2745.7075,21.81425485961124,2713.87,-34.57333333333327,-4.4699999999998,-0.1625066383430695,2887.5,2466.0,2428.5,2357.5,52545600.0
2025-04-10,2615.5,2621.0,2508.5,2543.0,2504.463134765625,45889700.0,2624.95,2669.08,2760.4666666666667,2745.2525,36.3331737673528,2709.62,-32.933333333333394,-4.932499999999891,-0.0996636572844751,2887.5,2419.0,2365.5,2378.5,45721300.0
2025-04-11,2400.0,2441.0,2350.5,2420.0,2383.3271484375,46954000.0,2603.725,2655.46,2754.3,2744.1825,36.507936507936506,2703.81,-32.85999999999967,-5.6150000000002365,-0.1435144222261546,2887.5,2621.0,2543.0,2615.5,45889700.0
2025-04-12,2400.0,2441.0,2350.5,2420.0,2383.3271484375,46954000.0,2582.5,2638.7,2747.6066666666666,2743.1975,36.507936507936506,2698.09,-30.90000000000009,-4.879999999999654,-0.1435144222261546,2887.5,2441.0,2420.0,2400.0,46954000.0
2025-04-13,2400.0,2441.0,2350.5,2420.0,2383.3271484375,46954000.0,2560.35,2619.82,2741.346666666667,2742.08,36.507936507936506,2692.37,-30.539999999999964,-4.970000000000255,-0.1357142857142856,2887.5,2441.0,2420.0,2400.0,46954000.0
2025-04-14,2444.5,2482.0,2409.0,2410.0,2373.478759765625,26268100.0,2536.725,2600.54,2734.4133333333334,2740.4975,39.32642487046632,2686.45,-30.579999999999927,-5.210000000000036,-0.1470536188285259,2887.5,2441.0,2420.0,2400.0,46954000.0
2025-04-15,2526.0,2546.0,2499.0,2499.0,2461.1298828125,29890700.0,2517.3,2586.72,2728.4133333333334,2739.235,43.67484367484368,2682.31,-32.053333333333285,-6.017499999999927,-0.1089320734533785,2828.5,2482.0,2410.0,2444.5,26268100.0
2025-04-16,2497.0,2520.0,2461.0,2499.0,2461.1298828125,24370600.0,2500.825,2572.9,2722.0866666666666,2737.9725,42.25838264299802,2678.08,-32.213333333333594,-6.210000000000036,-0.1089320734533785,2700.5,2546.0,2499.0,2526.0,29890700.0
2025-04-17,2498.5,2520.5,2475.0,2498.5,2460.637451171875,23310300.0,2490.725,2559.06,2715.7533333333336,2736.7075,48.859749144811865,2673.55,-31.85333333333301,-6.4900000000002365,-0.1091103583526474,2700.5,2520.0,2499.0,2497.0,24370600.0
2025-04-18,2506.0,2544.0,2496.5,2544.0,2505.447998046875,16944800.0,2482.9,2546.3,2710.026666666666,2736.715,58.41035120147875,2668.75,-31.320000000000164,-5.364999999999782,-0.0827474310438074,2700.5,2520.5,2498.5,2498.5,23310300.0
2025-04-19,2506.0,2544.0,2496.5,2544.0,2505.447998046875,16944800.0,2475.075,2532.76,2706.286666666667,2736.455,58.41035120147875,2665.85,-28.12666666666655,-4.042500000000018,-0.0927246790299571,2656.0,2544.0,2544.0,2506.0,16944800.0
2025-04-20,2506.0,2544.0,2496.5,2544.0,2505.447998046875,16944800.0,2471.475,2519.02,2701.9,2736.3275,58.41035120147875,2662.95,-26.51333333333332,-2.9075000000002547,-0.0767555797495916,2656.0,2544.0,2544.0,2506.0,16944800.0
2025-04-21,2530.5,2538.5,2459.0,2470.5,2433.061767578125,22040800.0,2463.475,2504.7,2695.333333333333,2735.6725,63.70967741935484,2658.58,-26.753333333333103,-2.299999999999727,-0.0885445489762036,2656.0,2544.0,2544.0,2506.0,16944800.0
2025-04-22,2458.5,2485.0,2440.0,2459.0,2421.736083984375,19734000.0,2453.625,2495.04,2689.4066666666668,2735.0375,52.56950294860994,2651.86,-26.34666666666681,-1.6700000000000728,-0.0912786400591278,2544.0,2538.5,2470.5,2530.5,22040800.0
2025-04-23,2561.0,2590.0,2535.0,2582.0,2542.872314453125,34123500.0,2456.8,2490.3,2686.173333333333,2735.0175,66.56465187452181,2648.43,-23.853333333333467,-1.6975000000002185,-0.0458240946045823,2582.0,2485.0,2459.0,2458.5,19734000.0
2025-04-24,2627.0,2718.0,2619.0,2657.5,2617.22802734375,41886200.0,2469.3,2488.58,2683.9466666666667,2735.375,60.38077969174977,2644.59,-22.340000000000146,-1.0799999999999272,-0.0179231337767923,2657.5,2590.0,2582.0,2561.0,34123500.0
2025-04-25,2699.5,2712.0,2671.5,2690.0,2649.235595703125,29523200.0,2483.425,2491.54,2682.153333333333,2735.5975,79.28416485900217,2641.94,-19.746666666666897,-0.7300000000000182,-0.0059127864005912,2690.0,2718.0,2657.5,2627.0,41886200.0
2025-04-26,2699.5,2712.0,2671.5,2690.0,2649.235595703125,29523200.0,2497.55,2493.92,2680.346666666667,2736.2075,79.28416485900217,2639.68,-14.98666666666668,0.5349999999998545,-0.0075631802250507,2690.0,2712.0,2690.0,2699.5,29523200.0
2025-04-27,2699.5,2712.0,2671.5,2690.0,2649.235595703125,29523200.0,2518.725,2495.28,2678.54,2736.84,79.28416485900217,2637.42,-10.866666666666788,1.8025000000002365,-0.0128440366972476,2690.0,2712.0,2690.0,2699.5,29523200.0
2025-04-28,2724.5,2841.0,2719.0,2786.5,2744.273193359375,54204400.0,2536.625,2506.0,2678.36,2737.8675,84.38356164383562,2637.09,-7.813333333333048,2.849999999999909,0.0008979885057471,2786.5,2712.0,2690.0,2699.5,29523200.0
2025-04-29,2724.5,2841.0,2719.0,2786.5,2744.273193359375,54204400.0,2557.675,2521.16,2677.84,2738.99,81.35223555070883,2636.24,-6.10666666666657,3.6149999999997817,0.0362588322796577,2786.5,2841.0,2786.5,2724.5,54204400.0
2025-04-30,2795.5,2801.0,2729.0,2729.0,2687.64453125,41601700.0,2566.975,2534.02,2676.833333333333,2739.825,72.28682170542635,2635.73,-5.319999999999709,4.227499999999964,0.0148754183711417,2786.5,2841.0,2786.5,2724.5,54204400.0
2025-05-01,2727.0,2752.5,2708.5,2751.0,2709.311279296875,19049400.0,2583.525,2547.76,2676.12,2740.77,73.48837209302326,2635.52,-4.226666666666915,4.5625,0.0230568984752697,2786.5,2801.0,2729.0,2795.5,41601700.0
2025-05-02,2798.0,2822.0,2773.0,2780.0,2737.87158203125,36047900.0,2601.525,2568.3,2675.793333333333,2741.86,72.64875239923225,2636.74,-2.7466666666664423,5.019999999999982,-0.0053667262969588,2786.5,2752.5,2751.0,2727.0,19049400.0
2025-05-03,2798.0,2822.0,2773.0,2780.0,2737.87158203125,36047900.0,2619.525,2582.36,2675.88,2742.985,72.64875239923225,2637.41,-2.480000000000018,5.117500000000291,0.0096241147630289,2786.5,2822.0,2780.0,2798.0,36047900.0
2025-05-04,2798.0,2822.0,2773.0,2780.0,2737.87158203125,36047900.0,2638.025,2598.94,2675.56,2744.2575,72.64875239923225,2638.08,-2.2800000000002,5.267500000000382,-0.024390243902439,2786.5,2822.0,2780.0,2798.0,36047900.0
2025-05-05,2798.0,2822.0,2773.0,2780.0,2737.87158203125,36047900.0,2652.075,2608.42,2675.8866666666668,2745.405,84.58100558659218,2638.75,-0.9466666666667152,5.580000000000382,-0.0150575730735164,2786.5,2822.0,2780.0,2798.0,36047900.0
2025-05-06,2798.0,2822.0,2773.0,2780.0,2737.87158203125,36047900.0,2666.125,2622.82,2676.813333333333,2746.5425,86.8119266055046,2639.14,0.6933333333336122,5.772500000000036,-0.0082054941134498,2786.5,2822.0,2780.0,2798.0,36047900.0
2025-05-07,2760.5,2761.0,2702.0,2706.0,2664.9931640625,29981600.0,2676.5,2634.26,2676.813333333333,2747.31,66.02067183462532,2636.48,1.0199999999999818,5.449999999999818,-0.0346057795219407,2786.5,2822.0,2780.0,2798.0,36047900.0
2025-05-08,2706.0,2740.0,2632.5,2671.5,2631.015869140625,47881900.0,2682.875,2644.32,2676.353333333333,2747.905,52.02312138728324,2632.07,0.4733333333333576,4.920000000000073,-0.0469140206921155,2786.5,2761.0,2706.0,2760.5,29981600.0
2025-05-09,2750.0,2756.5,2685.5,2719.5,2678.28857421875,37497400.0,2691.65,2656.7,2676.5333333333333,2748.795,54.08022130013831,2628.62,0.9733333333333576,4.537499999999909,-0.0387062566277837,2786.5,2740.0,2671.5,2706.0,47881900.0
2025-05-10,2750.0,2756.5,2685.5,2719.5,2678.28857421875,37497400.0,2700.425,2665.52,2676.713333333333,2749.6675,54.08022130013831,2626.12,0.8266666666663696,4.262499999999818,-0.0127064803049555,2786.5,2756.5,2719.5,2750.0,37497400.0
2025-05-11,2750.0,2756.5,2685.5,2719.5,2678.28857421875,37497400.0,2712.875,2674.34,2676.833333333333,2750.1625,54.08022130013831,2623.62,0.0199999999999818,3.619999999999891,-0.0152091254752851,2786.5,2756.5,2719.5,2750.0,37497400.0
2025-05-12,2726.0,2758.0,2718.5,2753.5,2711.773193359375,20208500.0,2727.6,2684.54,2677.213333333333,2750.9175,44.481605351170565,2621.8,0.3999999999996362,3.6075000000000728,0.0126884884148583,2786.5,2756.5,2719.5,2750.0,37497400.0
2025-05-13,2853.5,2879.5,2846.0,2850.0,2806.81103515625,35248400.0,2741.0,2696.78,2678.093333333333,2752.1675,58.02781289506953,2621.54,1.7399999999997815,4.262499999999818,0.0376843255051884,2850.0,2758.0,2753.5,2726.0,20208500.0
2025-05-14,2830.0,2832.5,2731.0,2749.5,2707.833984375,24974000.0,2745.6,2705.0,2678.9,2752.915,52.337514253135694,2618.88,2.366666666666788,4.119999999999891,0.0010922992900055,2850.0,2879.5,2850.0,2853.5,35248400.0
2025-05-15,2709.0,2718.0,2647.0,2657.0,2616.735595703125,31659600.0,2743.95,2709.52,2678.4733333333334,2753.2,40.76620825147348,2614.27,1.7600000000002185,3.5324999999998,-0.0325869288184962,2850.0,2832.5,2749.5,2830.0,24974000.0
2025-05-16,2642.0,2652.0,2598.0,2642.5,2602.455322265625,23825700.0,2741.575,2716.4,2677.853333333333,2752.8775,36.09706774519717,2610.55,1.0199999999999818,2.715000000000145,-0.0427458793696794,2850.0,2718.0,2657.0,2709.0,31659600.0
2025-05-17,2642.0,2652.0,2598.0,2642.5,2602.455322265625,23825700.0,2739.2,2723.74,2675.82,2752.5925,36.09706774519717,2609.39,-1.3933333333329756,1.675000000000182,-0.0692145121521662,2850.0,2652.0,2642.5,2642.0,23825700.0
2025-05-18,2642.0,2652.0,2598.0,2642.5,2602.455322265625,23825700.0,2732.0,2726.16,2674.34,2752.2475,36.09706774519717,2608.23,-3.753333333333103,0.0799999999999272,-0.0862724757952974,2850.0,2652.0,2642.5,2642.0,23825700.0
2025-05-19,2642.5,2695.0,2621.5,2665.0,2624.614501953125,19721400.0,2725.925,2726.46,2671.88,2752.16,38.878143133462274,2607.52,-7.019999999999982,-0.7550000000001091,-0.0784923928077455,2850.0,2652.0,2642.5,2642.0,23825700.0
2025-05-20,2724.5,2727.5,2649.5,2672.5,2632.000732421875,25009100.0,2723.1,2725.76,2669.88,2752.445,39.75214489990467,2608.65,-8.593333333333248,-0.7549999999996544,-0.0604675689927931,2850.0,2695.0,2665.0,2642.5,19721400.0
2025-05-21,2700.0,2700.0,2662.0,2662.5,2622.15234375,20330200.0,2718.675,2724.66,2668.0066666666667,2752.68,45.27687296416938,2609.29,-9.846666666666806,-0.1975000000002182,-0.0639831253295833,2850.0,2727.5,2672.5,2724.5,25009100.0
2025-05-22,2633.0,2634.5,2612.0,2620.0,2580.29638671875,19413100.0,2710.675,2721.86,2665.5666666666666,2752.7025,44.50373532550693,2608.57,-10.253333333333558,0.1099999999996725,-0.0789242397609422,2850.0,2700.0,2662.5,2700.0,20330200.0
2025-05-23,2647.0,2649.5,2620.5,2623.5,2583.743408203125,15124400.0,2702.85,2715.34,2663.173333333333,2752.7425,38.67924528301887,2610.67,-11.16666666666697,0.4949999999998908,-0.083653510303877,2850.0,2634.5,2620.0,2633.0,19413100.0
2025-05-24,2647.0,2649.5,2620.5,2623.5,2583.743408203125,15124400.0,2695.025,2708.82,2660.4333333333334,2752.665,38.67924528301887,2614.99,-11.446666666666715,0.5050000000001091,-0.0898525585429315,2850.0,2649.5,2623.5,2647.0,15124400.0
2025-05-25,2647.0,2649.5,2620.5,2623.5,2583.743408203125,15124400.0,2687.2,2704.6,2658.6866666666665,2752.36,38.67924528301887,2619.31,-11.193333333333612,-0.0850000000000363,-0.0914285714285714,2850.0,2649.5,2623.5,2647.0,15124400.0
2025-05-26,2624.0,2633.0,2607.5,2621.5,2581.773681640625,14531700.0,2679.275,2699.42,2656.82,2751.6575,33.163265306122454,2623.59,-11.186666666666495,-1.0225000000000364,-0.0731836662541983,2850.0,2649.5,2623.5,2647.0,15124400.0
2025-05-27,2609.0,2649.5,2604.0,2640.0,2599.9931640625,14424300.0,2675.975,2693.82,2655.766666666667,2751.545,16.56050955414014,2631.06,-9.799999999999727,-1.1574999999998,-0.0224032586558045,2850.0,2633.0,2621.5,2624.0,14531700.0
2025-05-28,2680.0,2680.5,2631.5,2631.5,2591.6220703125,19119300.0,2673.975,2687.88,2654.233333333333,2751.39,23.42342342342343,2635.12,-8.940000000000055,-1.3524999999999636,-0.0255508239214959,2850.0,2649.5,2640.0,2609.0,14424300.0
2025-05-29,2707.0,2742.0,2697.0,2734.5,2693.061279296875,30752500.0,2674.725,2686.06,2654.0733333333333,2751.75,66.66666666666666,2642.5,-6.360000000000127,-0.9149999999999636,0.0125902610627661,2850.0,2680.5,2631.5,2680.0,19119300.0
2025-05-30,2668.5,2769.0,2662.0,2769.0,2727.038330078125,57613100.0,2677.2,2685.62,2654.373333333333,2752.3275,75.04950495049505,2647.02,-4.313333333333048,-0.0325000000002546,0.0584862385321101,2850.0,2742.0,2734.5,2707.0,30752500.0
2025-05-31,2668.5,2769.0,2662.0,2769.0,2727.038330078125,57613100.0,2679.675,2685.18,2654.4866666666667,2752.5875,75.04950495049505,2654.0,-2.333333333333485,0.930000000000291,0.0526515871507318,2850.0,2769.0,2769.0,2668.5,57613100.0
2025-06-01,2668.5,2769.0,2662.0,2769.0,2727.038330078125,57613100.0,2680.45,2687.7,2653.5533333333333,2753.1225,75.04950495049505,2660.98,-2.213333333333594,1.577499999999873,0.0425451807228915,2850.0,2769.0,2769.0,2668.5,57613100.0
2025-06-02,2737.5,2742.5,2686.5,2691.0,2650.220458984375,23342800.0,2672.5,2688.48,2650.873333333333,2753.2475,54.22077922077922,2666.4,-3.3599999999996726,1.8575000000000728,0.0684931506849315,2769.0,2769.0,2769.0,2668.5,57613100.0
2025-06-03,2681.5,2684.0,2655.0,2675.0,2634.462890625,17203100.0,2668.775,2686.7,2647.98,2753.1025,50.39494470774092,2671.7,-6.093333333333248,1.3524999999999636,0.1111111111111111,2769.0,2742.5,2691.0,2737.5,23342800.0
2025-06-04,2730.0,2735.0,2700.0,2724.5,2683.212646484375,25102600.0,2672.15,2686.9,2646.38,2753.205,58.70786516853933,2676.21,-7.993333333333339,0.8775000000000546,0.1316718587746626,2769.0,2684.0,2675.0,2681.5,17203100.0
2025-06-05,2685.0,2694.5,2640.0,2650.5,2610.334228515625,24997400.0,2672.55,2684.14,2643.793333333333,2752.9375,53.93548387096775,2679.24,-10.693333333333156,0.349999999999909,0.1009345794392524,2769.0,2735.0,2724.5,2730.0,25102600.0
2025-06-06,2630.5,2664.0,2630.0,2652.0,2611.8115234375,18571200.0,2673.025,2680.08,2641.2266666666665,2752.8175,53.69649805447472,2682.31,-12.326666666666824,-0.3049999999998363,0.1700860357379219,2769.0,2694.5,2650.5,2685.0,24997400.0
2025-06-07,2630.5,2664.0,2630.0,2652.0,2611.8115234375,18571200.0,2673.5,2672.16,2638.4133333333334,2752.425,53.69649805447472,2684.47,-12.460000000000036,-0.8224999999997635,0.0920321185917232,2769.0,2664.0,2652.0,2630.5,18571200.0
2025-06-08,2630.5,2664.0,2630.0,2652.0,2611.8115234375,18571200.0,2672.85,2668.26,2635.34,2752.1925,53.69649805447472,2686.63,-12.639999999999873,-0.9099999999998544,0.1211160431198479,2769.0,2664.0,2652.0,2630.5,18571200.0
2025-06-09,2670.0,2672.0,2637.0,2640.0,2599.9931640625,13584200.0,2671.225,2667.58,2632.04,2752.02,52.33881163084703,2688.55,-14.340000000000146,-1.1849999999999454,0.0381439244986236,2769.0,2664.0,2652.0,2630.5,18571200.0
2025-06-10,2653.0,2663.5,2640.0,2657.5,2617.22802734375,19556800.0,2670.975,2668.18,2629.76,2751.985,52.21799746514575,2692.29,-14.033333333333305,-0.9524999999998728,0.0981404958677685,2769.0,2672.0,2640.0,2670.0,13584200.0
2025-06-11,2670.0,2678.0,2652.0,2656.0,2615.750732421875,16367500.0,2672.775,2668.72,2629.1666666666665,2751.9425,53.16129032258064,2696.23,-12.059999999999944,-0.875,0.0975206611570247,2769.0,2663.5,2657.5,2653.0,19556800.0
2025-06-12,2645.0,2648.0,2608.0,2616.5,2576.849365234375,22784400.0,2672.425,2667.68,2628.0466666666666,2751.7025,31.79012345679012,2696.92,-10.366666666666788,-0.7225000000003092,0.081198347107438,2769.0,2678.0,2656.0,2670.0,16367500.0
2025-06-13,2586.0,2589.0,2539.0,2555.0,2516.28125,36054800.0,2669.0,2663.28,2626.1066666666666,2751.005,19.515669515669515,2694.87,-9.233333333333576,-1.1875,0.0601659751037344,2769.0,2648.0,2616.5,2645.0,22784400.0
2025-06-14,2586.0,2589.0,2539.0,2555.0,2516.28125,36054800.0,2665.575,2658.58,2625.293333333333,2750.4425,19.515669515669515,2692.17,-6.746666666666442,-1.577499999999873,0.022408963585434,2769.0,2589.0,2555.0,2586.0,36054800.0
2025-06-15,2586.0,2589.0,2539.0,2555.0,2516.28125,36054800.0,2662.25,2654.28,2624.286666666667,2750.3625,19.515669515669515,2689.47,-5.473333333333358,-1.6224999999999454,0.022408963585434,2769.0,2589.0,2555.0,2586.0,36054800.0
2025-06-16,2580.5,2586.0,2554.0,2554.5,2515.7890625,19281900.0,2657.975,2651.66,2622.9333333333334,2750.1,25.045703839122496,2686.76,-6.233333333333121,-1.8425000000002,0.0224134480688413,2769.0,2589.0,2555.0,2586.0,36054800.0
2025-06-17,2535.0,2551.0,2530.5,2538.0,2499.5390625,18263000.0,2653.3,2648.24,2623.193333333333,2750.0325,25.00000000000001,2681.79,-4.853333333333467,-1.6700000000000728,-0.0023584905660377,2769.0,2586.0,2554.5,2580.5,19281900.0
2025-06-18,2525.0,2575.0,2520.5,2569.0,2530.069091796875,18221700.0,2645.025,2646.06,2625.346666666667,2750.12,19.569471624266143,2677.44,-0.7599999999997635,-0.8850000000002183,0.0098270440251573,2769.0,2551.0,2538.0,2535.0,18263000.0
2025-06-19,2556.0,2564.5,2522.0,2525.5,2487.228515625,16444700.0,2632.85,2642.14,2626.92,2749.99,22.22222222222223,2673.37,1.6266666666665517,-0.4525000000003274,-0.0072720125786163,2769.0,2575.0,2569.0,2525.0,18221700.0
2025-06-20,2511.0,2541.5,2502.5,2502.5,2464.576904296875,80814500.0,2619.525,2637.38,2628.1866666666665,2749.4475,19.675456389452336,2668.4,3.899999999999636,-0.9149999999999636,0.0129528435539365,2769.0,2564.5,2525.5,2556.0,16444700.0
2025-06-21,2511.0,2541.5,2502.5,2502.5,2464.576904296875,80814500.0,2606.2,2631.88,2631.333333333333,2748.7,19.675456389452336,2662.85,8.400000000000091,-1.400000000000091,0.0176901179341195,2724.5,2541.5,2502.5,2511.0,80814500.0
2025-06-22,2511.0,2541.5,2502.5,2502.5,2464.576904296875,80814500.0,2596.775,2626.72,2632.32,2748.0575,19.675456389452336,2657.3,9.126666666667006,-1.974999999999909,-0.0307900852052672,2724.5,2541.5,2502.5,2511.0,80814500.0
2025-06-23,2500.0,2500.5,2464.0,2493.5,2455.71337890625,18469900.0,2587.7,2617.08,2634.026666666666,2747.365,19.917864476386043,2651.57,8.679999999999836,-2.755000000000109,-0.0617121354656632,2724.5,2541.5,2502.5,2511.0,80814500.0
2025-06-24,2528.5,2535.5,2475.0,2490.0,2452.266357421875,20203700.0,2575.975,2605.92,2633.32,2746.67,13.507625272331154,2645.77,6.400000000000091,-3.319999999999709,-0.0743494423791821,2657.5,2500.5,2493.5,2500.0,18469900.0
2025-06-25,2504.0,2506.0,2445.0,2460.5,2423.21337890625,22587200.0,2566.475,2593.58,2633.86,2745.8275,12.038834951456309,2639.38,5.67333333333363,-3.6200000000003456,-0.0853159851301115,2657.5,2535.5,2490.0,2528.5,20203700.0
2025-06-26,2441.0,2462.0,2434.0,2456.5,2419.27392578125,27545800.0,2556.7,2581.08,2634.346666666667,2744.965,13.963963963963964,2634.39,3.013333333333321,-3.7349999999996726,-0.0868029739776952,2657.5,2506.0,2460.5,2504.0,22587200.0
2025-06-27,2499.0,2551.5,2486.5,2527.0,2488.70556640625,33017800.0,2550.45,2574.52,2635.773333333333,2744.3725,43.93939393939394,2631.5,3.453333333333376,-3.6849999999999454,-0.0931275794006818,2657.5,2462.0,2456.5,2441.0,27545800.0
2025-06-28,2499.0,2551.5,2486.5,2527.0,2488.70556640625,33017800.0,2544.2,2568.6,2637.333333333333,2743.61,43.93939393939394,2627.65,3.3066666666668425,-3.7549999999996544,-0.0931275794006818,2657.5,2551.5,2527.0,2499.0,33017800.0
2025-06-29,2499.0,2551.5,2486.5,2527.0,2488.70556640625,33017800.0,2538.55,2560.7,2637.7066666666665,2742.8325,43.93939393939394,2623.8,4.386666666666315,-3.837500000000091,-0.074019787467937,2657.5,2551.5,2527.0,2499.0,33017800.0
2025-06-30,2535.0,2538.0,2490.0,2493.0,2455.220947265625,29284500.0,2530.325,2554.4,2637.6266666666666,2741.705,38.37429111531192,2619.27,3.766666666666424,-4.122499999999945,-0.0937840785169029,2656.0,2551.5,2527.0,2499.0,33017800.0
2025-07-01,2490.0,2493.0,2447.5,2453.0,2415.8271484375,24298200.0,2520.175,2546.44,2637.02,2740.4825,35.24305555555556,2613.26,2.673333333333176,-4.482500000000073,-0.1176258992805755,2616.5,2538.0,2493.0,2535.0,29284500.0
2025-07-02,2450.0,2480.5,2443.0,2465.5,2428.1376953125,24281200.0,2512.625,2538.98,2635.9733333333334,2739.3225,30.79777365491651,2605.57,0.1999999999998181,-5.049999999999727,-0.1131294964028777,2569.0,2493.0,2453.0,2490.0,24298200.0
2025-07-03,2465.5,2540.0,2448.5,2511.5,2473.440673828125,34098600.0,2510.45,2533.36,2635.54,2738.3925,47.4264705882353,2600.81,-1.7933333333335213,-5.2175000000002,-0.0965827338129496,2569.0,2480.5,2465.5,2450.0,24281200.0
2025-07-04,2524.0,2529.5,2479.0,2484.5,2446.849609375,19876900.0,2506.925,2527.14,2634.7466666666664,2737.355,46.7391304347826,2597.36,-2.9600000000000364,-5.477499999999964,-0.106294964028777,2569.0,2540.0,2511.5,2465.5,34098600.0
2025-07-05,2524.0,2529.5,2479.0,2484.5,2446.849609375,19876900.0,2503.4,2520.22,2634.9333333333334,2736.415,46.7391304347826,2594.2,-2.693333333333157,-5.289999999999964,-0.106294964028777,2569.0,2529.5,2484.5,2524.0,19876900.0
2025-07-06,2524.0,2529.5,2479.0,2484.5,2446.849609375,19876900.0,2499.9,2513.36,2635.273333333333,2735.205,46.7391304347826,2591.04,-1.7466666666664423,-5.2775000000001455,-0.0818551367331855,2569.0,2529.5,2484.5,2524.0,19876900.0
2025-07-07,2500.0,2502.0,2442.0,2453.5,2416.319580078125,20788700.0,2495.675,2506.84,2633.56,2733.8525,43.28859060402685,2587.26,-2.413333333333412,-5.470000000000255,-0.0816020962006363,2569.0,2529.5,2484.5,2524.0,19876900.0
2025-07-08,2456.0,2486.0,2451.5,2465.0,2427.645263671875,32336400.0,2490.475,2503.24,2630.9933333333333,2732.32,45.915032679738566,2583.26,-4.546666666666624,-6.072499999999764,-0.093583379297665,2527.0,2502.0,2453.5,2500.0,20788700.0
2025-07-09,2499.0,2533.5,2478.5,2487.5,2449.80419921875,31320400.0,2488.575,2500.54,2628.293333333333,2730.9,54.51505016722408,2579.56,-6.453333333332921,-6.454999999999927,-0.0853097995955138,2527.0,2486.0,2465.0,2456.0,32336400.0
2025-07-10,2479.0,2482.5,2463.0,2473.5,2436.016357421875,26257000.0,2487.125,2497.28,2625.4066666666668,2729.41,52.75080906148868,2575.78,-9.526666666666642,-7.005000000000109,-0.090457804743519,2527.0,2533.5,2487.5,2499.0,31320400.0
2025-07-11,2501.5,2524.5,2477.0,2508.0,2469.99365234375,25922800.0,2487.4,2495.42,2622.98,2727.765,46.52014652014652,2573.54,-12.29333333333352,-7.440000000000055,-0.0891592518612675,2527.0,2482.5,2473.5,2479.0,26257000.0
2025-07-12,2501.5,2524.5,2477.0,2508.0,2469.99365234375,25922800.0,2487.675,2494.22,2619.266666666667,2726.13,46.52014652014652,2571.23,-14.293333333333068,-7.7224999999998545,-0.12,2527.0,2524.5,2508.0,2501.5,25922800.0
2025-07-13,2501.5,2524.5,2477.0,2508.0,2469.99365234375,25922800.0,2488.4,2491.78,2615.5533333333333,2723.8475,46.52014652014652,2568.92,-15.440000000000056,-8.47250000000031,-0.0878341516639389,2527.0,2524.5,2508.0,2501.5,25922800.0
2025-07-14,2512.0,2543.5,2509.0,2531.5,2493.137451171875,16698800.0,2490.475,2492.02,2612.92,2720.795,57.333333333333336,2567.08,-15.373333333333449,-10.105000000000018,-0.0472337222431313,2531.5,2524.5,2508.0,2501.5,25922800.0
2025-07-15,2550.0,2563.0,2520.5,2532.0,2493.6298828125,21037000.0,2494.05,2493.2,2610.0,2717.515,67.71300448430493,2565.29,-15.406666666666752,-11.894999999999982,-0.0418164616840113,2532.0,2543.5,2531.5,2512.0,16698800.0
2025-07-16,2547.5,2547.5,2505.0,2509.5,2471.470947265625,17977300.0,2496.7,2493.48,2606.393333333333,2714.1225,59.44206008583691,2562.68,-16.586666666666588,-13.642499999999927,-0.0503311258278145,2532.0,2563.0,2532.0,2550.0,21037000.0
2025-07-17,2500.0,2520.5,2495.5,2520.5,2482.30419921875,16570200.0,2496.375,2494.2,2602.9333333333334,2710.785,52.27272727272727,2560.46,-16.333333333333485,-15.345000000000256,-0.0461684011352885,2532.0,2547.5,2509.5,2547.5,17977300.0
2025-07-18,2528.0,2528.5,2501.0,2516.0,2477.872314453125,12975500.0,2495.825,2495.1,2599.4133333333334,2707.635,58.97435897435897,2556.09,-16.139999999999873,-16.212499999999636,-0.0559099437148217,2532.0,2520.5,2520.5,2500.0,16570200.0
2025-07-19,2528.0,2528.5,2501.0,2516.0,2477.872314453125,12975500.0,2495.275,2496.14,2595.893333333333,2704.485,58.97435897435897,2551.03,-17.026666666666642,-16.309999999999945,-0.0585594013096352,2532.0,2528.5,2516.0,2528.0,12975500.0
2025-07-20,2528.0,2528.5,2501.0,2516.0,2477.872314453125,12975500.0,2496.425,2498.36,2592.373333333333,2701.335,58.97435897435897,2545.97,-17.62666666666655,-16.179999999999836,-0.0550234741784038,2532.0,2528.5,2516.0,2528.0,12975500.0
2025-07-21,2528.0,2528.5,2501.0,2516.0,2477.872314453125,12975500.0,2499.575,2500.74,2589.84,2698.185,71.62629757785467,2540.91,-16.553333333333285,-15.9375,-0.0396946564885496,2532.0,2528.5,2516.0,2528.0,12975500.0
2025-07-22,2496.5,2518.5,2471.0,2496.5,2458.66796875,22144000.0,2501.125,2499.52,2587.5066666666667,2694.9375,60.32786885245902,2537.02,-15.426666666666732,-15.847499999999854,-0.0484086144463502,2532.0,2528.5,2516.0,2528.0,12975500.0
2025-07-23,2660.0,2905.0,2636.0,2854.5,2811.24267578125,184109600.0,2518.275,2512.62,2589.306666666667,2693.48,87.60245901639344,2540.61,-10.10666666666657,-14.1550000000002,0.0880503144654087,2854.5,2518.5,2496.5,2496.5,22144000.0
2025-07-24,2850.0,2897.5,2823.5,2844.5,2801.394287109375,76238500.0,2536.275,2525.32,2590.9733333333334,2691.9725,88.32644628099173,2543.01,-4.920000000000073,-12.512500000000273,0.0842386125404992,2854.5,2905.0,2854.5,2660.0,184109600.0
2025-07-25,2816.0,2830.0,2768.0,2787.0,2744.765625,36978000.0,2551.4,2537.08,2591.873333333333,2690.8525,77.51479289940829,2545.74,-0.5,-10.482500000000073,0.0631317947739844,2854.5,2897.5,2844.5,2850.0,76238500.0
2025-07-26,2816.0,2830.0,2768.0,2787.0,2744.765625,36978000.0,2566.525,2550.44,2592.32,2689.5275,77.51479289940829,2548.44,2.480000000000018,-8.6574999999998,0.0556818181818181,2854.5,2830.0,2787.0,2816.0,36978000.0
2025-07-27,2816.0,2830.0,2768.0,2787.0,2744.765625,36978000.0,2583.2,2563.3,2591.48,2688.0975,77.51479289940829,2551.14,3.9733333333333576,-6.8400000000001455,0.0590917727531825,2854.5,2830.0,2787.0,2816.0,36978000.0
2025-07-28,2809.0,2818.5,2780.0,2805.0,2762.492919921875,28105100.0,2600.2,2575.04,2592.22,2687.0975,77.26819541375873,2554.2,2.9133333333329574,-6.382500000000164,0.0257816785518376,2854.5,2830.0,2787.0,2816.0,36978000.0
2025-07-29,2780.0,2783.5,2729.0,2741.5,2699.955078125,24229100.0,2612.9,2585.32,2593.346666666667,2686.145,68.55624446412754,2556.23,2.3733333333334485,-5.827499999999873,-0.0099313831708197,2854.5,2818.5,2805.0,2809.0,28105100.0
2025-07-30,2740.0,2756.5,2707.5,2743.5,2701.9248046875,22891900.0,2626.4,2595.68,2594.693333333333,2685.2025,71.50735294117646,2557.95,2.819999999999709,-5.650000000000091,-0.0092091007583965,2854.5,2783.5,2741.5,2780.0,24229100.0
2025-07-31,2750.0,2756.5,2694.0,2696.5,2655.636962890625,31733900.0,2635.825,2604.16,2595.4133333333334,2684.025,65.17241379310344,2558.76,3.0933333333332484,-5.502500000000055,-0.026182737450343,2854.5,2756.5,2743.5,2740.0,22891900.0
2025-08-01,2715.0,2745.0,2704.0,2724.5,2683.212646484375,28121900.0,2646.65,2615.0,2596.5066666666667,2682.9875,67.27423363711682,2560.92,5.026666666666642,-5.109999999999673,0.0124489037532515,2854.5,2756.5,2696.5,2750.0,31733900.0
2025-08-02,2715.0,2745.0,2704.0,2724.5,2683.212646484375,28121900.0,2657.475,2625.38,2597.3,2682.0725,67.27423363711682,2564.31,5.080000000000382,-5.024999999999636,0.0185046728971962,2854.5,2745.0,2724.5,2715.0,28121900.0
2025-08-03,2715.0,2745.0,2704.0,2724.5,2683.212646484375,28121900.0,2667.125,2634.86,2597.9933333333333,2681.19,67.27423363711682,2567.7,4.646666666666533,-4.954999999999927,0.0,2854.5,2745.0,2724.5,2715.0,28121900.0
2025-08-04,2642.0,2685.0,2640.5,2675.0,2634.462890625,24277700.0,2674.275,2642.92,2598.16,2680.38,62.17457886676876,2570.1,3.466666666666697,-4.822499999999764,0.0092435389549141,2854.5,2745.0,2724.5,2715.0,28121900.0
2025-08-05,2671.5,2701.0,2654.0,2679.0,2638.40234375,19623500.0,2682.75,2649.76,2598.9466666666667,2679.835,64.31372549019608,2572.59,3.533333333333303,-4.190000000000055,0.010180995475113,2854.5,2685.0,2675.0,2642.0,24277700.0
2025-08-06,2705.0,2750.5,2699.0,2721.0,2679.765869140625,24559800.0,2692.775,2658.28,2600.2466666666664,2679.5,29.237947122861584,2576.25,3.7399999999997817,-3.487500000000182,0.0260180995475112,2854.5,2701.0,2679.0,2671.5,19623500.0
2025-08-07,2723.0,2741.0,2655.5,2680.0,2639.38720703125,55966800.0,2700.975,2665.16,2601.0,2678.96,26.66666666666667,2578.47,3.699999999999818,-3.112500000000182,0.0105580693815987,2854.5,2750.5,2721.0,2705.0,24559800.0
2025-08-08,2699.5,2804.5,2686.5,2773.0,2730.977783203125,52683900.0,2713.825,2674.82,2602.9933333333333,2678.475,48.1958762886598,2583.42,5.0,-2.715000000000145,0.0503787878787878,2854.5,2741.0,2680.0,2723.0,55966800.0
2025-08-09,2699.5,2804.5,2686.5,2773.0,2730.977783203125,52683900.0,2726.675,2684.46,2605.0133333333333,2677.9625,48.1958762886598,2588.83,6.853333333333467,-2.417500000000018,0.04346190028222,2854.5,2804.5,2773.0,2699.5,52683900.0
2025-08-10,2699.5,2804.5,2686.5,2773.0,2730.977783203125,52683900.0,2739.525,2695.0,2606.786666666667,2677.25,48.1958762886598,2594.24,7.8400000000001455,-2.5850000000000364,0.0440512048192771,2854.5,2804.5,2773.0,2699.5,52683900.0
2025-08-11,2699.5,2804.5,2686.5,2773.0,2730.977783203125,52683900.0,2753.35,2705.1,2608.673333333333,2676.49,45.67567567567567,2599.65,8.426666666666733,-3.0100000000002183,0.0598127269252819,2854.5,2804.5,2773.0,2699.5,52683900.0
2025-08-12,2802.0,2868.0,2791.0,2855.0,2811.735107421875,41157800.0,2753.375,2718.66,2610.28,2676.3525,64.6074646074646,2606.88,9.2800000000002,-2.6075000000000728,0.1174168297455968,2855.0,2804.5,2773.0,2699.5,52683900.0
2025-08-13,2899.5,2926.0,2865.0,2875.0,2831.43212890625,35352300.0,2754.9,2733.02,2611.693333333333,2676.315,66.17466174661746,2614.58,8.699999999999818,-2.1599999999998545,0.1252446183953033,2875.0,2868.0,2855.0,2802.0,41157800.0
2025-08-14,2850.0,2856.0,2805.0,2805.0,2762.492919921875,21262700.0,2755.8,2744.58,2612.173333333333,2675.9275,62.63096623981374,2621.47,7.159999999999855,-2.035000000000309,0.0978473581213308,2875.0,2926.0,2875.0,2899.5,35352300.0
2025-08-15,2855.0,2866.0,2841.0,2854.0,2810.750244140625,20036900.0,2759.15,2758.1,2613.306666666667,2675.5875,64.37291897891232,2629.42,6.519999999999982,-1.662499999999909,0.1172440790761402,2875.0,2856.0,2805.0,2850.0,21262700.0
2025-08-16,2855.0,2866.0,2841.0,2854.0,2810.750244140625,20036900.0,2762.5,2772.4,2615.48,2675.41,64.37291897891232,2635.96,6.8066666666668425,-1.0799999999999272,0.1245074862096138,2875.0,2866.0,2854.0,2855.0,20036900.0
2025-08-17,2855.0,2866.0,2841.0,2854.0,2810.750244140625,20036900.0,2764.95,2772.38,2617.866666666667,2675.03,64.37291897891232,2642.5,7.586666666666588,-1.3224999999997635,0.1109381082133125,2875.0,2866.0,2854.0,2855.0,20036900.0
2025-08-18,2864.0,2905.0,2858.0,2903.0,2859.0078125,22691000.0,2773.025,2774.72,2620.2466666666664,2674.8,75.33333333333334,2650.02,8.553333333333285,-1.514999999999873,0.1494753514155613,2903.0,2866.0,2854.0,2855.0,20036900.0
2025-08-19,2942.0,2978.0,2911.5,2925.0,2880.67431640625,28833900.0,2782.1,2780.24,2623.9066666666668,2674.5575,76.28205128205128,2658.66,11.733333333333576,-1.3699999999998909,0.1688311688311687,2925.0,2905.0,2903.0,2864.0,22691000.0
2025-08-20,2940.0,2982.0,2924.0,2937.0,2892.492431640625,22852700.0,2794.125,2786.24,2627.7066666666665,2674.375,74.65753424657534,2668.34,14.399999999999636,-1.212500000000091,0.1736263736263736,2937.0,2978.0,2925.0,2942.0,28833900.0
2025-08-21,2936.0,2937.0,2897.0,2904.0,2859.99267578125,15393500.0,2803.1,2790.92,2631.0666666666666,2674.0275,76.04651162790698,2677.11,15.586666666666588,-1.382499999999709,0.1604395604395605,2937.0,2982.0,2937.0,2940.0,22852700.0
2025-08-22,2926.0,2943.0,2898.5,2943.0,2898.401611328125,17269600.0,2814.025,2796.44,2634.9466666666667,2674.62,72.6063829787234,2685.74,17.079999999999927,-0.4100000000003092,0.1802686986164026,2943.0,2937.0,2904.0,2936.0,15393500.0
2025-08-23,2926.0,2943.0,2898.5,2943.0,2898.401611328125,17269600.0,2824.95,2804.5,2638.9866666666667,2674.97,72.6063829787234,2694.91,18.74000000000024,0.169999999999618,0.1819277108433734,2943.0,2943.0,2943.0,2926.0,17269600.0
2025-08-24,2926.0,2943.0,2898.5,2943.0,2898.401611328125,17269600.0,2838.35,2812.48,2642.793333333333,2674.87,72.6063829787234,2704.08,18.88666666666677,0.3125,0.1960983539930909,2943.0,2943.0,2943.0,2926.0,17269600.0
2025-08-25,2993.0,3010.0,2923.0,2940.0,2895.447021484375,19219100.0,2851.4,2822.22,2646.58,2675.0525,72.03166226912928,2713.19,18.87333333333345,0.6774999999997817,0.1968247506615101,2943.0,2943.0,2943.0,2926.0,17269600.0
2025-08-26,2940.0,2953.5,2891.5,2898.5,2854.575927734375,24050800.0,2860.275,2829.18,2650.34,2675.4225,56.42540620384047,2722.09,19.27333333333354,1.3949999999999818,0.1470122675108824,2943.0,3010.0,2940.0,2993.0,19219100.0
2025-08-27,2903.0,2911.5,2877.0,2904.5,2860.485107421875,15271700.0,2871.5,2836.38,2655.0,2675.8225,54.54545454545455,2730.88,20.053333333333285,1.2025000000003274,0.1493866244558765,2943.0,2953.5,2898.5,2940.0,24050800.0
2025-08-28,2901.0,2925.0,2887.0,2919.0,2874.765380859375,21577200.0,2878.8,2844.16,2659.853333333333,2676.295,71.18959107806691,2739.51,20.866666666666788,1.3250000000002728,0.1551246537396122,2943.0,2911.5,2904.5,2903.0,15271700.0
2025-08-29,2904.5,2911.0,2866.0,2873.0,2829.46240234375,22056600.0,2883.8,2852.08,2664.093333333333,2676.5325,53.57142857142858,2747.5,21.299999999999727,1.662499999999909,0.1524267950260729,2943.0,2925.0,2919.0,2901.0,21577200.0
2025-08-30,2904.5,2911.0,2866.0,2873.0,2829.46240234375,22056600.0,2888.8,2859.84,2668.34,2676.77,53.57142857142858,2754.8,21.76000000000022,1.7175000000002,0.1712189156135344,2943.0,2911.0,2873.0,2904.5,22056600.0
2025-08-31,2904.5,2911.0,2866.0,2873.0,2829.46240234375,22056600.0,2893.8,2865.92,2672.806666666667,2677.135,53.57142857142858,2762.1,22.466666666666697,1.712500000000091,0.1652808760900426,2943.0,2911.0,2873.0,2904.5,22056600.0
2025-09-01,2872.0,2886.0,2845.0,2858.5,2815.18212890625,14369100.0,2893.975,2873.06,2676.6666666666665,2677.3,40.38876889848813,2769.11,21.666666666666515,1.4774999999999636,0.1381644435596256,2943.0,2911.0,2873.0,2904.5,22056600.0
2025-09-02,2858.0,2882.0,2843.5,2869.0,2825.52294921875,16428500.0,2893.675,2876.9,2681.2466666666664,2677.6225,37.27272727272727,2775.86,21.393333333332976,1.327499999999873,0.1547595089555242,2943.0,2886.0,2858.5,2872.0,14369100.0
2025-09-03,2855.0,2877.0,2841.0,2851.5,2808.2880859375,22723600.0,2896.0,2880.04,2685.9,2677.8575,31.042128603104217,2782.25,21.806666666666843,1.3250000000002728,0.1477158381968202,2943.0,2882.0,2869.0,2858.0,16428500.0
2025-09-04,2874.0,2915.0,2866.5,2905.0,2860.9775390625,20172300.0,2898.55,2885.32,2691.266666666667,2678.36,50.203252032520325,2790.16,22.926666666666733,1.5900000000001455,0.169249345944858,2943.0,2877.0,2851.5,2855.0,22723600.0
2025-09-05,3000.0,3006.0,2909.0,2962.5,2917.606201171875,39740400.0,2903.975,2892.9,2697.4,2679.305,53.686200378071824,2799.0,24.59333333333325,2.169999999999618,0.207458732423069,2962.5,2915.0,2905.0,2874.0,20172300.0
2025-09-06,3000.0,3006.0,2909.0,2962.5,2917.606201171875,39740400.0,2909.4,2897.2,2703.653333333333,2680.0975,53.686200378071824,2807.93,26.98666666666668,2.7974999999996726,0.2018255578093306,2962.5,3006.0,2962.5,3000.0,39740400.0
2025-09-07,3000.0,3006.0,2909.0,2962.5,2917.606201171875,39740400.0,2912.375,2900.7,2709.9533333333334,2681.1325,53.686200378071824,2816.86,28.706666666666933,3.5100000000002183,0.1909547738693466,2962.5,3006.0,2962.5,3000.0,39740400.0
2025-09-08,2978.0,2979.0,2945.5,2970.0,2924.992431640625,20701300.0,2914.625,2907.3,2716.7466666666664,2682.43,55.57620817843866,2825.94,30.84666666666635,4.572499999999764,0.2007277137659187,2970.0,3006.0,2962.5,3000.0,39740400.0
2025-09-09,2980.0,2988.0,2942.0,2949.0,2904.310546875,20893100.0,2915.225,2911.1,2723.313333333333,2683.645,60.160965794768615,2834.6,32.046666666666624,5.284999999999855,0.1758373205741625,2970.0,2979.0,2970.0,2978.0,20701300.0
2025-09-10,2929.0,2930.0,2896.5,2913.5,2869.3486328125,21880400.0,2915.7,2913.48,2728.4666666666667,2684.6825,51.618705035971225,2842.94,31.06666666666661,5.377500000000055,0.1616826156299839,2970.0,2988.0,2949.0,2980.0,20893100.0
2025-09-11,2880.0,2886.5,2858.0,2886.5,2842.7578125,23863900.0,2912.875,2914.78,2733.26,2685.585,44.406196213425126,2843.58,29.606666666667024,5.487500000000182,0.1509170653907496,2970.0,2930.0,2913.5,2929.0,21880400.0
2025-09-12,2897.5,2904.5,2884.5,2889.0,2845.219970703125,22253600.0,2910.175,2914.22,2738.0866666666666,2686.5,53.238866396761125,2844.47,28.13333333333321,5.367499999999836,0.1412206201856607,2970.0,2886.5,2886.5,2880.0,23863900.0
2025-09-13,2897.5,2904.5,2884.5,2889.0,2845.219970703125,22253600.0,2907.475,2912.78,2743.366666666667,2687.3925,53.238866396761125,2846.51,26.620000000000346,4.962500000000091,0.1409952606635072,2970.0,2904.5,2889.0,2897.5,22253600.0
2025-09-14,2897.5,2904.5,2884.5,2889.0,2845.219970703125,22253600.0,2904.925,2910.86,2749.18,2688.2125,53.238866396761125,2848.55,25.866666666666333,4.567500000000109,0.151225343693963,2970.0,2904.5,2889.0,2897.5,22253600.0
2025-09-15,2897.5,2904.5,2884.5,2889.0,2845.219970703125,22253600.0,2904.45,2910.26,2754.826666666667,2688.7375,56.55913978494623,2850.59,26.360000000000127,4.055000000000291,0.1462011505653639,2970.0,2904.5,2889.0,2897.5,22253600.0
2025-09-16,2900.0,2944.0,2895.5,2934.5,2890.030517578125,22117100.0,2905.95,2909.92,2760.4666666666667,2689.965,62.242990654205606,2853.18,27.20666666666648,4.380000000000109,0.166335453100159,2970.0,2904.5,2889.0,2897.5,22253600.0
2025-09-17,2930.0,2954.5,2919.0,2950.5,2905.787841796875,18883400.0,2907.525,2910.22,2766.68,2691.2725,68.60902255639098,2857.36,28.59333333333325,4.772500000000036,0.1726947535771066,2970.0,2944.0,2934.5,2900.0,22117100.0
2025-09-18,2966.5,2972.0,2928.0,2940.5,2895.939453125,20542800.0,2910.9,2910.12,2772.76,2692.53,57.97752808988764,2861.3,29.39333333333343,5.137500000000273,0.1687201907790143,2970.0,2954.5,2950.5,2930.0,18883400.0
2025-09-19,2957.5,2985.0,2917.5,2923.0,2878.70458984375,39502900.0,2913.4,2909.44,2778.6066666666666,2693.17,39.17808219178082,2865.83,29.426666666666733,4.957499999999982,0.161764705882353,2970.0,2972.0,2940.5,2966.5,20542800.0
2025-09-20,2957.5,2985.0,2917.5,2923.0,2878.70458984375,39502900.0,2915.9,2910.42,2784.866666666667,2694.0175,39.17808219178082,2869.8,30.039999999999964,5.279999999999745,0.1708391748447826,2970.0,2985.0,2923.0,2957.5,39502900.0
2025-09-21,2957.5,2985.0,2917.5,2923.0,2878.70458984375,39502900.0,2919.125,2911.16,2790.9733333333334,2694.385,39.17808219178082,2873.77,30.50666666666666,4.420000000000073,0.023997197407602,2970.0,2985.0,2923.0,2957.5,39502900.0
2025-09-22,2923.0,2974.5,2920.0,2964.0,2919.083251953125,18457400.0,2923.875,2912.96,2797.326666666667,2695.0925,48.61111111111112,2878.56,30.646666666666988,3.820000000000164,0.0420108982246441,2970.0,2985.0,2923.0,2957.5,39502900.0
2025-09-23,2923.0,2974.5,2920.0,2964.0,2919.083251953125,18457400.0,2929.5,2916.6,2803.866666666667,2695.8975,53.84615384615384,2884.34,31.10666666666657,3.3674999999998363,0.0635091496232507,2970.0,2974.5,2964.0,2923.0,18457400.0
2025-09-24,2955.0,2956.0,2921.0,2929.5,2885.106201171875,21777500.0,2930.725,2918.86,2809.4866666666667,2696.53,54.123711340206185,2889.35,30.88000000000011,3.360000000000128,0.0511302475780408,2970.0,2974.5,2964.0,2923.0,18457400.0
2025-09-25,2955.0,2966.0,2935.0,2961.5,2916.621337890625,19580500.0,2930.675,2922.4,2815.5333333333333,2697.3225,68.84422110552764,2894.16,30.666666666666515,3.305000000000291,0.0626121277359168,2970.0,2956.0,2929.5,2955.0,21777500.0
2025-09-26,2978.0,2999.5,2958.0,2969.5,2924.5,32053900.0,2931.025,2926.84,2821.6866666666665,2698.025,69.68215158924205,2899.95,30.71333333333314,3.6399999999998727,0.058645276292335,2970.0,2966.0,2961.5,2955.0,19580500.0
2025-09-27,2978.0,2999.5,2958.0,2969.5,2924.5,32053900.0,2931.375,2930.86,2827.526666666666,2699.1,69.68215158924205,2903.88,30.19999999999981,4.007499999999709,0.0831661499179281,2970.0,2999.5,2969.5,2978.0,32053900.0
2025-09-28,2978.0,2999.5,2958.0,2969.5,2924.5,32053900.0,2931.35,2935.58,2833.36,2700.14,69.68215158924205,2907.81,29.49333333333334,4.242499999999836,0.0823765263349736,2969.5,2999.5,2969.5,2978.0,32053900.0
2025-09-29,2920.0,2924.0,2863.5,2870.0,2870.0,24786300.0,2927.4,2934.18,2838.1666666666665,2700.895,46.875,2909.75,28.67999999999984,4.364999999999782,0.0643426664194326,2969.5,2999.5,2969.5,2978.0,32053900.0
2025-09-30,2860.0,2860.0,2821.5,2849.5,2849.5,22116900.0,2924.2,2929.66,2842.5533333333333,2701.41,34.767025089605724,2911.28,27.019999999999985,4.087499999999636,0.0458799779776106,2969.5,2924.0,2870.0,2920.0,24786300.0
2025-10-01,2826.5,2833.0,2791.0,2821.5,2821.5,26571700.0,2920.95,2924.02,2846.6266666666666,2701.785,27.83505154639176,2910.61,24.94000000000005,3.759999999999764,0.0356028629106257,2969.5,2860.0,2849.5,2860.0,22116900.0
2025-10-02,2798.0,2832.0,2787.0,2805.0,2805.0,22099300.0,2916.75,2917.72,2850.48,2702.0775,27.226890756302524,2909.21,22.953333333333376,2.977499999999964,0.0295467058175811,2969.5,2833.0,2821.5,2826.5,26571700.0
2025-10-03,2806.0,2840.0,2794.0,2839.5,2839.5,14005700.0,2914.275,2912.5,2854.793333333333,2702.4725,36.724960254372014,2909.9,21.4333333333334,2.332499999999982,0.0614953271028038,2969.5,2832.0,2805.0,2798.0,22099300.0
2025-10-04,2806.0,2840.0,2794.0,2839.5,2839.5,14005700.0,2911.8,2908.12,2859.1066666666666,2702.475,36.724960254372014,2909.61,20.94000000000005,1.5799999999999272,0.0599104143337065,2969.5,2840.0,2839.5,2806.0,14005700.0
2025-10-05,2806.0,2840.0,2794.0,2839.5,2839.5,14005700.0,2909.325,2905.16,2863.68,2702.2125,36.724960254372014,2909.32,21.12666666666655,0.8025000000002365,0.0435501653803749,2969.5,2840.0,2839.5,2806.0,14005700.0
2025-10-06,3010.0,3022.0,2963.5,2974.0,2974.0,45597700.0,2911.3,2908.66,2865.273333333333,2702.6225,51.22549019607843,2911.72,18.646666666666988,0.837500000000091,0.1097014925373134,2974.0,2840.0,2839.5,2806.0,14005700.0
2025-10-07,3000.0,3035.0,2997.5,3023.0,3023.0,31197700.0,2914.925,2914.02,2867.653333333333,2703.515,56.45514223194749,2914.12,17.173333333333176,1.4375,0.0901550667147492,3023.0,3022.0,2974.0,3010.0,45597700.0
2025-10-08,3050.0,3075.0,3000.0,3009.0,3009.0,31036900.0,2918.35,2918.82,2870.613333333333,2704.3375,59.106529209622,2915.8,15.819999999999707,1.8650000000002365,0.0851063829787233,3023.0,3035.0,3023.0,3000.0,31197700.0
2025-10-09,3000.0,3002.0,2935.0,2947.5,2947.5,28589800.0,2919.575,2921.16,2872.7533333333336,2704.8525,48.497854077253216,2916.01,13.646666666666988,2.3775000000000546,0.062928236566895,3023.0,3075.0,3009.0,3050.0,31036900.0
2025-10-10,2926.5,2939.5,2891.0,2898.5,2898.5,25255700.0,2918.35,2921.54,2874.24,2705.03,42.99802761341223,2915.9,10.559999999999944,2.817500000000109,0.0452578434908041,3023.0,3002.0,2947.5,3000.0,28589800.0
2025-10-11,2926.5,2939.5,2891.0,2898.5,2898.5,25255700.0,2917.125,2920.1,2875.4866666666667,2705.11,42.99802761341223,2915.01,10.21333333333314,2.487500000000182,0.0152364273204903,3023.0,2939.5,2898.5,2926.5,25255700.0
2025-10-12,2926.5,2939.5,2891.0,2898.5,2898.5,25255700.0,2913.85,2918.02,2877.58,2705.165,42.99802761341223,2914.12,9.926666666666732,1.650000000000091,0.0081739130434783,3023.0,2939.5,2898.5,2926.5,25255700.0
2025-10-13,2926.5,2939.5,2891.0,2898.5,2898.5,25255700.0,2910.575,2916.34,2879.6466666666665,2705.515,53.49693251533742,2913.23,9.033333333333305,1.1774999999997815,0.0333333333333334,3023.0,2939.5,2898.5,2926.5,25255700.0
2025-10-14,2848.5,2898.0,2831.5,2871.5,2871.5,24550500.0,2907.675,2914.28,2881.98,2706.37,52.65700483091788,2911.86,9.22666666666646,1.5174999999999272,0.0061317449194113,3023.0,2939.5,2898.5,2926.5,25255700.0
2025-10-15,2898.0,2919.5,2888.5,2913.5,2913.5,18470700.0,2905.275,2913.9,2884.5,2707.435,60.74766355140186,2912.16,10.260000000000218,2.4049999999997453,0.0208479327259984,3023.0,2898.0,2871.5,2848.5,24550500.0
2025-10-16,2964.0,2979.5,2937.5,2954.5,2954.5,19598500.0,2904.525,2915.16,2887.5666666666666,2708.705,66.51933701657458,2913.16,12.079999999999927,3.5949999999998,0.0352137351086194,3023.0,2919.5,2913.5,2898.0,18470700.0
2025-10-17,2920.0,2960.5,2920.0,2933.5,2933.5,14316900.0,2902.725,2913.94,2890.353333333333,2710.2925,60.70615034168565,2913.45,12.77333333333354,5.127500000000055,0.010506372717878,3023.0,2979.5,2954.5,2964.0,19598500.0
2025-10-18,2920.0,2960.5,2920.0,2933.5,2933.5,14316900.0,2900.925,2912.72,2893.8,2711.8075,60.70615034168565,2914.66,14.153333333333649,6.292500000000018,0.0029059829059829,3023.0,2960.5,2933.5,2920.0,14316900.0
2025-10-19,2920.0,2960.5,2920.0,2933.5,2933.5,14316900.0,2904.1,2912.88,2897.193333333333,2713.195,60.70615034168565,2915.87,15.21333333333314,6.825000000000273,-0.0011916922029281,3023.0,2960.5,2933.5,2920.0,14316900.0
2025-10-20,2988.5,3003.0,2971.0,3003.0,3003.0,20574600.0,2911.775,2914.54,2900.9533333333334,2715.6175,53.87700534759359,2918.47,16.453333333333376,8.18249999999989,0.0340909090909091,3023.0,2960.5,2933.5,2920.0,14316900.0
2025-10-21,3017.0,3021.0,2988.0,3005.0,3005.0,16336700.0,2920.95,2915.96,2905.286666666667,2718.605,47.247706422018354,2921.4,17.720000000000255,9.900000000000093,0.0210669384981312,3023.0,3003.0,3003.0,2988.5,20574600.0
2025-10-22,3075.0,3162.0,3074.0,3104.0,3104.0,49951100.0,2935.9,2921.34,2909.7,2722.0875,61.52912621359223,2926.1,19.34666666666635,11.795000000000073,0.0547060822290179,3104.0,3021.0,3005.0,3017.0,16336700.0
2025-10-23,3100.0,3112.0,3057.0,3091.0,3091.0,18085400.0,2948.475,2926.2,2913.94,2725.505,69.73865199449794,2930.89,20.13999999999988,13.697500000000218,0.0502888209310228,3104.0,3162.0,3104.0,3075.0,49951100.0
2025-10-24,3110.0,3136.0,3090.0,3127.0,3127.0,18839800.0,2962.85,2936.48,2918.66,2729.8075,82.5962910128388,2935.33,21.466666666666697,16.612499999999727,0.0636054421768708,3127.0,3112.0,3091.0,3100.0,18085400.0
2025-10-25,3110.0,3136.0,3090.0,3127.0,3127.0,18839800.0,2977.225,2947.58,2923.38,2733.3,82.5962910128388,2938.62,22.426666666666733,17.682500000000346,0.0788338795928929,3127.0,3136.0,3127.0,3110.0,18839800.0
2025-10-26,3110.0,3136.0,3090.0,3127.0,3127.0,18839800.0,2984.875,2959.8,2927.0066666666667,2737.1075,82.5962910128388,2941.91,21.7199999999998,18.50250000000005,0.0766052676880701,3127.0,3136.0,3127.0,3110.0,18839800.0
2025-10-27,3170.0,3218.0,3165.0,3218.0,3218.0,24626500.0,2994.625,2976.32,2931.58,2740.4825,86.18346545866365,2947.02,21.88000000000011,18.394999999999985,0.1024323398424118,3218.0,3136.0,3127.0,3110.0,18839800.0
2025-10-28,3220.0,3221.0,3167.0,3171.0,3171.0,19805700.0,3002.725,2989.58,2936.46,2744.2375,82.44853737811485,2951.04,22.519999999999985,18.73250000000008,0.1037243299686738,3218.0,3218.0,3218.0,3170.0,24626500.0
2025-10-29,3176.0,3182.0,3124.0,3146.0,3146.0,20640200.0,3012.65,3001.84,2940.353333333333,2747.8675,76.15298087739032,2954.98,21.69333333333361,18.059999999999945,0.0950226244343892,3218.0,3221.0,3171.0,3220.0,19805700.0
2025-10-30,3148.0,3190.0,3125.0,3185.0,3185.0,23926200.0,3026.975,3015.66,2944.766666666667,2751.6925,76.045197740113,2960.41,21.38666666666677,18.392499999999927,0.1085972850678733,3218.0,3182.0,3146.0,3176.0,20640200.0
2025-10-31,3190.0,3198.0,3121.0,3138.0,3138.0,25906600.0,3038.95,3022.22,2948.5533333333333,2755.3325,71.82497331910352,2965.44,21.546666666666624,18.22499999999991,0.0977785551862864,3218.0,3190.0,3185.0,3148.0,23926200.0
2025-11-01,3190.0,3198.0,3121.0,3138.0,3138.0,25906600.0,3050.925,3026.82,2951.6866666666665,2758.5275,71.82497331910352,2970.42,20.10666666666657,18.04500000000008,0.0937608922969674,3218.0,3198.0,3138.0,3190.0,25906600.0
2025-11-02,3190.0,3198.0,3121.0,3138.0,3138.0,25906600.0,3062.9,3031.98,2954.526666666666,2761.7225,71.82497331910352,2975.4,18.06666666666661,17.484999999999673,0.1004734350341924,3218.0,3198.0,3138.0,3190.0,25906600.0
2025-11-03,3190.0,3198.0,3121.0,3138.0,3138.0,25906600.0,3076.225,3039.6,2957.2066666666665,2764.92,66.91729323308272,2980.38,16.853333333333012,17.052500000000236,0.0802065404475043,3218.0,3198.0,3138.0,3190.0,25906600.0
2025-11-04,3150.0,3205.0,3120.0,3155.0,3155.0,26958800.0,3088.3,3049.86,2960.5533333333333,2767.975,68.1159420289855,2985.7,15.786666666666406,16.2824999999998,0.0649789029535865,3218.0,3198.0,3138.0,3190.0,25906600.0
2025-11-05,3150.0,3151.0,2996.0,3040.0,3040.0,56932600.0,3092.575,3055.52,2961.846666666667,2770.455,42.55813953488372,2987.81,13.29333333333352,15.122499999999944,0.0261603375527426,3218.0,3205.0,3155.0,3150.0,26958800.0
2025-11-06,3110.0,3182.0,3054.0,3139.0,3139.0,32756900.0,3102.85,3065.14,2964.46,2773.43,54.65116279069768,2991.58,12.77333333333354,14.90249999999969,0.0595780590717298,3218.0,3151.0,3040.0,3150.0,56932600.0
2025-11-07,3090.0,3128.0,3077.0,3118.0,3118.0,17774800.0,3112.075,3073.92,2966.793333333333,2776.6675,49.10179640718563,2995.13,12.26666666666688,14.945000000000164,0.0498316498316497,3218.0,3182.0,3139.0,3110.0,32756900.0
2025-11-08,3090.0,3128.0,3077.0,3118.0,3118.0,17774800.0,3121.3,3083.78,2969.1666666666665,2779.9625,49.10179640718563,2999.03,11.960000000000036,15.042500000000018,0.0573075618853848,3218.0,3128.0,3118.0,3090.0,17774800.0
2025-11-09,3090.0,3128.0,3077.0,3118.0,3118.0,17774800.0,3127.05,3091.96,2972.093333333333,2782.6425,49.10179640718563,3002.93,11.539999999999964,14.667500000000018,0.070190492534752,3218.0,3128.0,3118.0,3090.0,17774800.0
2025-11-10,3133.0,3134.0,3090.0,3131.0,3131.0,19709600.0,3133.35,3099.02,2975.113333333333,2785.01,39.71631205673759,3007.09,13.266666666666424,14.555000000000293,0.0847046596223799,3218.0,3128.0,3118.0,3090.0,17774800.0
2025-11-11,3148.0,3177.0,3129.0,3147.0,3147.0,17570500.0,3135.5,3107.56,2978.153333333333,2787.295,46.93877551020408,3010.75,13.693333333333156,13.865000000000236,0.0893042575285565,3218.0,3134.0,3131.0,3133.0,19709600.0
2025-11-12,3176.0,3214.0,3175.0,3190.0,3190.0,20882100.0,3140.45,3117.82,2982.38,2789.795,55.365853658536594,3015.27,15.586666666666588,13.127500000000056,0.1041883004499826,3218.0,3177.0,3147.0,3148.0,17570500.0
2025-11-13,3200.0,3215.0,3180.0,3198.0,3198.0,16407400.0,3144.0,3128.4,2986.713333333333,2792.335,51.71503957783642,3020.64,17.546666666666624,12.372499999999944,0.106957424714434,3218.0,3214.0,3190.0,3176.0,20882100.0
2025-11-14,3155.0,3180.0,3134.0,3180.0,3180.0,17302600.0,3146.65,3135.48,2990.806666666667,2794.3025,55.99999999999999,3025.01,18.7133333333336,11.659999999999854,0.1007268951194184,3218.0,3215.0,3198.0,3200.0,16407400.0
2025-11-15,3155.0,3180.0,3134.0,3180.0,3180.0,17302600.0,3149.3,3142.48,2995.093333333333,2796.27,55.99999999999999,3029.22,19.98000000000001,11.259999999999764,0.0836599079911399,3218.0,3180.0,3180.0,3155.0,17302600.0
2025-11-16,3155.0,3180.0,3134.0,3180.0,3180.0,17302600.0,3147.4,3145.52,2999.24,2798.525,55.99999999999999,3033.43,21.086666666666588,11.230000000000018,0.0777834265378749,3198.0,3180.0,3180.0,3155.0,17302600.0
2025-11-17,3150.0,3164.0,3114.0,3119.0,3119.0,15668000.0,3144.8,3146.64,3002.806666666667,2800.365,47.688564476885645,3036.42,20.426666666666733,10.569999999999707,0.0607039619112395,3198.0,3180.0,3180.0,3155.0,17302600.0
2025-11-18,3106.0,3114.0,3028.0,3029.0,3029.0,21663600.0,3138.95,3142.72,3004.46,2801.61,36.98347107438017,3039.6,17.746666666666897,9.275000000000093,0.0362641122134792,3198.0,3164.0,3119.0,3150.0,15668000.0
2025-11-19,3074.0,3075.0,3019.0,3037.0,3037.0,15126800.0,3131.55,3139.12,3005.4533333333334,2802.895,49.60212201591512,3043.35,14.646666666666531,8.5925000000002,0.0390010263427984,3198.0,3114.0,3029.0,3106.0,21663600.0
2025-11-20,3095.0,3103.0,3044.0,3044.0,3044.0,17872000.0,3126.85,3135.8,3006.54,2804.215,33.33333333333333,3047.8,11.446666666666715,7.945000000000164,0.0413958262059528,3198.0,3075.0,3037.0,3074.0,15126800.0
2025-11-21,3035.0,3120.0,3028.0,3097.0,3097.0,31305500.0,3124.8,3130.96,3008.333333333333,2805.8,46.68769716088328,3053.64,9.093333333333703,7.275000000000091,0.0448717948717949,3198.0,3103.0,3044.0,3095.0,17872000.0
2025-11-22,3035.0,3120.0,3028.0,3097.0,3097.0,31305500.0,3122.75,3128.0,3010.026666666666,2807.385,46.68769716088328,3058.79,7.2199999999998,7.020000000000437,0.0448717948717949,3198.0,3120.0,3097.0,3035.0,31305500.0
2025-11-23,3035.0,3120.0,3028.0,3097.0,3097.0,31305500.0,3120.7,3126.04,3012.0,2809.34,46.68769716088328,3063.94,7.539999999999964,7.730000000000018,0.0571769926608636,3198.0,3120.0,3097.0,3035.0,31305500.0
2025-11-24,3035.0,3120.0,3028.0,3097.0,3097.0,31305500.0,3117.8,3122.52,3014.4466666666667,2811.4675,44.4078947368421,3069.09,8.99333333333334,8.572500000000218,0.0457538409589735,3198.0,3120.0,3097.0,3035.0,31305500.0
2025-11-25,3150.0,3150.0,3070.0,3077.0,3077.0,17998000.0,3119.65,3120.08,3016.9866666666667,2813.255,38.63636363636364,3071.15,10.446666666666715,9.039999999999964,0.0362013807038221,3198.0,3120.0,3097.0,3035.0,31305500.0
2025-11-26,3129.0,3158.0,3090.0,3141.0,3141.0,20618800.0,3119.75,3120.2,3020.346666666667,2815.3625,42.5531914893617,3073.51,12.01333333333332,9.5625,0.0577538306112139,3198.0,3150.0,3077.0,3150.0,17998000.0
2025-11-27,3155.0,3165.0,3128.0,3138.0,3138.0,11108400.0,3120.75,3120.2,3023.6666666666665,2817.455,40.74074074074074,3076.09,13.639999999999873,10.069999999999707,0.0567435595218051,3198.0,3158.0,3141.0,3129.0,20618800.0
2025-11-28,3140.0,3140.0,3119.0,3133.0,3133.0,13070100.0,3121.5,3120.0,3026.92,2819.3525,42.443729903536976,3079.8,14.920000000000073,10.012499999999818,0.0916376306620208,3198.0,3165.0,3138.0,3155.0,11108400.0
2025-11-29,3140.0,3140.0,3119.0,3133.0,3133.0,13070100.0,3122.25,3119.12,3030.173333333333,2820.7675,42.443729903536976,3084.49,15.72666666666646,9.299999999999727,0.09949113879628,3198.0,3140.0,3133.0,3140.0,13070100.0
2025-11-30,3140.0,3140.0,3119.0,3133.0,3133.0,13070100.0,3122.35,3122.84,3032.82,2822.685,42.443729903536976,3089.18,15.833333333333483,9.429999999999836,0.1104022682970051,3198.0,3140.0,3133.0,3140.0,13070100.0
2025-12-01,3132.0,3133.0,3075.0,3082.0,3082.0,13231700.0,3119.1,3120.56,3034.5733333333333,2824.81,43.85382059800664,3092.85,14.22666666666646,9.447499999999764,0.0987522281639927,3198.0,3140.0,3133.0,3140.0,13070100.0
2025-12-02,3085.0,3090.0,3042.0,3045.0,3045.0,17880100.0,3111.85,3117.64,3035.9666666666667,2826.8225,53.2258064516129,3095.78,12.300000000000182,9.367500000000293,0.0723718964606445,3198.0,3133.0,3082.0,3132.0,13231700.0
2025-12-03,3030.0,3040.0,2994.0,3005.0,3005.0,16544800.0,3102.2,3113.12,3037.06,2828.635,44.285714285714285,3098.45,10.139999999999873,9.282500000000256,0.0582849093150201,3180.0,3090.0,3045.0,3085.0,17880100.0
2025-12-04,3028.0,3107.0,3004.0,3103.0,3103.0,21589300.0,3098.35,3112.52,3039.46,2830.9375,57.95148247978437,3102.24,9.28666666666686,10.170000000000073,0.0927980278217996,3180.0,3040.0,3005.0,3030.0,16544800.0
2025-12-05,3053.0,3067.0,3016.0,3032.0,3032.0,21707900.0,3090.95,3108.56,3040.9133333333334,2832.7725,41.64524421593831,3103.79,8.093333333333248,10.087500000000093,0.0195023537323471,3180.0,3107.0,3103.0,3028.0,21589300.0
2025-12-06,3053.0,3067.0,3016.0,3032.0,3032.0,21707900.0,3083.55,3103.96,3041.82,2834.57,41.64524421593831,3105.76,7.246666666666897,9.760000000000218,0.00297717499173,3141.0,3067.0,3032.0,3053.0,21707900.0
2025-12-07,3053.0,3067.0,3016.0,3032.0,3032.0,21707900.0,3079.2,3097.64,3042.7266666666665,2836.4175,41.64524421593831,3107.73,6.759999999999764,9.5949999999998,0.0076437354602858,3141.0,3067.0,3032.0,3053.0,21707900.0
2025-12-08,3050.0,3060.0,3021.0,3060.0,3060.0,15596600.0,3080.75,3092.12,3044.4666666666667,2838.6175,45.56354916067146,3110.26,7.406666666666751,9.982499999999618,0.0381679389312976,3141.0,3067.0,3032.0,3053.0,21707900.0
2025-12-09,3076.0,3083.0,3044.0,3066.0,3066.0,15163400.0,3082.2,3087.56,3045.86,2840.83,48.63523573200992,3111.52,6.400000000000091,9.892499999999927,0.0577885112989478,3141.0,3060.0,3060.0,3050.0,15596600.0
2025-12-10,3089.0,3137.0,3076.0,3116.0,3116.0,20327700.0,3085.8,3085.0,3047.813333333333,2843.2925,46.786632390745496,3113.74,6.900000000000091,10.519999999999982,0.0750388131792305,3141.0,3083.0,3066.0,3076.0,15163400.0
2025-12-11,3148.0,3160.0,3099.0,3110.0,3110.0,14242200.0,3086.45,3082.2,3049.6866666666665,2845.725,46.42857142857143,3113.86,7.866666666666333,11.154999999999744,0.0729687769535967,3141.0,3137.0,3116.0,3089.0,20327700.0
2025-12-12,3191.0,3272.0,3168.0,3260.0,3260.0,42664200.0,3094.6,3087.84,3053.56,2848.9175,61.82495344506518,3117.24,10.833333333333483,12.5,0.1247196825944454,3260.0,3160.0,3110.0,3148.0,14242200.0
2025-12-13,3191.0,3272.0,3168.0,3260.0,3260.0,42664200.0,3102.75,3097.08,3058.76,2852.0175,61.82495344506518,3119.9,14.29333333333352,13.400000000000093,0.1352951419118928,3260.0,3272.0,3260.0,3191.0,42664200.0
2025-12-14,3191.0,3272.0,3168.0,3260.0,3260.0,42664200.0,3110.9,3106.0,3064.233333333333,2855.16,61.82495344506518,3122.56,18.373333333333,14.329999999999927,0.1189291230478806,3260.0,3272.0,3260.0,3191.0,42664200.0
2025-12-15,3243.0,3358.0,3242.0,3350.0,3350.0,31427000.0,3124.55,3118.24,3071.28,2858.2375,73.26388888888889,3127.02,23.466666666666697,14.945000000000164,0.1338635979015061,3350.0,3272.0,3260.0,3191.0,42664200.0
2025-12-16,3380.0,3394.0,3329.0,3330.0,3330.0,28736000.0,3134.0,3127.56,3078.28,2861.0425,75.49194991055457,3129.26,28.593333333333703,15.31750000000011,0.1351627748423385,3350.0,3358.0,3350.0,3243.0,31427000.0
2025-12-17,3346.0,3356.0,3312.0,3349.0,3349.0,20872500.0,3144.55,3137.64,3085.0733333333333,2863.9425,81.97026022304833,3132.82,31.51333333333332,15.025000000000093,0.1416396795636612,3350.0,3394.0,3330.0,3380.0,28736000.0
2025-12-18,3350.0,3384.0,3342.0,3363.0,3363.0,19193200.0,3156.05,3148.28,3092.0533333333333,2866.9125,78.63436123348018,3137.16,33.29333333333307,14.894999999999982,0.1464121356741095,3363.0,3356.0,3349.0,3346.0,20872500.0
2025-12-19,3389.0,3439.0,3388.0,3424.0,3424.0,37972600.0,3170.6,3161.36,3099.846666666667,2870.5775,94.14414414414416,3141.94,35.613333333333685,15.417500000000018,0.1401931401931402,3424.0,3384.0,3363.0,3350.0,19193200.0
2025-12-20,3389.0,3439.0,3388.0,3424.0,3424.0,37972600.0,3185.15,3175.24,3105.846666666667,2874.3225,94.14414414414416,3147.66,34.566666666666606,16.085000000000036,0.1394342762063227,3424.0,3439.0,3424.0,3389.0,37972600.0
2025-12-21,3389.0,3439.0,3388.0,3424.0,3424.0,37972600.0,3202.25,3186.56,3111.193333333333,2877.82,94.14414414414416,3153.38,32.91333333333296,16.777500000000146,0.1030927835051547,3424.0,3439.0,3424.0,3389.0,37972600.0
2025-12-22,3494.0,3495.0,3437.0,3455.0,3455.0,17099900.0,3222.75,3199.24,3117.14,2881.8425,94.1834451901566,3159.72,32.066666666666606,17.90000000000009,0.1177612423164025,3455.0,3439.0,3424.0,3389.0,37972600.0
2025-12-23,3479.0,3479.0,3410.0,3415.0,3415.0,17000600.0,3243.25,3210.52,3123.373333333333,2885.6575,86.27858627858627,3165.26,31.320000000000164,18.74499999999989,0.0921010553245922,3455.0,3495.0,3455.0,3494.0,17099900.0
2025-12-24,3418.0,3420.0,3353.0,3353.0,3353.0,12845800.0,3255.75,3219.32,3129.4333333333334,2889.1625,74.03651115618662,3169.22,29.586666666666588,18.58500000000004,0.0722737448033259,3455.0,3479.0,3415.0,3479.0,17000600.0
2025-12-25,3377.0,3383.0,3358.0,3374.0,3374.0,7132300.0,3272.85,3228.96,3135.773333333333,2892.7725,75.98425196850394,3175.9,29.926666666666733,18.44999999999981,0.0789894467540774,3455.0,3420.0,3353.0,3418.0,12845800.0
2025-12-26,3377.0,3397.0,3369.0,3380.0,3380.0,10705500.0,3290.25,3240.88,3142.193333333333,2896.4725,66.4835164835165,3180.72,31.0,18.65249999999969,0.0503418272218769,3455.0,3383.0,3374.0,3377.0,7132300.0
2025-12-27,3377.0,3397.0,3369.0,3380.0,3380.0,10705500.0,3307.65,3254.28,3148.613333333333,2900.085,66.4835164835165,3185.96,31.47333333333336,18.24249999999984,0.0659098076316619,3455.0,3397.0,3380.0,3377.0,10705500.0
2025-12-28,3377.0,3397.0,3369.0,3380.0,3380.0,10705500.0,3323.65,3269.28,3155.393333333333,2903.705,66.4835164835165,3191.2,32.01999999999998,18.047500000000127,0.0743801652892561,3455.0,3397.0,3380.0,3377.0,10705500.0
2025-12-29,3386.0,3386.0,3352.0,3364.0,3364.0,12099700.0,3338.55,3279.72,3161.4,2907.4425,52.41379310344828,3196.12,31.966666666666697,18.2800000000002,0.0562009419152276,3455.0,3397.0,3380.0,3377.0,10705500.0
2025-12-30,3370.0,3387.0,3353.0,3356.0,3356.0,12175900.0,3350.55,3292.68,3166.7533333333336,2911.4475,54.67625899280576,3200.62,30.98000000000001,18.675000000000185,0.0694710006373486,3455.0,3386.0,3364.0,3386.0,12099700.0
2025-12-31,3370.0,3387.0,3353.0,3356.0,3356.0,12175900.0,3362.85,3305.64,3172.3866666666668,2915.4525,51.35135135135135,3204.8,30.19333333333361,18.98000000000001,0.0694710006373486,3455.0,3387.0,3356.0,3370.0,12175900.0
2026-01-01,3370.0,3387.0,3353.0,3356.0,3356.0,12175900.0,3367.65,3318.6,3178.02,2919.4575,48.57142857142857,3208.12,29.40666666666675,19.372499999999945,0.0694710006373486,3455.0,3387.0,3356.0,3370.0,12175900.0
2026-01-02,3370.0,3387.0,3353.0,3356.0,3356.0,12175900.0,3372.45,3330.44,3183.653333333333,2923.465,31.5217391304348,3211.28,28.259999999999764,19.76000000000022,0.0694710006373486,3455.0,3387.0,3356.0,3370.0,12175900.0
2026-01-03,3370.0,3387.0,3353.0,3356.0,3356.0,12175900.0,3377.25,3342.04,3188.36,2927.555,31.5217391304348,3214.8,26.96000000000004,20.112499999999727,0.0637083993660856,3455.0,3387.0,3356.0,3370.0,12175900.0
2026-01-04,3370.0,3387.0,3353.0,3356.0,3356.0,12175900.0,3377.55,3351.64,3193.04,2931.49,31.5217391304348,3218.32,26.28666666666641,20.042499999999563,0.1039473684210525,3455.0,3387.0,3356.0,3370.0,12175900.0
2026-01-05,3411.0,3455.0,3397.0,3399.0,3399.0,18505900.0,3381.0,3363.2,3196.9733333333334,2935.8575,35.71428571428572,3222.7,24.586666666666588,20.4050000000002,0.0828289264096846,3455.0,3387.0,3356.0,3370.0,12175900.0
2026-01-06,3488.0,3504.0,3423.0,3429.0,3429.0,21996200.0,3385.0,3369.96,3201.48,2940.49,53.76344086021506,3228.9,23.46000000000004,21.0324999999998,0.0997434252726106,3455.0,3455.0,3399.0,3411.0,18505900.0
2026-01-07,3350.0,3360.0,3326.0,3335.0,3335.0,21592100.0,3383.6,3372.96,3204.2533333333336,2944.6525,45.87155963302752,3235.02,20.600000000000364,21.1875,0.0695958948043617,3455.0,3504.0,3429.0,3488.0,21996200.0
2026-01-08,3301.0,3328.0,3286.0,3294.0,3294.0,18107700.0,3377.1,3374.32,3206.48,2948.61,33.19327731092437,3240.16,18.11999999999989,21.05500000000029,0.0564464400256574,3455.0,3360.0,3335.0,3350.0,21592100.0
2026-01-09,3322.0,3404.0,3321.0,3388.0,3388.0,24104300.0,3375.3,3375.84,3209.96,2953.0825,51.22699386503067,3247.04,16.920000000000073,21.5925000000002,0.0820824017885659,3455.0,3328.0,3294.0,3301.0,18107700.0
2026-01-10,3322.0,3404.0,3321.0,3388.0,3388.0,24104300.0,3373.5,3378.16,3212.2266666666665,2957.5725,51.22699386503067,3252.86,15.253333333333105,21.715000000000146,0.0765808706704798,3455.0,3404.0,3388.0,3322.0,24104300.0
2026-01-11,3322.0,3404.0,3321.0,3388.0,3388.0,24104300.0,3370.15,3379.72,3215.12,2962.21,51.22699386503067,3258.68,13.639999999999873,21.72000000000025,0.0620689655172412,3429.0,3404.0,3388.0,3322.0,24104300.0
2026-01-12,3322.0,3404.0,3321.0,3388.0,3388.0,24104300.0,3368.8,3380.72,3218.346666666667,2966.8675,53.87096774193549,3264.5,14.093333333333248,22.21499999999969,0.0594121325828642,3429.0,3404.0,3388.0,3322.0,24104300.0
2026-01-13,3500.0,3641.0,3499.0,3641.0,3641.0,50179500.0,3383.2,3389.4,3224.4266666666667,2972.4375,75.67567567567568,3275.38,17.946666666666715,23.82749999999988,0.1449685534591194,3641.0,3404.0,3388.0,3322.0,24104300.0
2026-01-14,3620.0,3645.0,3562.0,3622.0,3622.0,26474500.0,3395.6,3397.32,3230.88,2977.9125,73.17073170731707,3286.28,20.92000000000008,24.829999999999927,0.1389937106918239,3641.0,3641.0,3641.0,3500.0,50179500.0
2026-01-15,3639.0,3764.0,3635.0,3714.0,3714.0,35684100.0,3412.3,3408.92,3238.56,2983.8475,76.87687687687688,3297.74,26.333333333333485,26.27499999999964,0.1679245283018868,3714.0,3645.0,3622.0,3620.0,26474500.0
2026-01-16,3675.0,3742.0,3660.0,3670.0,3670.0,20254500.0,3426.8,3417.52,3245.653333333333,2989.7325,72.11267605633803,3308.38,30.533333333333303,27.52250000000004,0.1766591856364219,3714.0,3764.0,3714.0,3639.0,35684100.0
2026-01-17,3675.0,3742.0,3660.0,3670.0,3670.0,20254500.0,3441.3,3427.72,3252.7466666666664,2995.8175,72.11267605633803,3319.12,34.39999999999964,28.95000000000028,0.2116209970287224,3714.0,3742.0,3670.0,3675.0,20254500.0
2026-01-18,3675.0,3742.0,3660.0,3670.0,3670.0,20254500.0,3456.6,3440.4,3259.613333333333,3001.84,72.11267605633803,3329.86,35.1866666666665,29.402500000000146,0.2084293710898912,3714.0,3742.0,3670.0,3675.0,20254500.0
2026-01-19,3600.0,3623.0,3565.0,3623.0,3623.0,17580700.0,3469.95,3450.36,3267.3866666666668,3007.3975,65.68627450980392,3339.66,36.50666666666666,29.485000000000127,0.1902102496714848,3714.0,3742.0,3670.0,3675.0,20254500.0
2026-01-20,3590.0,3594.0,3528.0,3541.0,3541.0,20386000.0,3479.2,3456.8,3272.7466666666664,3012.68,57.31070496083552,3348.84,34.1866666666665,28.832499999999985,0.1433645463351631,3714.0,3623.0,3623.0,3600.0,17580700.0
2026-01-21,3506.0,3559.0,3491.0,3552.0,3552.0,16952900.0,3489.0,3463.68,3278.5333333333333,3018.0175,65.88579795021963,3358.98,32.88000000000011,28.28499999999985,0.1469163706813046,3714.0,3594.0,3541.0,3590.0,20386000.0
2026-01-22,3630.0,3639.0,3570.0,3584.0,3584.0,17423300.0,3500.4,3471.84,3284.7466666666664,3023.515,71.513353115727,3370.56,32.0,27.697499999999764,0.1572489505973522,3714.0,3559.0,3552.0,3506.0,16952900.0
2026-01-23,3635.0,3651.0,3587.0,3624.0,3624.0,21187900.0,3513.8,3482.24,3291.4933333333333,3029.3675,69.03225806451613,3380.98,31.88000000000011,27.52749999999969,0.170164675492412,3714.0,3639.0,3584.0,3630.0,17423300.0
2026-01-24,3635.0,3651.0,3587.0,3624.0,3624.0,21187900.0,3527.2,3492.96,3298.0666666666666,3035.1625,69.03225806451613,3392.82,30.67999999999984,27.76499999999988,0.1777705557361066,3714.0,3651.0,3624.0,3635.0,21187900.0
2026-01-25,3635.0,3651.0,3587.0,3624.0,3624.0,21187900.0,3538.45,3503.68,3304.4266666666667,3040.845,69.03225806451613,3404.66,31.68000000000029,28.164999999999964,0.1537726838586437,3714.0,3651.0,3624.0,3635.0,21187900.0
2026-01-26,3500.0,3521.0,3460.0,3477.0,3477.0,28379900.0,3540.85,3508.52,3308.2533333333336,3045.8625,55.80182529335072,3413.56,29.72000000000025,27.84500000000025,0.1080305927342255,3714.0,3651.0,3624.0,3635.0,21187900.0
2026-01-27,3496.0,3498.0,3436.0,3459.0,3459.0,18214200.0,3547.05,3512.64,3311.733333333333,3050.6175,32.89473684210526,3421.54,26.98666666666668,27.102499999999964,0.1040536227258219,3714.0,3521.0,3477.0,3500.0,28379900.0
2026-01-28,3368.0,3381.0,3341.0,3347.0,3347.0,23115000.0,3549.7,3512.28,3313.96,3054.8125,28.0,3427.16,22.466666666666697,25.445000000000164,0.0683051388445579,3714.0,3498.0,3459.0,3496.0,18214200.0
2026-01-29,3369.0,3470.0,3346.0,3448.0,3448.0,24456700.0,3552.7,3515.96,3317.5333333333333,3059.5125,29.02208201892745,3433.8,19.466666666666697,24.34999999999991,0.1005426109160549,3714.0,3381.0,3347.0,3368.0,23115000.0
2026-01-30,3456.0,3530.0,3452.0,3504.0,3504.0,23842000.0,3558.5,3520.16,3321.853333333333,3064.375,37.151702786377705,3441.68,17.426666666666733,23.5300000000002,0.1369240752757949,3714.0,3470.0,3448.0,3369.0,24456700.0
2026-01-31,3456.0,3530.0,3452.0,3504.0,3504.0,23842000.0,3564.3,3523.16,3326.9866666666667,3069.235,37.151702786377705,3446.56,18.73333333333312,23.372499999999945,0.1507389162561576,3714.0,3530.0,3504.0,3456.0,23842000.0
2026-02-01,3456.0,3530.0,3452.0,3504.0,3504.0,23842000.0,3570.1,3529.92,3333.32,3074.2075,37.151702786377705,3451.44,21.586666666667043,23.590000000000146,0.1660565723793676,3714.0,3530.0,3504.0,3456.0,23842000.0
2026-02-02,3600.0,3627.0,3516.0,3535.0,3535.0,22997000.0,3564.8,3539.56,3339.96,3079.28,43.01587301587302,3456.94,26.0,24.4675000000002,0.1392201095713825,3714.0,3530.0,3504.0,3456.0,23842000.0
2026-02-03,3621.0,3622.0,3573.0,3594.0,3594.0,20936000.0,3563.4,3547.8,3347.293333333333,3084.67,54.365733113673805,3461.82,29.76000000000022,25.15750000000025,0.1853562005277045,3714.0,3627.0,3535.0,3600.0,22997000.0
2026-02-04,3656.0,3743.0,3629.0,3725.0,3725.0,28520900.0,3563.95,3561.28,3355.6666666666665,3090.715,61.89821182943604,3469.72,33.81333333333305,26.340000000000146,0.2285620052770449,3725.0,3622.0,3594.0,3621.0,20936000.0
2026-02-05,3800.0,3813.0,3694.0,3706.0,3706.0,32411800.0,3565.75,3574.0,3363.786666666667,3096.665,58.543417366946784,3476.86,36.80000000000018,27.42999999999984,0.2222955145118734,3725.0,3743.0,3725.0,3656.0,28520900.0
2026-02-06,3669.0,3793.0,3637.0,3780.0,3780.0,42812900.0,3571.25,3589.68,3372.893333333333,3102.985,60.42780748663102,3485.2,39.57333333333327,28.777500000000146,0.2352941176470588,3780.0,3813.0,3706.0,3800.0,32411800.0
2026-02-07,3669.0,3793.0,3637.0,3780.0,3780.0,42812900.0,3576.75,3595.24,3382.0,3109.4025,60.42780748663102,3492.32,42.03999999999997,30.122499999999945,0.2328767123287671,3780.0,3793.0,3780.0,3669.0,42812900.0
2026-02-08,3669.0,3793.0,3637.0,3780.0,3780.0,42812900.0,3584.6,3601.56,3391.373333333333,3114.03,60.42780748663102,3499.44,44.07999999999993,29.360000000000127,0.2130937098844672,3780.0,3793.0,3780.0,3669.0,42812900.0
2026-02-09,3999.0,4000.0,3729.0,3729.0,3729.0,40235900.0,3594.0,3602.16,3399.213333333333,3118.4525,69.32515337423312,3505.54,43.546666666666624,27.737499999999727,0.1990353697749196,3780.0,3793.0,3780.0,3669.0,42812900.0
2026-02-10,3727.0,3759.0,3687.0,3714.0,3714.0,27155000.0,3602.1,3603.92,3406.893333333333,3123.0875,69.64560862865947,3510.72,43.10666666666657,26.422500000000127,0.1392638036809816,3780.0,4000.0,3729.0,3999.0,40235900.0
2026-02-11,3727.0,3759.0,3687.0,3714.0,3714.0,27155000.0,3608.6,3605.68,3414.64,3127.7225,84.17132216014897,3516.7,41.74666666666644,24.737499999999727,0.1392638036809816,3780.0,3759.0,3714.0,3727.0,27155000.0
2026-02-12,3682.0,3707.0,3630.0,3705.0,3705.0,27029000.0,3612.65,3607.08,3422.266666666667,3132.3125,78.87640449438203,3523.74,40.26666666666688,22.90999999999985,0.1365030674846625,3780.0,3759.0,3714.0,3727.0,27155000.0
2026-02-13,3760.0,3787.0,3716.0,3774.0,3774.0,32482400.0,3620.15,3613.12,3430.813333333333,3137.1575,79.47598253275109,3531.74,39.440000000000055,23.1274999999996,0.1265671641791044,3780.0,3707.0,3705.0,3682.0,27029000.0
2026-02-14,3760.0,3787.0,3716.0,3774.0,3774.0,32482400.0,3627.65,3622.44,3440.04,3142.32,79.47598253275109,3539.62,40.82666666666682,23.86750000000029,0.1333333333333333,3780.0,3787.0,3774.0,3760.0,32482400.0
2026-02-15,3760.0,3787.0,3716.0,3774.0,3774.0,32482400.0,3642.5,3631.32,3449.76,3147.4725,79.47598253275109,3547.5,42.86666666666679,24.384999999999764,0.1269035532994924,3780.0,3787.0,3774.0,3760.0,32482400.0
2026-02-16,3759.0,3760.0,3656.0,3666.0,3666.0,18417600.0,3652.85,3634.6,3458.5733333333333,3152.32,62.242990654205606,3553.22,43.933333333333394,24.59750000000031,0.0900981266726137,3780.0,3787.0,3774.0,3760.0,32482400.0
2026-02-17,3682.0,3724.0,3667.0,3713.0,3713.0,13395200.0,3671.15,3638.16,3466.7066666666665,3157.2625,61.376673040152966,3560.2,44.4399999999996,24.94999999999981,0.0844042056074767,3780.0,3760.0,3666.0,3759.0,18417600.0
2026-02-21,3710.0,3715.0,3605.0,3635.0,3635.0,24781700.0,3711.85,3661.76,3501.613333333333,3177.1175,35.47094188376754,3587.2,43.03999999999997,24.79749999999968,0.0644216691068813,3780.0,3715.0,3635.0,3710.0,24781700.0
2026-02-22,3710.0,3715.0,3605.0,3635.0,3635.0,24781700.0,3716.85,3673.28,3509.2,3181.6875,35.47094188376754,3592.78,42.49333333333334,24.425000000000185,0.0841037876528481,3780.0,3715.0,3635.0,3710.0,24781700.0
2026-02-23,3710.0,3715.0,3605.0,3635.0,3635.0,24781700.0,3718.9,3680.76,3516.12,3186.4625,39.50892857142856,3598.36,40.10666666666657,24.172500000000127,0.0773562537048013,3780.0,3715.0,3635.0,3710.0,24781700.0
2026-02-18,3758.0,3769.0,3719.0,3730.0,3730.0,15050800.0,,,,,,,,,,,,,,
2026-02-19,3730.0,3786.0,3710.0,3774.0,3774.0,15842100.0,,,,,,,,,,,,,,
2026-02-20,3710.0,3715.0,3605.0,3635.0,3635.0,24781700.0,,,,,,,,,,,,,,
2026-02-24,3676.0,3682.0,3621.0,3656.0,3656.0,20855600.0,,,,,,,,,,,,,,
2026-02-25,3697.0,3753.0,3680.0,3720.0,3720.0,24220000.0,,,,,,,,,,,,,,
2026-02-26,3780.0,3821.0,3755.0,3776.0,3776.0,24605000.0,,,,,,,,,,,,,,
2026-02-27,3740.0,3825.0,3716.0,3825.0,3825.0,28621000.0,,,,,,,,,,,,,,
2026-03-02,3685.0,3957.0,3652.0,3944.0,3944.0,44611800.0,,,,,,,,,,,,,,
2026-03-03,3800.0,3801.0,3673.0,3702.0,3702.0,50592000.0,,,,,,,,,,,,,,
2026-03-04,3660.0,3669.0,3497.0,3520.0,3520.0,34266800.0,,,,,,,,,,,,,,
2026-03-05,3600.0,3635.0,3481.0,3481.0,3481.0,31699400.0,,,,,,,,,,,,,,
2026-03-06,3490.0,3543.0,3470.0,3515.0,3515.0,20575900.0,,,,,,,,,,,,,,
