Date,Open,High,Low,Close,Adj Close,Volume,MA20,MA25,MA75,MA200,RSI14,MA50,MA75_slope,MA200_slope,Ret60,High20,PrevHigh,PrevClose,PrevOpen,PrevVolume
2020-02-25,925.0,956.5,925.0,929.0,840.3450927734375,359200.0,,,,,50.0,,,,,,,,,
2020-02-26,920.0,943.0,914.0,937.0,847.58154296875,281800.0,,,,,50.0,,,,,,956.5,929.0,925.0,359200.0
2020-02-27,942.5,951.5,913.0,922.5,834.4652099609375,349400.0,,,,,50.0,,,,,,943.0,937.0,920.0,281800.0
2020-02-28,896.0,900.0,860.0,873.0,789.6890258789062,527400.0,,,,,50.0,,,,,,951.5,922.5,942.5,349400.0
2020-02-29,896.0,900.0,860.0,873.0,789.6890258789062,527400.0,,,,,50.0,,,,,,900.0,873.0,896.0,527400.0
2020-03-01,896.0,900.0,860.0,873.0,789.6890258789062,527400.0,,,,,50.0,,,,,,900.0,873.0,896.0,527400.0
2020-03-02,873.0,943.5,873.0,919.5,831.7515869140625,335200.0,,,,,50.0,,,,,,900.0,873.0,896.0,527400.0
2020-03-03,964.5,964.5,899.5,903.5,817.2784423828125,408600.0,,,,,50.0,,,,,,943.5,919.5,873.0,335200.0
2020-03-04,885.0,903.0,878.0,900.0,814.1124267578125,227600.0,,,,,50.0,,,,,,964.5,903.5,964.5,408600.0
2020-03-05,924.0,935.5,907.5,912.0,824.9673461914062,193000.0,,,,,50.0,,,,,,903.0,900.0,885.0,227600.0
2020-03-06,898.0,901.5,877.0,890.0,805.0667114257812,198400.0,,,,,50.0,,,,,,935.5,912.0,924.0,193000.0
2020-03-07,898.0,901.5,877.0,890.0,805.0667114257812,198400.0,,,,,50.0,,,,,,901.5,890.0,898.0,198400.0
2020-03-08,898.0,901.5,877.0,890.0,805.0667114257812,198400.0,,,,,50.0,,,,,,901.5,890.0,898.0,198400.0
2020-03-09,865.0,871.0,828.5,836.0,756.219970703125,202400.0,,,,,50.0,,,,,,901.5,890.0,898.0,198400.0
2020-03-10,816.5,894.5,809.5,885.0,800.5440063476562,421600.0,,,,,41.99999999999999,,,,,,871.0,836.0,865.0,202400.0
2020-03-11,905.0,924.0,873.5,873.5,790.141357421875,405800.0,,,,,38.59964093357272,,,,,,894.5,885.0,816.5,421600.0
2020-03-12,873.5,912.0,868.0,890.5,805.51904296875,699600.0,,,,,44.30604982206405,,,,,,924.0,873.5,905.0,405800.0
2020-03-13,850.5,864.5,795.5,830.0,750.7926025390625,588600.0,,,,,42.636986301369866,,,,,,912.0,890.5,873.5,699600.0
2020-03-14,850.5,864.5,795.5,830.0,750.7926025390625,588600.0,,,,,42.636986301369866,,,,,,864.5,830.0,850.5,588600.0
2020-03-15,850.5,864.5,795.5,830.0,750.7926025390625,588600.0,884.375,,,,42.636986301369866,,,,,937.0,864.5,830.0,850.5,588600.0
2020-03-16,850.0,897.5,840.0,846.5,765.718017578125,410400.0,880.25,,,,36.068702290076345,,,,,937.0,864.5,830.0,850.5,588600.0
2020-03-17,828.5,948.0,818.5,938.0,848.4861450195312,705800.0,880.3,,,,55.11111111111112,,,,,938.0,897.5,846.5,850.0,410400.0
2020-03-18,954.5,1072.5,954.5,1044.5,944.82275390625,914600.0,886.4,,,,66.40181611804766,,,,,1044.5,948.0,938.0,828.5,705800.0
2020-03-19,1069.5,1215.0,1069.5,1215.0,1099.0517578125,807200.0,903.5,,,,75.29215358931552,,,,,1215.0,1072.5,1044.5,954.5,914600.0
2020-03-20,1069.5,1215.0,1069.5,1215.0,1099.0517578125,807200.0,920.6,917.86,,,78.16291161178509,,,,,1215.0,1215.0,1215.0,1069.5,807200.0
2020-03-21,1069.5,1215.0,1069.5,1215.0,1099.0517578125,807200.0,937.7,929.3,,,78.16291161178509,,,,,1215.0,1215.0,1215.0,1069.5,807200.0
2020-03-22,1069.5,1215.0,1069.5,1215.0,1099.0517578125,807200.0,952.475,940.42,,,78.16291161178509,,,,,1215.0,1215.0,1215.0,1069.5,807200.0
2020-03-23,1210.0,1332.0,1206.0,1306.0,1181.3675537109375,1175800.0,972.6,955.76,,,88.27361563517915,,,,,1306.0,1215.0,1215.0,1069.5,807200.0
2020-03-24,1292.5,1331.5,1206.0,1229.0,1111.7158203125,1065800.0,989.05,970.0,,,76.79127725856698,,,,,1306.0,1332.0,1306.0,1210.0,1175800.0
2020-03-25,1228.5,1247.0,1180.0,1236.0,1118.0477294921875,575600.0,1005.25,984.52,,,78.43137254901961,,,,,1306.0,1331.5,1229.0,1292.5,1065800.0
2020-03-26,1200.0,1260.0,1189.0,1240.5,1122.1182861328125,459000.0,1022.775,999.22,,,78.0,,,,,1306.0,1247.0,1236.0,1228.5,575600.0
2020-03-27,1290.5,1311.5,1248.0,1289.0,1165.989990234375,629600.0,1042.725,1014.0,,,87.43882544861337,,,,,1306.0,1260.0,1240.5,1200.0,459000.0
2020-03-28,1290.5,1311.5,1248.0,1289.0,1165.989990234375,629600.0,1062.675,1029.42,,,87.43882544861337,,,,,1306.0,1311.5,1289.0,1290.5,629600.0
2020-03-29,1290.5,1311.5,1248.0,1289.0,1165.989990234375,629600.0,1085.325,1044.98,,,87.43882544861337,,,,,1306.0,1311.5,1289.0,1290.5,629600.0
2020-03-30,1233.5,1273.5,1190.0,1263.0,1147.3443603515625,522800.0,1104.225,1059.02,,,83.45381526104418,,,,,1306.0,1311.5,1289.0,1290.5,629600.0
2020-03-31,1263.5,1275.0,1200.0,1222.5,1110.5531005859375,542400.0,1121.675,1072.32,,,74.89063867016623,,,,,1306.0,1273.5,1263.0,1233.5,522800.0
2020-04-01,1214.5,1228.0,1167.0,1176.5,1068.765380859375,491000.0,1135.975,1083.78,,,62.91585127201566,,,,,1306.0,1275.0,1222.5,1263.5,542400.0
2020-04-02,1178.5,1224.5,1176.5,1183.5,1075.1243896484375,409800.0,1153.65,1095.52,,,45.46762589928058,,,,,1306.0,1228.0,1176.5,1214.5,491000.0
2020-04-03,1183.5,1247.5,1180.5,1194.0,1084.6630859375,409000.0,1171.85,1109.84,,,47.06703910614525,,,,,1306.0,1224.5,1183.5,1178.5,409800.0
2020-04-04,1183.5,1247.5,1180.5,1194.0,1084.6630859375,409000.0,1190.05,1122.2,,,47.06703910614525,,,,,1306.0,1247.5,1194.0,1183.5,409000.0
2020-04-05,1183.5,1247.5,1180.5,1194.0,1084.6630859375,409000.0,1207.425,1135.02,,,47.06703910614525,,,,,1306.0,1247.5,1194.0,1183.5,409000.0
2020-04-06,1194.0,1269.0,1194.0,1250.0,1135.5350341796875,658200.0,1223.025,1149.4,,,41.3312693498452,,,,,1306.0,1247.5,1194.0,1183.5,409000.0
2020-04-07,1230.0,1284.0,1221.0,1270.5,1154.1575927734375,526600.0,1234.325,1167.02,,,57.78611632270169,,,,,1306.0,1269.0,1250.0,1194.0,658200.0
2020-04-08,1250.5,1345.0,1250.5,1328.0,1206.3922119140625,664600.0,1239.975,1186.94,,,64.51104100946372,,,,,1328.0,1284.0,1270.5,1230.0,526600.0
2020-04-09,1343.0,1388.5,1311.5,1347.0,1223.65234375,488400.0,1246.575,1207.62,,,66.06334841628959,,,,,1347.0,1345.0,1328.0,1250.5,664600.0
2020-04-10,1311.0,1340.5,1285.5,1335.0,1212.751220703125,536400.0,1252.575,1227.16,,,57.79661016949153,,,,,1347.0,1388.5,1347.0,1343.0,488400.0
2020-04-11,1311.0,1340.5,1285.5,1335.0,1212.751220703125,536400.0,1258.575,1243.04,,,57.79661016949153,,,,,1347.0,1340.5,1335.0,1311.0,536400.0
2020-04-12,1311.0,1340.5,1285.5,1335.0,1212.751220703125,536400.0,1260.025,1254.66,,,57.79661016949153,,,,,1347.0,1340.5,1335.0,1311.0,536400.0
2020-04-13,1342.5,1363.0,1312.5,1353.5,1229.55712890625,472600.0,1266.25,1260.2,,,65.73913043478261,,,,,1353.5,1340.5,1335.0,1311.0,536400.0
2020-04-14,1372.5,1396.5,1362.5,1387.5,1260.44384765625,543800.0,1273.825,1267.1,,,79.35943060498221,1092.48,,,,1387.5,1363.0,1353.5,1342.5,472600.0
2020-04-15,1381.0,1431.0,1368.5,1415.0,1285.425537109375,586400.0,1282.55,1275.1,,,95.42857142857144,1102.2,,,,1415.0,1396.5,1387.5,1372.5,543800.0
2020-04-16,1420.0,1527.5,1417.5,1527.5,1387.62353515625,756800.0,1294.475,1287.6,,,96.7391304347826,1114.01,,,,1527.5,1431.0,1415.0,1381.0,586400.0
2020-04-17,1540.0,1545.0,1478.5,1488.5,1352.19482421875,653200.0,1304.45,1294.9,,,87.1374527112232,1125.33,,,,1527.5,1527.5,1527.5,1420.0,756800.0
2020-04-18,1540.0,1545.0,1478.5,1488.5,1352.19482421875,653200.0,1314.425,1305.28,,,87.1374527112232,1137.64,,,,1527.5,1545.0,1488.5,1540.0,653200.0
2020-04-19,1540.0,1545.0,1478.5,1488.5,1352.19482421875,653200.0,1325.7,1315.38,,,87.1374527112232,1149.95,,,,1527.5,1545.0,1488.5,1540.0,653200.0
2020-04-20,1472.5,1472.5,1415.0,1448.0,1315.4036865234375,656400.0,1336.975,1323.68,,,75.98425196850394,1161.45,,,,1527.5,1545.0,1488.5,1540.0,653200.0
2020-04-21,1460.0,1520.0,1440.5,1512.5,1373.997314453125,506000.0,1353.775,1332.62,,,78.47058823529412,1173.31,,,,1527.5,1472.5,1448.0,1472.5,656400.0
2020-04-22,1525.0,1630.0,1517.5,1595.0,1448.942626953125,992600.0,1374.35,1344.86,,,79.66666666666667,1187.14,,,,1595.0,1520.0,1512.5,1460.0,506000.0
2020-04-23,1630.0,1665.0,1605.0,1635.0,1485.2796630859375,778400.0,1396.4,1358.7,,,80.57324840764332,1201.84,,,,1635.0,1630.0,1595.0,1525.0,992600.0
2020-04-24,1607.5,1635.0,1562.5,1622.5,1473.92431640625,418000.0,1417.825,1373.08,,,80.48780487804878,1216.05,,,,1635.0,1665.0,1635.0,1630.0,778400.0
2020-04-25,1607.5,1635.0,1562.5,1622.5,1473.92431640625,418000.0,1439.25,1389.08,,,80.48780487804878,1230.7,,,0.7465016146393972,1635.0,1635.0,1622.5,1607.5,418000.0
2020-04-26,1607.5,1635.0,1562.5,1622.5,1473.92431640625,418000.0,1457.875,1406.92,,,80.48780487804878,1245.35,,,0.731590181430096,1635.0,1635.0,1622.5,1607.5,418000.0
2020-04-27,1645.0,1660.0,1612.5,1637.5,1487.550537109375,302000.0,1476.225,1425.08,,,80.34188034188034,1260.3,,,0.7750677506775068,1637.5,1635.0,1622.5,1607.5,418000.0
2020-04-28,1612.5,1640.0,1582.5,1640.0,1489.822021484375,323200.0,1491.825,1442.92,,,78.92325315005728,1276.38,,,0.8785796105383734,1640.0,1660.0,1637.5,1645.0,302000.0
2020-04-29,1612.5,1640.0,1582.5,1640.0,1489.822021484375,323200.0,1506.475,1460.76,,,77.50611246943765,1291.48,,,0.8785796105383734,1640.0,1640.0,1640.0,1612.5,323200.0
2020-04-30,1632.5,1637.5,1555.0,1562.5,1419.4185791015625,538400.0,1517.85,1475.5,,,54.67914438502674,1305.26,,,0.7898052691867126,1640.0,1640.0,1640.0,1612.5,323200.0
2020-05-01,1565.0,1622.5,1557.5,1602.5,1455.755859375,270400.0,1531.225,1489.6,,,65.2,1319.5,,,0.742794997281131,1640.0,1637.5,1562.5,1632.5,538400.0
2020-05-02,1565.0,1622.5,1557.5,1602.5,1455.755859375,270400.0,1544.6,1502.88,,,65.2,1334.95,,,0.7736579966795794,1640.0,1622.5,1602.5,1565.0,270400.0
2020-05-03,1565.0,1622.5,1557.5,1602.5,1455.755859375,270400.0,1557.05,1513.86,,,65.2,1350.4,,,0.7805555555555554,1640.0,1622.5,1602.5,1565.0,270400.0
2020-05-04,1565.0,1622.5,1557.5,1602.5,1455.755859375,270400.0,1567.8,1524.08,,,73.09417040358744,1365.85,,,0.7571271929824561,1640.0,1622.5,1602.5,1565.0,270400.0
2020-05-05,1565.0,1622.5,1557.5,1602.5,1455.755859375,270400.0,1577.175,1534.78,,,66.66666666666666,1380.97,,,0.800561797752809,1640.0,1622.5,1602.5,1565.0,270400.0
2020-05-06,1565.0,1622.5,1557.5,1602.5,1455.755859375,270400.0,1580.925,1545.48,,,51.99999999999999,1394.26,,,0.800561797752809,1640.0,1622.5,1602.5,1565.0,270400.0
2020-05-07,1590.0,1687.5,1590.0,1677.5,1523.8878173828125,587000.0,1590.375,1559.18,,,59.55056179775281,1406.92,,,0.8848314606741574,1677.5,1622.5,1602.5,1565.0,270400.0
2020-05-08,1695.0,1717.5,1612.5,1640.0,1489.822021484375,403200.0,1597.95,1570.64,,,53.53535353535354,1415.42,,,0.9617224880382776,1677.5,1687.5,1677.5,1590.0,587000.0
2020-05-09,1695.0,1717.5,1612.5,1640.0,1489.822021484375,403200.0,1605.525,1580.74,1255.2333333333331,,53.53535353535354,1423.92,,,0.8531073446327684,1677.5,1717.5,1640.0,1695.0,403200.0
2020-05-10,1695.0,1717.5,1612.5,1640.0,1489.822021484375,403200.0,1615.125,1589.74,1264.7133333333334,,53.53535353535354,1432.42,,,0.8775042930738408,1677.5,1717.5,1640.0,1695.0,403200.0
2020-05-11,1665.0,1672.5,1620.0,1655.0,1503.4483642578125,361400.0,1622.25,1594.84,1274.2866666666666,,53.53535353535354,1441.22,,,0.858506457046603,1677.5,1717.5,1640.0,1695.0,403200.0
2020-05-12,1430.0,1535.0,1405.5,1487.5,1351.2864990234375,2573000.0,1616.875,1594.8,1281.82,,31.51515151515152,1444.85,,,0.7921686746987953,1677.5,1672.5,1655.0,1665.0,361400.0
2020-05-13,1468.0,1507.5,1425.5,1481.5,1345.8359375,856600.0,1609.2,1594.52,1289.9333333333334,,31.06332138590203,1449.9,,,0.7849397590361447,1677.5,1535.0,1487.5,1430.0,2573000.0
2020-05-14,1455.0,1469.5,1415.0,1416.5,1286.7880859375,1186800.0,1598.9,1591.64,1297.18,,32.01970443349754,1453.51,41.94666666666672,,0.7066265060240964,1677.5,1507.5,1481.5,1468.0,856600.0
2020-05-15,1409.5,1411.5,1372.5,1385.5,1258.626953125,495800.0,1587.05,1589.14,1304.013333333333,,22.67002518891688,1456.41,39.29999999999996,,0.6367395156526876,1677.5,1469.5,1416.5,1455.0,1186800.0
2020-05-16,1409.5,1411.5,1372.5,1385.5,1258.626953125,495800.0,1575.2,1584.06,1310.2266666666667,,22.67002518891688,1458.34,35.940000000000055,,0.4770788912579957,1677.5,1411.5,1385.5,1409.5,495800.0
2020-05-17,1409.5,1411.5,1372.5,1385.5,1258.626953125,495800.0,1562.6,1575.68,1316.6533333333334,,22.67002518891688,1460.27,34.833333333333485,,0.3264719961704165,1677.5,1411.5,1385.5,1409.5,495800.0
2020-05-18,1407.5,1439.5,1390.0,1438.0,1306.3193359375,441200.0,1552.5,1567.8,1323.8266666666666,,31.701890989988883,1463.25,33.8933333333332,,0.1835390946502058,1677.5,1411.5,1385.5,1409.5,495800.0
2020-05-19,1450.0,1457.0,1393.0,1405.0,1276.34130859375,390400.0,1540.75,1559.1,1330.4,,29.53367875647669,1466.09,33.22000000000003,,0.1563786008230452,1677.5,1439.5,1438.0,1407.5,441200.0
2020-05-20,1402.5,1458.0,1397.5,1450.5,1317.6748046875,286600.0,1535.15,1552.22,1337.8733333333332,,35.60606060606061,1470.65,33.8599999999999,,0.1938271604938271,1677.5,1457.0,1405.0,1450.0,390400.0
2020-05-21,1444.0,1462.0,1423.0,1446.5,1314.0411376953125,231800.0,1527.35,1545.18,1345.2933333333333,,24.72647702407002,1476.05,35.066666666666606,,0.1905349794238682,1677.5,1458.0,1450.5,1402.5,286600.0
2020-05-22,1438.0,1457.5,1426.5,1447.0,1314.4951171875,271000.0,1519.575,1537.56,1352.72,,27.02380952380952,1481.32,36.066666666666606,,0.1079632465543645,1677.5,1462.0,1446.5,1444.0,231800.0
2020-05-23,1438.0,1457.5,1426.5,1447.0,1314.4951171875,271000.0,1511.8,1529.84,1360.8666666666666,,27.02380952380952,1486.38,37.03999999999997,,0.177379983726607,1677.5,1457.5,1447.0,1438.0,271000.0
2020-05-24,1438.0,1457.5,1426.5,1447.0,1314.4951171875,271000.0,1504.025,1522.12,1368.36,,27.02380952380952,1491.44,37.95999999999981,,0.1707119741100324,1677.5,1457.5,1447.0,1438.0,271000.0
2020-05-25,1464.5,1482.0,1449.0,1476.0,1340.839599609375,365800.0,1497.7,1518.66,1376.3933333333334,,29.3778801843318,1497.08,38.52000000000021,,0.1898428053204353,1677.5,1457.5,1447.0,1438.0,271000.0
2020-05-26,1496.0,1517.5,1456.0,1473.5,1338.568603515625,435200.0,1491.25,1513.5,1384.1666666666667,,47.39776951672862,1501.55,38.87333333333345,,0.143134212567882,1677.5,1482.0,1476.0,1464.5,365800.0
2020-05-27,1470.0,1478.0,1437.5,1470.0,1335.38916015625,296400.0,1480.875,1508.2,1392.7,,47.84240150093809,1505.54,39.98000000000002,,0.1404189294026376,1655.0,1517.5,1473.5,1496.0,435200.0
2020-05-28,1474.5,1475.0,1442.5,1456.5,1323.125244140625,303400.0,1471.7,1502.36,1401.0533333333333,,59.30232558139535,1508.11,40.18666666666672,,0.129945694336695,1655.0,1478.0,1470.0,1470.0,296400.0
2020-05-29,1467.5,1487.0,1459.5,1476.5,1341.293701171875,499000.0,1463.525,1497.32,1409.6733333333334,,72.30392156862746,1510.7,41.3133333333335,,0.1690419635787807,1655.0,1475.0,1456.5,1474.5,303400.0
2020-05-30,1467.5,1487.0,1459.5,1476.5,1341.293701171875,499000.0,1455.35,1492.28,1418.0733333333333,,72.30392156862746,1513.53,41.67999999999984,,0.2077709611451943,1655.0,1487.0,1476.5,1467.5,499000.0
2020-05-31,1467.5,1487.0,1459.5,1476.5,1341.293701171875,499000.0,1446.425,1487.24,1425.253333333333,,72.30392156862746,1516.36,41.08666666666659,,0.2549936251593709,1487.5,1487.0,1476.5,1467.5,499000.0
2020-06-01,1487.0,1517.5,1470.0,1510.0,1371.72607421875,480400.0,1447.55,1480.54,1431.46,,69.45945945945945,1519.86,38.75999999999999,,0.2758766370933672,1510.0,1487.0,1476.5,1467.5,499000.0
2020-06-02,1522.5,1562.5,1507.5,1512.5,1373.997314453125,598600.0,1449.1,1475.44,1435.4266666666667,,84.78964401294499,1523.04,34.37333333333345,,0.266750418760469,1512.5,1517.5,1510.0,1487.0,480400.0
2020-06-03,1535.0,1542.5,1499.0,1532.5,1392.165771484375,332800.0,1454.9,1471.14,1439.66,,81.7829457364341,1525.94,29.98666666666668,,0.283500837520938,1532.5,1562.5,1512.5,1522.5,598600.0
2020-06-04,1547.5,1550.0,1520.0,1547.5,1405.7921142578125,280600.0,1463.0,1467.44,1444.0933333333332,,86.07142857142857,1528.59,26.019999999999985,,0.2960636515912898,1547.5,1542.5,1532.5,1535.0,332800.0
2020-06-05,1527.5,1527.5,1456.0,1474.5,1339.47705078125,574600.0,1467.45,1460.22,1447.5533333333333,,56.47058823529412,1527.53,22.299999999999955,,0.1795999999999999,1547.5,1550.0,1547.5,1547.5,280600.0
2020-06-06,1527.5,1527.5,1456.0,1474.5,1339.47705078125,574600.0,1471.9,1459.7,1449.8,,56.47058823529412,1527.25,18.33999999999992,,0.1605667060212514,1547.5,1527.5,1474.5,1527.5,574600.0
2020-06-07,1527.5,1527.5,1456.0,1474.5,1339.47705078125,574600.0,1473.725,1459.42,1453.0733333333333,,56.47058823529412,1526.97,17.646666666666533,,0.1103162650602409,1547.5,1527.5,1474.5,1527.5,574600.0
2020-06-08,1430.0,1435.0,1403.0,1409.5,1280.428955078125,814400.0,1473.95,1459.14,1455.3866666666668,,36.61971830985915,1525.39,15.726666666666688,,0.046399406087602,1547.5,1527.5,1474.5,1527.5,574600.0
2020-06-09,1421.0,1455.5,1400.5,1447.0,1314.4951171875,596400.0,1473.775,1461.6,1458.14,,45.326278659612,1525.37,14.046666666666852,,0.0838951310861422,1547.5,1435.0,1409.5,1430.0,814400.0
2020-06-10,1450.0,1466.0,1428.0,1437.0,1305.410888671875,366200.0,1473.3,1463.66,1460.1133333333332,,44.3103448275862,1523.86,12.559999999999944,,0.0764044943820225,1547.5,1455.5,1447.0,1421.0,596400.0
2020-06-11,1420.0,1444.0,1400.0,1433.5,1302.2314453125,354200.0,1472.625,1465.58,1462.04,,45.892857142857146,1520.63,12.240000000000007,,0.0737827715355805,1547.5,1466.0,1437.0,1450.0,366200.0
2020-06-12,1392.0,1422.0,1386.0,1416.0,1286.333984375,408800.0,1471.075,1464.7,1463.7333333333331,,39.0990990990991,1516.25,10.660000000000082,,0.04617657923901,1547.5,1444.0,1433.5,1420.0,354200.0
2020-06-13,1392.0,1422.0,1386.0,1416.0,1286.333984375,408800.0,1469.525,1465.14,1465.7733333333333,,39.0990990990991,1512.12,10.386666666666542,,0.0205405405405405,1547.5,1422.0,1416.0,1392.0,408800.0
2020-06-14,1392.0,1422.0,1386.0,1416.0,1286.333984375,408800.0,1466.525,1463.76,1468.3533333333332,,39.0990990990991,1507.99,10.21333333333314,,0.0007067137809186,1547.5,1422.0,1416.0,1392.0,408800.0
2020-06-15,1423.0,1453.5,1409.0,1411.5,1282.24609375,277000.0,1463.425,1462.36,1471.486666666667,,30.18108651911469,1503.77,11.373333333333449,,-0.0759410801963993,1547.5,1422.0,1416.0,1392.0,408800.0
2020-06-16,1450.0,1461.0,1417.0,1437.5,1305.864990234375,329200.0,1461.8,1461.98,1474.8733333333332,,36.213235294117645,1499.77,12.833333333333258,,-0.0342626805508902,1547.5,1453.5,1411.5,1423.0,277000.0
2020-06-17,1418.5,1480.0,1417.5,1435.0,1303.593994140625,308400.0,1460.725,1461.5,1478.0866666666666,,30.84479371316307,1495.67,14.35333333333324,,-0.0359422237151494,1547.5,1461.0,1437.5,1450.0,329200.0
2020-06-18,1440.0,1467.5,1432.5,1467.5,1333.1180419921875,192200.0,1460.275,1462.32,1481.7333333333331,,35.294117647058826,1492.22,15.960000000000036,,-0.0141081625797783,1547.5,1480.0,1435.0,1418.5,308400.0
2020-06-19,1468.0,1495.5,1465.5,1483.0,1347.1983642578125,373200.0,1460.6,1462.6,1485.5866666666666,,51.98135198135198,1490.63,17.23333333333335,,0.0241712707182319,1547.5,1467.5,1467.5,1440.0,192200.0
2020-06-20,1468.0,1495.5,1465.5,1483.0,1347.1983642578125,373200.0,1460.925,1462.98,1488.6933333333334,,51.98135198135198,1488.24,17.206666666666706,,-0.019504132231405,1547.5,1495.5,1483.0,1468.0,373200.0
2020-06-21,1468.0,1495.5,1465.5,1483.0,1347.1983642578125,373200.0,1459.575,1463.5,1491.5266666666666,,51.98135198135198,1485.85,16.65333333333342,,-0.0702194357366771,1547.5,1495.5,1483.0,1468.0,373200.0
2020-06-22,1489.0,1517.5,1478.5,1507.5,1369.4552001953125,365000.0,1459.325,1465.54,1493.92,,78.16091954022988,1483.95,15.833333333333483,,-0.0779816513761467,1547.5,1495.5,1483.0,1468.0,373200.0
2020-06-23,1527.5,1527.5,1477.0,1500.0,1362.641845703125,280400.0,1457.7,1466.48,1495.96,,68.40277777777777,1481.9,14.226666666666688,,-0.0755007704160246,1547.5,1517.5,1507.5,1489.0,365000.0
2020-06-24,1512.5,1522.5,1468.5,1492.5,1355.8289794921875,227800.0,1454.95,1467.12,1498.06,,69.6113074204947,1479.7,12.473333333333358,,-0.0801232665639445,1507.5,1527.5,1500.0,1527.5,280400.0
2020-06-25,1478.0,1520.0,1478.0,1499.0,1361.7333984375,225000.0,1456.175,1468.02,1500.246666666667,,72.66435986159169,1477.63,11.553333333333285,,-0.0761171032357472,1507.5,1522.5,1492.5,1512.5,227800.0
2020-06-26,1500.0,1510.0,1476.5,1498.5,1361.279296875,173600.0,1457.375,1467.56,1502.4266666666667,,82.35294117647058,1474.05,10.900000000000093,,-0.084885496183206,1507.5,1520.0,1499.0,1478.0,225000.0
2020-06-27,1500.0,1510.0,1476.5,1498.5,1361.279296875,173600.0,1458.575,1467.0,1504.36,,82.35294117647058,1471.22,10.439999999999827,,-0.086280487804878,1507.5,1510.0,1498.5,1500.0,173600.0
2020-06-28,1500.0,1510.0,1476.5,1498.5,1361.279296875,173600.0,1463.025,1465.64,1505.84,,82.35294117647058,1468.39,9.879999999999882,,-0.086280487804878,1507.5,1510.0,1498.5,1500.0,173600.0
2020-06-29,1485.0,1532.5,1479.0,1507.5,1369.4552001953125,244200.0,1466.05,1464.04,1507.0733333333333,,86.36363636363636,1465.74,9.01333333333332,,-0.0352,1507.5,1510.0,1498.5,1500.0,173600.0
2020-06-30,1522.5,1557.5,1495.0,1512.5,1373.997314453125,298800.0,1469.825,1465.56,1506.8733333333332,,83.78378378378379,1462.89,6.626666666666552,,-0.0561622464898595,1512.5,1532.5,1507.5,1485.0,244200.0
2020-07-01,1512.5,1532.5,1477.0,1480.0,1344.47314453125,315000.0,1472.15,1465.78,1506.76,,65.95744680851064,1462.74,4.3333333333332575,,-0.0764430577223088,1512.5,1557.5,1512.5,1522.5,298800.0
2020-07-02,1505.0,1512.5,1478.5,1500.0,1362.641845703125,283600.0,1476.35,1466.8,1506.9133333333334,,62.64591439688717,1463.11,2.553333333333512,,-0.0639625585023401,1512.5,1532.5,1480.0,1512.5,315000.0
2020-07-03,1510.0,1537.5,1507.5,1535.0,1394.436767578125,259600.0,1482.3,1471.82,1507.5333333333333,,67.56756756756758,1465.48,1.6933333333333849,,-0.0421216848673946,1535.0,1512.5,1500.0,1505.0,283600.0
2020-07-04,1510.0,1537.5,1507.5,1535.0,1394.436767578125,259600.0,1488.25,1475.34,1508.6933333333334,,67.56756756756758,1468.47,1.6200000000001182,,-0.0421216848673946,1535.0,1537.5,1535.0,1510.0,259600.0
2020-07-05,1510.0,1537.5,1507.5,1535.0,1394.436767578125,259600.0,1494.425,1479.26,1508.993333333333,,67.56756756756758,1471.46,2.1200000000001182,,-0.0421216848673946,1535.0,1537.5,1535.0,1510.0,259600.0
2020-07-06,1545.0,1565.0,1520.0,1565.0,1421.689453125,288000.0,1500.8,1484.52,1508.5933333333332,,68.72964169381108,1475.05,1.833333333333257,,-0.0670640834575261,1565.0,1537.5,1535.0,1510.0,259600.0
2020-07-07,1560.0,1670.0,1545.0,1670.0,1517.074462890625,581800.0,1512.55,1494.68,1509.06,,83.86454183266932,1479.69,2.1466666666665333,,0.0182926829268292,1670.0,1565.0,1565.0,1545.0,288000.0
2020-07-08,1650.0,1672.5,1627.5,1627.5,1478.4664306640625,234000.0,1520.55,1503.14,1509.1266666666668,,73.6013986013986,1484.14,1.5933333333334758,,-0.0076219512195121,1670.0,1670.0,1670.0,1560.0,581800.0
2020-07-09,1660.0,1707.5,1617.5,1672.5,1519.345703125,360200.0,1530.025,1513.4,1509.7933333333333,,76.73343605546995,1488.58,1.099999999999909,,0.0198170731707316,1672.5,1672.5,1627.5,1650.0,234000.0
2020-07-10,1665.0,1687.5,1650.0,1650.0,1498.9061279296875,218800.0,1538.375,1522.94,1510.16,,71.86147186147186,1492.65,1.1666666666667425,,-0.0030211480362537,1672.5,1707.5,1672.5,1660.0,360200.0
2020-07-11,1665.0,1687.5,1650.0,1650.0,1498.9061279296875,218800.0,1546.725,1531.44,1510.3266666666666,,71.86147186147186,1496.71,1.7333333333333485,,0.1092436974789916,1672.5,1687.5,1650.0,1665.0,218800.0
2020-07-12,1665.0,1687.5,1650.0,1650.0,1498.9061279296875,218800.0,1553.85,1540.04,1510.46,,71.86147186147186,1500.77,1.400000000000091,,0.1137360782990213,1672.5,1687.5,1650.0,1665.0,218800.0
2020-07-13,1660.0,1675.0,1630.0,1667.5,1514.8035888671875,187000.0,1562.225,1548.04,1510.8266666666666,,72.53521126760563,1505.18,1.699999999999818,,0.1771973173314507,1672.5,1687.5,1650.0,1665.0,218800.0
2020-07-14,1675.0,1680.0,1615.0,1640.0,1489.822021484375,162800.0,1569.6,1554.32,1511.86,,66.88741721854305,1508.46,2.066666666666606,,0.1836881992060628,1672.5,1675.0,1667.5,1660.0,187000.0
2020-07-15,1670.0,1687.5,1647.5,1685.0,1530.7010498046875,179600.0,1578.9,1562.4,1512.96,,76.28205128205128,1512.69,2.7999999999999545,,0.2161674485745217,1685.0,1680.0,1640.0,1675.0,162800.0
2020-07-16,1677.5,1677.5,1650.0,1660.0,1507.9903564453125,165600.0,1586.975,1569.48,1513.7266666666667,,70.25316455696202,1516.49,3.400000000000091,,0.1981234211476001,1685.0,1687.5,1685.0,1670.0,179600.0
2020-07-17,1665.0,1680.0,1647.5,1652.5,1501.1771240234375,115000.0,1594.675,1575.28,1514.3933333333334,,65.98639455782313,1520.41,3.933333333333394,,0.1491655076495133,1685.0,1677.5,1660.0,1677.5,165600.0
2020-07-18,1665.0,1680.0,1647.5,1652.5,1501.1771240234375,115000.0,1602.375,1581.38,1515.06,,65.98639455782313,1523.93,4.2333333333333485,,0.1761565836298932,1685.0,1680.0,1652.5,1665.0,115000.0
2020-07-19,1665.0,1680.0,1647.5,1652.5,1501.1771240234375,115000.0,1609.625,1587.78,1515.7266666666667,,65.98639455782313,1527.45,3.866666666666788,,0.1392623233367804,1685.0,1680.0,1652.5,1665.0,115000.0
2020-07-20,1655.0,1655.0,1582.5,1620.0,1471.6533203125,222600.0,1615.0,1592.62,1515.96,,57.43243243243244,1530.32,3.0,,0.1199446940891808,1685.0,1680.0,1652.5,1665.0,115000.0
2020-07-21,1607.5,1675.0,1590.0,1667.5,1514.8035888671875,223600.0,1624.375,1599.38,1515.8266666666666,,49.6,1533.47,2.099999999999909,,0.1523842432619211,1685.0,1655.0,1620.0,1655.0,222600.0
2020-07-22,1675.0,1675.0,1635.0,1635.0,1485.2796630859375,114600.0,1631.125,1604.84,1515.76,,51.2396694214876,1535.92,1.3666666666665606,,0.1299239806496199,1685.0,1675.0,1667.5,1607.5,223600.0
2020-07-23,1675.0,1675.0,1635.0,1635.0,1485.2796630859375,114600.0,1636.125,1610.3,1515.6933333333334,,42.71844660194174,1537.97,0.6333333333334394,,0.1299239806496199,1685.0,1675.0,1635.0,1675.0,114600.0
2020-07-24,1675.0,1675.0,1635.0,1635.0,1485.2796630859375,114600.0,1641.125,1615.4,1515.6266666666668,,46.80851063829787,1539.72,-0.099999999999909,,0.1077235772357723,1685.0,1675.0,1635.0,1675.0,114600.0
2020-07-25,1675.0,1675.0,1635.0,1635.0,1485.2796630859375,114600.0,1646.125,1620.3,1515.36,,46.80851063829787,1542.93,-0.6000000000001364,,0.1096029860875467,1685.0,1675.0,1635.0,1675.0,114600.0
2020-07-26,1675.0,1675.0,1635.0,1635.0,1485.2796630859375,114600.0,1649.625,1626.5,1517.3266666666666,,46.80851063829787,1546.14,1.5,,0.1122448979591836,1685.0,1675.0,1635.0,1675.0,114600.0
2020-07-27,1625.0,1650.0,1612.5,1645.0,1494.3641357421875,139200.0,1648.375,1632.3,1519.506666666667,,45.05494505494505,1549.55,3.7466666666666697,,0.1294198420871952,1685.0,1675.0,1635.0,1675.0,114600.0
2020-07-28,1660.0,1715.0,1657.5,1675.0,1521.61669921875,283800.0,1650.75,1637.9,1522.9533333333334,,57.60869565217391,1554.86,7.259999999999991,,0.1344395529969522,1685.0,1650.0,1645.0,1625.0,139200.0
2020-07-29,1675.0,1717.5,1667.5,1700.0,1544.32763671875,206000.0,1652.125,1644.5,1527.1466666666668,,53.57142857142858,1559.92,11.519999999999982,,0.1513714866237725,1700.0,1715.0,1675.0,1660.0,283800.0
2020-07-30,1712.5,1755.0,1697.5,1715.0,1557.953857421875,306400.0,1655.375,1651.7,1531.54,,63.75,1565.48,16.180000000000064,,0.1615306467998645,1715.0,1717.5,1700.0,1675.0,206000.0
2020-07-31,1735.0,1807.5,1725.0,1777.5,1614.73046875,434200.0,1661.75,1660.2,1536.7666666666669,,74.50980392156862,1572.36,19.44000000000005,,0.1771523178807947,1777.5,1755.0,1715.0,1712.5,306400.0
2020-08-01,1735.0,1807.5,1725.0,1777.5,1614.73046875,434200.0,1668.125,1664.5,1541.2933333333333,,74.50980392156862,1579.59,21.78666666666664,,0.1752066115702479,1777.5,1807.5,1777.5,1735.0,434200.0
2020-08-02,1735.0,1807.5,1725.0,1777.5,1614.73046875,434200.0,1673.625,1670.5,1546.26,,74.50980392156862,1586.82,23.30666666666661,,0.1598694942903751,1777.5,1807.5,1777.5,1735.0,434200.0
2020-08-03,1832.5,1940.0,1810.0,1922.5,1746.4527587890625,798000.0,1687.75,1680.5,1552.5533333333333,,91.156462585034,1596.95,25.406666666666524,,0.2423263327948304,1922.5,1807.5,1777.5,1735.0,434200.0
2020-08-04,2010.0,2147.5,2002.5,2120.0,1925.8673095703125,1179400.0,1709.5,1699.3,1561.5333333333333,,93.71980676328502,1611.12,29.99333333333334,,0.437775517124449,2120.0,1940.0,1922.5,1832.5,798000.0
2020-08-05,2090.0,2125.0,2065.0,2090.0,1898.6146240234373,444000.0,1731.0,1716.9,1570.1066666666666,,94.1747572815534,1624.17,33.33999999999992,,0.4174296371651407,2120.0,2147.5,2120.0,2010.0,1179400.0
2020-08-06,2082.5,2082.5,2022.5,2060.0,1871.3614501953125,677000.0,1751.375,1733.3,1578.28,,88.9908256880734,1636.67,36.98666666666668,,0.3970837572058325,2120.0,2125.0,2090.0,2090.0,444000.0
2020-08-07,2055.0,2115.0,2032.5,2090.0,1898.6146240234373,259600.0,1773.25,1750.2,1586.8533333333332,,89.56521739130434,1649.12,40.59333333333325,,0.4827953174884711,2120.0,2082.5,2060.0,2082.5,677000.0
2020-08-08,2055.0,2115.0,2032.5,2090.0,1898.6146240234373,259600.0,1795.125,1768.2,1595.04,,89.56521739130434,1661.26,42.48666666666668,,0.4443676572218382,2120.0,2115.0,2090.0,2055.0,259600.0
2020-08-09,2055.0,2115.0,2032.5,2090.0,1898.6146240234373,259600.0,1818.625,1784.4,1603.26,,89.56521739130434,1673.4,41.72666666666669,,0.454418928322895,2120.0,2115.0,2090.0,2055.0,259600.0
2020-08-10,2055.0,2115.0,2032.5,2090.0,1898.6146240234373,259600.0,1839.75,1801.6,1611.5266666666666,,89.38053097345133,1685.54,41.42000000000007,,0.4579700034879665,2120.0,2115.0,2090.0,2055.0,259600.0
2020-08-11,2060.0,2102.5,2050.0,2092.5,1900.8853759765625,271000.0,1862.625,1819.2,1620.006666666667,,88.83720930232558,1697.24,41.72666666666669,,0.4777542372881356,2120.0,2115.0,2090.0,2055.0,259600.0
2020-08-12,2075.0,2130.0,2065.0,2082.5,1891.8009033203125,243400.0,1885.0,1836.4,1628.0866666666666,,86.60287081339713,1708.89,41.23333333333335,,0.4706920903954803,2120.0,2102.5,2092.5,2060.0,271000.0
2020-08-13,2117.5,2172.5,2087.5,2170.0,1971.28857421875,323200.0,1911.75,1857.1,1637.3333333333333,,88.23529411764706,1722.44,42.293333333333294,,0.5324858757062148,2170.0,2130.0,2082.5,2075.0,243400.0
2020-08-14,2165.0,2195.0,2152.5,2160.0,1962.2044677734373,213400.0,1938.0,1878.7,1646.4466666666667,,85.25345622119815,1735.66,43.18666666666672,,0.5302869287991498,2170.0,2172.5,2170.0,2117.5,323200.0
2020-08-15,2165.0,2195.0,2152.5,2160.0,1962.2044677734373,213400.0,1964.25,1898.4,1655.1133333333332,,85.25345622119815,1748.89,43.58666666666659,,0.5026086956521738,2170.0,2195.0,2160.0,2165.0,213400.0
2020-08-16,2165.0,2195.0,2152.5,2160.0,1962.2044677734373,213400.0,1990.0,1919.4,1663.746666666667,,85.25345622119815,1762.12,43.74000000000001,,0.505226480836237,2170.0,2195.0,2160.0,2165.0,213400.0
2020-08-17,2195.0,2195.0,2095.0,2107.5,1914.51171875,359400.0,2011.625,1938.3,1671.4133333333334,,70.55555555555556,1774.3,43.32666666666682,,0.4361158432708687,2170.0,2195.0,2160.0,2165.0,213400.0
2020-08-18,2092.5,2160.0,2057.5,2160.0,1962.2044677734373,347800.0,2034.625,1959.3,1679.58,,56.55737704918032,1787.35,42.24666666666667,,0.4565070802427511,2170.0,2195.0,2107.5,2195.0,359400.0
2020-08-19,2167.5,2195.0,2132.5,2155.0,1957.6619873046875,242200.0,2056.625,1980.1,1688.6533333333334,,61.60714285714286,1800.2,42.20666666666671,,0.4531355360755225,2170.0,2160.0,2160.0,2092.5,347800.0
2020-08-20,2165.0,2165.0,2087.5,2102.5,1909.969482421875,225600.0,2072.875,1998.8,1697.0266666666666,,57.02479338842975,1812.65,41.91333333333341,,0.4177343223196224,2170.0,2195.0,2155.0,2167.5,242200.0
2020-08-21,2112.5,2132.5,2080.0,2097.5,1905.427490234375,194200.0,2088.875,2016.9,1705.3333333333333,,51.35135135135135,1824.6,41.58666666666659,,0.3913764510779436,2170.0,2165.0,2102.5,2165.0,225600.0
2020-08-22,2112.5,2132.5,2080.0,2097.5,1905.427490234375,194200.0,2104.875,2033.8,1714.506666666667,,51.35135135135135,1835.85,43.09333333333325,,0.3983333333333334,2170.0,2132.5,2097.5,2112.5,194200.0
2020-08-23,2112.5,2132.5,2080.0,2097.5,1905.427490234375,194200.0,2113.625,2049.7,1723.18,,51.35135135135135,1847.1,43.600000000000136,,0.4053601340033501,2170.0,2132.5,2097.5,2112.5,194200.0
2020-08-24,2090.0,2145.0,2087.5,2142.5,1946.306884765625,170400.0,2114.75,2066.8,1732.5866666666666,,58.13953488372093,1859.25,43.93333333333317,,0.4292861907938625,2170.0,2132.5,2097.5,2112.5,194200.0
2020-08-25,2150.0,2155.0,2085.0,2087.5,1896.34326171875,368200.0,2114.625,2079.2,1741.3066666666666,,49.33333333333333,1869.7,44.27999999999997,,0.3930597263930597,2170.0,2145.0,2142.5,2090.0,170400.0
2020-08-26,2087.5,2115.0,2072.5,2115.0,1921.3250732421875,161800.0,2117.375,2092.7,1750.6266666666668,,54.14012738853503,1878.6,45.29333333333352,,0.4114114114114113,2170.0,2155.0,2087.5,2150.0,368200.0
2020-08-27,2100.0,2107.5,2077.5,2092.5,1900.8853759765625,130400.0,2117.5,2105.3,1759.6466666666668,,38.16793893129771,1887.9,45.1400000000001,,0.3963963963963963,2170.0,2115.0,2115.0,2087.5,161800.0
2020-08-28,2077.5,2107.5,2027.5,2055.0,1866.8194580078125,224800.0,2115.75,2110.6,1768.1666666666667,,35.21126760563381,1895.55,44.98666666666668,,0.36318407960199,2170.0,2107.5,2092.5,2100.0,130400.0
2020-08-29,2077.5,2107.5,2027.5,2055.0,1866.8194580078125,224800.0,2114.0,2108.0,1776.746666666667,,35.21126760563381,1903.65,44.16000000000008,,0.3586776859504132,2170.0,2107.5,2055.0,2077.5,224800.0
2020-08-30,2077.5,2107.5,2027.5,2055.0,1866.8194580078125,224800.0,2112.25,2106.6,1784.98,,35.21126760563381,1911.75,43.6733333333334,,0.3885135135135136,2170.0,2107.5,2055.0,2077.5,224800.0
2020-08-31,2077.5,2102.5,2055.0,2055.0,1866.8194580078125,185600.0,2110.375,2106.4,1793.246666666667,,41.32231404958677,1919.85,42.61999999999989,,0.3700000000000001,2170.0,2107.5,2055.0,2077.5,224800.0
2020-09-01,2057.5,2085.0,2055.0,2067.5,1878.174560546875,166400.0,2109.625,2105.5,1801.246666666667,,32.38095238095238,1927.85,41.59999999999991,,0.3469055374592833,2170.0,2102.5,2055.0,2077.5,185600.0
2020-09-02,2067.5,2105.0,2052.5,2105.0,1912.24072265625,215800.0,2106.375,2106.1,1809.54,,41.52542372881357,1937.15,41.37333333333322,,0.3713355048859934,2160.0,2085.0,2067.5,2057.5,166400.0
2020-09-03,2105.0,2125.0,2072.5,2082.5,1891.8009033203125,156200.0,2102.5,2105.8,1817.5333333333333,,46.22641509433962,1945.1,40.78666666666663,,0.3566775244299673,2160.0,2105.0,2105.0,2067.5,215800.0
2020-09-04,2047.5,2087.5,2012.5,2030.0,1844.108642578125,252200.0,2096.0,2103.4,1824.8266666666664,,39.2,1952.5,39.84666666666658,,0.2971246006389776,2160.0,2125.0,2082.5,2105.0,156200.0
2020-09-05,2047.5,2087.5,2012.5,2030.0,1844.108642578125,252200.0,2089.5,2100.9,1831.7933333333333,,39.2,1960.05,38.546666666666624,,0.215568862275449,2160.0,2087.5,2030.0,2047.5,252200.0
2020-09-06,2047.5,2087.5,2012.5,2030.0,1844.108642578125,252200.0,2085.625,2098.8,1838.86,,39.2,1967.6,37.61333333333323,,0.2473118279569892,2160.0,2087.5,2030.0,2047.5,252200.0
2020-09-07,2025.0,2035.0,1977.5,1992.5,1810.0426025390625,209800.0,2077.25,2091.7,1845.5266666666664,,25.40983606557377,1974.4,35.98666666666668,,0.1913303437967115,2155.0,2087.5,2030.0,2047.5,252200.0
2020-09-08,1992.5,2012.5,1950.0,2000.0,1816.85595703125,209200.0,2069.5,2085.3,1852.2066666666667,,33.009708737864074,1982.0,34.6733333333334,,0.2121212121212121,2142.5,2035.0,1992.5,2025.0,209800.0
2020-09-09,1957.5,1975.0,1917.5,1940.0,1762.3502197265625,241200.0,2061.375,2076.5,1858.0933333333328,,19.827586206896555,1987.45,33.26666666666665,,0.1757575757575757,2142.5,2012.5,2000.0,1992.5,209200.0
2020-09-10,1952.5,1967.5,1910.0,1915.0,1739.639404296875,228000.0,2052.25,2066.7,1863.6466666666668,,19.65811965811966,1993.05,31.853333333333467,,0.1606060606060606,2142.5,1975.0,1940.0,1957.5,241200.0
2020-09-11,1905.0,1917.5,1882.5,1897.5,1723.741943359375,198600.0,2042.25,2058.3,1868.9666666666667,1538.6725,21.100917431192656,1998.3,30.1066666666668,,0.1379310344827586,2142.5,1967.5,1915.0,1952.5,228000.0
2020-09-12,1905.0,1917.5,1882.5,1897.5,1723.741943359375,198600.0,2032.25,2047.8,1874.1666666666667,1543.515,21.100917431192656,2003.55,28.6400000000001,,0.1570121951219512,2142.5,1917.5,1897.5,1905.0,198600.0
2020-09-13,1905.0,1917.5,1882.5,1897.5,1723.741943359375,198600.0,2020.0,2037.5,1879.3,1548.3175,21.100917431192656,2008.8,27.09333333333325,,0.1261127596439168,2115.0,1917.5,1897.5,1905.0,198600.0
2020-09-14,1897.5,1897.5,1835.0,1860.0,1689.67578125,299200.0,2008.625,2027.8,1884.3666666666663,1553.005,18.548387096774192,2013.3,26.273333333333312,,0.1204819277108433,2115.0,1917.5,1897.5,1905.0,198600.0
2020-09-15,1872.5,1882.5,1827.5,1832.5,1664.6943359375,154600.0,1994.5,2017.2,1888.8,1557.8025,13.846153846153854,2017.05,25.1533333333332,,0.1089258698940998,2105.0,1897.5,1860.0,1897.5,299200.0
2020-09-16,1892.5,1977.5,1885.0,1952.5,1773.70556640625,486400.0,1987.5,2011.4,1894.3666666666663,1563.2,31.288343558282207,2022.6,25.399999999999864,24.527500000000146,0.1815431164901664,2105.0,1882.5,1832.5,1872.5,154600.0
2020-09-17,1985.0,1990.0,1920.0,1962.5,1782.7899169921875,249600.0,1982.875,2006.0,1900.0666666666664,1568.6475,34.810126582278485,2027.85,25.899999999999864,25.132499999999936,0.1875945537065053,2105.0,1977.5,1952.5,1892.5,486400.0
2020-09-18,1997.5,2055.0,1985.0,2015.0,1830.4822998046875,450000.0,1980.875,2000.9,1906.4666666666667,1574.125,48.10126582278481,2033.85,27.166666666666742,25.80749999999989,0.2438271604938271,2105.0,1990.0,1962.5,1985.0,249600.0
2020-09-19,1997.5,2055.0,1985.0,2015.0,1830.4822998046875,450000.0,1978.875,1998.0,1912.4666666666667,1579.6825,48.10126582278481,2038.6,28.100000000000136,26.67749999999978,0.2083958020989504,2105.0,2055.0,2015.0,1997.5,450000.0
2020-09-20,1997.5,2055.0,1985.0,2015.0,1830.4822998046875,450000.0,1976.875,1994.0,1917.0666666666664,1585.2575,48.10126582278481,2043.35,28.26666666666665,27.454999999999927,0.2324159021406728,2105.0,2055.0,2015.0,1997.5,450000.0
2020-09-21,1997.5,2055.0,1985.0,2015.0,1830.4822998046875,450000.0,1974.25,1990.9,1922.233333333333,1590.7725,53.14685314685314,2048.1,27.866666666666788,27.57249999999999,0.2324159021406728,2105.0,2055.0,2015.0,1997.5,450000.0
2020-09-22,1997.5,2055.0,1985.0,2015.0,1830.4822998046875,450000.0,1969.75,1989.3,1926.8,1596.3975,52.14285714285714,2049.95,26.73333333333335,27.75,0.2324159021406728,2082.5,2055.0,2015.0,1997.5,450000.0
2020-09-23,2015.0,2070.0,2012.5,2035.0,1848.65087890625,303200.0,1967.375,1988.5,1931.9333333333327,1602.1225,65.32258064516128,2048.25,25.466666666666697,27.997499999999945,0.2446483180428134,2035.0,2055.0,2015.0,1997.5,450000.0
2020-09-24,2060.0,2107.5,2032.5,2040.0,1853.19287109375,234800.0,1967.875,1987.9,1937.1333333333328,1607.8725,71.55172413793103,2047.25,24.666666666666742,28.19000000000005,0.2477064220183487,2040.0,2070.0,2035.0,2015.0,303200.0
2020-09-25,2060.0,2165.0,2050.0,2147.5,1950.8487548828125,497600.0,1973.75,1991.6,1943.7666666666669,1614.43,82.89473684210526,2049.0,26.700000000000045,29.172500000000127,0.3054711246200607,2147.5,2107.5,2040.0,2060.0,234800.0
2020-09-26,2060.0,2165.0,2050.0,2147.5,1950.8487548828125,497600.0,1979.625,1994.8,1950.1666666666667,1620.7425,82.89473684210526,2050.15,27.9333333333334,29.970000000000027,0.282089552238806,2147.5,2165.0,2147.5,2060.0,497600.0
2020-09-27,2060.0,2165.0,2050.0,2147.5,1950.8487548828125,497600.0,1987.375,1996.5,1956.9333333333327,1627.1125,82.89473684210526,2051.3,30.13333333333344,30.71499999999992,0.263235294117647,2147.5,2165.0,2147.5,2060.0,497600.0
2020-09-28,2167.5,2180.0,2117.5,2167.5,1969.017333984375,320600.0,1995.75,1999.9,1963.3666666666663,1633.4975,92.41379310344828,2052.85,31.433333333333167,31.375,0.2638483965014577,2167.5,2165.0,2147.5,2060.0,497600.0
2020-09-29,2147.5,2172.5,2085.0,2150.0,1961.6953125,330600.0,2006.25,2004.7,1969.9,1640.0975,95.0354609929078,2054.05,32.76666666666665,32.225000000000136,0.209563994374121,2167.5,2180.0,2167.5,2167.5,320600.0
2020-09-30,2165.0,2167.5,2072.5,2077.5,1895.545166015625,370000.0,2014.375,2006.6,1975.5666666666664,1646.335,70.49180327868852,2053.75,31.799999999999955,31.904999999999973,0.1687763713080168,2167.5,2172.5,2150.0,2147.5,330600.0
2020-10-01,2165.0,2167.5,2072.5,2077.5,1895.545166015625,370000.0,2023.375,2008.5,1981.233333333333,1652.5725,69.49152542372882,2053.65,31.06666666666661,31.829999999999927,0.1687763713080168,2167.5,2167.5,2077.5,2165.0,370000.0
2020-10-02,2065.0,2137.5,2035.0,2037.5,1859.0487060546875,291000.0,2030.375,2010.3,1986.3666666666663,1658.5275,53.98230088495575,2051.0,29.433333333333167,31.414999999999964,0.0598179453836151,2167.5,2167.5,2077.5,2165.0,370000.0
2020-10-03,2065.0,2137.5,2035.0,2037.5,1859.0487060546875,291000.0,2037.375,2011.8,1991.9333333333327,1664.025,53.98230088495575,2048.55,28.56666666666684,30.527500000000146,-0.0389150943396225,2167.5,2137.5,2037.5,2065.0,291000.0
2020-10-04,2065.0,2137.5,2035.0,2037.5,1859.0487060546875,291000.0,2046.25,2015.7,1996.8666666666663,1668.99,53.98230088495575,2046.1,26.96666666666647,28.892499999999927,-0.0251196172248804,2167.5,2137.5,2037.5,2065.0,291000.0
2020-10-05,2072.5,2090.0,2035.0,2050.0,1870.453857421875,157200.0,2057.125,2021.1,2002.4,1673.165,55.932203389830505,2043.9,26.833333333333485,26.829999999999927,-0.0048543689320388,2167.5,2137.5,2037.5,2065.0,291000.0
2020-10-06,2057.5,2082.5,2020.0,2067.5,1886.421142578125,99800.0,2062.875,2027.9,2008.1666666666667,1677.4275,58.4,2043.1,26.9333333333334,24.85500000000001,-0.0107655502392344,2167.5,2090.0,2050.0,2072.5,157200.0
2020-10-07,2040.0,2092.5,2035.0,2072.5,1890.9832763671875,164000.0,2068.375,2034.9,2014.0,1681.715,56.30252100840336,2041.35,27.63333333333344,23.1875,-0.0083732057416268,2167.5,2082.5,2067.5,2057.5,99800.0
2020-10-08,2075.0,2132.5,2055.0,2122.5,1936.603759765625,207800.0,2073.75,2043.9,2020.5,1686.2525,62.04379562043796,2040.7,28.56666666666661,22.227499999999964,0.0155502392344497,2167.5,2092.5,2072.5,2040.0,164000.0
2020-10-09,2125.0,2147.5,2087.5,2120.0,1934.322998046875,122400.0,2079.0,2054.3,2026.9666666666667,1690.3225,44.21052631578947,2041.05,30.100000000000136,21.332499999999985,0.0143540669856458,2167.5,2132.5,2122.5,2075.0,207800.0
2020-10-10,2125.0,2147.5,2087.5,2120.0,1934.322998046875,122400.0,2084.25,2065.8,2033.3,1694.7775,44.21052631578947,2041.5,30.899999999999864,21.612499999999955,0.0131421744324971,2167.5,2147.5,2120.0,2125.0,122400.0
2020-10-11,2125.0,2147.5,2087.5,2120.0,1934.322998046875,122400.0,2089.5,2072.5,2039.233333333333,1699.1975,44.21052631578947,2041.95,31.06666666666661,21.769999999999985,0.0180072028811524,2167.5,2147.5,2120.0,2125.0,122400.0
2020-10-12,2112.5,2162.5,2097.5,2160.0,1970.819580078125,157000.0,2096.75,2080.4,2045.3666666666663,1703.795,48.54368932038835,2043.2,31.36666666666656,22.080000000000155,-0.0046082949308755,2167.5,2147.5,2120.0,2125.0,122400.0
2020-10-13,2175.0,2255.0,2157.5,2232.5,2036.969482421875,373600.0,2106.625,2089.1,2052.266666666667,1708.5125,63.2,2045.0,31.76666666666688,22.25999999999999,0.0335648148148148,2232.5,2162.5,2160.0,2112.5,157000.0
2020-10-14,2260.0,2312.5,2237.5,2307.5,2105.401123046875,326200.0,2120.0,2100.8,2059.333333333333,1713.605,86.5079365079365,2049.4,32.36666666666679,23.282500000000027,0.0682870370370369,2307.5,2255.0,2232.5,2175.0,373600.0
2020-10-15,2307.5,2312.5,2227.5,2240.0,2043.81298828125,253800.0,2124.625,2109.8,2065.5,1718.36,71.24183006535948,2051.9,32.200000000000045,23.582499999999985,0.0370370370370369,2307.5,2312.5,2307.5,2260.0,326200.0
2020-10-16,2265.0,2312.5,2247.5,2265.0,2066.622802734375,304000.0,2130.5,2119.8,2072.0,1723.37,80.95238095238095,2055.35,32.76666666666665,24.1724999999999,0.0747330960854093,2307.5,2312.5,2240.0,2307.5,253800.0
2020-10-17,2265.0,2312.5,2247.5,2265.0,2066.622802734375,304000.0,2136.375,2129.8,2076.5666666666666,1728.5825,80.95238095238095,2059.55,31.200000000000045,24.78749999999991,0.0486111111111111,2307.5,2312.5,2265.0,2265.0,304000.0
2020-10-18,2265.0,2312.5,2247.5,2265.0,2066.622802734375,304000.0,2141.25,2139.0,2078.5,1734.025,80.95238095238095,2063.75,26.23333333333312,25.512500000000045,0.0510440835266821,2307.5,2312.5,2265.0,2265.0,304000.0
2020-10-19,2300.0,2352.5,2300.0,2330.0,2125.930419921875,281800.0,2150.25,2150.6,2081.7,1739.7575,83.33333333333333,2069.25,22.366666666666333,26.15249999999992,0.1082045184304398,2330.0,2312.5,2265.0,2265.0,304000.0
2020-10-20,2330.0,2347.5,2272.5,2275.0,2075.74755859375,224000.0,2160.125,2155.7,2084.5666666666666,1745.1625,72.6775956284153,2073.65,19.06666666666661,26.80250000000001,0.0846245530393325,2330.0,2352.5,2330.0,2300.0,281800.0
2020-10-21,2310.0,2320.0,2275.0,2275.0,2075.74755859375,125000.0,2170.0,2160.8,2087.0333333333333,1750.5675,72.37569060773481,2077.8,15.033333333333305,27.19750000000022,0.0846245530393325,2330.0,2347.5,2275.0,2330.0,224000.0
2020-10-22,2275.0,2275.0,2220.0,2232.5,2036.969482421875,158800.0,2179.75,2164.2,2088.9333333333334,1755.76,62.35955056179776,2080.35,12.366666666666788,27.17750000000001,0.0643623361144218,2330.0,2320.0,2275.0,2310.0,125000.0
2020-10-23,2225.0,2232.5,2155.0,2185.0,1993.6300048828125,167000.0,2187.125,2164.9,2090.2,1760.435,56.63265306122449,2082.4,11.699999999999818,26.40999999999985,0.0198366394399065,2330.0,2275.0,2232.5,2275.0,158800.0
2020-10-24,2225.0,2232.5,2155.0,2185.0,1993.6300048828125,167000.0,2194.5,2166.3,2091.4666666666667,1765.0075,56.63265306122449,2085.5,9.76666666666688,25.25,0.0467065868263472,2330.0,2232.5,2185.0,2225.0,167000.0
2020-10-25,2225.0,2232.5,2155.0,2185.0,1993.6300048828125,167000.0,2201.25,2170.6,2092.7,1769.2925,56.63265306122449,2088.6,8.133333333333212,24.13000000000011,0.033096926713948,2330.0,2232.5,2185.0,2225.0,167000.0
2020-10-26,2212.5,2222.5,2140.0,2147.5,1959.4146728515625,159400.0,2205.25,2173.4,2093.5666666666666,1773.295,48.71794871794872,2090.95,6.533333333333303,22.727499999999964,0.0262843488649939,2330.0,2232.5,2185.0,2225.0,167000.0
2020-10-27,2135.0,2187.5,2087.5,2187.5,1995.9110107421875,150400.0,2211.0,2179.4,2093.8,1777.5575,45.05494505494505,2094.85,4.866666666666788,21.7974999999999,0.0644768856447688,2330.0,2222.5,2147.5,2212.5,159400.0
2020-10-28,2195.0,2257.5,2185.0,2252.5,2055.21826171875,198400.0,2217.5,2188.0,2095.0333333333333,1782.145,43.82022471910113,2099.9,4.833333333333485,21.71000000000004,0.0961070559610706,2330.0,2187.5,2187.5,2135.0,150400.0
2020-10-29,2250.0,2275.0,2200.0,2220.0,2025.5648193359373,155400.0,2222.5,2195.3,2095.833333333333,1786.57,47.56097560975609,2105.5,4.366666666666788,21.5625,0.0802919708029197,2330.0,2257.5,2252.5,2195.0,198400.0
2020-10-30,2220.0,2277.5,2190.0,2237.5,2041.5318603515625,230200.0,2228.375,2202.8,2096.866666666667,1790.99,46.58385093167701,2111.95,4.16666666666697,21.69749999999999,0.0888077858880778,2330.0,2275.0,2220.0,2250.0,155400.0
2020-10-31,2220.0,2277.5,2190.0,2237.5,2041.5318603515625,230200.0,2234.25,2209.6,2098.6,1795.24,46.58385093167701,2118.75,5.033333333333303,21.944999999999936,0.0822249093107618,2330.0,2277.5,2237.5,2220.0,230200.0
2020-11-01,2220.0,2277.5,2190.0,2237.5,2041.5318603515625,230200.0,2238.125,2216.2,2099.633333333333,1799.3525,46.58385093167701,2125.55,5.83333333333303,21.79500000000008,0.0629453681710214,2330.0,2277.5,2237.5,2220.0,230200.0
2020-11-02,2280.0,2312.5,2212.5,2257.5,2059.780029296875,355400.0,2239.375,2221.6,2101.0,1803.0025,39.86013986013985,2132.75,5.966666666666697,20.85750000000008,0.084033613445378,2330.0,2277.5,2237.5,2220.0,230200.0
2020-11-03,2280.0,2312.5,2212.5,2257.5,2059.780029296875,355400.0,2236.875,2227.1,2103.0666666666666,1806.8475,47.10743801652893,2140.7,7.233333333333121,20.277500000000146,0.1120689655172413,2330.0,2312.5,2257.5,2280.0,355400.0
2020-11-04,2265.0,2265.0,2045.0,2185.0,1993.6300048828125,1036800.0,2234.125,2229.7,2104.233333333333,1810.33,37.99999999999999,2147.75,7.366666666666333,19.33999999999992,0.0763546798029557,2330.0,2312.5,2257.5,2280.0,355400.0
2020-11-05,2207.5,2320.0,2180.0,2300.0,2098.55810546875,629400.0,2235.875,2236.9,2106.9333333333334,1814.3875,57.54189944134078,2154.7,8.333333333333485,19.14750000000004,0.1330049261083743,2330.0,2265.0,2185.0,2265.0,1036800.0
2020-11-06,2345.0,2400.0,2307.5,2327.5,2123.6494140625,565800.0,2239.0,2243.6,2110.0,1818.785,66.66666666666666,2162.0,10.366666666666788,19.43250000000012,0.1681304893350061,2330.0,2320.0,2300.0,2207.5,629400.0
2020-11-07,2345.0,2400.0,2307.5,2327.5,2123.6494140625,565800.0,2242.125,2247.4,2112.4666666666667,1822.86,66.66666666666666,2168.25,11.466666666666695,19.857499999999845,0.16375,2330.0,2400.0,2327.5,2345.0,565800.0
2020-11-08,2345.0,2400.0,2307.5,2327.5,2123.6494140625,565800.0,2242.0,2248.2,2115.6666666666665,1826.5225,66.66666666666666,2174.5,12.599999999999907,19.674999999999955,0.199742268041237,2327.5,2400.0,2327.5,2345.0,565800.0
2020-11-09,2350.0,2407.5,2347.5,2392.5,2182.95654296875,389400.0,2247.875,2254.3,2119.366666666667,1830.31,76.92307692307693,2182.05,15.133333333333669,19.98000000000001,0.2493472584856397,2392.5,2400.0,2327.5,2345.0,565800.0
2020-11-10,2332.5,2335.0,2115.0,2125.0,1938.884765625,837200.0,2240.375,2248.7,2119.8,1832.8225,45.42124542124542,2184.25,12.866666666666788,18.434999999999945,0.1198945981554677,2392.5,2407.5,2392.5,2350.0,389400.0
2020-11-11,2137.5,2207.5,2125.0,2160.0,1970.819580078125,310800.0,2236.75,2244.5,2121.2,1835.51,42.911877394636015,2187.15,11.199999999999818,16.72499999999991,0.1383399209486167,2392.5,2335.0,2125.0,2332.5,837200.0
2020-11-12,2222.5,2245.0,2192.5,2210.0,2016.4405517578125,241800.0,2238.0,2242.3,2123.266666666667,1838.4475,49.25373134328358,2190.65,10.800000000000182,15.587500000000093,0.1646903820816865,2392.5,2207.5,2160.0,2137.5,310800.0
2020-11-13,2222.5,2222.5,2172.5,2182.5,1991.348876953125,178000.0,2237.875,2236.4,2124.9666666666667,1841.1725,45.95588235294118,2193.5,9.300000000000182,14.649999999999864,0.1733870967741935,2392.5,2245.0,2210.0,2222.5,241800.0
2020-11-14,2222.5,2222.5,2172.5,2182.5,1991.348876953125,178000.0,2237.75,2232.7,2126.6666666666665,1843.885,45.95588235294118,2194.2,7.299999999999727,13.575000000000044,0.1909959072305593,2392.5,2222.5,2182.5,2222.5,178000.0
2020-11-15,2222.5,2222.5,2172.5,2182.5,1991.348876953125,178000.0,2239.5,2229.0,2128.2,1846.5975,45.95588235294118,2194.9,8.399999999999636,13.775000000000093,0.1177976952624839,2392.5,2222.5,2182.5,2222.5,178000.0
2020-11-16,2200.0,2207.5,2170.0,2190.0,1998.19189453125,141400.0,2239.625,2227.3,2129.333333333333,1849.735,44.943820224719104,2195.75,8.133333333333667,14.224999999999907,0.1159235668789808,2392.5,2222.5,2182.5,2222.5,178000.0
2020-11-17,2155.0,2185.0,2087.5,2110.0,1925.1986083984373,370600.0,2232.5,2224.3,2129.7,1852.2725,40.13377926421405,2194.6,6.433333333332939,13.825000000000044,0.0471464019851115,2392.5,2207.5,2190.0,2200.0,141400.0
2020-11-18,2100.0,2137.5,2085.0,2100.0,1916.0745849609373,173600.0,2226.5,2220.9,2130.633333333333,1854.76,43.7956204379562,2193.6,5.666666666666515,13.587500000000093,0.0421836228287841,2392.5,2185.0,2110.0,2155.0,370600.0
2020-11-19,2105.0,2142.5,2082.5,2142.5,1954.852294921875,181600.0,2221.75,2219.2,2132.133333333333,1857.46,37.14285714285714,2194.9,5.466666666666697,13.575000000000044,0.0632754342431762,2392.5,2137.5,2100.0,2100.0,173600.0
2020-11-20,2130.0,2157.5,2112.5,2152.5,1963.9764404296875,126400.0,2217.5,2219.4,2133.766666666667,1860.21,35.294117647058826,2196.4,5.566666666667061,13.612499999999956,0.0682382133995036,2392.5,2142.5,2142.5,2105.0,181600.0
2020-11-21,2130.0,2157.5,2112.5,2152.5,1963.9764404296875,126400.0,2213.25,2218.0,2135.9,1862.96,35.294117647058826,2198.7,6.566666666666606,13.225000000000136,0.0682382133995036,2392.5,2157.5,2152.5,2130.0,126400.0
2020-11-22,2130.0,2157.5,2112.5,2152.5,1963.9764404296875,126400.0,2208.0,2214.0,2137.9333333333334,1865.71,35.294117647058826,2201.0,8.233333333333576,13.4375,0.0577395577395576,2392.5,2157.5,2152.5,2130.0,126400.0
2020-11-23,2130.0,2157.5,2112.5,2152.5,1963.9764404296875,126400.0,2202.75,2211.3,2140.766666666667,1868.085,27.35849056603773,2203.3,10.133333333333669,13.325000000000044,0.0551470588235294,2392.5,2157.5,2152.5,2130.0,126400.0
2020-11-24,2187.5,2210.0,2142.5,2185.0,1993.6300048828125,185800.0,2202.75,2209.2,2144.366666666667,1870.81,60.16949152542372,2206.0,12.233333333333576,13.349999999999907,0.0174621653084983,2392.5,2157.5,2152.5,2130.0,126400.0
2020-11-25,2210.0,2237.5,2170.0,2212.5,2018.7218017578125,221800.0,2198.375,2208.2,2148.5666666666666,1873.6725,59.130434782608695,2208.9,14.799999999999727,13.462499999999864,0.030267753201397,2392.5,2210.0,2185.0,2187.5,185800.0
2020-11-26,2242.5,2287.5,2237.5,2265.0,2066.622802734375,312800.0,2195.25,2209.3,2153.4666666666667,1876.7975,59.48275862068966,2212.75,17.566666666666606,13.837499999999864,0.0547147846332944,2392.5,2237.5,2212.5,2210.0,221800.0
2020-11-27,2297.5,2320.0,2280.0,2295.0,2093.995849609375,300200.0,2193.625,2210.8,2158.766666666667,1879.9975,69.23076923076923,2216.2,20.833333333333485,14.287499999999907,0.0588235294117647,2392.5,2287.5,2265.0,2242.5,312800.0
2020-11-28,2297.5,2320.0,2280.0,2295.0,2093.995849609375,300200.0,2192.0,2212.3,2164.5666666666666,1884.035,69.23076923076923,2219.7,23.799999999999727,15.950000000000044,0.0674418604651163,2392.5,2320.0,2295.0,2297.5,300200.0
2020-11-29,2297.5,2320.0,2280.0,2295.0,2093.995849609375,300200.0,2187.125,2216.7,2170.733333333333,1888.1025,69.23076923076923,2223.2,26.366666666666333,17.292500000000018,0.1046931407942237,2295.0,2320.0,2295.0,2297.5,300200.0
2020-11-30,2340.0,2340.0,2290.0,2312.5,2109.963134765625,500000.0,2196.5,2217.2,2175.5333333333333,1892.5825,70.24793388429752,2227.05,26.966666666666697,18.91000000000008,0.1131167268351382,2312.5,2320.0,2295.0,2297.5,300200.0
2020-12-01,2312.5,2357.5,2262.5,2347.5,2141.897705078125,295400.0,2205.875,2218.0,2180.6666666666665,1897.3925,96.11650485436893,2230.8,27.19999999999981,20.595000000000027,0.1521472392638037,2347.5,2340.0,2312.5,2340.0,500000.0
2020-12-02,2317.5,2337.5,2285.0,2327.5,2123.6494140625,784600.0,2211.75,2218.0,2184.833333333333,1902.1025,92.5233644859813,2232.7,26.06666666666661,22.10500000000001,0.1423312883435583,2347.5,2357.5,2347.5,2312.5,295400.0
2020-12-03,2262.5,2305.0,2207.5,2225.0,2030.1263427734373,546800.0,2213.875,2213.9,2187.633333333333,1906.3,62.59541984732824,2231.05,23.06666666666661,22.26499999999988,0.0920245398773005,2347.5,2337.5,2327.5,2317.5,784600.0
2020-12-04,2205.0,2212.5,2107.5,2120.0,1934.322998046875,418000.0,2210.75,2203.0,2189.0333333333333,1909.71,46.15384615384615,2228.65,18.300000000000185,21.60750000000008,0.0341463414634146,2347.5,2305.0,2225.0,2262.5,546800.0
2020-12-05,2205.0,2212.5,2107.5,2120.0,1934.322998046875,418000.0,2207.625,2202.8,2190.4333333333334,1913.285,46.15384615384615,2225.75,14.900000000000093,20.7025000000001,0.0253929866989117,2347.5,2212.5,2120.0,2205.0,418000.0
2020-12-06,2205.0,2212.5,2107.5,2120.0,1934.322998046875,418000.0,2204.125,2201.2,2191.833333333333,1916.6325,46.15384615384615,2222.85,11.16666666666697,19.24000000000001,0.0229191797346199,2347.5,2212.5,2120.0,2205.0,418000.0
2020-12-07,2132.5,2137.5,2080.0,2100.0,1916.0745849609373,298800.0,2203.625,2196.8,2192.7,1919.9,44.067796610169495,2219.55,7.866666666666333,17.797500000000127,-0.0106007067137808,2347.5,2212.5,2120.0,2205.0,418000.0
2020-12-08,2097.5,2130.0,2087.5,2097.5,1913.79345703125,154200.0,2203.5,2193.4,2193.4666666666667,1923.1525,39.39393939393939,2214.9,5.833333333333485,16.852499999999964,-0.0106132075471697,2347.5,2137.5,2100.0,2132.5,298800.0
2020-12-09,2112.5,2122.5,2067.5,2100.0,1916.0745849609373,207800.0,2201.375,2190.1,2192.833333333333,1926.4175,35.48387096774192,2211.4,3.800000000000182,16.707499999999982,-0.0094339622641509,2347.5,2130.0,2097.5,2097.5,154200.0
2020-12-10,2075.0,2095.0,2040.0,2055.0,1875.015869140625,232000.0,2196.5,2185.0,2191.6,1929.4575,22.36842105263157,2207.0,1.166666666666515,16.1724999999999,-0.0306603773584905,2347.5,2122.5,2100.0,2112.5,207800.0
2020-12-11,2040.0,2075.0,2020.0,2075.0,1893.263916015625,159200.0,2192.625,2180.4,2190.633333333333,1932.4525,20.27027027027028,2203.85,-1.2000000000002728,15.820000000000164,-0.0393518518518518,2347.5,2095.0,2055.0,2075.0,232000.0
2020-12-12,2040.0,2075.0,2020.0,2075.0,1893.263916015625,159200.0,2188.75,2179.0,2189.4,1935.46,20.27027027027028,2201.65,-3.299999999999727,15.559999999999944,-0.070548712206047,2347.5,2075.0,2075.0,2040.0,159200.0
2020-12-13,2040.0,2075.0,2020.0,2075.0,1893.263916015625,159200.0,2184.875,2178.0,2188.4,1938.485,20.27027027027028,2199.45,-5.066666666666606,15.332499999999982,-0.1007583965330444,2347.5,2075.0,2075.0,2040.0,159200.0
2020-12-14,2110.0,2155.0,2095.0,2137.5,1950.290283203125,274200.0,2182.5,2177.8,2189.2,1941.89,28.91566265060241,2198.5,-3.633333333333667,15.472500000000082,-0.0457589285714286,2347.5,2075.0,2075.0,2040.0,159200.0
2020-12-15,2172.5,2187.5,2145.0,2177.5,1986.786865234375,225600.0,2180.75,2178.8,2190.5333333333333,1945.395,29.76190476190476,2199.1,-1.066666666666606,15.9375,-0.0386313465783664,2347.5,2155.0,2137.5,2110.0,274200.0
2020-12-16,2190.0,2190.0,2137.5,2147.5,1959.4146728515625,157200.0,2174.875,2178.6,2192.0,1948.75,29.069767441860463,2198.3,1.366666666666788,16.2974999999999,-0.0518763796909492,2347.5,2187.5,2177.5,2172.5,225600.0
2020-12-17,2147.5,2222.5,2132.5,2222.5,2027.845703125,198000.0,2171.25,2181.4,2194.4666666666667,1952.48,49.68944099378882,2197.7,5.066666666666606,17.019999999999982,-0.0187637969094922,2347.5,2190.0,2147.5,2190.0,157200.0
2020-12-18,2187.5,2192.5,2142.5,2150.0,1961.6953125,274000.0,2164.0,2181.3,2195.9666666666667,1955.68,54.054054054054056,2196.3,7.566666666666606,17.195000000000164,-0.0772532188841201,2347.5,2222.5,2222.5,2147.5,198000.0
2020-12-19,2187.5,2192.5,2142.5,2150.0,1961.6953125,274000.0,2156.75,2179.9,2197.3,1958.8675,54.054054054054056,2194.55,8.100000000000364,16.977499999999964,-0.0549450549450549,2347.5,2192.5,2150.0,2187.5,274000.0
2020-12-20,2187.5,2192.5,2142.5,2150.0,1961.6953125,274000.0,2148.625,2177.4,2198.4,1961.955,54.054054054054056,2192.8,7.866666666666788,16.559999999999945,-0.0549450549450549,2347.5,2192.5,2150.0,2187.5,274000.0
2020-12-21,2157.5,2190.0,2152.5,2162.5,1973.1004638671875,178400.0,2139.375,2173.3,2199.6,1965.03,58.62068965517242,2191.3,7.599999999999909,16.279999999999973,-0.0313549832026875,2327.5,2192.5,2150.0,2187.5,274000.0
2020-12-22,2140.0,2140.0,2095.0,2097.5,1913.79345703125,175800.0,2127.875,2165.4,2199.266666666667,1968.145,50.0,2188.1,4.800000000000182,15.664999999999964,-0.040045766590389,2225.0,2190.0,2162.5,2157.5,178400.0
2020-12-23,2132.5,2162.5,2117.5,2162.5,1973.1004638671875,132800.0,2124.75,2160.1,2199.833333333333,1971.585,56.41025641025641,2186.2,3.866666666666788,15.904999999999973,-0.0102974828375286,2222.5,2140.0,2097.5,2140.0,175800.0
2020-12-24,2167.5,2200.0,2150.0,2190.0,1998.19189453125,129600.0,2128.25,2155.9,2200.766666666667,1975.1625,64.36170212765958,2186.3,3.466666666666697,16.294999999999845,0.0022883295194509,2222.5,2162.5,2162.5,2132.5,132800.0
2020-12-25,2200.0,2210.0,2155.0,2192.5,2000.4730224609373,142200.0,2131.875,2151.1,2201.733333333333,1979.0775,62.98342541436464,2184.15,3.33333333333303,17.122500000000173,0.0209545983701979,2222.5,2200.0,2190.0,2167.5,129600.0
2020-12-26,2200.0,2210.0,2155.0,2192.5,2000.4730224609373,142200.0,2135.5,2144.9,2202.1666666666665,1982.805,62.98342541436464,2181.45,2.566666666666606,17.77500000000009,0.0022857142857142,2222.5,2210.0,2192.5,2200.0,142200.0
2020-12-27,2200.0,2210.0,2155.0,2192.5,2000.4730224609373,142200.0,2140.125,2139.5,2201.633333333333,1986.5825,62.98342541436464,2178.75,2.366666666666333,18.4375,-0.0266370699223085,2222.5,2210.0,2192.5,2200.0,142200.0
2020-12-28,2192.5,2237.5,2185.0,2197.5,2005.0350341796875,190400.0,2145.125,2138.4,2200.1666666666665,1990.4025,57.59493670886077,2176.15,0.3333333333330301,18.81749999999988,-0.010135135135135,2222.5,2210.0,2192.5,2200.0,142200.0
2020-12-29,2248.0,2248.0,2196.0,2224.0,2029.2137451171875,224900.0,2151.325,2142.56,2199.9533333333334,1994.4425,56.09436435124509,2172.78,-0.8133333333335031,19.2800000000002,-0.0060335195530726,2224.0,2237.5,2197.5,2192.5,190400.0
2020-12-30,2219.0,2234.0,2131.0,2201.0,2008.2288818359373,246000.0,2158.625,2145.8,2199.1,1998.3675,57.142857142857146,2174.3,-2.633333333333212,19.289999999999964,-0.0163128491620111,2224.0,2248.0,2224.0,2248.0,224900.0
2020-12-31,2219.0,2234.0,2131.0,2201.0,2008.2288818359373,246000.0,2164.925,2149.04,2198.2466666666664,2002.2925,46.41068447412354,2175.12,-3.9200000000000728,19.487499999999955,-0.0163128491620111,2224.0,2234.0,2201.0,2219.0,246000.0
2021-01-01,2219.0,2234.0,2131.0,2201.0,2008.2288818359373,246000.0,2171.225,2153.08,2197.393333333333,2006.24,61.23348017621145,2174.94,-4.239999999999782,19.657500000000027,-0.0250276854928017,2224.0,2234.0,2201.0,2219.0,246000.0
2021-01-02,2219.0,2234.0,2131.0,2201.0,2008.2288818359373,246000.0,2177.525,2157.22,2195.673333333333,2010.0575,61.23348017621145,2175.31,-4.493333333333339,19.654999999999973,-0.0250276854928017,2224.0,2234.0,2201.0,2219.0,246000.0
2021-01-03,2219.0,2234.0,2131.0,2201.0,2008.2288818359373,246000.0,2180.7,2161.26,2194.6866666666665,2013.8875,61.23348017621145,2175.68,-5.266666666666879,19.444999999999936,0.0073226544622426,2224.0,2234.0,2201.0,2219.0,246000.0
2021-01-04,2245.0,2267.0,2170.0,2220.0,2025.5648193359373,337400.0,2182.825,2167.86,2193.9533333333334,2017.65,62.312633832976445,2176.43,-5.146666666666533,19.282500000000027,-0.0347826086956521,2224.0,2234.0,2201.0,2219.0,246000.0
2021-01-05,2184.0,2184.0,2138.0,2170.0,1979.9439697265625,230900.0,2183.95,2171.66,2193.12,2021.085,66.5903890160183,2176.03,-5.126666666666552,18.79250000000001,-0.0676691729323308,2224.0,2267.0,2220.0,2245.0,337400.0
2021-01-06,2170.0,2199.0,2152.0,2152.0,1963.520263671875,117900.0,2180.425,2174.74,2192.68,2024.43,46.93877551020408,2176.87,-4.713333333333594,18.19000000000005,-0.0754027926960257,2224.0,2184.0,2170.0,2184.0,230900.0
2021-01-07,2155.0,2208.0,2153.0,2200.0,2007.316162109375,234800.0,2182.925,2179.74,2192.88,2028.015,52.60416666666667,2178.87,-2.7933333333330665,17.95750000000021,-0.0547798066595058,2224.0,2199.0,2152.0,2170.0,117900.0
2021-01-08,2205.0,2236.0,2188.0,2225.0,2030.1263427734373,152300.0,2186.675,2183.24,2193.4133333333334,2031.6025,57.57575757575758,2180.52,-1.2733333333330847,17.714999999999918,-0.0700104493207941,2225.0,2208.0,2200.0,2155.0,234800.0
2021-01-09,2205.0,2236.0,2188.0,2225.0,2030.1263427734373,152300.0,2190.425,2185.14,2194.4466666666667,2035.2275,57.57575757575758,2181.97,0.4933333333333394,17.577499999999873,0.0470588235294118,2225.0,2236.0,2225.0,2205.0,152300.0
2021-01-10,2205.0,2236.0,2188.0,2225.0,2030.1263427734373,152300.0,2193.55,2188.24,2194.9466666666667,2038.89,57.57575757575758,2183.42,1.8266666666668243,17.805000000000064,0.0300925925925925,2225.0,2236.0,2225.0,2205.0,152300.0
2021-01-11,2205.0,2236.0,2188.0,2225.0,2030.1263427734373,152300.0,2199.925,2188.34,2194.58,2042.52,56.56324582338902,2184.87,1.900000000000091,18.08999999999992,0.006787330316742,2225.0,2236.0,2225.0,2205.0,152300.0
2021-01-12,2235.0,2235.0,2196.0,2217.0,2022.8272705078125,116600.0,2202.65,2191.02,2194.54,2046.1125,48.167539267015705,2186.16,1.6599999999998545,18.09749999999985,0.0158075601374569,2225.0,2236.0,2225.0,2205.0,152300.0
2021-01-13,2202.0,2285.0,2200.0,2280.0,2080.3095703125,272800.0,2207.15,2196.22,2195.1066666666666,2050.02,67.0995670995671,2188.06,1.6933333333331575,18.41750000000001,0.0446735395189004,2280.0,2235.0,2217.0,2235.0,116600.0
2021-01-14,2299.0,2350.0,2292.0,2320.0,2116.805908203125,296000.0,2213.525,2203.02,2196.2066666666665,2054.1275,71.95571955719558,2190.21,1.7599999999997635,18.90000000000009,0.0630011454753722,2320.0,2285.0,2280.0,2202.0,272800.0
2021-01-15,2317.0,2323.0,2273.0,2298.0,2096.732666015625,169000.0,2218.8,2208.44,2197.0133333333333,2058.08,66.55290102389078,2190.87,2.066666666666606,19.189999999999827,0.0493150684931507,2320.0,2350.0,2320.0,2299.0,296000.0
2021-01-16,2317.0,2323.0,2273.0,2298.0,2096.732666015625,169000.0,2224.075,2216.46,2197.5533333333333,2062.0075,66.55290102389078,2190.93,2.9733333333333576,19.487500000000185,0.0890995260663507,2320.0,2323.0,2298.0,2317.0,169000.0
2021-01-17,2317.0,2323.0,2273.0,2298.0,2096.732666015625,169000.0,2229.1,2221.88,2198.093333333333,2066.0975,66.55290102389078,2190.99,3.553333333333285,19.9849999999999,0.0942857142857143,2320.0,2323.0,2298.0,2317.0,169000.0
2021-01-18,2286.0,2305.0,2254.0,2261.0,2062.9736328125,101800.0,2230.95,2224.72,2199.1066666666666,2069.9025,56.59163987138264,2190.31,4.0,19.882500000000164,0.0553092182030339,2320.0,2323.0,2298.0,2317.0,169000.0
2021-01-19,2306.0,2306.0,2219.0,2222.0,2027.3895263671875,138700.0,2232.0,2225.9,2198.0666666666666,2073.3375,58.66666666666666,2188.5,1.860000000000128,19.21000000000004,0.0322880371660858,2320.0,2305.0,2261.0,2286.0,101800.0
2021-01-20,2260.0,2271.0,2170.0,2188.0,1996.367431640625,149500.0,2231.35,2225.72,2196.2066666666665,2076.6025,55.69620253164557,2185.31,-0.8066666666668425,18.52250000000004,0.016492450638792,2320.0,2306.0,2222.0,2306.0,138700.0
2021-01-21,2203.0,2227.0,2175.0,2186.0,1994.5423583984373,126600.0,2230.6,2225.46,2194.32,2079.8575,47.40740740740741,2182.48,-3.233333333333121,17.84999999999991,0.0155632984901277,2320.0,2271.0,2188.0,2260.0,149500.0
2021-01-22,2176.0,2245.0,2164.0,2243.0,2046.5504150390625,253800.0,2232.7,2227.28,2193.193333333333,2083.2475,52.98013245033113,2182.84,-4.900000000000091,17.15000000000009,0.0420441347270614,2320.0,2227.0,2186.0,2203.0,126600.0
2021-01-23,2176.0,2245.0,2164.0,2243.0,2046.5504150390625,253800.0,2234.8,2228.04,2191.2,2086.1125,52.98013245033113,2185.3,-7.906666666666751,16.210000000000036,0.0265446224256293,2320.0,2245.0,2243.0,2176.0,253800.0
2021-01-24,2176.0,2245.0,2164.0,2243.0,2046.5504150390625,253800.0,2235.95,2229.72,2192.773333333333,2089.19,52.98013245033113,2187.76,-5.2933333333330665,15.852499999999964,0.0137853107344632,2320.0,2245.0,2243.0,2176.0,253800.0
2021-01-25,2265.0,2324.0,2265.0,2293.0,2092.1708984375,229400.0,2242.1,2233.4,2194.5466666666666,2092.2925,59.659090909090914,2191.22,-1.6599999999998545,15.690000000000056,0.0123620309050773,2320.0,2245.0,2243.0,2176.0,253800.0
2021-01-26,2272.0,2327.0,2250.0,2300.0,2098.55810546875,269500.0,2249.5,2237.36,2195.7466666666664,2095.5425,61.82336182336183,2195.22,1.4266666666662786,15.684999999999944,0.0021786492374726,2320.0,2324.0,2293.0,2265.0,229400.0
2021-01-27,2325.0,2406.0,2292.0,2298.0,2096.732666015625,340200.0,2254.4,2241.24,2197.286666666667,2098.7825,53.10344827586208,2199.23,4.093333333333703,15.534999999999854,0.0013071895424836,2320.0,2327.0,2300.0,2272.0,269500.0
2021-01-28,2275.0,2317.0,2250.0,2263.0,2064.79833984375,221000.0,2256.3,2243.72,2198.36,2101.8475,39.99999999999999,2202.49,7.160000000000309,15.734999999999673,-0.0139433551198256,2320.0,2406.0,2298.0,2325.0,340200.0
2021-01-29,2269.0,2332.0,2233.0,2233.0,2037.4254150390625,182900.0,2256.7,2244.24,2199.0333333333333,2104.675,38.907849829351534,2206.05,6.259999999999764,15.485000000000127,-0.0343783783783784,2320.0,2317.0,2263.0,2275.0,221000.0
2021-01-30,2269.0,2332.0,2233.0,2233.0,2037.4254150390625,182900.0,2257.1,2246.76,2199.6066666666666,2107.64,38.907849829351534,2209.21,5.059999999999945,15.347499999999854,-0.0487752928647496,2320.0,2332.0,2233.0,2269.0,182900.0
2021-01-31,2269.0,2332.0,2233.0,2233.0,2037.4254150390625,182900.0,2257.5,2250.0,2201.2466666666664,2110.38,38.907849829351534,2212.37,5.5,14.837500000000093,-0.0406015037593985,2320.0,2332.0,2233.0,2269.0,182900.0
2021-02-01,2277.0,2323.0,2254.0,2304.0,2102.20751953125,328200.0,2261.85,2254.16,2203.9666666666667,2113.6,56.574923547400616,2216.95,6.679999999999836,14.81750000000011,0.0355056179775281,2320.0,2332.0,2233.0,2269.0,182900.0
2021-02-02,2160.0,2191.0,2066.0,2111.0,1926.1112060546875,1130700.0,2253.4,2249.6,2203.5466666666666,2115.8925,38.46153846153846,2216.42,5.186666666666497,14.045000000000073,-0.0042452830188679,2320.0,2323.0,2304.0,2277.0,328200.0
2021-02-03,2140.0,2180.0,2126.0,2135.0,1948.009033203125,445700.0,2244.15,2246.0,2203.313333333333,2118.305,44.373673036093415,2215.57,4.2800000000002,13.629999999999654,0.0070754716981131,2304.0,2191.0,2111.0,2160.0,1130700.0
2021-02-04,2122.0,2122.0,2063.0,2072.0,1890.52685546875,412000.0,2232.85,2239.88,2202.24,2120.4025,39.285714285714285,2214.06,2.633333333333212,12.762500000000273,-0.0226415094339622,2304.0,2180.0,2135.0,2140.0,445700.0
2021-02-05,2105.0,2115.0,2050.0,2068.0,1886.87744140625,393200.0,2221.35,2233.6,2201.113333333333,2122.6425,31.73277661795408,2210.97,-0.133333333333212,12.262499999999818,-0.0152380952380952,2304.0,2122.0,2072.0,2122.0,412000.0
2021-02-06,2105.0,2115.0,2050.0,2068.0,1886.87744140625,393200.0,2209.85,2227.64,2199.9866666666667,2124.645,31.73277661795408,2209.33,-3.980000000000018,11.045000000000073,-0.0140643623361144,2304.0,2115.0,2068.0,2105.0,393200.0
2021-02-07,2105.0,2115.0,2050.0,2068.0,1886.87744140625,393200.0,2200.2,2219.16,2198.4266666666667,2126.81,31.73277661795408,2207.69,-5.119999999999891,10.917500000000018,-0.0152380952380952,2304.0,2115.0,2068.0,2105.0,393200.0
2021-02-08,2080.0,2144.0,2067.0,2136.0,1948.921630859375,350800.0,2195.9,2211.8,2197.4066666666668,2129.315,34.20523138832998,2207.41,-5.906666666666752,11.010000000000218,0.0394160583941605,2304.0,2115.0,2068.0,2105.0,393200.0
2021-02-09,2127.0,2174.0,2103.0,2172.0,1981.7689208984373,341800.0,2195.1,2206.76,2196.1666666666665,2132.0,37.83269961977186,2207.6,-6.073333333333267,11.597499999999854,0.0467469879518072,2304.0,2144.0,2136.0,2080.0,350800.0
2021-02-10,2170.0,2173.0,2136.0,2136.0,1948.921630859375,197400.0,2192.6,2200.28,2194.0466666666666,2134.505,35.53571428571428,2208.37,-7.066666666666606,11.862500000000182,0.0293975903614458,2304.0,2174.0,2172.0,2127.0,341800.0
2021-02-11,2170.0,2173.0,2136.0,2136.0,1948.921630859375,197400.0,2187.25,2193.8,2191.9266666666667,2137.01,37.90476190476191,2207.84,-8.059999999999945,12.365000000000236,0.0293975903614458,2304.0,2173.0,2136.0,2170.0,197400.0
2021-02-12,2140.0,2182.0,2136.0,2176.0,1985.4180908203125,177300.0,2183.9,2190.4,2190.34,2139.665,44.67289719626168,2207.56,-8.086666666666588,12.855000000000018,0.0180116959064327,2304.0,2173.0,2136.0,2170.0,197400.0
2021-02-13,2140.0,2182.0,2136.0,2176.0,1985.4180908203125,177300.0,2180.55,2188.56,2188.52,2142.17,44.67289719626168,2207.23,-8.88666666666677,12.855000000000018,-0.0006888633754305,2304.0,2182.0,2176.0,2140.0,177300.0
2021-02-14,2140.0,2182.0,2136.0,2176.0,1985.4180908203125,177300.0,2174.7,2188.08,2186.233333333333,2144.55,44.67289719626168,2206.9,-9.933333333333394,12.550000000000182,0.0132712456344585,2304.0,2182.0,2176.0,2140.0,177300.0
2021-02-15,2190.0,2240.0,2155.0,2230.0,2034.6888427734373,258000.0,2171.2,2189.84,2184.9333333333334,2147.125,42.85714285714285,2207.65,-9.11333333333323,12.61999999999989,0.0033745781777276,2304.0,2182.0,2176.0,2140.0,177300.0
2021-02-16,2231.0,2278.0,2231.0,2239.0,2042.900634765625,222600.0,2168.25,2189.68,2185.12,2149.4325,69.16167664670658,2208.48,-6.8066666666668425,12.422499999999673,0.0413953488372094,2304.0,2240.0,2230.0,2190.0,258000.0
2021-02-17,2220.0,2220.0,2125.0,2144.0,1956.2208251953125,278500.0,2162.3,2185.72,2185.44,2151.265,51.11111111111112,2206.88,-4.900000000000091,11.599999999999907,-0.0027906976744186,2304.0,2278.0,2239.0,2231.0,222600.0
2021-02-18,2157.0,2169.0,2116.0,2164.0,1974.46923828125,277100.0,2158.85,2182.56,2186.026666666666,2153.1975,62.70718232044199,2206.14,-2.4933333333333394,11.027500000000146,0.0065116279069767,2304.0,2220.0,2144.0,2220.0,278500.0
2021-02-19,2150.0,2218.0,2131.0,2198.0,2005.4913330078125,237500.0,2157.1,2178.76,2187.0666666666666,2154.575,66.58163265306122,2206.08,0.8333333333334849,10.024999999999636,0.0164161849710982,2304.0,2169.0,2164.0,2157.0,277100.0
2021-02-20,2150.0,2218.0,2131.0,2198.0,2005.4913330078125,237500.0,2155.35,2174.68,2188.373333333333,2154.965,66.58163265306122,2206.02,3.4400000000000546,7.8400000000001455,0.0479141835518475,2304.0,2218.0,2198.0,2150.0,237500.0
2021-02-21,2150.0,2218.0,2131.0,2198.0,2005.4913330078125,237500.0,2150.05,2170.68,2189.713333333333,2155.505,66.58163265306122,2205.96,4.593333333333248,6.072500000000218,0.0164161849710982,2239.0,2218.0,2198.0,2150.0,237500.0
2021-02-22,2248.0,2248.0,2158.0,2177.0,1986.3306884765625,227800.0,2153.35,2167.24,2190.74,2156.09,55.94202898550725,2205.48,5.299999999999727,4.825000000000273,-0.0059360730593607,2239.0,2218.0,2198.0,2150.0,237500.0
2021-02-23,2248.0,2248.0,2158.0,2177.0,1986.3306884765625,227800.0,2155.45,2165.0,2192.366666666667,2156.525,50.80906148867314,2204.62,6.3400000000001455,3.3274999999998727,-0.0070695553021664,2239.0,2248.0,2177.0,2248.0,227800.0
2021-02-24,2101.0,2135.0,1999.0,2002.0,1826.6578369140625,729600.0,2151.95,2155.76,2191.393333333333,2156.085,35.04464285714285,2201.26,4.326666666666824,1.5100000000002185,-0.0868871151653364,2239.0,2248.0,2177.0,2248.0,227800.0
2021-02-25,2029.0,2048.0,2003.0,2025.0,1847.643310546875,234500.0,2149.8,2147.44,2190.7266666666665,2155.76,38.21656050955414,2198.72,2.353333333333012,0.7950000000000728,-0.0763968072976054,2239.0,2135.0,2002.0,2101.0,729600.0
2021-02-26,1994.0,2019.0,1915.0,1936.0,1766.438232421875,723700.0,2143.2,2132.72,2188.873333333333,2154.99,26.92307692307692,2193.44,-0.8399999999996908,-0.5150000000003274,-0.1189988623435722,2239.0,2048.0,2025.0,2029.0,234500.0
2021-02-27,1994.0,2019.0,1915.0,1936.0,1766.438232421875,723700.0,2136.6,2125.72,2186.1866666666665,2154.2075,26.92307692307692,2187.66,-4.553333333333285,-1.882500000000164,-0.1294964028776978,2239.0,2019.0,1936.0,1994.0,723700.0
2021-02-28,1994.0,2019.0,1915.0,1936.0,1766.438232421875,723700.0,2126.6,2117.76,2182.9666666666667,2153.475,26.92307692307692,2181.88,-9.400000000000093,-3.050000000000182,-0.1203998182644252,2239.0,2019.0,1936.0,1994.0,723700.0
2021-03-01,1974.0,1975.0,1895.0,1929.0,1760.0513916015625,541300.0,2114.45,2112.04,2180.0533333333333,2152.27,18.181818181818187,2175.96,-11.340000000000146,-3.815000000000055,-0.1235801908223535,2239.0,2019.0,1936.0,1994.0,723700.0
2021-03-02,1910.0,1921.0,1839.0,1859.0,1696.18212890625,786700.0,2100.6,2103.68,2175.2066666666665,2150.765,14.419475655430702,2168.64,-15.519999999999982,-4.995000000000346,-0.1553839164016356,2239.0,1975.0,1929.0,1974.0,541300.0
2021-03-03,1859.0,1871.0,1812.0,1847.0,1685.2332763671875,438500.0,2086.15,2094.84,2171.1666666666665,2149.2,17.073170731707307,2161.24,-17.706666666666933,-5.789999999999964,-0.1608359836437982,2239.0,1921.0,1859.0,1910.0,786700.0
2021-03-04,1812.0,1908.0,1810.0,1903.0,1736.3287353515625,340800.0,2072.5,2088.24,2167.873333333333,2147.915,23.203285420944567,2153.7,-18.31333333333305,-6.292500000000018,-0.1353930031803725,2239.0,1871.0,1847.0,1859.0,438500.0
2021-03-05,1884.0,1886.0,1852.0,1883.0,1718.0802001953125,238900.0,2057.85,2078.12,2164.313333333333,2146.7925,16.701902748414383,2144.96,-18.6533333333332,-6.682499999999891,-0.1518018018018018,2239.0,1908.0,1903.0,1812.0,340800.0
2021-03-06,1884.0,1886.0,1852.0,1883.0,1718.0802001953125,238900.0,2043.2,2066.56,2160.5866666666666,2145.4075,16.701902748414383,2136.66,-19.466666666666697,-6.862500000000182,-0.1322580645161289,2239.0,1886.0,1883.0,1884.0,238900.0
2021-03-07,1884.0,1886.0,1852.0,1883.0,1718.0802001953125,238900.0,2025.85,2056.44,2157.7266666666665,2144.0475,16.701902748414383,2128.36,-17.480000000000018,-6.717499999999745,-0.125,2239.0,1886.0,1883.0,1884.0,238900.0
2021-03-08,1920.0,1920.0,1848.0,1862.0,1698.91943359375,218700.0,2007.0,2045.48,2153.72,2142.845,16.701902748414383,2119.64,-17.446666666666715,-6.355000000000018,-0.1536363636363636,2198.0,1886.0,1883.0,1884.0,238900.0
2021-03-09,1881.0,1884.0,1837.0,1870.0,1706.2188720703125,203000.0,1993.3,2033.24,2149.4533333333334,2141.7075,18.08731808731808,2111.82,-18.42000000000008,-6.207499999999982,-0.1595505617977528,2198.0,1920.0,1862.0,1920.0,218700.0
2021-03-10,1885.0,1922.0,1875.0,1917.0,1749.102294921875,248800.0,1980.95,2022.88,2145.78,2140.805,37.96033994334278,2105.72,-18.533333333333303,-5.987500000000182,-0.1384269662921348,2198.0,1884.0,1870.0,1881.0,203000.0
2021-03-11,1917.0,1957.0,1888.0,1947.0,1776.4749755859375,243600.0,1968.4,2013.72,2142.5066666666667,2140.0525,39.16666666666666,2100.9,-18.079999999999927,-5.355000000000018,-0.124943820224719,2198.0,1922.0,1917.0,1885.0,248800.0
2021-03-12,1959.0,1979.0,1947.0,1977.0,1803.84765625,214200.0,1957.35,2003.6,2139.633333333333,2139.225,56.810631229235874,2096.72,-18.09333333333325,-4.822500000000218,-0.1114606741573033,2198.0,1957.0,1947.0,1917.0,243600.0
2021-03-13,1959.0,1979.0,1947.0,1977.0,1803.84765625,214200.0,1946.3,1993.12,2136.693333333333,2138.6725,56.810631229235874,2091.4,-17.026666666666642,-4.172499999999673,-0.108254397834912,2177.0,1979.0,1977.0,1959.0,214200.0
2021-03-14,1959.0,1979.0,1947.0,1977.0,1803.84765625,214200.0,1936.3,1986.44,2133.4,2137.9825,56.810631229235874,2086.08,-16.053333333333285,-3.724999999999909,-0.1328947368421053,2177.0,1979.0,1977.0,1959.0,214200.0
2021-03-15,2000.0,2001.0,1963.0,1991.0,1816.621337890625,188300.0,1927.0,1979.52,2130.6,2137.475,60.06493506493506,2081.04,-15.180000000000293,-3.3299999999999272,-0.1418103448275862,2025.0,1979.0,1977.0,1959.0,214200.0
2021-03-16,1994.0,2004.0,1971.0,1991.0,1816.621337890625,216300.0,1926.45,1971.24,2127.8,2137.155,77.73109243697479,2075.0,-14.70666666666648,-2.8974999999995816,-0.1335944299390774,2025.0,2001.0,1991.0,2000.0,188300.0
2021-03-17,1988.0,2003.0,1978.0,1998.0,1823.0081787109373,129500.0,1925.1,1963.24,2125.093333333333,2136.87,82.40343347639485,2068.96,-14.539999999999964,-2.355000000000018,-0.1305483028720626,1998.0,2004.0,1991.0,1994.0,216300.0
2021-03-18,2012.0,2028.0,1984.0,2021.0,1843.9937744140625,211400.0,1929.35,1956.16,2122.693333333333,2136.7,79.5,2063.42,-14.0,-1.9725000000003088,-0.1205395996518712,2021.0,2003.0,1998.0,1988.0,129500.0
2021-03-19,2008.0,2038.0,1988.0,1992.0,1817.533447265625,755900.0,1932.15,1948.76,2119.9066666666668,2136.385,76.07655502392345,2058.0,-13.49333333333334,-1.5974999999998545,-0.1189739053516143,2021.0,2028.0,2021.0,2012.0,211400.0
2021-03-20,2008.0,2038.0,1988.0,1992.0,1817.533447265625,755900.0,1934.95,1941.36,2116.866666666667,2136.0075,76.07655502392345,2053.18,-13.73333333333312,-1.4674999999997451,-0.1035103510351035,2021.0,2038.0,1992.0,2008.0,755900.0
2021-03-21,2008.0,2038.0,1988.0,1992.0,1817.533447265625,755900.0,1938.1,1940.96,2114.4933333333333,2135.4425,76.07655502392345,2048.36,-13.306666666666844,-1.712500000000091,-0.0895795246800731,2021.0,2038.0,1992.0,2008.0,755900.0
2021-03-22,2000.0,2003.0,1925.0,1925.0,1756.40185546875,313400.0,1941.4,1936.96,2111.4666666666667,2134.655,62.35294117647059,2042.2,-13.626666666666551,-2.2149999999996908,-0.1193961573650502,2021.0,2038.0,1992.0,2008.0,755900.0
2021-03-23,1926.0,1984.0,1919.0,1926.0,1757.31396484375,365100.0,1945.35,1936.56,2107.813333333333,2134.135,61.29032258064516,2034.64,-14.879999999999654,-2.5649999999996,-0.1413285777975925,2021.0,2003.0,1925.0,2000.0,313400.0
2021-03-24,1920.0,1939.0,1906.0,1908.0,1740.890625,180300.0,1945.6,1935.44,2103.5866666666666,2133.525,47.945205479452056,2030.58,-16.320000000000164,-2.860000000000128,-0.1493535443602318,2021.0,1984.0,1926.0,1926.0,365100.0
2021-03-25,1901.0,1915.0,1889.0,1914.0,1746.3651123046875,232500.0,1947.15,1934.56,2099.44,2132.945,41.53846153846154,2026.16,-17.426666666666733,-3.0625,-0.1466785555060187,2021.0,1939.0,1908.0,1920.0,180300.0
2021-03-26,1915.0,1957.0,1912.0,1950.0,1779.212158203125,190200.0,1950.5,1935.4,2095.773333333333,2132.7325,43.28358208955223,2023.72,-18.7199999999998,-2.7100000000000364,-0.14958569559529,2021.0,1915.0,1914.0,1901.0,232500.0
2021-03-27,1915.0,1957.0,1912.0,1950.0,1779.212158203125,190200.0,1953.85,1939.04,2092.1066666666666,2132.4825,43.28358208955223,2021.36,-19.360000000000127,-2.172500000000128,-0.1521739130434782,2021.0,1957.0,1950.0,1915.0,190200.0
2021-03-28,1915.0,1957.0,1912.0,1950.0,1779.212158203125,190200.0,1958.25,1943.16,2088.5466666666666,2132.5325,43.28358208955223,2019.0,-19.26666666666688,-1.6025000000004184,-0.1514360313315926,2021.0,1957.0,1950.0,1915.0,190200.0
2021-03-29,1984.0,1999.0,1932.0,1958.0,1786.5113525390625,295400.0,1962.65,1945.36,2084.2533333333336,2132.7475,41.53846153846154,2016.8,-19.33333333333303,-0.7775000000001455,-0.1347768448961556,2021.0,1957.0,1950.0,1915.0,190200.0
2021-03-30,1958.0,1958.0,1912.0,1918.0,1758.529052734375,157200.0,1962.7,1946.76,2078.893333333333,2132.85,34.46808510638297,2012.44,-20.546666666666624,-0.0950000000002546,-0.1410658307210031,2021.0,1999.0,1958.0,1984.0,295400.0
2021-03-31,1956.0,1956.0,1902.0,1929.0,1768.614501953125,224100.0,1961.8,1948.6,2073.9733333333334,2133.0075,35.56485355648536,2007.58,-21.800000000000185,0.2750000000000909,-0.1361397223466188,2021.0,1958.0,1918.0,1958.0,157200.0
2021-04-01,1929.0,1943.0,1906.0,1924.0,1764.0302734375,114200.0,1959.15,1950.24,2068.9866666666667,2133.14,28.054298642533936,2003.34,-23.11999999999989,0.6574999999997999,-0.1383788625167935,2021.0,1956.0,1929.0,1956.0,224100.0
2021-04-02,1944.0,1944.0,1912.0,1921.0,1761.2794189453125,91400.0,1956.35,1952.6,2063.96,2133.445,31.7948717948718,1999.04,-24.586666666666588,0.9125000000003638,-0.1662326388888888,2021.0,1943.0,1924.0,1929.0,114200.0
2021-04-03,1944.0,1944.0,1912.0,1921.0,1761.2794189453125,91400.0,1953.55,1954.64,2059.4266666666667,2133.8875,31.7948717948718,1993.94,-24.826666666666824,1.139999999999873,-0.0900047370914258,2021.0,1944.0,1921.0,1944.0,91400.0
2021-04-04,1944.0,1944.0,1912.0,1921.0,1761.2794189453125,91400.0,1950.05,1954.8,2055.4133333333334,2133.73,31.7948717948718,1988.84,-23.48000000000001,0.8800000000001091,-0.1002341920374707,2021.0,1944.0,1921.0,1944.0,91400.0
2021-04-05,1921.0,1921.0,1893.0,1901.0,1742.9425048828125,184600.0,1945.55,1952.96,2051.5866666666666,2133.4225,41.89189189189189,1983.34,-22.38666666666677,0.4149999999999636,-0.0825289575289575,2021.0,1944.0,1921.0,1944.0,91400.0
2021-04-06,1920.0,1937.0,1868.0,1869.0,1713.60302734375,228600.0,1939.1,1948.64,2047.36,2132.6925,34.07821229050279,1976.12,-21.62666666666678,-0.4474999999997635,-0.096228239845261,2021.0,1921.0,1901.0,1921.0,184600.0
2021-04-07,1890.0,1916.0,1874.0,1910.0,1751.1942138671875,166000.0,1933.55,1945.96,2042.92,2132.1675,50.495049504950494,1969.54,-21.039999999999964,-1.2775000000001455,-0.0764023210831721,1992.0,1937.0,1869.0,1920.0,228600.0
2021-04-08,1897.0,1905.0,1874.0,1875.0,1719.104248046875,129700.0,1927.7,1941.88,2038.013333333333,2131.4675,41.558441558441565,1964.16,-21.41333333333341,-2.419999999999618,-0.0933268858800773,1992.0,1916.0,1910.0,1890.0,166000.0
2021-04-09,1889.0,1939.0,1888.0,1937.0,1775.94921875,257900.0,1924.95,1939.72,2033.9333333333327,2131.0775,47.47081712062257,1959.62,-21.48000000000001,-2.652500000000145,-0.0931647940074906,1992.0,1905.0,1875.0,1897.0,129700.0
2021-04-10,1889.0,1939.0,1888.0,1937.0,1775.94921875,257900.0,1922.2,1937.56,2029.1866666666667,2130.6875,47.47081712062257,1954.4,-22.399999999999864,-2.735000000000128,-0.108195211786372,1958.0,1939.0,1937.0,1889.0,257900.0
2021-04-11,1889.0,1939.0,1888.0,1937.0,1775.94921875,257900.0,1922.8,1935.12,2024.3466666666664,2130.1975,47.47081712062257,1949.18,-23.01333333333332,-2.494999999999891,-0.0931647940074906,1958.0,1939.0,1937.0,1889.0,257900.0
2021-04-12,1937.0,1949.0,1909.0,1940.0,1778.6998291015625,146800.0,1923.5,1931.88,2019.5733333333333,2129.6975,46.42857142857143,1944.02,-23.34666666666681,-2.4699999999998,-0.0917602996254681,1958.0,1939.0,1937.0,1889.0,257900.0
2021-04-13,1937.0,1979.0,1927.0,1970.0,1806.2054443359373,195900.0,1926.6,1931.0,2015.6666666666667,2128.81,60.74380165289256,1939.88,-22.34666666666658,-2.6575000000002547,-0.0946691176470588,1970.0,1949.0,1940.0,1937.0,146800.0
2021-04-14,1979.0,1988.0,1952.0,1975.0,1810.7896728515625,120800.0,1929.65,1930.32,2012.2266666666667,2127.9475,59.7457627118644,1935.84,-21.706666666666703,-3.1299999999996544,-0.0923713235294118,1975.0,1979.0,1970.0,1937.0,195900.0
2021-04-15,1960.0,1969.0,1933.0,1960.0,1797.0369873046875,83200.0,1930.15,1929.04,2008.5866666666664,2127.01,57.3170731707317,1935.0,-20.600000000000136,-3.6774999999997817,-0.0992647058823529,1975.0,1988.0,1975.0,1979.0,120800.0
2021-04-16,1974.0,1998.0,1964.0,1973.0,1808.9561767578125,106100.0,1931.3,1930.96,2005.12,2126.0375,60.15625,1933.96,-19.226666666666688,-4.160000000000309,-0.1152466367713004,1975.0,1969.0,1960.0,1960.0,83200.0
2021-04-17,1974.0,1998.0,1964.0,1973.0,1808.9561767578125,106100.0,1932.45,1932.84,2000.7066666666667,2125.1525,60.15625,1934.7,-18.86666666666656,-4.545000000000073,-0.1188030370701206,1975.0,1998.0,1973.0,1974.0,106100.0
2021-04-18,1974.0,1998.0,1964.0,1973.0,1808.9561767578125,106100.0,1933.2,1935.44,1998.8666666666663,2124.63,60.15625,1935.44,-16.800000000000182,-4.179999999999836,-0.0797574626865671,1975.0,1998.0,1973.0,1974.0,106100.0
2021-04-19,1955.0,1984.0,1952.0,1961.0,1797.953857421875,94300.0,1935.35,1937.32,1996.5466666666664,2124.0475,62.096774193548384,1935.94,-15.680000000000064,-3.900000000000091,-0.093807763401109,1975.0,1998.0,1973.0,1974.0,106100.0
2021-04-20,1960.0,1964.0,1927.0,1928.0,1767.6976318359375,121700.0,1935.3,1936.44,1994.6266666666668,2123.5,61.847389558232926,1935.92,-13.959999999999807,-3.5100000000002183,-0.1228389444949954,1975.0,1984.0,1961.0,1955.0,94300.0
2021-04-21,1900.0,1924.0,1888.0,1918.0,1758.529052734375,125700.0,1935.0,1935.16,1992.6266666666668,2122.9025,51.834862385321095,1937.1,-12.493333333333112,-3.1349999999997635,-0.1273885350318471,1975.0,1964.0,1928.0,1960.0,121700.0
2021-04-22,1937.0,1968.0,1931.0,1942.0,1780.533447265625,165400.0,1936.05,1934.84,1990.9466666666667,2122.425,66.18357487922705,1939.0,-9.759999999999993,-2.727499999999964,-0.116469517743403,1975.0,1924.0,1918.0,1900.0,125700.0
2021-04-23,1932.0,1964.0,1929.0,1956.0,1793.3695068359375,91400.0,1937.8,1934.76,1989.4533333333327,2121.955,55.9748427672956,1940.06,-9.413333333333185,-2.675000000000182,-0.1015158474965548,1975.0,1968.0,1942.0,1937.0,165400.0
2021-04-24,1932.0,1964.0,1929.0,1956.0,1793.3695068359375,91400.0,1939.55,1936.28,1987.0533333333333,2121.3975,55.9748427672956,1941.52,-9.49333333333334,-2.650000000000091,-0.1015158474965548,1975.0,1964.0,1956.0,1932.0,91400.0
2021-04-25,1932.0,1964.0,1929.0,1956.0,1793.3695068359375,91400.0,1942.3,1937.36,1984.1733333333327,2120.815,55.9748427672956,1942.98,-10.453333333333376,-2.684999999999945,-0.0229770229770229,1975.0,1964.0,1956.0,1932.0,91400.0
2021-04-26,1958.0,1967.0,1928.0,1933.0,1772.281982421875,107900.0,1945.5,1937.72,1981.4666666666667,2119.8675,48.04469273743017,1943.98,-11.160000000000082,-3.035000000000309,-0.045432098765432,1975.0,1964.0,1956.0,1932.0,91400.0
2021-04-27,1927.0,1944.0,1906.0,1938.0,1776.865966796875,116500.0,1946.9,1938.4,1978.8266666666664,2118.9575,39.6103896103896,1945.5,-12.120000000000118,-3.4675000000002,0.0010330578512396,1975.0,1967.0,1933.0,1958.0,107900.0
2021-04-28,1930.0,1937.0,1906.0,1929.0,1768.614501953125,102000.0,1949.6,1938.72,1975.5333333333333,2118.0025,35.44303797468355,1946.68,-13.920000000000073,-3.9524999999998727,-0.0036157024793388,1975.0,1944.0,1938.0,1927.0,116500.0
2021-04-29,1930.0,1937.0,1906.0,1929.0,1768.614501953125,102000.0,1949.2,1939.04,1972.24,2117.0475,39.16083916083917,1946.92,-14.813333333333276,-4.349999999999909,-0.0036157024793388,1975.0,1937.0,1929.0,1930.0,102000.0
2021-04-30,1929.0,1942.0,1907.0,1910.0,1751.1942138671875,138500.0,1947.85,1939.4,1968.6933333333327,2115.7975,28.859060402684563,1946.18,-15.480000000000018,-5.017499999999927,-0.0098496630378434,1975.0,1937.0,1929.0,1930.0,102000.0
2021-05-01,1929.0,1942.0,1907.0,1910.0,1751.1942138671875,138500.0,1946.5,1941.04,1964.4266666666667,2114.185,28.859060402684563,1944.84,-17.039999999999964,-5.682499999999891,0.0274341043571813,1975.0,1942.0,1910.0,1929.0,138500.0
2021-05-02,1929.0,1942.0,1907.0,1910.0,1751.1942138671875,138500.0,1945.0,1941.04,1960.04,2112.1975,28.859060402684563,1943.5,-18.78666666666664,-6.759999999999764,0.0341093665403355,1975.0,1942.0,1910.0,1929.0,138500.0
2021-05-03,1929.0,1942.0,1907.0,1910.0,1751.1942138671875,138500.0,1942.0,1942.44,1956.92,2110.5475,31.386861313868607,1942.16,-18.61333333333323,-7.454999999999927,0.003678402522333,1975.0,1942.0,1910.0,1929.0,138500.0
2021-05-04,1929.0,1942.0,1907.0,1910.0,1751.1942138671875,138500.0,1938.75,1941.36,1953.5333333333333,2108.7725,41.34615384615385,1940.54,-18.706666666666703,-8.275000000000091,0.0143388210302708,1973.0,1942.0,1910.0,1929.0,138500.0
2021-05-05,1929.0,1942.0,1907.0,1910.0,1751.1942138671875,138500.0,1936.25,1940.28,1949.6933333333327,2106.9975,45.74468085106383,1938.92,-19.0,-8.800000000000182,0.0143388210302708,1973.0,1942.0,1910.0,1929.0,138500.0
2021-05-06,1948.0,1982.0,1930.0,1957.0,1794.2862548828125,179300.0,1935.45,1941.08,1946.48,2105.4575,56.41025641025641,1938.1,-17.946666666666715,-8.727499999999964,0.0392989909718535,1973.0,1942.0,1910.0,1929.0,138500.0
2021-05-07,1944.0,1957.0,1912.0,1924.0,1764.0302734375,148700.0,1933.0,1940.44,1942.8266666666664,2103.4275,38.23529411764706,1936.16,-17.213333333333367,-8.770000000000437,0.033297529538131,1973.0,1982.0,1957.0,1948.0,179300.0
2021-05-08,1944.0,1957.0,1912.0,1924.0,1764.0302734375,148700.0,1930.55,1938.6,1939.4533333333327,2101.6725,38.23529411764706,1934.8,-17.466666666666697,-8.875,0.0288770053475935,1961.0,1957.0,1924.0,1944.0,148700.0
2021-05-09,1944.0,1957.0,1912.0,1924.0,1764.0302734375,148700.0,1928.7,1936.56,1936.08,2099.9175,38.23529411764706,1933.44,-17.453333333333376,-8.855000000000018,0.0036515388628064,1957.0,1957.0,1924.0,1944.0,148700.0
2021-05-10,1914.0,1951.0,1913.0,1929.0,1768.614501953125,132600.0,1928.75,1935.32,1935.1066666666663,2098.4,48.30508474576271,1932.18,-14.586666666666815,-8.597499999999854,-0.0092449922958397,1957.0,1957.0,1924.0,1944.0,148700.0
2021-05-11,1737.0,1739.0,1647.0,1682.0,1542.151123046875,1581100.0,1916.95,1923.68,1930.5333333333333,2095.885,14.444444444444445,1927.32,-15.946666666666715,-9.572499999999764,-0.1492159838138593,1957.0,1951.0,1929.0,1914.0,132600.0
2021-05-12,1675.0,1692.0,1600.0,1631.0,1495.3914794921875,771800.0,1901.4,1910.0,1926.4666666666667,2093.115,12.93532338308458,1921.42,-16.3599999999999,-10.3125,-0.175012645422357,1957.0,1739.0,1682.0,1737.0,1581100.0
2021-05-13,1609.0,1627.0,1562.0,1580.0,1448.6317138671875,405900.0,1882.6,1894.28,1921.72,2090.09,11.479028697571737,1914.86,-17.73333333333335,-11.582499999999982,-0.2008093070308548,1957.0,1692.0,1631.0,1675.0,771800.0
2021-05-14,1580.0,1614.0,1537.0,1603.0,1469.7197265625,324800.0,1864.95,1879.96,1917.28,2087.3675,16.41137855579869,1908.64,-18.799999999999955,-12.550000000000182,-0.1948769462581617,1957.0,1627.0,1580.0,1609.0,405900.0
2021-05-15,1580.0,1614.0,1537.0,1603.0,1469.7197265625,324800.0,1847.3,1866.96,1912.9333333333327,2084.445,16.41137855579869,1901.7,-22.173333333333176,-13.954999999999927,-0.1948769462581617,1957.0,1614.0,1603.0,1580.0,324800.0
2021-05-16,1580.0,1614.0,1537.0,1603.0,1469.7197265625,324800.0,1830.8,1854.36,1909.52,2081.1975,16.41137855579869,1894.76,-21.01333333333332,-14.6875,-0.1976976976976977,1957.0,1614.0,1603.0,1580.0,324800.0
2021-05-17,1615.0,1628.0,1573.0,1592.0,1459.634033203125,233900.0,1813.5,1840.36,1906.12,2078.0575,16.025641025641022,1887.6,-20.34666666666681,-15.05749999999989,-0.2122711528946066,1957.0,1614.0,1603.0,1580.0,324800.0
2021-05-18,1585.0,1616.0,1585.0,1602.0,1468.8028564453125,169600.0,1797.15,1826.2,1902.1066666666663,2074.88,17.782426778242666,1880.48,-19.613333333333458,-15.210000000000036,-0.1957831325301204,1957.0,1628.0,1592.0,1615.0,233900.0
2021-05-19,1606.0,1658.0,1602.0,1658.0,1520.1463623046875,298100.0,1783.6,1814.28,1899.1066666666663,2071.9825,26.40449438202248,1875.28,-18.173333333333403,-15.384999999999764,-0.1676706827309236,1957.0,1616.0,1602.0,1585.0,169600.0
2021-05-20,1655.0,1672.0,1636.0,1636.0,1499.9757080078125,165200.0,1769.9,1801.48,1895.8133333333333,2068.975,18.46758349705304,1869.42,-17.12000000000012,-15.470000000000256,-0.178714859437751,1957.0,1658.0,1658.0,1606.0,298100.0
2021-05-21,1644.0,1654.0,1632.0,1637.0,1500.8927001953125,154500.0,1756.25,1789.64,1892.5333333333333,2065.8725,19.916142557651995,1863.68,-16.98666666666668,-15.325000000000273,-0.1496103896103896,1957.0,1672.0,1636.0,1655.0,165200.0
2021-05-22,1644.0,1654.0,1632.0,1637.0,1500.8927001953125,154500.0,1742.6,1777.6,1889.5333333333333,2062.77,19.916142557651995,1858.0,-16.586666666666588,-15.287499999999907,-0.1500519210799584,1957.0,1654.0,1637.0,1644.0,154500.0
2021-05-23,1644.0,1654.0,1632.0,1637.0,1500.8927001953125,154500.0,1728.95,1765.92,1886.4266666666667,2060.03,19.916142557651995,1852.32,-15.679999999999836,-14.849999999999907,-0.1420335429769391,1957.0,1654.0,1637.0,1644.0,154500.0
2021-05-24,1621.0,1647.0,1610.0,1635.0,1499.058837890625,185500.0,1715.2,1754.16,1882.6666666666667,2056.705,18.987341772151893,1846.6,-16.439999999999827,-15.277500000000146,-0.1457680250783699,1957.0,1654.0,1637.0,1644.0,154500.0
2021-05-25,1616.0,1627.0,1581.0,1607.0,1473.3870849609375,335600.0,1700.05,1742.04,1878.1333333333328,2053.1025,35.294117647058826,1840.72,-17.679999999999836,-15.872499999999944,-0.1758974358974359,1957.0,1647.0,1635.0,1621.0,185500.0
2021-05-26,1610.0,1611.0,1570.0,1573.0,1442.2139892578125,263700.0,1680.85,1728.56,1872.746666666667,2049.33,37.81512605042017,1834.8,-19.78666666666664,-16.542500000000018,-0.1933333333333333,1929.0,1627.0,1607.0,1616.0,335600.0
2021-05-27,1536.0,1536.0,1536.0,1536.0,1408.2904052734375,350200.0,1661.45,1713.6,1866.8666666666663,2045.3725,40.17857142857142,1827.32,-22.666666666666742,-17.397500000000036,-0.2123076923076923,1929.0,1611.0,1573.0,1610.0,263700.0
2021-05-28,1566.0,1580.0,1547.0,1554.0,1424.79345703125,206600.0,1642.95,1699.36,1861.2266666666667,2041.18,38.81278538812785,1820.9,-25.200000000000045,-18.850000000000136,-0.2063329928498467,1929.0,1536.0,1536.0,1536.0,350200.0
2021-05-29,1566.0,1580.0,1547.0,1554.0,1424.79345703125,206600.0,1624.45,1685.12,1855.4,2038.325,38.81278538812785,1813.24,-27.26666666666665,-18.37999999999988,-0.1897810218978102,1929.0,1580.0,1554.0,1566.0,206600.0
2021-05-30,1566.0,1580.0,1547.0,1554.0,1424.79345703125,206600.0,1605.7,1670.88,1849.5733333333333,2035.295,38.81278538812785,1805.58,-28.560000000000173,-17.80749999999989,-0.1944012441679626,1682.0,1580.0,1554.0,1566.0,206600.0
2021-05-31,1557.0,1575.0,1516.0,1535.0,1407.373291015625,386200.0,1598.35,1654.0,1843.4,2031.92,37.44493392070484,1797.54,-29.34666666666658,-17.409999999999854,-0.2021829521829522,1658.0,1580.0,1554.0,1566.0,206600.0
2021-06-01,1500.0,1541.0,1484.0,1535.0,1407.373291015625,536400.0,1593.55,1638.44,1836.92,2028.6825,34.56221198156682,1789.44,-29.946666666666488,-16.690000000000055,-0.2009370119729308,1658.0,1575.0,1535.0,1557.0,386200.0
2021-06-02,1504.0,1552.0,1490.0,1546.0,1417.458740234375,469300.0,1591.85,1623.32,1830.973333333333,2025.5,17.441860465116278,1780.96,-30.25333333333333,-15.680000000000064,-0.1952108276939094,1658.0,1541.0,1535.0,1500.0,536400.0
2021-06-03,1550.0,1578.0,1547.0,1561.0,1431.2117919921875,147600.0,1589.75,1608.8,1825.2266666666667,2022.3925,27.272727272727263,1772.68,-30.173333333333403,-15.932500000000118,-0.187402394586153,1658.0,1552.0,1546.0,1504.0,469300.0
2021-06-04,1539.0,1558.0,1522.0,1551.0,1422.0430908203125,208000.0,1587.15,1593.68,1819.3466666666664,2019.1975,25.28735632183907,1764.5,-30.226666666666688,-16.097500000000082,-0.1841136244082062,1658.0,1578.0,1561.0,1550.0,147600.0
2021-06-05,1539.0,1558.0,1522.0,1551.0,1422.0430908203125,208000.0,1584.55,1588.44,1814.36,2016.4025,25.28735632183907,1756.06,-29.04000000000019,-15.517500000000156,-0.1701444622792937,1658.0,1558.0,1551.0,1539.0,208000.0
2021-06-06,1539.0,1558.0,1522.0,1551.0,1422.0430908203125,208000.0,1582.5,1585.24,1809.36,2013.6575,25.28735632183907,1747.62,-27.560000000000173,-15.024999999999864,-0.1879581151832461,1658.0,1558.0,1551.0,1539.0,208000.0
2021-06-07,1561.0,1567.0,1521.0,1528.0,1400.9552001953125,226500.0,1578.8,1583.16,1804.2933333333333,2010.585,22.564102564102555,1738.72,-26.680000000000064,-14.914999999999964,-0.1850666666666667,1658.0,1558.0,1551.0,1539.0,208000.0
2021-06-08,1536.0,1584.0,1534.0,1572.0,1441.2969970703125,182100.0,1574.5,1581.92,1799.7333333333331,2007.6825,41.70616113744075,1730.94,-25.49333333333334,-14.710000000000036,-0.188435725348477,1637.0,1567.0,1528.0,1561.0,226500.0
2021-06-09,1570.0,1586.0,1558.0,1572.0,1441.2969970703125,135300.0,1571.3,1580.68,1794.6933333333334,2004.78,49.71751412429379,1723.82,-24.6533333333332,-14.417500000000018,-0.188435725348477,1637.0,1584.0,1572.0,1536.0,182100.0
2021-06-10,1585.0,1585.0,1561.0,1568.0,1437.6295166015625,126500.0,1567.85,1579.28,1789.6,2001.8575,61.11111111111111,1716.82,-24.75999999999999,-14.544999999999844,-0.1905007743933918,1637.0,1586.0,1572.0,1570.0,135300.0
2021-06-11,1588.0,1588.0,1565.0,1583.0,1451.3824462890625,180100.0,1565.15,1578.92,1784.7066666666667,1999.01,60.28368794326241,1709.64,-24.6533333333332,-14.647500000000036,-0.184020618556701,1637.0,1585.0,1568.0,1585.0,126500.0
2021-06-12,1588.0,1588.0,1565.0,1583.0,1451.3824462890625,180100.0,1562.45,1578.16,1779.7066666666667,1996.0,60.28368794326241,1702.18,-24.586666666666588,-14.585000000000036,-0.1964467005076142,1635.0,1588.0,1583.0,1588.0,180100.0
2021-06-13,1588.0,1588.0,1565.0,1583.0,1451.3824462890625,180100.0,1559.85,1575.16,1775.24,1992.8525,60.28368794326241,1694.72,-24.49333333333334,-14.829999999999927,-0.1984810126582278,1607.0,1588.0,1583.0,1588.0,180100.0
2021-06-14,1590.0,1593.0,1573.0,1580.0,1448.6317138671875,69300.0,1558.5,1572.92,1770.5866666666666,1989.4275,68.0,1687.2,-24.1066666666668,-15.352499999999964,-0.1938775510204081,1583.0,1588.0,1583.0,1588.0,180100.0
2021-06-15,1569.0,1571.0,1543.0,1571.0,1440.3800048828125,184600.0,1558.4,1570.28,1765.88,1985.8075,63.43283582089552,1679.96,-23.7199999999998,-16.050000000000182,-0.203750633552965,1583.0,1593.0,1580.0,1590.0,69300.0
2021-06-16,1554.0,1560.0,1542.0,1550.0,1421.1260986328125,160500.0,1559.1,1566.8,1760.9333333333334,1982.0825,51.388888888888886,1672.2,-23.773333333333312,-16.92750000000001,-0.2143943233654334,1583.0,1571.0,1571.0,1569.0,184600.0
2021-06-17,1555.0,1576.0,1552.0,1552.0,1422.9598388671875,83400.0,1559.0,1563.4,1756.013333333333,1978.3675,46.56488549618321,1664.66,-23.693333333333385,-17.632499999999936,-0.2133806386213887,1583.0,1560.0,1550.0,1554.0,160500.0
2021-06-18,1579.0,1579.0,1542.0,1557.0,1427.544189453125,216600.0,1559.15,1560.28,1751.16,1974.59,52.38095238095238,1657.22,-24.079999999999927,-18.262500000000045,-0.2060173380928097,1583.0,1576.0,1552.0,1555.0,83400.0
2021-06-19,1579.0,1579.0,1542.0,1557.0,1427.544189453125,216600.0,1559.3,1558.28,1746.5733333333333,1970.6375,52.38095238095238,1650.16,-24.01333333333332,-18.789999999999964,-0.1924273858921161,1583.0,1579.0,1557.0,1579.0,216600.0
2021-06-20,1579.0,1579.0,1542.0,1557.0,1427.544189453125,216600.0,1560.4,1557.64,1742.4133333333334,1966.785,52.38095238095238,1643.1,-23.466666666666697,-19.02249999999981,-0.1882168925964547,1583.0,1579.0,1557.0,1579.0,216600.0
2021-06-21,1536.0,1544.0,1519.0,1532.0,1404.622802734375,161700.0,1560.25,1557.48,1737.3733333333332,1963.32,51.5625,1635.54,-23.560000000000173,-18.762500000000045,-0.2111225540679712,1583.0,1579.0,1557.0,1579.0,216600.0
2021-06-22,1563.0,1594.0,1560.0,1594.0,1461.468017578125,205000.0,1562.65,1559.08,1733.6266666666668,1960.69,57.53424657534246,1629.22,-22.386666666666542,-17.67750000000001,-0.1850715746421267,1594.0,1544.0,1532.0,1536.0,161700.0
2021-06-23,1606.0,1616.0,1576.0,1582.0,1450.465576171875,192900.0,1563.7,1560.2,1728.8933333333334,1958.0,53.16455696202532,1622.66,-22.26666666666665,-16.589999999999918,-0.1912065439672802,1594.0,1594.0,1594.0,1563.0,205000.0
2021-06-24,1574.0,1600.0,1566.0,1592.0,1459.634033203125,86600.0,1565.75,1561.72,1724.2933333333333,1955.36,57.31707317073171,1616.3,-22.279999999999973,-15.277500000000146,-0.1860940695296523,1594.0,1616.0,1582.0,1606.0,192900.0
2021-06-25,1618.0,1626.0,1602.0,1611.0,1477.054443359375,170500.0,1568.75,1564.76,1719.9466666666667,1952.915,58.33333333333333,1609.38,-22.466666666666697,-13.870000000000118,-0.1665804449042938,1611.0,1600.0,1592.0,1574.0,86600.0
2021-06-26,1618.0,1626.0,1602.0,1611.0,1477.054443359375,170500.0,1571.75,1567.8,1715.56,1950.4825,58.33333333333333,1603.12,-21.81333333333328,-12.837499999999864,-0.1687306501547987,1611.0,1626.0,1611.0,1618.0,170500.0
2021-06-27,1618.0,1626.0,1602.0,1611.0,1477.054443359375,170500.0,1575.9,1570.4,1710.7733333333333,1948.0375,58.33333333333333,1596.86,-22.853333333333467,-12.652500000000146,-0.1648522550544323,1611.0,1626.0,1611.0,1618.0,170500.0
2021-06-28,1604.0,1607.0,1562.0,1573.0,1442.2139892578125,256700.0,1575.95,1570.88,1705.4133333333334,1945.6275,48.27586206896552,1589.84,-23.48000000000001,-12.372499999999944,-0.1845515811301192,1611.0,1626.0,1611.0,1618.0,170500.0
2021-06-29,1573.0,1598.0,1567.0,1577.0,1445.8812255859375,154600.0,1576.2,1571.92,1700.3066666666666,1943.1375,51.51515151515152,1582.8,-23.98666666666668,-12.222499999999854,-0.1743455497382199,1611.0,1607.0,1573.0,1604.0,256700.0
2021-06-30,1608.0,1610.0,1574.0,1579.0,1447.71484375,172700.0,1576.75,1573.04,1695.0533333333333,1940.6575,58.100558659217874,1580.74,-24.89333333333343,-12.257499999999936,-0.1732984293193717,1611.0,1598.0,1577.0,1573.0,154600.0
2021-07-01,1578.0,1603.0,1574.0,1585.0,1453.216064453125,224800.0,1576.85,1574.4,1689.88,1938.2075,59.01639344262296,1579.82,-25.67999999999984,-12.275000000000093,-0.1701570680628272,1611.0,1610.0,1579.0,1608.0,172700.0
2021-07-02,1580.0,1601.0,1566.0,1569.0,1438.54638671875,152500.0,1576.15,1576.04,1684.493333333333,1935.365,53.09278350515464,1579.6,-26.279999999999973,-12.6724999999999,-0.1785340314136125,1611.0,1603.0,1585.0,1578.0,224800.0
2021-07-03,1580.0,1601.0,1566.0,1569.0,1438.54638671875,152500.0,1575.45,1575.92,1679.2666666666669,1932.3225,53.09278350515464,1578.92,-26.14666666666676,-13.305000000000064,-0.1785340314136125,1611.0,1601.0,1569.0,1580.0,152500.0
2021-07-04,1580.0,1601.0,1566.0,1569.0,1438.54638671875,152500.0,1574.9,1575.8,1674.48,1929.43,53.09278350515464,1578.24,-25.8266666666666,-13.707499999999982,-0.1785340314136125,1611.0,1601.0,1569.0,1580.0,152500.0
2021-07-05,1567.0,1575.0,1535.0,1537.0,1409.20703125,167700.0,1573.2,1574.56,1669.4,1926.0025,51.24378109452736,1576.92,-25.6533333333332,-14.654999999999973,-0.2146142054164537,1611.0,1601.0,1569.0,1580.0,152500.0
2021-07-06,1556.0,1557.0,1519.0,1521.0,1394.537353515625,153300.0,1571.75,1572.08,1663.7866666666666,1922.8575,26.451612903225808,1575.5,-26.09333333333348,-15.349999999999907,-0.2094594594594594,1611.0,1575.0,1537.0,1567.0,167700.0
2021-07-07,1536.0,1538.0,1520.0,1525.0,1398.2047119140625,141200.0,1570.4,1569.76,1658.04,1919.7325,30.612244897959187,1573.96,-26.453333333333376,-15.632499999999936,-0.2073804573804574,1611.0,1557.0,1521.0,1556.0,153300.0
2021-07-08,1523.0,1529.0,1497.0,1499.0,1374.366455078125,229600.0,1567.5,1566.4,1651.9466666666667,1916.4775,21.47239263803681,1570.78,-27.319999999999936,-15.845000000000027,-0.2208939708939709,1611.0,1538.0,1525.0,1536.0,141200.0
2021-07-09,1481.0,1495.0,1458.0,1489.0,1365.197998046875,277600.0,1564.1,1562.76,1645.72,1913.11,10.389610389610397,1567.84,-28.75999999999999,-16.320000000000164,-0.2280974598237428,1611.0,1529.0,1499.0,1523.0,229600.0
2021-07-10,1481.0,1495.0,1458.0,1489.0,1365.197998046875,277600.0,1560.7,1559.48,1639.8,1910.0675,10.389610389610397,1564.88,-29.600000000000136,-15.934999999999944,-0.1147443519619501,1611.0,1495.0,1489.0,1481.0,277600.0
2021-07-11,1481.0,1495.0,1458.0,1489.0,1365.197998046875,277600.0,1558.55,1557.04,1633.8133333333333,1906.7,10.389610389610397,1561.92,-29.97333333333336,-16.157500000000027,-0.0870631514408338,1611.0,1495.0,1489.0,1481.0,277600.0
2021-07-12,1500.0,1547.0,1500.0,1533.0,1405.53955078125,164700.0,1555.5,1556.28,1628.5333333333333,1903.415,37.5,1559.84,-29.50666666666666,-16.31750000000011,-0.029746835443038,1611.0,1495.0,1489.0,1481.0,277600.0
2021-07-13,1538.0,1543.0,1519.0,1521.0,1394.537353515625,124700.0,1552.45,1554.84,1623.0933333333332,1900.0575,33.33333333333333,1557.56,-28.853333333333467,-16.420000000000073,-0.0511540860885838,1611.0,1547.0,1533.0,1500.0,164700.0
2021-07-14,1505.0,1546.0,1502.0,1541.0,1412.8743896484375,127000.0,1549.9,1554.2,1618.1733333333334,1896.8,39.784946236559136,1556.24,-27.546666666666624,-16.309999999999945,-0.0386774797255146,1611.0,1543.0,1521.0,1538.0,124700.0
2021-07-15,1541.0,1556.0,1522.0,1524.0,1397.2877197265625,133600.0,1545.55,1552.88,1613.0266666666666,1893.4575,34.517766497461935,1555.26,-26.773333333333312,-16.610000000000127,-0.0492825951341234,1611.0,1546.0,1541.0,1505.0,127000.0
2021-07-16,1516.0,1556.0,1512.0,1545.0,1416.5418701171875,164800.0,1542.25,1553.4,1608.16,1890.195,44.05940594059406,1555.44,-25.6533333333332,-16.50500000000011,-0.0295226130653266,1611.0,1556.0,1524.0,1541.0,133600.0
2021-07-17,1516.0,1556.0,1512.0,1545.0,1416.5418701171875,164800.0,1538.95,1551.44,1603.2933333333333,1886.8,44.05940594059406,1555.26,-25.24000000000001,-16.61500000000001,-0.0355805243445692,1585.0,1556.0,1545.0,1516.0,164800.0
2021-07-18,1516.0,1556.0,1512.0,1545.0,1416.5418701171875,164800.0,1537.55,1549.96,1598.4266666666667,1883.52,44.05940594059406,1555.08,-24.666666666666515,-16.53749999999991,-0.0681544028950542,1585.0,1556.0,1545.0,1516.0,164800.0
2021-07-19,1531.0,1554.0,1528.0,1538.0,1410.1239013671875,151000.0,1535.6,1547.8,1593.4666666666667,1880.205,50.282485875706215,1554.76,-24.706666666666703,-16.595000000000027,-0.0599022004889975,1585.0,1556.0,1545.0,1516.0,164800.0
2021-07-20,1515.0,1537.0,1508.0,1527.0,1400.03857421875,154300.0,1533.0,1544.44,1587.7333333333331,1876.835,51.74418604651163,1554.6,-25.29333333333329,-16.622499999999945,-0.0671960904092853,1585.0,1554.0,1538.0,1531.0,151000.0
2021-07-21,1546.0,1565.0,1534.0,1541.0,1412.8743896484375,169400.0,1530.8,1541.64,1582.6266666666668,1873.535,54.39560439560439,1554.72,-25.533333333333303,-16.659999999999854,-0.0586438607208308,1569.0,1537.0,1527.0,1515.0,154300.0
2021-07-22,1546.0,1565.0,1534.0,1541.0,1412.8743896484375,169400.0,1529.4,1538.84,1577.52,1870.235,63.46153846153846,1554.62,-25.773333333333312,-16.565000000000055,-0.0586438607208308,1569.0,1565.0,1541.0,1546.0,169400.0
2021-07-23,1546.0,1565.0,1534.0,1541.0,1412.8743896484375,169400.0,1528.0,1537.56,1572.4133333333334,1866.84,67.8082191780822,1554.22,-26.01333333333332,-16.680000000000064,-0.0574923547400612,1569.0,1565.0,1541.0,1546.0,169400.0
2021-07-24,1546.0,1565.0,1534.0,1541.0,1412.8743896484375,169400.0,1526.6,1536.12,1567.24,1863.695,67.8082191780822,1554.02,-26.226666666666688,-16.50999999999999,-0.0410703173615432,1545.0,1565.0,1541.0,1546.0,169400.0
2021-07-25,1546.0,1565.0,1534.0,1541.0,1412.8743896484375,169400.0,1526.8,1534.6,1565.36,1860.64,67.8082191780822,1553.82,-22.37333333333345,-16.194999999999936,-0.0203432930705658,1545.0,1565.0,1541.0,1546.0,169400.0
2021-07-26,1565.0,1569.0,1541.0,1549.0,1420.2093505859375,183300.0,1528.2,1533.16,1564.2666666666669,1857.385,57.27272727272727,1553.78,-18.360000000000127,-16.15000000000009,0.0084635416666667,1549.0,1565.0,1541.0,1546.0,169400.0
2021-07-27,1557.0,1587.0,1545.0,1585.0,1453.216064453125,208600.0,1531.2,1533.8,1564.3333333333333,1854.185,73.88059701492537,1554.92,-13.186666666666724,-16.049999999999955,0.0199485199485198,1585.0,1569.0,1549.0,1565.0,183300.0
2021-07-28,1567.0,1569.0,1532.0,1549.0,1420.2093505859375,206400.0,1533.7,1533.0,1563.6133333333332,1850.805,52.66666666666666,1554.46,-8.800000000000182,-16.034999999999854,-0.0032175032175032,1585.0,1587.0,1585.0,1557.0,208600.0
2021-07-29,1558.0,1566.0,1519.0,1526.0,1399.12158203125,176700.0,1535.55,1531.28,1562.5866666666666,1847.31,50.64102564102565,1553.54,-4.653333333333421,-16.38499999999999,-0.018018018018018,1585.0,1569.0,1549.0,1567.0,206400.0
2021-07-30,1528.0,1554.0,1517.0,1531.0,1403.7060546875,183900.0,1537.65,1531.04,1561.6266666666668,1843.84,45.00000000000001,1552.8,-3.733333333333121,-16.800000000000182,-0.0026058631921823,1585.0,1566.0,1526.0,1558.0,176700.0
2021-07-31,1528.0,1554.0,1517.0,1531.0,1403.7060546875,183900.0,1539.75,1531.44,1560.8133333333333,1840.41,45.00000000000001,1551.76,-3.453333333333376,-16.97499999999991,-0.0026058631921823,1585.0,1554.0,1531.0,1528.0,183900.0
2021-08-01,1528.0,1554.0,1517.0,1531.0,1403.7060546875,183900.0,1539.65,1531.68,1559.8666666666666,1836.665,45.00000000000001,1550.72,-4.466666666666697,-17.519999999999982,-0.0097024579560155,1585.0,1554.0,1531.0,1528.0,183900.0
2021-08-02,1561.0,1614.0,1561.0,1600.0,1466.96875,284200.0,1543.6,1535.72,1559.0933333333332,1833.065,65.34653465346534,1551.06,-4.519999999999982,-17.74000000000001,0.0249839846252402,1600.0,1554.0,1531.0,1528.0,183900.0
2021-08-03,1630.0,1630.0,1511.0,1514.0,1388.119384765625,499700.0,1542.25,1536.72,1557.4666666666667,1829.145,47.65342960288809,1549.74,-5.119999999999891,-18.164999999999964,-0.0238555770470664,1600.0,1614.0,1600.0,1561.0,284200.0
2021-08-04,1500.0,1511.0,1468.0,1490.0,1366.11474609375,267800.0,1540.55,1536.76,1555.506666666667,1825.105,41.11498257839721,1548.12,-6.120000000000118,-18.7349999999999,-0.0393294648613797,1600.0,1630.0,1514.0,1630.0,499700.0
2021-08-05,1479.0,1495.0,1472.0,1484.0,1360.61376953125,145400.0,1537.5,1536.56,1553.4666666666667,1821.035,40.27303754266212,1546.8,-7.346666666666579,-19.375,-0.043197936814958,1600.0,1511.0,1490.0,1500.0,267800.0
2021-08-06,1466.0,1471.0,1434.0,1434.0,1314.7706298828125,220300.0,1531.95,1532.6,1550.76,1816.9,34.40233236151603,1544.44,-9.10666666666657,-19.76499999999988,-0.0615183246073298,1600.0,1495.0,1484.0,1479.0,145400.0
2021-08-07,1466.0,1471.0,1434.0,1434.0,1314.7706298828125,220300.0,1526.4,1529.12,1548.08,1812.96,34.40233236151603,1541.98,-11.01333333333332,-20.10500000000001,-0.0877862595419847,1600.0,1471.0,1434.0,1466.0,220300.0
2021-08-08,1466.0,1471.0,1434.0,1434.0,1314.7706298828125,220300.0,1521.2,1524.84,1545.7733333333333,1809.19,34.40233236151603,1539.52,-11.693333333333385,-19.954999999999927,-0.0877862595419847,1600.0,1471.0,1434.0,1466.0,220300.0
2021-08-09,1466.0,1471.0,1434.0,1434.0,1314.7706298828125,220300.0,1516.55,1521.24,1543.92,1805.43,32.83582089552239,1537.06,-11.586666666666588,-19.674999999999955,-0.0854591836734693,1600.0,1471.0,1434.0,1466.0,220300.0
2021-08-10,1460.0,1470.0,1436.0,1442.0,1322.1055908203125,264600.0,1511.6,1517.12,1542.6666666666667,1801.425,26.710097719869708,1535.26,-10.799999999999956,-19.610000000000127,-0.0890713834491472,1600.0,1471.0,1434.0,1466.0,220300.0
2021-08-11,1436.0,1460.0,1427.0,1447.0,1326.68994140625,206600.0,1506.9,1513.2,1541.24,1797.445,31.5217391304348,1532.32,-9.519999999999982,-19.455000000000155,-0.0859128237523689,1600.0,1470.0,1442.0,1460.0,264600.0
2021-08-12,1445.0,1445.0,1417.0,1419.0,1301.0179443359375,228200.0,1500.8,1508.16,1539.44,1793.325,30.960854092526688,1529.06,-8.639999999999873,-19.63499999999999,-0.1036007580543272,1600.0,1460.0,1447.0,1436.0,206600.0
2021-08-13,1420.0,1425.0,1405.0,1415.0,1297.3507080078125,183700.0,1494.5,1503.24,1537.5866666666666,1788.935,29.28571428571429,1525.52,-8.186666666666724,-20.25500000000011,-0.1044303797468354,1600.0,1445.0,1419.0,1445.0,228200.0
2021-08-14,1420.0,1425.0,1405.0,1415.0,1297.3507080078125,183700.0,1488.2,1498.76,1535.986666666667,1784.51,29.28571428571429,1521.6,-7.933333333333394,-20.92000000000008,-0.0992998090388287,1600.0,1425.0,1415.0,1420.0,183700.0
2021-08-15,1420.0,1425.0,1405.0,1415.0,1297.3507080078125,183700.0,1481.5,1493.72,1534.3866666666668,1780.095,29.28571428571429,1517.68,-8.279999999999973,-21.329999999999927,-0.0870967741935483,1600.0,1425.0,1415.0,1420.0,183700.0
2021-08-16,1415.0,1425.0,1379.0,1379.0,1264.3438720703125,229300.0,1471.2,1487.24,1532.16,1775.675,5.26315789473685,1513.04,-9.079999999999927,-21.769999999999985,-0.1114690721649485,1600.0,1425.0,1415.0,1420.0,183700.0
2021-08-17,1394.0,1419.0,1391.0,1400.0,1283.5977783203125,165000.0,1463.75,1481.6,1530.013333333333,1771.51,18.68131868131869,1509.58,-9.426666666666732,-21.81500000000005,-0.100834938985228,1600.0,1425.0,1379.0,1415.0,229300.0
2021-08-18,1404.0,1450.0,1401.0,1439.0,1319.355224609375,169100.0,1459.4,1477.52,1528.52,1767.54,37.05583756345178,1506.82,-9.066666666666606,-21.394999999999985,-0.0757867694283879,1600.0,1419.0,1400.0,1394.0,165000.0
2021-08-19,1429.0,1447.0,1425.0,1426.0,1307.43603515625,106800.0,1454.15,1472.92,1526.8533333333332,1763.505,35.78431372549019,1503.76,-9.13333333333344,-21.00499999999988,-0.0841361592806679,1600.0,1450.0,1439.0,1404.0,169100.0
2021-08-20,1425.0,1442.0,1408.0,1410.0,1292.7664794921875,103700.0,1448.1,1467.36,1524.9733333333334,1759.035,42.94117647058823,1500.26,-9.413333333333412,-21.059999999999945,-0.0796344647519582,1600.0,1447.0,1426.0,1429.0,106800.0
2021-08-21,1425.0,1442.0,1408.0,1410.0,1292.7664794921875,103700.0,1442.05,1460.36,1523.4,1755.53,42.94117647058823,1497.08,-8.759999999999991,-20.144999999999985,-0.1154328732747804,1600.0,1442.0,1410.0,1425.0,103700.0
2021-08-22,1425.0,1442.0,1408.0,1410.0,1292.7664794921875,103700.0,1432.55,1454.8,1521.24,1751.905,42.94117647058823,1493.9,-8.773333333333312,-19.60500000000001,-0.1087231352718078,1514.0,1442.0,1410.0,1425.0,103700.0
2021-08-23,1425.0,1457.0,1425.0,1442.0,1322.1055908203125,133000.0,1428.95,1451.44,1519.506666666667,1748.755,51.980198019801975,1491.36,-9.01333333333332,-18.78499999999985,-0.0942211055276381,1490.0,1442.0,1410.0,1425.0,103700.0
2021-08-24,1441.0,1481.0,1441.0,1479.0,1356.0294189453125,192000.0,1428.4,1449.36,1518.32,1745.81,58.00865800865801,1490.2,-8.533333333333303,-17.695000000000164,-0.0819366852886406,1484.0,1457.0,1442.0,1425.0,133000.0
2021-08-25,1474.0,1475.0,1446.0,1457.0,1335.858642578125,113300.0,1427.05,1446.4,1516.64,1742.755,52.01612903225806,1488.92,-8.333333333333258,-16.279999999999973,-0.095592799503414,1479.0,1481.0,1479.0,1441.0,192000.0
2021-08-26,1460.0,1469.0,1430.0,1436.0,1316.604736328125,120700.0,1427.15,1442.6,1514.68,1739.595,53.52697095435685,1487.14,-8.720000000000027,-15.934999999999944,-0.1086281812538796,1479.0,1475.0,1457.0,1474.0,113300.0
2021-08-27,1431.0,1441.0,1414.0,1417.0,1299.1842041015625,116400.0,1426.3,1435.28,1512.4666666666667,1736.0,50.390625,1485.5,-8.773333333333312,-15.904999999999973,-0.0991735537190082,1479.0,1469.0,1436.0,1460.0,120700.0
2021-08-28,1431.0,1441.0,1414.0,1417.0,1299.1842041015625,116400.0,1425.45,1431.4,1510.2933333333333,1732.225,50.390625,1484.06,-9.213333333333368,-16.5300000000002,-0.1014584654407102,1479.0,1441.0,1417.0,1431.0,116400.0
2021-08-29,1431.0,1441.0,1414.0,1417.0,1299.1842041015625,116400.0,1424.6,1428.48,1508.24,1728.63,50.390625,1482.62,-10.079999999999927,-17.179999999999836,-0.1025965801139962,1479.0,1441.0,1417.0,1431.0,116400.0
2021-08-30,1422.0,1440.0,1407.0,1432.0,1312.9371337890625,467600.0,1424.1,1426.4,1506.6666666666667,1725.11,61.27659574468085,1481.48,-9.973333333333358,-17.64500000000021,-0.0965299684542586,1479.0,1441.0,1417.0,1431.0,116400.0
2021-08-31,1457.0,1467.0,1440.0,1457.0,1335.858642578125,155100.0,1424.6,1427.32,1505.4,1721.515,61.92468619246862,1479.96,-9.279999999999973,-18.079999999999927,-0.07138304652645,1479.0,1440.0,1432.0,1422.0,467600.0
2021-09-01,1478.0,1505.0,1475.0,1500.0,1375.2835693359375,236100.0,1428.65,1429.96,1504.64,1718.135,62.55144032921811,1479.54,-7.826666666666597,-17.86500000000001,-0.0439770554493308,1500.0,1467.0,1457.0,1457.0,155100.0
2021-09-02,1504.0,1554.0,1501.0,1539.0,1411.0406494140625,333100.0,1434.85,1434.16,1504.4,1714.95,71.00371747211896,1479.5,-5.893333333333203,-17.274999999999864,-0.0191204588910134,1539.0,1505.0,1500.0,1478.0,236100.0
2021-09-03,1579.0,1652.0,1572.0,1628.0,1492.6409912109375,683900.0,1445.5,1441.92,1505.3466666666666,1711.94,81.87134502923976,1481.58,-2.8933333333334303,-16.690000000000055,0.0592062459336368,1628.0,1554.0,1539.0,1504.0,333100.0
2021-09-04,1579.0,1652.0,1572.0,1628.0,1492.6409912109375,683900.0,1456.15,1449.36,1506.6266666666668,1708.885,81.87134502923976,1483.24,-0.0399999999999636,-16.22499999999991,0.0703484549638395,1628.0,1652.0,1628.0,1579.0,683900.0
2021-09-05,1579.0,1652.0,1572.0,1628.0,1492.6409912109375,683900.0,1468.6,1456.6,1507.08,1706.305,81.87134502923976,1484.9,1.6799999999998363,-15.210000000000036,0.0675409836065574,1628.0,1652.0,1628.0,1579.0,683900.0
2021-09-06,1661.0,1686.0,1633.0,1667.0,1528.3983154296875,535800.0,1481.95,1466.52,1508.2133333333334,1703.82,82.23495702005731,1487.34,3.573333333333266,-14.315000000000056,0.1120747164776516,1667.0,1652.0,1628.0,1579.0,683900.0
2021-09-07,1665.0,1674.0,1644.0,1671.0,1532.065673828125,279400.0,1493.55,1476.76,1509.2666666666669,1701.185,80.37974683544303,1490.0,4.866666666666561,-13.7650000000001,0.1222296843519139,1671.0,1686.0,1667.0,1661.0,535800.0
2021-09-08,1680.0,1693.0,1668.0,1685.0,1544.901611328125,233000.0,1506.5,1487.56,1510.253333333333,1698.62,87.01298701298701,1493.16,4.906666666666752,-13.320000000000164,0.1316319677635997,1685.0,1674.0,1671.0,1665.0,279400.0
2021-09-09,1666.0,1677.0,1646.0,1655.0,1517.3961181640625,125300.0,1518.75,1497.16,1510.84,1695.905,84.54258675078864,1495.44,4.213333333333139,-12.980000000000018,0.1114842175957018,1685.0,1693.0,1685.0,1680.0,233000.0
2021-09-10,1642.0,1667.0,1640.0,1656.0,1518.3128662109375,207200.0,1531.05,1508.24,1511.44,1693.3,89.96655518394648,1497.74,4.360000000000127,-13.00500000000011,0.0802348336594911,1685.0,1677.0,1655.0,1666.0,125300.0
2021-09-11,1642.0,1667.0,1640.0,1656.0,1518.3128662109375,207200.0,1543.35,1518.48,1512.5466666666666,1690.695,89.96655518394648,1500.04,4.3333333333332575,-13.125,0.0887573964497041,1685.0,1667.0,1656.0,1642.0,207200.0
2021-09-12,1642.0,1667.0,1640.0,1656.0,1518.3128662109375,207200.0,1554.05,1527.16,1513.6,1688.965,89.96655518394648,1502.34,4.3333333333332575,-12.220000000000027,0.0746268656716417,1685.0,1667.0,1656.0,1642.0,207200.0
2021-09-13,1660.0,1685.0,1650.0,1680.0,1540.317626953125,159900.0,1564.1,1537.32,1514.9466666666667,1687.24,90.25974025974024,1505.12,4.693333333333385,-11.379999999999882,0.1023622047244094,1685.0,1667.0,1656.0,1642.0,207200.0
2021-09-14,1690.0,1693.0,1670.0,1692.0,1551.3197021484375,119700.0,1575.85,1548.6,1516.3733333333332,1686.02,89.83050847457628,1507.98,5.533333333333303,-9.884999999999993,0.0951456310679612,1692.0,1685.0,1680.0,1660.0,159900.0
2021-09-15,1671.0,1696.0,1667.0,1690.0,1549.4859619140625,97900.0,1588.55,1559.8,1517.986666666667,1684.79,87.4015748031496,1510.08,6.546666666666624,-8.509999999999991,0.0938511326860842,1692.0,1693.0,1692.0,1690.0,119700.0
2021-09-16,1693.0,1699.0,1674.0,1694.0,1553.1534423828125,107700.0,1602.4,1571.16,1519.6533333333334,1683.58,85.38812785388129,1512.98,7.106666666666797,-7.115000000000009,0.0964401294498382,1694.0,1696.0,1690.0,1671.0,97900.0
2021-09-17,1700.0,1708.0,1688.0,1693.0,1552.236572265625,148300.0,1616.2,1581.2,1521.3066666666666,1682.4,74.80916030534351,1516.32,7.706666666666706,-6.564999999999827,0.100780234070221,1694.0,1699.0,1694.0,1693.0,107700.0
2021-09-18,1700.0,1708.0,1688.0,1693.0,1552.236572265625,148300.0,1630.0,1589.76,1523.3866666666668,1681.57,74.80916030534351,1519.56,8.440000000000055,-5.670000000000073,0.1087098886705959,1694.0,1708.0,1693.0,1700.0,148300.0
2021-09-19,1700.0,1708.0,1688.0,1693.0,1552.236572265625,148300.0,1643.05,1599.2,1525.68,1680.8,74.80916030534351,1522.8,9.306666666666844,-5.220000000000027,0.0986372485399091,1694.0,1708.0,1693.0,1700.0,148300.0
2021-09-20,1700.0,1708.0,1688.0,1693.0,1552.236572265625,148300.0,1654.85,1609.48,1527.92,1679.75,64.13043478260869,1526.04,9.933333333333394,-5.039999999999964,0.0986372485399091,1694.0,1708.0,1693.0,1700.0,148300.0
2021-09-21,1653.0,1685.0,1643.0,1678.0,1538.4837646484375,131200.0,1663.75,1619.92,1530.3066666666666,1678.725,53.39805825242718,1527.6,10.653333333333194,-4.855000000000018,0.0889033095392601,1694.0,1708.0,1693.0,1700.0,148300.0
2021-09-22,1683.0,1683.0,1644.0,1644.0,1507.310546875,79100.0,1669.0,1629.0,1532.3733333333332,1677.53,33.33333333333333,1530.2,11.066666666666606,-4.870000000000118,0.0668397144711225,1694.0,1685.0,1678.0,1653.0,131200.0
2021-09-23,1683.0,1683.0,1644.0,1644.0,1507.310546875,79100.0,1669.8,1638.08,1534.44,1676.335,44.08602150537634,1533.28,11.053333333333285,-5.2349999999999,0.0668397144711225,1694.0,1683.0,1644.0,1683.0,79100.0
2021-09-24,1680.0,1690.0,1628.0,1638.0,1501.8094482421875,189700.0,1670.3,1646.32,1536.4266666666667,1675.215,40.81632653061224,1536.36,10.74666666666667,-5.585000000000036,0.0574564234990315,1694.0,1683.0,1644.0,1683.0,79100.0
2021-09-25,1680.0,1690.0,1628.0,1638.0,1501.8094482421875,189700.0,1670.8,1653.56,1537.8266666666666,1674.055,40.81632653061224,1540.44,9.906666666666524,-5.694999999999936,0.0334384858044163,1694.0,1690.0,1638.0,1680.0,189700.0
2021-09-26,1680.0,1690.0,1628.0,1638.0,1501.8094482421875,189700.0,1669.35,1659.08,1539.3866666666668,1672.66,40.81632653061224,1544.52,9.080000000000156,-6.064999999999827,0.0574564234990315,1694.0,1690.0,1638.0,1680.0,189700.0
2021-09-27,1658.0,1701.0,1656.0,1677.0,1537.56689453125,272100.0,1669.65,1664.6,1541.2,1671.31,48.67256637168141,1549.38,8.826666666666824,-6.220000000000027,0.0989515072083879,1694.0,1690.0,1638.0,1680.0,189700.0
2021-09-28,1683.0,1705.0,1633.0,1645.0,1508.2274169921875,228600.0,1667.65,1665.28,1542.8133333333333,1669.65,32.330827067669176,1553.6,8.373333333333221,-6.684999999999945,0.0744611365120835,1694.0,1701.0,1677.0,1658.0,272100.0
2021-09-29,1613.0,1623.0,1581.0,1614.0,1488.4005126953125,197900.0,1665.6,1664.72,1543.7333333333331,1667.835,26.543209876543216,1557.04,7.306666666666615,-7.379999999999882,0.0542129327237099,1694.0,1705.0,1645.0,1683.0,228600.0
2021-09-30,1633.0,1640.0,1601.0,1606.0,1481.023193359375,149000.0,1663.1,1663.84,1544.5466666666666,1665.98,23.49397590361445,1560.22,6.720000000000027,-8.075000000000045,0.0489875898105813,1694.0,1623.0,1614.0,1613.0,197900.0
2021-10-01,1585.0,1597.0,1570.0,1580.0,1457.0462646484375,178500.0,1659.3,1660.36,1545.013333333333,1663.925,20.418848167539267,1563.44,5.626666666666552,-8.735000000000127,-0.0124999999999999,1694.0,1640.0,1606.0,1633.0,149000.0
2021-10-02,1585.0,1597.0,1570.0,1580.0,1457.0462646484375,178500.0,1655.5,1656.72,1545.5733333333333,1661.87,20.418848167539267,1566.74,4.373333333333221,-9.440000000000056,0.0435931307793924,1694.0,1597.0,1580.0,1585.0,178500.0
2021-10-03,1585.0,1597.0,1570.0,1580.0,1457.0462646484375,178500.0,1650.5,1652.52,1546.28,1659.78,20.418848167539267,1570.04,3.466666666666697,-9.870000000000118,0.0604026845637584,1694.0,1597.0,1580.0,1585.0,178500.0
2021-10-04,1614.0,1621.0,1593.0,1610.0,1484.7117919921875,166600.0,1646.4,1650.72,1547.2,1657.725,31.221719457013577,1573.94,3.466666666666697,-10.110000000000127,0.0849056603773585,1694.0,1597.0,1580.0,1585.0,178500.0
2021-10-05,1572.0,1592.0,1544.0,1547.0,1426.6143798828125,187900.0,1639.25,1646.36,1547.28,1655.5,25.650557620817835,1577.3,2.7333333333333485,-10.480000000000018,0.0788005578800556,1694.0,1621.0,1610.0,1614.0,166600.0
2021-10-06,1568.0,1598.0,1556.0,1556.0,1434.9141845703125,139200.0,1632.35,1642.36,1547.48,1653.32,31.967213114754102,1580.42,2.466666666666697,-10.605000000000018,0.0850767085076709,1693.0,1592.0,1547.0,1572.0,187900.0
2021-10-07,1565.0,1579.0,1535.0,1538.0,1418.3148193359375,115400.0,1624.6,1637.64,1547.44,1651.05,29.7709923664122,1582.4,1.866666666666788,-10.819999999999936,0.0725244072524406,1693.0,1598.0,1556.0,1568.0,139200.0
2021-10-08,1565.0,1569.0,1552.0,1555.0,1433.9918212890625,59500.0,1617.7,1632.64,1547.6266666666668,1649.2,34.79853479853479,1584.98,1.346666666666806,-10.579999999999927,0.0843793584379357,1693.0,1579.0,1538.0,1565.0,115400.0
2021-10-09,1565.0,1569.0,1552.0,1555.0,1433.9918212890625,59500.0,1610.8,1627.16,1547.7066666666667,1647.345,34.79853479853479,1587.88,0.5066666666666606,-10.379999999999882,0.0783633841886268,1693.0,1569.0,1555.0,1565.0,59500.0
2021-10-10,1565.0,1569.0,1552.0,1555.0,1433.9918212890625,59500.0,1603.9,1621.76,1547.3066666666666,1645.58,34.79853479853479,1590.78,0.0266666666666424,-9.920000000000073,0.074637180373186,1678.0,1569.0,1555.0,1565.0,59500.0
2021-10-11,1537.0,1567.0,1524.0,1563.0,1441.3692626953125,100400.0,1598.15,1616.52,1547.493333333333,1643.825,26.44628099173553,1593.84,0.0133333333333212,-9.49499999999989,0.1014799154334038,1677.0,1569.0,1555.0,1565.0,59500.0
2021-10-12,1566.0,1579.0,1537.0,1537.0,1417.392578125,95200.0,1592.8,1610.28,1547.64,1641.76,27.11864406779661,1595.74,0.2000000000000454,-9.289999999999964,0.0862190812720848,1677.0,1567.0,1563.0,1537.0,100400.0
2021-10-13,1530.0,1551.0,1526.0,1548.0,1427.53662109375,86800.0,1588.0,1604.48,1547.8666666666666,1639.75,34.72222222222223,1597.12,0.2399999999997817,-9.450000000000044,0.0939929328621909,1677.0,1579.0,1537.0,1566.0,95200.0
2021-10-14,1529.0,1571.0,1525.0,1569.0,1446.90234375,98900.0,1584.55,1599.52,1548.3733333333332,1637.845,41.92139737991266,1599.36,0.6666666666665151,-9.5,0.108833922261484,1677.0,1551.0,1548.0,1530.0,86800.0
2021-10-15,1586.0,1600.0,1576.0,1591.0,1467.1904296875,76800.0,1582.2,1595.44,1549.1733333333334,1636.01,52.44444444444444,1602.46,1.866666666666788,-9.569999999999936,0.1537345902828135,1677.0,1571.0,1569.0,1529.0,98900.0
2021-10-16,1586.0,1600.0,1576.0,1591.0,1467.1904296875,76800.0,1579.85,1591.96,1549.0533333333333,1634.375,52.44444444444444,1605.94,1.5599999999999454,-9.450000000000044,0.1364285714285713,1677.0,1600.0,1591.0,1586.0,76800.0
2021-10-17,1586.0,1600.0,1576.0,1591.0,1467.1904296875,76800.0,1575.55,1589.84,1550.08,1632.685,52.44444444444444,1609.42,2.439999999999827,-9.075000000000044,0.1056289089645587,1645.0,1600.0,1591.0,1586.0,76800.0
2021-10-18,1599.0,1599.0,1553.0,1558.0,1436.7584228515625,73200.0,1571.2,1586.4,1550.986666666667,1630.855,38.59649122807018,1612.24,3.1200000000001182,-8.894999999999982,0.0925666199158485,1614.0,1600.0,1591.0,1586.0,76800.0
2021-10-19,1565.0,1591.0,1560.0,1580.0,1457.0462646484375,73400.0,1569.5,1584.08,1552.2666666666669,1629.15,58.82352941176471,1615.2,3.8933333333334303,-8.694999999999936,0.1205673758865248,1610.0,1599.0,1558.0,1599.0,73200.0
2021-10-20,1590.0,1593.0,1571.0,1573.0,1450.5911865234375,60200.0,1567.85,1581.48,1554.12,1627.41,54.5945945945946,1617.52,4.946666666666488,-8.599999999999909,0.1156028368794326,1610.0,1591.0,1580.0,1565.0,73400.0
2021-10-21,1564.0,1570.0,1535.0,1540.0,1420.1591796875,72100.0,1565.85,1577.56,1555.5333333333333,1625.505,50.5,1618.32,6.480000000000018,-8.86999999999989,0.0921985815602837,1610.0,1593.0,1573.0,1590.0,60200.0
2021-10-22,1530.0,1565.0,1513.0,1548.0,1427.53662109375,119300.0,1564.25,1572.4,1557.0533333333333,1623.74,48.167539267015705,1618.5,6.973333333333358,-8.944999999999936,0.073509015256588,1610.0,1570.0,1540.0,1564.0,72100.0
2021-10-23,1530.0,1565.0,1513.0,1548.0,1427.53662109375,119300.0,1562.65,1568.52,1558.5733333333333,1622.135,48.167539267015705,1616.9,7.586666666666588,-8.720000000000027,0.0466531440162272,1610.0,1565.0,1548.0,1530.0,119300.0
2021-10-24,1530.0,1565.0,1513.0,1548.0,1427.53662109375,119300.0,1559.55,1565.88,1559.986666666667,1620.325,48.167539267015705,1615.3,7.720000000000027,-8.825000000000045,0.0624571036376115,1591.0,1565.0,1548.0,1530.0,119300.0
2021-10-25,1533.0,1568.0,1533.0,1544.0,1423.847900390625,72100.0,1559.4,1563.4,1561.28,1618.67,44.919786096256686,1613.62,7.160000000000082,-8.740000000000009,0.075208913649025,1591.0,1565.0,1548.0,1530.0,119300.0
2021-10-26,1565.0,1595.0,1556.0,1590.0,1466.268310546875,98100.0,1561.1,1563.8,1563.56,1616.935,62.80193236714976,1612.08,8.026666666666642,-8.570000000000164,0.1220889202540578,1591.0,1568.0,1544.0,1533.0,72100.0
2021-10-27,1580.0,1604.0,1580.0,1592.0,1468.112548828125,155100.0,1563.8,1564.28,1565.92,1615.21,61.11111111111111,1610.5,8.866666666666788,-8.529999999999973,0.123500352858151,1592.0,1595.0,1590.0,1565.0,98100.0
2021-10-28,1594.0,1603.0,1575.0,1599.0,1474.56787109375,132000.0,1566.0,1565.04,1568.3733333333332,1613.52,58.15217391304348,1608.78,9.799999999999956,-8.615000000000009,0.1284403669724769,1599.0,1604.0,1592.0,1580.0,155100.0
2021-10-29,1591.0,1593.0,1553.0,1592.0,1468.112548828125,105900.0,1567.85,1564.32,1570.7333333333331,1611.78,50.29585798816568,1607.52,10.74666666666667,-8.545000000000073,0.1117318435754191,1599.0,1603.0,1599.0,1594.0,132000.0
2021-10-30,1591.0,1593.0,1553.0,1592.0,1468.112548828125,105900.0,1569.7,1566.12,1573.5733333333333,1609.89,50.29585798816568,1606.24,12.293333333333294,-8.779999999999973,0.0926561427590939,1599.0,1593.0,1592.0,1591.0,105900.0
2021-10-31,1591.0,1593.0,1553.0,1592.0,1468.112548828125,105900.0,1571.15,1567.56,1576.1333333333334,1607.975,50.29585798816568,1604.96,12.573333333333494,-8.960000000000036,0.0613333333333332,1599.0,1593.0,1592.0,1591.0,105900.0
2021-11-01,1614.0,1615.0,1580.0,1597.0,1472.7232666015625,164000.0,1574.15,1569.92,1578.24,1606.16,63.82978723404256,1603.78,12.319999999999936,-9.049999999999956,0.0376868096166342,1599.0,1593.0,1592.0,1591.0,105900.0
2021-11-02,1517.0,1525.0,1453.0,1460.0,1346.3846435546875,578000.0,1569.75,1566.12,1578.6933333333334,1603.595,26.5625,1599.38,10.320000000000164,-9.924999999999956,-0.1031941031941031,1599.0,1615.0,1597.0,1614.0,164000.0
2021-11-03,1517.0,1525.0,1453.0,1460.0,1346.3846435546875,578000.0,1564.3,1562.32,1579.36,1601.03,27.309236947791163,1594.74,8.626666666666551,-10.75,-0.1031941031941031,1599.0,1525.0,1460.0,1517.0,578000.0
2021-11-04,1478.0,1539.0,1471.0,1531.0,1411.859619140625,481300.0,1561.3,1561.36,1580.9733333333334,1598.82,48.43205574912892,1591.56,7.400000000000091,-11.070000000000164,-0.0595823095823095,1599.0,1525.0,1460.0,1517.0,578000.0
2021-11-05,1536.0,1576.0,1528.0,1564.0,1442.2913818359375,198700.0,1559.95,1561.4,1583.0266666666666,1596.835,52.56410256410256,1588.96,6.893333333333203,-11.139999999999873,-0.0617876424715057,1599.0,1539.0,1531.0,1478.0,481300.0
2021-11-06,1536.0,1576.0,1528.0,1564.0,1442.2913818359375,198700.0,1558.6,1562.48,1584.6533333333334,1595.015,52.56410256410256,1586.38,6.413333333333412,-11.144999999999982,-0.064033512866547,1599.0,1576.0,1564.0,1536.0,198700.0
2021-11-07,1536.0,1576.0,1528.0,1564.0,1442.2913818359375,198700.0,1558.9,1563.12,1585.7866666666666,1593.245,52.56410256410256,1583.8,7.093333333333248,-10.350000000000136,-0.0718100890207714,1599.0,1576.0,1564.0,1536.0,198700.0
2021-11-08,1567.0,1572.0,1513.0,1519.0,1400.793212890625,110200.0,1555.85,1561.12,1586.6133333333332,1591.13,46.45892351274787,1580.32,7.25333333333333,-9.899999999999864,-0.0821752265861027,1599.0,1576.0,1564.0,1536.0,198700.0
2021-11-09,1515.0,1527.0,1501.0,1505.0,1387.8828125,75800.0,1552.45,1557.68,1587.5333333333333,1588.875,36.7601246105919,1576.56,6.559999999999945,-9.944999999999936,-0.091183574879227,1599.0,1572.0,1519.0,1567.0,110200.0
2021-11-10,1500.0,1507.0,1465.0,1480.0,1364.8282470703125,111300.0,1549.45,1553.24,1588.3733333333332,1586.495,33.720930232558146,1572.6,5.346666666666579,-10.340000000000146,-0.106280193236715,1599.0,1527.0,1505.0,1515.0,75800.0
2021-11-11,1471.0,1495.0,1466.0,1482.0,1366.672607421875,68800.0,1546.15,1548.88,1589.24,1584.125,32.743362831858406,1569.36,4.586666666666588,-10.8900000000001,-0.1050724637681159,1599.0,1507.0,1480.0,1500.0,111300.0
2021-11-12,1493.0,1573.0,1493.0,1532.0,1412.78173828125,265300.0,1545.35,1547.84,1590.7733333333333,1582.12,42.146596858638745,1567.12,4.986666666666679,-11.125,-0.0880952380952381,1599.0,1495.0,1482.0,1471.0,68800.0
2021-11-13,1493.0,1573.0,1493.0,1532.0,1412.78173828125,265300.0,1544.55,1545.92,1592.1066666666666,1580.09,42.146596858638745,1565.0,5.493333333333339,-11.040000000000193,-0.0945626477541371,1599.0,1573.0,1532.0,1493.0,265300.0
2021-11-14,1493.0,1573.0,1493.0,1532.0,1412.78173828125,265300.0,1543.95,1544.28,1593.1066666666666,1578.105,42.146596858638745,1562.88,5.573333333333267,-10.769999999999982,-0.093491124260355,1599.0,1573.0,1532.0,1493.0,265300.0
2021-11-15,1548.0,1559.0,1513.0,1517.0,1398.94921875,94600.0,1540.3,1543.36,1593.3333333333333,1576.045,39.79591836734694,1560.46,4.960000000000036,-10.449999999999818,-0.1044864226682408,1599.0,1573.0,1532.0,1493.0,265300.0
2021-11-16,1526.0,1530.0,1504.0,1512.0,1394.338134765625,97400.0,1536.3,1541.92,1592.9733333333334,1574.055,60.0,1557.16,3.733333333333349,-10.069999999999936,-0.1069108092144123,1599.0,1559.0,1517.0,1548.0,94600.0
2021-11-17,1502.0,1502.0,1449.0,1463.0,1349.151123046875,199200.0,1529.5,1538.52,1590.7733333333333,1571.82,50.48543689320388,1553.52,0.0,-10.299999999999956,-0.1358535144713526,1597.0,1530.0,1512.0,1526.0,97400.0
2021-11-18,1455.0,1495.0,1453.0,1486.0,1370.3612060546875,134600.0,1524.2,1536.04,1588.88,1569.7,41.3793103448276,1550.96,-3.2266666666664605,-10.389999999999873,-0.1222681630242173,1597.0,1502.0,1463.0,1502.0,199200.0
2021-11-19,1472.0,1504.0,1458.0,1483.0,1367.594970703125,112100.0,1518.75,1533.6,1586.9466666666667,1567.565,32.467532467532465,1548.5,-6.159999999999855,-10.539999999999964,-0.1240401653868872,1597.0,1495.0,1486.0,1455.0,134600.0
2021-11-20,1472.0,1504.0,1458.0,1483.0,1367.594970703125,112100.0,1513.3,1529.32,1584.493333333333,1565.43,32.467532467532465,1546.56,-8.839999999999918,-10.615000000000007,-0.1162097735399284,1597.0,1504.0,1483.0,1472.0,112100.0
2021-11-21,1472.0,1504.0,1458.0,1483.0,1367.594970703125,112100.0,1507.6,1524.96,1581.986666666667,1563.295,32.467532467532465,1544.62,-10.98666666666668,-10.759999999999993,-0.0979318734793187,1564.0,1504.0,1483.0,1472.0,112100.0
2021-11-22,1478.0,1518.0,1470.0,1505.0,1387.8828125,123100.0,1509.85,1521.2,1579.5866666666666,1561.035,46.63461538461539,1543.12,-11.186666666666724,-10.784999999999854,-0.0845498783454987,1564.0,1504.0,1483.0,1472.0,112100.0
2021-11-23,1478.0,1518.0,1470.0,1505.0,1387.8828125,123100.0,1512.1,1517.72,1577.5866666666666,1558.94,50.0,1541.02,-11.29333333333352,-10.759999999999993,-0.0811965811965812,1564.0,1518.0,1505.0,1478.0,123100.0
2021-11-24,1506.0,1507.0,1473.0,1478.0,1362.98388671875,87400.0,1509.45,1513.16,1575.2133333333334,1556.71,49.48979591836735,1539.64,-11.733333333333348,-10.855000000000018,-0.0976800976800976,1564.0,1518.0,1505.0,1478.0,123100.0
2021-11-25,1480.0,1490.0,1465.0,1471.0,1356.528564453125,127900.0,1504.8,1508.32,1572.746666666667,1554.445,47.2636815920398,1537.94,-11.74666666666667,-10.985000000000127,-0.1019536019536019,1564.0,1507.0,1478.0,1506.0,87400.0
2021-11-26,1465.0,1472.0,1412.0,1435.0,1323.3302001953125,192900.0,1498.35,1501.84,1569.8,1551.975,24.06417112299465,1535.88,-12.186666666666724,-11.320000000000164,-0.1443053070960047,1564.0,1490.0,1471.0,1480.0,127900.0
2021-11-27,1465.0,1472.0,1412.0,1435.0,1323.3302001953125,192900.0,1491.9,1500.84,1566.5333333333333,1550.74,24.06417112299465,1533.48,-13.053333333333285,-10.295000000000073,-0.127659574468085,1532.0,1472.0,1435.0,1465.0,192900.0
2021-11-28,1465.0,1472.0,1412.0,1435.0,1323.3302001953125,192900.0,1487.7,1499.84,1563.1066666666666,1549.76,24.06417112299465,1531.08,-14.480000000000018,-9.180000000000064,-0.11090458488228,1532.0,1472.0,1435.0,1465.0,192900.0
2021-11-29,1396.0,1410.0,1380.0,1388.0,1279.987548828125,185900.0,1481.85,1494.12,1559.08,1548.8,20.54794520547945,1527.74,-16.13333333333344,-7.910000000000082,-0.1357409713574097,1532.0,1472.0,1435.0,1465.0,192900.0
2021-11-30,1410.0,1432.0,1380.0,1380.0,1272.610107421875,241500.0,1476.85,1486.76,1554.8933333333334,1547.685,20.27027027027028,1524.08,-17.85333333333324,-6.759999999999991,-0.1265822784810126,1532.0,1410.0,1388.0,1396.0,185900.0
2021-12-01,1395.0,1429.0,1383.0,1415.0,1304.886474609375,110100.0,1473.5,1480.8,1551.1866666666667,1546.745,38.46153846153846,1521.64,-18.61333333333323,-5.230000000000018,-0.1044303797468354,1532.0,1432.0,1380.0,1410.0,241500.0
2021-12-02,1421.0,1449.0,1415.0,1442.0,1329.7852783203125,128000.0,1469.0,1475.92,1547.84,1545.94,39.62264150943396,1519.52,-18.693333333333385,-4.7999999999999545,-0.0873417721518987,1532.0,1429.0,1415.0,1395.0,110100.0
2021-12-03,1445.0,1449.0,1416.0,1420.0,1309.497314453125,110900.0,1463.4,1471.96,1544.2,1545.08,36.36363636363636,1516.54,-18.906666666666524,-4.680000000000064,-0.1180124223602484,1532.0,1449.0,1442.0,1421.0,128000.0
2021-12-04,1445.0,1449.0,1416.0,1420.0,1309.497314453125,110900.0,1457.8,1468.56,1540.56,1544.17,36.36363636363636,1513.12,-18.519999999999985,-4.629999999999882,-0.0820943762120233,1517.0,1449.0,1420.0,1445.0,110900.0
2021-12-05,1445.0,1449.0,1416.0,1420.0,1309.497314453125,110900.0,1452.95,1466.16,1537.12,1542.98,36.36363636363636,1509.7,-17.77333333333354,-4.704999999999927,-0.0874035989717223,1512.0,1449.0,1420.0,1445.0,110900.0
2021-12-06,1440.0,1447.0,1393.0,1410.0,1300.275634765625,107900.0,1447.85,1463.28,1534.0,1541.85,28.310502283105023,1506.08,-17.186666666666724,-4.894999999999982,-0.0832249674902471,1505.0,1449.0,1420.0,1445.0,110900.0
2021-12-07,1408.0,1456.0,1400.0,1456.0,1342.6959228515625,152300.0,1447.5,1460.24,1531.493333333333,1540.945,40.75471698113208,1504.04,-16.34666666666658,-4.995000000000118,-0.0636655948553054,1505.0,1447.0,1410.0,1440.0,107900.0
2021-12-08,1426.0,1437.0,1394.0,1399.0,1290.1314697265625,300900.0,1443.15,1454.92,1528.3066666666666,1539.755,36.61016949152543,1500.42,-15.89333333333343,-5.324999999999818,-0.10032154340836,1505.0,1456.0,1456.0,1408.0,152300.0
2021-12-09,1405.0,1411.0,1360.0,1369.0,1262.4661865234375,374600.0,1437.45,1448.4,1524.72,1538.415,33.9622641509434,1496.34,-15.839999999999918,-5.755000000000109,-0.1196141479099678,1505.0,1437.0,1399.0,1426.0,300900.0
2021-12-10,1376.0,1384.0,1357.0,1377.0,1269.84375,177800.0,1432.15,1442.8,1521.24,1537.125,40.0,1493.08,-15.879999999999882,-5.855000000000018,-0.1190019193857965,1505.0,1411.0,1369.0,1405.0,374600.0
2021-12-11,1376.0,1384.0,1357.0,1377.0,1269.84375,177800.0,1426.85,1437.4,1517.24,1535.975,40.0,1489.66,-16.75999999999999,-5.875,-0.1040988939492517,1505.0,1384.0,1377.0,1376.0,177800.0
2021-12-12,1376.0,1384.0,1357.0,1377.0,1269.84375,177800.0,1420.45,1433.96,1513.6666666666667,1534.995,40.0,1486.24,-17.826666666666597,-5.9500000000000455,-0.1104651162790697,1505.0,1384.0,1377.0,1376.0,177800.0
2021-12-13,1366.0,1371.0,1337.0,1358.0,1252.322265625,238400.0,1413.1,1428.84,1510.253333333333,1534.105,44.27480916030535,1482.44,-18.053333333333285,-5.650000000000091,-0.1344805608667941,1478.0,1384.0,1377.0,1376.0,177800.0
2021-12-14,1350.0,1394.0,1346.0,1382.0,1274.4544677734375,331000.0,1408.3,1424.8,1507.2666666666669,1533.245,50.35971223021583,1479.2,-17.453333333333376,-5.170000000000073,-0.1313639220615965,1471.0,1371.0,1358.0,1366.0,238400.0
2021-12-15,1365.0,1379.0,1355.0,1368.0,1261.5440673828125,204200.0,1403.15,1420.2,1504.44,1532.315,40.85603112840467,1474.76,-16.799999999999955,-4.809999999999945,-0.1401634192331866,1456.0,1394.0,1382.0,1350.0,331000.0
2021-12-16,1373.0,1435.0,1369.0,1425.0,1314.1083984375,443400.0,1402.65,1417.88,1502.3733333333332,1531.67,47.0383275261324,1471.42,-14.866666666666788,-4.304999999999836,-0.1043368950345694,1456.0,1379.0,1368.0,1365.0,204200.0
2021-12-17,1414.0,1435.0,1396.0,1400.0,1291.0537109375,237400.0,1400.9,1413.68,1499.9733333333334,1530.995,46.55172413793104,1467.44,-13.693333333333385,-4.0,-0.1014120667522464,1456.0,1435.0,1425.0,1373.0,443400.0
2021-12-18,1414.0,1435.0,1396.0,1400.0,1291.0537109375,237400.0,1399.15,1409.48,1497.1733333333334,1530.32,46.55172413793104,1463.6,-13.079999999999927,-3.785000000000082,-0.1139240506329114,1456.0,1435.0,1400.0,1414.0,237400.0
2021-12-19,1414.0,1435.0,1396.0,1400.0,1291.0537109375,237400.0,1399.75,1406.36,1495.2133333333334,1529.59,46.55172413793104,1459.76,-12.053333333333285,-3.6549999999999727,-0.1099809281627463,1456.0,1435.0,1400.0,1414.0,237400.0
2021-12-20,1386.0,1420.0,1381.0,1402.0,1292.898193359375,210800.0,1400.85,1403.6,1493.16,1528.795,48.58156028368794,1455.96,-11.279999999999973,-3.519999999999982,-0.0896103896103895,1456.0,1435.0,1400.0,1414.0,237400.0
2021-12-21,1423.0,1449.0,1383.0,1439.0,1327.0189208984375,233600.0,1402.05,1403.76,1491.84,1528.235,46.88644688644688,1452.8,-10.533333333333305,-3.435000000000173,-0.0704134366925064,1456.0,1420.0,1402.0,1386.0,210800.0
2021-12-22,1444.0,1465.0,1436.0,1458.0,1344.5404052734375,209900.0,1402.85,1404.68,1490.5466666666666,1527.77,62.5531914893617,1452.76,-9.426666666666732,-3.224999999999909,-0.0581395348837209,1458.0,1449.0,1439.0,1423.0,233600.0
2021-12-23,1443.0,1448.0,1411.0,1439.0,1327.0189208984375,153600.0,1403.8,1404.84,1489.0,1527.21,65.625,1452.34,-8.173333333333403,-3.1099999999999,-0.0704134366925064,1458.0,1465.0,1458.0,1444.0,209900.0
2021-12-24,1433.0,1434.0,1373.0,1375.0,1267.999267578125,292100.0,1401.55,1404.32,1486.6,1526.445,49.642857142857146,1449.22,-8.613333333333458,-3.144999999999982,-0.1094559585492227,1458.0,1448.0,1439.0,1443.0,153600.0
2021-12-25,1433.0,1434.0,1373.0,1375.0,1267.999267578125,292100.0,1399.3,1404.12,1484.0933333333332,1525.46,49.642857142857146,1445.44,-9.066666666666832,-3.3350000000000364,-0.1352201257861635,1458.0,1434.0,1375.0,1433.0,292100.0
2021-12-26,1433.0,1434.0,1373.0,1375.0,1267.999267578125,292100.0,1397.55,1402.52,1481.9333333333334,1524.475,49.642857142857146,1441.66,-9.906666666666524,-3.759999999999991,-0.1363065326633166,1458.0,1434.0,1375.0,1433.0,292100.0
2021-12-27,1379.0,1384.0,1354.0,1381.0,1273.5323486328125,205000.0,1393.8,1400.08,1479.7066666666667,1523.54,54.30711610486892,1438.0,-10.839999999999918,-4.230000000000018,-0.1363352095059412,1458.0,1434.0,1375.0,1433.0,292100.0
2021-12-28,1371.0,1424.0,1366.0,1423.0,1312.26416015625,207600.0,1395.0,1400.2,1477.76,1522.74,57.19298245614036,1436.08,-11.240000000000007,-4.470000000000027,-0.1061557788944723,1458.0,1384.0,1381.0,1379.0,205000.0
2021-12-29,1424.0,1476.0,1424.0,1461.0,1347.3067626953125,182600.0,1399.6,1401.84,1476.0266666666666,1522.13,65.04854368932038,1435.2,-10.573333333333268,-4.314999999999827,-0.082286432160804,1461.0,1424.0,1423.0,1371.0,207600.0
2021-12-30,1450.0,1478.0,1435.0,1456.0,1342.6959228515625,119200.0,1403.55,1403.28,1474.2266666666667,1521.495,56.03112840466927,1434.72,-9.86666666666656,-3.9650000000001455,-0.085427135678392,1461.0,1476.0,1461.0,1424.0,182600.0
2021-12-31,1450.0,1478.0,1435.0,1456.0,1342.6959228515625,119200.0,1407.5,1405.12,1472.4266666666667,1520.875,62.06896551724138,1434.2,-9.50666666666666,-3.599999999999909,-0.0882905447714464,1461.0,1478.0,1456.0,1450.0,119200.0
2022-01-01,1450.0,1478.0,1435.0,1456.0,1342.6959228515625,119200.0,1411.45,1405.12,1471.0666666666666,1520.3,62.06896551724138,1432.68,-8.6400000000001,-3.240000000000009,-0.0027397260273972,1461.0,1478.0,1456.0,1450.0,119200.0
2022-01-02,1450.0,1478.0,1435.0,1456.0,1342.6959228515625,119200.0,1416.35,1407.4,1469.4133333333334,1519.83,62.06896551724138,1431.16,-8.346666666666579,-2.910000000000082,-0.0027397260273972,1461.0,1478.0,1456.0,1450.0,119200.0
2022-01-03,1450.0,1478.0,1435.0,1456.0,1342.6959228515625,119200.0,1420.05,1410.88,1467.8533333333332,1519.35,61.7391304347826,1429.64,-8.173333333333403,-2.7800000000002,-0.0489875898105812,1461.0,1478.0,1456.0,1450.0,119200.0
2022-01-04,1478.0,1487.0,1436.0,1476.0,1361.1396484375,269300.0,1425.45,1414.84,1467.0,1518.945,58.68544600938967,1428.82,-7.226666666666688,-2.5499999999999545,-0.0562659846547314,1476.0,1478.0,1456.0,1450.0,119200.0
2022-01-05,1452.0,1479.0,1435.0,1451.0,1338.0850830078125,167100.0,1426.75,1417.8,1465.7066666666667,1518.415,48.401826484018265,1427.6,-6.720000000000027,-2.4600000000000364,-0.0722506393861892,1476.0,1487.0,1476.0,1478.0,269300.0
2022-01-06,1442.0,1486.0,1436.0,1440.0,1327.941162109375,274500.0,1428.75,1420.32,1464.2666666666669,1517.83,50.23696682464455,1427.14,-6.7999999999999545,-2.470000000000028,-0.0792838874680307,1476.0,1479.0,1451.0,1452.0,167100.0
2022-01-07,1482.0,1525.0,1477.0,1498.0,1381.4276123046875,408200.0,1433.65,1425.92,1463.6,1517.66,80.0,1427.38,-5.813333333333503,-2.1699999999998454,-0.0138248847926267,1498.0,1486.0,1440.0,1442.0,274500.0
2022-01-08,1482.0,1525.0,1477.0,1498.0,1381.4276123046875,408200.0,1438.55,1430.56,1462.986666666667,1517.18,80.0,1427.68,-4.866666666666561,-2.1699999999998454,-0.0046511627906976,1498.0,1525.0,1498.0,1482.0,408200.0
2022-01-09,1482.0,1525.0,1477.0,1498.0,1381.4276123046875,408200.0,1443.35,1435.76,1461.76,1516.76,80.0,1427.98,-5.240000000000009,-2.184999999999945,0.0121621621621621,1498.0,1525.0,1498.0,1482.0,408200.0
2022-01-10,1482.0,1525.0,1477.0,1498.0,1381.4276123046875,408200.0,1446.3,1438.68,1460.506666666667,1516.29,79.39698492462311,1428.28,-5.2000000000000455,-2.125,0.0107962213225372,1498.0,1525.0,1498.0,1482.0,408200.0
2022-01-11,1498.0,1504.0,1441.0,1445.0,1332.552001953125,241400.0,1445.65,1440.48,1458.4533333333334,1515.46,55.23809523809524,1427.08,-5.813333333333276,-2.369999999999891,-0.0567885117493472,1498.0,1525.0,1498.0,1482.0,408200.0
2022-01-12,1475.0,1503.0,1469.0,1494.0,1377.7388916015625,194300.0,1448.4,1444.24,1457.1466666666668,1514.875,57.46606334841629,1426.86,-6.453333333333148,-2.785000000000082,-0.0248041775456918,1498.0,1504.0,1445.0,1498.0,241400.0
2022-01-13,1498.0,1498.0,1454.0,1461.0,1347.3067626953125,152300.0,1452.7,1446.68,1455.4,1514.125,51.00401606425704,1426.52,-7.586666666666588,-3.055000000000064,-0.0463446475195822,1498.0,1503.0,1494.0,1475.0,194300.0
2022-01-14,1453.0,1455.0,1422.0,1448.0,1335.3184814453125,175700.0,1456.35,1448.52,1453.48,1513.5,48.473282442748086,1426.06,-8.279999999999973,-3.259999999999991,-0.045484508899143,1498.0,1498.0,1461.0,1498.0,152300.0
2022-01-15,1453.0,1455.0,1422.0,1448.0,1335.3184814453125,175700.0,1460.0,1448.88,1451.493333333333,1512.855,48.473282442748086,1426.32,-9.01333333333332,-3.434999999999945,-0.0423280423280423,1498.0,1455.0,1448.0,1453.0,175700.0
2022-01-16,1453.0,1455.0,1422.0,1448.0,1335.3184814453125,175700.0,1463.35,1448.48,1451.3333333333333,1512.2,48.473282442748086,1426.58,-7.120000000000118,-3.259999999999991,-0.010252904989747,1498.0,1455.0,1448.0,1453.0,175700.0
2022-01-17,1464.0,1482.0,1442.0,1474.0,1359.295166015625,130700.0,1465.9,1449.88,1451.52,1511.645,53.12500000000001,1427.36,-5.626666666666779,-3.230000000000018,-0.0080753701211305,1498.0,1455.0,1448.0,1453.0,175700.0
2022-01-18,1451.0,1460.0,1422.0,1433.0,1321.4857177734375,215400.0,1464.5,1452.2,1450.2133333333334,1510.965,43.04207119741101,1428.26,-5.186666666666724,-3.160000000000082,-0.0337154416722859,1498.0,1482.0,1474.0,1464.0,130700.0
2022-01-19,1422.0,1422.0,1381.0,1397.0,1288.2872314453125,205800.0,1461.55,1453.08,1447.986666666667,1510.105,41.5625,1428.6,-5.493333333333339,-3.394999999999982,-0.0579905596763317,1498.0,1460.0,1433.0,1451.0,215400.0
2022-01-20,1401.0,1448.0,1401.0,1435.0,1323.3302001953125,178100.0,1460.5,1455.48,1446.2666666666669,1509.435,49.27953890489914,1429.0,-5.226666666666688,-3.4200000000000728,-0.0323668240053944,1498.0,1422.0,1397.0,1422.0,205800.0
2022-01-21,1435.0,1437.0,1390.0,1420.0,1309.497314453125,125700.0,1458.7,1457.04,1444.3466666666666,1508.85,37.17105263157895,1428.56,-6.986666666666679,-3.3500000000001364,-0.0564784053156146,1498.0,1448.0,1435.0,1401.0,178100.0
2022-01-22,1435.0,1437.0,1390.0,1420.0,1309.497314453125,125700.0,1456.9,1456.92,1443.0266666666666,1508.345,37.17105263157895,1428.56,-8.49333333333334,-3.2999999999999545,-0.0564784053156146,1498.0,1437.0,1420.0,1435.0,125700.0
2022-01-23,1435.0,1437.0,1390.0,1420.0,1309.497314453125,125700.0,1455.1,1455.28,1441.8933333333334,1507.82,37.17105263157895,1428.56,-8.319999999999936,-3.144999999999982,-0.0392422192151555,1498.0,1437.0,1420.0,1435.0,125700.0
2022-01-24,1377.0,1421.0,1363.0,1419.0,1308.5750732421875,256700.0,1452.25,1453.8,1441.08,1507.42,37.04918032786885,1428.54,-6.906666666666752,-2.684999999999945,-0.0353501019714479,1498.0,1437.0,1420.0,1435.0,125700.0
2022-01-25,1389.0,1406.0,1338.0,1358.0,1252.322265625,370900.0,1447.6,1449.88,1439.4266666666667,1506.765,36.10223642172524,1427.5,-6.839999999999918,-2.6699999999998454,-0.0536585365853659,1498.0,1421.0,1419.0,1377.0,256700.0
2022-01-26,1350.0,1358.0,1316.0,1319.0,1216.357177734375,315900.0,1441.55,1444.4,1436.5866666666666,1505.915,21.12211221122112,1424.76,-7.759999999999991,-2.934999999999945,-0.0808362369337979,1498.0,1406.0,1358.0,1389.0,370900.0
2022-01-27,1332.0,1345.0,1257.0,1270.0,1171.17041015625,411400.0,1430.15,1436.96,1433.0933333333332,1504.82,20.06269592476489,1422.18,-9.933333333333394,-3.525000000000091,-0.1149825783972126,1498.0,1358.0,1319.0,1350.0,315900.0
2022-01-28,1271.0,1294.0,1256.0,1277.0,1177.62548828125,293200.0,1419.1,1429.8,1429.6933333333334,1503.54,22.683706070287545,1420.34,-12.200000000000044,-4.279999999999973,-0.0799711815561959,1498.0,1345.0,1270.0,1332.0,411400.0
2022-01-29,1271.0,1294.0,1256.0,1277.0,1177.62548828125,293200.0,1408.05,1421.84,1426.493333333333,1502.32,22.683706070287545,1418.34,-14.586666666666588,-5.100000000000136,-0.0746376811594202,1498.0,1294.0,1277.0,1271.0,293200.0
2022-01-30,1271.0,1294.0,1256.0,1277.0,1177.62548828125,293200.0,1397.0,1414.88,1423.36,1501.0,22.683706070287545,1416.34,-16.066666666666833,-5.7650000000001,-0.0975265017667844,1494.0,1294.0,1277.0,1271.0,293200.0
2022-01-31,1275.0,1323.0,1258.0,1305.0,1203.446533203125,310600.0,1390.0,1409.48,1421.253333333333,1499.905,23.174603174603178,1414.9,-15.333333333333258,-6.009999999999991,-0.09500693481276,1494.0,1294.0,1277.0,1271.0,293200.0
2022-02-01,1176.0,1244.0,1171.0,1202.0,1108.461669921875,575300.0,1375.4,1397.64,1417.4666666666667,1498.19,19.36339522546419,1411.78,-15.626666666666551,-6.629999999999882,-0.1535211267605634,1474.0,1323.0,1305.0,1275.0,310600.0
2022-02-02,1203.0,1252.0,1193.0,1249.0,1151.804443359375,342200.0,1364.8,1387.68,1414.3466666666666,1496.71,30.9278350515464,1409.12,-15.346666666666806,-6.829999999999927,-0.1204225352112675,1474.0,1244.0,1202.0,1176.0,575300.0
2022-02-03,1225.0,1234.0,1178.0,1193.0,1100.162353515625,396600.0,1352.05,1375.48,1410.48,1494.95,20.197044334975374,1405.62,-16.01333333333332,-7.369999999999891,-0.1598591549295774,1474.0,1252.0,1249.0,1203.0,342200.0
2022-02-04,1176.0,1205.0,1168.0,1196.0,1102.928955078125,246000.0,1339.45,1363.4,1406.6533333333334,1493.24,21.57360406091371,1401.04,-16.70666666666648,-7.759999999999991,-0.15177304964539,1474.0,1234.0,1193.0,1225.0,396600.0
2022-02-05,1176.0,1205.0,1168.0,1196.0,1102.928955078125,246000.0,1326.85,1353.44,1402.5333333333333,1491.585,21.57360406091371,1396.96,-18.720000000000027,-8.319999999999936,-0.1785714285714286,1474.0,1205.0,1196.0,1176.0,246000.0
2022-02-06,1176.0,1205.0,1168.0,1196.0,1102.928955078125,246000.0,1312.95,1341.52,1398.4133333333334,1489.86,21.57360406091371,1392.88,-19.053333333333285,-8.330000000000155,-0.1451036454610436,1435.0,1205.0,1196.0,1176.0,246000.0
2022-02-07,1177.0,1192.0,1147.0,1160.0,1069.730224609375,315900.0,1299.3,1329.48,1394.1733333333334,1487.955,19.81351981351981,1388.08,-20.173333333333176,-8.75500000000011,-0.1526661796932067,1435.0,1205.0,1196.0,1176.0,246000.0
2022-02-08,1144.0,1165.0,1138.0,1163.0,1072.4969482421875,342200.0,1287.6,1318.08,1390.0666666666666,1486.065,23.719676549865227,1383.3,-20.41333333333341,-8.884999999999991,-0.1554103122730573,1435.0,1192.0,1160.0,1177.0,315900.0
2022-02-09,1161.0,1163.0,1129.0,1148.0,1058.6639404296875,288400.0,1273.25,1306.08,1386.24,1484.1,25.36023054755043,1377.48,-20.41333333333341,-9.1400000000001,-0.1663035584604212,1420.0,1165.0,1163.0,1144.0,342200.0
2022-02-10,1149.0,1160.0,1130.0,1148.0,1058.6639404296875,285800.0,1259.65,1294.08,1382.4133333333334,1482.135,29.530201342281885,1371.28,-20.11999999999989,-9.450000000000044,-0.1663035584604212,1420.0,1163.0,1148.0,1161.0,288400.0
2022-02-11,1149.0,1160.0,1130.0,1148.0,1058.6639404296875,285800.0,1246.05,1281.04,1378.5866666666666,1480.13,27.83505154639176,1365.46,-19.826666666666824,-9.72999999999979,-0.1546391752577319,1420.0,1160.0,1148.0,1149.0,285800.0
2022-02-12,1149.0,1160.0,1130.0,1148.0,1058.6639404296875,285800.0,1232.45,1269.64,1375.3866666666668,1477.945,27.83505154639176,1360.92,-18.78666666666664,-10.009999999999993,-0.1693198263386396,1419.0,1160.0,1148.0,1149.0,285800.0
2022-02-13,1149.0,1160.0,1130.0,1148.0,1058.6639404296875,285800.0,1218.9,1259.68,1372.2933333333333,1475.94,27.83505154639176,1356.38,-17.773333333333312,-10.125,-0.1608187134502924,1358.0,1160.0,1148.0,1149.0,285800.0
2022-02-14,1111.0,1114.0,1080.0,1091.0,1006.0997314453124,362800.0,1205.55,1245.92,1367.9733333333334,1473.765,16.5625,1350.7,-18.26666666666665,-10.334999999999807,-0.2343859649122807,1319.0,1160.0,1148.0,1149.0,285800.0
2022-02-15,1112.0,1144.0,1102.0,1137.0,1048.5201416015625,403200.0,1196.45,1234.6,1363.9066666666668,1471.795,37.6425855513308,1345.82,-18.50666666666666,-10.339999999999918,-0.1878571428571428,1305.0,1114.0,1091.0,1111.0,362800.0
2022-02-16,1146.0,1149.0,1126.0,1141.0,1052.208740234375,289000.0,1190.0,1223.44,1360.1866666666667,1469.845,25.454545454545453,1340.18,-18.399999999999864,-10.285000000000082,-0.185,1305.0,1144.0,1137.0,1112.0,403200.0
2022-02-17,1118.0,1133.0,1082.0,1087.0,1002.4110107421876,346400.0,1180.5,1210.12,1355.746666666667,1467.625,25.68807339449542,1332.7,-19.6400000000001,-10.319999999999936,-0.2235714285714285,1305.0,1149.0,1141.0,1146.0,289000.0
2022-02-18,1063.0,1072.0,1039.0,1071.0,987.65625,377000.0,1170.2,1196.2,1351.0933333333332,1464.98,22.943722943722943,1325.0,-21.200000000000045,-10.960000000000036,-0.2360912981455064,1305.0,1133.0,1087.0,1118.0,346400.0
2022-02-19,1063.0,1072.0,1039.0,1071.0,987.65625,377000.0,1159.9,1184.72,1346.5733333333333,1462.765,22.943722943722943,1317.3,-21.40000000000009,-11.0,-0.255733148019458,1305.0,1072.0,1071.0,1063.0,377000.0
2022-02-20,1063.0,1072.0,1039.0,1071.0,987.65625,377000.0,1148.2,1174.8,1341.44,1460.67,22.943722943722943,1309.6,-22.466666666666697,-11.125,-0.265432098765432,1249.0,1072.0,1071.0,1063.0,377000.0
2022-02-21,1033.0,1053.0,1014.0,1051.0,969.2125854492188,377600.0,1140.65,1166.04,1336.8,1458.505,24.651162790697683,1301.5,-23.38666666666677,-11.339999999999918,-0.2696316886726894,1249.0,1072.0,1071.0,1063.0,377000.0
2022-02-22,1039.0,1050.0,1026.0,1048.0,966.4458618164062,287200.0,1130.6,1156.88,1332.52,1456.575,23.25581395348837,1293.34,-23.226666666666688,-11.049999999999956,-0.2378181818181818,1196.0,1053.0,1051.0,1033.0,377600.0
2022-02-23,1039.0,1050.0,1026.0,1048.0,966.4458618164062,287200.0,1123.35,1147.72,1328.1333333333334,1454.645,25.00000000000001,1284.78,-22.95999999999981,-10.335000000000036,-0.2378181818181818,1196.0,1050.0,1048.0,1039.0,287200.0
2022-02-24,1024.0,1040.0,1020.0,1034.0,953.5355224609376,381900.0,1115.25,1138.0,1323.56,1452.645,23.36448598130842,1276.44,-23.01333333333332,-10.120000000000118,-0.248,1196.0,1050.0,1048.0,1039.0,287200.0
2022-02-25,1043.0,1053.0,1033.0,1046.0,964.6016845703124,240000.0,1107.75,1127.64,1319.1466666666668,1450.705,27.43362831858407,1268.56,-22.29333333333329,-9.965000000000146,-0.2425778421433744,1196.0,1040.0,1034.0,1024.0,381900.0
2022-02-26,1043.0,1053.0,1033.0,1046.0,964.6016845703124,240000.0,1100.25,1121.4,1314.986666666667,1448.725,27.43362831858407,1259.52,-21.81333333333328,-9.7800000000002,-0.2649332396345748,1163.0,1053.0,1046.0,1043.0,240000.0
2022-02-27,1043.0,1053.0,1033.0,1046.0,964.6016845703124,240000.0,1094.55,1113.28,1310.506666666667,1446.72,27.43362831858407,1250.48,-22.01333333333332,-9.855000000000018,-0.2840520191649555,1163.0,1053.0,1046.0,1043.0,240000.0
2022-02-28,1072.0,1089.0,1047.0,1058.0,975.667724609375,391700.0,1089.3,1107.88,1306.3733333333332,1444.915,40.88397790055248,1241.68,-21.76000000000022,-9.730000000000018,-0.2733516483516484,1148.0,1053.0,1046.0,1043.0,240000.0
2022-03-01,1062.0,1066.0,1051.0,1060.0,977.5121459960938,188000.0,1084.9,1102.44,1301.506666666667,1443.14,21.89781021897811,1232.92,-22.053333333333285,-9.504999999999882,-0.271978021978022,1148.0,1089.0,1058.0,1072.0,391700.0
2022-03-02,1030.0,1044.0,1024.0,1024.0,944.3136596679688,125400.0,1078.7,1095.56,1296.493333333333,1441.185,15.384615384615389,1224.5,-22.65333333333342,-9.519999999999982,-0.2967032967032966,1148.0,1066.0,1060.0,1062.0,188000.0
2022-03-03,1042.0,1042.0,1011.0,1011.0,932.3252563476562,143300.0,1071.85,1088.16,1291.3066666666666,1439.165,20.3125,1214.84,-23.680000000000064,-9.559999999999944,-0.3056318681318681,1148.0,1044.0,1024.0,1030.0,125400.0
2022-03-04,1017.0,1023.0,1002.0,1009.0,930.4808959960938,179000.0,1064.9,1082.12,1286.0933333333332,1437.315,22.807017543859644,1205.8,-24.41333333333341,-9.404999999999973,-0.3070054945054945,1148.0,1042.0,1011.0,1042.0,143300.0
2022-03-05,1017.0,1023.0,1002.0,1009.0,930.4808959960938,179000.0,1057.95,1075.96,1280.8533333333332,1435.36,22.807017543859644,1197.02,-25.519999999999985,-9.555000000000064,-0.3163956639566395,1141.0,1023.0,1009.0,1017.0,179000.0
2022-03-06,1017.0,1023.0,1002.0,1009.0,930.4808959960938,179000.0,1053.85,1070.4,1275.12,1433.21,22.807017543859644,1188.24,-26.38666666666677,-9.930000000000064,-0.3046175051688491,1141.0,1023.0,1009.0,1017.0,179000.0
2022-03-07,994.0,994.0,950.0,978.0,901.8932495117188,216600.0,1045.9,1063.6,1268.72,1430.97,20.8,1178.84,-27.773333333333312,-10.214999999999918,-0.3208333333333333,1141.0,1023.0,1009.0,1017.0,179000.0
2022-03-08,960.0,996.0,955.0,985.0,908.3485107421876,181700.0,1038.1,1057.08,1262.6666666666667,1428.845,25.581395348837205,1169.06,-28.63999999999988,-10.319999999999936,-0.342456608811749,1087.0,994.0,978.0,994.0,216600.0
2022-03-09,982.0,989.0,962.0,973.0,897.2823486328125,183500.0,1032.4,1050.08,1257.3066666666666,1426.66,23.404255319148945,1159.86,-28.78666666666664,-10.654999999999973,-0.3504672897196261,1071.0,996.0,985.0,960.0,181700.0
2022-03-10,988.0,1013.0,987.0,1003.0,924.9478149414062,143500.0,1029.0,1044.28,1252.3466666666666,1424.625,40.12738853503185,1151.98,-28.50666666666666,-10.7349999999999,-0.3304405874499332,1071.0,989.0,973.0,982.0,183500.0
2022-03-11,993.0,993.0,970.0,987.0,910.1928100585938,146100.0,1024.8,1040.12,1247.1733333333334,1422.35,31.67701863354037,1143.02,-27.946666666666488,-10.860000000000127,-0.3411214953271028,1071.0,1013.0,1003.0,988.0,143500.0
2022-03-12,993.0,993.0,970.0,987.0,910.1928100585938,146100.0,1020.6,1034.12,1241.92,1419.89,31.67701863354037,1134.36,-26.799999999999955,-11.079999999999927,-0.316955017301038,1060.0,993.0,987.0,993.0,146100.0
2022-03-13,993.0,993.0,970.0,987.0,910.1928100585938,146100.0,1017.4,1027.96,1236.1066666666666,1417.54,31.67701863354037,1125.7,-26.560000000000173,-11.305000000000064,-0.3393574297188755,1060.0,993.0,987.0,993.0,146100.0
2022-03-14,975.0,983.0,963.0,976.0,900.0489501953125,130800.0,1013.8,1023.52,1229.64,1415.24,24.375,1116.82,-27.666666666666515,-11.420000000000073,-0.3319644079397673,1060.0,993.0,987.0,993.0,146100.0
2022-03-15,977.0,998.0,976.0,990.0,912.9594116210938,100700.0,1010.9,1020.28,1223.4266666666667,1413.105,29.651162790697683,1108.24,-28.919999999999845,-11.519999999999982,-0.3162983425414365,1060.0,983.0,976.0,975.0,130800.0
2022-03-16,995.0,1005.0,990.0,993.0,915.7259521484376,127200.0,1008.85,1017.16,1217.253333333333,1410.985,38.84892086330935,1100.94,-29.92000000000008,-11.365000000000007,-0.3142265193370166,1060.0,998.0,990.0,977.0,100700.0
2022-03-17,1008.0,1027.0,999.0,1027.0,947.0802612304688,139800.0,1007.9,1015.4,1211.5333333333333,1409.035,55.0,1095.1,-30.38666666666677,-10.855000000000018,-0.2907458563535912,1060.0,1005.0,993.0,995.0,127200.0
2022-03-18,1016.0,1045.0,1016.0,1044.0,962.7572631835938,171000.0,1007.8,1015.12,1206.04,1407.095,60.0,1090.58,-30.06666666666661,-10.444999999999936,-0.2917232021709633,1060.0,1027.0,1027.0,1008.0,139800.0
2022-03-19,1016.0,1045.0,1016.0,1044.0,962.7572631835938,171000.0,1007.7,1014.96,1200.5466666666666,1405.03,60.0,1085.92,-29.09333333333348,-10.210000000000036,-0.2714584787159805,1060.0,1045.0,1044.0,1016.0,171000.0
2022-03-20,1016.0,1045.0,1016.0,1044.0,962.7572631835938,171000.0,1007.0,1014.8,1194.7866666666666,1402.75,60.0,1081.26,-28.6400000000001,-10.355000000000018,-0.2526843235504653,1060.0,1045.0,1044.0,1016.0,171000.0
2022-03-21,1016.0,1045.0,1016.0,1044.0,962.7572631835938,171000.0,1006.2,1015.2,1189.36,1400.275,72.91666666666667,1076.6,-27.89333333333343,-10.709999999999807,-0.2724738675958188,1044.0,1045.0,1044.0,1016.0,171000.0
2022-03-22,1056.0,1060.0,1018.0,1023.0,943.391357421875,212100.0,1006.15,1014.28,1183.8,1397.25,62.0253164556962,1070.96,-27.73333333333335,-11.785000000000082,-0.2795774647887323,1044.0,1045.0,1044.0,1016.0,171000.0
2022-03-23,1036.0,1058.0,1031.0,1056.0,973.823486328125,114100.0,1008.4,1014.68,1177.9066666666668,1394.39,73.18435754189944,1068.04,-28.13333333333321,-12.704999999999927,-0.2563380281690141,1056.0,1060.0,1023.0,1056.0,212100.0
2022-03-24,1046.0,1076.0,1032.0,1072.0,988.5782470703124,160900.0,1011.55,1015.72,1172.2266666666667,1391.61,70.9090909090909,1064.5,-28.319999999999936,-13.420000000000073,-0.2450704225352112,1072.0,1058.0,1056.0,1036.0,114100.0
2022-03-25,1079.0,1133.0,1071.0,1109.0,1022.698974609375,240800.0,1016.55,1017.76,1167.04,1388.82,82.79569892473118,1062.82,-27.74666666666667,-13.930000000000064,-0.2184637068357998,1109.0,1076.0,1072.0,1046.0,160900.0
2022-03-26,1079.0,1133.0,1071.0,1109.0,1022.698974609375,240800.0,1021.55,1019.72,1161.8533333333332,1386.01,82.79569892473118,1061.08,-27.50666666666666,-14.2650000000001,-0.1833578792341679,1109.0,1133.0,1109.0,1079.0,240800.0
2022-03-27,1079.0,1133.0,1071.0,1109.0,1022.698974609375,240800.0,1028.1,1023.12,1157.3733333333332,1383.13,82.79569892473118,1059.34,-26.426666666666733,-14.11999999999989,-0.1592115238817285,1109.0,1133.0,1109.0,1079.0,240800.0
2022-03-28,1106.0,1106.0,1075.0,1088.0,1003.3331909179688,174200.0,1033.25,1026.2,1151.96,1380.295,78.57142857142857,1057.18,-25.946666666666715,-14.095000000000027,-0.1433070866141732,1109.0,1133.0,1109.0,1079.0,240800.0
2022-03-29,1107.0,1127.0,1070.0,1122.0,1034.6875,206900.0,1040.7,1030.72,1147.44,1377.625,80.55555555555556,1056.42,-24.78666666666664,-13.9849999999999,-0.1213782302270947,1122.0,1106.0,1088.0,1106.0,174200.0
2022-03-30,1127.0,1145.0,1100.0,1140.0,1060.263916015625,231500.0,1047.55,1035.96,1143.3333333333333,1375.045,81.81818181818181,1055.96,-23.706666666666703,-13.774999999999864,-0.1072826938136256,1140.0,1127.0,1122.0,1107.0,206900.0
2022-03-31,1118.0,1138.0,1110.0,1123.0,1044.4530029296875,238200.0,1054.35,1040.52,1139.0,1372.38,72.42990654205607,1055.46,-22.85333333333324,-13.629999999999882,-0.1205951448707909,1140.0,1145.0,1140.0,1127.0,231500.0
2022-04-01,1120.0,1151.0,1086.0,1150.0,1069.564453125,227400.0,1062.5,1047.4,1135.0266666666666,1369.73,73.66071428571428,1055.5,-22.34666666666658,-13.400000000000093,-0.1187739463601532,1150.0,1138.0,1123.0,1118.0,238200.0
2022-04-02,1120.0,1151.0,1086.0,1150.0,1069.564453125,227400.0,1070.65,1054.0,1130.7066666666667,1367.02,73.66071428571428,1055.54,-21.25333333333333,-13.275000000000093,-0.0432612312811979,1150.0,1151.0,1150.0,1120.0,227400.0
2022-04-03,1120.0,1151.0,1086.0,1150.0,1069.564453125,227400.0,1079.35,1061.08,1126.9333333333334,1364.32,73.66071428571428,1055.58,-20.50666666666666,-13.305000000000064,-0.0792634107285829,1150.0,1151.0,1150.0,1120.0,227400.0
2022-04-04,1146.0,1188.0,1141.0,1188.0,1104.90673828125,244200.0,1089.25,1068.48,1124.1466666666668,1361.79,77.48091603053435,1056.38,-19.186666666666497,-13.25500000000011,-0.0041911148365465,1188.0,1151.0,1150.0,1120.0,227400.0
2022-04-05,1208.0,1225.0,1176.0,1211.0,1126.2978515625,424700.0,1100.15,1077.44,1121.16,1359.38,85.60606060606061,1058.78,-17.839999999999918,-13.0,0.0125418060200668,1211.0,1188.0,1188.0,1146.0,244200.0
2022-04-06,1260.0,1290.0,1216.0,1287.0,1196.982177734375,561700.0,1113.15,1089.44,1119.3866666666668,1357.35,87.62214983713355,1061.78,-15.639999999999873,-12.38000000000011,0.076086956521739,1287.0,1225.0,1211.0,1208.0,424700.0
2022-04-07,1287.0,1299.0,1256.0,1266.0,1177.4510498046875,499500.0,1124.25,1100.6,1117.3333333333333,1355.215,81.08974358974359,1064.28,-13.373333333333449,-11.805000000000064,0.0585284280936455,1287.0,1290.0,1287.0,1260.0,561700.0
2022-04-08,1274.0,1295.0,1254.0,1288.0,1197.912109375,340200.0,1136.45,1113.08,1115.5733333333333,1353.19,80.13468013468014,1068.3,-11.360000000000127,-11.129999999999882,0.1103448275862069,1288.0,1299.0,1266.0,1287.0,499500.0
2022-04-09,1274.0,1295.0,1254.0,1288.0,1197.912109375,340200.0,1148.65,1125.0,1113.8266666666666,1351.24,80.13468013468014,1072.64,-10.320000000000164,-10.549999999999956,0.1074806534823731,1288.0,1295.0,1288.0,1274.0,340200.0
2022-04-10,1274.0,1295.0,1254.0,1288.0,1197.912109375,340200.0,1160.85,1136.8,1112.8933333333334,1349.46,80.13468013468014,1076.98,-8.266666666666652,-9.920000000000073,0.1219512195121952,1288.0,1295.0,1288.0,1274.0,340200.0
2022-04-11,1273.0,1289.0,1246.0,1287.0,1196.982177734375,299800.0,1174.05,1147.2,1112.4666666666667,1347.675,85.92057761732852,1081.3,-6.920000000000073,-9.674999999999956,0.1210801393728222,1288.0,1295.0,1288.0,1274.0,340200.0
2022-04-12,1293.0,1320.0,1283.0,1316.0,1223.9539794921875,274400.0,1187.05,1158.08,1113.08,1346.065,85.66176470588235,1086.6,-4.25333333333333,-9.149999999999864,0.146341463414634,1316.0,1289.0,1287.0,1273.0,299800.0
2022-04-13,1344.0,1379.0,1330.0,1372.0,1276.037109375,431500.0,1202.05,1171.2,1114.3466666666666,1344.735,87.41935483870968,1093.08,-1.226666666666688,-8.455000000000155,0.1951219512195121,1372.0,1320.0,1316.0,1293.0,274400.0
2022-04-14,1378.0,1398.0,1357.0,1393.0,1295.5682373046875,353400.0,1216.25,1185.16,1115.8933333333334,1343.51,92.9936305732484,1099.98,2.0666666666668334,-7.730000000000018,0.2134146341463414,1393.0,1379.0,1372.0,1344.0,431500.0
2022-04-15,1351.0,1366.0,1309.0,1315.0,1223.0238037109375,319100.0,1226.55,1196.0,1116.4,1341.7,72.6027397260274,1105.6,3.5066666666666606,-7.759999999999991,0.2053162236480292,1393.0,1398.0,1393.0,1378.0,353400.0
2022-04-16,1351.0,1366.0,1309.0,1315.0,1223.0238037109375,319100.0,1236.85,1207.68,1116.5333333333333,1340.05,72.6027397260274,1110.98,4.066666666666606,-7.625,0.1565523306948109,1393.0,1366.0,1315.0,1351.0,319100.0
2022-04-17,1351.0,1366.0,1309.0,1315.0,1223.0238037109375,319100.0,1248.2,1218.04,1118.04,1338.555,72.6027397260274,1116.36,4.960000000000036,-7.509999999999991,0.1524978089395268,1393.0,1366.0,1315.0,1351.0,319100.0
2022-04-18,1312.0,1337.0,1299.0,1323.0,1230.4639892578125,207900.0,1258.25,1228.08,1119.0266666666666,1337.14,70.14925373134328,1121.9,4.680000000000064,-7.5949999999998,0.217111315547378,1393.0,1366.0,1315.0,1351.0,319100.0
2022-04-19,1341.0,1389.0,1337.0,1386.0,1289.0576171875,285600.0,1270.55,1239.16,1121.6,1336.17,73.33333333333333,1128.46,5.706666666666479,-7.339999999999918,0.2941176470588236,1393.0,1337.0,1323.0,1312.0,207900.0
2022-04-20,1382.0,1427.0,1366.0,1396.0,1298.3583984375,305300.0,1284.2,1250.64,1124.2666666666669,1335.25,67.63754045307442,1135.18,7.866666666666561,-6.4500000000000455,0.3034547152194211,1396.0,1389.0,1386.0,1341.0,285600.0
2022-04-21,1399.0,1439.0,1393.0,1409.0,1310.4488525390625,293900.0,1297.15,1262.64,1127.1066666666666,1334.395,73.75415282392026,1142.88,10.573333333333268,-5.654999999999973,0.3155929038281979,1409.0,1427.0,1396.0,1382.0,305300.0
2022-04-22,1400.0,1440.0,1400.0,1430.0,1329.9801025390625,251300.0,1311.15,1276.32,1130.2266666666667,1333.495,73.66666666666666,1151.26,12.186666666666724,-5.060000000000173,0.3606089438629876,1430.0,1439.0,1409.0,1399.0,293900.0
2022-04-23,1400.0,1440.0,1400.0,1430.0,1329.9801025390625,251300.0,1325.15,1288.64,1133.8266666666666,1332.91,73.66666666666666,1159.68,14.799999999999956,-4.230000000000018,0.3645038167938932,1430.0,1440.0,1430.0,1400.0,251300.0
2022-04-24,1400.0,1440.0,1400.0,1430.0,1329.9801025390625,251300.0,1337.25,1300.24,1137.3866666666668,1332.28,73.66666666666666,1168.1,15.78666666666686,-3.8900000000001,0.3645038167938932,1430.0,1440.0,1430.0,1400.0,251300.0
2022-04-25,1414.0,1444.0,1405.0,1428.0,1328.1201171875,315700.0,1348.1,1312.44,1141.12,1331.73,73.421926910299,1176.48,16.85333333333324,-3.519999999999982,0.3810444874274661,1430.0,1440.0,1430.0,1400.0,251300.0
2022-04-26,1434.0,1480.0,1428.0,1471.0,1368.1123046875,329100.0,1357.3,1325.28,1145.4266666666667,1331.31,74.60317460317461,1186.34,18.320000000000164,-3.0850000000000364,0.4063097514340343,1471.0,1444.0,1428.0,1414.0,315700.0
2022-04-27,1443.0,1501.0,1433.0,1500.0,1395.084228515625,573100.0,1369.0,1339.28,1150.12,1331.035,72.22222222222223,1196.64,19.893333333333203,-2.459999999999809,0.4340344168260037,1500.0,1480.0,1471.0,1434.0,329100.0
2022-04-28,1501.0,1524.0,1480.0,1521.0,1414.6153564453125,266000.0,1380.65,1354.12,1155.0933333333332,1330.865,72.22222222222223,1207.6,21.26666666666665,-2.0450000000000728,0.4541108986615678,1521.0,1501.0,1500.0,1443.0,573100.0
2022-04-29,1501.0,1524.0,1480.0,1521.0,1414.6153564453125,266000.0,1392.3,1367.44,1160.0666666666666,1330.655,99.04761904761904,1217.96,22.67999999999984,-1.625,0.4376181474480152,1521.0,1524.0,1521.0,1501.0,266000.0
2022-04-30,1501.0,1524.0,1480.0,1521.0,1414.6153564453125,266000.0,1403.95,1379.84,1165.8,1330.575,99.04761904761904,1228.64,24.680000000000064,-1.1549999999999727,0.4349056603773584,1521.0,1524.0,1521.0,1501.0,266000.0
2022-05-01,1501.0,1524.0,1480.0,1521.0,1414.6153564453125,266000.0,1415.65,1389.2,1170.92,1330.44,99.04761904761904,1239.32,25.49333333333334,-0.8699999999998909,0.4853515625,1521.0,1524.0,1521.0,1501.0,266000.0
2022-05-02,1521.0,1533.0,1468.0,1501.0,1396.0140380859375,328200.0,1424.9,1398.6,1175.72,1330.1,90.09009009009009,1249.6,25.600000000000136,-0.9350000000001728,0.4846686449060335,1521.0,1524.0,1521.0,1501.0,266000.0
2022-05-03,1521.0,1533.0,1468.0,1501.0,1396.0140380859375,328200.0,1431.35,1407.12,1181.24,1329.65,86.16352201257862,1260.1,26.14666666666676,-1.214999999999918,0.487611496531219,1521.0,1533.0,1501.0,1521.0,328200.0
2022-05-04,1521.0,1533.0,1468.0,1501.0,1396.0140380859375,328200.0,1436.75,1415.64,1186.9733333333334,1329.2,85.23489932885906,1270.32,26.90666666666675,-1.4549999999999272,0.487611496531219,1521.0,1533.0,1501.0,1521.0,328200.0
2022-05-05,1521.0,1533.0,1468.0,1501.0,1396.0140380859375,328200.0,1446.05,1424.16,1192.7066666666667,1328.75,83.82352941176471,1280.48,26.90666666666675,-1.8250000000000453,0.487611496531219,1521.0,1533.0,1501.0,1521.0,328200.0
2022-05-06,1461.0,1549.0,1441.0,1535.0,1427.6361083984375,321500.0,1457.05,1434.08,1198.8933333333334,1328.635,85.23489932885906,1290.64,27.97333333333336,-1.805000000000064,0.5695296523517381,1535.0,1533.0,1501.0,1521.0,328200.0
2022-05-07,1461.0,1549.0,1441.0,1535.0,1427.6361083984375,321500.0,1468.05,1442.84,1205.3466666666666,1328.41,85.23489932885906,1300.46,29.62666666666655,-1.6899999999998272,0.5583756345177664,1535.0,1549.0,1535.0,1461.0,321500.0
2022-05-08,1461.0,1549.0,1441.0,1535.0,1427.6361083984375,321500.0,1478.65,1449.36,1211.84,1328.22,85.23489932885906,1310.28,30.59999999999991,-1.4300000000000637,0.5775950668037,1535.0,1549.0,1535.0,1461.0,321500.0
2022-05-09,1526.0,1547.0,1481.0,1501.0,1396.0140380859375,333100.0,1484.4,1453.68,1217.88,1328.025,70.1657458563536,1319.42,30.90666666666675,-1.1749999999999543,0.4965104685942174,1535.0,1549.0,1535.0,1461.0,321500.0
2022-05-10,1507.0,1507.0,1460.0,1499.0,1394.1539306640625,288200.0,1489.55,1461.04,1224.08,1327.78,60.0,1328.52,31.37333333333322,-0.9700000000000272,0.5187436676798378,1535.0,1547.0,1501.0,1526.0,333100.0
2022-05-11,1700.0,1777.0,1650.0,1690.0,1571.794921875,1053600.0,1503.6,1476.04,1232.6666666666667,1328.49,81.45695364238411,1341.86,33.77333333333331,-0.1449999999999818,0.7122593718338399,1690.0,1507.0,1499.0,1507.0,288200.0
2022-05-12,1690.0,1700.0,1639.0,1660.0,1543.893310546875,623600.0,1515.1,1489.84,1240.8533333333332,1329.05,72.34726688102894,1353.94,35.50666666666666,0.6399999999998727,0.6818642350557245,1690.0,1777.0,1690.0,1700.0,1053600.0
2022-05-13,1637.0,1679.0,1628.0,1645.0,1529.9422607421875,261400.0,1525.85,1502.72,1248.84,1329.555,69.01840490797547,1365.4,37.0,1.3350000000000364,0.6854508196721312,1690.0,1700.0,1660.0,1690.0,623600.0
2022-05-14,1637.0,1679.0,1628.0,1645.0,1529.9422607421875,261400.0,1536.6,1513.08,1256.6666666666667,1329.83,69.01840490797547,1376.12,38.78666666666663,1.8049999999998363,0.6616161616161615,1690.0,1679.0,1645.0,1637.0,261400.0
2022-05-15,1637.0,1679.0,1628.0,1645.0,1529.9422607421875,261400.0,1547.45,1523.04,1264.4666666666667,1330.095,69.01840490797547,1386.84,40.38666666666677,2.3150000000000546,0.6565961732124874,1690.0,1679.0,1645.0,1637.0,261400.0
2022-05-16,1669.0,1701.0,1662.0,1688.0,1569.9345703125,280800.0,1558.3,1534.2,1273.32,1330.54,76.79083094555874,1398.42,40.6533333333332,2.0499999999999545,0.6436222005842258,1690.0,1679.0,1645.0,1637.0,261400.0
2022-05-17,1700.0,1748.0,1695.0,1736.0,1614.5772705078125,350600.0,1570.1,1546.44,1282.986666666667,1331.26,79.5969773299748,1411.38,42.13333333333344,2.2100000000000364,0.6628352490421456,1736.0,1701.0,1688.0,1669.0,280800.0
2022-05-18,1736.0,1754.0,1665.0,1692.0,1573.65478515625,342300.0,1578.65,1556.92,1292.0933333333332,1331.76,71.65532879818593,1422.78,43.25333333333333,2.2049999999999272,0.6206896551724137,1736.0,1748.0,1736.0,1700.0,350600.0
2022-05-19,1652.0,1699.0,1641.0,1684.0,1566.21435546875,151900.0,1586.8,1567.08,1301.0933333333332,1332.22,70.37861915367483,1433.66,44.426666666666506,2.3900000000001,0.6130268199233717,1736.0,1754.0,1692.0,1736.0,342300.0
2022-05-20,1684.0,1684.0,1602.0,1626.0,1512.2711181640625,380400.0,1592.05,1575.0,1309.32,1332.365,59.61945031712474,1443.72,44.85333333333324,2.269999999999982,0.5574712643678161,1736.0,1699.0,1684.0,1652.0,151900.0
2022-05-21,1684.0,1684.0,1602.0,1626.0,1512.2711181640625,380400.0,1597.3,1581.2,1317.96,1333.195,59.61945031712474,1453.24,44.6400000000001,2.6549999999999727,0.5894428152492668,1736.0,1684.0,1626.0,1684.0,380400.0
2022-05-22,1684.0,1684.0,1602.0,1626.0,1512.2711181640625,380400.0,1603.55,1586.24,1326.506666666667,1334.025,59.61945031712474,1462.76,43.51999999999998,2.7650000000001,0.5397727272727273,1736.0,1684.0,1626.0,1684.0,380400.0
2022-05-23,1664.0,1710.0,1657.0,1694.0,1575.5150146484375,276600.0,1613.2,1593.16,1336.12,1334.84,69.03353057199212,1473.64,44.02666666666664,3.0799999999999272,0.580223880597015,1736.0,1684.0,1626.0,1684.0,380400.0
2022-05-24,1675.0,1675.0,1615.0,1619.0,1505.7607421875,243200.0,1619.1,1597.08,1344.3333333333333,1335.115,60.3448275862069,1482.26,43.24000000000001,2.894999999999982,0.4598737601442741,1736.0,1710.0,1694.0,1664.0,276600.0
2022-05-25,1644.0,1654.0,1572.0,1589.0,1477.8592529296875,408400.0,1623.5,1599.8,1352.36,1335.24,37.94749403341289,1489.82,43.03999999999997,2.875,0.4328223624887286,1736.0,1675.0,1619.0,1675.0,243200.0
2022-05-26,1618.0,1625.0,1587.0,1588.0,1476.928955078125,190000.0,1626.15,1602.48,1360.3733333333332,1335.36,40.76923076923077,1495.84,42.41333333333319,2.164999999999964,0.4319206492335437,1736.0,1654.0,1589.0,1644.0,408400.0
2022-05-27,1613.0,1620.0,1542.0,1570.0,1460.1881103515625,196600.0,1627.9,1605.24,1368.1466666666668,1335.615,40.458015267175576,1501.92,41.6400000000001,1.589999999999918,0.443014705882353,1736.0,1625.0,1588.0,1618.0,190000.0
2022-05-28,1613.0,1620.0,1542.0,1570.0,1460.1881103515625,196600.0,1629.65,1608.0,1376.0666666666666,1335.94,40.458015267175576,1507.56,39.94666666666672,1.1000000000001364,0.3992869875222815,1736.0,1620.0,1570.0,1613.0,196600.0
2022-05-29,1613.0,1620.0,1542.0,1570.0,1460.1881103515625,196600.0,1633.1,1610.76,1383.8,1336.39,40.458015267175576,1513.2,39.4666666666667,1.275000000000091,0.3771929824561404,1736.0,1620.0,1570.0,1613.0,196600.0
2022-05-30,1535.0,1600.0,1515.0,1575.0,1464.83837890625,615600.0,1636.9,1613.72,1391.56,1336.855,34.08450704225352,1518.94,39.200000000000045,1.615000000000009,0.4024933214603741,1736.0,1620.0,1570.0,1613.0,196600.0
2022-05-31,1575.0,1599.0,1565.0,1588.0,1476.928955078125,221700.0,1631.8,1615.84,1399.04,1337.135,26.875,1524.96,38.66666666666674,1.775000000000091,0.3808695652173912,1736.0,1600.0,1575.0,1535.0,615600.0
2022-06-01,1590.0,1620.0,1558.0,1618.0,1504.8306884765625,220500.0,1629.7,1619.16,1406.6933333333334,1337.565,37.90849673202615,1531.0,38.546666666666624,1.9500000000000453,0.4069565217391304,1736.0,1599.0,1588.0,1575.0,221700.0
2022-06-02,1604.0,1609.0,1568.0,1582.0,1471.3486328125,205200.0,1626.55,1621.04,1413.8666666666666,1337.815,34.73053892215569,1535.2,37.79999999999996,1.875,0.3756521739130434,1736.0,1620.0,1618.0,1590.0,220500.0
2022-06-03,1619.0,1627.0,1539.0,1552.0,1443.4468994140625,249900.0,1621.9,1623.08,1420.64,1337.99,37.90849673202615,1538.38,36.84000000000015,1.599999999999909,0.3063973063973064,1736.0,1609.0,1582.0,1604.0,205200.0
2022-06-04,1619.0,1627.0,1539.0,1552.0,1443.4468994140625,249900.0,1617.25,1625.2,1427.4133333333334,1338.19,37.90849673202615,1543.12,35.85333333333347,1.3350000000000364,0.2815854665565649,1736.0,1627.0,1552.0,1619.0,249900.0
2022-06-05,1619.0,1627.0,1539.0,1552.0,1443.4468994140625,249900.0,1610.45,1619.68,1434.4666666666667,1338.635,37.90849673202615,1547.86,35.42666666666673,1.5,0.205905205905206,1736.0,1627.0,1552.0,1619.0,249900.0
2022-06-06,1542.0,1563.0,1531.0,1563.0,1453.6776123046875,173300.0,1601.8,1615.8,1441.2266666666667,1339.02,23.694779116465867,1552.82,34.5333333333333,1.4549999999999272,0.2345971563981042,1694.0,1627.0,1552.0,1619.0,249900.0
2022-06-07,1569.0,1572.0,1533.0,1541.0,1433.2164306640625,191300.0,1594.25,1611.64,1447.48,1339.31,30.102040816326536,1557.18,33.61333333333346,1.4949999999998909,0.1964285714285714,1694.0,1563.0,1563.0,1542.0,173300.0
2022-06-08,1548.0,1593.0,1548.0,1571.0,1461.1180419921875,173300.0,1588.6,1608.68,1453.64,1339.75,45.40816326530612,1560.88,33.0,1.759999999999991,0.2197204968944099,1694.0,1572.0,1541.0,1569.0,191300.0
2022-06-09,1566.0,1613.0,1554.0,1577.0,1466.6986083984375,166400.0,1586.15,1605.96,1459.88,1340.22,47.2636815920398,1564.5,32.4666666666667,2.0299999999999727,0.2243788819875776,1694.0,1593.0,1571.0,1548.0,173300.0
2022-06-10,1562.0,1564.0,1513.0,1513.0,1407.1748046875,194400.0,1580.5,1598.96,1465.2666666666669,1340.26,38.46153846153846,1566.58,30.799999999999955,1.625,0.1756021756021755,1694.0,1613.0,1577.0,1566.0,166400.0
2022-06-11,1562.0,1564.0,1513.0,1513.0,1407.1748046875,194400.0,1574.85,1590.04,1470.9333333333334,1340.3,38.46153846153846,1568.24,29.706666666666703,1.2799999999999727,0.1496960486322187,1694.0,1564.0,1513.0,1562.0,194400.0
2022-06-12,1562.0,1564.0,1513.0,1513.0,1407.1748046875,194400.0,1565.8,1582.88,1476.1466666666668,1340.475,38.46153846153846,1569.9,28.666666666666742,1.1649999999999636,0.1027696793002914,1619.0,1564.0,1513.0,1562.0,194400.0
2022-06-13,1504.0,1523.0,1480.0,1482.0,1378.3431396484375,201600.0,1558.95,1574.8,1480.7066666666667,1340.53,32.96703296703298,1570.94,27.06666666666661,0.7799999999999727,0.0638908829863604,1618.0,1564.0,1513.0,1562.0,194400.0
2022-06-14,1452.0,1468.0,1432.0,1448.0,1346.7210693359375,215000.0,1551.9,1567.68,1485.04,1340.595,26.190476190476204,1571.34,25.15999999999985,0.375,0.1011406844106463,1618.0,1523.0,1482.0,1504.0,201600.0
2022-06-15,1448.0,1449.0,1406.0,1416.0,1316.95947265625,180400.0,1543.3,1559.28,1488.5866666666666,1340.5,15.878378378378386,1570.24,23.319999999999936,0.2400000000000091,0.07680608365019,1618.0,1468.0,1448.0,1452.0,215000.0
2022-06-16,1446.0,1450.0,1366.0,1375.0,1278.8270263671875,203300.0,1533.55,1549.24,1491.5866666666666,1340.2,15.614617940199338,1567.74,20.6533333333332,-0.099999999999909,0.0456273764258554,1618.0,1449.0,1416.0,1448.0,180400.0
2022-06-17,1350.0,1358.0,1319.0,1338.0,1244.4150390625,379100.0,1521.95,1535.0,1494.0933333333332,1339.95,15.259740259740257,1564.08,17.946666666666488,-0.5249999999998636,0.0113378684807257,1618.0,1450.0,1375.0,1446.0,203300.0
2022-06-18,1350.0,1358.0,1319.0,1338.0,1244.4150390625,379100.0,1510.35,1523.76,1496.0933333333332,1339.74,15.259740259740257,1560.42,15.386666666666542,-0.7899999999999636,-0.0346320346320346,1618.0,1358.0,1338.0,1350.0,379100.0
2022-06-19,1350.0,1358.0,1319.0,1338.0,1244.4150390625,379100.0,1498.5,1513.72,1497.7866666666666,1339.355,15.259740259740257,1556.76,12.74666666666667,-1.240000000000009,-0.0415472779369627,1618.0,1358.0,1338.0,1350.0,379100.0
2022-06-20,1360.0,1370.0,1318.0,1342.0,1248.1353759765625,270300.0,1486.2,1503.88,1498.52,1338.855,13.28903654485049,1553.18,9.933333333333394,-1.6449999999999818,-0.0475514549325762,1618.0,1358.0,1338.0,1350.0,379100.0
2022-06-21,1358.0,1378.0,1353.0,1356.0,1261.156005859375,160300.0,1473.1,1495.32,1499.72,1338.535,18.430034129692828,1550.28,8.13333333333344,-1.6649999999999636,-0.0517482517482517,1582.0,1370.0,1342.0,1360.0,270300.0
2022-06-22,1376.0,1376.0,1338.0,1347.0,1252.7855224609375,193000.0,1461.35,1486.4,1500.506666666667,1338.17,8.823529411764696,1547.2,6.413333333333412,-1.7799999999999727,-0.058041958041958,1577.0,1378.0,1356.0,1358.0,160300.0
2022-06-23,1362.0,1378.0,1350.0,1372.0,1276.037109375,180700.0,1452.35,1478.48,1501.6266666666668,1337.93,14.776632302405488,1544.62,5.53333333333353,-1.8099999999999448,-0.0405594405594406,1577.0,1376.0,1347.0,1376.0,193000.0
2022-06-24,1386.0,1423.0,1379.0,1409.0,1310.4488525390625,245800.0,1445.2,1471.84,1503.24,1337.925,30.30303030303031,1542.78,5.453333333333376,-1.4300000000000637,-0.0133053221288514,1577.0,1378.0,1372.0,1362.0,180700.0
2022-06-25,1386.0,1423.0,1379.0,1409.0,1310.4488525390625,245800.0,1438.05,1464.68,1504.8666666666666,1337.69,30.30303030303031,1540.26,6.346666666666579,-1.1649999999999636,-0.0421481985044187,1577.0,1423.0,1409.0,1386.0,245800.0
2022-06-26,1386.0,1423.0,1379.0,1409.0,1310.4488525390625,245800.0,1430.35,1456.32,1506.1066666666666,1337.74,30.30303030303031,1537.74,6.386666666666542,-0.7950000000000728,-0.0606666666666666,1577.0,1423.0,1409.0,1386.0,245800.0
2022-06-27,1412.0,1412.0,1351.0,1389.0,1291.847900390625,300500.0,1422.75,1448.6,1506.3333333333333,1337.84,31.6205533596838,1534.82,5.826666666666597,-0.3300000000001546,-0.0867850098619329,1577.0,1423.0,1409.0,1386.0,245800.0
2022-06-28,1333.0,1369.0,1330.0,1369.0,1273.246826171875,379900.0,1412.65,1441.28,1506.013333333333,1337.8,33.47280334728033,1532.18,4.386666666666542,-0.1300000000001091,-0.0999342537804076,1577.0,1412.0,1389.0,1412.0,300500.0
2022-06-29,1339.0,1391.0,1322.0,1350.0,1255.57568359375,516500.0,1401.3,1433.2,1506.48,1337.665,35.39823008849558,1529.2,3.240000000000009,-0.2599999999999909,-0.1124260355029586,1513.0,1369.0,1369.0,1333.0,379900.0
2022-06-30,1380.0,1399.0,1329.0,1339.0,1245.344970703125,365300.0,1392.6,1424.68,1506.8,1337.475,40.81632653061224,1522.18,1.933333333333394,-0.2150000000001455,-0.1196581196581196,1513.0,1391.0,1350.0,1339.0,516500.0
2022-07-01,1345.0,1374.0,1333.0,1351.0,1256.505859375,174500.0,1384.5,1416.2,1507.28,1337.44,53.80116959064328,1516.0,1.173333333333403,-0.2999999999999545,-0.0999333777481679,1513.0,1399.0,1339.0,1380.0,365300.0
2022-07-02,1345.0,1374.0,1333.0,1351.0,1256.505859375,174500.0,1376.4,1408.6,1507.6533333333334,1337.285,53.80116959064328,1510.12,1.3200000000001637,-0.5549999999998363,-0.0999333777481679,1482.0,1374.0,1351.0,1345.0,174500.0
2022-07-03,1345.0,1374.0,1333.0,1351.0,1256.505859375,174500.0,1369.85,1399.8,1507.1866666666667,1337.2,53.80116959064328,1504.24,1.173333333333403,-0.599999999999909,-0.0999333777481679,1448.0,1374.0,1351.0,1345.0,174500.0
2022-07-04,1353.0,1386.0,1345.0,1359.0,1263.9461669921875,123100.0,1365.4,1391.08,1506.6933333333334,1336.87,54.85714285714285,1498.52,0.2133333333333666,-0.7950000000000728,-0.0946035976015989,1416.0,1374.0,1351.0,1345.0,174500.0
2022-07-05,1356.0,1360.0,1331.0,1339.0,1245.344970703125,108200.0,1361.55,1384.12,1505.76,1336.565,45.30386740331492,1491.54,-1.0399999999999636,-0.9099999999998544,-0.1276872964169381,1409.0,1386.0,1359.0,1353.0,123100.0
2022-07-06,1348.0,1388.0,1347.0,1374.0,1277.8970947265625,179300.0,1361.5,1378.56,1505.013333333333,1336.435,56.52173913043478,1484.3,-2.2666666666666515,-1.0050000000001091,-0.104885993485342,1409.0,1360.0,1339.0,1356.0,108200.0
2022-07-07,1380.0,1398.0,1351.0,1387.0,1289.9879150390625,192500.0,1363.95,1373.52,1504.44,1336.37,53.84615384615384,1478.2,-3.2133333333333667,-0.915000000000191,-0.0964169381107491,1409.0,1388.0,1374.0,1348.0,179300.0
2022-07-08,1392.0,1423.0,1389.0,1397.0,1299.288330078125,149500.0,1366.9,1370.12,1504.0,1336.345,46.42857142857143,1472.46,-3.1866666666667243,-0.8550000000000182,-0.0692871419053964,1409.0,1398.0,1387.0,1380.0,192500.0
2022-07-09,1392.0,1423.0,1389.0,1397.0,1299.288330078125,149500.0,1369.85,1368.08,1503.5866666666666,1336.135,46.42857142857143,1467.88,-3.106666666666797,-0.7349999999999,-0.0680453635757171,1409.0,1423.0,1397.0,1392.0,149500.0
2022-07-10,1392.0,1423.0,1389.0,1397.0,1299.288330078125,149500.0,1372.6,1367.32,1502.6,1335.83,46.42857142857143,1463.3,-3.160000000000082,-0.7350000000001273,-0.1733727810650888,1409.0,1423.0,1397.0,1392.0,149500.0
2022-07-11,1426.0,1435.0,1385.0,1417.0,1317.8896484375,131400.0,1375.65,1369.0,1501.493333333333,1335.72,58.33333333333333,1459.12,-3.519999999999982,-0.7149999999999181,-0.1463855421686747,1417.0,1423.0,1397.0,1392.0,149500.0
2022-07-12,1407.0,1419.0,1359.0,1363.0,1267.66650390625,189600.0,1376.45,1370.0,1499.3866666666668,1335.66,48.51485148514851,1452.5,-5.053333333333285,-0.709999999999809,-0.1714285714285713,1417.0,1435.0,1417.0,1426.0,131400.0
2022-07-13,1370.0,1379.0,1355.0,1361.0,1265.8062744140625,85300.0,1375.9,1370.92,1497.253333333333,1335.59,52.97297297297297,1447.34,-6.74666666666667,-0.7550000000001091,-0.172644376899696,1417.0,1419.0,1363.0,1407.0,189600.0
2022-07-14,1361.0,1377.0,1347.0,1375.0,1278.8270263671875,128200.0,1374.2,1372.4,1495.3066666666666,1335.59,59.57446808510638,1443.06,-8.279999999999973,-0.5450000000000728,-0.1641337386018236,1417.0,1379.0,1361.0,1370.0,85300.0
2022-07-15,1380.0,1392.0,1355.0,1374.0,1277.8970947265625,99500.0,1372.45,1373.68,1493.3466666666666,1335.555,56.49717514124293,1438.78,-9.25333333333333,-0.2749999999998636,-0.1860189573459715,1417.0,1377.0,1375.0,1361.0,128200.0
2022-07-16,1380.0,1392.0,1355.0,1374.0,1277.8970947265625,99500.0,1370.7,1374.4,1491.6533333333334,1335.31,56.49717514124293,1434.86,-9.839999999999918,-0.4100000000000818,-0.2085253456221197,1417.0,1392.0,1374.0,1380.0,99500.0
2022-07-17,1380.0,1392.0,1355.0,1374.0,1277.8970947265625,99500.0,1369.95,1375.48,1489.96,1334.875,56.49717514124293,1430.94,-9.426666666666732,-0.7850000000000819,-0.1879432624113475,1417.0,1392.0,1374.0,1380.0,99500.0
2022-07-18,1380.0,1392.0,1355.0,1374.0,1277.8970947265625,99500.0,1370.2,1375.56,1488.2666666666669,1334.465,54.4378698224852,1427.02,-8.986666666666679,-1.125,-0.184085510688836,1417.0,1392.0,1374.0,1380.0,99500.0
2022-07-19,1380.0,1380.0,1350.0,1369.0,1273.246826171875,119300.0,1371.15,1373.96,1486.506666666667,1334.03,59.74025974025973,1422.9,-8.799999999999955,-1.5599999999999454,-0.1580565805658056,1417.0,1392.0,1374.0,1380.0,99500.0
2022-07-20,1390.0,1424.0,1380.0,1424.0,1324.3997802734375,143000.0,1375.4,1374.56,1485.0266666666666,1333.87,64.36781609195403,1419.62,-8.319999999999936,-1.6850000000001728,-0.1242312423124231,1424.0,1380.0,1369.0,1380.0,119300.0
2022-07-21,1420.0,1456.0,1418.0,1449.0,1347.6513671875,157200.0,1380.3,1376.16,1483.88,1333.835,66.66666666666666,1416.24,-7.773333333333312,-1.474999999999909,-0.1088560885608855,1449.0,1424.0,1424.0,1390.0,143000.0
2022-07-22,1450.0,1518.0,1441.0,1499.0,1394.1539306640625,298700.0,1387.7,1380.56,1483.4,1334.05,72.56637168141593,1414.58,-6.559999999999945,-0.8250000000000455,-0.115112160566706,1499.0,1456.0,1449.0,1420.0,157200.0
2022-07-23,1450.0,1518.0,1441.0,1499.0,1394.1539306640625,298700.0,1395.1,1385.76,1483.3733333333332,1334.165,72.56637168141593,1413.52,-4.89333333333343,-0.2999999999999545,-0.0741198270537368,1499.0,1518.0,1499.0,1450.0,298700.0
2022-07-24,1450.0,1518.0,1441.0,1499.0,1394.1539306640625,298700.0,1402.1,1391.72,1483.3733333333332,1334.405,72.56637168141593,1412.46,-3.1333333333334394,0.375,-0.0566393958464442,1499.0,1518.0,1499.0,1450.0,298700.0
2022-07-25,1507.0,1525.0,1493.0,1497.0,1392.2940673828125,190700.0,1410.0,1398.04,1480.8,1334.69,69.23076923076923,1411.36,-4.226666666666688,0.8200000000001637,-0.0573047858942065,1499.0,1518.0,1499.0,1450.0,298700.0
2022-07-26,1484.0,1488.0,1461.0,1465.0,1362.5321044921875,152300.0,1414.55,1402.6,1478.2,1334.525,77.41935483870968,1409.4,-5.680000000000064,0.6900000000000546,-0.0668789808917197,1499.0,1525.0,1497.0,1507.0,190700.0
2022-07-27,1466.0,1497.0,1466.0,1476.0,1372.7628173828125,117100.0,1419.0,1407.6,1475.9466666666667,1334.415,79.48717948717949,1408.1,-7.453333333333376,0.3650000000000091,-0.0598726114649681,1499.0,1488.0,1465.0,1484.0,152300.0
2022-07-28,1480.0,1499.0,1475.0,1494.0,1389.50390625,153900.0,1423.85,1413.32,1473.9333333333334,1334.395,79.89949748743719,1406.56,-9.439999999999827,0.2300000000000182,-0.0484076433121019,1499.0,1497.0,1476.0,1466.0,117100.0
2022-07-29,1494.0,1550.0,1494.0,1523.0,1416.4754638671875,248800.0,1430.15,1419.88,1472.3066666666666,1334.52,82.81938325991189,1405.48,-11.066666666666606,0.1150000000000091,-0.033015873015873,1523.0,1499.0,1494.0,1480.0,153900.0
2022-07-30,1494.0,1550.0,1494.0,1523.0,1416.4754638671875,248800.0,1436.45,1427.24,1470.1066666666666,1334.91,82.81938325991189,1405.68,-10.693333333333385,0.2200000000000272,-0.0409319899244332,1523.0,1550.0,1523.0,1494.0,248800.0
2022-07-31,1494.0,1550.0,1494.0,1523.0,1416.4754638671875,248800.0,1441.75,1433.2,1467.2666666666669,1335.055,82.81938325991189,1405.88,-10.933333333333394,0.5299999999999727,-0.0587144622991346,1523.0,1550.0,1523.0,1494.0,248800.0
2022-08-01,1553.0,1626.0,1529.0,1610.0,1497.3902587890625,700800.0,1454.1,1442.12,1466.1733333333334,1335.8,87.57961783439491,1407.82,-9.773333333333312,1.384999999999991,0.0176991150442478,1610.0,1550.0,1523.0,1494.0,248800.0
2022-08-02,1490.0,1496.0,1422.0,1424.0,1324.3997802734375,763200.0,1457.25,1443.2,1462.7066666666667,1335.68,55.55555555555556,1406.66,-11.226666666666688,1.285000000000082,-0.0824742268041237,1610.0,1626.0,1610.0,1553.0,700800.0
2022-08-03,1425.0,1439.0,1370.0,1371.0,1275.1068115234375,459300.0,1457.05,1442.16,1459.3066666666666,1335.295,44.62474645030425,1405.12,-13.0,0.775000000000091,-0.1166237113402062,1610.0,1496.0,1424.0,1490.0,763200.0
2022-08-04,1364.0,1412.0,1353.0,1406.0,1307.6588134765625,364700.0,1458.65,1442.52,1456.3733333333332,1335.085,45.72564612326043,1404.92,-13.733333333333348,0.1749999999999545,-0.0940721649484536,1610.0,1439.0,1371.0,1425.0,459300.0
2022-08-05,1424.0,1463.0,1400.0,1458.0,1356.021728515625,287100.0,1462.85,1444.16,1454.1333333333334,1335.005,45.940594059405946,1406.58,-13.133333333333212,-0.0499999999999545,-0.0671785028790786,1610.0,1412.0,1406.0,1364.0,364700.0
2022-08-06,1424.0,1463.0,1400.0,1458.0,1356.021728515625,287100.0,1467.05,1447.96,1450.986666666667,1335.13,45.940594059405946,1408.98,-15.186666666666724,-0.6699999999998454,-0.053861129136924,1610.0,1463.0,1458.0,1424.0,287100.0
2022-08-07,1424.0,1463.0,1400.0,1458.0,1356.021728515625,287100.0,1471.25,1451.84,1448.84,1335.435,45.940594059405946,1411.38,-13.866666666666788,-0.2450000000001182,-0.0719287078294079,1610.0,1463.0,1458.0,1424.0,287100.0
2022-08-08,1431.0,1452.0,1411.0,1448.0,1346.7210693359375,179600.0,1475.2,1454.76,1446.96,1335.5,45.22417153996101,1413.58,-12.34666666666658,0.2049999999999272,-0.0818008877615725,1610.0,1463.0,1458.0,1424.0,287100.0
2022-08-09,1441.0,1535.0,1439.0,1534.0,1426.7059326171875,479300.0,1480.7,1461.16,1446.24,1336.07,56.08465608465608,1417.42,-10.133333333333212,0.9849999999999,0.0138797091870455,1610.0,1452.0,1448.0,1431.0,179600.0
2022-08-10,1528.0,1563.0,1526.0,1553.0,1444.377197265625,228900.0,1485.9,1468.32,1446.013333333333,1336.735,56.69565217391305,1421.36,-8.120000000000118,1.7299999999997908,0.0264375413086583,1610.0,1535.0,1534.0,1441.0,479300.0
2022-08-11,1528.0,1563.0,1526.0,1553.0,1444.377197265625,228900.0,1488.6,1475.48,1445.7866666666666,1337.4,55.29622980251347,1425.48,-5.2000000000000455,2.269999999999982,0.0264375413086583,1610.0,1563.0,1553.0,1528.0,228900.0
2022-08-12,1580.0,1616.0,1572.0,1590.0,1478.7889404296875,273700.0,1493.15,1484.12,1446.0533333333333,1338.255,55.92920353982301,1429.84,-2.7866666666666333,2.820000000000164,0.0728744939271255,1610.0,1563.0,1553.0,1528.0,228900.0
2022-08-13,1580.0,1616.0,1572.0,1590.0,1478.7889404296875,273700.0,1497.7,1492.96,1446.253333333333,1339.415,55.92920353982301,1433.46,-0.7066666666667061,3.914999999999964,0.0980662983425415,1610.0,1616.0,1590.0,1580.0,273700.0
2022-08-14,1580.0,1616.0,1572.0,1590.0,1478.7889404296875,273700.0,1502.35,1499.6,1446.28,1340.77,55.92920353982301,1437.08,0.0399999999999636,4.7000000000000455,0.1228813559322032,1610.0,1616.0,1590.0,1580.0,273700.0
2022-08-15,1608.0,1648.0,1579.0,1639.0,1524.3616943359375,372500.0,1511.05,1507.2,1446.56,1342.615,52.75142314990513,1441.68,0.5466666666666242,5.880000000000109,0.1919999999999999,1639.0,1616.0,1590.0,1580.0,273700.0
2022-08-16,1649.0,1707.0,1647.0,1690.0,1571.794921875,459900.0,1521.75,1514.84,1448.0,1344.68,83.92857142857143,1447.7,2.2133333333333667,7.279999999999973,0.2630792227204783,1690.0,1648.0,1639.0,1608.0,372500.0
2022-08-17,1690.0,1699.0,1666.0,1686.0,1568.0743408203125,232200.0,1531.35,1522.32,1449.7866666666666,1346.725,95.91836734693878,1454.04,3.733333333333349,8.4699999999998,0.2600896860986548,1690.0,1707.0,1690.0,1649.0,459900.0
2022-08-18,1669.0,1719.0,1664.0,1699.0,1580.165283203125,215200.0,1540.15,1530.32,1451.746666666667,1348.835,95.6386292834891,1461.02,5.493333333333339,9.420000000000073,0.2698056801195814,1699.0,1699.0,1686.0,1690.0,232200.0
2022-08-19,1705.0,1709.0,1677.0,1680.0,1562.494140625,134400.0,1548.0,1537.64,1453.4533333333334,1350.71,88.54166666666667,1467.84,7.173333333333403,9.940000000000056,0.2518628912071534,1699.0,1719.0,1699.0,1669.0,215200.0
2022-08-20,1705.0,1709.0,1677.0,1680.0,1562.494140625,134400.0,1555.85,1546.24,1455.013333333333,1353.1,88.54166666666667,1474.42,8.453333333333376,10.4849999999999,0.238938053097345,1699.0,1709.0,1680.0,1705.0,134400.0
2022-08-21,1705.0,1709.0,1677.0,1680.0,1562.494140625,134400.0,1559.35,1554.4,1456.8666666666666,1355.255,88.54166666666667,1481.0,8.86666666666656,10.575000000000044,0.2472160356347439,1699.0,1709.0,1680.0,1705.0,134400.0
2022-08-22,1662.0,1719.0,1650.0,1704.0,1584.8155517578125,200100.0,1573.35,1562.8,1458.64,1357.81,92.3841059602649,1488.06,8.853333333333467,11.085000000000036,0.2419825072886297,1704.0,1709.0,1680.0,1705.0,134400.0
2022-08-23,1690.0,1690.0,1647.0,1656.0,1540.1727294921875,174700.0,1587.6,1568.12,1459.6933333333334,1360.11,73.10606060606061,1494.0,7.946666666666715,11.274999999999864,0.1753016323633782,1704.0,1719.0,1704.0,1662.0,200100.0
2022-08-24,1656.0,1682.0,1654.0,1654.0,1538.312744140625,126800.0,1600.0,1573.36,1461.5733333333333,1362.4,70.44534412955466,1500.3,8.11999999999989,11.690000000000056,0.1738821859474804,1704.0,1690.0,1656.0,1690.0,174700.0
2022-08-25,1634.0,1684.0,1628.0,1676.0,1558.7740478515625,130700.0,1610.9,1579.48,1463.746666666667,1364.8,72.86245353159852,1506.34,8.733333333333348,11.700000000000044,0.1894960965223562,1704.0,1682.0,1654.0,1656.0,126800.0
2022-08-26,1668.0,1689.0,1656.0,1673.0,1555.9837646484375,102700.0,1621.65,1582.0,1465.88,1367.365,67.65957446808511,1512.06,9.013333333333549,12.1099999999999,0.2044636429085673,1704.0,1684.0,1676.0,1634.0,130700.0
2022-08-27,1668.0,1689.0,1656.0,1673.0,1555.9837646484375,102700.0,1632.4,1591.96,1468.4266666666667,1369.915,67.65957446808511,1517.58,9.786666666666632,12.105000000000018,0.2220598977355734,1704.0,1689.0,1673.0,1668.0,102700.0
2022-08-28,1668.0,1689.0,1656.0,1673.0,1555.9837646484375,102700.0,1643.65,1604.04,1471.4266666666667,1372.54,67.65957446808511,1523.1,11.733333333333348,12.430000000000064,0.2392592592592592,1704.0,1689.0,1673.0,1668.0,102700.0
2022-08-29,1633.0,1656.0,1625.0,1652.0,1536.4527587890625,149100.0,1649.55,1613.88,1474.5733333333333,1375.06,53.14009661835749,1528.2,13.0,12.659999999999854,0.2337565347274084,1704.0,1689.0,1673.0,1668.0,102700.0
2022-08-30,1660.0,1686.0,1654.0,1680.0,1562.494140625,131600.0,1655.9,1622.76,1478.64,1377.72,47.28260869565217,1533.46,14.89333333333343,12.920000000000073,0.2435233160621761,1704.0,1656.0,1652.0,1633.0,149100.0
2022-08-31,1670.0,1694.0,1666.0,1681.0,1563.4244384765625,164200.0,1662.3,1631.68,1483.2133333333334,1380.385,48.61878453038674,1539.82,17.333333333333258,13.019999999999982,0.2442635085122131,1704.0,1686.0,1680.0,1660.0,131600.0
2022-09-01,1664.0,1686.0,1658.0,1663.0,1546.6832275390625,172100.0,1665.95,1639.88,1487.5466666666666,1382.96,40.32258064516129,1545.86,19.11999999999989,13.045000000000073,0.230940044411547,1704.0,1694.0,1681.0,1670.0,164200.0
2022-09-02,1570.0,1593.0,1548.0,1567.0,1457.397705078125,490100.0,1664.8,1644.64,1490.6,1385.34,28.51711026615969,1549.7,19.173333333333176,12.799999999999956,0.1530537159676233,1704.0,1686.0,1663.0,1664.0,172100.0
2022-09-03,1570.0,1593.0,1548.0,1567.0,1457.397705078125,490100.0,1663.65,1645.96,1493.6,1387.49,28.51711026615969,1553.56,19.02666666666664,12.430000000000064,0.1702763256161314,1704.0,1593.0,1567.0,1570.0,490100.0
2022-09-04,1570.0,1593.0,1548.0,1567.0,1457.397705078125,490100.0,1660.05,1646.52,1496.4133333333334,1389.62,28.51711026615969,1557.42,17.773333333333312,11.899999999999864,0.1404657933042212,1704.0,1593.0,1567.0,1570.0,490100.0
2022-09-05,1548.0,1549.0,1497.0,1519.0,1412.7550048828125,336500.0,1651.5,1645.16,1498.7066666666667,1391.78,17.77003484320558,1560.32,15.49333333333334,11.394999999999982,0.0951694304253785,1704.0,1593.0,1567.0,1570.0,490100.0
2022-09-06,1559.0,1603.0,1532.0,1539.0,1431.3563232421875,342900.0,1644.15,1643.12,1500.9333333333334,1394.12,27.413127413127413,1563.62,13.38666666666677,11.159999999999854,0.1016463851109521,1704.0,1549.0,1519.0,1548.0,336500.0
2022-09-07,1531.0,1531.0,1463.0,1492.0,1387.6435546875,250400.0,1633.8,1639.2,1502.04,1396.225,23.35526315789474,1566.08,11.440000000000056,10.884999999999993,0.0680028632784537,1704.0,1603.0,1539.0,1559.0,342900.0
2022-09-08,1521.0,1549.0,1519.0,1548.0,1439.726806640625,187900.0,1627.2,1637.52,1503.8933333333334,1398.61,31.06508875739645,1568.56,10.29333333333352,11.11999999999989,0.1080887616320687,1704.0,1531.0,1492.0,1531.0,250400.0
2022-09-09,1529.0,1559.0,1523.0,1532.0,1424.845947265625,173400.0,1619.8,1633.24,1505.5333333333333,1401.015,29.914529914529908,1570.22,9.11999999999989,11.39500000000021,0.0811573747353564,1704.0,1549.0,1548.0,1521.0,187900.0
2022-09-10,1529.0,1559.0,1523.0,1532.0,1424.845947265625,173400.0,1612.4,1626.92,1507.44,1403.435,29.914529914529908,1570.88,8.733333333333348,11.654999999999973,0.1239911958914159,1704.0,1559.0,1532.0,1529.0,173400.0
2022-09-11,1529.0,1559.0,1523.0,1532.0,1424.845947265625,173400.0,1603.8,1620.76,1509.6133333333332,1405.855,29.914529914529908,1571.54,8.679999999999836,11.735000000000127,0.1256429096252755,1681.0,1559.0,1532.0,1529.0,173400.0
2022-09-12,1568.0,1579.0,1553.0,1567.0,1457.397705078125,132200.0,1599.35,1615.48,1512.506666666667,1408.52,38.35616438356164,1572.9,10.466666666666695,12.295000000000073,0.1396363636363635,1681.0,1559.0,1532.0,1529.0,173400.0
2022-09-13,1585.0,1619.0,1585.0,1598.0,1486.229736328125,146900.0,1596.55,1612.2,1515.96,1411.28,38.85869565217391,1574.92,12.066666666666606,12.670000000000073,0.1630276564774382,1681.0,1579.0,1567.0,1568.0,132200.0
2022-09-14,1536.0,1615.0,1536.0,1582.0,1471.3486328125,206400.0,1591.85,1608.28,1519.04,1413.96,37.07571801566579,1577.26,13.50666666666666,12.944999999999936,0.1513828238719068,1681.0,1619.0,1598.0,1585.0,146900.0
2022-09-15,1574.0,1623.0,1566.0,1590.0,1478.7889404296875,140100.0,1587.7,1604.68,1522.2266666666667,1416.68,40.21447721179624,1579.54,14.786666666666632,13.245000000000118,0.1572052401746724,1681.0,1615.0,1582.0,1536.0,206400.0
2022-09-16,1563.0,1584.0,1555.0,1562.0,1452.74755859375,145100.0,1582.15,1599.0,1525.04,1419.2,49.18032786885246,1580.9,15.426666666666732,13.345000000000027,0.1368267831149927,1681.0,1623.0,1590.0,1574.0,140100.0
2022-09-17,1563.0,1584.0,1555.0,1562.0,1452.74755859375,145100.0,1576.6,1595.24,1527.746666666667,1421.71,49.18032786885246,1581.68,15.240000000000007,13.190000000000056,0.1409788166544923,1681.0,1584.0,1562.0,1563.0,145100.0
2022-09-18,1563.0,1584.0,1555.0,1562.0,1452.74755859375,145100.0,1572.1,1591.56,1530.72,1424.4,49.18032786885246,1582.46,14.759999999999993,13.120000000000118,0.0969101123595506,1681.0,1584.0,1562.0,1563.0,145100.0
2022-09-19,1563.0,1584.0,1555.0,1562.0,1452.74755859375,145100.0,1566.2,1587.0,1533.2266666666667,1427.155,58.36575875486381,1583.24,14.186666666666724,13.194999999999936,0.0779848171152519,1681.0,1584.0,1562.0,1563.0,145100.0
2022-09-20,1558.0,1586.0,1530.0,1533.0,1425.7760009765625,218500.0,1558.8,1581.4,1535.1733333333334,1429.775,48.87218045112783,1581.7,12.946666666666715,13.095000000000027,0.0226817878585723,1663.0,1584.0,1562.0,1563.0,145100.0
2022-09-21,1543.0,1561.0,1534.0,1544.0,1436.006591796875,159500.0,1552.85,1576.24,1537.1333333333334,1432.45,61.30434782608696,1584.1,12.093333333333476,13.25,0.0300200133422281,1598.0,1586.0,1533.0,1558.0,218500.0
2022-09-22,1520.0,1520.0,1481.0,1495.0,1390.4337158203125,294400.0,1549.25,1569.12,1538.44,1434.88,38.116591928251125,1586.58,10.693333333333385,13.170000000000073,-0.0026684456304202,1598.0,1561.0,1544.0,1543.0,159500.0
2022-09-23,1520.0,1520.0,1481.0,1495.0,1390.4337158203125,294400.0,1545.65,1562.84,1539.746666666667,1437.465,41.06280193236715,1588.36,9.026666666666642,13.064999999999827,-0.0013360053440213,1598.0,1520.0,1495.0,1520.0,294400.0
2022-09-24,1520.0,1520.0,1481.0,1495.0,1390.4337158203125,294400.0,1542.05,1555.44,1540.7866666666666,1440.015,41.06280193236715,1589.1,7.559999999999945,12.860000000000127,0.0204778156996587,1598.0,1520.0,1495.0,1520.0,294400.0
2022-09-25,1520.0,1520.0,1481.0,1495.0,1390.4337158203125,294400.0,1540.85,1548.0,1542.5466666666666,1442.625,41.06280193236715,1589.84,7.373333333333221,12.849999999999907,0.0128726287262872,1598.0,1520.0,1495.0,1520.0,294400.0
2022-09-26,1454.0,1480.0,1442.0,1452.0,1350.44140625,239500.0,1536.5,1539.56,1543.76,1444.87,23.25581395348837,1589.72,6.626666666666552,12.419999999999844,-0.0281124497991968,1598.0,1520.0,1495.0,1520.0,294400.0
2022-09-27,1460.0,1482.0,1457.0,1459.0,1356.951904296875,196600.0,1534.85,1535.24,1544.88,1447.23,13.612565445026178,1589.94,6.440000000000055,12.349999999999907,-0.0420223243598161,1598.0,1480.0,1452.0,1454.0,239500.0
2022-09-28,1459.0,1489.0,1454.0,1480.0,1376.48291015625,171100.0,1531.45,1531.76,1546.2933333333333,1449.695,23.9795918367347,1588.86,6.546666666666624,12.230000000000018,-0.0282337491792514,1598.0,1482.0,1459.0,1460.0,196600.0
2022-09-29,1495.0,1495.0,1455.0,1476.0,1383.74853515625,177400.0,1528.65,1528.12,1547.6533333333334,1452.14,20.3125,1587.32,6.866666666666788,12.125,-0.03086014445174,1598.0,1489.0,1480.0,1459.0,171100.0
2022-09-30,1477.0,1484.0,1443.0,1451.0,1360.31103515625,178500.0,1524.6,1525.4,1548.68,1454.515,20.63492063492064,1585.28,6.133333333333439,11.8900000000001,-0.0987577639751552,1598.0,1495.0,1476.0,1495.0,177400.0
2022-10-01,1477.0,1484.0,1443.0,1451.0,1360.31103515625,178500.0,1520.55,1521.88,1549.7066666666667,1456.82,20.63492063492064,1582.5,5.946666666666715,11.950000000000044,0.0189606741573034,1598.0,1484.0,1451.0,1477.0,178500.0
2022-10-02,1477.0,1484.0,1443.0,1451.0,1360.31103515625,178500.0,1514.75,1520.24,1550.8,1459.11,20.63492063492064,1579.72,5.919999999999845,11.879999999999882,0.0583515681983952,1598.0,1484.0,1451.0,1477.0,178500.0
2022-10-03,1459.0,1499.0,1442.0,1498.0,1404.37353515625,161100.0,1509.75,1518.24,1551.7866666666666,1461.465,36.44067796610169,1577.88,5.493333333333339,11.769999999999982,0.065433854907539,1590.0,1484.0,1451.0,1477.0,178500.0
2022-10-04,1510.0,1517.0,1483.0,1511.0,1416.56103515625,206900.0,1506.2,1517.4,1552.6133333333332,1463.8,45.00000000000001,1575.32,4.959999999999809,11.659999999999854,0.0363511659807955,1590.0,1499.0,1498.0,1459.0,161100.0
2022-10-05,1517.0,1517.0,1487.0,1490.0,1396.8734130859375,233600.0,1501.2,1515.72,1552.493333333333,1466.03,38.26086956521739,1571.32,3.813333333333276,11.514999999999873,0.0219478737997256,1562.0,1517.0,1511.0,1510.0,206900.0
2022-10-06,1496.0,1514.0,1488.0,1508.0,1413.74853515625,249800.0,1498.5,1514.76,1552.6133333333332,1468.35,53.266331658291456,1567.76,2.906666666666524,11.529999999999973,0.0342935528120713,1562.0,1517.0,1490.0,1517.0,233600.0
2022-10-07,1486.0,1500.0,1471.0,1485.0,1392.1859130859375,199300.0,1494.65,1511.48,1552.4266666666667,1470.555,47.74774774774775,1563.48,1.6266666666667788,11.445000000000164,0.0255524861878453,1562.0,1514.0,1508.0,1496.0,249800.0
2022-10-08,1486.0,1500.0,1471.0,1485.0,1392.1859130859375,199300.0,1490.8,1506.96,1552.2666666666669,1472.865,47.74774774774775,1559.58,0.4800000000000182,11.400000000000093,-0.0319426336375489,1562.0,1500.0,1485.0,1486.0,199300.0
2022-10-09,1486.0,1500.0,1471.0,1485.0,1392.1859130859375,199300.0,1486.95,1503.08,1552.5333333333333,1475.01,47.74774774774775,1555.68,-0.0799999999999272,11.210000000000036,-0.043786220218931,1544.0,1500.0,1485.0,1486.0,199300.0
2022-10-10,1486.0,1500.0,1471.0,1485.0,1392.1859130859375,199300.0,1484.55,1498.88,1552.6533333333334,1477.075,59.21787709497206,1551.78,0.1600000000000818,11.045000000000073,-0.043786220218931,1544.0,1500.0,1485.0,1486.0,199300.0
2022-10-11,1485.0,1503.0,1462.0,1468.0,1376.24853515625,252700.0,1480.75,1495.12,1552.3066666666666,1478.87,52.38095238095237,1547.06,-0.3066666666666151,10.519999999999982,-0.0767295597484276,1511.0,1500.0,1485.0,1486.0,199300.0
2022-10-12,1464.0,1464.0,1434.0,1461.0,1369.68603515625,242900.0,1479.05,1491.08,1551.48,1480.63,44.57142857142856,1543.16,-0.9466666666667152,10.075000000000044,-0.0811320754716981,1511.0,1503.0,1468.0,1485.0,252700.0
2022-10-13,1470.0,1479.0,1439.0,1453.0,1362.1861572265625,182900.0,1476.95,1486.72,1550.5466666666666,1482.35,43.57541899441341,1539.14,-1.7200000000000273,9.4849999999999,-0.0861635220125786,1511.0,1464.0,1461.0,1464.0,242900.0
2022-10-14,1479.0,1492.0,1476.0,1480.0,1387.49853515625,163100.0,1476.2,1483.44,1549.9733333333334,1484.31,58.01104972375691,1535.22,-2.559999999999945,9.299999999999956,-0.0970103721781574,1511.0,1479.0,1453.0,1470.0,182900.0
2022-10-15,1479.0,1492.0,1476.0,1480.0,1387.49853515625,163100.0,1475.45,1481.32,1548.24,1486.1,58.01104972375691,1531.36,-4.413333333333412,9.024999999999864,-0.1242603550295857,1511.0,1492.0,1480.0,1479.0,163100.0
2022-10-16,1479.0,1492.0,1476.0,1480.0,1387.49853515625,163100.0,1476.85,1478.76,1548.986666666667,1487.8,58.01104972375691,1527.5,-3.3199999999999363,8.930000000000064,-0.1221826809015421,1511.0,1492.0,1480.0,1479.0,163100.0
2022-10-17,1465.0,1488.0,1449.0,1481.0,1388.43603515625,217700.0,1477.95,1478.2,1550.4533333333334,1489.59,43.7037037037037,1523.66,-1.0266666666666424,8.959999999999809,-0.1283107710417893,1511.0,1492.0,1480.0,1479.0,163100.0
2022-10-18,1495.0,1507.0,1449.0,1476.0,1383.74853515625,261500.0,1477.75,1477.44,1551.3866666666668,1491.22,36.22047244094488,1520.14,0.8400000000001455,8.870000000000118,-0.1214285714285714,1511.0,1488.0,1481.0,1465.0,217700.0
2022-10-19,1472.0,1486.0,1462.0,1476.0,1383.74853515625,178500.0,1477.75,1476.68,1551.6266666666668,1492.85,43.39622641509434,1516.06,1.6533333333334213,8.539999999999964,-0.1214285714285714,1511.0,1507.0,1476.0,1495.0,261500.0
2022-10-20,1462.0,1483.0,1461.0,1480.0,1387.49853515625,200300.0,1479.2,1476.08,1551.92,1494.5,34.78260869565217,1512.04,3.680000000000064,8.400000000000091,-0.119047619047619,1511.0,1486.0,1476.0,1472.0,178500.0
2022-10-21,1464.0,1474.0,1441.0,1441.0,1350.936279296875,270700.0,1478.7,1475.64,1551.6933333333334,1495.765,29.62962962962964,1507.6,2.706666666666706,7.9650000000001455,-0.1543427230046948,1511.0,1483.0,1480.0,1462.0,200300.0
2022-10-22,1464.0,1474.0,1441.0,1441.0,1350.936279296875,270700.0,1478.2,1474.92,1551.6,1496.915,29.62962962962964,1505.08,1.1466666666665333,7.325000000000045,-0.1298309178743961,1511.0,1474.0,1441.0,1464.0,270700.0
2022-10-23,1464.0,1474.0,1441.0,1441.0,1350.936279296875,270700.0,1475.35,1473.36,1550.36,1497.685,29.62962962962964,1502.56,-1.0266666666668698,6.464999999999918,-0.1287787182587666,1511.0,1474.0,1441.0,1464.0,270700.0
2022-10-24,1460.0,1460.0,1438.0,1445.0,1354.6861572265625,170500.0,1472.05,1472.12,1548.92,1498.58,32.14285714285715,1500.12,-2.706666666666706,5.730000000000018,-0.1378281622911694,1508.0,1474.0,1441.0,1464.0,270700.0
2022-10-25,1441.0,1441.0,1394.0,1396.0,1308.748779296875,290700.0,1467.35,1469.92,1546.8266666666666,1499.12,25.00000000000001,1497.66,-5.093333333333476,4.619999999999891,-0.1655708308427973,1508.0,1460.0,1445.0,1460.0,170500.0
2022-10-26,1420.0,1463.0,1409.0,1425.0,1335.9361572265625,598100.0,1463.2,1468.88,1544.6266666666668,1499.805,39.1566265060241,1495.38,-7.066666666666606,4.039999999999964,-0.1482367005379558,1485.0,1441.0,1396.0,1441.0,290700.0
2022-10-27,1418.0,1441.0,1406.0,1419.0,1330.3111572265625,261500.0,1459.9,1467.6,1542.3466666666666,1500.46,39.63414634146341,1493.92,-9.25333333333333,3.5450000000000728,-0.1518230723251643,1485.0,1463.0,1425.0,1420.0,598100.0
2022-10-28,1410.0,1443.0,1389.0,1417.0,1328.436279296875,1315500.0,1456.5,1464.36,1540.04,1501.11,27.33812949640287,1491.3,-10.319999999999936,3.4249999999999545,-0.1422518159806295,1485.0,1441.0,1419.0,1418.0,261500.0
2022-10-29,1410.0,1443.0,1389.0,1417.0,1328.436279296875,1315500.0,1453.1,1460.6,1537.08,1501.615,27.33812949640287,1489.0,-11.840000000000146,3.035000000000082,-0.156547619047619,1485.0,1443.0,1417.0,1410.0,1315500.0
2022-10-30,1410.0,1443.0,1389.0,1417.0,1328.436279296875,1315500.0,1449.7,1457.68,1533.44,1501.84,27.33812949640287,1486.7,-13.386666666666542,2.720000000000028,-0.1570493753718025,1481.0,1443.0,1417.0,1410.0,1315500.0
2022-10-31,1438.0,1438.0,1377.0,1415.0,1326.5611572265625,277000.0,1447.05,1453.96,1529.8266666666666,1501.95,26.42857142857143,1484.36,-14.800000000000182,2.144999999999982,-0.1491280817799157,1481.0,1443.0,1417.0,1410.0,1315500.0
2022-11-01,1505.0,1548.0,1491.0,1527.0,1431.5611572265625,485900.0,1450.35,1455.64,1527.5333333333333,1503.01,60.32388663967611,1483.56,-14.813333333333276,2.5499999999999545,-0.0255264837268666,1527.0,1438.0,1415.0,1438.0,277000.0
2022-11-02,1528.0,1585.0,1506.0,1565.0,1467.18603515625,513900.0,1455.95,1458.84,1526.0,1504.26,65.6140350877193,1482.9,-14.039999999999964,3.150000000000091,-0.0012763241863433,1565.0,1548.0,1527.0,1505.0,485900.0
2022-11-03,1528.0,1585.0,1506.0,1565.0,1467.18603515625,513900.0,1460.2,1462.04,1524.4666666666667,1505.51,65.12455516014235,1482.56,-12.61333333333323,3.894999999999982,-0.0012763241863433,1565.0,1585.0,1565.0,1528.0,513900.0
2022-11-04,1539.0,1544.0,1509.0,1513.0,1418.43603515625,277200.0,1461.85,1463.16,1522.24,1506.46,62.24489795918367,1481.02,-11.200000000000044,4.620000000000118,-0.0039499670836076,1565.0,1585.0,1565.0,1528.0,513900.0
2022-11-05,1539.0,1544.0,1509.0,1513.0,1418.43603515625,277200.0,1463.5,1464.96,1519.6933333333334,1507.095,62.24489795918367,1480.04,-10.133333333333212,5.144999999999982,-0.0168940870695256,1565.0,1544.0,1513.0,1539.0,277200.0
2022-11-06,1539.0,1544.0,1509.0,1513.0,1418.43603515625,277200.0,1465.1,1467.04,1517.7866666666666,1507.68,62.24489795918367,1479.06,-9.74666666666667,4.670000000000073,0.0140750670241287,1565.0,1544.0,1513.0,1539.0,277200.0
2022-11-07,1519.0,1519.0,1466.0,1469.0,1377.18603515625,131600.0,1464.75,1467.68,1515.32,1507.98,53.5928143712575,1477.2,-10.680000000000064,3.7200000000000273,-0.0510335917312662,1565.0,1544.0,1513.0,1539.0,277200.0
2022-11-08,1472.0,1512.0,1472.0,1512.0,1417.49853515625,143400.0,1466.55,1468.96,1513.1333333333334,1508.39,67.6829268292683,1476.2,-11.333333333333258,2.880000000000109,-0.0130548302872062,1565.0,1519.0,1469.0,1519.0,131600.0
2022-11-09,1517.0,1544.0,1516.0,1532.0,1436.2486572265625,159800.0,1469.15,1471.04,1511.253333333333,1508.9,66.77115987460814,1476.18,-10.98666666666668,2.4400000000000546,0.0,1565.0,1512.0,1512.0,1472.0,143400.0
2022-11-10,1517.0,1519.0,1481.0,1484.0,1391.24853515625,139800.0,1471.3,1471.2,1508.7333333333331,1509.17,59.0027700831025,1474.98,-10.960000000000036,2.075000000000045,-0.031331592689295,1565.0,1544.0,1532.0,1517.0,159800.0
2022-11-11,1520.0,1548.0,1512.0,1530.0,1434.37353515625,208100.0,1475.75,1473.16,1506.8266666666666,1509.68,63.95061728395062,1475.68,-10.960000000000036,2.0,-0.0236119974473516,1565.0,1519.0,1484.0,1517.0,139800.0
2022-11-12,1520.0,1548.0,1512.0,1530.0,1434.37353515625,208100.0,1480.2,1475.32,1505.2,1509.975,63.95061728395062,1476.38,-10.11999999999989,1.9949999999998909,-0.0425531914893616,1565.0,1548.0,1530.0,1520.0,208100.0
2022-11-13,1520.0,1548.0,1512.0,1530.0,1434.37353515625,208100.0,1484.45,1477.48,1503.2,1510.125,63.95061728395062,1477.08,-9.933333333333394,1.7349999999999,-0.0328697850821744,1565.0,1548.0,1530.0,1520.0,208100.0
2022-11-14,1520.0,1542.0,1507.0,1509.0,1414.68603515625,117100.0,1490.1,1478.64,1500.9066666666668,1510.065,61.08490566037735,1477.36,-10.34666666666658,1.1649999999999636,-0.050943396226415,1565.0,1548.0,1530.0,1520.0,208100.0
2022-11-15,1503.0,1530.0,1480.0,1522.0,1426.87353515625,191700.0,1494.95,1481.88,1499.0266666666666,1510.07,49.23076923076923,1478.76,-9.706666666666706,0.8999999999998636,-0.0256081946222791,1565.0,1542.0,1509.0,1520.0,117100.0
2022-11-16,1522.0,1530.0,1505.0,1515.0,1420.31103515625,104500.0,1499.75,1484.84,1498.3333333333333,1510.04,41.49659863945578,1479.88,-8.49333333333334,0.3599999999998999,-0.0300896286811779,1565.0,1530.0,1522.0,1503.0,191700.0
2022-11-17,1518.0,1518.0,1489.0,1495.0,1401.56103515625,117400.0,1503.65,1487.0,1497.3733333333332,1509.91,38.85350318471337,1480.18,-7.826666666666824,-0.0649999999998272,-0.0428937259923175,1565.0,1530.0,1515.0,1522.0,104500.0
2022-11-18,1504.0,1525.0,1488.0,1510.0,1415.62353515625,94500.0,1508.3,1489.6,1496.6133333333332,1509.955,49.45848375451264,1480.86,-6.586666666666815,-0.1700000000000727,-0.0332906530089628,1565.0,1518.0,1495.0,1518.0,117400.0
2022-11-19,1504.0,1525.0,1488.0,1510.0,1415.62353515625,94500.0,1512.95,1494.16,1496.493333333333,1510.0,49.45848375451264,1482.04,-4.413333333333412,-0.0650000000000545,-0.015003261578604,1565.0,1525.0,1510.0,1504.0,94500.0
2022-11-20,1504.0,1525.0,1488.0,1510.0,1415.62353515625,94500.0,1517.7,1497.56,1496.1066666666666,1510.045,49.45848375451264,1483.22,-2.9200000000000728,-0.0249999999998635,-0.022020725388601,1565.0,1525.0,1510.0,1504.0,94500.0
2022-11-21,1516.0,1519.0,1475.0,1481.0,1388.43603515625,126500.0,1515.4,1500.04,1495.96,1509.945,52.29007633587786,1483.82,-2.373333333333221,-0.0950000000000272,-0.0093645484949832,1565.0,1525.0,1510.0,1504.0,94500.0
2022-11-22,1484.0,1509.0,1478.0,1500.0,1406.24853515625,98200.0,1512.15,1503.36,1495.32,1509.77,47.47899159663865,1483.86,-2.053333333333285,-0.1400000000001,0.0033444816053511,1565.0,1519.0,1481.0,1516.0,126500.0
2022-11-23,1484.0,1509.0,1478.0,1500.0,1406.24853515625,98200.0,1508.9,1506.68,1494.8933333333334,1509.595,42.6605504587156,1483.64,-1.7199999999998,-0.3599999999998999,0.0033444816053511,1532.0,1509.0,1500.0,1484.0,98200.0
2022-11-24,1525.0,1557.0,1525.0,1529.0,1433.4359130859375,139500.0,1509.7,1511.16,1494.8533333333332,1509.565,61.30653266331658,1484.42,-1.6400000000001,-0.4349999999999454,0.022742474916388,1532.0,1509.0,1500.0,1484.0,98200.0
2022-11-25,1529.0,1546.0,1507.0,1515.0,1420.31103515625,56500.0,1509.8,1515.16,1494.6266666666668,1509.635,45.50898203592815,1484.56,-1.4799999999997908,-0.4100000000000818,0.0433884297520661,1532.0,1557.0,1529.0,1525.0,139500.0
2022-11-26,1529.0,1546.0,1507.0,1515.0,1420.31103515625,56500.0,1509.9,1514.68,1493.9333333333334,1509.715,45.50898203592815,1485.16,-2.0266666666666424,-0.2300000000000182,0.0383824537354351,1532.0,1546.0,1515.0,1529.0,56500.0
2022-11-27,1529.0,1546.0,1507.0,1515.0,1420.31103515625,56500.0,1512.2,1512.68,1492.8266666666666,1508.84,45.50898203592815,1485.76,-2.4933333333333394,-0.9300000000000636,0.0236486486486486,1532.0,1546.0,1515.0,1529.0,56500.0
2022-11-28,1510.0,1514.0,1492.0,1495.0,1401.56103515625,119200.0,1511.35,1509.88,1491.6666666666667,1508.015,45.78313253012048,1485.96,-3.226666666666688,-1.5799999999999272,0.0128726287262872,1532.0,1546.0,1515.0,1529.0,56500.0
2022-11-29,1495.0,1495.0,1461.0,1474.0,1381.87353515625,147400.0,1508.45,1508.32,1490.12,1507.16,36.206896551724135,1485.74,-4.7333333333333485,-2.4049999999999727,0.0158511371467953,1530.0,1514.0,1495.0,1510.0,119200.0
2022-11-30,1469.0,1469.0,1441.0,1460.0,1368.7486572265625,124000.0,1507.25,1506.2,1488.76,1506.235,34.80662983425414,1485.58,-5.866666666666788,-3.400000000000091,0.0062026188835286,1530.0,1495.0,1474.0,1495.0,147400.0
2022-12-01,1469.0,1476.0,1430.0,1447.0,1356.5611572265625,178000.0,1503.1,1503.56,1487.2266666666667,1505.245,36.206896551724135,1485.3,-6.706666666666706,-4.470000000000027,-0.0027567195037905,1530.0,1469.0,1460.0,1469.0,124000.0
2022-12-02,1434.0,1452.0,1404.0,1410.0,1321.8736572265625,197200.0,1497.1,1501.2,1485.2,1503.855,24.48979591836735,1484.44,-7.626666666666551,-4.9849999999999,-0.0587449933244326,1530.0,1476.0,1447.0,1469.0,178000.0
2022-12-03,1434.0,1452.0,1404.0,1410.0,1321.8736572265625,197200.0,1491.1,1497.12,1483.1733333333334,1502.225,24.48979591836735,1483.04,-8.49333333333334,-5.790000000000191,-0.0668431502316346,1529.0,1452.0,1410.0,1434.0,197200.0
2022-12-04,1434.0,1452.0,1404.0,1410.0,1321.8736572265625,197200.0,1486.15,1492.24,1481.5333333333333,1500.815,24.48979591836735,1481.64,-8.586666666666588,-6.345000000000027,-0.0536912751677852,1529.0,1452.0,1410.0,1434.0,197200.0
2022-12-05,1409.0,1442.0,1403.0,1419.0,1330.3111572265625,183600.0,1481.0,1489.64,1479.8666666666666,1499.49,32.38636363636364,1480.42,-8.89333333333343,-6.744999999999891,-0.0590185676392572,1529.0,1452.0,1410.0,1434.0,197200.0
2022-12-06,1405.0,1421.0,1401.0,1411.0,1322.811279296875,149600.0,1475.8,1484.88,1478.746666666667,1498.415,23.03030303030303,1479.02,-8.480000000000018,-6.829999999999927,-0.0498316498316497,1529.0,1442.0,1419.0,1409.0,183600.0
2022-12-07,1411.0,1432.0,1405.0,1428.0,1338.7486572265625,238100.0,1472.45,1480.8,1477.8533333333332,1497.425,30.21978021978022,1478.06,-7.346666666666806,-6.430000000000064,-0.0383838383838384,1529.0,1421.0,1411.0,1405.0,149600.0
2022-12-08,1435.0,1506.0,1435.0,1497.0,1403.4361572265625,415700.0,1471.8,1479.48,1477.88,1496.78,42.7927927927928,1478.48,-5.293333333333294,-5.444999999999936,0.0080808080808081,1529.0,1432.0,1428.0,1411.0,238100.0
2022-12-09,1513.0,1521.0,1502.0,1506.0,1411.8736572265625,153100.0,1471.6,1479.36,1478.0266666666666,1495.84,47.92626728110599,1479.0,-3.5066666666666606,-4.975000000000136,0.0141414141414142,1529.0,1506.0,1497.0,1435.0,415700.0
2022-12-10,1513.0,1521.0,1502.0,1506.0,1411.8736572265625,153100.0,1471.4,1478.72,1478.746666666667,1495.275,47.92626728110599,1480.3,-1.1199999999998909,-4.214999999999918,0.0258855585831063,1529.0,1521.0,1506.0,1513.0,153100.0
2022-12-11,1513.0,1521.0,1502.0,1506.0,1411.8736572265625,153100.0,1472.65,1478.36,1479.3733333333332,1494.86,47.92626728110599,1481.6,0.6266666666665515,-3.555000000000064,0.0308008213552362,1529.0,1521.0,1506.0,1513.0,153100.0
2022-12-12,1501.0,1530.0,1501.0,1509.0,1414.68603515625,190800.0,1473.1,1478.92,1479.76,1494.465,53.5,1482.96,1.906666666666752,-2.9600000000000364,0.0385409497591191,1529.0,1521.0,1506.0,1513.0,153100.0
2022-12-13,1530.0,1565.0,1526.0,1543.0,1446.56103515625,222600.0,1475.25,1480.24,1480.6533333333334,1494.33,66.19718309859155,1484.92,2.773333333333312,-2.450000000000045,0.0425675675675676,1543.0,1530.0,1509.0,1501.0,190800.0
2022-12-14,1543.0,1552.0,1518.0,1550.0,1453.12353515625,162200.0,1476.3,1481.84,1481.9733333333334,1494.23,71.84466019417475,1488.0,3.946666666666715,-1.6099999999999,0.0472972972972973,1550.0,1565.0,1543.0,1530.0,222600.0
2022-12-15,1559.0,1585.0,1558.0,1578.0,1479.3734130859375,211600.0,1479.45,1484.56,1483.6666666666667,1494.27,79.63800904977376,1491.06,4.920000000000073,-1.0050000000001091,0.0662162162162163,1578.0,1552.0,1550.0,1543.0,162200.0
2022-12-16,1564.0,1569.0,1550.0,1561.0,1463.43603515625,235300.0,1481.75,1487.76,1485.1333333333334,1494.2,87.56218905472636,1493.9,5.760000000000218,-0.6599999999998545,0.0540175557056044,1578.0,1585.0,1578.0,1559.0,211600.0
2022-12-17,1564.0,1569.0,1550.0,1561.0,1463.43603515625,235300.0,1484.05,1490.2,1485.9733333333334,1494.065,87.56218905472636,1496.78,6.213333333333367,-0.3999999999998636,0.0575880758807587,1578.0,1569.0,1561.0,1564.0,235300.0
2022-12-18,1564.0,1569.0,1550.0,1561.0,1463.43603515625,235300.0,1487.35,1492.64,1486.64,1493.78,87.56218905472636,1499.66,5.986666666666679,-0.5499999999999545,0.0575880758807587,1578.0,1569.0,1561.0,1564.0,235300.0
2022-12-19,1560.0,1566.0,1531.0,1553.0,1455.93603515625,117600.0,1491.3,1493.6,1487.48,1493.635,83.5,1502.38,5.506666666666661,-0.5950000000000273,0.0493243243243244,1578.0,1569.0,1561.0,1564.0,235300.0
2022-12-20,1553.0,1573.0,1501.0,1517.0,1422.1861572265625,206300.0,1494.15,1493.68,1487.6,1493.46,73.24561403508773,1504.42,3.933333333333167,-0.8099999999999454,0.0527411519777931,1578.0,1566.0,1553.0,1560.0,117600.0
2022-12-21,1518.0,1560.0,1506.0,1530.0,1434.37353515625,202700.0,1498.3,1494.28,1488.2,1493.35,72.76785714285714,1504.48,3.066666666666606,-0.8500000000001364,0.0617626648160998,1578.0,1573.0,1517.0,1553.0,206300.0
2022-12-22,1539.0,1565.0,1530.0,1561.0,1463.43603515625,141600.0,1505.85,1496.12,1489.2133333333334,1493.395,67.20430107526883,1504.4,3.240000000000009,-0.6700000000000728,0.0832755031228313,1578.0,1560.0,1530.0,1518.0,202700.0
2022-12-23,1561.0,1590.0,1558.0,1587.0,1487.81103515625,191600.0,1514.7,1499.8,1490.5733333333333,1493.515,69.95073891625616,1504.84,3.933333333333167,-0.2649999999998726,0.0982698961937715,1587.0,1565.0,1561.0,1539.0,141600.0
2022-12-24,1561.0,1590.0,1558.0,1587.0,1487.81103515625,191600.0,1523.55,1504.32,1491.9333333333334,1493.745,69.95073891625616,1506.32,4.453333333333376,0.1099999999998999,0.1368194842406875,1587.0,1590.0,1587.0,1561.0,191600.0
2022-12-25,1561.0,1590.0,1558.0,1587.0,1487.81103515625,191600.0,1531.95,1509.4,1493.52,1493.825,69.95073891625616,1507.8,5.920000000000073,0.3650000000000091,0.1136842105263158,1587.0,1590.0,1587.0,1561.0,191600.0
2022-12-26,1591.0,1599.0,1533.0,1534.0,1438.12353515625,117600.0,1538.1,1512.88,1494.493333333333,1493.61,54.940711462450594,1508.22,6.293333333333294,0.2599999999999909,0.0810429880197323,1587.0,1590.0,1587.0,1561.0,191600.0
2022-12-27,1553.0,1589.0,1549.0,1567.0,1469.060791015625,124400.0,1545.05,1519.16,1496.013333333333,1493.88,54.761904761904766,1510.18,6.7999999999999545,0.4850000000001273,0.1058574453069864,1587.0,1599.0,1534.0,1591.0,117600.0
2022-12-28,1553.0,1587.0,1538.0,1583.0,1484.06103515625,210100.0,1549.35,1526.08,1497.3866666666668,1494.23,56.321839080459775,1511.6,6.813333333333503,0.7149999999999181,0.1171489061397317,1587.0,1589.0,1567.0,1553.0,124400.0
2022-12-29,1580.0,1587.0,1541.0,1547.0,1450.3109130859375,107900.0,1551.4,1531.56,1498.28,1494.4,44.23791821561338,1511.9,6.346666666666579,0.6550000000002001,0.0917431192660549,1587.0,1587.0,1583.0,1553.0,210100.0
2022-12-30,1558.0,1590.0,1551.0,1575.0,1476.56103515625,127300.0,1554.85,1537.8,1499.5466666666666,1494.865,52.50000000000001,1513.72,6.026666666666642,1.0399999999999636,0.1130742049469963,1587.0,1587.0,1547.0,1580.0,107900.0
2022-12-31,1558.0,1590.0,1551.0,1575.0,1476.56103515625,127300.0,1558.3,1544.36,1500.8,1495.5,52.50000000000001,1514.62,6.306666666666615,1.8900000000001,0.031434184675835,1587.0,1590.0,1575.0,1558.0,127300.0
2023-01-01,1558.0,1590.0,1551.0,1575.0,1476.56103515625,127300.0,1561.6,1550.24,1502.12,1496.295,52.50000000000001,1515.52,6.10666666666657,2.414999999999964,0.0063897763578275,1587.0,1590.0,1575.0,1558.0,127300.0
2023-01-02,1558.0,1590.0,1551.0,1575.0,1476.56103515625,127300.0,1563.2,1553.36,1503.44,1497.295,54.044117647058826,1516.42,6.053333333333285,3.0650000000000546,0.0063897763578275,1587.0,1590.0,1575.0,1558.0,127300.0
2023-01-03,1558.0,1590.0,1551.0,1575.0,1476.56103515625,127300.0,1564.45,1556.12,1504.7066666666667,1498.48,62.288135593220346,1517.74,6.426666666666733,4.079999999999927,0.0409781890284204,1587.0,1590.0,1575.0,1558.0,127300.0
2023-01-04,1594.0,1594.0,1540.0,1547.0,1450.3109130859375,246800.0,1562.9,1557.76,1506.12,1499.525,53.38645418326693,1518.24,6.573333333333267,4.660000000000082,0.0224719101123596,1587.0,1590.0,1575.0,1558.0,127300.0
2023-01-05,1547.0,1572.0,1545.0,1572.0,1473.74853515625,117200.0,1563.45,1560.4,1507.8666666666666,1500.695,52.24489795918367,1519.38,7.066666666666606,5.194999999999936,0.038995373430271,1587.0,1594.0,1547.0,1594.0,246800.0
2023-01-06,1562.0,1564.0,1539.0,1558.0,1460.6234130859375,130100.0,1563.3,1562.36,1509.4266666666667,1501.775,43.776824034334766,1520.64,7.306666666666842,5.480000000000018,0.0605854322668482,1587.0,1572.0,1572.0,1547.0,117200.0
2023-01-07,1562.0,1564.0,1539.0,1558.0,1460.6234130859375,130100.0,1563.15,1562.96,1510.9333333333334,1502.785,43.776824034334766,1521.6,7.493333333333339,5.490000000000009,0.0304232804232804,1587.0,1564.0,1558.0,1562.0,130100.0
2023-01-08,1562.0,1564.0,1539.0,1558.0,1460.6234130859375,130100.0,1563.4,1563.28,1513.0933333333332,1503.84,43.776824034334766,1522.56,8.386666666666542,5.3599999999999,0.016971279373368,1587.0,1564.0,1558.0,1562.0,130100.0
2023-01-09,1562.0,1564.0,1539.0,1558.0,1460.6234130859375,130100.0,1565.45,1562.48,1514.8666666666666,1504.77,56.66666666666666,1523.52,8.74666666666667,5.244999999999891,0.0498652291105121,1587.0,1564.0,1558.0,1562.0,130100.0
2023-01-10,1580.0,1609.0,1579.0,1602.0,1501.8734130859375,255300.0,1569.05,1564.12,1517.3066666666666,1505.735,59.16230366492147,1525.94,9.440000000000056,5.039999999999964,0.0470588235294118,1602.0,1564.0,1558.0,1562.0,130100.0
2023-01-11,1611.0,1625.0,1586.0,1588.0,1488.7484130859375,161900.0,1570.4,1565.2,1519.5866666666666,1506.63,51.32275132275132,1527.7,10.159999999999854,4.855000000000018,0.0379084967320262,1602.0,1609.0,1602.0,1580.0,255300.0
2023-01-12,1584.0,1593.0,1565.0,1566.0,1468.1234130859375,108600.0,1569.35,1565.4,1521.5733333333333,1507.415,55.42857142857143,1529.02,10.639999999999873,4.629999999999882,0.0235294117647058,1602.0,1625.0,1588.0,1611.0,161900.0
2023-01-13,1554.0,1582.0,1550.0,1577.0,1478.43603515625,110100.0,1568.85,1566.36,1523.7066666666667,1508.355,50.63291139240506,1529.98,10.613333333333458,4.5150000000001,0.0450629555997348,1602.0,1593.0,1566.0,1584.0,108600.0
2023-01-14,1554.0,1582.0,1550.0,1577.0,1478.43603515625,110100.0,1568.35,1568.76,1525.8666666666666,1509.395,50.63291139240506,1531.22,11.0,4.625,0.0361366622864651,1602.0,1582.0,1577.0,1554.0,110100.0
2023-01-15,1554.0,1582.0,1550.0,1577.0,1478.43603515625,110100.0,1570.5,1570.64,1526.5333333333333,1510.53,50.63291139240506,1532.46,9.226666666666688,4.795000000000073,0.0409240924092408,1602.0,1582.0,1577.0,1554.0,110100.0
2023-01-16,1557.0,1612.0,1557.0,1580.0,1481.24853515625,162300.0,1571.15,1571.4,1526.7333333333331,1511.735,51.55279503105589,1533.76,7.146666666666761,5.104999999999791,0.0568561872909698,1602.0,1582.0,1577.0,1554.0,110100.0
2023-01-17,1588.0,1588.0,1554.0,1562.0,1464.3734130859375,119300.0,1570.1,1570.4,1526.6933333333334,1512.79,46.36871508379889,1535.1,5.120000000000118,5.375,0.0344370860927152,1602.0,1612.0,1580.0,1557.0,162300.0
2023-01-18,1578.0,1608.0,1575.0,1591.0,1491.5609130859375,183200.0,1572.3,1570.56,1527.7333333333331,1513.99,62.22222222222223,1537.44,4.026666666666642,5.634999999999991,0.0536423841059603,1602.0,1588.0,1562.0,1588.0,119300.0
2023-01-19,1599.0,1616.0,1564.0,1570.0,1471.87353515625,234000.0,1572.05,1569.88,1528.493333333333,1515.085,49.43181818181818,1539.64,2.626666666666779,5.690000000000055,0.0397350993377483,1602.0,1608.0,1591.0,1578.0,183200.0
2023-01-20,1572.0,1590.0,1530.0,1586.0,1486.8734130859375,131200.0,1572.6,1571.96,1529.4666666666667,1516.22,57.86516853932584,1542.42,2.933333333333394,5.690000000000055,0.0708980418636056,1602.0,1616.0,1570.0,1599.0,234000.0
2023-01-21,1572.0,1590.0,1530.0,1586.0,1486.8734130859375,131200.0,1573.15,1572.72,1531.0266666666666,1517.455,57.86516853932584,1545.94,4.293333333333294,5.720000000000027,0.0573333333333332,1602.0,1590.0,1586.0,1572.0,131200.0
2023-01-22,1572.0,1590.0,1530.0,1586.0,1486.8734130859375,131200.0,1573.7,1572.84,1532.013333333333,1518.515,57.86516853932584,1549.46,5.319999999999936,5.725000000000136,0.0573333333333332,1602.0,1590.0,1586.0,1572.0,131200.0
2023-01-23,1594.0,1618.0,1583.0,1611.0,1510.3109130859375,128200.0,1575.5,1575.4,1533.0666666666666,1519.635,63.05418719211823,1553.48,5.3333333333332575,5.644999999999982,0.053629823413996,1611.0,1590.0,1586.0,1572.0,131200.0
2023-01-24,1620.0,1653.0,1614.0,1627.0,1525.3109130859375,214400.0,1579.5,1577.48,1534.9733333333334,1520.785,57.142857142857146,1557.64,6.480000000000018,5.7000000000000455,0.0739273927392738,1627.0,1618.0,1611.0,1594.0,128200.0
2023-01-25,1626.0,1652.0,1626.0,1631.0,1529.0609130859375,102200.0,1582.45,1579.72,1536.32,1521.955,63.03030303030303,1562.04,6.853333333333239,5.7349999999999,0.0765676567656765,1631.0,1653.0,1627.0,1620.0,214400.0
2023-01-26,1639.0,1645.0,1608.0,1611.0,1510.3109130859375,113300.0,1585.1,1581.16,1537.4,1523.025,63.803680981595086,1565.7,6.3733333333334485,5.570000000000164,0.0633663366336634,1631.0,1652.0,1631.0,1626.0,102200.0
2023-01-27,1606.0,1624.0,1598.0,1608.0,1507.4984130859375,106700.0,1587.6,1582.48,1538.44,1523.98,60.0,1567.92,6.426666666666733,5.464999999999918,0.0755852842809363,1631.0,1645.0,1611.0,1639.0,113300.0
2023-01-28,1606.0,1624.0,1598.0,1608.0,1507.4984130859375,106700.0,1590.1,1583.8,1539.76,1525.205,60.0,1569.96,6.693333333333385,5.569999999999936,0.0909090909090908,1631.0,1624.0,1608.0,1606.0,106700.0
2023-01-29,1606.0,1624.0,1598.0,1608.0,1507.4984130859375,106700.0,1592.6,1586.24,1540.9066666666668,1526.44,60.0,1572.0,5.933333333333394,5.654999999999973,0.1013698630136985,1631.0,1624.0,1608.0,1606.0,106700.0
2023-01-30,1614.0,1670.0,1614.0,1659.0,1555.3109130859375,221800.0,1595.45,1589.72,1542.8266666666666,1527.86,69.45812807881774,1575.06,6.506666666666661,5.904999999999973,0.14651002073255,1659.0,1624.0,1608.0,1606.0,106700.0
2023-01-31,1650.0,1660.0,1617.0,1634.0,1531.87353515625,221600.0,1597.75,1592.76,1544.68,1529.16,67.14285714285714,1577.56,7.279999999999973,6.134999999999991,0.1588652482269503,1659.0,1670.0,1659.0,1614.0,221800.0
2023-02-01,1684.0,1751.0,1657.0,1666.0,1561.8734130859375,558700.0,1602.75,1597.08,1546.76,1530.62,67.6056338028169,1580.02,8.319999999999936,6.639999999999873,0.1815602836879433,1666.0,1660.0,1634.0,1650.0,221600.0
2023-02-02,1660.0,1692.0,1630.0,1653.0,1549.685791015625,219100.0,1606.55,1600.88,1548.6666666666667,1532.015,70.2439024390244,1582.08,8.906666666666752,6.810000000000173,0.1723404255319149,1666.0,1751.0,1666.0,1684.0,558700.0
2023-02-03,1644.0,1674.0,1644.0,1654.0,1550.623291015625,151900.0,1610.4,1604.72,1550.5866666666666,1533.415,67.89473684210526,1583.6,9.679999999999836,6.974999999999909,0.1656095842142353,1666.0,1692.0,1653.0,1660.0,219100.0
2023-02-04,1644.0,1674.0,1644.0,1654.0,1550.623291015625,151900.0,1614.25,1606.8,1552.8933333333334,1534.84,67.89473684210526,1585.46,10.066666666666832,6.980000000000018,0.1722182849043232,1666.0,1674.0,1654.0,1644.0,151900.0
2023-02-05,1644.0,1674.0,1644.0,1654.0,1550.623291015625,151900.0,1617.95,1609.44,1554.9466666666667,1535.99,67.89473684210526,1587.32,10.266666666666652,6.829999999999927,0.1582633053221289,1666.0,1674.0,1654.0,1644.0,151900.0
2023-02-06,1667.0,1681.0,1647.0,1663.0,1559.060791015625,80700.0,1623.0,1613.32,1557.12,1537.06,64.94252873563218,1589.36,10.3599999999999,6.440000000000055,0.1108884435537742,1666.0,1674.0,1654.0,1644.0,151900.0
2023-02-07,1665.0,1703.0,1665.0,1692.0,1586.248291015625,188900.0,1628.05,1617.92,1559.2933333333333,1538.025,67.37967914438502,1592.14,10.626666666666551,6.009999999999991,0.1235059760956174,1692.0,1681.0,1663.0,1667.0,80700.0
2023-02-08,1685.0,1697.0,1665.0,1672.0,1567.4984130859375,124100.0,1633.15,1621.72,1561.3866666666668,1538.89,60.09852216748768,1595.24,10.800000000000182,5.475000000000136,0.1102257636122177,1692.0,1703.0,1692.0,1665.0,188900.0
2023-02-09,1664.0,1699.0,1649.0,1684.0,1578.748291015625,111300.0,1638.05,1626.0,1563.64,1539.815,68.71794871794872,1598.32,10.74666666666667,4.975000000000136,0.1181938911022575,1692.0,1697.0,1672.0,1685.0,124100.0
2023-02-10,1671.0,1695.0,1668.0,1680.0,1574.9984130859375,95500.0,1642.75,1630.0,1565.84,1540.73,68.36734693877551,1600.7,10.893333333333205,4.740000000000009,0.1133200795228628,1692.0,1699.0,1684.0,1664.0,111300.0
2023-02-11,1671.0,1695.0,1668.0,1680.0,1574.9984130859375,95500.0,1647.45,1634.72,1568.3066666666666,1541.805,68.36734693877551,1602.56,11.186666666666724,4.745000000000118,0.0887880751782241,1692.0,1695.0,1680.0,1671.0,95500.0
2023-02-12,1671.0,1695.0,1668.0,1680.0,1574.9984130859375,95500.0,1650.9,1638.28,1571.0533333333333,1542.825,68.36734693877551,1604.42,11.759999999999993,4.7999999999999545,0.0838709677419355,1692.0,1695.0,1680.0,1671.0,95500.0
2023-02-13,1700.0,1704.0,1671.0,1698.0,1591.8734130859375,163500.0,1654.45,1643.4,1574.2266666666667,1543.845,61.96319018404908,1606.64,12.839999999999918,4.954999999999927,0.0760456273764258,1698.0,1695.0,1680.0,1671.0,95500.0
2023-02-14,1703.0,1738.0,1703.0,1730.0,1621.873291015625,144500.0,1659.4,1649.16,1578.0,1544.88,78.23529411764706,1610.56,14.3599999999999,5.065000000000055,0.1082639333760409,1730.0,1704.0,1698.0,1700.0,163500.0
2023-02-15,1734.0,1738.0,1700.0,1700.0,1593.748291015625,102500.0,1663.85,1653.72,1581.8666666666666,1545.765,60.11904761904762,1613.22,16.026666666666642,5.035000000000082,0.0890454836643177,1730.0,1738.0,1730.0,1703.0,144500.0
2023-02-16,1740.0,1810.0,1731.0,1784.0,1672.498291015625,420600.0,1672.65,1661.64,1586.8533333333332,1547.07,77.40585774058577,1617.24,18.546666666666624,5.264999999999873,0.1428571428571428,1784.0,1738.0,1700.0,1734.0,102500.0
2023-02-17,1777.0,1815.0,1767.0,1792.0,1679.998291015625,329500.0,1681.85,1668.88,1591.9466666666667,1547.98,78.04878048780488,1622.14,20.89333333333343,5.154999999999973,0.1538956857694784,1792.0,1810.0,1784.0,1740.0,420600.0
2023-02-18,1777.0,1815.0,1767.0,1792.0,1679.998291015625,329500.0,1691.05,1675.48,1596.92,1549.82,78.04878048780488,1626.48,22.693333333333385,5.974999999999909,0.1812788398154252,1792.0,1815.0,1792.0,1777.0,329500.0
2023-02-19,1777.0,1815.0,1767.0,1792.0,1679.998291015625,329500.0,1697.7,1681.92,1602.0,1551.925,78.04878048780488,1630.82,24.0,7.044999999999845,0.1712418300653595,1792.0,1815.0,1792.0,1777.0,329500.0
2023-02-20,1803.0,1853.0,1802.0,1842.0,1726.873291015625,452600.0,1708.1,1691.16,1607.52,1554.105,81.18466898954703,1636.16,25.65333333333342,8.339999999999918,0.1800128122998079,1842.0,1815.0,1792.0,1777.0,329500.0
2023-02-21,1851.0,1859.0,1826.0,1829.0,1714.6856689453125,172800.0,1716.25,1700.0,1611.9466666666667,1555.96,75.27675276752768,1641.24,25.09333333333348,8.8900000000001,0.1524889729048519,1842.0,1853.0,1842.0,1803.0,452600.0
2023-02-22,1808.0,1814.0,1780.0,1789.0,1677.185791015625,181000.0,1723.05,1707.24,1615.72,1557.615,70.10309278350516,1645.52,23.773333333333312,9.634999999999993,0.127284183994959,1842.0,1859.0,1829.0,1851.0,172800.0
2023-02-23,1808.0,1814.0,1780.0,1789.0,1677.185791015625,181000.0,1729.8,1714.48,1619.493333333333,1559.27,68.81720430107526,1650.36,22.573333333333267,9.450000000000044,0.127284183994959,1842.0,1814.0,1789.0,1808.0,181000.0
2023-02-24,1790.0,1792.0,1777.0,1788.0,1676.2484130859375,72500.0,1736.5,1719.64,1623.253333333333,1560.97,69.56521739130434,1654.68,21.25333333333333,9.045000000000073,0.165580182529335,1842.0,1814.0,1789.0,1808.0,181000.0
2023-02-25,1790.0,1792.0,1777.0,1788.0,1676.2484130859375,72500.0,1743.2,1725.8,1626.9733333333334,1562.24,69.56521739130434,1659.28,19.453333333333376,8.134999999999991,0.141033822590938,1842.0,1792.0,1788.0,1790.0,72500.0
2023-02-26,1790.0,1792.0,1777.0,1788.0,1676.2484130859375,72500.0,1749.45,1730.68,1630.24,1563.415,69.56521739130434,1663.88,18.29333333333329,7.454999999999927,0.1295009475679089,1842.0,1792.0,1788.0,1790.0,72500.0
2023-02-27,1777.0,1793.0,1766.0,1793.0,1680.935791015625,84600.0,1754.5,1736.28,1633.48,1564.615,68.06083650190114,1668.58,17.75999999999999,7.0,0.1590174531351003,1842.0,1792.0,1788.0,1790.0,72500.0
2023-02-28,1805.0,1813.0,1780.0,1782.0,1670.6231689453125,115600.0,1760.0,1741.4,1636.2,1565.575,60.74380165289256,1673.06,16.706666666666706,6.305000000000064,0.1314285714285714,1842.0,1793.0,1793.0,1777.0,84600.0
2023-03-01,1778.0,1786.0,1764.0,1779.0,1667.810791015625,84700.0,1764.75,1746.4,1639.1066666666666,1566.52,68.37209302325581,1676.6,15.85333333333324,5.5499999999999545,0.1295238095238096,1842.0,1813.0,1782.0,1805.0,115600.0
2023-03-02,1787.0,1811.0,1783.0,1801.0,1688.4356689453125,131700.0,1770.8,1752.28,1642.3066666666666,1567.575,55.55555555555556,1680.86,15.333333333333258,5.335000000000036,0.1434920634920635,1842.0,1786.0,1779.0,1778.0,84700.0
2023-03-03,1818.0,1842.0,1805.0,1819.0,1705.3106689453125,137900.0,1777.75,1758.52,1645.746666666667,1568.475,58.28220858895706,1685.92,15.50666666666666,5.059999999999945,0.1549206349206349,1842.0,1811.0,1801.0,1787.0,131700.0
2023-03-04,1818.0,1842.0,1805.0,1819.0,1705.3106689453125,137900.0,1784.7,1763.6,1649.2933333333333,1569.12,58.28220858895706,1690.76,15.813333333333276,4.504999999999882,0.1549206349206349,1842.0,1842.0,1819.0,1818.0,137900.0
2023-03-05,1818.0,1842.0,1805.0,1819.0,1705.3106689453125,137900.0,1790.75,1769.48,1653.32,1569.785,58.28220858895706,1695.6,17.11999999999989,4.210000000000036,0.1758241758241758,1842.0,1842.0,1819.0,1818.0,137900.0
2023-03-06,1835.0,1837.0,1797.0,1806.0,1693.1231689453125,125700.0,1794.55,1774.36,1657.0,1570.32,35.71428571428572,1700.18,17.89333333333343,3.7999999999999545,0.1488549618320611,1842.0,1842.0,1819.0,1818.0,137900.0
2023-03-07,1807.0,1849.0,1807.0,1843.0,1727.810791015625,142700.0,1801.7,1780.88,1660.76,1571.135,54.66666666666667,1705.44,18.453333333333376,3.559999999999945,0.1829268292682926,1843.0,1837.0,1806.0,1835.0,125700.0
2023-03-08,1843.0,1857.0,1833.0,1850.0,1734.3731689453125,108500.0,1805.0,1787.68,1664.2666666666669,1571.985,76.06837606837607,1711.2,18.519999999999985,3.509999999999991,0.1874197689345313,1850.0,1849.0,1843.0,1807.0,142700.0
2023-03-09,1850.0,1920.0,1850.0,1908.0,1788.7481689453125,250900.0,1810.8,1796.8,1668.5466666666666,1573.125,84.0,1717.54,19.25333333333333,4.005000000000109,0.2246469833119384,1908.0,1857.0,1850.0,1843.0,108500.0
2023-03-10,1884.0,1927.0,1881.0,1913.0,1793.435791015625,233500.0,1816.85,1805.4,1672.8933333333334,1574.17,84.91620111731844,1724.4,19.57333333333349,4.384999999999991,0.2278562259306804,1913.0,1920.0,1908.0,1850.0,250900.0
2023-03-11,1884.0,1927.0,1881.0,1913.0,1793.435791015625,233500.0,1822.9,1812.72,1677.9466666666667,1575.455,84.91620111731844,1730.94,20.946666666666715,5.134999999999991,0.1941323345817727,1913.0,1927.0,1913.0,1884.0,233500.0
2023-03-12,1884.0,1927.0,1881.0,1913.0,1793.435791015625,233500.0,1826.45,1821.24,1682.56,1576.75,84.91620111731844,1737.48,21.799999999999955,5.615000000000009,0.2046599496221661,1913.0,1927.0,1913.0,1884.0,233500.0
2023-03-13,1894.0,1901.0,1860.0,1899.0,1780.3106689453125,112700.0,1829.95,1825.84,1686.7733333333333,1577.865,78.19148936170212,1743.74,22.50666666666666,5.880000000000109,0.2126436781609195,1913.0,1927.0,1913.0,1884.0,233500.0
2023-03-14,1888.0,1900.0,1852.0,1882.0,1764.3731689453125,120300.0,1834.6,1829.44,1691.24,1578.91,75.77319587628867,1749.16,22.693333333333385,5.785000000000082,0.1934051997463537,1913.0,1901.0,1899.0,1894.0,112700.0
2023-03-15,1927.0,1945.0,1918.0,1925.0,1804.6856689453125,205200.0,1841.4,1834.76,1695.9066666666668,1580.17,81.19658119658119,1755.12,23.01333333333332,6.0,0.2206721623335448,1925.0,1900.0,1882.0,1888.0,120300.0
2023-03-16,1899.0,1929.0,1875.0,1924.0,1803.7481689453125,176400.0,1848.2,1840.04,1700.56,1581.425,78.87323943661971,1760.98,22.61333333333323,5.970000000000027,0.2200380469245402,1925.0,1945.0,1925.0,1927.0,205200.0
2023-03-17,1945.0,1991.0,1943.0,1978.0,1854.373046875,422200.0,1857.7,1845.48,1705.9333333333334,1583.055,81.92771084337349,1768.32,23.37333333333345,6.305000000000064,0.2518987341772152,1978.0,1929.0,1924.0,1899.0,176400.0
2023-03-18,1945.0,1991.0,1943.0,1978.0,1854.373046875,422200.0,1867.2,1851.44,1711.3066666666666,1584.545,81.92771084337349,1775.72,24.533333333333303,6.680000000000064,0.2663252240717029,1978.0,1991.0,1978.0,1945.0,422200.0
2023-03-19,1945.0,1991.0,1943.0,1978.0,1854.373046875,422200.0,1876.45,1859.0,1716.68,1586.03,81.92771084337349,1783.12,25.44000000000005,7.119999999999891,0.2432432432432432,1978.0,1991.0,1978.0,1945.0,422200.0
2023-03-20,1990.0,2019.0,1924.0,1926.0,1805.623046875,332600.0,1883.65,1864.48,1721.7333333333331,1587.345,70.83333333333333,1789.48,25.8266666666666,7.1749999999999545,0.2267515923566878,1978.0,1991.0,1978.0,1945.0,422200.0
2023-03-21,1990.0,2019.0,1924.0,1926.0,1805.623046875,332600.0,1891.0,1870.0,1726.4533333333334,1589.14,66.53386454183267,1794.82,25.89333333333343,7.7150000000001455,0.21437578814628,1978.0,2019.0,1926.0,1990.0,332600.0
2023-03-22,1965.0,1980.0,1938.0,1967.0,1844.0606689453125,208300.0,1899.3,1877.16,1731.9066666666668,1591.14,70.52631578947368,1801.48,25.97333333333336,8.085000000000036,0.2402269861286254,1978.0,2019.0,1926.0,1990.0,332600.0
2023-03-23,1956.0,1968.0,1935.0,1953.0,1830.935546875,166200.0,1906.0,1883.76,1737.1733333333334,1593.07,59.33609958506224,1807.22,25.866666666666788,8.524999999999864,0.2313997477931904,1978.0,1980.0,1967.0,1965.0,208300.0
2023-03-24,1950.0,1950.0,1907.0,1913.0,1793.435791015625,184100.0,1910.7,1888.56,1741.9066666666668,1595.04,50.0,1812.42,25.226666666666688,9.009999999999993,0.1874612042209806,1978.0,1968.0,1953.0,1956.0,166200.0
2023-03-25,1950.0,1950.0,1907.0,1913.0,1793.435791015625,184100.0,1915.4,1893.8,1746.64,1596.91,50.0,1817.6,24.90666666666675,9.565000000000056,0.1757836508912107,1978.0,1950.0,1913.0,1950.0,184100.0
2023-03-26,1950.0,1950.0,1907.0,1913.0,1793.435791015625,184100.0,1920.75,1899.16,1750.7866666666666,1599.015,50.0,1822.78,24.333333333333258,9.875,0.1729000613120785,1978.0,1950.0,1913.0,1950.0,184100.0
2023-03-27,1926.0,1934.0,1902.0,1927.0,1806.5604248046875,158000.0,1924.95,1904.2,1755.3066666666666,1600.91,55.07246376811594,1828.24,23.399999999999864,9.769999999999982,0.1961514587212911,1978.0,1950.0,1913.0,1950.0,184100.0
2023-03-28,1952.0,1963.0,1933.0,1944.0,1822.498046875,111400.0,1929.65,1909.2,1760.3466666666666,1602.97,61.231884057971016,1833.86,23.173333333333176,9.900000000000093,0.2089552238805969,1978.0,1934.0,1927.0,1926.0,158000.0
2023-03-29,1956.0,1981.0,1949.0,1979.0,1855.310546875,178400.0,1933.2,1915.6,1765.7066666666667,1605.205,60.07462686567164,1839.6,23.799999999999955,10.164999999999964,0.2307213930348259,1979.0,1963.0,1944.0,1952.0,111400.0
2023-03-30,2000.0,2000.0,1965.0,1992.0,1878.65234375,187800.0,1937.15,1922.52,1771.24,1607.505,62.142857142857146,1846.0,24.59999999999991,10.595000000000027,0.2388059701492537,1992.0,1981.0,1979.0,1956.0,178400.0
2023-03-31,2012.0,2019.0,1982.0,1990.0,1876.76611328125,274500.0,1941.0,1929.88,1776.746666666667,1609.62,52.631578947368425,1852.12,25.96000000000004,10.60499999999979,0.1995177817962627,1992.0,2000.0,1992.0,2000.0,187800.0
2023-04-01,2012.0,2019.0,1982.0,1990.0,1876.76611328125,274500.0,1944.85,1935.76,1782.2133333333334,1611.58,52.631578947368425,1858.32,26.90666666666675,10.669999999999844,0.2178702570379436,1992.0,2019.0,1990.0,2012.0,274500.0
2023-04-02,2012.0,2019.0,1982.0,1990.0,1876.76611328125,274500.0,1949.4,1941.36,1787.92,1613.62,52.631578947368425,1864.52,27.57333333333349,10.649999999999864,0.1944777911164465,1992.0,2019.0,1990.0,2012.0,274500.0
2023-04-03,2023.0,2055.0,1996.0,1999.0,1885.2537841796875,279900.0,1955.25,1945.0,1793.36,1615.665,69.72972972972973,1870.9,27.6533333333332,10.460000000000036,0.2093163944343616,1999.0,2019.0,1990.0,2012.0,274500.0
2023-04-04,1990.0,2018.0,1981.0,2006.0,1891.855712890625,269700.0,1959.3,1948.72,1799.1733333333334,1617.885,70.83333333333333,1877.06,27.9333333333334,10.379999999999882,0.2128174123337363,2006.0,2055.0,1999.0,2023.0,279900.0
2023-04-05,1991.0,1997.0,1955.0,1960.0,1848.47314453125,174400.0,1961.1,1950.6,1804.16,1619.875,48.22335025380711,1881.66,27.41333333333341,10.25500000000011,0.185006045949214,2006.0,2018.0,2006.0,1990.0,269700.0
2023-04-06,1933.0,1933.0,1897.0,1910.0,1801.318115234375,194000.0,1957.7,1950.48,1808.48,1621.615,40.7725321888412,1885.86,26.26666666666665,10.035000000000082,0.1547762998790809,2006.0,1997.0,1960.0,1991.0,174400.0
2023-04-07,1919.0,1919.0,1871.0,1898.0,1790.0009765625,159700.0,1953.7,1950.44,1812.64,1623.295,46.34146341463415,1888.14,24.720000000000027,9.675000000000182,0.1413108839446784,2006.0,1933.0,1910.0,1933.0,194000.0
2023-04-08,1919.0,1919.0,1871.0,1898.0,1790.0009765625,159700.0,1949.7,1951.08,1816.4666666666667,1625.12,46.34146341463415,1890.26,23.1066666666668,9.454999999999927,0.1217494089834514,2006.0,1919.0,1898.0,1919.0,159700.0
2023-04-09,1919.0,1919.0,1871.0,1898.0,1790.0009765625,159700.0,1948.3,1950.0,1820.08,1626.89,46.34146341463415,1892.38,20.906666666666524,9.00500000000011,0.1351674641148326,2006.0,1919.0,1898.0,1919.0,159700.0
2023-04-10,1900.0,1919.0,1877.0,1890.0,1782.456298828125,157000.0,1946.5,1948.64,1823.5333333333333,1628.865,40.70351758793969,1894.34,19.37333333333322,8.990000000000009,0.1223277909738718,2006.0,1919.0,1898.0,1919.0,159700.0
2023-04-11,1905.0,1915.0,1892.0,1909.0,1800.375,148700.0,1943.6,1945.88,1827.506666666667,1630.935,41.29353233830845,1895.68,19.02666666666664,9.319999999999936,0.1363095238095237,2006.0,1919.0,1890.0,1900.0,157000.0
2023-04-12,1915.0,1931.0,1864.0,1876.0,1769.2528076171875,184500.0,1939.75,1941.8,1831.08,1632.84,24.12060301507537,1896.62,18.439999999999827,9.544999999999844,0.1166666666666667,2006.0,1915.0,1909.0,1905.0,148700.0
2023-04-13,1876.0,1891.0,1861.0,1869.0,1762.651123046875,332800.0,1937.55,1937.44,1834.56,1634.71,18.134715025906743,1898.22,18.09333333333325,9.590000000000146,0.1125,2006.0,1931.0,1876.0,1915.0,184500.0
2023-04-14,1867.0,1943.0,1867.0,1921.0,1811.6922607421875,446900.0,1937.95,1937.24,1838.733333333333,1637.055,35.80246913580247,1900.86,18.65333333333342,10.164999999999964,0.1313309776207303,2006.0,1891.0,1869.0,1876.0,332800.0
2023-04-15,1867.0,1943.0,1867.0,1921.0,1811.6922607421875,446900.0,1938.35,1937.04,1842.2266666666667,1639.365,35.80246913580247,1903.52,18.693333333333385,10.5,0.1104046242774565,2006.0,1943.0,1921.0,1867.0,446900.0
2023-04-16,1867.0,1943.0,1867.0,1921.0,1811.6922607421875,446900.0,1938.05,1935.2,1846.0533333333333,1641.57,35.80246913580247,1906.18,18.546666666666624,10.634999999999993,0.1299999999999999,2006.0,1943.0,1921.0,1867.0,446900.0
2023-04-17,1942.0,1990.0,1933.0,1936.0,1825.838623046875,212200.0,1937.65,1934.52,1849.6533333333327,1643.87,37.34939759036145,1909.14,18.57333333333349,11.029999999999973,0.0852017937219731,2006.0,1943.0,1921.0,1867.0,446900.0
2023-04-18,1951.0,1998.0,1951.0,1975.0,1862.61962890625,339900.0,1937.45,1937.0,1853.9466666666667,1646.49,44.48398576512456,1912.78,19.38666666666677,11.779999999999973,0.1021205357142858,2006.0,1990.0,1936.0,1942.0,212200.0
2023-04-19,1956.0,1981.0,1938.0,1974.0,1861.6763916015625,158900.0,1936.55,1939.44,1858.213333333333,1649.105,52.96610169491525,1916.62,19.48000000000001,12.049999999999956,0.1015625,2006.0,1998.0,1975.0,1951.0,339900.0
2023-04-20,1969.0,1990.0,1959.0,1959.0,1847.530029296875,102600.0,1935.0,1941.28,1862.28,1651.645,62.18905472636816,1920.22,20.053333333333285,12.279999999999973,0.0931919642857141,2006.0,1981.0,1974.0,1956.0,158900.0
2023-04-21,1959.0,1992.0,1951.0,1975.0,1862.61962890625,150500.0,1934.25,1943.2,1866.56,1654.03,68.78048780487805,1923.7,20.50666666666666,12.460000000000036,0.0722041259500543,2006.0,1990.0,1959.0,1969.0,102600.0
2023-04-22,1959.0,1992.0,1951.0,1975.0,1862.61962890625,150500.0,1933.5,1944.44,1870.72,1656.35,68.78048780487805,1926.82,21.06666666666661,12.480000000000018,0.0798250410060141,2006.0,1992.0,1975.0,1959.0,150500.0
2023-04-23,1959.0,1992.0,1951.0,1975.0,1862.61962890625,150500.0,1932.3,1944.28,1874.493333333333,1658.775,68.78048780487805,1929.94,20.546666666666624,12.285000000000082,0.1039686975964226,2006.0,1992.0,1975.0,1959.0,150500.0
2023-04-24,2005.0,2014.0,1994.0,1997.0,1883.3677978515625,143000.0,1931.85,1944.48,1878.8266666666664,1661.22,74.42922374429224,1933.5,20.61333333333323,12.115000000000007,0.1162660704304081,1997.0,1992.0,1975.0,1959.0,150500.0
2023-04-25,2003.0,2023.0,1997.0,2001.0,1887.14013671875,166700.0,1933.9,1944.92,1883.0533333333333,1663.8,72.54901960784314,1937.4,20.773333333333312,12.154999999999973,0.1191275167785235,2001.0,2014.0,1997.0,2005.0,143000.0
2023-04-26,1989.0,1989.0,1940.0,1956.0,1844.70068359375,127600.0,1936.2,1943.56,1886.733333333333,1666.155,68.51851851851852,1939.66,20.173333333333403,12.125,0.0939597315436242,2001.0,2023.0,2001.0,2003.0,166700.0
2023-04-27,1952.0,1960.0,1934.0,1960.0,1848.47314453125,131800.0,1939.3,1942.36,1890.4666666666667,1668.53,71.36150234741784,1941.86,19.74666666666667,12.180000000000064,0.0961968680089484,2001.0,1989.0,1956.0,1989.0,127600.0
2023-04-28,1990.0,2014.0,1975.0,2000.0,1886.197021484375,122400.0,1944.4,1942.4,1894.733333333333,1671.105,69.65174129353234,1943.7,20.24000000000001,12.329999999999927,0.1154489682097044,2001.0,1960.0,1960.0,1952.0,131800.0
2023-04-29,1990.0,2014.0,1975.0,2000.0,1886.197021484375,122400.0,1949.5,1942.16,1898.76,1673.765,69.65174129353234,1945.44,19.9333333333334,12.545000000000073,0.122334455667789,2001.0,2014.0,2000.0,1990.0,122400.0
2023-04-30,1990.0,2014.0,1975.0,2000.0,1886.197021484375,122400.0,1955.0,1943.76,1902.36,1676.46,69.65174129353234,1947.18,19.30666666666661,12.660000000000082,0.1242270938729623,2001.0,2014.0,2000.0,1990.0,122400.0
2023-05-01,2019.0,2022.0,1992.0,2015.0,1900.3436279296875,126500.0,1960.3,1947.96,1906.56,1679.27,69.65174129353234,1949.22,19.8266666666666,13.115000000000007,0.1188228761798999,2015.0,2014.0,2000.0,1990.0,122400.0
2023-05-02,2009.0,2009.0,1968.0,1983.0,1870.1644287109373,109800.0,1965.65,1951.36,1909.213333333333,1681.785,52.06185567010309,1950.9,18.74666666666667,13.25500000000011,0.0901594282572841,2015.0,2022.0,2015.0,2019.0,126500.0
2023-05-03,2009.0,2009.0,1968.0,1983.0,1870.1644287109373,109800.0,1971.35,1954.76,1911.76,1684.3,52.331606217616574,1952.92,17.026666666666642,13.194999999999936,0.0901594282572841,2015.0,2009.0,1983.0,2009.0,109800.0
2023-05-04,2009.0,2009.0,1968.0,1983.0,1870.1644287109373,109800.0,1974.45,1958.16,1914.3066666666664,1686.815,56.741573033707866,1954.08,15.546666666666624,13.049999999999956,0.0901594282572841,2015.0,2009.0,1983.0,2009.0,109800.0
2023-05-05,2009.0,2009.0,1968.0,1983.0,1870.1644287109373,109800.0,1977.55,1961.88,1916.8533333333328,1689.325,52.46913580246914,1955.26,14.49333333333334,12.865000000000007,0.0980066445182723,2015.0,2009.0,1983.0,2009.0,109800.0
2023-05-06,2009.0,2009.0,1968.0,1983.0,1870.1644287109373,109800.0,1980.65,1964.84,1918.733333333333,1691.86,52.46913580246914,1955.36,12.173333333333405,12.589999999999918,0.0759631036353771,2015.0,2009.0,1983.0,2009.0,109800.0
2023-05-07,2009.0,2009.0,1968.0,1983.0,1870.1644287109373,109800.0,1983.0,1969.12,1920.7866666666664,1694.395,52.46913580246914,1955.46,11.573333333333268,12.6099999999999,0.0718918918918918,2015.0,2009.0,1983.0,2009.0,109800.0
2023-05-08,1959.0,1974.0,1934.0,1963.0,1851.3023681640625,135500.0,1982.4,1972.88,1923.1066666666663,1696.81,39.375,1955.16,11.34666666666658,12.509999999999993,0.0288259958071279,2015.0,2009.0,1983.0,2009.0,109800.0
2023-05-09,1985.0,1990.0,1974.0,1985.0,1872.0506591796875,80400.0,1982.95,1975.44,1925.72,1699.53,45.50561797752809,1956.34,11.413333333333412,12.714999999999918,0.0376372190277052,2015.0,1974.0,1963.0,1959.0,135500.0
2023-05-10,1982.0,2039.0,1974.0,2028.0,1912.6038818359373,330000.0,1986.4,1979.72,1928.92,1702.465,70.45454545454545,1958.38,12.066666666666832,13.139999999999873,0.0601150026136958,2028.0,1990.0,1985.0,1985.0,80400.0
2023-05-11,1980.0,1980.0,1899.0,1960.0,1848.47314453125,332100.0,1985.65,1981.28,1931.213333333333,1705.06,50.0,1958.24,12.480000000000018,13.200000000000044,0.0245687401986409,2028.0,2039.0,2028.0,1982.0,330000.0
2023-05-12,1960.0,2063.0,1945.0,2055.0,1938.0675048828125,463200.0,1989.65,1986.04,1934.7733333333333,1708.11,59.32203389830509,1960.28,13.98666666666668,13.714999999999918,0.0821484992101106,2055.0,1980.0,1960.0,1980.0,332100.0
2023-05-13,1960.0,2063.0,1945.0,2055.0,1938.0675048828125,463200.0,1993.65,1989.24,1938.2666666666669,1711.405,59.32203389830509,1963.12,15.160000000000082,14.595000000000027,0.09192348565356,2055.0,2063.0,2055.0,1960.0,463200.0
2023-05-14,1960.0,2063.0,1945.0,2055.0,1938.0675048828125,463200.0,1996.55,1992.48,1941.9066666666668,1714.555,59.32203389830509,1965.96,16.186666666666724,15.025000000000093,0.0675324675324675,2055.0,2063.0,2055.0,1960.0,463200.0
2023-05-15,2088.0,2113.0,2067.0,2100.0,1980.5068359375,405300.0,2001.5,1998.12,1946.1866666666667,1717.96,63.07692307692307,1969.7,17.26666666666665,15.495000000000118,0.0914760914760914,2100.0,2063.0,2055.0,1960.0,463200.0
2023-05-16,2108.0,2165.0,2073.0,2164.0,2040.864990234375,501100.0,2011.9,2005.68,1951.0266666666664,1721.695,75.35014005602241,1974.44,19.81333333333328,16.63499999999999,0.0940343781597572,2164.0,2113.0,2100.0,2088.0,405300.0
2023-05-17,2183.0,2212.0,2172.0,2188.0,2063.49951171875,211300.0,2023.3,2014.2,1955.9466666666667,1725.55,76.90288713910762,1979.32,21.173333333333403,17.440000000000055,0.1061678463094033,2188.0,2165.0,2164.0,2108.0,501100.0
2023-05-18,2210.0,2210.0,2128.0,2147.0,2024.8326416015625,210900.0,2030.65,2021.08,1960.32,1729.2,69.43127962085308,1982.68,22.053333333333285,17.795000000000073,0.0854398382204246,2188.0,2212.0,2188.0,2183.0,211300.0
2023-05-19,2143.0,2170.0,2119.0,2130.0,2008.7998046875,127700.0,2037.15,2026.4,1964.4666666666667,1732.775,66.74259681093395,1985.44,22.559999999999945,18.220000000000027,0.1059190031152648,2188.0,2210.0,2147.0,2210.0,210900.0
2023-05-20,2143.0,2170.0,2119.0,2130.0,2008.7998046875,127700.0,2043.65,2031.56,1968.7866666666664,1735.79,66.74259681093395,1988.24,22.59999999999991,17.829999999999927,0.1059190031152648,2188.0,2170.0,2130.0,2143.0,127700.0
2023-05-21,2143.0,2170.0,2119.0,2130.0,2008.7998046875,127700.0,2049.4,2038.52,1972.6133333333328,1738.615,66.74259681093395,1991.04,21.586666666666588,16.920000000000073,0.0828673106253177,2188.0,2170.0,2130.0,2143.0,127700.0
2023-05-22,2128.0,2139.0,2096.0,2121.0,2000.31201171875,129400.0,2056.3,2044.96,1976.2266666666667,1741.395,68.45794392523365,1993.66,20.279999999999973,15.845000000000027,0.086021505376344,2188.0,2170.0,2130.0,2143.0,127700.0
2023-05-23,2130.0,2152.0,2091.0,2103.0,1983.3363037109373,142300.0,2062.3,2049.08,1978.8266666666664,1744.345,63.91509433962264,1995.74,18.50666666666666,15.144999999999982,0.0993204391008886,2188.0,2139.0,2121.0,2128.0,129400.0
2023-05-24,2081.0,2083.0,2063.0,2072.0,1954.0999755859373,110000.0,2066.75,2051.96,1980.9466666666667,1747.14,55.33980582524271,1997.06,16.480000000000018,14.365000000000007,0.0831155253528488,2188.0,2152.0,2103.0,2130.0,142300.0
2023-05-25,2056.0,2081.0,2045.0,2054.0,1937.1243896484373,80800.0,2070.3,2054.12,1982.8266666666664,1749.845,62.98342541436464,1998.94,14.039999999999964,14.055000000000064,0.0737062205959226,2188.0,2083.0,2072.0,2081.0,110000.0
2023-05-26,2042.0,2064.0,2026.0,2048.0,1931.4656982421875,107500.0,2073.55,2055.44,1984.6266666666668,1752.74,48.71794871794872,2001.7,12.013333333333549,14.125,0.0627919045147897,2188.0,2081.0,2054.0,2056.0,80800.0
2023-05-27,2042.0,2064.0,2026.0,2048.0,1931.4656982421875,107500.0,2076.8,2058.04,1986.6133333333328,1755.42,48.71794871794872,2004.7,10.386666666666542,14.025000000000093,0.0534979423868313,2188.0,2064.0,2048.0,2042.0,107500.0
2023-05-28,2042.0,2064.0,2026.0,2048.0,1931.4656982421875,107500.0,2081.05,2060.64,1988.8266666666664,1758.0,48.71794871794872,2007.7,10.0,13.654999999999973,0.0348660939868621,2188.0,2064.0,2048.0,2042.0,107500.0
2023-05-29,2065.0,2078.0,2051.0,2061.0,1943.7259521484373,82400.0,2084.85,2063.76,1990.64,1760.885,41.90871369294606,2010.96,9.693333333333385,13.74499999999989,0.0346385542168674,2188.0,2064.0,2048.0,2042.0,107500.0
2023-05-30,2048.0,2097.0,2043.0,2090.0,1971.0758056640625,117700.0,2087.95,2068.04,1992.8533333333328,1763.685,32.03883495145631,2014.96,10.026666666666642,13.839999999999918,0.050251256281407,2188.0,2078.0,2061.0,2065.0,82400.0
2023-05-31,2070.0,2086.0,2031.0,2047.0,1930.522705078125,237400.0,2092.3,2070.6,1993.7733333333333,1766.27,18.66666666666667,2017.72,9.146666666666531,13.529999999999973,0.0286432160804019,2188.0,2097.0,2090.0,2048.0,117700.0
2023-06-01,2057.0,2088.0,2054.0,2065.0,1947.49853515625,106100.0,2092.8,2073.88,1994.9333333333327,1768.945,29.70297029702969,2021.5,8.320000000000164,13.524999999999864,0.0376884422110552,2188.0,2086.0,2047.0,2070.0,237400.0
2023-06-02,2080.0,2117.0,2070.0,2104.0,1984.279296875,102200.0,2095.25,2079.52,1996.6133333333328,1771.92,44.19642857142856,2026.2,7.786666666666633,13.920000000000073,0.0525262631315657,2188.0,2088.0,2065.0,2057.0,106100.0
2023-06-03,2080.0,2117.0,2070.0,2104.0,1984.279296875,102200.0,2097.7,2084.28,1998.986666666667,1774.83,44.19642857142856,2029.86,8.346666666666579,13.944999999999936,0.0488534396809572,2188.0,2117.0,2104.0,2080.0,102200.0
2023-06-04,2080.0,2117.0,2070.0,2104.0,1984.279296875,102200.0,2097.9,2087.32,2001.36,1777.775,44.19642857142856,2033.52,8.50666666666666,14.090000000000146,0.073469387755102,2188.0,2117.0,2104.0,2080.0,102200.0
2023-06-05,2130.0,2131.0,2087.0,2094.0,1974.8485107421875,155700.0,2094.4,2092.68,2003.0533333333333,1780.77,43.99999999999999,2036.98,9.279999999999973,14.5,0.0963350785340313,2188.0,2117.0,2104.0,2080.0,102200.0
2023-06-06,2066.0,2101.0,2051.0,2087.0,1968.24658203125,111600.0,2089.35,2093.96,2004.84,1783.655,46.26168224299065,2040.0,9.906666666666524,14.710000000000036,0.0995785036880927,2147.0,2131.0,2094.0,2130.0,155700.0
2023-06-07,2097.0,2121.0,2065.0,2070.0,1952.2137451171875,114900.0,2085.5,2094.56,2006.9333333333327,1786.455,49.5,2041.9,10.320000000000164,14.534999999999854,0.0906217070600632,2130.0,2101.0,2087.0,2066.0,111600.0
2023-06-08,2036.0,2062.0,1999.0,2025.0,1909.7744140625,149100.0,2080.25,2093.36,2008.4266666666667,1789.03,43.61233480176212,2042.92,9.440000000000056,14.200000000000044,0.0669125395152792,2130.0,2121.0,2070.0,2097.0,114900.0
2023-06-09,2037.0,2075.0,2032.0,2050.0,1933.35205078125,112400.0,2076.25,2091.36,2010.253333333333,1791.875,50.40650406504066,2044.74,8.89333333333343,14.099999999999907,0.0846560846560846,2130.0,2062.0,2025.0,2036.0,149100.0
2023-06-10,2037.0,2075.0,2032.0,2050.0,1933.35205078125,112400.0,2072.25,2086.8,2011.8933333333327,1794.625,50.40650406504066,2046.24,8.840000000000146,13.855000000000018,0.0738606600314299,2121.0,2075.0,2050.0,2037.0,112400.0
2023-06-11,2037.0,2075.0,2032.0,2050.0,1933.35205078125,112400.0,2068.7,2081.28,2013.3066666666664,1797.375,50.40650406504066,2047.74,8.466666666666697,13.720000000000027,0.0927505330490405,2104.0,2075.0,2050.0,2037.0,112400.0
2023-06-12,2048.0,2048.0,2011.0,2044.0,1927.693359375,118300.0,2065.75,2077.16,2014.1733333333327,1799.95,46.44351464435147,2049.12,7.240000000000009,13.495000000000118,0.0936329588014981,2104.0,2075.0,2050.0,2037.0,112400.0
2023-06-13,2050.0,2080.0,2046.0,2065.0,1947.49853515625,118800.0,2065.4,2074.56,2015.1466666666668,1802.7,44.58874458874459,2050.48,6.720000000000027,13.670000000000073,0.0749609578344612,2104.0,2048.0,2044.0,2048.0,118300.0
2023-06-14,2043.0,2043.0,1982.0,2005.0,1890.91259765625,280500.0,2062.95,2069.56,2015.3466666666664,1805.15,41.53225806451612,2050.56,5.093333333333248,13.275000000000093,0.0437272254034357,2104.0,2080.0,2065.0,2050.0,118800.0
2023-06-15,1999.0,2002.0,1963.0,1988.0,1874.8800048828125,161300.0,2059.95,2063.88,2015.32,1807.515,34.412955465587046,2051.2,3.426666666666506,12.8900000000001,0.0348776678813118,2104.0,2043.0,2005.0,2043.0,280500.0
2023-06-16,1963.0,1965.0,1916.0,1941.0,1830.55419921875,254100.0,2054.6,2056.68,2014.6666666666667,1809.745,18.03921568627452,2050.82,1.360000000000127,12.36999999999989,0.0025826446280992,2104.0,2002.0,1988.0,1999.0,161300.0
2023-06-17,1963.0,1965.0,1916.0,1941.0,1830.55419921875,254100.0,2049.25,2050.2,2013.8933333333327,1812.08,18.03921568627452,2049.64,-0.2799999999999727,12.129999999999882,-0.0172151898734177,2104.0,1965.0,1941.0,1963.0,254100.0
2023-06-18,1963.0,1965.0,1916.0,1941.0,1830.55419921875,254100.0,2043.25,2044.96,2013.0266666666664,1814.485,18.03921568627452,2048.46,-2.1200000000001182,11.784999999999854,-0.0167173252279635,2104.0,1965.0,1941.0,1963.0,254100.0
2023-06-19,1953.0,1968.0,1926.0,1957.0,1845.643798828125,108800.0,2036.6,2041.08,2012.986666666667,1817.035,23.75478927203065,2047.6,-2.3599999999999,11.884999999999993,-0.0010209290454313,2104.0,1965.0,1941.0,1963.0,254100.0
2023-06-20,1932.0,1952.0,1912.0,1952.0,1840.9283447265625,138300.0,2031.85,2037.24,2013.5466666666664,1819.745,23.938223938223945,2046.34,-1.773333333333312,12.22999999999979,-0.0116455696202532,2104.0,1968.0,1957.0,1953.0,108800.0
2023-06-21,1945.0,1990.0,1939.0,1982.0,1869.22119140625,128200.0,2027.7,2034.6,2014.6666666666667,1822.605,33.82352941176471,2046.32,0.0,12.860000000000127,0.0035443037974682,2104.0,1952.0,1952.0,1932.0,138300.0
2023-06-22,1994.0,2001.0,1975.0,1982.0,1869.22119140625,105900.0,2021.6,2031.96,2015.7866666666664,1825.465,40.528634361233486,2046.3,1.893333333333203,13.384999999999993,0.0035443037974682,2104.0,1990.0,1982.0,1945.0,128200.0
2023-06-23,1989.0,1991.0,1947.0,1961.0,1849.4161376953125,103300.0,2014.45,2027.96,2016.6266666666668,1828.175,30.044843049327355,2045.86,3.6000000000001364,13.690000000000056,-0.0180270405608412,2104.0,2001.0,1982.0,1994.0,105900.0
2023-06-24,1989.0,1991.0,1947.0,1961.0,1849.4161376953125,103300.0,2007.3,2022.8,2017.5733333333333,1830.925,30.044843049327355,2045.42,4.586666666666588,13.889999999999873,-0.0199900049975012,2094.0,1991.0,1961.0,1989.0,103300.0
2023-06-25,1989.0,1991.0,1947.0,1961.0,1849.4161376953125,103300.0,2000.65,2019.36,2018.2666666666669,1833.59,30.044843049327355,2044.98,4.720000000000027,13.845000000000027,0.0025562372188139,2087.0,1991.0,1961.0,1989.0,103300.0
2023-06-26,1955.0,1971.0,1935.0,1960.0,1848.47314453125,93000.0,1994.3,2015.16,2019.3866666666668,1835.905,30.733944954128432,2044.52,4.720000000000027,13.299999999999956,0.0,2070.0,1991.0,1961.0,1989.0,103300.0
2023-06-27,1957.0,1958.0,1919.0,1950.0,1839.0419921875,120900.0,1988.3,2009.0,2020.4666666666667,1838.125,22.22222222222221,2044.26,4.680000000000064,12.660000000000082,-0.025,2065.0,1971.0,1960.0,1955.0,93000.0
2023-06-28,1963.0,1985.0,1963.0,1985.0,1872.0506591796875,103700.0,1986.3,2004.24,2021.32,1840.52,44.5054945054945,2044.26,4.6933333333331575,12.345000000000027,-0.0074999999999999,2065.0,1958.0,1950.0,1957.0,120900.0
2023-06-29,1986.0,1988.0,1938.0,1965.0,1853.1884765625,99100.0,1982.05,1998.68,2021.9066666666668,1842.815,43.78378378378378,2043.0,4.333333333333485,11.8900000000001,-0.0174999999999999,2065.0,1985.0,1985.0,1963.0,103700.0
2023-06-30,1958.0,1960.0,1926.0,1931.0,1821.1231689453125,150200.0,1976.1,1992.16,2022.04,1844.925,47.093023255813954,2042.42,3.773333333333312,11.335000000000036,-0.0416873449131514,2065.0,1988.0,1965.0,1986.0,99100.0
2023-07-01,1958.0,1960.0,1926.0,1931.0,1821.1231689453125,150200.0,1970.15,1985.92,2021.973333333333,1846.865,47.093023255813954,2039.94,2.586666666666588,10.960000000000036,-0.0262228946041351,2065.0,1960.0,1931.0,1958.0,150200.0
2023-07-02,1958.0,1960.0,1926.0,1931.0,1821.1231689453125,150200.0,1964.5,1980.36,2021.3866666666668,1848.77,47.093023255813954,2037.46,0.9200000000000728,10.644999999999982,-0.0262228946041351,2065.0,1960.0,1931.0,1958.0,150200.0
2023-07-03,1943.0,2021.0,1943.0,2013.0,1898.457275390625,227900.0,1961.9,1979.88,2021.9066666666668,1850.945,61.76470588235294,2036.62,0.5866666666668152,10.424999999999956,0.0151285930408471,2013.0,1960.0,1931.0,1958.0,150200.0
2023-07-04,2026.0,2100.0,2026.0,2060.0,1942.7828369140625,281400.0,1964.65,1980.28,2023.253333333333,1853.44,69.28571428571428,2035.82,1.3466666666665787,10.625,0.0388300554715077,2060.0,2021.0,2013.0,1943.0,227900.0
2023-07-05,2060.0,2090.0,2054.0,2065.0,1947.49853515625,139500.0,1968.5,1980.88,2024.4533333333327,1855.96,66.27450980392157,2033.84,2.413333333333412,11.035000000000082,0.0413514876449823,2065.0,2100.0,2060.0,2026.0,281400.0
2023-07-06,2047.0,2091.0,2032.0,2078.0,1959.758544921875,148200.0,1975.35,1982.0,2025.8266666666664,1858.545,67.91044776119404,2031.64,3.85333333333324,11.680000000000064,0.0479072112960161,2078.0,2090.0,2065.0,2060.0,139500.0
2023-07-07,2078.0,2078.0,2024.0,2029.0,1913.546875,107900.0,1979.75,1981.4,2026.5466666666664,1860.925,61.48648648648648,2029.28,5.159999999999855,12.154999999999973,0.0336220071319408,2078.0,2091.0,2078.0,2047.0,148200.0
2023-07-08,2078.0,2078.0,2024.0,2029.0,1913.546875,107900.0,1984.15,1979.96,2026.973333333333,1863.485,61.48648648648648,2027.26,5.066666666666606,12.539999999999964,0.0221662468513854,2078.0,2078.0,2029.0,2078.0,107900.0
2023-07-09,2078.0,2078.0,2024.0,2029.0,1913.546875,107900.0,1987.75,1980.92,2027.3466666666664,1865.98,61.48648648648648,2025.24,4.093333333333248,12.539999999999964,0.0004930966469427,2078.0,2078.0,2029.0,2078.0,107900.0
2023-07-10,2045.0,2045.0,2015.0,2016.0,1901.2864990234373,91600.0,1990.95,1982.04,2028.1466666666668,1868.255,59.09090909090909,2022.96,3.693333333333385,12.295000000000073,0.0285714285714284,2078.0,2078.0,2029.0,2078.0,107900.0
2023-07-11,2021.0,2036.0,2013.0,2020.0,1905.0592041015625,58900.0,1992.85,1985.2,2028.9466666666667,1870.42,61.58940397350993,2020.94,3.1200000000001182,11.875,-0.0170316301703162,2078.0,2045.0,2016.0,2045.0,91600.0
2023-07-12,2034.0,2034.0,1978.0,1978.0,1865.4488525390625,124400.0,1992.65,1986.68,2028.6533333333327,1872.375,48.86731391585761,2018.44,2.106666666666797,11.450000000000044,-0.0374695863746958,2078.0,2036.0,2020.0,2021.0,58900.0
2023-07-13,1985.0,2007.0,1970.0,2005.0,1890.91259765625,82400.0,1994.85,1989.24,2028.72,1874.465,56.32911392405063,2017.1,1.7466666666666697,10.980000000000018,-0.0243309002433089,2078.0,2034.0,1978.0,2034.0,124400.0
2023-07-14,2019.0,2019.0,1963.0,1967.0,1855.0748291015625,81000.0,1995.15,1989.64,2028.28,1876.63,55.62499999999999,2015.36,0.933333333333394,10.650000000000093,-0.0633333333333333,2078.0,2007.0,2005.0,1985.0,82400.0
2023-07-15,2019.0,2019.0,1963.0,1967.0,1855.0748291015625,81000.0,1995.45,1990.24,2027.64,1878.63,55.62499999999999,2013.74,-0.5066666666666606,10.375,-0.0910351201478743,2078.0,2019.0,1967.0,2019.0,81000.0
2023-07-16,2019.0,2019.0,1963.0,1967.0,1855.0748291015625,81000.0,1995.8,1989.64,2027.4266666666667,1880.55,55.62499999999999,2012.12,-1.5199999999999818,10.129999999999882,-0.1010054844606946,2078.0,2019.0,1967.0,2019.0,81000.0
2023-07-17,2019.0,2019.0,1963.0,1967.0,1855.0748291015625,81000.0,1996.65,1989.04,2027.213333333333,1882.65,40.33613445378151,2010.5,-1.4400000000000546,10.275000000000093,-0.0838379133674894,2078.0,2019.0,1967.0,2019.0,81000.0
2023-07-18,1980.0,2016.0,1980.0,1998.0,1884.310791015625,90300.0,1997.3,1990.52,2027.4133333333327,1884.765,36.036036036036045,2009.24,-1.3066666666666151,10.300000000000182,-0.0619718309859155,2078.0,2019.0,1967.0,2019.0,81000.0
2023-07-19,2001.0,2024.0,1968.0,1982.0,1869.22119140625,84100.0,1998.15,1991.36,2027.4,1886.8,32.18884120171673,2007.08,-0.8799999999998818,10.169999999999844,-0.0694835680751173,2078.0,2016.0,1998.0,1980.0,90300.0
2023-07-20,1982.0,2002.0,1956.0,1956.0,1844.70068359375,77500.0,1999.4,1991.16,2027.04,1888.705,25.203252032520325,2005.26,-0.6000000000001364,10.074999999999818,-0.0816901408450704,2078.0,2024.0,1982.0,2001.0,84100.0
2023-07-21,1952.0,1964.0,1932.0,1959.0,1847.530029296875,71600.0,2000.8,1991.12,2026.72,1890.625,32.5,2003.14,-0.7066666666667061,10.075000000000044,-0.0763790664780763,2078.0,2002.0,1956.0,1982.0,77500.0
2023-07-22,1952.0,1964.0,1932.0,1959.0,1847.530029296875,71600.0,2002.2,1991.48,2026.6666666666667,1892.545,32.5,2000.24,-0.5466666666666242,9.894999999999982,-0.0684736091298146,2078.0,1964.0,1959.0,1952.0,71600.0
2023-07-23,1952.0,1964.0,1932.0,1959.0,1847.530029296875,71600.0,1999.5,1990.44,2026.32,1894.605,32.5,1997.34,-1.0933333333334758,9.839999999999918,-0.0545366795366795,2078.0,1964.0,1959.0,1952.0,71600.0
2023-07-24,1980.0,1984.0,1947.0,1966.0,1854.1317138671875,44100.0,1994.8,1990.48,2025.493333333333,1896.575,37.11340206185568,1994.58,-1.906666666666752,9.775000000000093,-0.0428432327166504,2078.0,1964.0,1959.0,1952.0,71600.0
2023-07-25,1946.0,1965.0,1945.0,1965.0,1853.1884765625,68000.0,1989.8,1991.84,2025.56,1898.61,35.60209424083769,1992.0,-1.4800000000000182,9.904999999999973,-0.04052734375,2078.0,1984.0,1966.0,1980.0,44100.0
2023-07-26,1958.0,1970.0,1938.0,1962.0,1850.3592529296875,49100.0,1984.0,1993.08,2024.32,1900.63,44.73684210526315,1989.5,-2.400000000000091,10.00500000000011,-0.0419921875,2029.0,1965.0,1965.0,1946.0,68000.0
2023-07-27,1947.0,1963.0,1938.0,1961.0,1849.4161376953125,42500.0,1980.6,1994.28,2023.0666666666664,1902.645,32.539682539682545,1987.32,-3.6000000000001364,10.099999999999907,-0.04248046875,2029.0,1970.0,1962.0,1958.0,49100.0
2023-07-28,1941.0,1996.0,1935.0,1993.0,1879.5953369140625,107800.0,1978.8,1993.48,2022.24,1904.82,60.833333333333336,1986.68,-4.079999999999927,10.214999999999918,-0.0329936923823386,2029.0,1963.0,1961.0,1947.0,42500.0
2023-07-29,1941.0,1996.0,1935.0,1993.0,1879.5953369140625,107800.0,1977.0,1990.8,2020.8133333333333,1906.775,60.833333333333336,1985.54,-4.680000000000064,10.200000000000044,-0.0464114832535885,2020.0,1996.0,1993.0,1941.0,107800.0
2023-07-30,1941.0,1996.0,1935.0,1993.0,1879.5953369140625,107800.0,1975.85,1987.92,2018.5333333333333,1908.8,60.833333333333336,1984.4,-7.026666666666642,10.190000000000056,-0.0263800683927699,2020.0,1996.0,1993.0,1941.0,107800.0
2023-07-31,2025.0,2028.0,1941.0,1953.0,1841.871337890625,185100.0,1972.5,1982.92,2015.4,1910.735,45.625,1982.46,-8.919999999999845,10.10499999999979,-0.0542372881355932,2005.0,1996.0,1993.0,1941.0,107800.0
2023-08-01,1958.0,1958.0,1907.0,1945.0,1834.3265380859373,109800.0,1970.85,1979.56,2012.7066666666667,1912.575,30.65693430656934,1980.48,-10.3599999999999,9.930000000000064,-0.0755703422053232,2005.0,2028.0,1953.0,2025.0,185100.0
2023-08-02,1916.0,1925.0,1895.0,1911.0,1802.261474609375,211900.0,1966.15,1974.84,2009.7866666666664,1914.245,27.0967741935484,1977.4,-12.453333333333376,9.424999999999956,-0.0917300380228136,1998.0,1958.0,1945.0,1958.0,109800.0
2023-08-03,2081.0,2169.0,2031.0,2126.0,2005.0274658203125,1028300.0,1974.1,1978.72,2009.733333333333,1916.99,74.70930232558139,1979.82,-11.079999999999927,10.214999999999918,0.0104562737642586,2126.0,1925.0,1911.0,1916.0,211900.0
2023-08-04,2126.0,2206.0,2126.0,2196.0,2071.04443359375,401700.0,1985.55,1985.92,2010.6133333333328,1920.07,78.83211678832117,1983.98,-7.920000000000073,11.269999999999982,0.0487106017191976,2196.0,2169.0,2126.0,2081.0,1028300.0
2023-08-05,2126.0,2206.0,2126.0,2196.0,2071.04443359375,401700.0,1997.0,1992.96,2011.6133333333328,1923.24,78.83211678832117,1989.08,-3.7866666666668607,12.50500000000011,0.0522280785816962,2196.0,2206.0,2196.0,2126.0,401700.0
2023-08-06,2126.0,2206.0,2126.0,2196.0,2071.04443359375,401700.0,2008.45,2001.68,2012.8533333333328,1926.265,78.83211678832117,1994.18,0.1466666666665332,13.690000000000056,0.0608695652173914,2196.0,2206.0,2196.0,2126.0,401700.0
2023-08-07,2189.0,2224.0,2187.0,2215.0,2088.963134765625,346400.0,2019.3,2010.08,2014.76,1929.49,79.43262411347517,1999.66,4.973333333333358,15.245000000000118,0.0938271604938272,2215.0,2206.0,2196.0,2126.0,401700.0
2023-08-08,2221.0,2221.0,2184.0,2198.0,2072.9306640625,156300.0,2030.1,2019.32,2016.68,1932.55,76.5375854214123,2004.48,6.946666666666715,15.559999999999944,0.0721951219512195,2215.0,2224.0,2215.0,2189.0,346400.0
2023-08-09,2175.0,2185.0,2130.0,2154.0,2031.43408203125,128800.0,2040.0,2026.8,2018.0933333333328,1935.39,70.0,2008.52,7.480000000000018,15.320000000000164,0.0507317073170732,2215.0,2221.0,2198.0,2221.0,156300.0
2023-08-10,2157.0,2172.0,2126.0,2165.0,2041.8084716796875,113500.0,2050.3,2034.72,2019.6533333333327,1938.285,70.81632653061224,2012.18,8.040000000000191,15.045000000000073,0.0560975609756098,2215.0,2185.0,2154.0,2175.0,128800.0
2023-08-11,2157.0,2172.0,2126.0,2165.0,2041.8084716796875,113500.0,2060.6,2042.64,2021.213333333333,1941.055,68.77729257641921,2015.84,8.360000000000127,14.789999999999964,0.0591976516634051,2215.0,2172.0,2165.0,2157.0,113500.0
2023-08-12,2157.0,2172.0,2126.0,2165.0,2041.8084716796875,113500.0,2070.9,2049.32,2022.6,1943.745,68.77729257641921,2019.92,7.839999999999918,14.254999999999882,0.0484261501210654,2215.0,2172.0,2165.0,2157.0,113500.0
2023-08-13,2157.0,2172.0,2126.0,2165.0,2041.8084716796875,113500.0,2080.85,2056.64,2023.6,1946.415,68.77729257641921,2024.0,6.919999999999845,13.865000000000007,0.0798004987531171,2215.0,2172.0,2165.0,2157.0,113500.0
2023-08-14,2191.0,2237.0,2189.0,2214.0,2088.020263671875,125700.0,2093.3,2066.96,2025.8266666666664,1949.43,77.94432548179871,2029.06,7.733333333333348,14.039999999999964,0.1136820925553319,2215.0,2172.0,2165.0,2157.0,113500.0
2023-08-15,2217.0,2217.0,2178.0,2180.0,2055.955078125,81400.0,2104.2,2075.8,2027.36,1952.29,73.83367139959432,2033.46,7.706666666666479,14.004999999999882,0.1231324059763008,2215.0,2237.0,2214.0,2191.0,125700.0
2023-08-16,2166.0,2196.0,2151.0,2185.0,2060.670166015625,74000.0,2115.4,2084.84,2028.44,1955.175,79.52586206896552,2038.16,7.226666666666688,14.11999999999989,0.1257083977331272,2215.0,2217.0,2180.0,2217.0,81400.0
2023-08-17,2185.0,2191.0,2138.0,2185.0,2060.670166015625,83200.0,2125.0,2093.88,2029.52,1958.06,61.847389558232926,2042.16,6.920000000000073,14.315000000000056,0.1257083977331272,2215.0,2196.0,2185.0,2166.0,74000.0
2023-08-18,2160.0,2166.0,2129.0,2160.0,2037.0928955078125,88100.0,2133.35,2101.64,2030.2666666666669,1960.565,41.1764705882353,2046.06,6.666666666666743,14.150000000000093,0.1037301992846193,2215.0,2191.0,2185.0,2185.0,83200.0
2023-08-19,2160.0,2166.0,2129.0,2160.0,2037.0928955078125,88100.0,2141.7,2109.44,2031.1466666666668,1963.195,41.1764705882353,2050.64,5.320000000000164,13.764999999999873,0.1065573770491803,2215.0,2166.0,2160.0,2160.0,88100.0
2023-08-20,2160.0,2166.0,2129.0,2160.0,2037.0928955078125,88100.0,2152.05,2117.36,2032.12,1965.665,41.1764705882353,2055.22,4.759999999999991,13.375,0.0898082744702319,2215.0,2166.0,2160.0,2160.0,88100.0
2023-08-21,2161.0,2199.0,2161.0,2184.0,2059.72705078125,64900.0,2164.0,2126.28,2033.64,1968.32,42.58373205741627,2060.28,5.2000000000000455,13.144999999999982,0.101917255297679,2215.0,2166.0,2160.0,2160.0,88100.0
2023-08-22,2191.0,2212.0,2176.0,2205.0,2079.5322265625,76900.0,2178.7,2134.76,2036.04,1971.075,51.64319248826291,2064.12,6.519999999999982,13.0150000000001,0.1244263131055583,2215.0,2199.0,2184.0,2161.0,64900.0
2023-08-23,2182.0,2229.0,2182.0,2229.0,2102.166748046875,143500.0,2183.85,2144.2,2038.4266666666667,1973.95,69.4300518134715,2067.5,8.160000000000082,13.384999999999993,0.1366649668536461,2229.0,2212.0,2205.0,2191.0,76900.0
2023-08-24,2220.0,2263.0,2220.0,2244.0,2116.31298828125,115700.0,2186.25,2154.24,2041.013333333333,1976.9,70.0507614213198,2071.08,9.86666666666656,13.705000000000156,0.1443141254462008,2244.0,2229.0,2229.0,2182.0,143500.0
2023-08-25,2236.0,2250.0,2220.0,2242.0,2114.4267578125,93900.0,2188.55,2165.8,2043.5733333333333,1979.795,69.34673366834171,2074.36,11.453333333333376,14.13000000000011,0.1438775510204082,2244.0,2263.0,2244.0,2220.0,115700.0
2023-08-26,2236.0,2250.0,2220.0,2242.0,2114.4267578125,93900.0,2190.85,2177.68,2046.213333333333,1982.545,69.34673366834171,2078.62,12.573333333333268,14.225000000000136,0.1497435897435897,2244.0,2250.0,2242.0,2236.0,93900.0
2023-08-27,2236.0,2250.0,2220.0,2242.0,2114.4267578125,93900.0,2192.2,2190.92,2048.5733333333333,1985.395,69.34673366834171,2082.88,12.533333333333305,14.319999999999936,0.1294710327455919,2244.0,2250.0,2242.0,2236.0,93900.0
2023-08-28,2256.0,2293.0,2232.0,2271.0,2141.776611328125,197600.0,2195.85,2196.72,2052.12,1988.33,65.92178770949721,2087.72,13.693333333333156,14.379999999999882,0.1557251908396946,2271.0,2250.0,2242.0,2236.0,93900.0
2023-08-29,2289.0,2292.0,2172.0,2210.0,2084.247802734375,256700.0,2198.65,2197.28,2055.08,1990.98,57.28155339805825,2091.6,14.066666666666606,14.079999999999927,0.1444847229414811,2271.0,2293.0,2271.0,2256.0,197600.0
2023-08-30,2222.0,2230.0,2197.0,2204.0,2078.58935546875,121800.0,2200.6,2197.6,2058.5866666666666,1993.6,54.589371980676326,2095.28,15.01333333333332,13.804999999999836,0.1413775245986535,2271.0,2292.0,2210.0,2289.0,256700.0
2023-08-31,2221.0,2292.0,2218.0,2271.0,2141.776611328125,216000.0,2205.9,2200.6,2062.9866666666667,1996.555,65.69343065693431,2101.14,16.773333333333312,14.009999999999993,0.1760745727602277,2271.0,2230.0,2204.0,2222.0,121800.0
2023-09-01,2275.0,2289.0,2245.0,2270.0,2140.83349609375,88600.0,2211.15,2202.8,2067.373333333333,1999.415,72.0,2106.44,18.800000000000185,14.019999999999982,0.1276701440635868,2271.0,2292.0,2271.0,2221.0,216000.0
2023-09-02,2275.0,2289.0,2245.0,2270.0,2140.83349609375,88600.0,2216.4,2205.68,2071.5466666666666,2002.115,72.0,2112.5,19.426666666666733,13.785000000000082,0.1019417475728154,2271.0,2289.0,2270.0,2275.0,88600.0
2023-09-03,2275.0,2289.0,2245.0,2270.0,2140.83349609375,88600.0,2219.2,2210.32,2075.786666666667,2004.965,72.0,2118.56,20.706666666666933,13.9849999999999,0.0992736077481839,2271.0,2289.0,2270.0,2275.0,88600.0
2023-09-04,2275.0,2293.0,2265.0,2290.0,2159.695556640625,82800.0,2224.7,2215.32,2079.893333333333,2007.495,71.54471544715447,2125.02,21.306666666666843,13.894999999999982,0.1020211742059673,2290.0,2289.0,2270.0,2275.0,88600.0
2023-09-05,2290.0,2309.0,2275.0,2296.0,2165.354248046875,104300.0,2230.25,2220.56,2084.08,2010.015,69.69696969696969,2131.6,21.09333333333325,13.460000000000036,0.1315919172005915,2296.0,2293.0,2290.0,2275.0,82800.0
2023-09-06,2267.0,2287.0,2227.0,2233.0,2105.93896484375,133100.0,2232.65,2223.28,2087.7066666666665,2012.22,50.74074074074075,2136.3,20.33333333333303,12.805000000000064,0.1005421389847216,2296.0,2309.0,2296.0,2290.0,104300.0
2023-09-07,2233.0,2268.0,2218.0,2247.0,2119.142333984375,109800.0,2237.0,2226.56,2091.52,2014.495,50.55762081784386,2141.6,19.97333333333336,12.379999999999882,0.1074420896993593,2296.0,2287.0,2233.0,2267.0,133100.0
2023-09-08,2231.0,2240.0,2186.0,2191.0,2066.3291015625,103100.0,2238.55,2225.64,2094.5866666666666,2016.24,42.10526315789473,2146.3,18.799999999999727,11.275000000000093,0.0868055555555555,2296.0,2268.0,2247.0,2233.0,109800.0
2023-09-09,2231.0,2240.0,2186.0,2191.0,2066.3291015625,103100.0,2240.1,2226.08,2097.6666666666665,2018.05,42.10526315789473,2150.94,17.773333333333085,10.555000000000064,0.0846534653465347,2296.0,2240.0,2191.0,2231.0,103100.0
2023-09-10,2231.0,2240.0,2186.0,2191.0,2066.3291015625,103100.0,2240.45,2226.32,2100.88,2020.06,42.10526315789473,2155.58,16.800000000000182,10.044999999999844,0.1076845298281092,2296.0,2240.0,2191.0,2231.0,103100.0
2023-09-11,2204.0,2215.0,2130.0,2140.0,2018.230712890625,158900.0,2237.2,2224.52,2102.9466666666667,2021.815,31.014492753623188,2159.2,15.240000000000236,9.595000000000027,0.0673316708229425,2296.0,2240.0,2191.0,2231.0,103100.0
2023-09-12,2139.0,2143.0,2105.0,2128.0,2006.9136962890625,103100.0,2232.15,2223.24,2105.12,2023.515,36.148648648648646,2162.44,13.599999999999907,9.02000000000021,0.0818505338078292,2296.0,2215.0,2140.0,2204.0,158900.0
2023-09-13,2115.0,2124.0,2101.0,2113.0,1992.767333984375,98500.0,2225.6,2221.36,2107.5466666666666,2025.14,35.08196721311475,2165.4,12.960000000000036,8.900000000000091,0.0742247076766648,2296.0,2143.0,2128.0,2139.0,103100.0
2023-09-14,2126.0,2155.0,2107.0,2149.0,2026.7188720703125,62800.0,2220.95,2220.92,2110.4533333333334,2026.945,27.73722627737225,2169.14,12.78666666666686,8.894999999999982,0.092526690391459,2296.0,2124.0,2113.0,2115.0,98500.0
2023-09-15,2144.0,2198.0,2130.0,2191.0,2066.3291015625,150300.0,2218.4,2221.2,2113.92,2028.935,37.46031746031746,2173.74,13.039999999999964,8.875,0.1138790035587189,2296.0,2155.0,2149.0,2126.0,62800.0
2023-09-16,2144.0,2198.0,2130.0,2191.0,2066.3291015625,150300.0,2215.85,2220.64,2116.293333333333,2030.98,37.46031746031746,2177.7,13.346666666666806,9.164999999999964,0.0965965965965967,2296.0,2198.0,2191.0,2144.0,150300.0
2023-09-17,2144.0,2198.0,2130.0,2191.0,2066.3291015625,150300.0,2211.85,2219.12,2118.04,2033.04,37.46031746031746,2181.66,12.920000000000073,9.524999999999864,0.1054490413723512,2296.0,2198.0,2191.0,2144.0,150300.0
2023-09-18,2144.0,2198.0,2130.0,2191.0,2066.3291015625,150300.0,2210.9,2217.0,2119.72,2034.99,33.22033898305085,2185.62,12.173333333333176,9.849999999999907,0.1201431492842535,2296.0,2198.0,2191.0,2144.0,150300.0
2023-09-19,2162.0,2167.0,2133.0,2144.0,2022.0032958984373,115900.0,2207.9,2213.08,2120.6,2036.615,27.38095238095238,2189.44,10.146666666666531,9.670000000000073,0.0944359367023992,2296.0,2198.0,2191.0,2144.0,150300.0
2023-09-20,2121.0,2126.0,2109.0,2113.0,1992.767333984375,91200.0,2200.0,2207.92,2121.72,2038.085,30.26315789473685,2192.8,7.799999999999727,9.150000000000093,0.0786115364982134,2296.0,2167.0,2144.0,2162.0,115900.0
2023-09-21,2095.0,2101.0,2055.0,2076.0,1957.87255859375,119900.0,2190.3,2201.28,2122.346666666667,2039.37,23.853211009174306,2196.1,6.053333333333285,8.389999999999873,0.0597243491577335,2296.0,2126.0,2113.0,2121.0,91200.0
2023-09-22,2059.0,2127.0,2054.0,2120.0,1999.369140625,95500.0,2182.8,2195.24,2123.56,2040.94,38.73015873015873,2195.98,5.519999999999982,7.900000000000091,0.0783316378433367,2296.0,2101.0,2076.0,2095.0,119900.0
2023-09-23,2059.0,2127.0,2054.0,2120.0,1999.369140625,95500.0,2175.3,2191.64,2124.9466666666667,2042.325,38.73015873015873,2194.46,5.226666666666915,7.335000000000036,0.078880407124682,2296.0,2127.0,2120.0,2059.0,95500.0
2023-09-24,2059.0,2127.0,2054.0,2120.0,1999.369140625,95500.0,2166.8,2188.28,2126.28,2043.675,38.73015873015873,2192.94,5.680000000000291,7.059999999999945,0.0805300713557595,2296.0,2127.0,2120.0,2059.0,95500.0
2023-09-25,2120.0,2161.0,2113.0,2152.0,2029.548095703125,89400.0,2159.6,2183.52,2128.6,2044.895,52.02702702702703,2192.06,6.880000000000109,6.809999999999945,0.0973992860785313,2247.0,2127.0,2120.0,2059.0,95500.0
2023-09-26,2153.0,2167.0,2120.0,2125.0,2004.084228515625,83300.0,2154.2,2177.72,2130.2,2045.955,49.517684887459815,2190.26,7.853333333333012,6.585000000000036,0.0662318113396889,2247.0,2161.0,2152.0,2120.0,89400.0
2023-09-27,2106.0,2149.0,2101.0,2147.0,2024.8326416015625,106700.0,2149.2,2172.8,2132.6,2047.125,55.34591194968554,2189.24,9.039999999999964,6.184999999999945,0.0772704465629703,2191.0,2167.0,2125.0,2153.0,83300.0
2023-09-28,2107.0,2135.0,2102.0,2128.0,2021.0335693359373,78500.0,2146.05,2167.12,2134.7466666666664,2048.2,46.51162790697674,2188.72,9.799999999999727,5.874999999999773,0.0677370797792273,2191.0,2149.0,2147.0,2106.0,106700.0
2023-09-29,2128.0,2148.0,2106.0,2128.0,2021.0335693359373,101500.0,2142.9,2160.64,2136.893333333333,2049.345,37.83783783783784,2187.98,10.61333333333323,5.669999999999845,0.0896057347670251,2191.0,2135.0,2128.0,2107.0,78500.0
2023-09-30,2128.0,2148.0,2106.0,2128.0,2021.0335693359373,101500.0,2139.75,2153.92,2139.04,2050.575,37.83783783783784,2187.24,10.440000000000056,5.679999999999836,0.0940874035989718,2191.0,2148.0,2128.0,2128.0,101500.0
2023-10-01,2128.0,2148.0,2106.0,2128.0,2021.0335693359373,101500.0,2139.15,2149.72,2140.773333333333,2051.59,37.83783783783784,2186.5,10.57333333333372,5.635000000000218,0.1135531135531136,2191.0,2148.0,2128.0,2128.0,101500.0
2023-10-02,2145.0,2148.0,2080.0,2095.0,1989.6922607421875,143100.0,2137.5,2143.64,2142.28,2052.445,33.56164383561644,2185.1,9.680000000000293,5.320000000000164,-0.0145813734713076,2191.0,2148.0,2128.0,2128.0,101500.0
2023-10-03,2096.0,2110.0,2085.0,2090.0,1984.9437255859373,86200.0,2136.35,2139.6,2144.0666666666666,2053.005,39.2,2182.62,9.320000000000164,4.805000000000291,-0.0482695810564662,2191.0,2148.0,2095.0,2145.0,143100.0
2023-10-04,2060.0,2070.0,2037.0,2060.0,1956.4517822265625,228000.0,2131.9,2134.36,2145.4133333333334,2053.415,39.3574297188755,2180.22,8.519999999999982,4.070000000000164,-0.0619307832422586,2191.0,2110.0,2090.0,2096.0,86200.0
2023-10-05,2077.0,2095.0,2054.0,2088.0,1983.0443115234373,102400.0,2126.75,2130.24,2147.133333333333,2053.965,52.50000000000001,2178.28,8.093333333333248,3.3900000000003274,-0.0491803278688525,2191.0,2070.0,2060.0,2060.0,228000.0
2023-10-06,2073.0,2093.0,2060.0,2080.0,1975.4464111328125,99400.0,2121.2,2127.84,2148.7466666666664,2054.735,40.19607843137256,2176.18,7.973333333332903,3.144999999999982,-0.0609480812641083,2191.0,2095.0,2088.0,2077.0,102400.0
2023-10-07,2073.0,2093.0,2060.0,2080.0,1975.4464111328125,99400.0,2115.65,2125.92,2150.266666666667,2055.505,40.19607843137256,2174.58,7.986666666666679,3.059999999999945,-0.0536851683348498,2191.0,2093.0,2080.0,2073.0,99400.0
2023-10-08,2073.0,2093.0,2060.0,2080.0,1975.4464111328125,99400.0,2110.1,2124.6,2151.8,2056.07,40.19607843137256,2172.98,7.733333333333576,3.0650000000000546,-0.0343546889507891,2152.0,2093.0,2080.0,2073.0,99400.0
2023-10-09,2073.0,2093.0,2060.0,2080.0,1975.4464111328125,99400.0,2106.9,2121.84,2153.373333333333,2056.705,29.069767441860463,2171.38,7.960000000000036,3.289999999999964,-0.0392609699769053,2152.0,2093.0,2080.0,2073.0,99400.0
2023-10-10,2060.0,2098.0,2057.0,2085.0,1980.195068359375,97100.0,2105.5,2117.6,2155.026666666666,2057.565,36.66666666666666,2169.4,7.89333333333343,3.599999999999909,-0.0369515011547344,2152.0,2093.0,2080.0,2073.0,99400.0
2023-10-11,2067.0,2077.0,1998.0,1998.0,1897.568115234375,232000.0,2101.6,2109.88,2155.093333333333,2057.99,15.348837209302332,2165.26,6.346666666666806,3.2549999999996544,-0.0771362586605081,2152.0,2098.0,2085.0,2060.0,97100.0
2023-10-12,2001.0,2083.0,2001.0,2077.0,1972.5970458984373,102400.0,2099.45,2105.32,2156.213333333333,2058.81,40.72727272727273,2162.22,5.94666666666626,3.3049999999998363,-0.0406466512702078,2152.0,2077.0,1998.0,2067.0,232000.0
2023-10-13,2054.0,2055.0,2024.0,2036.0,1933.6580810546875,75700.0,2095.25,2099.12,2156.786666666667,2059.355,35.44303797468355,2158.06,4.986666666666679,3.2849999999998545,-0.080397470641373,2152.0,2083.0,2077.0,2001.0,102400.0
2023-10-14,2054.0,2055.0,2024.0,2036.0,1933.6580810546875,75700.0,2091.05,2094.8,2157.893333333333,2059.815,35.44303797468355,2153.94,4.519999999999982,3.110000000000128,-0.0660550458715596,2152.0,2055.0,2036.0,2054.0,75700.0
2023-10-15,2054.0,2055.0,2024.0,2036.0,1933.6580810546875,75700.0,2085.25,2091.72,2159.1066666666666,2060.1,35.44303797468355,2149.82,4.079999999999927,2.5349999999998545,-0.0681922196796338,2147.0,2055.0,2036.0,2054.0,75700.0
2023-10-16,2035.0,2058.0,2030.0,2047.0,1944.1051025390625,62700.0,2081.35,2090.56,2160.92,2060.375,41.83673469387755,2145.92,5.826666666666824,2.3850000000002183,-0.063157894736842,2147.0,2055.0,2036.0,2054.0,75700.0
2023-10-17,2054.0,2092.0,2045.0,2048.0,1945.0548095703125,73700.0,2076.4,2087.68,2159.88,2060.665,42.75862068965517,2141.46,3.66666666666697,1.8550000000000184,-0.0518518518518518,2128.0,2058.0,2047.0,2035.0,62700.0
2023-10-18,2050.0,2058.0,2027.0,2052.0,1948.853759765625,94800.0,2072.6,2084.96,2157.96,2060.975,48.48484848484848,2138.3,1.1733333333331757,1.6199999999998909,-0.05,2128.0,2092.0,2048.0,2054.0,73700.0
2023-10-19,2020.0,2065.0,2020.0,2044.0,1941.256103515625,113800.0,2068.4,2081.92,2155.9333333333334,2061.245,40.98360655737705,2135.1,-1.9600000000000364,1.4299999999998363,-0.0537037037037037,2128.0,2058.0,2052.0,2050.0,94800.0
2023-10-20,2034.0,2054.0,2031.0,2034.0,1931.7586669921875,49800.0,2063.7,2077.2,2153.773333333333,2061.42,40.650406504065046,2130.36,-5.33333333333303,1.3200000000001637,-0.0686813186813186,2128.0,2065.0,2044.0,2020.0,113800.0
2023-10-21,2034.0,2054.0,2031.0,2034.0,1931.7586669921875,49800.0,2059.0,2073.56,2151.36,2061.56,40.650406504065046,2125.64,-9.559999999999944,1.1849999999999454,-0.0775510204081633,2095.0,2054.0,2034.0,2034.0,49800.0
2023-10-22,2034.0,2054.0,2031.0,2034.0,1931.7586669921875,49800.0,2055.95,2069.04,2149.173333333333,2061.93,40.650406504065046,2120.92,-10.706666666666932,1.264999999999873,-0.0874831763122476,2090.0,2054.0,2034.0,2034.0,49800.0
2023-10-23,2018.0,2032.0,2011.0,2024.0,1922.261474609375,63300.0,2052.65,2064.88,2147.44,2062.5,39.0625,2116.0,-10.519999999999982,1.525000000000091,-0.0980392156862745,2088.0,2054.0,2034.0,2034.0,49800.0
2023-10-24,2005.0,2030.0,1973.0,2028.0,1926.060302734375,128300.0,2051.05,2060.88,2145.613333333333,2063.15,38.8235294117647,2110.76,-10.320000000000164,1.9050000000002,-0.095450490633363,2088.0,2032.0,2024.0,2018.0,63300.0
2023-10-25,2028.0,2049.0,2017.0,2025.0,1923.2110595703125,72200.0,2047.9,2056.76,2143.7466666666664,2063.785,57.89473684210526,2105.34,-10.026666666667095,2.3649999999997817,-0.0967885816235504,2085.0,2030.0,2028.0,2005.0,128300.0
2023-10-26,2009.0,2042.0,2007.0,2040.0,1937.4571533203125,81100.0,2045.9,2053.24,2142.08,2064.495,32.71028037383178,2101.48,-9.2800000000002,2.934999999999945,-0.0900981266726137,2085.0,2049.0,2025.0,2028.0,72200.0
2023-10-27,2029.0,2077.0,2023.0,2077.0,1972.5970458984373,114000.0,2045.75,2052.52,2140.9066666666668,2065.43,69.90291262135922,2098.08,-8.266666666666424,3.5,-0.0854249229414354,2085.0,2042.0,2040.0,2009.0,81100.0
2023-10-28,2029.0,2077.0,2023.0,2077.0,1972.5970458984373,114000.0,2045.6,2052.0,2139.08,2066.27,69.90291262135922,2095.8,-8.360000000000127,3.769999999999982,-0.0601809954751131,2085.0,2077.0,2077.0,2029.0,114000.0
2023-10-29,2029.0,2077.0,2023.0,2077.0,1972.5970458984373,114000.0,2045.45,2052.68,2137.7066666666665,2067.275,69.90291262135922,2093.52,-7.906666666666751,4.125,-0.057622504537205,2085.0,2077.0,2077.0,2029.0,114000.0
2023-10-30,2053.0,2077.0,2028.0,2036.0,1933.6580810546875,89400.0,2043.0,2050.6,2135.72,2068.11,45.86466165413533,2090.42,-8.026666666666642,4.325000000000273,-0.1034786437692646,2077.0,2077.0,2077.0,2029.0,114000.0
2023-10-31,2071.0,2071.0,2035.0,2060.0,1956.4517822265625,117300.0,2046.1,2049.8,2134.0533333333333,2068.805,53.84615384615384,2088.82,-8.026666666666642,4.309999999999945,-0.092511013215859,2077.0,2077.0,2036.0,2053.0,89400.0
2023-11-01,2160.0,2170.0,2058.0,2060.0,1956.4517822265625,216400.0,2045.25,2049.0,2132.72,2069.5,52.631578947368425,2087.46,-8.186666666666952,4.070000000000164,-0.092511013215859,2077.0,2071.0,2060.0,2071.0,117300.0
2023-11-02,2072.0,2101.0,2054.0,2067.0,1963.0997314453125,118800.0,2046.8,2048.48,2131.48,2070.23,57.615894039735096,2086.54,-7.599999999999909,3.960000000000037,-0.0894273127753304,2077.0,2170.0,2060.0,2160.0,216400.0
2023-11-03,2072.0,2101.0,2054.0,2067.0,1963.0997314453125,118800.0,2048.35,2047.96,2130.24,2070.885,61.70212765957447,2084.9,-7.466666666666697,3.6100000000001273,-0.0973799126637554,2077.0,2101.0,2067.0,2072.0,118800.0
2023-11-04,2072.0,2101.0,2054.0,2067.0,1963.0997314453125,118800.0,2049.9,2047.24,2128.68,2071.345,61.70212765957447,2082.42,-7.039999999999964,3.2349999999996726,-0.0997386759581882,2077.0,2101.0,2067.0,2072.0,118800.0
2023-11-05,2072.0,2101.0,2054.0,2067.0,1963.0997314453125,118800.0,2050.9,2050.0,2126.84,2071.81,61.70212765957447,2079.94,-7.213333333333139,3.005000000000109,-0.0743394536497984,2077.0,2101.0,2067.0,2072.0,118800.0
2023-11-06,2100.0,2100.0,2055.0,2079.0,1974.49658203125,198300.0,2052.45,2050.08,2124.84,2072.41,69.23076923076923,2077.7,-7.879999999999654,2.9099999999998545,-0.0747663551401869,2079.0,2101.0,2067.0,2072.0,118800.0
2023-11-07,2080.0,2081.0,1927.0,1938.0,1840.5841064453125,931700.0,2046.75,2046.16,2120.76,2072.225,33.92857142857143,2072.64,-10.7199999999998,1.9949999999998909,-0.1154723870378822,2079.0,2100.0,2079.0,2100.0,198300.0
2023-11-08,1938.0,1988.0,1931.0,1956.0,1857.679443359375,280700.0,2042.35,2042.96,2116.9466666666667,2072.13,38.30508474576271,2068.88,-13.293333333333068,1.2449999999998909,-0.107256960292104,2079.0,2081.0,1938.0,2080.0,931700.0
2023-11-09,1959.0,1965.0,1925.0,1954.0,1855.77978515625,119700.0,2038.35,2039.68,2113.1066666666666,2072.025,34.751773049645394,2065.7,-15.573333333333268,0.680000000000291,-0.1081697854860793,2079.0,1988.0,1956.0,1938.0,280700.0
2023-11-10,1965.0,1998.0,1958.0,1995.0,1894.718994140625,154000.0,2036.4,2037.6,2109.813333333333,2072.015,35.66433566433567,2064.08,-17.026666666666642,0.2049999999999272,-0.0677570093457944,2079.0,1965.0,1954.0,1959.0,119700.0
2023-11-11,1965.0,1998.0,1958.0,1995.0,1894.718994140625,154000.0,2034.45,2035.48,2106.133333333333,2071.985,35.66433566433567,2061.58,-18.706666666666933,-0.4249999999997271,-0.0625,2079.0,1998.0,1995.0,1965.0,154000.0
2023-11-12,1965.0,1998.0,1958.0,1995.0,1894.718994140625,154000.0,2033.0,2033.2,2103.266666666667,2072.18,35.66433566433567,2059.08,-17.49333333333334,-0.0450000000000727,-0.0558447704685282,2079.0,1998.0,1995.0,1965.0,154000.0
2023-11-13,2010.0,2023.0,1983.0,2010.0,1908.9649658203125,80000.0,2032.1,2031.84,2100.68,2072.43,45.00000000000001,2056.88,-16.26666666666688,0.2999999999997271,-0.0646812470916705,2079.0,1998.0,1995.0,1965.0,154000.0
2023-11-14,2006.0,2044.0,2001.0,2011.0,1909.9146728515625,78500.0,2031.4,2030.92,2097.213333333333,2072.485,39.66244725738397,2054.06,-15.89333333333343,0.4600000000000364,-0.0821542674577818,2079.0,2023.0,2010.0,2010.0,80000.0
2023-11-15,2012.0,2030.0,1982.0,2020.0,1918.46240234375,120400.0,2030.4,2030.36,2093.88,2072.585,41.869918699187,2051.96,-15.933333333333394,0.5700000000001637,-0.0780465540848927,2079.0,2044.0,2011.0,2006.0,78500.0
2023-11-16,2006.0,2010.0,1968.0,1968.0,1869.076171875,72500.0,2024.95,2027.72,2089.853333333333,2072.425,32.98969072164948,2048.38,-16.279999999999745,0.4400000000000545,-0.1017800091282519,2079.0,2030.0,2020.0,2012.0,120400.0
2023-11-17,1959.0,1983.0,1943.0,1983.0,1883.322265625,76200.0,2020.25,2026.08,2086.026666666666,2072.265,36.27450980392157,2045.48,-17.240000000000236,0.0850000000000363,-0.0949338201734367,2079.0,2010.0,1968.0,2006.0,72500.0
2023-11-18,1959.0,1983.0,1943.0,1983.0,1883.322265625,76200.0,2015.55,2024.28,2081.9333333333334,2072.265,36.27450980392157,2042.58,-18.74666666666644,-0.1649999999999636,-0.0750932835820895,2079.0,1983.0,1983.0,1959.0,76200.0
2023-11-19,1959.0,1983.0,1943.0,1983.0,1883.322265625,76200.0,2012.9,2022.6,2077.76,2072.265,36.27450980392157,2039.68,-19.45333333333292,-0.2200000000002546,-0.0615238996687175,2079.0,1983.0,1983.0,1959.0,76200.0
2023-11-20,1995.0,2006.0,1940.0,1940.0,1842.483642578125,75300.0,2006.9,2018.6,2073.853333333333,2072.05,29.376854599406528,2035.92,-20.02666666666664,-0.5349999999998545,-0.0655105973025048,2079.0,1983.0,1983.0,1959.0,76200.0
2023-11-21,1765.0,1807.0,1714.0,1723.0,1636.391357421875,1491100.0,1990.05,2004.44,2066.866666666667,2070.75,23.97094430992736,2028.48,-22.98666666666668,-1.675000000000182,-0.1872641509433962,2079.0,2006.0,1940.0,1995.0,75300.0
2023-11-22,1706.0,1751.0,1706.0,1737.0,1649.687744140625,864300.0,1973.55,1990.84,2060.813333333333,2069.52,23.22738386308069,2021.42,-25.21333333333314,-2.744999999999891,-0.1806603773584906,2079.0,1807.0,1723.0,1765.0,1491100.0
2023-11-23,1706.0,1751.0,1706.0,1737.0,1649.687744140625,864300.0,1957.05,1977.24,2054.76,2068.29,23.34152334152334,2014.96,-27.173333333333176,-3.974999999999909,-0.1806603773584906,2079.0,1751.0,1737.0,1706.0,864300.0
2023-11-24,1740.0,1772.0,1738.0,1751.0,1662.98388671875,875200.0,1941.25,1965.84,2048.893333333333,2067.23,17.894736842105274,2008.22,-28.866666666666788,-5.034999999999855,-0.1863382899628253,2079.0,1751.0,1737.0,1706.0,864300.0
2023-11-25,1740.0,1772.0,1738.0,1751.0,1662.98388671875,875200.0,1925.45,1953.48,2043.7066666666667,2066.06,17.894736842105274,2001.64,-30.14666666666676,-5.9900000000002365,-0.176,2079.0,1772.0,1751.0,1740.0,875200.0
2023-11-26,1740.0,1772.0,1738.0,1751.0,1662.98388671875,875200.0,1909.05,1941.12,2038.68,2064.675,17.894736842105274,1995.06,-28.186666666666724,-6.074999999999818,-0.1844434094084769,2020.0,1772.0,1751.0,1740.0,875200.0
2023-11-27,1726.0,1748.0,1694.0,1696.0,1610.7486572265625,737400.0,1896.95,1926.28,2033.12,2063.355,12.61904761904762,1987.38,-27.69333333333361,-6.164999999999964,-0.2030075187969925,2020.0,1772.0,1751.0,1740.0,875200.0
2023-11-28,1682.0,1705.0,1641.0,1645.0,1562.312255859375,1138800.0,1881.4,1909.4,2026.4,2061.305,11.063829787234042,1978.68,-28.360000000000127,-6.985000000000127,-0.2269736842105263,2020.0,1748.0,1696.0,1726.0,737400.0
2023-11-29,1603.0,1629.0,1535.0,1536.0,1458.791259765625,3624200.0,1860.5,1888.16,2017.6666666666667,2058.71,7.543859649122808,1967.7,-31.226666666666688,-8.519999999999982,-0.2781954887218045,2020.0,1705.0,1645.0,1682.0,1138800.0
2023-11-30,1530.0,1530.0,1496.0,1501.0,1425.5504150390625,3555500.0,1835.8,1865.52,2008.4666666666667,2055.94,7.775768535262202,1957.76,-35.24000000000001,-10.11999999999989,-0.2946428571428571,2020.0,1629.0,1536.0,1603.0,3624200.0
2023-12-01,1504.0,1506.0,1489.0,1489.0,1414.1536865234375,2779800.0,1810.5,1841.92,1999.1066666666663,2052.885,5.0909090909090935,1946.0,-39.57333333333349,-11.789999999999964,-0.2892601431980907,2020.0,1530.0,1501.0,1530.0,3555500.0
2023-12-02,1504.0,1506.0,1489.0,1489.0,1414.1536865234375,2779800.0,1785.2,1823.96,1989.746666666667,2049.51,5.0909090909090935,1935.06,-43.37333333333322,-13.8449999999998,-0.2875598086124402,2020.0,1506.0,1489.0,1504.0,2779800.0
2023-12-03,1504.0,1506.0,1489.0,1489.0,1414.1536865234375,2779800.0,1759.15,1805.28,1981.013333333333,2046.015,5.0909090909090935,1924.12,-45.38666666666677,-15.289999999999736,-0.2771844660194175,2020.0,1506.0,1489.0,1504.0,2779800.0
2023-12-04,1474.0,1505.0,1456.0,1497.0,1421.75146484375,1148100.0,1733.45,1787.0,1972.8,2042.765,6.990291262135926,1913.34,-44.86666666666679,-15.944999999999936,-0.2830459770114942,2020.0,1506.0,1489.0,1504.0,2779800.0
2023-12-05,1507.0,1510.0,1472.0,1473.0,1398.9580078125,1022500.0,1706.1,1766.12,1964.76,2039.48,11.180124223602476,1901.86,-43.70666666666671,-16.460000000000036,-0.291826923076923,1983.0,1505.0,1497.0,1474.0,1148100.0
2023-12-06,1458.0,1507.0,1451.0,1488.0,1413.2039794921875,1453000.0,1682.1,1745.84,1956.3333333333333,2036.27,11.45510835913312,1890.66,-42.77333333333331,-16.615000000000236,-0.2846153846153846,1983.0,1510.0,1473.0,1507.0,1022500.0
2023-12-07,1483.0,1487.0,1452.0,1469.0,1395.1590576171875,5112200.0,1656.4,1724.8,1947.6533333333327,2032.965,10.818713450292408,1879.0,-42.09333333333325,-16.5450000000003,-0.2937499999999999,1983.0,1507.0,1488.0,1458.0,1453000.0
2023-12-08,1466.0,1476.0,1441.0,1472.0,1398.00830078125,1342200.0,1630.85,1703.28,1939.013333333333,2029.72,7.854984894259829,1867.56,-42.0,-16.295000000000073,-0.2923076923076922,1983.0,1487.0,1469.0,1483.0,5112200.0
2023-12-09,1466.0,1476.0,1441.0,1472.0,1398.00830078125,1342200.0,1605.3,1681.72,1929.9466666666667,2026.565,7.854984894259829,1856.32,-42.85333333333324,-16.200000000000045,-0.2940047961630695,1940.0,1476.0,1472.0,1466.0,1342200.0
2023-12-10,1466.0,1476.0,1441.0,1472.0,1398.00830078125,1342200.0,1581.9,1659.8,1921.24,2023.565,7.854984894259829,1845.08,-43.51999999999998,-15.914999999999964,-0.2632632632632632,1751.0,1476.0,1472.0,1466.0,1342200.0
2023-12-11,1472.0,1489.0,1463.0,1479.0,1404.6563720703125,863700.0,1569.7,1640.24,1912.3333333333333,2020.69,11.660777385159022,1833.98,-44.0,-15.579999999999927,-0.2879152623976889,1751.0,1476.0,1472.0,1466.0,1342200.0
2023-12-12,1492.0,1505.0,1412.0,1417.0,1345.7728271484375,1642500.0,1553.7,1617.6,1902.8533333333328,2017.535,11.22448979591836,1821.84,-44.80000000000018,-15.429999999999836,-0.3040275049115913,1751.0,1489.0,1479.0,1472.0,863700.0
2023-12-13,1447.0,1448.0,1382.0,1400.0,1329.62744140625,1333800.0,1536.85,1594.28,1893.1466666666668,2014.295,16.336633663366328,1809.28,-45.86666666666656,-15.424999999999956,-0.31237721021611,1751.0,1505.0,1417.0,1492.0,1642500.0
2023-12-14,1459.0,1466.0,1417.0,1437.0,1364.7674560546875,1058000.0,1521.15,1572.44,1883.9333333333327,2011.24,34.31372549019608,1797.52,-46.01333333333332,-15.325000000000044,-0.2942043222003929,1751.0,1448.0,1400.0,1447.0,1333800.0
2023-12-15,1497.0,1517.0,1420.0,1448.0,1375.214599609375,1316100.0,1506.0,1552.76,1874.8666666666663,2008.175,39.90147783251232,1785.68,-46.37333333333345,-15.3900000000001,-0.2926233512457254,1751.0,1466.0,1437.0,1459.0,1058000.0
2023-12-16,1497.0,1517.0,1420.0,1448.0,1375.214599609375,1316100.0,1490.85,1541.76,1866.24,2004.965,39.90147783251232,1773.1,-46.09333333333325,-15.725000000000136,-0.29296875,1696.0,1517.0,1448.0,1497.0,1316100.0
2023-12-17,1497.0,1517.0,1420.0,1448.0,1375.214599609375,1316100.0,1478.45,1530.2,1857.68,2001.97,39.90147783251232,1760.52,-45.173333333333176,-15.565000000000056,-0.2943469785575049,1645.0,1517.0,1448.0,1497.0,1316100.0
2023-12-18,1444.0,1473.0,1432.0,1467.0,1393.259521484375,607000.0,1469.55,1519.4,1849.7733333333333,1998.98,42.99065420560748,1748.32,-43.37333333333345,-15.315000000000056,-0.2822896281800391,1536.0,1517.0,1448.0,1497.0,1316100.0
2023-12-19,1470.0,1511.0,1463.0,1489.0,1414.1536865234375,756400.0,1467.2,1508.92,1841.7866666666664,1995.905,53.77358490566038,1737.38,-42.14666666666676,-15.335000000000036,-0.267944936086529,1501.0,1473.0,1467.0,1444.0,607000.0
2023-12-20,1473.0,1494.0,1468.0,1481.0,1406.5557861328125,373200.0,1466.2,1498.12,1833.8,1992.79,48.29268292682927,1725.8,-41.066666666666606,-15.384999999999993,-0.2718780727630285,1497.0,1511.0,1489.0,1470.0,756400.0
2023-12-21,1463.0,1477.0,1448.0,1475.0,1400.8575439453125,426800.0,1465.5,1487.08,1825.733333333333,1989.645,51.5625,1714.1,-40.50666666666666,-15.319999999999936,-0.2748279252704031,1497.0,1494.0,1481.0,1473.0,373200.0
2023-12-22,1485.0,1510.0,1473.0,1505.0,1429.349365234375,707000.0,1466.3,1479.44,1818.0666666666664,1986.7,57.53424657534246,1702.86,-39.61333333333346,-15.269999999999982,-0.2564229249011858,1505.0,1477.0,1475.0,1463.0,426800.0
2023-12-23,1485.0,1510.0,1473.0,1505.0,1429.349365234375,707000.0,1467.1,1473.84,1810.4,1983.79,57.53424657534246,1691.62,-39.37333333333322,-15.190000000000056,-0.2578895463510848,1505.0,1510.0,1505.0,1485.0,707000.0
2023-12-24,1485.0,1510.0,1473.0,1505.0,1429.349365234375,707000.0,1467.5,1472.6,1802.6666666666667,1980.965,57.53424657534246,1680.38,-39.11999999999989,-14.940000000000056,-0.2567901234567901,1505.0,1510.0,1505.0,1485.0,707000.0
2023-12-25,1510.0,1527.0,1484.0,1487.0,1412.2542724609375,516600.0,1468.2,1472.04,1795.8533333333332,1978.275,51.73913043478261,1668.78,-37.94666666666672,-14.514999999999873,-0.271078431372549,1505.0,1510.0,1505.0,1485.0,707000.0
2023-12-26,1510.0,1518.0,1494.0,1497.0,1421.75146484375,415400.0,1468.65,1472.36,1788.12,1975.51,72.47191011235955,1657.14,-37.61333333333346,-14.134999999999993,-0.2792489167067886,1505.0,1527.0,1487.0,1510.0,516600.0
2023-12-27,1512.0,1543.0,1508.0,1536.0,1458.791259765625,942800.0,1472.0,1474.24,1781.4533333333334,1972.94,84.0,1649.1,-36.61333333333323,-13.759999999999993,-0.2604718343765045,1536.0,1518.0,1497.0,1510.0,415400.0
2023-12-28,1531.0,1546.0,1525.0,1541.0,1463.5399169921875,601000.0,1475.45,1476.32,1774.8533333333332,1970.395,80.95238095238095,1640.8,-35.54666666666685,-13.394999999999982,-0.2580645161290322,1541.0,1543.0,1536.0,1512.0,942800.0
2023-12-29,1535.0,1539.0,1508.0,1529.0,1452.14306640625,384400.0,1478.3,1477.6,1768.0933333333332,1967.82,73.96449704142012,1632.3,-34.573333333333494,-13.144999999999982,-0.2490176817288801,1541.0,1546.0,1541.0,1531.0,601000.0
2023-12-30,1535.0,1539.0,1508.0,1529.0,1452.14306640625,384400.0,1481.15,1479.84,1761.1866666666667,1965.14,73.96449704142012,1622.98,-34.666666666666515,-13.134999999999993,-0.2577669902912621,1541.0,1539.0,1529.0,1535.0,384400.0
2023-12-31,1535.0,1539.0,1508.0,1529.0,1452.14306640625,384400.0,1483.65,1481.48,1754.2666666666669,1962.76,73.96449704142012,1613.66,-33.85333333333324,-12.75,-0.2577669902912621,1541.0,1539.0,1529.0,1535.0,384400.0
2024-01-01,1535.0,1539.0,1508.0,1529.0,1452.14306640625,384400.0,1489.25,1483.88,1747.2933333333333,1960.465,70.66666666666667,1604.34,-34.16000000000008,-12.475000000000136,-0.2602805999032413,1541.0,1539.0,1529.0,1535.0,384400.0
2024-01-02,1535.0,1539.0,1508.0,1529.0,1452.14306640625,384400.0,1495.7,1486.16,1740.4266666666667,1958.405,65.625,1594.72,-34.426666666666506,-11.990000000000007,-0.2602805999032413,1541.0,1539.0,1529.0,1535.0,384400.0
2024-01-03,1535.0,1539.0,1508.0,1529.0,1452.14306640625,384400.0,1500.3,1488.44,1733.6933333333334,1956.345,70.0,1585.08,-34.399999999999864,-11.474999999999907,-0.2602805999032413,1541.0,1539.0,1529.0,1535.0,384400.0
2024-01-04,1545.0,1593.0,1528.0,1593.0,1512.926025390625,1130500.0,1507.55,1493.28,1727.8133333333333,1954.605,83.14606741573034,1576.54,-33.37333333333345,-10.535000000000082,-0.2293178519593613,1593.0,1539.0,1529.0,1535.0,384400.0
2024-01-05,1611.0,1625.0,1585.0,1593.0,1512.926025390625,1078300.0,1514.8,1497.84,1721.9333333333334,1952.785,79.72972972972973,1569.04,-32.33333333333326,-9.974999999999907,-0.2337662337662337,1593.0,1593.0,1593.0,1545.0,1130500.0
2024-01-06,1611.0,1625.0,1585.0,1593.0,1512.926025390625,1078300.0,1522.05,1504.88,1716.1866666666667,1950.99,79.72972972972973,1561.24,-31.10666666666657,-9.474999999999907,-0.1780185758513931,1593.0,1625.0,1593.0,1611.0,1078300.0
2024-01-07,1611.0,1625.0,1585.0,1593.0,1512.926025390625,1078300.0,1528.35,1512.6,1710.3866666666668,1949.045,79.72972972972973,1553.44,-30.039999999999964,-9.3599999999999,-0.1855828220858896,1593.0,1625.0,1593.0,1611.0,1078300.0
2024-01-08,1611.0,1625.0,1585.0,1593.0,1512.926025390625,1078300.0,1533.55,1518.84,1704.6266666666668,1947.1,90.76923076923076,1545.64,-29.06666666666661,-9.245000000000118,-0.1847492323439099,1593.0,1625.0,1593.0,1611.0,1078300.0
2024-01-09,1610.0,1635.0,1562.0,1570.0,1491.0821533203125,1039300.0,1538.0,1523.72,1698.36,1945.145,75.52447552447552,1538.24,-29.453333333333376,-9.460000000000036,-0.2130325814536341,1593.0,1625.0,1593.0,1611.0,1078300.0
2024-01-10,1550.0,1605.0,1548.0,1584.0,1504.37841796875,901500.0,1543.45,1529.16,1691.7866666666666,1943.26,70.33898305084746,1535.46,-30.14666666666676,-9.525000000000093,-0.2060150375939849,1593.0,1635.0,1570.0,1610.0,1039300.0
2024-01-11,1584.0,1584.0,1543.0,1548.0,1470.18798828125,616400.0,1545.6,1533.16,1684.7333333333331,1941.195,52.34899328859061,1531.68,-31.453333333333376,-9.795000000000073,-0.2240601503759398,1593.0,1605.0,1584.0,1550.0,901500.0
2024-01-12,1567.0,1582.0,1550.0,1564.0,1485.3836669921875,626900.0,1548.55,1537.04,1677.8933333333334,1939.215,61.43790849673203,1528.22,-32.49333333333334,-9.830000000000156,-0.2218905472636816,1593.0,1584.0,1548.0,1584.0,616400.0
2024-01-13,1567.0,1582.0,1550.0,1564.0,1485.3836669921875,626900.0,1551.5,1540.04,1671.6,1937.285,61.43790849673203,1524.48,-33.02666666666687,-9.814999999999827,-0.2222774738935853,1593.0,1582.0,1564.0,1567.0,626900.0
2024-01-14,1567.0,1582.0,1550.0,1564.0,1485.3836669921875,626900.0,1555.35,1543.36,1664.986666666667,1935.18,61.43790849673203,1520.74,-33.37333333333322,-9.964999999999918,-0.2257425742574257,1593.0,1582.0,1564.0,1567.0,626900.0
2024-01-15,1583.0,1600.0,1567.0,1567.0,1488.23291015625,120600.0,1558.85,1547.04,1658.4133333333334,1933.19,62.17948717948718,1517.06,-33.37333333333322,-10.069999999999936,-0.203760162601626,1593.0,1582.0,1564.0,1567.0,626900.0
2024-01-16,1583.0,1600.0,1535.0,1535.0,1457.841552734375,377500.0,1558.8,1548.24,1651.32,1931.21,51.595744680851055,1513.84,-33.41333333333341,-9.9849999999999,-0.2259203227433182,1593.0,1600.0,1567.0,1583.0,120600.0
2024-01-17,1531.0,1544.0,1516.0,1516.0,1439.79638671875,446400.0,1557.55,1548.68,1643.9733333333334,1929.135,46.85990338164251,1511.26,-33.92000000000007,-10.079999999999927,-0.2355017650025214,1593.0,1600.0,1535.0,1583.0,377500.0
2024-01-18,1519.0,1535.0,1509.0,1522.0,1445.4949951171875,364300.0,1557.2,1549.36,1636.7066666666667,1927.09,26.174496644295303,1510.98,-34.8933333333332,-10.195000000000164,-0.232476046394352,1593.0,1544.0,1516.0,1531.0,446400.0
2024-01-19,1559.0,1559.0,1532.0,1545.0,1467.3387451171875,391300.0,1558.0,1551.68,1629.746666666667,1924.75,36.04651162790698,1511.86,-35.24000000000001,-10.430000000000064,-0.2036082474226804,1593.0,1535.0,1522.0,1519.0,364300.0
2024-01-20,1559.0,1559.0,1532.0,1545.0,1467.3387451171875,391300.0,1558.8,1553.6,1622.6266666666668,1922.175,36.04651162790698,1512.98,-35.78666666666663,-11.0150000000001,-0.1033081834010446,1593.0,1559.0,1545.0,1559.0,391300.0
2024-01-21,1559.0,1559.0,1532.0,1545.0,1467.3387451171875,391300.0,1559.6,1553.96,1617.3866666666668,1919.575,36.04651162790698,1514.1,-33.93333333333317,-11.634999999999993,-0.1105354058721934,1593.0,1559.0,1545.0,1559.0,391300.0
2024-01-22,1550.0,1598.0,1539.0,1595.0,1514.8255615234375,597600.0,1562.9,1556.12,1612.5733333333333,1917.16,50.45045045045046,1516.22,-31.40000000000009,-11.974999999999907,-0.0817501439263097,1595.0,1559.0,1545.0,1559.0,391300.0
2024-01-23,1600.0,1622.0,1563.0,1574.0,1494.881103515625,566500.0,1565.15,1557.92,1607.506666666667,1914.885,50.909090909090914,1517.76,-29.200000000000045,-12.204999999999927,-0.1010850942318675,1595.0,1598.0,1595.0,1550.0,597600.0
2024-01-24,1590.0,1604.0,1574.0,1579.0,1499.629638671875,483700.0,1564.45,1559.92,1601.96,1912.635,48.81516587677725,1519.88,-27.78666666666664,-12.115000000000007,-0.0982295830953741,1595.0,1622.0,1574.0,1600.0,566500.0
2024-01-25,1594.0,1598.0,1572.0,1580.0,1500.579345703125,334000.0,1563.8,1561.96,1596.4266666666667,1910.39,59.09090909090909,1521.72,-26.200000000000045,-11.784999999999854,-0.0976584808680753,1595.0,1604.0,1579.0,1590.0,483700.0
2024-01-26,1585.0,1590.0,1549.0,1550.0,1472.0875244140625,459300.0,1561.65,1562.8,1590.493333333333,1908.06,46.31578947368421,1523.34,-26.89333333333343,-11.5150000000001,-0.0860849056603774,1595.0,1598.0,1580.0,1594.0,334000.0
2024-01-27,1585.0,1590.0,1549.0,1550.0,1472.0875244140625,459300.0,1559.5,1563.64,1584.36,1905.71,46.31578947368421,1524.9,-28.213333333333367,-11.450000000000044,-0.0577507598784194,1595.0,1590.0,1550.0,1585.0,459300.0
2024-01-28,1585.0,1590.0,1549.0,1550.0,1472.0875244140625,459300.0,1557.35,1564.48,1578.2133333333334,1903.57,46.31578947368421,1526.46,-29.29333333333329,-11.315000000000056,0.0091145833333332,1595.0,1590.0,1550.0,1585.0,459300.0
2024-01-29,1543.0,1553.0,1531.0,1534.0,1456.8917236328125,269200.0,1555.55,1562.12,1571.7333333333331,1901.215,41.87192118226601,1527.7,-30.226666666666688,-11.420000000000073,0.0219853431045968,1595.0,1590.0,1550.0,1585.0,459300.0
2024-01-30,1534.0,1554.0,1517.0,1538.0,1460.690673828125,345800.0,1553.25,1559.92,1566.0,1899.07,50.85714285714286,1528.88,-30.426666666666733,-11.320000000000164,0.0329079919408998,1595.0,1553.0,1534.0,1543.0,269200.0
2024-01-31,1539.0,1540.0,1504.0,1528.0,1451.193359375,645000.0,1552.25,1557.32,1559.9333333333334,1896.875,53.61445783132529,1531.1,-30.559999999999945,-11.184999999999944,0.0261920752182673,1595.0,1554.0,1538.0,1534.0,345800.0
2024-02-01,1514.0,1516.0,1482.0,1496.0,1420.8017578125,313600.0,1548.85,1553.44,1553.44,1894.52,43.22916666666667,1533.02,-30.919999999999845,-11.190000000000056,0.0047011417058429,1595.0,1540.0,1528.0,1539.0,645000.0
2024-02-02,1498.0,1522.0,1490.0,1502.0,1426.5001220703125,354400.0,1545.75,1549.8,1547.0266666666666,1892.195,37.71428571428571,1534.32,-31.186666666666724,-11.375,0.0033400133600534,1595.0,1516.0,1496.0,1514.0,313600.0
2024-02-03,1498.0,1522.0,1490.0,1502.0,1426.5001220703125,354400.0,1542.65,1547.08,1541.1866666666667,1889.715,37.71428571428571,1535.4,-30.546666666666624,-11.5,0.0196877121520706,1595.0,1522.0,1502.0,1498.0,354400.0
2024-02-04,1498.0,1522.0,1490.0,1502.0,1426.5001220703125,354400.0,1539.4,1543.8,1538.24,1887.315,37.71428571428571,1536.48,-27.75999999999999,-11.754999999999882,0.0094086021505377,1595.0,1522.0,1502.0,1498.0,354400.0
2024-02-05,1523.0,1534.0,1505.0,1534.0,1456.8917236328125,535700.0,1539.35,1543.24,1535.5333333333333,1885.205,30.57324840764332,1538.2,-24.40000000000009,-11.670000000000073,0.0442477876106195,1595.0,1522.0,1502.0,1498.0,354400.0
2024-02-06,1495.0,1546.0,1477.0,1502.0,1426.5001220703125,664200.0,1538.65,1540.76,1532.4,1882.92,28.57142857142857,1538.9,-21.039999999999964,-11.599999999999907,0.0203804347826086,1595.0,1534.0,1534.0,1523.0,535700.0
2024-02-07,1509.0,1572.0,1509.0,1522.0,1445.4949951171875,547900.0,1538.65,1539.08,1529.3466666666666,1880.735,34.42622950819671,1539.56,-17.680000000000064,-11.460000000000036,0.0339673913043478,1595.0,1546.0,1502.0,1495.0,664200.0
2024-02-08,1502.0,1505.0,1473.0,1473.0,1398.9580078125,373400.0,1535.05,1535.44,1525.64,1878.305,26.83982683982684,1539.4,-15.546666666666624,-11.409999999999854,0.0006793478260869,1595.0,1572.0,1522.0,1509.0,547900.0
2024-02-09,1471.0,1475.0,1435.0,1445.0,1372.3653564453125,388600.0,1530.05,1530.56,1521.56,1875.7,27.074235807860266,1538.8,-16.680000000000064,-11.615000000000007,-0.0229885057471264,1595.0,1505.0,1473.0,1502.0,373400.0
2024-02-10,1471.0,1475.0,1435.0,1445.0,1372.3653564453125,388600.0,1525.05,1526.96,1518.2133333333334,1873.1,27.074235807860266,1537.6,-17.319999999999936,-12.105000000000018,0.0197600564573041,1595.0,1475.0,1445.0,1471.0,388600.0
2024-02-11,1471.0,1475.0,1435.0,1445.0,1372.3653564453125,388600.0,1517.55,1524.12,1515.5466666666666,1870.515,27.074235807860266,1536.4,-16.853333333333467,-12.404999999999973,0.0321428571428572,1580.0,1475.0,1445.0,1471.0,388600.0
2024-02-12,1471.0,1475.0,1435.0,1445.0,1372.3653564453125,388600.0,1511.1,1521.04,1514.3333333333333,1867.935,29.107981220657265,1535.2,-15.01333333333332,-12.799999999999956,0.0055671537926236,1580.0,1475.0,1445.0,1471.0,388600.0
2024-02-13,1463.0,1482.0,1447.0,1474.0,1399.90771484375,371600.0,1505.85,1518.2,1513.9733333333334,1865.34,36.5546218487395,1534.94,-11.666666666666742,-12.965000000000146,0.0179558011049723,1580.0,1475.0,1445.0,1471.0,388600.0
2024-02-14,1469.0,1470.0,1407.0,1420.0,1348.6219482421875,392900.0,1497.85,1513.2,1513.0533333333333,1862.475,30.85106382978724,1533.4,-8.50666666666666,-13.225000000000136,-0.0193370165745856,1550.0,1482.0,1474.0,1463.0,371600.0
2024-02-15,1423.0,1423.0,1392.0,1401.0,1330.5771484375,381500.0,1490.4,1507.44,1511.88,1859.515,32.34200743494424,1530.7,-6.3333333333332575,-13.584999999999807,-0.0324585635359115,1550.0,1470.0,1420.0,1469.0,392900.0
2024-02-16,1396.0,1415.0,1380.0,1402.0,1331.5269775390625,544800.0,1483.0,1499.72,1510.72,1856.76,31.060606060606062,1527.92,-4.826666666666597,-13.75500000000011,-0.0443081117927743,1550.0,1423.0,1401.0,1423.0,381500.0
2024-02-17,1396.0,1415.0,1380.0,1402.0,1331.5269775390625,544800.0,1475.6,1492.84,1509.4533333333334,1854.045,31.060606060606062,1525.38,-4.879999999999882,-13.889999999999873,-0.058428475486904,1538.0,1415.0,1402.0,1396.0,544800.0
2024-02-18,1396.0,1415.0,1380.0,1402.0,1331.5269775390625,544800.0,1469.0,1485.76,1508.506666666667,1851.5,31.060606060606062,1522.84,-5.466666666666697,-13.839999999999918,-0.0533423362592843,1538.0,1415.0,1402.0,1396.0,544800.0
2024-02-19,1432.0,1457.0,1409.0,1423.0,1351.47119140625,572400.0,1463.25,1479.48,1507.64,1847.985,28.06324110671936,1520.72,-5.413333333333185,-14.490000000000007,-0.0352542372881355,1534.0,1415.0,1402.0,1396.0,544800.0
2024-02-20,1420.0,1447.0,1417.0,1430.0,1358.1195068359375,423400.0,1458.35,1474.68,1507.12,1844.155,34.21052631578948,1518.74,-4.760000000000218,-15.360000000000127,-0.0498338870431893,1534.0,1457.0,1423.0,1432.0,572400.0
2024-02-21,1433.0,1437.0,1403.0,1421.0,1349.57177734375,321600.0,1454.6,1469.52,1506.44,1840.28,26.72811059907833,1516.58,-4.279999999999973,-16.480000000000018,-0.0558139534883721,1534.0,1447.0,1430.0,1420.0,423400.0
2024-02-22,1406.0,1454.0,1406.0,1445.0,1372.3653564453125,323400.0,1451.75,1465.32,1506.08,1836.525,42.708333333333336,1514.9,-3.3733333333334485,-17.519999999999982,-0.0398671096345515,1534.0,1437.0,1421.0,1433.0,321600.0
2024-02-23,1406.0,1454.0,1406.0,1445.0,1372.3653564453125,323400.0,1448.9,1461.76,1505.72,1832.675,50.0,1511.94,-2.7866666666666333,-18.825000000000045,-0.0282447881640888,1534.0,1454.0,1445.0,1406.0,323400.0
2024-02-24,1406.0,1454.0,1406.0,1445.0,1372.3653564453125,323400.0,1446.05,1458.04,1505.2666666666669,1828.91,50.0,1508.98,-2.3733333333334485,-19.07499999999981,-0.0347361389445557,1534.0,1454.0,1445.0,1406.0,323400.0
2024-02-25,1406.0,1454.0,1406.0,1445.0,1372.3653564453125,323400.0,1441.6,1454.72,1505.64,1825.365,50.0,1506.02,-1.4799999999997908,-18.789999999999964,-0.0592447916666666,1522.0,1454.0,1445.0,1406.0,323400.0
2024-02-26,1458.0,1474.0,1442.0,1472.0,1398.00830078125,503500.0,1440.1,1453.76,1506.6,1821.9,57.06806282722513,1503.6,0.1599999999998544,-18.37999999999988,-0.044776119402985,1522.0,1454.0,1445.0,1406.0,323400.0
2024-02-27,1442.0,1456.0,1399.0,1414.0,1342.923583984375,521400.0,1434.7,1450.24,1506.2933333333333,1818.145,36.36363636363636,1500.02,0.2133333333333666,-18.38000000000011,-0.0752125572269457,1474.0,1474.0,1472.0,1458.0,503500.0
2024-02-28,1444.0,1461.0,1431.0,1450.0,1377.114013671875,313700.0,1433.55,1448.16,1506.32,1814.57,57.42574257425742,1497.62,0.599999999999909,-18.10500000000001,-0.0516677567037279,1474.0,1456.0,1414.0,1442.0,521400.0
2024-02-29,1510.0,1543.0,1480.0,1480.0,1405.6060791015625,1178900.0,1435.3,1447.28,1506.746666666667,1811.145,68.54460093896714,1495.54,1.4800000000000182,-17.7650000000001,-0.0320470896010464,1480.0,1461.0,1450.0,1444.0,313700.0
2024-03-01,1508.0,1514.0,1470.0,1491.0,1416.05322265625,528700.0,1437.6,1445.56,1507.32,1807.53,69.95515695067265,1494.4,1.6799999999998363,-17.835000000000036,-0.0248528449967299,1491.0,1543.0,1480.0,1510.0,1178900.0
2024-03-02,1508.0,1514.0,1470.0,1491.0,1416.05322265625,528700.0,1439.9,1445.12,1507.64,1804.085,69.95515695067265,1492.94,1.040000000000191,-17.815000000000055,-0.0248528449967299,1491.0,1514.0,1491.0,1508.0,528700.0
2024-03-03,1508.0,1514.0,1470.0,1491.0,1416.05322265625,528700.0,1442.2,1443.88,1507.6666666666667,1800.615,69.95515695067265,1491.48,1.3733333333334483,-17.529999999999973,-0.0248528449967299,1491.0,1514.0,1491.0,1508.0,528700.0
2024-03-04,1484.0,1485.0,1437.0,1441.0,1368.56640625,329600.0,1440.55,1442.6,1507.1333333333334,1796.895,53.57142857142857,1489.02,0.8133333333335031,-17.674999999999955,-0.0954174513496547,1491.0,1514.0,1491.0,1508.0,528700.0
2024-03-05,1451.0,1491.0,1441.0,1462.0,1388.510986328125,411200.0,1442.65,1443.28,1506.96,1793.405,56.01503759398496,1486.92,0.2133333333333666,-17.74000000000001,-0.0822347771500313,1491.0,1485.0,1441.0,1484.0,329600.0
2024-03-06,1442.0,1467.0,1441.0,1447.0,1374.264892578125,263300.0,1444.95,1443.36,1506.1866666666667,1789.84,54.77941176470588,1485.16,-1.133333333333212,-17.690000000000055,-0.0916509730069051,1491.0,1491.0,1462.0,1451.0,411200.0
2024-03-07,1444.0,1455.0,1412.0,1416.0,1344.8231201171875,357700.0,1445.65,1442.2,1505.0,1786.12,44.80286738351255,1483.16,-2.6400000000001,-17.965000000000146,-0.1111111111111111,1491.0,1467.0,1447.0,1442.0,263300.0
2024-03-08,1414.0,1424.0,1401.0,1408.0,1337.225341796875,289700.0,1445.95,1440.72,1503.7066666666667,1782.24,43.55400696864111,1480.88,-3.960000000000037,-18.375,-0.1161330822347771,1491.0,1455.0,1416.0,1444.0,357700.0
2024-03-09,1414.0,1424.0,1401.0,1408.0,1337.225341796875,289700.0,1446.25,1438.08,1502.6533333333334,1778.255,43.55400696864111,1478.14,-4.480000000000018,-18.63999999999988,-0.1031847133757961,1491.0,1424.0,1408.0,1414.0,289700.0
2024-03-10,1414.0,1424.0,1401.0,1408.0,1337.225341796875,289700.0,1445.5,1437.6,1501.4666666666667,1774.15,43.55400696864111,1475.4,-5.493333333333339,-19.25499999999988,-0.1111111111111111,1491.0,1424.0,1408.0,1414.0,289700.0
2024-03-11,1401.0,1409.0,1372.0,1383.0,1313.48193359375,343200.0,1443.15,1436.88,1499.4266666666667,1769.845,34.3859649122807,1472.16,-6.759999999999991,-19.99499999999989,-0.1065891472868216,1491.0,1424.0,1408.0,1414.0,289700.0
2024-03-12,1382.0,1385.0,1342.0,1365.0,1296.38671875,350600.0,1440.35,1435.4,1497.08,1765.46,39.99999999999999,1467.56,-7.920000000000073,-20.65999999999985,-0.1272378516624041,1491.0,1409.0,1383.0,1401.0,343200.0
2024-03-13,1365.0,1367.0,1339.0,1346.0,1278.341796875,275500.0,1435.4,1433.16,1494.64,1760.98,27.19298245614036,1463.0,-9.066666666666606,-21.25999999999999,-0.139386189258312,1491.0,1385.0,1365.0,1382.0,350600.0
2024-03-14,1342.0,1368.0,1336.0,1362.0,1293.5374755859375,191900.0,1431.25,1431.56,1492.4133333333334,1756.58,22.42990654205608,1458.66,-10.240000000000007,-21.675000000000185,-0.1291560102301789,1491.0,1367.0,1346.0,1365.0,275500.0
2024-03-15,1358.0,1391.0,1355.0,1379.0,1309.682861328125,771500.0,1427.95,1429.8,1490.4133333333334,1752.12,24.545454545454547,1454.64,-11.053333333333285,-22.0300000000002,-0.1199744735162731,1491.0,1368.0,1362.0,1342.0,191900.0
2024-03-16,1358.0,1391.0,1355.0,1379.0,1309.682861328125,771500.0,1424.65,1427.76,1488.4133333333334,1747.965,24.545454545454547,1451.22,-11.01333333333332,-21.88000000000011,-0.1016286644951139,1491.0,1391.0,1379.0,1358.0,771500.0
2024-03-17,1358.0,1391.0,1355.0,1379.0,1309.682861328125,771500.0,1420.0,1426.08,1486.4133333333334,1743.84,24.545454545454547,1447.8,-10.666666666666517,-21.62000000000012,-0.0903693931398417,1491.0,1391.0,1379.0,1358.0,771500.0
2024-03-18,1371.0,1375.0,1342.0,1369.0,1300.1856689453125,440800.0,1417.75,1423.04,1484.28,1739.33,30.0,1444.18,-10.360000000000127,-21.65000000000009,-0.1005256241787122,1491.0,1391.0,1379.0,1358.0,771500.0
2024-03-19,1388.0,1395.0,1371.0,1392.0,1322.029541015625,222300.0,1414.85,1420.92,1481.6,1734.94,30.769230769230774,1441.34,-10.813333333333505,-21.63999999999988,-0.0990291262135922,1491.0,1375.0,1369.0,1371.0,440800.0
2024-03-20,1388.0,1395.0,1371.0,1392.0,1322.029541015625,222300.0,1410.45,1418.8,1478.92,1730.55,33.532934131736525,1438.42,-11.49333333333334,-21.569999999999936,-0.0990291262135922,1491.0,1395.0,1392.0,1388.0,222300.0
2024-03-21,1395.0,1395.0,1385.0,1393.0,1322.979248046875,269900.0,1405.55,1416.72,1476.253333333333,1726.165,41.6058394160584,1435.72,-12.160000000000082,-21.799999999999955,-0.0983818770226537,1491.0,1395.0,1392.0,1388.0,222300.0
2024-03-22,1457.0,1457.0,1407.0,1430.0,1358.1195068359375,630800.0,1402.5,1415.04,1474.08,1721.865,56.62650602409638,1434.4,-12.333333333333483,-21.97499999999991,-0.1034482758620689,1491.0,1395.0,1393.0,1395.0,269900.0
2024-03-23,1457.0,1457.0,1407.0,1430.0,1358.1195068359375,630800.0,1399.45,1415.68,1471.9066666666668,1717.535,56.62650602409638,1432.96,-12.37333333333322,-21.794999999999845,-0.0914866581956798,1462.0,1457.0,1430.0,1457.0,630800.0
2024-03-24,1457.0,1457.0,1407.0,1430.0,1358.1195068359375,630800.0,1398.9,1414.88,1470.04,1713.52,56.62650602409638,1431.52,-11.559999999999944,-21.42000000000008,-0.0943635212159594,1462.0,1457.0,1430.0,1457.0,630800.0
2024-03-25,1430.0,1430.0,1385.0,1391.0,1321.0797119140625,374300.0,1395.35,1411.32,1467.4666666666667,1709.24,52.22222222222223,1429.3,-11.453333333333376,-21.309999999999945,-0.1196202531645569,1447.0,1457.0,1430.0,1457.0,630800.0
2024-03-26,1375.0,1386.0,1360.0,1367.0,1298.2862548828125,494400.0,1391.35,1406.36,1465.0533333333333,1705.12,50.53763440860215,1425.96,-11.200000000000044,-21.04500000000008,-0.1180645161290322,1430.0,1430.0,1391.0,1430.0,374300.0
2024-03-27,1375.0,1409.0,1365.0,1407.0,1336.2755126953125,385200.0,1390.9,1403.0,1462.96,1701.2,64.73429951690821,1424.06,-11.11999999999989,-20.664999999999964,-0.092258064516129,1430.0,1386.0,1367.0,1375.0,494400.0
2024-03-28,1398.0,1398.0,1347.0,1353.0,1298.8367919921875,445900.0,1388.15,1397.48,1460.1466666666668,1697.01,48.16326530612245,1420.68,-11.759999999999993,-20.52500000000009,-0.1270967741935483,1430.0,1409.0,1407.0,1375.0,385200.0
2024-03-29,1346.0,1358.0,1341.0,1352.0,1297.876953125,131100.0,1385.35,1393.92,1457.32,1693.07,44.10480349344978,1418.26,-12.720000000000027,-20.450000000000045,-0.1186440677966101,1430.0,1398.0,1353.0,1398.0,445900.0
2024-03-30,1346.0,1358.0,1341.0,1352.0,1297.876953125,131100.0,1382.55,1389.52,1454.4533333333334,1689.19,44.10480349344978,1416.4,-13.01333333333332,-20.049999999999955,-0.1209362808842653,1430.0,1358.0,1352.0,1346.0,131100.0
2024-03-31,1346.0,1358.0,1341.0,1352.0,1297.876953125,131100.0,1381.0,1385.72,1452.013333333333,1685.385,44.10480349344978,1414.54,-13.039999999999964,-19.7349999999999,-0.1151832460732984,1430.0,1358.0,1352.0,1346.0,131100.0
2024-04-01,1342.0,1342.0,1318.0,1318.0,1265.23779296875,379100.0,1378.65,1381.8,1449.3733333333332,1681.23,39.92094861660079,1412.0,-13.586666666666815,-19.970000000000027,-0.1189839572192513,1430.0,1358.0,1352.0,1346.0,131100.0
2024-04-02,1299.0,1299.0,1238.0,1263.0,1212.4395751953125,989600.0,1374.5,1376.0,1445.92,1676.59,27.36842105263157,1408.36,-14.226666666666688,-20.42000000000008,-0.159121171770972,1430.0,1342.0,1318.0,1342.0,379100.0
2024-04-03,1249.0,1261.0,1239.0,1245.0,1195.1602783203125,339100.0,1368.65,1369.48,1441.92,1671.86,25.742574257425744,1403.78,-15.399999999999864,-21.21000000000004,-0.1711051930758987,1430.0,1299.0,1263.0,1299.0,989600.0
2024-04-04,1257.0,1299.0,1257.0,1284.0,1232.5989990234375,250200.0,1363.9,1364.52,1438.44,1667.325,34.01759530791789,1401.06,-16.01333333333332,-21.86500000000001,-0.1451398135818907,1430.0,1261.0,1245.0,1249.0,339100.0
2024-04-05,1280.0,1295.0,1274.0,1280.0,1228.7591552734375,160700.0,1358.95,1360.4,1434.9066666666668,1662.77,25.64935064935065,1398.64,-17.10666666666657,-22.61500000000001,-0.165580182529335,1430.0,1299.0,1284.0,1257.0,250200.0
2024-04-06,1280.0,1295.0,1274.0,1280.0,1228.7591552734375,160700.0,1354.0,1357.0,1430.7066666666667,1658.45,25.64935064935065,1396.2,-18.666666666666515,-22.779999999999973,-0.1478029294274301,1430.0,1295.0,1280.0,1280.0,160700.0
2024-04-07,1280.0,1295.0,1274.0,1280.0,1228.7591552734375,160700.0,1349.55,1354.36,1426.7866666666666,1654.285,25.64935064935065,1393.76,-19.13333333333344,-22.30499999999984,-0.1590013140604468,1430.0,1295.0,1280.0,1280.0,160700.0
2024-04-08,1277.0,1304.0,1276.0,1295.0,1243.1585693359375,178500.0,1344.7,1351.68,1423.0,1650.38,33.098591549295776,1391.62,-18.92000000000008,-21.47999999999979,-0.1208418194161574,1430.0,1295.0,1280.0,1280.0,160700.0
2024-04-09,1292.0,1314.0,1290.0,1309.0,1256.5982666015625,183700.0,1340.55,1348.88,1419.3866666666668,1646.325,39.416058394160586,1389.34,-19.053333333333285,-21.0,-0.0941176470588235,1430.0,1304.0,1295.0,1277.0,178500.0
2024-04-10,1313.0,1329.0,1296.0,1315.0,1262.35791015625,234300.0,1336.65,1346.32,1416.253333333333,1642.3,30.83333333333333,1387.04,-18.65333333333342,-20.470000000000027,-0.0899653979238754,1430.0,1314.0,1309.0,1292.0,183700.0
2024-04-11,1286.0,1297.0,1253.0,1255.0,1204.7598876953125,291900.0,1327.9,1341.36,1412.32,1637.975,30.081300813008127,1383.72,-18.38666666666677,-20.475000000000136,-0.1314878892733564,1430.0,1329.0,1315.0,1313.0,234300.0
2024-04-12,1269.0,1279.0,1263.0,1271.0,1220.119384765625,235100.0,1319.95,1337.44,1408.6,1633.57,34.482758620689665,1380.24,-18.186666666666724,-20.715000000000146,-0.1204152249134947,1430.0,1297.0,1255.0,1286.0,291900.0
2024-04-13,1269.0,1279.0,1263.0,1271.0,1220.119384765625,235100.0,1312.0,1332.6,1405.0933333333332,1629.3,34.482758620689665,1376.76,-17.90666666666675,-21.080000000000155,-0.1377204884667571,1407.0,1279.0,1271.0,1269.0,235100.0
2024-04-14,1269.0,1279.0,1263.0,1271.0,1220.119384765625,235100.0,1306.0,1327.76,1401.5333333333333,1624.92,34.482758620689665,1373.28,-17.853333333333467,-21.404999999999973,-0.1049295774647887,1407.0,1279.0,1271.0,1269.0,235100.0
2024-04-15,1257.0,1270.0,1230.0,1260.0,1209.5596923828125,230100.0,1300.65,1322.44,1397.96,1620.58,37.81512605042017,1369.58,-18.29333333333329,-21.720000000000027,-0.1006423982869378,1407.0,1279.0,1271.0,1269.0,235100.0
2024-04-16,1260.0,1272.0,1248.0,1266.0,1215.319580078125,224000.0,1293.6,1315.88,1394.8933333333334,1616.27,50.79365079365079,1365.46,-17.426666666666506,-21.704999999999927,-0.0970042796005705,1353.0,1270.0,1260.0,1257.0,230100.0
2024-04-17,1267.0,1273.0,1233.0,1233.0,1183.640625,260100.0,1287.6,1308.0,1391.3066666666666,1611.795,47.05882352941176,1361.84,-17.293333333333294,-21.774999999999864,-0.1205420827389444,1352.0,1272.0,1266.0,1260.0,224000.0
2024-04-18,1246.0,1249.0,1222.0,1222.0,1173.0810546875,150900.0,1281.1,1299.68,1387.5733333333333,1607.265,32.38636363636364,1357.28,-17.519999999999982,-22.03499999999985,-0.1283880171184023,1352.0,1273.0,1233.0,1267.0,260100.0
2024-04-19,1212.0,1220.0,1196.0,1203.0,1154.841552734375,194700.0,1273.65,1292.16,1383.5866666666666,1602.805,29.84293193717278,1351.74,-17.946666666666715,-22.11500000000001,-0.1546029515108924,1352.0,1249.0,1222.0,1246.0,150900.0
2024-04-20,1212.0,1220.0,1196.0,1203.0,1154.841552734375,194700.0,1266.2,1285.6,1379.1733333333334,1598.37,29.84293193717278,1345.98,-18.78666666666664,-22.21000000000004,-0.1587412587412587,1318.0,1220.0,1203.0,1212.0,194700.0
2024-04-21,1212.0,1220.0,1196.0,1203.0,1154.841552734375,194700.0,1260.45,1277.44,1375.1866666666667,1594.085,29.84293193717278,1340.22,-19.706666666666703,-22.184999999999945,-0.1534130893736804,1315.0,1220.0,1203.0,1212.0,194700.0
2024-04-22,1226.0,1228.0,1211.0,1221.0,1172.12109375,160300.0,1258.35,1272.16,1371.1733333333334,1589.75,30.9278350515464,1334.82,-20.13333333333321,-22.04500000000008,-0.1550173010380623,1315.0,1220.0,1203.0,1212.0,194700.0
2024-04-23,1221.0,1226.0,1212.0,1215.0,1166.3612060546875,148000.0,1256.85,1266.68,1367.7333333333331,1585.425,24.731182795698928,1330.3,-19.83999999999992,-21.840000000000146,-0.1591695501730103,1315.0,1228.0,1221.0,1226.0,160300.0
2024-04-24,1220.0,1228.0,1215.0,1220.0,1171.1611328125,130600.0,1253.65,1261.4,1364.7333333333331,1581.125,24.324324324324323,1325.46,-18.85333333333324,-21.680000000000064,-0.1557093425605537,1315.0,1226.0,1215.0,1221.0,148000.0
2024-04-25,1216.0,1216.0,1189.0,1189.0,1141.402099609375,167600.0,1249.1,1254.88,1361.32,1576.67,28.84615384615385,1320.3,-17.853333333333467,-21.69999999999981,-0.1771626297577855,1315.0,1228.0,1220.0,1220.0,130600.0
2024-04-26,1181.0,1204.0,1171.0,1198.0,1150.041748046875,299500.0,1245.0,1250.08,1358.0266666666666,1572.26,25.503355704697995,1315.94,-17.160000000000082,-21.825000000000045,-0.186141304347826,1315.0,1216.0,1189.0,1216.0,167600.0
2024-04-27,1181.0,1204.0,1171.0,1198.0,1150.041748046875,299500.0,1240.9,1247.48,1354.7333333333331,1567.825,25.503355704697995,1311.74,-16.440000000000055,-21.924999999999955,-0.1527581329561527,1315.0,1204.0,1198.0,1181.0,299500.0
2024-04-28,1181.0,1204.0,1171.0,1198.0,1150.041748046875,299500.0,1236.05,1245.6,1351.0533333333333,1563.825,25.503355704697995,1307.54,-16.680000000000064,-21.59999999999991,-0.1737931034482758,1315.0,1204.0,1198.0,1181.0,299500.0
2024-04-29,1181.0,1204.0,1171.0,1198.0,1150.041748046875,299500.0,1230.5,1242.16,1348.0933333333332,1559.43,27.53623188405797,1303.34,-16.6400000000001,-21.694999999999936,-0.1905405405405406,1315.0,1204.0,1198.0,1181.0,299500.0
2024-04-30,1219.0,1221.0,1198.0,1214.0,1165.4012451171875,227900.0,1225.45,1239.52,1345.6,1555.32,32.432432432432435,1299.96,-15.720000000000027,-21.350000000000136,-0.1857813547954393,1271.0,1204.0,1198.0,1181.0,299500.0
2024-05-01,1208.0,1208.0,1185.0,1202.0,1153.881591796875,198500.0,1222.8,1236.4,1342.9333333333334,1551.15,37.79527559055118,1296.7,-15.093333333333248,-21.1099999999999,-0.1938296445338698,1271.0,1221.0,1214.0,1219.0,227900.0
2024-05-02,1195.0,1195.0,1155.0,1155.0,1108.76318359375,368100.0,1217.0,1231.4,1339.64,1546.745,29.4478527607362,1292.88,-15.093333333333248,-21.080000000000155,-0.2253521126760563,1271.0,1208.0,1202.0,1208.0,198500.0
2024-05-03,1195.0,1195.0,1155.0,1155.0,1108.76318359375,368100.0,1211.2,1225.8,1336.3466666666666,1542.285,33.33333333333333,1288.74,-14.706666666666706,-21.539999999999964,-0.1984732824427481,1271.0,1195.0,1155.0,1195.0,368100.0
2024-05-04,1195.0,1195.0,1155.0,1155.0,1108.76318359375,368100.0,1205.4,1219.64,1332.7733333333333,1537.82,33.33333333333333,1284.26,-15.319999999999936,-21.610000000000127,-0.209986320109439,1266.0,1195.0,1155.0,1195.0,368100.0
2024-05-05,1195.0,1195.0,1155.0,1155.0,1108.76318359375,368100.0,1200.15,1213.24,1329.1066666666666,1533.335,33.33333333333333,1279.78,-16.49333333333334,-21.9849999999999,-0.2017968210089841,1266.0,1195.0,1155.0,1195.0,368100.0
2024-05-06,1195.0,1195.0,1155.0,1155.0,1108.76318359375,368100.0,1194.6,1209.24,1325.56,1528.89,23.80952380952381,1275.3,-17.37333333333345,-22.25999999999999,-0.184322033898305,1233.0,1195.0,1155.0,1195.0,368100.0
2024-05-07,1160.0,1181.0,1150.0,1175.0,1127.96240234375,235100.0,1191.7,1205.4,1321.96,1524.595,35.71428571428572,1271.42,-17.680000000000064,-22.149999999999864,-0.1654829545454545,1222.0,1195.0,1155.0,1195.0,368100.0
2024-05-08,1165.0,1188.0,1164.0,1169.0,1122.2027587890625,267400.0,1189.05,1201.32,1318.28,1520.27,31.91489361702128,1266.96,-18.06666666666661,-22.0150000000001,-0.1697443181818182,1221.0,1181.0,1175.0,1160.0,235100.0
2024-05-09,1169.0,1196.0,1161.0,1173.0,1126.04248046875,298900.0,1187.55,1197.4,1314.6533333333334,1515.965,42.98245614035088,1262.58,-18.11999999999989,-21.85500000000001,-0.166903409090909,1221.0,1188.0,1169.0,1165.0,267400.0
2024-05-10,1173.0,1193.0,1173.0,1179.0,1131.8023681640625,240400.0,1186.35,1194.16,1311.1066666666666,1511.74,41.44144144144144,1258.3,-18.0,-21.595000000000027,-0.1475054229934924,1221.0,1196.0,1173.0,1169.0,298900.0
2024-05-11,1173.0,1193.0,1173.0,1179.0,1131.8023681640625,240400.0,1185.15,1190.68,1307.2,1507.495,41.44144144144144,1253.28,-18.3599999999999,-21.39500000000021,-0.1362637362637362,1221.0,1193.0,1179.0,1173.0,240400.0
2024-05-12,1173.0,1193.0,1173.0,1179.0,1131.8023681640625,240400.0,1183.05,1188.52,1304.0666666666666,1503.265,41.44144144144144,1248.26,-17.89333333333343,-21.329999999999927,-0.1240713224368499,1220.0,1193.0,1179.0,1173.0,240400.0
2024-05-13,1179.0,1188.0,1167.0,1179.0,1131.8023681640625,226300.0,1181.25,1186.8,1300.4533333333334,1498.96,41.44144144144144,1243.24,-17.826666666666597,-21.309999999999945,-0.1343612334801762,1220.0,1193.0,1179.0,1173.0,240400.0
2024-05-14,1230.0,1230.0,1138.0,1139.0,1093.403564453125,559600.0,1177.2,1184.24,1295.9066666666668,1494.27,22.22222222222221,1238.2,-18.74666666666667,-21.694999999999936,-0.1740391588107324,1214.0,1188.0,1179.0,1179.0,226300.0
2024-05-15,1130.0,1150.0,1107.0,1133.0,1087.643798828125,313200.0,1174.4,1181.44,1291.1333333333334,1489.55,23.25581395348837,1233.52,-19.97333333333313,-22.19000000000005,-0.1783901377810007,1214.0,1230.0,1139.0,1230.0,559600.0
2024-05-16,1134.0,1147.0,1128.0,1142.0,1096.283447265625,245100.0,1171.6,1179.0,1286.48,1484.875,42.85714285714285,1228.22,-20.720000000000027,-22.61999999999989,-0.1718636693255982,1214.0,1150.0,1133.0,1130.0,313200.0
2024-05-17,1142.0,1176.0,1142.0,1169.0,1122.2027587890625,284900.0,1170.15,1176.92,1282.1866666666667,1480.54,55.932203389830505,1224.54,-21.87999999999988,-22.725000000000136,-0.1460920379839299,1214.0,1147.0,1142.0,1134.0,245100.0
2024-05-18,1142.0,1176.0,1142.0,1169.0,1122.2027587890625,284900.0,1168.7,1175.08,1278.56,1476.085,55.932203389830505,1220.88,-21.89333333333343,-22.875,-0.1602011494252874,1214.0,1176.0,1169.0,1142.0,284900.0
2024-05-19,1142.0,1176.0,1142.0,1169.0,1122.2027587890625,284900.0,1167.25,1173.04,1274.6533333333334,1471.63,55.932203389830505,1217.22,-21.25333333333333,-22.63999999999988,-0.1602011494252874,1214.0,1176.0,1169.0,1142.0,284900.0
2024-05-20,1180.0,1187.0,1152.0,1160.0,1113.56298828125,387800.0,1164.55,1171.88,1270.8266666666666,1467.095,51.968503937007874,1213.38,-20.306666666666843,-22.454999999999927,-0.167264895908112,1202.0,1176.0,1169.0,1142.0,284900.0
2024-05-21,1243.0,1245.0,1197.0,1203.0,1154.841552734375,533000.0,1164.6,1172.08,1267.986666666667,1462.775,59.333333333333336,1211.08,-18.49333333333334,-22.09999999999991,-0.1587412587412587,1203.0,1187.0,1160.0,1180.0,387800.0
2024-05-22,1190.0,1227.0,1190.0,1218.0,1169.2410888671875,466800.0,1167.75,1172.88,1265.4533333333334,1458.53,65.40880503144655,1210.18,-16.73333333333335,-22.00999999999999,-0.1482517482517482,1218.0,1245.0,1203.0,1243.0,533000.0
2024-05-23,1219.0,1219.0,1183.0,1186.0,1138.5220947265625,355800.0,1169.3,1172.4,1262.493333333333,1454.125,53.475935828877006,1209.0,-16.066666666666606,-21.96000000000004,-0.1706293706293706,1218.0,1227.0,1218.0,1190.0,466800.0
2024-05-24,1136.0,1154.0,1117.0,1128.0,1082.843994140625,701100.0,1167.95,1169.6,1258.76,1449.37,39.33054393305439,1205.88,-15.89333333333343,-22.26000000000022,-0.1890726096333572,1218.0,1219.0,1186.0,1219.0,355800.0
2024-05-25,1136.0,1154.0,1117.0,1128.0,1082.843994140625,701100.0,1166.6,1166.16,1255.36,1445.32,39.33054393305439,1202.84,-15.466666666666695,-21.77500000000009,-0.1748354059985369,1218.0,1154.0,1128.0,1136.0,701100.0
2024-05-26,1136.0,1154.0,1117.0,1128.0,1082.843994140625,701100.0,1165.25,1163.2,1252.2,1441.18,39.33054393305439,1199.8,-15.786666666666632,-21.595000000000027,-0.1982942430703624,1218.0,1154.0,1128.0,1136.0,701100.0
2024-05-27,1126.0,1171.0,1126.0,1170.0,1123.16259765625,230900.0,1165.0,1163.8,1249.8533333333332,1437.26,48.39857651245551,1197.6,-15.600000000000136,-21.269999999999985,-0.1352549889135255,1218.0,1154.0,1128.0,1136.0,701100.0
2024-05-28,1180.0,1194.0,1171.0,1178.0,1130.8424072265625,212100.0,1165.45,1164.72,1247.4,1433.175,57.83132530120482,1195.26,-15.093333333333248,-20.950000000000045,-0.128698224852071,1218.0,1171.0,1170.0,1126.0,230900.0
2024-05-29,1177.0,1189.0,1158.0,1162.0,1115.48291015625,225400.0,1164.9,1165.0,1244.506666666667,1429.01,55.5984555984556,1192.32,-14.25333333333333,-20.3599999999999,-0.1405325443786982,1218.0,1194.0,1178.0,1180.0,212100.0
2024-05-30,1150.0,1166.0,1135.0,1159.0,1112.60302734375,282900.0,1163.9,1165.16,1241.5733333333333,1424.83,53.359683794466406,1189.2,-13.786666666666632,-20.49000000000001,-0.1427514792899408,1218.0,1189.0,1162.0,1177.0,225400.0
2024-05-31,1171.0,1195.0,1169.0,1194.0,1146.2017822265625,509300.0,1164.65,1166.72,1239.1066666666666,1420.75,54.78927203065134,1187.98,-13.093333333333476,-20.430000000000064,-0.094081942336874,1218.0,1166.0,1159.0,1150.0,282900.0
2024-06-01,1171.0,1195.0,1169.0,1194.0,1146.2017822265625,509300.0,1165.4,1167.48,1236.7733333333333,1416.665,54.78927203065134,1186.44,-13.079999999999927,-20.595000000000027,-0.0546318289786222,1218.0,1195.0,1194.0,1171.0,509300.0
2024-06-02,1171.0,1195.0,1169.0,1194.0,1146.2017822265625,509300.0,1166.15,1168.48,1234.1333333333334,1412.535,54.78927203065134,1184.9,-13.266666666666652,-20.63999999999988,-0.0409638554216867,1218.0,1195.0,1194.0,1171.0,509300.0
2024-06-03,1217.0,1237.0,1201.0,1229.0,1179.80078125,484100.0,1170.65,1170.72,1231.96,1408.84,62.02090592334495,1184.06,-12.546666666666624,-20.17000000000008,-0.0428348909657321,1229.0,1195.0,1194.0,1171.0,509300.0
2024-06-04,1217.0,1225.0,1202.0,1204.0,1155.801513671875,237600.0,1174.2,1171.72,1229.44,1404.945,50.18587360594796,1182.94,-12.133333333333212,-19.88499999999999,-0.0593749999999999,1229.0,1237.0,1229.0,1217.0,484100.0
2024-06-05,1204.0,1205.0,1181.0,1197.0,1149.0816650390625,217700.0,1176.95,1172.44,1226.3333333333333,1401.015,45.97701149425287,1181.56,-12.773333333333312,-19.7349999999999,-0.0648437499999999,1229.0,1225.0,1204.0,1217.0,237600.0
2024-06-06,1192.0,1213.0,1186.0,1209.0,1160.6014404296875,216100.0,1178.95,1173.64,1223.3866666666668,1397.145,54.77178423236514,1181.08,-13.386666666666542,-19.519999999999985,-0.0554687499999999,1229.0,1205.0,1197.0,1204.0,217700.0
2024-06-07,1224.0,1227.0,1170.0,1177.0,1129.8824462890625,303400.0,1179.35,1173.56,1220.013333333333,1393.33,61.395348837209305,1180.18,-14.120000000000118,-19.205000000000155,-0.091119691119691,1229.0,1213.0,1209.0,1192.0,216100.0
2024-06-08,1224.0,1227.0,1170.0,1177.0,1129.8824462890625,303400.0,1179.75,1175.08,1217.16,1390.6,61.395348837209305,1179.66,-14.799999999999956,-18.24000000000001,-0.1008403361344537,1229.0,1227.0,1177.0,1224.0,303400.0
2024-06-09,1224.0,1227.0,1170.0,1177.0,1129.8824462890625,303400.0,1180.6,1176.84,1214.6266666666668,1387.8,61.395348837209305,1179.14,-14.813333333333276,-17.144999999999982,-0.1049429657794677,1229.0,1227.0,1177.0,1224.0,303400.0
2024-06-10,1180.0,1208.0,1180.0,1200.0,1151.961669921875,289300.0,1180.45,1179.16,1211.8666666666666,1385.115,57.6530612244898,1179.08,-14.466666666666695,-15.900000000000093,-0.043824701195219,1229.0,1227.0,1177.0,1224.0,303400.0
2024-06-11,1202.0,1209.0,1180.0,1185.0,1137.5621337890625,137700.0,1178.8,1179.8,1209.6266666666668,1382.285,51.72413793103448,1178.36,-13.759999999999993,-14.8599999999999,-0.067663257277734,1229.0,1208.0,1200.0,1180.0,289300.0
2024-06-12,1180.0,1195.0,1180.0,1181.0,1133.7222900390625,172600.0,1178.55,1180.28,1207.3466666666666,1379.435,54.9738219895288,1177.68,-12.666666666666742,-13.894999999999982,-0.07081038552321,1229.0,1209.0,1185.0,1202.0,137700.0
2024-06-13,1198.0,1226.0,1196.0,1226.0,1176.9208984375,299200.0,1183.45,1182.56,1205.6666666666667,1376.81,64.37768240343348,1177.8,-11.49333333333334,-13.789999999999964,-0.035405192761605,1229.0,1195.0,1181.0,1180.0,172600.0
2024-06-14,1203.0,1210.0,1183.0,1193.0,1145.2418212890625,320100.0,1186.7,1183.88,1203.5466666666666,1374.295,49.78354978354978,1177.88,-11.080000000000156,-13.504999999999882,-0.0531746031746032,1229.0,1226.0,1226.0,1198.0,299200.0
2024-06-15,1203.0,1210.0,1183.0,1193.0,1145.2418212890625,320100.0,1189.95,1183.48,1201.88,1372.035,49.78354978354978,1177.78,-9.986666666666451,-13.079999999999927,-0.0576619273301737,1229.0,1210.0,1193.0,1203.0,320100.0
2024-06-16,1203.0,1210.0,1183.0,1193.0,1145.2418212890625,320100.0,1191.1,1182.48,1200.9466666666667,1370.32,49.78354978354978,1177.68,-8.680000000000064,-11.965000000000146,-0.032441200324412,1229.0,1210.0,1193.0,1203.0,320100.0
2024-06-17,1190.0,1203.0,1172.0,1173.0,1126.04248046875,221800.0,1190.85,1181.96,1199.986666666667,1368.68,37.037037037037045,1177.18,-7.3599999999999,-10.754999999999882,-0.0400981996726678,1229.0,1210.0,1193.0,1203.0,320100.0
2024-06-18,1174.0,1182.0,1172.0,1173.0,1126.04248046875,132700.0,1191.4,1183.76,1198.506666666667,1367.1,41.8848167539267,1176.68,-7.160000000000082,-9.710000000000036,-0.0249376558603491,1229.0,1203.0,1173.0,1190.0,221800.0
2024-06-19,1171.0,1183.0,1153.0,1163.0,1116.44287109375,163100.0,1191.6,1185.16,1196.9466666666667,1365.47,41.23711340206185,1175.66,-6.599999999999909,-8.825000000000045,-0.0332502078137988,1229.0,1182.0,1173.0,1174.0,132700.0
2024-06-20,1153.0,1220.0,1153.0,1210.0,1161.5614013671875,392900.0,1192.4,1188.44,1196.013333333333,1364.075,50.21834061135372,1175.82,-5.866666666666788,-7.960000000000036,0.0058187863674148,1229.0,1183.0,1163.0,1171.0,163100.0
2024-06-21,1219.0,1251.0,1215.0,1228.0,1178.8408203125,773300.0,1194.1,1190.76,1195.32,1362.73,61.86046511627907,1177.28,-5.626666666666779,-7.589999999999918,0.0057330057330058,1229.0,1220.0,1210.0,1153.0,392900.0
2024-06-22,1219.0,1251.0,1215.0,1228.0,1178.8408203125,773300.0,1195.8,1192.76,1194.4266666666667,1361.505,61.86046511627907,1178.74,-5.559999999999945,-7.1749999999999545,0.0106995884773661,1229.0,1251.0,1228.0,1219.0,773300.0
2024-06-23,1219.0,1251.0,1215.0,1228.0,1178.8408203125,773300.0,1195.75,1195.4,1193.3466666666666,1360.205,61.86046511627907,1180.2,-5.160000000000082,-6.894999999999982,0.0065573770491802,1228.0,1251.0,1228.0,1219.0,773300.0
2024-06-24,1222.0,1222.0,1194.0,1201.0,1152.921630859375,286700.0,1195.6,1197.08,1191.8266666666666,1358.865,50.2283105022831,1181.12,-5.120000000000118,-6.605000000000018,0.0100925147182506,1228.0,1251.0,1228.0,1219.0,773300.0
2024-06-25,1204.0,1225.0,1200.0,1220.0,1171.1611328125,298600.0,1196.75,1198.12,1191.36,1357.605,57.847533632287,1182.42,-4.653333333333421,-6.470000000000027,0.0183639398998329,1228.0,1222.0,1201.0,1222.0,286700.0
2024-06-26,1215.0,1222.0,1204.0,1218.0,1169.2410888671875,208400.0,1197.2,1199.08,1190.6533333333334,1356.335,58.37104072398191,1183.28,-4.666666666666515,-6.394999999999982,0.0166944908180299,1228.0,1225.0,1220.0,1204.0,298600.0
2024-06-27,1216.0,1216.0,1167.0,1170.0,1123.16259765625,271600.0,1196.85,1198.12,1189.3066666666666,1354.825,37.5,1183.3,-5.120000000000118,-6.680000000000064,-0.023372287145242,1228.0,1222.0,1218.0,1215.0,208400.0
2024-06-28,1179.0,1179.0,1163.0,1169.0,1122.2027587890625,185900.0,1196.45,1195.72,1187.9466666666667,1353.275,43.75,1183.22,-5.399999999999864,-6.929999999999836,-0.0242070116861435,1228.0,1216.0,1170.0,1216.0,271600.0
2024-06-29,1179.0,1179.0,1163.0,1169.0,1122.2027587890625,185900.0,1196.05,1194.32,1186.7333333333331,1352.035,43.75,1183.02,-5.093333333333248,-6.829999999999927,-0.0370675453047776,1228.0,1179.0,1169.0,1179.0,185900.0
2024-06-30,1179.0,1179.0,1163.0,1169.0,1122.2027587890625,185900.0,1194.5,1193.2,1185.44,1350.88,43.75,1182.82,-5.919999999999845,-6.724999999999909,-0.0274542429284525,1228.0,1179.0,1169.0,1179.0,185900.0
2024-07-01,1192.0,1192.0,1165.0,1168.0,1121.2427978515625,184300.0,1193.65,1191.56,1184.5733333333333,1349.535,48.55491329479769,1182.6,-6.080000000000155,-6.7999999999999545,0.0112554112554112,1228.0,1179.0,1169.0,1179.0,185900.0
2024-07-02,1159.0,1163.0,1145.0,1151.0,1104.9232177734375,220000.0,1192.15,1190.52,1183.6266666666668,1348.05,44.21052631578947,1182.04,-5.679999999999836,-6.775000000000091,-0.0034632034632035,1228.0,1192.0,1168.0,1192.0,184300.0
2024-07-03,1147.0,1153.0,1138.0,1148.0,1102.0433349609375,264000.0,1188.25,1189.36,1182.8933333333334,1346.55,45.9016393442623,1182.22,-5.053333333333285,-6.725000000000136,-0.0060606060606061,1228.0,1163.0,1151.0,1159.0,220000.0
2024-07-04,1158.0,1158.0,1117.0,1131.0,1085.7237548828125,284900.0,1185.15,1187.52,1181.9333333333334,1344.965,24.18300653594771,1182.18,-4.7999999999999545,-7.070000000000164,-0.0207792207792207,1228.0,1153.0,1148.0,1147.0,264000.0
2024-07-05,1131.0,1136.0,1107.0,1109.0,1064.6044921875,334400.0,1180.95,1183.88,1180.68,1343.175,12.101910828025469,1181.52,-4.759999999999991,-7.705000000000155,-0.0398268398268398,1228.0,1158.0,1131.0,1158.0,284900.0
2024-07-06,1131.0,1136.0,1107.0,1109.0,1064.6044921875,334400.0,1176.75,1180.84,1179.1866666666667,1341.275,12.101910828025469,1180.32,-5.386666666666542,-8.259999999999991,-0.0561702127659574,1228.0,1136.0,1109.0,1131.0,334400.0
2024-07-07,1131.0,1136.0,1107.0,1109.0,1064.6044921875,334400.0,1173.55,1177.96,1177.7733333333333,1339.415,12.101910828025469,1179.12,-5.853333333333467,-8.634999999999991,-0.0513259195893925,1228.0,1136.0,1109.0,1131.0,334400.0
2024-07-08,1110.0,1146.0,1109.0,1146.0,1100.1234130859375,456600.0,1172.2,1174.76,1176.7866666666666,1337.77,33.532934131736525,1178.66,-6.106666666666797,-8.779999999999973,-0.0230179028132991,1228.0,1136.0,1109.0,1131.0,334400.0
2024-07-09,1142.0,1144.0,1109.0,1120.0,1075.1641845703125,357800.0,1170.05,1171.84,1175.8666666666666,1335.845,21.264367816091948,1177.86,-6.066666666666833,-9.11999999999989,-0.0500424088210347,1228.0,1146.0,1146.0,1110.0,456600.0
2024-07-10,1119.0,1125.0,1106.0,1114.0,1069.4044189453125,244800.0,1165.25,1168.68,1174.746666666667,1333.89,20.786516853932586,1176.08,-5.933333333333394,-9.284999999999854,-0.0551314673452077,1228.0,1144.0,1120.0,1142.0,357800.0
2024-07-11,1131.0,1207.0,1124.0,1195.0,1147.1617431640625,763800.0,1163.6,1168.76,1174.7066666666667,1332.34,55.92417061611374,1175.62,-4.480000000000018,-8.935000000000173,0.0135708227311279,1228.0,1125.0,1114.0,1119.0,244800.0
2024-07-12,1189.0,1234.0,1170.0,1233.0,1183.640625,452000.0,1163.85,1171.16,1175.1733333333334,1331.07,62.903225806451616,1176.56,-2.599999999999909,-8.345000000000027,0.0458015267175573,1233.0,1207.0,1195.0,1131.0,763800.0
2024-07-13,1189.0,1234.0,1170.0,1233.0,1183.640625,452000.0,1164.1,1173.56,1175.64,1329.75,62.903225806451616,1178.66,-1.1466666666665333,-8.019999999999982,0.0825285338015804,1233.0,1234.0,1233.0,1189.0,452000.0
2024-07-14,1189.0,1234.0,1170.0,1233.0,1183.640625,452000.0,1165.7,1176.36,1175.8933333333334,1328.235,62.903225806451616,1180.76,0.0266666666668697,-7.610000000000127,0.088261253309797,1233.0,1234.0,1233.0,1189.0,452000.0
2024-07-15,1189.0,1234.0,1170.0,1233.0,1183.640625,452000.0,1166.35,1177.28,1176.3066666666666,1326.695,63.15789473684211,1182.86,1.5599999999999454,-7.195000000000164,0.0796847635726796,1233.0,1234.0,1233.0,1189.0,452000.0
2024-07-16,1235.0,1249.0,1215.0,1222.0,1173.0810546875,444300.0,1166.55,1177.04,1177.2,1325.16,64.73029045643153,1183.9,2.4933333333333394,-7.179999999999836,0.0453378956372967,1233.0,1234.0,1233.0,1189.0,452000.0
2024-07-17,1269.0,1304.0,1269.0,1297.0,1245.07861328125,511300.0,1172.9,1179.8,1179.0933333333332,1324.0,73.80191693290735,1186.28,3.919999999999845,-7.069999999999936,0.1094952951240375,1297.0,1249.0,1222.0,1235.0,444300.0
2024-07-18,1275.0,1301.0,1270.0,1290.0,1238.35888671875,384700.0,1178.95,1182.28,1180.8933333333334,1322.805,76.23762376237623,1188.84,5.25333333333333,-6.944999999999936,0.1035072711719418,1297.0,1304.0,1297.0,1269.0,511300.0
2024-07-19,1295.0,1297.0,1264.0,1273.0,1222.039306640625,293900.0,1184.15,1185.16,1182.4666666666667,1321.525,77.51677852348993,1191.12,6.573333333333267,-6.709999999999809,0.0974137931034482,1297.0,1301.0,1290.0,1275.0,384700.0
2024-07-20,1295.0,1297.0,1264.0,1273.0,1222.039306640625,293900.0,1189.35,1187.28,1184.04,1320.245,77.51677852348993,1192.7,7.733333333333348,-6.4500000000000455,0.0581878636741479,1297.0,1297.0,1273.0,1295.0,293900.0
2024-07-21,1295.0,1297.0,1264.0,1273.0,1222.039306640625,293900.0,1194.6,1189.48,1185.3466666666666,1318.965,77.51677852348993,1194.28,8.146666666666533,-6.195000000000164,0.0451559934318555,1297.0,1297.0,1273.0,1295.0,293900.0
2024-07-22,1261.0,1296.0,1255.0,1286.0,1234.51904296875,273700.0,1201.35,1194.12,1186.9066666666668,1317.43,75.54744525547446,1196.12,7.813333333333503,-6.569999999999936,0.0843170320404722,1297.0,1297.0,1273.0,1295.0,293900.0
2024-07-23,1286.0,1294.0,1259.0,1274.0,1222.999267578125,344600.0,1207.65,1198.32,1188.253333333333,1315.835,79.61538461538461,1197.02,7.3599999999999,-6.970000000000027,0.1294326241134751,1297.0,1296.0,1286.0,1261.0,273700.0
2024-07-24,1267.0,1273.0,1242.0,1251.0,1200.9200439453125,289600.0,1213.65,1201.6,1189.2133333333334,1314.125,74.72924187725631,1197.96,6.74666666666667,-7.400000000000091,0.1090425531914893,1297.0,1294.0,1274.0,1286.0,344600.0
2024-07-25,1241.0,1273.0,1236.0,1260.0,1209.5596923828125,326700.0,1221.2,1205.24,1190.2933333333333,1312.46,65.85365853658536,1199.22,6.25333333333333,-7.7849999999998545,0.1170212765957445,1297.0,1273.0,1251.0,1267.0,289600.0
2024-07-26,1273.0,1279.0,1258.0,1262.0,1211.4796142578125,210200.0,1228.85,1209.0,1191.4,1310.805,58.57988165680473,1200.28,6.053333333333512,-8.159999999999854,0.0786324786324785,1297.0,1273.0,1260.0,1241.0,326700.0
2024-07-27,1273.0,1279.0,1258.0,1262.0,1211.4796142578125,210200.0,1236.5,1213.44,1192.506666666667,1309.265,58.57988165680473,1201.98,5.599999999999909,-8.164999999999964,0.0713073005093378,1297.0,1279.0,1262.0,1273.0,210200.0
2024-07-28,1273.0,1279.0,1258.0,1262.0,1211.4796142578125,210200.0,1242.3,1218.0,1194.1466666666668,1307.655,58.57988165680473,1203.68,5.89333333333343,-8.180000000000064,0.0860585197934595,1297.0,1279.0,1262.0,1273.0,210200.0
2024-07-29,1282.0,1294.0,1273.0,1284.0,1232.5989990234375,216000.0,1250.5,1224.12,1196.16,1306.335,63.35078534031414,1205.82,6.946666666666715,-7.789999999999964,0.1078515962036237,1297.0,1279.0,1262.0,1273.0,210200.0
2024-07-30,1293.0,1294.0,1272.0,1292.0,1240.2786865234375,219300.0,1259.4,1231.44,1198.16,1304.975,68.61702127659575,1207.66,7.866666666666788,-7.485000000000127,0.0820770519262981,1297.0,1294.0,1284.0,1282.0,216000.0
2024-07-31,1300.0,1303.0,1278.0,1300.0,1247.95849609375,353600.0,1264.65,1239.08,1199.9066666666668,1303.655,51.2396694214876,1209.96,8.50666666666666,-7.150000000000091,0.0887772194304856,1300.0,1294.0,1292.0,1293.0,219300.0
2024-08-01,1286.0,1292.0,1248.0,1255.0,1204.7598876953125,264500.0,1265.75,1244.92,1201.0533333333333,1302.11,38.9937106918239,1211.44,8.546666666666624,-7.1550000000002,0.0510887772194303,1300.0,1303.0,1300.0,1300.0,353600.0
2024-08-02,1210.0,1218.0,1182.0,1193.0,1145.2418212890625,409900.0,1263.75,1246.8,1201.3733333333332,1300.24,30.392156862745097,1210.78,7.2266666666664605,-7.414999999999964,-0.0292921074043938,1300.0,1292.0,1255.0,1286.0,264500.0
2024-08-03,1210.0,1218.0,1182.0,1193.0,1145.2418212890625,409900.0,1261.75,1249.72,1201.8133333333333,1298.53,30.392156862745097,1210.78,5.653333333333194,-7.805000000000064,-0.0091362126245847,1300.0,1218.0,1193.0,1210.0,409900.0
2024-08-04,1210.0,1218.0,1182.0,1193.0,1145.2418212890625,409900.0,1259.75,1252.88,1201.68,1296.915,30.392156862745097,1210.78,3.519999999999982,-8.059999999999945,-0.0033416875522138,1300.0,1218.0,1193.0,1210.0,409900.0
2024-08-05,1122.0,1126.0,1000.0,1005.0,964.7678833007812,623400.0,1248.9,1245.28,1198.84,1294.33,12.928759894459104,1207.02,-1.0666666666668334,-9.325000000000044,-0.1687344913151365,1300.0,1218.0,1193.0,1210.0,409900.0
2024-08-06,988.0,1029.0,891.0,1029.0,987.80712890625,1414100.0,1235.5,1237.12,1196.746666666667,1291.75,18.67007672634272,1204.14,-4.306666666666615,-10.3599999999999,-0.1257434154630416,1300.0,1126.0,1005.0,1122.0,623400.0
2024-08-07,1020.0,1042.0,971.0,1027.0,985.88720703125,914900.0,1222.35,1228.88,1195.4,1289.16,19.729729729729726,1201.22,-5.97333333333313,-11.079999999999927,-0.1274426508071368,1300.0,1029.0,1029.0,988.0,1414100.0
2024-08-08,984.0,1029.0,946.0,1009.0,968.6077880859376,667500.0,1209.15,1219.92,1193.8133333333333,1286.48,16.88654353562005,1198.14,-8.0,-12.049999999999956,-0.1427357689039932,1300.0,1042.0,1027.0,1020.0,914900.0
2024-08-09,1030.0,1035.0,966.0,1004.0,963.8079223632812,501300.0,1195.7,1210.76,1192.16,1283.525,16.2303664921466,1194.02,-9.519999999999982,-13.389999999999873,-0.1633333333333333,1300.0,1029.0,1009.0,984.0,667500.0
2024-08-10,1030.0,1035.0,966.0,1004.0,963.8079223632812,501300.0,1182.25,1202.04,1189.9466666666667,1280.675,16.2303664921466,1189.54,-8.893333333333203,-13.654999999999973,-0.1527426160337552,1300.0,1035.0,1004.0,1030.0,501300.0
2024-08-11,1030.0,1035.0,966.0,1004.0,963.8079223632812,501300.0,1168.15,1190.32,1187.6266666666668,1277.8,16.2303664921466,1185.06,-9.11999999999989,-13.950000000000044,-0.1498729889923793,1300.0,1035.0,1004.0,1030.0,501300.0
2024-08-12,1030.0,1035.0,966.0,1004.0,963.8079223632812,501300.0,1154.65,1178.88,1185.52,1274.92,11.111111111111114,1180.58,-9.88000000000011,-14.240000000000007,-0.1810766721044046,1300.0,1035.0,1004.0,1030.0,501300.0
2024-08-13,1010.0,1024.0,980.0,987.0,947.4884643554688,320500.0,1141.45,1167.44,1183.2266666666667,1272.105,8.672086720867199,1176.3,-10.586666666666588,-14.375,-0.1726739312657167,1300.0,1035.0,1004.0,1030.0,501300.0
2024-08-14,1001.0,1050.0,999.0,1030.0,988.76708984375,346000.0,1129.95,1157.72,1181.04,1269.505,16.584158415841586,1172.5,-11.120000000000118,-14.019999999999982,-0.1366303436714165,1300.0,1024.0,987.0,1010.0,320500.0
2024-08-15,1052.0,1070.0,1043.0,1065.0,1022.3660278320312,281200.0,1120.1,1149.4,1179.32,1267.08,25.88832487309645,1169.44,-10.62666666666678,-13.595000000000027,-0.1072925398155909,1300.0,1050.0,1030.0,1001.0,346000.0
2024-08-16,1083.0,1109.0,1078.0,1099.0,1055.0048828125,301500.0,1111.95,1141.92,1178.0533333333333,1264.905,37.15846994535519,1168.02,-9.573333333333494,-12.894999999999982,-0.0630861040068201,1300.0,1070.0,1065.0,1052.0,281200.0
2024-08-17,1083.0,1109.0,1078.0,1099.0,1055.0048828125,301500.0,1103.8,1134.92,1176.32,1262.71,37.15846994535519,1166.62,-9.200000000000044,-12.210000000000036,-0.0630861040068201,1300.0,1109.0,1099.0,1083.0,301500.0
2024-08-18,1083.0,1109.0,1078.0,1099.0,1055.0048828125,301500.0,1094.55,1128.84,1174.92,1260.565,37.15846994535519,1165.22,-8.306666666666615,-11.539999999999964,-0.055030094582975,1300.0,1109.0,1099.0,1083.0,301500.0
2024-08-19,1099.0,1107.0,1080.0,1080.0,1036.7655029296875,233900.0,1083.95,1121.64,1173.36,1258.485,69.03553299492386,1163.44,-7.680000000000064,-11.02000000000021,-0.1074380165289256,1300.0,1109.0,1099.0,1083.0,301500.0
2024-08-20,1107.0,1125.0,1092.0,1120.0,1075.1641845703125,216900.0,1074.95,1115.96,1172.1733333333334,1256.575,71.36150234741784,1162.48,-7.146666666666533,-10.504999999999882,-0.0879478827361563,1255.0,1107.0,1080.0,1099.0,233900.0
2024-08-21,1110.0,1125.0,1109.0,1117.0,1072.2843017578125,164500.0,1068.05,1110.16,1171.3733333333332,1254.65,71.02803738317758,1161.8,-6.680000000000064,-10.254999999999882,-0.0903908794788274,1193.0,1125.0,1120.0,1107.0,216900.0
2024-08-22,1122.0,1146.0,1117.0,1128.0,1082.843994140625,272900.0,1064.8,1104.8,1170.72,1252.78,78.74396135265701,1161.4,-5.599999999999909,-9.930000000000064,-0.0814332247557003,1193.0,1125.0,1117.0,1110.0,164500.0
2024-08-23,1133.0,1139.0,1107.0,1111.0,1066.5245361328125,195100.0,1060.7,1097.88,1169.84,1250.665,74.42922374429224,1161.0,-5.080000000000155,-9.900000000000093,-0.0749375520399666,1193.0,1146.0,1128.0,1122.0,272900.0
2024-08-24,1133.0,1139.0,1107.0,1111.0,1066.5245361328125,195100.0,1056.6,1090.64,1168.6533333333334,1248.71,74.42922374429224,1161.04,-4.706666666666479,-9.774999999999864,-0.0893442622950819,1128.0,1139.0,1111.0,1133.0,195100.0
2024-08-25,1133.0,1139.0,1107.0,1111.0,1066.5245361328125,195100.0,1061.9,1083.08,1167.6666666666667,1246.655,74.42922374429224,1161.08,-4.506666666666661,-9.920000000000073,-0.0878489326765188,1128.0,1139.0,1111.0,1133.0,195100.0
2024-08-26,1109.0,1116.0,1096.0,1108.0,1063.6446533203125,225300.0,1065.85,1077.2,1166.6933333333334,1244.83,73.42342342342343,1161.06,-4.679999999999836,-9.820000000000164,-0.052991452991453,1128.0,1139.0,1111.0,1133.0,195100.0
2024-08-27,1120.0,1145.0,1108.0,1134.0,1088.603759765625,150100.0,1071.2,1074.84,1165.4666666666667,1243.275,81.81818181818181,1160.82,-5.25333333333333,-9.504999999999882,-0.029940119760479,1134.0,1116.0,1108.0,1109.0,225300.0
2024-08-28,1124.0,1133.0,1108.0,1123.0,1078.044189453125,145100.0,1076.9,1072.04,1164.5333333333333,1241.665,73.36683417085428,1160.88,-5.306666666666615,-9.0,-0.0393498716852009,1134.0,1145.0,1134.0,1120.0,150100.0
2024-08-29,1140.0,1144.0,1116.0,1129.0,1083.803955078125,177800.0,1083.15,1069.48,1163.68,1240.085,68.82352941176471,1161.18,-4.973333333333358,-8.625,-0.0342172797262617,1134.0,1133.0,1123.0,1124.0,145100.0
2024-08-30,1112.0,1128.0,1101.0,1108.0,1063.6446533203125,379500.0,1088.35,1073.6,1162.5466666666666,1238.4,52.86624203821657,1159.44,-5.120000000000118,-8.254999999999882,-0.0513698630136986,1134.0,1144.0,1129.0,1140.0,177800.0
2024-08-31,1112.0,1128.0,1101.0,1108.0,1063.6446533203125,379500.0,1093.55,1076.76,1161.68,1236.57,52.86624203821657,1156.94,-5.013333333333321,-8.259999999999991,-0.0373588184187663,1134.0,1128.0,1108.0,1112.0,379500.0
2024-09-01,1112.0,1128.0,1101.0,1108.0,1063.6446533203125,379500.0,1098.75,1080.0,1160.8133333333333,1235.01,52.86624203821657,1154.44,-4.653333333333421,-8.2650000000001,-0.0348432055749129,1134.0,1128.0,1108.0,1112.0,379500.0
2024-09-02,1113.0,1113.0,1080.0,1095.0,1051.1650390625,273100.0,1104.15,1083.44,1159.9066666666668,1233.48,54.966887417218544,1151.68,-4.626666666666552,-8.184999999999945,-0.0318302387267904,1134.0,1128.0,1108.0,1112.0,379500.0
2024-09-03,1106.0,1158.0,1106.0,1140.0,1094.363525390625,304100.0,1109.65,1088.88,1158.9733333333334,1232.17,56.41025641025641,1149.82,-4.706666666666706,-7.914999999999964,0.0279531109107304,1140.0,1113.0,1095.0,1113.0,273100.0
2024-09-04,1127.0,1163.0,1110.0,1122.0,1077.084228515625,299100.0,1112.5,1093.6,1157.56,1230.77,51.461988304093566,1147.82,-4.986666666666679,-7.630000000000109,0.011722272317403,1140.0,1158.0,1140.0,1106.0,304100.0
2024-09-05,1110.0,1137.0,1105.0,1120.0,1075.1641845703125,219500.0,1113.55,1098.24,1156.12,1229.36,47.53086419753086,1144.28,-5.560000000000173,-7.210000000000036,0.0099188458070333,1140.0,1163.0,1122.0,1127.0,299100.0
2024-09-06,1131.0,1135.0,1118.0,1127.0,1081.884033203125,140200.0,1114.95,1103.16,1154.7733333333333,1227.88,55.26315789473684,1141.02,-6.039999999999964,-7.129999999999882,-0.0165794066317626,1140.0,1137.0,1120.0,1110.0,219500.0
2024-09-07,1131.0,1135.0,1118.0,1127.0,1081.884033203125,140200.0,1116.35,1108.76,1153.7866666666666,1226.365,55.26315789473684,1138.1,-6.120000000000118,-7.115000000000009,0.00625,1140.0,1135.0,1127.0,1131.0,140200.0
2024-09-08,1131.0,1135.0,1118.0,1127.0,1081.884033203125,140200.0,1118.7,1112.64,1152.5466666666666,1224.895,55.26315789473684,1135.18,-6.426666666666733,-7.275000000000091,0.011669658886894,1140.0,1135.0,1127.0,1131.0,140200.0
2024-09-09,1100.0,1117.0,1095.0,1107.0,1062.6846923828125,198100.0,1118.05,1114.32,1151.0666666666666,1223.205,49.70414201183432,1131.86,-6.493333333333339,-7.565000000000055,-0.0736401673640166,1140.0,1135.0,1127.0,1131.0,140200.0
2024-09-10,1108.0,1116.0,1105.0,1107.0,1062.6846923828125,206200.0,1117.55,1114.64,1150.2266666666667,1221.515,40.55944055944057,1128.28,-5.893333333333203,-7.8449999999998,-0.1021897810218978,1140.0,1117.0,1107.0,1100.0,198100.0
2024-09-11,1100.0,1106.0,1086.0,1092.0,1048.28515625,201400.0,1115.75,1114.36,1149.2,1219.75,39.45578231292518,1124.64,-5.573333333333267,-8.13000000000011,-0.1143552311435522,1140.0,1116.0,1107.0,1108.0,206200.0
2024-09-12,1119.0,1146.0,1118.0,1139.0,1093.403564453125,239600.0,1117.15,1115.96,1148.8,1218.22,52.659574468085104,1122.4,-4.986666666666679,-8.144999999999982,-0.0762368207623682,1140.0,1106.0,1092.0,1100.0,201400.0
2024-09-13,1132.0,1144.0,1121.0,1125.0,1079.964111328125,267700.0,1117.85,1117.76,1148.2133333333334,1216.485,54.69613259668508,1119.7,-4.3333333333332575,-8.410000000000082,-0.0875912408759124,1140.0,1146.0,1139.0,1119.0,239600.0
2024-09-14,1132.0,1144.0,1121.0,1125.0,1079.964111328125,267700.0,1118.55,1117.96,1147.64,1215.04,54.69613259668508,1116.96,-3.426666666666506,-8.164999999999964,-0.0793780687397708,1140.0,1144.0,1125.0,1132.0,267700.0
2024-09-15,1132.0,1144.0,1121.0,1125.0,1079.964111328125,267700.0,1119.4,1118.28,1147.2933333333333,1213.415,54.69613259668508,1114.22,-2.933333333333394,-8.100000000000136,-0.1326137239784117,1140.0,1144.0,1125.0,1132.0,267700.0
2024-09-16,1132.0,1144.0,1121.0,1125.0,1079.964111328125,267700.0,1118.95,1118.16,1146.986666666667,1211.64,58.92857142857143,1111.48,-2.2133333333333667,-8.1099999999999,-0.127906976744186,1140.0,1144.0,1125.0,1132.0,267700.0
2024-09-17,1125.0,1137.0,1087.0,1103.0,1058.8448486328125,295100.0,1117.95,1117.84,1146.6133333333332,1209.7,37.24137931034483,1107.86,-2.1866666666667243,-8.519999999999982,-0.1335428122545169,1140.0,1144.0,1125.0,1132.0,267700.0
2024-09-18,1123.0,1144.0,1122.0,1140.0,1094.363525390625,246500.0,1118.5,1119.0,1147.0266666666666,1207.945,55.487804878048784,1104.82,-1.1866666666667245,-8.539999999999964,-0.1044776119402984,1140.0,1137.0,1103.0,1125.0,295100.0
2024-09-19,1148.0,1162.0,1139.0,1152.0,1105.8831787109375,236400.0,1120.7,1120.64,1147.6,1206.25,59.19540229885058,1101.86,-0.0400000000001909,-8.789999999999964,-0.0950510604870384,1152.0,1144.0,1140.0,1123.0,246500.0
2024-09-20,1158.0,1229.0,1123.0,1160.0,1113.56298828125,1252900.0,1123.3,1122.72,1148.28,1204.845,59.42857142857142,1099.96,0.9866666666666788,-8.569999999999936,-0.0979782270606531,1160.0,1162.0,1152.0,1148.0,236400.0
2024-09-21,1158.0,1229.0,1123.0,1160.0,1113.56298828125,1252900.0,1125.9,1123.76,1148.4666666666667,1203.335,59.42857142857142,1099.3,1.4800000000000182,-8.305000000000064,-0.0894819466248038,1160.0,1229.0,1160.0,1158.0,1252900.0
2024-09-22,1158.0,1229.0,1123.0,1160.0,1113.56298828125,1252900.0,1129.15,1125.24,1149.0,1201.9,59.42857142857142,1098.64,2.3866666666667697,-7.799999999999954,-0.0727418065547561,1160.0,1229.0,1160.0,1158.0,1252900.0
2024-09-23,1158.0,1229.0,1123.0,1160.0,1113.56298828125,1252900.0,1130.15,1126.48,1149.6133333333332,1200.62,67.09677419354838,1097.98,2.586666666666588,-7.325000000000045,-0.0793650793650794,1160.0,1229.0,1160.0,1158.0,1252900.0
2024-09-24,1151.0,1158.0,1133.0,1136.0,1090.523681640625,204600.0,1130.85,1127.6,1148.8266666666666,1199.26,58.100558659217874,1100.6,1.226666666666688,-6.990000000000009,-0.0998415213946117,1160.0,1229.0,1160.0,1158.0,1252900.0
2024-09-25,1134.0,1162.0,1128.0,1148.0,1102.0433349609375,174600.0,1132.25,1129.2,1147.6933333333334,1197.96,65.9090909090909,1102.98,-0.5866666666665878,-6.884999999999991,-0.0903328050713153,1160.0,1158.0,1136.0,1151.0,204600.0
2024-09-26,1150.0,1184.0,1147.0,1181.0,1133.7222900390625,331300.0,1134.95,1132.12,1147.0,1196.825,62.96296296296296,1106.06,-1.466666666666697,-6.509999999999991,-0.0641838351822503,1181.0,1162.0,1148.0,1134.0,174600.0
2024-09-27,1181.0,1189.0,1165.0,1170.0,1138.588134765625,174500.0,1137.1,1135.12,1146.16,1195.76,64.15094339622641,1109.28,-2.839999999999918,-6.1400000000001,-0.0887850467289719,1181.0,1184.0,1181.0,1150.0,331300.0
2024-09-28,1181.0,1189.0,1165.0,1170.0,1138.588134765625,174500.0,1139.25,1136.32,1145.32,1194.785,64.15094339622641,1112.6,-4.293333333333294,-5.834999999999809,-0.0944272445820433,1181.0,1189.0,1170.0,1181.0,174500.0
2024-09-29,1181.0,1189.0,1165.0,1170.0,1138.588134765625,174500.0,1142.4,1138.24,1144.6266666666668,1193.905,64.15094339622641,1115.92,-4.199999999999818,-5.355000000000018,-0.0999999999999999,1181.0,1189.0,1170.0,1181.0,174500.0
2024-09-30,1150.0,1158.0,1141.0,1147.0,1116.20556640625,207400.0,1144.4,1139.32,1142.6266666666668,1192.83,56.04395604395605,1118.78,-5.066666666666606,-5.130000000000109,-0.0860557768924302,1181.0,1189.0,1170.0,1181.0,174500.0
2024-10-01,1147.0,1159.0,1123.0,1138.0,1107.4471435546875,121700.0,1146.7,1139.76,1140.6,1191.625,60.35502958579882,1121.46,-6.400000000000091,-5.2000000000000455,-0.0461022632020117,1181.0,1158.0,1147.0,1150.0,207400.0
2024-10-02,1117.0,1126.0,1100.0,1105.0,1075.3331298828125,215300.0,1145.0,1138.88,1138.36,1190.255,39.39393939393939,1123.82,-7.800000000000182,-5.504999999999882,-0.0737636211232187,1181.0,1159.0,1138.0,1147.0,121700.0
2024-10-03,1114.0,1134.0,1110.0,1113.0,1083.1182861328125,229200.0,1144.4,1138.32,1136.2266666666667,1188.925,37.88819875776397,1125.48,-9.093333333333248,-5.860000000000127,-0.0670578373847443,1181.0,1126.0,1105.0,1117.0,215300.0
2024-10-04,1120.0,1130.0,1106.0,1119.0,1088.957275390625,182800.0,1144.1,1138.8,1134.1733333333334,1187.675,37.10691823899371,1126.56,-10.453333333333376,-6.230000000000018,0.1134328358208955,1181.0,1134.0,1113.0,1114.0,229200.0
2024-10-05,1120.0,1130.0,1106.0,1119.0,1088.957275390625,182800.0,1143.8,1139.28,1131.9466666666667,1186.31,37.10691823899371,1126.96,-10.680000000000064,-6.519999999999982,0.087463556851312,1181.0,1130.0,1119.0,1120.0,182800.0
2024-10-06,1120.0,1130.0,1106.0,1119.0,1088.957275390625,182800.0,1143.5,1140.36,1129.88,1184.945,37.10691823899371,1127.36,-10.7199999999998,-6.680000000000064,0.0895813047711782,1181.0,1130.0,1119.0,1120.0,182800.0
2024-10-07,1138.0,1138.0,1109.0,1124.0,1093.822998046875,223400.0,1144.55,1139.76,1128.1866666666667,1183.6,39.02439024390244,1127.86,-10.173333333333176,-6.6550000000002,0.113974231912785,1181.0,1130.0,1119.0,1120.0,182800.0
2024-10-08,1105.0,1109.0,1086.0,1088.0,1058.78955078125,240100.0,1141.95,1138.28,1125.8933333333334,1181.89,36.36363636363636,1128.02,-10.333333333333258,-7.034999999999855,0.0836653386454182,1181.0,1138.0,1124.0,1138.0,223400.0
2024-10-09,1091.0,1112.0,1084.0,1112.0,1082.145263671875,172300.0,1139.95,1137.76,1123.8933333333334,1180.3,40.42553191489362,1127.86,-10.279999999999973,-7.375,0.1075697211155377,1181.0,1109.0,1088.0,1105.0,240100.0
2024-10-10,1115.0,1119.0,1097.0,1102.0,1072.4136962890625,139500.0,1137.05,1136.84,1121.76,1178.66,26.060606060606062,1127.56,-10.186666666666724,-7.649999999999864,0.0976095617529879,1181.0,1112.0,1112.0,1091.0,172300.0
2024-10-11,1092.0,1103.0,1086.0,1088.0,1058.78955078125,210400.0,1133.45,1135.36,1119.44,1177.145,25.595238095238106,1126.76,-10.440000000000056,-7.799999999999954,0.0836653386454182,1181.0,1119.0,1102.0,1115.0,139500.0
2024-10-12,1092.0,1103.0,1086.0,1088.0,1058.78955078125,210400.0,1129.85,1134.76,1116.8266666666666,1175.75,25.595238095238106,1126.3,-11.360000000000127,-7.849999999999909,0.1023302938196555,1181.0,1103.0,1088.0,1092.0,210400.0
2024-10-13,1092.0,1103.0,1086.0,1088.0,1058.78955078125,210400.0,1126.25,1132.68,1114.1066666666666,1174.155,25.595238095238106,1125.84,-11.78666666666686,-7.735000000000127,0.0563106796116505,1181.0,1103.0,1088.0,1092.0,210400.0
2024-10-14,1092.0,1103.0,1086.0,1088.0,1058.78955078125,210400.0,1123.85,1130.12,1111.28,1172.83,29.65517241379311,1125.38,-12.613333333333458,-7.470000000000027,0.0215962441314554,1181.0,1103.0,1088.0,1092.0,210400.0
2024-10-15,1095.0,1104.0,1082.0,1093.0,1063.6552734375,237900.0,1121.1,1127.44,1109.12,1171.535,34.04255319148936,1125.08,-12.6400000000001,-7.125,-0.005459508644222,1181.0,1103.0,1088.0,1092.0,210400.0
2024-10-16,1090.0,1097.0,1063.0,1063.0,1034.4608154296875,196500.0,1115.2,1123.56,1107.3866666666668,1170.09,34.78260869565217,1123.66,-12.053333333333285,-7.055000000000064,-0.032757051865332,1170.0,1104.0,1093.0,1095.0,237900.0
2024-10-17,1061.0,1069.0,1051.0,1059.0,1030.5682373046875,252200.0,1109.65,1119.52,1105.6,1168.625,29.85074626865672,1122.38,-11.226666666666688,-7.125,-0.0363967242948134,1170.0,1097.0,1063.0,1090.0,196500.0
2024-10-18,1058.0,1069.0,1047.0,1049.0,1020.8366088867188,122100.0,1103.6,1115.08,1103.68,1167.28,24.63768115942028,1120.78,-10.426666666666506,-6.875,-0.0287037037037036,1170.0,1069.0,1059.0,1061.0,252200.0
2024-10-19,1058.0,1069.0,1047.0,1049.0,1020.8366088867188,122100.0,1097.55,1111.6,1104.2666666666669,1166.21,24.63768115942028,1119.6,-7.013333333333321,-6.619999999999891,-0.0633928571428571,1147.0,1069.0,1049.0,1058.0,122100.0
2024-10-20,1058.0,1069.0,1047.0,1049.0,1020.8366088867188,122100.0,1092.65,1107.64,1104.5333333333333,1165.23,24.63768115942028,1118.42,-4.586666666666588,-6.305000000000064,-0.0608773500447628,1138.0,1069.0,1049.0,1058.0,122100.0
2024-10-21,1049.0,1076.0,1047.0,1071.0,1042.2459716796875,147700.0,1089.3,1103.24,1105.12,1164.165,32.903225806451616,1117.68,-2.266666666666879,-5.9249999999999545,-0.0505319148936169,1124.0,1069.0,1049.0,1058.0,122100.0
2024-10-22,1061.0,1064.0,1031.0,1031.0,1003.3198852539062,133400.0,1085.6,1097.68,1105.4133333333334,1162.92,32.07547169811322,1116.4,-0.1866666666664969,-5.704999999999927,-0.072007200720072,1124.0,1076.0,1071.0,1049.0,147700.0
2024-10-23,1028.0,1033.0,1016.0,1016.0,988.7225952148438,146700.0,1080.75,1091.52,1105.5733333333333,1161.6,18.0,1113.92,1.893333333333203,-5.680000000000064,-0.0855085508550854,1124.0,1064.0,1031.0,1061.0,133400.0
2024-10-24,1003.0,1012.0,994.0,1010.0,982.8837280273438,176500.0,1075.3,1085.12,1105.6533333333334,1160.25,18.493150684931507,1111.68,1.3866666666667695,-5.960000000000036,-0.0909090909090909,1124.0,1033.0,1016.0,1028.0,146700.0
2024-10-25,1015.0,1015.0,992.0,1001.0,974.1253662109376,143000.0,1069.4,1079.28,1105.6133333333332,1158.78,19.148936170212764,1109.3,1.0799999999999272,-6.4500000000000455,-0.0965703971119134,1124.0,1012.0,1010.0,1003.0,176500.0
2024-10-26,1015.0,1015.0,992.0,1001.0,974.1253662109376,143000.0,1063.5,1073.8,1105.5733333333333,1157.24,19.148936170212764,1106.78,0.4533333333333758,-6.9249999999999545,-0.1172839506172839,1124.0,1015.0,1001.0,1015.0,143000.0
2024-10-27,1015.0,1015.0,992.0,1001.0,974.1253662109376,143000.0,1057.35,1069.64,1105.76,1155.67,19.148936170212764,1104.26,0.3466666666665787,-7.25,-0.1086375779162956,1112.0,1015.0,1001.0,1015.0,143000.0
2024-10-28,1000.0,1021.0,992.0,1010.0,982.8837280273438,138400.0,1053.45,1065.52,1105.493333333333,1154.445,24.0,1101.92,-0.0799999999999272,-7.154999999999973,-0.1054030115146147,1112.0,1015.0,1001.0,1015.0,143000.0
2024-10-29,1013.0,1019.0,1004.0,1011.0,983.8568725585938,133500.0,1048.4,1061.2,1104.7733333333333,1153.145,21.917808219178085,1100.0,-0.8800000000001091,-7.105000000000018,-0.0875451263537906,1102.0,1021.0,1010.0,1000.0,138400.0
2024-10-30,1016.0,1037.0,1010.0,1034.0,1006.2393188476562,1208000.0,1045.0,1057.8,1103.9066666666668,1151.96,39.568345323741006,1098.54,-1.7066666666664787,-6.819999999999936,-0.0667870036101082,1093.0,1019.0,1011.0,1013.0,133500.0
2024-10-31,1054.0,1058.0,1026.0,1039.0,1011.1051635742188,309300.0,1042.55,1054.6,1103.1066666666666,1150.8,42.85714285714285,1097.48,-2.466666666666697,-6.440000000000055,-0.0622743682310469,1093.0,1037.0,1034.0,1016.0,1208000.0
2024-11-01,1025.0,1038.0,1008.0,1036.0,1008.1856689453124,225000.0,1039.95,1051.08,1102.2666666666669,1149.68,45.11278195488722,1095.42,-3.4933333333333394,-5.990000000000009,-0.0538812785388127,1093.0,1058.0,1039.0,1054.0,309300.0
2024-11-02,1025.0,1038.0,1008.0,1036.0,1008.1856689453124,225000.0,1037.35,1049.0,1101.68,1148.53,45.11278195488722,1093.64,-3.813333333333276,-5.914999999999964,-0.0912280701754385,1093.0,1038.0,1036.0,1025.0,225000.0
2024-11-03,1025.0,1038.0,1008.0,1036.0,1008.1856689453124,225000.0,1034.75,1045.96,1100.56,1147.545,45.11278195488722,1091.86,-4.213333333333367,-5.599999999999909,-0.0766488413547237,1093.0,1038.0,1036.0,1025.0,225000.0
2024-11-04,1025.0,1038.0,1008.0,1036.0,1008.1856689453124,225000.0,1031.9,1043.32,1099.48,1146.615,34.23423423423422,1090.08,-4.426666666666733,-5.345000000000027,-0.0749999999999999,1071.0,1038.0,1036.0,1025.0,225000.0
2024-11-05,1066.0,1070.0,1036.0,1036.0,1008.1856689453124,293500.0,1030.55,1041.24,1098.253333333333,1145.78,53.52112676056338,1088.3,-4.853333333333239,-5.019999999999982,-0.0807453416149068,1071.0,1038.0,1036.0,1025.0,225000.0
2024-11-06,995.0,1035.0,963.0,1029.0,1001.37353515625,951100.0,1029.05,1038.88,1097.16,1144.91,60.31746031746032,1086.82,-5.10666666666657,-4.769999999999982,-0.0869565217391304,1071.0,1070.0,1036.0,1066.0,293500.0
2024-11-07,1030.0,1063.0,1017.0,1018.0,990.6688842773438,568300.0,1027.5,1036.08,1095.92,1143.985,55.88235294117647,1084.38,-5.759999999999991,-4.545000000000073,-0.0967169476486247,1071.0,1035.0,1029.0,995.0,951100.0
2024-11-08,1037.0,1049.0,1030.0,1044.0,1015.9708251953124,284000.0,1027.25,1034.32,1095.0266666666666,1143.1,75.29411764705883,1082.22,-5.533333333333303,-4.445000000000164,-0.056910569105691,1071.0,1063.0,1018.0,1030.0,568300.0
2024-11-09,1037.0,1049.0,1030.0,1044.0,1015.9708251953124,284000.0,1027.0,1032.36,1094.1733333333334,1142.245,75.29411764705883,1079.9,-5.306666666666615,-4.370000000000118,-0.056910569105691,1071.0,1049.0,1044.0,1037.0,284000.0
2024-11-10,1037.0,1049.0,1030.0,1044.0,1015.9708251953124,284000.0,1025.65,1031.6,1092.9733333333334,1141.365,75.29411764705883,1077.58,-5.279999999999973,-4.414999999999964,-0.0439560439560439,1044.0,1049.0,1044.0,1037.0,284000.0
2024-11-11,1030.0,1063.0,1022.0,1060.0,1031.541259765625,223400.0,1027.1,1031.64,1092.1333333333334,1140.72,77.17391304347827,1075.58,-5.026666666666642,-4.190000000000055,-0.0693590869183494,1060.0,1049.0,1044.0,1037.0,284000.0
2024-11-12,1060.0,1066.0,1044.0,1047.0,1018.8903198242188,225500.0,1028.65,1031.56,1091.04,1139.965,67.30769230769232,1073.32,-4.880000000000109,-4.019999999999982,-0.0693333333333333,1060.0,1063.0,1060.0,1030.0,223400.0
2024-11-13,1039.0,1056.0,1034.0,1044.0,1015.9708251953124,187300.0,1030.35,1031.36,1090.1866666666667,1139.195,55.95238095238095,1071.48,-4.839999999999918,-3.9049999999999727,-0.0719999999999999,1060.0,1066.0,1047.0,1060.0,225500.0
2024-11-14,1040.0,1042.0,1015.0,1033.0,1005.2661743164062,200500.0,1031.95,1030.72,1089.1866666666667,1138.37,46.66666666666666,1069.18,-4.986666666666679,-3.875,-0.0817777777777777,1060.0,1056.0,1044.0,1039.0,187300.0
2024-11-15,1040.0,1058.0,1038.0,1038.0,1010.1319580078124,150800.0,1033.8,1029.4,1088.253333333333,1137.57,51.086956521739125,1066.32,-4.720000000000027,-3.7950000000000728,-0.0773333333333333,1060.0,1042.0,1033.0,1040.0,200500.0
2024-11-16,1040.0,1058.0,1038.0,1038.0,1010.1319580078124,150800.0,1035.65,1029.68,1087.493333333333,1136.69,51.086956521739125,1063.68,-4.6400000000001,-4.029999999999973,-0.0589301903898459,1060.0,1058.0,1038.0,1040.0,150800.0
2024-11-17,1040.0,1058.0,1038.0,1038.0,1010.1319580078124,150800.0,1037.05,1030.56,1086.1333333333334,1135.87,51.086956521739125,1061.04,-4.906666666666524,-4.095000000000027,-0.0894736842105262,1060.0,1058.0,1038.0,1040.0,150800.0
2024-11-18,1030.0,1049.0,1027.0,1045.0,1016.9440307617188,228700.0,1038.75,1031.96,1085.1066666666666,1135.32,54.54545454545455,1058.54,-5.080000000000155,-3.875,-0.0928819444444444,1060.0,1058.0,1038.0,1040.0,150800.0
2024-11-19,1045.0,1073.0,1042.0,1071.0,1042.2459716796875,256300.0,1040.6,1034.76,1084.4533333333334,1134.9,64.0,1057.02,-4.7333333333333485,-3.4699999999998,-0.0767241379310345,1071.0,1049.0,1045.0,1030.0,228700.0
2024-11-20,1065.0,1075.0,1051.0,1070.0,1041.2728271484375,182200.0,1042.15,1037.52,1083.6933333333334,1134.475,67.22689075630252,1055.66,-4.559999999999945,-3.095000000000028,-0.0775862068965517,1071.0,1073.0,1071.0,1045.0,256300.0
2024-11-21,1061.0,1074.0,1038.0,1038.0,1010.1319580078124,150600.0,1042.25,1039.0,1082.506666666667,1133.89,57.142857142857146,1054.32,-4.986666666666679,-2.7999999999999545,-0.1051724137931034,1071.0,1075.0,1070.0,1065.0,182200.0
2024-11-22,1032.0,1041.0,1012.0,1012.0,984.8300170898438,161600.0,1041.05,1039.08,1080.9733333333334,1133.175,38.57142857142857,1052.3,-5.160000000000082,-2.6949999999999363,-0.1275862068965517,1071.0,1074.0,1038.0,1061.0,150600.0
2024-11-23,1032.0,1041.0,1012.0,1012.0,984.8300170898438,161600.0,1039.85,1039.12,1079.7066666666667,1132.36,38.57142857142857,1050.16,-5.399999999999864,-2.9600000000000364,-0.1091549295774647,1071.0,1041.0,1012.0,1032.0,161600.0
2024-11-24,1032.0,1041.0,1012.0,1012.0,984.8300170898438,161600.0,1038.65,1038.24,1078.44,1131.575,38.57142857142857,1048.02,-6.013333333333321,-3.325000000000045,-0.1184668989547038,1071.0,1041.0,1012.0,1032.0,161600.0
2024-11-25,1020.0,1030.0,1004.0,1004.0,977.0447998046876,179300.0,1037.05,1036.84,1077.2666666666669,1130.73,28.7878787878788,1045.72,-6.426666666666733,-3.744999999999891,-0.1498729889923793,1071.0,1041.0,1012.0,1032.0,161600.0
2024-11-26,1004.0,1015.0,982.0,988.0,961.4743041992188,256100.0,1035.0,1034.92,1075.253333333333,1129.775,28.14814814814813,1043.0,-7.25333333333333,-4.115000000000009,-0.1555555555555555,1071.0,1030.0,1004.0,1020.0,179300.0
2024-11-27,981.0,990.0,971.0,985.0,958.5548706054688,235300.0,1033.35,1032.88,1073.3866666666668,1128.805,28.14814814814813,1040.94,-7.586666666666588,-4.369999999999891,-0.1581196581196581,1071.0,1015.0,988.0,1004.0,256100.0
2024-11-28,1000.0,1013.0,999.0,1008.0,980.9373779296876,246700.0,1031.55,1031.76,1071.8266666666666,1127.95,41.49659863945578,1038.86,-7.880000000000109,-4.409999999999855,-0.1384615384615384,1071.0,990.0,985.0,981.0,235300.0
2024-11-29,1009.0,1027.0,1006.0,1020.0,992.615234375,215400.0,1030.35,1031.12,1070.4266666666667,1127.155,44.15584415584415,1037.22,-8.013333333333321,-4.420000000000073,-0.1107236268526591,1071.0,1013.0,1008.0,1000.0,246700.0
2024-11-30,1009.0,1027.0,1006.0,1020.0,992.615234375,215400.0,1029.15,1030.48,1069.0266666666666,1126.56,44.15584415584415,1035.86,-8.240000000000009,-4.170000000000073,-0.1036906854130053,1071.0,1027.0,1020.0,1009.0,215400.0
2024-12-01,1009.0,1027.0,1006.0,1020.0,992.615234375,215400.0,1027.15,1030.12,1067.92,1125.995,44.15584415584415,1034.5,-7.3333333333332575,-3.7800000000002,-0.0769230769230768,1071.0,1027.0,1020.0,1009.0,215400.0
2024-12-02,1032.0,1032.0,998.0,1008.0,980.9373779296876,238000.0,1025.2,1029.72,1066.16,1125.325,38.36477987421383,1032.9,-7.226666666666688,-3.480000000000018,-0.0943396226415094,1071.0,1027.0,1020.0,1009.0,215400.0
2024-12-03,1015.0,1075.0,1006.0,1060.0,1031.541259765625,519200.0,1026.0,1030.36,1064.9333333333334,1124.78,47.02702702702703,1032.34,-6.893333333333203,-3.1700000000000728,-0.0527256478999106,1071.0,1032.0,1008.0,1032.0,238000.0
2024-12-04,1041.0,1063.0,1032.0,1049.0,1020.8366088867188,266500.0,1026.8,1030.56,1063.4533333333334,1124.18,44.61538461538461,1031.46,-6.973333333333358,-2.974999999999909,-0.0625558534405719,1071.0,1075.0,1060.0,1015.0,519200.0
2024-12-05,1051.0,1063.0,1032.0,1036.0,1008.1856689453124,274800.0,1026.7,1030.24,1061.8,1123.515,49.43181818181818,1030.92,-7.226666666666688,-3.0449999999998454,-0.0741733690795353,1071.0,1063.0,1049.0,1041.0,266500.0
2024-12-06,1040.0,1069.0,1040.0,1069.0,1040.2996826171875,227400.0,1028.25,1030.6,1060.5866666666666,1123.06,65.57377049180329,1031.12,-7.333333333333485,-2.934999999999945,-0.048932384341637,1071.0,1063.0,1036.0,1051.0,274800.0
2024-12-07,1040.0,1069.0,1040.0,1069.0,1040.2996826171875,227400.0,1029.8,1031.48,1059.3733333333332,1122.39,65.57377049180329,1031.52,-6.786666666666861,-2.934999999999945,-0.0174632352941176,1071.0,1069.0,1069.0,1040.0,227400.0
2024-12-08,1040.0,1069.0,1040.0,1069.0,1040.2996826171875,227400.0,1031.0,1032.48,1058.48,1121.645,65.57377049180329,1031.92,-6.453333333333376,-3.134999999999991,-0.0386690647482014,1071.0,1069.0,1069.0,1040.0,227400.0
2024-12-09,1069.0,1152.0,1069.0,1124.0,1093.822998046875,635500.0,1033.65,1036.12,1058.16,1121.335,76.08695652173913,1033.42,-5.293333333333294,-2.845000000000028,0.0199637023593466,1124.0,1069.0,1069.0,1040.0,227400.0
2024-12-10,1117.0,1124.0,1086.0,1097.0,1067.5479736328125,309000.0,1035.0,1038.48,1057.04,1121.18,72.61410788381743,1033.94,-4.759999999999991,-2.3350000000000364,0.0082720588235294,1124.0,1152.0,1124.0,1069.0,635500.0
2024-12-11,1102.0,1110.0,1089.0,1110.0,1080.198974609375,198300.0,1038.6,1041.36,1056.24,1121.09,74.9003984063745,1035.52,-4.346666666666579,-1.9700000000000275,0.0202205882352941,1124.0,1124.0,1097.0,1117.0,309000.0
2024-12-12,1120.0,1149.0,1120.0,1149.0,1118.15185546875,381900.0,1045.45,1045.8,1055.96,1121.195,76.40449438202248,1038.18,-3.413333333333185,-1.1950000000001637,0.0560661764705883,1149.0,1110.0,1110.0,1102.0,198300.0
2024-12-13,1149.0,1179.0,1139.0,1144.0,1113.2860107421875,386200.0,1052.05,1049.76,1055.6133333333332,1121.065,73.84615384615384,1040.86,-2.866666666666788,-0.5799999999999272,0.0514705882352941,1149.0,1149.0,1149.0,1120.0,381900.0
2024-12-14,1149.0,1179.0,1139.0,1144.0,1113.2860107421875,386200.0,1058.65,1052.68,1055.5733333333333,1120.895,73.84615384615384,1043.72,-2.586666666666815,-0.4400000000000545,0.0466605672461115,1149.0,1179.0,1144.0,1149.0,386200.0
2024-12-15,1149.0,1179.0,1139.0,1144.0,1113.2860107421875,386200.0,1065.65,1055.64,1055.6533333333334,1120.805,73.84615384615384,1046.58,-1.3866666666665424,-0.375,0.0761994355597366,1149.0,1179.0,1144.0,1149.0,386200.0
2024-12-16,1144.0,1144.0,1109.0,1115.0,1085.0645751953125,181400.0,1072.0,1058.72,1055.7866666666666,1120.585,69.31407942238268,1048.86,-0.4533333333333758,-0.5049999999998818,0.052880075542965,1149.0,1179.0,1144.0,1149.0,386200.0
2024-12-17,1140.0,1143.0,1117.0,1117.0,1087.010986328125,283400.0,1078.6,1062.92,1055.84,1120.2,62.55506607929516,1051.0,-0.1200000000001182,-0.9949999999998907,0.0648236415633938,1149.0,1144.0,1115.0,1144.0,181400.0
2024-12-18,1117.0,1138.0,1104.0,1119.0,1088.957275390625,249900.0,1084.15,1067.2,1055.84,1119.825,66.05504587155963,1053.16,0.2266666666666879,-1.240000000000009,0.0667302192564347,1149.0,1143.0,1117.0,1140.0,283400.0
2024-12-19,1109.0,1135.0,1100.0,1103.0,1073.3868408203125,195200.0,1088.3,1070.84,1055.6266666666668,1119.37,65.15837104072398,1054.54,0.0533333333335122,-1.525000000000091,0.0514775977121066,1149.0,1138.0,1119.0,1117.0,249900.0
2024-12-20,1110.0,1123.0,1087.0,1094.0,1064.6285400390625,366600.0,1092.0,1074.44,1055.2933333333333,1118.695,56.34517766497462,1055.64,-0.3600000000001273,-2.110000000000128,0.0214752567693743,1149.0,1135.0,1103.0,1109.0,195200.0
2024-12-21,1110.0,1123.0,1087.0,1094.0,1064.6285400390625,366600.0,1095.7,1078.68,1054.8933333333334,1118.145,56.34517766497462,1056.8,-0.893333333333203,-2.4400000000000546,0.061105722599418,1149.0,1123.0,1094.0,1110.0,366600.0
2024-12-22,1110.0,1123.0,1087.0,1094.0,1064.6285400390625,366600.0,1100.0,1083.04,1054.9733333333334,1117.63,56.34517766497462,1057.96,-0.8666666666665606,-2.5699999999999363,0.0767716535433071,1149.0,1123.0,1094.0,1110.0,366600.0
2024-12-23,1092.0,1102.0,1081.0,1099.0,1069.4942626953125,278900.0,1101.95,1086.68,1054.8,1117.08,41.49659863945578,1059.22,-1.0399999999999636,-2.7450000000001182,0.0881188118811882,1149.0,1123.0,1094.0,1110.0,366600.0
2024-12-24,1094.0,1098.0,1081.0,1087.0,1057.81640625,155200.0,1103.85,1089.36,1054.6,1116.63,46.21212121212121,1060.24,-1.0266666666668698,-2.7399999999997817,0.0859140859140858,1149.0,1102.0,1099.0,1092.0,278900.0
2024-12-25,1087.0,1088.0,1068.0,1080.0,1051.0042724609375,182900.0,1106.05,1091.76,1054.493333333333,1116.145,38.095238095238095,1061.12,-0.7999999999999545,-2.5499999999999545,0.078921078921079,1149.0,1098.0,1087.0,1094.0,155200.0
2024-12-26,1087.0,1115.0,1087.0,1109.0,1079.2257080078125,261200.0,1108.05,1095.32,1054.7733333333333,1115.805,32.758620689655174,1062.72,-0.1200000000001182,-2.339999999999918,0.1078921078921077,1149.0,1088.0,1080.0,1087.0,182900.0
2024-12-27,1115.0,1126.0,1111.0,1126.0,1095.7694091796875,153300.0,1110.9,1100.04,1055.28,1115.435,42.96875,1064.88,0.3066666666666151,-2.195000000000164,0.1148514851485149,1149.0,1115.0,1109.0,1087.0,261200.0
2024-12-28,1115.0,1126.0,1111.0,1126.0,1095.7694091796875,153300.0,1113.75,1102.68,1055.7866666666666,1115.14,42.96875,1066.52,0.9866666666666788,-1.9399999999998272,0.1137487636003955,1149.0,1126.0,1126.0,1115.0,153300.0
2024-12-29,1115.0,1126.0,1111.0,1126.0,1095.7694091796875,153300.0,1113.85,1105.76,1056.2266666666667,1114.865,42.96875,1068.16,1.6266666666667788,-1.7650000000001,0.0889748549323017,1149.0,1126.0,1126.0,1115.0,153300.0
2024-12-30,1123.0,1123.0,1103.0,1110.0,1080.198974609375,142500.0,1114.5,1108.72,1056.8533333333332,1114.285,47.826086956521735,1069.48,2.3599999999999,-1.8599999999999,0.068334937439846,1149.0,1126.0,1126.0,1115.0,153300.0
2024-12-31,1123.0,1123.0,1103.0,1110.0,1080.198974609375,142500.0,1114.5,1110.36,1057.5333333333333,1113.87,46.90265486725664,1070.48,2.759999999999991,-1.9350000000001728,0.0714285714285714,1149.0,1123.0,1110.0,1123.0,142500.0
2025-01-01,1123.0,1123.0,1103.0,1110.0,1080.198974609375,142500.0,1112.55,1112.0,1058.3466666666666,1113.455,45.94594594594595,1071.74,3.066666666666606,-1.9800000000000184,0.0714285714285714,1144.0,1123.0,1110.0,1123.0,142500.0
2025-01-02,1123.0,1123.0,1103.0,1110.0,1080.198974609375,142500.0,1110.85,1113.64,1059.16,1113.04,53.6842105263158,1073.06,3.3733333333334485,-2.1000000000001364,0.0714285714285714,1144.0,1123.0,1110.0,1123.0,142500.0
2025-01-03,1123.0,1123.0,1103.0,1110.0,1080.198974609375,142500.0,1109.15,1113.08,1059.9733333333334,1112.725,59.30232558139535,1074.6,3.7466666666666697,-2.1400000000001,0.0714285714285714,1144.0,1123.0,1110.0,1123.0,142500.0
2025-01-04,1123.0,1123.0,1103.0,1110.0,1080.198974609375,142500.0,1107.45,1113.6,1060.493333333333,1112.41,59.30232558139535,1076.04,3.6400000000001,-1.875,0.0714285714285714,1126.0,1123.0,1110.0,1123.0,142500.0
2025-01-05,1123.0,1123.0,1103.0,1110.0,1080.198974609375,142500.0,1107.2,1113.6,1061.5466666666666,1112.145,59.30232558139535,1077.48,4.013333333333321,-1.724999999999909,0.0787172011661807,1126.0,1123.0,1110.0,1123.0,142500.0
2025-01-06,1123.0,1128.0,1103.0,1110.0,1080.198974609375,272800.0,1106.85,1112.04,1062.8,1111.645,56.79012345679012,1078.92,4.453333333333376,-1.8099999999999448,0.0903732809430255,1126.0,1123.0,1110.0,1123.0,142500.0
2025-01-07,1113.0,1117.0,1087.0,1089.0,1059.7626953125,232300.0,1105.35,1109.84,1063.8533333333332,1110.95,51.11111111111111,1079.8,4.6933333333331575,-2.089999999999918,0.0431034482758621,1126.0,1128.0,1110.0,1123.0,272800.0
2025-01-08,1078.0,1085.0,1044.0,1052.0,1023.756103515625,272800.0,1102.8,1106.16,1064.5333333333333,1110.07,38.33333333333333,1079.42,4.559999999999945,-2.6549999999999727,0.0076628352490422,1126.0,1117.0,1089.0,1113.0,232300.0
2025-01-09,1054.0,1065.0,1048.0,1065.0,1036.4071044921875,215500.0,1101.35,1103.0,1065.3866666666668,1109.255,28.84615384615385,1079.32,4.89333333333343,-3.1549999999999727,0.0201149425287356,1126.0,1085.0,1052.0,1078.0,272800.0
2025-01-10,1080.0,1099.0,1075.0,1085.0,1055.8701171875,260400.0,1100.9,1101.8,1066.506666666667,1108.675,30.8411214953271,1080.26,4.960000000000036,-3.470000000000028,0.0235849056603774,1126.0,1065.0,1065.0,1054.0,215500.0
2025-01-11,1080.0,1099.0,1075.0,1085.0,1055.8701171875,260400.0,1100.45,1100.52,1067.506666666667,1108.0,30.8411214953271,1081.72,4.706666666666706,-3.644999999999982,0.0362941738299904,1126.0,1099.0,1085.0,1080.0,260400.0
2025-01-12,1080.0,1099.0,1075.0,1085.0,1055.8701171875,260400.0,1099.75,1099.16,1068.493333333333,1107.335,30.8411214953271,1083.18,4.6400000000001,-3.615000000000009,0.0392720306513409,1126.0,1099.0,1085.0,1080.0,260400.0
2025-01-13,1080.0,1099.0,1075.0,1085.0,1055.8701171875,260400.0,1099.65,1098.44,1069.1733333333334,1106.91,36.26373626373626,1084.64,4.6400000000001,-3.1599999999998545,0.0503388189738625,1126.0,1099.0,1085.0,1080.0,260400.0
2025-01-14,1090.0,1091.0,1045.0,1052.0,1023.756103515625,175600.0,1098.25,1096.76,1069.3466666666666,1106.325,26.61290322580645,1085.6,3.959999999999809,-2.930000000000064,0.0134874759152214,1126.0,1099.0,1085.0,1080.0,260400.0
2025-01-15,1057.0,1067.0,1051.0,1056.0,1027.648681640625,206700.0,1095.6,1095.24,1069.6133333333332,1105.76,28.90625,1086.96,3.1066666666665697,-2.914999999999964,0.0173410404624276,1126.0,1091.0,1052.0,1090.0,175600.0
2025-01-16,1068.0,1080.0,1036.0,1046.0,1017.917236328125,230500.0,1091.6,1093.32,1069.746666666667,1105.145,26.811594202898547,1088.18,2.240000000000009,-2.855000000000018,0.0077071290944124,1126.0,1067.0,1056.0,1057.0,206700.0
2025-01-17,1055.0,1070.0,1046.0,1069.0,1040.2996826171875,176100.0,1088.75,1092.12,1070.1866666666667,1104.65,37.267080745341616,1089.4,1.6933333333333849,-2.684999999999945,0.0229665071770335,1126.0,1080.0,1046.0,1068.0,230500.0
2025-01-18,1055.0,1070.0,1046.0,1069.0,1040.2996826171875,176100.0,1085.9,1091.4,1070.6266666666668,1104.24,37.267080745341616,1090.38,1.4533333333333758,-2.6700000000000728,-0.0018674136321195,1110.0,1070.0,1069.0,1055.0,176100.0
2025-01-19,1055.0,1070.0,1046.0,1069.0,1040.2996826171875,176100.0,1083.85,1090.96,1071.0666666666666,1103.845,37.267080745341616,1091.36,1.7200000000000273,-2.480000000000018,-0.0009345794392523,1110.0,1070.0,1069.0,1055.0,176100.0
2025-01-20,1072.0,1095.0,1066.0,1095.0,1065.6016845703125,141200.0,1083.1,1090.4,1071.9466666666667,1103.665,45.98930481283423,1092.86,2.333333333333485,-2.095000000000028,0.0549132947976878,1110.0,1070.0,1069.0,1055.0,176100.0
2025-01-21,1095.0,1108.0,1091.0,1108.0,1078.252685546875,109800.0,1083.0,1089.68,1073.1466666666668,1103.66,55.3072625698324,1094.86,3.400000000000091,-1.4849999999999,0.0948616600790512,1110.0,1095.0,1095.0,1072.0,141200.0
2025-01-22,1131.0,1136.0,1102.0,1109.0,1079.2257080078125,153000.0,1082.95,1089.0,1074.013333333333,1103.66,69.93006993006993,1095.84,3.826666666666597,-0.9900000000000092,0.0958498023715415,1110.0,1108.0,1108.0,1095.0,109800.0
2025-01-23,1109.0,1117.0,1106.0,1110.0,1080.198974609375,101900.0,1082.95,1088.36,1074.8933333333334,1103.665,67.17557251908397,1097.06,4.266666666666652,-0.5750000000000455,0.0968379446640317,1110.0,1136.0,1109.0,1131.0,153000.0
2025-01-24,1114.0,1126.0,1103.0,1108.0,1078.252685546875,242800.0,1082.85,1088.28,1075.746666666667,1103.475,60.17699115044248,1098.5,4.680000000000064,-0.3700000000001182,0.1035856573705178,1110.0,1117.0,1110.0,1109.0,101900.0
2025-01-25,1114.0,1126.0,1103.0,1108.0,1078.252685546875,242800.0,1082.75,1088.2,1076.3866666666668,1103.415,60.17699115044248,1099.28,4.440000000000055,-0.25,0.1214574898785425,1110.0,1126.0,1108.0,1114.0,242800.0
2025-01-26,1114.0,1126.0,1103.0,1108.0,1078.252685546875,242800.0,1082.65,1088.12,1077.2,1103.385,60.17699115044248,1100.06,4.053333333333285,-0.2750000000000909,0.1248730964467004,1110.0,1126.0,1108.0,1114.0,242800.0
2025-01-27,1120.0,1126.0,1112.0,1119.0,1088.957275390625,223600.0,1084.15,1088.48,1078.2,1103.005,63.70967741935484,1101.06,4.186666666666724,-0.6549999999999727,0.1101190476190476,1119.0,1126.0,1108.0,1114.0,242800.0
2025-01-28,1118.0,1133.0,1112.0,1132.0,1101.6082763671875,286300.0,1088.15,1089.36,1079.52,1102.5,88.46153846153847,1101.22,4.626666666666552,-1.1649999999999636,0.1098039215686275,1132.0,1126.0,1119.0,1120.0,223600.0
2025-01-29,1132.0,1134.0,1107.0,1110.0,1080.198974609375,158300.0,1090.4,1089.36,1080.48,1101.885,72.1311475409836,1101.48,4.7333333333333485,-1.589999999999918,0.0882352941176469,1132.0,1133.0,1132.0,1118.0,286300.0
2025-01-30,1113.0,1143.0,1113.0,1139.0,1108.42041015625,206700.0,1093.1,1090.52,1081.8266666666666,1101.415,82.97872340425532,1102.06,5.439999999999827,-2.0,0.1166666666666667,1139.0,1134.0,1110.0,1132.0,158300.0
2025-01-31,1160.0,1164.0,1137.0,1150.0,1119.125,430400.0,1096.35,1092.12,1083.32,1101.0,81.3953488372093,1102.08,6.119999999999891,-2.384999999999991,0.1408730158730158,1150.0,1143.0,1139.0,1113.0,206700.0
2025-02-01,1160.0,1164.0,1137.0,1150.0,1119.125,430400.0,1099.6,1094.56,1084.72,1100.64,81.3953488372093,1102.2,6.519999999999982,-2.365000000000009,0.0849056603773585,1150.0,1164.0,1150.0,1160.0,430400.0
2025-02-02,1160.0,1164.0,1137.0,1150.0,1119.125,430400.0,1102.85,1098.48,1085.7733333333333,1099.905,81.3953488372093,1102.32,6.25333333333333,-2.595000000000028,0.0962821734985701,1150.0,1164.0,1150.0,1160.0,430400.0
2025-02-03,1090.0,1117.0,1090.0,1114.0,1084.091552734375,304900.0,1105.95,1100.44,1086.36,1099.025,56.834532374100725,1101.72,5.879999999999882,-2.8599999999999,0.0752895752895752,1150.0,1164.0,1150.0,1160.0,430400.0
2025-02-04,1164.0,1170.0,1142.0,1151.0,1120.09814453125,359300.0,1110.7,1103.08,1087.8666666666666,1098.415,63.19018404907976,1102.44,6.039999999999964,-3.0,0.0767072029934519,1151.0,1117.0,1114.0,1090.0,304900.0
2025-02-05,1150.0,1158.0,1140.0,1150.0,1119.125,279400.0,1115.9,1105.68,1089.7066666666667,1097.8,62.57668711656442,1103.1,6.38666666666677,-3.200000000000045,0.0757717492984098,1151.0,1170.0,1151.0,1164.0,359300.0
2025-02-06,1265.0,1319.0,1240.0,1319.0,1283.5877685546875,1057700.0,1128.4,1115.04,1093.8,1098.03,81.57099697885197,1107.1,9.079999999999927,-2.610000000000128,0.2338634237605239,1319.0,1158.0,1150.0,1150.0,279400.0
2025-02-07,1335.0,1355.0,1317.0,1328.0,1292.3460693359375,563800.0,1141.35,1124.76,1098.013333333333,1098.24,82.54437869822485,1111.6,12.240000000000007,-1.6649999999999636,0.1814946619217081,1328.0,1319.0,1319.0,1265.0,1057700.0
2025-02-08,1335.0,1355.0,1317.0,1328.0,1292.3460693359375,563800.0,1154.3,1135.8,1102.3333333333333,1098.51,82.54437869822485,1116.28,15.973333333333358,-0.5150000000001,0.210574293527803,1328.0,1355.0,1328.0,1335.0,563800.0
2025-02-09,1335.0,1355.0,1317.0,1328.0,1292.3460693359375,563800.0,1165.95,1146.68,1106.8666666666666,1098.895,82.54437869822485,1120.96,19.0,0.4800000000000182,0.1963963963963964,1328.0,1355.0,1328.0,1335.0,563800.0
2025-02-10,1309.0,1319.0,1291.0,1314.0,1278.721923828125,331100.0,1176.25,1157.4,1111.253333333333,1099.165,78.59237536656892,1125.36,21.546666666666624,1.365000000000009,0.1436031331592688,1328.0,1355.0,1328.0,1335.0,563800.0
2025-02-11,1309.0,1319.0,1291.0,1314.0,1278.721923828125,331100.0,1186.5,1167.2,1115.3333333333333,1099.425,77.7439024390244,1129.66,21.533333333333303,1.3949999999999818,0.1486013986013985,1328.0,1319.0,1314.0,1309.0,331100.0
2025-02-12,1314.0,1314.0,1274.0,1281.0,1246.6080322265625,311900.0,1195.05,1175.68,1118.8133333333333,1099.52,75.2212389380531,1133.54,20.799999999999955,1.2799999999999727,0.1197552447552448,1328.0,1319.0,1314.0,1309.0,331100.0
2025-02-13,1289.0,1295.0,1272.0,1276.0,1241.7421875,238900.0,1203.45,1183.96,1122.2266666666667,1099.59,71.74603174603175,1137.46,19.89333333333343,1.0799999999999272,0.1153846153846154,1328.0,1314.0,1281.0,1314.0,311900.0
2025-02-14,1283.0,1283.0,1249.0,1268.0,1233.95703125,262200.0,1211.45,1190.88,1125.5333333333333,1099.51,68.91025641025641,1140.64,18.666666666666742,0.6150000000000091,0.137219730941704,1328.0,1295.0,1276.0,1289.0,238900.0
2025-02-15,1283.0,1283.0,1249.0,1268.0,1233.95703125,262200.0,1219.45,1197.28,1129.0,1099.39,68.91025641025641,1143.48,17.74666666666667,0.2250000000001364,0.1351835273052819,1328.0,1283.0,1268.0,1283.0,262200.0
2025-02-16,1283.0,1283.0,1249.0,1268.0,1233.95703125,262200.0,1226.9,1203.64,1131.7733333333333,1099.23,68.91025641025641,1146.32,16.440000000000055,-0.1949999999999363,0.133154602323503,1328.0,1283.0,1268.0,1283.0,262200.0
2025-02-17,1274.0,1275.0,1242.0,1242.0,1208.6549072265625,194300.0,1232.4,1208.92,1134.3466666666666,1099.165,71.19205298013244,1148.64,15.533333333333305,-0.3550000000000182,0.1260199456029012,1328.0,1283.0,1268.0,1283.0,262200.0
2025-02-18,1232.0,1240.0,1214.0,1226.0,1193.08447265625,262600.0,1238.2,1213.64,1136.88,1099.33,63.345195729537366,1150.96,14.65333333333342,-0.2599999999999909,0.1206581352833637,1328.0,1275.0,1242.0,1274.0,194300.0
2025-02-19,1230.0,1260.0,1224.0,1245.0,1211.574462890625,332100.0,1243.5,1219.12,1139.2266666666667,1099.59,65.88628762541806,1153.66,13.693333333333385,0.0799999999999272,0.1380255941499086,1328.0,1240.0,1226.0,1232.0,262600.0
2025-02-20,1220.0,1242.0,1214.0,1226.0,1193.08447265625,306900.0,1247.3,1223.84,1141.32,1099.755,18.79194630872485,1155.98,12.319999999999936,0.3650000000000091,0.1206581352833637,1328.0,1260.0,1245.0,1230.0,332100.0
2025-02-21,1220.0,1224.0,1198.0,1202.0,1169.7288818359375,173600.0,1249.9,1227.16,1143.0933333333332,1100.74,11.585365853658544,1157.82,11.319999999999936,1.509999999999991,0.0937215650591447,1328.0,1242.0,1226.0,1220.0,306900.0
2025-02-22,1220.0,1224.0,1198.0,1202.0,1169.7288818359375,173600.0,1252.5,1229.96,1144.1333333333334,1101.605,11.585365853658544,1159.66,9.78666666666686,2.4400000000000546,0.1057957681692731,1328.0,1224.0,1202.0,1220.0,173600.0
2025-02-23,1220.0,1224.0,1198.0,1202.0,1169.7288818359375,173600.0,1256.9,1233.64,1145.5333333333333,1102.48,11.585365853658544,1161.5,8.653333333333194,3.150000000000091,0.1129629629629629,1328.0,1224.0,1202.0,1220.0,173600.0
2025-02-24,1220.0,1224.0,1198.0,1202.0,1169.7288818359375,173600.0,1259.45,1236.16,1146.76,1103.445,12.666666666666655,1163.34,7.533333333333303,3.855000000000018,0.0838593327321912,1328.0,1224.0,1202.0,1220.0,173600.0
2025-02-25,1199.0,1223.0,1194.0,1205.0,1172.6483154296875,244100.0,1262.2,1238.36,1147.506666666667,1104.45,14.379084967320267,1165.24,6.186666666666724,4.694999999999936,0.0701598579040851,1328.0,1224.0,1202.0,1220.0,173600.0
2025-02-26,1190.0,1191.0,1171.0,1188.0,1156.1048583984375,276400.0,1255.65,1239.88,1148.0933333333332,1105.37,16.058394160583944,1167.22,5.0,4.629999999999882,0.0550621669626998,1328.0,1223.0,1205.0,1199.0,244100.0
2025-02-27,1186.0,1206.0,1186.0,1203.0,1170.7020263671875,326200.0,1249.4,1242.0,1148.88,1106.365,25.17006802721089,1170.24,4.74666666666667,4.759999999999991,0.0683836589698045,1328.0,1191.0,1188.0,1190.0,276400.0
2025-02-28,1225.0,1231.0,1186.0,1197.0,1164.8631591796875,506300.0,1242.85,1245.32,1149.5866666666666,1107.33,25.51724137931035,1172.88,4.053333333333285,4.849999999999909,0.0783783783783784,1328.0,1206.0,1203.0,1186.0,326200.0
2025-03-01,1225.0,1231.0,1186.0,1197.0,1164.8631591796875,506300.0,1236.3,1247.16,1150.68,1108.38,25.51724137931035,1175.12,3.9200000000000728,4.935000000000173,0.0783783783783784,1314.0,1231.0,1197.0,1225.0,506300.0
2025-03-02,1225.0,1231.0,1186.0,1197.0,1164.8631591796875,506300.0,1230.45,1249.04,1151.746666666667,1109.215,25.51724137931035,1177.36,4.240000000000009,4.764999999999873,0.0783783783783784,1314.0,1231.0,1197.0,1225.0,506300.0
2025-03-03,1214.0,1231.0,1191.0,1213.0,1180.43359375,208500.0,1225.4,1244.8,1153.0,1109.955,39.25925925925927,1179.92,4.906666666666752,4.585000000000036,0.0927927927927927,1281.0,1231.0,1197.0,1225.0,506300.0
2025-03-04,1200.0,1232.0,1198.0,1226.0,1193.08447265625,265600.0,1222.65,1240.72,1154.64,1110.59,50.0,1182.74,5.759999999999991,4.224999999999909,0.1045045045045045,1276.0,1231.0,1213.0,1214.0,208500.0
2025-03-05,1230.0,1230.0,1196.0,1206.0,1173.6214599609375,279400.0,1219.15,1235.84,1156.1333333333334,1111.125,35.33834586466166,1185.82,6.546666666666852,3.7950000000000728,0.0864864864864864,1268.0,1232.0,1226.0,1200.0,265600.0
2025-03-06,1215.0,1246.0,1212.0,1219.0,1186.2725830078125,255000.0,1216.7,1231.48,1157.8,1111.725,47.24409448818897,1189.08,7.119999999999891,3.3449999999998,0.0981981981981983,1268.0,1230.0,1206.0,1230.0,279400.0
2025-03-07,1199.0,1240.0,1194.0,1233.0,1199.8966064453125,208800.0,1214.95,1228.24,1159.6533333333334,1112.49,63.24786324786325,1192.82,7.906666666666751,3.275000000000091,0.1108108108108107,1268.0,1246.0,1219.0,1215.0,255000.0
2025-03-08,1199.0,1240.0,1194.0,1233.0,1199.8966064453125,208800.0,1213.2,1225.0,1161.44,1113.055,63.24786324786325,1196.1,8.440000000000055,3.1000000000001364,0.1322314049586777,1245.0,1240.0,1233.0,1199.0,208800.0
2025-03-09,1199.0,1240.0,1194.0,1233.0,1199.8966064453125,208800.0,1212.75,1223.08,1163.3866666666668,1113.635,63.24786324786325,1199.38,8.74666666666667,3.0450000000000728,0.1720532319391634,1245.0,1240.0,1233.0,1199.0,208800.0
2025-03-10,1239.0,1257.0,1224.0,1236.0,1202.8160400390625,211200.0,1213.25,1221.48,1165.4666666666667,1114.175,64.16666666666666,1202.72,9.333333333333258,3.0499999999999545,0.1605633802816901,1245.0,1240.0,1233.0,1199.0,208800.0
2025-03-11,1232.0,1262.0,1229.0,1262.0,1228.1180419921875,344600.0,1214.1,1221.24,1167.506666666667,1114.93,69.93006993006993,1206.06,9.706666666666706,3.2050000000001546,0.1631336405529952,1262.0,1257.0,1236.0,1239.0,211200.0
2025-03-12,1270.0,1273.0,1249.0,1252.0,1218.3865966796875,264100.0,1215.4,1220.6,1169.1866666666667,1115.635,73.52941176470588,1208.94,9.533333333333305,3.144999999999982,0.1539170506912441,1262.0,1262.0,1262.0,1232.0,344600.0
2025-03-13,1246.0,1246.0,1221.0,1222.0,1189.19189453125,185800.0,1216.4,1218.76,1170.4666666666667,1116.19,56.29139072847683,1211.2,9.026666666666642,3.134999999999991,0.1262672811059908,1262.0,1273.0,1252.0,1270.0,264100.0
2025-03-14,1214.0,1239.0,1212.0,1222.0,1189.19189453125,181500.0,1217.4,1217.96,1171.746666666667,1116.76,58.62068965517242,1213.44,8.3599999999999,3.125,0.1262672811059908,1262.0,1246.0,1222.0,1246.0,185800.0
2025-03-15,1214.0,1239.0,1212.0,1222.0,1189.19189453125,181500.0,1218.4,1217.8,1173.24,1117.2,58.62068965517242,1215.72,7.773333333333312,3.025000000000091,0.161596958174905,1262.0,1239.0,1222.0,1214.0,181500.0
2025-03-16,1214.0,1239.0,1212.0,1222.0,1189.19189453125,181500.0,1219.4,1216.88,1174.7333333333331,1117.695,58.62068965517242,1218.0,7.226666666666688,2.7649999999998727,0.1571969696969697,1262.0,1239.0,1222.0,1214.0,181500.0
2025-03-17,1224.0,1259.0,1224.0,1255.0,1221.305908203125,171000.0,1221.9,1218.04,1176.6666666666667,1118.325,62.96296296296296,1220.94,7.480000000000018,2.6900000000000546,0.1998087954110898,1262.0,1239.0,1222.0,1214.0,181500.0
2025-03-18,1270.0,1270.0,1234.0,1239.0,1205.735595703125,164400.0,1224.45,1219.52,1178.3866666666668,1118.98,53.93939393939394,1223.34,7.920000000000073,2.789999999999964,0.1590271281571562,1262.0,1259.0,1255.0,1224.0,171000.0
2025-03-19,1246.0,1256.0,1240.0,1249.0,1215.467041015625,142000.0,1226.75,1221.4,1180.24,1119.685,63.87096774193548,1225.68,8.49333333333334,2.9249999999999545,0.1683816651075771,1262.0,1270.0,1239.0,1270.0,164400.0
2025-03-20,1246.0,1256.0,1240.0,1249.0,1215.467041015625,142000.0,1229.35,1223.28,1182.0933333333332,1120.39,60.56338028169014,1228.46,8.85333333333324,3.1900000000000546,0.1683816651075771,1262.0,1256.0,1249.0,1246.0,142000.0
2025-03-21,1240.0,1261.0,1240.0,1254.0,1220.3328857421875,211300.0,1232.2,1225.36,1184.013333333333,1121.185,57.89473684210526,1230.76,9.279999999999973,3.490000000000009,0.1452054794520547,1262.0,1256.0,1249.0,1246.0,142000.0
2025-03-22,1240.0,1261.0,1240.0,1254.0,1220.3328857421875,211300.0,1235.05,1227.32,1185.9333333333334,1121.755,57.89473684210526,1232.84,9.266666666666652,3.430000000000064,0.1317689530685921,1262.0,1261.0,1254.0,1240.0,211300.0
2025-03-23,1240.0,1261.0,1240.0,1254.0,1220.3328857421875,211300.0,1237.1,1229.96,1188.1333333333334,1122.415,57.89473684210526,1234.92,9.74666666666667,3.434999999999945,0.1307484220018033,1262.0,1261.0,1254.0,1240.0,211300.0
2025-03-24,1255.0,1267.0,1241.0,1252.0,1218.3865966796875,90200.0,1238.4,1231.92,1190.8,1123.075,56.060606060606055,1236.96,10.559999999999944,3.3900000000001,0.1279279279279279,1262.0,1261.0,1254.0,1240.0,211300.0
2025-03-25,1260.0,1262.0,1235.0,1250.0,1216.4403076171875,101500.0,1240.6,1234.04,1193.2666666666669,1123.69,44.44444444444444,1239.68,11.173333333333405,3.2999999999999545,0.128158844765343,1262.0,1267.0,1252.0,1255.0,90200.0
2025-03-26,1260.0,1260.0,1246.0,1257.0,1223.252197265625,144900.0,1242.5,1236.44,1195.56,1124.34,52.38095238095237,1241.8,11.546666666666624,3.1549999999999727,0.1344765342960288,1262.0,1262.0,1250.0,1260.0,101500.0
2025-03-27,1257.0,1267.0,1244.0,1267.0,1232.9837646484375,207700.0,1244.2,1239.24,1197.986666666667,1125.04,76.47058823529412,1244.14,12.053333333333285,3.2849999999998545,0.1435018050541516,1267.0,1260.0,1257.0,1260.0,144900.0
2025-03-28,1261.0,1270.0,1239.0,1263.0,1244.81103515625,265400.0,1245.7,1241.24,1200.36,1125.82,73.03370786516854,1243.02,12.22666666666646,3.4049999999999727,0.128686327077748,1267.0,1267.0,1267.0,1257.0,207700.0
2025-03-29,1261.0,1270.0,1239.0,1263.0,1244.81103515625,265400.0,1247.2,1242.72,1202.7333333333331,1126.6,73.03370786516854,1241.72,11.933333333333394,3.524999999999864,0.1157243816254416,1267.0,1270.0,1263.0,1261.0,265400.0
2025-03-30,1261.0,1270.0,1239.0,1263.0,1244.81103515625,265400.0,1248.55,1245.0,1205.5466666666666,1127.455,73.03370786516854,1240.42,12.279999999999973,3.7649999999998727,0.1378378378378377,1267.0,1270.0,1263.0,1261.0,265400.0
2025-03-31,1244.0,1245.0,1215.0,1233.0,1215.2430419921875,210100.0,1247.1,1245.56,1207.9066666666668,1127.925,37.2093023255814,1238.52,12.346666666666806,3.5850000000000364,0.0825285338015804,1267.0,1270.0,1263.0,1261.0,265400.0
2025-04-01,1252.0,1253.0,1225.0,1225.0,1207.3582763671875,132000.0,1245.75,1245.24,1210.2933333333333,1128.425,41.02564102564102,1236.74,12.306666666666615,3.384999999999991,0.0652173913043479,1267.0,1245.0,1233.0,1244.0,210100.0
2025-04-02,1240.0,1240.0,1211.0,1227.0,1209.3294677734375,116300.0,1246.0,1245.0,1212.4,1128.935,34.28571428571429,1235.0,12.040000000000193,3.115000000000009,0.0669565217391303,1267.0,1253.0,1225.0,1252.0,132000.0
2025-04-03,1197.0,1215.0,1178.0,1215.0,1197.502197265625,151500.0,1245.65,1244.28,1214.3466666666666,1129.385,29.268292682926827,1233.68,11.61333333333323,2.785000000000082,0.0565217391304346,1267.0,1240.0,1227.0,1240.0,116300.0
2025-04-04,1204.0,1204.0,1173.0,1190.0,1172.8623046875,186800.0,1244.05,1242.44,1215.96,1129.71,18.627450980392155,1231.96,10.413333333333412,2.255000000000109,0.0682226211849192,1267.0,1215.0,1215.0,1197.0,151500.0
2025-04-05,1204.0,1204.0,1173.0,1190.0,1172.8623046875,186800.0,1242.45,1239.56,1217.2266666666667,1130.145,18.627450980392155,1230.4,9.319999999999936,2.220000000000028,0.0338835794960903,1267.0,1204.0,1190.0,1204.0,186800.0
2025-04-06,1204.0,1204.0,1173.0,1190.0,1172.8623046875,186800.0,1239.2,1237.08,1218.32,1130.395,18.627450980392155,1228.84,8.026666666666642,1.9700000000000275,0.0347826086956521,1267.0,1204.0,1190.0,1204.0,186800.0
2025-04-07,1085.0,1147.0,1076.0,1116.0,1099.927978515625,290600.0,1233.05,1232.84,1218.4133333333334,1130.215,10.919540229885058,1225.8,6.013333333333321,1.2799999999999727,-0.153904473085671,1267.0,1204.0,1190.0,1204.0,186800.0
2025-04-08,1146.0,1171.0,1138.0,1151.0,1134.4239501953125,130000.0,1228.15,1230.0,1218.96,1130.17,26.08695652173914,1223.98,4.613333333333458,0.7850000000000819,-0.1332831325301204,1267.0,1147.0,1116.0,1085.0,290600.0
2025-04-09,1132.0,1145.0,1120.0,1139.0,1122.5968017578125,179800.0,1222.65,1226.68,1219.3733333333332,1130.065,22.16981132075472,1222.24,3.413333333333185,0.3550000000000182,-0.1423192771084337,1267.0,1171.0,1151.0,1146.0,130000.0
2025-04-10,1209.0,1214.0,1173.0,1214.0,1196.5166015625,141500.0,1220.65,1226.36,1220.7866666666666,1130.335,40.43321299638989,1221.62,3.559999999999945,0.1900000000000545,-0.0858433734939758,1267.0,1145.0,1139.0,1132.0,179800.0
2025-04-11,1184.0,1215.0,1158.0,1208.0,1190.60302734375,180800.0,1218.35,1224.48,1222.12,1130.575,40.14336917562724,1221.26,3.7999999999999545,0.1800000000000636,-0.0806697108066971,1267.0,1214.0,1214.0,1209.0,141500.0
2025-04-12,1184.0,1215.0,1158.0,1208.0,1190.60302734375,180800.0,1216.05,1223.24,1223.3066666666666,1130.935,40.14336917562724,1221.38,4.893333333333203,0.7200000000000273,-0.0806697108066971,1267.0,1215.0,1208.0,1184.0,180800.0
2025-04-13,1184.0,1215.0,1158.0,1208.0,1190.60302734375,180800.0,1213.85,1221.6,1224.32,1131.235,40.14336917562724,1221.5,5.3599999999999,1.0649999999998272,-0.0569867291178766,1267.0,1215.0,1208.0,1184.0,180800.0
2025-04-14,1221.0,1235.0,1215.0,1225.0,1207.3582763671875,112100.0,1212.6,1220.64,1225.8533333333332,1131.455,48.49624060150376,1221.96,6.480000000000018,1.389999999999873,-0.0399686520376175,1267.0,1215.0,1208.0,1184.0,180800.0
2025-04-15,1228.0,1241.0,1217.0,1222.0,1204.4014892578125,61400.0,1210.85,1219.36,1226.96,1131.715,49.42528735632183,1222.36,6.173333333333403,1.3799999999998818,-0.0362776025236593,1267.0,1235.0,1225.0,1221.0,112100.0
2025-04-16,1223.0,1250.0,1219.0,1250.0,1231.9981689453125,177500.0,1210.0,1219.2,1228.2933333333333,1132.115,54.00696864111497,1223.26,6.173333333333403,1.5399999999999636,-0.0141955835962145,1263.0,1241.0,1222.0,1228.0,61400.0
2025-04-17,1230.0,1243.0,1218.0,1237.0,1219.1854248046875,100900.0,1208.7,1218.52,1229.4533333333334,1132.45,53.81944444444444,1224.24,6.146666666666761,1.5150000000001,-0.0244479495268138,1263.0,1250.0,1250.0,1223.0,177500.0
2025-04-18,1244.0,1274.0,1241.0,1268.0,1249.739013671875,121900.0,1208.95,1219.16,1231.0266666666666,1133.055,63.26530612244898,1225.54,6.706666666666706,1.820000000000164,0.0209339774557166,1268.0,1243.0,1237.0,1230.0,100900.0
2025-04-19,1244.0,1274.0,1241.0,1268.0,1249.739013671875,121900.0,1209.2,1219.88,1233.08,1133.705,63.26530612244898,1226.96,7.226666666666688,2.25,0.034257748776509,1268.0,1274.0,1268.0,1244.0,121900.0
2025-04-20,1244.0,1274.0,1241.0,1268.0,1249.739013671875,121900.0,1210.95,1220.32,1234.64,1134.52,63.26530612244898,1228.38,7.680000000000064,2.805000000000064,0.0184738955823293,1268.0,1274.0,1268.0,1244.0,121900.0
2025-04-21,1267.0,1298.0,1258.0,1292.0,1273.393310546875,117800.0,1214.3,1221.32,1236.5333333333333,1135.415,86.06557377049181,1230.28,8.240000000000009,3.2999999999999545,0.0538336052202284,1292.0,1274.0,1268.0,1244.0,121900.0
2025-04-22,1299.0,1305.0,1283.0,1290.0,1271.422119140625,106000.0,1217.45,1222.4,1236.1466666666668,1136.27,82.93838862559241,1231.82,6.693333333333385,3.819999999999936,0.0732113144758734,1292.0,1298.0,1292.0,1267.0,117800.0
2025-04-23,1320.0,1330.0,1305.0,1311.0,1292.1197509765625,200300.0,1222.25,1224.32,1235.92,1137.23,89.0909090909091,1233.52,4.89333333333343,4.1749999999999545,0.0906821963394342,1311.0,1305.0,1290.0,1299.0,106000.0
2025-04-24,1316.0,1316.0,1286.0,1298.0,1279.306884765625,107900.0,1227.65,1225.72,1235.52,1138.125,76.58227848101265,1235.36,2.4400000000000546,4.420000000000073,0.0798668885191347,1311.0,1330.0,1311.0,1320.0,200300.0
2025-04-25,1275.0,1309.0,1274.0,1300.0,1281.278076171875,149000.0,1233.15,1228.4,1235.1466666666668,1139.005,79.87012987012987,1236.98,0.5066666666666606,4.485000000000127,0.08153078202995,1311.0,1316.0,1298.0,1316.0,107900.0
2025-04-26,1275.0,1309.0,1274.0,1300.0,1281.278076171875,149000.0,1238.65,1231.4,1234.96,1140.065,79.87012987012987,1238.32,-1.5733333333332666,4.650000000000091,0.0788381742738588,1311.0,1309.0,1300.0,1275.0,149000.0
2025-04-27,1275.0,1309.0,1274.0,1300.0,1281.278076171875,149000.0,1247.85,1234.32,1234.7733333333333,1141.005,79.87012987012987,1239.66,-1.3733333333334483,4.735000000000127,0.0942760942760942,1311.0,1309.0,1300.0,1275.0,149000.0
2025-04-28,1300.0,1313.0,1296.0,1313.0,1294.0909423828125,179500.0,1255.95,1238.24,1235.2,1142.06,79.33333333333333,1241.26,-0.7200000000000273,4.829999999999927,0.0914380714879468,1313.0,1309.0,1300.0,1275.0,149000.0
2025-04-29,1300.0,1313.0,1296.0,1313.0,1294.0909423828125,179500.0,1264.65,1243.16,1235.6933333333334,1143.185,80.95238095238095,1242.8,0.173333333333403,5.059999999999945,0.0969089390142021,1313.0,1313.0,1313.0,1300.0,179500.0
2025-04-30,1331.0,1333.0,1306.0,1320.0,1300.9901123046875,167900.0,1269.95,1248.36,1236.3866666666668,1144.345,77.77777777777777,1243.96,1.240000000000009,5.339999999999918,0.1027568922305763,1320.0,1313.0,1313.0,1300.0,179500.0
2025-05-01,1317.0,1329.0,1306.0,1310.0,1291.1341552734375,149500.0,1275.05,1253.16,1236.9466666666667,1145.455,79.67479674796748,1245.12,1.9866666666666788,5.389999999999873,0.0944026733500418,1320.0,1333.0,1320.0,1331.0,167900.0
2025-05-02,1301.0,1301.0,1266.0,1277.0,1258.609375,229300.0,1278.5,1259.6,1237.0666666666666,1146.4,53.6,1246.22,2.293333333333294,5.394999999999982,0.0527617477328936,1320.0,1329.0,1310.0,1317.0,149500.0
2025-05-03,1301.0,1301.0,1266.0,1277.0,1258.609375,229300.0,1281.95,1264.64,1237.5333333333333,1147.32,53.6,1247.32,2.333333333333257,5.259999999999991,0.0415986949429036,1320.0,1301.0,1277.0,1301.0,229300.0
2025-05-04,1301.0,1301.0,1266.0,1277.0,1258.609375,229300.0,1284.55,1270.16,1238.2133333333334,1148.39,53.6,1248.42,2.519999999999982,5.205000000000155,0.0588723051409618,1320.0,1301.0,1277.0,1301.0,229300.0
2025-05-05,1301.0,1301.0,1266.0,1277.0,1258.609375,229300.0,1287.3,1272.68,1238.64,1149.48,42.574257425742566,1249.52,2.2533333333333303,5.134999999999991,0.047579983593109,1320.0,1301.0,1277.0,1301.0,229300.0
2025-05-06,1301.0,1301.0,1266.0,1277.0,1258.609375,229300.0,1288.65,1275.44,1239.32,1150.62,43.43434343434343,1249.96,2.373333333333221,5.164999999999964,0.0356853203568532,1320.0,1301.0,1277.0,1301.0,229300.0
2025-05-07,1278.0,1305.0,1272.0,1289.0,1270.4365234375,145100.0,1291.25,1278.68,1240.48,1151.82,37.77777777777778,1250.96,3.413333333333412,5.419999999999845,0.0454176804541768,1320.0,1301.0,1277.0,1301.0,229300.0
2025-05-08,1291.0,1307.0,1272.0,1306.0,1287.1917724609375,108400.0,1293.15,1282.6,1241.8666666666666,1153.105,54.25531914893617,1252.1,4.3333333333332575,5.785000000000082,0.0592051905920518,1320.0,1305.0,1289.0,1278.0,145100.0
2025-05-09,1307.0,1331.0,1298.0,1320.0,1300.9901123046875,136900.0,1295.75,1286.4,1243.44,1154.35,59.43396226415094,1253.52,5.226666666666688,5.959999999999809,0.0679611650485436,1320.0,1307.0,1306.0,1291.0,108400.0
2025-05-10,1307.0,1331.0,1298.0,1320.0,1300.9901123046875,136900.0,1298.35,1290.32,1245.013333333333,1155.795,59.43396226415094,1254.84,6.373333333333221,6.315000000000055,0.045958795562599,1320.0,1331.0,1320.0,1307.0,136900.0
2025-05-11,1307.0,1331.0,1298.0,1320.0,1300.9901123046875,136900.0,1299.75,1293.12,1246.5466666666666,1157.315,59.43396226415094,1256.16,7.226666666666688,6.695000000000164,0.0543130990415334,1320.0,1331.0,1320.0,1307.0,136900.0
2025-05-12,1320.0,1333.0,1307.0,1321.0,1301.9757080078125,123300.0,1301.3,1296.48,1248.32,1158.87,54.25531914893617,1257.5,7.839999999999918,7.0499999999999545,0.0810147299509,1321.0,1331.0,1320.0,1307.0,136900.0
2025-05-13,1150.0,1150.0,1071.0,1074.0,1058.5328369140625,1240100.0,1289.45,1288.72,1246.6,1159.235,14.956011730205276,1253.94,4.7333333333333485,6.129999999999882,-0.1211129296235679,1321.0,1333.0,1321.0,1320.0,123300.0
2025-05-14,1072.0,1076.0,1032.0,1036.0,1021.0801391601562,658800.0,1276.35,1279.44,1244.4533333333334,1159.41,11.827956989247326,1249.66,1.0133333333333212,5.060000000000173,-0.1522094926350246,1321.0,1150.0,1074.0,1150.0,1240100.0
2025-05-15,1036.0,1063.0,1029.0,1055.0,1039.8065185546875,492800.0,1264.1,1270.92,1242.56,1159.68,16.535433070866148,1245.62,-2.453333333333376,3.884999999999991,-0.1366612111292962,1321.0,1076.0,1036.0,1072.0,658800.0
2025-05-16,1053.0,1088.0,1040.0,1058.0,1042.7633056640625,353800.0,1252.0,1261.56,1240.7066666666667,1159.92,18.803418803418808,1241.44,-5.839999999999918,2.605000000000018,-0.1569721115537848,1321.0,1063.0,1055.0,1036.0,492800.0
2025-05-17,1053.0,1088.0,1040.0,1058.0,1042.7633056640625,353800.0,1239.9,1252.28,1238.64,1160.155,18.803418803418808,1237.34,-9.679999999999836,1.285000000000082,-0.1460855528652138,1321.0,1088.0,1058.0,1053.0,353800.0
2025-05-18,1053.0,1088.0,1040.0,1058.0,1042.7633056640625,353800.0,1227.15,1242.16,1236.4,1160.275,18.803418803418808,1233.24,-10.199999999999818,1.040000000000191,-0.1529223378702962,1321.0,1088.0,1058.0,1053.0,353800.0
2025-05-19,1061.0,1081.0,1051.0,1059.0,1043.7489013671875,235400.0,1214.45,1232.6,1234.44,1160.375,19.034090909090907,1229.16,-10.01333333333332,0.964999999999918,-0.1521216973578862,1321.0,1088.0,1058.0,1053.0,353800.0
2025-05-20,1059.0,1068.0,1036.0,1036.0,1021.0801391601562,210800.0,1200.25,1222.04,1232.0,1160.375,17.86666666666666,1225.22,-10.559999999999944,0.6949999999999363,-0.1738437001594895,1321.0,1081.0,1059.0,1061.0,235400.0
2025-05-21,1036.0,1042.0,1020.0,1021.0,1006.296142578125,223800.0,1185.8,1210.88,1229.1733333333334,1160.3,14.550264550264544,1221.14,-11.533333333333305,0.3799999999998817,-0.1858054226475278,1321.0,1068.0,1036.0,1059.0,210800.0
2025-05-22,1016.0,1031.0,1008.0,1023.0,1008.267333984375,203700.0,1173.1,1199.8,1226.3733333333332,1160.235,11.019283746556482,1217.06,-12.26666666666688,0.0799999999999272,-0.1842105263157895,1321.0,1042.0,1021.0,1036.0,223800.0
2025-05-23,1027.0,1033.0,1018.0,1018.0,1003.33935546875,132000.0,1160.15,1188.0,1223.506666666667,1160.145,7.344632768361592,1213.12,-12.89333333333343,-0.1300000000001091,-0.1869009584664537,1321.0,1031.0,1023.0,1016.0,203700.0
2025-05-24,1027.0,1033.0,1018.0,1018.0,1003.33935546875,132000.0,1147.2,1176.2,1220.6,1160.055,7.344632768361592,1209.68,-13.840000000000146,-0.3199999999999363,-0.1856,1321.0,1033.0,1018.0,1027.0,132000.0
2025-05-25,1027.0,1033.0,1018.0,1018.0,1003.33935546875,132000.0,1134.25,1164.12,1217.3466666666666,1160.0,7.344632768361592,1206.24,-14.65333333333342,-0.375,-0.1901352426412091,1321.0,1033.0,1018.0,1027.0,132000.0
2025-05-26,1019.0,1037.0,1019.0,1024.0,1009.2529296875,123800.0,1121.6,1152.68,1214.3066666666666,1160.03,8.635097493036213,1202.92,-14.866666666666788,-0.2699999999999818,-0.191791633780584,1321.0,1033.0,1018.0,1027.0,132000.0
2025-05-27,1021.0,1037.0,1020.0,1032.0,1017.1376953125,126900.0,1108.75,1142.88,1211.7733333333333,1159.97,32.5,1201.24,-14.599999999999907,-0.2649999999998726,-0.1828978622327791,1321.0,1037.0,1024.0,1019.0,123800.0
2025-05-28,1045.0,1059.0,1040.0,1040.0,1025.0224609375,263300.0,1095.45,1133.4,1209.3466666666666,1159.95,52.22222222222223,1199.02,-14.160000000000082,-0.1949999999999363,-0.1765637371338083,1321.0,1037.0,1032.0,1021.0,126900.0
2025-05-29,1037.0,1050.0,1037.0,1041.0,1026.008056640625,156200.0,1081.5,1123.96,1206.9333333333334,1159.935,40.27777777777777,1197.06,-13.666666666666517,-0.1200000000001182,-0.175771971496437,1321.0,1059.0,1040.0,1045.0,263300.0
2025-05-30,1061.0,1067.0,1038.0,1063.0,1047.6912841796875,233300.0,1068.65,1115.4,1204.8133333333333,1159.95,52.747252747252745,1194.04,-12.533333333333305,-0.0499999999999545,-0.137875101378751,1321.0,1050.0,1041.0,1037.0,156200.0
2025-05-31,1061.0,1067.0,1038.0,1063.0,1047.6912841796875,233300.0,1055.8,1106.84,1202.253333333333,1160.03,52.747252747252745,1191.14,-12.053333333333285,0.0,-0.1322448979591837,1321.0,1067.0,1063.0,1061.0,233300.0
2025-06-01,1061.0,1067.0,1038.0,1063.0,1047.6912841796875,233300.0,1042.9,1097.8,1199.9066666666668,1160.125,52.747252747252745,1188.24,-11.86666666666656,0.1549999999999727,-0.1336593317033414,1074.0,1067.0,1063.0,1061.0,233300.0
2025-06-02,1056.0,1075.0,1054.0,1059.0,1043.7489013671875,220000.0,1042.15,1087.92,1197.3733333333332,1160.255,50.0,1185.26,-11.973333333333358,0.3050000000000636,-0.1283950617283951,1063.0,1067.0,1063.0,1061.0,233300.0
2025-06-03,1073.0,1074.0,1058.0,1068.0,1052.6192626953125,127100.0,1043.75,1077.84,1194.96,1160.405,70.0,1182.12,-11.973333333333358,0.4700000000000273,-0.1025210084033613,1068.0,1075.0,1059.0,1056.0,220000.0
2025-06-04,1065.0,1081.0,1065.0,1070.0,1054.5904541015625,127700.0,1044.5,1067.84,1192.506666666667,1160.565,86.56716417910448,1179.08,-12.306666666666615,0.6150000000000091,-0.1008403361344537,1070.0,1074.0,1068.0,1073.0,127100.0
2025-06-05,1072.0,1118.0,1072.0,1104.0,1088.100830078125,489300.0,1046.8,1059.2,1190.506666666667,1160.895,90.9090909090909,1176.16,-11.74666666666667,0.8650000000000091,-0.0722689075630251,1104.0,1081.0,1070.0,1065.0,127700.0
2025-06-06,1105.0,1141.0,1105.0,1123.0,1106.8271484375,377800.0,1050.05,1051.28,1188.76,1161.285,96.46017699115043,1173.88,-11.14666666666676,1.160000000000082,0.0062724014336916,1123.0,1118.0,1104.0,1072.0,489300.0
2025-06-07,1105.0,1141.0,1105.0,1123.0,1106.8271484375,377800.0,1053.3,1053.24,1187.04,1161.545,96.46017699115043,1170.98,-10.333333333333258,1.2899999999999636,-0.0243266724587315,1123.0,1141.0,1123.0,1105.0,377800.0
2025-06-08,1105.0,1141.0,1105.0,1123.0,1106.8271484375,377800.0,1056.5,1056.72,1185.3466666666666,1161.81,96.46017699115043,1168.08,-9.613333333333458,1.4049999999999727,-0.0140474100087796,1123.0,1141.0,1123.0,1105.0,377800.0
2025-06-09,1123.0,1147.0,1108.0,1120.0,1103.870361328125,269000.0,1060.7,1059.32,1183.52,1162.22,93.63636363636364,1165.12,-8.986666666666679,1.6549999999999727,-0.0774299835255354,1123.0,1141.0,1123.0,1105.0,377800.0
2025-06-10,1116.0,1119.0,1094.0,1102.0,1086.129638671875,277600.0,1064.75,1061.08,1181.32,1162.67,79.16666666666666,1161.32,-9.186666666666724,1.775000000000091,-0.0877483443708608,1123.0,1147.0,1120.0,1123.0,269000.0
2025-06-11,1110.0,1117.0,1096.0,1116.0,1099.927978515625,252800.0,1069.4,1063.4,1179.36,1163.19,80.15873015873015,1157.84,-9.400000000000093,1.9049999999999727,-0.0761589403973509,1123.0,1119.0,1102.0,1116.0,277600.0
2025-06-12,1122.0,1140.0,1119.0,1130.0,1113.726318359375,196600.0,1075.0,1066.28,1177.5866666666666,1163.78,82.01438848920863,1154.22,-9.453333333333376,2.2349999999999,-0.0645695364238411,1130.0,1117.0,1116.0,1110.0,252800.0
2025-06-13,1140.0,1144.0,1088.0,1088.0,1072.331298828125,223400.0,1078.5,1067.44,1175.253333333333,1164.2,57.86163522012578,1150.02,-10.093333333333248,2.3900000000001,-0.1118367346938775,1130.0,1140.0,1130.0,1122.0,196600.0
2025-06-14,1140.0,1144.0,1088.0,1088.0,1072.331298828125,223400.0,1082.0,1069.52,1173.32,1164.7,57.86163522012578,1145.78,-10.200000000000044,2.480000000000018,-0.1096563011456628,1130.0,1144.0,1088.0,1140.0,223400.0
2025-06-15,1140.0,1144.0,1088.0,1088.0,1072.331298828125,223400.0,1085.2,1072.2,1171.493333333333,1165.215,57.86163522012578,1141.54,-9.826666666666595,2.5449999999998454,-0.1296,1130.0,1144.0,1088.0,1140.0,223400.0
2025-06-16,1088.0,1092.0,1055.0,1070.0,1054.5904541015625,249400.0,1087.1,1074.08,1169.4,1165.525,53.17919075144508,1136.94,-9.959999999999807,2.3350000000000364,-0.1350040420371867,1130.0,1144.0,1088.0,1140.0,223400.0
2025-06-17,1065.0,1076.0,1043.0,1048.0,1032.9073486328125,398900.0,1087.5,1075.28,1167.1733333333334,1165.665,44.623655913978496,1131.64,-10.413333333333185,1.884999999999991,-0.1735015772870662,1130.0,1092.0,1070.0,1088.0,249400.0
2025-06-18,1038.0,1050.0,1034.0,1050.0,1034.8785400390625,220300.0,1087.95,1076.56,1165.3066666666666,1165.815,44.623655913978496,1126.38,-9.946666666666715,1.615000000000009,-0.1719242902208202,1130.0,1076.0,1048.0,1065.0,398900.0
2025-06-19,1046.0,1046.0,1028.0,1031.0,1016.152099609375,178100.0,1086.35,1077.08,1163.1866666666667,1165.87,28.654970760233923,1120.6,-10.133333333333212,1.1699999999998454,-0.1869085173501576,1130.0,1050.0,1050.0,1038.0,220300.0
2025-06-20,1031.0,1038.0,1017.0,1021.0,1006.296142578125,379300.0,1084.25,1076.96,1160.9333333333334,1165.935,18.51851851851852,1114.82,-10.559999999999944,0.7200000000000273,-0.2097523219814241,1130.0,1046.0,1031.0,1046.0,178100.0
2025-06-21,1031.0,1038.0,1017.0,1021.0,1006.296142578125,379300.0,1082.15,1076.52,1159.6666666666667,1165.74,18.51851851851852,1109.7,-9.733333333333348,0.2149999999999181,-0.2085271317829456,1130.0,1038.0,1021.0,1031.0,379300.0
2025-06-22,1031.0,1038.0,1017.0,1021.0,1006.296142578125,379300.0,1080.25,1075.76,1157.9333333333334,1165.6,18.51851851851852,1104.58,-9.240000000000007,-0.0650000000000545,-0.221205186880244,1130.0,1038.0,1021.0,1031.0,379300.0
2025-06-23,1019.0,1030.0,1017.0,1017.0,1002.353759765625,215900.0,1077.7,1074.8,1156.3066666666666,1165.505,18.40490797546012,1099.38,-9.0,-0.3099999999999454,-0.2164869029275808,1130.0,1038.0,1021.0,1031.0,379300.0
2025-06-24,1025.0,1042.0,1017.0,1030.0,1015.16650390625,287500.0,1075.7,1073.48,1153.8533333333332,1165.31,27.215189873417728,1094.44,-9.333333333333483,-0.5599999999999454,-0.2076923076923077,1130.0,1030.0,1017.0,1019.0,215900.0
2025-06-25,1020.0,1026.0,1007.0,1026.0,1011.22412109375,187500.0,1071.8,1072.0,1151.4266666666667,1165.095,19.5945945945946,1089.42,-9.50666666666666,-0.8399999999999181,-0.2107692307692308,1130.0,1042.0,1030.0,1025.0,287500.0
2025-06-26,1014.0,1022.0,1001.0,1014.0,999.39697265625,267300.0,1066.35,1070.04,1148.84,1164.82,10.273972602739732,1083.92,-10.826666666666824,-0.9200000000000728,-0.2199999999999999,1130.0,1026.0,1026.0,1020.0,187500.0
2025-06-27,1012.0,1022.0,1012.0,1020.0,1005.310546875,210200.0,1061.2,1068.48,1146.3333333333333,1164.3,19.09090909090908,1078.2,-11.600000000000136,-1.2999999999999543,-0.2231530845392231,1130.0,1022.0,1014.0,1014.0,267300.0
2025-06-28,1012.0,1022.0,1012.0,1020.0,1005.310546875,210200.0,1056.05,1066.56,1143.6,1163.915,19.09090909090908,1072.2,-12.706666666666706,-1.5900000000001455,-0.2231530845392231,1130.0,1022.0,1020.0,1012.0,210200.0
2025-06-29,1012.0,1022.0,1012.0,1020.0,1005.310546875,210200.0,1051.05,1064.56,1140.9066666666668,1163.465,19.09090909090908,1066.2,-12.946666666666488,-1.8450000000000275,-0.2272727272727273,1130.0,1022.0,1020.0,1012.0,210200.0
2025-06-30,1029.0,1029.0,1021.0,1021.0,1006.296142578125,213000.0,1047.0,1061.24,1137.8533333333332,1162.825,23.655913978494624,1060.22,-13.573333333333494,-2.269999999999982,-0.2206106870229007,1130.0,1022.0,1020.0,1012.0,210200.0
2025-07-01,1021.0,1032.0,1019.0,1023.0,1008.267333984375,219600.0,1042.35,1057.24,1135.0,1162.22,32.87671232876713,1054.26,-13.839999999999918,-2.599999999999909,-0.1989036805011745,1130.0,1029.0,1021.0,1029.0,213000.0
2025-07-02,1026.0,1042.0,1025.0,1042.0,1026.99365234375,329300.0,1037.95,1054.0,1131.986666666667,1161.71,45.55555555555555,1053.62,-14.34666666666658,-2.589999999999918,-0.1840250587314017,1088.0,1032.0,1023.0,1021.0,219600.0
2025-07-03,1042.0,1083.0,1041.0,1067.0,1051.6336669921875,322900.0,1036.9,1051.76,1129.3066666666666,1161.325,68.75,1054.24,-14.293333333333294,-2.589999999999918,-0.1644479248238057,1088.0,1042.0,1042.0,1026.0,329300.0
2025-07-04,1066.0,1088.0,1065.0,1078.0,1062.4752197265625,185900.0,1036.4,1050.08,1126.7733333333333,1161.14,79.38144329896907,1054.7,-14.13333333333344,-2.324999999999818,-0.1558339859044636,1088.0,1083.0,1067.0,1042.0,322900.0
2025-07-05,1066.0,1088.0,1065.0,1078.0,1062.4752197265625,185900.0,1035.9,1049.12,1123.92,1160.945,79.38144329896907,1055.1,-13.933333333333168,-1.8800000000001087,-0.1558339859044636,1078.0,1088.0,1078.0,1066.0,185900.0
2025-07-06,1066.0,1088.0,1065.0,1078.0,1062.4752197265625,185900.0,1036.3,1047.6,1121.0933333333332,1160.74,79.38144329896907,1055.5,-13.906666666666752,-1.4800000000000182,-0.1636927851047324,1078.0,1088.0,1078.0,1066.0,185900.0
2025-07-07,1079.0,1127.0,1079.0,1126.0,1109.783935546875,325500.0,1040.2,1047.44,1118.6266666666668,1160.855,88.65248226950355,1056.86,-13.3599999999999,-0.8550000000000182,-0.1378254211332312,1126.0,1088.0,1078.0,1066.0,185900.0
2025-07-08,1130.0,1152.0,1115.0,1123.0,1106.8271484375,311500.0,1043.85,1048.84,1116.2933333333333,1161.0,85.49618320610686,1058.14,-13.01333333333332,-0.3250000000000455,-0.1492424242424243,1126.0,1127.0,1126.0,1079.0,325500.0
2025-07-09,1120.0,1140.0,1116.0,1127.0,1110.76953125,313800.0,1048.65,1050.4,1113.986666666667,1161.165,88.54961832061069,1059.96,-12.786666666666632,0.0249999999998635,-0.1462121212121212,1127.0,1152.0,1123.0,1130.0,311500.0
2025-07-10,1128.0,1146.0,1112.0,1126.0,1109.783935546875,332800.0,1053.9,1051.92,1111.6666666666667,1161.325,96.66666666666669,1062.06,-12.25333333333333,0.3800000000001091,-0.1469696969696969,1127.0,1140.0,1127.0,1120.0,313800.0
2025-07-11,1135.0,1144.0,1128.0,1128.0,1111.755126953125,167900.0,1059.25,1054.24,1109.3733333333332,1161.47,96.55172413793105,1064.16,-11.720000000000027,0.7300000000000182,-0.1461014383043148,1128.0,1146.0,1126.0,1128.0,332800.0
2025-07-12,1135.0,1144.0,1128.0,1128.0,1111.755126953125,167900.0,1064.6,1057.44,1106.9066666666668,1161.675,96.55172413793105,1066.36,-11.720000000000027,0.8199999999999363,0.0502793296089385,1128.0,1144.0,1128.0,1135.0,167900.0
2025-07-13,1135.0,1144.0,1128.0,1128.0,1111.755126953125,167900.0,1070.15,1060.56,1104.44,1161.915,96.55172413793105,1068.56,-11.85333333333324,0.9149999999999636,0.0888030888030888,1128.0,1144.0,1128.0,1135.0,167900.0
2025-07-14,1119.0,1140.0,1119.0,1119.0,1102.884765625,169600.0,1074.6,1064.08,1101.76,1161.965,89.51612903225806,1070.58,-12.226666666666688,0.7999999999999545,0.0606635071090047,1128.0,1144.0,1128.0,1135.0,167900.0
2025-07-15,1121.0,1125.0,1089.0,1095.0,1079.23046875,250100.0,1078.05,1067.04,1098.8933333333334,1161.81,74.65753424657534,1072.0,-12.773333333333312,0.4849999999998999,0.0349716446124763,1128.0,1140.0,1119.0,1119.0,169600.0
2025-07-16,1102.0,1123.0,1092.0,1094.0,1078.244873046875,208600.0,1082.05,1069.96,1096.4533333333334,1161.65,70.3125,1073.24,-12.919999999999844,0.1800000000000636,0.0340264650283554,1128.0,1125.0,1095.0,1121.0,250100.0
2025-07-17,1094.0,1118.0,1088.0,1109.0,1093.02880859375,200500.0,1086.5,1073.48,1094.2133333333334,1161.565,67.79661016949152,1074.62,-12.693333333333385,-0.1099999999998999,0.04820415879017,1128.0,1123.0,1094.0,1102.0,208600.0
2025-07-18,1115.0,1130.0,1115.0,1125.0,1108.79833984375,184700.0,1091.75,1077.8,1092.1866666666667,1161.64,69.10569105691056,1076.3,-12.25333333333333,-0.2749999999998636,0.0623229461756373,1128.0,1118.0,1109.0,1094.0,200500.0
2025-07-19,1115.0,1130.0,1115.0,1125.0,1108.79833984375,184700.0,1097.0,1081.6,1090.16,1161.715,69.10569105691056,1077.54,-11.599999999999907,-0.25,0.0859073359073359,1128.0,1130.0,1125.0,1115.0,184700.0
2025-07-20,1115.0,1130.0,1115.0,1125.0,1108.79833984375,184700.0,1102.2,1085.56,1088.1333333333334,1161.79,69.10569105691056,1078.78,-10.759999999999993,-0.0199999999999818,0.1018609206660137,1128.0,1130.0,1125.0,1115.0,184700.0
2025-07-21,1115.0,1130.0,1115.0,1125.0,1108.79833984375,184700.0,1107.3,1090.0,1085.9466666666667,1161.865,49.33333333333333,1080.02,-10.50666666666666,0.2149999999999181,0.0997067448680351,1128.0,1130.0,1125.0,1115.0,184700.0
2025-07-22,1119.0,1137.0,1119.0,1125.0,1108.79833984375,182700.0,1111.45,1094.2,1083.5333333333333,1161.94,51.388888888888886,1081.34,-10.680000000000064,0.375,0.1051080550098231,1128.0,1130.0,1125.0,1115.0,184700.0
2025-07-23,1138.0,1143.0,1127.0,1127.0,1110.76953125,251200.0,1114.45,1098.48,1080.96,1162.025,50.0,1082.52,-11.226666666666688,0.3849999999999909,0.1070726915520627,1128.0,1137.0,1125.0,1119.0,182700.0
2025-07-24,1126.0,1141.0,1125.0,1138.0,1121.6112060546875,209500.0,1117.45,1103.2,1078.5333333333333,1162.165,57.5,1083.88,-11.62666666666678,0.4500000000000455,0.117878192534381,1138.0,1143.0,1127.0,1138.0,251200.0
2025-07-25,1126.0,1141.0,1124.0,1136.0,1119.6400146484375,138200.0,1120.35,1107.8,1076.08,1162.295,55.0,1084.52,-12.053333333333512,0.5050000000001091,0.109375,1138.0,1141.0,1138.0,1126.0,209500.0
2025-07-26,1126.0,1141.0,1124.0,1136.0,1119.6400146484375,138200.0,1123.25,1112.32,1073.6133333333332,1162.53,55.0,1084.78,-12.333333333333483,0.6649999999999636,0.1007751937984495,1138.0,1141.0,1136.0,1126.0,138200.0
2025-07-27,1126.0,1141.0,1124.0,1136.0,1119.6400146484375,138200.0,1123.75,1116.08,1074.44,1162.95,55.0,1085.04,-9.093333333333248,1.009999999999991,0.0923076923076922,1138.0,1141.0,1136.0,1126.0,138200.0
2025-07-28,1140.0,1152.0,1134.0,1136.0,1119.6400146484375,145300.0,1124.4,1118.84,1075.7733333333333,1163.305,61.971830985915496,1085.3,-5.186666666666724,1.2799999999999727,0.0912584053794427,1138.0,1141.0,1136.0,1126.0,138200.0
2025-07-29,1129.0,1131.0,1115.0,1122.0,1105.841552734375,133300.0,1124.15,1120.6,1076.6666666666667,1163.49,72.1311475409836,1085.34,-1.8666666666665608,1.3250000000000457,0.0555032925682033,1138.0,1152.0,1136.0,1140.0,145300.0
2025-07-30,1125.0,1140.0,1121.0,1138.0,1121.6112060546875,271500.0,1124.75,1123.0,1077.7333333333331,1163.755,78.94736842105263,1086.06,1.6533333333334213,1.4600000000000364,0.0705550329256821,1138.0,1131.0,1122.0,1129.0,133300.0
2025-07-31,1153.0,1180.0,1147.0,1169.0,1152.1646728515625,475800.0,1126.8,1126.64,1079.2133333333334,1164.175,82.6086956521739,1087.12,5.600000000000136,1.6449999999999818,0.0997177798682973,1169.0,1140.0,1138.0,1125.0,271500.0
2025-08-01,1175.0,1188.0,1163.0,1188.0,1170.89111328125,215500.0,1129.8,1129.12,1080.9466666666667,1164.69,83.15789473684211,1088.28,6.506666666666661,1.740000000000009,0.1218130311614731,1188.0,1180.0,1169.0,1153.0,475800.0
2025-08-02,1175.0,1188.0,1163.0,1188.0,1170.89111328125,215500.0,1132.8,1131.72,1082.6666666666667,1165.37,83.15789473684211,1090.28,6.89333333333343,2.064999999999827,0.1123595505617978,1188.0,1188.0,1188.0,1175.0,215500.0
2025-08-03,1175.0,1188.0,1163.0,1188.0,1170.89111328125,215500.0,1136.25,1134.16,1084.6933333333334,1166.03,83.15789473684211,1092.28,8.026666666666642,2.539999999999964,0.1102803738317756,1188.0,1188.0,1188.0,1175.0,215500.0
2025-08-04,1171.0,1187.0,1167.0,1184.0,1166.94873046875,139000.0,1140.7,1136.48,1086.8666666666666,1166.72,79.79797979797979,1094.2,9.133333333333212,2.964999999999918,0.0724637681159421,1188.0,1188.0,1188.0,1175.0,215500.0
2025-08-05,1189.0,1204.0,1188.0,1203.0,1185.675048828125,268400.0,1146.15,1139.48,1089.2666666666669,1167.39,83.05084745762711,1096.86,10.053333333333285,3.215000000000145,0.0712377560106856,1203.0,1187.0,1184.0,1171.0,139000.0
2025-08-06,1323.0,1340.0,1251.0,1263.0,1244.81103515625,826700.0,1153.85,1144.88,1092.5333333333333,1168.36,88.63636363636364,1101.16,11.586666666666588,3.669999999999845,0.1246660730186999,1263.0,1204.0,1203.0,1189.0,268400.0
2025-08-07,1259.0,1278.0,1238.0,1260.0,1241.854248046875,436100.0,1160.6,1150.16,1095.76,1169.315,86.30952380952381,1105.36,13.093333333333248,3.945000000000164,0.1219946571682992,1263.0,1340.0,1263.0,1323.0,826700.0
2025-08-08,1259.0,1272.0,1248.0,1259.0,1240.86865234375,356600.0,1167.3,1155.76,1098.9733333333334,1170.135,86.82634730538922,1109.92,14.279999999999973,4.105000000000018,0.1241071428571427,1263.0,1278.0,1260.0,1259.0,436100.0
2025-08-09,1259.0,1272.0,1248.0,1259.0,1240.86865234375,356600.0,1174.0,1162.32,1102.1066666666666,1170.89,86.82634730538922,1114.68,15.240000000000007,4.170000000000073,0.1424682395644283,1263.0,1272.0,1259.0,1259.0,356600.0
2025-08-10,1259.0,1272.0,1248.0,1259.0,1240.86865234375,356600.0,1180.7,1168.92,1105.1333333333334,1171.64,86.82634730538922,1119.44,15.866666666666788,4.25,0.1281362007168458,1263.0,1272.0,1259.0,1259.0,356600.0
2025-08-11,1259.0,1272.0,1248.0,1259.0,1240.86865234375,356600.0,1187.4,1174.92,1108.0533333333333,1172.385,86.82634730538922,1124.2,15.519999999999982,4.025000000000091,0.1141592920353982,1263.0,1272.0,1259.0,1259.0,356600.0
2025-08-12,1249.0,1266.0,1222.0,1255.0,1236.9261474609375,269300.0,1193.8,1180.12,1110.9066666666668,1173.12,92.35668789808918,1128.96,15.14666666666676,3.804999999999836,0.1534926470588236,1263.0,1272.0,1259.0,1259.0,356600.0
2025-08-13,1246.0,1258.0,1236.0,1247.0,1229.0413818359375,214700.0,1199.25,1185.0,1113.36,1173.815,86.57718120805369,1133.3,14.386666666666542,3.680000000000064,0.146139705882353,1263.0,1266.0,1255.0,1249.0,269300.0
2025-08-14,1258.0,1277.0,1254.0,1258.0,1239.8829345703125,230100.0,1205.35,1190.32,1115.96,1174.565,84.49612403100775,1137.94,13.853333333333469,3.6749999999999545,0.15625,1263.0,1258.0,1247.0,1246.0,214700.0
2025-08-15,1255.0,1256.0,1228.0,1228.0,1210.3150634765625,164500.0,1209.95,1194.44,1118.16,1175.11,64.28571428571428,1142.22,13.026666666666642,3.4699999999998,0.1476635514018691,1263.0,1277.0,1258.0,1258.0,230100.0
2025-08-16,1255.0,1256.0,1228.0,1228.0,1210.3150634765625,164500.0,1214.55,1198.56,1120.4133333333334,1175.59,64.28571428571428,1146.38,12.360000000000127,3.2049999999999272,0.1717557251908397,1263.0,1256.0,1228.0,1255.0,164500.0
2025-08-17,1255.0,1256.0,1228.0,1228.0,1210.3150634765625,164500.0,1219.15,1202.6,1122.5466666666666,1176.18,64.28571428571428,1150.54,11.639999999999873,3.060000000000173,0.1695238095238096,1263.0,1256.0,1228.0,1255.0,164500.0
2025-08-18,1226.0,1236.0,1212.0,1212.0,1194.54541015625,247800.0,1223.65,1205.56,1124.44,1176.545,59.21052631578947,1154.38,11.080000000000156,2.730000000000018,0.1755577109602328,1263.0,1256.0,1228.0,1255.0,164500.0
2025-08-19,1216.0,1226.0,1197.0,1226.0,1208.3438720703125,240300.0,1228.05,1209.16,1126.0666666666666,1176.925,57.823129251700685,1158.48,10.10666666666657,2.3599999999999,0.2007835455435846,1263.0,1236.0,1212.0,1226.0,247800.0
2025-08-20,1223.0,1244.0,1216.0,1237.0,1219.1854248046875,215700.0,1231.45,1213.2,1127.5866666666666,1177.36,36.73469387755102,1162.76,9.426666666666506,2.25,0.2115572967678747,1263.0,1226.0,1226.0,1216.0,240300.0
2025-08-21,1233.0,1256.0,1215.0,1254.0,1235.9405517578125,163000.0,1234.75,1217.92,1129.3333333333333,1177.88,47.32142857142857,1167.0,8.919999999999845,2.290000000000191,0.22820763956905,1263.0,1244.0,1237.0,1223.0,215700.0
2025-08-22,1260.0,1265.0,1248.0,1254.0,1235.9405517578125,141800.0,1238.05,1222.64,1131.08,1178.58,47.74774774774775,1170.74,8.533333333333303,2.399999999999864,0.2330383480825959,1263.0,1256.0,1254.0,1233.0,163000.0
2025-08-23,1260.0,1265.0,1248.0,1254.0,1235.9405517578125,141800.0,1241.35,1227.92,1132.8666666666666,1179.095,47.74774774774775,1174.26,8.426666666666506,2.5499999999999545,0.2174757281553399,1263.0,1265.0,1254.0,1260.0,141800.0
2025-08-24,1260.0,1265.0,1248.0,1254.0,1235.9405517578125,141800.0,1244.85,1232.56,1134.8933333333334,1179.615,47.74774774774775,1177.78,8.826666666666824,2.6900000000000546,0.2222222222222223,1263.0,1265.0,1254.0,1260.0,141800.0
2025-08-25,1259.0,1259.0,1216.0,1217.0,1199.4735107421875,126100.0,1245.55,1234.48,1136.24,1179.105,35.81081081081081,1180.56,8.653333333333421,1.7450000000001182,0.2001972386587771,1263.0,1265.0,1254.0,1260.0,141800.0
2025-08-26,1212.0,1212.0,1199.0,1202.0,1184.689453125,154200.0,1242.5,1235.04,1137.2,1178.475,33.33333333333333,1182.08,7.866666666666788,0.5949999999997999,0.1784313725490196,1260.0,1259.0,1217.0,1259.0,126100.0
2025-08-27,1196.0,1202.0,1189.0,1193.0,1175.819091796875,136600.0,1239.15,1235.24,1138.6,1177.8,33.125,1183.48,7.519999999999982,-0.7799999999999727,0.1696078431372549,1259.0,1212.0,1202.0,1212.0,154200.0
2025-08-28,1185.0,1204.0,1185.0,1193.0,1175.819091796875,173400.0,1235.85,1235.44,1140.0,1177.125,28.18791946308725,1184.8,7.133333333333439,-1.9700000000000275,0.1696078431372549,1259.0,1202.0,1193.0,1196.0,136600.0
2025-08-29,1186.0,1197.0,1178.0,1189.0,1171.876708984375,127200.0,1232.35,1235.64,1141.3466666666666,1176.5,34.14634146341464,1186.06,6.453333333333148,-3.115000000000009,0.1645445641527914,1259.0,1204.0,1193.0,1185.0,173400.0
2025-08-30,1186.0,1197.0,1178.0,1189.0,1171.876708984375,127200.0,1228.85,1235.08,1142.9333333333334,1175.875,34.14634146341464,1187.28,6.693333333333385,-3.230000000000018,0.1622678396871946,1259.0,1197.0,1189.0,1186.0,127200.0
2025-08-31,1186.0,1197.0,1178.0,1189.0,1171.876708984375,127200.0,1225.35,1232.12,1144.8133333333333,1175.415,34.14634146341464,1188.5,7.61333333333323,-3.059999999999945,0.1410748560460653,1258.0,1197.0,1189.0,1186.0,127200.0
2025-09-01,1189.0,1238.0,1187.0,1234.0,1216.2286376953125,198700.0,1224.3,1231.08,1147.2666666666669,1175.205,57.23684210526315,1190.62,8.666666666666742,-2.595000000000028,0.1565135895032803,1258.0,1197.0,1189.0,1186.0,127200.0
2025-09-02,1240.0,1241.0,1216.0,1220.0,1202.4302978515625,149700.0,1222.95,1229.52,1149.7866666666666,1174.965,48.026315789473685,1192.64,9.786666666666632,-2.160000000000082,0.1317254174397031,1258.0,1238.0,1234.0,1189.0,198700.0
2025-09-03,1230.0,1238.0,1215.0,1230.0,1212.2862548828125,208400.0,1221.55,1228.36,1152.5733333333333,1174.775,47.682119205298015,1195.34,11.226666666666688,-1.724999999999909,0.1410018552875696,1254.0,1241.0,1220.0,1240.0,149700.0
2025-09-04,1230.0,1236.0,1191.0,1195.0,1177.790283203125,258200.0,1219.9,1225.8,1154.8933333333334,1174.41,32.54437869822485,1197.36,11.960000000000036,-1.464999999999918,0.108534322820037,1254.0,1238.0,1230.0,1230.0,208400.0
2025-09-05,1114.0,1129.0,1077.0,1079.0,1063.4608154296875,2544900.0,1212.45,1218.6,1155.6666666666667,1173.595,19.29824561403508,1196.76,10.853333333333469,-1.8199999999999363,-0.041740674955595,1254.0,1236.0,1195.0,1230.0,258200.0
2025-09-06,1114.0,1129.0,1077.0,1079.0,1063.4608154296875,2544900.0,1205.0,1211.56,1156.493333333333,1172.86,19.29824561403508,1195.84,9.226666666666688,-2.345000000000028,-0.0391807658058771,1254.0,1129.0,1079.0,1114.0,2544900.0
2025-09-07,1114.0,1129.0,1077.0,1079.0,1063.4608154296875,2544900.0,1198.35,1204.84,1157.1466666666668,1172.03,19.29824561403508,1194.92,7.360000000000127,-2.934999999999945,-0.0425909494232475,1254.0,1129.0,1079.0,1114.0,2544900.0
2025-09-08,1085.0,1112.0,1083.0,1101.0,1085.14404296875,1126800.0,1192.1,1198.56,1158.1466666666668,1171.405,28.51851851851852,1194.44,5.573333333333494,-3.3700000000001182,-0.0222024866785079,1254.0,1129.0,1079.0,1114.0,2544900.0
2025-09-09,1111.0,1115.0,1095.0,1101.0,1085.14404296875,398100.0,1185.3,1193.48,1159.3066666666666,1170.9,30.196078431372555,1193.96,4.413333333333185,-3.509999999999991,-0.0239361702127659,1254.0,1112.0,1101.0,1085.0,1126800.0
2025-09-10,1106.0,1110.0,1103.0,1109.0,1093.02880859375,230500.0,1178.05,1188.72,1160.493333333333,1170.435,33.464566929133866,1193.64,4.826666666666597,-3.160000000000082,-0.0168439716312056,1254.0,1115.0,1101.0,1111.0,398100.0
2025-09-11,1116.0,1124.0,1106.0,1112.0,1095.985595703125,288200.0,1170.95,1184.08,1161.72,1169.985,34.24124513618678,1193.34,5.226666666666688,-2.875,-0.0141843971631205,1254.0,1110.0,1109.0,1106.0,230500.0
2025-09-12,1124.0,1129.0,1109.0,1116.0,1099.927978515625,277400.0,1164.05,1180.24,1163.0,1169.555,35.797665369649806,1192.9,5.853333333333239,-2.474999999999909,-0.002680965147453,1254.0,1124.0,1112.0,1116.0,288200.0
2025-09-13,1124.0,1129.0,1109.0,1116.0,1099.927978515625,277400.0,1157.15,1175.84,1164.2666666666669,1169.11,35.797665369649806,1192.5,6.119999999999891,-2.2950000000000728,0.0191780821917808,1234.0,1129.0,1116.0,1124.0,277400.0
2025-09-14,1124.0,1129.0,1109.0,1116.0,1099.927978515625,277400.0,1152.1,1171.0,1165.506666666667,1168.75,35.797665369649806,1192.1,6.2000000000000455,-2.150000000000091,0.0201096892138938,1234.0,1129.0,1116.0,1124.0,277400.0
2025-09-15,1124.0,1129.0,1109.0,1116.0,1099.927978515625,277400.0,1147.8,1165.48,1166.493333333333,1168.315,22.16981132075472,1191.7,6.0,-2.119999999999891,0.006311992786294,1234.0,1129.0,1116.0,1124.0,277400.0
2025-09-16,1116.0,1143.0,1114.0,1142.0,1125.5535888671875,226100.0,1145.25,1161.0,1167.493333333333,1168.04,32.58928571428572,1191.82,5.773333333333312,-1.9449999999999363,0.015111111111111,1234.0,1129.0,1116.0,1124.0,277400.0
2025-09-17,1148.0,1149.0,1126.0,1133.0,1116.6832275390625,294300.0,1142.25,1156.16,1168.2266666666667,1167.72,28.25112107623319,1192.04,5.226666666666688,-1.8350000000000364,0.007111111111111,1234.0,1143.0,1142.0,1116.0,226100.0
2025-09-18,1136.0,1140.0,1125.0,1128.0,1111.755126953125,153500.0,1139.2,1151.12,1168.8933333333334,1167.375,32.64248704663213,1191.84,4.626666666666779,-1.7349999999999,0.0026666666666665,1234.0,1149.0,1133.0,1148.0,294300.0
2025-09-19,1138.0,1151.0,1126.0,1130.0,1113.726318359375,348900.0,1136.25,1147.64,1169.5866666666666,1166.96,82.27848101265823,1191.06,4.079999999999927,-1.7899999999999636,0.0044444444444444,1234.0,1140.0,1128.0,1136.0,153500.0
2025-09-20,1138.0,1151.0,1126.0,1130.0,1113.726318359375,348900.0,1133.3,1144.76,1169.64,1166.48,82.27848101265823,1189.9,3.1466666666667606,-1.8350000000000364,0.0044444444444444,1234.0,1151.0,1130.0,1138.0,348900.0
2025-09-21,1138.0,1151.0,1126.0,1130.0,1113.726318359375,348900.0,1128.1,1142.24,1169.7333333333331,1166.1,82.27848101265823,1188.74,2.240000000000009,-1.9400000000000543,0.0026619343389528,1230.0,1151.0,1130.0,1138.0,348900.0
2025-09-22,1133.0,1143.0,1126.0,1143.0,1126.5391845703125,252400.0,1124.25,1140.24,1169.9466666666667,1165.72,80.0,1187.84,1.7200000000000273,-2.0,0.0043936731107205,1230.0,1151.0,1130.0,1138.0,348900.0
2025-09-23,1133.0,1143.0,1126.0,1143.0,1126.5391845703125,252400.0,1119.9,1138.4,1170.1733333333334,1165.27,80.0,1187.02,1.2799999999999727,-2.105000000000018,0.0061619718309859,1195.0,1143.0,1143.0,1133.0,252400.0
2025-09-24,1148.0,1149.0,1130.0,1132.0,1115.6976318359375,285700.0,1116.75,1136.12,1170.2266666666667,1164.765,65.75342465753425,1185.6,0.6400000000001,-2.1949999999999363,-0.0035211267605633,1143.0,1143.0,1143.0,1133.0,252400.0
2025-09-25,1141.0,1144.0,1127.0,1129.0,1112.74072265625,397000.0,1119.25,1133.72,1170.24,1164.245,61.64383561643836,1182.92,0.599999999999909,-2.235000000000128,-0.0061619718309858,1143.0,1149.0,1132.0,1148.0,285700.0
2025-09-26,1126.0,1136.0,1107.0,1111.0,1095.0,377000.0,1120.85,1128.8,1170.013333333333,1163.62,47.12643678160919,1179.94,0.2799999999999727,-2.480000000000018,-0.0220070422535211,1143.0,1144.0,1129.0,1141.0,397000.0
2025-09-27,1126.0,1136.0,1107.0,1111.0,1095.0,377000.0,1122.45,1124.44,1169.9066666666668,1162.865,47.12643678160919,1176.98,-0.0399999999999636,-2.855000000000018,-0.0098039215686274,1143.0,1136.0,1111.0,1126.0,377000.0
2025-09-28,1126.0,1136.0,1107.0,1111.0,1095.0,377000.0,1122.95,1119.68,1170.12,1162.16,47.12643678160919,1174.02,-0.0533333333335122,-3.1099999999999,-0.023725834797891,1143.0,1136.0,1111.0,1126.0,377000.0
2025-09-29,1102.0,1109.0,1090.0,1092.0,1092.0,325000.0,1122.5,1115.56,1170.0933333333332,1161.51,38.67924528301887,1170.68,-0.1333333333334394,-3.255000000000109,-0.0658682634730538,1143.0,1136.0,1111.0,1126.0,377000.0
2025-09-30,1092.0,1092.0,1066.0,1069.0,1069.0,325200.0,1120.5,1115.16,1169.56,1160.745,14.5631067961165,1166.88,-0.6800000000000637,-3.5,-0.1001683501683501,1143.0,1109.0,1092.0,1102.0,325000.0
2025-10-01,1066.0,1079.0,1062.0,1076.0,1076.0,184200.0,1118.7,1115.04,1168.9066666666668,1160.015,21.78217821782178,1163.3,-1.1066666666665697,-3.604999999999791,-0.0942760942760942,1143.0,1092.0,1069.0,1092.0,325200.0
2025-10-02,1078.0,1088.0,1068.0,1075.0,1075.0,197400.0,1116.65,1114.88,1168.24,1159.28,22.680412371134025,1159.86,-1.6666666666667425,-3.5850000000000364,-0.0951178451178451,1143.0,1079.0,1076.0,1066.0,184200.0
2025-10-03,1070.0,1082.0,1068.0,1073.0,1073.0,163400.0,1114.5,1113.76,1167.5466666666666,1158.37,20.61855670103094,1156.16,-2.573333333333266,-3.790000000000191,-0.09375,1143.0,1088.0,1075.0,1078.0,197400.0
2025-10-04,1070.0,1082.0,1068.0,1073.0,1073.0,163400.0,1112.35,1112.64,1166.8533333333332,1157.54,20.61855670103094,1153.06,-3.240000000000009,-3.9700000000000273,-0.1080631753948462,1143.0,1082.0,1073.0,1070.0,163400.0
2025-10-05,1070.0,1082.0,1068.0,1073.0,1073.0,163400.0,1110.2,1111.2,1166.16,1156.66,20.61855670103094,1149.96,-3.399999999999864,-4.084999999999809,-0.1504354711005542,1143.0,1082.0,1073.0,1070.0,163400.0
2025-10-06,1077.0,1085.0,1069.0,1074.0,1074.0,240300.0,1106.8,1109.68,1165.4533333333334,1155.785,9.411764705882362,1146.88,-3.453333333333376,-4.230000000000018,-0.1476190476190476,1143.0,1082.0,1073.0,1070.0,163400.0
2025-10-07,1079.0,1094.0,1076.0,1089.0,1089.0,221100.0,1104.6,1108.6,1164.8,1154.96,23.0,1144.42,-3.4400000000000546,-4.319999999999936,-0.1350277998411437,1143.0,1085.0,1074.0,1077.0,240300.0
2025-10-08,1083.0,1097.0,1067.0,1069.0,1069.0,187700.0,1101.65,1106.72,1163.9066666666668,1154.035,21.100917431192656,1141.28,-3.6399999999998727,-4.334999999999809,-0.1509134233518665,1143.0,1094.0,1089.0,1079.0,221100.0
2025-10-09,1057.0,1076.0,1054.0,1076.0,1076.0,266600.0,1098.95,1105.12,1163.1066666666666,1153.145,26.54867256637168,1138.06,-3.7466666666666697,-4.394999999999982,-0.1453534551231136,1143.0,1097.0,1069.0,1083.0,187700.0
2025-10-10,1066.0,1081.0,1059.0,1081.0,1081.0,243400.0,1096.5,1103.72,1162.3733333333332,1152.29,35.0,1134.6,-3.7866666666668607,-4.370000000000118,-0.1413820492454328,1143.0,1076.0,1076.0,1057.0,266600.0
2025-10-11,1066.0,1081.0,1059.0,1081.0,1081.0,243400.0,1094.05,1101.28,1161.64,1151.445,35.0,1131.14,-3.813333333333276,-4.3400000000001455,-0.1386454183266932,1143.0,1081.0,1081.0,1066.0,243400.0
2025-10-12,1066.0,1081.0,1059.0,1081.0,1081.0,243400.0,1090.95,1099.2,1161.0933333333332,1150.565,35.0,1127.68,-3.706666666666706,-4.394999999999982,-0.1331194867682438,1143.0,1081.0,1081.0,1066.0,243400.0
2025-10-13,1066.0,1081.0,1059.0,1081.0,1081.0,243400.0,1087.85,1097.32,1160.3333333333333,1149.635,43.20987654320988,1124.22,-3.573333333333494,-4.400000000000091,-0.1406995230524642,1132.0,1081.0,1081.0,1066.0,243400.0
2025-10-14,1064.0,1099.0,1064.0,1085.0,1085.0,348000.0,1085.5,1095.52,1159.2133333333334,1148.745,62.903225806451616,1121.58,-3.893333333333203,-4.400000000000091,-0.1164495114006515,1129.0,1081.0,1081.0,1066.0,243400.0
2025-10-15,1095.0,1098.0,1079.0,1084.0,1084.0,196200.0,1083.25,1093.68,1157.8266666666666,1147.85,57.14285714285714,1119.22,-4.546666666666624,-4.440000000000055,-0.1172638436482085,1111.0,1099.0,1085.0,1064.0,348000.0
2025-10-16,1083.0,1087.0,1075.0,1085.0,1085.0,193500.0,1081.95,1091.88,1156.4533333333334,1146.96,58.92857142857143,1117.06,-5.186666666666724,-4.4849999999999,-0.1164495114006515,1111.0,1098.0,1084.0,1095.0,196200.0
2025-10-17,1080.0,1082.0,1073.0,1080.0,1080.0,117300.0,1080.4,1089.36,1155.013333333333,1146.195,55.932203389830505,1114.8,-6.079999999999927,-4.370000000000118,-0.1089108910891089,1111.0,1087.0,1085.0,1083.0,193500.0
2025-10-18,1080.0,1082.0,1073.0,1080.0,1080.0,117300.0,1078.85,1086.84,1153.6266666666668,1145.47,55.932203389830505,1112.62,-6.706666666666479,-4.164999999999964,-0.1190864600326264,1092.0,1082.0,1080.0,1080.0,117300.0
2025-10-19,1080.0,1082.0,1073.0,1080.0,1080.0,117300.0,1078.25,1084.76,1151.986666666667,1144.735,55.932203389830505,1110.44,-7.226666666666688,-4.009999999999991,-0.1269199676637025,1089.0,1082.0,1080.0,1080.0,117300.0
2025-10-20,1090.0,1090.0,1071.0,1074.0,1074.0,187000.0,1078.5,1082.56,1149.4666666666667,1144.03,50.0,1108.14,-8.3599999999999,-3.819999999999936,-0.1435406698564593,1089.0,1082.0,1080.0,1080.0,117300.0
2025-10-21,1071.0,1079.0,1068.0,1072.0,1072.0,156000.0,1078.3,1081.0,1146.96,1143.44,33.33333333333333,1104.9,-9.49333333333334,-3.519999999999982,-0.1451355661881977,1089.0,1090.0,1074.0,1090.0,187000.0
2025-10-22,1079.0,1087.0,1076.0,1083.0,1083.0,328900.0,1078.7,1079.88,1144.6133333333332,1142.905,66.66666666666666,1102.16,-10.400000000000093,-3.289999999999964,-0.1363636363636363,1089.0,1079.0,1072.0,1071.0,156000.0
2025-10-23,1080.0,1093.0,1078.0,1080.0,1080.0,222900.0,1079.05,1078.64,1142.2266666666667,1142.355,55.26315789473684,1099.16,-11.400000000000093,-3.115000000000009,-0.1387559808612439,1089.0,1087.0,1083.0,1079.0,328900.0
2025-10-24,1077.0,1080.0,1066.0,1069.0,1069.0,189600.0,1078.85,1077.72,1139.6933333333334,1142.12,36.36363636363636,1096.64,-12.293333333333294,-2.615000000000009,-0.1216105176663927,1089.0,1093.0,1080.0,1080.0,222900.0
2025-10-25,1077.0,1080.0,1066.0,1069.0,1069.0,189600.0,1078.65,1077.72,1137.16,1141.71,36.36363636363636,1096.44,-12.306666666666615,-2.3199999999999363,-0.1106489184692179,1089.0,1080.0,1069.0,1077.0,189600.0
2025-10-26,1077.0,1080.0,1066.0,1069.0,1069.0,189600.0,1078.4,1077.44,1134.68,1141.36,36.36363636363636,1096.24,-12.279999999999973,-2.0800000000001546,-0.1039396479463536,1089.0,1080.0,1069.0,1077.0,189600.0
2025-10-27,1069.0,1076.0,1062.0,1071.0,1071.0,338200.0,1077.5,1077.28,1132.3333333333333,1140.645,39.130434782608695,1096.08,-12.279999999999973,-2.259999999999991,-0.1022632020117351,1085.0,1080.0,1069.0,1077.0,189600.0
2025-10-28,1072.0,1074.0,1039.0,1046.0,1046.0,356300.0,1076.35,1076.2,1129.506666666667,1139.835,20.895522388059703,1094.98,-12.720000000000027,-2.519999999999982,-0.12026913372582,1085.0,1076.0,1071.0,1069.0,338200.0
2025-10-29,1037.0,1044.0,1025.0,1029.0,1029.0,298300.0,1074.0,1074.44,1126.8533333333332,1138.94,16.86746987951807,1093.54,-12.840000000000146,-3.1799999999998363,-0.1345668629100084,1085.0,1074.0,1046.0,1072.0,356300.0
2025-10-30,1029.0,1041.0,1027.0,1032.0,1032.0,174800.0,1071.55,1072.8,1124.24,1138.06,18.823529411764696,1092.0,-12.920000000000073,-3.650000000000091,-0.1320437342304458,1085.0,1044.0,1029.0,1037.0,298300.0
2025-10-31,1029.0,1044.0,1025.0,1028.0,1028.0,191500.0,1068.9,1070.96,1121.5733333333333,1137.075,19.04761904761905,1090.32,-13.106666666666795,-4.284999999999855,-0.1669367909238249,1085.0,1041.0,1032.0,1029.0,174800.0
2025-11-01,1029.0,1044.0,1025.0,1028.0,1028.0,191500.0,1066.25,1068.52,1119.12,1136.105,19.04761904761905,1088.56,-13.213333333333368,-4.539999999999964,-0.1573770491803279,1085.0,1044.0,1028.0,1029.0,191500.0
2025-11-02,1029.0,1044.0,1025.0,1028.0,1028.0,191500.0,1063.6,1066.88,1116.48,1134.995,19.04761904761905,1086.8,-13.026666666666642,-4.8400000000001455,-0.1642276422764227,1085.0,1044.0,1028.0,1029.0,191500.0
2025-11-03,1029.0,1044.0,1025.0,1028.0,1028.0,191500.0,1060.75,1064.96,1113.6933333333334,1133.95,20.51282051282051,1085.04,-13.159999999999854,-4.990000000000009,-0.1397489539748954,1085.0,1044.0,1028.0,1029.0,191500.0
2025-11-04,1038.0,1054.0,1030.0,1037.0,1037.0,288000.0,1058.4,1063.2,1110.8,1132.795,29.41176470588236,1083.46,-13.440000000000056,-5.264999999999873,-0.0389249304911955,1085.0,1044.0,1028.0,1029.0,191500.0
2025-11-05,1035.0,1045.0,1019.0,1024.0,1024.0,354500.0,1055.35,1060.92,1107.7333333333331,1131.575,16.091954022988503,1081.1,-13.839999999999918,-5.5,-0.0509731232622798,1083.0,1054.0,1037.0,1038.0,288000.0
2025-11-06,1036.0,1043.0,983.0,995.0,995.0,871700.0,1051.1,1057.48,1104.28,1130.21,12.389380530973456,1078.34,-14.839999999999918,-5.894999999999982,-0.0778498609823911,1083.0,1045.0,1024.0,1035.0,354500.0
2025-11-07,1010.0,1048.0,1003.0,1048.0,1048.0,519500.0,1049.5,1056.16,1101.5333333333333,1128.99,43.2258064516129,1076.74,-14.946666666666715,-6.004999999999882,-0.0481380563124432,1083.0,1043.0,995.0,1036.0,871700.0
2025-11-08,1010.0,1048.0,1003.0,1048.0,1048.0,519500.0,1047.9,1054.68,1099.28,1127.78,43.2258064516129,1075.1,-14.413333333333412,-6.170000000000073,-0.0481380563124432,1083.0,1048.0,1048.0,1010.0,519500.0
2025-11-09,1010.0,1048.0,1003.0,1048.0,1048.0,519500.0,1046.6,1053.24,1097.2266666666667,1126.465,43.2258064516129,1073.46,-13.573333333333268,-6.330000000000155,-0.0550045085662759,1083.0,1048.0,1048.0,1010.0,519500.0
2025-11-10,1050.0,1052.0,1026.0,1040.0,1040.0,297900.0,1045.0,1051.44,1095.1866666666667,1125.175,40.372670807453424,1071.66,-12.546666666666624,-6.400000000000091,-0.0647482014388489,1083.0,1048.0,1048.0,1010.0,519500.0
2025-11-11,1036.0,1040.0,1013.0,1026.0,1026.0,135800.0,1042.15,1049.28,1092.96,1123.805,43.33333333333333,1069.32,-11.319999999999936,-6.404999999999973,-0.0806451612903226,1080.0,1052.0,1040.0,1050.0,297900.0
2025-11-12,1029.0,1040.0,1027.0,1037.0,1037.0,175900.0,1040.0,1047.56,1090.9333333333334,1122.49,52.777777777777786,1067.2,-10.599999999999907,-6.5,-0.0707885304659498,1071.0,1040.0,1026.0,1036.0,135800.0
2025-11-13,1038.0,1043.0,1033.0,1043.0,1043.0,100300.0,1038.7,1046.08,1088.986666666667,1121.205,53.741496598639465,1065.42,-10.293333333333294,-6.5750000000000455,-0.0654121863799283,1071.0,1040.0,1037.0,1029.0,175900.0
2025-11-14,1045.0,1051.0,1036.0,1038.0,1038.0,115900.0,1037.15,1044.64,1086.9733333333334,1119.83,53.37837837837837,1063.6,-10.25333333333333,-6.634999999999991,-0.0698924731182796,1071.0,1043.0,1043.0,1038.0,100300.0
2025-11-15,1045.0,1051.0,1036.0,1038.0,1038.0,115900.0,1035.6,1043.28,1084.36,1118.455,53.37837837837837,1062.14,-10.826666666666824,-6.720000000000027,-0.0910683012259194,1071.0,1051.0,1038.0,1045.0,115900.0
2025-11-16,1045.0,1051.0,1036.0,1038.0,1038.0,115900.0,1033.95,1041.48,1081.9333333333334,1117.045,53.37837837837837,1060.68,-11.026666666666642,-6.759999999999991,-0.0838481906443071,1048.0,1051.0,1038.0,1045.0,115900.0
2025-11-17,1032.0,1034.0,1020.0,1027.0,1027.0,190100.0,1033.0,1039.36,1079.2266666666667,1115.63,49.68553459119497,1059.0,-11.706666666666706,-6.8599999999999,-0.0895390070921985,1048.0,1051.0,1038.0,1045.0,115900.0
2025-11-18,1032.0,1041.0,1026.0,1030.0,1030.0,224400.0,1033.05,1037.8,1077.0266666666666,1114.395,47.7124183006536,1057.76,-11.960000000000036,-6.809999999999945,-0.0884955752212389,1048.0,1034.0,1027.0,1032.0,190100.0
2025-11-19,1024.0,1032.0,1020.0,1020.0,1020.0,171300.0,1032.45,1035.84,1076.24,1113.11,48.66666666666666,1056.78,-10.733333333333348,-6.720000000000027,-0.0973451327433628,1048.0,1041.0,1030.0,1032.0,224400.0
2025-11-20,1021.0,1023.0,1005.0,1009.0,1009.0,266300.0,1031.5,1033.44,1075.3066666666666,1111.77,55.30303030303031,1055.44,-9.053333333333285,-6.684999999999945,-0.1070796460176991,1048.0,1032.0,1020.0,1024.0,171300.0
2025-11-21,1015.0,1043.0,1010.0,1034.0,1034.0,432500.0,1031.8,1031.96,1074.7066666666667,1110.555,43.26923076923077,1054.62,-7.226666666666688,-6.490000000000009,-0.095363079615048,1048.0,1023.0,1009.0,1021.0,266300.0
2025-11-22,1015.0,1043.0,1010.0,1034.0,1034.0,432500.0,1032.1,1031.48,1073.8133333333333,1109.34,43.26923076923077,1053.84,-5.413333333333412,-6.290000000000191,-0.095363079615048,1048.0,1043.0,1034.0,1015.0,432500.0
2025-11-23,1015.0,1043.0,1010.0,1034.0,1034.0,432500.0,1032.4,1031.68,1072.92,1108.065,43.26923076923077,1053.06,-4.10666666666657,-6.329999999999927,-0.0865724381625441,1048.0,1043.0,1034.0,1015.0,432500.0
2025-11-24,1015.0,1043.0,1010.0,1034.0,1034.0,432500.0,1032.25,1031.76,1071.92,1106.705,46.875,1052.28,-4.319999999999936,-6.404999999999973,-0.0841452612931797,1048.0,1043.0,1034.0,1015.0,432500.0
2025-11-25,1033.0,1037.0,1022.0,1022.0,1022.0,194500.0,1032.15,1031.52,1070.72,1105.215,47.87234042553191,1051.24,-4.586666666666588,-6.555000000000064,-0.0801080108010801,1048.0,1043.0,1034.0,1015.0,432500.0
2025-11-26,1020.0,1032.0,1017.0,1021.0,1021.0,325100.0,1033.45,1031.24,1069.4533333333334,1103.72,40.47619047619048,1049.88,-5.25333333333333,-6.835000000000036,-0.081008100810081,1048.0,1037.0,1022.0,1033.0,194500.0
2025-11-27,1004.0,1018.0,1000.0,1015.0,1015.0,333300.0,1031.8,1030.72,1068.1066666666666,1102.195,33.33333333333333,1048.8,-5.706666666666706,-7.144999999999982,-0.0864086408640864,1048.0,1032.0,1021.0,1020.0,325100.0
2025-11-28,1016.0,1040.0,1016.0,1040.0,1040.0,366400.0,1031.4,1031.2,1067.0933333333332,1100.79,50.96153846153846,1048.08,-5.826666666666824,-7.275000000000091,-0.0476190476190476,1048.0,1018.0,1015.0,1004.0,333300.0
2025-11-29,1016.0,1040.0,1016.0,1040.0,1040.0,366400.0,1031.0,1031.32,1066.08,1100.62,50.96153846153846,1047.26,-5.8400000000001455,-6.085000000000036,-0.0271281571562207,1043.0,1040.0,1040.0,1016.0,366400.0
2025-11-30,1016.0,1040.0,1016.0,1040.0,1040.0,366400.0,1031.0,1031.96,1064.72,1100.64,50.96153846153846,1046.44,-6.0,-4.574999999999818,-0.0334572490706319,1043.0,1040.0,1040.0,1016.0,366400.0
2025-12-01,1040.0,1050.0,1030.0,1039.0,1039.0,318000.0,1031.65,1033.72,1063.4666666666667,1100.56,56.38297872340426,1045.6,-5.986666666666679,-3.160000000000082,-0.0334883720930232,1043.0,1040.0,1040.0,1016.0,366400.0
2025-12-02,1039.0,1040.0,1020.0,1024.0,1024.0,139900.0,1031.0,1032.76,1062.08,1100.39,47.16981132075472,1044.46,-6.026666666666642,-1.8049999999998363,-0.0456663560111836,1043.0,1050.0,1039.0,1040.0,318000.0
2025-12-03,1024.0,1027.0,1010.0,1010.0,1010.0,202700.0,1029.35,1031.24,1060.48,1100.15,45.45454545454546,1042.96,-6.61333333333323,-0.6399999999998727,-0.0587138863000932,1040.0,1040.0,1024.0,1039.0,139900.0
2025-12-04,1007.0,1018.0,1006.0,1018.0,1018.0,166000.0,1028.35,1030.04,1058.986666666667,1099.95,54.20560747663552,1041.64,-7.093333333333248,-0.6699999999998454,-0.0512581547064305,1040.0,1027.0,1010.0,1024.0,202700.0
2025-12-05,1006.0,1010.0,990.0,998.0,998.0,288300.0,1026.35,1028.36,1057.2266666666667,1099.645,32.35294117647058,1039.9,-7.493333333333339,-0.9950000000001182,-0.0707635009310987,1040.0,1018.0,1018.0,1007.0,166000.0
2025-12-06,1006.0,1010.0,990.0,998.0,998.0,288300.0,1024.35,1027.24,1055.2933333333333,1099.455,32.35294117647058,1038.26,-8.173333333333403,-1.1050000000000182,-0.0835629017447199,1040.0,1010.0,998.0,1006.0,288300.0
2025-12-07,1006.0,1010.0,990.0,998.0,998.0,288300.0,1022.9,1025.68,1053.36,1099.34,32.35294117647058,1036.62,-8.720000000000027,-1.050000000000182,-0.0664172123479888,1040.0,1010.0,998.0,1006.0,288300.0
2025-12-08,1004.0,1018.0,1000.0,1017.0,1017.0,242600.0,1022.25,1024.64,1051.8266666666666,1099.31,42.97520661157025,1035.36,-8.653333333333421,-0.8400000000001455,-0.0548327137546468,1040.0,1010.0,998.0,1006.0,288300.0
2025-12-09,1015.0,1017.0,997.0,999.0,999.0,185400.0,1021.2,1023.08,1050.0933333333332,1099.215,40.94488188976378,1033.86,-8.89333333333343,-0.7350000000001273,-0.0758556891766882,1040.0,1018.0,1017.0,1004.0,242600.0
2025-12-10,1007.0,1017.0,1004.0,1014.0,1014.0,138600.0,1021.45,1022.12,1048.8,1099.195,47.51773049645389,1032.7,-8.426666666666733,-0.4500000000000455,-0.0619796484736355,1040.0,1017.0,999.0,1015.0,185400.0
2025-12-11,1017.0,1017.0,999.0,1000.0,1000.0,101500.0,1019.75,1020.6,1047.32,1099.105,44.966442953020135,1031.04,-7.973333333333358,-0.349999999999909,-0.0749306197964847,1040.0,1017.0,1014.0,1007.0,138600.0
2025-12-12,1010.0,1011.0,1000.0,1000.0,1000.0,181600.0,1018.05,1019.52,1045.84,1098.985,33.87096774193549,1029.44,-7.519999999999982,-0.3550000000000182,-0.0749306197964847,1040.0,1017.0,1000.0,1017.0,101500.0
2025-12-13,1010.0,1011.0,1000.0,1000.0,1000.0,181600.0,1016.35,1018.32,1044.6133333333332,1098.825,33.87096774193549,1028.06,-7.213333333333367,-0.4849999999998999,-0.0783410138248847,1040.0,1011.0,1000.0,1010.0,181600.0
2025-12-14,1010.0,1011.0,1000.0,1000.0,1000.0,181600.0,1014.65,1017.52,1043.6933333333334,1098.625,33.87096774193549,1026.68,-6.399999999999864,-0.5899999999999181,-0.077490774907749,1040.0,1011.0,1000.0,1010.0,181600.0
2025-12-15,1010.0,1017.0,1004.0,1016.0,1016.0,186300.0,1014.35,1017.8,1042.8933333333334,1098.5,41.726618705035975,1025.62,-5.906666666666524,-0.6949999999999363,-0.0635944700460829,1040.0,1011.0,1000.0,1010.0,181600.0
2025-12-16,1006.0,1012.0,1001.0,1008.0,1008.0,178800.0,1013.7,1016.76,1042.0,1098.225,43.93939393939394,1024.36,-5.319999999999936,-0.8800000000001091,-0.0666666666666666,1040.0,1017.0,1016.0,1010.0,186300.0
2025-12-17,1007.0,1012.0,1000.0,1000.0,1000.0,162000.0,1012.95,1015.4,1041.0266666666666,1097.91,46.03174603174603,1023.44,-4.813333333333276,-1.074999999999818,-0.074074074074074,1040.0,1012.0,1008.0,1006.0,178800.0
2025-12-18,1004.0,1017.0,1002.0,1005.0,1005.0,182900.0,1011.2,1014.24,1040.12,1097.62,44.71544715447155,1022.96,-4.493333333333339,-1.2050000000001546,-0.0694444444444444,1040.0,1012.0,1000.0,1007.0,162000.0
2025-12-19,1005.0,1020.0,1005.0,1010.0,1010.0,237900.0,1009.7,1013.28,1039.28,1097.375,55.55555555555556,1022.52,-4.413333333333412,-1.25,-0.0595903165735568,1040.0,1017.0,1005.0,1004.0,182900.0
2025-12-20,1005.0,1020.0,1005.0,1010.0,1010.0,237900.0,1008.2,1012.8,1038.4266666666667,1097.085,55.55555555555556,1022.16,-4.466666666666697,-1.4149999999999636,-0.0578358208955224,1039.0,1020.0,1010.0,1005.0,237900.0
2025-12-21,1005.0,1020.0,1005.0,1010.0,1010.0,237900.0,1006.75,1012.36,1037.3733333333332,1096.785,55.55555555555556,1021.8,-4.626666666666779,-1.4399999999998272,-0.0674053554939981,1024.0,1020.0,1010.0,1005.0,237900.0
2025-12-22,1016.0,1017.0,988.0,991.0,991.0,382900.0,1005.1,1011.4,1036.3333333333333,1096.22,37.96296296296296,1021.06,-4.693333333333385,-1.6900000000000546,-0.0824074074074073,1018.0,1020.0,1010.0,1005.0,237900.0
2025-12-23,991.0,1002.0,991.0,996.0,996.0,216400.0,1004.4,1009.64,1035.2666666666669,1095.585,48.42105263157895,1020.42,-4.853333333333239,-2.0349999999998545,-0.0682881197380729,1018.0,1017.0,991.0,1016.0,382900.0
2025-12-24,1001.0,1002.0,985.0,988.0,988.0,265000.0,1002.9,1007.56,1034.0266666666666,1094.91,35.22727272727272,1019.44,-5.25333333333333,-2.464999999999918,-0.0757717492984096,1017.0,1002.0,996.0,991.0,216400.0
2025-12-25,993.0,1010.0,992.0,1010.0,1010.0,253700.0,1003.5,1006.36,1033.08,1094.345,55.208333333333336,1019.16,-5.346666666666806,-2.740000000000009,-0.0551917680074836,1017.0,1002.0,988.0,1001.0,265000.0
2025-12-26,1010.0,1011.0,999.0,1005.0,1005.0,178900.0,1003.85,1005.0,1032.0666666666666,1093.77,52.47524752475248,1019.36,-5.306666666666615,-3.0150000000001,-0.0616246498599439,1017.0,1010.0,1010.0,993.0,253700.0
2025-12-27,1010.0,1011.0,999.0,1005.0,1005.0,178900.0,1004.2,1004.24,1031.0533333333333,1093.285,52.47524752475248,1018.5,-5.279999999999973,-2.934999999999945,-0.0391969407265774,1017.0,1011.0,1005.0,1010.0,178900.0
2025-12-28,1010.0,1011.0,999.0,1005.0,1005.0,178900.0,1003.6,1004.04,1029.986666666667,1092.73,52.47524752475248,1017.64,-5.279999999999973,-2.855000000000018,-0.0233236151603498,1016.0,1011.0,1005.0,1010.0,178900.0
2025-12-29,1006.0,1006.0,999.0,1006.0,1006.0,155200.0,1003.95,1003.56,1028.9466666666667,1092.11,44.18604651162791,1016.8,-5.079999999999927,-2.800000000000182,-0.0251937984496124,1016.0,1011.0,1005.0,1010.0,178900.0
2025-12-30,1006.0,1008.0,987.0,987.0,987.0,334100.0,1002.6,1003.12,1027.64,1091.605,39.175257731958766,1015.74,-5.439999999999827,-2.740000000000009,-0.0398832684824902,1016.0,1006.0,1006.0,1006.0,155200.0
2025-12-31,1006.0,1008.0,987.0,987.0,987.0,334100.0,1001.95,1002.68,1026.4,1091.1,42.69662921348315,1014.96,-5.666666666666515,-2.6700000000000728,-0.0398832684824902,1016.0,1008.0,987.0,1006.0,334100.0
2026-01-01,1006.0,1008.0,987.0,987.0,987.0,334100.0,1001.3,1002.24,1025.16,1090.595,39.285714285714285,1013.96,-5.893333333333203,-2.6900000000000546,-0.0398832684824902,1016.0,1008.0,987.0,1006.0,334100.0
2026-01-02,1006.0,1008.0,987.0,987.0,987.0,334100.0,1000.65,1001.04,1023.92,1090.18,35.44303797468355,1012.84,-6.06666666666672,-2.5499999999999545,-0.0398832684824902,1016.0,1008.0,987.0,1006.0,334100.0
2026-01-03,1006.0,1008.0,987.0,987.0,987.0,334100.0,1000.0,1000.56,1022.76,1089.875,35.44303797468355,1011.82,-6.186666666666724,-2.2349999999999,-0.0482160077145612,1016.0,1008.0,987.0,1006.0,334100.0
2026-01-04,1006.0,1008.0,987.0,987.0,987.0,334100.0,998.55,999.48,1021.6266666666668,1089.56,35.44303797468355,1010.8,-6.013333333333435,-2.0450000000000728,-0.0361328125,1010.0,1008.0,987.0,1006.0,334100.0
2026-01-05,996.0,1004.0,985.0,1004.0,1004.0,309700.0,998.35,999.64,1020.5733333333334,1089.425,58.44155844155844,1010.12,-5.826666666666711,-1.6749999999999543,0.0090452261306532,1010.0,1008.0,987.0,1006.0,334100.0
2026-01-06,1005.0,1016.0,1005.0,1016.0,1016.0,216700.0,999.15,1000.28,1019.72,1089.4,61.90476190476191,1009.9,-5.440000000000055,-1.1949999999999363,-0.0305343511450382,1016.0,1004.0,1004.0,996.0,309700.0
2026-01-07,1012.0,1023.0,1005.0,1018.0,1018.0,190600.0,999.8,1001.0,1019.04,1089.385,69.23076923076923,1009.66,-4.879999999999996,-0.7950000000000728,-0.0286259541984732,1018.0,1016.0,1016.0,1005.0,216700.0
2026-01-08,1014.0,1019.0,1004.0,1009.0,1009.0,112600.0,999.75,1001.36,1018.24,1089.325,49.23076923076923,1009.44,-4.519999999999982,-0.5499999999999545,-0.0372137404580152,1018.0,1023.0,1018.0,1012.0,190600.0
2026-01-09,1011.0,1014.0,1003.0,1006.0,1006.0,160000.0,999.55,1000.96,1017.4,1089.27,50.79365079365079,1009.38,-4.226666666666688,-0.2899999999999636,-0.0326923076923076,1018.0,1019.0,1009.0,1014.0,112600.0
2026-01-10,1011.0,1014.0,1003.0,1006.0,1006.0,160000.0,999.35,1000.88,1016.5333333333332,1089.15,50.79365079365079,1008.82,-4.040000000000077,-0.2749999999998636,-0.0194931773879142,1018.0,1014.0,1006.0,1011.0,160000.0
2026-01-11,1011.0,1014.0,1003.0,1006.0,1006.0,160000.0,1000.1,1001.12,1016.0,1089.05,50.79365079365079,1008.26,-3.7200000000000273,-0.3500000000001364,-0.0298939247830279,1018.0,1014.0,1006.0,1011.0,160000.0
2026-01-12,1011.0,1014.0,1003.0,1006.0,1006.0,160000.0,1000.6,1001.16,1015.6933333333334,1089.01,50.0,1007.7,-3.3466666666665787,-0.375,-0.0354745925215723,1018.0,1014.0,1006.0,1011.0,160000.0
2026-01-13,1013.0,1015.0,997.0,998.0,998.0,202400.0,1001.1,1000.68,1015.24,1088.9,60.78431372549019,1006.98,-3.0,-0.4249999999999545,-0.0385356454720616,1018.0,1014.0,1006.0,1011.0,160000.0
2026-01-14,997.0,1002.0,987.0,988.0,988.0,246000.0,1000.0,999.8,1014.7066666666668,1088.74,50.81967213114754,1006.3,-2.693333333333271,-0.5299999999999727,-0.048169556840077,1018.0,1015.0,998.0,1013.0,202400.0
2026-01-15,989.0,1004.0,989.0,1004.0,1004.0,171700.0,999.95,999.56,1014.3866666666668,1088.66,61.03896103896104,1005.96,-2.146666666666647,-0.4900000000000091,-0.0327552986512523,1018.0,1002.0,988.0,997.0,246000.0
2026-01-16,1001.0,1005.0,997.0,1004.0,1004.0,95300.0,999.9,1000.08,1014.0666666666668,1088.575,61.03896103896104,1005.74,-1.9333333333332805,-0.474999999999909,-0.0223953261927944,1018.0,1004.0,1004.0,989.0,171700.0
2026-01-17,1001.0,1005.0,997.0,1004.0,1004.0,95300.0,999.85,1000.4,1013.7466666666668,1088.48,61.03896103896104,1005.02,-1.9466666666667152,-0.5299999999999727,-0.0252427184466019,1018.0,1005.0,1004.0,1001.0,95300.0
2026-01-18,1001.0,1005.0,997.0,1004.0,1004.0,95300.0,999.75,1001.04,1013.3066666666666,1088.29,61.03896103896104,1004.3,-1.933333333333394,-0.6100000000001273,-0.0156862745098039,1018.0,1005.0,1004.0,1001.0,95300.0
2026-01-19,1003.0,1007.0,999.0,1002.0,1002.0,113400.0,1000.5,1000.72,1013.0133333333332,1087.965,48.38709677419355,1003.54,-1.6933333333333849,-0.775000000000091,-0.0069375619425173,1018.0,1005.0,1004.0,1001.0,95300.0
2026-01-20,1006.0,1007.0,997.0,1007.0,1007.0,156100.0,1001.5,1000.8,1013.1733333333332,1087.61,41.81818181818182,1002.9,-1.213333333333367,-1.050000000000182,-0.0261121856866537,1018.0,1007.0,1002.0,1003.0,113400.0
2026-01-21,1002.0,1007.0,993.0,994.0,994.0,238700.0,1001.85,1000.36,1012.4533333333334,1087.19,31.818181818181827,1002.3,-1.613333333333344,-1.384999999999991,-0.0386847195357833,1018.0,1007.0,1007.0,1006.0,156100.0
2026-01-22,999.0,1010.0,995.0,1001.0,1001.0,201600.0,1002.55,1000.2,1011.8266666666668,1086.805,43.75,1002.12,-1.919999999999959,-1.6749999999999543,-0.0319148936170212,1018.0,1007.0,994.0,1002.0,238700.0
2026-01-23,1010.0,1017.0,1005.0,1013.0,1013.0,145100.0,1003.85,1000.48,1011.36,1086.24,54.7945205479452,1002.02,-1.9466666666666013,-2.0499999999999545,-0.0203094777562862,1018.0,1010.0,1001.0,999.0,201600.0
2026-01-24,1010.0,1017.0,1005.0,1013.0,1013.0,145100.0,1005.15,1001.52,1011.0,1085.69,54.7945205479452,1002.32,-2.013333333333321,-2.274999999999864,-0.0088062622309197,1018.0,1017.0,1013.0,1010.0,145100.0
2026-01-25,1010.0,1017.0,1005.0,1013.0,1013.0,145100.0,1005.6,1002.56,1010.8266666666668,1085.12,54.7945205479452,1002.62,-2.3466666666665787,-2.490000000000009,-0.0078354554358471,1018.0,1017.0,1013.0,1010.0,145100.0
2026-01-26,1005.0,1006.0,993.0,993.0,993.0,145600.0,1004.45,1002.8,1010.24,1084.455,43.01075268817205,1002.52,-2.2133333333333667,-2.735000000000128,-0.0216748768472906,1018.0,1017.0,1013.0,1010.0,145100.0
2026-01-27,993.0,993.0,984.0,990.0,990.0,224500.0,1003.05,1002.92,1009.5333333333332,1083.765,45.45454545454546,1001.98,-2.293333333333408,-3.039999999999964,-0.0480769230769231,1013.0,1006.0,993.0,1005.0,145600.0
2026-01-28,987.0,988.0,975.0,975.0,975.0,273300.0,1001.35,1002.44,1008.6933333333334,1083.0,43.01075268817205,1001.5,-2.6666666666666288,-3.240000000000009,-0.0625,1013.0,993.0,990.0,993.0,224500.0
2026-01-29,975.0,983.0,966.0,983.0,983.0,251500.0,1000.2,1002.28,1007.96,1082.275,37.647058823529406,1000.88,-3.039999999999964,-3.414999999999964,-0.0548076923076923,1013.0,988.0,975.0,987.0,273300.0
2026-01-30,980.0,995.0,980.0,992.0,992.0,249700.0,999.5,1001.8,1007.3466666666668,1081.64,43.61702127659574,1000.72,-3.480000000000018,-3.479999999999791,-0.0452358036573627,1013.0,983.0,983.0,975.0,251500.0
2026-01-31,980.0,995.0,980.0,992.0,992.0,249700.0,998.8,1000.84,1006.88,1081.125,43.61702127659574,1000.56,-3.3600000000000136,-3.3299999999999272,-0.03125,1013.0,995.0,992.0,980.0,249700.0
2026-02-01,980.0,995.0,980.0,992.0,992.0,249700.0,998.1,999.8,1006.3733333333332,1080.615,43.61702127659574,1000.4,-3.159999999999968,-3.150000000000091,-0.0178217821782178,1013.0,995.0,992.0,980.0,249700.0
2026-02-02,990.0,993.0,972.0,977.0,977.0,349500.0,997.05,998.52,1005.8,1079.955,38.31775700934579,999.94,-2.8933333333334303,-3.0450000000000728,-0.0402750491159135,1013.0,995.0,992.0,980.0,249700.0
2026-02-03,978.0,980.0,968.0,968.0,968.0,286400.0,996.05,997.0,1005.2533333333332,1079.17,32.432432432432435,998.98,-2.706666666666706,-3.105000000000018,-0.0300601202404809,1013.0,993.0,977.0,990.0,349500.0
2026-02-04,962.0,972.0,958.0,964.0,964.0,259100.0,994.05,995.32,1004.32,1078.365,35.294117647058826,998.1,-3.0266666666666424,-3.275000000000091,-0.0340681362725451,1013.0,980.0,968.0,978.0,286400.0
2026-02-05,972.0,978.0,967.0,967.0,967.0,289600.0,992.2,993.76,1003.4266666666666,1077.575,32.65306122448979,997.44,-3.453333333333376,-3.5499999999999545,-0.0310621242484969,1013.0,972.0,964.0,962.0,259100.0
2026-02-06,969.0,972.0,955.0,960.0,960.0,445600.0,990.0,991.92,1002.44,1076.75,21.505376344086017,996.54,-3.93333333333328,-3.865000000000009,-0.056047197640118,1013.0,978.0,967.0,972.0,289600.0
2026-02-07,969.0,972.0,955.0,960.0,960.0,445600.0,987.8,990.4,1001.4533333333334,1075.925,21.505376344086017,995.54,-4.346666666666579,-4.029999999999973,-0.039039039039039,1013.0,972.0,960.0,969.0,445600.0
2026-02-08,969.0,972.0,955.0,960.0,960.0,445600.0,985.7,989.28,1000.6266666666668,1075.09,21.505376344086017,994.54,-4.626666666666665,-4.080000000000155,-0.0532544378698225,1013.0,972.0,960.0,969.0,445600.0
2026-02-09,955.0,960.0,933.0,933.0,933.0,634100.0,982.0,986.44,999.4533333333334,1074.065,20.0,993.0,-4.866666666666674,-4.2999999999999545,-0.0669999999999999,1013.0,972.0,960.0,969.0,445600.0
2026-02-10,935.0,969.0,935.0,965.0,965.0,406200.0,980.55,984.88,998.7866666666666,1073.21,40.310077519379846,992.48,-4.639999999999986,-4.365000000000009,-0.035,1013.0,960.0,933.0,955.0,634100.0
2026-02-11,935.0,969.0,935.0,965.0,965.0,406200.0,978.75,983.32,997.7866666666666,1072.355,45.6140350877193,991.86,-4.653333333333421,-4.394999999999982,-0.035,1013.0,969.0,965.0,935.0,406200.0
2026-02-12,960.0,967.0,954.0,958.0,958.0,252800.0,976.0,981.48,996.6933333333334,1071.465,38.93805309734513,991.26,-4.759999999999991,-4.460000000000036,-0.042,1013.0,969.0,965.0,935.0,406200.0
2026-02-13,951.0,959.0,934.0,941.0,941.0,260400.0,972.4,979.04,995.3733333333332,1070.49,28.925619834710744,989.88,-5.25333333333333,-4.599999999999909,-0.0738188976377952,1013.0,967.0,958.0,960.0,252800.0
2026-02-14,951.0,959.0,934.0,941.0,941.0,260400.0,968.8,976.4,994.0666666666668,1069.585,28.925619834710744,988.6,-5.386666666666656,-4.480000000000018,-0.0664682539682539,993.0,959.0,941.0,951.0,260400.0
2026-02-15,951.0,959.0,934.0,941.0,941.0,260400.0,966.2,974.28,992.96,1068.6,28.925619834710744,987.32,-5.826666666666597,-4.610000000000127,-0.059,992.0,959.0,941.0,951.0,260400.0
2026-02-16,944.0,950.0,940.0,950.0,950.0,175700.0,964.2,972.24,992.16,1067.505,38.26086956521739,986.22,-5.626666666666665,-4.849999999999909,-0.0547263681592039,992.0,959.0,941.0,951.0,260400.0
2026-02-17,950.0,956.0,945.0,948.0,948.0,135500.0,962.85,969.64,991.2266666666668,1066.305,40.74074074074074,985.06,-5.466666666666697,-5.159999999999855,-0.0613861386138614,992.0,950.0,950.0,944.0,175700.0
2026-02-21,962.0,963.0,941.0,942.0,942.0,203900.0,955.55,961.8,988.5866666666668,1061.555,43.28358208955223,982.36,-3.573333333333266,-5.9500000000000455,-0.0542168674698795,977.0,963.0,942.0,962.0,203900.0
2026-02-22,962.0,963.0,941.0,942.0,942.0,203900.0,953.8,960.48,987.8266666666668,1059.95,43.28358208955223,981.46,-3.3999999999999773,-6.355000000000018,-0.0465587044534413,968.0,963.0,942.0,962.0,203900.0
2026-02-23,962.0,963.0,941.0,942.0,942.0,203900.0,952.5,958.84,986.8666666666668,1058.36,54.20560747663552,980.56,-3.906666666666638,-6.8250000000000455,-0.0673267326732672,967.0,963.0,942.0,962.0,203900.0
2026-02-18,954.0,966.0,954.0,964.0,964.0,168400.0,,,,,,,,,,,,,,
2026-02-19,965.0,965.0,954.0,965.0,965.0,119100.0,,,,,,,,,,,,,,
2026-02-20,962.0,963.0,941.0,942.0,942.0,203900.0,,,,,,,,,,,,,,
2026-02-24,937.0,953.0,936.0,947.0,947.0,176800.0,,,,,,,,,,,,,,
2026-02-25,952.0,958.0,947.0,953.0,953.0,180600.0,,,,,,,,,,,,,,
2026-02-26,957.0,967.0,954.0,962.0,962.0,143500.0,,,,,,,,,,,,,,
2026-02-27,962.0,989.0,961.0,989.0,989.0,392000.0,,,,,,,,,,,,,,
2026-03-02,974.0,974.0,962.0,966.0,966.0,231100.0,,,,,,,,,,,,,,
2026-03-03,963.0,963.0,931.0,932.0,932.0,388900.0,,,,,,,,,,,,,,
2026-03-04,930.0,932.0,904.0,913.0,913.0,414900.0,,,,,,,,,,,,,,
2026-03-05,928.0,934.0,916.0,916.0,916.0,206400.0,,,,,,,,,,,,,,
2026-03-06,915.0,932.0,910.0,932.0,932.0,218800.0,,,,,,,,,,,,,,
