Date,Open,High,Low,Close,Adj Close,Volume,MA20,MA25,MA75,MA200,RSI14,MA50,MA75_slope,MA200_slope,Ret60,High20,PrevHigh,PrevClose,PrevOpen,PrevVolume
2020-02-25,728.0,747.0,686.0,699.0,640.6102294921875,252400.0,,,,,50.0,,,,,,,,,
2020-02-26,710.0,799.0,705.0,799.0,732.2569580078125,238100.0,,,,,50.0,,,,,,747.0,699.0,728.0,252400.0
2020-02-27,851.0,888.0,748.0,859.0,787.2448120117188,1081300.0,,,,,50.0,,,,,,799.0,799.0,710.0,238100.0
2020-02-28,820.0,857.0,754.0,784.0,718.5098266601562,398300.0,,,,,50.0,,,,,,888.0,859.0,851.0,1081300.0
2020-02-29,820.0,857.0,754.0,784.0,718.5098266601562,398300.0,,,,,50.0,,,,,,857.0,784.0,820.0,398300.0
2020-03-01,820.0,857.0,754.0,784.0,718.5098266601562,398300.0,,,,,50.0,,,,,,857.0,784.0,820.0,398300.0
2020-03-02,857.0,921.0,820.0,843.0,772.5814819335938,538500.0,,,,,50.0,,,,,,857.0,784.0,820.0,398300.0
2020-03-03,860.0,910.0,834.0,867.0,794.5765991210938,523000.0,,,,,50.0,,,,,,921.0,843.0,857.0,538500.0
2020-03-04,850.0,894.0,818.0,862.0,789.9942626953125,255900.0,,,,,50.0,,,,,,910.0,867.0,860.0,523000.0
2020-03-05,877.0,945.0,861.0,885.0,811.0730590820312,526100.0,,,,,50.0,,,,,,894.0,862.0,850.0,255900.0
2020-03-06,857.0,898.0,795.0,818.0,749.6697387695312,367500.0,,,,,50.0,,,,,,945.0,885.0,877.0,526100.0
2020-03-07,857.0,898.0,795.0,818.0,749.6697387695312,367500.0,,,,,50.0,,,,,,898.0,818.0,857.0,367500.0
2020-03-08,857.0,898.0,795.0,818.0,749.6697387695312,367500.0,,,,,50.0,,,,,,898.0,818.0,857.0,367500.0
2020-03-09,803.0,845.0,763.0,790.0,724.0087280273438,378700.0,,,,,50.0,,,,,,898.0,818.0,857.0,367500.0
2020-03-10,792.0,940.0,762.0,880.0,806.4906616210938,559300.0,,,,,67.04331450094162,,,,,,845.0,790.0,803.0,378700.0
2020-03-11,870.0,920.0,798.0,862.0,789.9942626953125,713200.0,,,,,57.01559020044543,,,,,,940.0,880.0,792.0,559300.0
2020-03-12,847.0,898.0,732.0,790.0,724.0087280273438,566200.0,,,,,42.51626898047723,,,,,,920.0,862.0,870.0,713200.0
2020-03-13,730.0,806.0,674.0,750.0,687.35009765625,639900.0,,,,,46.009389671361504,,,,,,898.0,790.0,847.0,566200.0
2020-03-14,730.0,806.0,674.0,750.0,687.35009765625,639900.0,,,,,46.009389671361504,,,,,,806.0,750.0,730.0,639900.0
2020-03-15,730.0,806.0,674.0,750.0,687.35009765625,639900.0,809.6,,,,46.009389671361504,,,,,885.0,806.0,750.0,730.0,639900.0
2020-03-16,795.0,862.0,718.0,738.0,676.3524169921875,462800.0,811.55,,,,36.14775725593668,,,,,885.0,806.0,750.0,730.0,639900.0
2020-03-17,738.0,888.0,730.0,888.0,813.822509765625,612000.0,816.0,,,,52.07920792079208,,,,,888.0,862.0,738.0,795.0,462800.0
2020-03-18,993.0,1010.0,878.0,885.0,811.0730590820312,960700.0,817.3,,,,52.28628230616302,,,,,888.0,888.0,888.0,738.0,612000.0
2020-03-19,940.0,965.0,790.0,835.0,765.249755859375,511900.0,819.85,,,,45.283018867924525,,,,,888.0,1010.0,885.0,993.0,960700.0
2020-03-20,940.0,965.0,790.0,835.0,765.249755859375,511900.0,822.4,814.92,,,51.83585313174946,,,,,888.0,965.0,835.0,940.0,511900.0
2020-03-21,940.0,965.0,790.0,835.0,765.249755859375,511900.0,824.95,820.36,,,51.83585313174946,,,,,888.0,965.0,835.0,940.0,511900.0
2020-03-22,940.0,965.0,790.0,835.0,765.249755859375,511900.0,824.55,821.8,,,51.83585313174946,,,,,888.0,965.0,835.0,940.0,511900.0
2020-03-23,850.0,888.0,790.0,834.0,764.3333129882812,328600.0,822.9,820.8,,,55.04587155963303,,,,,888.0,965.0,835.0,940.0,511900.0
2020-03-24,888.0,935.0,863.0,930.0,852.3140869140625,350000.0,826.3,826.64,,,55.65610859728507,,,,,930.0,888.0,834.0,850.0,328600.0
2020-03-25,960.0,970.0,907.0,930.0,852.3140869140625,299700.0,828.55,832.48,,,58.01886792452831,,,,,930.0,935.0,930.0,888.0,350000.0
2020-03-26,920.0,920.0,830.0,842.0,771.6650390625,307800.0,829.75,834.8,,,55.90909090909091,,,,,930.0,970.0,930.0,960.0,299700.0
2020-03-27,870.0,891.0,818.0,833.0,763.416748046875,234900.0,830.5,834.4,,,60.14669926650367,,,,,930.0,920.0,842.0,920.0,307800.0
2020-03-28,870.0,891.0,818.0,833.0,763.416748046875,234900.0,831.25,833.04,,,60.14669926650367,,,,,930.0,891.0,833.0,870.0,234900.0
2020-03-29,870.0,891.0,818.0,833.0,763.416748046875,234900.0,833.4,831.88,,,60.14669926650367,,,,,930.0,891.0,833.0,870.0,234900.0
2020-03-30,833.0,877.0,801.0,870.0,797.3259887695312,170000.0,832.9,831.28,,,65.2073732718894,,,,,930.0,891.0,833.0,870.0,234900.0
2020-03-31,885.0,978.0,873.0,899.0,823.903564453125,462200.0,834.75,834.52,,,51.75718849840255,,,,,930.0,877.0,870.0,833.0,170000.0
2020-04-01,906.0,974.0,906.0,918.0,841.31640625,335100.0,841.15,838.52,,,55.015197568389056,,,,,930.0,978.0,899.0,885.0,462200.0
2020-04-02,925.0,975.0,916.0,965.0,884.3903198242188,376100.0,851.9,844.4,,,69.93865030674846,,,,,965.0,974.0,918.0,906.0,335100.0
2020-04-03,1010.0,1060.0,856.0,882.0,808.3236083984375,919100.0,858.5,848.08,,,55.74572127139364,,,,,965.0,975.0,965.0,925.0,376100.0
2020-04-04,1010.0,1060.0,856.0,882.0,808.3236083984375,919100.0,865.1,848.16,,,55.74572127139364,,,,,965.0,1060.0,882.0,1010.0,919100.0
2020-04-05,1010.0,1060.0,856.0,882.0,808.3236083984375,919100.0,872.3,848.96,,,55.74572127139364,,,,,965.0,1060.0,882.0,1010.0,919100.0
2020-04-06,897.0,934.0,858.0,922.0,844.9822387695312,337500.0,874.0,854.24,,,59.82142857142857,,,,,965.0,1060.0,882.0,1010.0,919100.0
2020-04-07,930.0,979.0,882.0,913.0,836.7340698242188,426900.0,875.4,860.76,,,47.64542936288089,,,,,965.0,934.0,922.0,897.0,337500.0
2020-04-08,912.0,926.0,865.0,883.0,809.2400512695312,383500.0,877.8,866.08,,,43.98976982097187,,,,,965.0,979.0,913.0,930.0,426900.0
2020-04-09,883.0,910.0,832.0,877.0,803.7412109375,405800.0,879.9,871.16,,,55.66343042071197,,,,,965.0,926.0,883.0,912.0,383500.0
2020-04-10,881.0,881.0,842.0,872.0,799.158935546875,167900.0,881.75,876.52,,,56.39344262295082,,,,,965.0,910.0,877.0,883.0,405800.0
2020-04-11,881.0,881.0,842.0,872.0,799.158935546875,167900.0,883.6,875.88,,,56.39344262295082,,,,,965.0,881.0,872.0,881.0,167900.0
2020-04-12,881.0,881.0,842.0,872.0,799.158935546875,167900.0,885.5,875.36,,,56.39344262295082,,,,,965.0,881.0,872.0,881.0,167900.0
2020-04-13,910.0,1022.0,902.0,1022.0,936.6289672851562,1220100.0,890.1,882.84,,,68.18181818181819,,,,,1022.0,881.0,872.0,881.0,167900.0
2020-04-14,1112.0,1144.0,1024.0,1103.0,1010.862548828125,1637600.0,898.75,893.56,,,71.70212765957447,854.24,,,,1103.0,1022.0,1022.0,910.0,1220100.0
2020-04-15,1135.0,1280.0,1110.0,1228.0,1125.421142578125,1642500.0,918.05,909.28,,,76.90972222222223,864.82,,,,1228.0,1144.0,1103.0,1112.0,1637600.0
2020-04-16,1227.0,1340.0,1162.0,1286.0,1178.5762939453125,1624100.0,940.7,927.32,,,77.34241908006814,874.56,,,,1286.0,1280.0,1228.0,1135.0,1642500.0
2020-04-17,1330.0,1340.0,1270.0,1291.0,1183.1585693359375,856800.0,963.6,945.6,,,90.17681728880156,883.2,,,,1291.0,1340.0,1286.0,1227.0,1624100.0
2020-04-18,1330.0,1340.0,1270.0,1291.0,1183.1585693359375,856800.0,986.5,960.04,,,90.17681728880156,893.34,,,,1291.0,1340.0,1291.0,1330.0,856800.0
2020-04-19,1330.0,1340.0,1270.0,1291.0,1183.1585693359375,856800.0,1007.55,974.48,,,90.17681728880156,903.48,,,,1291.0,1340.0,1291.0,1330.0,856800.0
2020-04-20,1266.0,1307.0,1215.0,1232.0,1129.0869140625,682100.0,1024.2,990.08,,,79.3560606060606,912.44,,,,1291.0,1340.0,1291.0,1330.0,856800.0
2020-04-21,1232.0,1270.0,1116.0,1145.0,1049.3544921875,584300.0,1035.55,1002.56,,,69.14191419141915,918.48,,,,1291.0,1307.0,1232.0,1266.0,682100.0
2020-04-22,1135.0,1269.0,1119.0,1205.0,1104.34228515625,562300.0,1047.55,1017.44,,,75.31446540880503,925.24,,,,1291.0,1270.0,1145.0,1232.0,584300.0
2020-04-23,1199.0,1265.0,1167.0,1222.0,1119.92236328125,427000.0,1064.55,1033.0,,,76.66151468315302,932.44,,,,1291.0,1269.0,1205.0,1135.0,562300.0
2020-04-24,1222.0,1225.0,1180.0,1208.0,1107.0919189453125,210700.0,1080.85,1046.52,,,75.60975609756098,938.9,,,,1291.0,1265.0,1222.0,1199.0,427000.0
2020-04-25,1222.0,1225.0,1180.0,1208.0,1107.0919189453125,210700.0,1097.15,1058.88,,,75.60975609756098,946.7,,,0.7281831187410586,1291.0,1225.0,1208.0,1222.0,210700.0
2020-04-26,1222.0,1225.0,1180.0,1208.0,1107.0919189453125,210700.0,1111.45,1070.48,,,75.60975609756098,954.5,,,0.5118898623279098,1291.0,1225.0,1208.0,1222.0,210700.0
2020-04-27,1225.0,1231.0,1189.0,1226.0,1123.588134765625,212900.0,1127.1,1080.92,,,69.46564885496183,962.66,,,0.4272409778812573,1291.0,1225.0,1208.0,1222.0,210700.0
2020-04-28,1240.0,1286.0,1130.0,1165.0,1067.6837158203125,570100.0,1141.2,1092.24,,,56.15079365079365,970.16,,,0.4859693877551021,1291.0,1231.0,1226.0,1225.0,212900.0
2020-04-29,1240.0,1286.0,1130.0,1165.0,1067.6837158203125,570100.0,1155.6,1103.56,,,41.68865435356201,975.86,,,0.4859693877551021,1291.0,1286.0,1165.0,1240.0,570100.0
2020-04-30,1160.0,1166.0,1111.0,1111.0,1018.1944580078124,255600.0,1167.55,1112.72,,,26.66666666666667,980.84,,,0.4170918367346938,1291.0,1286.0,1165.0,1240.0,570100.0
2020-05-01,1105.0,1198.0,1072.0,1137.0,1042.0224609375,386100.0,1180.8,1121.32,,,30.55555555555556,987.78,,,0.3487544483985765,1291.0,1166.0,1111.0,1160.0,255600.0
2020-05-02,1105.0,1198.0,1072.0,1137.0,1042.0224609375,386100.0,1194.05,1130.28,,,30.55555555555556,995.52,,,0.3114186851211074,1291.0,1198.0,1137.0,1105.0,386100.0
2020-05-03,1105.0,1198.0,1072.0,1137.0,1042.0224609375,386100.0,1199.8,1140.44,,,30.55555555555556,1003.26,,,0.3190255220417632,1291.0,1198.0,1137.0,1105.0,386100.0
2020-05-04,1105.0,1198.0,1072.0,1137.0,1042.0224609375,386100.0,1201.5,1150.84,,,35.90504451038575,1011.0,,,0.2847457627118643,1291.0,1198.0,1137.0,1105.0,386100.0
2020-05-05,1105.0,1198.0,1072.0,1137.0,1042.0224609375,386100.0,1196.95,1161.44,,,48.4,1018.98,,,0.3899755501222495,1291.0,1198.0,1137.0,1105.0,386100.0
2020-05-06,1105.0,1198.0,1072.0,1137.0,1042.0224609375,386100.0,1189.5,1172.04,,,32.10526315789474,1023.96,,,0.3899755501222495,1291.0,1198.0,1137.0,1105.0,386100.0
2020-05-07,1160.0,1174.0,1115.0,1156.0,1059.4354248046875,219200.0,1182.75,1183.4,,,32.8125,1029.38,,,0.41320293398533,1291.0,1198.0,1137.0,1105.0,386100.0
2020-05-08,1186.0,1186.0,1120.0,1135.0,1040.1895751953125,136000.0,1174.95,1187.92,,,31.65829145728644,1035.38,,,0.4367088607594938,1291.0,1174.0,1156.0,1160.0,219200.0
2020-05-09,1186.0,1186.0,1120.0,1135.0,1040.1895751953125,136000.0,1167.15,1189.2,965.8933333333332,,31.65829145728644,1041.38,,,0.2897727272727273,1232.0,1186.0,1135.0,1186.0,136000.0
2020-05-10,1186.0,1186.0,1120.0,1135.0,1040.1895751953125,136000.0,1162.3,1185.48,971.7066666666668,,31.65829145728644,1047.38,,,0.3167053364269141,1226.0,1186.0,1135.0,1186.0,136000.0
2020-05-11,1132.0,1285.0,1092.0,1104.0,1011.7792358398438,619000.0,1160.25,1178.2,975.7733333333332,,21.22641509433963,1052.76,,,0.3974683544303796,1226.0,1186.0,1135.0,1186.0,136000.0
2020-05-12,1083.0,1083.0,975.0,1006.0,921.9654541015624,520900.0,1150.3,1166.8,977.7333333333332,,18.07228915662651,1056.2,,,0.3413333333333332,1226.0,1285.0,1104.0,1132.0,619000.0
2020-05-13,1006.0,1043.0,989.0,1009.0,924.7149047851562,160000.0,1139.65,1155.52,980.7333333333332,,19.04761904761905,1057.78,,,0.3453333333333332,1226.0,1083.0,1006.0,1083.0,520900.0
2020-05-14,1018.0,1018.0,980.0,980.0,898.137451171875,160200.0,1128.25,1143.08,983.3466666666668,,21.1453744493392,1058.78,17.453333333333376,,0.3066666666666666,1226.0,1043.0,1009.0,1006.0,160000.0
2020-05-15,977.0,1018.0,947.0,1001.0,917.3831176757812,242800.0,1117.9,1133.84,986.24,,19.36936936936937,1061.96,14.533333333333305,,0.3563685636856368,1226.0,1018.0,980.0,1018.0,160200.0
2020-05-16,977.0,1018.0,947.0,1001.0,917.3831176757812,242800.0,1107.55,1128.08,988.3466666666668,,19.36936936936937,1065.32,12.57333333333338,,0.1272522522522523,1226.0,1018.0,1001.0,977.0,242800.0
2020-05-17,977.0,1018.0,947.0,1001.0,917.3831176757812,242800.0,1096.3,1119.92,990.1333333333332,,19.36936936936937,1068.68,12.399999999999975,,0.1310734463276837,1165.0,1018.0,1001.0,977.0,242800.0
2020-05-18,960.0,1022.0,959.0,1002.0,918.2996215820312,267400.0,1088.15,1111.12,992.0,,19.73094170403587,1072.06,11.266666666666652,,0.1999999999999999,1165.0,1018.0,1001.0,977.0,242800.0
2020-05-19,1017.0,1021.0,990.0,1002.0,918.2996215820312,134200.0,1080.0,1102.88,993.56,,19.73094170403587,1074.7,10.213333333333251,,0.1999999999999999,1156.0,1022.0,1002.0,960.0,267400.0
2020-05-20,1024.0,1113.0,1016.0,1104.0,1011.7792358398438,412600.0,1079.65,1098.72,997.3733333333332,,44.92307692307692,1078.8,11.133333333333326,,0.3221556886227545,1156.0,1021.0,1002.0,1017.0,134200.0
2020-05-21,1164.0,1169.0,1083.0,1091.0,999.8651733398438,431300.0,1077.35,1094.04,1001.0133333333332,,39.811912225705335,1082.26,12.666666666666629,,0.3065868263473055,1156.0,1113.0,1104.0,1024.0,412600.0
2020-05-22,1070.0,1115.0,1050.0,1081.0,990.7005004882812,153400.0,1074.55,1088.24,1004.52,,41.23376623376624,1084.58,14.386666666666656,,0.2961630695443644,1156.0,1169.0,1091.0,1164.0,431300.0
2020-05-23,1070.0,1115.0,1050.0,1081.0,990.7005004882812,153400.0,1071.75,1084.88,1008.4,,41.23376623376624,1088.56,16.399999999999977,,0.1623655913978494,1156.0,1115.0,1081.0,1070.0,153400.0
2020-05-24,1070.0,1115.0,1050.0,1081.0,990.7005004882812,153400.0,1068.95,1081.52,1011.08,,41.23376623376624,1092.54,17.520000000000095,,0.1623655913978494,1156.0,1115.0,1081.0,1070.0,153400.0
2020-05-25,1101.0,1126.0,1068.0,1068.0,978.786376953125,141600.0,1065.5,1079.8,1013.8266666666668,,43.79310344827586,1096.26,16.453333333333376,,0.2684085510688836,1156.0,1115.0,1081.0,1070.0,153400.0
2020-05-26,1080.0,1080.0,1038.0,1048.0,960.45703125,114300.0,1061.05,1076.24,1017.2666666666668,,59.905660377358494,1098.78,16.25333333333333,,0.2581032412965185,1156.0,1126.0,1068.0,1101.0,141600.0
2020-05-27,1048.0,1080.0,1012.0,1080.0,989.7841186523438,90300.0,1057.25,1073.96,1021.6666666666666,,64.73029045643153,1102.12,17.146666666666647,,0.2965186074429771,1135.0,1080.0,1048.0,1080.0,114300.0
2020-05-28,1080.0,1094.0,1041.0,1064.0,975.1205444335938,82100.0,1053.7,1071.04,1025.8533333333332,,68.42105263157895,1105.74,17.453333333333262,,0.2773109243697478,1135.0,1080.0,1080.0,1048.0,90300.0
2020-05-29,1080.0,1132.0,1069.0,1105.0,1012.6956787109376,206300.0,1052.2,1069.76,1030.5866666666666,,70.96774193548387,1110.3,19.506666666666547,,0.2701149425287357,1135.0,1094.0,1064.0,1080.0,82100.0
2020-05-30,1080.0,1132.0,1069.0,1105.0,1012.6956787109376,206300.0,1050.7,1068.48,1035.48,,70.96774193548387,1114.96,21.653333333333308,,0.2291434927697442,1105.0,1132.0,1105.0,1080.0,206300.0
2020-05-31,1080.0,1132.0,1069.0,1105.0,1012.6956787109376,206300.0,1050.75,1067.2,1038.3733333333332,,70.96774193548387,1119.62,21.10666666666657,,0.2037037037037037,1105.0,1132.0,1105.0,1080.0,206300.0
2020-06-01,1132.0,1161.0,1117.0,1148.0,1052.1036376953125,242700.0,1057.85,1066.88,1041.88,,75.17241379310344,1125.14,20.21333333333348,,0.1896373056994817,1148.0,1132.0,1105.0,1080.0,206300.0
2020-06-02,1141.0,1174.0,1105.0,1166.0,1068.5999755859375,212900.0,1065.7,1068.12,1046.2933333333333,,76.62337662337663,1128.02,20.44000000000005,,0.3219954648526077,1166.0,1161.0,1148.0,1132.0,242700.0
2020-06-03,1182.0,1190.0,1142.0,1149.0,1053.0201416015625,125500.0,1074.15,1068.68,1050.48,,60.08968609865471,1128.94,19.89333333333343,,0.3027210884353741,1166.0,1174.0,1166.0,1141.0,212900.0
2020-06-04,1160.0,1190.0,1137.0,1155.0,1058.51904296875,156400.0,1081.85,1069.48,1054.746666666667,,64.81481481481481,1127.48,19.26666666666665,,0.3095238095238095,1166.0,1190.0,1149.0,1182.0,125500.0
2020-06-05,1156.0,1188.0,1122.0,1144.0,1048.4378662109375,129900.0,1089.0,1071.08,1058.8666666666666,,64.51612903225806,1124.64,20.49333333333334,,0.2407809110629066,1166.0,1190.0,1155.0,1160.0,156400.0
2020-06-06,1156.0,1188.0,1122.0,1144.0,1048.4378662109375,129900.0,1096.15,1076.6,1063.0,,64.51612903225806,1121.7,21.11999999999989,,0.2530120481927711,1166.0,1188.0,1144.0,1156.0,129900.0
2020-06-07,1156.0,1188.0,1122.0,1144.0,1048.4378662109375,129900.0,1103.25,1082.0,1065.8533333333332,,64.51612903225806,1118.76,19.559999999999945,,0.2955832389580974,1166.0,1188.0,1144.0,1156.0,129900.0
2020-06-08,1150.0,1178.0,1131.0,1175.0,1076.8485107421875,168600.0,1111.9,1089.8,1069.12,,72.76595744680851,1116.44,18.63999999999988,,0.339794754846066,1175.0,1188.0,1144.0,1156.0,129900.0
2020-06-09,1180.0,1188.0,1128.0,1143.0,1047.521484375,85200.0,1113.85,1095.48,1073.1333333333334,,69.23076923076923,1114.66,18.38666666666677,,0.3107798165137614,1175.0,1178.0,1175.0,1150.0,168600.0
2020-06-10,1149.0,1208.0,1147.0,1165.0,1067.6837158203125,190500.0,1117.55,1102.04,1077.56,,67.93248945147678,1115.06,18.693333333333385,,0.3360091743119267,1175.0,1188.0,1143.0,1180.0,85200.0
2020-06-11,1160.0,1222.0,1157.0,1201.0,1100.676513671875,320300.0,1123.55,1110.04,1082.4666666666667,,76.65369649805447,1114.98,19.466666666666697,,0.3772935779816513,1201.0,1208.0,1165.0,1149.0,190500.0
2020-06-12,1141.0,1182.0,1105.0,1145.0,1049.3544921875,267500.0,1126.75,1115.76,1086.6266666666668,,57.35294117647059,1113.44,20.77333333333354,,0.1203522504892367,1201.0,1222.0,1201.0,1160.0,320300.0
2020-06-13,1141.0,1182.0,1105.0,1145.0,1049.3544921875,267500.0,1129.95,1121.48,1090.2933333333333,,57.35294117647059,1112.18,21.173333333333403,,0.0380779691749773,1201.0,1182.0,1145.0,1141.0,267500.0
2020-06-14,1141.0,1182.0,1105.0,1145.0,1049.3544921875,267500.0,1133.8,1123.12,1093.5733333333333,,57.35294117647059,1110.92,20.439999999999827,,-0.0675895765472313,1201.0,1182.0,1145.0,1141.0,267500.0
2020-06-15,1165.0,1245.0,1165.0,1174.0,1075.931884765625,273100.0,1140.1,1126.44,1096.986666666667,,55.03875968992248,1110.24,19.426666666666733,,-0.0870917573872472,1201.0,1182.0,1145.0,1141.0,267500.0
2020-06-16,1200.0,1200.0,1150.0,1155.0,1058.51904296875,157500.0,1143.85,1129.4,1099.52,,47.87644787644788,1108.82,17.053333333333285,,-0.1053446940356312,1201.0,1245.0,1174.0,1165.0,273100.0
2020-06-17,1161.0,1167.0,1146.0,1150.0,1053.9366455078125,60200.0,1148.15,1132.16,1103.0933333333332,,50.20242914979757,1108.52,16.46666666666647,,-0.1092176607281177,1201.0,1200.0,1155.0,1200.0,157500.0
2020-06-18,1150.0,1160.0,1114.0,1155.0,1058.51904296875,77000.0,1150.65,1135.12,1106.7333333333331,,50.0,1108.32,16.440000000000055,,-0.1053446940356312,1201.0,1167.0,1150.0,1161.0,60200.0
2020-06-19,1157.0,1157.0,1129.0,1148.0,1052.1036376953125,83500.0,1152.8,1138.32,1110.28,,50.82644628099173,1109.06,16.706666666666706,,-0.0681818181818182,1201.0,1160.0,1155.0,1150.0,77000.0
2020-06-20,1157.0,1157.0,1129.0,1148.0,1052.1036376953125,83500.0,1154.95,1142.32,1113.2933333333333,,50.82644628099173,1109.28,16.306666666666615,,0.0026200873362445,1201.0,1157.0,1148.0,1157.0,83500.0
2020-06-21,1157.0,1157.0,1129.0,1148.0,1052.1036376953125,83500.0,1154.95,1145.04,1116.4266666666667,,50.82644628099173,1109.5,16.90666666666675,,-0.0473029045643154,1201.0,1157.0,1148.0,1157.0,83500.0
2020-06-22,1133.0,1165.0,1119.0,1163.0,1065.8507080078125,82200.0,1154.8,1149.0,1120.16,,47.34513274336283,1110.02,17.066666666666833,,-0.0482815057283142,1201.0,1157.0,1148.0,1157.0,83500.0
2020-06-23,1153.0,1155.0,1119.0,1122.0,1028.275634765625,105500.0,1153.45,1149.68,1123.4266666666667,,45.53191489361702,1109.72,16.693333333333385,,-0.0711920529801324,1201.0,1165.0,1163.0,1133.0,82200.0
2020-06-24,1129.0,1130.0,1093.0,1123.0,1029.192138671875,86400.0,1151.85,1150.4,1126.7733333333333,,40.18691588785047,1109.44,16.49333333333334,,-0.070364238410596,1201.0,1155.0,1122.0,1153.0,105500.0
2020-06-25,1114.0,1115.0,1091.0,1096.0,1004.4474487304688,69000.0,1149.45,1150.04,1129.76,,24.39024390243904,1108.62,16.466666666666697,,-0.0927152317880795,1201.0,1130.0,1123.0,1129.0,86400.0
2020-06-26,1091.0,1099.0,1035.0,1095.0,1003.531005859375,101300.0,1147.0,1147.92,1132.7333333333331,,33.33333333333333,1107.4,16.306666666666615,,-0.1068515497553017,1201.0,1115.0,1096.0,1114.0,69000.0
2020-06-27,1091.0,1099.0,1035.0,1095.0,1003.531005859375,101300.0,1144.55,1145.08,1133.7066666666667,,33.33333333333333,1106.6,13.546666666666624,,-0.0600858369098712,1201.0,1099.0,1095.0,1091.0,101300.0
2020-06-28,1091.0,1099.0,1035.0,1095.0,1003.531005859375,101300.0,1140.55,1142.92,1133.6,,33.33333333333333,1105.8,10.173333333333176,,-0.0600858369098712,1201.0,1099.0,1095.0,1091.0,101300.0
2020-06-29,1090.0,1111.0,1070.0,1076.0,986.1182250976562,48000.0,1137.2,1139.76,1131.5733333333333,,15.0,1104.62,4.7999999999999545,,-0.0315031503150314,1201.0,1099.0,1095.0,1091.0,101300.0
2020-06-30,1106.0,1114.0,1070.0,1095.0,1003.531005859375,48300.0,1133.7,1137.8,1129.0266666666666,,28.57142857142857,1104.44,-0.7333333333333485,,-0.0369393139841688,1201.0,1111.0,1076.0,1090.0,48000.0
2020-07-01,1087.0,1087.0,1043.0,1053.0,965.0394287109376,59300.0,1126.3,1134.16,1125.8533333333332,,22.598870056497177,1105.38,-6.880000000000109,,-0.0738786279683377,1174.0,1114.0,1095.0,1106.0,48300.0
2020-07-02,1048.0,1062.0,993.0,1041.0,954.0418090820312,102600.0,1121.1,1130.04,1122.52,,19.02173913043478,1106.02,-11.186666666666724,,-0.0844327176781002,1174.0,1087.0,1053.0,1087.0,59300.0
2020-07-03,1050.0,1053.0,1029.0,1045.0,957.7077026367188,49700.0,1116.1,1124.84,1119.24,,21.546961325966866,1107.32,-14.3599999999999,,-0.0809146877748461,1174.0,1062.0,1041.0,1048.0,102600.0
2020-07-04,1050.0,1053.0,1029.0,1045.0,957.7077026367188,49700.0,1111.1,1120.92,1116.746666666667,,21.546961325966866,1108.2,-14.826666666666595,,-0.0809146877748461,1174.0,1053.0,1045.0,1050.0,49700.0
2020-07-05,1050.0,1053.0,1029.0,1045.0,957.7077026367188,49700.0,1104.65,1116.12,1115.4133333333334,,21.546961325966866,1109.08,-13.61333333333323,,-0.0809146877748461,1163.0,1053.0,1045.0,1050.0,49700.0
2020-07-06,1068.0,1070.0,1040.0,1061.0,972.37109375,33900.0,1099.95,1110.52,1113.493333333333,,21.978021978021985,1110.28,-12.3599999999999,,-0.0821799307958477,1163.0,1053.0,1045.0,1050.0,49700.0
2020-07-07,1089.0,1147.0,1069.0,1132.0,1037.4403076171875,133100.0,1099.05,1110.0,1112.2933333333333,,52.35849056603774,1112.88,-10.226666666666688,,-0.0026431718061673,1163.0,1070.0,1061.0,1068.0,33900.0
2020-07-08,1130.0,1176.0,1116.0,1144.0,1048.4378662109375,112900.0,1098.5,1109.96,1111.44,,54.7085201793722,1115.72,-7.799999999999954,,0.0079295154185021,1163.0,1147.0,1132.0,1089.0,133100.0
2020-07-09,1165.0,1165.0,1071.0,1076.0,986.1182250976562,98300.0,1094.9,1107.2,1109.68,,46.21212121212121,1115.16,-7.066666666666606,,-0.0519823788546255,1163.0,1176.0,1144.0,1130.0,112900.0
2020-07-10,1070.0,1086.0,1030.0,1035.0,948.5430908203124,72100.0,1089.25,1101.64,1107.3733333333332,,40.13157894736842,1114.04,-8.040000000000191,,-0.0625,1163.0,1165.0,1076.0,1165.0,98300.0
2020-07-11,1070.0,1086.0,1030.0,1035.0,948.5430908203124,72100.0,1083.6,1096.84,1104.8266666666666,,40.13157894736842,1113.12,-8.666666666666742,,0.0288270377733599,1163.0,1086.0,1035.0,1070.0,72100.0
2020-07-12,1070.0,1086.0,1030.0,1035.0,948.5430908203124,72100.0,1077.2,1092.24,1103.0933333333332,,40.13157894736842,1112.2,-9.200000000000044,,0.0257680872150645,1144.0,1086.0,1035.0,1070.0,72100.0
2020-07-13,1040.0,1070.0,1020.0,1060.0,971.45458984375,43400.0,1074.1,1088.44,1101.6933333333334,,47.41935483870968,1111.78,-9.74666666666667,,0.0816326530612245,1144.0,1086.0,1035.0,1070.0,72100.0
2020-07-14,1050.0,1070.0,1017.0,1039.0,952.208984375,49900.0,1069.9,1084.08,1100.7333333333331,,41.02564102564102,1111.2,-8.946666666666715,,0.037962037962038,1144.0,1070.0,1060.0,1040.0,43400.0
2020-07-15,1039.0,1063.0,1029.0,1057.0,968.7052001953124,34400.0,1067.95,1080.44,1099.6666666666667,,50.69444444444444,1111.38,-7.706666666666479,,0.055944055944056,1144.0,1070.0,1039.0,1050.0,49900.0
2020-07-16,1054.0,1054.0,995.0,1010.0,925.6314086914062,79800.0,1063.7,1074.92,1097.9733333333334,,45.20123839009288,1109.98,-6.853333333333239,,0.008991008991009,1144.0,1063.0,1057.0,1039.0,34400.0
2020-07-17,1003.0,1033.0,999.0,1021.0,935.7124633789062,32900.0,1060.0,1069.24,1096.4266666666667,,46.36363636363636,1109.12,-6.666666666666515,,0.0189620758483033,1144.0,1054.0,1010.0,1054.0,79800.0
2020-07-18,1003.0,1033.0,999.0,1021.0,935.7124633789062,32900.0,1056.3,1065.2,1094.88,,46.36363636363636,1107.44,-6.813333333333276,,0.0189620758483033,1144.0,1033.0,1021.0,1003.0,32900.0
2020-07-19,1003.0,1033.0,999.0,1021.0,935.7124633789062,32900.0,1053.55,1061.12,1093.3333333333333,,46.36363636363636,1105.76,-7.400000000000091,,-0.0751811594202898,1144.0,1033.0,1021.0,1003.0,32900.0
2020-07-20,1006.0,1034.0,991.0,1019.0,933.8795776367188,43200.0,1049.75,1058.04,1091.76,,43.35443037974684,1104.04,-7.906666666666751,,-0.0659945004582951,1144.0,1033.0,1021.0,1003.0,32900.0
2020-07-21,1034.0,1055.0,1017.0,1041.0,954.0418090820312,59500.0,1049.15,1055.88,1090.2266666666667,,32.95880149812734,1101.9,-7.74666666666667,,-0.0370027752081406,1144.0,1034.0,1019.0,1006.0,43200.0
2020-07-22,1057.0,1067.0,1032.0,1045.0,957.7077026367188,26800.0,1049.35,1053.88,1089.0266666666666,,30.888030888030883,1099.48,-7.400000000000091,,-0.0333024976873265,1144.0,1055.0,1041.0,1034.0,59500.0
2020-07-23,1057.0,1067.0,1032.0,1045.0,957.7077026367188,26800.0,1049.35,1051.88,1087.8266666666666,,41.8848167539267,1097.4,-7.053333333333512,,-0.0333024976873265,1144.0,1067.0,1045.0,1057.0,26800.0
2020-07-24,1057.0,1067.0,1032.0,1045.0,957.7077026367188,26800.0,1049.35,1050.64,1086.6266666666668,,53.33333333333333,1095.2,-6.706666666666479,,-0.0215355805243445,1144.0,1067.0,1045.0,1057.0,26800.0
2020-07-25,1057.0,1067.0,1032.0,1045.0,957.7077026367188,26800.0,1049.35,1048.64,1085.84,,53.33333333333333,1093.22,-5.920000000000073,,-0.0028625954198473,1144.0,1067.0,1045.0,1057.0,26800.0
2020-07-26,1057.0,1067.0,1032.0,1045.0,957.7077026367188,26800.0,1048.55,1048.32,1086.36,,53.33333333333333,1091.24,-3.866666666666788,,-0.0324074074074074,1144.0,1067.0,1045.0,1057.0,26800.0
2020-07-27,1047.0,1099.0,1047.0,1071.0,981.5358276367188,71700.0,1045.5,1049.52,1087.1866666666667,,53.64238410596026,1089.78,-1.839999999999918,,0.006578947368421,1144.0,1067.0,1045.0,1057.0,26800.0
2020-07-28,1082.0,1082.0,1034.0,1039.0,952.208984375,41400.0,1040.25,1049.28,1087.9733333333334,,50.0,1087.06,0.1466666666667606,,-0.0597285067873303,1076.0,1099.0,1071.0,1047.0,71700.0
2020-07-29,1056.0,1116.0,1026.0,1104.0,1011.7792358398438,115000.0,1041.65,1051.64,1089.3466666666666,,61.24401913875598,1086.28,2.7199999999998,,-0.0009049773755656,1104.0,1082.0,1039.0,1082.0,41400.0
2020-07-30,1095.0,1120.0,1053.0,1104.0,1011.7792358398438,110500.0,1045.1,1054.0,1090.72,,79.01234567901234,1085.06,4.880000000000109,,-0.0009049773755656,1104.0,1116.0,1104.0,1056.0,115000.0
2020-07-31,1130.0,1162.0,1063.0,1084.0,993.449951171875,165100.0,1047.55,1054.92,1091.8266666666666,,68.42105263157895,1082.72,5.466666666666697,,-0.0557491289198606,1104.0,1120.0,1104.0,1095.0,110500.0
2020-08-01,1130.0,1162.0,1063.0,1084.0,993.449951171875,165100.0,1050.0,1053.0,1092.92,,68.42105263157895,1081.5,5.7333333333333485,,-0.0703259005145797,1104.0,1162.0,1084.0,1130.0,165100.0
2020-08-02,1130.0,1162.0,1063.0,1084.0,993.449951171875,165100.0,1051.2,1050.6,1094.013333333333,,68.42105263157895,1080.28,6.039999999999964,,-0.0565709312445604,1104.0,1162.0,1084.0,1130.0,165100.0
2020-08-03,1113.0,1239.0,1110.0,1226.0,1123.588134765625,463700.0,1060.55,1056.6,1095.64,,83.27974276527331,1081.9,6.293333333333521,,0.0614718614718614,1226.0,1162.0,1084.0,1130.0,165100.0
2020-08-04,1250.0,1320.0,1228.0,1276.0,1169.4114990234375,458000.0,1071.5,1066.24,1098.1066666666666,,84.66076696165192,1083.94,7.386666666666542,,0.1153846153846154,1276.0,1239.0,1226.0,1113.0,463700.0
2020-08-05,1282.0,1282.0,1231.0,1270.0,1163.9127197265625,208800.0,1084.5,1075.64,1100.6266666666668,,82.99120234604106,1086.24,8.800000000000182,,0.1101398601398602,1276.0,1320.0,1276.0,1250.0,458000.0
2020-08-06,1282.0,1335.0,1263.0,1320.0,1209.7359619140625,335100.0,1099.45,1087.04,1103.8133333333333,,85.16624040920716,1089.64,10.893333333333205,,0.1538461538461537,1320.0,1282.0,1270.0,1282.0,208800.0
2020-08-07,1315.0,1353.0,1231.0,1334.0,1222.5665283203125,645700.0,1115.1,1098.0,1107.1866666666667,,85.67901234567901,1093.22,13.173333333333405,,0.1353191489361702,1334.0,1335.0,1320.0,1282.0,335100.0
2020-08-08,1315.0,1353.0,1231.0,1334.0,1222.5665283203125,645700.0,1130.75,1109.8,1110.7333333333331,,85.67901234567901,1096.94,15.093333333333248,,0.1671041119860017,1334.0,1353.0,1334.0,1315.0,645700.0
2020-08-09,1315.0,1353.0,1231.0,1334.0,1222.5665283203125,645700.0,1146.5,1120.88,1114.5466666666666,,85.67901234567901,1100.66,16.440000000000055,,0.1450643776824034,1334.0,1353.0,1334.0,1315.0,645700.0
2020-08-10,1315.0,1353.0,1231.0,1334.0,1222.5665283203125,645700.0,1161.15,1133.84,1117.9333333333334,,84.69656992084433,1104.38,17.306666666666615,,0.1107410491257285,1334.0,1353.0,1334.0,1315.0,645700.0
2020-08-11,1124.0,1176.0,1063.0,1125.0,1031.02490234375,1026800.0,1165.15,1138.0,1118.746666666667,,57.733812949640296,1103.62,14.933333333333394,,-0.0174672489082969,1334.0,1353.0,1334.0,1315.0,645700.0
2020-08-12,1102.0,1114.0,1036.0,1039.0,952.208984375,443100.0,1164.85,1138.72,1117.8666666666666,,44.36741767764298,1101.96,10.679999999999836,,-0.0925764192139737,1334.0,1176.0,1125.0,1124.0,1026800.0
2020-08-13,1064.0,1064.0,1012.0,1040.0,953.1253051757812,335400.0,1164.6,1139.48,1117.0,,44.463667820069205,1100.3,6.266666666666652,,-0.0917030567685589,1334.0,1114.0,1039.0,1102.0,443100.0
2020-08-14,1046.0,1097.0,1041.0,1068.0,978.786376953125,289000.0,1165.75,1141.44,1116.506666666667,,48.634812286689424,1099.74,1.9600000000000364,,-0.090289608177172,1334.0,1064.0,1040.0,1064.0,335400.0
2020-08-15,1046.0,1097.0,1041.0,1068.0,978.786376953125,289000.0,1166.9,1142.52,1115.44,,48.634812286689424,1099.2,-2.4933333333333394,,-0.0753246753246753,1334.0,1097.0,1068.0,1046.0,289000.0
2020-08-16,1046.0,1097.0,1041.0,1068.0,978.786376953125,289000.0,1166.75,1143.44,1114.1333333333334,,48.634812286689424,1098.66,-4.61333333333323,,-0.0713043478260869,1334.0,1097.0,1068.0,1046.0,289000.0
2020-08-17,1108.0,1133.0,1061.0,1069.0,979.7030029296876,389800.0,1168.25,1144.4,1113.0666666666666,,32.35955056179776,1098.14,-4.7999999999999545,,-0.0744588744588744,1334.0,1097.0,1068.0,1046.0,289000.0
2020-08-18,1091.0,1091.0,1042.0,1061.0,972.37109375,253900.0,1166.1,1145.04,1111.8133333333333,,23.32506203473945,1097.84,-5.186666666666724,,-0.0757839721254355,1334.0,1133.0,1069.0,1108.0,389800.0
2020-08-19,1064.0,1099.0,1052.0,1099.0,1007.1968383789062,258300.0,1165.85,1147.2,1111.2133333333334,,30.34482758620689,1097.92,-5.293333333333294,,-0.0426829268292683,1334.0,1091.0,1061.0,1091.0,253900.0
2020-08-20,1122.0,1122.0,1067.0,1070.0,980.6194458007812,329600.0,1165.15,1148.2,1110.2266666666667,,19.806763285024147,1098.26,-5.213333333333367,,-0.0679442508710801,1334.0,1099.0,1099.0,1064.0,258300.0
2020-08-21,1084.0,1177.0,1076.0,1165.0,1067.6837158203125,607000.0,1169.2,1151.96,1110.506666666667,,32.92929292929293,1100.74,-3.626666666666779,,0.0017196904557179,1334.0,1122.0,1070.0,1122.0,329600.0
2020-08-22,1084.0,1177.0,1076.0,1165.0,1067.6837158203125,607000.0,1173.25,1157.0,1110.3733333333332,,32.92929292929293,1103.14,-2.693333333333385,,0.0383244206773618,1334.0,1177.0,1165.0,1084.0,607000.0
2020-08-23,1084.0,1177.0,1076.0,1165.0,1067.6837158203125,607000.0,1170.2,1159.44,1110.6666666666667,,32.92929292929293,1105.54,-1.1466666666665333,,0.0373998219056099,1334.0,1177.0,1165.0,1084.0,607000.0
2020-08-24,1209.0,1247.0,1176.0,1200.0,1099.7601318359375,655700.0,1166.4,1163.28,1111.1333333333334,,37.35849056603773,1108.64,-0.0799999999999272,,0.0948905109489051,1334.0,1177.0,1165.0,1084.0,607000.0
2020-08-25,1201.0,1224.0,1133.0,1150.0,1053.9366455078125,490800.0,1160.4,1165.92,1110.4533333333334,,53.36927223719677,1110.42,0.2266666666666879,,0.0502283105022831,1334.0,1247.0,1200.0,1209.0,655700.0
2020-08-26,1162.0,1195.0,1140.0,1187.0,1087.8460693359375,346800.0,1153.75,1170.04,1111.013333333333,,72.98136645962732,1111.52,0.5066666666666606,,0.0840182648401826,1334.0,1224.0,1150.0,1201.0,490800.0
2020-08-27,1176.0,1176.0,1131.0,1133.0,1038.356689453125,322000.0,1143.7,1172.0,1110.8533333333332,,62.400000000000006,1111.3,0.4800000000000182,,0.0347031963470318,1334.0,1195.0,1187.0,1162.0,346800.0
2020-08-28,1123.0,1123.0,1014.0,1036.0,949.4595336914062,650000.0,1128.8,1164.4,1109.4,,46.3963963963964,1110.5,-1.2666666666666515,,-0.037174721189591,1334.0,1176.0,1133.0,1176.0,322000.0
2020-08-29,1123.0,1123.0,1014.0,1036.0,949.4595336914062,650000.0,1113.9,1154.8,1107.56,,46.3963963963964,1110.52,-3.573333333333494,,-0.0538812785388127,1334.0,1123.0,1036.0,1123.0,650000.0
2020-08-30,1123.0,1123.0,1014.0,1036.0,949.4595336914062,650000.0,1099.0,1145.44,1105.9733333333334,,46.3963963963964,1110.54,-4.480000000000018,,-0.0161443494776828,1200.0,1123.0,1036.0,1123.0,650000.0
2020-08-31,1059.0,1073.0,1043.0,1044.0,956.7911987304688,231200.0,1094.95,1134.4,1104.56,,47.22838137472284,1110.72,-6.453333333333376,,0.0028818443804035,1200.0,1123.0,1036.0,1123.0,650000.0
2020-09-01,1041.0,1047.0,1013.0,1046.0,958.6242065429688,269700.0,1095.3,1122.88,1103.1066666666666,,48.31460674157304,1110.44,-7.74666666666667,,0.000956937799043,1200.0,1073.0,1044.0,1059.0,231200.0
2020-09-02,1045.0,1075.0,1028.0,1071.0,981.5358276367188,235300.0,1096.85,1112.36,1102.08,,46.75925925925927,1111.08,-7.320000000000164,,0.0248803827751196,1200.0,1047.0,1046.0,1041.0,269700.0
2020-09-03,1074.0,1113.0,1070.0,1089.0,998.0322875976562,341400.0,1097.9,1102.56,1101.2933333333333,,52.25653206650831,1111.72,-6.266666666666652,,0.0421052631578946,1200.0,1075.0,1071.0,1045.0,235300.0
2020-09-04,1055.0,1100.0,1053.0,1092.0,1000.7815551757812,204400.0,1099.1,1092.88,1100.5466666666666,,38.90577507598784,1113.36,-5.426666666666733,,0.0292177191328935,1200.0,1113.0,1089.0,1074.0,341400.0
2020-09-05,1055.0,1100.0,1053.0,1092.0,1000.7815551757812,204400.0,1100.3,1091.56,1099.6,,38.90577507598784,1114.78,-4.960000000000036,,-0.0353356890459364,1200.0,1100.0,1092.0,1055.0,204400.0
2020-09-06,1055.0,1100.0,1053.0,1092.0,1000.7815551757812,204400.0,1101.45,1093.68,1099.2,,38.90577507598784,1116.2,-3.906666666666524,,-0.0454545454545454,1200.0,1100.0,1092.0,1055.0,204400.0
2020-09-07,1100.0,1112.0,1072.0,1094.0,1002.6146240234376,179300.0,1103.1,1095.84,1098.8133333333333,,32.0945945945946,1117.66,-3.2666666666666515,,0.0167286245353159,1200.0,1100.0,1092.0,1055.0,204400.0
2020-09-08,1103.0,1103.0,1050.0,1063.0,974.2041015625,172900.0,1101.3,1095.64,1098.3733333333332,,34.296028880866416,1118.54,-2.9200000000000728,,0.0270531400966183,1200.0,1112.0,1094.0,1100.0,179300.0
2020-09-09,1045.0,1087.0,1040.0,1085.0,994.366455078125,153200.0,1102.05,1096.32,1098.24,,30.534351145038173,1119.42,-2.306666666666615,,0.0483091787439613,1200.0,1103.0,1063.0,1103.0,172900.0
2020-09-10,1080.0,1090.0,1044.0,1050.0,962.2900390625,158900.0,1096.3,1095.6,1097.64,,32.92181069958848,1119.52,-1.959999999999809,,0.0144927536231884,1200.0,1087.0,1085.0,1045.0,153200.0
2020-09-11,1041.0,1079.0,1035.0,1076.0,986.1182250976562,128600.0,1091.85,1095.88,1097.3866666666668,1050.18,61.627906976744185,1120.14,-1.813333333333276,,0.0150943396226415,1200.0,1090.0,1050.0,1080.0,158900.0
2020-09-12,1041.0,1079.0,1035.0,1076.0,986.1182250976562,128600.0,1087.4,1096.48,1097.3866666666668,1052.065,61.627906976744185,1120.76,-1.426666666666506,,0.0356111645813281,1200.0,1079.0,1076.0,1041.0,128600.0
2020-09-13,1041.0,1079.0,1035.0,1076.0,986.1182250976562,128600.0,1081.2,1095.56,1097.1333333333334,1053.45,61.627906976744185,1121.38,-1.2399999999997815,,0.0179754020813622,1187.0,1079.0,1076.0,1041.0,128600.0
2020-09-14,1071.0,1091.0,1047.0,1087.0,996.1993408203124,145700.0,1078.05,1096.24,1097.5866666666666,1054.59,62.285714285714285,1122.22,-0.6533333333334213,,0.0762376237623763,1187.0,1079.0,1076.0,1041.0,128600.0
2020-09-15,1086.0,1095.0,1067.0,1089.0,998.0322875976562,103700.0,1073.15,1093.2,1098.2266666666667,1056.115,62.285714285714285,1122.58,0.5866666666665878,,0.0666013712047013,1133.0,1091.0,1087.0,1071.0,145700.0
2020-09-16,1093.0,1131.0,1081.0,1118.0,1024.6097412109375,236400.0,1072.4,1091.32,1099.2,1057.785,63.12849162011173,1124.16,1.813333333333276,7.605000000000018,0.0950048971596473,1118.0,1095.0,1089.0,1086.0,103700.0
2020-09-17,1123.0,1138.0,1102.0,1129.0,1034.6907958984375,156900.0,1077.05,1089.88,1100.32,1059.51,61.627906976744185,1124.66,2.9333333333331666,7.444999999999936,0.1057786483839373,1129.0,1131.0,1118.0,1093.0,236400.0
2020-09-18,1130.0,1130.0,1091.0,1098.0,1006.2804565429688,132200.0,1080.15,1085.8,1101.0266666666666,1060.785,51.49999999999999,1124.54,3.893333333333203,7.335000000000036,0.0775269872423944,1129.0,1138.0,1129.0,1123.0,156900.0
2020-09-19,1130.0,1130.0,1091.0,1098.0,1006.2804565429688,132200.0,1083.25,1083.72,1101.52,1061.94,51.49999999999999,1124.82,3.933333333333394,7.350000000000136,0.0547550432276657,1129.0,1130.0,1098.0,1130.0,132200.0
2020-09-20,1130.0,1130.0,1091.0,1098.0,1006.2804565429688,132200.0,1085.95,1080.16,1101.0666666666666,1063.12,51.49999999999999,1125.1,2.839999999999918,7.004999999999882,0.0507177033492822,1129.0,1130.0,1098.0,1130.0,132200.0
2020-09-21,1130.0,1130.0,1091.0,1098.0,1006.2804565429688,132200.0,1088.55,1078.76,1100.4533333333334,1064.185,51.010101010101,1125.38,1.2533333333333303,6.399999999999864,0.0507177033492822,1129.0,1130.0,1098.0,1130.0,132200.0
2020-09-22,1130.0,1130.0,1091.0,1098.0,1006.2804565429688,132200.0,1089.9,1081.24,1100.746666666667,1065.585,60.47904191616767,1122.82,0.4266666666667333,6.0750000000000455,0.0507177033492822,1129.0,1130.0,1098.0,1130.0,132200.0
2020-09-23,1117.0,1165.0,1112.0,1153.0,1056.6861572265625,287500.0,1093.1,1085.92,1102.32,1067.26,67.0,1120.36,1.293333333333294,6.474999999999909,0.1033492822966506,1153.0,1130.0,1098.0,1130.0,132200.0
2020-09-24,1144.0,1168.0,1123.0,1126.0,1031.9415283203125,198600.0,1094.8,1089.52,1103.5333333333333,1068.8,69.79166666666666,1117.48,2.013333333333321,6.8599999999999,0.0775119617224879,1153.0,1165.0,1153.0,1117.0,287500.0
2020-09-25,1144.0,1194.0,1129.0,1193.0,1093.3448486328125,209900.0,1099.85,1095.48,1105.64,1070.815,75.10729613733906,1114.94,4.573333333333494,7.695000000000164,0.1139122315592904,1193.0,1168.0,1126.0,1144.0,198600.0
2020-09-26,1144.0,1194.0,1129.0,1193.0,1093.3448486328125,209900.0,1104.9,1101.36,1107.4133333333334,1072.38,75.10729613733906,1112.12,6.960000000000036,8.195000000000164,0.1482194417709335,1193.0,1194.0,1193.0,1144.0,209900.0
2020-09-27,1144.0,1194.0,1129.0,1193.0,1093.3448486328125,209900.0,1109.85,1106.24,1109.4666666666667,1074.035,75.10729613733906,1109.3,8.720000000000027,8.450000000000045,0.0806159420289855,1193.0,1194.0,1193.0,1144.0,209900.0
2020-09-28,1199.0,1199.0,1139.0,1173.0,1075.0155029296875,296200.0,1115.35,1109.6,1111.013333333333,1075.95,67.76859504132231,1106.08,8.693333333333385,8.690000000000055,0.0625,1193.0,1194.0,1193.0,1144.0,209900.0
2020-09-29,1185.0,1225.0,1179.0,1220.0,1118.08935546875,304800.0,1122.1,1114.72,1113.8133333333333,1078.3,72.82229965156795,1103.8,10.279999999999973,9.5,0.1254612546125462,1220.0,1199.0,1173.0,1199.0,296200.0
2020-09-30,1231.0,1255.0,1208.0,1222.0,1119.92236328125,320800.0,1130.7,1119.92,1116.493333333333,1080.66,70.0,1105.74,10.85333333333324,9.845000000000027,0.1273062730627305,1222.0,1225.0,1220.0,1185.0,304800.0
2020-10-01,1231.0,1255.0,1208.0,1222.0,1119.92236328125,320800.0,1138.0,1125.12,1119.1733333333334,1083.02,68.67469879518072,1109.4,11.759999999999993,10.639999999999873,0.1273062730627305,1222.0,1255.0,1222.0,1231.0,320800.0
2020-10-02,1228.0,1237.0,1140.0,1155.0,1058.51904296875,346500.0,1141.95,1127.56,1120.96,1085.105,60.0,1111.7,11.49333333333334,11.069999999999936,-0.0579119086460032,1222.0,1255.0,1222.0,1231.0,320800.0
2020-10-03,1228.0,1237.0,1140.0,1155.0,1058.51904296875,346500.0,1145.9,1131.24,1122.7733333333333,1086.44,60.0,1113.44,11.759999999999993,10.490000000000007,-0.0948275862068965,1222.0,1237.0,1155.0,1228.0,346500.0
2020-10-04,1228.0,1237.0,1140.0,1155.0,1058.51904296875,346500.0,1149.3,1134.04,1124.2933333333333,1087.79,60.0,1115.18,10.480000000000018,9.490000000000007,-0.0905511811023621,1222.0,1237.0,1155.0,1228.0,346500.0
2020-10-05,1183.0,1209.0,1144.0,1209.0,1108.0081787109375,211900.0,1155.3,1140.4,1126.48,1089.66,66.3716814159292,1118.0,9.98666666666668,9.0,-0.0840909090909091,1222.0,1237.0,1155.0,1228.0,346500.0
2020-10-06,1209.0,1209.0,1168.0,1197.0,1097.0106201171875,156900.0,1159.25,1145.24,1128.506666666667,1091.47,64.1025641025641,1120.56,9.333333333333258,8.450000000000045,-0.1026986506746626,1222.0,1209.0,1209.0,1183.0,211900.0
2020-10-07,1187.0,1195.0,1163.0,1180.0,1081.4306640625,140500.0,1161.8,1149.4,1130.3066666666666,1093.195,54.31309904153355,1122.94,9.34666666666658,8.089999999999918,-0.1154422788605696,1222.0,1209.0,1197.0,1209.0,156900.0
2020-10-08,1178.0,1180.0,1152.0,1154.0,1057.6025390625,129300.0,1164.6,1152.52,1131.76,1094.79,54.48717948717948,1124.04,8.986666666666679,8.349999999999909,-0.1349325337331334,1222.0,1195.0,1180.0,1187.0,140500.0
2020-10-09,1169.0,1199.0,1141.0,1194.0,1094.26123046875,214300.0,1169.4,1156.8,1133.746666666667,1096.59,50.17543859649123,1126.52,9.453333333333376,8.799999999999955,-0.1049475262368815,1222.0,1180.0,1154.0,1178.0,129300.0
2020-10-10,1169.0,1199.0,1141.0,1194.0,1094.26123046875,214300.0,1174.2,1161.0,1135.3866666666668,1097.91,50.17543859649123,1127.1,8.906666666666752,8.25,0.0613333333333332,1222.0,1199.0,1194.0,1169.0,214300.0
2020-10-11,1169.0,1199.0,1141.0,1194.0,1094.26123046875,214300.0,1179.0,1164.04,1137.4533333333334,1099.23,50.17543859649123,1127.68,8.946666666666715,7.759999999999991,0.149181905678537,1222.0,1199.0,1194.0,1169.0,214300.0
2020-10-12,1192.0,1217.0,1165.0,1180.0,1081.4306640625,115200.0,1183.1,1166.08,1138.4666666666667,1100.92,51.25448028673836,1127.98,8.160000000000082,7.725000000000136,0.1346153846153845,1222.0,1199.0,1194.0,1169.0,214300.0
2020-10-13,1195.0,1214.0,1170.0,1193.0,1093.3448486328125,118700.0,1185.1,1169.88,1139.6533333333334,1102.72,44.48979591836735,1127.84,7.89333333333343,7.930000000000064,0.1170411985018726,1222.0,1217.0,1180.0,1192.0,115200.0
2020-10-14,1183.0,1226.0,1183.0,1225.0,1122.671630859375,168800.0,1190.05,1174.96,1141.5333333333333,1104.68,50.54545454545456,1129.34,7.786666666666633,8.090000000000146,0.1470037453183521,1225.0,1214.0,1193.0,1195.0,118700.0
2020-10-15,1234.0,1234.0,1175.0,1187.0,1087.8460693359375,144600.0,1189.75,1178.52,1142.9066666666668,1106.45,44.40894568690096,1129.34,7.519999999999982,8.539999999999964,0.1114232209737828,1225.0,1226.0,1225.0,1183.0,168800.0
2020-10-16,1171.0,1196.0,1147.0,1162.0,1064.9344482421875,167900.0,1188.2,1181.08,1143.9466666666667,1107.91,51.29151291512915,1129.92,6.493333333333339,8.680000000000064,0.0869971936389149,1225.0,1234.0,1187.0,1234.0,144600.0
2020-10-17,1171.0,1196.0,1147.0,1162.0,1064.9344482421875,167900.0,1186.65,1183.64,1143.0933333333332,1109.225,51.29151291512915,1132.44,4.626666666666552,8.304999999999836,0.0951932139491045,1225.0,1196.0,1162.0,1171.0,167900.0
2020-10-18,1171.0,1196.0,1147.0,1162.0,1064.9344482421875,167900.0,1186.1,1184.0,1141.5733333333333,1110.445,51.29151291512915,1134.96,1.9199999999998447,7.724999999999909,0.0573248407643312,1225.0,1196.0,1162.0,1171.0,167900.0
2020-10-19,1170.0,1189.0,1156.0,1175.0,1076.8485107421875,88800.0,1183.85,1185.96,1140.3066666666666,1111.495,42.60869565217392,1137.74,-1.226666666666688,6.814999999999827,0.0981308411214954,1225.0,1196.0,1162.0,1171.0,167900.0
2020-10-20,1154.0,1165.0,1114.0,1131.0,1036.523681640625,219500.0,1179.3,1183.48,1137.7866666666666,1112.74,37.40458015267176,1139.48,-5.120000000000118,6.289999999999964,-0.0291845493562231,1225.0,1189.0,1175.0,1170.0,88800.0
2020-10-21,1118.0,1125.0,1084.0,1093.0,1001.6981811523438,199400.0,1172.85,1179.48,1134.5733333333333,1113.795,34.62897526501766,1140.42,-9.373333333333449,5.884999999999991,-0.0618025751072961,1225.0,1165.0,1131.0,1154.0,219500.0
2020-10-22,1090.0,1090.0,1047.0,1068.0,978.786376953125,166100.0,1168.5,1174.48,1131.0266666666666,1114.725,34.751773049645394,1140.36,-12.066666666666606,5.5,-0.0832618025751072,1225.0,1125.0,1093.0,1118.0,199400.0
2020-10-23,1065.0,1065.0,1013.0,1058.0,969.6217041015624,200500.0,1163.65,1169.88,1127.3466666666666,1115.405,23.01587301587301,1139.74,-14.226666666666688,4.960000000000036,-0.1183333333333332,1225.0,1090.0,1068.0,1090.0,166100.0
2020-10-24,1065.0,1065.0,1013.0,1058.0,969.6217041015624,200500.0,1158.8,1163.4,1123.6666666666667,1116.13,23.01587301587301,1139.06,-16.639999999999873,4.635000000000218,-0.0799999999999999,1225.0,1065.0,1058.0,1065.0,200500.0
2020-10-25,1065.0,1065.0,1013.0,1058.0,969.6217041015624,200500.0,1151.25,1156.84,1122.7733333333333,1117.005,23.01587301587301,1138.38,-15.01333333333332,4.2650000000001,-0.1086773378264532,1225.0,1065.0,1058.0,1065.0,200500.0
2020-10-26,1066.0,1076.0,1032.0,1050.0,962.2900390625,139300.0,1143.9,1149.96,1122.92,1117.87,23.577235772357724,1137.54,-11.653333333333194,4.074999999999818,-0.0732568402471315,1225.0,1065.0,1058.0,1065.0,200500.0
2020-10-27,1022.0,1055.0,1004.0,1055.0,966.8722534179688,139600.0,1137.65,1145.96,1123.12,1118.785,21.00840336134453,1136.76,-7.906666666666751,4.060000000000173,0.0183397683397683,1225.0,1076.0,1050.0,1066.0,139300.0
2020-10-28,1050.0,1084.0,1042.0,1075.0,985.20166015625,106200.0,1133.7,1142.76,1123.2133333333334,1119.8,16.8141592920354,1137.0,-4.133333333333212,4.394999999999982,0.0376447876447876,1225.0,1055.0,1055.0,1022.0,139600.0
2020-10-29,1053.0,1077.0,1034.0,1059.0,970.5382690429688,112800.0,1126.95,1138.92,1123.0933333333332,1120.735,18.627450980392155,1136.48,-0.573333333333494,4.604999999999791,0.0222007722007722,1225.0,1084.0,1075.0,1050.0,106200.0
2020-10-30,1070.0,1103.0,1049.0,1053.0,965.0394287109376,147100.0,1119.9,1132.68,1122.8933333333334,1120.89,20.540540540540547,1136.54,0.1200000000001182,3.884999999999991,0.0086206896551723,1225.0,1077.0,1059.0,1053.0,112800.0
2020-10-31,1070.0,1103.0,1049.0,1053.0,965.0394287109376,147100.0,1112.85,1126.92,1122.68,1120.64,20.540540540540547,1136.08,-0.2400000000000091,2.770000000000209,0.0066921606118546,1225.0,1103.0,1053.0,1070.0,147100.0
2020-11-01,1070.0,1103.0,1049.0,1053.0,965.0394287109376,147100.0,1106.5,1121.84,1122.5733333333333,1119.765,20.540540540540547,1135.62,-0.5466666666666242,0.9800000000000182,-0.0168067226890756,1225.0,1103.0,1053.0,1070.0,147100.0
2020-11-02,1055.0,1070.0,1027.0,1060.0,971.45458984375,119100.0,1099.85,1118.08,1122.0533333333333,1118.635,17.87709497206704,1135.3,-1.160000000000082,-1.1649999999999636,-0.0266299357208448,1225.0,1103.0,1053.0,1070.0,147100.0
2020-11-03,1055.0,1070.0,1027.0,1060.0,971.45458984375,119100.0,1091.6,1112.72,1121.92,1117.48,23.70370370370369,1134.76,-1.1733333333331757,-3.2549999999998818,-0.0293040293040293,1187.0,1070.0,1060.0,1055.0,119100.0
2020-11-04,1087.0,1094.0,1051.0,1094.0,1002.6146240234376,118000.0,1086.95,1108.72,1120.9733333333334,1116.495,50.38167938931298,1134.86,-1.9200000000000728,-4.395000000000209,0.0018315018315018,1175.0,1070.0,1060.0,1055.0,119100.0
2020-11-05,1096.0,1107.0,1077.0,1096.0,1004.4474487304688,130000.0,1083.65,1104.8,1120.0533333333333,1115.52,62.96296296296296,1134.42,-2.626666666666779,-5.120000000000118,0.0036630036630036,1175.0,1094.0,1094.0,1087.0,118000.0
2020-11-06,1099.0,1105.0,1085.0,1100.0,1008.1134033203124,67600.0,1080.55,1101.6,1119.1866666666667,1114.86,70.58823529411765,1133.84,-3.3866666666665424,-4.9050000000002,0.0054844606946984,1175.0,1107.0,1096.0,1096.0,130000.0
2020-11-07,1099.0,1105.0,1085.0,1100.0,1008.1134033203124,67600.0,1077.45,1097.88,1117.8533333333332,1114.635,70.58823529411765,1133.88,-4.2000000000000455,-4.0,0.0348071495766697,1175.0,1105.0,1100.0,1099.0,67600.0
2020-11-08,1099.0,1105.0,1085.0,1100.0,1008.1134033203124,67600.0,1073.7,1092.88,1117.1866666666667,1114.11,70.58823529411765,1133.92,-4.7333333333333485,-3.3700000000001182,0.0138248847926267,1131.0,1105.0,1100.0,1099.0,67600.0
2020-11-09,1130.0,1147.0,1120.0,1146.0,1050.2708740234375,194800.0,1074.45,1091.24,1116.64,1113.73,84.28571428571429,1134.88,-4.3333333333332575,-2.7649999999998727,0.0914285714285714,1146.0,1105.0,1100.0,1099.0,67600.0
2020-11-10,1125.0,1128.0,1061.0,1073.0,983.3687133789062,257500.0,1073.45,1087.68,1115.84,1113.055,54.32692307692307,1134.38,-4.213333333333367,-2.464999999999918,-0.0027881040892193,1146.0,1147.0,1146.0,1130.0,194800.0
2020-11-11,1061.0,1088.0,1024.0,1082.0,991.6170654296876,154400.0,1074.15,1084.48,1116.4533333333334,1112.425,51.77664974619289,1134.06,-2.7333333333333485,-2.434999999999945,0.0055762081784387,1146.0,1128.0,1073.0,1125.0,257500.0
2020-11-12,1084.0,1114.0,1068.0,1093.0,1001.6981811523438,155700.0,1075.9,1081.72,1117.2133333333334,1111.85,58.85416666666666,1132.86,-0.6399999999998727,-2.785000000000082,0.0157992565055762,1146.0,1088.0,1082.0,1061.0,154400.0
2020-11-13,1108.0,1122.0,1090.0,1109.0,1016.3614501953124,276700.0,1078.45,1079.08,1118.1866666666667,1111.265,63.86138613861385,1132.52,1.0,-2.8449999999998,0.0202391904323826,1146.0,1114.0,1093.0,1084.0,155700.0
2020-11-14,1108.0,1122.0,1090.0,1109.0,1016.3614501953124,276700.0,1081.0,1078.2,1119.0533333333333,1110.985,63.86138613861385,1130.84,2.413333333333185,-2.7450000000001182,0.0183654729109274,1146.0,1122.0,1109.0,1108.0,276700.0
2020-11-15,1108.0,1122.0,1090.0,1109.0,1016.3614501953124,276700.0,1083.95,1078.84,1119.8933333333334,1110.705,63.86138613861385,1129.16,4.053333333333512,-2.3500000000001364,-0.0080500894454382,1146.0,1122.0,1109.0,1108.0,276700.0
2020-11-16,1109.0,1109.0,1027.0,1040.0,953.1253051757812,413100.0,1083.2,1077.72,1119.48,1110.35,46.21212121212121,1126.1,3.0266666666666424,-2.075000000000045,-0.0788308237378211,1146.0,1122.0,1109.0,1108.0,276700.0
2020-11-17,1048.0,1096.0,1035.0,1050.0,962.2900390625,222300.0,1081.95,1077.4,1118.96,1109.915,48.17518248175183,1123.64,1.7466666666666697,-1.9349999999999448,-0.0437158469945355,1146.0,1109.0,1040.0,1109.0,413100.0
2020-11-18,1050.0,1074.0,1042.0,1057.0,968.7052001953124,111300.0,1081.85,1077.36,1118.493333333333,1109.515,42.51012145748988,1120.38,0.3066666666666151,-1.75,-0.0373406193078323,1146.0,1096.0,1050.0,1048.0,222300.0
2020-11-19,1043.0,1073.0,1032.0,1067.0,977.8699340820312,144600.0,1082.55,1077.72,1118.16,1109.165,44.31372549019608,1117.28,-0.893333333333203,-1.8199999999999363,-0.0282331511839708,1146.0,1074.0,1057.0,1050.0,111300.0
2020-11-20,1051.0,1076.0,1051.0,1062.0,973.2875366210938,80000.0,1083.0,1078.2,1117.76,1108.79,42.578125,1114.08,-2.1333333333334394,-1.914999999999964,-0.0327868852459016,1146.0,1073.0,1067.0,1043.0,144600.0
2020-11-21,1051.0,1076.0,1051.0,1062.0,973.2875366210938,80000.0,1083.45,1078.48,1117.3333333333333,1108.415,42.578125,1112.22,-2.1466666666667606,-1.9349999999999448,-0.0327868852459016,1146.0,1076.0,1062.0,1051.0,80000.0
2020-11-22,1051.0,1076.0,1051.0,1062.0,973.2875366210938,80000.0,1083.55,1077.96,1117.32,1108.04,42.578125,1110.36,-1.6400000000001,-1.875,-0.0789245446660884,1146.0,1076.0,1062.0,1051.0,80000.0
2020-11-23,1051.0,1076.0,1051.0,1062.0,973.2875366210938,80000.0,1083.65,1078.08,1117.013333333333,1107.57,30.0,1108.5,-1.4800000000000182,-1.945000000000164,-0.0568383658969804,1146.0,1076.0,1062.0,1051.0,80000.0
2020-11-24,1064.0,1107.0,1064.0,1090.0,998.9486083984376,128300.0,1083.45,1079.56,1117.5466666666666,1107.345,55.15151515151516,1106.12,-0.6133333333334576,-1.8199999999999363,-0.0863369656328583,1146.0,1076.0,1062.0,1051.0,80000.0
2020-11-25,1086.0,1107.0,1075.0,1084.0,993.449951171875,90200.0,1082.85,1080.8,1117.6533333333334,1107.09,50.617283950617285,1103.86,-0.1066666666665696,-1.7000000000000457,-0.0913663034367141,1146.0,1107.0,1090.0,1064.0,128300.0
2020-11-26,1092.0,1092.0,1062.0,1066.0,976.9534301757812,55400.0,1081.15,1081.32,1117.52,1106.745,42.01183431952663,1101.58,0.1866666666667242,-1.6700000000000728,-0.1064543168482816,1146.0,1107.0,1084.0,1086.0,90200.0
2020-11-27,1070.0,1089.0,1045.0,1086.0,995.2827758789062,111200.0,1080.45,1082.36,1117.6533333333334,1106.655,43.35260115606937,1100.22,0.3333333333334849,-1.384999999999991,-0.0741687979539642,1146.0,1092.0,1066.0,1092.0,55400.0
2020-11-28,1070.0,1089.0,1045.0,1086.0,995.2827758789062,111200.0,1079.75,1083.4,1117.64,1107.055,43.35260115606937,1098.06,0.6266666666667788,-0.5149999999998727,-0.1098360655737704,1146.0,1089.0,1086.0,1070.0,111200.0
2020-11-29,1070.0,1089.0,1045.0,1086.0,995.2827758789062,111200.0,1076.75,1083.08,1117.6,1107.44,43.35260115606937,1095.9,0.0533333333332848,0.0950000000000272,-0.111292962356792,1109.0,1089.0,1086.0,1070.0,111200.0
2020-11-30,1105.0,1140.0,1091.0,1111.0,1018.1944580078124,208600.0,1078.65,1083.68,1117.506666666667,1108.095,77.51937984496124,1094.24,-0.1466666666667606,1.0050000000001091,-0.0908346972176759,1111.0,1089.0,1086.0,1070.0,111200.0
2020-12-01,1127.0,1174.0,1099.0,1170.0,1072.2659912109375,365300.0,1083.05,1086.48,1118.0533333333333,1108.94,83.70786516853933,1094.04,0.533333333333303,2.195000000000164,0.0129870129870128,1170.0,1140.0,1111.0,1105.0,208600.0
2020-12-02,1180.0,1180.0,1137.0,1142.0,1046.6048583984375,219900.0,1085.5,1088.16,1118.64,1109.645,71.35678391959799,1093.02,0.9866666666666788,2.990000000000009,-0.0112554112554112,1170.0,1174.0,1170.0,1127.0,365300.0
2020-12-03,1140.0,1140.0,1086.0,1096.0,1004.4474487304688,260600.0,1084.85,1088.0,1118.6133333333332,1110.12,56.17021276595745,1090.44,0.9733333333331302,3.064999999999827,-0.051082251082251,1170.0,1180.0,1142.0,1180.0,219900.0
2020-12-04,1093.0,1093.0,1067.0,1078.0,987.9511108398438,136800.0,1083.3,1085.28,1118.3466666666666,1110.5,53.2258064516129,1088.26,0.7466666666666697,3.059999999999945,-0.108354011579818,1170.0,1140.0,1096.0,1140.0,260600.0
2020-12-05,1093.0,1093.0,1067.0,1078.0,987.9511108398438,136800.0,1081.75,1085.48,1118.08,1110.88,53.2258064516129,1086.58,0.5733333333332666,2.785000000000082,-0.0994152046783626,1170.0,1093.0,1078.0,1093.0,136800.0
2020-12-06,1093.0,1093.0,1067.0,1078.0,987.9511108398438,136800.0,1083.65,1085.32,1117.8133333333333,1110.75,53.2258064516129,1084.9,-0.2400000000000091,1.8099999999999448,-0.0864406779661016,1170.0,1093.0,1078.0,1093.0,136800.0
2020-12-07,1075.0,1078.0,1036.0,1036.0,949.4595336914062,153100.0,1082.95,1083.04,1116.253333333333,1110.475,45.51724137931034,1082.38,-2.3866666666667697,0.8299999999999272,-0.1022530329289428,1170.0,1093.0,1078.0,1093.0,136800.0
2020-12-08,1040.0,1055.0,1018.0,1039.0,952.208984375,92000.0,1082.05,1080.24,1115.0933333333332,1110.265,40.37735849056604,1079.66,-3.519999999999982,0.1450000000002091,-0.1298157453936348,1170.0,1078.0,1036.0,1075.0,153100.0
2020-12-09,1035.0,1046.0,1021.0,1030.0,943.960693359375,109300.0,1080.2,1077.08,1112.92,1110.01,39.92537313432836,1077.64,-5.426666666666506,-0.4900000000000091,-0.1373534338358458,1170.0,1055.0,1039.0,1040.0,92000.0
2020-12-10,1028.0,1036.0,1008.0,1024.0,938.4619140625,118000.0,1078.3,1073.68,1110.6666666666667,1109.725,41.79687500000001,1076.26,-7.413333333333185,-1.1550000000002,-0.1423785594639866,1170.0,1046.0,1030.0,1035.0,109300.0
2020-12-11,1024.0,1059.0,1024.0,1048.0,960.45703125,95000.0,1077.6,1074.0,1108.7333333333331,1109.625,42.6923076923077,1075.86,-9.079999999999927,-1.125,-0.111864406779661,1170.0,1036.0,1024.0,1028.0,118000.0
2020-12-12,1024.0,1059.0,1024.0,1048.0,960.45703125,95000.0,1076.9,1073.92,1107.0666666666666,1109.625,42.6923076923077,1075.66,-9.186666666666724,-0.849999999999909,-0.1215423302598491,1170.0,1059.0,1048.0,1024.0,95000.0
2020-12-13,1024.0,1059.0,1024.0,1048.0,960.45703125,95000.0,1076.2,1073.56,1104.7733333333333,1109.465,42.6923076923077,1075.46,-10.319999999999936,-0.8000000000001819,-0.1444897959183673,1170.0,1059.0,1048.0,1024.0,95000.0
2020-12-14,1068.0,1068.0,1044.0,1044.0,956.7911987304688,88200.0,1073.9,1072.64,1102.4,1109.365,35.98326359832636,1075.18,-10.519999999999982,-0.6449999999999818,-0.1204717775905644,1170.0,1059.0,1048.0,1024.0,95000.0
2020-12-15,1050.0,1057.0,1032.0,1039.0,952.208984375,51400.0,1071.65,1071.72,1099.96,1109.035,14.594594594594597,1074.96,-10.706666666666706,-0.6899999999998272,-0.1058519793459552,1170.0,1068.0,1044.0,1068.0,88200.0
2020-12-16,1056.0,1058.0,1030.0,1055.0,966.8722534179688,56300.0,1071.1,1071.44,1098.6266666666668,1108.785,24.85549132947976,1074.96,-10.10666666666657,-0.8399999999999181,-0.0920826161790017,1170.0,1057.0,1039.0,1050.0,51400.0
2020-12-17,1055.0,1082.0,1041.0,1082.0,991.6170654296876,132800.0,1070.9,1072.24,1097.6533333333334,1108.67,45.45454545454546,1075.1,-9.413333333333185,-0.9549999999999272,-0.0688468158347676,1170.0,1058.0,1055.0,1056.0,56300.0
2020-12-18,1073.0,1078.0,1042.0,1049.0,961.37353515625,111500.0,1069.05,1071.72,1096.24,1108.175,41.42011834319527,1074.9,-8.533333333333303,-1.2899999999999636,-0.1072340425531914,1170.0,1082.0,1082.0,1055.0,132800.0
2020-12-19,1073.0,1078.0,1042.0,1049.0,961.37353515625,111500.0,1067.2,1070.08,1094.1066666666666,1107.59,41.42011834319527,1074.82,-8.293333333333521,-1.775000000000091,-0.0725022104332449,1170.0,1078.0,1049.0,1073.0,111500.0
2020-12-20,1073.0,1078.0,1042.0,1049.0,961.37353515625,111500.0,1064.1,1068.68,1092.1333333333334,1107.09,41.42011834319527,1074.74,-7.826666666666597,-1.945000000000164,-0.0402561756633119,1170.0,1078.0,1049.0,1073.0,111500.0
2020-12-21,1050.0,1058.0,1038.0,1051.0,963.20654296875,78800.0,1058.15,1068.08,1090.4133333333334,1106.57,55.8139534883721,1074.7,-8.213333333333367,-2.215000000000145,-0.0159176029962546,1142.0,1078.0,1049.0,1073.0,111500.0
2020-12-22,1053.0,1053.0,1010.0,1012.0,927.4642944335938,118800.0,1051.65,1065.12,1088.52,1105.91,41.81818181818182,1073.74,-9.13333333333344,-2.759999999999991,-0.0434782608695651,1096.0,1058.0,1051.0,1050.0,78800.0
2020-12-23,1040.0,1042.0,1016.0,1027.0,941.2113647460938,74800.0,1048.2,1062.76,1086.2933333333333,1105.325,49.122807017543856,1073.08,-9.946666666666715,-2.849999999999909,-0.0293005671077504,1082.0,1053.0,1012.0,1053.0,118800.0
2020-12-24,1027.0,1036.0,1013.0,1029.0,943.044189453125,63900.0,1045.75,1060.48,1084.0933333333332,1104.75,51.49700598802396,1071.78,-10.01333333333332,-2.839999999999918,-0.0274102079395085,1082.0,1042.0,1027.0,1040.0,74800.0
2020-12-25,1034.0,1036.0,1017.0,1027.0,941.2113647460938,65400.0,1043.2,1057.12,1081.8666666666666,1104.01,42.75862068965517,1070.4,-10.26666666666688,-3.0799999999999272,-0.0219047619047618,1082.0,1036.0,1029.0,1027.0,63900.0
2020-12-26,1034.0,1036.0,1017.0,1027.0,941.2113647460938,65400.0,1040.65,1051.4,1079.8266666666666,1103.43,42.75862068965517,1068.94,-10.586666666666815,-3.1399999999998727,-0.0265402843601896,1082.0,1036.0,1027.0,1034.0,65400.0
2020-12-27,1034.0,1036.0,1017.0,1027.0,941.2113647460938,65400.0,1040.2,1046.8,1077.6133333333332,1102.74,42.75862068965517,1067.48,-10.906666666666752,-3.1700000000000728,-0.0446511627906976,1082.0,1036.0,1027.0,1034.0,65400.0
2020-12-28,1027.0,1030.0,1005.0,1005.0,921.0490112304688,139300.0,1038.5,1043.16,1074.68,1101.76,38.036809815950924,1065.58,-11.61333333333323,-3.5650000000000546,-0.0509915014164306,1082.0,1036.0,1027.0,1034.0,65400.0
2020-12-29,1010.0,1030.0,1007.0,1024.0,938.4619140625,64600.0,1038.2,1041.0,1072.506666666667,1101.155,45.76271186440678,1063.14,-11.586666666666588,-3.595000000000028,-0.0275403608736941,1082.0,1030.0,1005.0,1027.0,139300.0
2020-12-30,1010.0,1030.0,1001.0,1029.0,943.044189453125,69800.0,1038.45,1039.04,1070.7333333333331,1100.575,42.16867469879519,1062.26,-11.133333333333212,-3.434999999999945,-0.0227920227920227,1082.0,1030.0,1024.0,1010.0,64600.0
2020-12-31,1010.0,1030.0,1001.0,1029.0,943.044189453125,69800.0,1037.5,1037.08,1068.96,1099.995,30.93525179856116,1061.2,-10.86666666666656,-3.435000000000173,-0.0227920227920227,1082.0,1030.0,1029.0,1010.0,69800.0
2021-01-01,1010.0,1030.0,1001.0,1029.0,943.044189453125,69800.0,1036.55,1036.8,1067.1866666666667,1099.27,40.56603773584906,1059.92,-10.426666666666506,-3.470000000000028,-0.0292452830188679,1082.0,1030.0,1029.0,1010.0,69800.0
2021-01-02,1010.0,1030.0,1001.0,1029.0,943.044189453125,69800.0,1035.6,1036.4,1065.24,1098.64,40.56603773584906,1058.32,-9.440000000000056,-3.119999999999891,-0.0292452830188679,1082.0,1030.0,1029.0,1010.0,69800.0
2021-01-03,1010.0,1030.0,1001.0,1029.0,943.044189453125,69800.0,1034.85,1036.36,1063.88,1098.035,40.56603773584906,1056.72,-8.626666666666551,-3.119999999999891,-0.0594149908592321,1082.0,1030.0,1029.0,1010.0,69800.0
2021-01-04,1046.0,1070.0,1018.0,1057.0,968.7052001953124,139700.0,1035.75,1037.68,1063.4,1097.545,52.27272727272727,1055.68,-7.3333333333332575,-3.0299999999999727,-0.0355839416058394,1082.0,1030.0,1029.0,1010.0,69800.0
2021-01-05,1052.0,1066.0,1036.0,1050.0,962.2900390625,62900.0,1035.5,1037.76,1063.16,1097.055,69.0,1055.88,-5.7999999999999545,-2.939999999999827,-0.0454545454545454,1082.0,1070.0,1057.0,1046.0,139700.0
2021-01-06,1055.0,1082.0,1054.0,1055.0,966.8722534179688,94600.0,1034.15,1038.04,1063.12,1096.59,65.55555555555556,1055.98,-4.066666666666833,-2.680000000000064,-0.0409090909090908,1057.0,1066.0,1050.0,1052.0,62900.0
2021-01-07,1063.0,1081.0,1050.0,1078.0,987.9511108398438,86200.0,1035.6,1039.24,1063.3866666666668,1096.24,72.07207207207207,1056.4,-1.85333333333324,-2.400000000000091,-0.02,1078.0,1082.0,1055.0,1055.0,94600.0
2021-01-08,1093.0,1105.0,1079.0,1092.0,1000.7815551757812,112600.0,1037.75,1041.16,1063.84,1095.885,76.42276422764228,1056.9,-0.0400000000001909,-2.150000000000091,-0.0471204188481675,1092.0,1081.0,1078.0,1063.0,86200.0
2021-01-09,1093.0,1105.0,1079.0,1092.0,1000.7815551757812,112600.0,1039.9,1043.28,1064.4,1095.735,76.42276422764228,1057.5,1.0,-1.8100000000001728,0.0177073625349486,1092.0,1105.0,1092.0,1093.0,112600.0
2021-01-10,1093.0,1105.0,1079.0,1092.0,1000.7815551757812,112600.0,1041.95,1044.76,1064.8933333333334,1095.58,76.42276422764228,1058.1,1.7333333333333485,-1.4750000000001364,0.009242144177449,1092.0,1105.0,1092.0,1093.0,112600.0
2021-01-11,1093.0,1105.0,1079.0,1092.0,1000.7815551757812,112600.0,1045.95,1045.16,1065.12,1095.56,93.06930693069307,1058.7,2.0,-1.0299999999999727,-0.000914913083257,1092.0,1105.0,1092.0,1093.0,112600.0
2021-01-12,1094.0,1094.0,1053.0,1055.0,966.8722534179688,100800.0,1047.35,1045.4,1065.0666666666666,1095.36,63.02521008403361,1058.56,1.6799999999998363,-0.8800000000001091,-0.048692515779982,1092.0,1105.0,1092.0,1093.0,112600.0
2021-01-13,1055.0,1076.0,1053.0,1076.0,986.1182250976562,57800.0,1049.7,1046.48,1065.3733333333332,1095.265,67.40740740740742,1058.28,1.533333333333303,-0.6199999999998909,-0.0297565374211,1092.0,1094.0,1055.0,1094.0,100800.0
2021-01-14,1079.0,1092.0,1064.0,1066.0,976.9534301757812,91800.0,1051.65,1047.16,1065.5466666666666,1095.12,62.75862068965517,1057.92,1.1466666666665333,-0.6150000000000091,-0.0387736699729486,1092.0,1076.0,1076.0,1055.0,57800.0
2021-01-15,1096.0,1116.0,1078.0,1090.0,998.9486083984376,144200.0,1054.8,1048.72,1066.04,1095.19,68.04733727810651,1058.4,1.1466666666665333,-0.3899999999998726,0.0480769230769231,1092.0,1092.0,1066.0,1079.0,91800.0
2021-01-16,1096.0,1116.0,1078.0,1090.0,998.9486083984376,144200.0,1057.95,1051.84,1066.44,1095.165,68.04733727810651,1058.48,1.3200000000001637,-0.3949999999999818,0.0380952380952381,1092.0,1116.0,1090.0,1096.0,144200.0
2021-01-17,1096.0,1116.0,1078.0,1090.0,998.9486083984376,144200.0,1062.2,1054.36,1066.84,1095.35,68.04733727810651,1058.56,1.773333333333312,-0.0099999999999909,0.0312204351939451,1092.0,1116.0,1090.0,1096.0,144200.0
2021-01-18,1076.0,1096.0,1064.0,1096.0,1004.4474487304688,55900.0,1065.8,1057.04,1066.8666666666666,1095.625,63.26530612244898,1058.76,1.4933333333333394,0.3599999999998999,0.0271790065604498,1096.0,1116.0,1090.0,1096.0,144200.0
2021-01-19,1100.0,1108.0,1086.0,1104.0,1011.7792358398438,84600.0,1069.55,1060.12,1066.9733333333334,1095.92,68.24324324324324,1058.62,1.4266666666667334,0.8000000000001819,0.03954802259887,1104.0,1096.0,1096.0,1076.0,55900.0
2021-01-20,1110.0,1175.0,1100.0,1151.0,1054.8531494140625,302500.0,1075.65,1065.08,1067.6533333333334,1096.45,75.26315789473684,1058.24,1.6133333333334576,1.259999999999991,0.0838041431261771,1151.0,1108.0,1104.0,1100.0,84600.0
2021-01-21,1132.0,1144.0,1110.0,1119.0,1025.526123046875,145400.0,1080.15,1068.76,1067.9066666666668,1096.82,60.30150753768845,1057.78,1.466666666666697,1.6549999999999727,0.0536723163841807,1151.0,1175.0,1151.0,1110.0,302500.0
2021-01-22,1109.0,1125.0,1095.0,1123.0,1029.192138671875,123700.0,1084.85,1073.48,1068.2133333333334,1097.13,58.2010582010582,1058.32,1.3733333333334483,1.7800000000002,0.0574387947269303,1151.0,1144.0,1119.0,1132.0,145400.0
2021-01-23,1109.0,1125.0,1095.0,1123.0,1029.192138671875,123700.0,1089.55,1077.44,1067.9066666666668,1097.085,58.2010582010582,1059.22,1.040000000000191,1.4600000000000364,0.0302752293577981,1151.0,1125.0,1123.0,1109.0,123700.0
2021-01-24,1109.0,1125.0,1095.0,1123.0,1029.192138671875,123700.0,1092.85,1081.2,1068.5733333333333,1096.98,58.2010582010582,1060.12,1.599999999999909,1.0599999999999454,0.0359778597785978,1151.0,1125.0,1123.0,1109.0,123700.0
2021-01-25,1130.0,1140.0,1120.0,1137.0,1042.0224609375,65600.0,1097.2,1085.52,1069.3066666666666,1097.285,61.08374384236453,1061.3,1.653333333333194,0.8350000000000364,0.0666041275797373,1151.0,1125.0,1123.0,1109.0,123700.0
2021-01-26,1140.0,1140.0,1114.0,1128.0,1033.7744140625,59000.0,1100.85,1089.48,1069.7733333333333,1097.75,70.85714285714286,1063.14,1.8666666666665608,0.9300000000000636,0.0386740331491712,1151.0,1140.0,1137.0,1130.0,65600.0
2021-01-27,1122.0,1125.0,1097.0,1102.0,1009.9461059570312,93800.0,1102.05,1092.4,1069.68,1098.085,57.22222222222222,1064.4,1.466666666666697,0.9549999999999272,0.014732965009208,1151.0,1140.0,1128.0,1140.0,59000.0
2021-01-28,1072.0,1102.0,1070.0,1088.0,997.11572265625,95800.0,1101.85,1094.76,1069.4,1098.35,55.97826086956521,1065.56,1.4933333333333394,1.264999999999873,0.0018416206261511,1151.0,1125.0,1102.0,1122.0,93800.0
2021-01-29,1098.0,1098.0,1051.0,1061.0,972.37109375,100000.0,1100.3,1094.92,1068.76,1098.355,42.24598930481283,1066.3,0.1866666666667242,1.375,-0.045004500450045,1151.0,1102.0,1088.0,1072.0,95800.0
2021-01-30,1098.0,1098.0,1051.0,1061.0,972.37109375,100000.0,1098.75,1095.36,1069.04,1098.465,42.24598930481283,1066.56,-0.2666666666666515,1.1799999999998363,-0.0931623931623931,1151.0,1098.0,1061.0,1098.0,100000.0
2021-01-31,1098.0,1098.0,1051.0,1061.0,972.37109375,100000.0,1097.2,1095.6,1069.1866666666667,1098.485,42.24598930481283,1066.82,-0.5866666666665878,0.7349999999999,-0.0709281961471103,1151.0,1098.0,1061.0,1098.0,100000.0
2021-02-01,1061.0,1100.0,1045.0,1097.0,1005.364013671875,65800.0,1099.3,1096.36,1069.72,1098.92,50.23041474654379,1067.8,0.0399999999999636,0.8350000000000364,0.0009124087591241,1151.0,1098.0,1061.0,1098.0,100000.0
2021-02-02,1100.0,1145.0,1098.0,1134.0,1039.2733154296875,104500.0,1102.2,1098.04,1070.6133333333332,1099.485,56.09756097560975,1069.6,1.2133333333331393,1.134999999999991,0.0519480519480519,1151.0,1100.0,1097.0,1061.0,65800.0
2021-02-03,1139.0,1150.0,1121.0,1135.0,1040.1895751953125,101600.0,1105.65,1099.76,1071.5866666666666,1100.055,46.0,1071.52,2.826666666666597,1.7000000000000457,0.0528756957328386,1151.0,1145.0,1134.0,1100.0,104500.0
2021-02-04,1134.0,1139.0,1108.0,1115.0,1021.8603515625,56400.0,1106.9,1100.68,1072.2933333333333,1100.525,48.93617021276596,1072.72,3.2533333333333303,2.060000000000173,0.0343228200371057,1151.0,1150.0,1135.0,1139.0,101600.0
2021-02-05,1111.0,1129.0,1111.0,1127.0,1032.85791015625,61500.0,1108.75,1102.08,1073.16,1101.065,51.02040816326532,1073.62,3.9733333333333576,2.5800000000001546,0.0878378378378379,1151.0,1139.0,1115.0,1134.0,56400.0
2021-02-06,1111.0,1129.0,1111.0,1127.0,1032.85791015625,61500.0,1110.6,1104.96,1074.0266666666666,1101.495,51.02040816326532,1075.18,4.306666666666615,2.574999999999818,0.0846968238691048,1151.0,1129.0,1127.0,1111.0,61500.0
2021-02-07,1111.0,1129.0,1111.0,1127.0,1032.85791015625,61500.0,1112.15,1107.0,1074.52,1101.905,51.02040816326532,1076.74,3.906666666666752,2.4200000000000728,0.0941747572815534,1151.0,1129.0,1127.0,1111.0,61500.0
2021-02-08,1133.0,1151.0,1119.0,1148.0,1052.1036376953125,124700.0,1114.35,1110.28,1075.3733333333332,1102.42,52.70935960591133,1078.72,3.786666666666633,2.365000000000009,0.12109375,1151.0,1129.0,1127.0,1111.0,61500.0
2021-02-09,1158.0,1160.0,1135.0,1152.0,1055.7696533203125,127100.0,1114.4,1112.76,1076.52,1102.955,56.06060606060606,1080.74,4.226666666666688,2.4299999999998363,0.0992366412213741,1152.0,1151.0,1148.0,1133.0,124700.0
2021-02-10,1146.0,1149.0,1100.0,1108.0,1015.4450073242188,168200.0,1113.85,1113.48,1076.8133333333333,1103.27,51.388888888888886,1082.66,3.653333333333194,2.2049999999999272,0.0572519083969464,1152.0,1160.0,1152.0,1158.0,127100.0
2021-02-11,1146.0,1149.0,1100.0,1108.0,1015.4450073242188,168200.0,1113.1,1114.2,1077.1066666666666,1103.585,54.95049504950495,1084.28,3.0799999999999272,2.090000000000145,0.0572519083969464,1152.0,1149.0,1108.0,1146.0,168200.0
2021-02-12,1048.0,1087.0,1032.0,1076.0,986.1182250976562,374900.0,1110.75,1113.4,1076.9733333333334,1103.61,53.6231884057971,1085.22,2.453333333333376,1.7049999999999272,0.0306513409961686,1152.0,1149.0,1108.0,1146.0,168200.0
2021-02-13,1048.0,1087.0,1032.0,1076.0,986.1182250976562,374900.0,1108.4,1112.28,1076.506666666667,1103.795,53.6231884057971,1086.2,1.1333333333334394,1.375,0.0356111645813281,1152.0,1087.0,1076.0,1048.0,374900.0
2021-02-14,1048.0,1087.0,1032.0,1076.0,986.1182250976562,374900.0,1105.35,1109.28,1075.253333333333,1103.655,53.6231884057971,1087.18,-1.2666666666666515,0.7000000000000455,0.0199052132701422,1152.0,1087.0,1076.0,1048.0,374900.0
2021-02-15,1067.0,1067.0,1037.0,1051.0,963.20654296875,198700.0,1101.5,1106.56,1074.04,1103.39,38.265306122448976,1087.66,-2.773333333333312,0.1200000000001182,-0.0286506469500924,1152.0,1087.0,1076.0,1048.0,374900.0
2021-02-16,1055.0,1056.0,1022.0,1028.0,942.1278076171876,121900.0,1097.8,1102.76,1073.1333333333334,1103.11,20.87912087912088,1088.12,-3.97333333333313,-0.4750000000001364,-0.0200190657769303,1152.0,1067.0,1051.0,1067.0,198700.0
2021-02-17,1030.0,1043.0,1021.0,1040.0,953.1253051757812,66200.0,1095.4,1099.44,1072.6266666666668,1102.89,25.38860103626942,1088.44,-4.346666666666579,-0.7199999999997999,-0.0085795996186844,1152.0,1056.0,1028.0,1055.0,121900.0
2021-02-18,1035.0,1045.0,1014.0,1016.0,931.130126953125,100700.0,1093.15,1095.16,1071.8,1102.55,24.873096446700515,1088.18,-4.706666666666706,-1.2450000000001182,-0.0314585319351763,1152.0,1043.0,1040.0,1030.0,66200.0
2021-02-19,1012.0,1016.0,986.0,1002.0,918.2996215820312,164700.0,1090.2,1089.76,1070.7866666666666,1101.43,18.5929648241206,1087.64,-4.466666666666697,-2.224999999999909,-0.0466222645099905,1152.0,1045.0,1016.0,1035.0,100700.0
2021-02-20,1012.0,1016.0,986.0,1002.0,918.2996215820312,164700.0,1087.25,1084.72,1070.3333333333333,1100.06,18.5929648241206,1087.1,-3.706666666666706,-3.3300000000001546,-0.0098814229249012,1152.0,1016.0,1002.0,1012.0,164700.0
2021-02-21,1012.0,1016.0,986.0,1002.0,918.2996215820312,164700.0,1082.5,1080.72,1069.84,1098.72,18.5929648241206,1086.56,-3.2933333333335213,-4.389999999999873,-0.0243427458617332,1152.0,1016.0,1002.0,1012.0,164700.0
2021-02-22,1008.0,1011.0,998.0,1002.0,918.2996215820312,86600.0,1075.9,1077.28,1069.4666666666667,1097.13,8.98876404494382,1086.02,-3.160000000000082,-5.759999999999991,-0.0262390670553935,1152.0,1016.0,1002.0,1012.0,164700.0
2021-02-23,1008.0,1011.0,998.0,1002.0,918.2996215820312,86600.0,1069.25,1074.92,1069.1733333333334,1095.47,6.896551724137922,1084.92,-2.6266666666665515,-7.079999999999927,-0.0243427458617332,1152.0,1011.0,1002.0,1008.0,86600.0
2021-02-24,995.0,995.0,934.0,942.0,863.3116455078125,249300.0,1060.6,1070.16,1067.76,1093.51,6.315789473684205,1082.76,-3.0266666666666424,-7.920000000000073,-0.0827653359298928,1152.0,1011.0,1002.0,1008.0,86600.0
2021-02-25,957.0,960.0,927.0,931.0,853.2305908203125,116300.0,1050.8,1064.96,1066.2,1091.495,5.97014925373135,1080.28,-4.133333333333212,-8.565000000000055,-0.0934761441090554,1152.0,995.0,942.0,995.0,249300.0
2021-02-26,916.0,930.0,903.0,909.0,833.0681762695312,93600.0,1039.9,1057.44,1064.3466666666666,1089.37,6.282722513088999,1076.9,-5.493333333333339,-9.350000000000136,-0.0955223880597014,1152.0,960.0,931.0,957.0,116300.0
2021-02-27,916.0,930.0,903.0,909.0,833.0681762695312,93600.0,1029.0,1048.44,1062.5466666666666,1088.29,6.282722513088999,1073.24,-6.920000000000073,-8.840000000000146,-0.1123046875,1152.0,930.0,909.0,916.0,93600.0
2021-02-28,916.0,930.0,903.0,909.0,833.0681762695312,93600.0,1017.05,1039.4,1060.8133333333333,1087.64,6.282722513088999,1069.58,-8.360000000000127,-7.829999999999927,-0.1166180758017493,1152.0,930.0,909.0,916.0,93600.0
2021-03-01,907.0,917.0,900.0,913.0,836.7340698242188,76700.0,1005.1,1031.32,1058.92,1087.005,9.411764705882362,1066.0,-8.839999999999918,-6.504999999999882,-0.1127308066083576,1108.0,930.0,909.0,916.0,93600.0
2021-03-02,919.0,930.0,908.0,913.0,836.7340698242188,70900.0,995.35,1022.76,1056.6666666666667,1086.23,10.884353741496597,1062.42,-9.533333333333305,-5.264999999999873,-0.1127308066083576,1108.0,917.0,913.0,907.0,76700.0
2021-03-03,924.0,924.0,882.0,892.0,817.4883422851562,97400.0,984.55,1013.36,1054.5733333333333,1085.35,2.564102564102569,1059.16,-9.773333333333312,-4.019999999999982,-0.1331389698736638,1076.0,930.0,913.0,919.0,70900.0
2021-03-04,894.0,894.0,858.0,868.0,795.4930419921875,90800.0,974.15,1003.0,1052.16,1084.35,2.564102564102569,1055.0,-10.386666666666542,-3.940000000000055,-0.1564625850340135,1076.0,924.0,892.0,924.0,97400.0
2021-03-05,853.0,860.0,825.0,850.0,778.9967041015625,114600.0,962.85,991.08,1049.506666666667,1083.255,2.499999999999986,1050.68,-11.306666666666615,-4.384999999999991,-0.1958372753074739,1076.0,894.0,868.0,894.0,90800.0
2021-03-06,853.0,860.0,825.0,850.0,778.9967041015625,114600.0,951.55,979.0,1046.8266666666666,1082.2,2.499999999999986,1045.88,-12.093333333333476,-4.805000000000064,-0.1904761904761904,1051.0,860.0,850.0,853.0,114600.0
2021-03-07,853.0,860.0,825.0,850.0,778.9967041015625,114600.0,941.5,968.68,1044.6666666666667,1080.955,2.499999999999986,1041.08,-12.0,-5.275000000000091,-0.1943127962085308,1040.0,860.0,850.0,853.0,114600.0
2021-03-08,851.0,878.0,850.0,858.0,786.3284301757812,67200.0,933.0,958.68,1042.4133333333334,1079.895,7.142857142857139,1036.44,-12.159999999999854,-5.454999999999927,-0.2040816326530612,1040.0,860.0,850.0,853.0,114600.0
2021-03-09,853.0,865.0,828.0,864.0,791.8272705078125,87800.0,924.2,950.2,1040.2133333333334,1078.39,10.344827586206904,1031.8,-11.946666666666715,-5.959999999999809,-0.2087912087912088,1016.0,878.0,858.0,851.0,67200.0
2021-03-10,863.0,874.0,861.0,866.0,793.66015625,40400.0,916.7,941.8,1038.0666666666666,1076.895,17.241379310344826,1027.04,-11.440000000000056,-6.360000000000127,-0.206959706959707,1002.0,865.0,864.0,853.0,87800.0
2021-03-11,875.0,900.0,868.0,895.0,820.2376708984375,51300.0,911.35,934.56,1036.3066666666666,1075.545,36.56716417910449,1021.92,-10.519999999999982,-6.654999999999973,-0.1804029304029304,1002.0,874.0,866.0,863.0,40400.0
2021-03-12,890.0,912.0,885.0,912.0,835.817626953125,61900.0,906.85,929.0,1034.7733333333333,1074.105,51.16279069767442,1017.78,-9.89333333333343,-6.849999999999909,-0.1648351648351648,1002.0,900.0,895.0,875.0,51300.0
2021-03-13,890.0,912.0,885.0,912.0,835.817626953125,61900.0,902.35,924.36,1033.5333333333333,1072.915,51.16279069767442,1013.56,-8.88000000000011,-6.980000000000018,-0.1355450236966824,1002.0,912.0,912.0,890.0,61900.0
2021-03-14,890.0,912.0,885.0,912.0,835.817626953125,61900.0,897.85,919.24,1032.04,1071.54,51.16279069767442,1009.34,-8.173333333333403,-6.850000000000136,-0.1524163568773234,1002.0,912.0,912.0,890.0,61900.0
2021-03-15,927.0,931.0,905.0,907.0,831.2353515625,51500.0,893.1,914.88,1030.4133333333334,1070.41,47.69230769230769,1005.02,-7.653333333333194,-6.4849999999999,-0.149155722326454,942.0,912.0,912.0,890.0,61900.0
2021-03-16,910.0,932.0,910.0,930.0,852.3140869140625,37300.0,892.5,912.0,1029.0933333333332,1069.88,55.55555555555556,1000.88,-7.213333333333367,-5.664999999999964,-0.146788990825688,931.0,931.0,907.0,927.0,51500.0
2021-03-17,930.0,937.0,925.0,932.0,854.1470336914062,31600.0,892.55,909.2,1027.8,1069.36,64.92537313432837,996.96,-6.973333333333358,-4.745000000000118,-0.1449541284403669,932.0,932.0,930.0,910.0,37300.0
2021-03-18,937.0,942.0,930.0,930.0,852.3140869140625,39800.0,893.6,906.32,1026.48,1068.83,77.67857142857143,993.52,-7.053333333333285,-4.085000000000036,-0.146788990825688,932.0,937.0,932.0,930.0,31600.0
2021-03-19,931.0,939.0,919.0,939.0,860.562255859375,51000.0,895.1,903.8,1025.28,1068.305,93.20388349514565,990.54,-6.759999999999991,-3.2349999999999,-0.1432481751824817,939.0,942.0,930.0,937.0,39800.0
2021-03-20,931.0,939.0,919.0,939.0,860.562255859375,51000.0,896.6,901.28,1023.7066666666668,1067.77,93.20388349514565,988.1,-6.706666666666706,-2.6400000000001,-0.1494565217391305,939.0,939.0,939.0,931.0,51000.0
2021-03-21,931.0,939.0,919.0,939.0,860.562255859375,51000.0,897.9,901.16,1022.2266666666668,1067.11,93.20388349514565,985.66,-6.866666666666561,-2.770000000000209,-0.1841876629018245,939.0,939.0,939.0,931.0,51000.0
2021-03-22,944.0,959.0,931.0,953.0,873.3927001953125,54300.0,899.9,902.04,1020.8666666666668,1066.43,93.57798165137616,983.5,-6.93333333333328,-2.9299999999998363,-0.1483467381590706,953.0,939.0,939.0,931.0,51000.0
2021-03-23,968.0,968.0,939.0,939.0,860.562255859375,55400.0,902.25,903.24,1019.0133333333332,1065.665,82.05128205128204,980.34,-7.466666666666697,-3.164999999999964,-0.163846838824577,953.0,959.0,953.0,944.0,54300.0
2021-03-24,935.0,935.0,906.0,906.0,830.31884765625,66700.0,904.15,903.12,1016.5333333333332,1064.735,63.51351351351351,975.78,-8.74666666666667,-3.570000000000164,-0.1932324131789848,953.0,968.0,939.0,968.0,55400.0
2021-03-25,905.0,915.0,892.0,914.0,837.6505737304688,39400.0,907.35,903.32,1014.16,1063.845,57.480314960629926,971.36,-9.546666666666738,-3.9249999999999545,-0.1861086375779163,953.0,935.0,906.0,935.0,66700.0
2021-03-26,914.0,937.0,910.0,937.0,858.7293090820312,31900.0,911.7,904.28,1012.0933333333334,1063.06,59.3984962406015,967.8,-10.133333333333326,-4.0499999999999545,-0.1759014951627089,953.0,915.0,914.0,905.0,39400.0
2021-03-27,914.0,937.0,910.0,937.0,858.7293090820312,31900.0,916.05,905.24,1010.0266666666666,1062.43,59.3984962406015,964.0,-10.840000000000032,-4.0,-0.1693262411347518,953.0,937.0,937.0,914.0,31900.0
2021-03-28,914.0,937.0,910.0,937.0,858.7293090820312,31900.0,920.0,907.04,1008.4533333333334,1061.69,59.3984962406015,960.2,-10.559999999999944,-3.974999999999909,-0.1497277676950997,953.0,937.0,937.0,914.0,31900.0
2021-03-29,935.0,939.0,915.0,921.0,844.0658569335938,33500.0,922.85,909.16,1006.3866666666668,1061.045,54.86111111111112,956.08,-10.146666666666649,-3.689999999999827,-0.1534926470588234,953.0,937.0,937.0,914.0,31900.0
2021-03-30,911.0,923.0,911.0,920.0,843.1494750976562,25800.0,925.55,911.96,1004.44,1060.265,45.9016393442623,951.52,-9.719999999999914,-3.5799999999999272,-0.1328934967012253,953.0,939.0,921.0,935.0,33500.0
2021-03-31,920.0,943.0,910.0,938.0,859.6458129882812,36500.0,927.7,915.48,1002.4133333333332,1059.575,52.17391304347826,947.24,-9.680000000000064,-3.4849999999999,-0.1159283694627709,953.0,923.0,920.0,911.0,25800.0
2021-04-01,938.0,963.0,930.0,936.0,857.8128051757812,55000.0,928.9,918.92,1000.36,1058.875,52.17391304347826,943.8,-9.666666666666629,-3.555000000000064,-0.1178133836003769,953.0,943.0,938.0,920.0,36500.0
2021-04-02,936.0,950.0,936.0,943.0,864.2282104492188,33000.0,930.45,922.32,998.4,1058.155,51.47058823529412,940.5,-10.0533333333334,-3.535000000000082,-0.1403828623518687,953.0,963.0,936.0,938.0,55000.0
2021-04-03,936.0,950.0,936.0,943.0,864.2282104492188,33000.0,932.0,925.48,996.36,1057.425,51.47058823529412,937.84,-10.026666666666642,-3.6200000000001182,-0.1684303350970017,953.0,950.0,943.0,936.0,33000.0
2021-04-04,936.0,950.0,936.0,943.0,864.2282104492188,33000.0,933.8,928.56,994.2133333333334,1056.55,51.47058823529412,935.18,-10.226666666666688,-3.7150000000001455,-0.1691629955947137,953.0,950.0,943.0,936.0,33000.0
2021-04-05,950.0,958.0,939.0,955.0,875.2257080078125,35600.0,935.05,930.96,991.6,1055.68,50.74626865671642,932.76,-10.813333333333276,-3.894999999999982,-0.1434977578475336,955.0,950.0,943.0,936.0,33000.0
2021-04-06,949.0,969.0,945.0,948.0,868.8104248046875,41600.0,935.85,932.4,989.32,1054.93,53.54330708661416,930.7,-11.039999999999964,-3.944999999999936,-0.1588287488908607,955.0,958.0,955.0,950.0,35600.0
2021-04-07,944.0,966.0,944.0,956.0,876.14208984375,34100.0,937.15,934.16,987.0933333333334,1054.22,74.50980392156862,929.26,-11.306666666666615,-3.9349999999999454,-0.1517302573203194,956.0,969.0,948.0,949.0,41600.0
2021-04-08,960.0,960.0,930.0,939.0,860.562255859375,34400.0,937.15,935.24,984.64,1053.425,61.26126126126125,927.24,-11.720000000000027,-4.0,-0.1668145519077196,956.0,966.0,956.0,944.0,34100.0
2021-04-09,935.0,944.0,935.0,943.0,864.2282104492188,24000.0,937.35,936.68,982.24,1052.65,53.2608695652174,925.78,-11.973333333333358,-3.899999999999864,-0.1785714285714286,956.0,960.0,939.0,960.0,34400.0
2021-04-10,935.0,944.0,935.0,943.0,864.2282104492188,24000.0,937.55,937.2,979.6533333333332,1051.875,53.2608695652174,924.6,-11.946666666666715,-3.805000000000064,-0.1814236111111111,956.0,944.0,943.0,935.0,24000.0
2021-04-11,935.0,944.0,935.0,943.0,864.2282104492188,24000.0,937.05,937.64,977.1866666666666,1050.825,53.2608695652174,923.42,-12.13333333333344,-4.105000000000018,-0.1489169675090252,956.0,944.0,943.0,935.0,24000.0
2021-04-12,939.0,965.0,937.0,952.0,872.476318359375,35300.0,937.7,938.52,975.1866666666666,1049.955,68.23529411764706,922.42,-11.906666666666752,-4.2650000000001,-0.1407942238267148,956.0,944.0,943.0,935.0,24000.0
2021-04-13,952.0,959.0,948.0,953.0,873.3927001953125,32800.0,940.05,939.08,973.3866666666668,1048.755,69.41176470588235,921.44,-11.25333333333333,-4.669999999999845,-0.1143122676579925,956.0,965.0,952.0,939.0,35300.0
2021-04-14,949.0,950.0,930.0,931.0,853.2305908203125,37200.0,940.9,938.76,971.6533333333332,1047.445,46.06741573033708,920.02,-10.586666666666702,-5.205000000000155,-0.1347583643122676,956.0,959.0,953.0,952.0,32800.0
2021-04-15,938.0,939.0,924.0,934.0,855.97998046875,34100.0,940.75,938.56,969.96,1046.15,48.88888888888889,919.86,-9.693333333333271,-5.724999999999909,-0.1319702602230483,956.0,950.0,931.0,949.0,37200.0
2021-04-16,929.0,949.0,927.0,944.0,865.1445922851562,30800.0,941.1,938.2,968.4,1045.005,50.53763440860215,920.12,-8.786666666666633,-5.819999999999936,-0.1018078020932445,956.0,939.0,934.0,938.0,34100.0
2021-04-17,929.0,949.0,927.0,944.0,865.1445922851562,30800.0,941.45,938.4,966.36,1043.625,50.53763440860215,920.82,-8.826666666666597,-6.329999999999927,-0.0817120622568093,956.0,949.0,944.0,929.0,30800.0
2021-04-18,929.0,949.0,927.0,944.0,865.1445922851562,30800.0,942.6,939.92,963.8266666666668,1042.235,50.53763440860215,921.52,-9.559999999999944,-6.520000000000209,-0.0923076923076923,956.0,949.0,944.0,929.0,30800.0
2021-04-19,938.0,955.0,938.0,949.0,869.7268676757812,35900.0,944.05,941.32,961.3466666666668,1040.87,46.51162790697675,922.32,-10.306666666666615,-6.5750000000000455,-0.0659448818897637,956.0,949.0,944.0,929.0,30800.0
2021-04-20,938.0,947.0,926.0,933.0,855.0634765625,36200.0,943.8,941.16,958.92,1039.76,42.10526315789474,922.72,-11.040000000000076,-6.3900000000001,-0.0688622754491018,956.0,955.0,949.0,938.0,35900.0
2021-04-21,921.0,923.0,885.0,887.0,812.906005859375,57700.0,941.35,939.16,955.72,1038.42,24.06015037593985,922.2,-12.67999999999995,-6.585000000000036,-0.1147704590818363,956.0,947.0,933.0,938.0,36200.0
2021-04-22,908.0,912.0,899.0,903.0,827.5694580078125,24200.0,939.35,937.8,952.7333333333332,1037.16,36.36363636363636,922.42,-13.626666666666663,-6.464999999999918,-0.0988023952095807,956.0,923.0,887.0,921.0,57700.0
2021-04-23,903.0,912.0,898.0,905.0,829.40234375,19400.0,937.45,937.16,949.7733333333332,1035.64,35.38461538461537,923.16,-14.0533333333334,-6.5949999999998,-0.0968063872255489,956.0,912.0,903.0,908.0,24200.0
2021-04-24,903.0,912.0,898.0,905.0,829.40234375,19400.0,935.55,936.56,946.5333333333332,1034.18,35.38461538461537,924.26,-14.81333333333339,-6.689999999999827,-0.0968063872255489,956.0,912.0,905.0,903.0,19400.0
2021-04-25,903.0,912.0,898.0,905.0,829.40234375,19400.0,933.05,935.24,943.24,1032.805,35.38461538461537,925.36,-15.67999999999995,-6.954999999999927,-0.0392781316348195,956.0,912.0,905.0,903.0,19400.0
2021-04-26,913.0,913.0,892.0,903.0,827.5694580078125,22100.0,930.8,933.92,940.5066666666668,1031.55,30.081300813008127,926.42,-15.213333333333368,-6.870000000000118,-0.0300751879699248,956.0,912.0,905.0,903.0,19400.0
2021-04-27,903.0,923.0,901.0,909.0,833.0681762695312,25600.0,928.45,932.56,937.8533333333334,1030.125,32.8125,927.44,-14.879999999999995,-7.035000000000082,0.0,953.0,913.0,903.0,913.0,22100.0
2021-04-28,908.0,913.0,896.0,903.0,827.5694580078125,21000.0,926.65,930.96,935.5466666666666,1028.67,37.5,928.22,-14.226666666666688,-6.970000000000027,-0.0066006600660065,953.0,923.0,909.0,903.0,25600.0
2021-04-29,908.0,913.0,896.0,903.0,827.5694580078125,21000.0,924.65,929.36,933.24,1027.215,35.779816513761475,928.96,-13.293333333333294,-6.9650000000001455,-0.0066006600660065,953.0,913.0,903.0,908.0,21000.0
2021-04-30,909.0,916.0,902.0,915.0,838.5670166015625,20700.0,923.25,927.76,931.0933333333334,1025.89,36.93693693693693,929.36,-12.146666666666649,-6.914999999999964,0.0021905805038335,953.0,913.0,903.0,908.0,21000.0
2021-05-01,909.0,916.0,902.0,915.0,838.5670166015625,20700.0,921.85,926.44,929.28,1024.5,36.93693693693693,929.42,-11.226666666666688,-7.0499999999999545,0.0021905805038335,953.0,916.0,915.0,909.0,20700.0
2021-05-02,909.0,916.0,902.0,915.0,838.5670166015625,20700.0,920.0,924.8,927.7733333333332,1022.95,36.93693693693693,929.48,-10.08000000000004,-7.1749999999999545,0.0257847533632287,953.0,916.0,915.0,909.0,20700.0
2021-05-03,909.0,916.0,902.0,915.0,838.5670166015625,20700.0,918.1,923.84,926.1066666666668,1021.59,33.9622641509434,929.54,-9.43999999999994,-7.080000000000041,0.054147465437788,949.0,916.0,915.0,909.0,20700.0
2021-05-04,909.0,916.0,902.0,915.0,838.5670166015625,20700.0,917.3,922.72,924.76,1020.355,40.0,929.7,-8.480000000000018,-6.8599999999999,0.076470588235294,949.0,916.0,915.0,909.0,20700.0
2021-05-05,909.0,916.0,902.0,915.0,838.5670166015625,20700.0,916.35,921.6,923.6,1019.12,81.81818181818181,929.4,-7.493333333333339,-6.770000000000096,0.076470588235294,949.0,916.0,915.0,909.0,20700.0
2021-05-06,916.0,937.0,913.0,933.0,855.0634765625,22600.0,915.8,921.2,922.68,1017.975,82.6086956521739,929.42,-6.600000000000023,-6.524999999999977,0.0976470588235294,949.0,916.0,915.0,909.0,20700.0
2021-05-07,930.0,945.0,926.0,945.0,866.0610961914062,20000.0,915.85,920.92,921.92,1016.825,85.71428571428571,929.72,-5.853333333333353,-6.125,0.1013986013986014,949.0,937.0,933.0,916.0,22600.0
2021-05-08,930.0,945.0,926.0,945.0,866.0610961914062,20000.0,915.9,920.6,921.16,1015.895,85.71428571428571,929.84,-4.946666666666715,-5.69500000000005,0.09375,949.0,945.0,945.0,930.0,20000.0
2021-05-09,930.0,945.0,926.0,945.0,866.0610961914062,20000.0,915.7,921.16,920.4,1015.155,85.71428571428571,929.96,-4.360000000000014,-5.2000000000000455,0.0912240184757506,945.0,945.0,945.0,930.0,20000.0
2021-05-10,935.0,941.0,921.0,933.0,855.0634765625,28000.0,915.7,921.12,920.28,1014.48,72.72727272727272,929.84,-3.32000000000005,-4.639999999999986,0.0424581005586592,945.0,945.0,945.0,930.0,20000.0
2021-05-11,925.0,932.0,914.0,917.0,840.4000244140625,36000.0,917.2,920.04,920.0933333333334,1013.775,55.26315789473684,929.12,-2.586666666666588,-4.2000000000000455,0.0054824561403508,945.0,941.0,933.0,935.0,28000.0
2021-05-12,903.0,913.0,881.0,888.0,813.822509765625,49300.0,916.45,917.8,919.8133333333334,1012.925,42.42424242424243,928.1,-2.1066666666665697,-3.900000000000091,-0.0263157894736841,945.0,932.0,917.0,925.0,36000.0
2021-05-13,880.0,890.0,863.0,870.0,797.3259887695312,41600.0,914.7,914.84,919.2933333333332,1011.985,35.8974358974359,927.38,-1.8666666666666745,-3.909999999999968,-0.0460526315789473,945.0,913.0,888.0,903.0,49300.0
2021-05-14,870.0,906.0,870.0,902.0,826.6530151367188,29000.0,914.55,912.96,919.2,1011.245,45.25547445255474,927.14,-1.1999999999999318,-3.909999999999968,-0.0055126791620727,945.0,890.0,870.0,880.0,41600.0
2021-05-15,870.0,906.0,870.0,902.0,826.6530151367188,29000.0,914.4,911.72,919.0533333333332,1010.48,45.25547445255474,926.44,-1.226666666666688,-4.0,-0.0301075268817204,945.0,906.0,902.0,870.0,29000.0
2021-05-16,870.0,906.0,870.0,902.0,826.6530151367188,29000.0,914.35,912.32,918.9066666666666,1009.615,45.25547445255474,925.74,-1.1866666666667245,-4.159999999999968,-0.0321888412017167,945.0,906.0,902.0,870.0,29000.0
2021-05-17,902.0,902.0,829.0,831.0,761.5838012695312,106400.0,910.45,909.44,918.0933333333334,1008.475,29.807692307692307,923.62,-1.7200000000000273,-4.449999999999932,-0.1064516129032258,945.0,906.0,902.0,870.0,29000.0
2021-05-18,827.0,850.0,827.0,837.0,767.0827026367188,56400.0,907.15,906.72,917.68,1007.395,31.775700934579447,921.94,-1.613333333333344,-4.590000000000032,-0.108626198083067,945.0,902.0,831.0,902.0,106400.0
2021-05-19,831.0,853.0,831.0,849.0,778.0802001953125,39300.0,904.45,904.48,917.6666666666666,1006.375,35.39823008849558,920.52,-1.5333333333334167,-4.8700000000000045,-0.0958466453674121,945.0,850.0,837.0,827.0,56400.0
2021-05-20,842.0,866.0,842.0,858.0,786.3284301757812,27000.0,901.6,902.6,917.7733333333332,1005.4,32.718894009216584,918.92,-1.2799999999999727,-5.080000000000041,-0.0862619808306709,945.0,853.0,849.0,831.0,39300.0
2021-05-21,870.0,870.0,846.0,846.0,775.330810546875,46700.0,898.15,900.32,917.72,1004.33,27.188940092165893,917.12,-1.1866666666666106,-5.284999999999968,-0.1122770199370409,945.0,866.0,858.0,842.0,27000.0
2021-05-22,870.0,870.0,846.0,846.0,775.330810546875,46700.0,894.7,897.8,917.56,1003.26,27.188940092165893,915.18,-0.5333333333334167,-5.215000000000032,-0.0990415335463258,945.0,870.0,846.0,870.0,46700.0
2021-05-23,870.0,870.0,846.0,846.0,775.330810546875,46700.0,891.25,895.52,917.32,1002.02,27.188940092165893,913.24,-0.3599999999998999,-5.375,-0.0662251655629139,945.0,870.0,846.0,870.0,46700.0
2021-05-24,846.0,854.0,836.0,840.0,769.8320922851562,28000.0,887.5,893.0,916.9733333333334,1000.74,27.96208530805687,911.18,-0.6933333333332712,-5.634999999999991,-0.0809628008752735,945.0,870.0,846.0,870.0,46700.0
2021-05-25,841.0,843.0,832.0,833.0,763.416748046875,21100.0,883.4,889.72,916.1466666666666,999.405,29.207920792079207,908.74,-1.6266666666666652,-5.9950000000000045,-0.1109925293489861,945.0,854.0,840.0,846.0,28000.0
2021-05-26,831.0,831.0,819.0,826.0,757.0015258789062,31600.0,878.05,886.16,915.0,998.035,32.77777777777777,906.3,-2.720000000000028,-6.295000000000073,-0.1184631803628601,945.0,843.0,833.0,841.0,21100.0
2021-05-27,830.0,856.0,824.0,850.0,778.9967041015625,43700.0,873.3,883.56,914.1733333333332,996.785,44.623655913978496,904.18,-3.386666666666656,-6.475000000000023,-0.0928495197438633,945.0,831.0,826.0,831.0,31600.0
2021-05-28,849.0,855.0,842.0,846.0,775.330810546875,37700.0,868.35,880.8,913.2933333333332,995.285,32.27848101265822,902.32,-4.026666666666756,-6.735000000000014,-0.0814332247557003,945.0,856.0,850.0,830.0,43700.0
2021-05-29,849.0,855.0,842.0,846.0,775.330810546875,37700.0,863.4,878.04,912.48,994.15,32.27848101265822,900.38,-4.493333333333339,-6.590000000000032,-0.0804347826086956,933.0,855.0,846.0,849.0,37700.0
2021-05-30,849.0,855.0,842.0,846.0,775.330810546875,37700.0,859.05,875.28,911.36,992.97,32.27848101265822,898.44,-4.786666666666633,-6.434999999999945,-0.0980810234541578,917.0,855.0,846.0,849.0,37700.0
2021-05-31,860.0,860.0,846.0,849.0,778.0802001953125,17800.0,855.65,871.92,910.2533333333332,991.75,60.0,896.56,-4.74666666666667,-6.284999999999968,-0.0929487179487179,902.0,855.0,846.0,849.0,37700.0
2021-06-01,849.0,849.0,828.0,838.0,767.9991455078125,23400.0,853.15,867.64,909.0266666666666,990.395,50.52631578947368,894.28,-5.146666666666647,-6.389999999999986,-0.1113467656415694,902.0,860.0,849.0,860.0,17800.0
2021-06-02,830.0,840.0,824.0,825.0,756.0850219726562,40100.0,850.9,862.84,907.5066666666668,988.975,37.5,891.72,-5.786666666666633,-6.309999999999945,-0.1251325556733827,902.0,849.0,838.0,849.0,23400.0
2021-06-03,834.0,837.0,825.0,836.0,766.1661987304688,15300.0,847.6,858.48,906.1333333333332,987.61,38.775510204081634,889.82,-6.346666666666692,-6.539999999999964,-0.1134676564156945,902.0,840.0,825.0,830.0,40100.0
2021-06-04,836.0,852.0,832.0,834.0,764.3333129882812,33300.0,844.2,854.52,904.7333333333332,986.58,43.18181818181818,887.82,-6.626666666666665,-6.389999999999986,-0.1267015706806282,902.0,837.0,836.0,834.0,15300.0
2021-06-05,836.0,852.0,832.0,834.0,764.3333129882812,33300.0,840.8,851.2,903.1466666666666,985.5,43.18181818181818,885.62,-7.106666666666683,-6.25,-0.120253164556962,858.0,852.0,834.0,836.0,33300.0
2021-06-06,836.0,852.0,832.0,834.0,764.3333129882812,33300.0,840.95,849.04,901.7466666666668,984.385,43.18181818181818,883.42,-7.279999999999973,-6.009999999999991,-0.1276150627615062,858.0,852.0,834.0,836.0,33300.0
2021-06-07,832.0,835.0,820.0,821.0,752.4190673828125,38900.0,840.15,847.08,900.6133333333333,983.155,40.0,880.96,-6.893333333333317,-5.82000000000005,-0.1256656017039403,858.0,852.0,834.0,836.0,33300.0
2021-06-08,822.0,830.0,820.0,828.0,758.8344116210938,16700.0,839.1,844.12,899.4666666666667,981.985,47.368421052631575,878.54,-6.666666666666629,-5.625,-0.1219512195121951,858.0,835.0,821.0,832.0,38900.0
2021-06-09,825.0,834.0,822.0,825.0,756.0850219726562,18800.0,837.45,841.04,897.9733333333334,980.8,49.45054945054945,876.38,-6.759999999999991,-5.780000000000086,-0.1251325556733827,850.0,830.0,828.0,822.0,16700.0
2021-06-10,825.0,834.0,825.0,830.0,760.6672973632812,6900.0,836.65,838.16,896.5466666666666,979.64,36.11111111111112,875.24,-6.600000000000023,-5.860000000000014,-0.1198303287380699,850.0,834.0,825.0,825.0,18800.0
2021-06-11,830.0,848.0,830.0,848.0,777.1637573242188,25100.0,836.75,838.84,895.36,978.57,51.16279069767442,874.14,-6.386666666666656,-5.814999999999941,-0.1092436974789915,850.0,834.0,830.0,825.0,6900.0
2021-06-12,830.0,848.0,830.0,848.0,777.1637573242188,25100.0,836.85,839.28,894.3866666666667,977.36,51.16279069767442,873.0,-6.226666666666688,-5.794999999999959,-0.1101783840503672,850.0,848.0,848.0,830.0,25100.0
2021-06-13,830.0,848.0,830.0,848.0,777.1637573242188,25100.0,837.25,839.24,893.4266666666666,976.18,51.16279069767442,871.86,-6.040000000000077,-5.805000000000064,-0.0891514500537057,850.0,848.0,848.0,830.0,25100.0
2021-06-14,850.0,851.0,838.0,840.0,769.8320922851562,20500.0,837.6,838.52,892.12,975.05,45.05494505494505,870.56,-5.853333333333353,-5.75,-0.1006423982869378,850.0,848.0,848.0,830.0,25100.0
2021-06-15,840.0,880.0,836.0,877.0,803.7412109375,58700.0,840.15,839.76,891.3333333333334,974.005,66.66666666666666,870.04,-5.213333333333253,-5.634999999999991,-0.0709745762711864,877.0,851.0,840.0,850.0,20500.0
2021-06-16,877.0,890.0,855.0,857.0,785.4119262695312,30600.0,840.5,840.2,890.1866666666666,972.86,62.903225806451616,869.0,-5.173333333333403,-5.710000000000036,-0.0921610169491525,877.0,880.0,877.0,840.0,58700.0
2021-06-17,852.0,858.0,840.0,852.0,780.82958984375,14200.0,840.8,840.44,888.9733333333334,971.69,56.77966101694915,867.98,-5.4133333333332985,-5.669999999999959,-0.097457627118644,877.0,890.0,857.0,877.0,30600.0
2021-06-18,860.0,880.0,844.0,848.0,777.1637573242188,23800.0,840.9,840.76,887.7066666666667,970.375,55.833333333333336,866.88,-5.719999999999914,-5.80499999999995,-0.1064278187565859,877.0,858.0,852.0,852.0,14200.0
2021-06-19,860.0,880.0,844.0,848.0,777.1637573242188,23800.0,841.0,841.36,886.28,968.765,55.833333333333336,865.54,-5.840000000000032,-6.284999999999968,-0.0911039657020365,877.0,880.0,848.0,860.0,23800.0
2021-06-20,860.0,880.0,844.0,848.0,777.1637573242188,23800.0,840.95,842.24,884.9466666666667,967.295,55.833333333333336,864.2,-6.386666666666656,-6.710000000000036,-0.0439684329199548,877.0,880.0,848.0,860.0,23800.0
2021-06-21,840.0,842.0,822.0,825.0,756.0850219726562,35100.0,840.3,841.24,883.2,965.94,51.53846153846153,862.4,-6.986666666666565,-6.919999999999959,-0.0863787375415282,877.0,880.0,848.0,860.0,23800.0
2021-06-22,835.0,858.0,835.0,844.0,773.4978637695312,26300.0,841.25,841.16,881.9333333333333,964.77,55.63380281690141,860.98,-7.040000000000077,-6.920000000000073,-0.067403314917127,877.0,842.0,825.0,840.0,35100.0
2021-06-23,840.0,850.0,837.0,850.0,778.9967041015625,11200.0,841.95,841.32,880.6933333333334,963.63,58.62068965517242,859.68,-7.013333333333321,-6.7450000000000045,-0.0607734806629833,877.0,858.0,844.0,835.0,26300.0
2021-06-24,859.0,859.0,843.0,843.0,772.5814819335938,10200.0,842.4,841.2,879.36,962.455,54.42176870748299,858.24,-6.919999999999959,-6.309999999999945,-0.0685082872928176,877.0,850.0,850.0,840.0,11200.0
2021-06-25,843.0,843.0,833.0,837.0,767.0827026367188,11300.0,842.55,840.72,877.9466666666667,961.46,45.92592592592593,856.32,-7.0,-5.834999999999923,-0.0730897009966777,877.0,859.0,843.0,859.0,10200.0
2021-06-26,843.0,843.0,833.0,837.0,767.0827026367188,11300.0,842.7,840.68,876.4133333333333,960.45,45.92592592592593,854.16,-6.786666666666747,-5.490000000000009,-0.0792079207920791,877.0,843.0,837.0,843.0,11300.0
2021-06-27,843.0,843.0,833.0,837.0,767.0827026367188,11300.0,843.5,841.16,874.8666666666667,959.485,45.92592592592593,852.0,-7.066666666666606,-5.284999999999968,-0.0730897009966777,877.0,843.0,837.0,843.0,11300.0
2021-06-28,841.0,844.0,830.0,837.0,767.0827026367188,10500.0,843.95,841.2,873.6133333333333,958.55,48.81889763779528,849.84,-7.080000000000041,-5.080000000000041,-0.0730897009966777,877.0,843.0,837.0,843.0,11300.0
2021-06-29,837.0,844.0,835.0,841.0,770.7486572265625,8600.0,844.75,841.48,872.3733333333333,957.515,30.85106382978724,848.0,-6.986666666666679,-4.940000000000055,-0.0808743169398906,877.0,844.0,837.0,841.0,10500.0
2021-06-30,841.0,861.0,841.0,852.0,780.82958984375,24900.0,845.85,842.2,871.1466666666666,956.535,47.05882352941176,846.7,-6.800000000000068,-4.925000000000068,-0.0688524590163934,877.0,844.0,841.0,837.0,8600.0
2021-07-01,852.0,852.0,834.0,836.0,766.1661987304688,14600.0,845.25,842.28,869.7066666666667,955.475,41.66666666666667,845.66,-6.706666666666592,-4.975000000000023,-0.0863387978142076,877.0,861.0,852.0,841.0,24900.0
2021-07-02,839.0,840.0,829.0,837.0,767.0827026367188,15700.0,844.7,842.92,868.28,954.44,44.08602150537634,845.0,-6.5866666666667015,-5.044999999999959,-0.0852459016393443,877.0,852.0,836.0,852.0,14600.0
2021-07-03,839.0,840.0,829.0,837.0,767.0827026367188,15700.0,844.15,843.28,866.7866666666666,953.43,44.08602150537634,843.7,-6.826666666666711,-5.1200000000000045,-0.0852459016393443,877.0,840.0,837.0,839.0,15700.0
2021-07-04,839.0,840.0,829.0,837.0,767.0827026367188,15700.0,844.0,843.76,865.5066666666667,952.34,44.08602150537634,842.4,-6.866666666666674,-5.1749999999999545,-0.0852459016393443,877.0,840.0,837.0,839.0,15700.0
2021-07-05,839.0,842.0,830.0,832.0,762.5003051757812,7800.0,841.75,843.84,864.7733333333333,951.09,54.66666666666667,841.0,-6.373333333333335,-5.444999999999936,-0.1082529474812432,857.0,840.0,837.0,839.0,15700.0
2021-07-06,836.0,836.0,818.0,821.0,752.4190673828125,19000.0,839.95,842.76,863.68,949.95,32.83582089552239,840.8,-6.026666666666756,-5.524999999999977,-0.1312169312169312,852.0,842.0,832.0,839.0,7800.0
2021-07-07,811.0,818.0,804.0,810.0,742.3380737304688,29400.0,837.85,841.24,862.4133333333333,948.755,22.22222222222221,840.26,-5.866666666666674,-5.685000000000059,-0.1428571428571429,852.0,836.0,821.0,836.0,19000.0
2021-07-08,811.0,824.0,805.0,805.0,737.7556762695312,26600.0,835.7,839.52,861.08,947.535,22.85714285714286,839.38,-5.706666666666592,-5.894999999999982,-0.1481481481481481,852.0,818.0,810.0,811.0,29400.0
2021-07-09,801.0,802.0,785.0,796.0,729.507568359375,23400.0,833.1,837.76,859.6266666666667,946.26,21.917808219178085,838.14,-5.879999999999996,-6.080000000000041,-0.1468381564844587,852.0,824.0,805.0,811.0,26600.0
2021-07-10,801.0,802.0,785.0,796.0,729.507568359375,23400.0,830.5,834.52,858.2,945.18,21.917808219178085,837.14,-6.573333333333267,-5.910000000000082,-0.1319520174482006,852.0,802.0,796.0,801.0,23400.0
2021-07-11,801.0,802.0,785.0,796.0,729.507568359375,23400.0,829.05,832.08,856.6933333333334,944.025,21.917808219178085,836.14,-6.986666666666565,-5.925000000000068,-0.1036036036036036,852.0,802.0,796.0,801.0,23400.0
2021-07-12,796.0,809.0,796.0,799.0,732.2569580078125,19700.0,826.8,829.96,855.3066666666666,942.875,25.00000000000001,835.2,-7.106666666666683,-5.879999999999996,-0.0816091954022988,852.0,802.0,796.0,801.0,23400.0
2021-07-13,800.0,819.0,800.0,805.0,737.7556762695312,14200.0,824.55,828.24,854.0,941.765,26.92307692307692,834.5,-7.080000000000041,-5.769999999999982,-0.1075388026607538,852.0,809.0,799.0,796.0,19700.0
2021-07-14,805.0,815.0,803.0,810.0,742.3380737304688,17800.0,822.9,826.72,852.6,940.68,20.83333333333333,834.04,-7.026666666666642,-5.580000000000041,-0.1019955654101996,852.0,819.0,805.0,800.0,14200.0
2021-07-15,825.0,826.0,803.0,803.0,735.9228515625,16300.0,821.2,824.92,851.1066666666667,939.56,23.80952380952381,833.58,-7.093333333333362,-5.6200000000000045,-0.1097560975609756,852.0,815.0,810.0,805.0,17800.0
2021-07-16,800.0,821.0,795.0,813.0,745.0874633789062,29300.0,820.0,824.44,849.7466666666667,938.6,33.33333333333333,832.84,-6.946666666666715,-5.4249999999999545,-0.0216606498194945,852.0,826.0,803.0,825.0,16300.0
2021-07-17,800.0,821.0,795.0,813.0,745.0874633789062,29300.0,818.8,823.2,848.3866666666667,937.545,33.33333333333333,832.18,-6.919999999999959,-5.330000000000041,-0.028673835125448,852.0,821.0,813.0,800.0,29300.0
2021-07-18,800.0,821.0,795.0,813.0,745.0874633789062,29300.0,817.6,821.72,847.0266666666666,936.465,33.33333333333333,831.52,-6.973333333333358,-5.2999999999999545,-0.0424028268551236,852.0,821.0,813.0,800.0,29300.0
2021-07-19,817.0,821.0,802.0,807.0,739.5885620117188,24300.0,815.9,820.28,845.5866666666667,935.355,32.87671232876713,830.74,-7.013333333333321,-5.324999999999932,-0.0594405594405594,852.0,821.0,813.0,800.0,29300.0
2021-07-20,800.0,808.0,799.0,804.0,736.8392333984375,13000.0,813.5,818.96,843.8666666666667,934.23,36.92307692307693,829.84,-7.240000000000009,-5.329999999999927,-0.0496453900709219,837.0,821.0,807.0,817.0,24300.0
2021-07-21,806.0,831.0,806.0,831.0,761.5838012695312,38400.0,813.25,818.72,842.3466666666667,933.24,62.96296296296296,829.7,-7.399999999999977,-5.360000000000014,-0.0177304964539006,837.0,808.0,804.0,800.0,13000.0
2021-07-22,806.0,831.0,806.0,831.0,761.5838012695312,38400.0,812.95,818.48,840.8266666666667,932.25,67.10526315789474,829.82,-7.559999999999945,-5.294999999999959,-0.0177304964539006,837.0,831.0,831.0,806.0,38400.0
2021-07-23,806.0,831.0,806.0,831.0,761.5838012695312,38400.0,812.65,818.24,839.3066666666666,931.12,76.11940298507463,829.72,-7.720000000000027,-5.345000000000027,-0.0107142857142856,837.0,831.0,831.0,806.0,38400.0
2021-07-24,806.0,831.0,806.0,831.0,761.5838012695312,38400.0,812.35,817.84,837.9466666666667,930.025,76.11940298507463,829.66,-7.639999999999986,-5.330000000000041,-0.0024009603841537,832.0,831.0,831.0,806.0,38400.0
2021-07-25,806.0,831.0,806.0,831.0,761.5838012695312,38400.0,812.3,817.0,836.8,928.905,76.11940298507463,829.6,-7.06666666666672,-5.3250000000000455,0.0060532687651331,831.0,831.0,831.0,806.0,38400.0
2021-07-26,850.0,850.0,824.0,825.0,756.0850219726562,24500.0,812.5,816.56,835.96,927.64,68.57142857142857,829.42,-6.386666666666656,-5.600000000000023,-0.0294117647058823,831.0,831.0,831.0,806.0,38400.0
2021-07-27,840.0,849.0,822.0,849.0,778.0802001953125,33500.0,814.45,817.04,835.68,926.425,75.0,829.98,-5.146666666666761,-5.8250000000000455,0.00354609929078,849.0,850.0,825.0,850.0,24500.0
2021-07-28,879.0,879.0,844.0,854.0,782.6625366210938,80800.0,816.9,817.72,835.04,925.235,75.0,830.5,-4.266666666666652,-5.884999999999991,0.0094562647754137,854.0,849.0,849.0,840.0,33500.0
2021-07-29,875.0,940.0,864.0,915.0,838.5670166015625,103000.0,822.85,820.84,835.2133333333334,924.35,89.43661971830986,832.3,-2.7333333333333485,-5.6749999999999545,0.0815602836879432,915.0,879.0,854.0,879.0,80800.0
2021-07-30,920.0,927.0,904.0,913.0,836.7340698242188,51100.0,828.7,824.08,835.36,923.455,87.31343283582089,833.96,-1.4399999999999409,-5.449999999999932,0.0753828032979977,915.0,940.0,915.0,875.0,103000.0
2021-07-31,920.0,927.0,904.0,913.0,836.7340698242188,51100.0,834.55,827.76,836.4533333333334,922.745,87.31343283582089,835.26,0.4933333333333394,-4.894999999999982,0.0894988066825774,915.0,927.0,913.0,920.0,51100.0
2021-08-01,920.0,927.0,904.0,913.0,836.7340698242188,51100.0,840.25,831.88,837.4666666666667,921.93,87.31343283582089,836.56,1.786666666666747,-4.4950000000000045,0.1066666666666666,915.0,927.0,913.0,920.0,51100.0
2021-08-02,935.0,935.0,891.0,908.0,832.1517333984375,66200.0,845.4,836.0,838.2533333333333,921.14,87.96992481203007,837.76,3.2133333333333667,-4.095000000000027,0.0861244019138756,915.0,927.0,913.0,920.0,51100.0
2021-08-03,907.0,908.0,866.0,867.0,794.5765991210938,45300.0,848.25,838.84,838.3733333333333,920.025,68.42105263157895,838.3,3.159999999999968,-4.3250000000000455,0.0395683453237409,915.0,935.0,908.0,935.0,66200.0
2021-08-04,862.0,867.0,822.0,826.0,757.0015258789062,58400.0,849.4,840.04,838.1066666666667,918.705,48.64864864864865,837.28,2.7466666666666697,-4.75,-0.0095923261390887,915.0,908.0,867.0,907.0,45300.0
2021-08-05,825.0,854.0,824.0,840.0,769.8320922851562,27500.0,850.75,841.8,838.0266666666666,917.455,52.26130653266331,836.94,1.5733333333332666,-5.289999999999964,0.0071942446043165,915.0,867.0,826.0,862.0,58400.0
2021-08-06,841.0,878.0,841.0,876.0,802.8248291015625,48500.0,853.9,844.88,838.4266666666666,916.355,59.57446808510638,837.42,0.9599999999999228,-5.574999999999932,0.0669914738124237,915.0,854.0,840.0,825.0,27500.0
2021-08-07,841.0,878.0,841.0,876.0,802.8248291015625,48500.0,857.05,847.72,838.9066666666666,915.215,59.57446808510638,837.98,0.6533333333333076,-5.9249999999999545,0.0579710144927536,915.0,878.0,876.0,841.0,48500.0
2021-08-08,841.0,878.0,841.0,876.0,802.8248291015625,48500.0,860.5,850.36,839.48,913.84,59.57446808510638,838.54,1.1066666666666831,-6.184999999999945,0.0618181818181817,915.0,878.0,876.0,841.0,48500.0
2021-08-09,841.0,878.0,841.0,876.0,802.8248291015625,48500.0,864.1,853.28,840.1466666666666,912.625,61.1353711790393,839.1,2.039999999999964,-6.080000000000041,0.0554216867469878,915.0,878.0,876.0,841.0,48500.0
2021-08-10,816.0,828.0,762.0,790.0,724.0087280273438,149700.0,862.05,852.36,839.3466666666667,910.96,39.86254295532646,838.4,1.32000000000005,-6.4950000000000045,-0.0683962264150943,915.0,878.0,876.0,841.0,48500.0
2021-08-11,790.0,790.0,761.0,762.0,698.3475952148438,82000.0,858.6,850.32,838.2266666666667,909.155,35.35031847133759,836.76,-0.1999999999999318,-7.2000000000000455,-0.1014150943396225,915.0,828.0,790.0,816.0,149700.0
2021-08-12,756.0,760.0,710.0,714.0,654.357177734375,159500.0,852.75,846.36,836.4666666666667,907.11,16.611295681063126,834.04,-2.439999999999941,-8.105000000000018,-0.1580188679245283,915.0,790.0,762.0,790.0,82000.0
2021-08-13,711.0,734.0,702.0,722.0,661.68896484375,58400.0,847.3,842.96,834.8133333333334,905.035,18.89250814332248,831.62,-4.666666666666629,-8.805000000000064,-0.1404761904761904,915.0,760.0,714.0,756.0,159500.0
2021-08-14,711.0,734.0,702.0,722.0,661.68896484375,58400.0,841.85,839.68,833.12,903.005,18.89250814332248,829.32,-7.026666666666642,-9.620000000000005,-0.1767388825541619,915.0,734.0,722.0,711.0,58400.0
2021-08-15,711.0,734.0,702.0,722.0,661.68896484375,58400.0,836.7,835.32,831.5733333333334,901.105,18.89250814332248,827.02,-7.773333333333312,-9.855000000000018,-0.1575262543757293,915.0,734.0,722.0,711.0,58400.0
2021-08-16,707.0,720.0,700.0,700.0,641.5266723632812,47900.0,829.25,830.08,829.9066666666666,899.165,17.90123456790124,824.28,-8.32000000000005,-9.990000000000007,-0.1784037558685446,915.0,734.0,722.0,711.0,58400.0
2021-08-17,702.0,717.0,702.0,705.0,646.1090087890625,25100.0,821.8,825.04,828.16,897.385,21.875,821.64,-8.306666666666729,-9.725000000000025,-0.1686320754716981,915.0,720.0,700.0,707.0,47900.0
2021-08-18,705.0,740.0,705.0,733.0,671.7700805664062,49500.0,812.7,821.12,826.8133333333334,895.745,33.09090909090909,819.48,-8.0,-9.289999999999964,-0.1356132075471697,913.0,717.0,705.0,702.0,25100.0
2021-08-19,727.0,733.0,708.0,708.0,648.8584594726562,25600.0,802.45,816.2,825.1333333333333,893.98,26.92307692307692,816.6,-7.986666666666679,-9.024999999999975,-0.1650943396226415,913.0,740.0,733.0,705.0,49500.0
2021-08-20,707.0,716.0,697.0,706.0,647.0255126953125,40900.0,792.1,811.44,823.4266666666666,892.025,16.269841269841265,814.0,-8.14666666666676,-9.08000000000004,-0.1442424242424242,913.0,733.0,708.0,727.0,25600.0
2021-08-21,707.0,716.0,697.0,706.0,647.0255126953125,40900.0,781.75,805.72,821.8933333333333,889.885,16.269841269841265,811.38,-8.013333333333321,-9.279999999999973,-0.1635071090047393,908.0,716.0,706.0,707.0,40900.0
2021-08-22,707.0,716.0,697.0,706.0,647.0255126953125,40900.0,771.65,799.8,820.2666666666667,887.74,16.269841269841265,808.76,-7.893333333333317,-9.644999999999982,-0.1694117647058823,876.0,716.0,706.0,707.0,40900.0
2021-08-23,703.0,719.0,703.0,705.0,646.1090087890625,20400.0,763.55,791.4,818.6666666666666,885.69,16.205533596837952,806.12,-8.14666666666676,-10.05499999999995,-0.1637010676156584,876.0,716.0,706.0,707.0,40900.0
2021-08-24,705.0,723.0,705.0,722.0,661.68896484375,21200.0,758.35,783.76,817.2266666666667,883.665,31.5217391304348,803.92,-7.906666666666638,-10.315000000000056,-0.1373954599761051,876.0,719.0,705.0,703.0,20400.0
2021-08-25,717.0,728.0,717.0,723.0,662.60546875,13800.0,752.5,776.16,815.56,881.645,37.5796178343949,801.96,-7.866666666666674,-10.379999999999995,-0.1362007168458781,876.0,723.0,722.0,705.0,21200.0
2021-08-26,722.0,729.0,722.0,725.0,664.4383544921875,12200.0,744.95,768.64,813.92,879.635,54.95495495495495,800.26,-7.973333333333358,-10.25,-0.1338112305854241,876.0,728.0,723.0,717.0,13800.0
2021-08-27,720.0,728.0,720.0,723.0,662.60546875,11300.0,737.3,761.24,812.2533333333333,877.51,50.47619047619048,798.62,-8.013333333333321,-10.230000000000018,-0.1362007168458781,876.0,729.0,725.0,722.0,12200.0
2021-08-28,720.0,728.0,720.0,723.0,662.60546875,11300.0,729.65,755.48,810.6933333333334,875.365,50.47619047619048,797.16,-7.973333333333244,-10.325000000000044,-0.1403091557669441,876.0,728.0,723.0,720.0,11300.0
2021-08-29,720.0,728.0,720.0,723.0,662.60546875,11300.0,722.0,751.36,808.64,873.44,50.47619047619048,795.7,-8.586666666666702,-10.224999999999907,-0.1514084507042253,790.0,728.0,723.0,720.0,11300.0
2021-08-30,735.0,741.0,723.0,736.0,674.5194702148438,18100.0,719.3,747.2,807.0266666666666,871.58,68.75,794.5,-8.533333333333303,-10.06499999999994,-0.1196172248803827,762.0,728.0,723.0,720.0,11300.0
2021-08-31,740.0,743.0,726.0,731.0,669.9371337890625,25300.0,717.75,741.4,805.4133333333333,869.855,63.54166666666666,793.14,-8.50666666666666,-9.779999999999973,-0.1266427718040621,736.0,741.0,736.0,735.0,18100.0
2021-09-01,739.0,741.0,729.0,740.0,678.1854248046875,29800.0,719.05,735.96,803.9733333333334,868.175,54.54545454545455,791.84,-8.279999999999973,-9.335000000000036,-0.1158900836320191,740.0,743.0,731.0,740.0,25300.0
2021-09-02,742.0,754.0,739.0,751.0,688.2664794921875,19200.0,720.5,730.96,802.68,866.55,84.12698412698413,790.66,-8.013333333333435,-8.815000000000055,-0.1027479091995221,751.0,741.0,740.0,739.0,29800.0
2021-09-03,751.0,759.0,747.0,751.0,688.2664794921875,24300.0,721.95,725.96,801.3866666666667,865.05,86.88524590163934,789.62,-7.25333333333333,-8.3900000000001,-0.0973557692307692,751.0,754.0,751.0,742.0,19200.0
2021-09-04,751.0,759.0,747.0,751.0,688.2664794921875,24300.0,723.4,724.4,800.4,863.665,86.88524590163934,788.38,-6.626666666666665,-7.915000000000077,-0.0852618757612667,751.0,759.0,751.0,751.0,24300.0
2021-09-05,751.0,759.0,747.0,751.0,688.2664794921875,24300.0,725.95,723.96,799.16,862.22,86.88524590163934,787.14,-6.25333333333333,-7.634999999999991,-0.0728395061728395,751.0,759.0,751.0,751.0,24300.0
2021-09-06,760.0,783.0,759.0,781.0,715.760498046875,56800.0,729.75,726.64,798.24,861.045,92.22222222222224,786.5,-5.7333333333333485,-7.129999999999996,-0.0298136645962733,781.0,759.0,751.0,751.0,24300.0
2021-09-07,789.0,789.0,760.0,761.0,697.43115234375,36900.0,731.15,728.2,797.1466666666666,859.84,70.96774193548387,785.58,-5.533333333333303,-6.709999999999923,-0.0439698492462311,781.0,783.0,781.0,760.0,56800.0
2021-09-08,776.0,776.0,766.0,771.0,706.5958251953125,13200.0,734.3,730.16,796.2666666666667,858.685,73.52941176470588,784.92,-5.1200000000000045,-6.365000000000009,-0.0314070351758793,781.0,789.0,761.0,789.0,36900.0
2021-09-09,780.0,782.0,765.0,767.0,702.929931640625,21400.0,737.35,731.96,795.3333333333334,857.51,70.1923076923077,783.64,-5.066666666666606,-6.154999999999973,-0.0364321608040201,781.0,776.0,771.0,776.0,13200.0
2021-09-10,763.0,778.0,763.0,774.0,709.3451538085938,27500.0,740.75,734.92,794.4933333333333,856.37,73.39449541284404,782.5,-4.666666666666629,-5.850000000000023,-0.0312891113892365,781.0,782.0,767.0,780.0,21400.0
2021-09-11,763.0,778.0,763.0,774.0,709.3451538085938,27500.0,744.15,737.68,793.6533333333333,855.23,73.39449541284404,781.36,-4.5866666666667015,-5.814999999999941,-0.0385093167701863,781.0,778.0,774.0,763.0,27500.0
2021-09-12,763.0,778.0,763.0,774.0,709.3451538085938,27500.0,747.6,739.32,792.76,854.39,73.39449541284404,780.22,-4.386666666666656,-5.4500000000000455,-0.0444444444444444,781.0,778.0,774.0,763.0,27500.0
2021-09-13,766.0,782.0,766.0,782.0,716.6769409179688,17500.0,750.6,742.28,791.8266666666667,853.645,72.11538461538461,779.24,-4.439999999999941,-5.039999999999964,-0.0261519302615192,782.0,778.0,774.0,763.0,27500.0
2021-09-14,780.0,783.0,770.0,778.0,713.0110473632812,20500.0,753.35,745.16,791.0533333333333,852.99,72.81553398058253,778.3,-4.280000000000086,-4.519999999999982,-0.043050430504305,782.0,782.0,782.0,766.0,17500.0
2021-09-15,772.0,782.0,768.0,782.0,716.6769409179688,15700.0,756.2,748.2,790.32,852.355,71.42857142857143,776.96,-4.173333333333289,-4.014999999999986,-0.038130381303813,782.0,783.0,778.0,780.0,20500.0
2021-09-16,778.0,778.0,760.0,765.0,701.0969848632812,23600.0,758.3,750.56,789.36,851.635,56.730769230769226,775.18,-4.293333333333294,-3.595000000000028,-0.059040590405904,782.0,782.0,782.0,772.0,15700.0
2021-09-17,758.0,782.0,758.0,782.0,716.6769409179688,21400.0,761.25,753.64,788.6266666666667,850.98,62.8099173553719,772.52,-4.133333333333326,-3.409999999999968,-0.0309789343246592,782.0,778.0,765.0,778.0,23600.0
2021-09-18,758.0,782.0,758.0,782.0,716.6769409179688,21400.0,764.2,756.04,787.96,850.325,62.8099173553719,769.9,-3.866666666666674,-3.3199999999999363,-0.027363184079602,782.0,782.0,782.0,758.0,21400.0
2021-09-19,758.0,782.0,758.0,782.0,716.6769409179688,21400.0,766.5,758.4,787.44,849.775,62.8099173553719,767.28,-3.6133333333332303,-3.215000000000032,-0.0589651022864019,782.0,782.0,782.0,758.0,21400.0
2021-09-20,758.0,782.0,758.0,782.0,716.6769409179688,21400.0,769.05,760.68,787.0666666666667,849.345,50.54945054945055,764.66,-3.2533333333333303,-3.009999999999991,-0.0589651022864019,782.0,782.0,782.0,758.0,21400.0
2021-09-21,756.0,776.0,756.0,767.0,702.929931640625,32200.0,770.4,762.44,786.56,848.93,53.48837209302325,761.84,-2.800000000000068,-2.705000000000041,-0.0770156438026473,782.0,782.0,782.0,758.0,21400.0
2021-09-22,767.0,767.0,740.0,745.0,682.7677001953125,28300.0,770.1,763.32,785.88,848.405,36.73469387755102,759.4,-2.7466666666666697,-2.575000000000045,-0.1034897713598074,782.0,776.0,767.0,756.0,32200.0
2021-09-23,767.0,767.0,740.0,745.0,682.7677001953125,28300.0,769.8,764.2,785.2,847.88,38.29787234042553,757.78,-2.759999999999991,-2.44500000000005,-0.1034897713598074,782.0,767.0,745.0,767.0,28300.0
2021-09-24,750.0,763.0,748.0,756.0,692.8487548828125,27700.0,770.05,765.0,784.6666666666666,847.37,40.81632653061224,756.1,-2.773333333333426,-2.4049999999999727,-0.0836363636363636,782.0,767.0,745.0,767.0,28300.0
2021-09-25,750.0,763.0,748.0,756.0,692.8487548828125,27700.0,770.3,766.0,784.0933333333334,846.83,40.81632653061224,753.7,-2.9733333333333576,-2.5149999999999864,-0.1095406360424028,782.0,763.0,756.0,750.0,27700.0
2021-09-26,750.0,763.0,748.0,756.0,692.8487548828125,27700.0,769.05,766.64,783.44,846.28,40.81632653061224,751.3,-3.119999999999891,-2.6499999999999773,-0.1147540983606557,782.0,763.0,756.0,750.0,27700.0
2021-09-27,749.0,753.0,739.0,746.0,683.6842041015625,14900.0,768.3,766.44,782.5866666666667,845.535,32.0,748.7,-3.293333333333294,-2.8700000000000045,-0.1846994535519125,782.0,763.0,756.0,750.0,27700.0
2021-09-28,746.0,746.0,732.0,746.0,683.6842041015625,15000.0,767.05,766.24,781.8266666666667,844.705,33.33333333333333,746.1,-3.373333333333335,-3.1749999999999545,-0.1829134720700985,782.0,753.0,746.0,749.0,14900.0
2021-09-29,742.0,758.0,738.0,749.0,686.43359375,19400.0,766.15,766.16,780.9733333333334,843.89,32.631578947368425,745.28,-3.693333333333271,-3.480000000000018,-0.1796276013143483,782.0,746.0,746.0,746.0,15000.0
2021-09-30,770.0,770.0,746.0,753.0,690.099365234375,22800.0,765.1,766.24,780.1733333333333,843.095,42.6829268292683,745.1,-3.9200000000000728,-3.7350000000000136,-0.1752464403066812,782.0,758.0,749.0,742.0,19400.0
2021-10-01,742.0,750.0,728.0,728.0,667.1876831054688,23300.0,762.8,764.12,779.04,842.2,20.0,745.38,-4.400000000000091,-4.079999999999927,-0.198237885462555,782.0,770.0,753.0,770.0,22800.0
2021-10-02,742.0,750.0,728.0,728.0,667.1876831054688,23300.0,760.5,762.8,777.9866666666667,841.19,20.0,745.5,-4.600000000000023,-4.344999999999914,-0.160322952710496,782.0,750.0,728.0,742.0,23300.0
2021-10-03,742.0,750.0,728.0,728.0,667.1876831054688,23300.0,757.8,761.08,776.9733333333334,840.17,20.0,745.62,-4.853333333333353,-4.535000000000082,-0.1186440677966101,782.0,750.0,728.0,742.0,23300.0
2021-10-04,731.0,734.0,708.0,712.0,652.5242919921875,37900.0,754.5,758.88,775.3866666666667,839.08,16.981132075471706,745.42,-5.5866666666667015,-4.809999999999945,-0.1523809523809524,782.0,750.0,728.0,742.0,23300.0
2021-10-05,706.0,722.0,700.0,711.0,651.60791015625,35200.0,750.95,756.36,773.7866666666666,837.94,19.565217391304344,745.64,-6.386666666666656,-5.154999999999973,-0.1883561643835616,782.0,734.0,712.0,731.0,37900.0
2021-10-06,711.0,730.0,711.0,714.0,654.357177734375,19800.0,748.4,753.96,772.2266666666667,836.815,28.767123287671225,745.82,-6.813333333333276,-5.384999999999991,-0.184931506849315,782.0,722.0,711.0,706.0,35200.0
2021-10-07,711.0,723.0,708.0,716.0,656.190185546875,14400.0,745.1,751.64,770.6933333333334,835.7,30.66666666666667,745.48,-7.293333333333294,-5.490000000000009,-0.182648401826484,782.0,730.0,714.0,711.0,19800.0
2021-10-08,727.0,732.0,714.0,714.0,654.357177734375,14100.0,741.7,748.92,769.1333333333333,834.505,18.181818181818187,745.6,-7.840000000000032,-5.664999999999964,-0.184931506849315,782.0,723.0,716.0,711.0,14400.0
2021-10-09,727.0,732.0,714.0,714.0,654.357177734375,14100.0,738.3,746.36,767.6533333333333,833.38,18.181818181818187,745.76,-7.733333333333348,-5.7000000000000455,-0.0962025316455695,782.0,732.0,714.0,727.0,14100.0
2021-10-10,727.0,732.0,714.0,714.0,654.357177734375,14100.0,734.9,743.64,765.8533333333334,832.42,18.181818181818187,745.92,-7.93333333333328,-5.520000000000096,-0.0629921259842519,767.0,732.0,714.0,727.0,14100.0
2021-10-11,713.0,733.0,707.0,716.0,656.190185546875,37200.0,732.35,741.68,764.0133333333333,831.43,24.13793103448276,746.12,-8.213333333333367,-5.385000000000105,0.0028011204481792,756.0,732.0,714.0,727.0,14100.0
2021-10-12,716.0,725.0,710.0,710.0,650.69140625,17400.0,730.6,738.8,761.28,830.295,21.875,746.22,-9.413333333333412,-5.405000000000086,-0.0166204986149584,756.0,733.0,716.0,713.0,37200.0
2021-10-13,725.0,725.0,710.0,715.0,655.273681640625,18500.0,729.1,736.12,758.64,829.185,24.242424242424235,746.08,-10.49333333333334,-5.32000000000005,-0.0096952908587257,756.0,725.0,710.0,716.0,17400.0
2021-10-14,710.0,715.0,705.0,706.0,647.0255126953125,21100.0,726.6,733.08,755.88,828.03,16.901408450704224,745.74,-11.773333333333312,-5.350000000000023,-0.0221606648199446,756.0,725.0,715.0,725.0,18500.0
2021-10-15,702.0,717.0,702.0,715.0,655.273681640625,16300.0,724.55,730.4,753.24,827.0,38.18181818181818,745.54,-12.613333333333344,-5.419999999999959,0.0214285714285713,756.0,715.0,706.0,710.0,21100.0
2021-10-16,702.0,717.0,702.0,715.0,655.273681640625,16300.0,722.5,728.32,750.6666666666666,825.975,38.18181818181818,745.38,-13.346666666666692,-5.454999999999927,0.0141843971631205,753.0,717.0,715.0,702.0,16300.0
2021-10-17,702.0,717.0,702.0,715.0,655.273681640625,16300.0,720.95,727.12,748.64,824.86,38.18181818181818,745.22,-12.639999999999986,-5.434999999999945,-0.024556616643929,753.0,717.0,715.0,702.0,16300.0
2021-10-18,722.0,723.0,711.0,712.0,652.5242919921875,11100.0,719.25,725.8,747.12,823.74,50.0,745.0,-11.519999999999982,-5.444999999999936,0.0056497175141243,753.0,717.0,715.0,702.0,16300.0
2021-10-19,707.0,722.0,707.0,709.0,649.77490234375,16700.0,717.25,723.92,745.3733333333333,822.57,47.72727272727273,744.46,-10.50666666666666,-5.459999999999923,0.0042492917847025,753.0,723.0,712.0,722.0,11100.0
2021-10-20,719.0,720.0,711.0,714.0,654.357177734375,10400.0,715.3,722.24,743.2133333333334,821.425,50.0,744.12,-10.026666666666642,-5.5750000000000455,0.0113314447592067,728.0,722.0,709.0,707.0,16700.0
2021-10-21,714.0,715.0,705.0,710.0,650.69140625,15800.0,714.4,720.4,741.0,820.26,43.75,743.52,-9.666666666666629,-5.715000000000032,0.0056657223796034,728.0,720.0,714.0,719.0,10400.0
2021-10-22,707.0,712.0,704.0,705.0,646.1090087890625,12000.0,713.25,718.76,738.72,819.01,41.1764705882353,742.6,-9.91999999999996,-5.850000000000023,0.0,728.0,715.0,710.0,714.0,15800.0
2021-10-23,707.0,712.0,704.0,705.0,646.1090087890625,12000.0,712.1,717.12,736.44,817.795,41.1764705882353,741.68,-10.67999999999995,-5.94500000000005,-0.0235457063711911,716.0,712.0,705.0,707.0,12000.0
2021-10-24,707.0,712.0,704.0,705.0,646.1090087890625,12000.0,711.75,715.36,735.3066666666666,816.54,41.1764705882353,740.76,-10.06666666666672,-6.030000000000086,-0.0248962655601659,716.0,712.0,705.0,707.0,12000.0
2021-10-25,707.0,709.0,677.0,678.0,621.3644409179688,42700.0,710.1,712.36,734.1866666666666,815.235,25.00000000000001,739.3,-9.026666666666756,-6.189999999999941,-0.0648275862068965,716.0,712.0,705.0,707.0,12000.0
2021-10-26,698.0,698.0,672.0,684.0,626.8632202148438,20400.0,708.6,710.6,733.7866666666666,813.94,32.89473684210526,737.36,-7.213333333333367,-6.319999999999936,-0.0539419087136929,716.0,709.0,678.0,707.0,42700.0
2021-10-27,677.0,688.0,677.0,680.0,623.1973266601562,12900.0,706.8,708.68,733.2266666666667,812.625,26.66666666666667,735.74,-5.493333333333339,-6.384999999999991,-0.0594744121715076,716.0,698.0,684.0,698.0,20400.0
2021-10-28,687.0,709.0,668.0,704.0,645.1925659179688,82200.0,706.3,707.72,732.9866666666667,811.43,48.88888888888889,734.4,-3.453333333333376,-6.365000000000009,-0.0262793914246196,716.0,688.0,680.0,677.0,12900.0
2021-10-29,719.0,719.0,698.0,701.0,642.4431762695312,19600.0,705.65,707.28,732.7066666666667,810.175,41.66666666666667,733.08,-2.599999999999909,-6.365000000000009,-0.0475543478260869,716.0,709.0,704.0,687.0,82200.0
2021-10-30,719.0,719.0,698.0,701.0,642.4431762695312,19600.0,705.0,706.88,732.72,808.915,41.66666666666667,731.62,-1.4666666666665833,-6.32000000000005,-0.0410396716826265,716.0,719.0,701.0,719.0,19600.0
2021-10-31,719.0,719.0,698.0,701.0,642.4431762695312,19600.0,704.25,706.36,732.6666666666666,807.765,41.66666666666667,730.16,-1.1200000000000043,-6.175000000000068,-0.0527027027027027,715.0,719.0,701.0,719.0,19600.0
2021-11-01,688.0,706.0,688.0,695.0,636.9443969726562,13400.0,703.5,705.52,732.16,806.57,40.22988505747126,728.58,-1.0666666666667195,-6.05499999999995,-0.0745672436750998,715.0,719.0,701.0,719.0,19600.0
2021-11-02,691.0,703.0,691.0,701.0,642.4431762695312,5400.0,702.8,705.0,732.0666666666667,805.355,45.55555555555555,726.96,-0.9199999999999592,-6.074999999999932,-0.0665778961384819,715.0,706.0,695.0,688.0,13400.0
2021-11-03,691.0,703.0,691.0,701.0,642.4431762695312,5400.0,702.55,704.48,732.0,804.14,42.35294117647059,725.42,-0.7066666666667061,-6.034999999999968,-0.0665778961384819,715.0,703.0,701.0,691.0,5400.0
2021-11-04,701.0,709.0,695.0,704.0,645.1925659179688,28800.0,702.0,704.08,731.9733333333334,802.94,46.42857142857143,723.86,-0.7466666666666697,-5.974999999999909,-0.0625832223701731,715.0,703.0,701.0,691.0,5400.0
2021-11-05,696.0,731.0,696.0,723.0,662.60546875,47500.0,702.4,704.36,732.2,801.81,59.18367346938776,723.02,-0.4666666666665833,-5.955000000000041,-0.0742637644046094,723.0,709.0,704.0,701.0,28800.0
2021-11-06,696.0,731.0,696.0,723.0,662.60546875,47500.0,702.8,704.88,732.44,800.76,59.18367346938776,721.84,0.2800000000000864,-5.810000000000059,-0.0499342969776609,723.0,731.0,723.0,696.0,47500.0
2021-11-07,696.0,731.0,696.0,723.0,662.60546875,47500.0,703.35,705.2,732.4533333333334,799.94,59.18367346938776,720.66,0.386666666666656,-5.414999999999964,-0.0622568093385214,723.0,731.0,723.0,696.0,47500.0
2021-11-08,720.0,720.0,706.0,710.0,650.69140625,19800.0,703.4,705.36,732.28,798.975,69.04761904761905,719.22,0.2799999999999727,-5.164999999999964,-0.0743155149934811,723.0,731.0,723.0,696.0,47500.0
2021-11-09,710.0,710.0,698.0,710.0,650.69140625,20700.0,703.2,705.16,732.08,798.0,66.66666666666666,717.78,0.1066666666666833,-4.940000000000055,-0.0826873385012919,723.0,720.0,710.0,720.0,19800.0
2021-11-10,700.0,710.0,698.0,700.0,641.5266723632812,24500.0,702.7,704.56,731.7733333333333,796.975,61.90476190476191,716.44,-0.4266666666667333,-4.834999999999923,-0.0956072351421188,723.0,710.0,710.0,710.0,20700.0
2021-11-11,693.0,702.0,688.0,695.0,636.9443969726562,19900.0,702.2,703.76,731.4,795.925,43.07692307692308,715.44,-1.0400000000000773,-4.835000000000036,-0.1020671834625323,723.0,710.0,700.0,700.0,24500.0
2021-11-12,689.0,714.0,689.0,714.0,654.357177734375,30300.0,702.65,703.84,731.28,794.98,58.0246913580247,714.82,-1.173333333333403,-4.960000000000036,-0.0869565217391304,723.0,702.0,695.0,693.0,19900.0
2021-11-13,689.0,714.0,689.0,714.0,654.357177734375,30300.0,703.1,704.04,730.9866666666667,794.005,58.0246913580247,713.98,-1.293333333333294,-4.970000000000027,-0.0822622107969152,723.0,714.0,714.0,689.0,30300.0
2021-11-14,689.0,714.0,689.0,714.0,654.357177734375,30300.0,704.9,704.04,730.76,793.06,58.0246913580247,713.14,-1.32000000000005,-4.940000000000055,-0.0869565217391304,723.0,714.0,714.0,689.0,30300.0
2021-11-15,670.0,695.0,652.0,662.0,606.7008666992188,91500.0,703.8,702.12,729.72,791.855,37.00787401574803,711.26,-2.053333333333285,-5.1200000000000045,-0.1346405228758169,723.0,714.0,714.0,689.0,30300.0
2021-11-16,663.0,663.0,641.0,641.0,587.4552001953125,46600.0,701.85,699.56,728.2533333333333,790.485,28.87323943661972,709.16,-3.146666666666647,-5.439999999999941,-0.180306905370844,723.0,695.0,662.0,670.0,91500.0
2021-11-17,643.0,643.0,606.0,612.0,560.877685546875,63600.0,697.25,695.84,726.4,788.97,23.976608187134502,706.48,-4.879999999999996,-6.009999999999991,-0.217391304347826,723.0,663.0,641.0,663.0,46600.0
2021-11-18,619.0,644.0,612.0,623.0,570.958740234375,37300.0,693.35,692.56,724.6933333333334,787.51,27.374301675977648,703.96,-6.293333333333294,-6.4950000000000045,-0.2033248081841432,723.0,643.0,612.0,643.0,63600.0
2021-11-19,615.0,623.0,606.0,609.0,558.1282348632812,28500.0,688.75,689.8,722.8,785.98,17.241379310344826,701.08,-7.960000000000036,-7.079999999999927,-0.2212276214833759,723.0,644.0,623.0,619.0,37300.0
2021-11-20,615.0,623.0,606.0,609.0,558.1282348632812,28500.0,684.15,686.8,720.5066666666667,784.45,17.241379310344826,698.7,-9.213333333333368,-7.404999999999973,-0.2059973924380703,723.0,623.0,609.0,615.0,28500.0
2021-11-21,615.0,623.0,606.0,609.0,558.1282348632812,28500.0,679.85,683.96,718.48,782.92,17.241379310344826,696.32,-9.773333333333312,-7.565000000000055,-0.1825503355704698,723.0,623.0,609.0,615.0,28500.0
2021-11-22,602.0,612.0,602.0,607.0,556.2952880859375,22600.0,675.15,680.08,716.2933333333333,781.29,18.40490797546012,693.9,-10.106666666666683,-7.680000000000064,-0.185234899328859,723.0,623.0,609.0,615.0,28500.0
2021-11-23,602.0,612.0,602.0,607.0,556.2952880859375,22600.0,670.45,676.32,714.16,779.6,18.40490797546012,691.8,-10.533333333333417,-7.909999999999968,-0.1970899470899471,723.0,612.0,607.0,602.0,22600.0
2021-11-24,615.0,626.0,606.0,606.0,555.3788452148438,33800.0,665.55,672.52,711.92,777.905,19.48051948051948,689.7,-10.879999999999995,-8.075000000000045,-0.1984126984126983,723.0,612.0,607.0,602.0,22600.0
2021-11-25,602.0,634.0,593.0,634.0,581.0398559570312,91800.0,661.1,669.84,710.0533333333333,776.35,32.7683615819209,688.1,-10.453333333333376,-8.100000000000023,-0.1613756613756614,723.0,626.0,606.0,615.0,33800.0
2021-11-26,639.0,639.0,596.0,600.0,549.8800659179688,86200.0,654.95,666.04,707.7333333333333,774.685,20.3125,685.78,-10.74666666666667,-8.235000000000014,-0.1957104557640751,723.0,634.0,634.0,602.0,91800.0
2021-11-27,639.0,639.0,596.0,600.0,549.8800659179688,86200.0,648.8,662.0,705.3066666666666,773.1,20.3125,683.5,-10.98666666666668,-8.18999999999994,-0.1957104557640751,714.0,639.0,600.0,639.0,86200.0
2021-11-28,639.0,639.0,596.0,600.0,549.8800659179688,86200.0,643.3,657.96,702.9333333333333,771.66,20.3125,681.22,-11.226666666666688,-7.940000000000055,-0.1989319092122831,714.0,639.0,600.0,639.0,86200.0
2021-11-29,592.0,599.0,570.0,570.0,522.385986328125,66300.0,636.3,652.6,700.1066666666667,770.16,22.941176470588232,678.34,-11.813333333333276,-7.745000000000003,-0.2430278884462151,714.0,639.0,600.0,639.0,86200.0
2021-11-30,576.0,585.0,552.0,552.0,505.8896179199219,41700.0,628.9,645.76,697.2666666666667,768.41,23.35329341317366,675.06,-12.786666666666632,-7.940000000000055,-0.2417582417582418,714.0,599.0,570.0,592.0,66300.0
2021-12-01,545.0,564.0,540.0,554.0,507.7225036621094,51900.0,621.85,639.0,694.2266666666667,766.67,29.28571428571429,671.94,-13.50666666666666,-8.014999999999986,-0.239010989010989,714.0,585.0,552.0,576.0,41700.0
2021-12-02,554.0,568.0,546.0,563.0,515.9707641601562,45000.0,614.3,632.6,691.3066666666666,764.975,28.26086956521739,668.9,-14.0,-8.125,-0.2266483516483516,714.0,564.0,554.0,545.0,51900.0
2021-12-03,561.0,588.0,561.0,585.0,536.1329956054688,35900.0,607.85,627.6,688.68,763.745,41.78082191780823,666.48,-14.25333333333333,-7.914999999999964,-0.1783707865168539,714.0,568.0,563.0,554.0,45000.0
2021-12-04,561.0,588.0,561.0,585.0,536.1329956054688,35900.0,601.4,622.6,686.0533333333333,762.485,41.78082191780823,663.88,-14.0533333333334,-7.674999999999954,-0.1772151898734176,662.0,588.0,585.0,561.0,35900.0
2021-12-05,561.0,588.0,561.0,585.0,536.1329956054688,35900.0,597.55,618.0,683.6266666666667,761.165,41.78082191780823,661.28,-13.639999999999986,-7.245000000000003,-0.180672268907563,641.0,588.0,585.0,561.0,35900.0
2021-12-06,585.0,594.0,576.0,577.0,528.80126953125,20900.0,594.35,613.28,681.3866666666667,759.76,40.13157894736842,658.52,-12.840000000000032,-6.909999999999968,-0.1941340782122904,634.0,588.0,585.0,561.0,35900.0
2021-12-07,580.0,591.0,579.0,590.0,540.71533203125,31300.0,593.25,608.32,679.32,758.48,44.84848484848485,656.08,-11.986666666666563,-6.4950000000000045,-0.1736694677871149,634.0,594.0,577.0,585.0,20900.0
2021-12-08,587.0,591.0,573.0,576.0,527.8848266601562,27000.0,590.9,602.8,676.92,757.13,41.57303370786517,653.42,-11.759999999999993,-6.615000000000009,-0.1932773109243697,634.0,591.0,590.0,580.0,31300.0
2021-12-09,576.0,576.0,560.0,560.0,513.2213134765625,23600.0,588.45,596.64,674.3066666666666,755.7,27.71084337349397,650.34,-11.74666666666667,-6.784999999999968,-0.2156862745098039,634.0,591.0,576.0,587.0,27000.0
2021-12-10,560.0,560.0,537.0,545.0,499.4743041992188,23200.0,585.25,591.96,671.4933333333333,754.225,31.29251700680273,647.04,-12.133333333333326,-6.939999999999941,-0.2388268156424581,634.0,576.0,560.0,576.0,23600.0
2021-12-11,560.0,560.0,537.0,545.0,499.4743041992188,23200.0,582.05,588.12,668.8133333333334,752.785,31.29251700680273,643.84,-12.573333333333268,-6.975000000000023,-0.2323943661971831,634.0,560.0,545.0,560.0,23200.0
2021-12-12,560.0,560.0,537.0,545.0,499.4743041992188,23200.0,578.95,585.44,666.1333333333333,751.38,31.29251700680273,640.64,-13.186666666666724,-7.100000000000023,-0.2377622377622378,634.0,560.0,545.0,560.0,23200.0
2021-12-13,540.0,555.0,533.0,545.0,499.4743041992188,23800.0,575.85,582.32,663.4133333333333,749.855,39.31623931623932,637.44,-13.50666666666666,-7.274999999999977,-0.2280453257790368,634.0,560.0,545.0,560.0,23200.0
2021-12-14,538.0,544.0,531.0,539.0,493.9755554199219,23600.0,572.5,579.52,660.56,748.32,43.80952380952381,634.66,-13.74666666666667,-7.3799999999999955,-0.2461538461538461,634.0,555.0,545.0,540.0,23800.0
2021-12-15,545.0,555.0,539.0,545.0,499.4743041992188,16000.0,568.05,576.96,658.12,746.815,45.87155963302752,631.88,-13.373333333333337,-7.409999999999968,-0.2377622377622378,600.0,544.0,539.0,538.0,23600.0
2021-12-16,553.0,553.0,536.0,549.0,503.1402282714844,24000.0,565.5,574.56,655.7333333333333,745.33,43.26923076923077,629.26,-13.08000000000004,-7.454999999999927,-0.2321678321678322,600.0,555.0,545.0,545.0,16000.0
2021-12-17,550.0,550.0,519.0,519.0,475.6462707519531,28200.0,561.45,571.04,652.9466666666667,743.68,20.53571428571428,625.56,-13.18666666666661,-7.700000000000045,-0.2710674157303371,600.0,553.0,549.0,553.0,24000.0
2021-12-18,550.0,550.0,519.0,519.0,475.6462707519531,28200.0,557.4,567.52,650.3733333333333,742.085,20.53571428571428,621.92,-13.039999999999964,-7.769999999999982,-0.2679830747531735,590.0,550.0,519.0,550.0,28200.0
2021-12-19,550.0,550.0,519.0,519.0,475.6462707519531,28200.0,554.85,564.04,647.8133333333334,740.555,20.53571428571428,618.28,-12.746666666666556,-7.7650000000001,-0.273109243697479,590.0,550.0,519.0,550.0,28200.0
2021-12-20,520.0,535.0,516.0,525.0,481.14501953125,45100.0,553.5,559.68,645.2933333333333,739.0,26.36363636363636,614.76,-12.82666666666671,-7.815000000000055,-0.2605633802816901,590.0,550.0,519.0,550.0,28200.0
2021-12-21,522.0,530.0,513.0,522.0,478.3955993652344,36000.0,551.9,556.56,642.7066666666667,737.44,16.0,611.3,-13.026666666666642,-7.889999999999986,-0.2595744680851064,590.0,535.0,525.0,520.0,45100.0
2021-12-22,531.0,574.0,525.0,568.0,520.5531005859375,66400.0,552.15,555.28,640.76,736.11,46.96969696969697,608.64,-12.186666666666724,-7.569999999999936,-0.1943262411347517,590.0,530.0,522.0,522.0,36000.0
2021-12-23,571.0,571.0,547.0,554.0,507.7225036621094,23100.0,550.6,553.44,638.6266666666667,734.71,47.69230769230769,605.7,-11.74666666666667,-7.375,-0.2141843971631205,590.0,574.0,568.0,531.0,66400.0
2021-12-24,559.0,560.0,539.0,539.0,493.9755554199219,16200.0,548.3,552.2,636.2933333333333,733.3,47.69230769230769,602.4,-11.520000000000095,-7.2549999999999955,-0.2050147492625368,590.0,571.0,554.0,571.0,23100.0
2021-12-25,559.0,560.0,539.0,539.0,493.9755554199219,16200.0,546.0,551.68,633.9333333333333,731.855,47.69230769230769,598.72,-11.360000000000014,-7.144999999999982,-0.2119883040935672,590.0,560.0,539.0,559.0,16200.0
2021-12-26,559.0,560.0,539.0,539.0,493.9755554199219,16200.0,544.1,551.08,631.6533333333333,730.425,47.69230769230769,595.04,-11.0533333333334,-7.0150000000001,-0.2073529411764706,590.0,560.0,539.0,559.0,16200.0
2021-12-27,537.0,537.0,512.0,514.0,471.06390380859375,46100.0,540.3,549.12,628.9733333333334,728.845,39.99999999999999,590.86,-11.786666666666632,-7.264999999999986,-0.2698863636363636,576.0,560.0,539.0,559.0,16200.0
2021-12-28,512.0,525.0,508.0,522.0,478.3955993652344,44500.0,537.6,546.6,626.52,727.215,44.5859872611465,587.1,-12.106666666666683,-7.495000000000003,-0.2553495007132668,568.0,537.0,514.0,537.0,46100.0
2021-12-29,532.0,596.0,529.0,576.0,527.8848266601562,87500.0,538.4,546.24,624.6666666666666,725.855,57.5609756097561,584.42,-11.626666666666663,-7.444999999999936,-0.1783166904422254,576.0,525.0,522.0,512.0,44500.0
2021-12-30,570.0,580.0,556.0,580.0,531.5507202148438,33200.0,540.15,546.04,622.8666666666667,724.515,57.5609756097561,582.02,-11.066666666666606,-7.340000000000032,-0.1726105563480742,580.0,596.0,576.0,532.0,87500.0
2021-12-31,570.0,580.0,556.0,580.0,531.5507202148438,33200.0,541.9,546.16,621.0666666666667,723.215,67.42857142857143,579.72,-10.586666666666588,-7.209999999999923,-0.1654676258992805,580.0,580.0,580.0,570.0,33200.0
2022-01-01,570.0,580.0,556.0,580.0,531.5507202148438,33200.0,543.65,545.76,619.3066666666666,721.73,67.42857142857143,577.04,-9.666666666666742,-7.115000000000009,-0.1726105563480742,580.0,580.0,580.0,570.0,33200.0
2022-01-02,570.0,580.0,556.0,580.0,531.5507202148438,33200.0,545.4,545.92,617.5866666666667,720.345,67.42857142857143,574.36,-8.93333333333328,-6.8700000000000045,-0.1726105563480742,580.0,580.0,580.0,570.0,33200.0
2022-01-03,570.0,580.0,556.0,580.0,531.5507202148438,33200.0,547.45,546.72,615.8,718.985,66.27218934911242,571.68,-8.866666666666674,-6.8700000000000045,-0.1761363636363636,580.0,580.0,580.0,570.0,33200.0
2022-01-04,590.0,591.0,560.0,569.0,521.469482421875,29800.0,548.65,547.68,613.92,717.59,63.27683615819209,569.82,-8.946666666666715,-6.9249999999999545,-0.2130013831258644,580.0,580.0,580.0,570.0,33200.0
2022-01-05,576.0,576.0,550.0,553.0,506.8061218261719,18400.0,548.85,548.0,611.8933333333333,716.115,44.89795918367347,568.06,-9.173333333333405,-7.100000000000023,-0.2351313969571231,580.0,591.0,569.0,590.0,29800.0
2022-01-06,549.0,552.0,532.0,532.0,487.5602722167969,21000.0,549.5,547.48,609.5866666666667,714.535,42.85714285714285,566.46,-9.719999999999914,-7.19500000000005,-0.26417704011065,580.0,576.0,553.0,576.0,18400.0
2022-01-07,548.0,553.0,527.0,550.0,504.05670166015625,38300.0,551.05,547.68,607.52,713.16,53.5031847133758,565.0,-10.06666666666672,-7.185000000000059,-0.2253521126760563,580.0,552.0,532.0,549.0,21000.0
2022-01-08,548.0,553.0,527.0,550.0,504.05670166015625,38300.0,552.6,548.12,605.8133333333334,711.69,53.5031847133758,563.82,-9.986666666666563,-7.294999999999959,-0.2253521126760563,580.0,553.0,550.0,548.0,38300.0
2022-01-09,548.0,553.0,527.0,550.0,504.05670166015625,38300.0,553.85,548.32,604.0266666666666,710.19,53.5031847133758,562.64,-9.893333333333317,-7.399999999999977,-0.2142857142857143,580.0,553.0,550.0,548.0,38300.0
2022-01-10,548.0,553.0,527.0,550.0,504.05670166015625,38300.0,555.25,548.36,602.2933333333333,708.725,63.63636363636363,561.46,-9.600000000000025,-7.389999999999986,-0.2086330935251799,580.0,553.0,550.0,548.0,38300.0
2022-01-11,560.0,560.0,531.0,532.0,487.5602722167969,35400.0,553.45,548.88,600.0,707.2,53.52112676056338,559.96,-9.586666666666702,-7.334999999999923,-0.2549019607843137,580.0,553.0,550.0,548.0,38300.0
2022-01-12,552.0,578.0,545.0,578.0,529.7177124023438,29300.0,554.65,551.24,598.36,705.905,50.74626865671642,559.38,-9.159999999999968,-7.2549999999999955,-0.1904761904761904,580.0,560.0,532.0,560.0,35400.0
2022-01-13,578.0,579.0,558.0,579.0,530.6342163085938,24900.0,556.65,553.64,596.7333333333333,704.615,49.61832061068702,558.84,-9.08000000000004,-7.0750000000000455,-0.1890756302521008,580.0,578.0,578.0,552.0,29300.0
2022-01-14,582.0,582.0,555.0,559.0,512.3048706054688,27900.0,557.65,555.0,594.84,703.225,43.04635761589404,557.34,-9.18666666666661,-6.965000000000032,-0.1555891238670694,580.0,579.0,579.0,578.0,24900.0
2022-01-15,582.0,582.0,555.0,559.0,512.3048706054688,27900.0,558.65,556.48,593.0266666666666,701.815,43.04635761589404,556.52,-9.266666666666652,-6.909999999999968,-0.1279251170046802,580.0,582.0,559.0,582.0,27900.0
2022-01-16,582.0,582.0,555.0,559.0,512.3048706054688,27900.0,560.9,556.12,591.1333333333333,700.35,43.04635761589404,555.7,-8.866666666666674,-6.850000000000023,-0.0866013071895425,580.0,582.0,559.0,582.0,27900.0
2022-01-17,562.0,563.0,538.0,550.0,504.05670166015625,38700.0,562.3,555.96,589.12,698.92,40.625,554.7,-9.240000000000007,-6.985000000000014,-0.1171749598715891,580.0,582.0,559.0,582.0,27900.0
2022-01-18,557.0,577.0,554.0,556.0,509.5554504394531,28500.0,561.3,556.64,587.1466666666666,697.515,45.80645161290323,554.42,-9.586666666666702,-7.100000000000023,-0.0870279146141215,580.0,563.0,550.0,562.0,38700.0
2022-01-19,544.0,551.0,518.0,518.0,474.7297668457031,22100.0,558.2,555.8,584.4133333333333,695.92,40.11299435028248,553.74,-10.426666666666732,-7.305000000000064,-0.1494252873563218,580.0,577.0,556.0,557.0,28500.0
2022-01-20,521.0,556.0,521.0,552.0,505.8896179199219,28600.0,556.8,556.32,582.1333333333333,694.495,55.26315789473684,553.7,-10.893333333333317,-7.32000000000005,-0.0935960591133004,580.0,551.0,518.0,544.0,22100.0
2022-01-21,536.0,551.0,531.0,551.0,504.9730529785156,19500.0,555.35,557.8,579.84,693.09,50.28901734104046,553.46,-11.293333333333294,-7.259999999999991,-0.0922570016474464,580.0,556.0,552.0,521.0,28600.0
2022-01-22,536.0,551.0,531.0,551.0,504.9730529785156,19500.0,553.9,558.96,577.72,691.74,50.28901734104046,552.78,-11.399999999999975,-7.17999999999995,-0.0922570016474464,580.0,551.0,551.0,536.0,19500.0
2022-01-23,536.0,551.0,531.0,551.0,504.9730529785156,19500.0,552.45,557.96,575.6,690.445,50.28901734104046,552.1,-11.546666666666624,-7.069999999999936,-0.0907590759075908,579.0,551.0,551.0,536.0,19500.0
2022-01-24,534.0,565.0,532.0,565.0,517.8037109375,22100.0,552.25,557.36,573.8,689.245,54.01069518716577,551.7,-10.613333333333344,-6.6749999999999545,-0.1088328075709779,579.0,551.0,551.0,536.0,19500.0
2022-01-25,568.0,568.0,528.0,534.0,489.3931884765625,37900.0,551.3,555.52,571.6533333333333,687.935,50.5,550.84,-10.480000000000018,-6.560000000000059,-0.1099999999999999,579.0,565.0,565.0,534.0,22100.0
2022-01-26,533.0,548.0,529.0,537.0,492.1426086425781,22800.0,551.55,553.8,569.2933333333333,686.64,36.94267515923568,549.78,-10.546666666666738,-6.4500000000000455,-0.1049999999999999,579.0,568.0,534.0,568.0,37900.0
2022-01-27,557.0,557.0,510.0,512.0,469.23095703125,42100.0,549.65,551.08,566.6,685.22,31.49171270718232,548.5,-11.120000000000005,-6.519999999999982,-0.1466666666666666,579.0,548.0,537.0,533.0,22800.0
2022-01-28,529.0,595.0,529.0,581.0,532.4672241210938,239500.0,551.2,551.12,564.8266666666667,684.13,54.78260869565218,548.92,-10.773333333333312,-6.315000000000055,0.0192982456140351,581.0,557.0,512.0,557.0,42100.0
2022-01-29,529.0,595.0,529.0,581.0,532.4672241210938,239500.0,552.75,551.6,563.7466666666667,683.01,54.78260869565218,549.64,-10.053333333333285,-6.235000000000014,0.0525362318840578,581.0,595.0,581.0,529.0,239500.0
2022-01-30,529.0,595.0,529.0,581.0,532.4672241210938,239500.0,554.3,552.72,562.9466666666667,681.865,54.78260869565218,550.36,-8.706666666666592,-6.069999999999936,0.0487364620938628,581.0,595.0,581.0,529.0,239500.0
2022-01-31,610.0,667.0,587.0,657.0,602.11865234375,205900.0,560.55,557.72,563.5466666666666,681.135,68.01346801346801,552.6,-5.74666666666667,-5.504999999999996,0.1669626998223801,657.0,595.0,581.0,529.0,239500.0
2022-02-01,648.0,648.0,616.0,623.0,570.958740234375,107800.0,562.8,560.64,563.5466666666666,680.185,60.30769230769231,554.16,-3.0533333333333985,-5.035000000000082,0.0649572649572649,657.0,667.0,657.0,610.0,205900.0
2022-02-02,623.0,646.0,613.0,630.0,577.3739624023438,42000.0,565.35,563.84,563.8266666666667,679.27,69.04761904761905,555.98,-1.0,-4.860000000000014,0.0769230769230768,657.0,648.0,623.0,648.0,107800.0
2022-02-03,615.0,620.0,597.0,601.0,550.7965087890625,38900.0,567.45,565.88,563.72,678.21,58.47750865051903,557.1,-0.0266666666666424,-4.7999999999999545,0.0273504273504272,657.0,646.0,630.0,623.0,42000.0
2022-02-04,601.0,650.0,601.0,650.0,595.7034301757812,78200.0,572.0,569.88,564.2666666666667,677.425,64.68842729970326,559.12,1.3199999999999363,-4.440000000000055,0.1265164644714038,657.0,620.0,601.0,615.0,38900.0
2022-02-05,601.0,650.0,601.0,650.0,595.7034301757812,78200.0,576.55,574.6,564.84,676.655,64.68842729970326,561.74,1.2933333333334076,-4.480000000000018,0.1016949152542372,657.0,650.0,650.0,601.0,78200.0
2022-02-06,601.0,650.0,601.0,650.0,595.7034301757812,78200.0,581.55,577.48,565.4133333333333,675.75,64.68842729970326,564.36,1.8666666666666745,-4.434999999999945,0.1284722222222223,657.0,650.0,650.0,601.0,78200.0
2022-02-07,640.0,640.0,609.0,611.0,559.961181640625,40300.0,584.3,578.76,565.48,674.65,56.353591160220994,566.2,1.6533333333333076,-4.6200000000000045,0.0910714285714284,657.0,650.0,650.0,601.0,78200.0
2022-02-08,610.0,627.0,590.0,595.0,545.2976684570312,35900.0,588.15,580.2,564.96,673.47,58.78962536023055,567.6,1.240000000000009,-4.740000000000009,0.0917431192660549,657.0,640.0,611.0,640.0,40300.0
2022-02-09,596.0,615.0,595.0,615.0,563.6270751953125,14200.0,591.3,582.44,565.16,672.39,60.71428571428572,569.46,0.8933333333333167,-5.034999999999968,0.1284403669724769,657.0,627.0,595.0,610.0,35900.0
2022-02-10,616.0,626.0,602.0,621.0,569.125732421875,22800.0,594.8,584.92,565.44,671.34,65.79710144927536,570.52,0.6000000000000227,-5.314999999999941,0.1394495412844036,657.0,615.0,615.0,596.0,14200.0
2022-02-11,616.0,626.0,602.0,621.0,569.125732421875,22800.0,598.3,587.76,565.72,670.32,57.2463768115942,571.86,0.3066666666667288,-5.42999999999995,0.1394495412844036,657.0,626.0,621.0,616.0,22800.0
2022-02-12,616.0,626.0,602.0,621.0,569.125732421875,22800.0,601.8,590.36,566.4,669.18,57.2463768115942,573.5,0.9199999999999592,-5.470000000000027,0.1521335807050092,657.0,626.0,621.0,616.0,22800.0
2022-02-13,616.0,626.0,602.0,621.0,569.125732421875,22800.0,604.6,594.48,567.32,668.015,57.2463768115942,575.14,2.3600000000000136,-5.455000000000041,0.1394495412844036,657.0,626.0,621.0,616.0,22800.0
2022-02-14,571.0,579.0,556.0,565.0,517.8037109375,50200.0,606.15,595.0,567.4666666666667,666.265,32.03125,575.66,2.306666666666729,-6.125,0.0291438979963569,657.0,626.0,621.0,616.0,22800.0
2022-02-15,565.0,620.0,559.0,598.0,548.0470581054688,38100.0,609.2,596.88,567.9333333333333,664.69,45.09803921568627,577.34,2.4933333333332257,-6.649999999999977,0.1522157996146436,657.0,579.0,565.0,571.0,50200.0
2022-02-16,595.0,617.0,595.0,597.0,547.130615234375,18600.0,613.45,598.72,568.0933333333334,663.11,43.373493975903614,578.84,2.373333333333335,-7.210000000000036,0.1502890173410405,657.0,620.0,598.0,565.0,38100.0
2022-02-17,597.0,616.0,597.0,602.0,551.7129516601562,25300.0,614.5,600.76,568.32,661.555,50.22222222222221,579.36,1.9200000000000728,-7.625,0.1599229287090557,657.0,617.0,597.0,595.0,18600.0
2022-02-18,589.0,609.0,587.0,605.0,554.46240234375,21200.0,615.7,602.36,568.5866666666667,660.04,37.43016759776536,579.86,1.2666666666666515,-7.975000000000023,0.1523809523809522,657.0,616.0,602.0,597.0,25300.0
2022-02-19,589.0,609.0,587.0,605.0,554.46240234375,21200.0,616.9,605.2,568.96,658.73,37.43016759776536,580.36,1.4933333333333394,-7.534999999999968,0.1590038314176245,657.0,609.0,605.0,589.0,21200.0
2022-02-20,589.0,609.0,587.0,605.0,554.46240234375,21200.0,614.3,607.92,569.16,657.625,37.43016759776536,580.86,1.226666666666688,-7.065000000000055,0.0651408450704225,650.0,609.0,605.0,589.0,21200.0
2022-02-21,665.0,666.0,652.0,659.0,603.9515991210938,336600.0,616.1,613.8,570.2666666666667,656.72,62.37113402061856,582.44,2.1733333333332894,-6.389999999999986,0.1895306859205776,659.0,609.0,605.0,589.0,21200.0
2022-02-22,657.0,661.0,653.0,654.0,599.3692016601562,171200.0,617.3,616.72,571.52,655.61,66.12021857923497,583.92,3.199999999999932,-5.944999999999936,0.2133580705009277,659.0,666.0,659.0,665.0,336600.0
2022-02-23,657.0,661.0,653.0,654.0,599.3692016601562,171200.0,619.95,619.64,572.9733333333334,654.5,61.96319018404908,585.62,4.386666666666656,-5.539999999999964,0.2133580705009277,659.0,661.0,654.0,657.0,171200.0
2022-02-24,656.0,659.0,652.0,657.0,602.11865234375,109300.0,620.3,622.68,574.4666666666667,653.405,61.25,587.7,5.506666666666661,-5.3250000000000455,0.2189239332096475,659.0,661.0,654.0,657.0,171200.0
2022-02-25,655.0,659.0,655.0,656.0,601.2022094726562,59300.0,620.6,622.64,575.9466666666667,652.305,60.869565217391305,590.18,6.786666666666747,-5.32000000000005,0.2762645914396886,659.0,659.0,657.0,656.0,109300.0
2022-02-26,655.0,659.0,655.0,656.0,601.2022094726562,59300.0,620.9,623.96,577.4266666666666,651.635,60.869565217391305,592.3,7.159999999999968,-5.085000000000036,0.2567049808429118,659.0,659.0,656.0,655.0,59300.0
2022-02-27,655.0,659.0,655.0,656.0,601.2022094726562,59300.0,623.15,625.0,578.9866666666667,651.105,60.869565217391305,594.42,7.466666666666697,-4.504999999999996,0.1388888888888888,659.0,659.0,656.0,655.0,59300.0
2022-02-28,659.0,664.0,656.0,660.0,604.8679809570312,73700.0,626.4,627.36,580.52,650.835,93.57798165137616,596.62,7.546666666666624,-3.664999999999964,0.1379310344827586,660.0,659.0,656.0,655.0,59300.0
2022-03-01,661.0,663.0,659.0,660.0,604.8679809570312,90900.0,628.65,627.76,582.0,650.525,90.78947368421052,598.82,7.533333333333303,-2.8799999999999955,0.1379310344827586,660.0,664.0,660.0,659.0,73700.0
2022-03-02,660.0,662.0,659.0,659.0,603.9515991210938,35800.0,630.55,628.12,583.8666666666667,650.21,90.78947368421052,601.36,7.919999999999959,-2.0949999999999136,0.1362068965517242,660.0,663.0,660.0,661.0,90900.0
2022-03-03,660.0,662.0,659.0,659.0,603.9515991210938,33700.0,632.45,628.48,585.7333333333333,649.895,90.14084507042251,602.98,8.306666666666729,-1.740000000000009,0.1362068965517242,660.0,662.0,659.0,660.0,35800.0
2022-03-04,660.0,660.0,658.0,658.0,603.0350952148438,81600.0,634.3,630.36,587.5866666666667,649.685,88.40579710144928,604.56,8.600000000000023,-1.4200000000000728,0.1344827586206896,660.0,662.0,659.0,660.0,33700.0
2022-03-05,660.0,660.0,658.0,658.0,603.0350952148438,81600.0,636.15,632.88,589.36,649.45,88.40579710144928,606.54,8.840000000000032,-1.384999999999991,0.1564147627416521,660.0,660.0,658.0,660.0,81600.0
2022-03-06,660.0,660.0,658.0,658.0,603.0350952148438,81600.0,640.8,634.6,591.1733333333333,649.075,88.40579710144928,608.52,9.17333333333329,-1.4499999999999318,0.1898734177215189,660.0,660.0,658.0,660.0,81600.0
2022-03-07,658.0,659.0,655.0,655.0,600.2857055664062,121300.0,643.65,635.96,592.3333333333334,648.81,38.888888888888886,610.44,8.466666666666697,-1.400000000000091,0.2312030075187969,660.0,660.0,658.0,660.0,81600.0
2022-03-08,655.0,656.0,652.0,655.0,600.2857055664062,182600.0,646.55,637.32,593.68,648.555,53.846153846153854,612.54,7.9466666666666015,-1.3400000000000318,0.1909090909090909,660.0,659.0,655.0,658.0,121300.0
2022-03-09,655.0,656.0,652.0,656.0,601.2022094726562,36000.0,649.25,638.72,595.24,648.305,57.14285714285714,614.54,7.653333333333308,-1.3799999999999957,0.1927272727272726,660.0,656.0,655.0,655.0,182600.0
2022-03-10,657.0,658.0,653.0,654.0,599.3692016601562,20400.0,651.7,640.04,596.7733333333333,648.045,38.46153846153846,617.26,7.413333333333298,-1.4050000000000864,0.1890909090909092,660.0,656.0,656.0,655.0,36000.0
2022-03-11,653.0,656.0,647.0,653.0,598.4527587890625,45400.0,654.1,643.56,598.2933333333333,647.785,38.46153846153846,619.28,7.1200000000000045,-1.2900000000000773,0.1872727272727272,660.0,658.0,654.0,657.0,20400.0
2022-03-12,653.0,656.0,647.0,653.0,598.4527587890625,45400.0,656.5,645.76,600.1466666666666,647.44,38.46153846153846,621.32,7.813333333333276,-1.3699999999998909,0.2274436090225564,660.0,656.0,653.0,653.0,45400.0
2022-03-13,653.0,656.0,647.0,653.0,598.4527587890625,45400.0,656.2,648.0,601.8933333333333,647.09,38.46153846153846,623.36,8.213333333333367,-1.464999999999918,0.1297577854671281,660.0,656.0,653.0,653.0,45400.0
2022-03-14,648.0,650.0,642.0,648.0,593.870361328125,28500.0,655.9,649.84,602.8533333333334,646.705,7.142857142857139,625.3,7.613333333333344,-1.599999999999909,0.1191709844559585,660.0,656.0,653.0,653.0,45400.0
2022-03-15,644.0,651.0,641.0,651.0,596.6197509765625,40000.0,655.75,651.68,603.8,646.345,23.529411764705884,627.02,7.026666666666642,-1.6999999999999318,0.1645796064400715,660.0,650.0,648.0,648.0,28500.0
2022-03-16,650.0,656.0,648.0,654.0,599.3692016601562,24800.0,655.6,653.64,604.7866666666666,646.0,36.8421052631579,629.42,6.493333333333339,-1.7849999999999682,0.1699463327370303,660.0,651.0,651.0,644.0,40000.0
2022-03-17,654.0,655.0,649.0,652.0,597.5362548828125,31900.0,655.4,655.52,605.7466666666667,645.645,33.33333333333333,631.72,5.600000000000023,-1.7950000000000728,0.1663685152057246,660.0,656.0,654.0,650.0,24800.0
2022-03-18,642.0,650.0,641.0,650.0,595.7034301757812,11900.0,655.1,655.16,606.68,645.215,31.818181818181827,634.48,4.786666666666633,-1.875,0.1818181818181818,660.0,655.0,652.0,654.0,31900.0
2022-03-19,642.0,650.0,641.0,650.0,595.7034301757812,11900.0,654.8,655.0,607.6133333333333,644.81,31.818181818181827,635.86,4.759999999999991,-1.8950000000000955,0.1690647482014389,660.0,650.0,650.0,642.0,11900.0
2022-03-20,642.0,650.0,641.0,650.0,595.7034301757812,11900.0,654.3,654.84,608.6933333333334,644.36,31.818181818181827,637.24,4.89333333333343,-1.9850000000000136,0.2548262548262547,660.0,650.0,650.0,642.0,11900.0
2022-03-21,642.0,650.0,641.0,650.0,595.7034301757812,11900.0,653.8,654.56,609.9866666666667,643.855,36.8421052631579,638.62,5.2000000000000455,-2.144999999999982,0.1775362318840578,659.0,650.0,650.0,642.0,11900.0
2022-03-22,649.0,649.0,639.0,641.0,587.4552001953125,14400.0,652.9,653.96,611.44,643.305,25.0,638.3,5.693333333333385,-2.340000000000032,0.1633393829401088,659.0,650.0,650.0,642.0,11900.0
2022-03-23,637.0,648.0,637.0,638.0,584.7057495117188,43700.0,651.85,653.24,612.6133333333333,642.74,20.0,638.6,5.933333333333394,-2.4750000000000227,0.1578947368421053,658.0,649.0,641.0,649.0,14400.0
2022-03-24,662.0,738.0,650.0,738.0,676.3524169921875,239800.0,655.85,656.52,615.12,642.675,82.8125,640.76,7.506666666666661,-2.134999999999991,0.339382940108893,738.0,648.0,638.0,637.0,43700.0
2022-03-25,798.0,799.0,726.0,751.0,688.2664794921875,100900.0,660.5,660.16,617.8,642.525,85.0,643.76,9.10666666666657,-1.8350000000000364,0.3292035398230089,751.0,738.0,738.0,662.0,239800.0
2022-03-26,798.0,799.0,726.0,751.0,688.2664794921875,100900.0,665.15,663.8,620.48,642.475,85.0,645.78,10.49333333333334,-1.3799999999999957,0.4063670411985018,751.0,799.0,751.0,798.0,100900.0
2022-03-27,798.0,799.0,726.0,751.0,688.2664794921875,100900.0,669.95,667.48,623.4,642.375,85.0,647.8,11.959999999999924,-0.92999999999995,0.398510242085661,751.0,799.0,751.0,798.0,100900.0
2022-03-28,712.0,737.0,703.0,730.0,669.0206909179688,39000.0,673.7,670.32,625.4266666666666,642.19,76.28205128205128,649.4,12.813333333333276,-0.5499999999999545,0.42578125,751.0,799.0,751.0,798.0,100900.0
2022-03-29,715.0,735.0,710.0,724.0,663.5219116210938,12400.0,677.1,672.96,627.36,641.94,72.95597484276729,651.66,12.240000000000007,-0.7349999999999,0.2461273666092942,751.0,737.0,730.0,712.0,39000.0
2022-03-30,709.0,713.0,680.0,694.0,636.0279541015625,14900.0,679.1,674.4,629.16,641.54,60.75268817204301,653.64,11.360000000000014,-0.9850000000000136,0.1944922547332186,751.0,735.0,724.0,715.0,12400.0
2022-03-31,719.0,719.0,675.0,675.0,618.6149291992188,14300.0,680.2,675.08,630.7066666666667,641.045,55.66502463054187,654.84,10.226666666666688,-1.4300000000000637,0.1617900172117039,751.0,713.0,694.0,709.0,14900.0
2022-04-01,675.0,678.0,660.0,671.0,614.9491577148438,13700.0,681.1,675.72,632.2,640.49,55.12195121951219,655.84,8.800000000000068,-1.884999999999991,0.0213089802130899,751.0,719.0,675.0,719.0,14300.0
2022-04-02,675.0,678.0,660.0,671.0,614.9491577148438,13700.0,682.0,676.36,633.8133333333334,639.955,55.12195121951219,656.84,8.38666666666677,-2.2350000000000136,0.0770465489566614,751.0,678.0,671.0,675.0,13700.0
2022-04-03,675.0,678.0,660.0,671.0,614.9491577148438,13700.0,683.15,676.96,635.3466666666667,639.4,55.12195121951219,657.84,7.986666666666679,-2.5400000000000773,0.065079365079365,751.0,678.0,671.0,675.0,13700.0
2022-04-04,671.0,690.0,667.0,690.0,632.3619995117188,12100.0,685.1,678.4,637.64,639.025,58.92857142857143,659.22,8.480000000000018,-2.5149999999999864,0.1480865224625625,751.0,678.0,671.0,675.0,13700.0
2022-04-05,700.0,700.0,675.0,676.0,619.5314331054688,7700.0,686.2,679.32,639.2933333333333,638.495,57.64192139737991,661.44,8.586666666666588,-2.5499999999999545,0.04,751.0,690.0,690.0,671.0,12100.0
2022-04-06,673.0,691.0,673.0,691.0,633.2785034179688,5900.0,688.15,680.84,641.16,638.04,60.99585062240664,663.3,8.959999999999923,-2.450000000000045,0.063076923076923,751.0,700.0,676.0,700.0,7700.0
2022-04-07,684.0,685.0,662.0,675.0,618.6149291992188,20500.0,689.4,681.72,642.8133333333334,637.505,29.936305732484072,664.86,9.0,-2.450000000000045,0.0384615384615385,751.0,691.0,691.0,673.0,5900.0
2022-04-08,682.0,688.0,671.0,676.0,619.5314331054688,7200.0,690.7,682.84,644.48,636.975,24.13793103448276,666.34,9.133333333333326,-2.4249999999999545,0.1063829787234043,751.0,685.0,675.0,684.0,20500.0
2022-04-09,682.0,688.0,671.0,676.0,619.5314331054688,7200.0,692.0,683.84,645.96,636.52,24.13793103448276,667.76,8.32000000000005,-2.5049999999999955,0.1361344537815125,751.0,688.0,676.0,682.0,7200.0
2022-04-10,682.0,688.0,671.0,676.0,619.5314331054688,7200.0,693.3,684.72,647.8533333333334,636.175,24.13793103448276,669.18,8.56000000000006,-2.32000000000005,0.0991869918699186,751.0,688.0,676.0,682.0,7200.0
2022-04-11,676.0,682.0,666.0,680.0,623.1973266601562,5000.0,695.25,685.84,649.76,635.85,30.46875,670.68,8.600000000000023,-2.189999999999941,0.0950080515297906,751.0,688.0,676.0,682.0,7200.0
2022-04-12,680.0,680.0,664.0,670.0,614.03271484375,17600.0,696.85,686.64,651.8666666666667,635.42,29.545454545454547,670.9,9.053333333333285,-2.0850000000000364,0.0789049919484701,751.0,682.0,680.0,676.0,5000.0
2022-04-13,696.0,696.0,666.0,673.0,616.7821044921875,15300.0,693.6,687.56,653.0933333333334,635.005,39.99999999999999,671.28,8.613333333333344,-1.9700000000000275,0.0837359098228662,751.0,680.0,670.0,680.0,17600.0
2022-04-14,671.0,682.0,668.0,670.0,614.03271484375,17100.0,689.55,688.36,654.28,634.575,47.19101123595505,671.6,8.319999999999936,-1.9449999999999363,0.0789049919484701,751.0,696.0,673.0,696.0,15300.0
2022-04-15,670.0,676.0,668.0,670.0,614.03271484375,8300.0,685.5,689.16,655.4666666666667,634.195,49.41176470588236,671.86,7.613333333333344,-1.9799999999999045,0.1858407079646018,751.0,682.0,670.0,671.0,17100.0
2022-04-16,670.0,676.0,668.0,670.0,614.03271484375,8300.0,681.45,690.32,655.64,633.815,49.41176470588236,672.14,5.879999999999996,-2.034999999999968,0.120401337792642,730.0,676.0,670.0,670.0,8300.0
2022-04-17,670.0,676.0,668.0,670.0,614.03271484375,8300.0,678.45,691.6,656.2666666666667,633.42,49.41176470588236,672.42,4.399999999999977,-2.0,0.1222780569514236,724.0,676.0,670.0,670.0,8300.0
2022-04-18,674.0,676.0,669.0,672.0,615.8656005859375,6200.0,675.85,688.96,656.8266666666667,633.015,36.76470588235295,672.74,3.733333333333349,-1.990000000000009,0.1162790697674418,694.0,676.0,670.0,670.0,8300.0
2022-04-19,672.0,677.0,669.0,674.0,617.698486328125,5800.0,674.85,685.88,657.8,632.745,48.21428571428571,673.02,3.519999999999982,-1.830000000000041,0.1140495867768596,691.0,676.0,672.0,674.0,6200.0
2022-04-20,682.0,682.0,672.0,673.0,616.7821044921875,8100.0,674.75,682.76,658.1066666666667,632.47,28.57142857142857,673.28,2.6399999999999864,-1.7250000000000227,0.1123966942148759,691.0,677.0,674.0,672.0,5800.0
2022-04-21,678.0,683.0,670.0,674.0,617.698486328125,10000.0,674.9,679.68,658.4266666666666,632.2,48.14814814814815,673.58,2.7866666666666333,-1.615000000000009,0.1140495867768596,691.0,682.0,673.0,682.0,8100.0
2022-04-22,671.0,709.0,667.0,693.0,635.1114501953125,28700.0,676.0,678.2,659.0,632.105,68.88888888888889,674.26,2.7333333333333485,-1.3149999999999409,0.0515933232169953,693.0,683.0,674.0,678.0,10000.0
2022-04-23,671.0,709.0,667.0,693.0,635.1114501953125,28700.0,677.1,676.96,660.0933333333334,632.015,68.88888888888889,674.96,3.2666666666666515,-1.0,0.0596330275229357,693.0,709.0,693.0,671.0,28700.0
2022-04-24,671.0,709.0,667.0,693.0,635.1114501953125,28700.0,677.25,676.92,661.4,631.91,68.88888888888889,675.66,3.6000000000000227,-0.8350000000000364,0.0596330275229357,693.0,709.0,693.0,671.0,28700.0
2022-04-25,695.0,702.0,680.0,686.0,628.696044921875,18000.0,677.75,677.36,662.3466666666667,631.76,56.25,676.22,4.240000000000009,-0.7100000000000364,0.0441400304414003,693.0,709.0,693.0,671.0,28700.0
2022-04-26,709.0,748.0,699.0,740.0,678.1854248046875,57800.0,680.2,680.12,663.9333333333333,631.89,88.04347826086956,677.92,5.506666666666661,-0.3100000000000591,0.1280487804878047,740.0,702.0,686.0,695.0,18000.0
2022-04-27,740.0,740.0,697.0,728.0,667.1876831054688,37300.0,682.85,682.4,665.36,631.96,77.22772277227723,679.38,6.360000000000014,-0.1449999999999818,0.1097560975609757,740.0,748.0,740.0,709.0,57800.0
2022-04-28,742.0,744.0,716.0,728.0,667.1876831054688,26300.0,685.45,684.68,666.7866666666666,632.03,79.59183673469389,680.82,6.693333333333271,0.0149999999999863,0.1097560975609757,740.0,740.0,728.0,740.0,37300.0
2022-04-29,742.0,744.0,716.0,728.0,667.1876831054688,26300.0,688.05,686.2,668.2133333333334,632.09,79.59183673469389,682.3,6.813333333333389,0.1800000000000636,0.103030303030303,740.0,744.0,728.0,742.0,26300.0
2022-04-30,742.0,744.0,716.0,728.0,667.1876831054688,26300.0,690.65,688.28,670.3866666666667,632.18,79.59183673469389,683.8,8.039999999999964,0.4199999999999591,0.103030303030303,740.0,744.0,728.0,742.0,26300.0
2022-05-01,742.0,744.0,716.0,728.0,667.1876831054688,26300.0,693.05,689.76,672.12,632.245,79.59183673469389,685.3,8.186666666666724,0.3550000000000182,0.1047040971168438,740.0,744.0,728.0,742.0,26300.0
2022-05-02,714.0,724.0,714.0,717.0,657.1066284179688,9800.0,695.4,691.44,673.72,632.3,71.02803738317758,686.58,8.360000000000014,0.3399999999999181,0.0880121396054627,740.0,744.0,728.0,742.0,26300.0
2022-05-03,714.0,724.0,714.0,717.0,657.1066284179688,9800.0,697.6,693.08,675.2533333333333,632.31,70.47619047619048,687.96,8.466666666666697,0.2799999999999727,0.0896656534954407,740.0,724.0,717.0,714.0,9800.0
2022-05-04,714.0,724.0,714.0,717.0,657.1066284179688,9800.0,699.95,694.72,676.7466666666667,632.32,71.15384615384616,689.28,8.533333333333303,0.2300000000000182,0.0896656534954407,740.0,724.0,717.0,714.0,9800.0
2022-05-05,714.0,724.0,714.0,717.0,657.1066284179688,9800.0,702.3,696.36,678.24,632.33,70.873786407767,690.54,7.853333333333353,0.1500000000000909,0.0896656534954407,740.0,724.0,717.0,714.0,9800.0
2022-05-06,710.0,735.0,708.0,722.0,661.68896484375,17100.0,704.9,698.04,679.8,632.38,66.29213483146069,691.94,7.67999999999995,0.1349999999999909,0.1022900763358778,740.0,724.0,717.0,714.0,9800.0
2022-05-07,710.0,735.0,708.0,722.0,661.68896484375,17100.0,707.5,700.12,680.64,632.445,66.29213483146069,693.38,6.919999999999959,0.1450000000000955,0.1022900763358778,740.0,735.0,722.0,710.0,17100.0
2022-05-08,710.0,735.0,708.0,722.0,661.68896484375,17100.0,710.0,702.08,681.5466666666666,632.485,66.29213483146069,694.82,6.293333333333294,0.1750000000000682,0.1006097560975609,740.0,735.0,722.0,710.0,17100.0
2022-05-09,710.0,715.0,700.0,700.0,641.5266723632812,19600.0,711.3,703.28,682.16,632.435,56.730769230769226,695.82,5.4133333333332985,0.1149999999998954,0.0703363914373089,740.0,735.0,722.0,710.0,17100.0
2022-05-10,700.0,700.0,667.0,679.0,622.2808837890625,16000.0,711.6,703.64,682.4533333333334,632.305,7.042253521126753,696.4,4.213333333333367,-0.0250000000000909,0.0398162327718223,740.0,715.0,700.0,710.0,19600.0
2022-05-11,705.0,779.0,705.0,779.0,713.927490234375,116400.0,716.85,708.0,684.0933333333334,632.675,66.03773584905662,699.16,4.293333333333408,0.2949999999999591,0.1929555895865238,779.0,700.0,679.0,700.0,16000.0
2022-05-12,775.0,775.0,698.0,698.0,639.6937866210938,58200.0,717.1,709.12,684.6533333333333,632.64,43.75,700.36,4.013333333333321,0.1949999999999363,0.0689127105666156,779.0,779.0,779.0,705.0,116400.0
2022-05-13,704.0,732.0,704.0,732.0,670.8536376953125,19900.0,719.05,711.52,685.6666666666666,632.91,50.72992700729928,700.24,4.1200000000000045,0.4249999999999545,0.1296296296296295,779.0,775.0,698.0,775.0,58200.0
2022-05-14,704.0,732.0,704.0,732.0,670.8536376953125,19900.0,721.0,713.84,686.6266666666667,633.15,50.72992700729928,699.86,4.466666666666697,0.7150000000000318,0.1244239631336405,779.0,732.0,732.0,704.0,19900.0
2022-05-15,704.0,732.0,704.0,732.0,670.8536376953125,19900.0,723.3,716.2,687.5866666666667,633.41,50.72992700729928,699.48,5.133333333333326,1.1050000000000182,0.1192660550458715,779.0,732.0,732.0,704.0,19900.0
2022-05-16,727.0,739.0,718.0,723.0,662.60546875,24200.0,722.45,718.16,688.44,633.505,51.10294117647059,698.92,4.346666666666692,0.8300000000000409,0.1088957055214723,779.0,732.0,732.0,704.0,19900.0
2022-05-17,713.0,727.0,670.0,679.0,622.2808837890625,42400.0,720.0,717.6,688.7066666666667,633.395,43.9873417721519,697.9,4.053333333333399,0.7549999999999955,0.0446153846153847,779.0,739.0,723.0,727.0,24200.0
2022-05-18,679.0,730.0,679.0,721.0,660.7724609375,26500.0,719.65,718.72,689.5466666666666,633.495,50.5586592178771,697.84,3.879999999999996,0.5850000000000364,0.1092307692307692,779.0,727.0,679.0,713.0,42400.0
2022-05-19,715.0,724.0,703.0,716.0,656.190185546875,15100.0,719.05,719.64,690.32,633.57,49.862258953168045,698.28,3.693333333333385,0.4200000000000727,0.1015384615384615,779.0,730.0,721.0,679.0,26500.0
2022-05-20,742.0,742.0,711.0,730.0,669.0206909179688,11500.0,719.15,721.4,691.28,633.745,51.0752688172043,699.38,3.693333333333271,0.3350000000000364,0.123076923076923,779.0,724.0,716.0,715.0,15100.0
2022-05-21,742.0,742.0,711.0,730.0,669.0206909179688,11500.0,719.25,721.0,692.28,633.89,51.0752688172043,700.56,3.839999999999918,0.3849999999999909,0.1388455538221529,779.0,742.0,730.0,742.0,11500.0
2022-05-22,742.0,742.0,711.0,730.0,669.0206909179688,11500.0,719.9,721.08,693.28,634.035,51.0752688172043,701.74,4.573333333333267,0.6399999999999864,0.1442006269592477,779.0,742.0,730.0,742.0,11500.0
2022-05-23,745.0,760.0,736.0,748.0,685.51708984375,28900.0,721.45,721.88,694.5066666666667,634.255,56.52173913043478,703.28,4.960000000000036,0.7599999999999909,0.0135501355013549,779.0,742.0,730.0,742.0,11500.0
2022-05-24,742.0,787.0,720.0,751.0,688.2664794921875,45800.0,723.15,722.8,695.8,634.395,60.285714285714285,704.5,5.4799999999999045,0.8249999999999318,0.0,779.0,760.0,748.0,745.0,28900.0
2022-05-25,739.0,739.0,704.0,730.0,669.0206909179688,33500.0,723.8,722.88,696.8266666666667,634.43,40.959409594095945,705.58,5.546666666666738,0.6849999999999454,-0.0279627163781625,779.0,787.0,751.0,742.0,45800.0
2022-05-26,719.0,745.0,713.0,729.0,668.104248046875,18000.0,724.15,722.92,697.84,634.46,58.1151832460733,706.34,5.560000000000059,0.57000000000005,-0.0292942743009321,779.0,739.0,730.0,739.0,33500.0
2022-05-27,731.0,738.0,719.0,738.0,676.3524169921875,18200.0,724.95,723.76,698.9733333333334,634.6,51.807228915662655,707.6,5.693333333333385,0.5650000000000546,0.0109589041095889,779.0,745.0,729.0,719.0,18000.0
2022-05-28,731.0,738.0,719.0,738.0,676.3524169921875,18200.0,725.75,724.6,700.1733333333333,634.74,51.807228915662655,708.84,5.666666666666629,0.4850000000000136,0.0193370165745856,779.0,738.0,738.0,731.0,18200.0
2022-05-29,731.0,738.0,719.0,738.0,676.3524169921875,18200.0,727.65,725.44,701.3333333333334,634.93,51.807228915662655,710.08,5.533333333333417,0.5349999999999682,0.063400576368876,779.0,738.0,738.0,731.0,18200.0
2022-05-30,747.0,769.0,739.0,758.0,694.6818237304688,30600.0,731.6,727.08,702.72,635.245,59.88700564971751,711.72,5.893333333333317,0.8150000000000546,0.1229629629629629,779.0,738.0,738.0,731.0,18200.0
2022-05-31,773.0,776.0,747.0,763.0,699.2640991210938,23800.0,730.8,728.72,704.2,635.49,80.43478260869566,713.38,6.360000000000014,1.0299999999999727,0.1371087928464978,763.0,769.0,758.0,747.0,30600.0
2022-06-01,763.0,772.0,746.0,766.0,702.0134887695312,15100.0,734.2,730.48,705.7466666666667,635.75,72.72727272727273,715.3,6.773333333333312,1.1499999999999773,0.1415797317436662,766.0,776.0,763.0,773.0,23800.0
2022-06-02,761.0,769.0,752.0,756.0,692.8487548828125,3400.0,735.4,731.84,707.16,635.96,69.23076923076923,716.96,6.986666666666679,1.2200000000000273,0.126676602086438,766.0,772.0,766.0,763.0,15100.0
2022-06-03,759.0,833.0,741.0,810.0,742.3380737304688,80100.0,739.3,736.24,709.2933333333333,636.7,77.77777777777777,719.76,7.959999999999923,1.7700000000000955,0.1739130434782609,810.0,769.0,756.0,761.0,3400.0
2022-06-04,759.0,833.0,741.0,810.0,742.3380737304688,80100.0,743.2,741.48,711.4266666666666,637.545,77.77777777777777,722.56,8.706666666666592,2.2999999999999545,0.1982248520710059,810.0,833.0,810.0,759.0,80100.0
2022-06-05,759.0,833.0,741.0,810.0,742.3380737304688,80100.0,747.55,742.72,713.68,638.535,77.77777777777777,725.36,9.479999999999905,3.044999999999959,0.1722141823444283,810.0,833.0,810.0,759.0,80100.0
2022-06-06,808.0,828.0,779.0,824.0,755.1685180664062,49700.0,754.8,747.76,716.16,639.54,77.14285714285714,728.44,10.413333333333298,3.789999999999964,0.2207407407407406,824.0,833.0,810.0,759.0,80100.0
2022-06-07,824.0,824.0,795.0,795.0,728.591064453125,19200.0,758.5,750.28,716.92,640.47,63.25301204819277,730.9,9.759999999999993,4.509999999999991,0.1760355029585798,824.0,828.0,824.0,808.0,49700.0
2022-06-08,791.0,800.0,785.0,786.0,720.3428344726562,18200.0,762.0,752.44,717.3866666666667,641.355,68.18181818181819,733.14,8.093333333333362,4.654999999999973,0.1627218934911243,824.0,824.0,795.0,824.0,19200.0
2022-06-09,781.0,785.0,766.0,772.0,707.5122680664062,22600.0,764.1,754.04,717.6666666666666,642.17,62.87425149700599,735.12,6.240000000000009,4.625,0.1420118343195267,824.0,800.0,786.0,791.0,18200.0
2022-06-10,787.0,809.0,765.0,797.0,730.4239501953125,22900.0,767.45,757.0,718.28,643.12,66.12021857923497,737.58,4.600000000000023,4.585000000000036,0.1720588235294118,824.0,785.0,772.0,781.0,22600.0
2022-06-11,787.0,809.0,765.0,797.0,730.4239501953125,22900.0,770.8,761.72,719.1733333333333,644.07,66.12021857923497,739.66,3.013333333333321,4.530000000000086,0.18955223880597,824.0,809.0,797.0,787.0,22900.0
2022-06-12,787.0,809.0,765.0,797.0,730.4239501953125,22900.0,773.25,764.76,720.1466666666666,645.025,66.12021857923497,741.74,3.226666666666688,4.55499999999995,0.1842496285289747,824.0,809.0,797.0,787.0,22900.0
2022-06-13,767.0,780.0,737.0,737.0,675.4359741210938,18300.0,772.55,765.6,720.72,645.54,45.291479820627806,742.62,3.3333333333333712,4.184999999999945,0.1,824.0,809.0,797.0,787.0,22900.0
2022-06-14,722.0,734.0,700.0,727.0,666.271240234375,23500.0,772.4,765.48,721.4133333333333,646.175,42.10526315789473,743.44,3.7466666666666697,4.004999999999996,0.0850746268656716,824.0,780.0,737.0,767.0,18300.0
2022-06-15,721.0,721.0,700.0,707.0,647.9419555664062,21600.0,771.3,764.56,721.8933333333333,646.71,37.95918367346939,742.78,3.613333333333344,3.590000000000032,0.0552238805970148,824.0,734.0,727.0,722.0,23500.0
2022-06-16,720.0,720.0,700.0,700.0,641.5266723632812,13200.0,769.4,763.36,722.28,647.21,38.4297520661157,742.22,3.106666666666684,3.1399999999999864,0.0447761194029849,824.0,721.0,707.0,721.0,21600.0
2022-06-17,693.0,713.0,677.0,713.0,653.440673828125,16900.0,768.15,761.96,722.84,647.925,25.870646766169145,741.92,2.693333333333385,2.8999999999999773,0.0610119047619046,824.0,720.0,700.0,720.0,13200.0
2022-06-18,693.0,713.0,677.0,713.0,653.440673828125,16900.0,766.9,760.44,723.1466666666666,648.73,25.870646766169145,741.62,2.42666666666662,3.1900000000000546,0.0578635014836794,824.0,713.0,713.0,693.0,16900.0
2022-06-19,693.0,713.0,677.0,713.0,653.440673828125,16900.0,764.65,759.76,723.64,649.525,25.870646766169145,741.32,2.226666666666688,3.3500000000000227,0.0594353640416047,824.0,713.0,713.0,693.0,16900.0
2022-06-20,713.0,713.0,690.0,696.0,637.8609008789062,19900.0,761.3,758.44,723.7066666666667,650.19,18.627450980392155,740.68,1.8133333333333888,3.480000000000018,0.032640949554896,824.0,713.0,713.0,693.0,16900.0
2022-06-21,711.0,730.0,706.0,719.0,658.9395751953125,12900.0,758.95,757.68,724.2933333333333,650.86,30.808080808080803,740.72,2.013333333333321,3.649999999999977,0.0375180375180375,824.0,713.0,696.0,713.0,19900.0
2022-06-22,719.0,734.0,711.0,727.0,666.271240234375,8900.0,757.5,757.24,724.9733333333334,651.57,35.0253807106599,740.92,2.1333333333333258,3.645000000000096,0.049062049062049,824.0,730.0,719.0,711.0,12900.0
2022-06-23,723.0,749.0,723.0,739.0,677.2689208984375,13400.0,753.95,757.28,725.8133333333334,652.34,41.53846153846154,741.36,2.6666666666667425,3.6100000000000136,0.0663780663780664,824.0,734.0,727.0,719.0,8900.0
2022-06-24,749.0,763.0,730.0,743.0,680.934814453125,11300.0,750.6,756.68,726.7066666666667,653.17,34.48275862068965,741.88,3.06666666666672,3.644999999999982,0.0830903790087462,824.0,749.0,739.0,723.0,13400.0
2022-06-25,749.0,763.0,730.0,743.0,680.934814453125,11300.0,747.25,755.88,727.5466666666666,653.935,34.48275862068965,742.3,3.839999999999918,3.744999999999891,0.0040540540540541,824.0,763.0,743.0,749.0,11300.0
2022-06-26,749.0,763.0,730.0,743.0,680.934814453125,11300.0,743.2,754.96,728.52,654.77,34.48275862068965,742.72,4.226666666666688,3.909999999999968,0.0206043956043955,797.0,763.0,743.0,749.0,11300.0
2022-06-27,758.0,758.0,742.0,745.0,682.7677001953125,9200.0,740.7,754.52,729.48,655.695,53.44827586206896,743.18,4.506666666666661,4.125,0.0233516483516482,797.0,763.0,743.0,749.0,11300.0
2022-06-28,743.0,792.0,743.0,792.0,725.8416137695312,15200.0,741.0,753.8,731.1066666666667,656.93,71.24183006535948,745.02,5.293333333333294,4.589999999999918,0.0879120879120878,797.0,758.0,745.0,758.0,9200.0
2022-06-29,787.0,795.0,765.0,795.0,728.591064453125,28100.0,742.15,753.2,732.7733333333333,658.18,82.3529411764706,747.34,6.066666666666606,5.009999999999991,0.0920329670329669,797.0,792.0,792.0,743.0,15200.0
2022-06-30,797.0,797.0,755.0,770.0,705.6793212890625,41100.0,740.8,751.6,734.1066666666667,659.305,72.72727272727272,747.16,6.560000000000059,5.3700000000000045,0.0576923076923077,797.0,795.0,795.0,787.0,28100.0
2022-07-01,740.0,761.0,740.0,746.0,683.6842041015625,17000.0,738.25,748.48,735.12,660.31,60.0,748.12,6.600000000000023,5.539999999999964,0.0404463040446303,797.0,797.0,770.0,797.0,41100.0
2022-07-02,740.0,761.0,740.0,746.0,683.6842041015625,17000.0,735.7,746.52,736.1066666666667,661.345,60.0,748.4,6.626666666666665,5.649999999999977,0.0404463040446303,795.0,761.0,746.0,740.0,17000.0
2022-07-03,740.0,761.0,740.0,746.0,683.6842041015625,17000.0,736.15,744.92,737.0666666666667,662.35,60.0,748.68,5.960000000000036,5.420000000000073,0.0404463040446303,795.0,761.0,746.0,740.0,17000.0
2022-07-04,745.0,761.0,732.0,736.0,674.5194702148438,16400.0,736.6,743.48,737.9066666666666,663.285,62.65822784810126,748.76,5.133333333333326,5.105000000000018,0.0264993026499302,795.0,761.0,746.0,740.0,17000.0
2022-07-05,741.0,748.0,728.0,732.0,670.8536376953125,2400.0,737.85,740.88,738.68,664.35,54.67625899280576,748.94,4.573333333333267,5.045000000000073,0.0138504155124654,795.0,761.0,736.0,745.0,16400.0
2022-07-06,723.0,734.0,713.0,715.0,655.273681640625,16600.0,738.6,737.6,738.9733333333334,665.33,45.94594594594594,749.66,3.853333333333353,5.020000000000096,-0.0096952908587257,795.0,748.0,732.0,741.0,2400.0
2022-07-07,711.0,725.0,708.0,709.0,649.77490234375,15700.0,738.4,734.08,739.1866666666666,666.28,39.43661971830985,749.42,3.0799999999999272,4.934999999999945,-0.018005540166205,795.0,734.0,715.0,723.0,16600.0
2022-07-08,710.0,725.0,702.0,702.0,643.3596801757812,14900.0,737.85,732.68,739.3066666666666,667.165,35.86206896551724,749.14,2.2399999999998954,4.814999999999941,0.0028571428571428,795.0,725.0,709.0,711.0,15700.0
2022-07-09,710.0,725.0,702.0,702.0,643.3596801757812,14900.0,737.3,731.68,739.52,668.065,35.86206896551724,748.58,1.613333333333344,4.780000000000086,0.0338733431516937,795.0,725.0,702.0,710.0,14900.0
2022-07-10,710.0,725.0,702.0,702.0,643.3596801757812,14900.0,737.6,731.48,739.0133333333333,668.735,35.86206896551724,748.02,0.3333333333333712,4.384999999999991,-0.0988446726572529,795.0,725.0,702.0,710.0,14900.0
2022-07-11,729.0,734.0,719.0,731.0,669.9371337890625,13600.0,738.2,732.72,739.0533333333333,669.62,45.93023255813954,748.04,0.0799999999999272,4.289999999999964,0.0472779369627507,795.0,725.0,702.0,710.0,14900.0
2022-07-12,739.0,750.0,711.0,713.0,653.440673828125,13600.0,737.5,732.72,738.8533333333334,670.49,22.377622377622373,747.34,-0.3333333333332575,4.210000000000036,-0.0259562841530054,795.0,734.0,731.0,729.0,13600.0
2022-07-13,713.0,722.0,707.0,714.0,654.357177734375,3600.0,736.25,732.76,738.6666666666666,671.365,21.276595744680847,746.6,-0.6399999999999864,4.2000000000000455,-0.0245901639344262,795.0,750.0,713.0,739.0,13600.0
2022-07-14,708.0,729.0,705.0,720.0,659.8560180664062,8300.0,735.1,733.04,738.56,672.27,29.50819672131148,746.4,-0.9600000000000364,4.204999999999927,-0.0163934426229508,795.0,722.0,714.0,713.0,3600.0
2022-07-15,715.0,715.0,687.0,687.0,629.6126098632812,19000.0,732.3,732.68,738.0133333333333,673.135,27.48091603053436,745.56,-1.0,4.399999999999977,-0.0497925311203319,795.0,729.0,720.0,708.0,8300.0
2022-07-16,715.0,715.0,687.0,687.0,629.6126098632812,19000.0,729.5,731.4,737.6133333333333,673.96,27.48091603053436,744.54,-1.4399999999999409,4.340000000000032,0.011782032400589,795.0,715.0,687.0,715.0,19000.0
2022-07-17,715.0,715.0,687.0,687.0,629.6126098632812,19000.0,726.6,729.8,737.2133333333334,674.515,27.48091603053436,743.52,-1.6399999999999864,4.024999999999977,-0.0471567267683772,795.0,715.0,687.0,715.0,19000.0
2022-07-18,715.0,715.0,687.0,687.0,629.6126098632812,19000.0,721.35,727.72,736.8133333333334,675.05,29.75206611570248,742.5,-1.85333333333324,3.6849999999999454,-0.0405027932960894,795.0,715.0,687.0,715.0,19000.0
2022-07-19,702.0,713.0,700.0,700.0,641.5266723632812,15800.0,716.6,726.0,736.5866666666667,675.65,37.69230769230769,741.34,-1.973333333333244,3.3799999999999955,-0.0410958904109589,770.0,715.0,687.0,715.0,19000.0
2022-07-20,705.0,712.0,700.0,700.0,641.5266723632812,11700.0,713.1,724.28,736.2933333333333,676.25,43.36283185840708,740.08,-1.7200000000000273,3.115000000000009,-0.0410958904109589,746.0,713.0,700.0,702.0,15800.0
2022-07-21,703.0,727.0,703.0,727.0,666.271240234375,11000.0,712.15,723.64,736.36,676.985,56.71641791044776,739.3,-1.2533333333333303,3.0249999999999773,-0.0041095890410959,746.0,712.0,700.0,705.0,11700.0
2022-07-22,730.0,734.0,724.0,724.0,663.5219116210938,7600.0,711.05,722.8,736.3866666666667,677.705,58.46153846153846,738.66,-0.8266666666667106,3.1900000000000546,-0.0320855614973262,746.0,727.0,727.0,703.0,11000.0
2022-07-23,730.0,734.0,724.0,724.0,663.5219116210938,7600.0,709.95,720.08,736.7066666666667,678.48,58.46153846153846,736.94,-0.1066666666666833,3.430000000000064,-0.0359520639147803,736.0,734.0,724.0,730.0,7600.0
2022-07-24,730.0,734.0,724.0,724.0,663.5219116210938,7600.0,709.35,717.24,737.3066666666666,679.335,58.46153846153846,735.22,0.7199999999999136,3.685000000000059,-0.0082191780821917,732.0,734.0,724.0,730.0,7600.0
2022-07-25,720.0,738.0,712.0,738.0,676.3524169921875,5600.0,709.65,715.96,736.76,680.365,53.04347826086957,733.78,0.466666666666697,4.115000000000009,0.0123456790123457,738.0,734.0,724.0,730.0,7600.0
2022-07-26,743.0,743.0,726.0,726.0,665.3548583984375,6900.0,710.2,715.16,737.1333333333333,681.245,55.96330275229357,731.82,0.7733333333333121,4.259999999999991,-0.0162601626016259,738.0,738.0,738.0,720.0,5600.0
2022-07-27,741.0,825.0,741.0,783.0,717.5933227539062,273200.0,713.9,716.64,737.8133333333334,682.41,70.9090909090909,731.58,1.4266666666667334,4.704999999999927,0.0609756097560976,783.0,743.0,726.0,743.0,6900.0
2022-07-28,803.0,815.0,751.0,811.0,743.2545166015625,128500.0,719.35,719.24,738.8666666666667,683.715,74.33155080213903,732.08,2.159999999999968,5.235000000000014,0.0989159891598916,811.0,825.0,783.0,741.0,273200.0
2022-07-29,824.0,887.0,803.0,864.0,791.8272705078125,177200.0,727.45,724.36,740.6266666666667,685.285,92.7536231884058,733.92,3.32000000000005,5.949999999999932,0.1398416886543536,864.0,815.0,811.0,803.0,128500.0
2022-07-30,824.0,887.0,803.0,864.0,791.8272705078125,177200.0,735.55,729.64,742.5066666666667,686.945,92.7536231884058,735.26,5.74666666666667,6.580000000000041,0.1323722149410222,864.0,887.0,864.0,824.0,177200.0
2022-07-31,824.0,887.0,803.0,864.0,791.8272705078125,177200.0,742.2,735.6,744.9733333333334,688.375,92.7536231884058,736.6,7.840000000000032,7.129999999999996,0.1279373368146215,864.0,887.0,864.0,824.0,177200.0
2022-08-01,894.0,1000.0,888.0,986.0,903.63623046875,365900.0,755.85,746.68,748.5066666666667,690.41,95.44072948328268,740.38,10.693333333333271,8.0,0.3042328042328042,986.0,887.0,864.0,824.0,177200.0
2022-08-02,1001.0,1001.0,920.0,945.0,866.0610961914062,428000.0,767.4,756.4,751.56,692.34,84.31372549019608,744.54,12.693333333333271,8.625,0.1666666666666667,986.0,1000.0,986.0,894.0,365900.0
2022-08-03,930.0,955.0,874.0,883.0,809.2400512695312,154100.0,775.55,763.64,753.6,693.96,71.83770883054893,747.66,12.973333333333358,8.675000000000068,0.0901234567901234,986.0,1001.0,945.0,1001.0,428000.0
2022-08-04,874.0,895.0,853.0,861.0,789.0778198242188,109500.0,784.25,770.0,755.3466666666667,695.47,66.18357487922705,750.74,12.840000000000032,8.524999999999977,0.0629629629629628,986.0,955.0,883.0,930.0,154100.0
2022-08-05,858.0,861.0,828.0,828.0,758.8344116210938,102300.0,791.3,773.88,756.6533333333333,696.86,61.71171171171172,753.3,11.67999999999995,8.485000000000014,0.0048543689320388,986.0,895.0,861.0,874.0,109500.0
2022-08-06,858.0,861.0,828.0,828.0,758.8344116210938,102300.0,798.35,778.48,757.72,698.22,61.71171171171172,755.6,9.213333333333368,7.810000000000059,0.0415094339622641,986.0,861.0,828.0,858.0,102300.0
2022-08-07,858.0,861.0,828.0,828.0,758.8344116210938,102300.0,805.4,783.04,758.7466666666667,699.77,61.71171171171172,757.9,7.186666666666724,7.42999999999995,0.0534351145038167,986.0,861.0,828.0,858.0,102300.0
2022-08-08,822.0,857.0,821.0,853.0,781.7460327148438,48600.0,813.05,788.36,760.3866666666667,701.275,62.63736263736264,760.7,6.786666666666633,7.314999999999941,0.104922279792746,986.0,861.0,828.0,858.0,102300.0
2022-08-09,865.0,888.0,841.0,844.0,773.4978637695312,56500.0,820.25,794.64,761.92,702.74,63.05309734513274,763.66,6.573333333333267,7.269999999999982,0.0589711417816813,986.0,857.0,853.0,822.0,48600.0
2022-08-10,844.0,857.0,830.0,831.0,761.5838012695312,36300.0,825.45,800.4,763.16,704.14,55.88235294117647,765.9,6.506666666666661,7.279999999999973,0.0426599749058971,986.0,888.0,844.0,865.0,56500.0
2022-08-11,844.0,857.0,830.0,831.0,761.5838012695312,36300.0,830.8,806.16,764.4,705.54,52.631578947368425,767.98,6.67999999999995,7.319999999999936,0.0426599749058971,986.0,857.0,831.0,844.0,36300.0
2022-08-12,840.0,865.0,831.0,850.0,778.9967041015625,36000.0,837.1,812.68,765.8933333333333,706.965,47.97687861271677,770.2,7.146666666666647,7.19500000000005,0.1533242876526459,986.0,857.0,831.0,844.0,36300.0
2022-08-13,840.0,865.0,831.0,850.0,778.9967041015625,36000.0,843.4,818.68,767.12,708.545,47.97687861271677,772.34,6.7333333333333485,7.269999999999982,0.1691884456671251,986.0,865.0,850.0,840.0,36000.0
2022-08-14,840.0,865.0,831.0,850.0,778.9967041015625,36000.0,849.0,824.68,768.28,710.11,47.97687861271677,774.48,6.360000000000014,7.370000000000003,0.2022630834512022,986.0,865.0,850.0,840.0,36000.0
2022-08-15,844.0,858.0,842.0,857.0,785.4119262695312,28500.0,855.55,829.88,769.4933333333333,711.835,22.077922077922068,776.76,6.333333333333371,7.69500000000005,0.2242857142857142,986.0,865.0,850.0,840.0,36000.0
2022-08-16,871.0,927.0,857.0,925.0,847.731689453125,99800.0,862.65,837.92,771.7466666666667,713.555,46.12403100775194,780.36,7.346666666666692,8.014999999999986,0.297335203366059,986.0,858.0,857.0,844.0,28500.0
2022-08-17,925.0,927.0,897.0,911.0,834.9011840820312,54000.0,867.65,845.4,773.0933333333334,715.205,56.66666666666666,782.74,7.2000000000000455,8.240000000000009,0.2776998597475455,986.0,927.0,925.0,871.0,99800.0
2022-08-18,909.0,932.0,890.0,924.0,846.8152465820312,45000.0,870.65,853.4,774.6133333333333,716.92,65.67164179104478,785.32,7.493333333333339,8.375,0.2959326788218794,986.0,927.0,911.0,925.0,54000.0
2022-08-19,935.0,947.0,916.0,916.0,839.4835205078125,24200.0,873.25,860.52,776.0266666666666,718.215,75.0,788.24,7.74666666666667,8.105000000000018,0.3160919540229885,986.0,932.0,924.0,909.0,45000.0
2022-08-20,935.0,947.0,916.0,916.0,839.4835205078125,24200.0,875.85,868.12,777.2533333333333,719.68,75.0,791.64,7.759999999999991,7.844999999999914,0.2739916550764951,986.0,947.0,916.0,935.0,24200.0
2022-08-21,935.0,947.0,916.0,916.0,839.4835205078125,24200.0,872.35,873.44,778.8666666666667,721.11,75.0,795.04,7.1200000000000045,7.555000000000064,0.2599724896836313,945.0,947.0,916.0,935.0,24200.0
2022-08-22,918.0,918.0,892.0,902.0,826.6530151367188,19100.0,870.2,877.08,780.4133333333333,722.615,64.84848484848484,798.16,7.319999999999936,7.409999999999968,0.2205683355886332,925.0,947.0,916.0,935.0,24200.0
2022-08-23,894.0,902.0,877.0,901.0,825.7365112304688,18700.0,871.1,878.56,782.1333333333333,723.87,68.15286624203821,801.46,7.519999999999982,6.9500000000000455,0.2126514131897712,925.0,918.0,902.0,918.0,19100.0
2022-08-24,901.0,901.0,864.0,868.0,795.4930419921875,28500.0,871.45,878.72,783.08,724.96,60.451977401129945,804.18,7.053333333333399,6.7450000000000045,0.1682368775235532,925.0,902.0,901.0,894.0,18700.0
2022-08-25,876.0,889.0,866.0,886.0,811.989501953125,17100.0,874.35,879.6,784.2666666666667,726.14,64.1025641025641,807.6,7.013333333333321,6.460000000000036,0.1924629878869448,925.0,901.0,868.0,901.0,28500.0
2022-08-26,901.0,941.0,890.0,939.0,860.562255859375,88700.0,879.9,877.72,786.16,727.78,69.43231441048034,812.2,7.293333333333294,6.669999999999959,0.2604026845637583,939.0,889.0,886.0,876.0,17100.0
2022-08-27,901.0,941.0,890.0,939.0,860.562255859375,88700.0,885.45,877.48,788.8533333333334,729.5,69.43231441048034,816.94,8.440000000000055,6.884999999999991,0.1856060606060605,939.0,941.0,939.0,901.0,88700.0
2022-08-28,901.0,941.0,890.0,939.0,860.562255859375,88700.0,889.75,879.72,791.68,731.12,69.43231441048034,821.68,9.546666666666624,7.25,0.181132075471698,939.0,941.0,939.0,901.0,88700.0
2022-08-29,936.0,1022.0,925.0,999.0,915.55029296875,232400.0,897.5,885.24,795.5733333333334,733.01,75.177304964539,827.62,12.49333333333334,8.049999999999955,0.2974025974025973,999.0,941.0,939.0,901.0,88700.0
2022-08-30,1024.0,1110.0,1010.0,1076.0,986.1182250976562,434600.0,909.75,895.16,800.5866666666667,735.285,75.94501718213058,834.52,16.32000000000005,9.144999999999982,0.4423592493297588,1076.0,1022.0,999.0,936.0,232400.0
2022-08-31,1075.0,1107.0,1035.0,1045.0,957.7077026367188,145100.0,920.45,903.84,805.0133333333333,737.405,71.75324675324676,841.16,18.85333333333336,9.625,0.4008042895442358,1076.0,1110.0,1076.0,1024.0,434600.0
2022-09-01,1020.0,1060.0,1005.0,1035.0,948.5430908203124,86500.0,929.7,912.12,809.3066666666666,739.475,68.19672131147541,847.58,20.453333333333266,9.975000000000025,0.3873994638069704,1076.0,1107.0,1045.0,1075.0,145100.0
2022-09-02,1032.0,1040.0,986.0,999.0,915.55029296875,57700.0,937.15,917.96,813.12,741.645,62.46246246246246,853.16,21.44000000000005,10.524999999999975,0.357336956521739,1076.0,1060.0,1035.0,1020.0,86500.0
2022-09-03,1032.0,1040.0,986.0,999.0,915.55029296875,57700.0,944.6,924.16,817.16,743.65,62.46246246246246,859.4,21.586666666666588,10.639999999999986,0.3647540983606556,1076.0,1040.0,999.0,1032.0,57700.0
2022-09-04,1032.0,1040.0,986.0,999.0,915.55029296875,57700.0,951.7,930.88,820.8933333333333,745.66,62.46246246246246,865.64,20.30666666666661,10.375,0.3972027972027971,1076.0,1040.0,999.0,1032.0,57700.0
2022-09-05,985.0,1062.0,966.0,1047.0,959.5406494140624,67900.0,957.8,939.52,825.16,747.885,69.75476839237058,872.84,20.146666666666647,10.480000000000018,0.4767277856135401,1076.0,1040.0,999.0,1032.0,57700.0
2022-09-06,1100.0,1105.0,1053.0,1057.0,968.7052001953124,109800.0,965.1,947.8,829.4,750.145,70.74468085106383,880.24,20.09333333333336,10.66999999999996,0.5056980056980056,1076.0,1062.0,1047.0,985.0,67900.0
2022-09-07,1057.0,1057.0,1006.0,1034.0,947.6266479492188,39500.0,970.6,955.16,833.28,752.29,72.6775956284153,886.92,20.159999999999968,10.644999999999982,0.4729344729344729,1076.0,1105.0,1057.0,1100.0,109800.0
2022-09-08,1038.0,1056.0,1014.0,1035.0,948.5430908203124,40700.0,976.55,962.56,837.1733333333333,754.44,71.34670487106017,893.62,20.01333333333332,10.790000000000076,0.4743589743589744,1076.0,1057.0,1034.0,1057.0,39500.0
2022-09-09,1025.0,1085.0,1025.0,1058.0,969.6217041015624,75300.0,983.65,970.6,841.3733333333333,756.435,68.65203761755485,900.24,20.48000000000001,10.774999999999975,0.4473324213406293,1076.0,1056.0,1035.0,1038.0,40700.0
2022-09-10,1025.0,1085.0,1025.0,1058.0,969.6217041015624,75300.0,990.75,975.92,845.5466666666666,758.455,68.65203761755485,906.92,20.386666666666656,10.57000000000005,0.4838709677419355,1076.0,1085.0,1058.0,1025.0,75300.0
2022-09-11,1025.0,1085.0,1025.0,1058.0,969.6217041015624,75300.0,998.55,981.8,849.0933333333334,760.475,68.65203761755485,913.6,19.693333333333385,10.33000000000004,0.4817927170868348,1076.0,1085.0,1058.0,1025.0,75300.0
2022-09-12,1058.0,1058.0,1018.0,1022.0,936.6289672851562,59000.0,1004.6,985.72,852.12,762.3,53.89830508474576,919.56,18.840000000000032,10.009999999999993,0.4194444444444445,1076.0,1085.0,1058.0,1025.0,75300.0
2022-09-13,1020.0,1037.0,995.0,1001.0,917.3831176757812,39400.0,1011.25,989.12,855.2,764.025,34.30962343096233,924.82,18.02666666666676,9.584999999999924,0.4570596797671034,1076.0,1058.0,1022.0,1058.0,59000.0
2022-09-14,966.0,1015.0,964.0,1008.0,923.7984619140624,46900.0,1017.35,992.8,858.6933333333334,765.785,41.3953488372093,930.46,17.32000000000005,9.350000000000025,0.4672489082969433,1076.0,1037.0,1001.0,1020.0,39400.0
2022-09-15,1019.0,1020.0,991.0,991.0,908.2184448242188,37000.0,1019.95,995.8,861.96,767.46,40.09009009009008,934.62,16.413333333333412,9.004999999999995,0.4425036390101893,1076.0,1015.0,1008.0,966.0,46900.0
2022-09-16,990.0,990.0,942.0,949.0,869.7268676757812,91400.0,1020.45,997.68,864.6666666666666,768.905,39.03508771929825,937.38,15.573333333333268,8.42999999999995,0.3813682678311498,1076.0,1020.0,991.0,1019.0,37000.0
2022-09-17,990.0,990.0,942.0,949.0,869.7268676757812,91400.0,1020.95,999.6,867.5066666666667,770.35,39.03508771929825,939.08,15.386666666666656,8.050000000000068,0.3557142857142856,1076.0,990.0,949.0,990.0,91400.0
2022-09-18,990.0,990.0,942.0,949.0,869.7268676757812,91400.0,1018.45,1002.84,870.4,771.8,39.03508771929825,940.78,15.199999999999932,7.774999999999977,0.3557142857142856,1076.0,990.0,949.0,990.0,91400.0
2022-09-19,990.0,990.0,942.0,949.0,869.7268676757812,91400.0,1012.1,1005.36,873.52,773.25,22.77777777777777,942.48,14.826666666666595,7.465000000000032,0.3053645116918844,1058.0,990.0,949.0,990.0,91400.0
2022-09-20,964.0,1007.0,955.0,1004.0,920.1326293945312,47300.0,1010.05,1007.96,877.4533333333334,774.98,38.22222222222223,942.84,15.49333333333334,7.519999999999982,0.3867403314917126,1058.0,990.0,949.0,990.0,91400.0
2022-09-21,985.0,1000.0,968.0,982.0,899.9702758789062,23500.0,1007.4,1009.68,881.1866666666666,776.6,38.392857142857146,943.58,16.519999999999982,7.69500000000005,0.3563535911602209,1058.0,1007.0,1004.0,964.0,47300.0
2022-09-22,967.0,982.0,952.0,959.0,878.8915405273438,31200.0,1005.4,1010.48,884.6133333333333,778.105,34.55284552845528,945.1,17.106666666666683,7.7549999999999955,0.3245856353591161,1058.0,1000.0,982.0,985.0,23500.0
2022-09-23,967.0,982.0,952.0,959.0,878.8915405273438,31200.0,1003.4,1008.88,888.04,779.625,27.80269058295964,947.06,17.639999999999986,7.825000000000045,0.2994579945799458,1058.0,982.0,959.0,967.0,31200.0
2022-09-24,967.0,982.0,952.0,959.0,878.8915405273438,31200.0,1001.4,1004.2,891.08,781.145,27.80269058295964,949.68,17.56000000000006,7.894999999999982,0.3209366391184574,1058.0,982.0,959.0,967.0,31200.0
2022-09-25,967.0,982.0,952.0,959.0,878.8915405273438,31200.0,997.0,1000.76,894.36,782.66,27.80269058295964,952.3,16.906666666666638,7.67999999999995,0.2247765006385695,1058.0,982.0,959.0,967.0,31200.0
2022-09-26,950.0,962.0,924.0,930.0,852.3140869140625,45700.0,990.65,996.56,897.24,784.04,28.70370370370371,954.34,16.0533333333334,7.439999999999941,0.1467324290998766,1058.0,982.0,959.0,967.0,31200.0
2022-09-27,960.0,960.0,932.0,942.0,863.3116455078125,20900.0,986.05,994.28,900.2,785.485,35.74879227053141,956.12,15.586666666666702,7.3799999999999955,0.0902777777777776,1058.0,962.0,930.0,950.0,45700.0
2022-09-28,940.0,940.0,901.0,926.0,848.648193359375,28900.0,980.6,991.36,903.3866666666668,786.85,31.01851851851852,957.76,15.346666666666692,7.225000000000023,0.0717592592592593,1058.0,960.0,942.0,960.0,20900.0
2022-09-29,925.0,946.0,901.0,912.0,842.1841430664062,18100.0,973.3,987.88,906.3866666666668,788.145,31.455399061032864,959.38,15.306666666666615,7.0,0.0555555555555555,1058.0,940.0,926.0,940.0,28900.0
2022-09-30,910.0,910.0,888.0,898.0,829.2557373046875,24600.0,965.3,981.92,909.2,789.395,36.21621621621621,960.72,14.840000000000032,6.735000000000014,-0.0892494929006085,1058.0,946.0,912.0,925.0,18100.0
2022-10-01,910.0,910.0,888.0,898.0,829.2557373046875,24600.0,957.3,975.56,912.0133333333332,790.63,36.21621621621621,961.68,14.773333333333312,6.590000000000032,-0.0497354497354497,1022.0,910.0,898.0,910.0,24600.0
2022-10-02,910.0,910.0,888.0,898.0,829.2557373046875,24600.0,951.1,970.12,914.6533333333332,791.85,36.21621621621621,962.64,14.453333333333262,6.365000000000009,0.0169875424688561,1008.0,910.0,898.0,910.0,24600.0
2022-10-03,883.0,884.0,853.0,857.0,791.39453125,52900.0,943.9,963.0,916.7466666666668,792.875,29.646017699115035,962.78,13.360000000000014,6.024999999999977,-0.0046457607433216,1008.0,910.0,898.0,910.0,24600.0
2022-10-04,870.0,902.0,870.0,871.0,804.3226928710938,24400.0,937.05,955.52,918.6666666666666,793.98,14.054054054054047,963.06,12.279999999999973,5.835000000000036,0.0519323671497584,1004.0,884.0,857.0,883.0,52900.0
2022-10-05,900.0,901.0,880.0,880.0,812.6337890625,17700.0,931.5,948.4,920.7466666666668,795.13,20.34883720930233,962.16,11.546666666666624,5.735000000000014,0.0628019323671498,1004.0,902.0,871.0,870.0,24400.0
2022-10-06,881.0,892.0,880.0,880.0,812.6337890625,11700.0,928.05,941.28,922.8266666666668,796.28,23.489932885906043,961.54,10.81333333333339,5.649999999999977,0.0628019323671498,1004.0,901.0,880.0,900.0,17700.0
2022-10-07,870.0,870.0,850.0,850.0,784.9302978515625,40300.0,923.1,934.4,924.5066666666668,797.28,19.55307262569832,960.06,9.853333333333351,5.42999999999995,-0.003516998827667,1004.0,892.0,880.0,881.0,11700.0
2022-10-08,870.0,870.0,850.0,850.0,784.9302978515625,40300.0,918.15,928.36,926.0,798.325,19.55307262569832,958.74,9.25333333333333,5.4500000000000455,0.0071090047393365,1004.0,870.0,850.0,870.0,40300.0
2022-10-09,870.0,870.0,850.0,850.0,784.9302978515625,40300.0,913.2,922.04,927.6533333333332,799.385,19.55307262569832,957.42,8.986666666666679,5.404999999999973,0.0228640192539109,1004.0,870.0,850.0,870.0,40300.0
2022-10-10,870.0,870.0,850.0,850.0,784.9302978515625,40300.0,905.5,916.4,928.5466666666666,799.945,23.33333333333333,956.1,7.799999999999954,4.815000000000055,0.0228640192539109,982.0,870.0,850.0,870.0,40300.0
2022-10-11,852.0,852.0,832.0,840.0,775.69580078125,43600.0,898.4,912.04,928.9333333333332,800.39,15.540540540540531,954.86,6.10666666666657,4.110000000000014,-0.0117647058823529,959.0,870.0,850.0,870.0,40300.0
2022-10-12,840.0,840.0,812.0,830.0,766.4613037109375,39800.0,891.95,907.28,928.48,800.785,16.19718309859155,953.44,3.9733333333333576,3.5049999999999955,-0.0235294117647059,959.0,852.0,840.0,852.0,43600.0
2022-10-13,830.0,841.0,812.0,833.0,769.231689453125,27400.0,885.65,902.64,928.0666666666668,801.195,19.84732824427481,952.74,2.06666666666672,2.8700000000000045,-0.02,959.0,840.0,830.0,840.0,39800.0
2022-10-14,848.0,865.0,839.0,845.0,780.3130493164062,27100.0,879.95,898.48,927.8133333333334,801.77,29.45736434108528,951.92,0.1600000000000818,2.384999999999991,-0.014002333722287,959.0,841.0,833.0,830.0,27400.0
2022-10-15,848.0,865.0,839.0,845.0,780.3130493164062,27100.0,874.25,892.12,925.9333333333332,802.375,29.45736434108528,950.04,-2.613333333333344,2.42999999999995,-0.0864864864864864,942.0,865.0,845.0,848.0,27100.0
2022-10-16,848.0,865.0,839.0,845.0,780.3130493164062,27100.0,870.0,886.64,924.6,803.13,29.45736434108528,948.16,-4.3333333333332575,2.740000000000009,-0.0724478594950603,942.0,865.0,845.0,848.0,27100.0
2022-10-17,834.0,846.0,832.0,835.0,771.07861328125,13200.0,864.65,881.68,923.96,803.93,38.775510204081634,946.08,-4.519999999999982,3.144999999999982,-0.0963203463203463,926.0,865.0,845.0,848.0,27100.0
2022-10-18,850.0,861.0,843.0,855.0,789.5474853515625,26400.0,861.1,877.52,923.88,804.85,42.30769230769231,943.2,-4.186666666666724,3.6549999999999727,-0.0665938864628821,912.0,846.0,835.0,834.0,13200.0
2022-10-19,859.0,880.0,850.0,872.0,805.2461547851562,33400.0,859.1,874.04,924.4666666666668,805.855,46.42857142857143,939.12,-3.3466666666666924,4.085000000000036,-0.0480349344978165,898.0,861.0,855.0,850.0,26400.0
2022-10-20,862.0,862.0,851.0,856.0,790.4710083007812,20900.0,857.0,869.92,924.84,806.78,40.625,935.34,-1.0933333333332484,4.404999999999973,-0.0655021834061135,898.0,880.0,872.0,859.0,33400.0
2022-10-21,869.0,869.0,850.0,860.0,794.164794921875,17300.0,855.1,867.12,925.2666666666668,807.63,54.90196078431373,931.84,0.6666666666666288,4.5,-0.0465631929046562,898.0,862.0,856.0,862.0,20900.0
2022-10-22,869.0,869.0,850.0,860.0,794.164794921875,17300.0,853.2,863.84,925.36,808.55,54.90196078431373,929.06,1.3999999999999773,4.6200000000000045,-0.0455049944506104,880.0,869.0,860.0,869.0,17300.0
2022-10-23,869.0,869.0,850.0,860.0,794.164794921875,17300.0,853.35,861.2,925.5733333333334,809.395,54.90196078431373,926.28,1.6933333333333849,4.544999999999959,-0.0092165898617511,880.0,869.0,860.0,869.0,17300.0
2022-10-24,871.0,875.0,850.0,850.0,784.9302978515625,29500.0,852.3,858.72,925.8266666666668,810.27,50.0,923.3,1.3600000000000136,4.414999999999964,-0.0406320541760721,880.0,869.0,860.0,869.0,17300.0
2022-10-25,851.0,854.0,833.0,842.0,777.542724609375,28900.0,850.4,856.48,925.9733333333334,811.1,50.909090909090914,919.2,1.1333333333333258,4.32000000000005,-0.1033013844515442,880.0,875.0,850.0,871.0,29500.0
2022-10-26,842.0,882.0,842.0,859.0,793.2412719726562,30000.0,849.35,854.92,926.0933333333334,812.015,62.39316239316239,915.24,0.8266666666667106,4.384999999999991,-0.0851970181043663,872.0,854.0,842.0,851.0,28900.0
2022-10-27,859.0,859.0,843.0,849.0,784.0068969726562,22800.0,849.3,852.96,926.08,812.88,56.45161290322581,911.54,0.7200000000000273,4.330000000000041,-0.0958466453674121,872.0,882.0,859.0,842.0,30000.0
2022-10-28,847.0,850.0,830.0,836.0,772.0020141601562,86800.0,848.6,852.12,925.8933333333332,813.66,46.4,907.56,0.3199999999999363,4.264999999999986,-0.1631631631631631,872.0,859.0,849.0,859.0,22800.0
2022-10-29,847.0,850.0,830.0,836.0,772.0020141601562,86800.0,847.9,850.72,925.6133333333332,814.49,46.4,903.12,-0.2133333333333666,4.220000000000027,-0.2230483271375465,872.0,850.0,836.0,847.0,86800.0
2022-10-30,847.0,850.0,830.0,836.0,772.0020141601562,86800.0,847.2,848.96,924.4266666666666,815.305,46.4,898.68,-1.546666666666738,4.204999999999927,-0.1999999999999999,872.0,850.0,836.0,847.0,86800.0
2022-10-31,856.0,856.0,822.0,830.0,766.4613037109375,45500.0,846.7,846.96,923.3466666666668,816.105,47.93388429752066,894.12,-2.7466666666666697,4.090000000000032,-0.1980676328502415,872.0,850.0,836.0,847.0,86800.0
2022-11-01,935.0,980.0,909.0,921.0,850.4950561523438,509500.0,851.25,849.8,923.3066666666666,817.36,67.1875,892.1,-2.773333333333426,4.480000000000018,-0.0780780780780781,921.0,856.0,830.0,856.0,45500.0
2022-11-02,920.0,926.0,884.0,924.0,853.2654418945312,83900.0,855.8,852.76,923.4133333333332,818.63,64.6067415730337,890.56,-2.480000000000018,4.970000000000027,-0.075075075075075,924.0,980.0,921.0,935.0,509500.0
2022-11-03,920.0,926.0,884.0,924.0,853.2654418945312,83900.0,859.75,855.72,923.52,819.9,70.98765432098764,888.88,-2.093333333333362,5.409999999999968,-0.075075075075075,924.0,926.0,924.0,920.0,83900.0
2022-11-04,915.0,965.0,905.0,954.0,880.9688720703125,63100.0,865.2,859.88,924.0266666666666,821.31,75.0,888.14,-0.3999999999999772,6.004999999999996,-0.0888252148997135,954.0,926.0,924.0,920.0,83900.0
2022-11-05,915.0,965.0,905.0,954.0,880.9688720703125,63100.0,870.65,864.44,924.72,822.71,75.0,888.24,1.3733333333333348,6.605000000000018,-0.097445600756859,954.0,965.0,954.0,915.0,63100.0
2022-11-06,915.0,965.0,905.0,954.0,880.9688720703125,63100.0,876.6,869.4,925.4266666666666,824.115,75.0,888.34,2.1200000000000045,6.754999999999996,-0.0773694390715666,954.0,965.0,954.0,915.0,63100.0
2022-11-07,969.0,969.0,925.0,942.0,869.887451171875,36600.0,880.95,873.76,926.4133333333332,825.455,74.21052631578948,888.2,3.0,6.8250000000000455,-0.0898550724637681,954.0,965.0,954.0,915.0,63100.0
2022-11-08,955.0,968.0,927.0,929.0,857.8826293945312,41900.0,883.8,877.12,926.9866666666668,826.635,72.3076923076923,887.8,3.466666666666697,6.735000000000014,-0.1219281663516068,954.0,969.0,942.0,969.0,36600.0
2022-11-09,930.0,943.0,927.0,932.0,860.6529541015625,17000.0,887.6,880.6,926.8933333333332,827.83,70.1657458563536,886.36,2.8666666666666742,6.520000000000096,-0.1190926275992438,954.0,968.0,929.0,955.0,41900.0
2022-11-10,931.0,1026.0,931.0,1000.0,923.4473876953124,97000.0,894.6,886.8,927.7066666666668,829.365,81.58995815899581,886.72,2.986666666666679,6.654999999999973,-0.0548204158790169,1000.0,943.0,932.0,930.0,17000.0
2022-11-11,996.0,1010.0,980.0,985.0,909.595703125,34100.0,900.85,892.8,928.32,830.86,80.91286307053943,887.24,2.8933333333334303,6.7450000000000045,-0.0362035225048923,1000.0,1026.0,1000.0,931.0,97000.0
2022-11-12,996.0,1010.0,980.0,985.0,909.595703125,34100.0,907.1,898.0,928.1333333333332,832.085,80.91286307053943,887.76,1.7200000000000273,6.629999999999996,-0.0159840159840159,1000.0,1010.0,985.0,996.0,34100.0
2022-11-13,996.0,1010.0,980.0,985.0,909.595703125,34100.0,913.85,902.52,926.92,833.37,80.91286307053943,888.28,-0.0666666666667197,6.735000000000014,-0.0228174603174603,1000.0,1010.0,985.0,996.0,34100.0
2022-11-14,1012.0,1069.0,995.0,995.0,918.8302001953124,74200.0,921.5,908.08,926.2533333333332,834.705,83.6734693877551,889.0,-0.6399999999999864,6.875,0.0040363269424823,1000.0,1010.0,985.0,996.0,34100.0
2022-11-15,980.0,1004.0,974.0,983.0,907.748779296875,39200.0,927.7,913.0,925.56,835.98,68.67469879518072,890.06,-2.1466666666667606,6.615000000000009,0.035827186512118,1000.0,1069.0,995.0,1012.0,74200.0
2022-11-16,975.0,998.0,973.0,983.0,907.748779296875,23300.0,934.4,917.92,925.3466666666668,837.255,68.09815950920245,890.88,-2.9733333333333576,6.394999999999982,0.035827186512118,1000.0,1004.0,983.0,980.0,39200.0
2022-11-17,972.0,981.0,960.0,976.0,901.2847290039062,34600.0,941.4,922.56,925.04,838.495,65.29411764705883,891.88,-3.093333333333362,6.409999999999968,0.0284510010537408,1000.0,998.0,983.0,975.0,23300.0
2022-11-18,984.0,995.0,975.0,988.0,912.3660888671876,20300.0,949.0,928.08,924.8933333333332,839.85,61.1842105263158,893.4,-2.0266666666666424,6.480000000000018,0.0410958904109588,1000.0,981.0,976.0,972.0,34600.0
2022-11-19,984.0,995.0,975.0,988.0,912.3660888671876,20300.0,956.6,933.92,924.1066666666668,841.205,61.1842105263158,895.2,-2.146666666666647,6.5,-0.0159362549800796,1000.0,995.0,988.0,984.0,20300.0
2022-11-20,984.0,995.0,975.0,988.0,912.3660888671876,20300.0,964.5,939.08,923.1866666666666,842.56,61.1842105263158,897.0,-2.373333333333335,6.579999999999927,0.0061099796334012,1000.0,995.0,988.0,984.0,20300.0
2022-11-21,987.0,987.0,962.0,962.0,888.3564453125,26000.0,966.55,943.6,922.2266666666668,843.785,56.02409638554217,898.28,-3.1200000000000045,6.529999999999973,0.0031282586027112,1000.0,995.0,988.0,984.0,20300.0
2022-11-22,965.0,990.0,965.0,972.0,897.5909423828125,21100.0,968.95,949.04,921.3866666666668,845.035,63.19018404907976,900.58,-3.653333333333308,6.539999999999964,0.0135557872784151,1000.0,987.0,962.0,987.0,26000.0
2022-11-23,965.0,990.0,965.0,972.0,897.5909423828125,21100.0,971.35,954.48,920.24,846.285,62.50000000000001,902.6,-4.653333333333308,6.434999999999945,0.0135557872784151,1000.0,990.0,972.0,965.0,21100.0
2022-11-24,984.0,1027.0,981.0,1023.0,944.6867065429688,44800.0,974.8,961.96,919.7733333333332,847.79,58.04195804195805,905.46,-4.333333333333371,6.584999999999923,0.0667361835245046,1023.0,990.0,972.0,965.0,21100.0
2022-11-25,1033.0,1033.0,1007.0,1026.0,947.45703125,36900.0,978.4,969.8,919.3466666666668,849.42,65.64885496183206,908.38,-3.839999999999918,6.860000000000014,0.1032258064516129,1026.0,1027.0,1023.0,984.0,44800.0
2022-11-26,1033.0,1033.0,1007.0,1026.0,947.45703125,36900.0,982.0,974.0,919.4,851.155,65.64885496183206,911.9,-2.82666666666671,7.370000000000003,0.0891719745222929,1026.0,1033.0,1026.0,1033.0,36900.0
2022-11-27,1033.0,1033.0,1007.0,1026.0,947.45703125,36900.0,986.2,978.08,919.7333333333332,852.39,65.64885496183206,915.42,-1.6533333333333076,7.355000000000018,0.1079913606911446,1026.0,1033.0,1026.0,1033.0,36900.0
2022-11-28,1011.0,1030.0,1008.0,1025.0,946.5336303710938,13700.0,991.0,982.12,919.96,854.025,62.29508196721312,918.92,-0.2799999999999727,7.740000000000009,0.1239035087719298,1026.0,1033.0,1026.0,1033.0,36900.0
2022-11-29,1025.0,1038.0,1009.0,1020.0,941.9164428710938,18800.0,995.4,984.76,920.3466666666668,855.465,66.08695652173913,922.32,0.5733333333333803,7.675000000000068,0.1358574610244989,1026.0,1030.0,1025.0,1011.0,13700.0
2022-11-30,1031.0,1031.0,999.0,999.0,922.5239868164062,23700.0,995.35,986.56,921.0133333333332,856.8,55.88235294117647,925.5,1.6666666666666288,7.3799999999999955,0.1124721603563474,1026.0,1038.0,1020.0,1025.0,18800.0
2022-12-01,1012.0,1018.0,996.0,1001.0,924.3709716796876,15300.0,996.15,988.44,921.7066666666668,858.145,59.54198473282443,928.92,2.306666666666729,6.990000000000009,0.1146993318485523,1026.0,1031.0,999.0,1031.0,23700.0
2022-12-02,998.0,999.0,943.0,957.0,883.7392578125,66000.0,994.75,989.04,921.8133333333334,859.315,40.490797546012274,931.4,2.080000000000041,6.925000000000068,0.116686114352392,1026.0,1018.0,1001.0,1012.0,15300.0
2022-12-03,998.0,999.0,943.0,957.0,883.7392578125,66000.0,993.35,990.16,921.92,860.705,40.490797546012274,933.64,1.9599999999999227,6.680000000000064,0.0987370838117107,1026.0,999.0,957.0,998.0,66000.0
2022-12-04,998.0,999.0,943.0,957.0,883.7392578125,66000.0,991.45,991.16,921.2933333333332,861.885,40.490797546012274,935.88,0.9466666666666016,6.419999999999959,0.0874999999999999,1026.0,999.0,957.0,998.0,66000.0
2022-12-05,959.0,964.0,942.0,953.0,880.04541015625,22900.0,989.95,989.28,920.9066666666666,863.07,46.80851063829788,938.04,-0.1066666666666833,6.270000000000096,0.0829545454545455,1026.0,999.0,957.0,998.0,66000.0
2022-12-06,942.0,946.0,933.0,934.0,862.4999389648438,23100.0,987.5,987.24,920.5733333333334,864.09,37.333333333333336,940.02,-1.1333333333333258,5.94500000000005,0.0988235294117647,1026.0,964.0,953.0,959.0,22900.0
2022-12-07,935.0,969.0,935.0,959.0,885.5861206054688,12800.0,986.65,986.2,920.5733333333334,865.235,46.285714285714285,942.1,-1.240000000000009,5.919999999999959,0.128235294117647,1026.0,946.0,934.0,942.0,23100.0
2022-12-08,947.0,955.0,934.0,947.0,874.5046997070312,18400.0,984.6,984.68,920.4133333333332,866.32,22.05882352941176,943.6,-1.5066666666666606,5.615000000000009,0.1141176470588234,1026.0,969.0,959.0,935.0,12800.0
2022-12-09,945.0,949.0,936.0,940.0,868.0405883789062,10300.0,982.2,982.48,920.16,867.28,19.28571428571428,945.28,-1.1333333333333258,5.394999999999982,0.1058823529411765,1026.0,955.0,947.0,947.0,18400.0
2022-12-10,945.0,949.0,936.0,940.0,868.0405883789062,10300.0,979.8,980.76,920.2933333333332,868.225,19.28571428571428,946.88,-0.6133333333333439,5.154999999999973,0.119047619047619,1026.0,949.0,940.0,945.0,10300.0
2022-12-11,945.0,949.0,936.0,940.0,868.0405883789062,10300.0,978.7,979.04,920.2666666666668,869.275,19.28571428571428,948.48,-0.3066666666667288,5.184999999999945,0.1325301204819278,1026.0,949.0,940.0,945.0,10300.0
2022-12-12,939.0,950.0,933.0,945.0,872.6577758789062,18300.0,977.35,977.8,920.52,870.355,22.22222222222221,950.18,-0.0533333333333985,5.1200000000000045,0.134453781512605,1026.0,949.0,940.0,945.0,10300.0
2022-12-13,945.0,945.0,936.0,936.0,864.3467407226562,10300.0,975.55,975.72,920.84,871.345,21.62162162162161,951.9,0.4266666666667333,5.024999999999977,0.1076923076923077,1026.0,950.0,945.0,939.0,18300.0
2022-12-14,934.0,950.0,933.0,950.0,877.2750854492188,12000.0,971.9,974.2,921.5333333333332,872.405,32.624113475177296,954.06,1.3733333333333348,5.125,0.1242603550295857,1026.0,945.0,936.0,945.0,10300.0
2022-12-15,956.0,965.0,950.0,957.0,883.7392578125,14400.0,968.45,972.96,922.32,873.5,34.93150684931507,956.02,2.026666666666756,5.274999999999977,0.1325443786982247,1026.0,950.0,950.0,934.0,12000.0
2022-12-16,950.0,954.0,931.0,932.0,860.6529541015625,14200.0,963.75,971.76,922.7733333333332,874.37,40.15748031496063,957.68,2.5066666666666606,5.095000000000027,0.1161676646706586,1026.0,965.0,957.0,956.0,14400.0
2022-12-17,950.0,954.0,931.0,932.0,860.6529541015625,14200.0,959.05,970.16,923.7733333333332,875.215,40.15748031496063,959.6,3.2533333333333303,4.860000000000014,0.0900584795321637,1025.0,954.0,932.0,950.0,14200.0
2022-12-18,950.0,954.0,931.0,932.0,860.6529541015625,14200.0,954.4,968.56,924.5866666666668,876.045,40.15748031496063,961.52,3.7466666666666697,4.699999999999932,0.0688073394495412,1020.0,954.0,932.0,950.0,14200.0
2022-12-19,937.0,956.0,933.0,949.0,876.3516235351562,16500.0,950.85,965.6,925.5066666666668,877.01,48.57142857142856,963.78,3.9733333333333576,4.605000000000018,0.108644859813084,1001.0,954.0,932.0,950.0,14200.0
2022-12-20,942.0,949.0,851.0,866.0,799.7055053710938,91800.0,944.2,959.2,925.32,877.29,33.33333333333333,964.5,3.0,3.789999999999964,0.0069767441860464,1001.0,956.0,949.0,937.0,16500.0
2022-12-21,878.0,905.0,867.0,884.0,816.3274536132812,37700.0,938.35,953.52,925.7733333333332,877.66,30.964467005076145,963.76,3.0,3.289999999999964,0.0279069767441859,959.0,949.0,866.0,942.0,91800.0
2022-12-22,878.0,898.0,856.0,856.0,790.4710083007812,32500.0,933.3,946.72,925.8533333333334,877.89,28.638497652582146,962.4,2.080000000000041,2.6749999999999545,-0.0046511627906976,959.0,905.0,884.0,878.0,37700.0
2022-12-23,856.0,861.0,838.0,844.0,779.3896484375,23400.0,927.65,939.48,925.7733333333332,877.99,27.981651376146782,960.8,1.1866666666666106,1.94500000000005,-0.0070588235294117,959.0,898.0,856.0,878.0,32500.0
2022-12-24,856.0,861.0,838.0,844.0,779.3896484375,23400.0,922.0,932.44,925.6933333333334,878.235,27.981651376146782,958.6,0.1866666666667242,1.2250000000000227,0.002375296912114,959.0,861.0,844.0,856.0,23400.0
2022-12-25,856.0,861.0,838.0,844.0,779.3896484375,23400.0,916.55,926.24,925.7466666666668,878.525,27.981651376146782,956.4,0.4266666666666197,1.2350000000000136,-0.0174621653084982,959.0,861.0,844.0,856.0,23400.0
2022-12-26,841.0,856.0,840.0,848.0,783.0834350585938,14200.0,912.25,920.12,925.9866666666668,878.905,27.64976958525345,954.28,0.2133333333333666,1.2450000000000043,-0.0011778563015312,959.0,861.0,844.0,856.0,23400.0
2022-12-27,852.0,882.0,831.0,843.0,778.4661865234375,38000.0,906.45,915.56,926.12,879.135,28.16901408450704,952.3,0.2666666666666515,1.2450000000000043,0.0083732057416268,957.0,856.0,848.0,841.0,14200.0
2022-12-28,839.0,844.0,828.0,836.0,772.0020141601562,24900.0,900.9,910.72,926.0,879.33,22.330097087378647,950.44,0.2266666666666879,1.3400000000000318,0.0,957.0,882.0,843.0,852.0,38000.0
2022-12-29,836.0,836.0,802.0,821.0,758.1502685546875,39700.0,894.95,905.28,925.68,879.45,18.224299065420567,948.22,-0.0133333333334348,1.2150000000000318,-0.0179425837320573,957.0,844.0,836.0,839.0,24900.0
2022-12-30,832.0,843.0,813.0,827.0,763.6910400390625,77000.0,889.3,900.24,925.44,879.9,23.07692307692308,944.76,-0.3066666666666151,1.375,-0.0036144578313253,957.0,836.0,821.0,836.0,39700.0
2022-12-31,832.0,843.0,813.0,827.0,763.6910400390625,77000.0,883.65,895.96,925.3333333333334,880.4,23.07692307692308,941.6,-0.6533333333333076,1.4950000000000043,-0.1020629750271444,957.0,843.0,827.0,832.0,77000.0
2023-01-01,832.0,843.0,813.0,827.0,763.6910400390625,77000.0,877.75,890.68,924.96,881.0,23.07692307692308,938.44,-1.1599999999999682,1.865000000000009,-0.1049783549783549,957.0,843.0,827.0,832.0,77000.0
2023-01-02,832.0,843.0,813.0,827.0,763.6910400390625,77000.0,872.3,885.88,924.36,881.635,15.730337078651688,935.28,-1.6399999999999864,2.30499999999995,-0.1049783549783549,957.0,843.0,827.0,832.0,77000.0
2023-01-03,832.0,843.0,813.0,827.0,763.6910400390625,77000.0,866.15,881.36,923.9733333333334,882.205,29.473684210526315,931.92,-1.7066666666665924,2.7549999999999955,-0.1331236897274633,957.0,843.0,827.0,832.0,77000.0
2023-01-04,813.0,821.0,780.0,782.0,722.1358032226562,79700.0,857.4,875.04,922.9333333333332,882.55,8.1967213114754,927.9,-2.5066666666667743,2.6499999999999773,-0.180293501048218,949.0,843.0,827.0,832.0,77000.0
2023-01-05,782.0,789.0,768.0,779.0,719.3656005859375,28700.0,849.75,868.6,921.8533333333334,882.88,10.30927835051547,923.82,-3.480000000000018,2.480000000000018,-0.1834381551362683,949.0,821.0,782.0,813.0,79700.0
2023-01-06,780.0,798.0,777.0,798.0,736.9110107421875,30300.0,843.05,862.72,921.0266666666666,883.39,27.884615384615387,920.26,-3.933333333333394,2.3899999999999864,-0.1528662420382165,949.0,789.0,779.0,782.0,28700.0
2023-01-07,780.0,798.0,777.0,798.0,736.9110107421875,30300.0,836.35,857.2,920.3333333333334,883.785,27.884615384615387,916.46,-4.026666666666642,2.1499999999999773,-0.1410118406889128,949.0,798.0,798.0,780.0,30300.0
2023-01-08,780.0,798.0,777.0,798.0,736.9110107421875,30300.0,828.8,851.12,919.7466666666668,884.14,27.884615384615387,912.66,-4.226666666666688,1.9349999999999448,-0.1437768240343347,884.0,798.0,798.0,780.0,30300.0
2023-01-09,780.0,798.0,777.0,798.0,736.9110107421875,30300.0,825.4,844.76,918.9333333333332,884.435,25.00000000000001,908.86,-4.0,1.884999999999991,-0.2019999999999999,884.0,798.0,798.0,780.0,30300.0
2023-01-10,802.0,810.0,786.0,799.0,737.8345336914062,27400.0,821.15,839.44,918.2666666666668,884.715,27.08333333333333,905.6,-3.586666666666701,1.8350000000000364,-0.1888324873096446,856.0,798.0,798.0,780.0,30300.0
2023-01-11,814.0,861.0,808.0,852.0,786.7771606445312,54600.0,820.95,836.24,918.48,885.26,55.63380281690141,903.2,-2.546666666666624,1.8700000000000043,-0.1350253807106599,852.0,810.0,799.0,802.0,27400.0
2023-01-12,837.0,848.0,833.0,836.0,772.0020141601562,22200.0,820.55,832.4,918.48,885.725,55.24475524475525,900.48,-1.853333333333353,1.9400000000000543,-0.1512690355329949,852.0,861.0,852.0,814.0,54600.0
2023-01-13,832.0,846.0,818.0,833.0,769.231689453125,27500.0,820.0,827.76,918.44,886.165,52.14285714285714,896.68,-1.3066666666666151,2.0249999999999773,-0.1628140703517587,852.0,848.0,836.0,837.0,22200.0
2023-01-14,832.0,846.0,818.0,833.0,769.231689453125,27500.0,819.45,826.44,918.48,886.37,52.14285714285714,892.82,-0.4533333333332621,1.9350000000000591,-0.1525940996948117,852.0,846.0,833.0,832.0,27500.0
2023-01-15,832.0,846.0,818.0,833.0,769.231689453125,27500.0,818.7,824.4,917.3066666666666,886.56,52.14285714285714,888.96,-0.9600000000000364,1.8449999999999136,-0.1525940996948117,852.0,846.0,833.0,832.0,27500.0
2023-01-16,829.0,842.0,816.0,816.0,753.5330810546875,20600.0,817.35,822.8,915.8666666666668,886.79,46.496815286624205,884.76,-2.613333333333344,1.5299999999999727,-0.1639344262295081,852.0,846.0,833.0,832.0,27500.0
2023-01-17,816.0,875.0,816.0,846.0,781.2365112304688,50100.0,817.85,822.88,914.8266666666668,887.29,55.08021390374332,881.18,-3.653333333333308,1.5649999999999409,-0.1437246963562752,852.0,842.0,816.0,829.0,20600.0
2023-01-18,860.0,864.0,836.0,861.0,795.0882568359375,26300.0,819.85,823.56,913.5866666666668,887.865,75.1592356687898,878.0,-4.853333333333353,1.7000000000000457,-0.1285425101214574,861.0,875.0,846.0,816.0,50100.0
2023-01-19,862.0,890.0,853.0,884.0,816.3274536132812,32000.0,822.7,825.16,912.6533333333332,888.555,79.66101694915254,875.7,-5.826666666666711,2.184999999999945,-0.1052631578947368,884.0,864.0,861.0,860.0,26300.0
2023-01-20,890.0,897.0,869.0,882.0,814.4805908203125,26900.0,825.45,826.52,911.6933333333334,889.285,76.25,873.32,-5.61333333333323,2.7250000000000227,-0.0831600831600831,884.0,890.0,884.0,862.0,32000.0
2023-01-21,890.0,897.0,869.0,882.0,814.4805908203125,26900.0,828.2,828.08,910.8933333333332,890.035,76.25,871.82,-4.973333333333358,3.2450000000000045,-0.0925925925925925,884.0,897.0,882.0,890.0,26900.0
2023-01-22,890.0,897.0,869.0,882.0,814.4805908203125,26900.0,830.95,829.92,910.2666666666668,890.87,76.25,870.32,-4.560000000000059,3.580000000000041,-0.0925925925925925,884.0,897.0,882.0,890.0,26900.0
2023-01-23,884.0,915.0,880.0,899.0,830.1793212890625,27500.0,834.55,833.04,909.8266666666668,891.82,78.53107344632768,869.16,-3.759999999999991,3.955000000000041,-0.1212121212121212,899.0,897.0,882.0,890.0,26900.0
2023-01-24,905.0,926.0,899.0,915.0,844.954345703125,30500.0,841.2,836.56,908.6933333333334,892.885,80.20833333333333,868.4,-3.959999999999922,4.330000000000041,-0.1081871345029239,915.0,915.0,899.0,884.0,27500.0
2023-01-25,907.0,928.0,900.0,900.0,831.1026611328125,20500.0,847.25,839.48,907.56,893.875,65.58441558441558,867.72,-4.133333333333439,4.590000000000032,-0.1228070175438597,915.0,926.0,915.0,905.0,30500.0
2023-01-26,903.0,918.0,901.0,905.0,835.7199096679688,20400.0,852.6,842.6,906.4933333333332,894.89,74.12587412587413,866.64,-4.399999999999977,4.855000000000018,-0.1179337231968811,915.0,928.0,900.0,907.0,20500.0
2023-01-27,900.0,901.0,877.0,895.0,826.4854736328125,25900.0,857.45,845.32,905.2933333333332,895.71,70.66666666666667,865.6,-4.973333333333358,4.840000000000032,-0.1268292682926829,915.0,918.0,905.0,903.0,20400.0
2023-01-28,900.0,901.0,877.0,895.0,826.4854736328125,25900.0,862.3,848.04,903.96,896.62,70.66666666666667,864.7,-5.866666666666674,4.7999999999999545,-0.1225490196078431,915.0,901.0,895.0,900.0,25900.0
2023-01-29,900.0,901.0,877.0,895.0,826.4854736328125,25900.0,867.15,852.56,902.7866666666666,897.525,70.66666666666667,863.8,-5.906666666666752,4.639999999999986,-0.104104104104104,915.0,901.0,895.0,900.0,25900.0
2023-01-30,900.0,936.0,900.0,916.0,845.8778076171875,92200.0,873.0,858.04,901.8933333333332,898.505,82.46753246753246,863.32,-5.666666666666629,4.629999999999996,-0.0849150849150849,916.0,901.0,895.0,900.0,25900.0
2023-01-31,918.0,942.0,899.0,940.0,868.0405883789062,118700.0,877.4,863.72,901.4133333333332,899.77,81.75675675675676,863.22,-5.080000000000041,4.879999999999996,-0.0177638453500522,940.0,936.0,916.0,900.0,92200.0
2023-02-01,1087.0,1090.0,1079.0,1090.0,1006.5576171875,232300.0,890.1,875.4,902.7733333333332,901.785,90.45936395759718,866.3,-2.519999999999982,6.074999999999932,0.1389759665621734,1090.0,942.0,940.0,918.0,118700.0
2023-02-02,1140.0,1160.0,1091.0,1118.0,1032.4141845703125,397900.0,904.35,888.2,904.5066666666668,903.94,90.625,869.66,0.5466666666666242,7.32000000000005,0.1682340647857889,1118.0,1090.0,1090.0,1087.0,232300.0
2023-02-03,1123.0,1212.0,1082.0,1151.0,1062.887939453125,271900.0,920.25,902.32,906.68,906.26,92.16300940438872,873.54,3.8933333333333167,8.735000000000014,0.2077649527806926,1151.0,1160.0,1118.0,1140.0,397900.0
2023-02-04,1123.0,1212.0,1082.0,1151.0,1062.887939453125,271900.0,936.15,916.4,909.2,908.515,92.16300940438872,877.92,7.306666666666729,10.009999999999993,0.2323340471092077,1151.0,1212.0,1151.0,1123.0,271900.0
2023-02-05,1123.0,1212.0,1082.0,1151.0,1062.887939453125,271900.0,952.9,928.36,911.5866666666668,910.77,92.16300940438872,882.3,10.173333333333405,11.0,0.200208550573514,1151.0,1212.0,1151.0,1123.0,271900.0
2023-02-06,1151.0,1212.0,1144.0,1159.0,1070.2755126953125,135000.0,968.55,941.28,914.08,912.93,91.93548387096774,886.84,11.306666666666729,11.144999999999982,0.2238648363252375,1159.0,1212.0,1151.0,1123.0,271900.0
2023-02-07,1158.0,1185.0,1137.0,1157.0,1068.4287109375,85300.0,983.35,954.24,915.8666666666668,915.095,90.8783783783784,891.0,11.360000000000014,11.154999999999973,0.2308510638297871,1159.0,1212.0,1159.0,1151.0,135000.0
2023-02-08,1156.0,1229.0,1147.0,1211.0,1118.294921875,112700.0,999.7,969.36,918.3333333333334,917.53,96.4179104477612,897.9,11.65333333333342,11.269999999999982,0.2882978723404255,1211.0,1185.0,1157.0,1158.0,85300.0
2023-02-09,1208.0,1212.0,1171.0,1176.0,1085.974365234375,47500.0,1014.4,983.08,920.3333333333334,919.79,87.12328767123287,903.74,11.133333333333326,11.274999999999975,0.251063829787234,1211.0,1229.0,1211.0,1156.0,112700.0
2023-02-10,1176.0,1208.0,1135.0,1183.0,1092.4383544921875,67200.0,1029.45,997.76,922.4266666666666,922.015,89.77900552486187,910.28,10.839999999999918,11.245000000000005,0.2518518518518517,1211.0,1212.0,1176.0,1208.0,47500.0
2023-02-11,1176.0,1208.0,1135.0,1183.0,1092.4383544921875,67200.0,1044.5,1011.24,924.5333333333332,924.3,89.77900552486187,917.06,10.453333333333262,11.370000000000005,0.2638888888888888,1211.0,1208.0,1183.0,1176.0,67200.0
2023-02-12,1176.0,1208.0,1135.0,1183.0,1092.4383544921875,67200.0,1058.7,1024.12,926.7066666666668,926.3,89.77900552486187,923.84,10.840000000000032,11.204999999999927,0.2452631578947368,1211.0,1208.0,1183.0,1176.0,67200.0
2023-02-13,1194.0,1200.0,1140.0,1164.0,1074.892822265625,51200.0,1071.15,1035.32,928.9066666666666,928.065,84.44444444444444,930.24,10.573333333333268,10.535000000000082,0.2163009404388713,1211.0,1208.0,1183.0,1176.0,67200.0
2023-02-14,1164.0,1186.0,1150.0,1154.0,1065.658447265625,34500.0,1083.85,1046.2,930.9466666666668,929.515,80.92485549132948,936.36,10.613333333333344,9.725000000000025,0.2381974248927039,1211.0,1200.0,1164.0,1194.0,51200.0
2023-02-15,1165.0,1165.0,1107.0,1110.0,1025.026611328125,58800.0,1094.1,1055.32,932.9866666666668,930.745,54.16666666666666,941.7,10.56000000000006,8.730000000000018,0.1909871244635193,1211.0,1186.0,1154.0,1164.0,34500.0
2023-02-16,1130.0,1158.0,1121.0,1145.0,1057.3472900390625,41800.0,1106.6,1065.84,935.4933333333332,932.15,55.465587044534416,947.88,10.960000000000036,7.850000000000023,0.2285407725321888,1211.0,1165.0,1110.0,1165.0,58800.0
2023-02-17,1136.0,1143.0,1113.0,1143.0,1055.5006103515625,28800.0,1119.0,1075.6,937.9733333333334,932.935,48.14814814814815,954.32,11.266666666666652,6.634999999999991,0.2044257112750263,1211.0,1158.0,1145.0,1130.0,41800.0
2023-02-18,1136.0,1143.0,1113.0,1143.0,1055.5006103515625,28800.0,1131.4,1084.72,940.5066666666668,933.925,48.14814814814815,960.64,11.600000000000025,5.8599999999999,0.3198614318706698,1211.0,1143.0,1143.0,1136.0,28800.0
2023-02-19,1136.0,1143.0,1113.0,1143.0,1055.5006103515625,28800.0,1142.75,1094.44,943.2933333333332,935.225,48.14814814814815,966.96,12.34666666666658,5.710000000000036,0.2929864253393666,1211.0,1143.0,1143.0,1136.0,28800.0
2023-02-20,1135.0,1218.0,1132.0,1174.0,1084.1273193359375,80700.0,1154.45,1105.2,946.16,936.79,53.138075313807526,973.9,13.17333333333329,6.044999999999959,0.3714953271028036,1211.0,1143.0,1143.0,1136.0,28800.0
2023-02-21,1164.0,1185.0,1153.0,1174.0,1084.1273193359375,27600.0,1158.65,1116.36,949.1866666666666,938.52,53.58649789029536,980.84,13.693333333333271,6.3700000000000045,0.3909952606635072,1211.0,1218.0,1174.0,1135.0,80700.0
2023-02-22,1155.0,1177.0,1153.0,1176.0,1085.974365234375,26900.0,1161.55,1127.6,952.3333333333334,940.26,40.54054054054053,987.82,14.360000000000014,7.325000000000045,0.3933649289099525,1211.0,1185.0,1174.0,1164.0,27600.0
2023-02-23,1155.0,1177.0,1153.0,1176.0,1085.974365234375,26900.0,1162.8,1138.84,955.48,942.0,50.0,995.7,14.973333333333358,8.075000000000045,0.3933649289099525,1211.0,1177.0,1176.0,1155.0,26900.0
2023-02-24,1188.0,1191.0,1154.0,1177.0,1086.8975830078125,26500.0,1164.1,1149.28,958.64,943.62,47.91666666666667,1003.66,15.346666666666692,8.394999999999982,0.3879716981132075,1211.0,1177.0,1176.0,1155.0,26900.0
2023-02-25,1188.0,1191.0,1154.0,1177.0,1086.8975830078125,26500.0,1165.4,1158.76,961.7333333333332,945.285,47.91666666666667,1011.24,15.57333333333338,8.495000000000005,0.3962040332147094,1211.0,1191.0,1177.0,1188.0,26500.0
2023-02-26,1188.0,1191.0,1154.0,1177.0,1086.8975830078125,26500.0,1166.3,1162.24,964.9466666666668,947.015,47.91666666666667,1018.82,15.760000000000105,8.495000000000005,0.4078947368421053,1211.0,1191.0,1177.0,1188.0,26500.0
2023-02-27,1177.0,1185.0,1152.0,1182.0,1091.514892578125,28800.0,1167.55,1164.8,968.04,948.77,56.92307692307692,1026.5,15.706666666666592,8.509999999999991,0.4397076735688185,1211.0,1191.0,1177.0,1188.0,26500.0
2023-02-28,1176.0,1229.0,1175.0,1214.0,1121.0650634765625,69700.0,1167.7,1167.32,971.4666666666668,950.59,69.73684210526315,1034.82,15.98666666666668,8.590000000000032,0.467956469165659,1214.0,1185.0,1182.0,1177.0,28800.0
2023-03-01,1214.0,1228.0,1178.0,1193.0,1101.6729736328125,48100.0,1168.55,1169.0,974.9466666666668,952.305,82.17054263565892,1042.7,16.30666666666673,8.684999999999945,0.4425634824667472,1214.0,1229.0,1214.0,1176.0,69700.0
2023-03-02,1193.0,1277.0,1193.0,1277.0,1179.2423095703125,101600.0,1173.25,1174.04,979.5466666666666,954.44,87.07865168539325,1051.2,17.813333333333276,9.155000000000086,0.5441354292623941,1277.0,1228.0,1193.0,1214.0,48100.0
2023-03-03,1293.0,1295.0,1240.0,1263.0,1166.314208984375,62100.0,1177.25,1178.2,983.96,956.47,81.57894736842105,1059.74,19.01333333333332,9.45500000000004,0.5272067714631197,1277.0,1277.0,1277.0,1193.0,101600.0
2023-03-04,1293.0,1295.0,1240.0,1263.0,1166.314208984375,62100.0,1181.25,1182.44,988.1466666666666,958.16,81.57894736842105,1068.34,20.106666666666683,9.389999999999986,0.5272067714631197,1277.0,1295.0,1263.0,1293.0,62100.0
2023-03-05,1293.0,1295.0,1240.0,1263.0,1166.314208984375,62100.0,1186.2,1184.52,993.44,959.92,81.57894736842105,1076.94,21.97333333333336,9.329999999999927,0.6150895140664963,1277.0,1295.0,1263.0,1293.0,62100.0
2023-03-06,1277.0,1292.0,1257.0,1258.0,1161.6968994140625,63300.0,1191.4,1187.8,998.4266666666666,961.59,75.60975609756098,1085.44,23.479999999999905,9.285000000000082,0.6148908857509627,1277.0,1295.0,1263.0,1293.0,62100.0
2023-03-07,1264.0,1311.0,1260.0,1261.0,1164.4671630859375,98000.0,1198.95,1190.92,1003.8266666666668,963.315,76.04790419161677,1094.34,24.280000000000086,8.875,0.5802005012531328,1277.0,1292.0,1258.0,1277.0,63300.0
2023-03-08,1256.0,1307.0,1251.0,1297.0,1197.71142578125,63800.0,1206.55,1195.48,1009.8666666666668,965.22,80.09950248756219,1103.36,25.90666666666664,8.75,0.6253132832080202,1297.0,1311.0,1261.0,1264.0,98000.0
2023-03-09,1291.0,1294.0,1253.0,1257.0,1160.7733154296875,52000.0,1212.25,1198.44,1015.3733333333332,966.925,66.80497925311204,1111.28,27.226666666666688,8.764999999999986,0.5751879699248121,1297.0,1307.0,1297.0,1256.0,63800.0
2023-03-10,1252.0,1282.0,1250.0,1272.0,1174.6251220703125,58900.0,1218.7,1202.76,1021.08,968.775,68.62745098039215,1119.04,27.639999999999983,8.855000000000018,0.593984962406015,1297.0,1294.0,1257.0,1291.0,52000.0
2023-03-11,1252.0,1282.0,1250.0,1272.0,1174.6251220703125,58900.0,1225.15,1207.48,1026.7333333333331,970.63,68.62745098039215,1126.84,28.30666666666673,9.039999999999964,0.5919899874843555,1297.0,1282.0,1272.0,1252.0,58900.0
2023-03-12,1252.0,1282.0,1250.0,1272.0,1174.6251220703125,58900.0,1230.05,1213.96,1032.4533333333334,972.65,68.62745098039215,1134.64,28.626666666666665,9.334999999999924,0.4929577464788732,1297.0,1282.0,1272.0,1252.0,58900.0
2023-03-13,1229.0,1243.0,1183.0,1220.0,1126.60595703125,64700.0,1232.35,1216.96,1037.5733333333333,974.32,56.29139072847683,1141.4,27.706666666666592,9.100000000000025,0.4593301435406698,1297.0,1282.0,1272.0,1252.0,58900.0
2023-03-14,1197.0,1210.0,1156.0,1164.0,1074.892822265625,78500.0,1231.75,1217.8,1042.1466666666668,975.445,42.331288343558285,1146.7,26.773333333333422,8.520000000000095,0.3973589435774309,1297.0,1243.0,1220.0,1229.0,64700.0
2023-03-15,1186.0,1252.0,1173.0,1242.0,1146.921630859375,53300.0,1235.05,1221.76,1047.68,976.96,56.39686684073107,1153.24,26.600000000000023,8.18500000000006,0.4909963985594237,1297.0,1210.0,1164.0,1197.0,78500.0
2023-03-16,1190.0,1239.0,1179.0,1239.0,1144.1514892578125,45500.0,1238.15,1225.6,1053.1733333333334,978.46,43.70860927152317,1160.02,26.44000000000005,7.830000000000041,0.4873949579831933,1297.0,1252.0,1242.0,1186.0,53300.0
2023-03-17,1254.0,1291.0,1240.0,1281.0,1182.9361572265625,49400.0,1243.35,1229.88,1059.2266666666667,979.87,52.72727272727273,1167.54,26.773333333333312,7.220000000000027,0.5698529411764706,1297.0,1239.0,1239.0,1190.0,45500.0
2023-03-18,1254.0,1291.0,1240.0,1281.0,1182.9361572265625,49400.0,1248.55,1234.16,1065.28,980.895,52.72727272727273,1175.26,27.706666666666703,6.574999999999932,0.5141843971631206,1297.0,1291.0,1281.0,1254.0,49400.0
2023-03-19,1254.0,1291.0,1240.0,1281.0,1182.9361572265625,49400.0,1253.5,1238.36,1071.3333333333333,982.075,52.72727272727273,1182.98,29.186666666666497,6.629999999999996,0.4878048780487805,1297.0,1291.0,1281.0,1254.0,49400.0
2023-03-20,1273.0,1302.0,1235.0,1244.0,1148.7685546875,64900.0,1255.0,1241.08,1077.493333333333,983.12,48.06629834254144,1189.96,29.81333333333328,6.159999999999968,0.407239819004525,1297.0,1291.0,1281.0,1254.0,49400.0
2023-03-21,1273.0,1302.0,1235.0,1244.0,1148.7685546875,64900.0,1257.55,1243.76,1083.6933333333334,984.345,47.63231197771588,1196.52,30.519999999999985,5.884999999999991,0.4104308390022675,1297.0,1302.0,1244.0,1273.0,64900.0
2023-03-22,1274.0,1320.0,1273.0,1315.0,1214.33349609375,90500.0,1259.45,1249.28,1090.5866666666666,985.925,52.28426395939086,1204.02,31.3599999999999,6.05499999999995,0.4909297052154195,1315.0,1302.0,1244.0,1273.0,64900.0
2023-03-23,1309.0,1358.0,1289.0,1358.0,1254.0416259765625,82700.0,1264.2,1256.52,1098.0533333333333,987.72,62.72040302267003,1209.38,32.77333333333331,6.8250000000000455,0.5396825396825398,1358.0,1320.0,1315.0,1274.0,90500.0
2023-03-24,1357.0,1388.0,1341.0,1354.0,1250.347900390625,89700.0,1268.75,1263.4,1105.4666666666667,989.255,60.62176165803109,1214.1,34.13333333333344,7.17999999999995,0.5061179087875418,1358.0,1358.0,1358.0,1309.0,82700.0
2023-03-25,1357.0,1388.0,1341.0,1354.0,1250.347900390625,89700.0,1273.3,1269.0,1112.88,990.74,60.62176165803109,1218.16,35.38666666666677,7.620000000000003,0.4797814207650273,1358.0,1388.0,1354.0,1357.0,89700.0
2023-03-26,1357.0,1388.0,1341.0,1354.0,1250.347900390625,89700.0,1278.1,1275.44,1120.28,992.34,60.62176165803109,1222.22,36.58666666666659,7.995000000000003,0.5044444444444445,1358.0,1388.0,1354.0,1357.0,89700.0
2023-03-27,1366.0,1419.0,1362.0,1391.0,1284.515380859375,113100.0,1284.6,1280.0,1127.4666666666667,994.12,73.04582210242587,1227.02,36.88000000000011,8.19500000000005,0.5370165745856355,1391.0,1388.0,1354.0,1357.0,89700.0
2023-03-28,1410.0,1423.0,1375.0,1400.0,1292.826416015625,75600.0,1289.75,1285.48,1134.986666666667,995.83,86.41975308641976,1231.84,36.933333333333394,8.110000000000014,0.5642458100558658,1400.0,1419.0,1391.0,1366.0,113100.0
2023-03-29,1408.0,1408.0,1376.0,1389.0,1282.66845703125,32100.0,1296.35,1290.52,1142.4,997.485,78.59922178988327,1236.48,36.933333333333394,8.230000000000018,0.5519553072625698,1400.0,1423.0,1400.0,1410.0,75600.0
2023-03-30,1389.0,1452.0,1389.0,1448.0,1352.734130859375,70500.0,1305.15,1297.92,1150.6,999.435,83.38658146964856,1241.22,37.7199999999998,8.694999999999936,0.6178770949720671,1448.0,1408.0,1389.0,1408.0,32100.0
2023-03-31,1461.0,1504.0,1383.0,1413.0,1320.036865234375,122000.0,1312.2,1304.12,1158.3333333333333,1001.39,71.56862745098039,1245.96,38.053333333333285,9.049999999999956,0.5425764192139737,1448.0,1452.0,1448.0,1389.0,70500.0
2023-04-01,1461.0,1504.0,1383.0,1413.0,1320.036865234375,122000.0,1319.25,1310.2,1166.2933333333333,1003.45,71.56862745098039,1250.56,38.8266666666666,9.33000000000004,0.5031914893617022,1448.0,1504.0,1413.0,1461.0,122000.0
2023-04-02,1461.0,1504.0,1383.0,1413.0,1320.036865234375,122000.0,1328.9,1314.84,1173.8533333333332,1005.475,71.56862745098039,1255.16,38.86666666666656,9.644999999999982,0.2963302752293577,1448.0,1504.0,1413.0,1461.0,122000.0
2023-04-03,1405.0,1415.0,1335.0,1351.0,1262.1158447265625,135500.0,1338.25,1318.6,1180.3866666666668,1007.275,66.16314199395771,1258.52,37.98666666666668,9.789999999999964,0.2084078711985688,1448.0,1504.0,1413.0,1461.0,122000.0
2023-04-04,1340.0,1375.0,1335.0,1374.0,1283.602783203125,52300.0,1344.85,1322.68,1186.92,1009.4,68.36158192090396,1262.72,36.32000000000016,9.965000000000032,0.1937445699391833,1448.0,1415.0,1351.0,1405.0,135500.0
2023-04-05,1374.0,1394.0,1351.0,1372.0,1281.7342529296875,38900.0,1351.5,1326.68,1193.4533333333334,1011.515,60.0,1267.08,35.12000000000012,10.125,0.1920069504778454,1448.0,1375.0,1374.0,1340.0,52300.0
2023-04-06,1375.0,1375.0,1318.0,1329.0,1241.5633544921875,45900.0,1353.9,1328.96,1199.4133333333334,1013.415,44.91228070175439,1271.46,33.12000000000012,9.964999999999918,0.1546481320590791,1448.0,1394.0,1372.0,1374.0,38900.0
2023-04-07,1339.0,1340.0,1290.0,1309.0,1222.879150390625,51800.0,1355.3,1332.52,1205.1066666666666,1015.215,42.5249169435216,1274.74,31.25333333333333,9.740000000000007,0.1294219154443485,1448.0,1375.0,1329.0,1375.0,45900.0
2023-04-08,1339.0,1340.0,1290.0,1309.0,1222.879150390625,51800.0,1356.7,1338.32,1210.5733333333333,1016.74,42.5249169435216,1278.06,30.186666666666497,9.465000000000032,0.1313742437337943,1448.0,1340.0,1309.0,1339.0,51800.0
2023-04-09,1339.0,1340.0,1290.0,1309.0,1222.879150390625,51800.0,1359.95,1341.0,1215.8266666666666,1018.375,42.5249169435216,1281.38,28.906666666666524,8.975000000000023,0.0809248554913295,1448.0,1340.0,1309.0,1339.0,51800.0
2023-04-10,1307.0,1394.0,1307.0,1394.0,1302.286865234375,74100.0,1367.45,1347.2,1222.4133333333334,1020.55,50.429799426934096,1286.4,28.96000000000004,9.034999999999968,0.1853741496598639,1448.0,1340.0,1309.0,1339.0,51800.0
2023-04-11,1417.0,1417.0,1370.0,1385.0,1293.8790283203125,38300.0,1370.95,1351.36,1228.8133333333333,1022.68,47.85100286532951,1290.62,29.399999999999864,9.264999999999986,0.1707523245984785,1448.0,1394.0,1394.0,1307.0,74100.0
2023-04-12,1385.0,1393.0,1347.0,1357.0,1267.72119140625,42300.0,1370.9,1354.4,1234.9733333333334,1024.67,45.62841530054645,1294.28,29.866666666666788,9.45500000000004,0.147083685545224,1448.0,1417.0,1385.0,1417.0,38300.0
2023-04-13,1344.0,1362.0,1330.0,1337.0,1249.0369873046875,28200.0,1370.05,1356.64,1240.8666666666666,1026.56,33.027522935779814,1297.5,30.29333333333329,9.819999999999936,0.1301775147928994,1448.0,1393.0,1357.0,1385.0,42300.0
2023-04-14,1345.0,1378.0,1333.0,1365.0,1275.19482421875,29000.0,1370.6,1361.48,1247.1333333333334,1028.735,42.5,1301.28,31.306666666666843,10.3599999999999,0.172680412371134,1448.0,1362.0,1337.0,1344.0,28200.0
2023-04-15,1345.0,1378.0,1333.0,1365.0,1275.19482421875,29000.0,1371.15,1366.32,1253.12,1030.85,42.5,1305.04,30.70666666666648,10.299999999999956,0.182842287694974,1448.0,1378.0,1365.0,1345.0,29000.0
2023-04-16,1345.0,1378.0,1333.0,1365.0,1275.19482421875,29000.0,1369.85,1368.32,1258.7866666666666,1033.045,42.5,1308.8,29.97333333333336,10.365000000000125,0.2297297297297298,1448.0,1378.0,1365.0,1345.0,29000.0
2023-04-17,1366.0,1427.0,1366.0,1400.0,1307.89208984375,54600.0,1369.85,1370.0,1262.92,1035.485,58.36177474402731,1313.26,27.946666666666715,10.814999999999827,0.222707423580786,1448.0,1378.0,1365.0,1345.0,29000.0
2023-04-18,1406.0,1476.0,1380.0,1474.0,1377.0235595703125,69100.0,1374.1,1374.8,1267.6666666666667,1038.365,64.53488372093024,1319.1,26.800000000000185,11.805000000000064,0.2895888013998251,1474.0,1427.0,1400.0,1366.0,54600.0
2023-04-19,1468.0,1493.0,1431.0,1454.0,1358.3394775390625,65300.0,1374.4,1378.8,1271.7066666666667,1041.145,61.325966850828735,1323.9,24.573333333333267,12.410000000000082,0.2720909886264218,1474.0,1476.0,1474.0,1406.0,69100.0
2023-04-20,1440.0,1458.0,1415.0,1434.0,1339.6551513671875,24500.0,1375.45,1382.0,1275.48,1043.825,65.48672566371681,1328.72,22.360000000000127,12.975000000000136,0.2545931758530184,1474.0,1493.0,1454.0,1468.0,65300.0
2023-04-21,1434.0,1434.0,1382.0,1392.0,1300.4183349609375,37400.0,1374.4,1382.04,1278.6933333333334,1046.5,61.49584487534626,1331.02,19.90666666666675,13.454999999999927,0.1856899488926746,1474.0,1458.0,1434.0,1440.0,24500.0
2023-04-22,1434.0,1434.0,1382.0,1392.0,1300.4183349609375,37400.0,1373.35,1381.72,1281.8,1049.105,61.49584487534626,1333.6,18.87999999999988,13.620000000000118,0.1856899488926746,1474.0,1434.0,1392.0,1434.0,37400.0
2023-04-23,1434.0,1434.0,1382.0,1392.0,1300.4183349609375,37400.0,1375.4,1381.84,1284.9333333333334,1051.665,61.49584487534626,1336.18,17.26666666666665,13.299999999999956,0.183673469387755,1474.0,1434.0,1392.0,1434.0,37400.0
2023-04-24,1405.0,1444.0,1400.0,1406.0,1313.4974365234375,33800.0,1377.0,1380.16,1287.5333333333333,1054.295,52.06896551724139,1339.04,15.826666666666595,13.150000000000093,0.1955782312925169,1474.0,1434.0,1392.0,1434.0,37400.0
2023-04-25,1409.0,1448.0,1409.0,1442.0,1347.12890625,29900.0,1380.5,1381.32,1291.08,1057.255,58.99053627760253,1342.72,15.599999999999907,13.430000000000064,0.2251486830926083,1474.0,1444.0,1406.0,1405.0,33800.0
2023-04-26,1427.0,1435.0,1395.0,1419.0,1325.64208984375,36600.0,1385.0,1381.56,1294.2266666666667,1060.1,59.93589743589744,1345.88,15.533333333333305,13.599999999999907,0.205607476635514,1474.0,1448.0,1442.0,1409.0,29900.0
2023-04-27,1411.0,1445.0,1398.0,1427.0,1333.1156005859375,42400.0,1390.9,1382.12,1297.48,1062.985,65.0,1348.48,15.680000000000064,13.879999999999882,0.2124044180118947,1474.0,1435.0,1419.0,1427.0,36600.0
2023-04-28,1445.0,1445.0,1402.0,1436.0,1341.523681640625,24900.0,1397.25,1385.52,1300.8533333333332,1065.915,62.63345195729538,1352.06,15.919999999999844,14.25,0.2148900169204737,1474.0,1445.0,1427.0,1411.0,42400.0
2023-04-29,1445.0,1445.0,1402.0,1436.0,1341.523681640625,24900.0,1403.6,1388.0,1304.48,1068.895,62.63345195729538,1355.34,16.946666666666715,14.599999999999907,0.1828665568369027,1474.0,1445.0,1436.0,1445.0,24900.0
2023-04-30,1445.0,1445.0,1402.0,1436.0,1341.523681640625,24900.0,1405.7,1390.56,1308.24,1071.925,62.63345195729538,1358.62,17.160000000000082,14.669999999999844,0.203688181056161,1474.0,1445.0,1436.0,1445.0,24900.0
2023-05-01,1442.0,1442.0,1416.0,1426.0,1332.1815185546875,21400.0,1407.75,1394.44,1312.4533333333334,1074.89,55.078125,1361.7,18.226666666666688,14.790000000000193,0.1166797180892718,1474.0,1445.0,1436.0,1445.0,24900.0
2023-05-02,1430.0,1440.0,1412.0,1419.0,1325.64208984375,26300.0,1410.85,1398.84,1316.1066666666666,1077.76,35.449735449735456,1365.68,18.62666666666655,14.775000000000093,0.1235154394299287,1474.0,1442.0,1426.0,1442.0,21400.0
2023-05-03,1430.0,1440.0,1412.0,1419.0,1325.64208984375,26300.0,1414.95,1403.24,1319.7866666666666,1080.63,39.64497041420118,1370.78,18.9333333333334,14.715000000000146,0.1235154394299287,1474.0,1440.0,1419.0,1430.0,26300.0
2023-05-04,1430.0,1440.0,1412.0,1419.0,1325.64208984375,26300.0,1417.65,1407.64,1323.4666666666667,1083.5,44.966442953020135,1374.32,18.98666666666668,14.605000000000018,0.1235154394299287,1474.0,1440.0,1419.0,1430.0,26300.0
2023-05-05,1430.0,1440.0,1412.0,1419.0,1325.64208984375,26300.0,1420.35,1408.64,1327.1466666666668,1086.42,62.61682242990654,1377.92,18.90666666666675,14.495000000000118,0.1279809220985692,1474.0,1440.0,1419.0,1430.0,26300.0
2023-05-06,1430.0,1440.0,1412.0,1419.0,1325.64208984375,26300.0,1423.05,1410.0,1330.4133333333334,1089.24,62.61682242990654,1380.68,17.960000000000036,14.349999999999907,0.1252973830293418,1474.0,1440.0,1419.0,1430.0,26300.0
2023-05-07,1430.0,1440.0,1412.0,1419.0,1325.64208984375,26300.0,1424.0,1412.48,1333.68,1091.975,62.61682242990654,1383.44,17.573333333333494,14.214999999999918,0.0940632228218967,1474.0,1440.0,1419.0,1430.0,26300.0
2023-05-08,1420.0,1487.0,1413.0,1462.0,1365.8131103515625,57400.0,1423.4,1417.48,1337.493333333333,1095.005,70.58823529411765,1387.06,17.706666666666706,14.375,0.1630867143993635,1462.0,1440.0,1419.0,1430.0,26300.0
2023-05-09,1498.0,1582.0,1482.0,1508.0,1408.7864990234375,124800.0,1426.1,1423.2,1341.92,1098.245,72.6027397260274,1392.34,18.453333333333376,14.74499999999989,0.1855345911949686,1508.0,1487.0,1462.0,1420.0,57400.0
2023-05-10,1510.0,1540.0,1450.0,1517.0,1417.1944580078125,169700.0,1430.25,1429.28,1346.4533333333334,1101.53,87.12121212121212,1397.8,19.30666666666661,15.1099999999999,0.1926100628930818,1517.0,1582.0,1508.0,1498.0,124800.0
2023-05-11,1299.0,1334.0,1212.0,1324.0,1236.8922119140625,878900.0,1426.85,1427.64,1348.4133333333334,1103.85,33.75394321766561,1397.98,18.0,14.6099999999999,0.0408805031446541,1517.0,1540.0,1517.0,1510.0,169700.0
2023-05-12,1345.0,1356.0,1243.0,1277.0,1192.984375,306900.0,1421.1,1422.72,1349.746666666667,1105.985,27.605633802816897,1396.36,16.066666666666606,14.009999999999993,0.0467213114754099,1517.0,1334.0,1324.0,1299.0,878900.0
2023-05-13,1345.0,1356.0,1243.0,1277.0,1192.984375,306900.0,1415.35,1414.84,1351.013333333333,1108.16,27.605633802816897,1394.82,13.519999999999982,13.154999999999973,0.0970790378006873,1517.0,1356.0,1277.0,1345.0,306900.0
2023-05-14,1345.0,1356.0,1243.0,1277.0,1192.984375,306900.0,1408.9,1407.76,1351.8533333333332,1110.25,27.605633802816897,1393.28,9.933333333333168,12.00500000000011,0.0281803542673106,1517.0,1356.0,1277.0,1345.0,306900.0
2023-05-15,1277.0,1310.0,1256.0,1265.0,1181.77392578125,170900.0,1400.05,1401.0,1352.8133333333333,1112.33,27.450980392156865,1391.5,6.3599999999999,10.799999999999956,0.0209846650524616,1517.0,1356.0,1277.0,1345.0,306900.0
2023-05-16,1251.0,1278.0,1241.0,1269.0,1185.5107421875,96200.0,1392.55,1396.08,1352.7066666666667,1114.495,28.813559322033896,1389.06,4.293333333333294,10.644999999999982,-0.009367681498829,1517.0,1310.0,1265.0,1277.0,170900.0
2023-05-17,1280.0,1312.0,1271.0,1308.0,1221.94482421875,86900.0,1386.6,1392.72,1353.3066666666666,1116.855,35.87786259541984,1387.22,3.559999999999945,10.870000000000118,0.0210772833723653,1517.0,1278.0,1269.0,1251.0,96200.0
2023-05-18,1321.0,1334.0,1281.0,1310.0,1223.8133544921875,105500.0,1380.3,1389.44,1353.9333333333334,1119.225,36.20253164556962,1385.64,2.9200000000000728,11.064999999999827,0.0226385636221702,1517.0,1312.0,1308.0,1280.0,86900.0
2023-05-19,1321.0,1324.0,1270.0,1279.0,1194.8529052734375,96100.0,1372.45,1384.36,1354.1466666666668,1121.47,33.568075117370896,1382.26,2.2933333333335213,11.220000000000027,0.0281350482315112,1517.0,1334.0,1310.0,1321.0,105500.0
2023-05-20,1321.0,1324.0,1270.0,1279.0,1194.8529052734375,96100.0,1364.6,1377.84,1354.4266666666667,1123.26,33.568075117370896,1379.58,1.6133333333334576,10.930000000000064,0.0281350482315112,1517.0,1324.0,1279.0,1321.0,96100.0
2023-05-21,1321.0,1324.0,1270.0,1279.0,1194.8529052734375,96100.0,1357.25,1372.24,1354.6666666666667,1125.035,33.568075117370896,1376.9,1.9600000000000364,10.540000000000193,-0.0273764258555132,1517.0,1324.0,1279.0,1321.0,96100.0
2023-05-22,1270.0,1292.0,1251.0,1275.0,1191.115966796875,52800.0,1350.05,1366.16,1354.3733333333332,1126.79,25.839793281653755,1374.14,1.066666666666606,9.934999999999944,-0.0611192930780559,1517.0,1324.0,1279.0,1321.0,96100.0
2023-05-23,1269.0,1310.0,1247.0,1267.0,1183.6424560546875,81500.0,1342.45,1359.4,1354.506666666667,1128.355,15.472779369627505,1372.46,0.5733333333332666,9.13000000000011,-0.0642540620384047,1517.0,1292.0,1275.0,1270.0,52800.0
2023-05-24,1252.0,1300.0,1250.0,1282.0,1197.6553955078125,68100.0,1335.6,1353.24,1354.64,1129.995,16.901408450704224,1370.62,0.4933333333333394,8.524999999999864,-0.053175775480059,1517.0,1310.0,1267.0,1269.0,81500.0
2023-05-25,1282.0,1290.0,1256.0,1259.0,1176.168701171875,40400.0,1327.6,1346.16,1354.4666666666667,1131.52,32.432432432432435,1368.36,0.0399999999999636,8.259999999999991,-0.070162481536189,1517.0,1300.0,1282.0,1252.0,68100.0
2023-05-26,1250.0,1259.0,1189.0,1200.0,1121.05029296875,131800.0,1316.65,1337.12,1353.506666666667,1132.81,30.456852791878163,1365.78,-1.160000000000082,7.774999999999864,-0.137311286843997,1517.0,1290.0,1259.0,1282.0,40400.0
2023-05-27,1250.0,1259.0,1189.0,1200.0,1121.05029296875,131800.0,1305.7,1328.36,1353.24,1134.165,30.456852791878163,1363.6,-1.133333333333212,7.375,-0.1428571428571429,1517.0,1259.0,1200.0,1250.0,131800.0
2023-05-28,1250.0,1259.0,1189.0,1200.0,1121.05029296875,131800.0,1292.6,1319.6,1353.72,1135.505,30.456852791878163,1361.42,-0.7866666666666333,7.150000000000091,-0.1360691144708423,1517.0,1259.0,1200.0,1250.0,131800.0
2023-05-29,1196.0,1205.0,1160.0,1165.0,1088.35302734375,112300.0,1275.45,1309.44,1352.6933333333334,1136.33,27.272727272727263,1358.54,-1.9466666666667152,6.335000000000036,-0.1954419889502762,1517.0,1259.0,1200.0,1250.0,131800.0
2023-05-30,1165.0,1210.0,1165.0,1205.0,1125.721435546875,50300.0,1259.85,1300.88,1352.24,1137.43,37.5,1354.76,-2.226666666666688,5.910000000000082,-0.1472045293701345,1324.0,1205.0,1165.0,1196.0,112300.0
2023-05-31,1201.0,1216.0,1186.0,1205.0,1125.721435546875,54900.0,1253.9,1292.32,1351.2266666666667,1138.53,26.267281105990776,1351.16,-2.2799999999999727,5.720000000000027,-0.1472045293701345,1310.0,1210.0,1205.0,1165.0,50300.0
2023-06-01,1197.0,1215.0,1196.0,1212.0,1132.2608642578125,35900.0,1250.65,1284.04,1350.3066666666666,1139.665,27.927927927927925,1348.26,-2.933333333333394,5.5,-0.1422505307855626,1310.0,1216.0,1205.0,1201.0,54900.0
2023-06-02,1212.0,1236.0,1203.0,1224.0,1143.4715576171875,41000.0,1248.0,1274.52,1349.5466666666666,1140.81,36.45320197044335,1346.0,-4.173333333333403,5.304999999999836,-0.0940044411547001,1310.0,1215.0,1212.0,1197.0,35900.0
2023-06-03,1212.0,1236.0,1203.0,1224.0,1143.4715576171875,41000.0,1245.35,1263.16,1349.28,1142.015,36.45320197044335,1343.18,-3.413333333333412,5.685000000000173,-0.1091703056768559,1310.0,1236.0,1224.0,1212.0,41000.0
2023-06-04,1212.0,1236.0,1203.0,1224.0,1143.4715576171875,41000.0,1243.3,1251.44,1349.013333333333,1143.22,36.45320197044335,1340.36,-3.226666666666688,5.789999999999964,-0.107871720116618,1310.0,1236.0,1224.0,1212.0,41000.0
2023-06-05,1228.0,1279.0,1222.0,1249.0,1166.82666015625,105600.0,1242.3,1248.44,1348.1333333333334,1144.585,44.19642857142856,1338.04,-3.0933333333332484,6.055000000000064,-0.0601956358164033,1310.0,1236.0,1224.0,1212.0,41000.0
2023-06-06,1255.0,1289.0,1249.0,1287.0,1202.3265380859375,100300.0,1241.25,1248.84,1347.1866666666667,1146.08,53.93700787401576,1335.78,-3.119999999999891,6.414999999999964,-0.0168067226890756,1310.0,1279.0,1249.0,1228.0,105600.0
2023-06-07,1298.0,1318.0,1232.0,1262.0,1178.9713134765625,76300.0,1238.85,1248.24,1345.96,1147.45,46.21212121212121,1331.54,-3.586666666666588,6.6400000000001,-0.0359052711993888,1287.0,1289.0,1287.0,1255.0,100300.0
2023-06-08,1263.0,1280.0,1197.0,1230.0,1149.07666015625,64500.0,1236.4,1246.36,1344.3066666666666,1148.66,44.688644688644686,1327.06,-4.973333333333358,6.644999999999982,-0.0603514132925897,1287.0,1318.0,1262.0,1298.0,76300.0
2023-06-09,1234.0,1244.0,1218.0,1232.0,1150.945068359375,42600.0,1234.05,1245.04,1342.68,1150.01,57.40740740740741,1323.02,-6.3333333333332575,6.789999999999964,-0.1162123385939741,1287.0,1280.0,1230.0,1263.0,64500.0
2023-06-10,1234.0,1244.0,1218.0,1232.0,1150.945068359375,42600.0,1231.7,1243.56,1340.56,1151.31,57.40740740740741,1319.82,-7.573333333333494,6.724999999999909,-0.1104693140794224,1287.0,1244.0,1232.0,1234.0,42600.0
2023-06-11,1234.0,1244.0,1218.0,1232.0,1150.945068359375,42600.0,1229.55,1240.52,1338.32,1152.61,57.40740740740741,1316.62,-8.866666666666788,6.529999999999973,-0.0921149594694178,1287.0,1244.0,1232.0,1234.0,42600.0
2023-06-12,1236.0,1250.0,1225.0,1240.0,1158.4185791015625,31700.0,1228.2,1237.72,1336.3333333333333,1153.695,69.84126984126985,1313.58,-9.62666666666678,6.244999999999891,-0.0725504861630516,1287.0,1244.0,1232.0,1234.0,42600.0
2023-06-13,1240.0,1260.0,1231.0,1241.0,1159.35302734375,37700.0,1226.15,1236.2,1333.5733333333333,1154.77,62.0,1310.28,-10.733333333333348,6.1099999999999,-0.0908424908424908,1287.0,1250.0,1240.0,1236.0,31700.0
2023-06-14,1241.0,1248.0,1222.0,1248.0,1165.892333984375,40900.0,1225.6,1234.96,1331.3733333333332,1155.88,63.69426751592357,1306.4,-11.306666666666844,5.870000000000118,-0.0857142857142857,1287.0,1260.0,1241.0,1240.0,37700.0
2023-06-15,1240.0,1245.0,1214.0,1230.0,1149.07666015625,35800.0,1227.1,1233.0,1328.9333333333334,1156.9,55.35714285714286,1302.62,-11.626666666666551,5.5900000000001455,-0.0989010989010988,1287.0,1248.0,1248.0,1241.0,40900.0
2023-06-16,1239.0,1288.0,1230.0,1284.0,1199.52392578125,67300.0,1231.3,1233.36,1327.2133333333334,1158.195,64.28571428571428,1299.76,-11.10666666666657,5.585000000000036,-0.0828571428571428,1287.0,1245.0,1230.0,1240.0,35800.0
2023-06-17,1239.0,1288.0,1230.0,1284.0,1199.52392578125,67300.0,1235.5,1234.04,1326.32,1159.515,64.28571428571428,1296.72,-10.01333333333332,5.820000000000164,-0.1289009497964721,1287.0,1288.0,1284.0,1239.0,67300.0
2023-06-18,1239.0,1288.0,1230.0,1284.0,1199.52392578125,67300.0,1241.45,1234.12,1325.12,1160.94,64.28571428571428,1293.68,-8.453333333333376,6.170000000000073,-0.1169188445667125,1287.0,1288.0,1284.0,1239.0,67300.0
2023-06-19,1299.0,1349.0,1291.0,1349.0,1260.2474365234375,103400.0,1248.65,1237.72,1324.8133333333333,1162.68,70.0,1291.94,-6.559999999999945,6.7999999999999545,-0.0592747559274755,1349.0,1288.0,1284.0,1239.0,67300.0
2023-06-20,1350.0,1400.0,1348.0,1398.0,1306.023681640625,84400.0,1258.3,1245.64,1325.7333333333331,1164.885,71.26436781609196,1291.38,-3.200000000000045,7.9849999999999,0.0043103448275862,1398.0,1349.0,1349.0,1299.0,103400.0
2023-06-21,1398.0,1398.0,1344.0,1355.0,1265.852783203125,78700.0,1265.45,1251.84,1326.3466666666666,1166.875,66.66666666666666,1290.1,-0.8666666666667879,8.680000000000064,-0.0265804597701149,1398.0,1400.0,1398.0,1350.0,84400.0
2023-06-22,1355.0,1374.0,1330.0,1352.0,1263.050048828125,66100.0,1271.85,1257.92,1326.92,1168.85,74.4,1288.76,0.6000000000001364,9.334999999999807,-0.028735632183908,1398.0,1398.0,1355.0,1398.0,78700.0
2023-06-23,1367.0,1373.0,1304.0,1328.0,1240.6292724609375,43600.0,1277.05,1264.44,1327.1733333333334,1170.725,67.64705882352942,1286.94,2.053333333333512,9.784999999999854,-0.0554765291607396,1398.0,1374.0,1352.0,1355.0,66100.0
2023-06-24,1367.0,1373.0,1304.0,1328.0,1240.6292724609375,43600.0,1282.25,1269.36,1326.2933333333333,1172.695,67.64705882352942,1285.12,1.4800000000000182,10.014999999999873,-0.0790568654646324,1398.0,1373.0,1328.0,1367.0,43600.0
2023-06-25,1367.0,1373.0,1304.0,1328.0,1240.6292724609375,43600.0,1286.2,1274.28,1325.5333333333333,1174.54,67.64705882352942,1283.3,-0.2000000000000454,9.654999999999973,-0.0641296687808316,1398.0,1373.0,1328.0,1367.0,43600.0
2023-06-26,1306.0,1346.0,1286.0,1336.0,1248.102783203125,39100.0,1288.65,1279.24,1325.253333333333,1176.485,67.64705882352942,1281.64,-1.0933333333332484,9.6099999999999,-0.0637701471618781,1398.0,1373.0,1328.0,1367.0,43600.0
2023-06-27,1318.0,1330.0,1286.0,1306.0,1220.0765380859375,33100.0,1290.85,1282.52,1324.84,1178.315,60.79734219269103,1278.52,-2.0800000000001546,9.465000000000146,-0.0905292479108634,1398.0,1346.0,1336.0,1306.0,39100.0
2023-06-28,1332.0,1342.0,1305.0,1317.0,1230.352783203125,37500.0,1295.2,1286.24,1324.2,1180.2,61.31147540983606,1274.7,-2.9733333333333576,9.475000000000136,-0.0828690807799442,1398.0,1330.0,1306.0,1318.0,33100.0
2023-06-29,1331.0,1393.0,1326.0,1387.0,1295.7474365234375,76700.0,1302.95,1292.76,1324.493333333333,1182.435,71.98879551820728,1272.1,-1.7999999999999543,9.740000000000007,-0.0341225626740947,1398.0,1342.0,1317.0,1332.0,37500.0
2023-06-30,1397.0,1433.0,1366.0,1374.0,1283.602783203125,72200.0,1310.05,1297.76,1324.6133333333332,1184.58,64.24050632911391,1273.1,-0.9200000000000728,10.039999999999964,-0.0364656381486676,1398.0,1393.0,1387.0,1331.0,76700.0
2023-07-01,1397.0,1433.0,1366.0,1374.0,1283.602783203125,72200.0,1317.15,1301.24,1324.2666666666669,1186.77,64.24050632911391,1275.04,-0.9866666666666788,10.285000000000082,-0.0317124735729387,1398.0,1433.0,1374.0,1397.0,72200.0
2023-07-02,1397.0,1433.0,1366.0,1374.0,1283.602783203125,72200.0,1323.85,1305.72,1322.9333333333334,1188.89,64.24050632911391,1276.98,-1.906666666666524,10.575000000000044,-0.0317124735729387,1398.0,1433.0,1374.0,1397.0,72200.0
2023-07-03,1358.0,1358.0,1306.0,1325.0,1237.826416015625,87700.0,1328.05,1309.52,1321.2133333333334,1190.73,46.0,1277.94,-2.986666666666679,10.529999999999973,-0.0662438336856942,1398.0,1433.0,1374.0,1397.0,72200.0
2023-07-04,1298.0,1304.0,1261.0,1287.0,1202.3265380859375,121100.0,1330.0,1311.72,1319.253333333333,1192.505,30.79584775086505,1278.38,-5.240000000000009,10.070000000000164,-0.0930232558139535,1398.0,1358.0,1325.0,1358.0,87700.0
2023-07-05,1265.0,1270.0,1225.0,1239.0,1157.484619140625,129300.0,1330.45,1312.0,1317.2133333333334,1194.04,30.27210884353741,1277.78,-7.399999999999864,9.460000000000036,-0.1268498942917547,1398.0,1304.0,1287.0,1298.0,121100.0
2023-07-06,1212.0,1244.0,1176.0,1212.0,1132.2608642578125,184600.0,1326.85,1311.2,1314.8133333333333,1195.44,27.9874213836478,1275.86,-9.453333333333376,8.670000000000073,-0.1458773784355179,1398.0,1270.0,1239.0,1265.0,129300.0
2023-07-07,1205.0,1235.0,1195.0,1204.0,1124.7872314453125,76000.0,1322.85,1309.76,1312.3066666666666,1196.715,29.47019867549669,1273.74,-10.62666666666678,7.824999999999818,-0.1764705882352941,1398.0,1244.0,1212.0,1212.0,184600.0
2023-07-08,1205.0,1235.0,1195.0,1204.0,1124.7872314453125,76000.0,1318.85,1308.28,1309.6133333333332,1198.405,29.47019867549669,1272.24,-11.600000000000136,7.674999999999954,-0.2015915119363395,1398.0,1235.0,1204.0,1205.0,76000.0
2023-07-09,1205.0,1235.0,1195.0,1204.0,1124.7872314453125,76000.0,1311.6,1306.52,1306.44,1200.005,29.47019867549669,1270.74,-12.813333333333276,7.5,-0.2063282794990112,1398.0,1235.0,1204.0,1205.0,76000.0
2023-07-10,1204.0,1217.0,1166.0,1184.0,1106.10302734375,70700.0,1300.9,1304.68,1303.3066666666666,1201.645,25.79617834394905,1268.84,-13.906666666666752,7.605000000000018,-0.1057401812688821,1387.0,1235.0,1204.0,1205.0,76000.0
2023-07-11,1204.0,1205.0,1177.0,1178.0,1100.4976806640625,63600.0,1292.05,1300.44,1299.986666666667,1203.315,27.93103448275862,1266.9,-14.826666666666595,7.875,-0.0775254502740798,1387.0,1217.0,1184.0,1204.0,70700.0
2023-07-12,1180.0,1181.0,1136.0,1136.0,1061.260986328125,101900.0,1281.25,1294.52,1295.986666666667,1204.775,21.80685358255451,1264.28,-16.319999999999936,8.060000000000173,-0.110415035238841,1387.0,1205.0,1178.0,1204.0,63600.0
2023-07-13,1137.0,1150.0,1116.0,1150.0,1074.3399658203125,50500.0,1272.35,1289.16,1292.1733333333334,1206.305,5.283018867924525,1261.64,-17.439999999999827,7.900000000000091,-0.0994518402505872,1387.0,1181.0,1136.0,1180.0,101900.0
2023-07-14,1159.0,1165.0,1126.0,1126.0,1051.9189453125,54900.0,1262.25,1280.24,1288.04,1207.695,5.072463768115938,1258.98,-18.40000000000009,7.689999999999827,-0.1098814229249012,1387.0,1150.0,1150.0,1137.0,50500.0
2023-07-15,1159.0,1165.0,1126.0,1126.0,1051.9189453125,54900.0,1252.15,1269.36,1284.04,1209.11,5.072463768115938,1257.5,-19.26666666666665,7.464999999999918,-0.1126871552403467,1387.0,1165.0,1126.0,1159.0,54900.0
2023-07-16,1159.0,1165.0,1126.0,1126.0,1051.9189453125,54900.0,1241.65,1260.2,1280.1333333333334,1210.56,5.072463768115938,1256.02,-19.85333333333324,7.244999999999891,-0.1391437308868501,1387.0,1165.0,1126.0,1159.0,54900.0
2023-07-17,1159.0,1165.0,1126.0,1126.0,1051.9189453125,54900.0,1232.65,1251.16,1276.2266666666667,1212.085,6.167400881057276,1254.54,-19.75999999999999,7.309999999999945,-0.1404580152671756,1387.0,1165.0,1126.0,1159.0,54900.0
2023-07-18,1128.0,1162.0,1128.0,1162.0,1085.5504150390625,34200.0,1224.9,1244.52,1272.8,1213.76,22.22222222222223,1254.48,-19.37333333333345,7.454999999999927,-0.0914777169663799,1387.0,1165.0,1126.0,1159.0,54900.0
2023-07-19,1173.0,1193.0,1153.0,1191.0,1112.642578125,44200.0,1215.1,1239.04,1269.76,1215.58,38.3495145631068,1254.2,-18.279999999999973,7.884999999999991,-0.0688037529319781,1374.0,1162.0,1162.0,1128.0,34200.0
2023-07-20,1200.0,1210.0,1181.0,1186.0,1107.971435546875,32100.0,1205.7,1233.36,1266.6533333333334,1217.375,42.93478260869565,1253.82,-17.386666666666542,8.2650000000001,-0.0727130570758405,1374.0,1193.0,1191.0,1173.0,44200.0
2023-07-21,1178.0,1179.0,1164.0,1167.0,1090.2215576171875,28800.0,1195.35,1226.6,1263.2933333333333,1219.075,40.51282051282051,1252.92,-16.840000000000146,8.5150000000001,-0.0847058823529411,1374.0,1210.0,1186.0,1200.0,32100.0
2023-07-22,1178.0,1179.0,1164.0,1167.0,1090.2215576171875,28800.0,1185.0,1221.04,1259.36,1220.775,40.51282051282051,1251.78,-16.866666666666788,8.690000000000055,-0.0789265982636148,1325.0,1179.0,1167.0,1178.0,28800.0
2023-07-23,1178.0,1179.0,1164.0,1167.0,1090.2215576171875,28800.0,1177.1,1215.04,1254.8133333333333,1222.7,40.51282051282051,1250.64,-17.98666666666668,8.940000000000055,-0.0897035881435257,1287.0,1179.0,1167.0,1178.0,28800.0
2023-07-24,1182.0,1182.0,1166.0,1172.0,1094.8927001953125,21600.0,1171.35,1206.44,1250.2133333333334,1224.665,46.66666666666666,1249.6,-19.546666666666624,9.085000000000036,-0.0691024622716441,1239.0,1179.0,1167.0,1178.0,28800.0
2023-07-25,1173.0,1205.0,1166.0,1197.0,1118.2476806640625,37200.0,1169.25,1199.36,1248.52,1226.66,54.77386934673367,1248.56,-18.13333333333344,9.285000000000082,-0.0024999999999999,1212.0,1182.0,1172.0,1182.0,21600.0
2023-07-26,1187.0,1202.0,1182.0,1191.0,1112.642578125,30100.0,1168.2,1192.04,1247.3733333333332,1228.625,66.87116564417178,1246.64,-15.920000000000073,9.549999999999956,-0.0074999999999999,1204.0,1205.0,1197.0,1173.0,37200.0
2023-07-27,1191.0,1196.0,1180.0,1183.0,1105.1688232421875,15300.0,1167.15,1184.4,1246.12,1230.55,60.509554140127385,1245.06,-13.240000000000007,9.774999999999864,-0.0141666666666666,1204.0,1202.0,1191.0,1187.0,30100.0
2023-07-28,1176.0,1176.0,1139.0,1153.0,1077.142578125,85500.0,1164.6,1177.52,1244.4666666666667,1232.325,58.28220858895706,1243.52,-10.34666666666658,9.625,-0.0103004291845493,1204.0,1196.0,1183.0,1191.0,15300.0
2023-07-29,1176.0,1176.0,1139.0,1153.0,1077.142578125,85500.0,1162.05,1172.16,1242.9733333333334,1234.095,58.28220858895706,1241.94,-7.240000000000009,9.430000000000064,-0.0431535269709543,1197.0,1176.0,1153.0,1176.0,85500.0
2023-07-30,1176.0,1176.0,1139.0,1153.0,1077.142578125,85500.0,1160.5,1168.72,1241.4266666666667,1235.6,58.28220858895706,1240.36,-7.093333333333248,8.939999999999827,-0.0431535269709543,1197.0,1176.0,1153.0,1176.0,85500.0
2023-07-31,1172.0,1172.0,1127.0,1133.0,1058.4583740234375,142000.0,1158.25,1165.56,1239.0933333333332,1237.085,51.91256830601093,1238.38,-8.279999999999973,8.460000000000036,-0.0651815181518151,1197.0,1176.0,1153.0,1176.0,85500.0
2023-08-01,1099.0,1152.0,1047.0,1057.0,987.45849609375,356400.0,1154.3,1159.68,1235.72,1238.205,26.457399103139025,1234.72,-10.399999999999864,7.654999999999973,-0.1364379084967319,1197.0,1172.0,1133.0,1172.0,142000.0
2023-08-02,1060.0,1070.0,1011.0,1029.0,961.3007202148438,106200.0,1148.25,1152.68,1232.3866666666668,1239.185,13.513513513513516,1230.48,-12.079999999999927,6.8599999999999,-0.159313725490196,1197.0,1152.0,1057.0,1099.0,356400.0
2023-08-03,1010.0,1034.0,1003.0,1021.0,953.8270263671876,54400.0,1143.0,1145.36,1228.9466666666667,1240.125,13.333333333333329,1225.94,-14.026666666666642,6.029999999999973,-0.1658496732026143,1197.0,1070.0,1029.0,1060.0,106200.0
2023-08-04,1013.0,1072.0,1013.0,1072.0,1001.4716796875,80200.0,1140.3,1140.88,1226.1866666666667,1241.405,31.51750972762646,1222.78,-15.240000000000007,5.805000000000064,-0.1417133706965572,1197.0,1034.0,1021.0,1010.0,54400.0
2023-08-05,1013.0,1072.0,1013.0,1072.0,1001.4716796875,80200.0,1137.6,1136.64,1223.48,1242.535,31.51750972762646,1218.54,-15.61333333333323,5.4500000000000455,-0.1670551670551671,1197.0,1072.0,1072.0,1013.0,80200.0
2023-08-06,1013.0,1072.0,1013.0,1072.0,1001.4716796875,80200.0,1134.9,1134.08,1220.88,1243.59,31.51750972762646,1214.3,-14.839999999999918,5.384999999999991,-0.150554675118859,1197.0,1072.0,1072.0,1013.0,80200.0
2023-08-07,1060.0,1084.0,1058.0,1082.0,1010.8137817382812,57400.0,1130.9,1131.36,1218.2133333333334,1244.58,32.82442748091604,1210.26,-14.173333333333405,5.394999999999982,-0.1203252032520325,1197.0,1072.0,1072.0,1013.0,80200.0
2023-08-08,1058.0,1076.0,1039.0,1039.0,970.642822265625,68300.0,1123.3,1127.88,1215.28,1245.365,21.78571428571428,1204.06,-13.666666666666742,5.240000000000009,-0.1566558441558441,1197.0,1084.0,1082.0,1060.0,57400.0
2023-08-09,1051.0,1066.0,1045.0,1065.0,994.9322509765624,29400.0,1117.25,1125.44,1213.48,1246.28,29.0,1197.4,-12.706666666666706,4.875,-0.135551948051948,1197.0,1076.0,1039.0,1058.0,68300.0
2023-08-10,1065.0,1126.0,1059.0,1104.0,1031.366455078125,101400.0,1114.1,1124.56,1212.2,1247.39,38.06646525679759,1192.38,-11.279999999999973,4.855000000000018,-0.1038961038961039,1197.0,1066.0,1065.0,1051.0,29400.0
2023-08-11,1065.0,1126.0,1059.0,1104.0,1031.366455078125,101400.0,1110.95,1123.68,1210.92,1248.415,41.860465116279066,1187.42,-9.960000000000036,4.8250000000000455,-0.1096774193548386,1197.0,1126.0,1104.0,1065.0,101400.0
2023-08-12,1065.0,1126.0,1059.0,1104.0,1031.366455078125,101400.0,1107.8,1121.36,1210.1066666666666,1249.36,41.860465116279066,1182.94,-8.106666666666797,4.779999999999973,-0.1103948428686543,1197.0,1126.0,1104.0,1065.0,101400.0
2023-08-13,1065.0,1126.0,1059.0,1104.0,1031.366455078125,101400.0,1104.4,1117.88,1208.76,1250.38,41.860465116279066,1178.46,-6.519999999999982,5.0150000000001,-0.1153846153846154,1197.0,1126.0,1104.0,1065.0,101400.0
2023-08-14,1110.0,1150.0,1102.0,1128.0,1053.7874755859375,67700.0,1100.95,1115.56,1207.7333333333331,1251.495,49.18032786885246,1174.46,-5.74666666666667,5.214999999999918,-0.0829268292682926,1191.0,1126.0,1104.0,1065.0,101400.0
2023-08-15,1138.0,1173.0,1118.0,1166.0,1089.2872314453125,109800.0,1099.7,1115.52,1207.12,1252.85,70.4119850187266,1171.06,-5.080000000000155,5.459999999999809,-0.0919003115264797,1183.0,1150.0,1128.0,1110.0,67700.0
2023-08-16,1161.0,1161.0,1131.0,1133.0,1058.4583740234375,48000.0,1097.2,1114.16,1205.9066666666668,1254.04,69.11764705882354,1167.6,-5.013333333333321,5.625,-0.117601246105919,1166.0,1173.0,1166.0,1138.0,109800.0
2023-08-17,1143.0,1143.0,1082.0,1112.0,1038.8399658203125,47900.0,1095.15,1111.96,1204.4133333333334,1255.125,65.96491228070175,1163.5,-5.6933333333331575,5.7650000000001,-0.1339563862928349,1166.0,1161.0,1133.0,1161.0,48000.0
2023-08-18,1120.0,1140.0,1117.0,1122.0,1048.1820068359375,37700.0,1093.6,1109.96,1203.0533333333333,1256.155,60.24590163934426,1158.2,-5.706666666666706,5.774999999999864,-0.1682727946627131,1166.0,1143.0,1112.0,1143.0,47900.0
2023-08-19,1120.0,1140.0,1117.0,1122.0,1048.1820068359375,37700.0,1092.05,1106.96,1201.36,1257.065,60.24590163934426,1153.16,-6.3733333333334485,5.570000000000164,-0.1974248927038626,1166.0,1140.0,1122.0,1120.0,37700.0
2023-08-20,1120.0,1140.0,1117.0,1122.0,1048.1820068359375,37700.0,1091.5,1104.2,1199.16,1257.225,60.24590163934426,1148.12,-7.959999999999809,4.375,-0.1719557195571955,1166.0,1140.0,1122.0,1120.0,37700.0
2023-08-21,1117.0,1148.0,1113.0,1123.0,1049.1163330078125,34900.0,1094.8,1101.8,1197.3066666666666,1257.25,58.72340425531915,1143.1,-8.600000000000136,3.2100000000000364,-0.169378698224852,1166.0,1140.0,1122.0,1120.0,37700.0
2023-08-22,1152.0,1152.0,1106.0,1109.0,1036.037353515625,25400.0,1098.8,1100.04,1195.6933333333334,1257.04,66.99029126213593,1138.78,-8.720000000000027,1.914999999999964,-0.1649096385542169,1166.0,1148.0,1123.0,1117.0,34900.0
2023-08-23,1109.0,1122.0,1083.0,1115.0,1041.642822265625,35600.0,1103.5,1098.52,1194.1333333333334,1256.86,63.44086021505377,1135.34,-8.919999999999845,0.7049999999999272,-0.1603915662650602,1166.0,1152.0,1109.0,1152.0,25400.0
2023-08-24,1114.0,1116.0,1082.0,1086.0,1014.550537109375,51400.0,1104.2,1095.84,1192.1866666666667,1256.535,44.88636363636363,1132.28,-9.173333333333176,-0.5299999999999727,-0.1822289156626506,1166.0,1122.0,1115.0,1109.0,35600.0
2023-08-25,1085.0,1098.0,1064.0,1089.0,1017.3532104492188,31500.0,1105.05,1094.08,1190.28,1256.185,45.81005586592178,1129.82,-8.88000000000011,-1.0399999999999636,-0.1848802395209581,1166.0,1116.0,1086.0,1114.0,51400.0
2023-08-26,1085.0,1098.0,1064.0,1089.0,1017.3532104492188,31500.0,1105.9,1095.36,1188.2666666666669,1255.845,45.81005586592178,1127.52,-9.039999999999964,-1.4049999999999727,-0.166156202143951,1166.0,1098.0,1089.0,1085.0,31500.0
2023-08-27,1085.0,1098.0,1064.0,1089.0,1017.3532104492188,31500.0,1106.25,1097.76,1186.24,1255.235,45.81005586592178,1125.22,-9.453333333333376,-1.805000000000064,-0.173120728929385,1166.0,1098.0,1089.0,1085.0,31500.0
2023-08-28,1091.0,1108.0,1087.0,1089.0,1017.3532104492188,21300.0,1108.75,1100.48,1184.12,1254.8,37.41935483870968,1122.92,-10.013333333333549,-2.059999999999945,-0.2148521989906272,1166.0,1098.0,1089.0,1085.0,31500.0
2023-08-29,1093.0,1136.0,1093.0,1125.0,1050.9847412109375,33100.0,1111.75,1102.6,1182.72,1254.51,36.60130718954248,1121.74,-9.466666666666695,-2.025000000000091,-0.1812227074235808,1166.0,1108.0,1089.0,1091.0,21300.0
2023-08-30,1155.0,1180.0,1150.0,1163.0,1086.4847412109375,86800.0,1114.7,1106.24,1181.1066666666666,1254.41,59.49367088607595,1121.44,-9.173333333333405,-1.7749999999998636,-0.153566229985444,1166.0,1136.0,1125.0,1093.0,33100.0
2023-08-31,1168.0,1179.0,1143.0,1156.0,1079.9453125,57500.0,1117.3,1109.6,1179.4,1254.275,65.27777777777777,1121.84,-8.86666666666656,-1.5699999999999363,-0.1586608442503638,1166.0,1180.0,1163.0,1155.0,86800.0
2023-09-01,1159.0,1178.0,1153.0,1159.0,1082.747802734375,39800.0,1120.05,1112.68,1177.7333333333331,1254.25,63.5036496350365,1122.02,-8.50666666666666,-0.9849999999999,-0.1252830188679244,1166.0,1179.0,1156.0,1168.0,57500.0
2023-09-02,1159.0,1178.0,1153.0,1159.0,1082.747802734375,39800.0,1122.8,1117.48,1175.2,1254.275,63.5036496350365,1122.68,-8.919999999999845,-0.5249999999998636,-0.0994560994560994,1166.0,1178.0,1159.0,1159.0,39800.0
2023-09-03,1159.0,1178.0,1153.0,1159.0,1082.747802734375,39800.0,1124.35,1121.24,1172.013333333333,1254.52,63.5036496350365,1123.34,-10.706666666666706,0.0099999999999909,-0.0645682001614205,1166.0,1178.0,1159.0,1159.0,39800.0
2023-09-04,1178.0,1187.0,1160.0,1181.0,1103.3004150390625,52400.0,1125.1,1124.32,1169.6933333333334,1254.7,68.35443037974684,1124.44,-11.413333333333185,0.2899999999999636,-0.0255775577557755,1181.0,1178.0,1159.0,1159.0,39800.0
2023-09-05,1191.0,1211.0,1176.0,1202.0,1122.9189453125,53900.0,1128.55,1128.24,1167.6933333333334,1254.995,78.18181818181817,1125.96,-11.706666666666706,0.7199999999997999,-0.0016611295681062,1202.0,1187.0,1181.0,1178.0,52400.0
2023-09-06,1211.0,1212.0,1183.0,1185.0,1107.037353515625,64400.0,1132.2,1131.48,1165.7866666666666,1255.205,69.88636363636364,1126.42,-11.946666666666715,0.9549999999999272,-0.0157807308970099,1202.0,1211.0,1202.0,1191.0,53900.0
2023-09-07,1185.0,1191.0,1159.0,1171.0,1093.958251953125,33900.0,1134.65,1134.16,1163.6933333333334,1255.345,76.3975155279503,1126.02,-11.50666666666666,1.0699999999999363,-0.0274086378737541,1202.0,1212.0,1185.0,1211.0,64400.0
2023-09-08,1171.0,1183.0,1164.0,1166.0,1089.2872314453125,41300.0,1136.85,1135.68,1161.5333333333333,1255.305,73.61963190184049,1125.62,-10.480000000000018,0.7850000000000819,-0.0152027027027027,1202.0,1191.0,1171.0,1185.0,33900.0
2023-09-09,1171.0,1183.0,1164.0,1166.0,1089.2872314453125,41300.0,1139.05,1135.68,1159.2666666666669,1255.265,73.61963190184049,1125.6,-10.426666666666732,0.5650000000000546,-0.0101867572156196,1202.0,1183.0,1166.0,1171.0,41300.0
2023-09-10,1171.0,1183.0,1164.0,1166.0,1089.2872314453125,41300.0,1141.2,1137.0,1157.4,1255.215,73.61963190184049,1125.58,-10.293333333333294,0.2200000000000272,0.0264084507042252,1202.0,1183.0,1166.0,1171.0,41300.0
2023-09-11,1168.0,1174.0,1158.0,1165.0,1088.35302734375,23900.0,1144.0,1139.12,1155.3733333333332,1255.16,73.17073170731707,1125.54,-10.413333333333412,-0.0449999999998453,0.0130434782608694,1202.0,1183.0,1166.0,1171.0,41300.0
2023-09-12,1173.0,1182.0,1165.0,1171.0,1093.958251953125,29400.0,1146.8,1141.08,1152.493333333333,1255.13,67.16417910447761,1125.52,-11.200000000000044,-0.2149999999999181,0.0399644760213144,1202.0,1174.0,1165.0,1168.0,23900.0
2023-09-13,1165.0,1182.0,1158.0,1172.0,1094.8927001953125,33500.0,1151.1,1143.08,1149.8,1255.105,54.63917525773196,1125.02,-11.733333333333348,-0.2000000000000454,0.0408525754884547,1202.0,1182.0,1171.0,1173.0,29400.0
2023-09-14,1167.0,1180.0,1163.0,1167.0,1090.2215576171875,27600.0,1155.0,1144.88,1147.04,1255.055,55.78947368421053,1124.54,-12.226666666666688,-0.2100000000000363,0.036412078152753,1202.0,1182.0,1172.0,1165.0,33500.0
2023-09-15,1166.0,1170.0,1135.0,1139.0,1064.0635986328125,80000.0,1157.5,1145.52,1143.9066666666668,1254.84,41.66666666666667,1123.66,-13.49333333333334,-0.375,0.0115452930728241,1202.0,1180.0,1167.0,1167.0,27600.0
2023-09-16,1166.0,1170.0,1135.0,1139.0,1064.0635986328125,80000.0,1160.0,1146.72,1141.4266666666667,1254.465,41.66666666666667,1123.38,-13.946666666666488,-0.6950000000001637,-0.0197934595524956,1202.0,1170.0,1139.0,1166.0,80000.0
2023-09-17,1166.0,1170.0,1135.0,1139.0,1064.0635986328125,80000.0,1162.5,1147.68,1139.4533333333334,1254.195,41.66666666666667,1123.1,-13.039999999999964,-0.9350000000001728,-0.0436607892527287,1202.0,1170.0,1139.0,1166.0,80000.0
2023-09-18,1166.0,1170.0,1135.0,1139.0,1064.0635986328125,80000.0,1163.2,1149.8,1138.12,1253.505,28.57142857142857,1122.82,-11.680000000000064,-1.599999999999909,-0.0396290050590218,1202.0,1170.0,1139.0,1166.0,80000.0
2023-09-19,1155.0,1164.0,1138.0,1153.0,1077.142578125,48600.0,1162.7,1152.36,1137.3333333333333,1252.955,23.07692307692308,1123.22,-9.706666666666706,-2.1000000000001364,-0.0119965724078834,1202.0,1170.0,1139.0,1166.0,80000.0
2023-09-20,1147.0,1152.0,1122.0,1122.0,1048.1820068359375,56700.0,1161.0,1153.68,1136.24,1252.25,20.0,1124.52,-7.6666666666667425,-2.589999999999918,-0.038560411311054,1202.0,1164.0,1153.0,1155.0,48600.0
2023-09-21,1123.0,1127.0,1110.0,1110.0,1036.9715576171875,32300.0,1158.55,1154.52,1134.986666666667,1251.485,20.388349514563103,1126.14,-6.440000000000055,-2.980000000000018,-0.0488431876606684,1202.0,1152.0,1122.0,1147.0,56700.0
2023-09-22,1112.0,1135.0,1100.0,1125.0,1050.9847412109375,36300.0,1156.85,1155.96,1133.9333333333334,1250.82,31.858407079646028,1128.22,-5.519999999999982,-3.375,-0.0401023890784982,1202.0,1127.0,1110.0,1123.0,32300.0
2023-09-23,1112.0,1135.0,1100.0,1125.0,1050.9847412109375,36300.0,1155.15,1155.96,1133.1466666666668,1250.14,31.858407079646028,1129.28,-4.97333333333313,-3.365000000000009,-0.0601503759398496,1202.0,1135.0,1125.0,1112.0,36300.0
2023-09-24,1112.0,1135.0,1100.0,1125.0,1050.9847412109375,36300.0,1152.35,1154.44,1132.44,1249.28,31.858407079646028,1130.34,-4.893333333333203,-3.6749999999999545,-0.0554156171284634,1202.0,1135.0,1125.0,1112.0,36300.0
2023-09-25,1125.0,1175.0,1125.0,1165.0,1088.35302734375,69300.0,1150.5,1154.8,1132.8266666666666,1248.82,50.0,1132.2,-3.413333333333412,-3.430000000000064,-0.0152155536770921,1185.0,1135.0,1125.0,1112.0,36300.0
2023-09-26,1164.0,1167.0,1143.0,1161.0,1084.6162109375,33900.0,1149.3,1154.88,1132.9733333333334,1248.265,46.66666666666666,1133.78,-2.013333333333321,-3.2199999999998,0.0069384215091066,1172.0,1175.0,1165.0,1125.0,69300.0
2023-09-27,1161.0,1169.0,1136.0,1160.0,1083.6820068359375,34000.0,1148.75,1154.92,1133.4266666666667,1247.705,46.0,1136.2,-0.5066666666666606,-3.115000000000009,0.0060711188204682,1172.0,1167.0,1161.0,1164.0,33900.0
2023-09-28,1141.0,1210.0,1141.0,1193.0,1133.06982421875,119100.0,1150.1,1156.28,1134.32,1247.31,57.30337078651685,1138.76,1.1733333333331757,-2.8300000000001546,0.0346921075455333,1193.0,1169.0,1160.0,1161.0,34000.0
2023-09-29,1205.0,1210.0,1157.0,1168.0,1109.32568359375,61200.0,1150.2,1155.76,1134.88,1247.05,58.28571428571429,1140.04,2.4400000000000546,-2.230000000000018,0.0308914386584289,1193.0,1210.0,1193.0,1141.0,119100.0
2023-09-30,1205.0,1210.0,1157.0,1168.0,1109.32568359375,61200.0,1150.3,1154.4,1135.44,1247.07,58.28571428571429,1141.32,2.6133333333334576,-1.75,0.1050141911069062,1193.0,1210.0,1168.0,1205.0,61200.0
2023-10-01,1205.0,1210.0,1157.0,1168.0,1109.32568359375,61200.0,1150.45,1153.72,1135.52,1246.7,58.28571428571429,1142.6,2.546666666666624,-1.5650000000000546,0.1350826044703594,1193.0,1210.0,1168.0,1205.0,61200.0
2023-10-02,1183.0,1184.0,1138.0,1138.0,1080.8326416015625,60900.0,1148.8,1152.4,1134.8133333333333,1246.195,49.75609756097561,1143.28,1.3866666666665424,-1.509999999999991,0.1145935357492653,1193.0,1210.0,1168.0,1205.0,61200.0
2023-10-03,1139.0,1149.0,1114.0,1118.0,1061.8372802734375,42700.0,1146.1,1150.48,1133.9066666666668,1245.38,41.70616113744075,1143.08,-0.4133333333331848,-1.9299999999998363,0.0429104477611941,1193.0,1184.0,1138.0,1183.0,60900.0
2023-10-04,1088.0,1097.0,1061.0,1061.0,1007.7008056640624,75500.0,1140.8,1146.28,1132.493333333333,1244.28,37.130801687763714,1140.98,-2.3866666666667697,-2.769999999999982,-0.0102611940298507,1193.0,1149.0,1118.0,1139.0,42700.0
2023-10-05,1070.0,1092.0,1057.0,1084.0,1029.54541015625,38900.0,1138.05,1143.0,1131.3866666666668,1243.295,44.75806451612903,1140.0,-4.053333333333285,-3.774999999999864,0.0111940298507462,1193.0,1097.0,1061.0,1088.0,75500.0
2023-10-06,1085.0,1121.0,1070.0,1105.0,1049.4903564453125,27300.0,1136.35,1140.6,1130.56,1242.6,46.06299212598425,1139.86,-4.960000000000036,-4.100000000000136,0.021256931608133,1193.0,1092.0,1084.0,1070.0,38900.0
2023-10-07,1085.0,1121.0,1070.0,1105.0,1049.4903564453125,27300.0,1134.65,1137.96,1129.6666666666667,1241.905,46.06299212598425,1139.52,-5.146666666666533,-4.289999999999964,0.0635226179018286,1193.0,1121.0,1105.0,1085.0,27300.0
2023-10-08,1085.0,1121.0,1070.0,1105.0,1049.4903564453125,27300.0,1132.95,1135.28,1128.44,1240.855,46.06299212598425,1139.18,-5.466666666666697,-4.525000000000091,0.0375586854460094,1193.0,1121.0,1105.0,1085.0,27300.0
2023-10-09,1085.0,1121.0,1070.0,1105.0,1049.4903564453125,27300.0,1130.55,1132.8,1127.2933333333333,1239.59,35.981308411214954,1138.84,-5.2000000000000455,-4.690000000000055,0.0009057971014492,1193.0,1121.0,1105.0,1085.0,27300.0
2023-10-10,1102.0,1128.0,1102.0,1113.0,1057.0885009765625,25300.0,1130.1,1131.76,1126.36,1238.385,38.99082568807339,1138.64,-5.02666666666687,-4.910000000000082,0.0081521739130434,1193.0,1121.0,1105.0,1085.0,27300.0
2023-10-11,1123.0,1123.0,1090.0,1090.0,1035.2440185546875,26200.0,1129.1,1129.8,1125.52,1237.065,35.41666666666667,1138.26,-5.039999999999964,-5.534999999999855,-0.0126811594202898,1193.0,1128.0,1113.0,1102.0,25300.0
2023-10-12,1098.0,1098.0,1079.0,1085.0,1030.4951171875,17900.0,1127.1,1127.64,1124.6133333333332,1235.72,24.52830188679245,1137.66,-5.053333333333512,-6.184999999999945,-0.0172101449275362,1193.0,1123.0,1090.0,1123.0,26200.0
2023-10-13,1072.0,1076.0,1062.0,1073.0,1019.0980224609376,31600.0,1124.5,1125.0,1123.5466666666666,1234.13,26.13065326633165,1137.4,-4.89333333333343,-6.724999999999909,-0.0487588652482269,1193.0,1098.0,1085.0,1098.0,17900.0
2023-10-14,1072.0,1076.0,1062.0,1073.0,1019.0980224609376,31600.0,1121.9,1121.8,1122.746666666667,1232.495,26.13065326633165,1137.08,-4.546666666666624,-7.095000000000027,-0.0797598627787307,1193.0,1076.0,1073.0,1072.0,31600.0
2023-10-15,1072.0,1076.0,1062.0,1073.0,1019.0980224609376,31600.0,1117.3,1119.84,1122.96,1230.915,26.13065326633165,1136.76,-3.399999999999864,-7.470000000000027,-0.0529567519858782,1193.0,1076.0,1073.0,1072.0,31600.0
2023-10-16,1065.0,1066.0,1027.0,1034.0,982.0571899414062,44700.0,1110.95,1116.8,1123.0266666666666,1228.845,25.00000000000001,1135.66,-2.4933333333333394,-8.220000000000027,-0.0701438848920863,1193.0,1076.0,1073.0,1072.0,31600.0
2023-10-17,1062.0,1062.0,1032.0,1041.0,988.7055053710938,36600.0,1105.0,1113.44,1123.2933333333333,1226.985,30.256410256410263,1134.7,-1.3199999999999363,-8.735000000000127,-0.0721925133689839,1193.0,1066.0,1034.0,1065.0,44700.0
2023-10-18,1031.0,1055.0,1031.0,1053.0,1000.102783203125,27000.0,1098.0,1110.56,1123.04,1225.185,47.33333333333333,1133.26,-0.5066666666666606,-8.945000000000164,-0.0614973262032085,1168.0,1062.0,1041.0,1062.0,36600.0
2023-10-19,1032.0,1050.0,1025.0,1041.0,988.7055053710938,29900.0,1091.65,1107.2,1122.6266666666668,1223.325,34.53237410071942,1130.82,-0.1199999999998908,-9.169999999999844,-0.0721925133689839,1168.0,1055.0,1053.0,1031.0,27000.0
2023-10-20,1022.0,1048.0,1012.0,1031.0,979.2078857421876,43100.0,1084.8,1101.84,1122.08,1221.725,21.09375,1128.32,-0.8800000000001091,-9.190000000000056,-0.0819234194122885,1168.0,1050.0,1041.0,1032.0,29900.0
2023-10-21,1022.0,1048.0,1012.0,1031.0,979.2078857421876,43100.0,1077.95,1096.64,1121.4,1220.01,21.09375,1125.76,-1.6266666666665517,-8.835000000000036,-0.0703336339044183,1138.0,1048.0,1031.0,1022.0,43100.0
2023-10-22,1022.0,1048.0,1012.0,1031.0,979.2078857421876,43100.0,1072.6,1091.48,1121.2933333333333,1218.305,21.09375,1123.2,-2.0,-8.679999999999836,-0.0753363228699551,1118.0,1048.0,1031.0,1022.0,43100.0
2023-10-23,1020.0,1037.0,996.0,1000.0,949.76513671875,40100.0,1066.7,1083.76,1120.4266666666667,1216.66,16.981132075471706,1120.02,-2.6133333333332303,-8.524999999999864,-0.0791896869244935,1113.0,1048.0,1031.0,1022.0,43100.0
2023-10-24,1002.0,1023.0,969.0,1018.0,966.8609008789062,53300.0,1064.55,1077.76,1119.28,1215.205,21.89349112426035,1116.76,-3.346666666666806,-8.120000000000118,-0.0651974288337924,1113.0,1037.0,1000.0,1020.0,40100.0
2023-10-25,1045.0,1045.0,1007.0,1012.0,961.1622924804688,25900.0,1060.95,1071.52,1118.0533333333333,1213.72,24.34210526315789,1112.96,-4.026666666666642,-8.004999999999882,-0.0707070707070707,1113.0,1023.0,1018.0,1002.0,53300.0
2023-10-26,1012.0,1018.0,990.0,999.0,948.8153686523438,27900.0,1055.65,1064.76,1116.6533333333334,1212.17,23.125,1109.24,-4.74666666666667,-7.839999999999918,-0.0826446280991735,1113.0,1045.0,1012.0,1045.0,25900.0
2023-10-27,999.0,1018.0,990.0,1015.0,964.0115356445312,29300.0,1051.15,1059.84,1115.4666666666667,1210.275,32.3170731707317,1106.12,-5.826666666666597,-8.029999999999973,-0.0679522497704315,1113.0,1018.0,999.0,1012.0,27900.0
2023-10-28,999.0,1018.0,990.0,1015.0,964.0115356445312,29300.0,1046.65,1055.72,1113.96,1208.425,32.3170731707317,1103.1,-6.466666666666697,-8.235000000000127,-0.0977777777777777,1113.0,1018.0,1015.0,999.0,29300.0
2023-10-29,999.0,1018.0,990.0,1015.0,964.0115356445312,29300.0,1042.15,1053.88,1111.9466666666667,1206.715,32.3170731707317,1100.08,-7.3333333333332575,-8.490000000000009,-0.1272570937231298,1113.0,1018.0,1015.0,999.0,29300.0
2023-10-30,998.0,1014.0,973.0,973.0,924.1214599609376,120200.0,1035.15,1049.44,1109.8133333333333,1204.895,31.736526946107773,1096.22,-8.240000000000009,-8.825000000000045,-0.1583044982698962,1090.0,1018.0,1015.0,999.0,29300.0
2023-10-31,975.0,1002.0,961.0,1001.0,950.7149047851562,70200.0,1030.7,1045.28,1108.3333333333333,1203.075,39.361702127659576,1092.94,-8.320000000000164,-9.095000000000027,-0.1363244176013804,1085.0,1014.0,973.0,998.0,120200.0
2023-11-01,1014.0,1018.0,988.0,1009.0,958.3130493164062,91000.0,1026.9,1041.44,1106.8266666666666,1201.295,38.04347826086957,1089.7,-8.6400000000001,-8.980000000000018,-0.1294219154443485,1073.0,1002.0,1001.0,975.0,70200.0
2023-11-02,991.0,1020.0,983.0,1009.0,958.3130493164062,106800.0,1023.7,1037.6,1105.32,1199.515,40.69767441860465,1086.44,-8.6400000000001,-8.909999999999854,-0.1294219154443485,1073.0,1018.0,1009.0,1014.0,91000.0
2023-11-03,991.0,1020.0,983.0,1009.0,958.3130493164062,106800.0,1020.5,1033.76,1103.8133333333333,1197.56,43.20987654320988,1083.28,-8.13333333333344,-9.154999999999973,-0.1456392887383573,1073.0,1020.0,1009.0,991.0,106800.0
2023-11-04,991.0,1020.0,983.0,1009.0,958.3130493164062,106800.0,1017.3,1029.6,1102.2933333333333,1195.235,43.20987654320988,1080.68,-7.519999999999982,-9.660000000000082,-0.1605657237936771,1053.0,1020.0,1009.0,991.0,106800.0
2023-11-05,991.0,1020.0,983.0,1009.0,958.3130493164062,106800.0,1016.05,1026.36,1100.96,1193.01,43.20987654320988,1078.08,-7.373333333333221,-10.065000000000056,-0.1485232067510549,1053.0,1020.0,1009.0,991.0,106800.0
2023-11-06,1024.0,1044.0,1002.0,1040.0,987.7556762695312,51100.0,1016.0,1024.56,1099.96,1191.04,62.34567901234568,1076.1,-6.866666666666561,-10.25500000000011,-0.1118701964133219,1053.0,1020.0,1009.0,991.0,106800.0
2023-11-07,1040.0,1053.0,1031.0,1050.0,997.25341796875,29000.0,1015.85,1023.64,1099.48,1189.33,60.38961038961039,1074.32,-5.839999999999918,-10.185000000000173,-0.0994854202401371,1050.0,1044.0,1040.0,1024.0,51100.0
2023-11-08,1056.0,1092.0,1034.0,1092.0,1037.1434326171875,53800.0,1018.4,1024.4,1099.52,1187.83,71.05263157894737,1073.1,-4.293333333333294,-9.730000000000018,-0.0634648370497427,1092.0,1053.0,1050.0,1040.0,29000.0
2023-11-09,1091.0,1095.0,1060.0,1075.0,1020.99755859375,27900.0,1020.6,1024.48,1099.3333333333333,1186.245,69.58762886597938,1072.16,-2.9600000000000364,-8.990000000000009,-0.0780445969125214,1092.0,1092.0,1092.0,1056.0,53800.0
2023-11-10,1058.0,1058.0,1039.0,1052.0,999.1529541015624,22400.0,1021.65,1025.2,1098.84,1184.475,59.20398009950249,1071.0,-2.1200000000001182,-8.535000000000082,-0.0969957081545064,1092.0,1095.0,1075.0,1091.0,27900.0
2023-11-11,1058.0,1058.0,1039.0,1052.0,999.1529541015624,22400.0,1022.7,1025.64,1098.3466666666666,1182.525,59.20398009950249,1069.54,-1.6133333333334576,-8.514999999999873,-0.1016225448334756,1092.0,1058.0,1052.0,1058.0,22400.0
2023-11-12,1058.0,1058.0,1039.0,1052.0,999.1529541015624,22400.0,1025.3,1025.6,1097.3733333333332,1180.69,59.20398009950249,1068.08,-2.106666666666797,-8.639999999999873,-0.1023890784982934,1092.0,1058.0,1052.0,1058.0,22400.0
2023-11-13,1050.0,1050.0,996.0,996.0,945.9661254882812,52100.0,1024.2,1023.8,1095.1466666666668,1178.535,55.34883720930233,1065.5,-4.373333333333221,-9.294999999999844,-0.1465295629820051,1092.0,1058.0,1052.0,1058.0,22400.0
2023-11-14,993.0,1000.0,980.0,982.0,932.6693115234376,45500.0,1022.7,1021.84,1092.8266666666666,1176.265,45.273631840796014,1061.84,-6.506666666666661,-9.97999999999979,-0.1378402107111501,1092.0,1050.0,996.0,1050.0,52100.0
2023-11-15,978.0,997.0,978.0,992.0,942.1669921875,29300.0,1022.35,1020.28,1090.6,1174.045,45.8128078817734,1058.46,-8.240000000000009,-10.429999999999836,-0.1290605794556628,1092.0,1000.0,982.0,993.0,45500.0
2023-11-16,992.0,992.0,962.0,968.0,919.3726196289062,61700.0,1020.0,1017.76,1088.0533333333333,1171.705,40.96916299559471,1054.62,-10.293333333333294,-10.820000000000164,-0.1501316944688323,1092.0,997.0,992.0,978.0,29300.0
2023-11-17,968.0,979.0,961.0,975.0,926.02099609375,40600.0,1018.0,1016.76,1085.6,1169.45,42.73504273504273,1050.26,-11.773333333333312,-11.240000000000007,-0.1439859525899912,1092.0,992.0,968.0,992.0,61700.0
2023-11-18,968.0,979.0,961.0,975.0,926.02099609375,40600.0,1016.0,1015.04,1082.8533333333332,1167.23,42.73504273504273,1046.4,-12.29333333333352,-11.305000000000064,-0.1543798785776235,1092.0,979.0,975.0,968.0,40600.0
2023-11-19,968.0,979.0,961.0,975.0,926.02099609375,40600.0,1016.1,1013.56,1079.8266666666666,1165.01,42.73504273504273,1042.54,-13.0,-11.25500000000011,-0.1310160427807486,1092.0,979.0,975.0,968.0,40600.0
2023-11-20,977.0,1022.0,977.0,1022.0,970.659912109375,41500.0,1017.15,1014.48,1077.6533333333334,1163.025,46.4,1039.62,-12.946666666666488,-11.019999999999982,-0.0792792792792792,1092.0,979.0,975.0,968.0,40600.0
2023-11-21,1023.0,1027.0,1008.0,1023.0,971.6097412109376,21800.0,1017.85,1014.8,1075.68,1161.045,44.398340248962654,1037.32,-12.37333333333322,-10.659999999999854,-0.0906666666666666,1092.0,1022.0,1022.0,977.0,41500.0
2023-11-22,1023.0,1038.0,1010.0,1028.0,976.3585815429688,20400.0,1018.8,1015.32,1073.84,1159.09,34.31372549019608,1035.52,-11.759999999999993,-10.360000000000127,-0.0862222222222222,1092.0,1027.0,1023.0,1023.0,21800.0
2023-11-23,1023.0,1038.0,1010.0,1028.0,976.3585815429688,20400.0,1019.75,1015.84,1072.0,1157.135,37.43315508021391,1034.86,-10.85333333333324,-10.095000000000027,-0.0862222222222222,1092.0,1038.0,1028.0,1023.0,20400.0
2023-11-24,1039.0,1053.0,1035.0,1051.0,998.203125,19800.0,1021.85,1018.96,1070.4666666666667,1155.08,49.73262032085562,1034.2,-9.3599999999999,-9.930000000000064,-0.0978540772532189,1092.0,1038.0,1028.0,1023.0,20400.0
2023-11-25,1039.0,1053.0,1035.0,1051.0,998.203125,19800.0,1023.95,1020.96,1068.9466666666667,1152.795,49.73262032085562,1033.12,-8.706666666666706,-10.230000000000018,-0.094745908699397,1092.0,1053.0,1051.0,1039.0,19800.0
2023-11-26,1039.0,1053.0,1035.0,1051.0,998.203125,19800.0,1024.5,1022.64,1067.3466666666666,1150.465,49.73262032085562,1032.04,-8.333333333333485,-10.580000000000156,-0.0939655172413793,1092.0,1053.0,1051.0,1039.0,19800.0
2023-11-27,1068.0,1075.0,1042.0,1057.0,1003.9017333984376,38800.0,1024.85,1024.56,1065.8133333333333,1149.13,72.26277372262774,1031.08,-8.026666666666642,-9.959999999999807,-0.1139983235540653,1092.0,1053.0,1051.0,1039.0,19800.0
2023-11-28,1055.0,1079.0,1055.0,1076.0,1021.9472045898438,22600.0,1024.05,1027.24,1064.6,1148.125,83.09859154929578,1030.5,-7.400000000000091,-9.009999999999993,-0.0787671232876712,1076.0,1075.0,1057.0,1068.0,38800.0
2023-11-29,1065.0,1080.0,1056.0,1070.0,1016.2487182617188,18100.0,1023.8,1029.68,1063.68,1147.09,78.26086956521739,1029.64,-6.786666666666633,-7.990000000000009,-0.083904109589041,1076.0,1079.0,1076.0,1055.0,22600.0
2023-11-30,1071.0,1090.0,1052.0,1084.0,1029.54541015625,38300.0,1025.4,1032.68,1062.9466666666667,1146.125,95.3125,1029.52,-6.0,-6.670000000000073,-0.071917808219178,1084.0,1080.0,1070.0,1065.0,18100.0
2023-12-01,1095.0,1095.0,1074.0,1076.0,1021.9472045898438,19700.0,1026.6,1034.12,1062.1066666666666,1145.18,89.14728682170542,1029.34,-5.240000000000009,-5.284999999999855,-0.054481546572935,1084.0,1090.0,1084.0,1071.0,38300.0
2023-12-02,1095.0,1095.0,1074.0,1076.0,1021.9472045898438,19700.0,1027.8,1035.16,1061.2666666666669,1144.215,89.14728682170542,1029.4,-4.546666666666624,-4.915000000000191,-0.037567084078712,1084.0,1095.0,1076.0,1095.0,19700.0
2023-12-03,1095.0,1095.0,1074.0,1076.0,1021.9472045898438,19700.0,1031.8,1034.52,1060.24,1143.055,89.14728682170542,1029.46,-4.3599999999999,-5.069999999999936,0.0141376060320452,1084.0,1095.0,1076.0,1095.0,19700.0
2023-12-04,1070.0,1094.0,1064.0,1072.0,1018.148193359375,19300.0,1036.3,1034.4,1059.5733333333333,1141.865,79.06976744186046,1029.44,-4.106666666666797,-5.224999999999909,-0.0110701107011069,1084.0,1095.0,1076.0,1095.0,19700.0
2023-12-05,1058.0,1069.0,1037.0,1047.0,994.4041137695312,27600.0,1039.05,1034.2,1058.7333333333331,1140.705,60.909090909090914,1029.7,-4.213333333333367,-5.420000000000073,-0.0524886877828054,1084.0,1094.0,1072.0,1070.0,19300.0
2023-12-06,1047.0,1065.0,1047.0,1059.0,1005.80126953125,15300.0,1043.6,1034.48,1057.8533333333332,1139.605,63.24786324786325,1030.06,-4.25333333333333,-5.5750000000000455,-0.041628959276018,1084.0,1069.0,1047.0,1058.0,27600.0
2023-12-07,1046.0,1063.0,1037.0,1042.0,989.6552124023438,18900.0,1046.95,1034.08,1056.746666666667,1138.42,55.223880597014926,1029.84,-4.519999999999982,-5.794999999999845,-0.0570135746606335,1084.0,1065.0,1059.0,1047.0,15300.0
2023-12-08,1033.0,1055.0,1033.0,1041.0,988.7055053710938,21500.0,1050.25,1035.88,1055.6266666666668,1137.25,45.535714285714285,1029.84,-4.61333333333323,-5.805000000000064,-0.0579185520361991,1084.0,1063.0,1042.0,1046.0,18900.0
2023-12-09,1033.0,1055.0,1033.0,1041.0,988.7055053710938,21500.0,1053.55,1038.24,1053.9733333333334,1136.12,45.535714285714285,1030.04,-5.599999999999909,-5.745000000000118,-0.0646900269541779,1084.0,1055.0,1041.0,1033.0,21500.0
2023-12-10,1033.0,1055.0,1033.0,1041.0,988.7055053710938,21500.0,1054.5,1040.2,1052.3733333333332,1134.915,45.535714285714285,1030.24,-6.360000000000127,-5.789999999999964,-0.0449541284403669,1084.0,1055.0,1041.0,1033.0,21500.0
2023-12-11,1081.0,1086.0,1069.0,1076.0,1021.9472045898438,33400.0,1057.15,1044.52,1051.253333333333,1134.0,56.73758865248227,1031.14,-6.599999999999909,-5.605000000000018,-0.008294930875576,1084.0,1055.0,1041.0,1033.0,21500.0
2023-12-12,1076.0,1087.0,1065.0,1070.0,1016.2487182617188,24800.0,1059.25,1048.32,1049.6133333333332,1133.35,47.65625,1032.54,-7.133333333333439,-5.070000000000164,-0.0027958993476234,1084.0,1086.0,1076.0,1081.0,33400.0
2023-12-13,1077.0,1085.0,1064.0,1065.0,1011.4998779296876,31100.0,1061.1,1051.92,1048.24,1132.675,48.03149606299212,1033.48,-7.38666666666677,-4.5750000000000455,-0.0074557315936626,1084.0,1087.0,1070.0,1076.0,24800.0
2023-12-14,1066.0,1072.0,1041.0,1046.0,993.4542846679688,21100.0,1060.85,1054.76,1046.6133333333332,1131.905,35.60606060606061,1034.16,-7.360000000000127,-4.214999999999918,-0.0251630941286113,1084.0,1085.0,1065.0,1077.0,31100.0
2023-12-15,1060.0,1073.0,1047.0,1067.0,1013.3994140625,16200.0,1061.65,1056.56,1045.2666666666669,1131.415,46.89655172413793,1035.52,-7.10666666666657,-3.5,0.0319148936170212,1084.0,1072.0,1046.0,1066.0,21100.0
2023-12-16,1060.0,1073.0,1047.0,1067.0,1013.3994140625,16200.0,1062.45,1058.32,1044.32,1130.725,46.89655172413793,1036.56,-6.933333333333394,-3.275000000000091,0.0249759846301633,1084.0,1073.0,1067.0,1060.0,16200.0
2023-12-17,1060.0,1073.0,1047.0,1067.0,1013.3994140625,16200.0,1062.95,1059.88,1043.64,1130.035,46.89655172413793,1037.6,-5.97333333333313,-3.314999999999827,0.01329534662868,1084.0,1073.0,1067.0,1060.0,16200.0
2023-12-18,1060.0,1090.0,1053.0,1087.0,1032.3946533203125,19800.0,1063.5,1062.24,1043.986666666667,1129.41,54.6583850931677,1039.04,-4.25333333333333,-3.2649999999998727,0.0441882804995197,1087.0,1073.0,1067.0,1060.0,16200.0
2023-12-19,1095.0,1096.0,1084.0,1091.0,1036.193603515625,15900.0,1064.55,1063.84,1044.08,1128.745,65.71428571428572,1041.4,-2.533333333333303,-3.160000000000082,0.0581959262851601,1091.0,1090.0,1087.0,1060.0,19800.0
2023-12-20,1096.0,1120.0,1088.0,1120.0,1063.73681640625,31700.0,1066.35,1066.6,1044.28,1128.225,69.42675159235668,1043.78,-0.9866666666666788,-3.1900000000000546,0.0863239573229874,1120.0,1096.0,1091.0,1095.0,15900.0
2023-12-21,1120.0,1180.0,1105.0,1154.0,1096.0289306640625,54100.0,1070.25,1070.72,1044.9333333333334,1127.875,82.183908045977,1046.68,0.6133333333334576,-2.849999999999909,0.1193016488845781,1154.0,1120.0,1120.0,1096.0,31700.0
2023-12-22,1140.0,1145.0,1128.0,1129.0,1072.284912109375,23300.0,1072.9,1073.6,1045.253333333333,1127.275,72.22222222222223,1049.08,1.6133333333332305,-2.759999999999991,0.129,1154.0,1180.0,1154.0,1120.0,54100.0
2023-12-23,1140.0,1145.0,1128.0,1129.0,1072.284912109375,23300.0,1075.55,1075.72,1045.5733333333333,1126.485,72.22222222222223,1051.48,1.5866666666665878,-2.925000000000182,0.1090373280943024,1154.0,1145.0,1129.0,1140.0,23300.0
2023-12-24,1140.0,1145.0,1128.0,1129.0,1072.284912109375,23300.0,1078.4,1078.08,1045.7866666666666,1125.82,72.22222222222223,1053.88,1.706666666666706,-2.9249999999999545,0.1156126482213439,1154.0,1145.0,1129.0,1140.0,23300.0
2023-12-25,1150.0,1179.0,1140.0,1140.0,1082.732177734375,39300.0,1083.05,1080.32,1046.4533333333334,1125.37,68.39080459770115,1056.5,2.173333333333403,-2.855000000000018,0.1411411411411411,1154.0,1145.0,1129.0,1140.0,23300.0
2023-12-26,1132.0,1162.0,1132.0,1143.0,1085.5816650390625,14600.0,1087.25,1083.0,1047.2266666666667,1124.925,71.34502923976608,1058.56,2.293333333333294,-2.950000000000045,0.1261083743842364,1154.0,1179.0,1140.0,1150.0,39300.0
2023-12-27,1142.0,1150.0,1130.0,1141.0,1083.6820068359375,14100.0,1092.2,1085.6,1048.1333333333334,1124.47,72.61904761904762,1060.38,2.880000000000109,-2.805000000000064,0.1241379310344827,1154.0,1162.0,1143.0,1132.0,14600.0
2023-12-28,1146.0,1171.0,1139.0,1165.0,1106.476318359375,14200.0,1098.4,1089.16,1049.36,1124.135,84.39306358381504,1061.84,3.786666666666633,-2.349999999999909,0.1477832512315271,1165.0,1150.0,1141.0,1142.0,14100.0
2023-12-29,1175.0,1180.0,1154.0,1162.0,1103.6270751953125,25300.0,1104.45,1092.76,1050.5466666666666,1123.745,80.64516129032258,1063.58,4.759999999999991,-2.075000000000045,0.1942446043165466,1165.0,1171.0,1165.0,1146.0,14200.0
2023-12-30,1175.0,1180.0,1154.0,1162.0,1103.6270751953125,25300.0,1110.5,1097.36,1052.253333333333,1123.35,80.64516129032258,1065.78,5.7999999999999545,-2.019999999999982,0.1608391608391608,1165.0,1180.0,1162.0,1175.0,25300.0
2023-12-31,1175.0,1180.0,1154.0,1162.0,1103.6270751953125,25300.0,1114.8,1101.48,1053.8666666666666,1122.92,80.64516129032258,1067.98,6.639999999999873,-2.0049999999998818,0.151635282457879,1165.0,1180.0,1162.0,1175.0,25300.0
2024-01-01,1175.0,1180.0,1154.0,1162.0,1103.6270751953125,25300.0,1119.4,1106.28,1055.32,1122.58,77.77777777777777,1070.18,7.186666666666497,-1.8900000000001,0.151635282457879,1165.0,1180.0,1162.0,1175.0,25300.0
2024-01-02,1175.0,1180.0,1154.0,1162.0,1103.6270751953125,25300.0,1124.25,1111.12,1056.9333333333334,1121.97,77.09923664122138,1073.5,7.573333333333494,-2.164999999999964,0.151635282457879,1165.0,1180.0,1162.0,1175.0,25300.0
2024-01-03,1175.0,1180.0,1154.0,1162.0,1103.6270751953125,25300.0,1130.05,1115.96,1058.68,1121.36,70.58823529411765,1077.1,8.13333333333344,-2.384999999999991,0.151635282457879,1165.0,1180.0,1162.0,1175.0,25300.0
2024-01-04,1177.0,1241.0,1160.0,1240.0,1177.7086181640625,91700.0,1138.7,1123.92,1061.4666666666667,1121.14,79.45205479452055,1082.06,9.213333333333368,-2.209999999999809,0.2289395441030723,1240.0,1180.0,1162.0,1175.0,25300.0
2024-01-05,1239.0,1240.0,1221.0,1221.0,1159.663330078125,32400.0,1146.4,1129.72,1064.0,1120.5,82.85714285714286,1087.12,10.13333333333344,-2.4200000000000728,0.1740384615384616,1240.0,1241.0,1240.0,1177.0,91700.0
2024-01-06,1239.0,1240.0,1221.0,1221.0,1159.663330078125,32400.0,1154.1,1135.76,1066.9466666666667,1119.615,82.85714285714286,1092.04,11.62666666666678,-2.964999999999918,0.1628571428571428,1240.0,1240.0,1221.0,1239.0,32400.0
2024-01-07,1239.0,1240.0,1221.0,1221.0,1159.663330078125,32400.0,1160.8,1142.0,1069.6533333333334,1118.945,82.85714285714286,1096.96,12.720000000000027,-3.025000000000091,0.1181318681318681,1240.0,1240.0,1221.0,1239.0,32400.0
2024-01-08,1239.0,1240.0,1221.0,1221.0,1159.663330078125,32400.0,1167.3,1149.0,1072.44,1118.29,81.3953488372093,1101.88,13.759999999999993,-3.0699999999999363,0.135813953488372,1240.0,1240.0,1221.0,1239.0,32400.0
2024-01-09,1216.0,1265.0,1216.0,1243.0,1180.55810546875,58500.0,1173.45,1156.04,1075.6933333333334,1117.865,83.78378378378379,1106.3,14.226666666666688,-3.275000000000091,0.1815589353612168,1243.0,1240.0,1221.0,1239.0,32400.0
2024-01-10,1231.0,1248.0,1213.0,1214.0,1153.014892578125,40100.0,1176.45,1161.92,1078.3466666666666,1117.295,70.85714285714286,1110.12,14.34666666666658,-3.2049999999999272,0.1539923954372624,1243.0,1265.0,1243.0,1216.0,58500.0
2024-01-11,1215.0,1233.0,1187.0,1191.0,1131.1702880859375,56400.0,1179.55,1166.88,1080.6933333333334,1116.61,57.4712643678161,1113.38,13.74666666666667,-3.005000000000109,0.1321292775665399,1243.0,1248.0,1214.0,1231.0,40100.0
2024-01-12,1200.0,1216.0,1192.0,1200.0,1139.7181396484375,20400.0,1183.1,1171.4,1083.16,1115.93,60.55555555555556,1116.82,13.50666666666666,-3.0149999999998727,0.2048192771084338,1243.0,1233.0,1191.0,1215.0,56400.0
2024-01-13,1200.0,1216.0,1192.0,1200.0,1139.7181396484375,20400.0,1186.65,1175.76,1086.1866666666667,1115.4,60.55555555555556,1119.8,13.74666666666667,-2.8899999999998727,0.2219959266802444,1243.0,1216.0,1200.0,1200.0,20400.0
2024-01-14,1200.0,1216.0,1192.0,1200.0,1139.7181396484375,20400.0,1189.65,1178.96,1088.84,1114.815,60.55555555555556,1122.78,13.146666666666531,-3.0499999999999545,0.2096774193548387,1243.0,1216.0,1200.0,1200.0,20400.0
2024-01-15,1217.0,1260.0,1217.0,1245.0,1182.4576416015625,18800.0,1194.75,1182.6,1091.986666666667,1114.105,68.44444444444444,1126.66,13.6400000000001,-3.1900000000000546,0.2861570247933884,1245.0,1216.0,1200.0,1200.0,20400.0
2024-01-16,1217.0,1268.0,1217.0,1245.0,1182.4576416015625,45400.0,1199.95,1187.24,1095.1333333333334,1113.46,68.44444444444444,1130.42,14.440000000000056,-3.149999999999864,0.2769230769230768,1245.0,1260.0,1245.0,1217.0,18800.0
2024-01-17,1239.0,1266.0,1225.0,1225.0,1163.4622802734375,51200.0,1202.95,1191.08,1098.013333333333,1112.715,62.85714285714286,1133.4,14.85333333333324,-3.215000000000145,0.2564102564102564,1245.0,1268.0,1245.0,1217.0,45400.0
2024-01-18,1231.0,1238.0,1219.0,1219.0,1157.763671875,23000.0,1205.8,1194.68,1100.8133333333333,1111.94,43.93063583815029,1136.38,14.626666666666551,-3.4600000000000364,0.2502564102564102,1245.0,1266.0,1225.0,1239.0,51200.0
2024-01-19,1221.0,1260.0,1221.0,1242.0,1179.6082763671875,63700.0,1209.8,1198.76,1103.92,1111.525,55.932203389830505,1139.54,15.080000000000156,-3.289999999999964,0.2152641878669277,1245.0,1238.0,1219.0,1231.0,23000.0
2024-01-20,1221.0,1260.0,1221.0,1242.0,1179.6082763671875,63700.0,1213.8,1202.72,1106.6133333333332,1111.3,55.932203389830505,1142.86,14.626666666666551,-2.805000000000064,0.2140762463343108,1245.0,1260.0,1242.0,1221.0,63700.0
2024-01-21,1221.0,1260.0,1221.0,1242.0,1179.6082763671875,63700.0,1217.8,1206.76,1109.1733333333334,1111.315,55.932203389830505,1146.18,14.039999999999964,-2.144999999999982,0.2081712062256808,1245.0,1260.0,1242.0,1221.0,63700.0
2024-01-22,1263.0,1263.0,1232.0,1239.0,1176.759033203125,47100.0,1221.65,1209.72,1111.1333333333334,1111.45,55.0,1149.44,13.120000000000118,-1.264999999999873,0.2052529182879376,1245.0,1260.0,1242.0,1221.0,63700.0
2024-01-23,1250.0,1274.0,1233.0,1233.0,1171.060302734375,53700.0,1225.2,1212.56,1113.24,1111.595,46.95121951219512,1152.66,12.426666666666732,-0.3450000000000273,0.1731684110371074,1245.0,1263.0,1239.0,1263.0,47100.0
2024-01-24,1235.0,1249.0,1230.0,1230.0,1168.211181640625,21900.0,1224.7,1215.28,1115.6133333333332,1111.725,55.79710144927537,1156.32,11.693333333333156,0.1999999999998181,0.170313986679353,1245.0,1274.0,1233.0,1250.0,53700.0
2024-01-25,1230.0,1236.0,1201.0,1227.0,1165.3616943359375,39200.0,1225.0,1217.88,1117.9466666666667,1111.84,65.25423728813558,1159.68,11.333333333333483,0.5399999999999636,0.1674595623215984,1245.0,1249.0,1230.0,1235.0,21900.0
2024-01-26,1224.0,1224.0,1192.0,1192.0,1132.1201171875,27500.0,1223.55,1219.08,1119.8133333333333,1111.88,47.22222222222222,1162.68,10.639999999999873,0.5650000000000546,0.1277199621570481,1245.0,1236.0,1227.0,1230.0,39200.0
2024-01-27,1224.0,1224.0,1192.0,1192.0,1132.1201171875,27500.0,1222.1,1220.28,1122.4266666666667,1111.95,47.22222222222222,1165.7,11.293333333333294,0.5,0.1078066914498141,1245.0,1224.0,1192.0,1224.0,27500.0
2024-01-28,1224.0,1224.0,1192.0,1192.0,1132.1201171875,27500.0,1220.65,1221.48,1125.2266666666667,1112.23,47.22222222222222,1168.72,11.98666666666668,0.6349999999999909,0.114018691588785,1245.0,1224.0,1192.0,1224.0,27500.0
2024-01-29,1200.0,1209.0,1191.0,1193.0,1133.06982421875,22500.0,1218.15,1219.6,1127.9066666666668,1112.445,24.0,1171.76,12.29333333333352,0.7200000000000273,0.1005535055350552,1245.0,1224.0,1192.0,1224.0,27500.0
2024-01-30,1194.0,1217.0,1190.0,1195.0,1134.96923828125,64800.0,1217.2,1218.56,1130.9333333333334,1112.79,25.490196078431367,1174.14,12.98666666666668,0.9500000000000456,0.1105947955390334,1245.0,1209.0,1193.0,1200.0,22500.0
2024-01-31,1195.0,1199.0,1180.0,1197.0,1136.868896484375,41000.0,1217.5,1217.6,1133.8933333333334,1113.145,33.33333333333333,1176.68,14.080000000000156,1.264999999999873,0.1124535315985129,1245.0,1217.0,1195.0,1194.0,64800.0
2024-02-01,1222.0,1238.0,1190.0,1226.0,1164.411865234375,110300.0,1218.8,1217.8,1137.24,1113.645,53.27102803738317,1179.9,14.813333333333276,1.6949999999999363,0.1394052044609666,1245.0,1199.0,1197.0,1195.0,41000.0
2024-02-02,1279.0,1390.0,1271.0,1369.0,1300.2283935546875,419600.0,1227.25,1223.72,1142.493333333333,1114.86,77.97356828193833,1186.36,17.26666666666665,2.6299999999998818,0.2770522388059702,1369.0,1238.0,1226.0,1222.0,110300.0
2024-02-03,1279.0,1390.0,1271.0,1369.0,1300.2283935546875,419600.0,1235.7,1228.76,1147.12,1115.895,77.97356828193833,1192.4,19.21333333333314,3.450000000000045,0.3075453677172874,1369.0,1390.0,1369.0,1279.0,419600.0
2024-02-04,1279.0,1390.0,1271.0,1369.0,1300.2283935546875,419600.0,1241.9,1234.96,1151.7333333333331,1116.785,77.97356828193833,1198.44,20.799999999999955,3.9950000000001182,0.2927289896128422,1369.0,1390.0,1369.0,1279.0,419600.0
2024-02-05,1388.0,1410.0,1346.0,1362.0,1293.580078125,112200.0,1247.75,1241.8,1156.1866666666667,1117.665,76.62337662337663,1204.34,22.29333333333329,4.519999999999982,0.307101727447217,1369.0,1390.0,1369.0,1279.0,419600.0
2024-02-06,1346.0,1362.0,1303.0,1303.0,1237.5439453125,100200.0,1251.65,1245.92,1159.8533333333332,1118.345,62.32394366197183,1208.66,22.61333333333323,4.7000000000000455,0.2516810758885686,1369.0,1410.0,1362.0,1388.0,112200.0
2024-02-07,1312.0,1331.0,1302.0,1324.0,1257.489013671875,63300.0,1256.9,1250.88,1163.493333333333,1119.13,65.56291390728477,1213.32,21.0,4.270000000000209,0.2718539865513929,1369.0,1362.0,1303.0,1346.0,100200.0
2024-02-08,1347.0,1359.0,1325.0,1342.0,1274.5848388671875,52700.0,1261.9,1256.56,1167.3733333333332,1120.005,68.13880126182966,1217.76,20.25333333333333,4.110000000000127,0.2891450528338135,1369.0,1331.0,1324.0,1312.0,63300.0
2024-02-09,1350.0,1376.0,1350.0,1357.0,1288.831298828125,45800.0,1267.65,1261.04,1171.4533333333334,1120.93,77.77777777777777,1221.82,19.720000000000027,4.144999999999982,0.2611524163568772,1369.0,1359.0,1342.0,1347.0,52700.0
2024-02-10,1350.0,1376.0,1350.0,1357.0,1288.831298828125,45800.0,1273.4,1265.52,1175.4533333333334,1121.73,77.77777777777777,1226.38,19.26666666666665,4.065000000000055,0.2682242990654206,1369.0,1376.0,1357.0,1350.0,45800.0
2024-02-11,1350.0,1376.0,1350.0,1357.0,1288.831298828125,45800.0,1279.3,1270.8,1179.2,1122.56,77.77777777777777,1230.94,19.34666666666681,4.214999999999918,0.2741784037558685,1369.0,1376.0,1357.0,1350.0,45800.0
2024-02-12,1350.0,1376.0,1350.0,1357.0,1288.831298828125,45800.0,1285.5,1276.32,1183.0266666666666,1123.43,77.70270270270271,1235.5,19.533333333333303,4.2999999999999545,0.2973231357552581,1369.0,1376.0,1357.0,1350.0,45800.0
2024-02-13,1380.0,1380.0,1331.0,1334.0,1266.986572265625,82700.0,1290.7,1280.0,1186.36,1124.335,71.92429022082018,1239.38,18.98666666666668,4.329999999999927,0.2502343017806936,1369.0,1376.0,1357.0,1350.0,45800.0
2024-02-14,1330.0,1332.0,1266.0,1275.0,1210.950439453125,71500.0,1293.1,1281.32,1189.013333333333,1124.945,60.42780748663102,1242.02,17.559999999999945,4.014999999999873,0.1949390815370197,1369.0,1380.0,1334.0,1380.0,82700.0
2024-02-15,1278.0,1308.0,1261.0,1280.0,1215.6993408203125,50400.0,1297.5,1282.84,1191.7333333333331,1125.58,57.71428571428572,1244.8,16.279999999999973,3.849999999999909,0.1996251171508902,1369.0,1332.0,1275.0,1330.0,71500.0
2024-02-16,1288.0,1315.0,1288.0,1313.0,1247.041748046875,40100.0,1303.55,1285.8,1194.8933333333334,1126.48,38.33333333333333,1247.76,15.693333333333385,3.9200000000000728,0.2079116835326586,1369.0,1308.0,1280.0,1278.0,50400.0
2024-02-17,1288.0,1315.0,1288.0,1313.0,1247.041748046875,40100.0,1309.6,1289.0,1198.1066666666666,1127.76,38.33333333333333,1250.78,15.079999999999927,4.329999999999927,0.2034830430797434,1369.0,1315.0,1313.0,1288.0,40100.0
2024-02-18,1288.0,1315.0,1288.0,1313.0,1247.041748046875,40100.0,1315.6,1292.32,1201.6533333333334,1129.18,38.33333333333333,1253.8,15.29333333333352,4.845000000000027,0.1723214285714285,1369.0,1315.0,1313.0,1288.0,40100.0
2024-02-19,1313.0,1313.0,1277.0,1300.0,1234.6947021484375,52200.0,1320.85,1295.24,1204.8666666666666,1130.575,37.39837398373984,1256.56,15.85333333333324,5.630000000000109,0.1265164644714038,1369.0,1315.0,1313.0,1288.0,40100.0
2024-02-20,1303.0,1336.0,1297.0,1305.0,1239.4434814453125,74100.0,1326.25,1299.76,1208.3733333333332,1131.74,50.520833333333336,1259.42,16.639999999999873,6.160000000000082,0.1558901682905225,1369.0,1313.0,1300.0,1313.0,52200.0
2024-02-21,1290.0,1296.0,1262.0,1263.0,1199.5533447265625,59500.0,1328.1,1302.6,1211.3333333333333,1132.695,35.68075117370891,1261.44,16.439999999999827,6.214999999999918,0.1186891054030114,1369.0,1336.0,1305.0,1303.0,74100.0
2024-02-22,1287.0,1287.0,1247.0,1251.0,1188.15625,56600.0,1322.2,1304.96,1214.1333333333334,1133.59,28.019323671497588,1263.22,16.02666666666687,5.829999999999927,0.1080602302922941,1369.0,1296.0,1263.0,1290.0,59500.0
2024-02-23,1287.0,1287.0,1247.0,1251.0,1188.15625,56600.0,1316.3,1307.28,1216.9333333333334,1134.435,22.39583333333333,1263.44,15.279999999999973,5.254999999999882,0.0973684210526315,1369.0,1287.0,1251.0,1287.0,56600.0
2024-02-24,1287.0,1287.0,1247.0,1251.0,1188.15625,56600.0,1310.4,1309.52,1219.2666666666669,1135.495,22.39583333333333,1264.04,14.400000000000093,4.919999999999845,0.094488188976378,1362.0,1287.0,1251.0,1287.0,56600.0
2024-02-25,1287.0,1287.0,1247.0,1251.0,1188.15625,56600.0,1304.85,1311.68,1221.68,1136.425,22.39583333333333,1264.64,13.306666666666844,4.684999999999945,0.0964066608238387,1357.0,1287.0,1251.0,1287.0,56600.0
2024-02-26,1245.0,1251.0,1210.0,1211.0,1150.16552734375,72400.0,1300.25,1311.08,1223.6266666666668,1136.96,18.534482758620683,1264.44,12.29333333333352,4.2650000000001,0.0394849785407724,1357.0,1287.0,1251.0,1287.0,56600.0
2024-02-27,1208.0,1220.0,1195.0,1209.0,1148.2659912109375,51100.0,1294.5,1304.68,1225.8,1137.485,20.37914691943128,1264.2,11.666666666666517,3.894999999999982,0.0404475043029259,1357.0,1251.0,1211.0,1245.0,72400.0
2024-02-28,1210.0,1240.0,1206.0,1212.0,1151.1153564453125,52500.0,1288.0,1298.4,1227.7333333333331,1138.025,29.677419354838705,1263.58,10.799999999999956,3.590000000000145,0.0430292598967296,1357.0,1220.0,1209.0,1208.0,51100.0
2024-02-29,1213.0,1213.0,1181.0,1189.0,1129.270751953125,42600.0,1279.6,1291.2,1229.36,1138.45,23.69942196531791,1263.08,10.093333333333248,2.9550000000001546,0.0232358003442341,1357.0,1240.0,1212.0,1210.0,52500.0
2024-03-01,1192.0,1199.0,1173.0,1177.0,1117.8736572265625,36700.0,1270.6,1283.8,1230.8266666666666,1138.695,5.26315789473685,1262.8,9.146666666666531,2.269999999999982,0.0129087779690189,1357.0,1213.0,1189.0,1213.0,42600.0
2024-03-02,1192.0,1199.0,1173.0,1177.0,1117.8736572265625,36700.0,1261.6,1278.76,1232.0266666666666,1138.75,5.26315789473685,1262.34,8.399999999999864,1.7899999999999636,0.0129087779690189,1357.0,1199.0,1177.0,1192.0,36700.0
2024-03-03,1192.0,1199.0,1173.0,1177.0,1117.8736572265625,36700.0,1252.6,1272.88,1233.1733333333334,1138.97,5.26315789473685,1261.88,7.373333333333448,1.485000000000127,0.0129087779690189,1334.0,1199.0,1177.0,1192.0,36700.0
2024-03-04,1178.0,1197.0,1156.0,1163.0,1104.5767822265625,62200.0,1244.05,1265.72,1233.746666666667,1139.225,5.228758169934636,1261.14,6.013333333333321,1.199999999999818,-0.0620967741935484,1313.0,1199.0,1177.0,1192.0,36700.0
2024-03-05,1163.0,1190.0,1152.0,1180.0,1120.7227783203125,36600.0,1239.3,1258.64,1234.0933333333332,1139.515,12.121212121212125,1259.84,4.7333333333333485,1.0650000000000546,-0.0335790335790335,1313.0,1197.0,1163.0,1178.0,62200.0
2024-03-06,1174.0,1199.0,1172.0,1195.0,1134.96923828125,34300.0,1235.05,1252.16,1234.9733333333334,1139.88,25.36231884057972,1258.84,4.146666666666761,1.1850000000001728,-0.0212940212940212,1313.0,1190.0,1180.0,1163.0,36600.0
2024-03-07,1211.0,1224.0,1186.0,1186.0,1126.42138671875,39500.0,1228.7,1245.32,1235.7333333333331,1140.2,25.925925925925924,1258.06,3.706666666666706,1.4500000000000457,-0.0286650286650286,1313.0,1199.0,1195.0,1174.0,34300.0
2024-03-08,1190.0,1202.0,1172.0,1186.0,1126.42138671875,27600.0,1222.35,1238.48,1236.493333333333,1140.515,25.925925925925924,1257.4,3.3199999999999363,1.5450000000000728,-0.0286650286650286,1313.0,1224.0,1186.0,1211.0,39500.0
2024-03-09,1190.0,1202.0,1172.0,1186.0,1126.42138671875,27600.0,1216.0,1232.56,1237.1066666666666,1140.9,25.925925925925924,1256.28,3.3599999999999,1.675000000000182,-0.0458567980691874,1305.0,1202.0,1186.0,1190.0,27600.0
2024-03-10,1190.0,1202.0,1172.0,1186.0,1126.42138671875,27600.0,1210.3,1229.0,1237.68,1141.255,25.925925925925924,1255.16,3.586666666666815,1.740000000000009,-0.0230642504118616,1305.0,1202.0,1186.0,1190.0,27600.0
2024-03-11,1180.0,1196.0,1141.0,1153.0,1095.0791015625,61100.0,1202.7,1223.92,1237.84,1141.59,27.34375,1253.38,2.866666666666561,1.709999999999809,-0.031905961376994,1263.0,1202.0,1186.0,1190.0,27600.0
2024-03-12,1142.0,1143.0,1117.0,1128.0,1071.335205078125,65400.0,1195.95,1216.52,1237.3466666666666,1141.785,23.178807947019862,1251.16,1.6133333333332305,1.5850000000000364,-0.06,1251.0,1196.0,1153.0,1180.0,61100.0
2024-03-13,1133.0,1133.0,1095.0,1095.0,1039.992919921875,57900.0,1188.15,1207.8,1236.4533333333334,1141.815,17.67955801104972,1248.4,-0.0399999999999636,1.2999999999999543,-0.0875,1251.0,1143.0,1128.0,1142.0,65400.0
2024-03-14,1090.0,1129.0,1090.0,1119.0,1062.787109375,20800.0,1181.55,1200.04,1235.88,1141.965,30.769230769230774,1246.18,-1.2266666666664603,1.0649999999998272,-0.0675,1251.0,1133.0,1095.0,1133.0,57900.0
2024-03-15,1128.0,1129.0,1101.0,1125.0,1068.4857177734375,26100.0,1175.25,1193.04,1235.3866666666668,1142.145,35.22727272727272,1244.14,-2.293333333333294,0.8899999999998727,-0.0963855421686746,1251.0,1129.0,1119.0,1090.0,20800.0
2024-03-16,1128.0,1129.0,1101.0,1125.0,1068.4857177734375,26100.0,1168.95,1185.84,1234.8933333333334,1142.145,35.22727272727272,1242.8,-2.946666666666488,0.5550000000000637,-0.0963855421686746,1212.0,1129.0,1125.0,1128.0,26100.0
2024-03-17,1128.0,1129.0,1101.0,1125.0,1068.4857177734375,26100.0,1164.65,1180.32,1234.4,1141.955,35.22727272727272,1241.46,-2.946666666666488,0.1699999999998453,-0.0816326530612244,1212.0,1129.0,1125.0,1128.0,26100.0
2024-03-18,1125.0,1142.0,1115.0,1134.0,1077.0335693359375,25100.0,1160.9,1175.64,1234.0266666666666,1141.845,41.52046783625731,1240.3,-2.4266666666667334,0.0299999999999727,-0.0697292863002461,1212.0,1129.0,1125.0,1128.0,26100.0
2024-03-19,1130.0,1163.0,1127.0,1161.0,1102.6773681640625,42100.0,1158.35,1172.04,1232.9733333333334,1141.855,44.751381215469614,1239.66,-2.906666666666752,-0.1099999999998999,-0.0652173913043477,1195.0,1142.0,1134.0,1125.0,25100.0
2024-03-20,1130.0,1163.0,1127.0,1161.0,1102.6773681640625,42100.0,1156.95,1168.44,1232.1733333333334,1141.865,39.75903614457832,1238.98,-3.2133333333333667,-0.2799999999999727,-0.0652173913043477,1195.0,1163.0,1161.0,1130.0,42100.0
2024-03-21,1171.0,1171.0,1153.0,1161.0,1102.6773681640625,27300.0,1156.15,1164.84,1231.3733333333332,1141.875,42.038216560509554,1238.26,-3.520000000000209,-0.2699999999999818,-0.0652173913043477,1195.0,1163.0,1161.0,1130.0,42100.0
2024-03-22,1171.0,1187.0,1155.0,1174.0,1115.0242919921875,52800.0,1156.0,1163.36,1230.746666666667,1141.84,46.47058823529412,1237.22,-3.653333333333421,-0.1150000000000091,-0.0524616626311541,1195.0,1171.0,1161.0,1171.0,27300.0
2024-03-23,1171.0,1187.0,1155.0,1174.0,1115.0242919921875,52800.0,1155.85,1161.96,1230.12,1141.7,46.47058823529412,1233.32,-3.906666666666752,-0.1449999999999818,-0.0478507704785077,1195.0,1187.0,1174.0,1171.0,52800.0
2024-03-24,1171.0,1187.0,1155.0,1174.0,1115.0242919921875,52800.0,1156.4,1160.44,1229.2,1141.645,46.47058823529412,1229.42,-3.773333333333312,-0.2100000000000363,-0.0455284552845528,1195.0,1187.0,1174.0,1171.0,52800.0
2024-03-25,1174.0,1193.0,1165.0,1174.0,1115.0242919921875,49800.0,1156.1,1159.84,1228.6666666666667,1141.66,57.66423357664233,1225.52,-3.5066666666666606,-0.2049999999999272,-0.0431947840260799,1195.0,1187.0,1174.0,1171.0,52800.0
2024-03-26,1175.0,1236.0,1175.0,1232.0,1170.1107177734375,117300.0,1157.95,1162.04,1229.2133333333334,1141.99,80.58823529411765,1222.92,-2.1599999999998545,0.1150000000000091,0.0335570469798658,1232.0,1193.0,1174.0,1174.0,49800.0
2024-03-27,1231.0,1235.0,1205.0,1215.0,1153.964599609375,56500.0,1159.4,1163.56,1229.4133333333334,1142.235,88.96103896103897,1221.16,-1.3333333333332575,0.3949999999999818,0.0192953020134227,1232.0,1236.0,1232.0,1175.0,117300.0
2024-03-28,1231.0,1285.0,1230.0,1260.0,1209.646728515625,104200.0,1163.1,1166.88,1230.2133333333334,1142.705,90.28571428571428,1219.88,0.0933333333334758,1.0049999999998818,0.0570469798657717,1260.0,1235.0,1215.0,1231.0,56500.0
2024-03-29,1300.0,1314.0,1273.0,1290.0,1238.4478759765625,73800.0,1168.3,1171.96,1231.4133333333334,1143.33,91.4572864321608,1218.84,2.2133333333333667,1.6849999999999454,0.0813076278290025,1290.0,1285.0,1260.0,1231.0,104200.0
2024-03-30,1300.0,1314.0,1273.0,1290.0,1238.4478759765625,73800.0,1173.5,1176.36,1232.013333333333,1143.925,91.4572864321608,1217.5,3.3466666666665787,2.2649999999998727,0.0794979079497908,1290.0,1314.0,1290.0,1300.0,73800.0
2024-03-31,1300.0,1314.0,1273.0,1290.0,1238.4478759765625,73800.0,1180.35,1180.16,1232.6133333333332,1144.515,91.4572864321608,1216.16,3.399999999999864,2.525000000000091,0.0776942355889724,1290.0,1314.0,1290.0,1300.0,73800.0
2024-04-01,1280.0,1290.0,1226.0,1245.0,1195.2462158203125,58600.0,1186.2,1182.52,1232.88,1144.905,73.61702127659575,1213.92,3.466666666666697,2.6700000000000728,0.0154975530179446,1290.0,1314.0,1290.0,1300.0,73800.0
2024-04-02,1234.0,1263.0,1224.0,1239.0,1189.486083984375,32000.0,1193.4,1184.64,1233.1466666666668,1145.405,68.22429906542057,1211.56,2.933333333333394,2.700000000000045,-0.0949598246895544,1290.0,1290.0,1245.0,1280.0,58600.0
2024-04-03,1220.0,1249.0,1213.0,1226.0,1177.00537109375,25400.0,1198.75,1186.24,1232.9333333333334,1145.84,64.31718061674009,1209.4,1.5199999999999818,2.509999999999991,-0.1044558071585098,1290.0,1263.0,1239.0,1234.0,32000.0
2024-04-04,1240.0,1266.0,1221.0,1253.0,1202.926513671875,44300.0,1205.15,1188.92,1233.08,1146.41,68.11023622047244,1208.96,1.066666666666606,2.485000000000128,-0.0847333820306793,1290.0,1249.0,1226.0,1220.0,25400.0
2024-04-05,1244.0,1303.0,1244.0,1303.0,1250.9283447265625,61200.0,1214.05,1194.92,1233.8933333333334,1147.23,72.16494845360825,1209.42,1.2800000000002,2.714999999999918,-0.0433186490455212,1303.0,1266.0,1253.0,1240.0,44300.0
2024-04-06,1244.0,1303.0,1244.0,1303.0,1250.9283447265625,61200.0,1222.95,1201.92,1234.746666666667,1147.98,72.16494845360825,1209.22,1.8666666666665608,3.075000000000045,0.0,1303.0,1303.0,1303.0,1244.0,61200.0
2024-04-07,1244.0,1303.0,1244.0,1303.0,1250.9283447265625,61200.0,1231.4,1210.24,1235.68,1148.885,72.16494845360825,1209.02,2.533333333333303,3.480000000000018,-0.0158610271903323,1303.0,1303.0,1303.0,1244.0,61200.0
2024-04-08,1306.0,1315.0,1270.0,1272.0,1221.167236328125,25700.0,1236.95,1216.36,1236.24,1149.695,65.21739130434783,1208.2,3.306666666666615,3.855000000000018,-0.052160953800298,1303.0,1303.0,1303.0,1244.0,61200.0
2024-04-09,1302.0,1302.0,1258.0,1258.0,1207.7266845703125,15100.0,1241.8,1221.68,1236.6533333333334,1150.36,54.67625899280576,1207.36,3.573333333333494,3.949999999999818,-0.0729550478997789,1303.0,1315.0,1272.0,1306.0,25700.0
2024-04-10,1258.0,1277.0,1240.0,1240.0,1190.4459228515625,20900.0,1245.75,1226.28,1237.2933333333333,1150.935,54.48028673835125,1206.06,3.399999999999864,3.7049999999999272,-0.086219602063375,1303.0,1302.0,1258.0,1302.0,15100.0
2024-04-11,1231.0,1248.0,1223.0,1248.0,1198.126220703125,19300.0,1249.45,1231.2,1238.04,1151.55,47.52066115702479,1205.76,3.293333333333294,3.5699999999999363,-0.0803242446573323,1303.0,1277.0,1240.0,1258.0,20900.0
2024-04-12,1248.0,1276.0,1238.0,1263.0,1212.52685546875,19900.0,1253.9,1236.36,1238.986666666667,1152.04,44.05286343612335,1206.0,3.306666666666615,3.1549999999999727,-0.0692704495210022,1303.0,1248.0,1248.0,1231.0,19300.0
2024-04-13,1248.0,1276.0,1238.0,1263.0,1212.52685546875,19900.0,1258.35,1240.44,1239.92,1152.55,44.05286343612335,1206.24,3.680000000000064,2.855000000000018,-0.053223388305847,1303.0,1276.0,1263.0,1248.0,19900.0
2024-04-14,1248.0,1276.0,1238.0,1263.0,1212.52685546875,19900.0,1262.8,1244.52,1240.8266666666666,1153.065,44.05286343612335,1206.48,4.173333333333176,2.7050000000001546,-0.0094117647058823,1303.0,1276.0,1263.0,1248.0,19900.0
2024-04-15,1272.0,1288.0,1260.0,1269.0,1218.287109375,30400.0,1264.65,1248.84,1241.7866666666666,1153.445,56.38297872340426,1206.84,4.493333333333339,2.509999999999991,-0.0085937499999999,1303.0,1276.0,1263.0,1248.0,19900.0
2024-04-16,1263.0,1263.0,1215.0,1229.0,1179.8856201171875,37800.0,1265.35,1251.04,1241.8266666666666,1153.75,47.74774774774775,1207.2,3.786666666666633,2.200000000000045,-0.0639756283320639,1303.0,1288.0,1269.0,1272.0,30400.0
2024-04-17,1223.0,1231.0,1176.0,1180.0,1132.84375,38700.0,1261.35,1251.28,1239.3066666666666,1153.81,41.08527131782945,1206.62,0.3199999999999363,1.7699999999999818,-0.1012947448591012,1303.0,1263.0,1229.0,1263.0,37800.0
2024-04-18,1171.0,1176.0,1138.0,1143.0,1097.322509765625,47800.0,1254.0,1250.04,1236.2933333333333,1153.685,29.47761194029852,1205.24,-3.626666666666779,1.134999999999991,-0.1294744859101294,1303.0,1231.0,1180.0,1223.0,38700.0
2024-04-19,1141.0,1141.0,1093.0,1111.0,1066.6011962890625,59100.0,1245.05,1247.52,1232.8533333333332,1153.55,11.599999999999994,1203.68,-7.973333333333358,0.4849999999998999,-0.1453846153846153,1303.0,1176.0,1143.0,1171.0,47800.0
2024-04-20,1141.0,1141.0,1093.0,1111.0,1066.6011962890625,59100.0,1236.1,1242.68,1229.506666666667,1153.515,11.599999999999994,1202.36,-12.279999999999973,0.0700000000001637,-0.1486590038314176,1303.0,1141.0,1111.0,1141.0,59100.0
2024-04-21,1141.0,1141.0,1093.0,1111.0,1066.6011962890625,59100.0,1229.4,1238.52,1226.9466666666667,1153.765,11.599999999999994,1201.04,-14.879999999999882,0.0150000000001,-0.1203483768804434,1303.0,1141.0,1111.0,1141.0,59100.0
2024-04-22,1122.0,1144.0,1114.0,1144.0,1098.282470703125,24900.0,1224.65,1233.88,1224.5466666666666,1154.065,24.603174603174608,1200.38,-14.759999999999993,0.2550000000001091,-0.0855315747402077,1303.0,1141.0,1111.0,1141.0,59100.0
2024-04-23,1174.0,1176.0,1151.0,1161.0,1114.6031494140625,18300.0,1221.4,1228.72,1222.1333333333334,1154.345,30.98039215686275,1200.34,-14.159999999999854,0.6600000000000819,-0.0719424460431654,1303.0,1144.0,1144.0,1122.0,24900.0
2024-04-24,1176.0,1176.0,1153.0,1164.0,1117.483154296875,10700.0,1216.95,1223.68,1219.56,1154.64,34.16666666666666,1200.02,-13.293333333333294,1.0900000000001455,-0.0695443645083933,1303.0,1176.0,1161.0,1174.0,18300.0
2024-04-25,1153.0,1158.0,1138.0,1143.0,1097.322509765625,16300.0,1208.95,1217.8,1216.7066666666667,1154.83,29.2490118577075,1198.98,-12.799999999999956,1.3149999999998272,-0.0863309352517985,1303.0,1176.0,1164.0,1176.0,10700.0
2024-04-26,1137.0,1142.0,1120.0,1129.0,1083.8819580078125,32800.0,1200.25,1213.16,1213.6666666666667,1154.95,23.41269841269842,1197.84,-13.279999999999973,1.1849999999999454,-0.0677126341866226,1303.0,1158.0,1143.0,1153.0,16300.0
2024-04-27,1137.0,1142.0,1120.0,1129.0,1083.8819580078125,32800.0,1191.55,1208.76,1210.6266666666668,1155.03,23.41269841269842,1196.7,-13.919999999999844,0.964999999999918,-0.0661703887510338,1272.0,1142.0,1129.0,1137.0,32800.0
2024-04-28,1137.0,1142.0,1120.0,1129.0,1083.8819580078125,32800.0,1184.4,1204.88,1207.8933333333334,1155.225,23.41269841269842,1195.56,-14.240000000000007,0.8799999999998818,-0.0684818481848185,1269.0,1142.0,1129.0,1137.0,32800.0
2024-04-29,1137.0,1142.0,1120.0,1129.0,1083.8819580078125,32800.0,1177.95,1199.92,1205.9466666666667,1155.445,21.54471544715448,1194.42,-13.61333333333323,0.8049999999998363,-0.0504625735912531,1269.0,1142.0,1129.0,1137.0,32800.0
2024-04-30,1159.0,1160.0,1140.0,1145.0,1099.2425537109375,25700.0,1173.2,1193.6,1204.1466666666668,1155.805,31.08108108108108,1194.26,-12.559999999999944,0.9750000000001364,-0.0271877655055224,1269.0,1142.0,1129.0,1137.0,32800.0
2024-05-01,1162.0,1176.0,1129.0,1135.0,1089.6422119140625,29600.0,1167.55,1186.88,1201.7733333333333,1156.115,37.70491803278689,1194.4,-11.89333333333343,1.1649999999999636,-0.0356839422259983,1269.0,1160.0,1145.0,1159.0,25700.0
2024-05-02,1129.0,1129.0,1086.0,1096.0,1052.20068359375,54200.0,1159.2,1178.6,1198.88,1156.23,37.2972972972973,1194.42,-11.74666666666667,1.2000000000000457,-0.0688190314358538,1269.0,1176.0,1135.0,1162.0,29600.0
2024-05-03,1129.0,1129.0,1086.0,1096.0,1052.20068359375,54200.0,1150.85,1171.56,1195.986666666667,1156.54,45.09803921568628,1193.96,-11.906666666666752,1.3150000000000546,-0.0576096302665519,1269.0,1129.0,1096.0,1129.0,54200.0
2024-05-04,1129.0,1129.0,1086.0,1096.0,1052.20068359375,54200.0,1142.5,1165.08,1193.2666666666669,1156.815,45.09803921568628,1193.38,-12.680000000000064,1.3700000000001182,-0.071186440677966,1269.0,1129.0,1096.0,1129.0,54200.0
2024-05-05,1129.0,1129.0,1086.0,1096.0,1052.20068359375,54200.0,1133.85,1159.32,1190.48,1157.03,45.09803921568628,1192.8,-13.666666666666742,1.224999999999909,-0.0828451882845188,1229.0,1129.0,1096.0,1129.0,54200.0
2024-05-06,1129.0,1129.0,1086.0,1096.0,1052.20068359375,54200.0,1127.2,1153.24,1188.253333333333,1157.305,30.0,1192.22,-13.519999999999982,1.1900000000000546,-0.0758853288364249,1180.0,1129.0,1096.0,1129.0,54200.0
2024-05-07,1110.0,1125.0,1100.0,1120.0,1075.241455078125,34200.0,1124.2,1147.52,1186.506666666667,1157.75,33.85826771653544,1191.94,-12.373333333333449,1.5199999999999818,-0.0556492411467116,1164.0,1129.0,1096.0,1129.0,54200.0
2024-05-08,1135.0,1150.0,1123.0,1130.0,1084.842041015625,25900.0,1123.55,1142.2,1184.8933333333334,1158.245,37.3134328358209,1191.32,-11.093333333333248,1.7049999999999272,-0.0472175379426643,1164.0,1125.0,1120.0,1110.0,34200.0
2024-05-09,1134.0,1135.0,1090.0,1112.0,1067.561279296875,45900.0,1123.6,1136.16,1183.04,1158.65,38.16793893129771,1190.34,-10.226666666666688,1.8350000000000364,-0.0623946037099494,1164.0,1150.0,1130.0,1135.0,25900.0
2024-05-10,1030.0,1054.0,1012.0,1012.0,971.5575561523438,151800.0,1118.65,1125.88,1179.8533333333332,1158.71,23.04147465437788,1187.36,-10.62666666666678,1.6800000000000637,-0.1222896790980052,1164.0,1135.0,1112.0,1134.0,45900.0
2024-05-11,1030.0,1054.0,1012.0,1012.0,971.5575561523438,151800.0,1113.7,1117.2,1177.2,1158.68,23.04147465437788,1184.12,-11.053333333333285,1.375,-0.1028368794326241,1164.0,1054.0,1012.0,1030.0,151800.0
2024-05-12,1030.0,1054.0,1012.0,1012.0,971.5575561523438,151800.0,1107.1,1110.48,1174.5733333333333,1158.68,23.04147465437788,1180.88,-11.933333333333394,0.9300000000000636,-0.0757990867579908,1164.0,1054.0,1012.0,1030.0,151800.0
2024-05-13,1011.0,1039.0,989.0,994.0,954.27685546875,91600.0,1098.75,1104.52,1171.6666666666667,1158.655,21.276595744680847,1177.28,-13.226666666666688,0.4100000000000818,-0.1117068811438785,1164.0,1054.0,1012.0,1030.0,151800.0
2024-05-14,1010.0,1040.0,1008.0,1039.0,997.4786376953124,50200.0,1092.5,1101.64,1169.6666666666667,1158.775,29.924242424242426,1174.58,-13.37333333333322,0.125,-0.0764444444444444,1145.0,1039.0,994.0,1011.0,91600.0
2024-05-15,1039.0,1039.0,1019.0,1035.0,993.638427734375,28400.0,1087.1,1098.6,1167.7733333333333,1158.875,30.62015503875969,1170.64,-12.079999999999927,0.1649999999999636,-0.0799999999999999,1145.0,1040.0,1039.0,1010.0,50200.0
2024-05-16,1020.0,1028.0,996.0,1017.0,976.3577880859376,36500.0,1081.5,1094.84,1165.64,1158.885,33.33333333333333,1166.68,-11.559999999999944,0.2049999999999272,-0.0959999999999999,1145.0,1039.0,1035.0,1039.0,28400.0
2024-05-17,1016.0,1025.0,1011.0,1011.0,970.5975341796876,12500.0,1075.6,1089.52,1163.4266666666667,1159.075,32.510288065843625,1161.7,-11.146666666666531,0.3949999999999818,-0.1084656084656084,1145.0,1028.0,1017.0,1020.0,36500.0
2024-05-18,1016.0,1025.0,1011.0,1011.0,970.5975341796876,12500.0,1069.7,1083.52,1161.4,1159.125,32.510288065843625,1156.12,-10.266666666666652,0.4700000000000273,-0.1291989664082687,1145.0,1025.0,1011.0,1016.0,12500.0
2024-05-19,1016.0,1025.0,1011.0,1011.0,970.5975341796876,12500.0,1063.8,1077.4,1159.1466666666668,1159.135,32.510288065843625,1150.54,-10.519999999999982,0.3599999999998999,-0.1291989664082687,1145.0,1025.0,1011.0,1016.0,12500.0
2024-05-20,1011.0,1018.0,1005.0,1005.0,964.8372192382812,14100.0,1056.8,1071.88,1156.6133333333332,1159.115,31.72690763052209,1144.84,-11.160000000000082,0.2400000000000091,-0.1343669250645994,1135.0,1025.0,1011.0,1016.0,12500.0
2024-05-21,1006.0,1010.0,996.0,1007.0,966.7573852539062,20700.0,1050.4,1067.0,1154.2266666666667,1159.105,25.110132158590304,1140.08,-11.413333333333412,0.2200000000000272,-0.1422487223168654,1130.0,1018.0,1005.0,1011.0,14100.0
2024-05-22,1007.0,1010.0,999.0,1005.0,964.8372192382812,13600.0,1045.85,1062.04,1151.8133333333333,1159.085,21.46118721461187,1135.4,-11.613333333333458,0.0099999999999909,-0.1439522998296422,1130.0,1010.0,1007.0,1006.0,20700.0
2024-05-23,1005.0,1006.0,987.0,994.0,954.27685546875,35400.0,1040.75,1056.64,1149.253333333333,1159.01,22.16981132075472,1130.76,-12.14666666666676,-0.1150000000000091,-0.1533219761499148,1130.0,1010.0,1005.0,1007.0,13600.0
2024-05-24,985.0,998.0,984.0,990.0,950.4367065429688,21500.0,1035.45,1051.08,1146.64,1158.76,40.51724137931034,1125.5,-12.50666666666666,-0.375,-0.1567291311754685,1130.0,1006.0,994.0,1005.0,35400.0
2024-05-25,985.0,998.0,984.0,990.0,950.4367065429688,21500.0,1030.15,1044.88,1144.4666666666667,1158.46,40.51724137931034,1119.24,-12.146666666666531,-0.6549999999999727,-0.1964285714285714,1130.0,998.0,990.0,985.0,21500.0
2024-05-26,985.0,998.0,984.0,990.0,950.4367065429688,21500.0,1024.85,1039.08,1142.6266666666668,1157.95,40.51724137931034,1112.98,-11.599999999999907,-1.1549999999999727,-0.1851851851851852,1130.0,998.0,990.0,985.0,21500.0
2024-05-27,986.0,990.0,975.0,987.0,947.556640625,32900.0,1018.2,1034.72,1141.1866666666667,1157.51,46.53465346534653,1106.66,-10.626666666666551,-1.5750000000000457,-0.2166666666666666,1130.0,998.0,990.0,985.0,21500.0
2024-05-28,982.0,999.0,982.0,985.0,945.6365356445312,22600.0,1010.95,1030.28,1139.4,1157.175,3.448275862068968,1100.92,-9.85333333333324,-1.8350000000000364,-0.2364341085271317,1112.0,990.0,987.0,986.0,32900.0
2024-05-29,997.0,1013.0,987.0,992.0,952.3568115234376,34000.0,1004.95,1026.12,1137.6266666666668,1156.875,14.754098360655746,1095.6,-9.01333333333332,-1.884999999999991,-0.2310077519379845,1039.0,999.0,985.0,982.0,22600.0
2024-05-30,993.0,1014.0,991.0,1001.0,960.9971313476562,30600.0,1004.4,1022.32,1135.9733333333334,1156.62,34.61538461538463,1090.82,-8.49333333333334,-1.8400000000001453,-0.2240310077519379,1039.0,1013.0,992.0,997.0,34000.0
2024-05-31,1012.0,1031.0,1011.0,1021.0,980.1978759765624,30200.0,1004.85,1019.32,1134.5866666666666,1156.745,57.57575757575758,1086.28,-8.040000000000191,-1.2050000000001546,-0.1799196787148594,1039.0,1014.0,1001.0,993.0,30600.0
2024-06-01,1012.0,1031.0,1011.0,1021.0,980.1978759765624,30200.0,1005.3,1015.36,1133.08,1156.94,57.57575757575758,1081.44,-8.106666666666797,-0.5699999999999363,-0.1759483454398708,1039.0,1031.0,1021.0,1012.0,30200.0
2024-06-02,1012.0,1031.0,1011.0,1021.0,980.1978759765624,30200.0,1006.65,1011.0,1131.2133333333334,1157.085,57.57575757575758,1076.6,-8.186666666666724,-0.0899999999999181,-0.16721044045677,1039.0,1031.0,1021.0,1012.0,30200.0
2024-06-03,1034.0,1034.0,1017.0,1034.0,992.6784057617188,23400.0,1006.4,1007.88,1129.52,1157.415,69.86301369863014,1072.02,-8.106666666666797,0.5399999999999636,-0.174780526735834,1035.0,1031.0,1021.0,1012.0,30200.0
2024-06-04,1035.0,1055.0,1032.0,1032.0,990.75830078125,34100.0,1006.25,1008.68,1127.8,1157.7,67.12328767123287,1067.28,-8.173333333333403,1.0800000000001546,-0.2079815809669992,1034.0,1034.0,1034.0,1034.0,23400.0
2024-06-05,1045.0,1045.0,1023.0,1028.0,986.9181518554688,10600.0,1006.8,1009.32,1125.8533333333332,1157.965,65.33333333333334,1063.26,-8.733333333333348,1.2200000000000273,-0.2110514198004605,1034.0,1055.0,1032.0,1035.0,34100.0
2024-06-06,1027.0,1050.0,1027.0,1040.0,998.4385375976562,23200.0,1008.25,1010.44,1124.0666666666666,1158.29,80.26315789473685,1060.46,-9.01333333333332,1.349999999999909,-0.2018419033000767,1040.0,1045.0,1028.0,1045.0,10600.0
2024-06-07,1048.0,1058.0,1043.0,1052.0,1009.9591064453124,18800.0,1010.3,1012.76,1122.44,1158.44,86.9047619047619,1058.64,-8.773333333333312,1.3550000000000182,-0.1729559748427672,1052.0,1050.0,1040.0,1027.0,23200.0
2024-06-08,1048.0,1058.0,1043.0,1052.0,1009.9591064453124,18800.0,1012.35,1013.28,1120.8133333333333,1158.585,86.9047619047619,1057.46,-8.706666666666706,1.1700000000000728,-0.163751987281399,1052.0,1058.0,1052.0,1048.0,18800.0
2024-06-09,1048.0,1058.0,1043.0,1052.0,1009.9591064453124,18800.0,1014.7,1013.96,1118.4133333333334,1158.705,86.9047619047619,1056.28,-9.386666666666542,1.0049999999998818,-0.1516129032258064,1052.0,1058.0,1052.0,1048.0,18800.0
2024-06-10,1055.0,1071.0,1050.0,1052.0,1009.9591064453124,25600.0,1016.95,1015.36,1116.24,1158.825,90.12345679012346,1055.1,-9.61333333333323,0.8600000000001273,-0.157051282051282,1052.0,1058.0,1052.0,1048.0,18800.0
2024-06-11,1045.0,1045.0,985.0,1033.0,991.7183227539062,95600.0,1018.35,1016.24,1113.2133333333334,1158.735,74.48979591836735,1052.88,-10.85333333333324,0.4449999999999363,-0.1821060965954077,1052.0,1071.0,1052.0,1055.0,25600.0
2024-06-12,1040.0,1064.0,1033.0,1037.0,995.5585327148438,17200.0,1020.5,1017.28,1109.84,1158.665,73.68421052631578,1050.4,-12.600000000000136,0.224999999999909,-0.1789390340459223,1052.0,1045.0,1033.0,1045.0,95600.0
2024-06-13,1047.0,1047.0,1011.0,1011.0,970.5975341796876,22700.0,1021.55,1017.28,1106.12,1158.465,54.46428571428572,1047.34,-14.693333333333385,-0.1200000000001182,-0.1995249406175772,1052.0,1064.0,1037.0,1040.0,17200.0
2024-06-14,1020.0,1041.0,1015.0,1032.0,990.75830078125,15800.0,1023.65,1018.36,1102.68,1158.34,54.86725663716815,1045.12,-15.733333333333348,-0.3650000000000091,-0.1867612293144208,1052.0,1047.0,1011.0,1047.0,22700.0
2024-06-15,1020.0,1041.0,1015.0,1032.0,990.75830078125,15800.0,1025.75,1019.36,1099.84,1158.12,54.86725663716815,1043.18,-16.40000000000009,-0.7050000000001546,-0.1602929210740439,1052.0,1041.0,1032.0,1020.0,15800.0
2024-06-16,1020.0,1041.0,1015.0,1032.0,990.75830078125,15800.0,1028.0,1020.44,1097.08,1157.93,54.86725663716815,1041.24,-16.13333333333344,-0.8049999999998363,-0.1254237288135593,1052.0,1041.0,1032.0,1020.0,15800.0
2024-06-17,1033.0,1059.0,1033.0,1047.0,1005.1588745117188,20700.0,1031.1,1022.56,1094.6933333333334,1157.745,55.65217391304348,1039.6,-15.146666666666531,-0.9200000000000728,-0.0839895013123359,1052.0,1041.0,1032.0,1020.0,15800.0
2024-06-18,1053.0,1060.0,1044.0,1048.0,1006.1189575195312,12800.0,1033.9,1024.88,1091.96,1157.605,57.01754385964913,1037.98,-14.159999999999854,-0.8599999999999,-0.0567056705670566,1052.0,1059.0,1047.0,1033.0,20700.0
2024-06-19,1058.0,1062.0,1048.0,1053.0,1010.919189453125,13800.0,1036.5,1027.4,1088.6266666666668,1157.49,60.869565217391305,1036.14,-14.053333333333285,-0.849999999999909,-0.0522052205220522,1053.0,1060.0,1048.0,1053.0,12800.0
2024-06-20,1074.0,1100.0,1073.0,1100.0,1056.0408935546875,37800.0,1040.45,1031.8,1085.92,1157.61,70.0,1035.44,-13.919999999999844,-0.5099999999999909,-0.0099009900990099,1100.0,1062.0,1053.0,1058.0,13800.0
2024-06-21,1100.0,1118.0,1100.0,1116.0,1071.4014892578125,25300.0,1045.2,1036.96,1083.4266666666667,1157.83,70.77922077922078,1035.84,-13.653333333333194,-0.1000000000001364,-0.0244755244755244,1116.0,1100.0,1100.0,1074.0,37800.0
2024-06-22,1100.0,1118.0,1100.0,1116.0,1071.4014892578125,25300.0,1049.95,1042.2,1081.3466666666666,1158.175,70.77922077922078,1036.24,-13.346666666666806,0.4300000000000636,-0.0387596899224805,1116.0,1118.0,1116.0,1100.0,25300.0
2024-06-23,1100.0,1118.0,1100.0,1116.0,1071.4014892578125,25300.0,1054.05,1047.16,1079.4533333333334,1158.46,70.77922077922078,1036.64,-12.50666666666666,0.8550000000000182,-0.0412371134020618,1116.0,1118.0,1116.0,1100.0,25300.0
2024-06-24,1144.0,1144.0,1087.0,1106.0,1061.801025390625,40300.0,1057.75,1051.36,1077.6666666666667,1158.78,66.46341463414635,1036.84,-10.960000000000036,1.2899999999999636,-0.0323709536307961,1116.0,1118.0,1116.0,1100.0,25300.0
2024-06-25,1128.0,1148.0,1109.0,1135.0,1089.6422119140625,34500.0,1063.1,1055.92,1076.16,1159.25,79.3103448275862,1037.62,-9.759999999999993,1.6400000000001,0.0053144375553586,1135.0,1144.0,1106.0,1144.0,40300.0
2024-06-26,1136.0,1136.0,1110.0,1114.0,1069.4814453125,16000.0,1066.8,1059.64,1074.1733333333334,1159.615,70.15706806282722,1037.5,-9.25333333333333,1.785000000000082,-0.0132860938883968,1135.0,1148.0,1135.0,1128.0,34500.0
2024-06-27,1126.0,1158.0,1123.0,1152.0,1105.9627685546875,43900.0,1071.8,1064.88,1072.6933333333334,1160.17,84.72906403940887,1037.94,-8.653333333333194,1.9950000000001185,0.0203720106288751,1152.0,1136.0,1114.0,1136.0,16000.0
2024-06-28,1147.0,1154.0,1121.0,1121.0,1076.20166015625,18900.0,1075.25,1068.36,1070.8,1160.395,70.89201877934272,1038.12,-8.653333333333421,1.9349999999999448,-0.0070859167404783,1152.0,1158.0,1152.0,1126.0,43900.0
2024-06-29,1147.0,1154.0,1121.0,1121.0,1076.20166015625,18900.0,1078.7,1071.92,1068.8266666666666,1160.65,70.89201877934272,1040.3,-8.840000000000146,1.8700000000001185,-0.0209606986899563,1152.0,1154.0,1121.0,1147.0,18900.0
2024-06-30,1147.0,1154.0,1121.0,1121.0,1076.20166015625,18900.0,1082.15,1075.64,1067.3866666666668,1160.93,70.89201877934272,1042.48,-8.773333333333312,1.6800000000000637,-0.0123348017621145,1152.0,1154.0,1121.0,1147.0,18900.0
2024-07-01,1123.0,1126.0,1102.0,1102.0,1057.9608154296875,12400.0,1085.6,1078.12,1066.3466666666666,1161.21,62.67281105990784,1044.28,-7.826666666666824,1.5950000000000273,0.0054744525547445,1152.0,1154.0,1121.0,1147.0,18900.0
2024-07-02,1102.0,1115.0,1084.0,1084.0,1040.6802978515625,17800.0,1087.95,1079.4,1065.56,1161.295,57.692307692307686,1046.08,-7.133333333333439,1.125,-0.010948905109489,1152.0,1126.0,1102.0,1123.0,12400.0
2024-07-03,1084.0,1097.0,1076.0,1079.0,1035.880126953125,15100.0,1091.35,1080.48,1065.1333333333334,1161.355,55.55555555555556,1046.88,-5.666666666666515,0.9600000000000364,-0.0155109489051095,1152.0,1115.0,1084.0,1102.0,17800.0
2024-07-04,1085.0,1117.0,1083.0,1116.0,1071.4014892578125,35700.0,1095.55,1083.04,1065.2,1161.6,53.57142857142857,1048.5,-3.626666666666552,0.949999999999818,0.0182481751824816,1152.0,1097.0,1079.0,1084.0,15100.0
2024-07-05,1135.0,1140.0,1119.0,1127.0,1081.9617919921875,28400.0,1100.3,1086.04,1065.4133333333334,1161.8,52.51141552511416,1050.7,-1.9733333333333576,0.8699999999998909,0.0282846715328466,1152.0,1117.0,1116.0,1085.0,35700.0
2024-07-06,1135.0,1140.0,1119.0,1127.0,1081.9617919921875,28400.0,1105.05,1089.8,1065.1866666666667,1161.98,52.51141552511416,1053.02,-1.1599999999998545,0.7699999999999818,0.00625,1152.0,1140.0,1127.0,1135.0,28400.0
2024-07-07,1135.0,1140.0,1119.0,1127.0,1081.9617919921875,28400.0,1109.05,1093.4,1064.7333333333331,1162.015,52.51141552511416,1055.34,-0.8266666666665969,0.7200000000000273,-0.0026548672566372,1152.0,1140.0,1127.0,1135.0,28400.0
2024-07-08,1130.0,1141.0,1117.0,1117.0,1072.3614501953125,15200.0,1112.5,1097.64,1064.1066666666666,1161.83,52.51141552511416,1057.46,-1.0266666666668698,0.474999999999909,0.0044964028776979,1152.0,1140.0,1127.0,1135.0,28400.0
2024-07-09,1106.0,1119.0,1101.0,1116.0,1071.4014892578125,39400.0,1115.65,1101.0,1063.746666666667,1161.765,45.02617801047121,1059.68,-1.4533333333333758,0.165000000000191,0.1027667984189724,1152.0,1141.0,1117.0,1130.0,15200.0
2024-07-10,1121.0,1123.0,1094.0,1115.0,1070.4415283203125,21800.0,1116.4,1104.32,1063.56,1161.695,50.29239766081872,1061.84,-1.8533333333334667,-0.1050000000000181,0.1017786561264821,1152.0,1119.0,1116.0,1106.0,39400.0
2024-07-11,1112.0,1140.0,1112.0,1132.0,1086.761962890625,14500.0,1117.2,1108.32,1063.6,1161.71,43.33333333333333,1064.38,-1.5866666666668152,-0.2699999999999818,0.1185770750988142,1152.0,1123.0,1115.0,1121.0,21800.0
2024-07-12,1124.0,1150.0,1124.0,1143.0,1097.322509765625,20200.0,1118.55,1112.16,1063.7866666666666,1161.725,58.46153846153846,1067.36,-0.9466666666667152,-0.290000000000191,0.1498993963782695,1152.0,1140.0,1132.0,1112.0,14500.0
2024-07-13,1124.0,1150.0,1124.0,1143.0,1097.322509765625,20200.0,1119.9,1115.96,1063.9733333333334,1161.725,58.46153846153846,1070.42,-0.133333333333212,-0.1050000000000181,0.1000962463907604,1152.0,1150.0,1143.0,1124.0,20200.0
2024-07-14,1124.0,1150.0,1124.0,1143.0,1097.322509765625,20200.0,1121.75,1119.56,1063.9466666666667,1161.735,58.46153846153846,1073.48,0.2000000000000454,-0.0300000000002,0.1043478260869565,1152.0,1150.0,1143.0,1124.0,20200.0
2024-07-15,1124.0,1150.0,1124.0,1143.0,1097.322509765625,20200.0,1122.15,1121.28,1064.0533333333333,1161.625,68.46846846846847,1076.54,0.4933333333333394,-0.0699999999999363,0.1238938053097344,1152.0,1150.0,1143.0,1124.0,20200.0
2024-07-16,1143.0,1147.0,1126.0,1127.0,1081.9617919921875,24300.0,1122.8,1121.72,1064.4666666666667,1161.45,69.72477064220183,1079.34,0.8666666666667879,-0.2599999999999909,0.1147378832838772,1152.0,1150.0,1143.0,1124.0,20200.0
2024-07-17,1130.0,1142.0,1121.0,1121.0,1076.20166015625,11200.0,1121.25,1121.92,1064.8,1161.245,69.0909090909091,1082.06,1.0133333333333212,-0.4800000000000182,0.108803165182987,1143.0,1147.0,1127.0,1143.0,24300.0
2024-07-18,1125.0,1125.0,1103.0,1116.0,1071.4014892578125,11300.0,1121.0,1121.92,1065.0666666666666,1161.015,50.0,1084.54,1.0933333333332484,-0.709999999999809,0.1038575667655785,1143.0,1142.0,1121.0,1130.0,11200.0
2024-07-19,1126.0,1126.0,1097.0,1104.0,1059.8809814453125,10100.0,1120.15,1121.84,1065.1733333333334,1160.725,35.44303797468355,1086.6,1.226666666666688,-1.009999999999991,0.0985074626865671,1143.0,1125.0,1116.0,1125.0,11300.0
2024-07-20,1126.0,1126.0,1097.0,1104.0,1059.8809814453125,10100.0,1119.3,1120.6,1065.28,1160.435,35.44303797468355,1088.26,1.226666666666688,-1.1900000000000546,0.096325719960278,1143.0,1126.0,1104.0,1126.0,10100.0
2024-07-21,1126.0,1126.0,1097.0,1104.0,1059.8809814453125,10100.0,1119.4,1120.2,1065.0666666666666,1160.145,35.44303797468355,1089.92,0.599999999999909,-1.3050000000000637,0.0985074626865671,1143.0,1126.0,1104.0,1126.0,10100.0
2024-07-22,1104.0,1112.0,1060.0,1072.0,1029.1597900390625,33100.0,1118.8,1117.0,1064.2933333333333,1159.305,27.72277227722772,1090.94,-0.5066666666666606,-1.9399999999998272,0.0784708249496981,1143.0,1126.0,1104.0,1126.0,10100.0
2024-07-23,1073.0,1083.0,1051.0,1063.0,1020.5194702148438,12800.0,1118.0,1114.68,1063.64,1158.515,25.68807339449542,1091.52,-1.426666666666506,-2.5,0.0737373737373736,1143.0,1112.0,1072.0,1104.0,33100.0
2024-07-24,1062.0,1072.0,1055.0,1063.0,1020.5194702148438,14600.0,1115.35,1112.36,1064.32,1157.725,25.925925925925924,1092.14,-0.8533333333334667,-3.0,0.0737373737373736,1143.0,1083.0,1063.0,1073.0,12800.0
2024-07-25,1050.0,1068.0,1022.0,1028.0,986.9181518554688,39400.0,1110.4,1108.64,1064.5333333333333,1156.76,8.73015873015872,1092.14,-0.7466666666666697,-3.6749999999999545,0.0383838383838384,1143.0,1072.0,1063.0,1062.0,14600.0
2024-07-26,1035.0,1059.0,1025.0,1041.0,999.3986206054688,24000.0,1106.1,1106.2,1064.92,1155.86,10.15625,1092.16,-0.1466666666665332,-4.285000000000082,0.0547112462006078,1143.0,1068.0,1028.0,1050.0,39400.0
2024-07-27,1035.0,1059.0,1025.0,1041.0,999.3986206054688,24000.0,1101.8,1104.48,1065.5466666666666,1154.85,10.15625,1091.94,1.2533333333333303,-4.455000000000155,0.0568527918781724,1143.0,1059.0,1041.0,1035.0,24000.0
2024-07-28,1035.0,1059.0,1025.0,1041.0,999.3986206054688,24000.0,1098.0,1102.96,1065.5733333333333,1153.985,10.15625,1091.72,1.9333333333331664,-4.5300000000002,0.0493951612903225,1143.0,1059.0,1041.0,1035.0,24000.0
2024-07-29,1066.0,1075.0,1046.0,1060.0,1017.6392822265624,29200.0,1095.2,1100.72,1065.9066666666668,1153.33,21.7687074829932,1091.88,1.5866666666668152,-4.394999999999982,0.0589410589410588,1143.0,1059.0,1041.0,1035.0,24000.0
2024-07-30,1061.0,1070.0,1048.0,1048.0,1006.1189575195312,40700.0,1091.85,1097.56,1066.32,1152.57,22.377622377622373,1091.8,1.786666666666633,-4.190000000000055,0.0264446620959843,1143.0,1075.0,1060.0,1066.0,29200.0
2024-07-31,1059.0,1089.0,1043.0,1089.0,1045.4803466796875,37900.0,1089.7,1096.04,1067.36,1152.015,41.01123595505618,1092.92,2.439999999999827,-3.8449999999998,0.0666013712047013,1143.0,1070.0,1048.0,1061.0,40700.0
2024-08-01,1084.0,1084.0,1034.0,1057.0,1014.7592163085938,51200.0,1085.4,1093.24,1067.9733333333334,1151.3,35.609756097560975,1093.32,2.4266666666667334,-3.5499999999999545,0.0352595494613123,1143.0,1089.0,1089.0,1059.0,37900.0
2024-08-02,907.0,951.0,853.0,910.0,873.6337890625,197300.0,1073.75,1084.96,1066.6266666666668,1149.625,21.47058823529412,1091.3,1.0533333333335122,-4.3599999999999,-0.1199226305609284,1143.0,1084.0,1057.0,1084.0,51200.0
2024-08-03,907.0,951.0,853.0,910.0,873.6337890625,197300.0,1062.1,1076.72,1065.36,1147.95,21.47058823529412,1088.86,-0.5466666666668516,-5.379999999999882,-0.1182170542635658,1143.0,951.0,910.0,907.0,197300.0
2024-08-04,907.0,951.0,853.0,910.0,873.6337890625,197300.0,1050.45,1068.52,1064.0666666666666,1146.375,21.47058823529412,1086.42,-2.2533333333333303,-6.194999999999936,-0.1147859922178988,1127.0,951.0,910.0,907.0,197300.0
2024-08-05,820.0,832.0,760.0,761.0,730.5882568359375,143700.0,1032.15,1053.68,1060.8133333333333,1144.085,15.973741794310726,1081.0,-6.546666666666624,-7.930000000000064,-0.2682692307692308,1121.0,951.0,910.0,907.0,197300.0
2024-08-06,791.0,827.0,756.0,768.0,737.3084716796875,92300.0,1014.5,1038.68,1057.8,1141.715,17.58241758241759,1075.42,-10.173333333333405,-9.585000000000036,-0.2699619771863117,1116.0,832.0,761.0,820.0,143700.0
2024-08-07,783.0,858.0,762.0,815.0,782.4302368164062,60500.0,999.45,1025.56,1055.4666666666667,1139.58,25.29880478087649,1070.76,-11.160000000000082,-10.045000000000073,-0.2252851711026615,1104.0,827.0,768.0,791.0,92300.0
2024-08-08,797.0,833.0,780.0,800.0,768.0297241210938,45900.0,984.25,1011.84,1052.9333333333334,1137.37,26.34854771784232,1065.7,-12.426666666666506,-10.580000000000156,-0.2395437262357415,1104.0,858.0,815.0,783.0,60500.0
2024-08-09,815.0,826.0,799.0,809.0,776.6699829101562,21100.0,969.5,998.48,1050.52,1135.22,25.73221757322176,1059.88,-13.546666666666624,-11.154999999999973,-0.2309885931558934,1104.0,833.0,800.0,797.0,45900.0
2024-08-10,815.0,826.0,799.0,809.0,776.6699829101562,21100.0,954.75,985.76,1048.1466666666668,1133.1,25.73221757322176,1053.74,-12.666666666666517,-10.985000000000127,-0.2168441432720232,1089.0,826.0,809.0,815.0,21100.0
2024-08-11,815.0,826.0,799.0,809.0,776.6699829101562,21100.0,941.6,973.28,1045.8,1130.995,25.73221757322176,1047.6,-12.0,-10.720000000000027,-0.2198649951783992,1089.0,826.0,809.0,815.0,21100.0
2024-08-12,815.0,826.0,799.0,809.0,776.6699829101562,21100.0,928.9,961.0,1043.36,1128.905,22.657952069716785,1041.46,-12.106666666666795,-10.674999999999956,-0.1998021760633036,1089.0,826.0,809.0,815.0,21100.0
2024-08-13,810.0,866.0,810.0,850.0,816.0315551757812,40500.0,918.25,950.84,1041.3466666666666,1127.195,29.71311475409837,1036.34,-11.586666666666815,-10.174999999999956,-0.1763565891472868,1089.0,826.0,809.0,815.0,21100.0
2024-08-14,858.0,871.0,852.0,866.0,831.3921508789062,17200.0,910.15,941.32,1039.28,1125.565,25.917926565874737,1030.96,-11.240000000000007,-9.654999999999973,-0.1608527131782945,1089.0,866.0,850.0,810.0,40500.0
2024-08-15,865.0,880.0,854.0,861.0,826.5919189453125,21300.0,901.15,931.6,1037.1466666666668,1123.91,27.52293577981652,1025.9,-11.0,-9.189999999999827,-0.1656976744186046,1089.0,871.0,866.0,858.0,17200.0
2024-08-16,876.0,883.0,867.0,871.0,836.1923217773438,24700.0,892.65,923.56,1035.1466666666668,1122.3,43.47826086956522,1020.28,-10.653333333333194,-8.694999999999936,-0.1680993314231136,1089.0,880.0,861.0,865.0,21300.0
2024-08-17,876.0,883.0,867.0,871.0,836.1923217773438,24700.0,884.15,915.88,1032.9733333333334,1120.68,43.47826086956522,1015.28,-10.386666666666542,-8.224999999999909,-0.1688931297709923,1089.0,883.0,871.0,876.0,24700.0
2024-08-18,876.0,883.0,867.0,871.0,836.1923217773438,24700.0,874.7,908.2,1030.8266666666666,1119.05,43.47826086956522,1010.28,-10.519999999999982,-8.144999999999982,-0.1728395061728395,1089.0,883.0,871.0,876.0,24700.0
2024-08-19,875.0,885.0,849.0,850.0,816.0315551757812,29100.0,864.8,901.08,1028.4533333333334,1117.17,76.0233918128655,1004.86,-10.826666666666595,-8.394999999999982,-0.2272727272727273,1089.0,883.0,871.0,876.0,24700.0
2024-08-20,865.0,903.0,865.0,901.0,864.993408203125,21800.0,855.4,895.48,1026.6,1114.83,80.93023255813954,1000.84,-10.546666666666852,-9.080000000000156,-0.1926523297491039,1057.0,885.0,850.0,875.0,29100.0
2024-08-21,886.0,908.0,870.0,901.0,864.993408203125,32300.0,847.6,889.88,1024.5866666666666,1112.49,75.5952380952381,997.18,-10.560000000000173,-9.809999999999944,-0.1926523297491039,910.0,903.0,901.0,865.0,21800.0
2024-08-22,905.0,910.0,886.0,888.0,852.5130004882812,20600.0,846.5,883.76,1022.4,1110.085,76.50602409638554,993.36,-10.57333333333338,-10.595000000000027,-0.2043010752688172,910.0,908.0,901.0,886.0,32300.0
2024-08-23,891.0,895.0,881.0,883.0,847.7127685546875,10100.0,845.15,876.68,1020.1466666666666,1107.69,72.8395061728395,988.7,-10.67999999999995,-11.3599999999999,-0.2016274864376129,910.0,910.0,888.0,905.0,20600.0
2024-08-24,891.0,895.0,881.0,883.0,847.7127685546875,10100.0,843.8,870.08,1017.8933333333332,1105.59,72.8395061728395,983.82,-10.56000000000006,-11.580000000000156,-0.2220264317180617,901.0,895.0,883.0,891.0,10100.0
2024-08-25,891.0,895.0,881.0,883.0,847.7127685546875,10100.0,849.9,861.84,1015.8933333333332,1103.385,72.8395061728395,978.94,-10.706666666666592,-11.444999999999936,-0.2073608617594254,901.0,895.0,883.0,891.0,10100.0
2024-08-26,883.0,896.0,878.0,878.0,842.91259765625,19900.0,855.4,854.68,1013.7733333333332,1101.065,70.65868263473054,973.96,-10.813333333333276,-11.424999999999956,-0.2378472222222222,901.0,895.0,883.0,891.0,10100.0
2024-08-27,880.0,904.0,876.0,899.0,863.0733642578125,10200.0,859.6,854.24,1012.28,1098.775,66.66666666666666,969.6,-10.120000000000005,-11.309999999999944,-0.1980374665477252,901.0,896.0,878.0,883.0,19900.0
2024-08-28,901.0,903.0,884.0,893.0,857.3131713867188,13800.0,864.25,853.56,1010.4266666666666,1096.455,59.85401459854016,965.14,-9.720000000000027,-11.235000000000127,-0.2033898305084746,901.0,904.0,899.0,880.0,10200.0
2024-08-29,895.0,914.0,895.0,907.0,870.753662109375,17700.0,869.15,853.44,1008.76,1094.205,65.75342465753425,960.98,-9.133333333333326,-11.384999999999993,-0.1909009812667261,907.0,903.0,893.0,901.0,13800.0
2024-08-30,916.0,923.0,905.0,905.0,868.8335571289062,14500.0,873.95,859.2,1007.0666666666668,1091.945,62.31884057971015,956.44,-8.826666666666597,-11.440000000000056,-0.1787658802177858,907.0,914.0,907.0,895.0,17700.0
2024-08-31,916.0,923.0,905.0,905.0,868.8335571289062,14500.0,878.75,864.68,1005.1733333333332,1089.8,62.31884057971015,951.68,-8.600000000000023,-11.2650000000001,-0.1651291512915129,907.0,923.0,905.0,916.0,14500.0
2024-09-01,916.0,923.0,905.0,905.0,868.8335571289062,14500.0,883.55,868.28,1003.2666666666668,1087.95,62.31884057971015,946.92,-9.01333333333332,-10.825000000000044,-0.1612604263206672,907.0,923.0,905.0,916.0,14500.0
2024-09-02,911.0,917.0,898.0,898.0,862.11328125,13800.0,885.95,872.2,1001.2,1086.04,69.35483870967742,942.02,-9.226666666666574,-10.414999999999964,-0.1953405017921147,907.0,923.0,905.0,916.0,14500.0
2024-09-03,898.0,923.0,898.0,922.0,885.1541748046875,7900.0,888.75,876.72,998.8266666666668,1084.085,60.824742268041234,937.6,-9.93333333333328,-10.11999999999989,-0.1818988464951197,922.0,917.0,898.0,911.0,13800.0
2024-09-04,893.0,919.0,871.0,881.0,845.792724609375,49400.0,889.75,879.6,995.6933333333334,1081.925,42.7536231884058,932.68,-11.373333333333337,-10.019999999999982,-0.2182786157941437,922.0,923.0,922.0,898.0,7900.0
2024-09-05,877.0,900.0,860.0,870.0,835.2322998046875,20300.0,889.7,882.04,992.4133333333332,1079.71,43.38235294117648,927.66,-12.759999999999993,-10.089999999999918,-0.2280390417036379,922.0,919.0,881.0,893.0,49400.0
2024-09-06,869.0,871.0,835.0,861.0,826.5919189453125,41100.0,889.2,884.12,989.0133333333332,1077.515,42.142857142857146,922.56,-14.25333333333333,-10.434999999999944,-0.2291853178155775,922.0,900.0,870.0,877.0,20300.0
2024-09-07,869.0,871.0,835.0,861.0,826.5919189453125,41100.0,888.7,884.56,985.7466666666668,1075.295,42.142857142857146,917.7,-15.453333333333376,-10.74499999999989,-0.228494623655914,922.0,871.0,861.0,869.0,41100.0
2024-09-08,869.0,871.0,835.0,861.0,826.5919189453125,41100.0,889.25,884.36,982.0933333333334,1073.285,42.142857142857146,912.84,-16.73333333333335,-10.799999999999956,-0.2278026905829596,922.0,871.0,861.0,869.0,41100.0
2024-09-09,836.0,859.0,822.0,842.0,808.351318359375,24600.0,886.3,883.6,978.4666666666668,1071.24,38.31168831168832,907.6,-17.226666666666688,-10.684999999999944,-0.2561837455830389,922.0,871.0,861.0,869.0,41100.0
2024-09-10,857.0,861.0,844.0,851.0,816.9915771484375,12700.0,883.8,882.8,974.4533333333334,1069.24,33.098591549295776,903.18,-17.959999999999923,-10.470000000000027,-0.2554680664916885,922.0,859.0,842.0,836.0,24600.0
2024-09-11,842.0,842.0,812.0,831.0,797.7908935546875,24300.0,880.95,881.2,970.5866666666668,1067.14,30.12820512820514,898.54,-18.42666666666662,-10.375,-0.2729658792650918,922.0,861.0,851.0,857.0,12700.0
2024-09-12,847.0,874.0,847.0,867.0,832.3521728515625,21700.0,880.15,881.04,967.2,1065.22,38.764044943820224,894.62,-18.546666666666624,-10.075000000000044,-0.2414698162729659,922.0,842.0,831.0,842.0,24300.0
2024-09-13,863.0,871.0,849.0,864.0,829.4721069335938,9100.0,879.2,881.6,963.7733333333332,1063.485,38.54748603351956,891.34,-18.32000000000005,-9.800000000000182,-0.2440944881889764,922.0,874.0,867.0,847.0,21700.0
2024-09-14,863.0,871.0,849.0,864.0,829.4721069335938,9100.0,878.25,880.12,960.6,1061.76,38.54748603351956,887.8,-17.866666666666674,-9.480000000000018,-0.2333629103815439,922.0,871.0,864.0,863.0,9100.0
2024-09-15,863.0,871.0,849.0,864.0,829.4721069335938,9100.0,877.55,878.64,957.6666666666666,1060.02,38.54748603351956,884.26,-16.786666666666747,-9.220000000000027,-0.2292595896520963,922.0,871.0,864.0,863.0,9100.0
2024-09-16,863.0,871.0,849.0,864.0,829.4721069335938,9100.0,875.8,877.68,954.8,1058.395,40.11627906976744,880.72,-15.786666666666749,-8.745000000000118,-0.2258064516129032,922.0,871.0,864.0,863.0,9100.0
2024-09-17,858.0,868.0,843.0,862.0,827.552001953125,15800.0,874.25,876.84,951.4133333333332,1056.82,30.0,876.76,-15.786666666666749,-8.400000000000091,-0.2192028985507246,922.0,871.0,864.0,863.0,9100.0
2024-09-18,886.0,895.0,869.0,871.0,836.1923217773438,19100.0,872.45,876.36,948.0,1055.29,45.76271186440678,873.22,-15.773333333333312,-8.194999999999936,-0.2110507246376811,922.0,868.0,862.0,858.0,15800.0
2024-09-19,871.0,902.0,871.0,891.0,855.3930053710938,16800.0,871.75,876.68,944.8533333333334,1053.86,58.267716535433074,869.26,-15.74666666666667,-7.900000000000091,-0.1929347826086956,922.0,895.0,871.0,886.0,19100.0
2024-09-20,899.0,920.0,899.0,913.0,876.513916015625,15600.0,872.15,878.08,942.0,1052.61,68.57142857142857,866.38,-15.666666666666629,-7.410000000000082,-0.148320895522388,922.0,902.0,891.0,871.0,16800.0
2024-09-21,899.0,920.0,899.0,913.0,876.513916015625,15600.0,872.55,878.64,939.28,1051.275,68.57142857142857,866.44,-15.519999999999982,-7.119999999999891,-0.1411100658513641,922.0,920.0,913.0,899.0,15600.0
2024-09-22,899.0,920.0,899.0,913.0,876.513916015625,15600.0,873.3,879.44,936.5733333333334,1049.865,68.57142857142857,866.5,-14.839999999999918,-6.954999999999927,-0.1411100658513641,922.0,920.0,913.0,899.0,15600.0
2024-09-23,899.0,920.0,899.0,913.0,876.513916015625,15600.0,872.85,879.68,933.88,1048.5,79.3388429752066,866.56,-14.120000000000005,-6.789999999999964,-0.1118677042801556,913.0,920.0,913.0,899.0,15600.0
2024-09-24,913.0,913.0,889.0,892.0,856.3530883789062,12000.0,873.4,879.16,930.68,1047.03,65.41353383458647,869.18,-14.173333333333405,-6.829999999999927,-0.1431316042267051,913.0,920.0,913.0,899.0,15600.0
2024-09-25,891.0,891.0,870.0,882.0,846.7527465820312,13800.0,874.0,878.24,927.2,1045.51,70.73170731707317,871.46,-14.799999999999956,-7.099999999999909,-0.1527377521613833,913.0,913.0,892.0,913.0,12000.0
2024-09-26,891.0,891.0,856.0,866.0,831.3921508789062,22500.0,874.25,876.68,923.5066666666668,1043.91,49.51456310679612,872.48,-15.773333333333312,-7.365000000000009,-0.1681075888568683,913.0,891.0,882.0,891.0,13800.0
2024-09-27,865.0,874.0,848.0,861.0,839.189453125,19100.0,874.25,875.2,919.7466666666668,1042.45,48.57142857142857,873.7,-16.82666666666671,-7.414999999999964,-0.1877358490566038,913.0,891.0,866.0,891.0,22500.0
2024-09-28,865.0,874.0,848.0,861.0,839.189453125,19100.0,874.25,872.76,915.9866666666668,1041.115,48.57142857142857,874.74,-17.893333333333317,-7.384999999999991,-0.1784351145038167,913.0,874.0,861.0,865.0,19100.0
2024-09-29,865.0,874.0,848.0,861.0,839.189453125,19100.0,875.2,871.96,912.44,1039.945,48.57142857142857,875.78,-18.23999999999989,-7.085000000000036,-0.209366391184573,913.0,874.0,861.0,865.0,19100.0
2024-09-30,864.0,865.0,845.0,847.0,825.5441284179688,17900.0,875.0,871.04,908.7866666666666,1038.585,42.85714285714285,876.54,-18.41333333333341,-6.9249999999999545,-0.1986754966887417,913.0,874.0,861.0,865.0,19100.0
2024-10-01,855.0,868.0,847.0,860.0,838.2147827148438,7600.0,876.45,871.0,905.3733333333332,1037.26,49.23076923076923,877.56,-18.13333333333333,-6.650000000000091,-0.0549450549450549,913.0,865.0,847.0,864.0,17900.0
2024-10-02,861.0,861.0,838.0,844.0,822.6201171875,20400.0,875.3,870.32,901.9066666666666,1035.855,40.14598540145986,877.44,-17.840000000000032,-6.595000000000027,-0.0725274725274724,913.0,868.0,860.0,855.0,7600.0
2024-10-03,832.0,853.0,832.0,846.0,824.5694580078125,11800.0,874.4,869.72,898.4666666666667,1034.46,31.09243697478992,877.04,-17.519999999999982,-6.654999999999973,-0.0703296703296703,913.0,861.0,844.0,861.0,20400.0
2024-10-04,846.0,853.0,840.0,845.0,823.5947875976562,17800.0,873.45,869.84,895.0133333333333,1033.015,15.306122448979592,876.72,-17.426666666666733,-6.929999999999836,0.1103810775295663,913.0,853.0,846.0,832.0,11800.0
2024-10-05,846.0,853.0,840.0,845.0,823.5947875976562,17800.0,872.5,869.6,891.9866666666667,1031.435,15.306122448979592,876.2,-16.799999999999955,-7.150000000000091,0.1002604166666667,913.0,853.0,845.0,846.0,17800.0
2024-10-06,846.0,853.0,840.0,845.0,823.5947875976562,17800.0,871.55,870.16,889.08,1029.855,15.306122448979592,875.68,-16.293333333333294,-7.404999999999973,0.0368098159509202,913.0,853.0,845.0,846.0,17800.0
2024-10-07,850.0,850.0,837.0,845.0,823.5947875976562,14500.0,870.7,869.28,886.1733333333333,1028.275,15.306122448979592,875.16,-15.733333333333348,-7.579999999999927,0.0562499999999999,913.0,853.0,845.0,846.0,17800.0
2024-10-08,836.0,838.0,818.0,829.0,808.0000610351562,25500.0,868.6,867.88,883.52,1026.55,16.129032258064512,874.74,-14.946666666666715,-7.910000000000082,0.0247218788627936,913.0,850.0,845.0,850.0,14500.0
2024-10-09,831.0,831.0,811.0,825.0,804.1014404296875,21700.0,865.3,866.32,880.64,1024.805,17.241379310344826,873.22,-14.373333333333337,-8.210000000000036,0.0197775030902349,913.0,838.0,829.0,836.0,25500.0
2024-10-10,819.0,828.0,810.0,828.0,807.025390625,15100.0,861.05,864.88,877.8,1023.075,24.324324324324323,871.76,-14.186666666666724,-8.3599999999999,0.0234857849196539,913.0,831.0,825.0,831.0,21700.0
2024-10-11,840.0,840.0,825.0,837.0,815.7974243164062,11300.0,857.25,863.8,875.08,1021.39,34.61538461538461,870.74,-14.0,-8.465000000000032,0.034610630407911,913.0,828.0,828.0,819.0,15100.0
2024-10-12,840.0,840.0,825.0,837.0,815.7974243164062,11300.0,853.45,862.8,872.1066666666667,1019.415,34.61538461538461,869.82,-14.066666666666606,-8.860000000000127,-0.0152941176470587,913.0,840.0,837.0,840.0,11300.0
2024-10-13,840.0,840.0,825.0,837.0,815.7974243164062,11300.0,849.65,861.44,869.2933333333333,1017.525,34.61538461538461,868.9,-14.226666666666688,-9.024999999999975,-0.033487297921478,892.0,840.0,837.0,840.0,11300.0
2024-10-14,840.0,840.0,825.0,837.0,815.7974243164062,11300.0,846.9,859.28,865.9333333333333,1015.41,42.1875,867.98,-14.706666666666706,-9.395000000000095,-0.0278745644599303,882.0,840.0,837.0,840.0,11300.0
2024-10-15,845.0,845.0,832.0,834.0,812.8734741210938,12700.0,844.5,856.12,862.96,1013.13,25.925925925925924,867.1,-14.839999999999918,-9.94500000000005,-0.0424799081515498,866.0,840.0,837.0,840.0,11300.0
2024-10-16,834.0,840.0,826.0,828.0,807.025390625,6600.0,842.6,852.72,861.8666666666667,1010.82,31.818181818181827,865.68,-13.213333333333368,-10.569999999999936,-0.0493685419058553,861.0,845.0,834.0,845.0,12700.0
2024-10-17,834.0,834.0,811.0,820.0,799.2280883789062,22700.0,840.55,849.0,860.6666666666666,1008.47,24.0,864.22,-11.440000000000056,-10.944999999999936,-0.0585533869115958,861.0,840.0,828.0,834.0,6600.0
2024-10-18,824.0,834.0,816.0,825.0,804.1014404296875,16400.0,838.75,845.48,859.5333333333333,1006.37,31.48148148148148,862.58,-9.759999999999993,-11.154999999999973,-0.0294117647058823,861.0,834.0,820.0,834.0,22700.0
2024-10-19,824.0,834.0,816.0,825.0,804.1014404296875,16400.0,836.95,842.8,860.3866666666667,1004.3,31.48148148148148,860.98,-5.546666666666624,-11.110000000000014,-0.0843507214206437,860.0,834.0,825.0,824.0,16400.0
2024-10-20,824.0,834.0,816.0,825.0,804.1014404296875,16400.0,835.85,840.52,861.1466666666666,1002.295,31.48148148148148,859.38,-1.8133333333333888,-10.835000000000036,-0.0843507214206437,860.0,834.0,825.0,824.0,16400.0
2024-10-21,829.0,851.0,812.0,841.0,819.6961669921875,18500.0,834.9,839.52,861.4933333333333,1000.235,47.142857142857146,858.1,-0.3733333333333348,-10.585000000000036,-0.0529279279279278,846.0,834.0,825.0,824.0,16400.0
2024-10-22,838.0,844.0,825.0,831.0,809.949462890625,11800.0,834.25,838.32,861.9066666666666,997.875,51.5625,856.76,1.240000000000009,-10.595000000000027,-0.0588901472253681,846.0,851.0,841.0,829.0,18500.0
2024-10-23,835.0,863.0,828.0,863.0,841.1388549804688,29300.0,835.1,838.4,862.6266666666667,995.675,70.65217391304348,855.58,3.093333333333362,-10.69500000000005,-0.0226500566251415,863.0,844.0,831.0,838.0,11800.0
2024-10-24,853.0,854.0,841.0,841.0,819.6961669921875,10200.0,834.9,837.6,863.0533333333333,993.365,55.85585585585586,854.78,2.6666666666666288,-10.934999999999944,-0.0475651189127972,863.0,863.0,863.0,835.0,29300.0
2024-10-25,838.0,849.0,815.0,815.0,794.354736328125,13500.0,833.4,836.32,863.1333333333333,991.08,41.40624999999999,853.68,1.9866666666666788,-11.214999999999918,-0.071753986332574,863.0,854.0,841.0,853.0,10200.0
2024-10-26,838.0,849.0,815.0,815.0,794.354736328125,13500.0,831.9,834.52,863.2133333333334,988.865,41.40624999999999,852.76,1.7200000000000273,-11.370000000000005,-0.0934371523915461,863.0,849.0,815.0,838.0,13500.0
2024-10-27,838.0,849.0,815.0,815.0,794.354736328125,13500.0,830.4,833.36,862.7466666666667,986.74,41.40624999999999,851.84,0.8400000000000318,-11.134999999999993,-0.0873460246360582,863.0,849.0,815.0,838.0,13500.0
2024-10-28,815.0,854.0,815.0,841.0,819.6961669921875,15500.0,831.0,833.16,862.4133333333333,984.705,51.29870129870131,851.44,-0.2133333333333666,-10.969999999999914,-0.0727673649393605,863.0,849.0,815.0,838.0,13500.0
2024-10-29,839.0,863.0,830.0,846.0,824.5694580078125,13700.0,832.05,833.2,862.2133333333334,982.62,53.84615384615384,851.52,-0.8399999999999181,-10.745000000000005,-0.0651933701657458,863.0,854.0,841.0,815.0,15500.0
2024-10-30,847.0,870.0,840.0,840.0,818.721435546875,59800.0,832.65,833.0,861.8,980.505,53.84615384615384,851.3,-1.3333333333333712,-10.575000000000044,-0.0718232044198895,863.0,863.0,846.0,839.0,13700.0
2024-10-31,863.0,866.0,839.0,864.0,842.113525390625,29900.0,834.0,833.76,861.7066666666667,978.51,62.7906976744186,851.96,-1.5066666666666606,-10.355000000000018,-0.0453038674033149,864.0,870.0,840.0,847.0,59800.0
2024-11-01,860.0,943.0,856.0,901.0,878.1762084960938,56400.0,837.2,836.0,862.1066666666667,976.67,68.62745098039215,852.64,-0.6399999999999864,-10.07000000000005,0.0033407572383072,901.0,866.0,864.0,863.0,29900.0
2024-11-02,860.0,943.0,856.0,901.0,878.1762084960938,56400.0,840.4,838.88,862.7866666666666,975.03,68.62745098039215,853.38,0.3733333333333348,-9.675000000000068,-0.0227765726681128,901.0,943.0,901.0,860.0,56400.0
2024-11-03,860.0,943.0,856.0,901.0,878.1762084960938,56400.0,843.6,841.92,862.7866666666666,973.635,68.62745098039215,854.12,0.5733333333332666,-8.985000000000014,0.0227014755959138,901.0,943.0,901.0,860.0,56400.0
2024-11-04,860.0,943.0,856.0,901.0,878.1762084960938,56400.0,846.95,844.84,862.7866666666666,972.425,65.95744680851064,854.86,0.9866666666666788,-8.080000000000041,0.035632183908046,901.0,943.0,901.0,860.0,56400.0
2024-11-05,911.0,959.0,911.0,942.0,918.1376342773438,42900.0,852.65,849.04,863.5066666666667,971.58,75.34246575342465,856.42,1.7999999999999543,-6.92999999999995,0.0940766550522647,942.0,943.0,901.0,860.0,56400.0
2024-11-06,941.0,941.0,902.0,906.0,883.049560546875,17200.0,856.95,851.8,863.8133333333334,970.555,59.64125560538117,857.3,1.706666666666706,-6.115000000000009,0.0522648083623693,942.0,959.0,942.0,911.0,42900.0
2024-11-07,917.0,917.0,901.0,910.0,886.9482421875,14300.0,861.2,854.72,864.1733333333333,969.55,66.82926829268294,858.08,1.386666666666656,-5.480000000000018,0.056910569105691,942.0,941.0,906.0,941.0,17200.0
2024-11-08,910.0,930.0,908.0,917.0,893.7709350585938,7800.0,865.8,857.92,864.6266666666667,968.415,77.41935483870968,858.6,1.840000000000032,-5.220000000000027,0.0890736342042755,942.0,917.0,910.0,917.0,14300.0
2024-11-09,910.0,930.0,908.0,917.0,893.7709350585938,7800.0,870.4,861.24,865.1466666666666,967.195,77.41935483870968,858.68,2.3600000000000136,-5.2299999999999045,0.0775558166862515,942.0,930.0,917.0,910.0,7800.0
2024-11-10,910.0,930.0,908.0,917.0,893.7709350585938,7800.0,874.2,864.8,865.3866666666667,965.96,77.41935483870968,858.76,1.879999999999996,-5.6200000000000045,0.1034897713598075,942.0,930.0,917.0,910.0,7800.0
2024-11-11,910.0,924.0,903.0,915.0,891.8215942382812,4700.0,878.4,868.6,865.68,964.82,72.8395061728395,858.8,1.8666666666665608,-5.7349999999999,0.0553633217993079,942.0,930.0,917.0,910.0,7800.0
2024-11-12,923.0,944.0,914.0,914.0,890.846923828125,11200.0,880.95,872.16,865.7733333333333,963.745,71.51898734177215,858.82,1.6000000000000227,-5.80499999999995,0.0578703703703704,942.0,924.0,915.0,910.0,4700.0
2024-11-13,914.0,950.0,914.0,944.0,920.0869750976562,17800.0,886.1,876.92,866.2933333333333,962.82,78.57142857142857,859.86,1.6666666666666288,-5.594999999999914,0.0925925925925925,944.0,944.0,914.0,923.0,11200.0
2024-11-14,970.0,993.0,970.0,980.0,955.175048828125,28500.0,894.35,883.12,867.2933333333333,962.075,79.89690721649484,861.82,2.146666666666647,-5.1200000000000045,0.1342592592592593,980.0,950.0,944.0,914.0,17800.0
2024-11-15,985.0,985.0,950.0,950.0,925.9349975585938,15700.0,901.1,887.48,867.8933333333333,961.18,63.10160427807487,863.5,2.5066666666666606,-4.780000000000086,0.0995370370370369,980.0,993.0,980.0,970.0,28500.0
2024-11-16,985.0,985.0,950.0,950.0,925.9349975585938,15700.0,907.85,892.24,868.5866666666667,960.205,63.10160427807487,865.28,2.906666666666752,-4.615000000000009,0.1020881670533642,980.0,985.0,950.0,985.0,15700.0
2024-11-17,985.0,985.0,950.0,950.0,925.9349975585938,15700.0,913.3,895.72,868.96,959.28,63.10160427807487,867.06,3.1866666666667243,-4.465000000000032,0.0907003444316876,980.0,985.0,950.0,985.0,15700.0
2024-11-18,950.0,980.0,950.0,959.0,934.7069702148438,14000.0,918.95,900.44,870.0,958.595,64.79591836734694,869.02,3.706666666666706,-4.225000000000023,0.0763187429854097,980.0,985.0,950.0,985.0,15700.0
2024-11-19,974.0,978.0,963.0,978.0,953.2257080078124,7100.0,925.85,906.96,871.44,958.005,60.34482758620689,871.64,4.146666666666761,-4.07000000000005,0.0711938663745892,980.0,980.0,959.0,950.0,14000.0
2024-11-20,983.0,983.0,961.0,965.0,940.5550537109376,11400.0,930.9,912.96,872.8266666666667,957.35,69.5364238410596,873.74,4.933333333333394,-3.8299999999999272,0.0569550930996713,980.0,978.0,978.0,974.0,7100.0
2024-11-21,980.0,980.0,963.0,963.0,938.6056518554688,2600.0,934.0,918.88,874.1866666666666,956.685,67.78523489932886,876.12,5.599999999999909,-3.5200000000000955,0.0547645125958378,980.0,983.0,965.0,983.0,11400.0
2024-11-22,963.0,977.0,945.0,975.0,950.3016967773438,19000.0,937.7,924.24,875.7066666666667,956.08,68.83116883116884,878.7,6.74666666666667,-3.199999999999932,0.067907995618839,980.0,980.0,963.0,980.0,2600.0
2024-11-23,963.0,977.0,945.0,975.0,950.3016967773438,19000.0,941.4,929.4,877.48,955.355,68.83116883116884,881.3,7.480000000000018,-3.240000000000009,0.09304932735426,980.0,977.0,975.0,963.0,19000.0
2024-11-24,963.0,977.0,945.0,975.0,950.3016967773438,19000.0,945.1,934.8,879.1333333333333,954.58,68.83116883116884,883.9,7.693333333333271,-3.4249999999999545,0.1054421768707483,980.0,977.0,975.0,963.0,19000.0
2024-11-25,977.0,978.0,952.0,978.0,953.2257080078124,15800.0,946.9,939.36,881.0933333333334,953.91,70.32258064516128,886.56,8.266666666666652,-3.4400000000000546,0.1293302540415704,980.0,977.0,975.0,963.0,19000.0
2024-11-26,970.0,971.0,949.0,968.0,943.47900390625,16300.0,950.0,942.04,882.44,953.69,66.46341463414635,889.02,8.253333333333444,-2.994999999999891,0.124274099883856,980.0,978.0,978.0,977.0,15800.0
2024-11-27,961.0,961.0,940.0,941.0,917.1629638671876,12000.0,951.55,943.64,883.4666666666667,953.335,49.06832298136646,891.26,7.759999999999991,-2.7450000000000045,0.0929152148664342,980.0,971.0,968.0,970.0,16300.0
2024-11-28,938.0,969.0,938.0,943.0,919.1123046875,21900.0,952.85,945.32,884.52,952.99,35.43307086614173,893.62,7.039999999999964,-2.365000000000009,0.0952380952380953,980.0,961.0,941.0,961.0,12000.0
2024-11-29,950.0,959.0,950.0,952.0,927.88427734375,7200.0,954.6,947.36,885.6933333333334,952.78,50.94339622641509,896.1,6.560000000000059,-1.8000000000000682,0.1239669421487603,980.0,969.0,943.0,938.0,21900.0
2024-11-30,950.0,959.0,950.0,952.0,927.88427734375,7200.0,956.35,947.76,886.8666666666667,952.345,50.94339622641509,898.4,5.773333333333312,-1.5649999999999409,0.1069767441860465,980.0,959.0,952.0,950.0,7200.0
2024-12-01,950.0,959.0,950.0,952.0,927.88427734375,7200.0,958.2,949.6,888.0666666666667,951.93,50.94339622641509,900.7,5.626666666666665,-1.7600000000001046,0.1279620853080569,980.0,959.0,952.0,950.0,7200.0
2024-12-02,951.0,952.0,936.0,943.0,919.1123046875,15100.0,959.65,950.92,889.0266666666666,951.56,42.45283018867925,902.82,5.559999999999945,-1.775000000000091,0.1146572104018912,980.0,959.0,952.0,950.0,7200.0
2024-12-03,950.0,960.0,942.0,946.0,922.0363159179688,8200.0,959.75,952.08,889.76,951.235,32.22222222222223,905.0,5.240000000000009,-1.7549999999999957,0.1195266272189348,980.0,952.0,943.0,951.0,15100.0
2024-12-04,938.0,942.0,920.0,933.0,909.3656005859376,8500.0,957.4,952.72,890.0266666666666,950.845,32.22222222222223,906.98,4.3333333333332575,-1.9349999999999448,0.1041420118343194,978.0,960.0,946.0,950.0,8200.0
2024-12-05,930.0,930.0,911.0,916.0,892.7962646484375,18500.0,955.7,952.68,890.0666666666667,950.37,27.61904761904762,908.74,3.200000000000045,-1.9750000000000227,0.0840236686390532,978.0,942.0,933.0,938.0,8500.0
2024-12-06,928.0,928.0,900.0,900.0,877.2015380859375,8300.0,953.2,952.08,889.8933333333333,949.845,15.596330275229349,910.34,1.826666666666597,-2.0849999999999227,0.0650887573964498,978.0,930.0,916.0,930.0,18500.0
2024-12-07,928.0,928.0,900.0,900.0,877.2015380859375,8300.0,950.7,951.52,889.72,949.31,15.596330275229349,911.84,0.6933333333333849,-2.25,0.0856453558504222,978.0,928.0,900.0,928.0,8300.0
2024-12-08,928.0,928.0,900.0,900.0,877.2015380859375,8300.0,947.75,949.76,889.8266666666667,948.785,15.596330275229349,913.34,0.0666666666667197,-2.450000000000045,0.0909090909090908,978.0,928.0,900.0,928.0,8300.0
2024-12-09,907.0,912.0,899.0,908.0,884.9989013671875,4900.0,944.25,946.88,890.1733333333333,948.355,19.29824561403508,915.0,0.1466666666666469,-2.490000000000009,0.0966183574879226,978.0,928.0,900.0,928.0,8300.0
2024-12-10,918.0,918.0,900.0,908.0,884.9989013671875,5900.0,941.4,945.2,890.7333333333333,947.945,21.15384615384616,916.34,0.6666666666666288,-2.4249999999999545,0.0848267622461171,978.0,912.0,908.0,907.0,4900.0
2024-12-11,913.0,917.0,891.0,899.0,876.2268676757812,18400.0,938.2,943.16,891.24,947.49,25.581395348837205,917.7,1.3466666666666924,-2.355000000000018,0.0740740740740741,978.0,918.0,908.0,918.0,5900.0
2024-12-12,902.0,913.0,894.0,897.0,874.2775268554688,12700.0,934.3,941.04,891.72,947.025,23.25581395348837,918.38,2.0,-2.284999999999968,0.07168458781362,978.0,917.0,899.0,913.0,18400.0
2024-12-13,898.0,915.0,898.0,907.0,884.0242309570312,5900.0,930.9,938.96,892.3333333333334,946.625,24.13793103448276,919.7,2.5066666666666606,-2.159999999999968,0.0836320191158901,978.0,913.0,897.0,902.0,12700.0
2024-12-14,898.0,915.0,898.0,907.0,884.0242309570312,5900.0,927.5,936.12,893.1333333333333,946.235,24.13793103448276,921.54,2.9600000000000364,-2.1200000000000045,0.0875299760191845,978.0,915.0,907.0,898.0,5900.0
2024-12-15,898.0,915.0,898.0,907.0,884.0242309570312,5900.0,923.95,933.8,893.76,945.81,24.13793103448276,923.38,3.0266666666666424,-2.1350000000001046,0.0954106280193236,968.0,915.0,907.0,898.0,5900.0
2024-12-16,902.0,907.0,885.0,885.0,862.58154296875,11000.0,919.8,930.68,894.3066666666666,945.23,21.0,924.78,3.066666666666606,-2.259999999999991,0.0792682926829269,952.0,915.0,907.0,898.0,5900.0
2024-12-17,885.0,901.0,878.0,881.0,858.682861328125,9200.0,916.8,926.92,894.7733333333333,944.53,17.82178217821783,925.58,3.053333333333285,-2.4950000000000045,0.0678787878787878,952.0,907.0,885.0,902.0,11000.0
2024-12-18,971.0,975.0,941.0,947.0,923.010986328125,255500.0,917.0,925.8,896.1333333333333,944.16,54.54545454545455,927.6,3.7999999999999545,-2.465000000000032,0.1478787878787879,952.0,901.0,881.0,885.0,9200.0
2024-12-19,950.0,962.0,933.0,941.0,917.1629638671876,73900.0,916.45,924.44,897.4133333333333,943.76,58.74125874125874,929.62,4.279999999999973,-2.4750000000000227,0.1406060606060606,952.0,975.0,947.0,971.0,255500.0
2024-12-20,938.0,939.0,909.0,911.0,887.9229125976562,56200.0,914.4,921.76,898.2933333333333,943.145,53.5031847133758,930.56,4.533333333333303,-2.664999999999964,0.0832342449464922,952.0,962.0,941.0,950.0,73900.0
2024-12-21,938.0,939.0,909.0,911.0,887.9229125976562,56200.0,912.35,919.48,899.1733333333333,942.54,53.5031847133758,930.76,4.866666666666674,-2.6900000000000546,0.0962695547533092,947.0,939.0,911.0,938.0,56200.0
2024-12-22,938.0,939.0,909.0,911.0,887.9229125976562,56200.0,910.75,918.28,900.2666666666667,941.955,53.5031847133758,930.96,5.493333333333339,-2.574999999999932,0.0556199304750868,947.0,939.0,911.0,938.0,56200.0
2024-12-23,915.0,928.0,912.0,919.0,895.7202758789062,32800.0,909.4,917.32,901.52,941.35,53.5031847133758,931.32,5.386666666666656,-2.809999999999945,0.0927467300832343,947.0,939.0,911.0,938.0,56200.0
2024-12-24,911.0,919.0,902.0,907.0,884.0242309570312,43900.0,908.1,915.52,902.5733333333334,940.625,49.70414201183432,931.44,5.160000000000082,-3.134999999999991,0.1128834355828221,947.0,928.0,919.0,915.0,32800.0
2024-12-25,924.0,959.0,924.0,945.0,921.0616455078124,45200.0,909.55,915.24,904.0133333333332,940.09,61.61616161616161,931.5,5.720000000000027,-3.05499999999995,0.1595092024539877,947.0,919.0,907.0,911.0,43900.0
2024-12-26,941.0,963.0,941.0,955.0,930.808349609375,16700.0,912.3,915.36,905.5866666666668,939.605,64.07766990291262,932.48,6.413333333333412,-2.934999999999945,0.1717791411042943,955.0,959.0,945.0,924.0,45200.0
2024-12-27,946.0,970.0,946.0,970.0,945.4283447265624,26800.0,915.8,916.44,907.36,939.195,64.92890995260663,933.68,7.093333333333362,-2.759999999999991,0.1533888228299642,970.0,963.0,955.0,941.0,16700.0
2024-12-28,946.0,970.0,946.0,970.0,945.4283447265624,26800.0,919.3,917.4,909.1333333333332,938.88,64.92890995260663,934.74,7.613333333333344,-2.470000000000028,0.1465721040189125,970.0,970.0,970.0,946.0,26800.0
2024-12-29,946.0,970.0,946.0,970.0,945.4283447265624,26800.0,922.4,918.88,910.9466666666668,938.545,64.92890995260663,935.8,8.373333333333335,-2.080000000000041,0.1547619047619046,970.0,970.0,970.0,946.0,26800.0
2024-12-30,971.0,985.0,970.0,976.0,951.2763671875,25000.0,925.8,921.28,912.92,938.37,73.33333333333333,936.98,8.906666666666638,-1.7200000000000273,0.1296296296296295,976.0,970.0,970.0,946.0,26800.0
2024-12-31,971.0,985.0,970.0,976.0,951.2763671875,25000.0,929.65,924.32,915.0,938.09,74.86910994764398,938.2,9.413333333333298,-1.5149999999999864,0.0832408435072142,976.0,985.0,976.0,971.0,25000.0
2025-01-01,971.0,985.0,970.0,976.0,951.2763671875,25000.0,933.6,927.36,917.0133333333332,937.81,61.6,939.44,9.653333333333308,-1.3850000000001046,0.0832408435072142,976.0,985.0,976.0,971.0,25000.0
2025-01-02,971.0,985.0,970.0,976.0,951.2763671875,25000.0,937.05,930.4,919.0266666666666,937.53,64.70588235294117,940.08,9.893333333333317,-1.3500000000000227,0.0832408435072142,976.0,985.0,976.0,971.0,25000.0
2025-01-03,971.0,985.0,970.0,976.0,951.2763671875,25000.0,940.5,933.12,921.04,937.175,86.51685393258427,940.0,10.093333333333248,-1.3700000000000043,0.0832408435072142,976.0,985.0,976.0,971.0,25000.0
2025-01-04,971.0,985.0,970.0,976.0,951.2763671875,25000.0,943.95,935.84,922.84,936.815,86.51685393258427,940.52,9.920000000000073,-1.55499999999995,0.0360934182590233,976.0,985.0,976.0,971.0,25000.0
2025-01-05,971.0,985.0,970.0,976.0,951.2763671875,25000.0,948.5,938.92,924.7733333333332,936.43,86.51685393258427,941.04,9.773333333333312,-1.660000000000082,0.0772626931567328,976.0,985.0,976.0,971.0,25000.0
2025-01-06,987.0,1003.0,978.0,986.0,961.0230712890624,23700.0,953.75,942.48,926.4133333333332,935.86,86.81318681318682,941.76,9.399999999999975,-1.949999999999932,0.0835164835164834,986.0,985.0,976.0,971.0,25000.0
2025-01-07,986.0,986.0,964.0,969.0,944.4536743164062,27200.0,954.85,944.96,928.12,935.125,82.29166666666667,941.96,9.093333333333362,-2.4049999999999727,0.0567066521264993,986.0,1003.0,986.0,987.0,23700.0
2025-01-08,984.0,985.0,955.0,955.0,930.808349609375,11700.0,955.55,946.88,929.9866666666668,934.32,56.94444444444444,941.5,8.946666666666715,-2.8549999999999045,0.0414394765539802,986.0,986.0,969.0,986.0,27200.0
2025-01-09,955.0,956.0,942.0,956.0,931.7830200195312,14000.0,957.8,948.84,931.8666666666668,933.52,50.79365079365079,941.32,9.026666666666642,-3.2950000000000728,0.0425299890948744,986.0,985.0,955.0,984.0,11700.0
2025-01-10,950.0,957.0,940.0,941.0,917.1629638671876,10900.0,959.3,951.08,933.5466666666666,932.695,26.984126984126974,940.88,8.773333333333312,-3.7349999999999,0.028415300546448,986.0,956.0,956.0,955.0,14000.0
2025-01-11,950.0,957.0,940.0,941.0,917.1629638671876,10900.0,960.8,953.48,934.88,931.725,26.984126984126974,940.2,8.466666666666697,-4.134999999999991,0.0295404814004376,986.0,957.0,941.0,950.0,10900.0
2025-01-12,950.0,957.0,940.0,941.0,917.1629638671876,10900.0,961.9,953.24,936.1466666666666,930.86,26.984126984126974,939.52,8.026666666666642,-4.264999999999986,-0.0031779661016949,986.0,957.0,941.0,950.0,10900.0
2025-01-13,950.0,957.0,940.0,941.0,917.1629638671876,10900.0,963.6,953.24,937.4933333333332,929.805,19.29824561403508,938.84,7.506666666666661,-4.5150000000001,-0.0397959183673469,986.0,957.0,941.0,950.0,10900.0
2025-01-14,942.0,955.0,936.0,949.0,924.9603271484376,23300.0,963.8,954.76,938.6266666666668,928.945,29.23076923076924,938.26,6.759999999999991,-4.574999999999932,-0.0010526315789474,986.0,957.0,941.0,950.0,10900.0
2025-01-15,960.0,960.0,946.0,947.0,923.010986328125,12300.0,963.4,956.2,939.24,928.075,28.358208955223887,937.84,5.693333333333385,-4.6200000000000045,-0.0031578947368421,986.0,955.0,949.0,942.0,23300.0
2025-01-16,951.0,958.0,943.0,947.0,923.010986328125,21700.0,962.25,957.64,939.8533333333334,927.205,28.358208955223887,937.96,4.973333333333358,-4.519999999999982,-0.0031578947368421,986.0,960.0,947.0,960.0,12300.0
2025-01-17,947.0,968.0,944.0,962.0,937.6309814453124,15100.0,961.85,959.36,940.6666666666666,926.505,41.463414634146346,938.34,4.519999999999982,-4.355000000000018,0.0031282586027112,986.0,958.0,947.0,951.0,21700.0
2025-01-18,947.0,968.0,944.0,962.0,937.6309814453124,15100.0,961.45,961.56,941.48,925.895,41.463414634146346,938.54,3.986666666666679,-3.909999999999968,-0.016359918200409,986.0,968.0,962.0,947.0,15100.0
2025-01-19,947.0,968.0,944.0,962.0,937.6309814453124,15100.0,960.75,962.24,941.7466666666668,925.31,41.463414634146346,938.74,3.1200000000000045,-3.6350000000001046,-0.0031088082901554,986.0,968.0,962.0,947.0,15100.0
2025-01-20,972.0,979.0,948.0,950.0,925.9349975585938,24400.0,959.45,962.04,942.3333333333334,924.48,28.57142857142857,938.7,3.093333333333362,-3.595000000000028,-0.0134994807892003,986.0,968.0,962.0,947.0,15100.0
2025-01-21,961.0,961.0,943.0,943.0,919.1123046875,13700.0,957.8,960.96,942.7733333333332,923.56,32.432432432432435,938.7,2.919999999999959,-3.645000000000096,-0.0328205128205127,986.0,979.0,950.0,972.0,24400.0
2025-01-22,952.0,952.0,943.0,950.0,925.9349975585938,7500.0,956.5,960.16,943.2133333333334,922.675,46.26865671641792,938.78,2.546666666666738,-3.830000000000041,-0.0256410256410256,986.0,961.0,943.0,961.0,13700.0
2025-01-23,950.0,950.0,939.0,941.0,917.1629638671876,9100.0,954.75,959.0,943.5333333333332,921.745,39.99999999999999,938.94,2.053333333333285,-4.149999999999977,-0.0348717948717949,986.0,952.0,950.0,952.0,7500.0
2025-01-24,941.0,954.0,939.0,953.0,928.8589477539062,16900.0,953.6,958.08,944.0133333333332,920.925,58.33333333333334,939.68,2.2666666666666515,-4.384999999999991,-0.025562372188139,986.0,950.0,941.0,950.0,9100.0
2025-01-25,941.0,954.0,939.0,953.0,928.8589477539062,16900.0,952.45,957.16,944.52,920.11,58.33333333333334,940.74,2.1866666666666106,-4.3700000000000045,-0.015495867768595,986.0,954.0,953.0,941.0,16900.0
2025-01-26,941.0,954.0,939.0,953.0,928.8589477539062,16900.0,950.8,956.24,945.04,919.3,58.33333333333334,941.8,2.2666666666666515,-4.259999999999991,0.0127523910733262,969.0,954.0,953.0,941.0,16900.0
2025-01-27,953.0,963.0,949.0,950.0,925.9349975585938,15400.0,949.85,955.2,945.12,918.39,55.99999999999999,942.8,1.9066666666666376,-4.284999999999968,0.0074231177094379,962.0,954.0,953.0,941.0,16900.0
2025-01-28,945.0,960.0,945.0,950.0,925.9349975585938,13800.0,949.6,954.16,944.72,917.425,50.74626865671642,943.64,1.1866666666667245,-4.32000000000005,-0.0021008403361344,962.0,963.0,950.0,953.0,15400.0
2025-01-29,953.0,953.0,946.0,950.0,925.9349975585938,21000.0,949.3,953.12,944.72,916.46,52.30769230769231,944.48,0.7066666666667061,-4.464999999999918,-0.0021008403361344,962.0,960.0,950.0,945.0,13800.0
2025-01-30,947.0,952.0,919.0,919.0,895.7202758789062,81700.0,948.2,950.84,944.3066666666666,915.34,35.41666666666667,944.88,-0.2133333333333666,-4.769999999999982,-0.0346638655462184,962.0,953.0,950.0,953.0,21000.0
2025-01-31,947.0,947.0,911.0,919.0,895.7202758789062,50200.0,947.1,948.16,943.8933333333332,914.22,23.456790123456784,945.32,-1.146666666666647,-5.079999999999927,-0.0254506892895015,962.0,952.0,919.0,947.0,81700.0
2025-02-01,947.0,947.0,911.0,919.0,895.7202758789062,50200.0,946.0,946.16,943.36,913.18,23.456790123456784,945.56,-1.759999999999991,-5.210000000000036,-0.0285412262156448,962.0,947.0,919.0,947.0,50200.0
2025-02-02,947.0,947.0,911.0,919.0,895.7202758789062,50200.0,944.9,944.72,942.5733333333334,912.17,23.456790123456784,945.8,-2.146666666666647,-5.254999999999996,-0.015005359056806,962.0,947.0,919.0,947.0,50200.0
2025-02-03,922.0,966.0,918.0,961.0,936.6563110351562,46200.0,945.5,944.92,942.52,911.395,54.95495495495495,946.88,-2.200000000000045,-5.065000000000055,0.0491266375545851,962.0,947.0,919.0,947.0,50200.0
2025-02-04,932.0,958.0,923.0,934.0,910.34033203125,47200.0,944.85,944.64,942.1333333333332,910.545,46.56488549618321,947.86,-2.1733333333332894,-4.795000000000073,0.0377777777777776,962.0,966.0,961.0,922.0,46200.0
2025-02-05,949.0,949.0,936.0,944.0,920.0869750976562,6100.0,944.7,944.76,941.72,909.745,47.76119402985074,949.12,-2.1733333333332894,-4.475000000000023,0.0488888888888889,962.0,958.0,934.0,932.0,47200.0
2025-02-06,940.0,970.0,940.0,970.0,945.4283447265624,19400.0,945.1,945.92,941.6533333333332,909.075,59.60264900662252,949.58,-1.706666666666706,-4.1049999999999045,0.0777777777777777,970.0,949.0,944.0,949.0,6100.0
2025-02-07,974.0,988.0,970.0,971.0,946.4030151367188,19200.0,945.55,947.12,941.6,908.57,56.42857142857142,950.18,-0.9733333333333576,-3.599999999999909,0.0693832599118942,971.0,970.0,970.0,940.0,19400.0
2025-02-08,974.0,988.0,970.0,971.0,946.4030151367188,19200.0,946.0,948.0,941.5066666666668,908.11,56.42857142857142,951.38,-1.0133333333333212,-3.284999999999968,0.0693832599118942,971.0,988.0,971.0,974.0,19200.0
2025-02-09,974.0,988.0,970.0,971.0,946.4030151367188,19200.0,947.05,948.96,941.5466666666666,907.65,56.42857142857142,952.58,-0.5866666666667015,-2.894999999999982,0.0800889877641823,971.0,988.0,971.0,974.0,19200.0
2025-02-10,964.0,974.0,955.0,955.0,930.808349609375,10800.0,947.65,949.28,941.7333333333332,907.285,51.63398692810458,953.46,0.0133333333333212,-2.4600000000000364,0.064659977703456,971.0,988.0,971.0,974.0,19200.0
2025-02-11,964.0,974.0,955.0,955.0,930.808349609375,10800.0,947.9,949.0,941.8933333333332,906.855,51.63398692810458,954.18,0.2400000000000091,-2.220000000000028,0.0529217199558986,971.0,974.0,955.0,964.0,10800.0
2025-02-12,958.0,958.0,950.0,951.0,926.9096069335938,13100.0,948.4,948.56,941.88,906.405,50.318471337579616,955.06,0.2799999999999727,-2.1650000000000773,0.0485115766262402,971.0,974.0,955.0,964.0,10800.0
2025-02-13,952.0,952.0,945.0,951.0,926.9096069335938,9300.0,948.3,948.12,941.8666666666668,905.955,62.6984126984127,955.18,0.3600000000000136,-2.1549999999999727,0.0485115766262402,971.0,958.0,951.0,958.0,13100.0
2025-02-14,950.0,950.0,940.0,942.0,918.1376342773438,15600.0,947.75,947.8,941.7333333333332,905.365,58.51851851851852,954.92,0.1866666666667242,-2.284999999999968,0.064406779661017,971.0,952.0,951.0,952.0,9300.0
2025-02-15,950.0,950.0,940.0,942.0,918.1376342773438,15600.0,947.2,947.76,941.72,904.835,58.51851851851852,954.36,-0.0133333333333212,-2.449999999999932,0.0692395005675368,971.0,950.0,942.0,950.0,15600.0
2025-02-16,950.0,950.0,940.0,942.0,918.1376342773438,15600.0,946.8,947.44,941.6666666666666,904.1,58.51851851851852,953.8,-0.2266666666666879,-2.7549999999999955,-0.0052798310454065,971.0,950.0,942.0,950.0,15600.0
2025-02-17,944.0,950.0,939.0,944.0,920.0869750976562,18500.0,946.5,947.56,941.8133333333334,903.535,41.05263157894737,953.28,-0.066666666666606,-2.8700000000000045,0.0031880977683316,971.0,950.0,942.0,950.0,15600.0
2025-02-18,944.0,955.0,944.0,950.0,925.9349975585938,22500.0,946.5,947.44,942.2666666666668,903.735,60.810810810810814,952.76,0.3999999999999772,-2.220000000000028,0.0428100987925357,971.0,950.0,944.0,944.0,18500.0
2025-02-19,950.0,968.0,950.0,965.0,940.5550537109376,11900.0,948.8,947.92,943.1333333333332,904.01,63.291139240506325,952.54,1.3999999999999773,-1.3550000000000182,0.0592755214050493,971.0,955.0,950.0,944.0,22500.0
2025-02-20,979.0,984.0,958.0,963.0,938.6056518554688,20700.0,951.0,948.32,943.9733333333334,904.275,43.636363636363626,952.28,2.2533333333333303,-0.5600000000000591,0.0570801317233808,971.0,968.0,965.0,950.0,11900.0
2025-02-21,978.0,978.0,945.0,953.0,928.8589477539062,11600.0,952.7,948.44,944.68,905.235,35.9375,951.82,3.013333333333321,1.134999999999991,0.0369967355821545,971.0,984.0,963.0,979.0,20700.0
2025-02-22,978.0,978.0,945.0,953.0,928.8589477539062,11600.0,954.4,948.56,945.28,906.16,35.9375,951.36,3.466666666666584,2.625,0.0507166482910694,971.0,978.0,953.0,978.0,11600.0
2025-02-23,978.0,978.0,945.0,953.0,928.8589477539062,11600.0,954.0,948.68,945.88,906.85,35.9375,950.9,3.613333333333344,3.115000000000009,0.0084656084656085,971.0,978.0,953.0,978.0,11600.0
2025-02-24,978.0,978.0,945.0,953.0,928.8589477539062,11600.0,954.95,950.04,946.6,907.615,47.91666666666666,950.44,3.466666666666697,3.605000000000018,-0.0020942408376963,971.0,978.0,953.0,978.0,11600.0
2025-02-25,948.0,965.0,946.0,963.0,938.6056518554688,9000.0,955.9,951.8,947.48,908.385,56.896551724137936,949.98,3.5066666666666606,4.110000000000014,-0.0072164948453607,971.0,978.0,953.0,978.0,11600.0
2025-02-26,963.0,966.0,946.0,951.0,926.9096069335938,10500.0,954.95,953.08,948.0666666666668,909.095,50.0,949.62,3.3866666666667697,3.8600000000000136,-0.0195876288659794,971.0,965.0,963.0,948.0,9000.0
2025-02-27,959.0,963.0,950.0,963.0,938.6056518554688,6400.0,954.55,954.84,948.8133333333334,909.865,57.69230769230769,949.78,3.5333333333334167,3.705000000000041,-0.0072164948453607,971.0,966.0,951.0,963.0,10500.0
2025-02-28,964.0,964.0,948.0,958.0,933.7323608398438,11300.0,953.9,954.72,949.4933333333332,910.61,60.810810810810814,949.82,3.613333333333344,3.759999999999991,-0.0184426229508196,971.0,963.0,963.0,959.0,6400.0
2025-03-01,964.0,964.0,948.0,958.0,933.7323608398438,11300.0,953.25,955.68,950.4666666666668,911.15,60.810810810810814,950.16,3.866666666666674,3.534999999999968,-0.0184426229508196,965.0,964.0,958.0,964.0,11300.0
2025-03-02,964.0,964.0,948.0,958.0,933.7323608398438,11300.0,953.4,956.24,951.4933333333332,911.61,60.810810810810814,950.5,4.013333333333321,3.2250000000000227,-0.0184426229508196,965.0,964.0,958.0,964.0,11300.0
2025-03-03,965.0,965.0,957.0,962.0,937.6309814453124,6100.0,953.75,955.92,951.6933333333334,912.115,61.84210526315789,950.92,3.626666666666665,3.019999999999982,-0.014344262295082,965.0,964.0,958.0,964.0,11300.0
2025-03-04,960.0,966.0,952.0,954.0,929.8336181640624,9600.0,953.9,955.24,951.8666666666668,912.53,52.56410256410256,951.18,3.053333333333285,2.664999999999964,-0.0225409836065574,965.0,965.0,962.0,965.0,6100.0
2025-03-05,955.0,959.0,950.0,953.0,928.8589477539062,8100.0,954.0,954.52,952.4266666666666,912.94,40.625,951.26,2.9333333333332803,2.330000000000041,-0.0235655737704918,965.0,966.0,954.0,960.0,9600.0
2025-03-06,956.0,962.0,950.0,950.0,925.9349975585938,6200.0,954.4,953.68,952.9466666666668,913.335,40.0,951.32,2.480000000000018,2.185000000000059,-0.026639344262295,965.0,959.0,953.0,955.0,8100.0
2025-03-07,950.0,959.0,947.0,947.0,923.010986328125,6100.0,954.65,953.36,953.4266666666666,913.82,44.82758620689656,951.32,1.9333333333332805,2.2100000000000364,-0.0395537525354969,965.0,962.0,950.0,956.0,6200.0
2025-03-08,950.0,959.0,947.0,947.0,923.010986328125,6100.0,954.9,953.04,953.8,914.05,44.82758620689656,951.02,2.1066666666665697,1.9349999999999448,-0.022703818369453,965.0,959.0,947.0,950.0,6100.0
2025-03-09,950.0,959.0,947.0,947.0,923.010986328125,6100.0,955.05,952.88,954.3333333333334,914.28,44.82758620689656,950.72,2.466666666666697,1.75,-0.0083769633507853,965.0,959.0,947.0,950.0,6100.0
2025-03-10,953.0,956.0,950.0,951.0,926.9096069335938,7000.0,955.1,952.88,954.4133333333332,914.595,48.38709677419355,950.5,1.9866666666666788,1.6549999999999727,-0.0052301255230126,965.0,959.0,947.0,950.0,6100.0
2025-03-11,954.0,954.0,933.0,954.0,929.8336181640624,16900.0,954.55,953.36,954.4,914.95,41.81818181818182,950.58,1.453333333333262,1.615000000000009,0.0138150903294367,963.0,956.0,951.0,953.0,7000.0
2025-03-12,951.0,955.0,943.0,954.0,929.8336181640624,10900.0,954.1,953.84,954.1866666666666,915.305,53.48837209302325,950.8,0.7599999999999909,1.4849999999999,0.0138150903294367,963.0,954.0,954.0,954.0,16900.0
2025-03-13,956.0,960.0,947.0,949.0,924.9603271484376,9900.0,953.9,954.12,953.9066666666666,915.635,30.55555555555556,950.78,0.1066666666666833,1.5850000000000364,0.0085015940488841,963.0,955.0,954.0,951.0,10900.0
2025-03-14,960.0,960.0,948.0,960.0,935.681640625,10400.0,954.25,954.76,953.7733333333332,916.045,52.38095238095237,951.16,-0.5600000000000591,1.7649999999999864,0.0201912858660999,963.0,960.0,949.0,956.0,9900.0
2025-03-15,960.0,960.0,948.0,960.0,935.681640625,10400.0,954.6,955.16,953.56,916.35,52.38095238095237,951.3,-0.853333333333353,1.7549999999999957,0.01159114857745,963.0,960.0,960.0,960.0,10400.0
2025-03-16,960.0,960.0,948.0,960.0,935.681640625,10400.0,954.95,954.96,953.3466666666668,916.685,52.38095238095237,951.44,-1.0533333333332848,1.7349999999999,0.0137275607180569,963.0,960.0,960.0,960.0,10400.0
2025-03-17,960.0,968.0,960.0,960.0,935.681640625,7400.0,954.8,954.84,953.1333333333332,916.95,47.368421052631575,951.58,-1.0533333333332848,1.6450000000000955,0.0137275607180569,963.0,960.0,960.0,960.0,10400.0
2025-03-18,965.0,975.0,960.0,961.0,936.6563110351562,11200.0,955.3,955.16,952.9333333333332,917.23,61.29032258064516,951.8,-0.9733333333333576,1.5950000000000273,-0.001039501039501,963.0,968.0,960.0,960.0,7400.0
2025-03-19,961.0,971.0,961.0,971.0,946.4030151367188,5900.0,955.7,955.88,952.8666666666668,917.56,72.5,952.22,-0.906666666666638,1.5149999999999864,0.0093555093555093,971.0,975.0,961.0,965.0,11200.0
2025-03-20,961.0,971.0,961.0,971.0,946.4030151367188,5900.0,956.35,956.6,952.8,917.89,78.37837837837839,952.64,-0.7599999999999909,1.5399999999999636,0.0093555093555093,971.0,971.0,971.0,961.0,5900.0
2025-03-21,973.0,976.0,970.0,974.0,949.3269653320312,8000.0,957.15,957.44,952.7733333333332,918.27,86.48648648648648,953.74,-0.5733333333333803,1.5850000000000364,0.0252631578947368,974.0,971.0,971.0,961.0,5900.0
2025-03-22,973.0,976.0,970.0,974.0,949.3269653320312,8000.0,957.95,957.88,952.6133333333332,918.53,86.48648648648648,954.84,-0.5199999999999818,1.5799999999999272,0.0328738069989396,974.0,976.0,974.0,973.0,8000.0
2025-03-23,973.0,976.0,970.0,974.0,949.3269653320312,8000.0,958.55,958.8,952.68,918.995,86.48648648648648,955.94,-0.2533333333333303,1.7649999999999864,0.0252631578947368,974.0,976.0,974.0,973.0,8000.0
2025-03-24,976.0,978.0,973.0,977.0,952.2510375976562,6300.0,959.7,959.36,952.9733333333334,919.53,86.11111111111111,957.1,0.1066666666666833,1.9700000000000275,0.0382571732199787,977.0,976.0,974.0,973.0,8000.0
2025-03-25,979.0,979.0,975.0,978.0,953.2257080078124,4900.0,960.95,960.16,953.2666666666668,920.115,85.29411764705883,957.44,0.466666666666697,2.2250000000000227,0.0262329485834207,978.0,978.0,977.0,976.0,6300.0
2025-03-26,980.0,988.0,980.0,985.0,960.04833984375,9600.0,962.7,961.24,953.8533333333334,920.735,87.8048780487805,958.46,1.080000000000041,2.465000000000032,0.0335781741867786,985.0,979.0,978.0,979.0,4900.0
2025-03-27,986.0,988.0,978.0,979.0,954.2003784179688,15800.0,964.3,962.08,954.36,921.325,85.71428571428572,959.16,1.7466666666666697,2.7950000000000728,0.0272822665267575,985.0,988.0,985.0,980.0,9600.0
2025-03-28,962.0,962.0,954.0,956.0,944.322509765625,12100.0,964.75,961.84,954.56,921.895,46.2962962962963,958.88,1.879999999999996,2.8999999999999773,0.0063157894736842,985.0,988.0,979.0,986.0,15800.0
2025-03-29,962.0,962.0,954.0,956.0,944.322509765625,12100.0,965.2,961.92,954.76,922.42,46.2962962962963,958.58,1.786666666666633,2.8899999999999864,0.0063157894736842,985.0,962.0,956.0,962.0,12100.0
2025-03-30,962.0,962.0,954.0,956.0,944.322509765625,12100.0,965.45,962.04,954.8533333333334,923.045,46.2962962962963,958.28,1.5866666666667015,2.92999999999995,0.0063157894736842,985.0,962.0,956.0,962.0,12100.0
2025-03-31,962.0,962.0,949.0,951.0,939.383544921875,13600.0,965.3,962.08,954.9066666666666,923.465,42.37288135593221,957.88,1.0533333333332848,2.730000000000018,0.0348204570184984,985.0,962.0,956.0,962.0,12100.0
2025-04-01,966.0,966.0,945.0,961.0,949.2614135742188,8800.0,965.65,962.64,955.0933333333334,923.95,50.0,958.0,0.7333333333333485,2.625,0.0457018498367791,985.0,962.0,951.0,962.0,13600.0
2025-04-02,960.0,960.0,935.0,935.0,923.5790405273438,13100.0,964.95,962.16,954.7333333333332,924.305,28.57142857142857,957.6,0.173333333333403,2.409999999999968,0.0174102285092492,985.0,966.0,961.0,966.0,8800.0
2025-04-03,935.0,935.0,915.0,922.0,910.73779296875,15200.0,963.05,961.16,954.2,924.595,24.74226804123711,957.02,-0.5599999999999454,2.175000000000068,0.0032644178454841,985.0,960.0,935.0,960.0,13100.0
2025-04-04,910.0,910.0,858.0,905.0,893.9454345703125,48200.0,960.3,959.32,953.44,924.8,18.91891891891892,956.1,-1.4133333333332985,1.7549999999999957,-0.0582726326742976,985.0,935.0,922.0,935.0,15200.0
2025-04-05,910.0,910.0,858.0,905.0,893.9454345703125,48200.0,957.55,957.36,952.84,925.015,18.91891891891892,955.36,-2.066666666666606,1.5499999999999543,-0.0310492505353319,985.0,910.0,905.0,910.0,48200.0
2025-04-06,910.0,910.0,858.0,905.0,893.9454345703125,48200.0,954.8,955.4,952.3333333333334,925.185,18.91891891891892,954.62,-2.759999999999991,1.2349999999999,-0.0413135593220338,985.0,910.0,905.0,910.0,48200.0
2025-04-07,800.0,863.0,795.0,817.0,807.0203857421875,36000.0,947.6,950.12,950.56,924.815,9.183673469387756,952.12,-4.173333333333403,0.5100000000001046,-0.1577319587628866,985.0,910.0,905.0,910.0,48200.0
2025-04-08,860.0,889.0,855.0,865.0,854.43408203125,14000.0,942.3,946.32,949.5466666666666,924.575,26.74897119341564,950.54,-4.653333333333421,-0.0199999999999818,-0.1091658084449022,985.0,863.0,817.0,800.0,36000.0
2025-04-09,856.0,900.0,832.0,861.0,850.48291015625,17400.0,936.8,942.36,948.32,924.315,24.16666666666667,948.76,-5.1200000000000045,-0.4849999999998999,-0.113285272914521,985.0,889.0,865.0,860.0,14000.0
2025-04-10,918.0,918.0,888.0,899.0,888.0187377929688,12800.0,933.05,939.92,947.6,924.245,35.294117647058826,947.44,-5.240000000000009,-0.7699999999999818,-0.074150360453141,985.0,900.0,861.0,856.0,17400.0
2025-04-11,876.0,915.0,862.0,900.0,889.0065307617188,8100.0,929.35,937.52,946.8933333333332,924.18,38.8,946.18,-5.440000000000055,-1.0049999999999957,-0.0575916230366492,985.0,918.0,899.0,918.0,12800.0
2025-04-12,876.0,915.0,862.0,900.0,889.0065307617188,8100.0,925.65,935.08,946.2266666666668,924.22,38.8,945.12,-4.3333333333332575,-0.5950000000000273,-0.0575916230366492,985.0,915.0,900.0,876.0,8100.0
2025-04-13,876.0,915.0,862.0,900.0,889.0065307617188,8100.0,921.8,932.24,945.56,924.31,38.8,944.06,-3.986666666666679,-0.2650000000001,-0.0536277602523659,985.0,915.0,900.0,876.0,8100.0
2025-04-14,905.0,925.0,900.0,907.0,895.9210205078125,7800.0,918.25,929.68,944.9866666666668,924.515,41.26984126984127,943.14,-3.3333333333333712,0.1999999999999318,-0.046267087276551,985.0,915.0,900.0,876.0,8100.0
2025-04-15,905.0,915.0,896.0,902.0,890.9821166992188,4900.0,914.1,926.8,944.76,924.72,38.05668016194332,942.12,-2.840000000000032,0.4750000000000227,-0.0424628450106157,979.0,925.0,907.0,905.0,7800.0
2025-04-16,897.0,909.0,883.0,895.0,884.067626953125,4800.0,909.9,923.64,944.44,924.89,41.2280701754386,940.76,-2.453333333333262,0.7100000000000364,-0.0498938428874734,961.0,915.0,902.0,905.0,4900.0
2025-04-17,883.0,899.0,883.0,897.0,886.0431518554688,3400.0,906.95,920.56,944.1466666666666,925.07,44.23963133640553,939.68,-2.080000000000041,0.8500000000000227,-0.0477707006369426,961.0,909.0,895.0,897.0,4800.0
2025-04-18,895.0,914.0,893.0,913.0,901.8477172851562,6900.0,904.8,918.0,944.0666666666668,925.4,51.85185185185185,938.68,-1.4933333333332257,1.0900000000000318,-0.0328389830508474,961.0,899.0,897.0,883.0,3400.0
2025-04-19,895.0,914.0,893.0,913.0,901.8477172851562,6900.0,902.65,915.4,943.4266666666666,925.665,51.85185185185185,937.78,-1.5600000000000591,1.1499999999999773,-0.0389473684210526,961.0,914.0,913.0,895.0,6900.0
2025-04-20,895.0,914.0,893.0,913.0,901.8477172851562,6900.0,900.75,912.52,943.1466666666666,926.01,51.85185185185185,936.88,-1.613333333333344,1.2899999999999636,-0.0538860103626942,961.0,914.0,913.0,895.0,6900.0
2025-04-21,913.0,950.0,913.0,931.0,919.6278686523438,9600.0,899.25,910.6,942.9733333333334,926.435,89.04109589041096,936.34,-1.466666666666697,1.544999999999959,-0.0332294911734164,935.0,914.0,913.0,895.0,6900.0
2025-04-22,916.0,923.0,898.0,908.0,896.9088134765625,8300.0,897.9,908.68,942.1466666666666,926.75,67.76859504132231,935.26,-2.0,1.67999999999995,-0.0472193074501573,931.0,950.0,931.0,913.0,9600.0
2025-04-23,914.0,920.0,910.0,913.0,901.8477172851562,7500.0,897.45,906.96,941.3733333333332,927.09,71.31147540983606,934.44,-2.693333333333385,1.6900000000000546,-0.0419727177334732,931.0,923.0,908.0,916.0,8300.0
2025-04-24,920.0,922.0,913.0,922.0,910.73779296875,2200.0,898.3,905.6,940.72,927.475,62.36559139784946,933.82,-2.7066666666665924,1.8100000000000591,-0.0325288562434418,931.0,920.0,913.0,914.0,7500.0
2025-04-25,923.0,929.0,913.0,914.0,902.8355102539062,5300.0,898.75,904.12,939.96,927.82,56.99999999999999,933.1,-3.1866666666666106,1.8100000000000591,-0.0409233997901363,931.0,922.0,922.0,920.0,2200.0
2025-04-26,923.0,929.0,913.0,914.0,902.8355102539062,5300.0,899.2,902.24,939.4133333333332,928.245,56.99999999999999,932.44,-3.560000000000059,1.8100000000000591,-0.0508826583592938,931.0,929.0,914.0,923.0,5300.0
2025-04-27,923.0,929.0,913.0,914.0,902.8355102539062,5300.0,904.05,901.4,938.8666666666668,928.69,56.99999999999999,931.78,-3.2799999999999727,1.9400000000000543,-0.038906414300736,931.0,929.0,914.0,923.0,5300.0
2025-04-28,914.0,937.0,913.0,937.0,925.5545654296876,6800.0,907.65,902.0,938.68,929.235,62.93103448275862,931.58,-2.693333333333385,2.144999999999982,-0.0269989615784008,937.0,929.0,914.0,923.0,5300.0
2025-04-29,914.0,937.0,913.0,937.0,925.5545654296876,6800.0,911.45,903.28,938.4933333333332,929.735,65.76576576576576,931.3,-2.226666666666688,2.259999999999991,-0.0219206680584551,937.0,937.0,937.0,914.0,6800.0
2025-04-30,940.0,940.0,920.0,925.0,913.701171875,17300.0,912.75,904.08,938.2666666666668,930.175,62.93103448275862,930.72,-1.6933333333333849,2.3549999999999045,-0.0344467640918579,937.0,937.0,937.0,914.0,6800.0
2025-05-01,935.0,936.0,925.0,925.0,913.701171875,4900.0,914.0,904.88,938.04,930.615,62.280701754385966,930.14,-1.3733333333333348,2.3700000000000045,-0.0344467640918579,937.0,940.0,925.0,940.0,17300.0
2025-05-02,930.0,930.0,901.0,903.0,891.9699096679688,15700.0,914.15,908.32,937.52,930.945,45.83333333333333,929.22,-1.3466666666666924,2.2549999999999955,-0.0613305613305613,937.0,936.0,925.0,935.0,4900.0
2025-05-03,930.0,930.0,901.0,903.0,891.9699096679688,15700.0,914.3,909.84,936.9733333333334,931.29,45.83333333333333,928.08,-1.7066666666665924,2.05499999999995,-0.0534591194968553,937.0,930.0,903.0,930.0,15700.0
2025-05-04,930.0,930.0,901.0,903.0,891.9699096679688,15700.0,914.1,911.52,936.3466666666668,931.665,45.83333333333333,926.94,-2.146666666666647,1.92999999999995,-0.0524658971668415,937.0,930.0,903.0,930.0,15700.0
2025-05-05,930.0,930.0,901.0,903.0,891.9699096679688,15700.0,914.15,911.68,935.52,932.08,36.27450980392157,925.8,-2.7466666666666697,1.9050000000000864,-0.0494736842105263,937.0,930.0,903.0,930.0,15700.0
2025-05-06,930.0,930.0,901.0,903.0,891.9699096679688,15700.0,914.55,911.8,934.72,932.47,46.83544303797469,924.66,-3.3199999999999363,1.8550000000000184,-0.0464625131995776,937.0,930.0,903.0,930.0,15700.0
2025-05-07,913.0,940.0,913.0,939.0,927.5301513671876,10400.0,916.65,913.36,934.5333333333332,933.04,61.81818181818181,924.22,-2.986666666666679,2.0949999999999136,-0.0084477296726505,939.0,930.0,903.0,930.0,15700.0
2025-05-08,942.0,956.0,927.0,956.0,944.322509765625,57900.0,918.8,915.6,934.5733333333334,933.695,64.40677966101694,923.92,-2.3999999999999773,2.4050000000000864,0.0095036958817318,956.0,940.0,939.0,913.0,10400.0
2025-05-09,982.0,1097.0,982.0,1030.0,1017.4185791015624,114600.0,924.65,920.52,935.6,934.64,81.52173913043478,925.1,-0.7466666666666697,2.9750000000000227,0.0830704521556255,1030.0,956.0,956.0,942.0,57900.0
2025-05-10,982.0,1097.0,982.0,1030.0,1017.4185791015624,114600.0,930.5,925.64,936.6266666666668,935.635,81.52173913043478,926.22,1.1066666666666831,3.55499999999995,0.079664570230608,1030.0,1097.0,1030.0,982.0,114600.0
2025-05-11,982.0,1097.0,982.0,1030.0,1017.4185791015624,114600.0,935.45,931.04,937.52,936.47,81.52173913043478,927.34,2.7999999999999545,4.0,0.079664570230608,1030.0,1097.0,1030.0,982.0,114600.0
2025-05-12,1030.0,1040.0,970.0,996.0,983.8339233398438,46000.0,939.85,935.0,938.12,937.245,65.12820512820514,927.78,3.586666666666701,4.205000000000041,0.0495258166491043,1030.0,1097.0,1030.0,982.0,114600.0
2025-05-13,1029.0,1029.0,997.0,1007.0,994.6995239257812,19500.0,944.55,938.76,938.7066666666668,938.205,66.99029126213593,928.38,4.133333333333326,4.509999999999991,0.0489583333333334,1030.0,1040.0,996.0,1030.0,46000.0
2025-05-14,1009.0,1030.0,995.0,1006.0,993.7117309570312,26900.0,948.75,942.48,939.3466666666668,939.16,70.76923076923077,928.94,3.7466666666666697,4.519999999999982,0.0479166666666666,1030.0,1029.0,1007.0,1029.0,19500.0
2025-05-15,990.0,1022.0,964.0,980.0,968.0293579101562,57900.0,952.05,945.16,939.64,939.985,62.44343891402716,928.84,3.013333333333321,4.350000000000023,0.0208333333333332,1030.0,1030.0,1006.0,1009.0,26900.0
2025-05-16,981.0,1007.0,974.0,989.0,976.91943359375,35700.0,955.8,947.48,940.0533333333332,940.725,70.67307692307692,929.04,2.533333333333303,4.254999999999996,0.0302083333333333,1030.0,1022.0,980.0,990.0,57900.0
2025-05-17,981.0,1007.0,974.0,989.0,976.91943359375,35700.0,959.55,950.72,940.4133333333332,941.44,70.67307692307692,929.7,2.293333333333294,4.19500000000005,0.0291363163371487,1030.0,1007.0,989.0,981.0,35700.0
2025-05-18,981.0,1007.0,974.0,989.0,976.91943359375,35700.0,962.15,953.76,940.88,942.185,70.67307692307692,930.36,2.1733333333332894,3.979999999999905,0.0185375901132853,1030.0,1007.0,989.0,981.0,35700.0
2025-05-19,992.0,1018.0,991.0,997.0,984.8217163085938,14600.0,965.15,956.76,941.4666666666668,942.85,71.75925925925927,931.18,2.1200000000000045,3.690000000000055,0.026776519052523,1030.0,1007.0,989.0,981.0,35700.0
2025-05-20,990.0,1064.0,990.0,1044.0,1031.24755859375,31500.0,971.1,961.96,942.72,943.565,76.80608365019012,933.04,3.080000000000041,3.580000000000041,0.0718685831622176,1044.0,1018.0,997.0,992.0,14600.0
2025-05-21,1041.0,1041.0,998.0,1009.0,996.6751098632812,26700.0,975.3,965.76,943.5466666666666,944.105,63.3587786259542,934.0,3.4933333333333394,3.3799999999999955,0.0359342915811087,1044.0,1064.0,1044.0,990.0,31500.0
2025-05-22,995.0,1008.0,990.0,994.0,981.8583374023438,16900.0,979.85,968.96,944.1733333333332,944.57,57.30769230769231,935.18,3.759999999999991,3.1299999999999955,0.0205338809034907,1044.0,1041.0,1009.0,1041.0,26700.0
2025-05-23,994.0,1029.0,994.0,1013.0,1000.626220703125,15300.0,985.35,972.0,945.0533333333332,945.13,45.85365853658536,937.0,4.173333333333289,2.94500000000005,0.0368474923234392,1044.0,1008.0,994.0,995.0,16900.0
2025-05-24,994.0,1029.0,994.0,1013.0,1000.626220703125,15300.0,990.85,975.04,945.88,945.485,45.85365853658536,939.16,4.4133333333332985,2.634999999999991,0.0357873210633947,1044.0,1029.0,1013.0,994.0,15300.0
2025-05-25,994.0,1029.0,994.0,1013.0,1000.626220703125,15300.0,996.35,978.56,946.6666666666666,946.02,45.85365853658536,941.32,3.9466666666666015,2.4549999999999272,0.0284263959390862,1044.0,1029.0,1013.0,994.0,15300.0
2025-05-26,1029.0,1048.0,1015.0,1035.0,1022.3575439453124,20300.0,1002.95,982.96,947.7466666666668,946.645,60.10362694300518,943.92,4.2000000000000455,2.539999999999964,0.0572012257405516,1044.0,1029.0,1013.0,994.0,15300.0
2025-05-27,1045.0,1082.0,1045.0,1067.0,1053.9666748046875,18200.0,1009.35,989.52,949.32,947.395,64.01869158878505,948.92,5.146666666666761,2.824999999999932,0.1161087866108787,1067.0,1048.0,1035.0,1029.0,20300.0
2025-05-28,1070.0,1079.0,1062.0,1079.0,1065.820068359375,17400.0,1015.5,996.56,950.9066666666666,948.205,66.22222222222223,953.2,5.853333333333353,3.075000000000045,0.1286610878661087,1079.0,1082.0,1067.0,1045.0,18200.0
2025-05-29,1079.0,1079.0,1066.0,1075.0,1061.868896484375,8600.0,1017.75,1003.44,952.44,948.995,73.39901477832512,957.48,6.560000000000059,3.509999999999991,0.1244769874476987,1079.0,1079.0,1079.0,1070.0,17400.0
2025-05-30,1073.0,1109.0,1073.0,1109.0,1095.45361328125,31700.0,1021.7,1011.68,954.4266666666666,949.965,76.31578947368422,961.68,7.759999999999991,3.94500000000005,0.1661409043112514,1109.0,1079.0,1075.0,1079.0,8600.0
2025-05-31,1073.0,1109.0,1073.0,1109.0,1095.45361328125,31700.0,1025.65,1019.92,956.4133333333332,950.94,76.31578947368422,965.86,8.666666666666629,4.295000000000073,0.154006243496358,1109.0,1109.0,1109.0,1073.0,31700.0
2025-06-01,1073.0,1109.0,1073.0,1109.0,1095.45361328125,31700.0,1031.3,1026.72,958.3866666666668,951.765,76.31578947368422,970.04,9.066666666666606,4.3700000000000045,0.1860962566844919,1109.0,1109.0,1109.0,1073.0,31700.0
2025-06-02,1110.0,1125.0,1091.0,1096.0,1082.6124267578125,21800.0,1035.75,1032.32,960.0533333333332,952.345,71.24463519313305,973.96,9.146666666666649,4.139999999999986,0.1887201735357917,1109.0,1109.0,1109.0,1073.0,31700.0
2025-06-03,1126.0,1126.0,1090.0,1100.0,1086.5635986328125,9200.0,1040.45,1035.12,961.7733333333332,953.095,64.73684210526315,977.82,9.333333333333258,4.100000000000023,0.2154696132596685,1109.0,1125.0,1096.0,1110.0,21800.0
2025-06-04,1111.0,1150.0,1103.0,1146.0,1132.001708984375,28600.0,1048.75,1039.76,964.0666666666668,954.075,84.07960199004975,982.7,9.6400000000001,4.110000000000014,0.2662983425414365,1146.0,1126.0,1100.0,1126.0,9200.0
2025-06-05,1144.0,1163.0,1134.0,1160.0,1145.8306884765625,34500.0,1057.3,1044.96,966.5466666666666,955.125,91.5,988.0,10.133333333333326,4.184999999999945,0.281767955801105,1160.0,1150.0,1146.0,1111.0,28600.0
2025-06-06,1160.0,1175.0,1159.0,1175.0,1160.6474609375,24200.0,1066.6,1052.12,969.2266666666668,956.205,91.3265306122449,993.56,10.840000000000032,4.440000000000055,0.438188494492044,1175.0,1163.0,1160.0,1144.0,34500.0
2025-06-07,1160.0,1175.0,1159.0,1175.0,1160.6474609375,24200.0,1075.9,1058.84,971.8666666666668,957.19,91.3265306122449,998.8,11.81333333333339,4.845000000000027,0.3583815028901733,1175.0,1175.0,1175.0,1160.0,24200.0
2025-06-08,1160.0,1175.0,1159.0,1175.0,1160.6474609375,24200.0,1084.8,1065.6,974.4933333333332,958.24,91.3265306122449,1004.04,12.720000000000027,5.144999999999982,0.3646922183507548,1175.0,1175.0,1175.0,1160.0,24200.0
2025-06-09,1184.0,1188.0,1166.0,1175.0,1160.6474609375,26300.0,1091.35,1073.4,977.0266666666666,959.3,90.22988505747126,1009.28,12.959999999999924,5.224999999999909,0.3070077864293659,1175.0,1175.0,1175.0,1160.0,24200.0
2025-06-10,1171.0,1171.0,1140.0,1147.0,1132.989501953125,27200.0,1098.25,1079.72,979.2666666666668,960.16,73.52941176470588,1013.6,12.720000000000027,5.034999999999968,0.2744444444444445,1175.0,1188.0,1175.0,1184.0,26300.0
2025-06-11,1159.0,1168.0,1141.0,1151.0,1136.9405517578125,11500.0,1106.1,1086.2,981.8666666666668,961.04,72.22222222222223,1018.46,12.639999999999986,4.834999999999923,0.2788888888888889,1175.0,1171.0,1147.0,1171.0,27200.0
2025-06-12,1152.0,1160.0,1138.0,1138.0,1124.099365234375,6500.0,1112.35,1092.16,984.2933333333332,961.855,68.42105263157895,1022.96,12.42666666666662,4.664999999999964,0.2644444444444445,1175.0,1168.0,1151.0,1159.0,11500.0
2025-06-13,1135.0,1137.0,1092.0,1121.0,1107.3070068359375,25500.0,1117.75,1097.12,986.4933333333332,962.57,53.8961038961039,1026.94,12.0,4.330000000000041,0.2359426681367145,1175.0,1160.0,1138.0,1152.0,6500.0
2025-06-14,1135.0,1137.0,1092.0,1121.0,1107.3070068359375,25500.0,1123.15,1100.2,988.76,963.335,53.8961038961039,1031.08,11.733333333333348,4.035000000000082,0.2427937915742792,1175.0,1137.0,1121.0,1135.0,25500.0
2025-06-15,1135.0,1137.0,1092.0,1121.0,1107.3070068359375,25500.0,1127.45,1104.68,990.8933333333332,964.235,53.8961038961039,1035.22,11.626666666666663,4.0750000000000455,0.252513966480447,1175.0,1137.0,1121.0,1135.0,25500.0
2025-06-16,1119.0,1136.0,1110.0,1110.0,1096.44140625,13400.0,1129.6,1109.32,993.2266666666668,965.07,54.60526315789474,1039.14,11.360000000000014,4.030000000000086,0.2374581939799331,1175.0,1137.0,1121.0,1135.0,25500.0
2025-06-17,1124.0,1150.0,1123.0,1145.0,1131.013916015625,14300.0,1132.9,1114.6,996.2,966.035,62.29508196721312,1043.3,11.906666666666752,4.17999999999995,0.2541073384446879,1175.0,1136.0,1110.0,1119.0,13400.0
2025-06-18,1143.0,1210.0,1131.0,1210.0,1195.2198486328125,40900.0,1139.65,1122.48,1000.2666666666668,967.325,65.84158415841583,1048.76,13.773333333333312,4.754999999999996,0.3253012048192771,1210.0,1150.0,1145.0,1124.0,14300.0
2025-06-19,1211.0,1219.0,1172.0,1176.0,1161.63525390625,26500.0,1143.0,1129.0,1003.88,968.445,53.6036036036036,1053.78,15.120000000000005,5.110000000000014,0.2880613362541073,1210.0,1210.0,1210.0,1143.0,40900.0
2025-06-20,1180.0,1202.0,1177.0,1177.0,1162.623046875,14500.0,1146.4,1134.68,1007.5066666666668,969.615,50.48076923076923,1058.82,16.613333333333344,5.379999999999996,0.2642320085929108,1210.0,1219.0,1176.0,1211.0,26500.0
2025-06-21,1180.0,1202.0,1177.0,1177.0,1162.623046875,14500.0,1149.8,1139.08,1012.3066666666666,970.77,50.48076923076923,1064.3,19.079999999999927,5.699999999999932,0.2962555066079295,1210.0,1202.0,1177.0,1180.0,14500.0
2025-06-22,1180.0,1202.0,1177.0,1177.0,1162.623046875,14500.0,1153.85,1143.0,1016.4666666666668,971.99,50.48076923076923,1069.78,20.26666666666665,5.955000000000041,0.2891566265060241,1210.0,1202.0,1177.0,1180.0,14500.0
2025-06-23,1170.0,1182.0,1147.0,1180.0,1165.5863037109375,14900.0,1157.85,1147.2,1020.72,973.31,51.18483412322275,1075.32,20.453333333333376,5.9849999999999,0.2798264642082428,1210.0,1202.0,1177.0,1180.0,14500.0
2025-06-24,1188.0,1188.0,1162.0,1169.0,1154.720703125,11200.0,1159.0,1149.6,1024.32,974.655,55.67010309278351,1080.64,20.43999999999994,6.209999999999923,0.2789934354485777,1210.0,1182.0,1180.0,1170.0,14900.0
2025-06-25,1169.0,1169.0,1137.0,1157.0,1142.8673095703125,24300.0,1158.85,1151.52,1027.746666666667,975.94,51.485148514851495,1085.72,20.24000000000001,6.3250000000000455,0.2658643326039387,1210.0,1188.0,1169.0,1188.0,11200.0
2025-06-26,1175.0,1175.0,1150.0,1160.0,1145.8306884765625,9500.0,1158.1,1153.56,1031.2133333333334,977.24,55.72916666666666,1090.14,18.90666666666675,6.470000000000027,0.2691466083150984,1210.0,1169.0,1157.0,1169.0,24300.0
2025-06-27,1180.0,1180.0,1148.0,1149.0,1134.9649658203125,8900.0,1156.8,1155.68,1034.5333333333333,978.445,57.52688172043011,1094.0,18.06666666666661,6.455000000000041,0.2262540021344716,1210.0,1175.0,1160.0,1175.0,9500.0
2025-06-28,1180.0,1180.0,1148.0,1149.0,1134.9649658203125,8900.0,1155.5,1157.64,1037.76,979.65,57.52688172043011,1096.38,17.039999999999964,6.340000000000032,0.2262540021344716,1210.0,1180.0,1149.0,1180.0,8900.0
2025-06-29,1180.0,1180.0,1148.0,1149.0,1134.9649658203125,8900.0,1154.2,1157.76,1041.0533333333333,980.9,57.52688172043011,1098.76,16.73333333333335,6.2450000000000045,0.2421621621621621,1210.0,1180.0,1149.0,1180.0,8900.0
2025-06-30,1179.0,1179.0,1143.0,1145.0,1131.013916015625,16500.0,1154.1,1157.16,1044.3866666666668,982.14,59.77653631284916,1101.06,16.6400000000001,6.199999999999932,0.2378378378378378,1210.0,1180.0,1149.0,1180.0,8900.0
2025-07-01,1148.0,1174.0,1145.0,1174.0,1159.65966796875,12200.0,1155.25,1157.12,1048.08,983.475,58.38150289017341,1104.62,16.86666666666656,6.235000000000014,0.300110741971207,1210.0,1179.0,1145.0,1179.0,16500.0
2025-07-02,1174.0,1188.0,1161.0,1161.0,1146.8184814453125,12300.0,1156.4,1156.56,1051.3866666666668,984.745,29.75206611570248,1107.7,16.853333333333467,6.2999999999999545,0.2857142857142858,1210.0,1174.0,1174.0,1148.0,12200.0
2025-07-03,1161.0,1178.0,1144.0,1144.0,1130.026123046875,3700.0,1157.55,1155.32,1054.4666666666667,985.93,34.61538461538463,1110.46,16.706666666666706,6.279999999999973,0.2668881506090808,1210.0,1188.0,1161.0,1174.0,12300.0
2025-07-04,1144.0,1154.0,1126.0,1131.0,1117.1849365234375,13100.0,1158.05,1153.56,1057.3733333333332,987.16,30.17241379310346,1113.48,16.319999999999936,6.259999999999991,0.2524916943521595,1210.0,1178.0,1144.0,1161.0,3700.0
2025-07-05,1144.0,1154.0,1126.0,1131.0,1117.1849365234375,13100.0,1158.55,1152.92,1060.04,988.41,30.17241379310346,1116.32,15.653333333333194,6.269999999999982,0.2524916943521595,1210.0,1154.0,1131.0,1144.0,13100.0
2025-07-06,1144.0,1154.0,1126.0,1131.0,1117.1849365234375,13100.0,1159.6,1152.12,1063.013333333333,989.33,30.17241379310346,1119.16,14.933333333333394,5.855000000000018,0.2044728434504792,1210.0,1154.0,1131.0,1144.0,13100.0
2025-07-07,1120.0,1150.0,1100.0,1147.0,1132.989501953125,7600.0,1159.7,1152.48,1066.1333333333334,990.36,37.2093023255814,1122.32,14.74666666666667,5.615000000000009,0.1997907949790796,1210.0,1154.0,1131.0,1144.0,13100.0
2025-07-08,1139.0,1162.0,1096.0,1154.0,1139.9039306640625,12200.0,1156.9,1153.8,1069.2266666666667,991.575,43.99999999999999,1125.46,14.759999999999993,5.645000000000096,0.120388349514563,1180.0,1150.0,1147.0,1120.0,7600.0
2025-07-09,1155.0,1178.0,1150.0,1178.0,1163.6107177734375,23500.0,1157.0,1156.08,1072.746666666667,992.91,57.66423357664233,1128.14,15.373333333333449,5.75,0.1436893203883495,1180.0,1162.0,1154.0,1139.0,12200.0
2025-07-10,1175.0,1175.0,1159.0,1161.0,1146.8184814453125,6300.0,1156.2,1157.68,1076.04,994.16,50.331125827814574,1131.18,16.0,5.75,0.1271844660194174,1180.0,1178.0,1178.0,1155.0,23500.0
2025-07-11,1164.0,1174.0,1151.0,1155.0,1140.8917236328125,7800.0,1155.1,1159.48,1079.253333333333,995.34,52.05479452054795,1134.4,16.24000000000001,6.009999999999991,0.1596385542168674,1180.0,1175.0,1161.0,1175.0,6300.0
2025-07-12,1164.0,1174.0,1151.0,1155.0,1140.8917236328125,7800.0,1154.0,1159.88,1082.16,996.58,52.05479452054795,1137.24,16.026666666666642,6.220000000000027,0.1469712015888777,1180.0,1174.0,1155.0,1164.0,7800.0
2025-07-13,1164.0,1174.0,1151.0,1155.0,1140.8917236328125,7800.0,1152.75,1157.68,1085.0666666666666,997.63,52.05479452054795,1140.08,15.839999999999918,6.05499999999995,0.1481113320079523,1178.0,1174.0,1155.0,1164.0,7800.0
2025-07-14,1144.0,1155.0,1137.0,1143.0,1129.038330078125,10600.0,1151.45,1156.36,1087.9733333333334,998.57,49.35064935064936,1142.68,15.226666666666688,5.660000000000082,0.166326530612245,1178.0,1174.0,1155.0,1164.0,7800.0
2025-07-15,1137.0,1147.0,1103.0,1119.0,1105.3314208984375,22900.0,1149.55,1154.04,1090.56,999.315,31.54362416107384,1144.36,14.519999999999982,5.155000000000086,0.1314459049544996,1178.0,1155.0,1143.0,1144.0,10600.0
2025-07-16,1111.0,1133.0,1108.0,1132.0,1118.172607421875,8400.0,1148.15,1152.24,1093.6133333333332,1000.125,40.26845637583892,1145.66,14.3599999999999,4.784999999999968,0.1445904954499495,1178.0,1147.0,1119.0,1137.0,22900.0
2025-07-17,1120.0,1131.0,1116.0,1131.0,1117.1849365234375,7600.0,1147.25,1150.4,1096.6533333333334,1000.93,45.11278195488722,1146.7,14.49333333333334,4.349999999999909,0.1435793731041457,1178.0,1133.0,1132.0,1111.0,8400.0
2025-07-18,1136.0,1138.0,1111.0,1112.0,1098.4169921875,9400.0,1145.4,1147.68,1099.44,1001.61,43.16546762589928,1147.44,14.373333333333449,3.980000000000018,0.1153460381143429,1178.0,1131.0,1131.0,1120.0,7600.0
2025-07-19,1136.0,1138.0,1111.0,1112.0,1098.4169921875,9400.0,1143.55,1145.4,1102.2266666666667,1002.29,43.16546762589928,1147.5,14.25333333333333,3.7199999999999136,0.0651340996168583,1178.0,1138.0,1112.0,1136.0,9400.0
2025-07-20,1136.0,1138.0,1111.0,1112.0,1098.4169921875,9400.0,1141.9,1143.6,1105.013333333333,1002.97,43.16546762589928,1147.56,14.453333333333376,3.6549999999999727,0.1020812685827552,1178.0,1138.0,1112.0,1136.0,9400.0
2025-07-21,1136.0,1138.0,1111.0,1112.0,1098.4169921875,9400.0,1138.8,1141.68,1107.32,1003.65,35.77235772357723,1147.62,13.706666666666706,3.5249999999999773,0.1187122736418511,1178.0,1138.0,1112.0,1136.0,9400.0
2025-07-22,1123.0,1131.0,1111.0,1128.0,1114.2215576171875,6800.0,1137.15,1140.84,1109.6133333333332,1004.41,40.15151515151516,1148.26,12.959999999999807,3.480000000000018,0.1135241855873643,1178.0,1138.0,1112.0,1136.0,9400.0
2025-07-23,1128.0,1135.0,1121.0,1133.0,1119.160400390625,3100.0,1136.6,1140.2,1110.986666666667,1005.195,30.088495575221245,1148.92,11.546666666666624,3.5850000000000364,0.1184600197433365,1178.0,1131.0,1128.0,1123.0,6800.0
2025-07-24,1134.0,1139.0,1125.0,1130.0,1116.1971435546875,6800.0,1136.55,1139.44,1112.32,1005.965,34.34343434343434,1148.6,10.093333333333248,3.675000000000068,0.1154985192497533,1178.0,1135.0,1133.0,1128.0,3100.0
2025-07-25,1135.0,1159.0,1108.0,1148.0,1133.9771728515625,21000.0,1137.4,1139.56,1113.8933333333334,1006.775,46.84684684684685,1148.36,8.88000000000011,3.80499999999995,0.1091787439613527,1178.0,1139.0,1130.0,1134.0,6800.0
2025-07-26,1135.0,1159.0,1108.0,1148.0,1133.9771728515625,21000.0,1138.25,1138.52,1115.92,1007.67,46.84684684684685,1147.82,8.600000000000136,4.019999999999982,0.0759137769447046,1178.0,1159.0,1148.0,1135.0,21000.0
2025-07-27,1135.0,1159.0,1108.0,1148.0,1133.9771728515625,21000.0,1138.3,1138.0,1117.8,1008.635,46.84684684684685,1147.28,8.186666666666724,4.225000000000023,0.0639481000926784,1178.0,1159.0,1148.0,1135.0,21000.0
2025-07-28,1168.0,1168.0,1140.0,1152.0,1137.9283447265625,6200.0,1138.2,1138.32,1119.746666666667,1009.615,54.36893203883495,1146.82,8.759999999999991,4.419999999999959,0.0716279069767442,1178.0,1159.0,1148.0,1135.0,21000.0
2025-07-29,1152.0,1163.0,1152.0,1156.0,1141.8795166015625,4400.0,1137.1,1139.32,1122.0933333333332,1010.69,72.28915662650603,1146.44,9.773333333333312,4.725000000000023,0.042380522993688,1161.0,1168.0,1152.0,1168.0,6200.0
2025-07-30,1163.0,1180.0,1157.0,1180.0,1165.5863037109375,16700.0,1138.05,1141.28,1124.64,1011.885,75.53191489361703,1147.1,10.74666666666667,5.110000000000014,0.0640216411181244,1180.0,1163.0,1156.0,1152.0,4400.0
2025-07-31,1195.0,1230.0,1182.0,1218.0,1203.1221923828125,59000.0,1141.2,1144.76,1127.6933333333334,1013.27,83.20610687022901,1148.44,11.773333333333312,5.600000000000023,0.0982867448151487,1218.0,1180.0,1180.0,1163.0,16700.0
2025-08-01,1206.0,1225.0,1195.0,1225.0,1210.03662109375,30700.0,1144.7,1147.88,1130.84,1014.69,97.47899159663864,1150.18,13.039999999999964,6.055000000000064,0.1177007299270072,1225.0,1230.0,1218.0,1195.0,59000.0
2025-08-02,1206.0,1225.0,1195.0,1225.0,1210.03662109375,30700.0,1148.2,1150.72,1133.88,1016.07,97.47899159663864,1152.26,14.13333333333344,6.455000000000041,0.1136363636363635,1225.0,1225.0,1225.0,1206.0,30700.0
2025-08-03,1206.0,1225.0,1195.0,1225.0,1210.03662109375,30700.0,1152.3,1152.6,1136.2933333333333,1017.46,97.47899159663864,1154.34,14.200000000000044,6.769999999999982,0.0689354275741709,1225.0,1225.0,1225.0,1206.0,30700.0
2025-08-04,1184.0,1238.0,1184.0,1226.0,1211.0244140625,38000.0,1157.65,1155.2,1139.1866666666667,1018.855,97.5,1156.44,14.546666666666624,6.970000000000027,0.0568965517241379,1226.0,1225.0,1225.0,1206.0,30700.0
2025-08-05,1232.0,1267.0,1225.0,1247.0,1231.7679443359375,33100.0,1163.4,1158.88,1142.56,1020.28,97.6,1159.18,14.86666666666656,7.009999999999991,0.0612765957446808,1247.0,1238.0,1226.0,1184.0,38000.0
2025-08-06,1247.0,1264.0,1235.0,1236.0,1220.90234375,17100.0,1168.65,1162.12,1145.5333333333333,1021.65,89.31297709923665,1161.0,14.693333333333385,6.959999999999923,0.0519148936170212,1247.0,1267.0,1247.0,1232.0,33100.0
2025-08-07,1242.0,1242.0,1218.0,1218.0,1203.1221923828125,8400.0,1173.95,1164.64,1148.2666666666669,1022.93,80.13698630136986,1161.16,14.386666666666542,6.8599999999999,0.0365957446808511,1247.0,1264.0,1236.0,1247.0,17100.0
2025-08-08,1218.0,1220.0,1199.0,1209.0,1194.2320556640625,11400.0,1178.8,1167.28,1150.88,1024.225,72.26277372262774,1161.82,14.586666666666815,6.764999999999873,0.0289361702127659,1247.0,1242.0,1218.0,1242.0,8400.0
2025-08-09,1218.0,1220.0,1199.0,1209.0,1194.2320556640625,11400.0,1183.65,1170.88,1153.2,1025.555,72.26277372262774,1162.46,14.01333333333332,6.7000000000000455,0.0540540540540539,1247.0,1220.0,1209.0,1218.0,11400.0
2025-08-10,1218.0,1220.0,1199.0,1209.0,1194.2320556640625,11400.0,1188.5,1173.96,1155.0933333333332,1026.85,72.26277372262774,1163.1,12.533333333333305,6.569999999999936,0.0503909643788009,1247.0,1220.0,1209.0,1218.0,11400.0
2025-08-11,1218.0,1220.0,1199.0,1209.0,1194.2320556640625,11400.0,1192.55,1177.08,1156.8266666666666,1028.19,71.42857142857143,1163.74,11.293333333333294,6.540000000000077,0.0623901581722319,1247.0,1220.0,1209.0,1218.0,11400.0
2025-08-12,1220.0,1270.0,1220.0,1241.0,1225.8411865234375,39900.0,1197.95,1182.24,1159.04,1029.63,76.3975155279503,1164.96,10.773333333333312,6.700000000000159,0.1070472792149865,1247.0,1220.0,1209.0,1218.0,11400.0
2025-08-13,1241.0,1260.0,1236.0,1260.0,1244.609130859375,8700.0,1204.45,1188.16,1161.0533333333333,1031.165,75.64102564102564,1166.78,10.173333333333176,6.940000000000055,0.1239964317573594,1260.0,1270.0,1241.0,1220.0,39900.0
2025-08-14,1260.0,1264.0,1252.0,1260.0,1244.609130859375,6100.0,1210.05,1194.08,1163.0666666666666,1032.7,67.79661016949152,1168.84,9.86666666666656,7.144999999999982,0.1239964317573594,1260.0,1260.0,1260.0,1241.0,8700.0
2025-08-15,1260.0,1265.0,1252.0,1252.0,1236.7069091796875,9900.0,1215.25,1199.68,1164.9733333333334,1034.21,61.34453781512605,1170.68,9.88000000000011,7.360000000000127,0.1279279279279279,1260.0,1264.0,1260.0,1260.0,6100.0
2025-08-16,1260.0,1265.0,1252.0,1252.0,1236.7069091796875,9900.0,1220.45,1204.64,1167.0533333333333,1035.72,61.34453781512605,1172.74,10.226666666666688,7.529999999999973,0.0934497816593886,1260.0,1265.0,1252.0,1260.0,9900.0
2025-08-17,1260.0,1265.0,1252.0,1252.0,1236.7069091796875,9900.0,1225.45,1209.4,1169.08,1037.23,61.34453781512605,1174.8,10.039999999999964,7.599999999999909,0.0347107438016529,1260.0,1265.0,1252.0,1260.0,9900.0
2025-08-18,1252.0,1269.0,1252.0,1265.0,1249.548095703125,10900.0,1230.9,1214.8,1170.6666666666667,1038.96,64.8854961832061,1177.12,9.613333333333458,7.795000000000073,0.0756802721088434,1265.0,1265.0,1252.0,1260.0,9900.0
2025-08-19,1274.0,1284.0,1263.0,1270.0,1254.487060546875,23700.0,1235.4,1219.68,1172.1333333333334,1040.715,60.0,1179.62,9.066666666666832,8.014999999999873,0.0790144435004247,1270.0,1269.0,1265.0,1252.0,10900.0
2025-08-20,1281.0,1281.0,1263.0,1279.0,1263.3770751953125,13600.0,1238.45,1224.92,1173.52,1042.515,69.02654867256638,1181.72,8.546666666666624,8.305000000000064,0.086661002548853,1279.0,1284.0,1270.0,1274.0,23700.0
2025-08-21,1280.0,1295.0,1278.0,1294.0,1278.19384765625,19900.0,1241.9,1230.76,1175.1066666666666,1044.39,84.54545454545455,1184.38,8.053333333333285,8.670000000000073,0.0994052676295667,1294.0,1281.0,1279.0,1281.0,13600.0
2025-08-22,1294.0,1316.0,1289.0,1298.0,1282.14501953125,31400.0,1245.55,1236.6,1176.746666666667,1046.075,92.38095238095238,1187.46,7.6666666666667425,8.845000000000027,0.1,1298.0,1295.0,1294.0,1280.0,19900.0
2025-08-23,1294.0,1316.0,1289.0,1298.0,1282.14501953125,31400.0,1249.2,1242.28,1178.3866666666668,1047.895,92.38095238095238,1190.8,7.720000000000027,8.934999999999945,0.1103507271171941,1298.0,1316.0,1298.0,1294.0,31400.0
2025-08-24,1294.0,1316.0,1289.0,1298.0,1282.14501953125,31400.0,1252.8,1247.0,1180.4,1049.665,92.38095238095238,1194.14,8.266666666666652,8.950000000000045,0.121866897147796,1298.0,1316.0,1298.0,1294.0,31400.0
2025-08-25,1305.0,1355.0,1298.0,1335.0,1318.6929931640625,37600.0,1257.2,1251.68,1182.8533333333332,1051.49,94.3661971830986,1198.22,9.333333333333258,8.974999999999909,0.1508620689655173,1335.0,1316.0,1298.0,1294.0,31400.0
2025-08-26,1334.0,1342.0,1317.0,1335.0,1318.6929931640625,17900.0,1262.15,1256.08,1185.48,1053.31,92.72727272727272,1201.98,10.373333333333449,8.919999999999845,0.1618798955613576,1335.0,1355.0,1335.0,1305.0,37600.0
2025-08-27,1325.0,1329.0,1282.0,1285.0,1269.3038330078125,27600.0,1265.5,1258.48,1187.6666666666667,1054.88,58.86524822695035,1204.6,10.920000000000073,8.805000000000064,0.1183637946040034,1335.0,1342.0,1335.0,1334.0,17900.0
2025-08-28,1275.0,1320.0,1270.0,1317.0,1300.912841796875,24400.0,1270.9,1262.16,1190.28,1056.61,66.47398843930635,1207.38,11.893333333333205,8.714999999999918,0.1462140992167102,1335.0,1329.0,1285.0,1325.0,27600.0
2025-08-29,1321.0,1339.0,1295.0,1301.0,1285.1083984375,15500.0,1275.5,1265.16,1192.68,1058.34,63.53591160220994,1210.18,12.279999999999973,8.674999999999955,0.1362445414847162,1335.0,1320.0,1317.0,1275.0,24400.0
2025-08-30,1321.0,1339.0,1295.0,1301.0,1285.1083984375,15500.0,1280.1,1267.32,1195.2266666666667,1060.07,63.53591160220994,1213.1,12.373333333333449,8.579999999999927,0.1081771720613287,1335.0,1339.0,1301.0,1321.0,15500.0
2025-08-31,1321.0,1339.0,1295.0,1301.0,1285.1083984375,15500.0,1284.7,1269.92,1197.3066666666666,1061.82,63.53591160220994,1216.02,11.826666666666595,8.509999999999991,0.1205857019810507,1335.0,1339.0,1301.0,1321.0,15500.0
2025-09-01,1299.0,1311.0,1260.0,1311.0,1294.9862060546875,23600.0,1288.2,1273.64,1198.6533333333334,1063.62,62.921348314606746,1219.14,10.98666666666668,8.739999999999782,0.145979020979021,1335.0,1339.0,1301.0,1321.0,15500.0
2025-09-02,1309.0,1320.0,1300.0,1300.0,1284.12060546875,13800.0,1290.2,1277.28,1200.3066666666666,1065.41,58.15217391304348,1222.28,10.026666666666642,8.800000000000182,0.1494252873563217,1335.0,1311.0,1311.0,1299.0,23600.0
2025-09-03,1300.0,1308.0,1290.0,1293.0,1277.2060546875,12200.0,1291.85,1280.64,1201.8533333333332,1067.165,53.846153846153854,1225.76,9.173333333333176,8.825000000000045,0.1432360742705569,1335.0,1320.0,1300.0,1309.0,13800.0
2025-09-04,1294.0,1294.0,1280.0,1294.0,1278.19384765625,7400.0,1293.95,1284.04,1203.4133333333334,1068.925,50.0,1229.0,8.186666666666724,8.855000000000018,0.1441202475685234,1335.0,1308.0,1293.0,1300.0,12200.0
2025-09-05,1294.0,1306.0,1273.0,1276.0,1260.4136962890625,25900.0,1295.15,1286.72,1204.7333333333331,1070.585,43.95604395604395,1231.9,7.426666666666733,8.7650000000001,0.1124673060156931,1335.0,1294.0,1294.0,1294.0,7400.0
2025-09-06,1294.0,1306.0,1273.0,1276.0,1260.4136962890625,25900.0,1296.35,1288.12,1206.013333333333,1072.215,43.95604395604395,1235.18,7.3599999999999,8.595000000000027,0.1057192374350086,1335.0,1306.0,1276.0,1294.0,25900.0
2025-09-07,1294.0,1306.0,1273.0,1276.0,1260.4136962890625,25900.0,1296.9,1288.76,1207.44,1073.77,43.95604395604395,1238.46,7.133333333333439,8.3599999999999,0.0831918505942275,1335.0,1306.0,1276.0,1294.0,25900.0
2025-09-08,1272.0,1302.0,1269.0,1291.0,1275.23046875,14400.0,1297.95,1290.0,1209.2266666666667,1075.41,36.25000000000001,1242.04,7.373333333333448,8.245000000000118,0.1119724375538329,1335.0,1306.0,1276.0,1294.0,25900.0
2025-09-09,1310.0,1310.0,1256.0,1263.0,1247.572509765625,19900.0,1297.15,1290.44,1210.6,1076.96,30.85106382978724,1245.06,7.186666666666497,8.035000000000082,0.0935064935064935,1335.0,1302.0,1291.0,1272.0,14400.0
2025-09-10,1252.0,1270.0,1210.0,1229.0,1213.98779296875,34300.0,1293.9,1289.52,1211.6666666666667,1078.34,33.720930232558146,1247.08,6.933333333333394,7.754999999999882,0.0640692640692641,1335.0,1310.0,1263.0,1310.0,19900.0
2025-09-11,1228.0,1232.0,1207.0,1217.0,1202.1343994140625,24900.0,1289.85,1288.12,1212.5733333333333,1079.66,17.105263157894726,1248.76,6.559999999999945,7.445000000000164,0.0536796536796537,1335.0,1270.0,1229.0,1252.0,34300.0
2025-09-12,1237.0,1244.0,1223.0,1244.0,1228.8045654296875,18300.0,1287.15,1287.28,1213.84,1081.115,32.515337423312886,1251.04,6.399999999999864,7.345000000000027,0.0883639545056866,1335.0,1232.0,1217.0,1228.0,24900.0
2025-09-13,1237.0,1244.0,1223.0,1244.0,1228.8045654296875,18300.0,1284.45,1286.24,1215.16,1082.52,32.515337423312886,1252.96,5.933333333333394,7.1099999999999,0.1117068811438783,1335.0,1244.0,1244.0,1237.0,18300.0
2025-09-14,1237.0,1244.0,1223.0,1244.0,1228.8045654296875,18300.0,1279.9,1284.84,1216.0933333333332,1083.985,32.515337423312886,1254.88,5.493333333333339,7.024999999999864,0.0989399293286219,1335.0,1244.0,1244.0,1237.0,18300.0
2025-09-15,1237.0,1244.0,1223.0,1244.0,1228.8045654296875,18300.0,1275.35,1282.84,1217.2,1085.39,28.10457516339869,1256.8,5.533333333333303,7.050000000000182,0.0999115826702032,1317.0,1244.0,1244.0,1237.0,18300.0
2025-09-16,1261.0,1270.0,1250.0,1259.0,1243.621337890625,9400.0,1274.05,1281.28,1218.7333333333331,1086.895,36.94267515923568,1258.94,6.160000000000082,7.2349999999999,0.1321942446043165,1317.0,1244.0,1244.0,1237.0,18300.0
2025-09-17,1274.0,1274.0,1235.0,1242.0,1226.8289794921875,15000.0,1270.3,1279.04,1220.2133333333334,1088.315,34.73053892215569,1260.66,6.3733333333334485,7.2000000000000455,0.1169064748201438,1311.0,1270.0,1259.0,1261.0,9400.0
2025-09-18,1250.0,1263.0,1244.0,1253.0,1237.6947021484375,6500.0,1267.9,1277.24,1221.84,1089.79,38.41807909604519,1262.12,6.679999999999836,7.269999999999982,0.1267985611510791,1311.0,1274.0,1242.0,1274.0,15000.0
2025-09-19,1253.0,1259.0,1246.0,1259.0,1243.621337890625,10400.0,1265.8,1274.2,1223.5466666666666,1091.275,44.84848484848485,1262.94,7.453333333333376,7.290000000000191,0.1321942446043165,1311.0,1263.0,1253.0,1250.0,6500.0
2025-09-20,1253.0,1259.0,1246.0,1259.0,1243.621337890625,10400.0,1263.7,1271.16,1225.04,1092.8,44.84848484848485,1263.62,7.839999999999918,7.4099999999998545,0.1161347517730495,1311.0,1259.0,1259.0,1253.0,10400.0
2025-09-21,1253.0,1259.0,1246.0,1259.0,1243.621337890625,10400.0,1261.1,1270.12,1226.44,1094.33,44.84848484848485,1264.3,7.706666666666706,7.434999999999945,0.1112091791703442,1300.0,1259.0,1259.0,1253.0,10400.0
2025-09-22,1279.0,1280.0,1262.0,1271.0,1255.4747314453125,11100.0,1259.65,1268.28,1227.68,1095.935,43.82716049382716,1265.22,7.466666666666697,7.619999999999891,0.1247787610619468,1294.0,1259.0,1259.0,1253.0,10400.0
2025-09-23,1279.0,1280.0,1262.0,1271.0,1255.4747314453125,11100.0,1258.55,1267.08,1229.1466666666668,1097.555,52.98507462686568,1266.12,7.306666666666842,7.7650000000001,0.1071428571428572,1294.0,1280.0,1271.0,1279.0,11100.0
2025-09-24,1256.0,1258.0,1238.0,1239.0,1223.86572265625,19900.0,1255.8,1264.6,1230.2666666666669,1099.015,53.78787878787878,1265.96,6.720000000000027,7.740000000000009,0.0792682926829269,1291.0,1280.0,1271.0,1279.0,11100.0
2025-09-25,1243.0,1251.0,1230.0,1232.0,1216.951171875,10200.0,1253.6,1261.84,1231.2933333333333,1100.44,55.90551181102362,1265.88,6.25333333333333,7.6400000000001,0.0731707317073171,1291.0,1258.0,1239.0,1256.0,19900.0
2025-09-26,1232.0,1235.0,1224.0,1228.0,1213.0,14000.0,1251.2,1258.52,1232.2666666666669,1101.825,42.30769230769231,1266.08,5.826666666666597,7.495000000000118,0.0659722222222223,1291.0,1251.0,1232.0,1243.0,10200.0
2025-09-27,1232.0,1235.0,1224.0,1228.0,1213.0,14000.0,1248.8,1255.64,1233.4,1103.195,42.30769230769231,1266.46,5.720000000000027,7.259999999999991,0.0622837370242215,1291.0,1235.0,1228.0,1232.0,14000.0
2025-09-28,1232.0,1235.0,1224.0,1228.0,1213.0,14000.0,1245.65,1253.04,1234.8533333333332,1104.565,42.30769230769231,1266.84,5.706666666666479,7.009999999999991,0.0406779661016949,1271.0,1235.0,1228.0,1232.0,14000.0
2025-09-29,1226.0,1240.0,1217.0,1240.0,1240.0,9500.0,1244.5,1250.88,1236.2933333333333,1106.02,48.27586206896552,1267.46,6.026666666666642,7.004999999999882,0.0180623973727422,1271.0,1235.0,1228.0,1232.0,14000.0
2025-09-30,1246.0,1253.0,1215.0,1216.0,1216.0,22700.0,1243.85,1248.48,1237.4266666666667,1107.3,32.8,1267.6,6.133333333333439,6.8599999999999,-0.0073469387755101,1271.0,1240.0,1240.0,1226.0,9500.0
2025-10-01,1219.0,1219.0,1200.0,1203.0,1203.0,19700.0,1243.15,1245.56,1238.64,1108.515,33.88429752066115,1266.84,6.3733333333334485,6.690000000000055,-0.0179591836734693,1271.0,1253.0,1216.0,1246.0,22700.0
2025-10-02,1208.0,1216.0,1167.0,1186.0,1186.0,22800.0,1240.25,1241.96,1239.6266666666668,1109.645,23.62204724409449,1265.36,6.226666666666688,6.4500000000000455,-0.0318367346938776,1271.0,1219.0,1203.0,1219.0,19700.0
2025-10-03,1210.0,1210.0,1185.0,1191.0,1191.0,7500.0,1237.6,1237.96,1240.68,1110.8,23.01587301587301,1263.98,5.826666666666824,6.2349999999999,-0.0285481239804241,1271.0,1216.0,1186.0,1208.0,22800.0
2025-10-04,1210.0,1210.0,1185.0,1191.0,1191.0,7500.0,1234.95,1235.08,1241.7333333333331,1111.95,23.01587301587301,1262.76,5.440000000000055,5.930000000000064,-0.0449077786688051,1271.0,1210.0,1191.0,1210.0,7500.0
2025-10-05,1210.0,1210.0,1185.0,1191.0,1191.0,7500.0,1232.3,1233.56,1242.5733333333333,1113.05,23.01587301587301,1261.54,5.146666666666533,5.75,-0.0364077669902912,1271.0,1210.0,1191.0,1210.0,7500.0
2025-10-06,1214.0,1218.0,1196.0,1200.0,1200.0,5300.0,1229.35,1232.88,1243.4666666666667,1114.195,21.138211382113823,1260.5,4.826666666666597,5.679999999999836,-0.0147783251231526,1271.0,1210.0,1191.0,1210.0,7500.0
2025-10-07,1200.0,1200.0,1180.0,1190.0,1190.0,14500.0,1226.75,1230.72,1244.2666666666669,1115.275,19.548872180451127,1259.0,4.639999999999873,5.630000000000109,-0.0157154673283705,1271.0,1218.0,1200.0,1214.0,5300.0
2025-10-08,1190.0,1214.0,1181.0,1186.0,1186.0,15300.0,1223.4,1228.4,1244.7733333333333,1116.335,24.76190476190476,1257.32,4.093333333333248,5.535000000000082,-0.0190239867659222,1271.0,1200.0,1190.0,1200.0,14500.0
2025-10-09,1182.0,1191.0,1178.0,1183.0,1183.0,13100.0,1219.6,1225.96,1245.24,1117.38,25.742574257425744,1255.4,3.5066666666666606,5.430000000000064,-0.021505376344086,1271.0,1214.0,1186.0,1190.0,15300.0
2025-10-10,1175.0,1184.0,1170.0,1175.0,1175.0,10600.0,1215.4,1223.2,1245.6,1118.37,24.76190476190476,1253.02,3.0266666666666424,5.319999999999936,-0.0281224152191894,1271.0,1191.0,1183.0,1182.0,13100.0
2025-10-11,1175.0,1184.0,1170.0,1175.0,1175.0,10600.0,1211.2,1219.84,1245.9066666666668,1119.355,24.76190476190476,1250.56,2.4400000000000546,5.160000000000082,-0.0531829170024173,1271.0,1184.0,1175.0,1175.0,10600.0
2025-10-12,1175.0,1184.0,1170.0,1175.0,1175.0,10600.0,1206.4,1217.16,1246.16,1120.305,24.76190476190476,1248.1,1.8933333333334303,5.029999999999973,-0.0674603174603174,1271.0,1184.0,1175.0,1175.0,10600.0
2025-10-13,1175.0,1184.0,1170.0,1175.0,1175.0,10600.0,1201.6,1214.04,1246.0933333333332,1121.285,15.053763440860225,1245.64,1.3199999999999363,4.9500000000000455,-0.0674603174603174,1240.0,1184.0,1175.0,1175.0,10600.0
2025-10-14,1166.0,1178.0,1144.0,1162.0,1162.0,14300.0,1197.75,1210.16,1245.3466666666666,1122.315,17.073170731707307,1242.18,0.1066666666665696,4.934999999999945,-0.0718849840255591,1240.0,1184.0,1175.0,1175.0,10600.0
2025-10-15,1166.0,1182.0,1166.0,1173.0,1173.0,7200.0,1194.8,1206.72,1244.6533333333334,1123.4,31.25,1238.94,-0.9466666666664878,5.0300000000002,-0.0630990415335462,1240.0,1178.0,1162.0,1166.0,14300.0
2025-10-16,1173.0,1195.0,1163.0,1165.0,1165.0,12500.0,1191.65,1202.96,1243.8533333333332,1124.445,35.21126760563381,1236.54,-2.053333333333512,5.089999999999918,-0.0694888178913738,1240.0,1182.0,1173.0,1166.0,7200.0
2025-10-17,1178.0,1178.0,1152.0,1165.0,1165.0,10300.0,1188.5,1198.72,1243.0533333333333,1125.515,30.30303030303031,1233.5,-3.106666666666797,5.210000000000036,-0.0790513833992094,1240.0,1195.0,1165.0,1173.0,12500.0
2025-10-18,1178.0,1178.0,1152.0,1165.0,1165.0,10300.0,1185.35,1194.48,1242.24,1126.535,30.30303030303031,1230.78,-3.85333333333324,5.25,-0.0826771653543306,1240.0,1178.0,1165.0,1178.0,10300.0
2025-10-19,1178.0,1178.0,1152.0,1165.0,1165.0,10300.0,1181.6,1191.52,1241.1466666666668,1127.685,30.30303030303031,1228.06,-4.199999999999818,5.369999999999891,-0.0891321344800625,1216.0,1178.0,1165.0,1178.0,10300.0
2025-10-20,1165.0,1184.0,1158.0,1178.0,1178.0,9700.0,1179.7,1189.36,1240.3733333333332,1128.965,34.28571428571429,1225.6,-4.2800000000002,5.564999999999827,-0.0896445131375579,1203.0,1178.0,1165.0,1178.0,10300.0
2025-10-21,1179.0,1183.0,1165.0,1170.0,1170.0,11400.0,1178.05,1187.04,1239.7333333333331,1130.29,35.294117647058826,1222.78,-4.119999999999891,5.845000000000027,-0.098613251155624,1200.0,1184.0,1178.0,1165.0,9700.0
2025-10-22,1176.0,1188.0,1165.0,1188.0,1188.0,5100.0,1178.15,1185.44,1239.4533333333334,1131.705,51.21951219512195,1220.54,-3.599999999999909,6.189999999999827,-0.0847457627118644,1200.0,1183.0,1170.0,1179.0,11400.0
2025-10-23,1197.0,1210.0,1183.0,1210.0,1210.0,13800.0,1179.1,1184.72,1239.4666666666667,1133.23,63.366336633663366,1218.88,-2.773333333333312,6.694999999999936,-0.0677966101694915,1210.0,1188.0,1188.0,1176.0,5100.0
2025-10-24,1212.0,1221.0,1200.0,1221.0,1221.0,13400.0,1180.6,1183.96,1239.6266666666668,1135.25,72.11538461538461,1217.42,-1.5199999999999818,7.565000000000055,-0.0853932584269663,1221.0,1210.0,1210.0,1197.0,13800.0
2025-10-25,1212.0,1221.0,1200.0,1221.0,1221.0,13400.0,1182.1,1184.16,1239.7866666666666,1137.03,72.11538461538461,1216.32,-0.5866666666665878,8.065000000000055,-0.0853932584269663,1221.0,1221.0,1221.0,1212.0,13400.0
2025-10-26,1212.0,1221.0,1200.0,1221.0,1221.0,13400.0,1183.15,1184.88,1239.52,1138.83,72.11538461538461,1215.22,-0.2133333333333666,8.539999999999964,-0.0498054474708171,1221.0,1221.0,1221.0,1212.0,13400.0
2025-10-27,1234.0,1236.0,1209.0,1212.0,1212.0,16100.0,1184.25,1185.92,1238.88,1140.395,66.3716814159292,1213.94,-0.5733333333332666,8.690000000000055,-0.0797266514806378,1221.0,1221.0,1221.0,1212.0,13400.0
2025-10-28,1213.0,1217.0,1184.0,1184.0,1184.0,6800.0,1184.15,1185.64,1237.8666666666666,1141.815,58.59375,1211.8,-1.6000000000001364,8.585000000000036,-0.0899308224442736,1221.0,1236.0,1212.0,1234.0,16100.0
2025-10-29,1182.0,1196.0,1181.0,1185.0,1185.0,6400.0,1184.25,1185.4,1236.9733333333334,1143.24,55.08474576271186,1210.24,-2.6533333333334213,7.990000000000009,-0.0891621829362029,1221.0,1217.0,1184.0,1213.0,6800.0
2025-10-30,1185.0,1219.0,1170.0,1219.0,1219.0,29000.0,1186.45,1186.52,1236.5333333333333,1144.835,68.75,1210.04,-3.2533333333333303,7.805000000000064,-0.0630284396617986,1221.0,1196.0,1185.0,1182.0,6400.0
2025-10-31,1240.0,1240.0,1201.0,1220.0,1220.0,17800.0,1188.7,1187.32,1236.1066666666666,1146.4,68.9655172413793,1210.1,-3.413333333333412,7.570000000000164,-0.0694126620900076,1221.0,1219.0,1219.0,1185.0,29000.0
2025-11-01,1240.0,1240.0,1201.0,1220.0,1220.0,17800.0,1190.95,1188.52,1235.506666666667,1147.99,68.9655172413793,1209.62,-3.3733333333334485,7.595000000000027,-0.0615384615384615,1221.0,1240.0,1220.0,1240.0,17800.0
2025-11-02,1240.0,1240.0,1201.0,1220.0,1220.0,17800.0,1193.2,1189.88,1234.84,1149.615,68.9655172413793,1209.14,-3.0266666666666424,7.799999999999954,-0.0564578499613301,1221.0,1240.0,1220.0,1240.0,17800.0
2025-11-03,1240.0,1240.0,1201.0,1220.0,1220.0,17800.0,1196.1,1191.36,1234.0533333333333,1151.23,65.9090909090909,1208.66,-2.9200000000000728,7.990000000000009,-0.0571870170015456,1221.0,1240.0,1220.0,1240.0,17800.0
2025-11-04,1052.0,1123.0,1052.0,1085.0,1085.0,94300.0,1191.7,1187.76,1231.2666666666669,1152.09,33.59073359073359,1205.48,-5.266666666666652,7.254999999999882,-0.1496865203761755,1221.0,1240.0,1220.0,1240.0,17800.0
2025-11-05,1072.0,1086.0,1055.0,1056.0,1056.0,28500.0,1186.25,1183.0,1228.04,1152.805,25.555555555555543,1201.42,-8.066666666666606,6.404999999999973,-0.1724137931034483,1221.0,1123.0,1085.0,1052.0,94300.0
2025-11-06,1061.0,1062.0,1019.0,1025.0,1025.0,44500.0,1179.25,1177.0,1224.4,1153.365,16.84587813620071,1197.08,-11.10666666666657,5.375,-0.1967084639498433,1221.0,1086.0,1056.0,1072.0,28500.0
2025-11-07,1024.0,1037.0,999.0,1006.0,1006.0,36200.0,1171.3,1170.24,1220.506666666667,1153.74,12.543554006968648,1192.14,-14.333333333333258,4.125,-0.2207591014717274,1221.0,1062.0,1025.0,1061.0,44500.0
2025-11-08,1024.0,1037.0,999.0,1006.0,1006.0,36200.0,1163.35,1164.0,1216.12,1154.23,12.543554006968648,1187.08,-17.933333333333394,3.0,-0.2034837688044338,1221.0,1037.0,1006.0,1024.0,36200.0
2025-11-09,1024.0,1037.0,999.0,1006.0,1006.0,36200.0,1154.75,1157.32,1211.7333333333331,1154.695,12.543554006968648,1182.02,-19.533333333333303,2.605000000000018,-0.1814483319772172,1221.0,1037.0,1006.0,1024.0,36200.0
2025-11-10,1025.0,1043.0,1012.0,1013.0,1013.0,16500.0,1146.9,1151.24,1208.1066666666666,1155.15,15.087719298245617,1177.1,-19.9333333333334,2.345000000000028,-0.1676253081347576,1221.0,1037.0,1006.0,1024.0,36200.0
2025-11-11,1015.0,1017.0,999.0,1012.0,1012.0,16000.0,1138.1,1145.12,1204.04,1155.64,16.666666666666657,1171.92,-20.360000000000127,2.275000000000091,-0.1864951768488746,1221.0,1043.0,1013.0,1025.0,16500.0
2025-11-12,1012.0,1032.0,1012.0,1015.0,1015.0,10100.0,1128.35,1139.12,1200.2266666666667,1156.145,17.307692307692307,1166.8,-20.279999999999973,2.4049999999999727,-0.1840836012861736,1221.0,1017.0,1012.0,1015.0,16000.0
2025-11-13,1015.0,1036.0,1015.0,1036.0,1036.0,9700.0,1119.1,1133.96,1196.6933333333334,1156.755,12.955465587044529,1162.74,-19.426666666666502,2.525000000000091,-0.1672025723472668,1221.0,1032.0,1015.0,1012.0,10100.0
2025-11-14,1036.0,1036.0,1020.0,1023.0,1023.0,8000.0,1109.2,1127.76,1192.986666666667,1157.185,11.969111969111978,1158.56,-18.74666666666667,2.490000000000009,-0.177652733118971,1221.0,1036.0,1036.0,1015.0,9700.0
2025-11-15,1036.0,1036.0,1020.0,1023.0,1023.0,8000.0,1099.3,1121.88,1189.1466666666668,1157.615,11.969111969111978,1154.46,-18.95999999999981,2.464999999999918,-0.187450357426529,1220.0,1036.0,1023.0,1036.0,8000.0
2025-11-16,1036.0,1036.0,1020.0,1023.0,1023.0,8000.0,1089.85,1115.28,1185.4533333333334,1158.105,11.969111969111978,1150.36,-18.586666666666588,2.464999999999918,-0.1763285024154589,1220.0,1036.0,1023.0,1036.0,8000.0
2025-11-17,1021.0,1031.0,1015.0,1017.0,1017.0,15900.0,1081.5,1107.56,1181.7733333333333,1158.565,11.698113207547166,1146.14,-18.453333333333376,2.4200000000000728,-0.1883479648842777,1220.0,1036.0,1023.0,1036.0,8000.0
2025-11-18,1015.0,1019.0,1009.0,1013.0,1013.0,5300.0,1072.9,1099.24,1178.0266666666666,1159.115,23.13432835820896,1141.6,-18.666666666666742,2.3599999999999,-0.1953931691818904,1220.0,1031.0,1017.0,1021.0,15900.0
2025-11-19,1036.0,1036.0,1012.0,1027.0,1027.0,13900.0,1063.3,1091.48,1174.7066666666667,1159.735,37.81512605042017,1137.82,-18.279999999999973,2.5499999999999545,-0.1842732327243844,1220.0,1019.0,1013.0,1015.0,5300.0
2025-11-20,1047.0,1047.0,1033.0,1040.0,1040.0,16200.0,1054.3,1084.24,1171.56,1160.42,57.42574257425742,1134.56,-17.586666666666815,2.805000000000064,-0.1739475774424146,1220.0,1036.0,1027.0,1036.0,13900.0
2025-11-21,1040.0,1048.0,1035.0,1038.0,1038.0,6200.0,1045.2,1077.28,1168.3866666666668,1161.095,69.04761904761905,1131.6,-17.066666666666606,2.990000000000009,-0.1833202202989772,1220.0,1047.0,1040.0,1047.0,16200.0
2025-11-22,1040.0,1048.0,1035.0,1038.0,1038.0,6200.0,1036.1,1071.44,1165.013333333333,1161.77,69.04761904761905,1128.54,-16.75999999999999,3.2049999999999272,-0.1833202202989772,1220.0,1048.0,1038.0,1040.0,6200.0
2025-11-23,1040.0,1048.0,1035.0,1038.0,1038.0,6200.0,1027.0,1065.56,1162.013333333333,1162.265,69.04761904761905,1125.48,-16.01333333333332,3.150000000000091,-0.162227602905569,1085.0,1048.0,1038.0,1040.0,6200.0
2025-11-24,1040.0,1048.0,1035.0,1038.0,1038.0,6200.0,1024.65,1058.32,1159.4666666666667,1162.675,66.23376623376623,1122.42,-15.240000000000007,2.9400000000000546,-0.1574675324675324,1056.0,1048.0,1038.0,1040.0,6200.0
2025-11-25,1042.0,1053.0,1031.0,1037.0,1037.0,8800.0,1023.7,1051.0,1157.0666666666666,1162.71,66.23376623376623,1119.16,-14.49333333333334,2.289999999999964,-0.1555374592833875,1040.0,1048.0,1038.0,1040.0,6200.0
2025-11-26,1036.0,1054.0,1031.0,1044.0,1044.0,19100.0,1024.65,1043.96,1154.4,1162.78,67.90123456790124,1116.24,-13.98666666666668,1.6849999999999454,-0.1498371335504885,1044.0,1053.0,1037.0,1042.0,8800.0
2025-11-27,1042.0,1050.0,1031.0,1050.0,1050.0,12400.0,1026.85,1037.16,1151.8133333333333,1162.88,60.6060606060606,1113.52,-13.200000000000044,1.110000000000127,-0.1449511400651465,1050.0,1054.0,1044.0,1036.0,19100.0
2025-11-28,1075.0,1075.0,1050.0,1069.0,1069.0,12500.0,1030.0,1031.12,1149.48,1163.245,81.94444444444444,1111.24,-12.533333333333305,0.9799999999997908,-0.1379032258064516,1069.0,1050.0,1050.0,1042.0,12400.0
2025-11-29,1075.0,1075.0,1050.0,1069.0,1069.0,12500.0,1033.15,1030.48,1147.1466666666668,1163.555,81.94444444444444,1109.12,-12.319999999999936,0.8800000000001091,-0.1208881578947368,1069.0,1075.0,1069.0,1075.0,12500.0
2025-11-30,1075.0,1075.0,1050.0,1069.0,1069.0,12500.0,1035.95,1031.0,1144.6133333333332,1163.87,81.94444444444444,1107.0,-12.453333333333376,1.1599999999998545,-0.111388196176226,1069.0,1075.0,1069.0,1075.0,12500.0
2025-12-01,1071.0,1071.0,1052.0,1052.0,1052.0,10800.0,1037.95,1032.08,1142.08,1164.23,71.0843373493976,1104.54,-12.320000000000164,1.4500000000000457,-0.1129848229342327,1069.0,1075.0,1069.0,1075.0,12500.0
2025-12-02,1055.0,1055.0,1042.0,1050.0,1050.0,7500.0,1039.7,1033.84,1139.3733333333332,1164.535,72.8395061728395,1102.04,-12.440000000000056,1.6549999999999727,-0.1183879093198992,1069.0,1071.0,1052.0,1071.0,10800.0
2025-12-03,1051.0,1054.0,1042.0,1054.0,1054.0,6900.0,1040.6,1035.76,1136.64,1164.86,69.01408450704226,1099.88,-12.839999999999918,1.615000000000009,-0.1150293870696893,1069.0,1055.0,1050.0,1055.0,7500.0
2025-12-04,1051.0,1060.0,1046.0,1054.0,1054.0,9800.0,1042.15,1037.68,1133.9066666666668,1165.185,62.06896551724138,1097.5,-13.240000000000007,1.6299999999998818,-0.1150293870696893,1069.0,1054.0,1054.0,1051.0,6900.0
2025-12-05,1046.0,1050.0,1034.0,1049.0,1049.0,13000.0,1043.45,1039.12,1131.1066666666666,1165.445,59.01639344262295,1095.18,-13.50666666666666,1.5750000000000457,-0.1258333333333333,1069.0,1060.0,1054.0,1051.0,9800.0
2025-12-06,1046.0,1050.0,1034.0,1049.0,1049.0,13000.0,1044.75,1040.6,1128.1466666666668,1165.47,59.01639344262295,1092.86,-13.933333333333168,1.240000000000009,-0.1184873949579832,1069.0,1050.0,1049.0,1046.0,13000.0
2025-12-07,1046.0,1050.0,1034.0,1049.0,1049.0,13000.0,1046.35,1041.96,1125.1866666666667,1165.67,59.01639344262295,1090.54,-14.186666666666495,1.134999999999991,-0.1155143338954468,1069.0,1050.0,1049.0,1046.0,13000.0
2025-12-08,1044.0,1044.0,1029.0,1029.0,1029.0,14100.0,1047.15,1041.68,1122.3866666666668,1165.845,44.44444444444444,1087.82,-14.25333333333333,0.9850000000001272,-0.1301775147928994,1069.0,1050.0,1049.0,1046.0,13000.0
2025-12-09,1040.0,1040.0,1029.0,1035.0,1035.0,16900.0,1047.55,1042.16,1119.76,1165.955,48.83720930232558,1084.96,-14.14666666666676,0.7699999999999818,-0.1191489361702127,1069.0,1044.0,1029.0,1044.0,14100.0
2025-12-10,1036.0,1040.0,1032.0,1035.0,1035.0,9400.0,1047.3,1042.64,1117.1866666666667,1166.065,44.30379746835443,1082.26,-13.919999999999844,0.6200000000001182,-0.1191489361702127,1069.0,1040.0,1035.0,1040.0,16900.0
2025-12-11,1040.0,1040.0,1017.0,1017.0,1017.0,10200.0,1046.25,1042.4,1114.3733333333332,1166.085,31.86813186813187,1078.84,-13.77333333333354,0.6150000000000091,-0.1344680851063829,1069.0,1040.0,1035.0,1036.0,9400.0
2025-12-12,1037.0,1041.0,1030.0,1035.0,1035.0,25700.0,1046.1,1043.12,1111.8,1166.085,31.111111111111114,1075.34,-13.38666666666677,0.4149999999999636,-0.1191489361702127,1069.0,1040.0,1017.0,1040.0,10200.0
2025-12-13,1037.0,1041.0,1030.0,1035.0,1035.0,25700.0,1045.95,1044.0,1109.0666666666666,1165.925,31.111111111111114,1071.62,-13.320000000000164,0.0799999999999272,-0.1092943201376935,1069.0,1041.0,1035.0,1037.0,25700.0
2025-12-14,1037.0,1041.0,1030.0,1035.0,1035.0,25700.0,1045.8,1044.32,1106.6533333333334,1165.705,31.111111111111114,1067.9,-13.10666666666657,-0.25,-0.1176470588235294,1069.0,1041.0,1035.0,1037.0,25700.0
2025-12-15,1041.0,1060.0,1032.0,1060.0,1060.0,31300.0,1046.95,1045.12,1104.746666666667,1165.63,54.08163265306122,1064.68,-12.440000000000056,-0.4349999999999454,-0.0901287553648069,1069.0,1041.0,1035.0,1037.0,25700.0
2025-12-16,1053.0,1053.0,1034.0,1036.0,1036.0,6400.0,1046.55,1045.04,1102.746666666667,1165.265,44.16666666666666,1061.16,-11.626666666666551,-0.8199999999999363,-0.1107296137339055,1069.0,1060.0,1060.0,1041.0,31300.0
2025-12-17,1045.0,1075.0,1045.0,1073.0,1073.0,10500.0,1047.7,1046.44,1101.1733333333334,1165.085,56.20915032679739,1058.94,-10.626666666666551,-1.0,-0.078969957081545,1073.0,1053.0,1036.0,1053.0,6400.0
2025-12-18,1075.0,1104.0,1071.0,1096.0,1096.0,13200.0,1049.05,1048.76,1099.9066666666668,1165.02,61.93181818181818,1057.16,-9.159999999999854,-0.9049999999999728,-0.0592274678111588,1096.0,1075.0,1073.0,1045.0,10500.0
2025-12-19,1096.0,1100.0,1073.0,1075.0,1075.0,14900.0,1049.35,1050.24,1098.36,1164.915,56.77083333333333,1054.28,-8.293333333333521,-0.7899999999999636,-0.0874363327674023,1096.0,1104.0,1096.0,1075.0,13200.0
2025-12-20,1096.0,1100.0,1073.0,1075.0,1075.0,14900.0,1049.65,1051.76,1096.6933333333334,1164.79,56.77083333333333,1051.38,-8.053333333333285,-0.8400000000001455,-0.0811965811965812,1096.0,1100.0,1075.0,1096.0,14900.0
2025-12-21,1096.0,1100.0,1073.0,1075.0,1075.0,14900.0,1050.8,1053.0,1095.16,1164.435,56.77083333333333,1048.48,-7.586666666666588,-0.8300000000001546,-0.0951178451178451,1096.0,1100.0,1075.0,1096.0,14900.0
2025-12-22,1080.0,1130.0,1066.0,1070.0,1070.0,17700.0,1051.8,1053.8,1093.6133333333332,1163.985,61.5819209039548,1045.48,-7.560000000000173,-1.1000000000001364,-0.1157024793388429,1096.0,1100.0,1075.0,1096.0,14900.0
2025-12-23,1074.0,1093.0,1066.0,1066.0,1066.0,8300.0,1052.4,1053.68,1092.0533333333333,1163.44,58.85714285714285,1042.4,-7.853333333333467,-1.5799999999999272,-0.1269451269451269,1096.0,1130.0,1070.0,1080.0,17700.0
2025-12-24,1074.0,1085.0,1071.0,1071.0,1071.0,30100.0,1053.25,1053.76,1090.6666666666667,1162.92,60.0,1042.12,-7.693333333333157,-1.9949999999998909,-0.1228501228501228,1096.0,1093.0,1066.0,1074.0,8300.0
2025-12-25,1074.0,1091.0,1070.0,1090.0,1090.0,9000.0,1055.3,1054.6,1089.5333333333333,1162.495,70.1657458563536,1042.8,-7.160000000000082,-2.2950000000000728,-0.1072891072891073,1096.0,1085.0,1071.0,1074.0,30100.0
2025-12-26,1100.0,1100.0,1076.0,1081.0,1081.0,9700.0,1056.9,1055.76,1088.28,1162.025,63.372093023255815,1043.92,-6.880000000000109,-2.4099999999998545,-0.108085808580858,1096.0,1091.0,1090.0,1074.0,9000.0
2025-12-27,1100.0,1100.0,1076.0,1081.0,1081.0,9700.0,1058.5,1057.0,1087.0266666666666,1161.695,63.372093023255815,1045.42,-6.586666666666588,-2.289999999999964,-0.0869932432432432,1096.0,1100.0,1081.0,1100.0,9700.0
2025-12-28,1100.0,1100.0,1076.0,1081.0,1081.0,9700.0,1061.1,1058.08,1085.9466666666667,1161.345,63.372093023255815,1046.92,-6.10666666666657,-2.095000000000028,-0.0877637130801687,1096.0,1100.0,1081.0,1100.0,9700.0
2025-12-29,1090.0,1118.0,1089.0,1118.0,1118.0,12200.0,1065.25,1060.64,1085.2133333333334,1161.245,65.76086956521739,1049.16,-5.453333333333376,-1.675000000000182,-0.0828547990155865,1118.0,1100.0,1081.0,1100.0,9700.0
2025-12-30,1142.0,1153.0,1107.0,1119.0,1119.0,14500.0,1069.45,1063.44,1084.6,1161.235,75.77639751552795,1051.28,-4.933333333333394,-1.259999999999991,-0.0827868852459016,1119.0,1118.0,1118.0,1090.0,12200.0
2025-12-31,1142.0,1153.0,1107.0,1119.0,1119.0,14500.0,1074.55,1066.24,1083.986666666667,1161.225,68.54838709677419,1053.42,-4.293333333333294,-0.8000000000001819,-0.0827868852459016,1119.0,1153.0,1119.0,1142.0,14500.0
2026-01-01,1142.0,1153.0,1107.0,1119.0,1119.0,14500.0,1078.75,1069.04,1083.3733333333332,1161.215,61.38613861386139,1055.5,-3.653333333333421,-0.4800000000000182,-0.0827868852459016,1119.0,1153.0,1119.0,1142.0,14500.0
2026-01-02,1142.0,1153.0,1107.0,1119.0,1119.0,14500.0,1082.95,1072.64,1082.76,1161.26,77.5,1057.16,-3.1866666666667243,-0.0850000000000363,-0.0827868852459016,1119.0,1153.0,1119.0,1142.0,14500.0
2026-01-03,1142.0,1153.0,1107.0,1119.0,1119.0,14500.0,1087.15,1076.0,1081.9733333333334,1161.13,77.5,1059.08,-3.240000000000009,-0.1149999999997817,0.0313364055299538,1119.0,1153.0,1119.0,1142.0,14500.0
2026-01-04,1142.0,1153.0,1107.0,1119.0,1119.0,14500.0,1090.1,1079.36,1081.2933333333333,1160.675,77.5,1061.0,-3.306666666666615,-0.5599999999999454,0.0596590909090908,1119.0,1153.0,1119.0,1142.0,14500.0
2026-01-05,1149.0,1149.0,1102.0,1102.0,1102.0,16400.0,1093.4,1082.76,1080.1466666666668,1160.305,67.3913043478261,1062.58,-3.839999999999918,-0.9199999999998454,0.0751219512195122,1119.0,1153.0,1119.0,1142.0,14500.0
2026-01-06,1132.0,1152.0,1127.0,1145.0,1145.0,11800.0,1097.0,1087.16,1079.28,1160.145,80.1526717557252,1065.14,-4.093333333333248,-1.0699999999999363,0.1381709741550696,1145.0,1149.0,1102.0,1149.0,16400.0
2026-01-07,1145.0,1145.0,1124.0,1135.0,1135.0,7000.0,1098.95,1091.16,1078.1333333333334,1159.935,73.52941176470588,1067.58,-4.626666666666552,-1.3250000000000457,0.1282306163021869,1145.0,1152.0,1145.0,1132.0,11800.0
2026-01-08,1130.0,1130.0,1118.0,1122.0,1122.0,4100.0,1101.3,1094.64,1076.8133333333333,1159.66,62.30769230769231,1069.48,-5.160000000000082,-1.4700000000000273,0.1153081510934392,1145.0,1145.0,1135.0,1145.0,7000.0
2026-01-09,1128.0,1128.0,1110.0,1121.0,1121.0,2400.0,1103.6,1097.08,1075.48,1159.365,66.39344262295083,1071.1,-5.813333333333276,-1.3099999999999454,0.1066140177690029,1145.0,1130.0,1122.0,1130.0,4100.0
2026-01-10,1128.0,1128.0,1110.0,1121.0,1121.0,2400.0,1105.9,1100.48,1074.2666666666669,1159.125,66.39344262295083,1072.76,-5.880000000000109,-1.1800000000000637,0.1077075098814228,1145.0,1128.0,1121.0,1128.0,2400.0
2026-01-11,1128.0,1128.0,1110.0,1121.0,1121.0,2400.0,1108.45,1102.4,1073.4266666666667,1158.945,66.39344262295083,1074.42,-5.853333333333239,-1.2000000000000457,0.1044334975369458,1145.0,1128.0,1121.0,1128.0,2400.0
2026-01-12,1128.0,1128.0,1110.0,1121.0,1121.0,2400.0,1111.2,1103.4,1072.5733333333333,1158.75,51.76470588235294,1076.08,-5.560000000000173,-1.1849999999999454,0.082046332046332,1145.0,1128.0,1121.0,1128.0,2400.0
2026-01-13,1123.0,1123.0,1083.0,1111.0,1111.0,16900.0,1113.2,1104.84,1071.1333333333334,1158.56,45.74468085106383,1077.54,-5.679999999999836,-1.1000000000001364,0.086021505376344,1145.0,1128.0,1121.0,1128.0,2400.0
2026-01-14,1112.0,1120.0,1109.0,1113.0,1113.0,5600.0,1114.35,1106.36,1069.7066666666667,1158.38,46.875,1079.06,-5.773333333333312,-0.9849999999999,0.0879765395894427,1145.0,1123.0,1111.0,1123.0,16900.0
2026-01-15,1116.0,1117.0,1098.0,1116.0,1116.0,4800.0,1116.1,1108.0,1068.32,1158.215,48.48484848484848,1080.5,-5.946666666666715,-0.910000000000082,0.0909090909090908,1145.0,1120.0,1113.0,1112.0,5600.0
2026-01-16,1116.0,1120.0,1106.0,1120.0,1120.0,4000.0,1118.05,1110.0,1066.986666666667,1158.09,50.48543689320388,1081.9,-6.440000000000055,-0.8550000000000182,0.1012782694198624,1145.0,1117.0,1116.0,1116.0,4800.0
2026-01-17,1116.0,1120.0,1106.0,1120.0,1120.0,4000.0,1120.0,1112.16,1065.6533333333334,1157.82,50.48543689320388,1082.92,-6.919999999999845,-0.9300000000000636,0.1056268509378084,1145.0,1120.0,1120.0,1116.0,4000.0
2026-01-18,1116.0,1120.0,1106.0,1120.0,1120.0,4000.0,1120.1,1114.12,1066.12,1157.615,50.48543689320388,1083.94,-5.013333333333549,-0.9449999999999364,0.0905550146056475,1145.0,1120.0,1120.0,1116.0,4000.0
2026-01-19,1120.0,1125.0,1097.0,1125.0,1125.0,9200.0,1120.4,1115.52,1067.04,1157.52,62.63736263736264,1085.06,-2.6666666666667425,-0.8600000000001273,0.0817307692307691,1145.0,1120.0,1120.0,1116.0,4000.0
2026-01-20,1128.0,1147.0,1127.0,1131.0,1131.0,12700.0,1121.0,1117.52,1068.4533333333334,1157.52,37.037037037037045,1086.64,0.1333333333334394,-0.6949999999999363,0.0895953757225433,1145.0,1125.0,1125.0,1120.0,9200.0
2026-01-21,1130.0,1130.0,1112.0,1127.0,1127.0,5300.0,1121.4,1119.36,1070.0666666666666,1157.5,41.66666666666667,1088.18,3.0799999999999272,-0.5899999999999181,0.0857418111753371,1145.0,1147.0,1131.0,1128.0,12700.0
2026-01-22,1131.0,1131.0,1114.0,1121.0,1121.0,5000.0,1121.5,1120.96,1071.6,1157.45,48.78048780487806,1089.52,5.946666666666488,-0.3699999999998908,0.0799614643545278,1145.0,1130.0,1127.0,1130.0,5300.0
2026-01-23,1129.0,1129.0,1117.0,1117.0,1117.0,4700.0,1121.4,1120.92,1073.08,1157.3,45.45454545454546,1090.78,6.960000000000036,-0.3150000000000545,0.0761078998073216,1145.0,1131.0,1121.0,1131.0,5000.0
2026-01-24,1129.0,1129.0,1117.0,1117.0,1117.0,4700.0,1121.3,1120.84,1074.4666666666667,1157.115,45.45454545454546,1092.14,7.426666666666733,-0.4049999999999727,0.0771456123432978,1145.0,1129.0,1117.0,1129.0,4700.0
2026-01-25,1129.0,1129.0,1117.0,1117.0,1117.0,4700.0,1122.05,1120.76,1075.8666666666666,1156.81,45.45454545454546,1093.5,7.413333333333185,-0.7100000000000364,0.0699233716475096,1145.0,1129.0,1117.0,1129.0,4700.0
2026-01-26,1128.0,1128.0,1113.0,1114.0,1114.0,9000.0,1120.5,1120.56,1077.1866666666667,1156.575,42.5531914893617,1094.8,7.120000000000118,-0.9249999999999544,0.0609523809523808,1135.0,1129.0,1117.0,1129.0,4700.0
2026-01-27,1119.0,1121.0,1116.0,1116.0,1116.0,2300.0,1119.55,1120.44,1078.253333333333,1156.38,56.41025641025641,1096.54,6.653333333333421,-1.0699999999999363,0.0439663236669785,1131.0,1128.0,1114.0,1128.0,9000.0
2026-01-28,1120.0,1120.0,1095.0,1100.0,1100.0,6600.0,1118.45,1119.68,1079.28,1156.105,37.73584905660377,1097.84,6.2000000000000455,-1.1949999999999363,0.0289990645463049,1131.0,1121.0,1116.0,1119.0,2300.0
2026-01-29,1100.0,1107.0,1084.0,1107.0,1107.0,15000.0,1117.75,1119.2,1080.4,1155.865,42.10526315789473,1099.28,5.933333333333394,-1.25,0.0355472404115997,1131.0,1120.0,1100.0,1120.0,6600.0
2026-01-30,1107.0,1107.0,1098.0,1104.0,1104.0,9800.0,1116.9,1119.28,1081.48,1155.67,35.71428571428572,1101.02,5.613333333333458,-1.139999999999873,0.0494296577946768,1131.0,1107.0,1107.0,1100.0,15000.0
2026-01-31,1107.0,1107.0,1098.0,1104.0,1104.0,9800.0,1116.05,1117.64,1082.64,1155.595,35.71428571428572,1102.4,5.453333333333376,-0.9800000000000182,0.0514285714285713,1131.0,1107.0,1104.0,1107.0,9800.0
2026-02-01,1107.0,1107.0,1098.0,1104.0,1104.0,9800.0,1115.2,1116.4,1083.8533333333332,1155.455,35.71428571428572,1103.78,5.599999999999909,-0.925000000000182,0.0474383301707779,1131.0,1107.0,1104.0,1107.0,9800.0
2026-02-02,1105.0,1115.0,1105.0,1109.0,1109.0,8500.0,1115.1,1115.88,1084.9466666666667,1155.345,35.71428571428572,1105.26,5.666666666666743,-0.7599999999999909,0.0521821631878558,1131.0,1107.0,1104.0,1107.0,9800.0
2026-02-03,1113.0,1136.0,1104.0,1113.0,1113.0,35100.0,1115.1,1115.56,1085.92,1155.35,33.33333333333333,1106.32,5.519999999999982,-0.5150000000001,0.0610104861773117,1131.0,1115.0,1109.0,1105.0,8500.0
2026-02-04,1123.0,1146.0,1113.0,1132.0,1132.0,39500.0,1115.9,1116.0,1087.1733333333334,1155.45,53.6231884057971,1108.24,5.693333333333385,-0.2200000000000272,0.0791229742612011,1132.0,1136.0,1113.0,1113.0,35100.0
2026-02-05,1130.0,1170.0,1130.0,1168.0,1168.0,22800.0,1118.3,1117.88,1088.9066666666668,1155.73,73.73737373737373,1110.14,6.266666666666652,0.1349999999999909,0.1134413727359389,1168.0,1146.0,1132.0,1123.0,39500.0
2026-02-06,1168.0,1168.0,1142.0,1148.0,1148.0,11800.0,1119.7,1118.96,1090.3733333333332,1155.91,63.47826086956522,1111.18,6.519999999999982,0.4550000000001546,0.1156462585034012,1168.0,1170.0,1168.0,1130.0,22800.0
2026-02-07,1168.0,1168.0,1142.0,1148.0,1148.0,11800.0,1121.1,1120.44,1091.84,1156.01,63.47826086956522,1112.64,6.893333333333203,0.6649999999999636,0.1091787439613527,1168.0,1168.0,1148.0,1168.0,11800.0
2026-02-08,1168.0,1168.0,1142.0,1148.0,1148.0,11800.0,1122.25,1121.84,1093.32,1156.085,63.47826086956522,1114.1,7.399999999999864,0.7350000000001273,0.1091787439613527,1168.0,1168.0,1148.0,1168.0,11800.0
2026-02-09,1159.0,1159.0,1121.0,1128.0,1128.0,12300.0,1122.1,1122.32,1094.44,1156.075,55.30303030303031,1115.16,7.2666666666666515,0.625,0.1091445427728614,1168.0,1168.0,1148.0,1168.0,11800.0
2026-02-10,1122.0,1145.0,1118.0,1119.0,1119.0,17400.0,1121.7,1122.28,1095.36,1155.93,51.07913669064748,1116.14,6.453333333333148,0.2000000000000454,0.0811594202898551,1168.0,1159.0,1128.0,1159.0,12300.0
2026-02-11,1122.0,1145.0,1118.0,1119.0,1119.0,17400.0,1121.6,1122.24,1096.0266666666666,1155.785,57.72357723577235,1117.2,5.653333333333421,-0.125,0.0811594202898551,1168.0,1145.0,1119.0,1122.0,17400.0
2026-02-12,1130.0,1130.0,1100.0,1102.0,1102.0,15200.0,1120.85,1121.52,1096.4666666666667,1155.555,48.1203007518797,1117.82,4.626666666666779,-0.4549999999999272,0.0647342995169082,1168.0,1145.0,1119.0,1122.0,17400.0
2026-02-13,1103.0,1103.0,1090.0,1090.0,1090.0,14900.0,1119.5,1120.12,1096.746666666667,1155.245,45.070422535211264,1117.82,3.4266666666667334,-0.8400000000001455,0.0283018867924529,1168.0,1130.0,1102.0,1130.0,15200.0
2026-02-14,1103.0,1103.0,1090.0,1090.0,1090.0,14900.0,1118.15,1118.48,1097.253333333333,1154.915,45.070422535211264,1118.0,2.813333333333276,-1.160000000000082,0.0521235521235521,1168.0,1103.0,1090.0,1103.0,14900.0
2026-02-15,1103.0,1103.0,1090.0,1090.0,1090.0,14900.0,1116.95,1117.0,1097.7866666666666,1154.465,45.070422535211264,1118.18,2.4266666666667334,-1.4650000000001455,0.015843429636533,1168.0,1103.0,1090.0,1103.0,14900.0
2026-02-16,1100.0,1107.0,1088.0,1100.0,1100.0,12300.0,1116.15,1116.16,1098.4,1153.875,46.93877551020408,1118.56,2.3733333333334485,-1.9100000000000816,0.0036496350364962,1168.0,1103.0,1090.0,1103.0,14900.0
2026-02-17,1111.0,1111.0,1095.0,1110.0,1110.0,8400.0,1116.65,1115.88,1099.1466666666668,1153.3,49.01960784313726,1118.4,2.680000000000064,-2.255000000000109,0.0325581395348837,1168.0,1107.0,1100.0,1100.0,12300.0
2026-02-21,1146.0,1163.0,1132.0,1140.0,1140.0,13500.0,1123.65,1119.68,1104.253333333333,1151.48,46.7741935483871,1120.06,5.853333333333239,-2.394999999999982,0.0694183864915571,1168.0,1163.0,1140.0,1146.0,13500.0
2026-02-22,1146.0,1163.0,1132.0,1140.0,1140.0,13500.0,1125.2,1121.28,1105.6533333333334,1151.0,46.7741935483871,1120.48,6.506666666666661,-2.2999999999999545,0.0644257703081232,1168.0,1163.0,1140.0,1146.0,13500.0
2026-02-23,1146.0,1163.0,1132.0,1140.0,1140.0,13500.0,1126.55,1122.6,1107.0533333333333,1150.61,55.76923076923077,1120.9,6.813333333333276,-2.220000000000028,0.0458715596330274,1168.0,1163.0,1140.0,1146.0,13500.0
2026-02-18,1115.0,1141.0,1108.0,1131.0,1131.0,13500.0,,,,,,,,,,,,,,
2026-02-19,1135.0,1148.0,1127.0,1148.0,1148.0,10200.0,,,,,,,,,,,,,,
2026-02-20,1146.0,1163.0,1132.0,1140.0,1140.0,13500.0,,,,,,,,,,,,,,
2026-02-24,1147.0,1186.0,1131.0,1172.0,1172.0,24500.0,,,,,,,,,,,,,,
2026-02-25,1173.0,1184.0,1166.0,1170.0,1170.0,18500.0,,,,,,,,,,,,,,
2026-02-26,1184.0,1230.0,1170.0,1208.0,1208.0,27100.0,,,,,,,,,,,,,,
2026-02-27,1210.0,1214.0,1195.0,1200.0,1200.0,16000.0,,,,,,,,,,,,,,
2026-03-02,1200.0,1208.0,1180.0,1191.0,1191.0,22600.0,,,,,,,,,,,,,,
2026-03-03,1196.0,1196.0,1170.0,1180.0,1180.0,24900.0,,,,,,,,,,,,,,
2026-03-04,1160.0,1162.0,1124.0,1146.0,1146.0,38600.0,,,,,,,,,,,,,,
2026-03-05,1199.0,1218.0,1180.0,1207.0,1207.0,26600.0,,,,,,,,,,,,,,
2026-03-06,1186.0,1204.0,1181.0,1192.0,1192.0,8400.0,,,,,,,,,,,,,,
