Date,Open,High,Low,Close,Adj Close,Volume,MA20,MA25,MA75,MA200,RSI14,MA50,MA75_slope,MA200_slope,Ret60,High20,PrevHigh,PrevClose,PrevOpen,PrevVolume
2020-02-25,6070.0,6270.0,6000.0,6140.0,5862.1904296875,21100.0,,,,,50.0,,,,,,,,,
2020-02-26,5940.0,6100.0,5940.0,6050.0,5776.26220703125,11400.0,,,,,50.0,,,,,,6270.0,6140.0,6070.0,21100.0
2020-02-27,6050.0,6050.0,5820.0,5830.0,5566.216796875,5900.0,,,,,50.0,,,,,,6100.0,6050.0,5940.0,11400.0
2020-02-28,5730.0,5730.0,5400.0,5400.0,5155.67236328125,8700.0,,,,,50.0,,,,,,6050.0,5830.0,6050.0,5900.0
2020-02-29,5730.0,5730.0,5400.0,5400.0,5155.67236328125,8700.0,,,,,50.0,,,,,,5730.0,5400.0,5730.0,8700.0
2020-03-01,5730.0,5730.0,5400.0,5400.0,5155.67236328125,8700.0,,,,,50.0,,,,,,5730.0,5400.0,5730.0,8700.0
2020-03-02,5200.0,6040.0,5200.0,5960.0,5690.33447265625,13900.0,,,,,50.0,,,,,,5730.0,5400.0,5730.0,8700.0
2020-03-03,6010.0,6110.0,5670.0,5670.0,5413.45556640625,9700.0,,,,,50.0,,,,,,6040.0,5960.0,5200.0,13900.0
2020-03-04,5580.0,5760.0,5540.0,5610.0,5356.17041015625,3400.0,,,,,50.0,,,,,,6110.0,5670.0,6010.0,9700.0
2020-03-05,5740.0,5840.0,5660.0,5710.0,5451.646484375,11100.0,,,,,50.0,,,,,,5760.0,5610.0,5580.0,3400.0
2020-03-06,5690.0,5690.0,5490.0,5490.0,5241.60009765625,9100.0,,,,,50.0,,,,,,5840.0,5710.0,5740.0,11100.0
2020-03-07,5690.0,5690.0,5490.0,5490.0,5241.60009765625,9100.0,,,,,50.0,,,,,,5690.0,5490.0,5690.0,9100.0
2020-03-08,5690.0,5690.0,5490.0,5490.0,5241.60009765625,9100.0,,,,,50.0,,,,,,5690.0,5490.0,5690.0,9100.0
2020-03-09,5320.0,5460.0,5280.0,5300.0,5060.19677734375,8400.0,,,,,50.0,,,,,,5690.0,5490.0,5690.0,9100.0
2020-03-10,5220.0,5730.0,5090.0,5730.0,5470.7412109375,9300.0,,,,,42.084942084942085,,,,,,5460.0,5300.0,5320.0,8400.0
2020-03-11,5930.0,5930.0,5600.0,5600.0,5346.62353515625,9800.0,,,,,41.444866920152094,,,,,,5730.0,5730.0,5220.0,9300.0
2020-03-12,5620.0,5680.0,5410.0,5520.0,5270.24267578125,16600.0,,,,,43.77510040160642,,,,,,5930.0,5600.0,5930.0,9800.0
2020-03-13,5580.0,5880.0,5250.0,5580.0,5327.52734375,19600.0,,,,,54.24528301886792,,,,,,5680.0,5520.0,5620.0,16600.0
2020-03-14,5580.0,5880.0,5250.0,5580.0,5327.52734375,19600.0,,,,,54.24528301886792,,,,,,5880.0,5580.0,5580.0,19600.0
2020-03-15,5580.0,5880.0,5250.0,5580.0,5327.52734375,19600.0,5626.5,,,,54.24528301886792,,,,,6140.0,5880.0,5580.0,5580.0,19600.0
2020-03-16,5850.0,6020.0,5720.0,5810.0,5547.12109375,13700.0,5610.0,,,,45.81005586592178,,,,,6050.0,5880.0,5580.0,5580.0,19600.0
2020-03-17,5900.0,6380.0,5790.0,6340.0,6053.140625,15500.0,5624.5,,,,66.50246305418719,,,,,6340.0,6020.0,5810.0,5850.0,13700.0
2020-03-18,6480.0,7140.0,6480.0,6750.0,6444.59033203125,28900.0,5670.5,,,,73.94957983193277,,,,,6750.0,6380.0,6340.0,5900.0,15500.0
2020-03-19,6880.0,7070.0,6820.0,6840.0,6530.51806640625,12100.0,5742.5,,,,73.83966244725738,,,,,6840.0,7140.0,6750.0,6480.0,28900.0
2020-03-20,6880.0,7070.0,6820.0,6840.0,6530.51806640625,12100.0,5814.5,5804.4,,,81.3953488372093,,,,,6840.0,7070.0,6840.0,6880.0,12100.0
2020-03-21,6880.0,7070.0,6820.0,6840.0,6530.51806640625,12100.0,5886.5,5832.4,,,81.3953488372093,,,,,6840.0,7070.0,6840.0,6880.0,12100.0
2020-03-22,6880.0,7070.0,6820.0,6840.0,6530.51806640625,12100.0,5930.5,5864.0,,,81.3953488372093,,,,,6840.0,7070.0,6840.0,6880.0,12100.0
2020-03-23,6890.0,6970.0,6500.0,6820.0,6511.42236328125,24700.0,5988.0,5903.6,,,88.38383838383838,,,,,6840.0,7070.0,6840.0,6880.0,12100.0
2020-03-24,6900.0,7000.0,6570.0,6870.0,6559.16064453125,10600.0,6051.0,5962.4,,,85.625,,,,,6870.0,6970.0,6820.0,6890.0,24700.0
2020-03-25,6970.0,6970.0,6620.0,6870.0,6559.16064453125,11200.0,6109.0,6021.2,,,93.19727891156462,,,,,6870.0,7000.0,6870.0,6900.0,10600.0
2020-03-26,6970.0,7040.0,6680.0,7040.0,6721.46923828125,28500.0,6186.5,6086.8,,,98.71794871794872,,,,,7040.0,6970.0,6870.0,6970.0,11200.0
2020-03-27,7110.0,7600.0,6930.0,7600.0,7256.1318359375,48900.0,6292.0,6152.4,,,99.02912621359224,,,,,7600.0,7040.0,7040.0,6970.0,28500.0
2020-03-28,7110.0,7600.0,6930.0,7600.0,7256.1318359375,48900.0,6397.5,6229.6,,,99.02912621359224,,,,,7600.0,7600.0,7600.0,7110.0,48900.0
2020-03-29,7110.0,7600.0,6930.0,7600.0,7256.1318359375,48900.0,6512.5,6309.2,,,99.02912621359224,,,,,7600.0,7600.0,7600.0,7110.0,48900.0
2020-03-30,7390.0,7540.0,6940.0,7000.0,6736.4619140625,73900.0,6576.0,6360.8,,,74.48559670781893,,,,,7600.0,7600.0,7600.0,7110.0,48900.0
2020-03-31,6990.0,6990.0,6680.0,6870.0,6611.35595703125,39500.0,6639.5,6416.0,,,63.05418719211823,,,,,7600.0,7540.0,7000.0,7390.0,73900.0
2020-04-01,6870.0,6870.0,6370.0,6430.0,6187.9208984375,26300.0,6685.0,6453.6,,,42.23300970873787,,,,,7600.0,6990.0,6870.0,6990.0,39500.0
2020-04-02,6390.0,6390.0,6000.0,6000.0,5774.10986328125,24300.0,6706.0,6474.0,,,32.5,,,,,7600.0,6870.0,6430.0,6870.0,26300.0
2020-04-03,6100.0,6490.0,6050.0,6190.0,5956.95703125,25700.0,6736.5,6509.6,,,37.45173745173745,,,,,7600.0,6390.0,6000.0,6390.0,24300.0
2020-04-04,6100.0,6490.0,6050.0,6190.0,5956.95703125,25700.0,6767.0,6528.0,,,37.45173745173745,,,,,7600.0,6490.0,6190.0,6100.0,25700.0
2020-04-05,6100.0,6490.0,6050.0,6190.0,5956.95703125,25700.0,6786.0,6551.6,,,37.45173745173745,,,,,7600.0,6490.0,6190.0,6100.0,25700.0
2020-04-06,6090.0,6380.0,5970.0,6220.0,5985.8271484375,21300.0,6780.0,6579.6,,,38.46153846153846,,,,,7600.0,6490.0,6190.0,6100.0,25700.0
2020-04-07,6620.0,7000.0,6560.0,7000.0,6736.4619140625,17500.0,6792.5,6636.4,,,51.95195195195195,,,,,7600.0,6380.0,6220.0,6090.0,21300.0
2020-04-08,7020.0,7280.0,6930.0,7170.0,6900.0615234375,15200.0,6809.0,6700.0,,,54.285714285714285,,,,,7600.0,7000.0,7000.0,6620.0,17500.0
2020-04-09,7300.0,7350.0,7120.0,7330.0,7054.037109375,9300.0,6833.5,6770.0,,,54.154727793696274,,,,,7600.0,7280.0,7170.0,7020.0,15200.0
2020-04-10,7180.0,7290.0,7030.0,7160.0,6890.4375,6000.0,6849.5,6824.0,,,42.903225806451616,,,,,7600.0,7350.0,7330.0,7300.0,9300.0
2020-04-11,7180.0,7290.0,7030.0,7160.0,6890.4375,6000.0,6865.5,6856.8,,,42.903225806451616,,,,,7600.0,7290.0,7160.0,7180.0,6000.0
2020-04-12,7180.0,7290.0,7030.0,7160.0,6890.4375,6000.0,6882.5,6873.2,,,42.903225806451616,,,,,7600.0,7290.0,7160.0,7180.0,6000.0
2020-04-13,7010.0,7170.0,7010.0,7070.0,6803.826171875,2800.0,6892.5,6882.4,,,51.35135135135135,,,,,7600.0,7290.0,7160.0,7180.0,6000.0
2020-04-14,7050.0,7200.0,7010.0,7020.0,6755.70849609375,4500.0,6900.0,6889.6,,,52.98804780876494,6347.0,,,,7600.0,7170.0,7070.0,7010.0,2800.0
2020-04-15,7080.0,7090.0,6910.0,6910.0,6649.849609375,5000.0,6893.5,6892.4,,,61.0091743119266,6362.4,,,,7600.0,7200.0,7020.0,7050.0,4500.0
2020-04-16,6810.0,6970.0,6810.0,6950.0,6688.34375,7000.0,6861.0,6896.8,,,76.53631284916202,6380.4,,,,7600.0,7090.0,6910.0,7080.0,5000.0
2020-04-17,6950.0,7060.0,6860.0,6860.0,6601.732421875,6000.0,6824.0,6898.4,,,69.8224852071006,6401.0,,,,7600.0,6970.0,6950.0,6810.0,7000.0
2020-04-18,6950.0,7060.0,6860.0,6860.0,6601.732421875,6000.0,6787.0,6898.0,,,69.8224852071006,6430.2,,,,7330.0,7060.0,6860.0,6950.0,6000.0
2020-04-19,6950.0,7060.0,6860.0,6860.0,6601.732421875,6000.0,6780.0,6897.6,,,69.8224852071006,6459.4,,,,7330.0,7060.0,6860.0,6950.0,6000.0
2020-04-20,6880.0,7010.0,6880.0,6930.0,6669.0966796875,1500.0,6783.0,6893.2,,,70.52023121387283,6490.0,,,,7330.0,7060.0,6860.0,6950.0,6000.0
2020-04-21,6820.0,6900.0,6690.0,6740.0,6486.25,2600.0,6798.5,6858.8,,,38.59649122807018,6505.6,,,,7330.0,7010.0,6930.0,6880.0,1500.0
2020-04-22,6640.0,6910.0,6550.0,6740.0,6486.25,5500.0,6835.5,6824.4,,,27.83505154639176,6527.0,,,,7330.0,6900.0,6740.0,6820.0,2600.0
2020-04-23,6700.0,6790.0,6660.0,6790.0,6534.36767578125,2600.0,6865.5,6792.0,,,18.604651162790702,6550.6,,,,7330.0,6910.0,6740.0,6640.0,5500.0
2020-04-24,6690.0,6930.0,6690.0,6930.0,6669.0966796875,3700.0,6902.5,6789.2,,,36.14457831325301,6575.0,,,,7330.0,6790.0,6790.0,6700.0,2600.0
2020-04-25,6690.0,6930.0,6690.0,6930.0,6669.0966796875,3700.0,6939.5,6791.6,,,36.14457831325301,6603.8,,,0.1286644951140065,7330.0,6930.0,6930.0,6690.0,3700.0
2020-04-26,6690.0,6930.0,6690.0,6930.0,6669.0966796875,3700.0,6975.0,6811.6,,,36.14457831325301,6632.6,,,0.1454545454545455,7330.0,6930.0,6930.0,6690.0,3700.0
2020-04-27,7030.0,7090.0,6920.0,7050.0,6784.57861328125,4300.0,6977.5,6853.6,,,48.83720930232558,6663.8,,,0.2092624356775301,7330.0,6930.0,6930.0,6690.0,3700.0
2020-04-28,7080.0,7540.0,6890.0,7540.0,7256.1318359375,13400.0,6996.0,6907.6,,,70.0,6708.6,,,0.3962962962962963,7540.0,7090.0,7050.0,7030.0,4300.0
2020-04-29,7080.0,7540.0,6890.0,7540.0,7256.1318359375,13400.0,7006.5,6961.6,,,76.47058823529412,6744.8,,,0.3962962962962963,7540.0,7540.0,7540.0,7080.0,13400.0
2020-04-30,7460.0,7530.0,7410.0,7450.0,7169.52001953125,7500.0,7021.0,7012.0,,,70.16129032258064,6781.8,,,0.3796296296296295,7540.0,7540.0,7540.0,7080.0,13400.0
2020-05-01,7010.0,7240.0,7010.0,7240.0,6967.42529296875,1300.0,7025.0,7052.8,,,63.97058823529412,6816.2,,,0.2147651006711408,7540.0,7530.0,7450.0,7460.0,7500.0
2020-05-02,7010.0,7240.0,7010.0,7240.0,6967.42529296875,1300.0,7029.0,7062.4,,,63.97058823529412,6849.4,,,0.2768959435626101,7540.0,7240.0,7240.0,7010.0,1300.0
2020-05-03,7010.0,7240.0,7010.0,7240.0,6967.42529296875,1300.0,7037.5,7065.2,,,63.97058823529412,6882.6,,,0.2905525846702317,7540.0,7240.0,7240.0,7010.0,1300.0
2020-05-04,7010.0,7240.0,7010.0,7240.0,6967.42529296875,1300.0,7048.5,7061.6,,,62.015503875969,6915.8,,,0.2679509632224168,7540.0,7240.0,7240.0,7010.0,1300.0
2020-05-05,7010.0,7240.0,7010.0,7240.0,6967.42529296875,1300.0,7065.0,7064.8,,,72.72727272727273,6944.4,,,0.3187613843351549,7540.0,7240.0,7240.0,7010.0,1300.0
2020-05-06,7010.0,7240.0,7010.0,7240.0,6967.42529296875,1300.0,7079.5,7068.0,,,72.72727272727273,6962.4,,,0.3187613843351549,7540.0,7240.0,7240.0,7010.0,1300.0
2020-05-07,7380.0,7380.0,7140.0,7310.0,7034.791015625,3400.0,7102.0,7074.0,,,73.21428571428572,6973.6,,,0.331511839708561,7540.0,7240.0,7240.0,7010.0,1300.0
2020-05-08,7390.0,7600.0,7390.0,7530.0,7246.5078125,7600.0,7135.5,7092.4,,,75.0,6987.4,,,0.4207547169811321,7540.0,7380.0,7310.0,7380.0,3400.0
2020-05-09,7390.0,7600.0,7390.0,7530.0,7246.5078125,7600.0,7169.0,7112.8,6602.266666666666,,75.0,7001.2,,,0.3141361256544503,7540.0,7600.0,7530.0,7390.0,7600.0
2020-05-10,7390.0,7600.0,7390.0,7530.0,7246.5078125,7600.0,7199.0,7137.6,6620.8,,75.0,7015.0,,,0.3446428571428572,7540.0,7600.0,7530.0,7390.0,7600.0
2020-05-11,7590.0,7590.0,7350.0,7510.0,7227.26123046875,2800.0,7237.5,7160.0,6640.266666666666,,70.9090909090909,7028.4,,,0.3605072463768115,7540.0,7600.0,7530.0,7390.0,7600.0
2020-05-12,7580.0,7580.0,7390.0,7410.0,7131.025390625,2400.0,7271.0,7182.0,6661.333333333333,,40.84507042253521,7040.2,,,0.3279569892473117,7540.0,7590.0,7510.0,7590.0,2800.0
2020-05-13,7300.0,7480.0,7220.0,7480.0,7198.39013671875,3100.0,7305.5,7206.8,6689.066666666667,,46.15384615384615,7052.4,,,0.3405017921146953,7540.0,7580.0,7410.0,7580.0,2400.0
2020-05-14,7440.0,7440.0,7310.0,7380.0,7102.1552734375,2000.0,7328.0,7227.6,6715.466666666666,,45.56962025316456,7062.6,113.19999999999982,,0.3225806451612902,7540.0,7480.0,7480.0,7300.0,3100.0
2020-05-15,7490.0,7500.0,7350.0,7440.0,7159.89599609375,1800.0,7353.5,7248.0,6742.666666666667,,65.625,7070.6,121.8666666666668,,0.2805507745266782,7540.0,7440.0,7380.0,7440.0,2000.0
2020-05-16,7490.0,7500.0,7350.0,7440.0,7159.89599609375,1800.0,7379.0,7276.0,6762.4,,65.625,7067.4,122.1333333333332,,0.1735015772870662,7540.0,7500.0,7440.0,7490.0,1800.0
2020-05-17,7490.0,7500.0,7350.0,7440.0,7159.89599609375,1800.0,7398.5,7304.0,6786.0,,65.625,7064.2,124.66666666666696,,0.1022222222222222,7540.0,7500.0,7440.0,7490.0,1800.0
2020-05-18,7440.0,7500.0,7370.0,7500.0,7217.63720703125,3200.0,7396.5,7332.4,6811.2,,68.57142857142857,7062.2,122.1333333333332,,0.0964912280701755,7540.0,7500.0,7440.0,7490.0,1800.0
2020-05-19,7500.0,7500.0,7290.0,7420.0,7140.64892578125,3100.0,7390.5,7352.0,6834.0,,61.53846153846154,7070.6,118.53333333333376,,0.0847953216374268,7530.0,7500.0,7500.0,7440.0,3200.0
2020-05-20,7400.0,7400.0,7320.0,7360.0,7082.908203125,2600.0,7386.0,7369.2,6858.933333333333,,57.14285714285714,7080.4,116.26666666666642,,0.0760233918128654,7530.0,7500.0,7420.0,7500.0,3100.0
2020-05-21,7430.0,7480.0,7430.0,7470.0,7188.7666015625,1400.0,7397.5,7390.8,6885.333333333333,,59.09090909090909,7101.2,122.9333333333334,,0.0921052631578946,7530.0,7400.0,7360.0,7400.0,2600.0
2020-05-22,7400.0,7400.0,7290.0,7310.0,7034.791015625,900.0,7401.0,7401.2,6909.6,,36.58536585365854,7127.4,123.60000000000036,,0.0718475073313782,7530.0,7480.0,7470.0,7430.0,1400.0
2020-05-23,7400.0,7400.0,7290.0,7310.0,7034.791015625,900.0,7404.5,7392.0,6936.4,,36.58536585365854,7149.8,125.19999999999982,,0.0640465793304221,7530.0,7400.0,7310.0,7400.0,900.0
2020-05-24,7400.0,7400.0,7290.0,7310.0,7034.791015625,900.0,7408.0,7382.8,6957.466666666666,,36.58536585365854,7172.2,123.46666666666624,,0.0640465793304221,7530.0,7400.0,7310.0,7400.0,900.0
2020-05-25,7460.0,7500.0,7310.0,7500.0,7217.63720703125,2500.0,7421.0,7384.8,6982.8,,49.494949494949495,7198.4,123.8666666666668,,0.0653409090909091,7530.0,7400.0,7310.0,7400.0,900.0
2020-05-26,7500.0,7680.0,7430.0,7680.0,7390.86083984375,6900.0,7443.0,7402.4,7011.6,,62.61682242990654,7227.6,126.26666666666732,,0.0105263157894737,7680.0,7500.0,7500.0,7460.0,2500.0
2020-05-27,7640.0,7800.0,7490.0,7800.0,7506.34228515625,5300.0,7467.5,7424.8,7041.2,,64.28571428571428,7243.6,131.59999999999943,,0.0263157894736842,7800.0,7680.0,7680.0,7500.0,6900.0
2020-05-28,7800.0,8060.0,7800.0,8050.0,7746.9306640625,12000.0,7493.5,7457.2,7074.133333333333,,76.37795275590551,7261.2,137.73333333333358,,0.0592105263157893,8050.0,7800.0,7800.0,7640.0,5300.0
2020-05-29,8080.0,8120.0,7960.0,8000.0,7698.81298828125,7800.0,7517.0,7487.6,7106.4,,72.22222222222223,7274.6,148.9333333333334,,0.1428571428571428,8050.0,8060.0,8050.0,7800.0,12000.0
2020-05-30,8080.0,8120.0,7960.0,8000.0,7698.81298828125,7800.0,7540.5,7518.0,7135.6,,72.22222222222223,7291.4,152.80000000000018,,0.1644832605531294,8050.0,8120.0,8000.0,8080.0,7800.0
2020-05-31,8080.0,8120.0,7960.0,8000.0,7698.81298828125,7800.0,7565.0,7548.4,7157.733333333334,,72.22222222222223,7308.2,146.1333333333332,,0.2441679626749611,8050.0,8120.0,8000.0,8080.0,7800.0
2020-06-01,8100.0,8100.0,7840.0,7990.0,7689.18994140625,1300.0,7594.0,7575.6,7174.266666666666,,70.24793388429752,7324.8,133.0666666666666,,0.3316666666666668,8050.0,8120.0,8000.0,8080.0,7800.0
2020-06-02,7990.0,8060.0,7880.0,7970.0,7669.94287109375,5900.0,7618.5,7593.2,7189.333333333333,,73.91304347826087,7342.8,115.19999999999982,,0.2875605815831987,8050.0,8100.0,7990.0,8100.0,1300.0
2020-06-03,7970.0,8050.0,7780.0,7830.0,7535.2138671875,8800.0,7641.0,7605.2,7202.533333333334,,69.10569105691057,7359.0,96.13333333333412,,0.2649434571890146,8050.0,8060.0,7970.0,7990.0,5900.0
2020-06-04,7980.0,7980.0,7670.0,7980.0,7679.56591796875,4600.0,7668.0,7623.2,7217.733333333334,,70.07874015748031,7380.4,82.13333333333321,,0.2891760904684977,8050.0,8050.0,7830.0,7970.0,8800.0
2020-06-05,7830.0,7980.0,7820.0,7870.0,7573.7080078125,6100.0,7689.5,7637.6,7231.466666666666,,72.95081967213115,7398.8,73.73333333333267,,0.265273311897106,8050.0,7980.0,7980.0,7980.0,4600.0
2020-06-06,7830.0,7980.0,7820.0,7870.0,7573.7080078125,6100.0,7711.0,7656.0,7245.466666666666,,72.95081967213115,7419.0,71.19999999999982,,0.1242857142857143,8050.0,7980.0,7870.0,7830.0,6100.0
2020-06-07,7830.0,7980.0,7820.0,7870.0,7573.7080078125,6100.0,7729.5,7671.6,7258.8,,72.95081967213115,7439.2,69.46666666666715,,0.0976290097629009,8050.0,7980.0,7870.0,7830.0,6100.0
2020-06-08,7720.0,7870.0,7590.0,7690.0,7400.484375,4000.0,7743.0,7684.0,7269.733333333334,,57.85123966942149,7455.8,67.19999999999982,,0.0491132332878581,8050.0,7980.0,7870.0,7830.0,6100.0
2020-06-09,7790.0,7790.0,7520.0,7620.0,7333.11962890625,3700.0,7756.0,7691.2,7277.466666666666,,47.27272727272727,7469.6,59.733333333332666,,0.0642458100558658,8050.0,7870.0,7690.0,7720.0,4000.0
2020-06-10,7620.0,7760.0,7600.0,7600.0,7313.87255859375,5500.0,7762.5,7697.6,7277.466666666666,,40.0,7486.8,46.0,,0.0614525139664805,8050.0,7790.0,7620.0,7790.0,3700.0
2020-06-11,7700.0,7700.0,7540.0,7540.0,7256.1318359375,4700.0,7774.0,7701.6,7276.666666666667,,18.51851851851852,7502.8,31.200000000000728,,0.053072625698324,8050.0,7760.0,7600.0,7620.0,5500.0
2020-06-12,7500.0,7500.0,7210.0,7390.0,7111.779296875,5500.0,7778.0,7697.2,7273.866666666667,,16.483516483516482,7514.8,15.066666666666606,,0.0452616690240452,8050.0,7700.0,7540.0,7700.0,4700.0
2020-06-13,7500.0,7500.0,7210.0,7390.0,7111.779296875,5500.0,7782.0,7696.0,7279.066666666667,,16.483516483516482,7524.0,9.33333333333303,,0.0527065527065526,8050.0,7500.0,7390.0,7500.0,5500.0
2020-06-14,7500.0,7500.0,7210.0,7390.0,7111.779296875,5500.0,7776.5,7697.2,7286.0,,16.483516483516482,7533.2,8.533333333333758,,0.069464544138929,8050.0,7500.0,7390.0,7500.0,5500.0
2020-06-15,7390.0,7450.0,7230.0,7260.0,6986.6728515625,3400.0,7755.5,7688.8,7297.066666666667,,14.5631067961165,7539.8,19.600000000000364,,0.0446043165467626,8050.0,7500.0,7390.0,7500.0,5500.0
2020-06-16,7370.0,8050.0,7370.0,8000.0,7698.81298828125,10800.0,7765.5,7716.4,7323.733333333334,,50.85714285714286,7558.8,47.066666666666606,,0.1661807580174927,8050.0,7450.0,7260.0,7390.0,3400.0
2020-06-17,7990.0,8160.0,7770.0,7970.0,7669.94287109375,11900.0,7761.5,7742.8,7347.466666666666,,54.26829268292683,7567.4,73.59999999999945,,0.161807580174927,8000.0,8050.0,8000.0,7370.0,10800.0
2020-06-18,8000.0,8030.0,7950.0,7980.0,7679.56591796875,7300.0,7760.5,7769.6,7371.333333333333,,50.0,7576.2,92.26666666666642,,0.1632653061224489,8000.0,8160.0,7970.0,7990.0,11900.0
2020-06-19,7980.0,8110.0,7920.0,7990.0,7689.18994140625,9600.0,7760.0,7789.2,7395.333333333333,,54.285714285714285,7587.0,109.33333333333304,,0.1529581529581529,8000.0,8030.0,7980.0,8000.0,7300.0
2020-06-20,7980.0,8110.0,7920.0,7990.0,7689.18994140625,9600.0,7759.5,7801.6,7418.933333333333,,54.285714285714285,7602.0,121.8666666666668,,0.185459940652819,8000.0,8110.0,7990.0,7980.0,9600.0
2020-06-21,7980.0,8110.0,7920.0,7990.0,7689.18994140625,9600.0,7759.5,7809.2,7432.133333333333,,54.285714285714285,7617.0,108.39999999999964,,0.185459940652819,8000.0,8110.0,7990.0,7980.0,9600.0
2020-06-22,7920.0,7970.0,7890.0,7890.0,7592.9541015625,2400.0,7755.5,7802.8,7441.733333333334,,57.57575757575758,7630.0,94.26666666666732,,0.1620029455081002,8000.0,8110.0,7990.0,7980.0,9600.0
2020-06-23,7970.0,7970.0,7700.0,7740.0,7448.60205078125,4500.0,7751.0,7792.4,7447.2,,54.285714285714285,7640.0,75.86666666666679,,0.1168831168831168,8000.0,7970.0,7890.0,7920.0,2400.0
2020-06-24,7740.0,7800.0,7670.0,7790.0,7496.71923828125,3400.0,7741.5,7784.0,7455.6,,56.64335664335665,7651.0,60.26666666666733,,0.124098124098124,8000.0,7970.0,7740.0,7970.0,4500.0
2020-06-25,7910.0,7910.0,7650.0,7670.0,7381.2373046875,8100.0,7731.5,7770.8,7462.4,,54.36241610738256,7659.6,43.46666666666624,,0.1067821067821068,8000.0,7800.0,7790.0,7740.0,3400.0
2020-06-26,7800.0,7830.0,7760.0,7820.0,7525.59033203125,7800.0,7729.0,7764.0,7471.2,,64.42953020134229,7669.8,39.066666666666606,,0.1092198581560284,8000.0,7910.0,7670.0,7910.0,8100.0
2020-06-27,7800.0,7830.0,7760.0,7820.0,7525.59033203125,7800.0,7726.5,7758.0,7481.2,,64.42953020134229,7675.6,39.46666666666624,,0.0371352785145888,8000.0,7830.0,7820.0,7800.0,7800.0
2020-06-28,7800.0,7830.0,7760.0,7820.0,7525.59033203125,7800.0,7733.0,7757.6,7491.866666666667,,64.42953020134229,7681.4,44.66666666666697,,0.0371352785145888,8000.0,7830.0,7820.0,7800.0,7800.0
2020-06-29,7820.0,7860.0,7730.0,7820.0,7525.59033203125,7500.0,7743.0,7751.2,7504.0,,70.58823529411765,7687.2,48.39999999999964,,0.0496644295302013,8000.0,7830.0,7820.0,7800.0,7800.0
2020-06-30,7820.0,7820.0,7730.0,7800.0,7506.34228515625,3500.0,7753.0,7748.4,7515.333333333333,,34.375,7693.0,52.933333333333394,,0.0773480662983425,8000.0,7860.0,7820.0,7820.0,7500.0
2020-07-01,7800.0,7800.0,7650.0,7750.0,7458.22509765625,5700.0,7763.5,7743.6,7527.2,,33.33333333333333,7699.8,56.0,,0.0704419889502763,8000.0,7820.0,7800.0,7820.0,3500.0
2020-07-02,7790.0,7790.0,7500.0,7700.0,7410.10791015625,5300.0,7779.0,7736.8,7538.4,,30.0,7704.2,57.19999999999982,,0.0635359116022098,8000.0,7800.0,7750.0,7800.0,5700.0
2020-07-03,7700.0,7700.0,7390.0,7450.0,7169.52001953125,3100.0,7782.0,7727.2,7546.266666666666,,21.276595744680847,7705.6,54.39999999999964,,0.0290055248618783,8000.0,7790.0,7700.0,7790.0,5300.0
2020-07-04,7700.0,7700.0,7390.0,7450.0,7169.52001953125,3100.0,7785.0,7720.4,7553.2,,21.276595744680847,7705.8,49.19999999999982,,0.0290055248618783,8000.0,7700.0,7450.0,7700.0,3100.0
2020-07-05,7700.0,7700.0,7390.0,7450.0,7169.52001953125,3100.0,7794.5,7714.4,7562.666666666667,,21.276595744680847,7706.0,47.33333333333394,,0.0290055248618783,8000.0,7700.0,7450.0,7700.0,3100.0
2020-07-06,7590.0,7590.0,7420.0,7490.0,7208.013671875,3400.0,7769.0,7712.4,7572.666666666667,,27.272727272727263,7707.0,45.46666666666715,,0.024623803009576,7990.0,7700.0,7450.0,7700.0,3100.0
2020-07-07,7500.0,7650.0,7500.0,7620.0,7333.11962890625,4900.0,7751.5,7721.6,7583.733333333334,,43.02325581395349,7709.4,45.33333333333394,,0.0119521912350597,7990.0,7590.0,7490.0,7590.0,3400.0
2020-07-08,7610.0,7610.0,7330.0,7330.0,7054.037109375,4000.0,7719.0,7719.2,7589.066666666667,,29.09090909090908,7707.6,42.80000000000018,,-0.0265604249667994,7990.0,7650.0,7620.0,7500.0,4900.0
2020-07-09,7260.0,7380.0,7200.0,7310.0,7034.791015625,4000.0,7685.0,7716.0,7594.133333333333,,32.0,7706.6,40.933333333333394,,-0.0292164674634793,7990.0,7610.0,7330.0,7610.0,4000.0
2020-07-10,7460.0,7520.0,7160.0,7200.0,6928.931640625,9300.0,7645.5,7713.6,7597.733333333334,,17.708333333333343,7701.2,35.066666666666606,,-0.0412782956058588,7990.0,7380.0,7310.0,7260.0,4000.0
2020-07-11,7460.0,7520.0,7160.0,7200.0,6928.931640625,9300.0,7606.0,7681.6,7599.733333333334,,17.708333333333343,7699.0,27.06666666666661,,-0.0283400809716599,7890.0,7520.0,7200.0,7460.0,9300.0
2020-07-12,7460.0,7520.0,7160.0,7200.0,6928.931640625,9300.0,7571.5,7650.8,7595.2,,17.708333333333343,7696.8,11.466666666666242,,-0.0374331550802139,7820.0,7520.0,7200.0,7460.0,9300.0
2020-07-13,7350.0,7820.0,7350.0,7740.0,7448.60205078125,12800.0,7571.5,7641.2,7597.866666666667,,47.33333333333333,7705.4,8.800000000000182,,0.048780487804878,7820.0,7520.0,7200.0,7460.0,9300.0
2020-07-14,7800.0,7800.0,7720.0,7760.0,7467.8486328125,4100.0,7570.0,7632.0,7602.0,,48.66666666666666,7710.6,7.866666666666788,,0.043010752688172,7820.0,7820.0,7740.0,7350.0,12800.0
2020-07-15,7760.0,7800.0,7630.0,7800.0,7506.34228515625,3500.0,7576.5,7624.4,7609.466666666666,,51.67785234899329,7713.0,11.733333333332666,,0.0483870967741935,7820.0,7800.0,7760.0,7800.0,4100.0
2020-07-16,7840.0,7840.0,7660.0,7660.0,7371.61376953125,2900.0,7568.5,7611.2,7615.066666666667,,48.734177215189874,7710.2,15.33333333333303,,0.0295698924731182,7820.0,7800.0,7800.0,7760.0,3500.0
2020-07-17,7740.0,7760.0,7720.0,7760.0,7467.8486328125,1100.0,7565.5,7606.0,7622.0,,60.83916083916084,7704.4,26.800000000000185,,0.0346666666666666,7820.0,7840.0,7660.0,7840.0,2900.0
2020-07-18,7740.0,7760.0,7720.0,7760.0,7467.8486328125,1100.0,7562.5,7606.8,7628.933333333333,,60.83916083916084,7699.6,31.06666666666661,,0.045822102425876,7820.0,7760.0,7760.0,7740.0,1100.0
2020-07-19,7740.0,7760.0,7720.0,7760.0,7467.8486328125,1100.0,7559.5,7605.6,7635.866666666667,,60.83916083916084,7694.8,33.86666666666679,,0.0543478260869565,7800.0,7760.0,7760.0,7740.0,1100.0
2020-07-20,7780.0,7890.0,7720.0,7870.0,7573.7080078125,12100.0,7563.0,7613.6,7644.266666666666,,62.66666666666666,7692.2,34.80000000000018,,0.0535475234270415,7870.0,7760.0,7760.0,7740.0,1100.0
2020-07-21,7790.0,7860.0,7770.0,7780.0,7487.095703125,6300.0,7564.5,7612.0,7650.533333333334,,55.47945205479452,7688.0,35.46666666666715,,0.0642954856361148,7870.0,7890.0,7870.0,7780.0,12100.0
2020-07-22,7820.0,7820.0,7300.0,7300.0,7025.1669921875,7500.0,7544.5,7591.2,7647.466666666666,,49.090909090909086,7674.6,25.46666666666624,,-0.0013679890560875,7870.0,7860.0,7780.0,7790.0,6300.0
2020-07-23,7820.0,7820.0,7300.0,7300.0,7025.1669921875,7500.0,7537.0,7570.4,7644.4,,49.693251533742334,7664.0,15.466666666666242,,-0.0013679890560875,7870.0,7820.0,7300.0,7820.0,7500.0
2020-07-24,7820.0,7820.0,7300.0,7300.0,7025.1669921875,7500.0,7529.5,7549.6,7641.333333333333,,53.28947368421052,7650.4,5.466666666666242,,-0.0266666666666666,7870.0,7820.0,7300.0,7820.0,7500.0
2020-07-25,7820.0,7820.0,7300.0,7300.0,7025.1669921875,7500.0,7522.0,7529.6,7638.533333333334,,53.28947368421052,7639.0,-5.733333333332666,,-0.0494791666666666,7870.0,7820.0,7300.0,7820.0,7500.0
2020-07-26,7820.0,7820.0,7300.0,7300.0,7025.1669921875,7500.0,7512.5,7511.6,7637.066666666667,,53.28947368421052,7627.6,-13.466666666667152,,-0.0641025641025641,7870.0,7820.0,7300.0,7820.0,7500.0
2020-07-27,7670.0,7680.0,7410.0,7610.0,7323.49560546875,7300.0,7512.0,7508.0,7638.8,,44.96124031007752,7622.4,-8.66666666666606,,-0.0546583850931676,7870.0,7820.0,7300.0,7820.0,7500.0
2020-07-28,7840.0,7940.0,7680.0,7760.0,7467.8486328125,10500.0,7533.5,7520.4,7643.866666666667,,50.0,7623.8,-0.5333333333328483,,-0.03,7870.0,7680.0,7610.0,7670.0,7300.0
2020-07-29,7770.0,7810.0,7750.0,7800.0,7506.34228515625,2900.0,7558.0,7534.4,7648.666666666667,,50.0,7627.4,7.33333333333394,,-0.025,7870.0,7940.0,7760.0,7840.0,10500.0
2020-07-30,7800.0,7870.0,7610.0,7870.0,7573.7080078125,8600.0,7591.5,7551.2,7654.4,,57.77777777777777,7632.8,15.866666666665878,,-0.0162499999999999,7870.0,7810.0,7800.0,7770.0,2900.0
2020-07-31,7800.0,7800.0,7480.0,7520.0,7236.88427734375,4700.0,7607.5,7552.4,7655.466666666666,,42.50000000000001,7632.4,18.39999999999964,,-0.0588235294117647,7870.0,7870.0,7870.0,7800.0,8600.0
2020-08-01,7800.0,7800.0,7480.0,7520.0,7236.88427734375,4700.0,7623.5,7548.4,7655.733333333334,,42.50000000000001,7635.0,16.933333333333394,,-0.056461731493099,7870.0,7800.0,7520.0,7800.0,4700.0
2020-08-02,7800.0,7800.0,7480.0,7520.0,7236.88427734375,4700.0,7612.5,7556.0,7657.066666666667,,42.50000000000001,7637.6,13.199999999999818,,-0.0395913154533844,7870.0,7800.0,7520.0,7800.0,4700.0
2020-08-03,7500.0,7540.0,7280.0,7300.0,7025.1669921875,3300.0,7589.5,7555.6,7656.266666666666,,33.33333333333333,7635.8,7.599999999999454,,-0.0852130325814536,7870.0,7800.0,7520.0,7800.0,4700.0
2020-08-04,7450.0,7750.0,7450.0,7750.0,7458.22509765625,8600.0,7587.0,7577.6,7660.0,,49.275362318840585,7645.6,5.600000000000364,,-0.0152477763659466,7870.0,7540.0,7300.0,7500.0,3300.0
2020-08-05,7660.0,7810.0,7510.0,7740.0,7448.60205078125,4400.0,7591.0,7599.2,7665.733333333334,,63.75,7640.4,10.266666666667334,,-0.0165184243964421,7870.0,7750.0,7750.0,7450.0,8600.0
2020-08-06,7640.0,7640.0,7640.0,7640.0,7352.3662109375,300.0,7585.0,7616.8,7670.133333333333,,60.0,7633.8,14.399999999999636,,-0.0292249047013977,7870.0,7810.0,7740.0,7660.0,4400.0
2020-08-07,7600.0,7600.0,7290.0,7400.0,7121.40185546875,3700.0,7567.0,7603.2,7671.333333333333,,52.577319587628864,7622.2,14.266666666666424,,-0.0377113133940182,7870.0,7640.0,7640.0,7640.0,300.0
2020-08-08,7600.0,7600.0,7290.0,7400.0,7121.40185546875,3700.0,7549.0,7588.8,7670.0,,52.577319587628864,7610.4,13.733333333333576,,-0.0288713910761154,7870.0,7600.0,7400.0,7600.0,3700.0
2020-08-09,7600.0,7600.0,7290.0,7400.0,7121.40185546875,3700.0,7525.5,7572.8,7666.266666666666,,52.577319587628864,7598.6,6.266666666666424,,-0.0263157894736841,7870.0,7600.0,7400.0,7600.0,3700.0
2020-08-10,7600.0,7600.0,7290.0,7400.0,7121.40185546875,3700.0,7506.5,7562.4,7660.933333333333,,43.55828220858896,7586.8,-4.800000000000182,,-0.0185676392572944,7870.0,7600.0,7400.0,7600.0,3700.0
2020-08-11,7400.0,7820.0,7400.0,7820.0,7525.59033203125,8500.0,7532.5,7564.8,7657.866666666667,,51.57894736842105,7585.4,-12.266666666666424,,0.0581867388362651,7870.0,7600.0,7400.0,7600.0,3700.0
2020-08-12,7820.0,7830.0,7720.0,7780.0,7487.095703125,10000.0,7556.5,7565.6,7654.933333333333,,49.47368421052632,7586.2,-16.399999999999636,,0.0527740189445196,7870.0,7820.0,7820.0,7400.0,8500.0
2020-08-13,7770.0,7810.0,7670.0,7800.0,7506.34228515625,10100.0,7581.5,7567.2,7652.266666666666,,48.10810810810811,7586.4,-17.733333333333576,,0.0554803788903923,7870.0,7830.0,7780.0,7820.0,10000.0
2020-08-14,7820.0,7850.0,7720.0,7830.0,7535.2138671875,11900.0,7608.0,7565.6,7650.0,,60.130718954248366,7589.6,-16.266666666666424,,0.0785123966942149,7870.0,7810.0,7800.0,7770.0,10100.0
2020-08-15,7820.0,7850.0,7720.0,7830.0,7535.2138671875,11900.0,7634.5,7567.6,7647.866666666667,,60.130718954248366,7589.8,-13.066666666666606,,-0.0212499999999999,7870.0,7850.0,7830.0,7820.0,11900.0
2020-08-16,7820.0,7850.0,7720.0,7830.0,7535.2138671875,11900.0,7645.5,7588.8,7646.0,,60.130718954248366,7590.0,-11.866666666666788,,-0.0175658720200753,7870.0,7850.0,7830.0,7820.0,11900.0
2020-08-17,7740.0,7780.0,7620.0,7770.0,7477.47216796875,5200.0,7646.0,7607.6,7645.2,,67.15328467153284,7589.0,-9.733333333333576,,-0.0263157894736841,7870.0,7850.0,7830.0,7820.0,11900.0
2020-08-18,7790.0,7810.0,7670.0,7730.0,7438.978515625,5900.0,7642.5,7624.8,7641.866666666667,,48.958333333333336,7587.2,-10.399999999999636,,-0.032540675844806,7870.0,7780.0,7770.0,7740.0,5200.0
2020-08-19,7580.0,7730.0,7530.0,7730.0,7438.978515625,4300.0,7635.5,7642.0,7640.0,,49.47368421052632,7585.8,-10.0,,-0.032540675844806,7830.0,7810.0,7730.0,7790.0,5900.0
2020-08-20,7620.0,7620.0,7310.0,7360.0,7082.908203125,6400.0,7627.5,7644.4,7633.2,,38.52459016393443,7578.0,-14.66666666666697,,-0.078848560700876,7830.0,7730.0,7730.0,7580.0,4300.0
2020-08-21,7400.0,7400.0,7300.0,7330.0,7054.037109375,3800.0,7618.0,7633.2,7626.0,,46.53465346534653,7570.6,-20.0,,-0.0709759188846641,7830.0,7620.0,7360.0,7620.0,6400.0
2020-08-22,7400.0,7400.0,7300.0,7330.0,7054.037109375,3800.0,7608.5,7616.0,7621.2,,46.53465346534653,7568.2,-24.0,,-0.0529715762273901,7830.0,7400.0,7330.0,7400.0,3800.0
2020-08-23,7400.0,7400.0,7300.0,7330.0,7054.037109375,3800.0,7610.0,7597.2,7617.333333333333,,46.53465346534653,7565.8,-24.53333333333376,,-0.0590500641848523,7830.0,7400.0,7330.0,7400.0,3800.0
2020-08-24,7330.0,7360.0,7000.0,7050.0,6784.57861328125,5400.0,7575.0,7564.4,7610.0,,36.43410852713178,7557.8,-30.0,,-0.0808344198174706,7830.0,7400.0,7330.0,7400.0,3800.0
2020-08-25,7230.0,7230.0,6720.0,6770.0,6515.1201171875,12100.0,7526.5,7534.4,7599.733333333334,,4.347826086956516,7543.4,-33.46666666666624,,-0.1342710997442455,7830.0,7360.0,7050.0,7330.0,5400.0
2020-08-26,6870.0,6870.0,6670.0,6690.0,6438.1328125,4200.0,7479.0,7501.2,7590.4,,4.201680672268893,7524.8,-35.600000000000364,,-0.1445012787723785,7830.0,7230.0,6770.0,7230.0,12100.0
2020-08-27,6690.0,6750.0,6690.0,6700.0,6447.75634765625,2800.0,7444.0,7468.4,7581.2,,3.389830508474589,7512.2,-40.0,,-0.1432225063938619,7830.0,6870.0,6690.0,6870.0,4200.0
2020-08-28,6830.0,6870.0,6560.0,6690.0,6438.1328125,9600.0,7408.5,7444.0,7571.866666666667,,0.8620689655172384,7499.8,-45.46666666666624,,-0.1445012787723785,7830.0,6750.0,6700.0,6690.0,2800.0
2020-08-29,6830.0,6870.0,6560.0,6690.0,6438.1328125,9600.0,7373.0,7401.6,7564.266666666666,,0.8620689655172384,7489.6,-45.733333333333576,,-0.1423076923076923,7830.0,6870.0,6690.0,6830.0,9600.0
2020-08-30,6830.0,6870.0,6560.0,6690.0,6438.1328125,9600.0,7337.5,7359.6,7546.8,,0.8620689655172384,7479.4,-52.933333333333394,,-0.136774193548387,7830.0,6870.0,6690.0,6830.0,9600.0
2020-08-31,6590.0,6870.0,6550.0,6630.0,6380.3916015625,9600.0,7278.0,7319.2,7528.933333333333,,0.8620689655172384,7468.0,-61.46666666666624,,-0.1389610389610389,7830.0,6870.0,6690.0,6830.0,9600.0
2020-09-01,6640.0,6740.0,6500.0,6540.0,6293.77978515625,5700.0,7216.0,7284.8,7509.733333333334,,0.8264462809917319,7444.0,-71.46666666666624,,-0.1221476510067114,7830.0,6870.0,6630.0,6590.0,9600.0
2020-09-02,6720.0,6780.0,6510.0,6660.0,6409.26220703125,6400.0,7159.0,7255.2,7492.0,,9.774436090225564,7422.0,-79.86666666666679,,-0.1060402684563758,7830.0,6740.0,6540.0,6640.0,5700.0
2020-09-03,6810.0,7080.0,6750.0,6950.0,6688.34375,7900.0,7115.0,7237.2,7478.133333333333,,33.60000000000001,7405.0,-86.13333333333321,,-0.0671140939597315,7830.0,6780.0,6660.0,6720.0,6400.0
2020-09-04,6850.0,6850.0,6760.0,6800.0,6543.99169921875,2900.0,7063.5,7213.2,7462.266666666666,,30.65693430656934,7387.8,-84.53333333333376,,-0.0921228304405874,7830.0,7080.0,6950.0,6810.0,7900.0
2020-09-05,6850.0,6850.0,6760.0,6800.0,6543.99169921875,2900.0,7012.0,7172.4,7447.733333333334,,30.65693430656934,7368.6,-81.19999999999982,,-0.1076115485564304,7770.0,6850.0,6800.0,6850.0,2900.0
2020-09-06,6850.0,6850.0,6760.0,6800.0,6543.99169921875,2900.0,6963.5,7133.2,7435.2,,30.65693430656934,7349.4,-74.53333333333376,,-0.0723055934515689,7730.0,6850.0,6800.0,6850.0,2900.0
2020-09-07,6800.0,6870.0,6700.0,6780.0,6524.744140625,4300.0,6916.0,7092.4,7421.733333333334,,37.83783783783784,7329.8,-70.26666666666642,,-0.0725034199726402,7730.0,6850.0,6800.0,6850.0,2900.0
2020-09-08,6680.0,7090.0,6680.0,7040.0,6774.95556640625,8800.0,6881.5,7060.8,7413.333333333333,,62.38532110091743,7313.2,-64.80000000000018,,-0.0222222222222222,7360.0,6870.0,6780.0,6800.0,4300.0
2020-09-09,6890.0,6970.0,6800.0,6910.0,6649.849609375,9400.0,6859.0,7024.0,7401.2,,59.64912280701755,7295.8,-61.066666666666606,,-0.0402777777777777,7330.0,7090.0,7040.0,6680.0,8800.0
2020-09-10,6860.0,7240.0,6810.0,7170.0,6900.0615234375,12500.0,6851.0,6997.6,7392.533333333334,,66.90647482014388,7293.2,-55.19999999999982,,-0.0041666666666666,7330.0,6970.0,6910.0,6890.0,9400.0
2020-09-11,7200.0,7200.0,6980.0,7060.0,6794.203125,8400.0,6837.5,6969.2,7382.4,7164.6,62.41610738255034,7288.4,-52.80000000000018,,-0.0878552971576227,7330.0,7240.0,7170.0,6860.0,12500.0
2020-09-12,7200.0,7200.0,6980.0,7060.0,6794.203125,8400.0,6824.0,6942.4,7372.266666666666,7169.2,62.41610738255034,7283.6,-49.46666666666715,,-0.0902061855670103,7170.0,7200.0,7060.0,7200.0,8400.0
2020-09-13,7200.0,7200.0,6980.0,7060.0,6794.203125,8400.0,6824.5,6915.6,7362.4,7174.25,62.41610738255034,7278.8,-50.933333333333394,,-0.0948717948717948,7170.0,7200.0,7060.0,7200.0,8400.0
2020-09-14,7240.0,7580.0,7160.0,7410.0,7131.025390625,16900.0,6856.5,6917.6,7357.866666666667,7182.15,71.91011235955057,7281.0,-43.33333333333303,,-0.0326370757180156,7410.0,7200.0,7060.0,7200.0,8400.0
2020-09-15,7400.0,7430.0,7230.0,7300.0,7025.1669921875,5900.0,6887.0,6916.4,7352.533333333334,7191.65,71.11111111111111,7274.8,-40.0,,-0.0592783505154639,7410.0,7580.0,7410.0,7240.0,16900.0
2020-09-16,7430.0,7800.0,7390.0,7790.0,7496.71923828125,15700.0,6941.5,6934.8,7357.066666666667,7203.6,76.036866359447,7275.4,-25.33333333333303,39.0,0.0038659793814432,7790.0,7430.0,7300.0,7400.0,5900.0
2020-09-17,7760.0,7820.0,7650.0,7800.0,7506.34228515625,9100.0,6997.0,6953.6,7361.733333333334,7215.6,72.48677248677248,7275.4,-10.533333333332848,46.40000000000055,0.0051546391752577,7800.0,7800.0,7790.0,7430.0,15700.0
2020-09-18,7820.0,7910.0,7590.0,7670.0,7381.2373046875,15400.0,7046.0,6978.4,7364.666666666667,7224.15,73.2620320855615,7271.4,2.2666666666673336,49.89999999999964,-0.025412960609911,7800.0,7820.0,7800.0,7760.0,9100.0
2020-09-19,7820.0,7910.0,7590.0,7670.0,7381.2373046875,15400.0,7095.0,7014.4,7367.066666666667,7234.15,73.2620320855615,7274.4,9.199999999999818,52.0,-0.0141388174807197,7800.0,7910.0,7670.0,7820.0,15400.0
2020-09-20,7820.0,7910.0,7590.0,7670.0,7381.2373046875,15400.0,7147.0,7053.6,7367.733333333334,7244.45,73.2620320855615,7277.4,15.199999999999818,52.80000000000018,0.0506849315068493,7800.0,7910.0,7670.0,7820.0,15400.0
2020-09-21,7820.0,7910.0,7590.0,7670.0,7381.2373046875,15400.0,7203.5,7092.4,7372.266666666666,7254.25,74.05405405405406,7280.4,15.199999999999818,50.64999999999964,0.0506849315068493,7800.0,7910.0,7670.0,7820.0,15400.0
2020-09-22,7820.0,7910.0,7590.0,7670.0,7381.2373046875,15400.0,7254.0,7131.6,7377.066666666667,7265.15,69.81132075471699,7287.8,15.33333333333303,49.54999999999927,0.0506849315068493,7800.0,7910.0,7670.0,7820.0,15400.0
2020-09-23,7540.0,7910.0,7530.0,7910.0,7612.20166015625,8600.0,7302.0,7180.4,7386.533333333334,7277.25,79.41176470588235,7291.0,21.866666666666788,53.10000000000037,0.0835616438356163,7910.0,7910.0,7670.0,7820.0,15400.0
2020-09-24,7850.0,8030.0,7840.0,7960.0,7660.3193359375,7800.0,7360.0,7231.2,7396.666666666667,7289.6,76.51006711409396,7295.4,29.600000000000364,55.45000000000073,0.0904109589041095,7960.0,7910.0,7910.0,7540.0,8600.0
2020-09-25,8090.0,8300.0,8030.0,8140.0,7833.54248046875,13700.0,7427.0,7291.6,7409.2,7303.8,84.61538461538461,7305.4,41.46666666666624,59.35000000000037,0.0696452036793693,8140.0,8030.0,7960.0,7850.0,7800.0
2020-09-26,8090.0,8300.0,8030.0,8140.0,7833.54248046875,13700.0,7494.0,7355.6,7414.533333333334,7315.85,84.61538461538461,7320.2,42.26666666666733,61.60000000000037,0.0489690721649485,8140.0,8300.0,8140.0,8090.0,13700.0
2020-09-27,8090.0,8300.0,8030.0,8140.0,7833.54248046875,13700.0,7562.0,7414.8,7419.6,7328.55,84.61538461538461,7335.0,42.53333333333376,63.40000000000055,0.0435897435897436,8140.0,8300.0,8140.0,8090.0,13700.0
2020-09-28,8190.0,8770.0,8140.0,8700.0,8372.458984375,26200.0,7645.0,7484.8,7431.6,7344.45,86.4406779661017,7361.0,45.066666666666606,67.19999999999982,0.1054637865311309,8700.0,8300.0,8140.0,8090.0,13700.0
2020-09-29,8700.0,8980.0,8540.0,8840.0,8507.189453125,14100.0,7741.5,7566.4,7447.333333333333,7360.75,92.77777777777776,7389.8,50.66666666666606,71.14999999999964,0.1755319148936169,8840.0,8770.0,8700.0,8190.0,26200.0
2020-09-30,8830.0,8850.0,8540.0,8540.0,8218.4833984375,7700.0,7810.0,7636.0,7457.733333333334,7375.55,73.29192546583852,7404.2,48.53333333333376,71.75,0.1356382978723405,8840.0,8980.0,8840.0,8700.0,14100.0
2020-10-01,8830.0,8850.0,8540.0,8540.0,8218.4833984375,7700.0,7884.0,7705.6,7468.133333333333,7390.35,73.125,7419.4,53.599999999999454,74.5,0.1356382978723405,8840.0,8850.0,8540.0,8830.0,7700.0
2020-10-02,8540.0,8580.0,8120.0,8170.0,7862.41259765625,7000.0,7939.5,7761.2,7473.6,7402.15,63.58695652173913,7426.8,54.0,73.59999999999945,0.1191780821917807,8840.0,8850.0,8540.0,8830.0,7700.0
2020-10-03,8540.0,8580.0,8120.0,8170.0,7862.41259765625,7000.0,7995.0,7806.4,7477.6,7411.3,63.58695652173913,7433.6,46.0,66.85000000000036,0.0541935483870967,8840.0,8580.0,8170.0,8540.0,7000.0
2020-10-04,8540.0,8580.0,8120.0,8170.0,7862.41259765625,7000.0,8033.0,7856.8,7482.8,7418.4,63.58695652173913,7440.4,35.46666666666715,57.64999999999964,0.0555555555555555,8840.0,8580.0,8170.0,8540.0,7000.0
2020-10-05,8200.0,8410.0,8200.0,8410.0,8093.376953125,5500.0,8088.5,7906.4,7497.6,7426.25,67.78846153846155,7452.0,39.86666666666679,50.69999999999982,0.1007853403141361,8840.0,8580.0,8170.0,8540.0,7000.0
2020-10-06,8410.0,8410.0,8150.0,8360.0,8045.259765625,3700.0,8117.0,7958.4,7511.733333333334,7433.85,66.19718309859155,7463.8,43.60000000000037,43.5,0.1297297297297297,8840.0,8410.0,8410.0,8200.0,5500.0
2020-10-07,8340.0,8470.0,8190.0,8450.0,8131.87158203125,4800.0,8149.5,8014.0,7527.066666666667,7441.9,63.63636363636363,7478.2,53.46666666666624,39.75,0.1418918918918918,8840.0,8410.0,8360.0,8410.0,3700.0
2020-10-08,8390.0,8470.0,8220.0,8240.0,7929.77734375,9600.0,8178.0,8061.2,7539.6,7448.9,56.54205607476635,7488.4,62.0,37.599999999999454,0.1135135135135134,8840.0,8470.0,8450.0,8340.0,4800.0
2020-10-09,8230.0,8350.0,8080.0,8120.0,7814.294921875,3900.0,8200.5,8089.6,7550.533333333334,7455.4,49.51923076923077,7503.6,67.73333333333358,37.0,0.0972972972972971,8840.0,8470.0,8240.0,8390.0,9600.0
2020-10-10,8230.0,8350.0,8080.0,8120.0,7814.294921875,3900.0,8223.0,8122.4,7557.333333333333,7461.65,49.51923076923077,7519.4,59.733333333332666,35.39999999999964,0.0383631713554988,8840.0,8350.0,8120.0,8230.0,3900.0
2020-10-11,8230.0,8350.0,8080.0,8120.0,7814.294921875,3900.0,8245.5,8135.6,7562.133333333333,7467.9,49.51923076923077,7535.2,50.39999999999964,34.04999999999927,0.0437017994858612,8840.0,8350.0,8120.0,8230.0,3900.0
2020-10-12,8030.0,8060.0,7810.0,7990.0,7689.18994140625,8300.0,8261.5,8143.2,7564.666666666667,7472.65,28.48484848484847,7548.4,37.60000000000037,30.75,0.0243589743589742,8840.0,8350.0,8120.0,8230.0,3900.0
2020-10-13,8080.0,8080.0,7750.0,8010.0,7708.43701171875,7400.0,8266.5,8156.8,7566.533333333334,7474.7,22.875816993464056,7567.6,26.9333333333334,25.800000000000185,0.0229885057471264,8840.0,8060.0,7990.0,8030.0,8300.0
2020-10-14,8090.0,8150.0,8050.0,8050.0,7746.9306640625,1600.0,8271.0,8172.0,7573.6,7476.95,30.708661417322844,7593.2,23.06666666666661,21.550000000000185,0.0280970625798211,8840.0,8080.0,8010.0,8080.0,7400.0
2020-10-15,7830.0,7880.0,7640.0,7710.0,7419.7314453125,8300.0,8249.5,8173.6,7576.133333333333,7477.5,24.223602484472053,7613.6,18.800000000000185,15.850000000000364,-0.0153256704980843,8840.0,8150.0,8050.0,8090.0,1600.0
2020-10-16,7830.0,7830.0,7490.0,7520.0,7236.88427734375,3200.0,8218.5,8167.6,7576.133333333333,7480.1,27.272727272727263,7630.0,14.0,12.200000000000728,-0.0321750321750321,8840.0,7880.0,7710.0,7830.0,8300.0
2020-10-17,7830.0,7830.0,7490.0,7520.0,7236.88427734375,3200.0,8187.5,8161.6,7579.066666666667,7483.35,27.272727272727263,7646.6,14.399999999999636,10.700000000000728,-0.0271668822768434,8840.0,7830.0,7520.0,7830.0,3200.0
2020-10-18,7830.0,7830.0,7490.0,7520.0,7236.88427734375,3200.0,8128.5,8146.0,7576.0,7488.8,27.272727272727263,7663.2,9.466666666666242,14.100000000000364,-0.0271668822768434,8840.0,7830.0,7520.0,7830.0,3200.0
2020-10-19,7520.0,7550.0,7440.0,7520.0,7236.88427734375,4700.0,8062.5,8128.4,7573.066666666667,7496.4,12.60504201680672,7679.8,-0.5333333333337578,19.44999999999981,0.0217391304347827,8540.0,7830.0,7520.0,7830.0,3200.0
2020-10-20,7400.0,7580.0,7320.0,7460.0,7179.1435546875,5300.0,8008.5,8101.2,7570.666666666667,7502.75,12.5,7696.4,-5.466666666666242,25.25,0.0177353342428376,8540.0,7550.0,7520.0,7520.0,4700.0
2020-10-21,7460.0,7570.0,7240.0,7240.0,6967.42529296875,7000.0,7943.5,8065.2,7568.533333333334,7508.0,4.511278195488714,7710.4,-7.599999999999454,27.89999999999964,-0.0122783083219645,8450.0,7580.0,7460.0,7400.0,5300.0
2020-10-22,7260.0,7260.0,7060.0,7140.0,6871.19091796875,7800.0,7892.0,8025.2,7565.066666666667,7512.75,4.918032786885249,7720.0,-14.0,29.39999999999964,-0.0259208731241473,8450.0,7570.0,7240.0,7460.0,7000.0
2020-10-23,7250.0,7320.0,6980.0,7070.0,6803.826171875,6400.0,7837.0,7960.0,7560.666666666667,7517.0,5.128205128205124,7722.4,-15.33333333333303,28.19999999999981,0.0028368794326241,8450.0,7260.0,7140.0,7260.0,7800.0
2020-10-24,7250.0,7320.0,6980.0,7070.0,6803.826171875,6400.0,7782.0,7889.2,7556.266666666666,7517.35,5.128205128205124,7727.8,-16.800000000000182,20.950000000000728,0.0443131462333825,8450.0,7320.0,7070.0,7250.0,6400.0
2020-10-25,7250.0,7320.0,6980.0,7070.0,6803.826171875,6400.0,7715.0,7830.4,7546.266666666666,7516.85,5.128205128205124,7733.2,-24.400000000000546,14.100000000000364,0.0568011958146488,8450.0,7320.0,7070.0,7250.0,6400.0
2020-10-26,7330.0,7330.0,7050.0,7200.0,6928.931640625,4800.0,7657.0,7776.8,7538.533333333334,7516.2,16.239316239316224,7741.2,-30.0,8.199999999999818,0.0746268656716417,8450.0,7320.0,7070.0,7250.0,6400.0
2020-10-27,7250.0,7920.0,7180.0,7920.0,7621.82470703125,9800.0,7630.5,7766.8,7540.133333333333,7520.0,47.593582887700535,7764.0,-24.9333333333334,7.25,0.1838565022421525,8240.0,7330.0,7200.0,7330.0,4800.0
2020-10-28,7700.0,7700.0,7360.0,7560.0,7275.3779296875,12000.0,7596.5,7742.4,7536.533333333334,7522.0,38.81278538812786,7774.4,-24.13333333333321,5.0,0.1300448430493272,8120.0,7920.0,7920.0,7250.0,9800.0
2020-10-29,7360.0,7560.0,7250.0,7550.0,7265.75537109375,9100.0,7568.0,7717.6,7532.8,7523.95,45.6989247311828,7787.2,-23.46666666666624,6.599999999999454,0.1285500747384156,8120.0,7700.0,7560.0,7700.0,12000.0
2020-10-30,7550.0,7550.0,7320.0,7330.0,7054.037109375,6900.0,7528.5,7674.4,7526.133333333333,7525.25,44.973544973544975,7790.4,-20.13333333333321,8.399999999999636,0.105580693815988,8120.0,7560.0,7550.0,7360.0,9100.0
2020-10-31,7550.0,7550.0,7320.0,7330.0,7054.037109375,6900.0,7489.0,7633.2,7520.266666666666,7526.8,44.973544973544975,7795.8,-18.266666666667334,10.600000000000364,0.120795107033639,8050.0,7550.0,7330.0,7550.0,6900.0
2020-11-01,7550.0,7550.0,7320.0,7330.0,7054.037109375,6900.0,7456.0,7588.4,7514.933333333333,7528.9,44.973544973544975,7801.2,-25.19999999999981,8.899999999999636,0.1006006006006006,8050.0,7550.0,7330.0,7550.0,6900.0
2020-11-02,7310.0,7510.0,7230.0,7480.0,7198.39013671875,12300.0,7429.5,7558.0,7511.6,7531.55,49.01960784313725,7809.6,-24.9333333333334,9.550000000000182,0.0762589928057553,8050.0,7550.0,7330.0,7550.0,6900.0
2020-11-03,7310.0,7510.0,7230.0,7480.0,7198.39013671875,12300.0,7401.0,7532.4,7513.2,7534.65,50.5050505050505,7811.0,-19.600000000000364,10.699999999999818,0.1,7920.0,7510.0,7480.0,7310.0,12300.0
2020-11-04,7500.0,8010.0,7500.0,7910.0,7612.20166015625,17400.0,7411.0,7524.0,7520.933333333333,7539.9,65.29680365296804,7823.2,-5.199999999999818,14.649999999999636,0.1632352941176471,7920.0,7510.0,7480.0,7310.0,12300.0
2020-11-05,7970.0,8660.0,7970.0,8560.0,8237.7294921875,26100.0,7463.0,7541.6,7537.333333333333,7548.4,75.91240875912409,7838.6,17.066666666666606,21.59999999999945,0.2588235294117647,8560.0,8010.0,7910.0,7500.0,17400.0
2020-11-06,8710.0,8740.0,8370.0,8600.0,8276.2255859375,12500.0,7517.0,7566.0,7554.266666666666,7556.75,78.22878228782287,7854.6,39.33333333333303,27.850000000000364,0.2684365781710913,8600.0,8660.0,8560.0,7970.0,26100.0
2020-11-07,8710.0,8740.0,8370.0,8600.0,8276.2255859375,12500.0,7571.0,7589.6,7574.933333333333,7566.05,78.22878228782287,7873.2,63.33333333333303,34.5,0.2215909090909091,8600.0,8740.0,8600.0,8710.0,12500.0
2020-11-08,8710.0,8740.0,8370.0,8600.0,8276.2255859375,12500.0,7625.0,7611.6,7599.333333333333,7575.35,78.22878228782287,7891.8,86.13333333333321,40.70000000000073,0.2445730824891461,8600.0,8740.0,8600.0,8710.0,12500.0
2020-11-09,8370.0,8680.0,8360.0,8520.0,8199.236328125,12500.0,7678.0,7644.0,7623.733333333334,7584.0,74.81203007518798,7908.8,102.80000000000018,44.10000000000037,0.1882845188284518,8600.0,8740.0,8600.0,8710.0,12500.0
2020-11-10,8600.0,8600.0,8330.0,8450.0,8131.87158203125,15500.0,7738.5,7681.2,7647.066666666667,7591.6,63.18407960199005,7924.4,109.73333333333358,43.20000000000073,0.1968838526912182,8600.0,8680.0,8520.0,8370.0,12500.0
2020-11-11,8550.0,9130.0,8500.0,8800.0,8468.6943359375,21200.0,7821.5,7732.4,7675.2,7600.95,81.0,7947.0,120.9333333333334,44.19999999999982,0.2464589235127479,8800.0,8600.0,8450.0,8600.0,15500.0
2020-11-12,8950.0,9080.0,8760.0,8760.0,8430.201171875,13800.0,7906.0,7782.0,7702.8,7610.1,79.80295566502463,7964.0,127.8666666666668,44.05000000000018,0.2407932011331444,8800.0,9130.0,8800.0,8550.0,21200.0
2020-11-13,8870.0,8920.0,8680.0,8680.0,8353.2119140625,8400.0,7986.5,7828.4,7729.333333333333,7618.25,85.71428571428571,7978.4,130.0,42.89999999999964,0.1713900134952766,8800.0,9080.0,8760.0,8950.0,13800.0
2020-11-14,8870.0,8920.0,8680.0,8680.0,8353.2119140625,8400.0,8067.0,7877.2,7756.666666666667,7623.95,85.71428571428571,7989.2,132.9333333333334,39.94999999999982,0.1890410958904109,8800.0,8920.0,8680.0,8870.0,8400.0
2020-11-15,8870.0,8920.0,8680.0,8680.0,8353.2119140625,8400.0,8141.0,7934.8,7785.2,7629.65,85.71428571428571,8000.0,138.1333333333332,38.04999999999927,0.1142490372272144,8800.0,8920.0,8680.0,8870.0,8400.0
2020-11-16,8830.0,8990.0,8760.0,8920.0,8584.177734375,13100.0,8191.0,8006.0,7815.333333333333,7637.0,86.36363636363636,8015.6,140.1333333333332,36.05000000000018,0.1435897435897435,8920.0,8920.0,8680.0,8870.0,8400.0
2020-11-17,8880.0,9010.0,8760.0,8950.0,8613.0458984375,12100.0,8260.5,8081.2,7842.0,7645.55,86.56716417910448,8020.6,139.19999999999982,35.44999999999982,0.166883963494133,8950.0,8990.0,8920.0,8830.0,13100.0
2020-11-18,8980.0,9470.0,8720.0,8720.0,8391.7060546875,22900.0,8319.0,8147.2,7867.6,7652.95,72.37569060773481,8018.2,138.26666666666733,34.69999999999982,0.1368970013037809,8950.0,9010.0,8950.0,8880.0,12100.0
2020-11-19,8720.0,9430.0,8720.0,9190.0,8844.0126953125,27300.0,8412.0,8232.0,7899.466666666666,7662.7,69.32515337423312,8031.2,142.79999999999927,38.75,0.1981747066492829,9190.0,9470.0,8720.0,8980.0,22900.0
2020-11-20,9170.0,9300.0,9030.0,9110.0,8767.0234375,7000.0,8501.0,8308.4,7930.266666666666,7672.05,65.26946107784431,8042.6,145.0666666666666,42.40000000000055,0.1877444589308996,9190.0,9430.0,9190.0,8720.0,27300.0
2020-11-21,9170.0,9300.0,9030.0,9110.0,8767.0234375,7000.0,8590.0,8356.0,7961.333333333333,7681.4,65.26946107784431,8061.4,146.0,44.39999999999964,0.1877444589308996,9190.0,9300.0,9110.0,9170.0,7000.0
2020-11-22,9170.0,9300.0,9030.0,9110.0,8767.0234375,7000.0,8671.5,8418.0,7988.933333333333,7690.75,65.26946107784431,8080.2,146.9333333333334,45.19999999999982,0.1517067003792667,9190.0,9300.0,9110.0,9170.0,7000.0
2020-11-23,9170.0,9300.0,9030.0,9110.0,8767.0234375,7000.0,8753.0,8480.4,8018.266666666666,7699.75,68.55345911949686,8099.0,150.66666666666606,46.80000000000018,0.1444723618090453,9190.0,9300.0,9110.0,9170.0,7000.0
2020-11-24,9370.0,9380.0,9140.0,9170.0,8824.7646484375,9600.0,8816.0,8554.0,8044.933333333333,7707.95,72.78481012658227,8114.2,145.46666666666715,45.25,0.1265356265356265,9190.0,9300.0,9110.0,9170.0,7000.0
2020-11-25,9380.0,9830.0,9280.0,9370.0,9017.234375,14900.0,8856.5,8635.6,8075.733333333334,7717.15,69.93006993006993,8134.4,145.46666666666715,45.099999999999454,0.151105651105651,9370.0,9380.0,9170.0,9370.0,9600.0
2020-11-26,9400.0,9740.0,9400.0,9590.0,9228.9521484375,8500.0,8906.0,8726.0,8109.466666666666,7727.45,75.77639751552795,8157.2,148.1333333333332,46.05000000000018,0.1781326781326782,9590.0,9830.0,9370.0,9380.0,14900.0
2020-11-27,9690.0,9770.0,9590.0,9650.0,9286.693359375,13000.0,8958.5,8812.8,8144.0,7738.15,80.50314465408805,8185.4,155.0666666666666,47.39999999999964,0.1091954022988506,9650.0,9740.0,9590.0,9400.0,8500.0
2020-11-28,9690.0,9770.0,9590.0,9650.0,9286.693359375,13000.0,9011.0,8899.6,8173.866666666667,7749.35,80.50314465408805,8216.0,155.60000000000036,49.60000000000037,0.091628959276018,9650.0,9770.0,9650.0,9690.0,13000.0
2020-11-29,9690.0,9770.0,9590.0,9650.0,9286.693359375,13000.0,9067.5,8969.2,8205.2,7760.2,80.50314465408805,8246.6,160.26666666666733,52.25,0.1299765807962529,9650.0,9770.0,9650.0,9690.0,13000.0
2020-11-30,9650.0,9650.0,9130.0,9140.0,8795.8935546875,9800.0,9102.0,8992.4,8223.2,7769.0,55.91397849462366,8267.0,147.46666666666715,51.85000000000037,0.0702576112412178,9650.0,9770.0,9650.0,9690.0,13000.0
2020-12-01,9150.0,9420.0,9100.0,9190.0,8844.0126953125,12000.0,9121.5,9016.0,8241.733333333334,7777.75,56.38297872340426,8291.0,132.26666666666733,50.30000000000018,0.1248470012239901,9650.0,9650.0,9140.0,9650.0,9800.0
2020-12-02,9280.0,9280.0,9000.0,9070.0,8728.529296875,14500.0,9137.0,9034.8,8260.4,7785.9,59.88700564971751,8312.2,116.39999999999964,47.75,0.11015911872705,9650.0,9420.0,9190.0,9150.0,12000.0
2020-12-03,9010.0,9250.0,8980.0,9170.0,8824.7646484375,7700.0,9161.5,9057.6,8280.4,7794.55,49.285714285714285,8334.6,106.53333333333283,45.19999999999982,0.1223990208078336,9650.0,9280.0,9070.0,9280.0,14500.0
2020-12-04,9120.0,9270.0,9060.0,9200.0,8853.6357421875,5500.0,9187.5,9084.8,8300.8,7803.05,53.33333333333333,8364.4,95.59999999999854,42.85000000000037,0.0939357907253271,9650.0,9250.0,9170.0,9010.0,7700.0
2020-12-05,9120.0,9270.0,9060.0,9200.0,8853.6357421875,5500.0,9213.5,9114.8,8321.2,7811.95,53.33333333333333,8398.0,98.0,42.94999999999982,0.1004784688995215,9650.0,9270.0,9200.0,9120.0,5500.0
2020-12-06,9120.0,9270.0,9060.0,9200.0,8853.6357421875,5500.0,9227.5,9130.8,8341.6,7821.15,53.33333333333333,8431.6,99.8666666666668,43.39999999999964,0.0887573964497041,9650.0,9270.0,9200.0,9120.0,5500.0
2020-12-07,9070.0,9070.0,8960.0,8980.0,8641.9169921875,3300.0,9229.0,9139.6,8355.866666666667,7828.7,45.85987261146497,8460.8,95.46666666666717,42.80000000000018,0.0898058252427185,9650.0,9270.0,9200.0,9120.0,5500.0
2020-12-08,8930.0,9000.0,8780.0,8930.0,8593.80078125,5900.0,9239.5,9149.6,8368.8,7836.8,42.30769230769231,8489.0,88.39999999999964,42.25,0.0997536945812807,9650.0,9070.0,8980.0,9070.0,3300.0
2020-12-09,8930.0,9080.0,8830.0,9030.0,8690.03515625,6700.0,9231.5,9163.6,8380.666666666666,7845.4,38.35616438356164,8520.4,79.86666666666679,42.349999999999454,0.1120689655172413,9650.0,9000.0,8930.0,8930.0,5900.0
2020-12-10,9070.0,9070.0,8800.0,8950.0,8613.0458984375,5700.0,9223.5,9174.4,8391.466666666667,7853.6,25.75757575757575,8554.6,70.26666666666642,41.65000000000055,0.1022167487684728,9650.0,9080.0,9030.0,8930.0,6700.0
2020-12-11,9010.0,9190.0,8940.0,9170.0,8824.7646484375,9900.0,9226.5,9184.4,8405.2,7861.95,33.783783783783775,8595.2,63.60000000000037,40.80000000000018,0.1476846057571965,9650.0,9070.0,8950.0,9070.0,5700.0
2020-12-12,9010.0,9190.0,8940.0,9170.0,8824.7646484375,9900.0,9229.5,9193.2,8411.466666666667,7869.4,33.783783783783775,8637.2,55.60000000000037,40.69999999999982,0.1448189762796503,9650.0,9190.0,9170.0,9010.0,9900.0
2020-12-13,9010.0,9190.0,8940.0,9170.0,8824.7646484375,9900.0,9232.5,9211.2,8415.866666666667,7876.25,33.783783783783775,8679.2,47.06666666666752,39.44999999999982,0.1391304347826087,9650.0,9190.0,9170.0,9010.0,9900.0
2020-12-14,9160.0,9270.0,9060.0,9060.0,8718.90625,6600.0,9227.0,9206.0,8422.8,7881.3,46.2962962962963,8719.0,42.13333333333321,35.900000000000546,0.1750972762645914,9650.0,9190.0,9170.0,9010.0,9900.0
2020-12-15,9200.0,9200.0,9030.0,9090.0,8747.7763671875,3400.0,9213.0,9205.2,8430.133333333333,7886.75,45.283018867924525,8756.8,38.66666666666606,33.14999999999964,0.2087765957446807,9650.0,9270.0,9060.0,9160.0,6600.0
2020-12-16,9120.0,9210.0,9020.0,9210.0,8863.2587890625,4600.0,9194.0,9209.2,8444.0,7892.8,56.60377358490566,8782.6,38.79999999999927,30.850000000000364,0.2247340425531914,9650.0,9200.0,9090.0,9200.0,3400.0
2020-12-17,9100.0,9510.0,8940.0,9470.0,9113.470703125,13700.0,9185.0,9223.6,8461.333333333334,7900.15,62.29508196721312,8820.8,49.86666666666679,30.75,0.2593085106382979,9650.0,9210.0,9210.0,9120.0,4600.0
2020-12-18,9350.0,9380.0,9200.0,9380.0,9026.859375,5400.0,9171.5,9234.4,8477.466666666667,7907.1,57.03125,8857.4,61.60000000000037,30.850000000000364,0.2473404255319149,9650.0,9510.0,9470.0,9100.0,13700.0
2020-12-19,9350.0,9380.0,9200.0,9380.0,9026.859375,5400.0,9158.0,9242.8,8490.4,7914.15,57.03125,8898.4,67.60000000000036,32.849999999999454,0.2573726541554959,9470.0,9380.0,9380.0,9350.0,5400.0
2020-12-20,9350.0,9380.0,9200.0,9380.0,9026.859375,5400.0,9170.0,9243.2,8504.0,7921.9,57.03125,8939.4,73.86666666666679,35.14999999999964,0.2955801104972375,9470.0,9380.0,9380.0,9350.0,5400.0
2020-12-21,9370.0,9370.0,9230.0,9370.0,9017.234375,14800.0,9179.0,9234.4,8516.266666666666,7928.85,68.22429906542057,8980.2,72.26666666666642,36.05000000000018,0.3123249299719888,9470.0,9380.0,9380.0,9350.0,5400.0
2020-12-22,9220.0,9300.0,9040.0,9160.0,8815.1416015625,10900.0,9183.5,9214.8,8528.533333333333,7935.3,59.34959349593496,9013.8,67.19999999999891,35.150000000000546,0.2956152758132957,9470.0,9370.0,9370.0,9370.0,14800.0
2020-12-23,9310.0,9320.0,8830.0,9250.0,8901.7529296875,9400.0,9187.5,9198.8,8543.6,7942.2,59.01639344262295,9049.2,66.13333333333321,35.099999999999454,0.3083451202263083,9470.0,9300.0,9160.0,9220.0,10900.0
2020-12-24,9280.0,9280.0,9010.0,9070.0,8728.529296875,5100.0,9181.0,9175.6,8556.266666666666,7948.2,54.54545454545455,9072.4,65.86666666666679,34.05000000000018,0.2828854314002829,9470.0,9320.0,9250.0,9310.0,9400.0
2020-12-25,9210.0,9340.0,9100.0,9330.0,8978.740234375,9900.0,9187.5,9183.2,8572.4,7956.4,55.88235294117647,9087.8,68.39999999999964,34.5,0.2958333333333334,9470.0,9280.0,9070.0,9280.0,5100.0
2020-12-26,9210.0,9340.0,9100.0,9330.0,8978.740234375,9900.0,9194.0,9188.8,8590.266666666666,7964.95,55.88235294117647,9102.4,74.0,36.099999999999454,0.1780303030303029,9470.0,9340.0,9330.0,9210.0,9900.0
2020-12-27,9210.0,9340.0,9100.0,9330.0,8978.740234375,9900.0,9211.5,9199.2,8607.866666666667,7973.6,55.88235294117647,9117.0,79.33333333333394,38.30000000000018,0.2341269841269841,9470.0,9340.0,9330.0,9210.0,9900.0
2020-12-28,9470.0,9860.0,9320.0,9790.0,9421.421875,15400.0,9254.5,9224.0,8631.066666666668,7984.85,71.34502923976608,9140.8,87.46666666666715,42.65000000000055,0.2966887417218542,9790.0,9340.0,9330.0,9210.0,9900.0
2020-12-29,9790.0,9790.0,9590.0,9610.0,9248.1982421875,12000.0,9283.5,9240.4,8656.4,7995.95,63.97849462365591,9162.6,100.1333333333332,47.75,0.311050477489768,9790.0,9860.0,9790.0,9470.0,15400.0
2020-12-30,9610.0,9700.0,9350.0,9600.0,9238.5751953125,14100.0,9316.0,9256.4,8684.133333333333,8007.0,61.142857142857146,9185.6,111.73333333333358,50.60000000000037,0.3096862210095499,9790.0,9790.0,9610.0,9790.0,12000.0
2020-12-31,9610.0,9700.0,9350.0,9600.0,9238.5751953125,14100.0,9337.5,9272.4,8711.866666666667,8018.05,54.36241610738256,9201.6,121.60000000000036,53.10000000000037,0.3096862210095499,9790.0,9700.0,9600.0,9610.0,14100.0
2021-01-01,9610.0,9700.0,9350.0,9600.0,9238.5751953125,14100.0,9359.0,9297.2,8739.6,8029.75,57.85714285714285,9218.4,131.73333333333358,56.14999999999964,0.2834224598930481,9790.0,9700.0,9600.0,9610.0,14100.0
2021-01-02,9610.0,9700.0,9350.0,9600.0,9238.5751953125,14100.0,9380.5,9324.0,8767.333333333334,8037.75,57.85714285714285,9236.8,136.26666666666642,52.89999999999964,0.2834224598930481,9790.0,9700.0,9600.0,9610.0,14100.0
2021-01-03,9610.0,9700.0,9350.0,9600.0,9238.5751953125,14100.0,9407.5,9346.8,8795.866666666667,8045.9,57.85714285714285,9255.2,139.46666666666715,49.94999999999982,0.213653603034134,9790.0,9700.0,9600.0,9610.0,14100.0
2021-01-04,9450.0,9460.0,9320.0,9360.0,9007.611328125,6600.0,9421.0,9363.2,8824.133333333333,8052.8,49.693251533742334,9268.8,140.0,45.80000000000018,0.0934579439252336,9790.0,9700.0,9600.0,9610.0,14100.0
2021-01-05,9360.0,9680.0,9200.0,9660.0,9296.3173828125,12400.0,9443.5,9382.8,8857.733333333334,8061.15,64.53488372093024,9283.6,145.8666666666668,43.099999999999454,0.1232558139534882,9790.0,9460.0,9360.0,9450.0,6600.0
2021-01-06,9640.0,9730.0,9480.0,9480.0,9123.09375,7500.0,9444.0,9395.2,8889.866666666667,8068.6,56.353591160220994,9294.2,150.26666666666642,38.85000000000037,0.1023255813953487,9790.0,9680.0,9660.0,9360.0,12400.0
2021-01-07,9570.0,9760.0,9530.0,9690.0,9325.1865234375,7800.0,9459.5,9416.0,8924.8,8077.1,66.84782608695653,9313.6,157.46666666666533,39.35000000000037,0.1267441860465117,9790.0,9730.0,9480.0,9640.0,7500.0
2021-01-08,9550.0,9970.0,9550.0,9930.0,9556.1513671875,21900.0,9487.0,9450.8,8962.933333333332,8087.3,66.4835164835165,9328.4,167.0666666666657,41.40000000000055,0.1654929577464787,9930.0,9760.0,9690.0,9570.0,7800.0
2021-01-09,9550.0,9970.0,9550.0,9930.0,9556.1513671875,21900.0,9514.5,9484.4,8999.333333333334,8098.25,66.4835164835165,9344.8,175.20000000000073,45.44999999999982,0.1751479289940829,9930.0,9970.0,9930.0,9550.0,21900.0
2021-01-10,9550.0,9970.0,9550.0,9930.0,9556.1513671875,21900.0,9542.5,9513.2,9026.133333333331,8108.95,66.4835164835165,9361.2,168.39999999999964,47.80000000000018,0.1284090909090909,9930.0,9970.0,9930.0,9550.0,21900.0
2021-01-11,9550.0,9970.0,9550.0,9930.0,9556.1513671875,21900.0,9581.0,9531.6,9057.733333333334,8120.25,55.147058823529406,9377.6,167.8666666666668,51.64999999999964,0.1335616438356164,9930.0,9970.0,9930.0,9550.0,21900.0
2021-01-12,9790.0,10100.0,9730.0,10050.0,9671.634765625,10400.0,9621.0,9558.4,9091.066666666668,8131.4,66.92307692307693,9396.4,166.26666666666824,54.29999999999927,0.1578341013824884,10050.0,9970.0,9930.0,9550.0,21900.0
2021-01-13,10040.0,10070.0,9840.0,10060.0,9681.2568359375,12000.0,9670.5,9585.6,9127.466666666667,8142.6,67.6923076923077,9414.2,164.53333333333467,55.30000000000018,0.1589861751152073,10060.0,10100.0,10050.0,9790.0,10400.0
2021-01-14,10010.0,10230.0,9910.0,10170.0,9787.1162109375,14700.0,9712.5,9617.2,9165.333333333334,8154.35,70.2127659574468,9430.2,166.0,56.10000000000037,0.1716589861751152,10170.0,10070.0,10060.0,10040.0,12000.0
2021-01-15,10180.0,10180.0,9890.0,10000.0,9623.5166015625,13500.0,9746.0,9642.4,9200.933333333332,8165.25,62.65822784810126,9438.4,174.79999999999927,56.30000000000018,0.1210762331838564,10170.0,10230.0,10170.0,10010.0,14700.0
2021-01-16,10180.0,10180.0,9890.0,10000.0,9623.5166015625,13500.0,9779.5,9676.0,9234.533333333333,8176.25,62.65822784810126,9445.4,176.79999999999927,56.0,0.1173184357541898,10170.0,10180.0,10000.0,10180.0,13500.0
2021-01-17,10180.0,10180.0,9890.0,10000.0,9623.5166015625,13500.0,9790.0,9706.0,9268.133333333331,8187.5,62.65822784810126,9452.4,177.0666666666657,56.10000000000037,0.146788990825688,10170.0,10180.0,10000.0,10180.0,13500.0
2021-01-18,9990.0,10000.0,9760.0,9760.0,9392.5517578125,7400.0,9797.5,9733.6,9292.8,8197.8,62.65822784810126,9454.6,165.33333333333212,55.19999999999891,0.0620239390642001,10170.0,10180.0,10000.0,10180.0,13500.0
2021-01-19,9910.0,9970.0,9690.0,9770.0,9402.17578125,9800.0,9806.0,9751.2,9308.933333333332,8209.4,54.26356589147287,9467.2,143.59999999999854,55.04999999999927,0.0724478594950603,10170.0,10000.0,9760.0,9990.0,7400.0
2021-01-20,9790.0,9820.0,9610.0,9610.0,9248.1982421875,5000.0,9806.5,9762.4,9322.4,8220.2,55.11811023622048,9475.6,121.46666666666717,54.95000000000073,0.0548847420417124,10170.0,9970.0,9770.0,9910.0,9800.0
2021-01-21,9630.0,9890.0,9500.0,9820.0,9450.29296875,12700.0,9817.5,9782.0,9338.666666666666,8232.05,55.11811023622048,9490.6,104.1333333333332,55.79999999999927,0.0779363336992315,10170.0,9820.0,9610.0,9790.0,5000.0
2021-01-22,9680.0,9950.0,9600.0,9840.0,9469.541015625,12000.0,9829.5,9784.0,9355.2,8243.8,45.71428571428572,9504.0,87.06666666666752,56.29999999999927,0.0801317233809,10170.0,9890.0,9820.0,9630.0,12700.0
2021-01-23,9680.0,9950.0,9600.0,9840.0,9469.541015625,12000.0,9841.5,9793.2,9372.8,8254.9,45.71428571428572,9516.8,80.0,57.10000000000037,0.0730643402399127,10170.0,9950.0,9840.0,9680.0,12000.0
2021-01-24,9680.0,9950.0,9600.0,9840.0,9469.541015625,12000.0,9865.5,9802.8,9391.333333333334,8267.45,45.71428571428572,9529.6,82.40000000000146,58.05000000000109,0.0501600853788686,10170.0,9950.0,9840.0,9680.0,12000.0
2021-01-25,9960.0,10000.0,9730.0,9910.0,9536.9052734375,6700.0,9878.0,9815.2,9406.133333333331,8280.45,49.10714285714285,9543.8,83.73333333333358,60.25,0.0333680917622523,10170.0,9950.0,9840.0,9680.0,12000.0
2021-01-26,11000.0,11290.0,10690.0,10810.0,10403.0205078125,43600.0,9944.5,9863.6,9433.466666666667,8298.5,70.0,9580.4,94.80000000000108,66.45000000000073,0.1202072538860103,10810.0,10000.0,9910.0,9960.0,6700.0
2021-01-27,10760.0,11150.0,10660.0,10900.0,10489.6328125,26300.0,10005.0,9915.6,9463.066666666668,8317.0,71.21212121212122,9619.8,107.8666666666668,73.20000000000073,0.1295336787564767,10900.0,11290.0,10810.0,11000.0,43600.0
2021-01-28,10850.0,11700.0,10800.0,11610.0,11172.90234375,45000.0,10089.0,9996.0,9502.133333333331,8339.05,77.90697674418605,9671.4,129.33333333333394,84.14999999999964,0.2031088082901555,11610.0,11150.0,10900.0,10760.0,26300.0
2021-01-29,11800.0,12320.0,11570.0,11570.0,11134.408203125,50900.0,10171.0,10084.4,9540.666666666666,8358.2,82.04081632653062,9723.8,149.33333333333212,90.75,0.2658643326039387,11610.0,11700.0,11610.0,10850.0,45000.0
2021-01-30,11800.0,12320.0,11570.0,11570.0,11134.408203125,50900.0,10253.0,10160.8,9576.0,8377.25,82.04081632653062,9771.8,169.8666666666668,96.79999999999929,0.2589771490750816,11610.0,12320.0,11570.0,11800.0,50900.0
2021-01-31,11800.0,12320.0,11570.0,11570.0,11134.408203125,50900.0,10335.0,10244.4,9610.933333333332,8396.1,82.04081632653062,9819.8,177.46666666666533,97.60000000000036,0.2756339581036384,11610.0,12320.0,11570.0,11800.0,50900.0
2021-02-01,11340.0,11530.0,10660.0,10900.0,10489.6328125,33600.0,10377.5,10292.8,9640.0,8412.3,69.79166666666667,9854.4,176.93333333333248,95.29999999999929,0.1886586695747001,11610.0,12320.0,11570.0,11800.0,50900.0
2021-02-02,10850.0,11000.0,10600.0,10720.0,10316.4091796875,24500.0,10410.5,10324.4,9660.4,8427.1,65.57377049180329,9887.6,158.26666666666642,88.05000000000109,0.1652173913043477,11610.0,11530.0,10900.0,11340.0,33600.0
2021-02-03,10750.0,11250.0,10710.0,10950.0,10537.75,21400.0,10449.5,10365.2,9684.933333333332,8443.05,71.47435897435898,9924.8,144.26666666666642,84.84999999999854,0.1902173913043479,11610.0,11000.0,10720.0,10850.0,24500.0
2021-02-04,10890.0,11110.0,10800.0,10860.0,10451.1396484375,27600.0,10492.5,10402.4,9708.266666666666,8458.55,67.33333333333333,9957.8,132.26666666666642,81.29999999999927,0.1804347826086956,11610.0,11250.0,10950.0,10750.0,21400.0
2021-02-05,10860.0,11150.0,10860.0,10890.0,10480.0087890625,41100.0,10537.0,10440.8,9732.0,8473.65,67.44186046511628,9986.2,121.06666666666752,77.54999999999927,0.2126948775055679,11610.0,11110.0,10860.0,10890.0,27600.0
2021-02-06,10860.0,11150.0,10860.0,10890.0,10480.0087890625,41100.0,10581.5,10474.4,9755.733333333334,8489.2,67.44186046511628,10016.4,115.73333333333358,76.90000000000146,0.2194848824188129,11610.0,11150.0,10890.0,10860.0,41100.0
2021-02-07,10860.0,11150.0,10860.0,10890.0,10480.0087890625,41100.0,10638.0,10507.6,9778.666666666666,8507.15,67.44186046511628,10046.6,118.26666666666642,80.04999999999927,0.2059800664451827,11610.0,11150.0,10890.0,10860.0,41100.0
2021-02-08,11000.0,11740.0,11000.0,11490.0,11057.4208984375,35900.0,10724.0,10560.4,9806.933333333332,8528.1,72.31638418079096,10088.8,122.0,85.05000000000109,0.2837988826815643,11610.0,11150.0,10890.0,10860.0,41100.0
2021-02-09,11600.0,12080.0,11550.0,12040.0,11586.7138671875,31000.0,10845.5,10642.0,9839.6,8551.8,69.27899686520377,10142.2,131.33333333333394,93.25,0.3129770992366412,12040.0,11740.0,11490.0,11000.0,35900.0
2021-02-10,12040.0,12040.0,11620.0,11800.0,11355.75,21200.0,10944.5,10714.0,9868.266666666666,8574.3,63.47305389221557,10195.0,136.26666666666642,100.64999999999964,0.28680479825518,12040.0,12080.0,12040.0,11600.0,31000.0
2021-02-11,12040.0,12040.0,11620.0,11800.0,11355.75,21200.0,11042.5,10786.0,9896.933333333332,8596.8,53.61216730038022,10246.0,141.1999999999989,107.59999999999854,0.28680479825518,12040.0,12040.0,11800.0,12040.0,21200.0
2021-02-12,11900.0,11900.0,11640.0,11790.0,11346.1259765625,18000.0,11140.0,10867.2,9925.466666666667,8617.7,54.23076923076923,10300.4,146.8000000000011,110.55000000000108,0.3013245033112584,12040.0,12040.0,11800.0,12040.0,21200.0
2021-02-13,11900.0,11900.0,11640.0,11790.0,11346.1259765625,18000.0,11237.5,10948.0,9960.8,8637.85,54.23076923076923,10349.6,153.8666666666668,109.75,0.297029702970297,12040.0,11900.0,11790.0,11900.0,18000.0
2021-02-14,11900.0,11900.0,11640.0,11790.0,11346.1259765625,18000.0,11331.5,11035.2,9995.466666666667,8657.8,54.23076923076923,10398.8,155.8666666666668,106.0,0.280130293159609,12040.0,11900.0,11790.0,11900.0,18000.0
2021-02-15,11810.0,12250.0,11620.0,11990.0,11538.595703125,23800.0,11390.5,11122.0,10034.4,8678.4,75.58685446009389,10452.0,166.1333333333332,104.10000000000036,0.26610348468849,12040.0,11900.0,11790.0,11900.0,18000.0
2021-02-16,11970.0,12070.0,11640.0,11870.0,11423.11328125,27100.0,11439.0,11203.2,10070.4,8700.15,77.77777777777777,10493.6,173.46666666666715,103.35000000000036,0.2654584221748401,12040.0,12250.0,11990.0,11810.0,23800.0
2021-02-17,11680.0,11830.0,11470.0,11640.0,11201.7734375,24800.0,11440.5,11275.2,10102.933333333332,8720.75,66.66666666666666,10534.2,177.46666666666533,103.04999999999929,0.2409381663113006,12040.0,12070.0,11870.0,11970.0,27100.0
2021-02-18,11740.0,12200.0,11530.0,12130.0,11673.326171875,28100.0,11468.5,11366.8,10142.0,8743.8,75.7085020242915,10584.8,181.2000000000008,105.94999999999892,0.2931769722814499,12130.0,11830.0,11640.0,11680.0,24800.0
2021-02-19,11830.0,12100.0,11580.0,11650.0,11211.396484375,28400.0,11472.5,11436.4,10174.666666666666,8765.55,63.013698630136986,10625.8,179.1999999999989,107.75,0.2433297758804695,12130.0,12200.0,12130.0,11740.0,28100.0
2021-02-20,11830.0,12100.0,11580.0,11650.0,11211.396484375,28400.0,11476.5,11470.0,10210.266666666666,8785.05,63.013698630136986,10666.8,175.8666666666668,106.64999999999964,0.2718340611353711,12130.0,12100.0,11650.0,11830.0,28400.0
2021-02-21,11830.0,12100.0,11580.0,11650.0,11211.396484375,28400.0,11514.0,11500.0,10246.533333333333,8804.6,63.013698630136986,10707.8,176.1333333333332,104.45000000000071,0.2594594594594595,12130.0,12100.0,11650.0,11830.0,28400.0
2021-02-22,11050.0,11250.0,10430.0,10480.0,10085.4453125,79500.0,11502.0,11454.8,10265.866666666669,8818.8,35.53008595988538,10725.4,162.9333333333343,98.04999999999929,0.155457552370452,12130.0,12100.0,11650.0,11830.0,28400.0
2021-02-23,11050.0,11250.0,10430.0,10480.0,10085.4453125,79500.0,11478.5,11411.2,10286.266666666666,8834.2,23.46938775510204,10747.8,144.26666666666642,90.40000000000146,0.1232583065380492,12130.0,11250.0,10480.0,11050.0,79500.0
2021-02-24,10260.0,10260.0,9760.0,9760.0,9392.5517578125,48500.0,11423.5,11338.8,10294.133333333331,8846.0,20.17543859649124,10749.8,119.46666666666717,80.45000000000073,0.0460878885316184,12130.0,11250.0,10480.0,11050.0,79500.0
2021-02-25,9890.0,9930.0,9560.0,9590.0,9228.9521484375,33400.0,11358.5,11259.6,10299.733333333334,8856.95,19.2200557103064,10752.0,89.46666666666715,71.90000000000146,0.0278670953912112,12130.0,10260.0,9760.0,10260.0,48500.0
2021-02-26,9600.0,9940.0,9590.0,9600.0,9238.5751953125,125700.0,11294.0,11207.6,10305.466666666667,8867.95,19.49860724233983,10750.2,58.9333333333343,63.35000000000037,-0.0194075587334013,12130.0,9930.0,9590.0,9890.0,33400.0
2021-02-27,9600.0,9940.0,9590.0,9600.0,9238.5751953125,125700.0,11229.5,11162.8,10312.666666666666,8876.85,19.49860724233983,10743.6,46.79999999999927,58.05000000000109,-0.0010405827263267,12130.0,9940.0,9600.0,9600.0,125700.0
2021-02-28,9600.0,9940.0,9590.0,9600.0,9238.5751953125,125700.0,11135.0,11108.8,10319.466666666667,8885.95,19.49860724233983,10737.0,33.20000000000073,51.75,0.0,12130.0,9940.0,9600.0,9600.0,125700.0
2021-03-01,9760.0,9770.0,9350.0,9740.0,9373.3046875,38600.0,11020.0,11064.0,10326.533333333333,8895.65,18.13031161473089,10733.2,32.39999999999964,49.64999999999964,0.0145833333333333,12130.0,9940.0,9600.0,9600.0,125700.0
2021-03-02,9750.0,9780.0,9510.0,9600.0,9238.5751953125,22000.0,10910.0,11012.4,10328.266666666666,8904.5,18.02816901408451,10726.6,28.53333333333285,47.54999999999927,0.0,12130.0,9770.0,9740.0,9760.0,38600.0
2021-03-03,9550.0,9760.0,9490.0,9710.0,9344.4345703125,20800.0,10805.5,10965.2,10332.666666666666,8913.9,21.865889212827994,10719.8,27.19999999999891,45.94999999999891,0.0114583333333333,12130.0,9780.0,9600.0,9750.0,22000.0
2021-03-04,9560.0,9600.0,9320.0,9490.0,9132.7177734375,22000.0,10690.5,10909.2,10334.133333333331,8922.2,8.22784810126582,10708.4,21.46666666666715,45.35000000000037,-0.0114583333333333,12130.0,9760.0,9710.0,9550.0,20800.0
2021-03-05,9350.0,9360.0,9110.0,9340.0,8988.3642578125,36400.0,10568.0,10823.2,10333.6,8930.05,9.187279151943471,10691.8,14.133333333333212,44.09999999999855,-0.0021367521367521,12130.0,9600.0,9490.0,9560.0,22000.0
2021-03-06,9350.0,9360.0,9110.0,9340.0,8988.3642578125,36400.0,10445.5,10715.2,10333.2,8938.1,9.187279151943471,10678.6,6.666666666667879,42.45000000000073,-0.0331262939958592,12130.0,9360.0,9340.0,9350.0,36400.0
2021-03-07,9350.0,9360.0,9110.0,9340.0,8988.3642578125,36400.0,10313.0,10616.8,10335.6,8946.15,9.187279151943471,10665.4,7.33333333333394,41.64999999999964,-0.0147679324894515,12130.0,9360.0,9340.0,9350.0,36400.0
2021-03-08,9500.0,9500.0,9070.0,9100.0,8757.400390625,37600.0,10174.5,10508.8,10333.6,8954.85,13.684210526315796,10647.4,0.9333333333343036,40.95000000000073,-0.0608875128998968,12130.0,9360.0,9340.0,9350.0,36400.0
2021-03-09,9140.0,9370.0,9080.0,9220.0,8872.8828125,33900.0,10053.5,10406.0,10335.6,8964.3,18.811881188118804,10636.6,1.4666666666671515,42.09999999999855,-0.0715005035246727,12130.0,9500.0,9100.0,9500.0,37600.0
2021-03-10,9260.0,9380.0,9160.0,9210.0,8863.2587890625,21500.0,9907.5,10302.8,10334.0,8973.7,29.00763358778626,10625.4,0.3999999999996362,43.650000000001455,-0.0725075528700905,11650.0,9370.0,9220.0,9140.0,33900.0
2021-03-11,9330.0,9550.0,9210.0,9500.0,9142.3408203125,22000.0,9800.0,10211.2,10336.266666666666,8984.55,46.85314685314685,10623.2,3.0666666666656965,46.44999999999891,-0.0433031218529708,11650.0,9380.0,9210.0,9260.0,21500.0
2021-03-12,9560.0,9560.0,9330.0,9420.0,9065.3515625,38000.0,9688.5,10108.4,10337.466666666667,8996.4,44.0,10615.2,1.866666666666788,50.25,-0.0513595166163142,11650.0,9550.0,9500.0,9330.0,22000.0
2021-03-13,9560.0,9560.0,9330.0,9420.0,9065.3515625,38000.0,9577.0,10010.4,10332.533333333333,9009.65,44.0,10606.8,-1.0666666666675155,54.79999999999927,-0.062686567164179,10480.0,9560.0,9420.0,9560.0,38000.0
2021-03-14,9560.0,9560.0,9330.0,9420.0,9065.3515625,38000.0,9524.0,9921.6,10330.0,9023.3,44.0,10598.4,-5.600000000000364,59.0,-0.0636182902584493,10480.0,9560.0,9420.0,9560.0,38000.0
2021-03-15,9440.0,9470.0,9140.0,9240.0,8892.1298828125,28500.0,9462.0,9806.0,10325.2,9036.0,33.76623376623377,10586.4,-8.799999999999272,62.29999999999927,-0.0914454277286135,9760.0,9560.0,9420.0,9560.0,38000.0
2021-03-16,9250.0,9400.0,9200.0,9400.0,9046.1064453125,12800.0,9444.0,9716.0,10322.533333333333,9049.55,43.58974358974359,10576.2,-13.733333333333576,65.0,-0.06,9740.0,9470.0,9240.0,9440.0,28500.0
2021-03-17,9260.0,9330.0,9180.0,9240.0,8892.1298828125,14000.0,9426.5,9619.6,10317.733333333334,9062.3,35.40372670807453,10544.8,-19.733333333333576,65.89999999999964,-0.0759999999999999,9740.0,9400.0,9400.0,9250.0,12800.0
2021-03-18,9300.0,9380.0,9260.0,9340.0,8988.3642578125,10800.0,9413.5,9527.2,10314.266666666666,9075.55,44.96644295302013,10513.6,-18.266666666666424,65.89999999999964,-0.0659999999999999,9740.0,9330.0,9240.0,9260.0,14000.0
2021-03-19,9240.0,9550.0,9240.0,9550.0,9190.4580078125,28600.0,9411.0,9490.0,10313.6,9090.15,56.7741935483871,10472.4,-16.399999999999636,66.85000000000036,-0.0215163934426229,9740.0,9380.0,9340.0,9300.0,10800.0
2021-03-20,9240.0,9550.0,9240.0,9550.0,9190.4580078125,28600.0,9408.5,9452.8,10316.133333333331,9105.2,56.7741935483871,10432.0,-9.066666666667516,69.20000000000073,-0.0225179119754349,9740.0,9550.0,9550.0,9240.0,28600.0
2021-03-21,9240.0,9550.0,9240.0,9550.0,9190.4580078125,28600.0,9399.0,9444.4,10314.666666666666,9119.65,56.7741935483871,10391.6,-7.866666666666788,70.10000000000036,-0.0062434963579605,9710.0,9550.0,9550.0,9240.0,28600.0
2021-03-22,9350.0,9470.0,9230.0,9230.0,8882.5048828125,23700.0,9380.5,9430.0,10311.333333333334,9131.05,53.987730061349694,10344.8,-6.399999999999636,68.75,-0.060081466395112,9710.0,9550.0,9550.0,9240.0,28600.0
2021-03-23,9280.0,9390.0,9160.0,9170.0,8824.7646484375,16900.0,9353.5,9412.8,10304.4,9142.9,48.40764331210192,10310.2,-9.866666666666788,67.35000000000036,-0.0680894308943089,9550.0,9470.0,9230.0,9350.0,23700.0
2021-03-24,9150.0,9270.0,8970.0,8990.0,8651.541015625,25700.0,9328.5,9388.4,10291.866666666669,9153.85,43.67816091954023,10275.6,-21.733333333333576,63.70000000000073,-0.0863821138211382,9550.0,9390.0,9170.0,9280.0,16900.0
2021-03-25,9100.0,9220.0,9060.0,9130.0,8786.2705078125,15800.0,9318.0,9369.6,10281.2,9165.5,38.364779874213845,10239.2,-34.933333333332484,60.29999999999927,-0.0721544715447154,9550.0,9270.0,8990.0,9150.0,25700.0
2021-03-26,9180.0,9250.0,9070.0,9240.0,8892.1298828125,22200.0,9313.0,9349.6,10272.0,9177.8,44.44444444444444,10206.8,-42.66666666666606,58.14999999999964,-0.0676084762865791,9550.0,9220.0,9130.0,9100.0,15800.0
2021-03-27,9180.0,9250.0,9070.0,9240.0,8892.1298828125,22200.0,9308.0,9335.2,10262.8,9188.8,44.44444444444444,10173.8,-48.53333333333467,57.75,-0.1452358926919519,9550.0,9250.0,9240.0,9180.0,22200.0
2021-03-28,9180.0,9250.0,9070.0,9240.0,8892.1298828125,22200.0,9315.0,9316.4,10252.0,9200.45,44.44444444444444,10140.8,-52.39999999999964,57.55000000000109,-0.1522935779816513,9550.0,9250.0,9240.0,9180.0,22200.0
2021-03-29,9000.0,9190.0,8900.0,9030.0,8690.03515625,154500.0,9305.5,9298.0,10238.266666666666,9209.75,43.63636363636363,10103.6,-53.60000000000037,55.89999999999964,-0.2222222222222222,9550.0,9250.0,9240.0,9180.0,22200.0
2021-03-30,9000.0,9000.0,8630.0,8920.0,8641.595703125,92100.0,9291.0,9281.2,10221.6,9219.05,35.0,10052.2,-59.60000000000037,53.54999999999927,-0.2290406222990493,9550.0,9190.0,9030.0,9000.0,154500.0
2021-03-31,8870.0,9050.0,8790.0,8910.0,8631.908203125,35700.0,9261.5,9264.0,10207.066666666668,9228.3,38.62068965517241,9989.6,-64.93333333333248,50.5,-0.2299049265341399,9550.0,9000.0,8920.0,9000.0,92100.0
2021-04-01,8980.0,9080.0,8840.0,8930.0,8651.2841796875,19100.0,9237.0,9247.6,10192.8,9237.65,35.03649635036496,9932.2,-70.0,48.85000000000037,-0.2281763180639585,9550.0,9050.0,8910.0,8870.0,35700.0
2021-04-02,8990.0,9000.0,8920.0,8980.0,8699.7236328125,8500.0,9215.0,9242.8,10179.2,9245.5,26.44628099173553,9875.8,-72.79999999999927,45.04999999999927,-0.1761467889908257,9550.0,9080.0,8930.0,8980.0,19100.0
2021-04-03,8990.0,9000.0,8920.0,8980.0,8699.7236328125,8500.0,9193.0,9233.2,10168.8,9253.9,26.44628099173553,9819.6,-69.46666666666715,44.14999999999964,-0.1623134328358209,9550.0,9000.0,8980.0,8990.0,8500.0
2021-04-04,8990.0,9000.0,8920.0,8980.0,8699.7236328125,8500.0,9180.0,9224.0,10158.266666666666,9259.85,26.44628099173553,9763.4,-63.33333333333394,40.80000000000109,-0.1799086757990867,9550.0,9000.0,8980.0,8990.0,8500.0
2021-04-05,8980.0,8990.0,8810.0,8930.0,8651.2841796875,11700.0,9156.5,9201.2,10149.2,9265.5,34.04255319148936,9706.2,-57.86666666666679,37.20000000000073,-0.1777163904235728,9550.0,9000.0,8980.0,8990.0,8500.0
2021-04-06,8930.0,8930.0,8620.0,8640.0,8370.333984375,18100.0,9126.5,9170.0,10133.466666666667,9270.35,27.35042735042736,9639.2,-59.33333333333212,32.70000000000073,-0.2066115702479338,9550.0,8990.0,8930.0,8980.0,11700.0
2021-04-07,8510.0,8790.0,8510.0,8650.0,8380.0234375,14200.0,9092.0,9139.2,10117.6,9275.25,33.0,9574.8,-61.60000000000037,29.75,-0.2056932966023875,9550.0,8930.0,8640.0,8930.0,18100.0
2021-04-08,8650.0,8660.0,8530.0,8560.0,8292.83203125,7800.0,9042.5,9104.8,10100.533333333333,9279.7,20.0,9513.2,-68.26666666666642,25.80000000000109,-0.2139577594123048,9550.0,8790.0,8650.0,8510.0,14200.0
2021-04-09,8590.0,8640.0,8490.0,8560.0,8292.83203125,9600.0,8993.0,9077.6,10083.466666666667,9284.15,9.523809523809533,9441.8,-74.79999999999927,24.299999999999272,-0.2550043516100957,9550.0,8660.0,8560.0,8650.0,7800.0
2021-04-10,8590.0,8640.0,8490.0,8560.0,8292.83203125,9600.0,8943.5,9044.0,10065.466666666667,9288.6,9.523809523809533,9380.0,-83.73333333333358,23.100000000000364,-0.2890365448504983,9240.0,8640.0,8560.0,8590.0,9600.0
2021-04-11,8590.0,8640.0,8490.0,8560.0,8292.83203125,9600.0,8910.0,9016.8,10035.466666666667,9291.85,9.523809523809533,9318.2,-98.0,21.5,-0.2745762711864407,9240.0,8640.0,8560.0,8590.0,9600.0
2021-04-12,8610.0,8700.0,8550.0,8560.0,8292.83203125,5300.0,8879.5,8985.6,10004.266666666666,9294.85,12.698412698412696,9256.4,-113.33333333333394,19.600000000000364,-0.2745762711864407,9240.0,8640.0,8560.0,8590.0,9600.0
2021-04-13,8580.0,8740.0,8510.0,8690.0,8418.7744140625,9100.0,8864.5,8951.2,9965.333333333334,9297.6,32.30769230769231,9220.6,-135.1999999999989,17.899999999999636,-0.2629346904156064,9240.0,8700.0,8560.0,8610.0,5300.0
2021-04-14,8690.0,8760.0,8640.0,8740.0,8467.2138671875,6900.0,8845.0,8918.8,9927.6,9300.6,37.68115942028986,9185.8,-155.8666666666668,16.450000000000728,-0.2586938083121289,9240.0,8740.0,8690.0,8580.0,9100.0
2021-04-15,8750.0,8860.0,8690.0,8860.0,8583.4677734375,3500.0,8826.0,8891.2,9891.466666666667,9304.2,45.56962025316456,9167.8,-174.0,15.600000000000364,-0.2485156912637828,9240.0,8760.0,8740.0,8690.0,6900.0
2021-04-16,8860.0,8860.0,8720.0,8720.0,8447.8388671875,6900.0,8800.0,8870.8,9853.466666666667,9304.3,35.22727272727272,9150.4,-182.0,12.449999999998909,-0.2727272727272727,9240.0,8860.0,8860.0,8750.0,3500.0
2021-04-17,8860.0,8860.0,8720.0,8720.0,8447.8388671875,6900.0,8774.0,8852.8,9824.4,9303.7,35.22727272727272,9132.8,-179.8666666666668,8.850000000000364,-0.2653748946925021,9030.0,8860.0,8720.0,8860.0,6900.0
2021-04-18,8860.0,8860.0,8720.0,8720.0,8447.8388671875,6900.0,8758.5,8842.0,9797.733333333334,9304.6,35.22727272727272,9115.2,-167.60000000000036,7.0,-0.2508591065292096,8980.0,8860.0,8720.0,8860.0,6900.0
2021-04-19,8750.0,8760.0,8660.0,8660.0,8389.7109375,4000.0,8745.5,8823.2,9767.2,9305.2,34.8314606741573,9096.4,-160.39999999999964,4.600000000000364,-0.2860676009892827,8980.0,8860.0,8720.0,8860.0,6900.0
2021-04-20,8660.0,8670.0,8530.0,8580.0,8312.20703125,11800.0,8729.0,8796.8,9736.8,9307.25,45.588235294117645,9073.2,-154.66666666666788,3.0499999999992724,-0.263519313304721,8980.0,8760.0,8660.0,8750.0,4000.0
2021-04-21,8490.0,8560.0,8180.0,8240.0,7982.81982421875,26800.0,8694.5,8756.8,9701.466666666667,9307.6,29.70297029702969,9046.0,-152.0,3.3000000000010914,-0.2927038626609441,8980.0,8670.0,8580.0,8660.0,11800.0
2021-04-22,8240.0,8400.0,8230.0,8330.0,8070.01025390625,9400.0,8662.0,8720.4,9667.333333333334,9308.4,38.61386138613861,9018.4,-157.0666666666657,4.699999999998909,-0.2849785407725321,8980.0,8560.0,8240.0,8490.0,26800.0
2021-04-23,8320.0,8370.0,8250.0,8280.0,8021.5712890625,5400.0,8627.0,8690.4,9632.533333333333,9307.75,36.79245283018869,8994.2,-165.20000000000073,3.149999999999636,-0.2099236641221373,8980.0,8400.0,8330.0,8240.0,9400.0
2021-04-24,8320.0,8370.0,8250.0,8280.0,8021.5712890625,5400.0,8592.0,8664.8,9589.733333333334,9307.35,36.79245283018869,8973.0,-177.46666666666715,2.149999999999636,-0.2099236641221373,8930.0,8370.0,8280.0,8320.0,5400.0
2021-04-25,8320.0,8370.0,8250.0,8280.0,8021.5712890625,5400.0,8559.5,8639.6,9539.6,9306.5,36.79245283018869,8951.8,-197.1999999999989,-0.75,-0.151639344262295,8860.0,8370.0,8280.0,8320.0,5400.0
2021-04-26,8310.0,8310.0,8210.0,8230.0,7973.1318359375,6200.0,8539.0,8611.6,9492.0,9306.45,35.13513513513513,8929.6,-209.46666666666715,-1.1499999999996362,-0.1418143899895725,8860.0,8370.0,8280.0,8320.0,5400.0
2021-04-27,8220.0,8470.0,8110.0,8270.0,8011.8828125,17500.0,8520.0,8583.2,9444.933333333332,9307.2,29.411764705882348,8913.0,-222.40000000000143,-1.1999999999989086,-0.1385416666666666,8860.0,8310.0,8230.0,8310.0,6200.0
2021-04-28,8310.0,8370.0,8180.0,8230.0,7973.1318359375,10800.0,8503.5,8553.2,9397.466666666667,9307.75,24.75247524752476,8893.2,-235.0666666666657,0.0,-0.1427083333333333,8860.0,8470.0,8270.0,8220.0,17500.0
2021-04-29,8310.0,8370.0,8180.0,8230.0,7973.1318359375,10800.0,8487.0,8523.2,9350.0,9308.3,14.606741573033702,8873.6,-239.7333333333336,0.9499999999989086,-0.1427083333333333,8860.0,8370.0,8230.0,8310.0,10800.0
2021-04-30,8230.0,8400.0,8230.0,8270.0,8011.8828125,9700.0,8472.5,8496.8,9303.066666666668,9309.7,21.518987341772142,8849.0,-236.53333333333285,3.200000000000728,-0.1509240246406571,8860.0,8370.0,8230.0,8310.0,10800.0
2021-05-01,8230.0,8400.0,8230.0,8270.0,8011.8828125,9700.0,8458.0,8482.0,9253.466666666667,9311.0,21.518987341772142,8826.0,-238.53333333333285,4.549999999999272,-0.1385416666666666,8860.0,8400.0,8270.0,8230.0,9700.0
2021-05-02,8230.0,8400.0,8230.0,8270.0,8011.8828125,9700.0,8443.5,8466.8,9205.466666666667,9312.1,21.518987341772142,8803.0,-239.46666666666533,4.899999999999636,-0.1483007209062822,8860.0,8400.0,8270.0,8230.0,9700.0
2021-05-03,8230.0,8400.0,8230.0,8270.0,8011.8828125,9700.0,8422.5,8455.2,9160.533333333333,9314.9,23.28767123287672,8780.0,-236.9333333333343,7.149999999999636,-0.1285563751317175,8860.0,8400.0,8270.0,8230.0,9700.0
2021-05-04,8230.0,8400.0,8230.0,8270.0,8011.8828125,9700.0,8399.0,8443.6,9109.066666666668,9318.65,26.15384615384616,8760.6,-240.93333333333248,10.350000000000364,-0.114561027837259,8860.0,8400.0,8270.0,8230.0,9700.0
2021-05-05,8230.0,8400.0,8230.0,8270.0,8011.8828125,9700.0,8369.5,8432.0,9064.0,9322.4,54.83870967741936,8738.0,-239.06666666666752,12.699999999998909,-0.114561027837259,8720.0,8400.0,8270.0,8230.0,9700.0
2021-05-06,8360.0,8430.0,8270.0,8310.0,8050.634765625,6400.0,8349.0,8422.0,9019.466666666667,9326.35,46.15384615384615,8719.4,-234.0,15.350000000000364,-0.1102783725910064,8720.0,8400.0,8270.0,8230.0,9700.0
2021-05-07,8320.0,8320.0,8190.0,8190.0,7934.38037109375,5400.0,8322.5,8407.2,8973.333333333334,9329.7,36.36363636363636,8696.4,-232.1333333333332,17.600000000000364,-0.0999999999999999,8720.0,8430.0,8310.0,8360.0,6400.0
2021-05-08,8320.0,8320.0,8190.0,8190.0,7934.38037109375,5400.0,8296.0,8387.2,8942.8,9333.35,36.36363636363636,8669.2,-217.7333333333336,18.450000000000728,-0.1117136659436008,8660.0,8320.0,8190.0,8320.0,5400.0
2021-05-09,8320.0,8320.0,8190.0,8190.0,7934.38037109375,5400.0,8272.5,8365.2,8912.266666666666,9338.1,36.36363636363636,8642.0,-196.8000000000011,19.450000000000728,-0.1107491856677524,8580.0,8320.0,8190.0,8320.0,5400.0
2021-05-10,8170.0,8280.0,8170.0,8250.0,7992.5078125,4800.0,8256.0,8340.8,8892.133333333333,9343.65,52.94117647058823,8616.0,-171.8666666666668,21.25,-0.131578947368421,8330.0,8320.0,8190.0,8320.0,5400.0
2021-05-11,8250.0,8250.0,8170.0,8170.0,7915.00439453125,11200.0,8252.5,8318.8,8873.2,9349.15,36.8421052631579,8594.8,-146.26666666666642,22.799999999999272,-0.132696390658174,8330.0,8280.0,8250.0,8170.0,4800.0
2021-05-12,8150.0,8240.0,8100.0,8110.0,7856.876953125,10300.0,8241.5,8294.4,8853.333333333334,9354.35,35.0,8573.6,-120.0,24.64999999999964,-0.1390658174097664,8310.0,8250.0,8170.0,8250.0,11200.0
2021-05-13,8100.0,8190.0,7890.0,7890.0,7643.74365234375,15400.0,8222.0,8261.2,8830.533333333333,9358.45,22.58064516129032,8551.6,-112.26666666666642,25.100000000000364,-0.162420382165605,8310.0,8240.0,8110.0,8150.0,10300.0
2021-05-14,8120.0,8390.0,8010.0,8260.0,8002.1953125,14600.0,8221.0,8245.2,8812.666666666666,9363.75,49.47368421052632,8534.2,-99.60000000000036,25.64999999999964,-0.106060606060606,8310.0,8190.0,7890.0,8100.0,15400.0
2021-05-15,8120.0,8390.0,8010.0,8260.0,8002.1953125,14600.0,8220.0,8232.4,8792.933333333332,9365.45,49.47368421052632,8514.6,-99.20000000000071,21.80000000000109,-0.1212765957446808,8310.0,8390.0,8260.0,8120.0,14600.0
2021-05-16,8120.0,8390.0,8010.0,8260.0,8002.1953125,14600.0,8221.5,8233.2,8775.066666666668,9368.95,49.47368421052632,8495.0,-98.1333333333332,19.80000000000109,-0.106060606060606,8310.0,8390.0,8260.0,8120.0,14600.0
2021-05-17,8270.0,8370.0,8140.0,8250.0,7992.5078125,14100.0,8220.5,8230.0,8755.6,9372.45,48.958333333333336,8475.2,-97.73333333333358,18.100000000000364,-0.1167023554603854,8310.0,8390.0,8260.0,8120.0,14600.0
2021-05-18,8250.0,8250.0,8190.0,8200.0,7944.068359375,5000.0,8219.0,8226.8,8738.4,9376.8,46.53465346534653,8458.6,-92.1333333333332,18.349999999998545,-0.1413612565445026,8310.0,8370.0,8250.0,8270.0,14100.0
2021-05-19,8090.0,8210.0,8090.0,8150.0,7895.62890625,7000.0,8215.0,8221.6,8722.533333333333,9380.9,44.33962264150943,8443.2,-90.1333333333332,17.149999999999636,-0.1465968586387435,8310.0,8250.0,8200.0,8250.0,5000.0
2021-05-20,8220.0,8330.0,8220.0,8230.0,7973.1318359375,5200.0,8213.0,8219.6,8707.733333333334,9385.4,46.36363636363636,8429.6,-85.19999999999891,19.94999999999891,-0.138219895287958,8310.0,8210.0,8150.0,8090.0,7000.0
2021-05-21,8210.0,8310.0,8150.0,8250.0,7992.5078125,6700.0,8212.0,8220.4,8693.2,9389.25,53.0,8416.0,-81.86666666666679,20.299999999999272,-0.1061755146262188,8310.0,8330.0,8230.0,8220.0,5200.0
2021-05-22,8210.0,8310.0,8150.0,8250.0,7992.5078125,6700.0,8211.0,8219.6,8681.866666666667,9393.1,53.0,8401.4,-73.73333333333358,20.64999999999964,-0.1003271537622683,8310.0,8310.0,8250.0,8210.0,6700.0
2021-05-23,8210.0,8310.0,8150.0,8250.0,7992.5078125,6700.0,8210.0,8220.4,8668.933333333332,9394.8,53.0,8386.8,-69.46666666666715,18.0,-0.082313681868743,8310.0,8310.0,8250.0,8210.0,6700.0
2021-05-24,8320.0,8530.0,8320.0,8400.0,8137.82568359375,12500.0,8216.5,8227.2,8658.133333333333,9394.0,56.88073394495412,8375.2,-64.39999999999964,13.100000000000364,-0.0799561883899233,8400.0,8310.0,8250.0,8210.0,6700.0
2021-05-25,8480.0,8480.0,8310.0,8350.0,8089.38671875,7700.0,8220.5,8230.4,8642.8,9392.75,58.49056603773585,8363.6,-64.9333333333343,7.350000000000364,-0.0963203463203463,8400.0,8530.0,8400.0,8320.0,12500.0
2021-05-26,8280.0,8350.0,8270.0,8270.0,8011.8828125,4700.0,8218.5,8230.4,8627.466666666667,9391.1,57.407407407407405,8356.2,-65.73333333333358,1.850000000000364,-0.1049783549783549,8400.0,8480.0,8350.0,8480.0,7700.0
2021-05-27,8220.0,8340.0,8170.0,8330.0,8070.01025390625,12000.0,8225.5,8232.8,8612.933333333332,9389.75,73.91304347826087,8349.8,-68.9333333333343,-3.350000000000364,-0.0984848484848485,8400.0,8350.0,8270.0,8280.0,4700.0
2021-05-28,8370.0,8510.0,8350.0,8490.0,8225.017578125,9600.0,8240.5,8241.6,8600.533333333333,9389.6,66.19718309859155,8348.4,-68.39999999999964,-5.199999999998909,-0.0598006644518271,8490.0,8340.0,8330.0,8220.0,12000.0
2021-05-29,8370.0,8510.0,8350.0,8490.0,8225.017578125,9600.0,8255.5,8250.4,8590.533333333333,9389.8,66.19718309859155,8347.0,-67.60000000000036,-4.200000000000728,-0.0482062780269058,8490.0,8510.0,8490.0,8370.0,9600.0
2021-05-30,8370.0,8510.0,8350.0,8490.0,8225.017578125,9600.0,8267.5,8259.2,8578.4,9388.25,66.19718309859155,8345.6,-64.39999999999964,-4.5,-0.0471380471380471,8490.0,8510.0,8490.0,8370.0,9600.0
2021-05-31,8550.0,8630.0,8330.0,8360.0,8099.07470703125,10000.0,8277.0,8261.2,8566.666666666666,9386.25,56.62650602409638,8341.6,-60.80000000000109,-4.850000000000364,-0.0638297872340425,8490.0,8510.0,8490.0,8370.0,9600.0
2021-06-01,8360.0,8400.0,8310.0,8340.0,8079.69873046875,6700.0,8288.5,8267.2,8553.333333333334,9384.55,58.74999999999999,8337.2,-59.59999999999855,-5.200000000000728,-0.0712694877505567,8490.0,8630.0,8360.0,8550.0,10000.0
2021-06-02,8340.0,8410.0,8290.0,8330.0,8070.01025390625,6000.0,8310.5,8272.8,8537.066666666668,9382.8,61.84210526315789,8330.0,-63.46666666666533,-6.800000000001091,-0.0723830734966592,8490.0,8400.0,8340.0,8360.0,6700.0
2021-06-03,8310.0,8410.0,8310.0,8370.0,8108.76171875,3600.0,8316.0,8280.0,8521.333333333334,9381.25,59.72222222222222,8322.6,-69.19999999999891,-8.549999999999272,-0.0679287305122494,8490.0,8410.0,8330.0,8340.0,6000.0
2021-06-04,8350.0,8350.0,8240.0,8250.0,7992.5078125,4500.0,8315.5,8280.0,8504.0,9377.9,50.0,8310.4,-74.39999999999964,-10.350000000000364,-0.076147816349384,8490.0,8410.0,8370.0,8310.0,3600.0
2021-06-05,8350.0,8350.0,8240.0,8250.0,7992.5078125,4500.0,8315.0,8283.2,8490.933333333332,9374.4,50.0,8301.0,-75.73333333333358,-11.850000000000364,-0.0451388888888888,8490.0,8350.0,8250.0,8350.0,4500.0
2021-06-06,8350.0,8350.0,8240.0,8250.0,7992.5078125,4500.0,8315.0,8288.8,8478.666666666666,9372.05,50.0,8291.6,-74.66666666666788,-12.5,-0.0462427745664739,8490.0,8350.0,8250.0,8350.0,4500.0
2021-06-07,8270.0,8270.0,8090.0,8090.0,7837.50146484375,8700.0,8309.5,8296.8,8466.666666666666,9366.55,31.325301204819283,8279.0,-70.40000000000146,-16.25,-0.0549065420560748,8490.0,8350.0,8250.0,8350.0,4500.0
2021-06-08,8140.0,8200.0,8020.0,8050.0,7798.75,7500.0,8304.5,8288.4,8452.266666666666,9361.25,31.707317073170746,8266.8,-69.06666666666752,-20.0,-0.0595794392523364,8490.0,8270.0,8090.0,8270.0,8700.0
2021-06-09,8090.0,8090.0,7990.0,7990.0,7740.62255859375,4900.0,8292.5,8277.6,8435.6,9355.65,32.5,8255.0,-68.39999999999964,-22.25,-0.0665887850467289,8490.0,8200.0,8050.0,8140.0,7500.0
2021-06-10,7990.0,8060.0,7910.0,8020.0,7769.6865234375,9200.0,8281.0,8268.0,8419.333333333334,9350.2,29.87012987012988,8250.6,-71.59999999999854,-24.19999999999891,-0.0630841121495326,8490.0,8090.0,7990.0,8090.0,4900.0
2021-06-11,8020.0,8070.0,7950.0,7990.0,7740.62255859375,10000.0,8268.0,8257.6,8402.666666666666,9344.6,10.9375,8243.8,-76.0,-27.44999999999891,-0.0665887850467289,8490.0,8060.0,8020.0,7990.0,9200.0
2021-06-12,8020.0,8070.0,7950.0,7990.0,7740.62255859375,10000.0,8255.0,8249.2,8388.8,9338.7,10.9375,8238.0,-77.86666666666679,-27.849999999998545,-0.0805523590333716,8490.0,8070.0,7990.0,8020.0,10000.0
2021-06-13,8020.0,8070.0,7950.0,7990.0,7740.62255859375,10000.0,8234.5,8242.8,8376.4,9331.8,10.9375,8232.2,-75.86666666666679,-29.450000000000728,-0.085812356979405,8490.0,8070.0,7990.0,8020.0,10000.0
2021-06-14,8030.0,8070.0,7960.0,8030.0,7779.3740234375,1400.0,8218.5,8234.8,8364.666666666666,9324.0,20.0,8227.2,-70.9333333333343,-31.64999999999964,-0.0936794582392777,8490.0,8070.0,7990.0,8020.0,10000.0
2021-06-15,8030.0,8190.0,8030.0,8170.0,7915.00439453125,4200.0,8213.5,8231.6,8354.533333333333,9316.6,37.3134328358209,8226.0,-64.80000000000109,-33.600000000000364,-0.0630733944954128,8490.0,8070.0,8030.0,8030.0,1400.0
2021-06-16,8100.0,8150.0,8090.0,8130.0,7876.2529296875,2000.0,8203.5,8226.8,8343.2,9309.0,35.71428571428571,8223.2,-59.46666666666533,-35.600000000000364,-0.0676605504587155,8490.0,8190.0,8170.0,8030.0,4200.0
2021-06-17,8060.0,8140.0,7980.0,8080.0,7827.81396484375,3900.0,8183.0,8220.0,8331.2,9301.15,29.577464788732385,8220.2,-57.59999999999855,-37.55000000000109,-0.073394495412844,8490.0,8150.0,8130.0,8100.0,2000.0
2021-06-18,8150.0,8180.0,8080.0,8120.0,7866.56494140625,3700.0,8164.5,8208.8,8319.733333333334,9296.05,39.68253968253968,8218.0,-56.66666666666606,-35.75,-0.0623556581986143,8490.0,8140.0,8080.0,8060.0,3900.0
2021-06-19,8150.0,8180.0,8080.0,8120.0,7866.56494140625,3700.0,8146.0,8199.6,8308.933333333332,9290.7,39.68253968253968,8215.0,-55.733333333333576,-33.29999999999927,-0.0536130536130535,8370.0,8180.0,8120.0,8150.0,3700.0
2021-06-20,8150.0,8180.0,8080.0,8120.0,7866.56494140625,3700.0,8134.0,8193.6,8302.0,9285.95,39.68253968253968,8212.0,-52.53333333333285,-30.64999999999964,-0.0145631067961164,8370.0,8180.0,8120.0,8150.0,3700.0
2021-06-21,8060.0,8170.0,7980.0,8020.0,7769.6865234375,12100.0,8118.0,8181.2,8293.6,9280.2,43.85964912280702,8207.0,-49.60000000000037,-28.799999999999272,-0.0372148859543817,8370.0,8180.0,8120.0,8150.0,3700.0
2021-06-22,8170.0,8450.0,8100.0,8440.0,8176.578125,13300.0,8123.5,8179.2,8292.0,9276.4,70.52631578947368,8210.4,-39.20000000000073,-24.75,0.0193236714975846,8440.0,8170.0,8020.0,8060.0,12100.0
2021-06-23,8310.0,8630.0,8310.0,8600.0,8331.583984375,12600.0,8135.0,8183.6,8292.533333333333,9273.4,79.04761904761905,8217.0,-27.200000000000728,-22.64999999999964,0.038647342995169,8600.0,8450.0,8440.0,8170.0,13300.0
2021-06-24,8590.0,8600.0,8450.0,8530.0,8263.7685546875,5500.0,8149.0,8185.2,8292.133333333333,9270.05,73.39449541284404,8222.2,-16.799999999999272,-20.65000000000145,0.0301932367149757,8600.0,8630.0,8600.0,8310.0,12600.0
2021-06-25,8570.0,8580.0,8500.0,8520.0,8254.0810546875,7800.0,8162.5,8191.6,8291.6,9267.75,74.76635514018692,8226.4,-10.399999999999636,-18.200000000000728,0.0352369380315917,8600.0,8600.0,8530.0,8590.0,5500.0
2021-06-26,8570.0,8580.0,8500.0,8520.0,8254.0810546875,7800.0,8176.0,8198.8,8291.066666666668,9265.7,74.76635514018692,8233.0,-2.5333333333328483,-14.5,0.030229746070133,8600.0,8580.0,8520.0,8570.0,7800.0
2021-06-27,8570.0,8580.0,8500.0,8520.0,8254.0810546875,7800.0,8197.5,8206.4,8288.8,9263.15,74.76635514018692,8239.6,-3.200000000000728,-13.25,0.0352369380315917,8600.0,8580.0,8520.0,8570.0,7800.0
2021-06-28,8610.0,8700.0,8600.0,8670.0,8399.3984375,10400.0,8228.5,8218.4,8287.866666666667,9261.75,77.11864406779661,8249.2,-4.66666666666606,-11.649999999999636,0.0534629404617255,8670.0,8580.0,8520.0,8570.0,7800.0
2021-06-29,8670.0,8670.0,8570.0,8600.0,8331.583984375,10300.0,8259.0,8232.4,8284.4,9258.9,69.36936936936937,8256.2,-7.733333333333576,-11.149999999999636,0.0399032648125756,8670.0,8700.0,8670.0,8610.0,10400.0
2021-06-30,8670.0,8670.0,8600.0,8600.0,8331.583984375,3800.0,8288.0,8246.4,8282.8,9256.05,71.96261682242991,8264.8,-8.800000000001091,-11.700000000000728,0.0399032648125756,8670.0,8670.0,8600.0,8670.0,10300.0
2021-07-01,8590.0,8590.0,8460.0,8470.0,8205.6416015625,5900.0,8312.0,8255.2,8279.466666666667,9252.55,66.95652173913044,8272.0,-11.600000000000364,-13.150000000001455,0.0241837968561065,8670.0,8670.0,8600.0,8670.0,3800.0
2021-07-02,8580.0,8770.0,8520.0,8770.0,8496.27734375,11200.0,8351.0,8282.4,8280.133333333333,9251.1,73.04964539007092,8289.6,-8.66666666666606,-12.049999999999272,0.0604594921402659,8770.0,8590.0,8470.0,8590.0,5900.0
2021-07-03,8580.0,8770.0,8520.0,8770.0,8496.27734375,11200.0,8390.0,8311.2,8281.6,9249.5,73.04964539007092,8299.8,-6.266666666666424,-12.25,0.0604594921402659,8770.0,8770.0,8770.0,8580.0,11200.0
2021-07-04,8580.0,8770.0,8520.0,8770.0,8496.27734375,11200.0,8427.0,8342.4,8284.133333333333,9247.3,73.04964539007092,8310.0,-0.2666666666664241,-11.600000000000364,0.0604594921402659,8770.0,8770.0,8770.0,8580.0,11200.0
2021-07-05,8620.0,8780.0,8610.0,8730.0,8457.52734375,7800.0,8455.0,8370.8,8290.666666666666,9243.6,76.2962962962963,8319.4,7.866666666666788,-12.449999999998909,0.0505415162454874,8770.0,8770.0,8770.0,8580.0,11200.0
2021-07-06,8780.0,8780.0,8680.0,8760.0,8486.5908203125,4700.0,8486.5,8401.6,8296.4,9240.5,66.66666666666666,8329.6,16.933333333332484,-12.049999999999272,0.0695970695970695,8770.0,8780.0,8730.0,8620.0,7800.0
2021-07-07,8610.0,8770.0,8590.0,8700.0,8428.462890625,7900.0,8517.5,8430.0,8302.0,9237.1,55.81395348837209,8339.6,21.866666666666788,-14.0,0.0622710622710622,8770.0,8780.0,8760.0,8780.0,4700.0
2021-07-08,8630.0,8800.0,8630.0,8690.0,8418.7744140625,11800.0,8546.0,8458.0,8307.466666666667,9233.65,60.0,8350.4,25.866666666666788,-15.850000000000364,0.061050061050061,8770.0,8770.0,8700.0,8610.0,7900.0
2021-07-09,8640.0,8640.0,8480.0,8530.0,8263.7685546875,20100.0,8566.5,8478.0,8310.8,9229.45,50.526315789473685,8356.4,26.66666666666606,-17.849999999998545,0.0339393939393939,8770.0,8800.0,8690.0,8630.0,11800.0
2021-07-10,8640.0,8640.0,8480.0,8530.0,8263.7685546875,20100.0,8587.0,8492.4,8314.8,9226.3,50.526315789473685,8362.0,24.13333333333321,-17.30000000000109,0.04406364749082,8770.0,8640.0,8530.0,8640.0,20100.0
2021-07-11,8640.0,8640.0,8480.0,8530.0,8263.7685546875,20100.0,8612.5,8508.4,8318.266666666666,9222.7,50.526315789473685,8367.6,21.866666666666788,-17.799999999999272,0.0517879161528975,8770.0,8640.0,8530.0,8640.0,20100.0
2021-07-12,8680.0,8710.0,8530.0,8710.0,8438.150390625,8200.0,8626.0,8533.6,8324.666666666666,9220.9,52.04081632653062,8376.8,22.66666666666606,-16.200000000000728,0.1039290240811152,8770.0,8640.0,8530.0,8640.0,20100.0
2021-07-13,8750.0,8780.0,8660.0,8720.0,8447.8388671875,7100.0,8632.0,8557.6,8331.2,9217.85,56.52173913043478,8383.2,23.733333333333576,-15.799999999999272,0.0556900726392251,8770.0,8710.0,8710.0,8680.0,8200.0
2021-07-14,8720.0,8850.0,8720.0,8840.0,8564.0927734375,15000.0,8647.5,8586.4,8338.8,9215.4,61.53846153846153,8393.0,28.0,-14.050000000001091,0.0702179176755448,8840.0,8780.0,8720.0,8750.0,7100.0
2021-07-15,8840.0,8840.0,8750.0,8770.0,8496.27734375,8000.0,8660.0,8612.4,8345.466666666667,9212.6,65.30612244897961,8403.0,30.66666666666788,-13.699999999998909,0.0617433414043584,8840.0,8850.0,8840.0,8720.0,15000.0
2021-07-16,8770.0,8840.0,8740.0,8840.0,8564.0927734375,5400.0,8676.0,8645.2,8353.066666666668,9207.85,54.66666666666667,8413.2,34.80000000000109,-14.850000000000364,0.0715151515151515,8840.0,8840.0,8770.0,8840.0,8000.0
2021-07-17,8770.0,8840.0,8740.0,8840.0,8564.0927734375,5400.0,8692.0,8661.2,8360.666666666666,9204.0,54.66666666666667,8420.2,36.0,-16.899999999999636,0.0780487804878049,8840.0,8840.0,8840.0,8770.0,5400.0
2021-07-18,8770.0,8840.0,8740.0,8840.0,8564.0927734375,5400.0,8700.5,8670.8,8368.266666666666,9200.2,54.66666666666667,8427.2,37.0666666666657,-17.649999999999636,0.0846625766871165,8840.0,8840.0,8840.0,8770.0,5400.0
2021-07-19,8770.0,8770.0,8560.0,8590.0,8321.8955078125,10600.0,8700.0,8673.2,8372.533333333333,9195.15,42.708333333333336,8429.2,33.733333333333576,-20.25,0.0437424058323208,8840.0,8840.0,8840.0,8770.0,5400.0
2021-07-20,8590.0,8590.0,8460.0,8470.0,8205.6416015625,4800.0,8693.5,8671.2,8374.666666666666,9189.5,36.19047619047618,8431.4,29.19999999999891,-23.100000000000364,0.0266666666666666,8840.0,8770.0,8590.0,8770.0,10600.0
2021-07-21,8560.0,8740.0,8560.0,8740.0,8467.2138671875,6300.0,8707.0,8680.0,8382.0,9185.2,51.58730158730159,8439.4,28.933333333332484,-22.64999999999964,0.0593939393939393,8840.0,8590.0,8470.0,8590.0,4800.0
2021-07-22,8560.0,8740.0,8560.0,8740.0,8467.2138671875,6300.0,8705.5,8688.8,8389.333333333334,9180.9,52.0,8447.6,28.66666666666788,-23.100000000000364,0.0593939393939393,8840.0,8740.0,8740.0,8560.0,6300.0
2021-07-23,8560.0,8740.0,8560.0,8740.0,8467.2138671875,6300.0,8704.0,8691.6,8396.666666666666,9177.8,59.63302752293578,8455.0,28.39999999999964,-22.40000000000145,0.0404761904761905,8840.0,8740.0,8740.0,8560.0,6300.0
2021-07-24,8560.0,8740.0,8560.0,8740.0,8467.2138671875,6300.0,8702.5,8697.2,8403.2,9173.2,59.63302752293578,8464.8,30.66666666666788,-21.94999999999891,0.0467065868263472,8840.0,8740.0,8740.0,8560.0,6300.0
2021-07-25,8560.0,8740.0,8560.0,8740.0,8467.2138671875,6300.0,8703.0,8702.8,8410.8,9169.5,59.63302752293578,8474.6,36.13333333333321,-20.0,0.0568319226118501,8840.0,8740.0,8740.0,8560.0,6300.0
2021-07-26,8820.0,8820.0,8710.0,8800.0,8525.341796875,6000.0,8705.0,8716.0,8420.0,9165.05,54.63917525773196,8485.6,38.0,-20.15000000000145,0.056422569027611,8840.0,8740.0,8740.0,8560.0,6300.0
2021-07-27,8740.0,8800.0,8680.0,8770.0,8496.27734375,8400.0,8708.5,8716.0,8431.733333333334,9159.25,52.52525252525253,8499.2,42.39999999999964,-21.64999999999964,0.0329799764428739,8840.0,8820.0,8800.0,8820.0,6000.0
2021-07-28,8780.0,8800.0,8670.0,8720.0,8447.8388671875,6200.0,8710.0,8714.0,8437.866666666667,9153.2,43.47826086956522,8512.6,41.20000000000073,-24.599999999998545,0.0270906949352178,8840.0,8800.0,8770.0,8740.0,8400.0
2021-07-29,8770.0,8800.0,8710.0,8800.0,8525.341796875,5800.0,8723.5,8715.2,8445.066666666668,9147.55,51.61290322580645,8528.8,41.86666666666679,-25.65000000000145,0.0365135453474676,8840.0,8800.0,8720.0,8780.0,6200.0
2021-07-30,8800.0,8800.0,8700.0,8760.0,8486.5908203125,7900.0,8735.0,8716.4,8451.733333333334,9141.7,45.55555555555555,8543.6,40.9333333333343,-27.799999999999272,0.0478468899521531,8840.0,8800.0,8800.0,8770.0,5800.0
2021-07-31,8800.0,8800.0,8700.0,8760.0,8486.5908203125,7900.0,8746.5,8716.4,8458.533333333333,9135.25,45.55555555555555,8559.0,38.53333333333285,-29.799999999999272,0.0503597122302157,8840.0,8800.0,8760.0,8800.0,7900.0
2021-08-01,8800.0,8800.0,8700.0,8760.0,8486.5908203125,7900.0,8749.0,8718.8,8466.0,9128.75,45.55555555555555,8574.4,34.266666666666424,-30.5,0.0516206482593037,8840.0,8800.0,8760.0,8800.0,7900.0
2021-08-02,8790.0,9120.0,8780.0,9090.0,8806.291015625,15900.0,8767.5,8734.8,8478.533333333333,9123.35,75.51020408163265,8596.4,40.66666666666606,-29.850000000000364,0.086021505376344,9090.0,8800.0,8760.0,8800.0,7900.0
2021-08-03,9110.0,9120.0,8970.0,9080.0,8796.6025390625,9000.0,8779.5,8756.8,8489.866666666667,9118.75,85.05747126436782,8617.4,44.79999999999927,-28.799999999999272,0.1006060606060605,9090.0,9120.0,9090.0,8790.0,15900.0
2021-08-04,9080.0,9080.0,8910.0,8940.0,8660.9716796875,5300.0,8788.0,8773.2,8499.066666666668,9113.45,63.51351351351351,8632.8,47.33333333333394,-28.25,0.0836363636363637,9090.0,9120.0,9080.0,9110.0,9000.0
2021-08-05,8940.0,8980.0,8910.0,8950.0,8670.6591796875,1900.0,8793.5,8790.0,8508.4,9108.2,64.0,8649.2,49.86666666666679,-27.049999999999272,0.0848484848484849,9090.0,9080.0,8940.0,9080.0,5300.0
2021-08-06,8950.0,9130.0,8950.0,9120.0,8835.353515625,10000.0,8807.5,8806.4,8520.0,9105.0,70.65217391304348,8670.0,54.0,-23.75,0.1273176761433869,9120.0,8980.0,8950.0,8940.0,1900.0
2021-08-07,8950.0,9130.0,8950.0,9120.0,8835.353515625,10000.0,8821.5,8822.4,8529.6,9101.75,70.65217391304348,8690.0,51.06666666666752,-21.600000000000364,0.132919254658385,9120.0,9130.0,9120.0,8950.0,10000.0
2021-08-08,8950.0,9130.0,8950.0,9120.0,8835.353515625,10000.0,8848.0,8833.6,8539.866666666667,9099.3,70.65217391304348,8710.0,50.0,-19.450000000000728,0.1414267834793492,9120.0,9130.0,9120.0,8950.0,10000.0
2021-08-09,8950.0,9130.0,8950.0,9120.0,8835.353515625,10000.0,8880.5,8847.6,8551.2,9095.8,68.6046511627907,8730.0,52.13333333333321,-17.650000000001455,0.1371571072319202,9120.0,9130.0,9120.0,8950.0,10000.0
2021-08-10,9060.0,9270.0,9060.0,9230.0,8941.919921875,10400.0,8905.0,8863.2,8563.2,9092.75,74.46808510638297,8754.2,54.80000000000109,-15.450000000000728,0.1551939924906131,9230.0,9130.0,9120.0,8950.0,10000.0
2021-08-11,9230.0,9250.0,9160.0,9190.0,8903.169921875,6500.0,8927.5,8877.2,8572.533333333333,9089.5,75.26881720430107,8769.2,52.53333333333285,-15.5,0.1501877346683353,9230.0,9270.0,9230.0,9060.0,10400.0
2021-08-12,9190.0,9270.0,9180.0,9210.0,8922.5439453125,5100.0,8951.0,8892.0,8582.133333333333,9086.35,73.5632183908046,8781.4,52.53333333333285,-15.399999999999636,0.1526908635794743,9230.0,9250.0,9190.0,9230.0,6500.0
2021-08-13,9090.0,9180.0,9050.0,9090.0,8806.291015625,6400.0,8968.5,8912.0,8590.133333333333,9082.25,67.36842105263158,8792.6,50.26666666666642,-17.049999999999272,0.1320049813200499,9230.0,9270.0,9210.0,9190.0,5100.0
2021-08-14,9090.0,9180.0,9050.0,9090.0,8806.291015625,6400.0,8986.0,8936.8,8599.866666666667,9073.65,67.36842105263158,8804.0,48.66666666666606,-22.14999999999964,0.1126070991432068,9230.0,9180.0,9090.0,9090.0,6400.0
2021-08-15,9090.0,9180.0,9050.0,9090.0,8806.291015625,6400.0,9000.5,8950.8,8609.866666666667,9064.6,67.36842105263158,8815.4,46.66666666666606,-28.14999999999964,0.118081180811808,9230.0,9180.0,9090.0,9090.0,6400.0
2021-08-16,9170.0,9170.0,8970.0,9010.0,8728.7880859375,7200.0,9012.5,8961.6,8618.933333333332,9051.6,44.28571428571428,8825.2,46.39999999999964,-37.89999999999964,0.11509900990099,9230.0,9180.0,9090.0,9090.0,6400.0
2021-08-17,9010.0,9090.0,8810.0,8890.0,8612.5322265625,5400.0,9021.0,8967.6,8625.866666666667,9038.2,38.27160493827161,8829.6,43.733333333333576,-48.14999999999964,0.0948275862068965,9230.0,9170.0,9010.0,9170.0,7200.0
2021-08-18,8880.0,9020.0,8820.0,8990.0,8709.4111328125,3500.0,9030.5,8977.6,8635.733333333334,9025.3,53.24675324675325,8837.4,45.60000000000037,-56.95000000000073,0.1071428571428572,9230.0,9090.0,8890.0,9010.0,5400.0
2021-08-19,8900.0,9040.0,8900.0,8930.0,8651.2841796875,6100.0,9039.0,8985.2,8644.8,9012.1,48.78048780487806,8844.0,44.93333333333248,-61.54999999999927,0.0997536945812807,9230.0,9020.0,8990.0,8880.0,3500.0
2021-08-20,9020.0,9100.0,8930.0,9100.0,8815.9775390625,9600.0,9056.0,8997.2,8656.133333333333,9003.1,48.78048780487806,8856.6,46.26666666666642,-61.5,0.1346633416458853,9230.0,9040.0,8930.0,8900.0,6100.0
2021-08-21,9020.0,9100.0,8930.0,9100.0,8815.9775390625,9600.0,9073.0,9010.4,8669.6,8995.0,48.78048780487806,8863.2,50.66666666666788,-56.60000000000037,0.0781990521327014,9230.0,9100.0,9100.0,9020.0,9600.0
2021-08-22,9020.0,9100.0,8930.0,9100.0,8815.9775390625,9600.0,9073.5,9025.6,8683.6,8985.75,48.78048780487806,8869.8,57.733333333333576,-52.45000000000073,0.058139534883721,9230.0,9100.0,9100.0,9020.0,9600.0
2021-08-23,9200.0,9970.0,9120.0,9770.0,9465.06640625,53200.0,9108.0,9064.4,8707.333333333334,8980.3,71.81208053691276,8889.8,71.60000000000036,-45.0,0.145369284876905,9770.0,9100.0,9100.0,9020.0,9600.0
2021-08-24,9890.0,10120.0,9800.0,9930.0,9620.072265625,35700.0,9157.5,9111.2,8732.8,8975.5,72.72727272727272,8913.8,88.0,-36.60000000000037,0.1654929577464787,9930.0,9970.0,9770.0,9200.0,53200.0
2021-08-25,9970.0,10250.0,9910.0,9910.0,9600.697265625,27900.0,9205.5,9157.2,8758.4,8970.6,73.68421052631578,8936.8,102.26666666666642,-32.5,0.1631455399061032,9930.0,10120.0,9930.0,9890.0,35700.0
2021-08-26,9850.0,10190.0,9690.0,10130.0,9813.830078125,23600.0,9256.0,9212.0,8786.933333333332,8966.8,76.74418604651163,8965.4,117.33333333333212,-28.200000000000728,0.1889671361502347,10130.0,10250.0,9910.0,9970.0,27900.0
2021-08-27,10130.0,10370.0,10060.0,10330.0,10007.5888671875,20300.0,9316.5,9261.6,8818.133333333333,8961.0,84.44444444444444,8998.2,134.53333333333285,-24.75,0.1914648212226066,10330.0,10190.0,10130.0,9850.0,23600.0
2021-08-28,10130.0,10370.0,10060.0,10330.0,10007.5888671875,20300.0,9377.0,9311.6,8848.8,8952.45,84.44444444444444,9034.2,141.46666666666533,-27.849999999998545,0.2011627906976745,10330.0,10370.0,10330.0,10130.0,20300.0
2021-08-29,10130.0,10370.0,10060.0,10330.0,10007.5888671875,20300.0,9437.5,9367.2,8877.6,8945.1,84.44444444444444,9070.2,144.8000000000011,-30.39999999999964,0.2011627906976745,10330.0,10370.0,10330.0,10130.0,20300.0
2021-08-30,10490.0,10850.0,10460.0,10640.0,10307.9130859375,28500.0,9508.0,9434.8,8911.066666666668,8939.3,90.14778325123152,9112.4,152.66666666666788,-31.30000000000109,0.256198347107438,10640.0,10370.0,10330.0,10130.0,20300.0
2021-08-31,10400.0,10840.0,10400.0,10760.0,10424.1669921875,17600.0,9586.5,9500.4,8946.8,8934.15,96.0591133004926,9153.4,159.8666666666668,-32.64999999999964,0.22690992018244,10760.0,10850.0,10640.0,10490.0,28500.0
2021-09-01,10970.0,11260.0,10800.0,11030.0,10685.740234375,27600.0,9677.5,9576.8,8985.6,8930.35,96.36363636363636,9199.6,167.46666666666715,-30.64999999999964,0.25769669327252,11030.0,10840.0,10760.0,10400.0,17600.0
2021-09-02,11130.0,11230.0,10780.0,10810.0,10472.6064453125,22400.0,9763.5,9644.4,9021.466666666667,8925.45,89.83050847457628,9239.0,172.66666666666788,-27.0,0.2326111744583807,11030.0,11260.0,11030.0,10970.0,27600.0
2021-09-03,11040.0,11390.0,10970.0,11350.0,10995.7529296875,40800.0,9876.5,9733.6,9064.533333333333,8922.25,91.2087912087912,9290.6,186.93333333333248,-22.850000000000364,0.300114547537228,11350.0,11230.0,10810.0,11130.0,22400.0
2021-09-04,11040.0,11390.0,10970.0,11350.0,10995.7529296875,40800.0,9989.5,9818.4,9108.933333333332,8919.65,91.2087912087912,9340.8,197.86666666666497,-19.64999999999964,0.2956621004566211,11350.0,11390.0,11350.0,11040.0,40800.0
2021-09-05,11040.0,11390.0,10970.0,11350.0,10995.7529296875,40800.0,10106.5,9904.8,9147.733333333334,8918.2,91.2087912087912,9391.0,200.9333333333343,-15.949999999998909,0.3045977011494252,11350.0,11390.0,11350.0,11040.0,40800.0
2021-09-06,11400.0,11610.0,11220.0,11310.0,10957.0009765625,18300.0,10227.5,9988.8,9183.866666666669,8914.1,86.66666666666667,9440.4,198.2666666666664,-16.25,0.3014959723820483,11350.0,11390.0,11350.0,11040.0,40800.0
2021-09-07,11480.0,11650.0,11390.0,11460.0,11102.3212890625,20100.0,10351.0,10083.6,9222.933333333332,8913.15,86.60287081339713,9497.8,201.46666666666533,-12.300000000001091,0.343493552168816,11460.0,11610.0,11310.0,11400.0,18300.0
2021-09-08,11540.0,11870.0,11540.0,11760.0,11392.9560546875,28800.0,10492.5,10190.4,9266.133333333331,8913.7,89.0295358649789,9563.6,201.6000000000004,-8.549999999999272,0.3786635404454865,11760.0,11650.0,11460.0,11480.0,20100.0
2021-09-09,11760.0,12360.0,11760.0,12240.0,11857.9755859375,34900.0,10649.5,10316.4,9315.733333333334,8916.65,90.11406844106465,9633.6,206.8000000000011,-3.0,0.4349355216881594,12240.0,11870.0,11760.0,11540.0,28800.0
2021-09-10,12840.0,12940.0,12440.0,12800.0,12400.4951171875,64200.0,10834.5,10468.0,9372.8,8928.25,91.30434782608695,9714.8,225.0666666666657,10.049999999999272,0.4695752009184846,12800.0,12360.0,12240.0,11760.0,34900.0
2021-09-11,12840.0,12940.0,12440.0,12800.0,12400.4951171875,64200.0,11019.5,10624.4,9427.866666666669,8939.85,91.30434782608695,9796.0,244.0,25.75,0.4678899082568808,12800.0,12940.0,12800.0,12840.0,64200.0
2021-09-12,12840.0,12940.0,12440.0,12800.0,12400.4951171875,64200.0,11171.0,10776.8,9483.866666666669,8955.05,91.30434782608695,9877.2,260.9333333333343,41.89999999999964,0.4479638009049773,12800.0,12940.0,12800.0,12840.0,64200.0
2021-09-13,12800.0,12910.0,12450.0,12690.0,12293.9296875,23400.0,11309.0,10927.2,9538.4,8970.55,86.73835125448029,9956.2,272.2666666666664,56.84999999999855,0.4469783352337515,12800.0,12940.0,12800.0,12840.0,64200.0
2021-09-14,12710.0,13410.0,12700.0,13370.0,12952.70703125,52300.0,11482.0,11098.0,9603.733333333334,8989.4,88.95522388059702,10047.6,288.0,72.75,0.5124434389140271,13370.0,12910.0,12690.0,12800.0,23400.0
2021-09-15,13330.0,13660.0,13080.0,13410.0,12991.4580078125,36700.0,11646.0,11270.4,9665.6,9008.45,88.14102564102564,10140.4,292.8000000000011,80.20000000000073,0.5169683257918551,13410.0,13410.0,13370.0,12710.0,52300.0
2021-09-16,13560.0,13620.0,12600.0,12750.0,12352.05859375,57200.0,11767.0,11416.4,9718.666666666666,9024.2,77.24719101123596,10221.0,290.7999999999993,84.35000000000036,0.4423076923076923,13410.0,13660.0,13410.0,13330.0,36700.0
2021-09-17,12750.0,13060.0,12060.0,12200.0,11819.2236328125,324800.0,11860.5,11513.6,9764.4,9036.5,61.90476190476191,10289.0,280.53333333333285,81.45000000000073,0.420256111757858,13410.0,13620.0,12750.0,13560.0,57200.0
2021-09-18,12750.0,13060.0,12060.0,12200.0,11819.2236328125,324800.0,11954.0,11604.4,9810.666666666666,9049.5,61.90476190476191,10357.8,272.2666666666664,78.95000000000073,0.4403778040141677,13410.0,13060.0,12200.0,12750.0,324800.0
2021-09-19,12750.0,13060.0,12060.0,12200.0,11819.2236328125,324800.0,12032.0,11696.0,9856.533333333333,9061.95,61.90476190476191,10426.6,252.79999999999927,72.55000000000109,0.3958810068649885,13410.0,13060.0,12200.0,12750.0,324800.0
2021-09-20,12750.0,13060.0,12060.0,12200.0,11819.2236328125,324800.0,12104.0,11778.8,9903.2,9075.5,62.60623229461756,10495.4,237.6000000000004,67.04999999999927,0.3958810068649885,13410.0,13060.0,12200.0,12750.0,324800.0
2021-09-21,12080.0,12200.0,11880.0,11990.0,11615.77734375,34400.0,12152.0,11845.2,9947.2,9088.75,57.38161559888579,10553.4,228.53333333333467,64.54999999999927,0.3718535469107551,13410.0,13060.0,12200.0,12750.0,324800.0
2021-09-22,12040.0,12420.0,12000.0,12330.0,11945.1650390625,34300.0,12228.0,11925.2,9997.866666666669,9103.7,57.85123966942149,10618.4,233.46666666666715,67.20000000000073,0.4107551487414187,13410.0,12200.0,11990.0,12080.0,34400.0
2021-09-23,12040.0,12420.0,12000.0,12330.0,11945.1650390625,34300.0,12277.0,12005.2,10048.533333333333,9118.65,51.42857142857142,10686.2,237.8666666666668,69.14999999999964,0.4107551487414187,13410.0,12420.0,12330.0,12040.0,34300.0
2021-09-24,12750.0,13060.0,12480.0,12940.0,12536.1279296875,62900.0,12356.5,12097.2,10107.333333333334,9137.85,52.18749999999999,10766.0,250.8000000000011,75.89999999999964,0.4704545454545454,13410.0,12420.0,12330.0,12040.0,34300.0
2021-09-25,12750.0,13060.0,12480.0,12940.0,12536.1279296875,62900.0,12436.0,12184.4,10163.733333333334,9156.45,52.18749999999999,10842.4,260.53333333333285,80.95000000000073,0.475484606613455,13410.0,13060.0,12940.0,12750.0,62900.0
2021-09-26,12750.0,13060.0,12480.0,12940.0,12536.1279296875,62900.0,12517.5,12260.8,10220.0,9175.1,52.18749999999999,10918.8,272.7999999999993,86.35000000000036,0.4839449541284404,13410.0,13060.0,12940.0,12750.0,62900.0
2021-09-27,13000.0,13100.0,12540.0,12610.0,12216.42578125,36000.0,12575.0,12332.8,10270.266666666666,9190.65,48.83040935672514,10988.6,272.39999999999964,86.94999999999891,0.4329545454545453,13410.0,13060.0,12940.0,12750.0,62900.0
2021-09-28,12670.0,12810.0,12150.0,12440.0,12051.7333984375,69000.0,12609.0,12376.4,10319.2,9205.75,34.02061855670104,11055.0,270.6666666666679,87.10000000000036,0.4200913242009132,13410.0,13100.0,12610.0,13000.0,36000.0
2021-09-29,12330.0,12480.0,12080.0,12190.0,11809.5361328125,49300.0,12606.5,12410.0,10363.866666666669,9219.6,30.448717948717945,11114.2,256.53333333333285,81.75,0.3915525114155251,13410.0,12810.0,12440.0,12670.0,69000.0
2021-09-30,12230.0,12520.0,12230.0,12320.0,11935.478515625,23000.0,12582.5,12448.8,10410.266666666666,9234.1,41.6988416988417,11176.8,246.53333333333285,77.64999999999964,0.4063926940639268,13410.0,12480.0,12190.0,12330.0,49300.0
2021-10-01,12060.0,12480.0,12060.0,12230.0,11848.287109375,34600.0,12554.0,12485.6,10455.466666666667,9249.05,50.70422535211267,11237.2,235.46666666666715,73.94999999999891,0.3454345434543455,13410.0,12520.0,12320.0,12230.0,23000.0
2021-10-02,12060.0,12480.0,12060.0,12230.0,11848.287109375,34600.0,12525.5,12516.4,10504.0,9263.2,50.70422535211267,11300.0,233.7333333333336,72.55000000000109,0.3469162995594714,13410.0,12480.0,12230.0,12060.0,34600.0
2021-10-03,12060.0,12480.0,12060.0,12230.0,11848.287109375,34600.0,12502.5,12535.2,10554.133333333331,9278.15,50.70422535211267,11362.8,234.93333333333248,72.39999999999964,0.3680089485458613,13410.0,12480.0,12230.0,12060.0,34600.0
2021-10-04,12360.0,12490.0,12150.0,12190.0,11809.5361328125,18500.0,12443.5,12533.2,10600.133333333331,9292.4,49.76958525345621,11424.8,236.2666666666664,72.79999999999927,0.3620111731843576,13410.0,12480.0,12230.0,12060.0,34600.0
2021-10-05,12150.0,12210.0,11900.0,12020.0,11644.8408203125,24100.0,12374.0,12502.0,10643.866666666669,9304.75,50.70422535211267,11485.0,233.6000000000004,70.64999999999964,0.3179824561403508,12940.0,12490.0,12190.0,12360.0,18500.0
2021-10-06,12020.0,12270.0,11970.0,12010.0,11635.1533203125,17400.0,12337.0,12470.4,10687.466666666667,9317.05,41.11111111111112,11547.4,232.0,68.0,0.3168859649122806,12940.0,12210.0,12020.0,12150.0,24100.0
2021-10-07,12100.0,12480.0,12020.0,12090.0,11712.65625,22000.0,12331.5,12442.0,10732.133333333331,9329.75,43.61702127659574,11609.4,228.1333333333332,66.54999999999927,0.325657894736842,12940.0,12270.0,12010.0,12020.0,17400.0
2021-10-08,12120.0,12460.0,12060.0,12130.0,11751.4091796875,25800.0,12328.0,12419.6,10777.333333333334,9344.25,19.083969465648863,11673.4,223.2000000000008,66.10000000000036,0.3300438596491228,12940.0,12480.0,12090.0,12100.0,22000.0
2021-10-09,12120.0,12460.0,12060.0,12130.0,11751.4091796875,25800.0,12324.5,12370.0,10821.733333333334,9359.05,19.083969465648863,11734.0,221.6000000000004,66.64999999999964,0.314192849404117,12940.0,12460.0,12130.0,12120.0,25800.0
2021-10-10,12120.0,12460.0,12060.0,12130.0,11751.4091796875,25800.0,12321.0,12318.8,10866.533333333333,9374.75,19.083969465648863,11794.6,222.6666666666661,70.0,0.3199129488574537,12940.0,12460.0,12130.0,12120.0,25800.0
2021-10-11,12120.0,12650.0,12120.0,12600.0,12206.7392578125,25000.0,12351.5,12312.8,10918.266666666666,9392.1,49.6551724137931,11864.6,230.79999999999927,75.05000000000109,0.3680781758957654,12940.0,12460.0,12130.0,12120.0,25800.0
2021-10-12,12420.0,12580.0,12370.0,12510.0,12119.548828125,12300.0,12360.5,12325.2,10967.733333333334,9408.45,52.55474452554745,11919.4,235.6000000000004,78.70000000000073,0.3762376237623761,12940.0,12650.0,12600.0,12120.0,25000.0
2021-10-13,12470.0,12740.0,12390.0,12450.0,12061.4208984375,13700.0,12366.5,12335.2,11016.933333333332,9424.5,61.01694915254238,11969.8,239.5999999999985,80.25,0.3696369636963696,12940.0,12580.0,12510.0,12420.0,12300.0
2021-10-14,12450.0,12530.0,12290.0,12470.0,12080.796875,14700.0,12343.0,12346.0,11066.4,9440.65,57.00934579439252,12021.0,244.6666666666661,81.60000000000036,0.3718371837183718,12940.0,12740.0,12450.0,12470.0,13700.0
2021-10-15,12470.0,12600.0,12300.0,12560.0,12167.9873046875,21100.0,12324.0,12360.4,11117.066666666668,9458.3,65.42056074766356,12069.6,250.53333333333467,83.54999999999927,0.3940066592674807,12940.0,12530.0,12470.0,12450.0,14700.0
2021-10-16,12470.0,12600.0,12300.0,12560.0,12167.9873046875,21100.0,12305.0,12383.2,11163.333333333334,9476.5,65.42056074766356,12114.2,245.06666666666752,84.39999999999964,0.4128233970753656,12610.0,12600.0,12560.0,12470.0,21100.0
2021-10-17,12470.0,12600.0,12300.0,12560.0,12167.9873046875,21100.0,12302.5,12392.4,11209.733333333334,9494.75,65.42056074766356,12158.8,242.0,86.29999999999927,0.3971078976640712,12600.0,12600.0,12560.0,12470.0,21100.0
2021-10-18,12660.0,12770.0,12500.0,12560.0,12167.9873046875,20400.0,12308.5,12401.6,11258.0,9512.9,67.96116504854369,12203.4,241.06666666666752,88.39999999999964,0.4064949608062709,12600.0,12600.0,12560.0,12470.0,21100.0
2021-10-19,12650.0,12730.0,12520.0,12620.0,12226.1142578125,9600.0,12330.0,12388.8,11306.933333333332,9531.1,82.6086956521739,12243.0,240.53333333333285,90.45000000000071,0.3868131868131867,12620.0,12770.0,12560.0,12660.0,20400.0
2021-10-20,12580.0,12700.0,12390.0,12490.0,12100.171875,19100.0,12338.5,12370.8,11351.866666666669,9548.65,73.07692307692308,12277.6,234.79999999999927,90.35000000000036,0.3725274725274725,12620.0,12730.0,12620.0,12650.0,9600.0
2021-10-21,12490.0,12490.0,12200.0,12220.0,11838.599609375,11500.0,12338.0,12342.0,11393.2,9564.85,55.28455284552845,12301.4,229.8666666666668,88.35000000000036,0.3428571428571427,12620.0,12700.0,12490.0,12580.0,19100.0
2021-10-22,12220.0,12230.0,11990.0,12080.0,11702.9697265625,22600.0,12330.5,12320.8,11432.666666666666,9580.6,48.1203007518797,12326.8,222.93333333333248,85.85000000000036,0.2364380757420676,12620.0,12490.0,12220.0,12490.0,11500.0
2021-10-23,12220.0,12230.0,11990.0,12080.0,11702.9697265625,22600.0,12323.0,12306.4,11472.133333333331,9597.8,48.1203007518797,12341.4,214.1333333333332,84.89999999999964,0.2165156092648539,12620.0,12230.0,12080.0,12220.0,22600.0
2021-10-24,12220.0,12230.0,11990.0,12080.0,11702.9697265625,22600.0,12317.5,12302.0,11510.133333333331,9614.95,48.1203007518797,12356.0,203.2000000000008,83.85000000000036,0.2189707366296669,12620.0,12230.0,12080.0,12220.0,22600.0
2021-10-25,12070.0,12070.0,11850.0,11870.0,11499.5224609375,25900.0,12310.0,12284.0,11545.866666666669,9631.5,15.887850467289724,12366.4,194.0,82.85000000000036,0.1717670286278381,12620.0,12230.0,12080.0,12220.0,22600.0
2021-10-26,11970.0,11970.0,10910.0,10980.0,10637.30078125,56400.0,12258.5,12234.0,11569.466666666667,9643.6,9.090909090909092,12359.8,176.26666666666642,78.75,0.0629235237173282,12620.0,12070.0,11870.0,12070.0,25900.0
2021-10-27,10980.0,11020.0,10660.0,10720.0,10385.4150390625,23100.0,12190.0,12173.6,11591.2,9654.4,8.212560386473442,12345.0,158.53333333333467,73.79999999999927,0.0377541142303969,12620.0,11970.0,10980.0,11970.0,56400.0
2021-10-28,10720.0,10960.0,10720.0,10800.0,10462.9189453125,26600.0,12123.5,12116.4,11614.0,9665.6,10.798122065727696,12325.8,141.8666666666668,67.80000000000109,0.0454985479186833,12620.0,11020.0,10720.0,10980.0,23100.0
2021-10-29,10800.0,10860.0,10670.0,10780.0,10443.54296875,16700.0,12056.0,12060.0,11636.533333333333,9676.7,6.796116504854382,12296.6,126.39999999999964,61.75,0.013157894736842,12620.0,10960.0,10800.0,10720.0,26600.0
2021-10-30,10800.0,10860.0,10670.0,10780.0,10443.54296875,16700.0,11988.5,12010.4,11660.133333333331,9687.15,6.796116504854382,12256.2,114.26666666666642,55.64999999999964,0.0018587360594795,12620.0,10860.0,10780.0,10800.0,16700.0
2021-10-31,10800.0,10860.0,10670.0,10780.0,10443.54296875,16700.0,11897.5,11961.2,11685.333333333334,9697.35,6.796116504854382,12215.8,115.8666666666668,53.75,-0.0226654578422483,12620.0,10860.0,10780.0,10800.0,16700.0
2021-11-01,10940.0,11140.0,10770.0,11140.0,10792.3076171875,22100.0,11829.0,11923.2,11714.0,9708.75,20.6611570247934,12182.6,122.79999999999929,54.35000000000037,0.0305272895467159,12620.0,10860.0,10780.0,10800.0,16700.0
2021-11-02,11150.0,11350.0,11100.0,11200.0,10850.4345703125,19600.0,11766.5,11886.0,11744.266666666666,9721.15,20.6611570247934,12152.8,130.26666666666642,55.54999999999927,-0.0132158590308369,12620.0,11140.0,11140.0,10940.0,22100.0
2021-11-03,11150.0,11350.0,11100.0,11200.0,10850.4345703125,19600.0,11703.0,11848.8,11772.266666666666,9733.55,21.834061135371183,12109.4,135.73333333333358,56.84999999999855,-0.0132158590308369,12620.0,11350.0,11200.0,11150.0,19600.0
2021-11-04,11460.0,11620.0,11390.0,11520.0,11160.447265625,19800.0,11651.0,11824.4,11804.533333333333,9747.55,35.042735042735046,12071.6,144.39999999999964,60.39999999999964,0.014977973568282,12620.0,11350.0,11200.0,11150.0,19600.0
2021-11-05,11510.0,11590.0,11240.0,11280.0,10927.9375,20500.0,11587.0,11771.6,11833.6,9760.65,33.606557377049185,12042.2,148.26666666666642,63.29999999999927,-0.0026525198938992,12620.0,11620.0,11520.0,11460.0,19800.0
2021-11-06,11510.0,11590.0,11240.0,11280.0,10927.9375,20500.0,11523.0,11722.4,11853.733333333334,9774.15,33.606557377049185,12023.8,139.73333333333358,65.39999999999964,-0.0157068062827224,12620.0,11590.0,11280.0,11510.0,20500.0
2021-11-07,11510.0,11590.0,11240.0,11280.0,10927.9375,20500.0,11459.0,11675.6,11871.733333333334,9789.35,33.606557377049185,12005.4,127.46666666666717,68.20000000000073,-0.0408163265306122,12620.0,11590.0,11280.0,11510.0,20500.0
2021-11-08,11290.0,11490.0,11090.0,11130.0,10782.6201171875,9300.0,11384.5,11622.0,11888.0,9803.35,34.45378151260503,11984.0,115.73333333333358,69.80000000000109,-0.0906862745098039,12490.0,11590.0,11280.0,11510.0,20500.0
2021-11-09,11210.0,11400.0,11070.0,11150.0,10801.99609375,11300.0,11317.5,11565.6,11901.6,9817.7,55.629139072847686,11963.0,97.06666666666752,70.15000000000146,-0.12890625,12220.0,11490.0,11130.0,11290.0,9300.0
2021-11-10,11090.0,11290.0,10730.0,10850.0,10511.3583984375,20500.0,11249.0,11497.2,11908.533333333333,9830.55,54.193548387096776,11940.2,74.93333333333248,69.89999999999964,-0.15234375,12080.0,11400.0,11150.0,11210.0,11300.0
2021-11-11,10870.0,10920.0,10700.0,10800.0,10462.9189453125,11400.0,11185.0,11426.8,11914.8,9843.15,50.0,11909.6,61.0666666666657,69.0,-0.15625,12080.0,11290.0,10850.0,11090.0,20500.0
2021-11-12,10800.0,11290.0,10800.0,11160.0,10811.68359375,46500.0,11139.0,11370.8,11925.866666666669,9857.8,60.215053763440864,11886.2,54.13333333333321,68.44999999999891,-0.1205673758865247,12080.0,10920.0,10800.0,10870.0,11400.0
2021-11-13,10800.0,11290.0,10800.0,11160.0,10811.68359375,46500.0,11093.0,11312.4,11932.8,9872.25,60.215053763440864,11850.6,44.79999999999927,68.89999999999964,-0.1652954375467464,11870.0,11290.0,11160.0,10800.0,46500.0
2021-11-14,10800.0,11290.0,10800.0,11160.0,10811.68359375,46500.0,11057.5,11259.2,11938.133333333331,9886.9,60.215053763440864,11815.0,36.53333333333285,69.19999999999891,-0.1677852348993288,11520.0,11290.0,11160.0,10800.0,46500.0
2021-11-15,11280.0,11500.0,11190.0,11460.0,11102.3212890625,20800.0,11081.5,11228.8,11943.866666666669,9903.05,58.88888888888889,11785.4,35.33333333333394,72.5,-0.1011764705882353,11520.0,11290.0,11160.0,10800.0,46500.0
2021-11-16,11570.0,11920.0,11410.0,11820.0,11451.083984375,18800.0,11136.5,11218.4,11957.333333333334,9920.8,64.76190476190476,11769.6,42.53333333333467,77.64999999999964,-0.0311475409836065,11820.0,11500.0,11460.0,11280.0,20800.0
2021-11-17,11930.0,11930.0,11600.0,11750.0,11383.2685546875,24300.0,11184.0,11205.2,11962.666666666666,9938.2,62.67281105990784,11755.8,36.79999999999927,80.40000000000146,-0.0368852459016393,11820.0,11920.0,11820.0,11570.0,18800.0
2021-11-18,11970.0,12070.0,11720.0,11720.0,11354.205078125,31600.0,11231.0,11190.8,11967.6,9955.45,55.319148936170215,11746.4,34.80000000000109,83.20000000000073,-0.0393442622950819,11820.0,11930.0,11750.0,11930.0,24300.0
2021-11-19,11800.0,11870.0,11540.0,11760.0,11392.9560546875,31800.0,11280.0,11186.4,11973.066666666668,9972.9,64.28571428571428,11735.2,34.9333333333343,86.0,-0.0360655737704918,11820.0,12070.0,11720.0,11970.0,31600.0
2021-11-20,11800.0,11870.0,11540.0,11760.0,11392.9560546875,31800.0,11329.0,11217.6,11979.066666666668,9990.35,64.28571428571428,11725.8,35.20000000000073,87.30000000000109,-0.0191826522101751,11820.0,11870.0,11760.0,11800.0,31800.0
2021-11-21,11800.0,11870.0,11540.0,11760.0,11392.9560546875,31800.0,11360.0,11259.2,11983.066666666668,10007.8,64.28571428571428,11716.4,25.733333333333576,87.0,-0.0462287104622871,11820.0,11870.0,11760.0,11800.0,31800.0
2021-11-22,11980.0,12060.0,11680.0,11820.0,11451.083984375,24000.0,11391.0,11300.0,11983.866666666669,10025.35,71.69811320754717,11708.2,21.200000000000728,87.14999999999964,-0.0413625304136252,11820.0,11870.0,11760.0,11800.0,31800.0
2021-11-23,11980.0,12060.0,11680.0,11820.0,11451.083984375,24000.0,11422.0,11341.6,11978.266666666666,10043.5,71.3375796178344,11700.8,10.66666666666606,88.04999999999927,-0.0865533230293663,11820.0,12060.0,11820.0,11980.0,24000.0
2021-11-24,11940.0,12070.0,11650.0,11790.0,11422.01953125,39700.0,11435.5,11382.0,11964.8,10061.5,86.15384615384616,11696.2,-8.266666666668243,88.60000000000036,-0.08887171561051,11820.0,12060.0,11820.0,11980.0,24000.0
2021-11-25,11850.0,11890.0,11740.0,11790.0,11422.01953125,27600.0,11461.0,11422.4,11951.333333333334,10079.5,89.6,11691.8,-27.733333333333576,89.14999999999964,-0.08887171561051,11820.0,12070.0,11790.0,11940.0,39700.0
2021-11-26,11920.0,12010.0,11630.0,11700.0,11334.830078125,40100.0,11482.0,11444.8,11936.666666666666,10096.75,77.55102040816327,11684.0,-46.400000000001455,88.95000000000073,-0.0721649484536082,11820.0,11890.0,11790.0,11850.0,27600.0
2021-11-27,11920.0,12010.0,11630.0,11700.0,11334.830078125,40100.0,11503.0,11464.8,11923.466666666667,10114.4,77.55102040816327,11675.4,-60.39999999999964,89.04999999999927,-0.0594855305466237,11820.0,12010.0,11700.0,11920.0,40100.0
2021-11-28,11920.0,12010.0,11630.0,11700.0,11334.830078125,40100.0,11531.5,11484.8,11901.2,10132.35,77.55102040816327,11666.8,-77.0666666666657,88.85000000000036,-0.04019688269073,11820.0,12010.0,11700.0,11920.0,40100.0
2021-11-29,11400.0,11490.0,11270.0,11350.0,10995.7529296875,36700.0,11541.5,11478.0,11873.733333333334,10149.65,44.66019417475728,11651.2,-91.0666666666657,88.14999999999964,-0.0787337662337662,11820.0,12010.0,11700.0,11920.0,40100.0
2021-11-30,11600.0,11960.0,11420.0,11420.0,11063.568359375,323700.0,11570.0,11483.6,11856.0,10165.45,22.97297297297297,11627.6,-95.33333333333394,85.95000000000073,-0.0662305805396565,11820.0,11490.0,11350.0,11400.0,36700.0
2021-12-01,11370.0,11480.0,10750.0,10780.0,10443.54296875,65900.0,11569.0,11463.6,11837.066666666668,10178.05,12.977099236641225,11593.0,-99.59999999999854,81.29999999999927,-0.1185609157808667,11820.0,11960.0,11420.0,11600.0,323700.0
2021-12-02,10570.0,10980.0,10550.0,10760.0,10424.1669921875,25300.0,11549.0,11442.8,11817.866666666669,10190.55,13.07692307692308,11559.2,-105.60000000000036,76.14999999999964,-0.1201962387571545,11820.0,11480.0,10780.0,11370.0,65900.0
2021-12-03,10760.0,11250.0,10760.0,11140.0,10792.3076171875,22000.0,11548.0,11443.2,11803.733333333334,10205.0,31.09756097560976,11532.6,-97.46666666666717,72.64999999999964,-0.0861361771944216,11820.0,10980.0,10760.0,10570.0,25300.0
2021-12-04,10760.0,11250.0,10760.0,11140.0,10792.3076171875,22000.0,11547.0,11442.8,11789.6,10219.7,31.09756097560976,11504.2,-84.13333333333321,70.05000000000109,-0.0732113144758735,11820.0,11250.0,11140.0,10760.0,22000.0
2021-12-05,10760.0,11250.0,10760.0,11140.0,10792.3076171875,22000.0,11531.0,11454.4,11778.266666666666,10234.65,31.09756097560976,11475.8,-77.73333333333358,69.19999999999891,-0.0724396336386344,11820.0,11250.0,11140.0,10760.0,22000.0
2021-12-06,11160.0,11160.0,10880.0,10890.0,10550.111328125,13300.0,11484.5,11458.0,11759.066666666668,10247.95,24.59016393442623,11442.4,-78.0,69.90000000000146,-0.0992555831265509,11820.0,11250.0,11140.0,10760.0,22000.0
2021-12-07,11090.0,11460.0,10830.0,11430.0,11073.2568359375,27800.0,11468.5,11468.8,11747.066666666668,10263.85,41.77215189873418,11419.8,-70.79999999999927,73.30000000000109,-0.0577081615828524,11820.0,11160.0,10890.0,11160.0,13300.0
2021-12-08,11430.0,11700.0,11400.0,11680.0,11315.453125,15700.0,11466.5,11489.6,11730.266666666666,10281.0,47.87644787644788,11401.0,-73.46666666666715,76.0,-0.0370981038746908,11820.0,11460.0,11430.0,11090.0,27800.0
2021-12-09,11720.0,11790.0,11560.0,11690.0,11325.140625,13100.0,11463.0,11510.8,11713.6,10298.2,48.07692307692308,11385.0,-76.0,78.5,-0.0362737015663643,11820.0,11700.0,11680.0,11430.0,15700.0
2021-12-10,11800.0,11810.0,11500.0,11610.0,11247.6376953125,14200.0,11455.5,11516.8,11695.866666666669,10314.25,48.262548262548265,11372.8,-82.39999999999964,79.60000000000036,-0.0785714285714286,11820.0,11790.0,11690.0,11720.0,13100.0
2021-12-11,11800.0,11810.0,11500.0,11610.0,11247.6376953125,14200.0,11448.0,11508.4,11682.533333333333,10330.55,48.262548262548265,11363.4,-76.53333333333467,82.59999999999854,-0.0719424460431654,11820.0,11810.0,11610.0,11800.0,14200.0
2021-12-12,11800.0,11810.0,11500.0,11610.0,11247.6376953125,14200.0,11437.5,11502.8,11671.466666666667,10347.25,48.262548262548265,11354.0,-75.60000000000036,83.39999999999964,-0.0674698795180722,11820.0,11810.0,11610.0,11800.0,14200.0
2021-12-13,11700.0,11960.0,11550.0,11690.0,11325.140625,14400.0,11431.0,11501.6,11664.8,10364.05,57.32758620689655,11346.2,-65.46666666666715,83.04999999999927,-0.0625501202886928,11790.0,11810.0,11610.0,11800.0,14200.0
2021-12-14,11640.0,11700.0,11410.0,11560.0,11199.197265625,12500.0,11419.5,11493.6,11654.666666666666,10379.4,52.94117647058823,11340.0,-58.9333333333343,81.19999999999891,-0.0796178343949044,11790.0,11960.0,11690.0,11700.0,14400.0
2021-12-15,11410.0,11860.0,11410.0,11840.0,11470.458984375,18200.0,11422.0,11496.8,11649.466666666667,10396.15,76.23762376237624,11357.2,-46.39999999999964,81.89999999999964,-0.0573248407643312,11840.0,11700.0,11560.0,11640.0,12500.0
2021-12-16,11920.0,12130.0,11580.0,11940.0,11567.3388671875,24100.0,11434.0,11504.0,11645.6,10413.4,78.0952380952381,11381.6,-36.93333333333248,82.85000000000036,-0.0493630573248408,11940.0,11860.0,11840.0,11410.0,18200.0
2021-12-17,11870.0,11910.0,11470.0,11530.0,11170.1337890625,21800.0,11425.5,11492.4,11636.266666666666,10429.25,59.15492957746479,11396.2,-35.20000000000073,82.0,-0.0820063694267515,11940.0,12130.0,11940.0,11920.0,24100.0
2021-12-18,11870.0,11910.0,11470.0,11530.0,11170.1337890625,21800.0,11417.0,11480.8,11627.466666666667,10445.2,59.15492957746479,11411.2,-37.33333333333212,81.15000000000146,-0.0863708399366085,11940.0,11910.0,11530.0,11870.0,21800.0
2021-12-19,11870.0,11910.0,11470.0,11530.0,11170.1337890625,21800.0,11426.0,11470.4,11620.933333333332,10461.2,59.15492957746479,11426.2,-33.733333333333576,81.80000000000109,-0.076861489191353,11940.0,11910.0,11530.0,11870.0,21800.0
2021-12-20,11370.0,11580.0,11330.0,11330.0,10976.3779296875,13200.0,11421.5,11452.0,11611.866666666669,10476.0,60.57692307692308,11437.2,-37.60000000000037,79.85000000000036,-0.0728314238952536,11940.0,11910.0,11530.0,11870.0,21800.0
2021-12-21,11480.0,11560.0,11160.0,11200.0,10850.4345703125,15900.0,11442.5,11432.0,11600.0,10490.75,43.11377245508982,11438.4,-45.60000000000037,77.35000000000036,-0.0728476821192053,11940.0,11580.0,11330.0,11370.0,13200.0
2021-12-22,11320.0,11320.0,10860.0,10920.0,10579.1748046875,9400.0,11450.5,11400.8,11583.866666666669,10504.1,27.64705882352941,11432.8,-52.39999999999964,74.85000000000036,-0.0960264900662252,11940.0,11560.0,11200.0,11480.0,15900.0
2021-12-23,10990.0,11100.0,10760.0,10940.0,10598.548828125,12500.0,11440.5,11370.4,11568.0,10517.55,28.070175438596493,11427.6,-59.46666666666715,72.34999999999854,-0.0943708609271523,11940.0,11320.0,10920.0,11320.0,9400.0
2021-12-24,10860.0,11030.0,10840.0,10940.0,10598.548828125,5400.0,11430.5,11354.0,11552.133333333331,10531.8,29.4478527607362,11416.0,-68.79999999999927,70.59999999999854,-0.0783487784330244,11940.0,11100.0,10940.0,10990.0,12500.0
2021-12-25,10860.0,11030.0,10840.0,10940.0,10598.548828125,5400.0,11420.5,11334.8,11530.0,10546.25,29.4478527607362,11409.2,-81.86666666666679,70.25,-0.0036429872495445,11940.0,11030.0,10940.0,10860.0,5400.0
2021-12-26,10860.0,11030.0,10840.0,10940.0,10598.548828125,5400.0,11423.0,11341.2,11509.066666666668,10561.0,29.4478527607362,11402.4,-90.93333333333248,70.25,0.0205223880597014,11940.0,11030.0,10940.0,10860.0,5400.0
2021-12-27,11100.0,11100.0,10660.0,10720.0,10385.4150390625,10900.0,11387.5,11339.6,11486.0,10574.5,22.598870056497177,11391.2,-97.8666666666668,70.39999999999964,-0.0074074074074074,11940.0,11030.0,10940.0,10860.0,5400.0
2021-12-28,10720.0,11210.0,10720.0,11190.0,10840.7470703125,14700.0,11363.0,11341.6,11468.933333333332,10590.5,41.23222748815166,11392.4,-99.06666666666752,72.95000000000073,0.0380333951762523,11940.0,11100.0,10720.0,11100.0,10900.0
2021-12-29,11140.0,11360.0,10940.0,11130.0,10782.6201171875,19900.0,11335.0,11341.2,11449.866666666669,10606.2,31.21693121693121,11392.0,-102.26666666666642,74.40000000000146,0.0324675324675325,11940.0,11210.0,11190.0,10720.0,14700.0
2021-12-30,11140.0,11520.0,11080.0,11400.0,11044.1923828125,22100.0,11324.5,11351.6,11434.4,10623.25,36.89320388349514,11403.0,-95.60000000000036,77.0,0.0575139146567718,11940.0,11360.0,11130.0,11140.0,19900.0
2021-12-31,11140.0,11520.0,11080.0,11400.0,11044.1923828125,22100.0,11314.0,11372.0,11418.933333333332,10640.1,46.060606060606055,11415.0,-90.13333333333505,79.10000000000036,0.0233393177737881,11940.0,11520.0,11400.0,11140.0,22100.0
2022-01-01,11140.0,11520.0,11080.0,11400.0,11044.1923828125,22100.0,11303.5,11370.8,11403.466666666667,10656.25,46.060606060606055,11419.8,-82.53333333333285,81.75,0.0178571428571427,11940.0,11520.0,11400.0,11140.0,22100.0
2022-01-02,11140.0,11520.0,11080.0,11400.0,11044.1923828125,22100.0,11289.0,11359.6,11387.2,10672.6,46.060606060606055,11424.6,-81.73333333333176,82.10000000000036,0.0178571428571427,11940.0,11520.0,11400.0,11140.0,22100.0
2022-01-03,11140.0,11520.0,11080.0,11400.0,11044.1923828125,22100.0,11281.0,11348.0,11372.666666666666,10689.2,52.41379310344828,11429.4,-77.20000000000073,83.0,-0.0104166666666666,11940.0,11520.0,11400.0,11140.0,22100.0
2022-01-04,11480.0,11480.0,11160.0,11160.0,10811.68359375,10800.0,11247.0,11330.0,11358.533333333333,10704.4,48.71794871794872,11423.4,-75.86666666666679,81.14999999999964,-0.0106382978723403,11940.0,11520.0,11400.0,11140.0,22100.0
2022-01-05,11160.0,11160.0,10890.0,11030.0,10685.740234375,17200.0,11201.5,11306.8,11344.533333333333,10718.95,53.90070921985815,11407.6,-74.39999999999964,78.85000000000036,-0.0221631205673759,11530.0,11480.0,11160.0,11480.0,10800.0
2022-01-06,10800.0,10980.0,10700.0,10700.0,10366.0400390625,9500.0,11160.0,11270.4,11326.133333333331,10731.85,43.02325581395349,11386.6,-77.33333333333394,75.60000000000036,-0.0514184397163121,11530.0,11160.0,11030.0,11160.0,17200.0
2022-01-07,10730.0,10850.0,10520.0,10640.0,10307.9130859375,11300.0,11115.5,11228.4,11306.933333333332,10744.95,41.57303370786517,11365.0,-80.26666666666824,72.35000000000036,-0.0440251572327043,11530.0,10980.0,10700.0,10800.0,9500.0
2022-01-08,10730.0,10850.0,10520.0,10640.0,10307.9130859375,11300.0,11071.0,11191.6,11290.533333333333,10755.95,41.57303370786517,11342.6,-82.13333333333321,66.75,-0.0457399103139013,11400.0,10850.0,10640.0,10730.0,11300.0
2022-01-09,10730.0,10850.0,10520.0,10640.0,10307.9130859375,11300.0,11036.5,11143.6,11286.0,10766.15,41.57303370786517,11320.2,-72.53333333333285,61.75,-0.0193548387096774,11400.0,10850.0,10640.0,10730.0,11300.0
2022-01-10,10730.0,10850.0,10520.0,10640.0,10307.9130859375,11300.0,11008.5,11091.6,11284.933333333332,10776.7,47.43589743589743,11297.8,-59.60000000000037,57.75,-0.0148148148148148,11400.0,10850.0,10640.0,10730.0,11300.0
2022-01-11,10650.0,10650.0,10230.0,10480.0,10152.90625,14500.0,10986.5,11049.6,11280.666666666666,10786.5,21.599999999999994,11271.0,-45.46666666666715,54.64999999999964,-0.060931899641577,11400.0,10850.0,10640.0,10730.0,11300.0
2022-01-12,10660.0,10930.0,10650.0,10840.0,10501.671875,9000.0,10981.5,11022.0,11281.466666666667,10798.1,40.64516129032258,11251.4,-25.466666666665333,53.14999999999964,-0.028673835125448,11400.0,10650.0,10480.0,10650.0,14500.0
2022-01-13,10850.0,10850.0,10500.0,10540.0,10211.0341796875,15500.0,10961.5,10982.4,11278.266666666666,10808.2,22.78481012658229,11226.4,-12.266666666666424,52.25,-0.0555555555555555,11400.0,10930.0,10840.0,10660.0,9000.0
2022-01-14,10520.0,10520.0,10200.0,10260.0,9939.7724609375,22200.0,10927.5,10939.6,11271.333333333334,10816.15,19.354838709677423,11195.8,-14.66666666666606,50.0,-0.1047120418848167,11400.0,10850.0,10540.0,10850.0,15500.0
2022-01-15,10520.0,10520.0,10200.0,10260.0,9939.7724609375,22200.0,10893.5,10902.0,11259.6,10824.45,19.354838709677423,11167.0,-25.33333333333212,47.75,-0.131979695431472,11400.0,10520.0,10260.0,10520.0,22200.0
2022-01-16,10520.0,10520.0,10200.0,10260.0,9939.7724609375,22200.0,10870.5,10875.6,11247.066666666668,10832.75,19.354838709677423,11138.2,-33.599999999998545,46.25,-0.1268085106382979,11400.0,10520.0,10260.0,10520.0,22200.0
2022-01-17,10450.0,10600.0,10360.0,10400.0,10075.404296875,7600.0,10831.0,10854.0,11236.4,10842.4,25.00000000000001,11112.2,-45.06666666666752,44.29999999999927,-0.1126279863481228,11400.0,10520.0,10260.0,10520.0,22200.0
2022-01-18,10400.0,10590.0,10290.0,10300.0,9978.525390625,9900.0,10789.5,10828.4,11220.133333333331,10850.05,26.88172043010753,11091.2,-58.13333333333321,41.84999999999855,-0.1241496598639455,11400.0,10600.0,10400.0,10450.0,7600.0
2022-01-19,10160.0,10230.0,9990.0,10000.0,9687.888671875,16100.0,10719.5,10790.8,11203.066666666668,10856.2,24.63054187192118,11062.8,-68.26666666666642,40.05000000000109,-0.1496598639455783,11400.0,10590.0,10300.0,10400.0,9900.0
2022-01-20,9950.0,10280.0,9950.0,10200.0,9881.6455078125,10700.0,10659.5,10761.2,11188.666666666666,10863.35,36.8421052631579,11051.2,-70.9333333333343,38.89999999999964,-0.1326530612244898,11400.0,10230.0,10000.0,10160.0,16100.0
2022-01-21,10150.0,10220.0,10070.0,10140.0,9823.5185546875,16800.0,10596.5,10738.0,11173.466666666667,10870.4,36.8421052631579,11038.8,-73.60000000000036,37.64999999999964,-0.1421319796954314,11400.0,10280.0,10200.0,9950.0,10700.0
2022-01-22,10150.0,10220.0,10070.0,10140.0,9823.5185546875,16800.0,10533.5,10696.0,11160.266666666666,10877.3,36.8421052631579,11018.8,-76.13333333333321,34.89999999999964,-0.1421319796954314,11400.0,10220.0,10140.0,10150.0,16800.0
2022-01-23,10150.0,10220.0,10070.0,10140.0,9823.5185546875,16800.0,10470.5,10656.4,11146.8,10884.5,36.8421052631579,10998.8,-73.33333333333394,34.45000000000073,-0.1399491094147582,11160.0,10220.0,10140.0,10150.0,16800.0
2022-01-24,10050.0,10260.0,10020.0,10160.0,9842.8935546875,13800.0,10420.5,10606.8,11137.6,10891.85,37.5,10979.2,-65.46666666666715,35.64999999999964,-0.1382527565733672,11030.0,10220.0,10140.0,10150.0,16800.0
2022-01-25,10250.0,10250.0,9720.0,9720.0,9416.626953125,19000.0,10355.0,10539.6,11123.2,10897.8,32.72727272727272,10955.8,-65.46666666666533,34.44999999999891,-0.1692307692307691,10840.0,10260.0,10160.0,10050.0,13800.0
2022-01-26,9620.0,9740.0,9500.0,9500.0,9203.494140625,13100.0,10295.0,10463.6,11101.066666666668,10902.65,17.475728155339795,10917.2,-72.39999999999964,32.25,-0.188034188034188,10840.0,10250.0,9720.0,10250.0,19000.0
2022-01-27,9480.0,9480.0,8980.0,9080.0,8796.6025390625,22300.0,10217.0,10370.8,11073.333333333334,10905.4,16.513761467889907,10865.2,-86.93333333333248,28.100000000000364,-0.2239316239316239,10840.0,9740.0,9500.0,9620.0,13100.0
2022-01-28,9190.0,9710.0,9130.0,9640.0,9339.123046875,38100.0,10167.0,10300.4,11053.066666666668,10910.05,37.39837398373984,10824.2,-93.73333333333176,25.549999999999272,-0.1506607929515419,10840.0,9480.0,9080.0,9480.0,22300.0
2022-01-29,9190.0,9710.0,9130.0,9640.0,9339.123046875,38100.0,10117.0,10239.6,11028.8,10914.65,37.39837398373984,10784.8,-108.80000000000108,22.799999999999272,-0.1558669001751313,10840.0,9710.0,9640.0,9190.0,38100.0
2022-01-30,9190.0,9710.0,9130.0,9640.0,9339.123046875,38100.0,10067.0,10184.0,10999.733333333334,10918.65,37.39837398373984,10745.4,-123.46666666666717,20.850000000000364,-0.1057513914656771,10840.0,9710.0,9640.0,9190.0,38100.0
2022-01-31,9620.0,9810.0,9570.0,9650.0,9348.8125,15000.0,10025.5,10142.0,10971.733333333334,10923.05,33.90557939914163,10706.2,-129.33333333333394,20.39999999999964,-0.1031598513011152,10840.0,9710.0,9640.0,9190.0,38100.0
2022-02-01,9730.0,9850.0,9510.0,9510.0,9213.1806640625,11800.0,9959.0,10096.8,10942.266666666666,10926.4,33.33333333333333,10662.6,-131.06666666666752,21.0,-0.1463195691202872,10540.0,9810.0,9650.0,9620.0,15000.0
2022-02-02,9540.0,9970.0,9540.0,9970.0,9658.8251953125,8600.0,9930.5,10070.0,10918.4,10932.05,49.40711462450593,10630.8,-134.66666666666788,22.0,-0.1050269299820466,10400.0,9850.0,9510.0,9730.0,11800.0
2022-02-03,9950.0,9950.0,9660.0,9720.0,9416.626953125,14000.0,9903.5,10033.2,10891.2,10936.45,40.69767441860465,10588.4,-137.59999999999854,21.80000000000109,-0.1274685816876122,10400.0,9970.0,9970.0,9540.0,8600.0
2022-02-04,9710.0,9810.0,9580.0,9710.0,9406.939453125,19800.0,9876.0,9996.0,10863.866666666669,10942.05,41.50197628458498,10543.8,-135.8666666666668,23.39999999999964,-0.108356290174472,10400.0,9950.0,9720.0,9950.0,14000.0
2022-02-05,9710.0,9810.0,9580.0,9710.0,9406.939453125,19800.0,9848.5,9965.2,10835.733333333334,10948.25,41.50197628458498,10507.4,-136.0,25.200000000000728,-0.1504811898512685,10400.0,9810.0,9710.0,9710.0,19800.0
2022-02-06,9710.0,9810.0,9580.0,9710.0,9406.939453125,19800.0,9814.0,9920.0,10807.6,10953.1,41.50197628458498,10471.0,-134.66666666666606,26.700000000000728,-0.1686643835616438,10300.0,9810.0,9710.0,9710.0,19800.0
2022-02-07,9610.0,9630.0,9430.0,9480.0,9184.1171875,15400.0,9773.0,9877.6,10776.8,10956.8,37.59124087591241,10430.0,-141.60000000000036,24.75,-0.1890504704875962,10200.0,9810.0,9710.0,9710.0,19800.0
2022-02-08,9480.0,9610.0,9480.0,9500.0,9203.494140625,5300.0,9748.0,9847.2,10746.266666666666,10960.6,45.25862068965517,10393.4,-144.9333333333343,24.14999999999964,-0.181739879414298,10200.0,9630.0,9480.0,9610.0,15400.0
2022-02-09,9720.0,9980.0,9640.0,9970.0,9658.8251953125,12900.0,9736.5,9835.6,10723.2,10966.75,59.14396887159533,10368.8,-140.66666666666606,24.700000000000728,-0.1412575366063738,10160.0,9610.0,9500.0,9480.0,5300.0
2022-02-10,10000.0,10150.0,9960.0,10070.0,9755.703125,28300.0,9733.0,9828.0,10701.466666666667,10973.4,72.0,10351.8,-134.26666666666642,25.14999999999964,-0.1326442721791558,10160.0,9980.0,9970.0,9720.0,12900.0
2022-02-11,10000.0,10150.0,9960.0,10070.0,9755.703125,28300.0,9729.5,9814.8,10679.733333333334,10979.75,62.721893491124256,10334.4,-127.8666666666668,26.64999999999964,-0.1385799828913601,10160.0,10150.0,10070.0,10000.0,28300.0
2022-02-12,10000.0,10150.0,9960.0,10070.0,9755.703125,28300.0,9726.0,9805.6,10662.666666666666,10986.25,62.721893491124256,10317.0,-114.1333333333332,29.450000000000728,-0.1288927335640138,10160.0,10150.0,10070.0,10000.0,28300.0
2022-02-13,10000.0,10150.0,9960.0,10070.0,9755.703125,28300.0,9721.5,9808.4,10644.666666666666,10993.0,62.721893491124256,10299.6,-101.60000000000036,32.39999999999964,-0.1494932432432432,10070.0,10150.0,10070.0,10000.0,28300.0
2022-02-14,9840.0,9990.0,9810.0,9810.0,9503.8193359375,13300.0,9726.0,9792.8,10631.733333333334,10998.05,54.123711340206185,10277.0,-91.46666666666717,31.299999999999272,-0.178391959798995,10070.0,10150.0,10070.0,10000.0,28300.0
2022-02-15,9950.0,9980.0,9770.0,9840.0,9532.8828125,12000.0,9743.0,9780.8,10619.466666666667,11003.45,59.01639344262295,10259.4,-82.0,30.05000000000109,-0.1465741543798785,10070.0,9990.0,9810.0,9840.0,13300.0
2022-02-16,9920.0,10120.0,9920.0,9990.0,9678.2001953125,11800.0,9788.5,9774.8,10604.133333333331,11009.6,50.657894736842096,10235.4,-75.60000000000036,29.850000000000364,-0.1335646140503035,10070.0,9980.0,9840.0,9950.0,12000.0
2022-02-17,9950.0,9950.0,9660.0,9660.0,9358.5,16300.0,9789.5,9755.6,10584.4,11014.1,48.125,10206.0,-78.26666666666642,27.850000000000364,-0.1621856027753686,10070.0,10120.0,9990.0,9920.0,11800.0
2022-02-18,9650.0,9710.0,9520.0,9690.0,9387.5634765625,42300.0,9792.0,9736.8,10565.066666666668,11017.1,49.38271604938272,10171.8,-79.59999999999854,24.100000000000364,-0.144748455428067,10070.0,9950.0,9660.0,9950.0,16300.0
2022-02-19,9650.0,9710.0,9520.0,9690.0,9387.5634765625,42300.0,9794.5,9735.6,10549.066666666668,11020.15,49.38271604938272,10137.6,-82.66666666666606,22.100000000000364,-0.1348214285714285,10070.0,9710.0,9690.0,9650.0,42300.0
2022-02-20,9650.0,9710.0,9520.0,9690.0,9387.5634765625,42300.0,9796.5,9743.2,10525.866666666669,11023.9,49.38271604938272,10103.4,-93.60000000000036,20.44999999999891,-0.1126373626373626,10070.0,9710.0,9690.0,9650.0,42300.0
2022-02-21,9620.0,9790.0,9510.0,9680.0,9377.8759765625,15200.0,9805.0,9767.2,10499.2,11027.55,57.142857142857146,10069.0,-104.93333333333248,17.94999999999891,-0.1151736745886654,10070.0,9710.0,9690.0,9650.0,42300.0
2022-02-22,9510.0,9580.0,9350.0,9350.0,9058.1767578125,13900.0,9774.0,9755.6,10468.0,11028.7,45.6140350877193,10028.0,-116.39999999999964,14.600000000000364,-0.1453382084095064,10070.0,9790.0,9680.0,9620.0,15200.0
2022-02-23,9510.0,9580.0,9350.0,9350.0,9058.1767578125,13900.0,9755.5,9744.0,10437.866666666669,11029.85,25.0,9991.8,-127.20000000000071,12.75,-0.1453382084095064,10070.0,9580.0,9350.0,9510.0,13900.0
2022-02-24,9210.0,9300.0,9020.0,9250.0,8961.296875,15800.0,9732.5,9728.4,10406.4,11030.5,16.93548387096773,9956.2,-142.66666666666788,10.350000000000364,-0.1544789762340036,10070.0,9580.0,9350.0,9510.0,13900.0
2022-02-25,9240.0,9580.0,9240.0,9470.0,9174.4306640625,113400.0,9720.5,9721.2,10377.866666666669,11032.25,29.45205479452055,9931.6,-148.0,8.350000000000364,-0.1166044776119402,10070.0,9300.0,9250.0,9210.0,15800.0
2022-02-26,9240.0,9580.0,9240.0,9470.0,9174.4306640625,113400.0,9708.5,9719.6,10348.266666666666,11033.45,29.45205479452055,9908.2,-150.9333333333343,5.900000000001455,-0.1537086684539768,10070.0,9580.0,9470.0,9240.0,113400.0
2022-02-27,9240.0,9580.0,9240.0,9470.0,9174.4306640625,113400.0,9708.0,9699.6,10320.4,11034.85,29.45205479452055,9884.8,-147.60000000000036,6.149999999999636,-0.1491464510332435,10070.0,9580.0,9470.0,9240.0,113400.0
2022-02-28,9570.0,9740.0,9450.0,9720.0,9416.626953125,19500.0,9719.0,9699.6,10292.133333333331,11037.4,46.89655172413793,9866.4,-145.73333333333358,7.549999999999272,-0.1473684210526316,10070.0,9580.0,9470.0,9240.0,113400.0
2022-03-01,9870.0,9920.0,9720.0,9920.0,9610.384765625,9300.0,9716.5,9708.0,10265.2,11041.55,52.46913580246914,9852.0,-141.1999999999989,11.049999999999272,-0.1298245614035087,10070.0,9740.0,9720.0,9570.0,19500.0
2022-03-02,9760.0,9860.0,9550.0,9580.0,9280.9970703125,15100.0,9692.0,9702.8,10239.2,11044.0,38.67403314917127,9834.0,-138.66666666666606,11.75,-0.1596491228070176,10070.0,9920.0,9920.0,9870.0,9300.0
2022-03-03,9640.0,9680.0,9450.0,9500.0,9203.494140625,9700.0,9663.5,9694.4,10212.133333333331,11046.05,44.87179487179488,9807.2,-136.1333333333332,12.599999999998545,-0.1666666666666666,10070.0,9860.0,9580.0,9760.0,15100.0
2022-03-04,9470.0,9720.0,9350.0,9660.0,9358.5,24100.0,9643.0,9701.6,10187.2,11049.3,49.11242603550296,9789.6,-133.1999999999989,14.449999999998909,-0.1526315789473684,10070.0,9680.0,9500.0,9640.0,9700.0
2022-03-05,9470.0,9720.0,9350.0,9660.0,9358.5,24100.0,9622.5,9708.0,10164.933333333332,11053.15,49.11242603550296,9777.6,-127.20000000000071,15.75,-0.1344086021505376,9990.0,9720.0,9660.0,9470.0,24100.0
2022-03-06,9470.0,9720.0,9350.0,9660.0,9358.5,24100.0,9615.0,9695.6,10144.4,11056.5,49.11242603550296,9765.6,-120.80000000000108,14.950000000000728,-0.1242067089755213,9990.0,9720.0,9660.0,9470.0,24100.0
2022-03-07,9640.0,9660.0,9400.0,9550.0,9251.93359375,13300.0,9600.5,9674.8,10126.133333333331,11059.6,46.36871508379889,9751.4,-113.06666666666752,15.600000000000364,-0.1074766355140186,9990.0,9720.0,9660.0,9470.0,24100.0
2022-03-08,9400.0,9790.0,9400.0,9540.0,9242.2451171875,17200.0,9578.0,9653.6,10107.466666666667,11061.8,56.46258503401361,9734.2,-104.66666666666606,15.75,-0.1033834586466165,9920.0,9660.0,9550.0,9640.0,13300.0
2022-03-09,9460.0,9660.0,9390.0,9440.0,9145.3662109375,9500.0,9567.0,9628.4,10087.466666666667,11063.5,52.86624203821657,9717.0,-99.73333333333358,14.200000000000728,-0.1127819548872181,9920.0,9790.0,9540.0,9400.0,17200.0
2022-03-10,9740.0,9900.0,9700.0,9900.0,9591.0087890625,12300.0,9577.5,9621.6,10073.6,11067.5,66.83937823834196,9715.0,-91.33333333333212,14.350000000000364,-0.0695488721804511,9920.0,9660.0,9440.0,9460.0,9500.0
2022-03-11,9750.0,9850.0,9600.0,9820.0,9513.505859375,12600.0,9584.0,9622.0,10058.666666666666,11067.75,59.77653631284916,9707.4,-85.73333333333358,11.25,-0.0770676691729322,9920.0,9900.0,9900.0,9740.0,12300.0
2022-03-12,9750.0,9850.0,9600.0,9820.0,9513.505859375,12600.0,9590.5,9621.2,10046.666666666666,11067.2,59.77653631284916,9701.0,-79.46666666666715,7.600000000000364,-0.0629770992366411,9920.0,9850.0,9820.0,9750.0,12600.0
2022-03-13,9750.0,9850.0,9600.0,9820.0,9513.505859375,12600.0,9597.5,9614.4,10028.4,11066.75,59.77653631284916,9694.6,-79.06666666666752,4.950000000000728,-0.0940959409594095,9920.0,9850.0,9820.0,9750.0,12600.0
2022-03-14,9880.0,10030.0,9510.0,9510.0,9213.1806640625,12300.0,9605.5,9608.4,10006.8,11063.65,44.32432432432433,9682.0,-80.66666666666788,0.1499999999996362,-0.0977229601518027,9920.0,9850.0,9820.0,9750.0,12600.0
2022-03-15,9520.0,9670.0,9520.0,9660.0,9358.5,9700.0,9621.0,9607.2,9983.6,11060.3,42.77777777777778,9672.0,-90.0,-7.200000000000728,-0.0584795321637426,9920.0,10030.0,9510.0,9880.0,12300.0
2022-03-16,9710.0,9760.0,9620.0,9740.0,9436.0029296875,9100.0,9645.5,9609.2,9961.466666666667,11057.35,55.1948051948052,9672.4,-97.19999999999892,-10.399999999999636,-0.0506822612085769,9920.0,9670.0,9660.0,9520.0,9700.0
2022-03-17,9950.0,10290.0,9920.0,10290.0,9968.8359375,17400.0,9686.5,9633.2,9946.666666666666,11057.15,69.65174129353234,9688.2,-100.0,-10.050000000001091,0.0029239766081872,10290.0,9760.0,9740.0,9710.0,9100.0
2022-03-18,10480.0,10480.0,10230.0,10240.0,9920.3974609375,16600.0,9725.0,9655.6,9931.2,11055.15,65.26315789473685,9711.4,-97.19999999999892,-11.600000000000364,-0.0153846153846153,10290.0,10290.0,10290.0,9950.0,17400.0
2022-03-19,10480.0,10480.0,10230.0,10240.0,9920.3974609375,16600.0,9763.5,9691.2,9915.733333333334,11052.55,65.26315789473685,9723.4,-91.0666666666657,-11.100000000000364,-0.0058252427184466,10290.0,10480.0,10240.0,10480.0,16600.0
2022-03-20,10480.0,10480.0,10230.0,10240.0,9920.3974609375,16600.0,9789.5,9726.8,9903.466666666667,11048.6,65.26315789473685,9735.4,-80.13333333333321,-11.699999999998909,0.024,10290.0,10480.0,10240.0,10480.0,16600.0
2022-03-21,10480.0,10480.0,10230.0,10240.0,9920.3974609375,16600.0,9805.5,9766.4,9892.933333333332,11045.75,69.27374301675977,9747.4,-68.53333333333467,-11.600000000000364,0.0039215686274509,10290.0,10480.0,10240.0,10480.0,16600.0
2022-03-22,10260.0,10300.0,10020.0,10170.0,9852.58203125,10700.0,9835.0,9794.4,9885.866666666669,11039.85,67.02702702702703,9757.8,-60.79999999999927,-17.299999999999272,0.0029585798816567,10290.0,10480.0,10240.0,10480.0,16600.0
2022-03-23,10190.0,10250.0,10070.0,10090.0,9775.080078125,11300.0,9864.5,9819.2,9878.533333333333,11033.55,67.75956284153006,9769.4,-52.66666666666788,-21.600000000000364,-0.004930966469428,10290.0,10300.0,10170.0,10260.0,10700.0
2022-03-24,10060.0,10200.0,9970.0,10200.0,9881.6455078125,10800.0,9891.5,9848.4,9872.666666666666,11027.8,60.13513513513513,9774.0,-43.06666666666752,-24.75,0.0059171597633136,10290.0,10250.0,10090.0,10190.0,11300.0
2022-03-25,10450.0,10450.0,10090.0,10230.0,9910.708984375,18300.0,9920.0,9868.8,9867.2,11022.4,64.33566433566433,9784.2,-36.26666666666642,-26.200000000000728,0.0068897637795275,10290.0,10200.0,10200.0,10060.0,10800.0
2022-03-26,10450.0,10450.0,10090.0,10230.0,9910.708984375,18300.0,9948.5,9881.2,9861.733333333334,11016.25,64.33566433566433,9794.6,-31.19999999999891,-29.5,0.0524691358024691,10290.0,10450.0,10230.0,10450.0,18300.0
2022-03-27,10450.0,10450.0,10090.0,10230.0,9910.708984375,18300.0,9982.5,9907.2,9858.4,11008.6,64.33566433566433,9805.0,-27.46666666666715,-31.25,0.0768421052631578,10290.0,10450.0,10230.0,10450.0,18300.0
2022-03-28,10280.0,10350.0,10150.0,10350.0,10026.96484375,19100.0,10023.0,9941.2,9851.866666666669,10999.15,83.87096774193549,9817.8,-26.66666666666606,-34.39999999999964,0.1398678414096916,10350.0,10450.0,10230.0,10450.0,18300.0
2022-03-29,10570.0,10710.0,10450.0,10680.0,10346.6640625,34400.0,10085.0,9982.0,9853.733333333334,10988.55,85.91549295774648,9841.8,-18.933333333332484,-39.25,0.1078838174273859,10680.0,10350.0,10350.0,10280.0,19100.0
2022-03-30,10400.0,10400.0,10020.0,10140.0,9883.671875,34000.0,10097.0,10001.2,9852.133333333331,10975.25,60.63829787234042,9854.6,-15.066666666667516,-47.14999999999964,0.0518672199170124,10680.0,10710.0,10680.0,10570.0,34400.0
2022-03-31,10060.0,10190.0,10000.0,10060.0,9805.6953125,15100.0,10109.0,10017.2,9849.466666666667,10961.55,41.84397163120568,9856.4,-12.266666666666424,-54.70000000000073,0.0435684647302905,10680.0,10400.0,10140.0,10400.0,34000.0
2022-04-01,9870.0,10020.0,9820.0,9930.0,9678.9814453125,9400.0,10114.5,10032.4,9845.066666666668,10947.75,39.59731543624161,9853.6,-13.33333333333212,-60.85000000000037,0.0290155440414507,10680.0,10190.0,10060.0,10060.0,15100.0
2022-04-02,9870.0,10020.0,9820.0,9930.0,9678.9814453125,9400.0,10120.0,10048.0,9838.8,10930.55,39.59731543624161,9850.8,-13.066666666667516,-68.60000000000036,0.0441640378548895,10680.0,10020.0,9930.0,9870.0,9400.0
2022-04-03,9870.0,10020.0,9820.0,9930.0,9678.9814453125,9400.0,10141.0,10067.6,9833.866666666669,10913.15,39.59731543624161,9848.0,-19.866666666666788,-75.39999999999964,-0.004012036108325,10680.0,10020.0,9930.0,9870.0,9400.0
2022-04-04,10010.0,10160.0,10010.0,10030.0,9776.453125,3900.0,10159.5,10072.8,9834.266666666666,10899.55,43.39622641509434,9847.2,-17.866666666666788,-75.70000000000073,0.0318930041152263,10680.0,10020.0,9930.0,9870.0,9400.0
2022-04-05,9990.0,10040.0,9870.0,9920.0,9669.2333984375,14100.0,10168.5,10076.8,9830.533333333333,10888.15,42.331288343558285,9849.4,-18.933333333334303,-73.39999999999964,0.0216271884654994,10680.0,10160.0,10030.0,10010.0,3900.0
2022-04-06,9920.0,10060.0,9860.0,9860.0,9610.7509765625,6100.0,10147.0,10078.4,9826.8,10876.45,42.85714285714285,9849.8,-18.266666666668243,-71.29999999999927,0.015447991761071,10680.0,10040.0,9920.0,9990.0,14100.0
2022-04-07,9750.0,9800.0,9360.0,9380.0,9142.8837890625,15800.0,10104.0,10060.8,9816.666666666666,10862.35,29.2929292929293,9837.6,-22.13333333333321,-68.19999999999891,-0.0339855818743562,10680.0,10060.0,9860.0,9920.0,6100.0
2022-04-08,9400.0,9400.0,9210.0,9370.0,9133.13671875,15100.0,10060.5,10055.2,9806.4,10848.2,28.06122448979592,9831.8,-27.46666666666715,-64.94999999999891,-0.0116033755274261,10680.0,9800.0,9380.0,9750.0,15800.0
2022-04-09,9400.0,9400.0,9210.0,9370.0,9133.13671875,15100.0,10017.0,10043.6,9795.866666666669,10835.1,28.06122448979592,9825.4,-38.39999999999964,-64.44999999999891,-0.0136842105263157,10680.0,9400.0,9370.0,9400.0,15100.0
2022-04-10,9400.0,9400.0,9210.0,9370.0,9133.13671875,15100.0,9973.5,10028.8,9791.2,10820.3,28.06122448979592,9819.0,-39.33333333333212,-67.85000000000036,-0.0601805416248746,10680.0,9400.0,9370.0,9400.0,15100.0
2022-04-11,9100.0,9130.0,8970.0,9120.0,8889.45703125,13900.0,9921.0,9982.0,9786.133333333331,10804.25,20.57416267942584,9807.6,-40.66666666666606,-72.20000000000073,-0.0943396226415094,10680.0,9400.0,9370.0,9400.0,15100.0
2022-04-12,8970.0,9040.0,8670.0,8710.0,8489.8203125,16100.0,9852.0,9920.8,9781.2,10783.1,4.608294930875573,9788.2,-35.46666666666533,-79.25,-0.1350546176762661,10680.0,9130.0,9120.0,9100.0,13900.0
2022-04-13,8710.0,9120.0,8710.0,9090.0,8860.21484375,17800.0,9796.5,9874.8,9773.866666666669,10763.85,23.88059701492537,9783.0,-32.53333333333285,-84.35000000000036,-0.0973187686196623,10680.0,9040.0,8710.0,8970.0,16100.0
2022-04-14,8940.0,9220.0,8940.0,9220.0,8986.9287109375,7200.0,9746.0,9834.0,9768.266666666666,10745.25,29.611650485436897,9780.4,-27.600000000000364,-89.85000000000036,-0.0844091360476663,10680.0,9120.0,9090.0,8710.0,17800.0
2022-04-15,9220.0,9250.0,9120.0,9140.0,8908.951171875,5600.0,9691.5,9790.0,9761.6,10727.9,30.34825870646766,9778.2,-29.600000000000364,-92.39999999999964,-0.0682976554536187,10680.0,9220.0,9220.0,8940.0,7200.0
2022-04-16,9220.0,9250.0,9120.0,9140.0,8908.951171875,5600.0,9637.0,9748.8,9754.8,10711.4,30.34825870646766,9771.6,-31.33333333333394,-92.85000000000036,-0.0711382113821138,10680.0,9250.0,9140.0,9220.0,5600.0
2022-04-17,9220.0,9250.0,9120.0,9140.0,8908.951171875,5600.0,9576.5,9710.8,9749.866666666669,10696.15,30.34825870646766,9765.0,-31.33333333333394,-86.95000000000073,-0.085085085085085,10680.0,9250.0,9140.0,9220.0,5600.0
2022-04-18,9230.0,9230.0,9000.0,9000.0,8772.490234375,5400.0,9492.5,9662.8,9736.933333333332,10679.55,24.8780487804878,9755.6,-36.9333333333343,-84.30000000000109,-0.0683229813664596,10140.0,9250.0,9140.0,9220.0,5600.0
2022-04-19,9140.0,9180.0,9000.0,9030.0,8801.7314453125,4700.0,9437.0,9614.8,9727.733333333334,10663.55,27.411167512690355,9741.8,-40.53333333333285,-81.70000000000073,-0.0681114551083591,10060.0,9230.0,9000.0,9230.0,5400.0
2022-04-20,8880.0,9300.0,8880.0,9200.0,8967.4345703125,9700.0,9394.0,9573.6,9720.933333333332,10648.4,34.13461538461539,9727.4,-40.66666666666788,-79.5,-0.0505675954592362,10030.0,9180.0,9030.0,9140.0,4700.0
2022-04-21,9200.0,9320.0,9190.0,9190.0,8957.6875,5800.0,9357.0,9532.0,9714.0,10633.2,44.099378881987576,9719.6,-40.79999999999927,-78.19999999999891,-0.0515995872033023,10030.0,9300.0,9200.0,8880.0,9700.0
2022-04-22,9100.0,9230.0,9100.0,9200.0,8967.4345703125,5400.0,9320.5,9486.0,9707.2,10618.25,44.72049689440994,9713.6,-42.66666666666606,-77.89999999999964,-0.049586776859504,10030.0,9320.0,9190.0,9200.0,5800.0
2022-04-23,9100.0,9230.0,9100.0,9200.0,8967.4345703125,5400.0,9284.0,9426.8,9703.466666666667,10604.15,44.72049689440994,9704.4,-33.46666666666533,-75.39999999999964,-0.016042780748663,10030.0,9230.0,9200.0,9100.0,5400.0
2022-04-24,9100.0,9230.0,9100.0,9200.0,8967.4345703125,5400.0,9242.5,9389.2,9699.466666666667,10590.1,44.72049689440994,9695.2,-28.266666666666424,-73.44999999999891,-0.016042780748663,9920.0,9230.0,9200.0,9100.0,5400.0
2022-04-25,9180.0,9220.0,9090.0,9100.0,8869.9619140625,11500.0,9201.5,9350.8,9687.866666666669,10575.15,49.31506849315068,9684.0,-33.0666666666657,-73.25,-0.0162162162162161,9860.0,9230.0,9200.0,9100.0,5400.0
2022-04-26,9110.0,9190.0,9110.0,9110.0,8879.7099609375,4400.0,9164.0,9318.0,9675.066666666668,10560.05,68.86792452830188,9675.2,-38.93333333333248,-73.15000000000146,-0.0380147835269271,9380.0,9220.0,9100.0,9180.0,11500.0
2022-04-27,9170.0,9170.0,8770.0,8920.0,8694.5126953125,27000.0,9141.0,9277.6,9659.733333333334,10544.0,40.22988505747126,9662.8,-47.46666666666715,-74.25,-0.0580781414994719,9370.0,9190.0,9110.0,9110.0,4400.0
2022-04-28,9070.0,9270.0,9070.0,9200.0,8967.4345703125,13500.0,9132.5,9248.4,9648.133333333331,10529.35,49.01960784313725,9658.0,-55.33333333333394,-74.79999999999927,-0.0285110876451953,9370.0,9170.0,8920.0,9170.0,27000.0
2022-04-29,9070.0,9270.0,9070.0,9200.0,8967.4345703125,13500.0,9124.0,9215.2,9636.533333333333,10512.35,53.19148936170213,9644.0,-62.9333333333343,-77.75,-0.0534979423868312,9370.0,9270.0,9200.0,9070.0,13500.0
2022-04-30,9070.0,9270.0,9070.0,9200.0,8967.4345703125,13500.0,9115.5,9186.4,9628.4,10495.8,53.19148936170213,9631.6,-59.46666666666715,-79.35000000000036,-0.0725806451612903,9220.0,9270.0,9200.0,9070.0,13500.0
2022-05-01,9070.0,9270.0,9070.0,9200.0,8967.4345703125,13500.0,9119.5,9160.0,9619.866666666669,10479.55,53.19148936170213,9619.2,-55.20000000000073,-80.5,-0.0396659707724426,9220.0,9270.0,9200.0,9070.0,13500.0
2022-05-02,9200.0,9290.0,9080.0,9230.0,8996.67578125,5300.0,9145.5,9154.0,9609.733333333334,10463.35,63.855421686746986,9607.4,-50.0,-80.64999999999964,-0.0284210526315789,9230.0,9270.0,9200.0,9070.0,13500.0
2022-05-03,9200.0,9290.0,9080.0,9230.0,8996.67578125,5300.0,9152.5,9148.4,9604.0,10446.7,62.50000000000001,9601.8,-44.13333333333321,-82.64999999999964,-0.0445134575569358,9230.0,9290.0,9230.0,9200.0,5300.0
2022-05-04,9200.0,9290.0,9080.0,9230.0,8996.67578125,5300.0,9153.0,9142.8,9597.866666666669,10430.05,52.38095238095238,9593.2,-38.66666666666606,-82.30000000000109,-0.0445134575569358,9230.0,9290.0,9230.0,9200.0,5300.0
2022-05-05,9200.0,9290.0,9080.0,9230.0,8996.67578125,5300.0,9157.5,9137.2,9591.733333333334,10413.4,53.22580645161291,9583.0,-36.66666666666606,-82.39999999999964,-0.0445134575569358,9230.0,9290.0,9230.0,9200.0,5300.0
2022-05-06,9380.0,9420.0,9190.0,9340.0,9103.89453125,12600.0,9167.5,9146.0,9587.066666666668,10397.3,59.72222222222222,9564.0,-32.79999999999927,-82.25,-0.0219895287958115,9340.0,9290.0,9230.0,9200.0,5300.0
2022-05-07,9380.0,9420.0,9190.0,9340.0,9103.89453125,12600.0,9177.5,9171.2,9582.533333333333,10380.9,59.72222222222222,9546.0,-27.200000000000728,-82.45000000000073,-0.0209643605870021,9340.0,9420.0,9340.0,9380.0,12600.0
2022-05-08,9380.0,9420.0,9190.0,9340.0,9103.89453125,12600.0,9194.5,9181.2,9582.4,10365.15,59.72222222222222,9528.0,-21.600000000000364,-81.55000000000109,-0.010593220338983,9340.0,9420.0,9340.0,9380.0,12600.0
2022-05-09,9190.0,9230.0,9010.0,9010.0,8782.2373046875,8400.0,9193.5,9172.8,9577.866666666669,10349.1,45.26315789473684,9503.4,-20.0,-80.94999999999891,-0.0898989898989899,9340.0,9420.0,9340.0,9380.0,12600.0
2022-05-10,8860.0,9130.0,8860.0,8950.0,8723.75390625,6000.0,9181.0,9165.2,9573.866666666669,10333.45,41.99999999999999,9477.6,-17.866666666666788,-79.94999999999891,-0.0885947046843177,9340.0,9230.0,9010.0,9190.0,8400.0
2022-05-11,9100.0,9100.0,8920.0,9040.0,8811.4794921875,16500.0,9173.5,9161.2,9568.133333333331,10318.25,56.66666666666666,9455.0,-18.933333333334303,-79.04999999999927,-0.0794297352342159,9340.0,9130.0,8950.0,8860.0,6000.0
2022-05-12,8890.0,9070.0,8840.0,8880.0,8655.5234375,12800.0,9157.5,9150.8,9560.266666666666,10302.25,29.48717948717949,9430.8,-22.266666666666424,-78.64999999999964,-0.0957230142566191,9340.0,9100.0,9040.0,9100.0,16500.0
2022-05-13,8880.0,9110.0,8880.0,9000.0,8772.490234375,14800.0,9147.5,9150.8,9554.0,10287.9,38.888888888888886,9406.8,-28.39999999999964,-77.25,-0.0536277602523659,9340.0,9070.0,8880.0,8890.0,12800.0
2022-05-14,8880.0,9110.0,8880.0,9000.0,8772.490234375,14800.0,9137.5,9149.6,9544.4,10278.0,38.888888888888886,9382.2,-33.46666666666715,-71.10000000000036,-0.0683229813664596,9340.0,9110.0,9000.0,8880.0,14800.0
2022-05-15,8880.0,9110.0,8880.0,9000.0,8772.490234375,14800.0,9132.5,9141.6,9532.133333333331,10269.4,38.888888888888886,9357.6,-41.733333333333576,-64.05000000000109,-0.0759753593429157,9340.0,9110.0,9000.0,8880.0,14800.0
2022-05-16,9150.0,9180.0,9010.0,9030.0,8801.7314453125,13300.0,9128.5,9135.2,9524.8,10260.55,38.888888888888886,9333.6,-43.33333333333394,-57.70000000000073,-0.1224489795918367,9340.0,9110.0,9000.0,8880.0,14800.0
2022-05-17,8880.0,9230.0,8880.0,9200.0,8967.4345703125,10500.0,9142.5,9135.2,9520.8,10252.65,48.598130841121495,9310.6,-39.46666666666715,-49.60000000000037,-0.1015625,9340.0,9180.0,9030.0,9150.0,13300.0
2022-05-18,9200.0,9300.0,9160.0,9230.0,8996.67578125,18300.0,9144.0,9136.4,9515.066666666668,10244.9,50.0,9281.6,-38.93333333333248,-43.0,-0.0986328125,9340.0,9230.0,9200.0,8880.0,10500.0
2022-05-19,8980.0,9180.0,8950.0,9060.0,8830.974609375,13300.0,9137.0,9130.8,9507.066666666668,10236.3,43.30708661417323,9260.0,-37.33333333333212,-41.70000000000073,-0.115234375,9340.0,9300.0,9230.0,9200.0,18300.0
2022-05-20,9030.0,9110.0,9020.0,9090.0,8860.21484375,10100.0,9131.5,9130.4,9499.466666666667,10226.05,39.495798319327726,9240.6,-32.66666666666606,-43.35000000000037,-0.1123046875,9340.0,9180.0,9060.0,8980.0,13300.0
2022-05-21,9030.0,9110.0,9020.0,9090.0,8860.21484375,10100.0,9126.0,9129.6,9493.333333333334,10215.5,39.495798319327726,9223.8,-31.466666666665333,-45.04999999999927,-0.1061946902654867,9340.0,9110.0,9090.0,9030.0,10100.0
2022-05-22,9030.0,9110.0,9020.0,9090.0,8860.21484375,10100.0,9119.0,9136.4,9487.333333333334,10204.95,39.495798319327726,9207.0,-33.46666666666533,-47.69999999999891,-0.0991080277502477,9340.0,9110.0,9090.0,9030.0,10100.0
2022-05-23,9100.0,9160.0,8990.0,9070.0,8840.7197265625,11000.0,9111.0,9131.2,9482.4,10192.7,53.409090909090914,9189.8,-32.66666666666788,-52.19999999999891,-0.1107843137254902,9340.0,9110.0,9090.0,9030.0,10100.0
2022-05-24,8970.0,8980.0,8840.0,8900.0,8675.017578125,14800.0,9094.5,9119.2,9469.066666666668,10180.8,47.474747474747474,9167.2,-38.0,-55.5,-0.1300097751710655,9340.0,9160.0,9070.0,9100.0,11000.0
2022-05-25,8790.0,9070.0,8720.0,8960.0,8733.501953125,21200.0,9081.0,9109.6,9457.6,10169.2,45.83333333333333,9148.0,-41.86666666666679,-56.84999999999855,-0.1241446725317693,9340.0,8980.0,8900.0,8970.0,14800.0
2022-05-26,8960.0,9070.0,8930.0,9000.0,8772.490234375,12800.0,9064.0,9101.6,9446.666666666666,10157.8,57.14285714285714,9130.8,-46.66666666666788,-57.70000000000073,-0.1202346041055718,9340.0,9070.0,8960.0,8790.0,21200.0
2022-05-27,9030.0,9030.0,8800.0,8890.0,8665.2705078125,19600.0,9041.5,9088.0,9434.266666666666,10146.6,43.37349397590362,9121.0,-53.06666666666752,-58.35000000000037,-0.1410628019323672,9340.0,9070.0,9000.0,8960.0,12800.0
2022-05-28,9030.0,9030.0,8800.0,8890.0,8665.2705078125,19600.0,9019.0,9074.4,9426.0,10135.3,43.37349397590362,9111.4,-56.39999999999964,-57.400000000001455,-0.1676029962546816,9230.0,9030.0,8890.0,9030.0,19600.0
2022-05-29,9030.0,9030.0,8800.0,8890.0,8665.2705078125,19600.0,9013.0,9060.8,9415.733333333334,10125.5,43.37349397590362,9101.8,-53.33333333333394,-55.29999999999927,-0.1232741617357001,9230.0,9030.0,8890.0,9030.0,19600.0
2022-05-30,9040.0,9160.0,8960.0,9010.0,8782.2373046875,38900.0,9016.0,9052.0,9406.0,10116.55,48.91304347826088,9094.6,-51.60000000000037,-52.650000000001455,-0.1043737574552683,9230.0,9030.0,8890.0,9030.0,19600.0
2022-05-31,8990.0,9010.0,8770.0,8800.0,8577.5458984375,22200.0,9004.0,9030.4,9386.133333333331,10104.75,29.16666666666667,9088.2,-60.53333333333285,-53.04999999999927,-0.1137965760322256,9230.0,9160.0,9010.0,9040.0,38900.0
2022-06-01,8750.0,8890.0,8750.0,8850.0,8626.2822265625,7700.0,9002.5,9010.8,9367.6,10093.2,30.612244897959187,9091.0,-66.66666666666606,-53.39999999999964,-0.1087613293051359,9230.0,9010.0,8800.0,8990.0,22200.0
2022-06-02,8860.0,8860.0,8530.0,8570.0,8353.3603515625,15700.0,8981.0,8980.0,9345.333333333334,10080.25,27.52293577981652,9080.6,-80.66666666666606,-55.04999999999927,-0.1369587109768378,9230.0,8890.0,8850.0,8750.0,7700.0
2022-06-03,8600.0,8640.0,8430.0,8570.0,8353.3603515625,13800.0,8959.5,8962.4,9323.066666666668,10065.8,25.47169811320755,9067.6,-92.66666666666606,-59.70000000000073,-0.1455633100697906,9230.0,8860.0,8570.0,8860.0,15700.0
2022-06-04,8600.0,8640.0,8430.0,8570.0,8353.3603515625,13800.0,8938.0,8947.2,9300.8,10049.55,25.47169811320755,9056.2,-105.20000000000071,-67.0,-0.1360887096774193,9230.0,8640.0,8570.0,8600.0,13800.0
2022-06-05,8600.0,8640.0,8430.0,8570.0,8353.3603515625,13800.0,8915.0,8928.4,9279.466666666667,10033.65,25.47169811320755,9044.8,-106.66666666666606,-71.10000000000036,-0.1308316430020284,9230.0,8640.0,8570.0,8600.0,13800.0
2022-06-06,8610.0,8810.0,8610.0,8760.0,8538.556640625,11300.0,8893.0,8923.6,9261.733333333334,10018.85,37.39837398373984,9037.2,-105.8666666666668,-74.35000000000036,-0.0660980810234541,9230.0,8640.0,8570.0,8600.0,13800.0
2022-06-07,8850.0,8850.0,8730.0,8790.0,8567.7998046875,12500.0,8871.0,8915.2,9242.933333333332,10004.0,44.95412844036698,9033.0,-102.40000000000146,-76.25,-0.0618996798292422,9090.0,8810.0,8760.0,8610.0,11300.0
2022-06-08,8750.0,8890.0,8750.0,8890.0,8665.2705078125,10200.0,8862.5,8910.8,9225.066666666668,9989.65,46.90265486725664,9030.2,-98.0,-76.14999999999964,-0.0512273212379935,9090.0,8850.0,8790.0,8850.0,12500.0
2022-06-09,8890.0,8960.0,8810.0,8820.0,8597.0400390625,9200.0,8849.0,8903.6,9206.266666666666,9974.95,42.24137931034483,9022.6,-94.53333333333283,-74.59999999999854,-0.0586979722518676,9090.0,8890.0,8890.0,8750.0,10200.0
2022-06-10,8700.0,8840.0,8640.0,8700.0,8480.07421875,9700.0,8829.5,8890.4,9185.866666666669,9959.35,41.88034188034188,9012.8,-93.60000000000036,-74.29999999999927,-0.0460526315789473,9090.0,8960.0,8820.0,8890.0,9200.0
2022-06-11,8700.0,8840.0,8640.0,8700.0,8480.07421875,9700.0,8810.0,8870.4,9163.866666666669,9943.75,41.88034188034188,9002.8,-97.8666666666668,-75.10000000000036,-0.0011481056257175,9070.0,8840.0,8700.0,8700.0,9700.0
2022-06-12,8700.0,8840.0,8640.0,8700.0,8480.07421875,9700.0,8791.5,8849.2,9137.466666666667,9928.3,41.88034188034188,8992.8,-105.46666666666532,-75.70000000000073,-0.0429042904290428,9010.0,8840.0,8700.0,8700.0,9700.0
2022-06-13,8590.0,8630.0,8400.0,8400.0,8187.6572265625,12800.0,8766.5,8822.8,9114.266666666666,9911.35,27.407407407407405,8976.8,-110.80000000000108,-78.29999999999927,-0.088937093275488,9010.0,8840.0,8700.0,8700.0,9700.0
2022-06-14,8390.0,8390.0,8170.0,8190.0,7982.9658203125,12100.0,8728.0,8786.8,9089.333333333334,9893.8,27.407407407407405,8958.6,-116.93333333333248,-81.15000000000146,-0.1039387308533916,9010.0,8630.0,8400.0,8590.0,12800.0
2022-06-15,8190.0,8200.0,7820.0,7890.0,7690.54931640625,18700.0,8672.5,8738.8,9062.133333333331,9874.75,20.0,8934.2,-123.73333333333358,-84.60000000000036,-0.1367614879649891,9010.0,8390.0,8190.0,8390.0,12100.0
2022-06-16,7900.0,8000.0,7680.0,7710.0,7515.10009765625,13200.0,8613.5,8683.6,9032.533333333333,9854.8,21.33333333333333,8910.0,-131.33333333333394,-88.95000000000073,-0.1564551422319474,9010.0,8200.0,7890.0,8190.0,18700.0
2022-06-17,7420.0,7590.0,7410.0,7550.0,7359.14453125,19900.0,8546.5,8622.8,9000.8,9835.8,19.27710843373493,8877.0,-136.66666666666788,-92.5,-0.1611111111111111,9010.0,8000.0,7710.0,7900.0,13200.0
2022-06-18,7420.0,7590.0,7410.0,7550.0,7359.14453125,19900.0,8479.5,8568.8,8967.733333333334,9816.45,19.27710843373493,8844.0,-146.53333333333285,-94.89999999999964,-0.1638981173864895,9010.0,7590.0,7550.0,7420.0,19900.0
2022-06-19,7420.0,7590.0,7410.0,7550.0,7359.14453125,19900.0,8406.5,8512.4,8936.133333333333,9800.3,19.27710843373493,8811.0,-153.20000000000073,-93.5,-0.1793478260869565,8890.0,7590.0,7550.0,7420.0,19900.0
2022-06-20,7680.0,7830.0,7390.0,7520.0,7329.90234375,15800.0,8342.5,8453.2,8904.933333333332,9784.1,8.666666666666671,8777.4,-157.20000000000073,-90.64999999999964,-0.1817192600652883,8890.0,7590.0,7550.0,7420.0,19900.0
2022-06-21,7530.0,7830.0,7530.0,7730.0,7534.59423828125,13000.0,8286.5,8406.8,8882.933333333332,9767.05,18.452380952380963,8747.4,-149.60000000000036,-87.75,-0.1597826086956522,8890.0,7830.0,7520.0,7680.0,15800.0
2022-06-22,7620.0,7640.0,7500.0,7590.0,7398.13330078125,11200.0,8237.5,8354.8,8859.2,9749.3,12.209302325581405,8714.6,-141.59999999999854,-86.5,-0.175,8890.0,7830.0,7730.0,7530.0,13000.0
2022-06-23,7500.0,7700.0,7500.0,7550.0,7359.14453125,10600.0,8186.5,8301.2,8834.933333333332,9731.35,12.426035502958584,8681.0,-132.8000000000011,-85.10000000000036,-0.1793478260869565,8890.0,7640.0,7590.0,7620.0,11200.0
2022-06-24,7550.0,7700.0,7460.0,7650.0,7456.6162109375,9900.0,8140.5,8246.8,8812.0,9715.15,18.562874251497007,8649.4,-124.1333333333332,-85.14999999999964,-0.1593406593406593,8890.0,7700.0,7550.0,7500.0,10600.0
2022-06-25,7550.0,7700.0,7460.0,7650.0,7456.6162109375,9900.0,8094.5,8200.8,8792.4,9696.25,18.562874251497007,8615.6,-112.53333333333283,-87.85000000000036,-0.1602634467618002,8890.0,7700.0,7650.0,7550.0,9900.0
2022-06-26,7550.0,7700.0,7460.0,7650.0,7456.6162109375,9900.0,8039.0,8152.8,8778.266666666666,9676.1,18.562874251497007,8581.8,-104.66666666666606,-90.94999999999892,-0.1423766816143498,8890.0,7700.0,7650.0,7550.0,9900.0
2022-06-27,7830.0,7840.0,7750.0,7840.0,7641.8134765625,8300.0,7991.5,8123.6,8761.6,9656.85,32.05128205128206,8551.8,-97.60000000000036,-92.44999999999892,-0.1478260869565217,8890.0,7700.0,7650.0,7550.0,9900.0
2022-06-28,7890.0,8070.0,7880.0,8010.0,7807.51611328125,10800.0,7947.5,8101.2,8745.466666666667,9638.85,44.07894736842105,8531.8,-89.46666666666533,-92.5,-0.1293478260869565,8820.0,7840.0,7840.0,7830.0,8300.0
2022-06-29,7900.0,8060.0,7870.0,8030.0,7827.0107421875,26000.0,7908.0,8079.6,8730.666666666666,9620.95,55.64516129032258,8513.4,-81.33333333333394,-94.19999999999892,-0.1271739130434782,8700.0,8070.0,8010.0,7890.0,10800.0
2022-06-30,8030.0,8120.0,7970.0,8070.0,7865.99951171875,12200.0,7876.5,8059.6,8716.4,9603.25,66.36363636363637,8494.0,-76.0,-93.0,-0.1228260869565217,8700.0,8060.0,8030.0,7900.0,26000.0
2022-07-01,8040.0,8110.0,7770.0,7780.0,7583.3310546875,11700.0,7830.5,8020.4,8698.266666666666,9583.7,59.34959349593496,8472.0,-80.0,-92.39999999999964,-0.1570964247020585,8700.0,8120.0,8070.0,8030.0,12200.0
2022-07-02,8040.0,8110.0,7770.0,7780.0,7583.3310546875,11700.0,7784.5,7980.0,8682.0,9564.8,59.34959349593496,8447.6,-79.60000000000036,-92.05000000000108,-0.1570964247020585,8400.0,8110.0,7780.0,8040.0,11700.0
2022-07-03,8040.0,8110.0,7770.0,7780.0,7583.3310546875,11700.0,7753.5,7935.6,8665.333333333334,9544.5,59.34959349593496,8423.2,-80.13333333333321,-94.35000000000036,-0.1570964247020585,8190.0,8110.0,7780.0,8040.0,11700.0
2022-07-04,7950.0,8040.0,7890.0,7910.0,7710.04443359375,7700.0,7739.5,7899.2,8648.133333333333,9524.35,64.66165413533835,8401.4,-82.53333333333285,-96.60000000000036,-0.143011917659805,8070.0,8110.0,7780.0,8040.0,11700.0
2022-07-05,7910.0,8070.0,7790.0,7860.0,7661.30810546875,9000.0,7738.0,7865.6,8630.4,9506.0,55.55555555555556,8378.0,-86.0,-97.25,-0.158458244111349,8070.0,8040.0,7910.0,7950.0,7700.0
2022-07-06,7810.0,7840.0,7680.0,7720.0,7524.84716796875,9500.0,7738.5,7826.4,8610.666666666666,9486.95,55.55555555555556,8348.4,-87.60000000000036,-96.75,-0.1734475374732333,8070.0,8070.0,7860.0,7910.0,9000.0
2022-07-07,7720.0,7930.0,7670.0,7930.0,7729.53857421875,9700.0,7757.5,7795.6,8593.733333333334,9468.95,64.17910447761194,8322.4,-88.26666666666642,-95.84999999999854,-0.1509635974304068,8070.0,7840.0,7720.0,7810.0,9500.0
2022-07-08,8040.0,8060.0,7780.0,7780.0,7583.3310546875,16000.0,7769.0,7770.8,8574.8,9451.2,54.67625899280576,8296.8,-90.53333333333468,-93.29999999999929,-0.1365149833518313,8070.0,7930.0,7930.0,7720.0,9700.0
2022-07-09,8040.0,8060.0,7780.0,7780.0,7583.3310546875,16000.0,7780.5,7754.4,8557.2,9434.1,54.67625899280576,8270.6,-90.93333333333248,-90.25,-0.1307262569832402,8070.0,8060.0,7780.0,8040.0,16000.0
2022-07-10,8040.0,8060.0,7780.0,7780.0,7583.3310546875,16000.0,7793.5,7750.0,8539.466666666667,9418.4,54.67625899280576,8244.4,-90.93333333333248,-87.60000000000036,-0.1393805309734513,8070.0,8060.0,7780.0,8040.0,16000.0
2022-07-11,7930.0,8190.0,7910.0,8190.0,7982.9658203125,13700.0,7816.5,7769.2,8529.733333333334,9404.65,60.869565217391305,8226.4,-80.93333333333248,-82.30000000000109,-0.0777027027027027,8190.0,8060.0,7780.0,8040.0,16000.0
2022-07-12,8040.0,8040.0,7870.0,7870.0,7671.0556640625,8300.0,7830.5,7782.0,8512.0,9389.3,46.02272727272727,8202.4,-81.73333333333358,-79.65000000000146,-0.1255555555555555,8190.0,8190.0,8190.0,7930.0,13700.0
2022-07-13,7990.0,8010.0,7870.0,7910.0,7710.04443359375,5400.0,7848.5,7796.4,8494.8,9374.15,46.62921348314607,8182.6,-80.0,-77.05000000000109,-0.121111111111111,8190.0,8040.0,7870.0,8040.0,8300.0
2022-07-14,8000.0,8060.0,7850.0,8060.0,7856.251953125,7800.0,7869.0,7816.8,8479.6,9359.75,49.73544973544973,8164.6,-77.60000000000036,-74.35000000000036,-0.1044444444444444,8190.0,8010.0,7910.0,7990.0,5400.0
2022-07-15,8120.0,8250.0,8030.0,8230.0,8021.955078125,8700.0,7898.0,7845.2,8466.666666666666,9347.3,62.71186440677966,8149.2,-72.80000000000109,-71.10000000000036,-0.0885935769656699,8230.0,8060.0,8060.0,8000.0,7800.0
2022-07-16,8120.0,8250.0,8030.0,8230.0,8021.955078125,8700.0,7927.0,7865.2,8453.333333333334,9332.5,62.71186440677966,8136.0,-76.39999999999964,-72.14999999999964,-0.1054347826086956,8230.0,8250.0,8230.0,8120.0,8700.0
2022-07-17,8120.0,8250.0,8030.0,8230.0,8021.955078125,8700.0,7946.5,7890.8,8440.0,9318.0,62.71186440677966,8122.8,-72.0,-71.29999999999927,-0.1083423618634886,8230.0,8250.0,8230.0,8120.0,8700.0
2022-07-18,8120.0,8250.0,8030.0,8230.0,8021.955078125,8700.0,7957.5,7918.0,8426.666666666666,9302.15,59.75609756097561,8109.6,-68.13333333333321,-72.0,-0.0916114790286976,8230.0,8250.0,8230.0,8120.0,8700.0
2022-07-19,8340.0,8340.0,8180.0,8190.0,7982.9658203125,4800.0,7965.5,7939.6,8412.8,9286.1,60.122699386503065,8093.2,-66.80000000000109,-73.64999999999964,-0.0990099009900989,8230.0,8250.0,8230.0,8120.0,8700.0
2022-07-20,8250.0,8450.0,8250.0,8450.0,8236.3935546875,7500.0,7984.5,7971.6,8400.933333333332,9271.35,70.85714285714286,8086.2,-65.73333333333358,-75.94999999999891,-0.0704070407040704,8450.0,8340.0,8190.0,8340.0,4800.0
2022-07-21,8300.0,8540.0,8290.0,8520.0,8304.625,12100.0,8021.5,8006.4,8390.0,9256.95,68.32298136645963,8079.6,-63.33333333333394,-75.54999999999927,-0.0627062706270626,8520.0,8450.0,8450.0,8250.0,7500.0
2022-07-22,8540.0,8540.0,8440.0,8440.0,8226.6455078125,10300.0,8054.5,8030.4,8378.0,9242.15,71.42857142857143,8077.0,-62.0,-75.85000000000036,-0.0694597574421168,8520.0,8540.0,8520.0,8300.0,12100.0
2022-07-23,8540.0,8540.0,8440.0,8440.0,8226.6455078125,10300.0,8087.5,8047.6,8370.4,9228.55,71.42857142857143,8074.4,-56.26666666666642,-73.60000000000036,-0.0516853932584269,8520.0,8540.0,8440.0,8540.0,10300.0
2022-07-24,8540.0,8540.0,8440.0,8440.0,8226.6455078125,10300.0,8114.0,8064.0,8363.6,9215.6,71.42857142857143,8071.8,-49.19999999999891,-70.5,-0.0580357142857143,8520.0,8540.0,8440.0,8540.0,10300.0
2022-07-25,8490.0,8490.0,8000.0,8000.0,7797.76904296875,22400.0,8121.0,8061.2,8349.733333333334,9202.1,43.94904458598727,8060.4,-51.19999999999891,-69.25,-0.1111111111111111,8520.0,8540.0,8440.0,8540.0,10300.0
2022-07-26,8200.0,8390.0,8130.0,8330.0,8119.42724609375,16100.0,8151.5,8083.2,8342.4,9190.55,64.55696202531647,8051.8,-47.60000000000037,-66.40000000000146,-0.0629921259842519,8520.0,8490.0,8000.0,8490.0,22400.0
2022-07-27,8180.0,8300.0,8080.0,8130.0,7924.48291015625,9500.0,8161.5,8097.2,8330.8,9178.0,56.321839080459775,8038.6,-47.20000000000073,-64.14999999999964,-0.0854893138357705,8520.0,8390.0,8330.0,8200.0,16100.0
2022-07-28,8320.0,8320.0,8050.0,8320.0,8109.68017578125,9600.0,8188.5,8118.8,8321.733333333334,9166.4,57.30337078651685,8027.2,-48.66666666666606,-62.14999999999964,-0.0641169853768278,8520.0,8300.0,8130.0,8180.0,9500.0
2022-07-29,8230.0,8380.0,8200.0,8200.0,7992.71337890625,7100.0,8209.5,8130.4,8311.066666666668,9154.2,49.13294797687861,8014.8,-52.53333333333285,-61.39999999999964,-0.0899001109877913,8520.0,8320.0,8320.0,8320.0,9600.0
2022-07-30,8230.0,8380.0,8200.0,8200.0,7992.71337890625,7100.0,8230.5,8144.0,8300.0,9142.8,49.13294797687861,8004.8,-49.733333333333576,-59.30000000000109,-0.0681818181818182,8520.0,8380.0,8200.0,8230.0,7100.0
2022-07-31,8230.0,8380.0,8200.0,8200.0,7992.71337890625,7100.0,8231.0,8163.2,8286.666666666666,9129.6,49.13294797687861,7994.8,-55.733333333333576,-60.94999999999891,-0.0734463276836158,8520.0,8380.0,8200.0,8230.0,7100.0
2022-08-01,8110.0,8500.0,8110.0,8500.0,8285.1298828125,12700.0,8262.5,8186.0,8276.933333333332,9119.4,56.65024630541872,7990.8,-53.86666666666679,-58.60000000000037,-0.0081680280046674,8520.0,8380.0,8200.0,8230.0,7100.0
2022-08-02,8480.0,8480.0,8190.0,8190.0,7982.9658203125,11000.0,8276.5,8202.4,8265.333333333334,9109.05,50.0,7986.6,-56.39999999999964,-57.35000000000037,-0.0443407234539089,8520.0,8500.0,8500.0,8110.0,12700.0
2022-08-03,8180.0,8220.0,8030.0,8090.0,7885.494140625,8600.0,8278.0,8214.8,8252.0,9098.2,41.58878504672897,7984.6,-59.06666666666752,-56.0,-0.0560093348891481,8520.0,8480.0,8190.0,8480.0,11000.0
2022-08-04,8110.0,8140.0,8030.0,8110.0,7904.98828125,4500.0,8272.0,8228.0,8238.933333333332,9087.45,40.19138755980861,7989.0,-61.06666666666752,-55.34999999999855,-0.0536756126021003,8520.0,8220.0,8090.0,8180.0,8600.0
2022-08-05,8170.0,8400.0,8170.0,8380.0,8168.1630859375,9700.0,8279.5,8235.6,8229.466666666667,9077.35,48.6842105263158,8002.4,-57.19999999999891,-52.25,-0.0433789954337899,8520.0,8140.0,8110.0,8110.0,4500.0
2022-08-06,8170.0,8400.0,8170.0,8380.0,8168.1630859375,9700.0,8287.0,8256.0,8220.266666666666,9067.75,48.6842105263158,8019.0,-56.66666666666606,-51.64999999999964,-0.0466439135381114,8520.0,8400.0,8380.0,8170.0,9700.0
2022-08-07,8170.0,8400.0,8170.0,8380.0,8168.1630859375,9700.0,8294.5,8274.8,8213.333333333334,9059.65,48.6842105263158,8035.6,-52.0,-49.39999999999964,-0.0573678290213722,8520.0,8400.0,8380.0,8170.0,9700.0
2022-08-08,8230.0,8460.0,8230.0,8460.0,8246.140625,7700.0,8308.0,8290.8,8206.666666666666,9050.95,61.97916666666666,8053.8,-45.33333333333394,-47.25,-0.0408163265306122,8520.0,8400.0,8380.0,8170.0,9700.0
2022-08-09,8380.0,8450.0,8300.0,8310.0,8099.9326171875,8900.0,8301.0,8294.0,8197.466666666667,9041.8,49.425287356321846,8069.6,-41.46666666666533,-45.650000000001455,-0.0448275862068965,8520.0,8460.0,8460.0,8230.0,7700.0
2022-08-10,8160.0,8350.0,8160.0,8170.0,7963.4716796875,11800.0,8283.5,8291.6,8187.866666666667,9031.95,51.19047619047619,8078.4,-41.60000000000037,-45.39999999999964,-0.0609195402298851,8500.0,8450.0,8310.0,8380.0,8900.0
2022-08-11,8160.0,8350.0,8160.0,8170.0,7963.4716796875,11800.0,8270.0,8289.2,8178.266666666666,9022.1,44.96644295302013,8090.0,-42.0,-45.64999999999964,-0.0609195402298851,8500.0,8350.0,8170.0,8160.0,11800.0
2022-08-12,8150.0,8450.0,8150.0,8420.0,8207.15234375,9000.0,8269.0,8296.8,8172.0,9013.4,56.79012345679012,8107.4,-41.33333333333394,-46.25,0.0023809523809523,8500.0,8350.0,8170.0,8160.0,11800.0
2022-08-13,8150.0,8450.0,8150.0,8420.0,8207.15234375,9000.0,8268.0,8306.0,8164.133333333333,9006.9,56.79012345679012,8122.8,-42.53333333333285,-44.05000000000109,0.0280830280830279,8500.0,8450.0,8420.0,8150.0,9000.0
2022-08-14,8150.0,8450.0,8150.0,8420.0,8207.15234375,9000.0,8289.0,8304.8,8159.066666666667,9001.5,56.79012345679012,8138.2,-38.40000000000055,-40.29999999999927,0.0671736375158429,8500.0,8450.0,8420.0,8150.0,9000.0
2022-08-15,8390.0,8540.0,8390.0,8530.0,8314.37109375,9800.0,8299.0,8305.2,8154.8,8998.75,51.04895104895105,8155.8,-33.066666666666606,-33.20000000000073,0.1063553826199741,8530.0,8450.0,8420.0,8150.0,9000.0
2022-08-16,8400.0,8530.0,8400.0,8480.0,8265.634765625,5700.0,8316.5,8306.8,8153.6,8992.95,62.39316239316239,8168.6,-24.66666666666606,-29.14999999999964,0.1231788079470199,8530.0,8540.0,8530.0,8390.0,9800.0
2022-08-17,8480.0,8510.0,8420.0,8500.0,8285.1298828125,7900.0,8325.5,8309.2,8152.666666666667,8987.25,68.80733944954129,8178.4,-19.33333333333303,-26.14999999999964,0.1258278145695364,8530.0,8530.0,8480.0,8400.0,5700.0
2022-08-18,8350.0,8490.0,8310.0,8450.0,8236.3935546875,10400.0,8338.0,8309.6,8151.066666666667,8981.3,65.17857142857143,8186.8,-13.066666666666606,-25.600000000000364,0.1192052980132449,8530.0,8510.0,8500.0,8480.0,7900.0
2022-08-19,8450.0,8510.0,8370.0,8400.0,8187.6572265625,7800.0,8348.0,8325.6,8148.8,8975.05,51.11111111111111,8193.4,-10.266666666666424,-26.450000000000728,0.1170212765957445,8530.0,8490.0,8450.0,8350.0,10400.0
2022-08-20,8450.0,8510.0,8370.0,8400.0,8187.6572265625,7800.0,8358.0,8328.4,8144.0,8969.5,51.11111111111111,8205.8,-10.800000000000182,-29.25,0.0866752910737387,8530.0,8510.0,8400.0,8450.0,7800.0
2022-08-21,8450.0,8510.0,8370.0,8400.0,8187.6572265625,7800.0,8353.0,8339.2,8138.8,8961.65,51.11111111111111,8218.2,-14.800000000000182,-31.30000000000109,0.1067193675889328,8530.0,8510.0,8400.0,8450.0,7800.0
2022-08-22,8250.0,8370.0,8250.0,8330.0,8119.42724609375,5700.0,8360.0,8339.6,8131.333333333333,8954.7,42.69662921348315,8229.2,-21.33333333333394,-32.54999999999927,0.1033112582781456,8530.0,8510.0,8400.0,8450.0,7800.0
2022-08-23,8390.0,8390.0,8270.0,8340.0,8129.17333984375,7300.0,8372.5,8345.2,8124.933333333333,8947.85,51.99999999999999,8237.8,-26.13333333333321,-33.44999999999891,0.0901960784313724,8530.0,8370.0,8330.0,8250.0,5700.0
2022-08-24,8270.0,8310.0,8150.0,8150.0,7943.9765625,5900.0,8374.5,8343.2,8117.6,8940.05,48.75,8243.6,-31.19999999999981,-35.0,0.065359477124183,8530.0,8390.0,8340.0,8390.0,7300.0
2022-08-25,8310.0,8360.0,8240.0,8270.0,8060.943359375,4600.0,8369.0,8346.0,8111.866666666667,8932.85,55.434782608695656,8254.6,-32.13333333333321,-36.64999999999964,0.0810457516339868,8530.0,8310.0,8150.0,8270.0,5900.0
2022-08-26,8420.0,8420.0,8190.0,8230.0,8021.955078125,4600.0,8361.5,8335.2,8105.6,8926.6,36.61971830985915,8260.6,-33.19999999999982,-35.04999999999927,0.0497448979591836,8530.0,8360.0,8270.0,8310.0,4600.0
2022-08-27,8420.0,8420.0,8190.0,8230.0,8021.955078125,4600.0,8354.0,8336.8,8103.333333333333,8920.25,36.61971830985915,8269.6,-28.0,-34.45000000000073,0.0274656679151061,8530.0,8420.0,8230.0,8420.0,4600.0
2022-08-28,8420.0,8420.0,8190.0,8230.0,8021.955078125,4600.0,8342.5,8342.4,8103.866666666667,8911.55,36.61971830985915,8278.6,-21.06666666666661,-36.30000000000109,0.0249066002490661,8530.0,8420.0,8230.0,8420.0,4600.0
2022-08-29,8060.0,8130.0,8010.0,8010.0,7807.51611328125,12200.0,8327.5,8338.4,8105.466666666666,8901.25,18.292682926829272,8283.2,-12.133333333334122,-38.79999999999927,-0.0074349442379182,8530.0,8420.0,8230.0,8420.0,4600.0
2022-08-30,8140.0,8210.0,8080.0,8200.0,7992.71337890625,6000.0,8329.0,8331.2,8112.0,8891.9,35.41666666666667,8283.4,0.133333333333212,-40.95000000000073,0.0539845758354755,8530.0,8130.0,8010.0,8060.0,12200.0
2022-08-31,8050.0,8340.0,8050.0,8160.0,7953.72412109375,13400.0,8328.5,8322.4,8120.133333333333,8882.35,32.65306122448979,8289.2,14.533333333332848,-44.25,0.0488431876606683,8530.0,8210.0,8200.0,8140.0,6000.0
2022-09-01,8090.0,8090.0,7930.0,7940.0,7739.28564453125,10900.0,8304.5,8304.8,8125.333333333333,8871.7,27.82608695652173,8289.8,22.0,-48.54999999999927,0.0205655526992287,8530.0,8340.0,8160.0,8050.0,13400.0
2022-09-02,8090.0,8090.0,7710.0,7790.0,7593.0771484375,11800.0,8273.0,8278.0,8128.533333333334,8861.6,25.599999999999994,8284.4,24.66666666666697,-49.94999999999891,-0.0151706700379267,8530.0,8090.0,7940.0,8090.0,10900.0
2022-09-03,8090.0,8090.0,7710.0,7790.0,7593.0771484375,11800.0,8241.5,8257.2,8132.133333333333,8851.35,25.599999999999994,8275.6,26.66666666666697,-49.89999999999964,-0.0089058524173027,8530.0,8090.0,7790.0,8090.0,11800.0
2022-09-04,8090.0,8090.0,7710.0,7790.0,7593.0771484375,11800.0,8204.5,8242.0,8132.933333333333,8840.35,25.599999999999994,8266.8,20.9333333333334,-51.54999999999927,0.0090673575129534,8500.0,8090.0,7790.0,8090.0,11800.0
2022-09-05,7780.0,7860.0,7740.0,7770.0,7573.58349609375,9900.0,8169.0,8226.0,8135.333333333333,8830.9,26.66666666666667,8257.6,15.199999999999818,-51.45000000000073,-0.0201765447667087,8500.0,8090.0,7790.0,8090.0,11800.0
2022-09-06,7770.0,7820.0,7620.0,7690.0,7495.60546875,13200.0,8128.5,8196.8,8137.2,8820.9,24.409448818897644,8246.8,11.866666666666788,-50.80000000000109,-0.0115681233933161,8450.0,7860.0,7770.0,7780.0,9900.0
2022-09-07,7610.0,7770.0,7560.0,7560.0,7368.8916015625,11000.0,8084.0,8162.4,8136.0,8810.25,25.6198347107438,8234.2,7.466666666666242,-51.35000000000037,-0.0282776349614395,8400.0,7820.0,7690.0,7770.0,13200.0
2022-09-08,7520.0,7720.0,7520.0,7700.0,7505.3525390625,12000.0,8049.0,8133.6,8136.666666666667,8800.3,26.82926829268293,8219.2,4.533333333333758,-51.05000000000109,-0.0102827763496143,8400.0,7770.0,7560.0,7610.0,11000.0
2022-09-09,7700.0,7780.0,7650.0,7650.0,7456.6162109375,11900.0,8011.5,8098.4,8136.666666666667,8790.15,26.61290322580645,8201.8,3.733333333333576,-50.20000000000073,-0.0659340659340659,8400.0,7720.0,7700.0,7520.0,12000.0
2022-09-10,7700.0,7780.0,7650.0,7650.0,7456.6162109375,11900.0,7974.0,8065.2,8134.133333333333,8781.65,26.61290322580645,8186.0,-1.199999999999818,-49.25,-0.0279542566709021,8340.0,7780.0,7650.0,7700.0,11900.0
2022-09-11,7700.0,7780.0,7650.0,7650.0,7456.6162109375,11900.0,7940.0,8031.2,8129.333333333333,8773.15,26.61290322580645,8170.2,-7.866666666666788,-47.75,-0.0328697850821744,8340.0,7780.0,7650.0,7700.0,11900.0
2022-09-12,7800.0,7840.0,7710.0,7760.0,7563.8359375,10400.0,7911.0,8003.6,8125.733333333334,8765.7,38.93805309734513,8156.6,-10.266666666666424,-44.54999999999927,-0.0372208436724565,8270.0,7780.0,7650.0,7700.0,11900.0
2022-09-13,7660.0,7740.0,7650.0,7700.0,7505.3525390625,9400.0,7888.5,7975.6,8120.8,8756.85,25.00000000000001,8150.6,-15.866666666666788,-43.44999999999891,-0.0643985419198055,8270.0,7840.0,7760.0,7800.0,10400.0
2022-09-14,7600.0,7610.0,7500.0,7560.0,7368.8916015625,12400.0,7853.0,7942.0,8117.866666666667,8747.3,22.727272727272734,8135.2,-18.800000000000185,-42.85000000000037,-0.0814094775212637,8230.0,7740.0,7700.0,7660.0,9400.0
2022-09-15,7560.0,7620.0,7540.0,7550.0,7359.14453125,6300.0,7819.0,7908.0,8114.8,8737.7,28.08988764044944,8123.6,-19.33333333333303,-43.94999999999891,-0.0826245443499392,8230.0,7610.0,7560.0,7600.0,12400.0
2022-09-16,7510.0,7570.0,7480.0,7480.0,7290.91357421875,8300.0,7781.5,7874.0,8110.8,8726.5,30.86419753086419,8106.8,-18.53333333333285,-46.64999999999964,-0.0911300121506683,8230.0,7620.0,7550.0,7560.0,6300.0
2022-09-17,7510.0,7570.0,7480.0,7480.0,7290.91357421875,8300.0,7744.0,7839.6,8105.066666666667,8714.3,30.86419753086419,8092.4,-20.66666666666697,-51.400000000001455,-0.0866910866910867,8200.0,7570.0,7480.0,7510.0,8300.0
2022-09-18,7510.0,7570.0,7480.0,7480.0,7290.91357421875,8300.0,7717.5,7812.8,8100.0,8703.8,30.86419753086419,8078.0,-20.800000000000185,-53.05000000000109,-0.114792899408284,8200.0,7570.0,7480.0,7510.0,8300.0
2022-09-19,7510.0,7570.0,7480.0,7480.0,7290.91357421875,8300.0,7681.5,7781.2,8096.8,8693.7,31.64556962025317,8063.6,-21.06666666666661,-53.59999999999855,-0.1220657276995305,8160.0,7570.0,7480.0,7510.0,8300.0
2022-09-20,7490.0,7560.0,7420.0,7500.0,7310.40869140625,12900.0,7648.5,7752.0,8091.066666666667,8682.9,36.98630136986301,8043.6,-23.733333333333576,-54.80000000000109,-0.1113744075829383,7940.0,7570.0,7480.0,7510.0,8300.0
2022-09-21,7410.0,7460.0,7360.0,7420.0,7232.4306640625,11100.0,7622.5,7719.6,8086.266666666666,8671.7,39.70588235294118,8028.2,-24.53333333333376,-54.79999999999927,-0.1208530805687203,7790.0,7560.0,7500.0,7490.0,12900.0
2022-09-22,7300.0,7360.0,7240.0,7340.0,7154.453125,15700.0,7600.0,7684.0,8080.4,8660.1,20.967741935483872,8013.2,-24.66666666666697,-54.19999999999891,-0.1303317535545023,7790.0,7460.0,7420.0,7410.0,11100.0
2022-09-23,7300.0,7360.0,7240.0,7340.0,7154.453125,15700.0,7577.5,7657.2,8074.533333333334,8649.05,22.807017543859644,7997.8,-25.46666666666624,-54.75,-0.0825,7790.0,7360.0,7340.0,7300.0,15700.0
2022-09-24,7300.0,7360.0,7240.0,7340.0,7154.453125,15700.0,7555.0,7622.8,8063.2,8638.05,22.807017543859644,7977.0,-33.600000000000364,-55.650000000001455,-0.1188475390156063,7770.0,7360.0,7340.0,7300.0,15700.0
2022-09-25,7300.0,7360.0,7240.0,7340.0,7154.453125,15700.0,7533.5,7590.0,8056.133333333333,8627.55,22.807017543859644,7956.2,-34.933333333333394,-55.35000000000037,-0.0971709717097171,7760.0,7360.0,7340.0,7300.0,15700.0
2022-09-26,7250.0,7320.0,7220.0,7300.0,7115.46435546875,22100.0,7514.0,7564.4,8048.0,8614.55,4.0,7934.6,-38.26666666666642,-57.150000000001455,-0.1225961538461538,7760.0,7360.0,7340.0,7300.0,15700.0
2022-09-27,7390.0,7390.0,7240.0,7270.0,7086.22265625,23900.0,7499.5,7543.6,8037.466666666666,8601.8,4.255319148936181,7910.8,-42.933333333333394,-58.30000000000109,-0.1134146341463414,7760.0,7320.0,7300.0,7250.0,22100.0
2022-09-28,7300.0,7330.0,7120.0,7250.0,7066.72802734375,67300.0,7477.0,7522.0,8024.4,8588.95,5.714285714285708,7889.6,-50.13333333333412,-60.09999999999855,-0.1158536585365853,7760.0,7390.0,7270.0,7390.0,23900.0
2022-09-29,7260.0,7500.0,7250.0,7500.0,7310.40869140625,21200.0,7469.5,7510.4,8014.666666666667,8577.35,45.76271186440678,7876.2,-48.53333333333285,-60.69999999999891,-0.0853658536585365,7760.0,7330.0,7250.0,7300.0,67300.0
2022-09-30,7420.0,7550.0,7400.0,7420.0,7232.4306640625,13800.0,7458.0,7496.4,8003.866666666667,8566.9,45.0,7861.2,-52.26666666666642,-60.64999999999964,-0.1270588235294117,7760.0,7500.0,7500.0,7260.0,21200.0
2022-10-01,7420.0,7550.0,7400.0,7420.0,7232.4306640625,13800.0,7446.5,7485.6,7993.066666666667,8555.7,45.0,7841.2,-54.933333333333394,-58.84999999999855,-0.094017094017094,7760.0,7550.0,7420.0,7420.0,13800.0
2022-10-02,7420.0,7550.0,7400.0,7420.0,7232.4306640625,13800.0,7429.5,7480.0,7982.8,8544.1,45.0,7821.2,-54.66666666666606,-57.69999999999891,-0.0828182941903584,7700.0,7550.0,7420.0,7420.0,13800.0
2022-10-03,7280.0,7370.0,7210.0,7290.0,7105.716796875,11400.0,7409.0,7463.6,7967.333333333333,8529.1,36.98630136986301,7798.6,-57.066666666666606,-59.85000000000037,-0.1011097410604192,7560.0,7550.0,7420.0,7420.0,13800.0
2022-10-04,7440.0,7810.0,7430.0,7770.0,7573.58349609375,21400.0,7419.5,7468.4,7957.333333333333,8516.75,61.34453781512605,7783.4,-57.33333333333394,-60.60000000000037,-0.0727923627684964,7770.0,7370.0,7290.0,7280.0,11400.0
2022-10-05,7770.0,7770.0,7620.0,7690.0,7495.60546875,15000.0,7426.5,7470.0,7947.333333333333,8504.0,61.34453781512605,7767.6,-56.53333333333376,-62.89999999999964,-0.0823389021479713,7770.0,7810.0,7770.0,7440.0,21400.0
2022-10-06,7660.0,7760.0,7540.0,7600.0,7407.880859375,19700.0,7432.5,7468.0,7936.133333333333,8490.8,60.833333333333336,7749.6,-56.933333333333394,-64.90000000000146,-0.0930787589498807,7770.0,7770.0,7690.0,7770.0,15000.0
2022-10-07,7500.0,7560.0,7500.0,7530.0,7339.64990234375,9600.0,7435.0,7458.8,7924.0,8477.25,57.480314960629926,7731.2,-58.80000000000018,-66.85000000000036,-0.1099290780141843,7770.0,7760.0,7600.0,7660.0,19700.0
2022-10-08,7500.0,7560.0,7500.0,7530.0,7339.64990234375,9600.0,7437.5,7452.0,7917.733333333334,8464.05,57.480314960629926,7713.8,-49.599999999999454,-65.05000000000109,-0.0938628158844765,7770.0,7560.0,7530.0,7500.0,9600.0
2022-10-09,7500.0,7560.0,7500.0,7530.0,7339.64990234375,9600.0,7440.0,7450.8,7907.066666666667,8451.25,57.480314960629926,7696.4,-50.26666666666642,-65.5,-0.0783353733170134,7770.0,7560.0,7530.0,7500.0,9600.0
2022-10-10,7500.0,7560.0,7500.0,7530.0,7339.64990234375,9600.0,7441.5,7450.0,7899.066666666667,8437.9,59.34959349593496,7679.0,-48.26666666666642,-66.10000000000036,-0.0783353733170134,7770.0,7560.0,7530.0,7500.0,9600.0
2022-10-11,7310.0,7400.0,7080.0,7080.0,6901.025390625,21000.0,7424.5,7434.0,7882.533333333334,8422.15,44.24242424242425,7654.0,-53.599999999999454,-68.64999999999964,-0.1591448931116389,7770.0,7560.0,7530.0,7500.0,9600.0
2022-10-12,7000.0,7060.0,6880.0,6980.0,6803.55322265625,20500.0,7406.5,7414.0,7866.266666666666,8405.9,42.19653179190751,7626.8,-57.733333333333576,-71.35000000000036,-0.171021377672209,7770.0,7400.0,7080.0,7310.0,21000.0
2022-10-13,6880.0,6880.0,6650.0,6660.0,6491.642578125,17900.0,7372.5,7381.2,7845.733333333334,8388.05,26.666666666666657,7597.0,-72.0,-76.0,-0.2090261282660332,7770.0,7060.0,6980.0,7000.0,20500.0
2022-10-14,6690.0,6980.0,6690.0,6950.0,6774.3115234375,19400.0,7353.0,7360.0,7829.066666666667,8371.05,38.30845771144279,7570.6,-78.0,-80.20000000000073,-0.1852286049237983,7770.0,6880.0,6660.0,6880.0,17900.0
2022-10-15,6690.0,6980.0,6690.0,6950.0,6774.3115234375,19400.0,7333.5,7338.0,7808.4,8352.4,38.30845771144279,7545.0,-90.66666666666696,-85.5,-0.1804245283018868,7770.0,6980.0,6950.0,6690.0,19400.0
2022-10-16,6690.0,6980.0,6690.0,6950.0,6774.3115234375,19400.0,7316.0,7319.2,7791.866666666667,8336.45,38.30845771144279,7519.4,-90.66666666666696,-85.69999999999891,-0.1823529411764706,7770.0,6980.0,6950.0,6690.0,19400.0
2022-10-17,6750.0,7000.0,6750.0,6920.0,6745.0703125,14700.0,7298.5,7302.4,7776.266666666666,8320.75,40.31413612565446,7493.2,-90.0,-85.14999999999964,-0.1810650887573964,7770.0,6980.0,6950.0,6690.0,19400.0
2022-10-18,7020.0,7090.0,6840.0,7020.0,6842.5419921875,10700.0,7287.0,7289.6,7761.733333333334,8306.2,25.490196078431367,7473.4,-84.0,-81.84999999999854,-0.1642857142857142,7770.0,7000.0,6920.0,6750.0,14700.0
2022-10-19,7020.0,7060.0,6980.0,7050.0,6871.78369140625,9200.0,7264.5,7278.0,7744.0,8291.8,28.378378378378383,7450.4,-85.0666666666666,-79.25,-0.1607142857142857,7770.0,7090.0,7020.0,7020.0,10700.0
2022-10-20,6910.0,7080.0,6910.0,7030.0,6852.28955078125,9700.0,7245.0,7265.6,7726.0,8277.3,29.787234042553195,7427.8,-82.39999999999964,-75.10000000000036,-0.163095238095238,7770.0,7060.0,7050.0,7020.0,9200.0
2022-10-21,6970.0,7050.0,6920.0,6970.0,6793.80615234375,10400.0,7222.5,7252.4,7707.2,8262.0,30.0,7408.4,-84.66666666666697,-74.45000000000073,-0.1632653061224489,7770.0,7080.0,7030.0,6910.0,9700.0
2022-10-22,6970.0,7050.0,6920.0,6970.0,6793.80615234375,10400.0,7200.0,7240.4,7687.333333333333,8247.25,30.0,7392.0,-88.9333333333334,-73.5,-0.1642685851318944,7770.0,7050.0,6970.0,6970.0,10400.0
2022-10-23,6970.0,7050.0,6920.0,6970.0,6793.80615234375,10400.0,7184.0,7229.2,7669.466666666666,8232.8,30.0,7375.6,-92.26666666666732,-73.40000000000146,-0.1447852760736196,7770.0,7050.0,6970.0,6970.0,10400.0
2022-10-24,7030.0,7100.0,6780.0,7000.0,6823.0478515625,30600.0,7145.5,7209.2,7653.866666666667,8220.9,31.468531468531467,7359.8,-90.1333333333332,-70.89999999999964,-0.1535671100362756,7690.0,7050.0,6970.0,6970.0,10400.0
2022-10-25,7120.0,7130.0,6890.0,7130.0,6949.76171875,15300.0,7117.5,7197.6,7640.0,8209.7,52.252252252252255,7347.0,-86.0,-67.59999999999854,-0.1336573511543135,7600.0,7100.0,7000.0,7030.0,30600.0
2022-10-26,7230.0,7350.0,7180.0,7300.0,7115.46435546875,10600.0,7102.5,7192.8,7625.066666666667,8199.35,63.5593220338983,7339.2,-82.13333333333321,-62.64999999999964,-0.1130012150668287,7530.0,7130.0,7130.0,7120.0,15300.0
2022-10-27,7320.0,7490.0,7300.0,7350.0,7164.2001953125,12100.0,7093.5,7190.0,7610.8,8189.25,87.91208791208791,7335.0,-76.53333333333285,-58.0,-0.1069258809234507,7530.0,7350.0,7300.0,7230.0,10600.0
2022-10-28,7200.0,7410.0,7010.0,7130.0,6949.76171875,56200.0,7073.5,7183.6,7593.6,8179.3,60.71428571428572,7323.6,-75.86666666666588,-53.49999999999909,-0.1098626716604245,7530.0,7490.0,7350.0,7320.0,12100.0
2022-10-29,7200.0,7410.0,7010.0,7130.0,6949.76171875,56200.0,7053.5,7158.0,7574.933333333333,8171.4,60.71428571428572,7313.2,-78.9333333333334,-49.5,-0.1304878048780487,7530.0,7410.0,7130.0,7200.0,56200.0
2022-10-30,7200.0,7410.0,7010.0,7130.0,6949.76171875,56200.0,7033.5,7135.6,7556.933333333333,8161.6,60.71428571428572,7302.8,-83.0666666666666,-48.10000000000037,-0.1262254901960784,7350.0,7410.0,7130.0,7200.0,56200.0
2022-10-31,7130.0,7520.0,7080.0,7430.0,7242.177734375,14100.0,7051.0,7128.8,7542.666666666667,8152.65,72.97297297297297,7298.4,-82.39999999999964,-46.70000000000073,-0.0642317380352645,7430.0,7410.0,7130.0,7200.0,56200.0
2022-11-01,7520.0,7520.0,7310.0,7330.0,7144.7060546875,7100.0,7068.5,7120.8,7527.733333333334,8143.6,63.96396396396396,7289.8,-83.0666666666666,-45.64999999999964,-0.0590500641848523,7430.0,7520.0,7430.0,7130.0,14100.0
2022-11-02,7290.0,7290.0,7160.0,7200.0,7017.9921875,4300.0,7095.5,7107.6,7511.733333333334,8133.9,56.19834710743802,7279.8,-81.86666666666679,-45.40000000000055,-0.0757381258023106,7430.0,7520.0,7330.0,7520.0,7100.0
2022-11-03,7290.0,7290.0,7160.0,7200.0,7017.9921875,4300.0,7108.0,7094.4,7495.733333333334,8124.2,57.14285714285714,7272.6,-79.19999999999982,-47.19999999999982,-0.0757381258023106,7430.0,7290.0,7200.0,7290.0,4300.0
2022-11-04,7140.0,7140.0,6930.0,7030.0,6852.28955078125,11300.0,7112.0,7074.4,7477.466666666666,8114.35,52.30769230769231,7262.2,-79.46666666666715,-47.25,-0.0952380952380952,7430.0,7290.0,7200.0,7290.0,4300.0
2022-11-05,7140.0,7140.0,6930.0,7030.0,6852.28955078125,11300.0,7116.0,7072.4,7460.133333333333,8104.35,52.30769230769231,7253.2,-82.53333333333376,-48.29999999999927,-0.0858257477243172,7430.0,7140.0,7030.0,7140.0,11300.0
2022-11-06,7140.0,7140.0,6930.0,7030.0,6852.28955078125,11300.0,7121.5,7074.4,7442.666666666667,8093.5,52.30769230769231,7244.2,-85.0666666666666,-50.10000000000037,-0.0701058201058201,7430.0,7140.0,7030.0,7140.0,11300.0
2022-11-07,7030.0,7030.0,6930.0,6990.0,6813.30078125,5900.0,7120.0,7087.6,7427.2,8082.5,49.61832061068702,7234.4,-84.53333333333376,-51.39999999999964,-0.0922077922077921,7430.0,7140.0,7030.0,7140.0,11300.0
2022-11-08,6960.0,7020.0,6930.0,6990.0,6813.30078125,4500.0,7117.0,7089.2,7410.133333333333,8071.45,44.06779661016949,7224.6,-85.60000000000036,-52.75,-0.0862745098039216,7430.0,7030.0,6990.0,7030.0,5900.0
2022-11-09,7010.0,7010.0,6880.0,6900.0,6725.57568359375,6400.0,7110.5,7087.2,7392.4,8059.95,31.818181818181827,7212.6,-85.0666666666666,-54.40000000000055,-0.0980392156862745,7430.0,7020.0,6990.0,6960.0,4500.0
2022-11-10,6870.0,6910.0,6820.0,6850.0,6676.83935546875,5500.0,7104.5,7083.2,7374.0,8048.2,27.272727272727263,7201.2,-86.13333333333321,-56.15000000000055,-0.1045751633986927,7430.0,7010.0,6900.0,7010.0,6400.0
2022-11-11,6950.0,7120.0,6950.0,7080.0,6901.025390625,10100.0,7110.0,7089.6,7358.666666666667,8038.1,47.74774774774775,7196.0,-84.0,-55.39999999999964,-0.0876288659793814,7430.0,6910.0,6850.0,6870.0,5500.0
2022-11-12,6950.0,7120.0,6950.0,7080.0,6901.025390625,10100.0,7115.5,7092.0,7346.266666666666,8027.95,47.74774774774775,7190.8,-80.9333333333334,-54.55000000000018,-0.0805194805194805,7430.0,7120.0,7080.0,6950.0,10100.0
2022-11-13,6950.0,7120.0,6950.0,7080.0,6901.025390625,10100.0,7119.5,7093.2,7331.333333333333,8018.75,47.74774774774775,7185.6,-78.80000000000018,-52.69999999999982,-0.0634920634920634,7430.0,7120.0,7080.0,6950.0,10100.0
2022-11-14,7080.0,7120.0,6950.0,6950.0,6774.3115234375,11000.0,7110.5,7090.0,7315.2,8007.5,24.468085106382983,7177.8,-77.19999999999982,-52.44999999999982,-0.0794701986754966,7430.0,7120.0,7080.0,6950.0,10100.0
2022-11-15,7080.0,7080.0,6980.0,7000.0,6823.0478515625,1800.0,7095.5,7091.2,7302.666666666667,7996.5,31.460674157303373,7171.8,-71.33333333333303,-51.69999999999982,-0.0641711229946524,7430.0,7120.0,6950.0,7080.0,11000.0
2022-11-16,7040.0,7300.0,6930.0,7210.0,7027.7392578125,10700.0,7088.5,7100.8,7294.933333333333,7986.55,50.51546391752576,7170.6,-63.733333333333576,-51.55000000000018,-0.036096256684492,7430.0,7080.0,7000.0,7080.0,1800.0
2022-11-17,7210.0,7430.0,7140.0,7370.0,7183.69482421875,9300.0,7100.5,7116.8,7289.333333333333,7977.4,57.52212389380532,7173.0,-56.933333333333394,-50.55000000000018,-0.0147058823529411,7430.0,7300.0,7210.0,7040.0,10700.0
2022-11-18,7490.0,7740.0,7480.0,7590.0,7398.13330078125,19700.0,7123.5,7140.4,7286.666666666667,7969.2,73.72881355932203,7174.8,-44.66666666666606,-49.55000000000018,0.0147058823529411,7590.0,7430.0,7370.0,7210.0,9300.0
2022-11-19,7490.0,7740.0,7480.0,7590.0,7398.13330078125,19700.0,7146.5,7158.8,7284.266666666666,7961.0,73.72881355932203,7178.2,-30.9333333333334,-46.5,0.012,7590.0,7740.0,7590.0,7490.0,19700.0
2022-11-20,7490.0,7740.0,7480.0,7590.0,7398.13330078125,19700.0,7154.5,7170.4,7282.933333333333,7952.8,73.72881355932203,7181.6,-19.733333333333576,-43.69999999999982,0.022911051212938,7590.0,7740.0,7590.0,7490.0,19700.0
2022-11-21,7590.0,7590.0,7320.0,7420.0,7232.4306640625,8700.0,7159.0,7173.2,7281.066666666667,7943.75,66.41221374045801,7181.6,-13.866666666666788,-42.80000000000018,0.0108991825613078,7590.0,7740.0,7590.0,7490.0,19700.0
2022-11-22,7540.0,7810.0,7510.0,7690.0,7495.60546875,20200.0,7183.5,7195.6,7280.933333333333,7935.5,72.15189873417722,7189.6,-8.399999999999636,-41.89999999999964,0.047683923705722,7690.0,7590.0,7420.0,7590.0,8700.0
2022-11-23,7540.0,7810.0,7510.0,7690.0,7495.60546875,20200.0,7208.0,7218.0,7281.466666666666,7927.25,76.51006711409396,7188.0,-5.200000000000728,-41.94999999999982,0.047683923705722,7690.0,7810.0,7690.0,7540.0,20200.0
2022-11-24,7690.0,7980.0,7690.0,7980.0,7778.27490234375,14400.0,7255.5,7252.0,7285.866666666667,7920.45,82.65895953757226,7193.8,1.6000000000003638,-40.55000000000018,0.0871934604904631,7980.0,7810.0,7690.0,7540.0,20200.0
2022-11-25,8030.0,8030.0,7960.0,8020.0,7817.26318359375,4700.0,7305.0,7275.6,7290.8,7915.5,80.51948051948052,7202.2,7.866666666666788,-37.30000000000018,0.0986301369863014,8020.0,7980.0,7980.0,7690.0,14400.0
2022-11-26,8030.0,8030.0,7960.0,8020.0,7817.26318359375,4700.0,7354.5,7303.2,7294.266666666666,7910.85,80.51948051948052,7212.0,13.199999999999818,-32.89999999999964,0.1031636863823934,8020.0,8030.0,8020.0,8030.0,4700.0
2022-11-27,8030.0,8030.0,7960.0,8020.0,7817.26318359375,4700.0,7406.0,7336.0,7298.533333333334,7905.75,80.51948051948052,7221.8,17.600000000000364,-29.75,0.1062068965517242,8020.0,8030.0,8020.0,8030.0,4700.0
2022-11-28,8060.0,8060.0,7890.0,7960.0,7758.7802734375,8800.0,7454.5,7366.4,7303.866666666667,7901.15,84.35374149659864,7230.4,22.400000000000546,-26.100000000000364,0.0613333333333332,8020.0,8030.0,8020.0,8030.0,4700.0
2022-11-29,7940.0,7940.0,7650.0,7770.0,7573.58349609375,14600.0,7498.0,7396.0,7306.8,7895.0,73.91304347826087,7235.2,20.9333333333334,-25.44999999999981,0.0471698113207548,8020.0,8060.0,7960.0,8060.0,8800.0
2022-11-30,7880.0,7880.0,7590.0,7660.0,7466.36376953125,10600.0,7538.5,7421.2,7309.2,7888.3,64.90066225165563,7246.8,18.39999999999964,-27.19999999999981,0.0323450134770888,8020.0,7940.0,7770.0,7940.0,14600.0
2022-12-01,7770.0,7780.0,7490.0,7490.0,7300.6611328125,13300.0,7559.0,7439.6,7309.333333333333,7880.75,53.94736842105264,7257.0,15.066666666666606,-30.100000000000364,0.009433962264151,8020.0,7880.0,7660.0,7880.0,10600.0
2022-12-02,7480.0,7480.0,7210.0,7220.0,7037.486328125,13600.0,7566.0,7448.8,7305.866666666667,7871.7,38.21656050955414,7268.2,7.33333333333303,-34.05000000000018,-0.00960219478738,8020.0,7780.0,7490.0,7770.0,13300.0
2022-12-03,7480.0,7480.0,7210.0,7220.0,7037.486328125,13600.0,7573.0,7458.0,7302.4,7861.8,38.21656050955414,7273.6,-1.4666666666671515,-39.349999999999454,-0.0707850707850707,8020.0,7480.0,7220.0,7480.0,13600.0
2022-12-04,7480.0,7480.0,7210.0,7220.0,7037.486328125,13600.0,7586.5,7470.8,7298.666666666667,7851.75,38.21656050955414,7279.0,-8.133333333333212,-43.25,-0.0611183355006501,8020.0,7480.0,7220.0,7480.0,13600.0
2022-12-05,7210.0,7220.0,7160.0,7170.0,6988.75048828125,4900.0,7595.0,7483.6,7295.333333333333,7842.3,41.37931034482759,7283.4,-13.866666666666788,-46.0,-0.056578947368421,8020.0,7480.0,7220.0,7480.0,13600.0
2022-12-06,7120.0,7130.0,6980.0,6980.0,6803.55322265625,13400.0,7583.5,7479.6,7290.533333333334,7831.75,24.08759124087591,7284.6,-18.799999999999272,-49.0,-0.0730411686586985,8020.0,7220.0,7170.0,7210.0,4900.0
2022-12-07,6980.0,7100.0,6960.0,7040.0,6862.037109375,8500.0,7567.0,7478.0,7286.533333333334,7821.5,27.272727272727263,7285.0,-19.33333333333303,-50.19999999999982,-0.0650730411686587,8020.0,7130.0,6980.0,7120.0,13400.0
2022-12-08,7090.0,7090.0,6960.0,6980.0,6803.55322265625,7400.0,7536.5,7474.0,7281.733333333334,7810.95,8.333333333333329,7283.6,-20.66666666666606,-50.85000000000037,-0.0730411686586985,8020.0,7100.0,7040.0,6980.0,8500.0
2022-12-09,6940.0,7150.0,6940.0,7150.0,6969.25634765625,12900.0,7514.5,7482.0,7279.2,7801.35,17.293233082706763,7286.0,-19.46666666666715,-50.39999999999964,-0.0504648074369189,8020.0,7090.0,6980.0,7090.0,7400.0
2022-12-10,6940.0,7150.0,6940.0,7150.0,6969.25634765625,12900.0,7492.5,7488.0,7277.2,7792.6,17.293233082706763,7289.6,-18.13333333333321,-49.69999999999982,0.0098870056497175,8020.0,7150.0,7150.0,6940.0,12900.0
2022-12-11,6940.0,7150.0,6940.0,7150.0,6969.25634765625,12900.0,7479.0,7485.6,7275.6,7783.55,17.293233082706763,7293.2,-14.933333333333394,-48.19999999999982,0.0243553008595989,8020.0,7150.0,7150.0,6940.0,12900.0
2022-12-12,7220.0,7380.0,7170.0,7330.0,7144.7060546875,10800.0,7461.0,7484.0,7276.666666666667,7775.2,28.27586206896551,7300.4,-9.866666666666788,-46.30000000000018,0.1006006006006006,8020.0,7150.0,7150.0,6940.0,12900.0
2022-12-13,7370.0,7520.0,7340.0,7380.0,7193.44140625,19100.0,7445.5,7475.6,7275.066666666667,7767.65,35.114503816793885,7308.0,-6.66666666666697,-43.30000000000018,0.0618705035971223,8020.0,7380.0,7330.0,7220.0,10800.0
2022-12-14,7420.0,7420.0,7210.0,7320.0,7134.95849609375,8700.0,7412.5,7464.8,7273.733333333334,7759.8,36.507936507936506,7311.8,-5.466666666666242,-41.55000000000018,0.0532374100719423,8020.0,7520.0,7380.0,7370.0,19100.0
2022-12-15,7320.0,7450.0,7320.0,7390.0,7203.18896484375,8200.0,7381.0,7456.8,7273.333333333333,7752.3,45.689655172413794,7313.6,-3.866666666666788,-40.30000000000018,0.0633093525179855,8020.0,7420.0,7320.0,7420.0,8700.0
2022-12-16,7290.0,7450.0,7280.0,7360.0,7173.94775390625,21600.0,7348.0,7454.4,7272.533333333334,7744.05,57.60869565217391,7313.8,-3.066666666666606,-39.5,0.0635838150289016,8020.0,7450.0,7390.0,7320.0,8200.0
2022-12-17,7290.0,7450.0,7280.0,7360.0,7173.94775390625,21600.0,7315.0,7441.2,7273.466666666666,7736.85,57.60869565217391,7318.4,-3.200000000000728,-38.349999999999454,0.0484330484330484,7960.0,7450.0,7360.0,7290.0,21600.0
2022-12-18,7290.0,7450.0,7280.0,7360.0,7173.94775390625,21600.0,7285.0,7428.0,7268.0,7729.4,57.60869565217391,7323.0,-7.066666666666606,-38.25,0.0439716312056737,7770.0,7450.0,7360.0,7290.0,21600.0
2022-12-19,7360.0,7360.0,7230.0,7240.0,7056.9814453125,9400.0,7258.5,7398.4,7262.0,7722.75,53.53535353535354,7325.2,-11.733333333333576,-37.05000000000018,0.0298719772403983,7660.0,7450.0,7360.0,7290.0,21600.0
2022-12-20,7270.0,7290.0,6960.0,7000.0,6823.0478515625,19500.0,7225.5,7357.6,7254.0,7714.9,50.96153846153846,7316.6,-19.33333333333303,-37.40000000000055,0.0043041606886657,7490.0,7360.0,7240.0,7360.0,9400.0
2022-12-21,7040.0,7040.0,6850.0,6910.0,6735.3232421875,28100.0,7196.5,7313.2,7245.733333333334,7706.6,43.92523364485981,7308.2,-26.800000000000185,-37.44999999999982,-0.0086083213773314,7390.0,7290.0,7000.0,7270.0,19500.0
2022-12-22,6940.0,7070.0,6930.0,7020.0,6842.5419921875,22800.0,7186.5,7273.2,7238.933333333333,7698.85,51.78571428571429,7304.6,-34.53333333333285,-38.0,0.007173601147776,7390.0,7040.0,6910.0,7040.0,28100.0
2022-12-23,7010.0,7090.0,6990.0,7090.0,6910.77294921875,40300.0,7180.0,7238.4,7233.066666666667,7690.5,47.05882352941176,7302.4,-34.933333333333394,-38.89999999999964,0.0128571428571429,7390.0,7070.0,7020.0,6940.0,22800.0
2022-12-24,7010.0,7090.0,6990.0,7090.0,6910.77294921875,40300.0,7173.5,7211.2,7227.2,7682.0,47.05882352941176,7303.6,-34.80000000000018,-40.75,-0.005610098176718,7390.0,7090.0,7090.0,7010.0,40300.0
2022-12-25,7010.0,7090.0,6990.0,7090.0,6910.77294921875,40300.0,7169.5,7188.4,7227.333333333333,7673.0,47.05882352941176,7304.8,-26.66666666666697,-41.89999999999964,-0.0287671232876712,7390.0,7090.0,7090.0,7010.0,40300.0
2022-12-26,7160.0,7230.0,7060.0,7220.0,7037.486328125,32700.0,7181.5,7177.6,7230.533333333334,7665.0,44.329896907216494,7308.6,-15.199999999999818,-41.60000000000037,-0.0176870748299319,7390.0,7090.0,7090.0,7010.0,40300.0
2022-12-27,7300.0,7450.0,7230.0,7340.0,7154.453125,28400.0,7196.5,7182.4,7239.6,7658.2,48.07692307692308,7315.6,0.6666666666669698,-40.65000000000055,0.0294530154277699,7390.0,7230.0,7220.0,7160.0,32700.0
2022-12-28,7340.0,7340.0,7160.0,7320.0,7134.95849609375,11700.0,7213.5,7186.4,7244.533333333334,7651.3,50.0,7322.2,11.466666666667152,-39.19999999999982,0.026647966339411,7390.0,7450.0,7340.0,7300.0,28400.0
2022-12-29,7320.0,7560.0,7210.0,7490.0,7300.6611328125,16900.0,7230.5,7197.2,7251.733333333334,7645.25,54.54545454545455,7334.0,24.53333333333376,-36.75,0.0504908835904629,7490.0,7340.0,7320.0,7340.0,11700.0
2022-12-30,7560.0,7610.0,7460.0,7500.0,7310.40869140625,21600.0,7248.0,7210.4,7259.066666666667,7640.75,56.48148148148149,7347.0,31.733333333333576,-32.25,0.009421265141319,7500.0,7560.0,7490.0,7320.0,16900.0
2022-12-31,7560.0,7610.0,7460.0,7500.0,7310.40869140625,21600.0,7265.5,7231.2,7266.8,7637.3,56.48148148148149,7355.4,36.26666666666642,-27.69999999999981,0.0231923601637107,7500.0,7610.0,7500.0,7560.0,21600.0
2023-01-01,7560.0,7610.0,7460.0,7500.0,7310.40869140625,21600.0,7274.0,7249.6,7273.2,7635.35,56.48148148148149,7363.8,33.599999999999454,-22.84999999999945,0.0416666666666667,7500.0,7610.0,7500.0,7560.0,21600.0
2023-01-02,7560.0,7610.0,7460.0,7500.0,7310.40869140625,21600.0,7280.0,7270.4,7279.2,7634.3,63.54166666666666,7372.2,34.66666666666606,-17.0,0.0416666666666667,7500.0,7610.0,7500.0,7560.0,21600.0
2023-01-03,7560.0,7610.0,7460.0,7500.0,7310.40869140625,21600.0,7289.0,7284.4,7285.466666666666,7634.05,84.72222222222223,7383.2,33.733333333332666,-11.199999999999818,0.0668563300142246,7500.0,7610.0,7500.0,7560.0,21600.0
2023-01-04,7480.0,7480.0,7330.0,7430.0,7242.177734375,10300.0,7291.0,7295.6,7291.6,7633.45,87.14285714285714,7391.8,32.53333333333376,-7.300000000000182,0.0568990042674253,7500.0,7610.0,7500.0,7560.0,21600.0
2023-01-05,7430.0,7510.0,7390.0,7460.0,7271.419921875,7500.0,7296.0,7308.0,7298.133333333333,7633.0,85.48387096774194,7396.8,31.33333333333303,-4.300000000000182,0.0611664295874823,7500.0,7480.0,7430.0,7480.0,10300.0
2023-01-06,7460.0,7770.0,7450.0,7670.0,7476.111328125,19800.0,7311.5,7321.6,7307.466666666666,7633.75,88.15789473684211,7402.8,34.266666666666424,-1.6000000000003638,0.0972818311874106,7670.0,7510.0,7460.0,7430.0,7500.0
2023-01-07,7460.0,7770.0,7450.0,7670.0,7476.111328125,19800.0,7327.0,7333.2,7316.4,7633.45,88.15789473684211,7404.4,37.19999999999982,-0.8500000000003638,0.0972818311874106,7670.0,7770.0,7670.0,7460.0,19800.0
2023-01-08,7460.0,7770.0,7450.0,7670.0,7476.111328125,19800.0,7348.5,7347.2,7323.6,7633.85,88.15789473684211,7406.0,38.13333333333412,-0.1999999999998181,0.1115942028985508,7670.0,7770.0,7670.0,7460.0,19800.0
2023-01-09,7460.0,7770.0,7450.0,7670.0,7476.111328125,19800.0,7382.0,7358.4,7328.533333333334,7634.45,85.71428571428571,7407.6,36.933333333333394,1.0,0.1197080291970802,7670.0,7770.0,7670.0,7460.0,19800.0
2023-01-10,7650.0,7760.0,7440.0,7450.0,7261.67236328125,10300.0,7409.0,7362.0,7329.866666666667,7633.45,57.53424657534247,7408.2,31.733333333333576,0.4499999999998181,0.0522598870056496,7670.0,7770.0,7670.0,7460.0,19800.0
2023-01-11,7570.0,7700.0,7540.0,7610.0,7417.6279296875,5200.0,7438.5,7372.0,7336.266666666666,7633.25,66.66666666666666,7406.6,28.800000000000185,-0.5,0.0748587570621468,7670.0,7760.0,7450.0,7650.0,10300.0
2023-01-12,7570.0,7730.0,7570.0,7730.0,7534.59423828125,5100.0,7470.5,7386.8,7344.266666666666,7633.65,64.6341463414634,7407.4,27.866666666666788,0.1999999999998181,0.0918079096045196,7730.0,7700.0,7610.0,7570.0,5200.0
2023-01-13,7620.0,7650.0,7440.0,7470.0,7281.16650390625,9300.0,7489.5,7396.0,7348.8,7631.8,48.598130841121495,7397.2,25.19999999999981,-2.050000000000182,0.0748201438848921,7730.0,7730.0,7730.0,7570.0,5100.0
2023-01-14,7620.0,7650.0,7440.0,7470.0,7281.16650390625,9300.0,7508.5,7414.8,7349.333333333333,7629.1,48.598130841121495,7386.2,20.799999999999272,-5.349999999999454,0.0671428571428571,7730.0,7650.0,7470.0,7620.0,9300.0
2023-01-15,7620.0,7650.0,7440.0,7470.0,7281.16650390625,9300.0,7521.0,7437.2,7351.2,7626.3,48.598130841121495,7375.2,21.33333333333303,-7.149999999999636,0.0360610263522884,7730.0,7650.0,7470.0,7620.0,9300.0
2023-01-16,7440.0,7590.0,7420.0,7460.0,7271.419921875,5200.0,7527.0,7454.8,7354.666666666667,7623.25,48.14814814814815,7364.0,18.400000000000546,-10.0,0.0122116689280868,7730.0,7650.0,7470.0,7620.0,9300.0
2023-01-17,7530.0,7710.0,7530.0,7680.0,7485.85791015625,8200.0,7545.0,7478.4,7361.066666666667,7622.75,56.92307692307692,7358.4,16.800000000000182,-10.899999999999636,0.0118577075098813,7730.0,7590.0,7460.0,7440.0,5200.0
2023-01-18,7750.0,7750.0,7610.0,7700.0,7505.3525390625,8900.0,7555.5,7502.8,7370.0,7622.35,60.8,7357.0,21.19999999999981,-9.449999999999818,0.0144927536231884,7730.0,7710.0,7680.0,7530.0,8200.0
2023-01-19,7560.0,7640.0,7560.0,7620.0,7427.375,7500.0,7561.5,7524.0,7377.866666666667,7621.55,56.15384615384615,7356.2,28.53333333333376,-7.550000000000182,0.0039525691699604,7730.0,7750.0,7700.0,7750.0,8900.0
2023-01-20,7620.0,7790.0,7560.0,7750.0,7554.08837890625,7200.0,7574.0,7545.2,7387.466666666666,7620.75,53.278688524590166,7361.4,36.26666666666642,-5.550000000000182,0.0444743935309972,7750.0,7640.0,7620.0,7560.0,7500.0
2023-01-21,7620.0,7790.0,7560.0,7750.0,7554.08837890625,7200.0,7586.5,7561.6,7397.6,7620.2,53.278688524590166,7372.0,42.933333333333394,-3.050000000000182,0.0078023407022107,7750.0,7790.0,7750.0,7620.0,7200.0
2023-01-22,7620.0,7790.0,7560.0,7750.0,7554.08837890625,7200.0,7599.0,7578.8,7407.733333333334,7620.35,53.278688524590166,7382.6,46.66666666666697,-2.399999999999636,0.0078023407022107,7750.0,7790.0,7750.0,7620.0,7200.0
2023-01-23,7740.0,7750.0,7630.0,7690.0,7495.60546875,7600.0,7608.5,7586.8,7418.266666666666,7619.15,50.78125,7392.0,48.26666666666642,-3.200000000000728,-0.0363408521303257,7750.0,7790.0,7750.0,7620.0,7200.0
2023-01-24,7760.0,7950.0,7730.0,7940.0,7739.28564453125,14800.0,7634.0,7604.4,7432.8,7619.95,68.70229007633588,7407.4,54.933333333333394,-1.6000000000003638,-0.0099750623441396,7940.0,7750.0,7690.0,7740.0,7600.0
2023-01-25,7980.0,7990.0,7900.0,7950.0,7749.03271484375,6700.0,7658.5,7622.4,7444.4,7620.8,64.65517241379311,7426.8,56.933333333333394,0.0500000000001819,-0.0087281795511221,7950.0,7950.0,7940.0,7760.0,14800.0
2023-01-26,7950.0,7950.0,7830.0,7870.0,7671.0556640625,8200.0,7668.5,7637.2,7454.933333333333,7621.25,56.25,7443.4,57.33333333333303,1.050000000000182,-0.0187032418952618,7950.0,7990.0,7950.0,7980.0,6700.0
2023-01-27,7900.0,7900.0,7790.0,7840.0,7641.8134765625,13700.0,7677.0,7650.8,7465.066666666667,7619.5,70.78651685393258,7460.6,57.33333333333303,-0.8500000000003638,-0.015075376884422,7950.0,7950.0,7870.0,7950.0,8200.0
2023-01-28,7900.0,7900.0,7790.0,7840.0,7641.8134765625,13700.0,7685.5,7664.4,7476.933333333333,7619.35,70.78651685393258,7474.4,58.66666666666697,0.2000000000007276,0.0090090090090089,7950.0,7900.0,7840.0,7900.0,13700.0
2023-01-29,7900.0,7900.0,7790.0,7840.0,7641.8134765625,13700.0,7694.0,7680.8,7488.133333333333,7619.0,70.78651685393258,7488.2,55.33333333333303,-0.949999999999818,0.0234986945169712,7950.0,7900.0,7840.0,7900.0,13700.0
2023-01-30,7840.0,8000.0,7820.0,7870.0,7671.0556640625,13800.0,7715.0,7697.2,7496.933333333333,7618.05,72.52747252747253,7502.6,52.53333333333376,-2.75,0.0507343124165553,7950.0,7900.0,7840.0,7900.0,13700.0
2023-01-31,7900.0,7990.0,7830.0,7960.0,7758.7802734375,11600.0,7732.5,7708.8,7504.8,7616.7,67.94871794871794,7515.2,49.86666666666679,-4.550000000000182,0.1024930747922436,7960.0,8000.0,7870.0,7840.0,13800.0
2023-02-01,7960.0,8140.0,7780.0,7790.0,7593.0771484375,16300.0,7735.5,7713.6,7507.466666666666,7614.5,54.83870967741936,7523.4,42.39999999999964,-5.0,0.0789473684210526,7960.0,7990.0,7960.0,7900.0,11600.0
2023-02-02,7850.0,7850.0,7740.0,7760.0,7563.8359375,8600.0,7750.0,7717.2,7509.733333333334,7612.15,57.95454545454546,7532.2,32.80000000000018,-7.200000000000728,0.0747922437673129,7960.0,8140.0,7790.0,7960.0,16300.0
2023-02-03,7720.0,7750.0,7670.0,7690.0,7495.60546875,10500.0,7761.0,7718.0,7511.066666666667,7609.45,46.34146341463415,7538.2,22.9333333333334,-9.550000000000182,0.0725244072524406,7960.0,7850.0,7760.0,7850.0,8600.0
2023-02-04,7720.0,7750.0,7670.0,7690.0,7495.60546875,10500.0,7772.0,7727.6,7514.666666666667,7606.95,46.34146341463415,7544.8,17.733333333333576,-11.100000000000364,0.1017191977077363,7960.0,7750.0,7690.0,7720.0,10500.0
2023-02-05,7720.0,7750.0,7670.0,7690.0,7495.60546875,10500.0,7783.5,7730.8,7514.666666666667,7603.15,46.34146341463415,7551.4,9.866666666666788,-13.550000000000182,0.0923295454545454,7960.0,7750.0,7690.0,7720.0,10500.0
2023-02-06,7690.0,7700.0,7610.0,7640.0,7446.86962890625,7700.0,7781.5,7727.2,7514.0,7598.75,46.913580246913575,7557.0,6.533333333333758,-15.75,0.0945558739255014,7960.0,7750.0,7690.0,7720.0,10500.0
2023-02-07,7750.0,7760.0,7580.0,7590.0,7398.13330078125,4700.0,7776.0,7732.0,7508.8,7594.5,21.31147540983608,7564.0,-0.933333333333394,-17.649999999999636,0.0615384615384615,7960.0,7700.0,7640.0,7690.0,7700.0
2023-02-08,7540.0,7550.0,7460.0,7460.0,7271.419921875,7400.0,7768.0,7731.6,7501.333333333333,7589.6,16.438356164383563,7573.2,-9.733333333333576,-19.84999999999945,0.0433566433566434,7960.0,7760.0,7590.0,7750.0,4700.0
2023-02-09,7400.0,7490.0,7380.0,7470.0,7281.16650390625,9600.0,7754.0,7731.6,7494.0,7584.75,19.69696969696969,7584.4,-20.66666666666697,-22.19999999999981,0.0447552447552448,7960.0,7550.0,7460.0,7540.0,7400.0
2023-02-10,7470.0,7530.0,7410.0,7490.0,7300.6611328125,7400.0,7741.0,7732.8,7486.933333333333,7582.2,23.07692307692308,7593.8,-27.733333333333576,-20.94999999999981,0.0218281036834924,7960.0,7490.0,7470.0,7400.0,9600.0
2023-02-11,7470.0,7530.0,7410.0,7490.0,7300.6611328125,7400.0,7728.0,7725.2,7480.666666666667,7578.0,23.07692307692308,7601.8,-33.33333333333303,-20.75,0.0149051490514904,7960.0,7530.0,7490.0,7470.0,7400.0
2023-02-12,7470.0,7530.0,7410.0,7490.0,7300.6611328125,7400.0,7718.0,7716.8,7476.933333333333,7574.8,23.07692307692308,7609.8,-31.866666666666788,-19.69999999999981,0.023224043715847,7960.0,7530.0,7490.0,7470.0,7400.0
2023-02-13,7490.0,7490.0,7400.0,7430.0,7242.177734375,3700.0,7692.5,7709.2,7473.866666666667,7570.35,17.647058823529406,7616.6,-27.46666666666624,-19.25,0.0054127198917455,7960.0,7530.0,7490.0,7470.0,7400.0
2023-02-14,7540.0,7590.0,7490.0,7490.0,7300.6611328125,5300.0,7669.5,7698.8,7473.866666666667,7566.8,13.846153846153854,7622.0,-20.13333333333321,-17.949999999999818,0.0176630434782609,7960.0,7490.0,7430.0,7490.0,3700.0
2023-02-15,7490.0,7560.0,7400.0,7470.0,7281.16650390625,20900.0,7649.5,7687.6,7477.2,7563.15,18.0,7624.6,-9.733333333333576,-19.050000000000185,0.014945652173913,7960.0,7590.0,7490.0,7540.0,5300.0
2023-02-16,7500.0,7580.0,7490.0,7580.0,7388.3857421875,20400.0,7636.5,7680.8,7482.0,7560.05,34.482758620689665,7629.8,1.3333333333330302,-17.949999999999818,0.0298913043478261,7960.0,7560.0,7470.0,7490.0,20900.0
2023-02-17,7510.0,7640.0,7490.0,7610.0,7417.6279296875,14000.0,7625.0,7677.6,7487.2,7555.6,42.59259259259259,7632.2,10.266666666666424,-19.19999999999981,0.0511049723756906,7960.0,7580.0,7580.0,7500.0,20400.0
2023-02-18,7510.0,7640.0,7490.0,7610.0,7417.6279296875,14000.0,7613.5,7664.4,7493.066666666667,7552.7,42.59259259259259,7634.4,19.19999999999981,-17.650000000000546,0.0871428571428571,7960.0,7640.0,7610.0,7510.0,14000.0
2023-02-19,7510.0,7640.0,7490.0,7610.0,7417.6279296875,14000.0,7600.5,7650.8,7501.466666666666,7550.3,42.59259259259259,7636.6,27.59999999999945,-16.5,0.1013024602026049,7960.0,7640.0,7610.0,7510.0,14000.0
2023-02-20,7640.0,7660.0,7590.0,7600.0,7407.880859375,4800.0,7582.5,7640.0,7508.933333333333,7547.75,46.0,7638.6,31.733333333333576,-15.399999999999636,0.0826210826210827,7790.0,7640.0,7610.0,7510.0,14000.0
2023-02-21,7630.0,7740.0,7610.0,7680.0,7485.85791015625,11800.0,7577.0,7633.6,7518.266666666666,7544.25,58.49056603773585,7642.2,36.26666666666642,-15.800000000000182,0.0832157968970381,7760.0,7660.0,7600.0,7640.0,4800.0
2023-02-22,7560.0,7630.0,7420.0,7570.0,7378.63916015625,17900.0,7567.5,7622.8,7523.866666666667,7540.2,60.78431372549019,7643.6,36.66666666666697,-15.400000000000546,0.0677009873060647,7690.0,7740.0,7680.0,7630.0,11800.0
2023-02-23,7560.0,7630.0,7420.0,7570.0,7378.63916015625,17900.0,7561.5,7612.0,7529.466666666666,7536.15,60.0,7646.4,36.39999999999964,-16.550000000000182,0.0677009873060647,7690.0,7630.0,7570.0,7560.0,17900.0
2023-02-24,7570.0,7640.0,7510.0,7640.0,7446.86962890625,17400.0,7559.0,7602.8,7536.0,7532.05,63.63636363636363,7650.0,34.53333333333376,-18.25,0.0581717451523546,7690.0,7630.0,7570.0,7560.0,17900.0
2023-02-25,7570.0,7640.0,7510.0,7640.0,7446.86962890625,17400.0,7556.5,7590.0,7540.133333333333,7528.7,63.63636363636363,7649.4,31.19999999999981,-19.050000000000185,0.0408719346049046,7680.0,7640.0,7640.0,7570.0,17400.0
2023-02-26,7570.0,7640.0,7510.0,7640.0,7446.86962890625,17400.0,7556.5,7584.0,7543.6,7526.05,63.63636363636363,7648.8,25.33333333333394,-18.19999999999981,0.0437158469945355,7680.0,7640.0,7640.0,7570.0,17400.0
2023-02-27,7630.0,7680.0,7580.0,7610.0,7417.6279296875,10500.0,7557.5,7578.0,7547.466666666666,7523.25,67.30769230769232,7647.6,23.59999999999945,-16.949999999999818,0.0160213618157543,7680.0,7640.0,7640.0,7570.0,17400.0
2023-02-28,7610.0,7650.0,7600.0,7620.0,7427.375,10100.0,7565.5,7575.2,7550.533333333334,7519.25,63.82978723404256,7646.6,21.06666666666752,-16.899999999999636,0.016,7680.0,7680.0,7610.0,7630.0,10500.0
2023-03-01,7600.0,7650.0,7560.0,7590.0,7398.13330078125,11800.0,7571.5,7571.2,7553.6,7515.1,62.5,7649.4,17.600000000000364,-16.949999999999818,0.012,7680.0,7650.0,7620.0,7610.0,10100.0
2023-03-02,7570.0,7610.0,7510.0,7540.0,7349.3974609375,9100.0,7574.0,7565.2,7556.0,7510.7,45.23809523809524,7648.0,15.866666666666788,-18.0,0.0053333333333334,7680.0,7650.0,7590.0,7600.0,11800.0
2023-03-03,7500.0,7570.0,7450.0,7480.0,7290.91357421875,22800.0,7573.5,7558.8,7557.6,7505.45,35.55555555555556,7643.0,14.0,-20.600000000000364,-0.0026666666666667,7680.0,7610.0,7540.0,7570.0,9100.0
2023-03-04,7500.0,7570.0,7450.0,7480.0,7290.91357421875,22800.0,7573.0,7554.4,7560.8,7500.45,35.55555555555556,7643.2,13.33333333333394,-22.800000000000185,-0.0026666666666667,7680.0,7570.0,7480.0,7500.0,22800.0
2023-03-05,7500.0,7570.0,7450.0,7480.0,7290.91357421875,22800.0,7575.5,7555.2,7567.2,7495.35,35.55555555555556,7643.4,16.66666666666606,-23.89999999999964,0.0067294751009421,7680.0,7570.0,7480.0,7500.0,22800.0
2023-03-06,7480.0,7600.0,7460.0,7520.0,7329.90234375,16700.0,7577.0,7557.2,7575.333333333333,7490.7,41.66666666666667,7644.4,21.733333333332663,-24.400000000000546,0.0080428954423592,7680.0,7570.0,7480.0,7500.0,22800.0
2023-03-07,7560.0,7600.0,7530.0,7540.0,7349.3974609375,16400.0,7580.5,7559.2,7582.266666666666,7486.4,33.33333333333333,7646.0,26.266666666666424,-24.300000000000185,-0.0169491525423728,7680.0,7600.0,7520.0,7480.0,16700.0
2023-03-08,7510.0,7620.0,7510.0,7580.0,7388.3857421875,10500.0,7580.5,7562.8,7588.8,7482.3,51.42857142857142,7644.0,31.19999999999981,-23.14999999999964,-0.0117340286831811,7680.0,7600.0,7540.0,7560.0,16400.0
2023-03-09,7600.0,7720.0,7600.0,7680.0,7485.85791015625,20400.0,7584.0,7570.4,7596.666666666667,7478.7,62.22222222222223,7643.6,35.86666666666679,-21.75,0.0013037809647979,7680.0,7620.0,7580.0,7510.0,10500.0
2023-03-10,7590.0,7680.0,7590.0,7650.0,7456.6162109375,16900.0,7586.0,7579.2,7604.133333333333,7475.3,51.21951219512195,7644.2,36.933333333333394,-20.050000000000185,-0.0026075619295958,7680.0,7720.0,7680.0,7600.0,20400.0
2023-03-11,7590.0,7680.0,7590.0,7650.0,7456.6162109375,16900.0,7588.0,7585.6,7609.866666666667,7471.85,51.21951219512195,7642.2,34.53333333333376,-18.84999999999945,0.0268456375838925,7680.0,7680.0,7650.0,7590.0,16900.0
2023-03-12,7590.0,7680.0,7590.0,7650.0,7456.6162109375,16900.0,7590.5,7592.8,7614.0,7469.35,51.21951219512195,7640.2,31.733333333333576,-17.049999999999272,0.0052562417871222,7680.0,7680.0,7650.0,7590.0,16900.0
2023-03-13,7650.0,7650.0,7360.0,7440.0,7251.92529296875,20000.0,7578.5,7587.2,7615.6,7465.2,35.59322033898306,7634.0,26.800000000000185,-17.100000000000364,-0.0375161707632599,7680.0,7680.0,7650.0,7590.0,16900.0
2023-03-14,7360.0,7360.0,7150.0,7190.0,7008.2451171875,20600.0,7559.5,7570.4,7611.6,7460.0,24.09638554216868,7624.0,14.933333333333394,-18.69999999999981,-0.037483266398929,7680.0,7650.0,7440.0,7650.0,20000.0
2023-03-15,7240.0,7310.0,7130.0,7200.0,7017.9921875,18300.0,7541.0,7554.0,7607.6,7454.85,25.925925925925924,7609.2,3.466666666667152,-20.44999999999981,-0.036144578313253,7680.0,7360.0,7190.0,7360.0,20600.0
2023-03-16,7010.0,7130.0,7000.0,7100.0,6920.5205078125,18000.0,7514.0,7533.6,7602.266666666666,7449.2,24.418604651162795,7592.2,-7.600000000000364,-22.650000000000546,-0.0495314591700133,7680.0,7310.0,7200.0,7240.0,18300.0
2023-03-17,7130.0,7200.0,7050.0,7060.0,6881.53125,11900.0,7485.0,7512.0,7596.4,7444.45,25.0,7576.0,-17.600000000000364,-24.900000000000546,-0.0536193029490617,7680.0,7130.0,7100.0,7010.0,18000.0
2023-03-18,7130.0,7200.0,7050.0,7060.0,6881.53125,11900.0,7456.0,7487.2,7590.533333333334,7438.75,25.0,7560.4,-25.06666666666661,-26.44999999999981,-0.0807291666666666,7680.0,7200.0,7060.0,7130.0,11900.0
2023-03-19,7130.0,7200.0,7050.0,7060.0,6881.53125,11900.0,7428.5,7466.8,7584.666666666667,7433.25,25.0,7544.8,-26.9333333333334,-26.75,-0.0831168831168831,7680.0,7200.0,7060.0,7130.0,11900.0
2023-03-20,7050.0,7050.0,6840.0,6840.0,6667.09228515625,22700.0,7389.5,7437.6,7576.8,7427.75,16.666666666666657,7524.8,-30.800000000000185,-27.100000000000364,-0.1023622047244094,7680.0,7200.0,7060.0,7130.0,11900.0
2023-03-21,7050.0,7050.0,6840.0,6840.0,6667.09228515625,22700.0,7352.0,7405.6,7568.533333333334,7423.0,15.0,7504.2,-33.733333333332666,-26.19999999999981,-0.1174193548387096,7680.0,7050.0,6840.0,7050.0,22700.0
2023-03-22,6970.0,7040.0,6950.0,6960.0,6784.05908203125,14100.0,7323.0,7378.4,7559.066666666667,7418.85,21.29629629629629,7484.2,-37.33333333333303,-25.59999999999945,-0.1019354838709677,7680.0,7050.0,6840.0,7050.0,22700.0
2023-03-23,7000.0,7020.0,6900.0,6970.0,6793.80615234375,17600.0,7297.5,7351.6,7549.733333333334,7414.75,14.141414141414144,7467.8,-40.80000000000018,-24.0,-0.1006451612903225,7680.0,7040.0,6960.0,6970.0,14100.0
2023-03-24,6990.0,7020.0,6910.0,6990.0,6813.30078125,12900.0,7273.0,7326.8,7540.666666666667,7410.85,16.326530612244895,7452.4,-44.0,-22.39999999999964,-0.0910273081924577,7680.0,7020.0,6970.0,7000.0,17600.0
2023-03-25,6990.0,7020.0,6910.0,6990.0,6813.30078125,12900.0,7248.5,7301.6,7531.6,7407.35,16.326530612244895,7438.4,-45.19999999999982,-20.39999999999964,-0.1196473551637279,7680.0,7020.0,6990.0,6990.0,12900.0
2023-03-26,6990.0,7020.0,6910.0,6990.0,6813.30078125,12900.0,7222.0,7277.6,7525.466666666666,7404.5,16.326530612244895,7424.4,-43.06666666666752,-18.5,-0.120754716981132,7680.0,7020.0,6990.0,6990.0,12900.0
2023-03-27,7040.0,7070.0,6920.0,6920.0,6745.0703125,36800.0,7191.0,7252.8,7516.266666666666,7400.6,19.04761904761905,7409.0,-42.80000000000018,-18.25,-0.1207115628970775,7680.0,7020.0,6990.0,6990.0,12900.0
2023-03-28,6920.0,6950.0,6870.0,6900.0,6725.57568359375,21200.0,7157.0,7229.6,7505.2,7396.85,26.229508196721312,7394.2,-44.53333333333376,-17.899999999999636,-0.1198979591836735,7680.0,7070.0,6920.0,7040.0,36800.0
2023-03-29,6880.0,6970.0,6850.0,6970.0,6793.80615234375,53000.0,7121.5,7209.2,7498.533333333334,7393.45,32.83582089552239,7381.8,-42.13333333333321,-17.400000000000546,-0.110969387755102,7650.0,6950.0,6900.0,6920.0,21200.0
2023-03-30,6750.0,6940.0,6710.0,6910.0,6793.80615234375,52500.0,7084.5,7186.4,7491.066666666667,7389.75,34.920634920634924,7370.8,-40.53333333333376,-17.600000000000364,-0.1186224489795918,7650.0,6970.0,6970.0,6880.0,53000.0
2023-03-31,6910.0,6940.0,6800.0,6830.0,6715.1513671875,16100.0,7043.5,7158.8,7482.533333333334,7385.1,32.83582089552239,7358.0,-42.93333333333248,-19.39999999999964,-0.1321473951715375,7650.0,6940.0,6910.0,6750.0,52500.0
2023-04-01,6910.0,6940.0,6800.0,6830.0,6715.1513671875,16100.0,7002.5,7130.4,7474.133333333333,7380.75,32.83582089552239,7344.8,-42.13333333333321,-19.850000000000364,-0.1419597989949749,7440.0,6940.0,6830.0,6910.0,16100.0
2023-04-02,6910.0,6940.0,6800.0,6830.0,6715.1513671875,16100.0,6972.0,7100.4,7462.8,7377.1,32.83582089552239,7331.6,-42.39999999999964,-19.75,-0.1232349165596918,7200.0,6940.0,6830.0,6910.0,16100.0
2023-04-03,6900.0,6960.0,6880.0,6910.0,6793.80615234375,17000.0,6958.0,7069.6,7452.266666666666,7373.9,56.60377358490566,7320.0,-46.26666666666733,-19.550000000000185,-0.1095360824742268,7200.0,6940.0,6830.0,6910.0,16100.0
2023-04-04,6910.0,6910.0,6790.0,6830.0,6715.1513671875,19600.0,6939.5,7036.8,7441.733333333334,7370.65,49.18032786885246,7308.0,-49.33333333333303,-19.100000000000364,-0.1118335500650195,7100.0,6960.0,6910.0,6900.0,17000.0
2023-04-05,6770.0,6770.0,6620.0,6640.0,6528.3466796875,20400.0,6916.5,6996.4,7426.933333333333,7366.45,26.47058823529412,7291.0,-55.60000000000037,-18.650000000000546,-0.1365409622886866,7060.0,6910.0,6830.0,6910.0,19600.0
2023-04-06,6620.0,6620.0,6340.0,6370.0,6262.88671875,31000.0,6882.0,6945.2,7408.533333333334,7360.9,18.08510638297872,7269.0,-65.59999999999945,-19.850000000000364,-0.1716514954486345,7060.0,6770.0,6640.0,6770.0,20400.0
2023-04-07,6460.0,6500.0,6370.0,6450.0,6341.54150390625,18300.0,6851.5,6905.6,7391.2,7355.75,23.0,7246.4,-71.60000000000036,-21.350000000000364,-0.1557591623036649,7060.0,6620.0,6370.0,6620.0,31000.0
2023-04-08,6460.0,6500.0,6370.0,6450.0,6341.54150390625,18300.0,6821.0,6876.0,7374.666666666667,7350.5,23.0,7223.2,-77.59999999999945,-23.39999999999964,-0.150197628458498,6990.0,6500.0,6450.0,6460.0,18300.0
2023-04-09,6460.0,6500.0,6370.0,6450.0,6341.54150390625,18300.0,6801.5,6846.0,7354.8,7345.65,23.0,7200.0,-86.9333333333334,-25.0,-0.1353887399463806,6990.0,6500.0,6450.0,6460.0,18300.0
2023-04-10,6500.0,6540.0,6330.0,6330.0,6223.55908203125,14400.0,6776.0,6815.2,7333.2,7340.6,21.904761904761912,7174.4,-93.73333333333358,-25.84999999999945,-0.1526104417670682,6990.0,6500.0,6450.0,6460.0,18300.0
2023-04-11,6360.0,6500.0,6360.0,6470.0,6361.205078125,11600.0,6751.5,6791.6,7314.533333333334,7336.25,31.623931623931625,7151.8,-94.0,-24.64999999999964,-0.1361815754339118,6990.0,6540.0,6330.0,6500.0,14400.0
2023-04-12,6430.0,6430.0,6320.0,6320.0,6213.7275390625,15400.0,6719.0,6762.0,7294.266666666666,7331.15,24.0,7124.6,-96.9333333333334,-24.600000000000364,-0.1562082777036048,6990.0,6500.0,6470.0,6360.0,11600.0
2023-04-13,6320.0,6370.0,6290.0,6320.0,6213.7275390625,14500.0,6685.5,6732.4,7274.0,7326.05,25.21008403361344,7099.6,-100.66666666666696,-24.44999999999981,-0.1562082777036048,6990.0,6430.0,6320.0,6430.0,15400.0
2023-04-14,6340.0,6410.0,6330.0,6350.0,6243.22314453125,14200.0,6653.5,6712.8,7254.133333333333,7321.3,28.94736842105263,7075.2,-100.66666666666696,-24.34999999999945,-0.1453566621803499,6990.0,6370.0,6320.0,6320.0,14500.0
2023-04-15,6340.0,6410.0,6330.0,6350.0,6243.22314453125,14200.0,6621.5,6693.2,7233.866666666667,7316.7,28.94736842105263,7049.4,-99.33333333333304,-23.900000000000546,-0.1522029372496662,6970.0,6410.0,6350.0,6340.0,14200.0
2023-04-16,6340.0,6410.0,6330.0,6350.0,6243.22314453125,14200.0,6593.0,6668.8,7212.4,7312.2,28.94736842105263,7023.6,-102.13333333333412,-24.050000000000185,-0.1499330655957161,6970.0,6410.0,6350.0,6340.0,14200.0
2023-04-17,6400.0,6400.0,6320.0,6320.0,6213.7275390625,11400.0,6564.0,6642.8,7192.8,7306.3,22.93577981651376,6997.2,-101.46666666666624,-24.84999999999945,-0.1662269129287599,6970.0,6410.0,6350.0,6340.0,14200.0
2023-04-18,6390.0,6420.0,6300.0,6330.0,6223.55908203125,21700.0,6532.0,6616.4,7173.733333333334,7300.85,25.490196078431367,6971.6,-100.26666666666642,-25.19999999999981,-0.1681997371879106,6910.0,6400.0,6320.0,6400.0,11400.0
2023-04-19,6280.0,6300.0,6180.0,6280.0,6174.39990234375,17100.0,6500.5,6588.0,7154.933333333333,7295.15,29.545454545454547,6944.8,-99.19999999999982,-26.150000000000546,-0.1747700394218133,6910.0,6420.0,6330.0,6390.0,21700.0
2023-04-20,6240.0,6290.0,6240.0,6260.0,6154.736328125,13500.0,6472.0,6558.8,7135.866666666667,7289.35,41.26984126984127,6918.2,-98.0,-27.34999999999945,-0.1773981603153744,6910.0,6300.0,6280.0,6280.0,17100.0
2023-04-21,6260.0,6280.0,6220.0,6220.0,6115.4091796875,6700.0,6441.5,6530.8,7116.266666666666,7284.0,30.508474576271183,6891.8,-96.1333333333332,-28.19999999999981,-0.181578947368421,6910.0,6290.0,6260.0,6240.0,13500.0
2023-04-22,6260.0,6280.0,6220.0,6220.0,6115.4091796875,6700.0,6411.0,6503.6,7097.333333333333,7276.25,30.508474576271183,6866.6,-95.46666666666717,-30.050000000000185,-0.1901041666666666,6910.0,6280.0,6220.0,6260.0,6700.0
2023-04-23,6260.0,6280.0,6220.0,6220.0,6115.4091796875,6700.0,6376.5,6473.6,7079.066666666667,7268.9,30.508474576271183,6841.4,-94.66666666666696,-31.950000000000728,-0.178335535006605,6830.0,6280.0,6220.0,6260.0,6700.0
2023-04-24,6230.0,6270.0,6200.0,6220.0,6115.4091796875,10600.0,6346.0,6446.0,7062.533333333334,7262.0,38.29787234042553,6816.2,-92.39999999999964,-33.14999999999964,-0.178335535006605,6640.0,6280.0,6220.0,6260.0,6700.0
2023-04-25,6300.0,6360.0,6210.0,6250.0,6144.90478515625,18900.0,6326.5,6422.8,7046.266666666666,7255.6,19.444444444444443,6790.8,-89.60000000000036,-33.75,-0.1819371727748691,6470.0,6270.0,6220.0,6230.0,10600.0
2023-04-26,6220.0,6230.0,6160.0,6220.0,6115.4091796875,11600.0,6319.0,6398.4,7029.333333333333,7249.05,29.16666666666667,6764.4,-86.9333333333334,-34.94999999999982,-0.1858638743455497,6470.0,6360.0,6250.0,6300.0,18900.0
2023-04-27,6200.0,6240.0,6190.0,6210.0,6105.5771484375,9600.0,6307.0,6373.6,7012.266666666666,7242.45,28.0,6737.0,-85.0666666666666,-33.80000000000018,-0.18717277486911,6470.0,6230.0,6220.0,6220.0,11600.0
2023-04-28,6270.0,6330.0,6210.0,6330.0,6223.55908203125,14100.0,6301.0,6350.4,6996.8,7236.45,47.05882352941176,6710.0,-82.26666666666642,-32.44999999999982,-0.1681997371879106,6470.0,6240.0,6210.0,6200.0,9600.0
2023-04-29,6270.0,6330.0,6210.0,6330.0,6223.55908203125,14100.0,6295.0,6330.4,6982.133333333333,7232.7,47.05882352941176,6683.6,-80.40000000000055,-29.300000000000185,-0.1692913385826772,6470.0,6330.0,6330.0,6270.0,14100.0
2023-04-30,6270.0,6330.0,6210.0,6330.0,6223.55908203125,14100.0,6295.0,6318.0,6966.666666666667,7229.45,47.05882352941176,6657.2,-79.59999999999945,-26.150000000000546,-0.1660079051383399,6470.0,6330.0,6330.0,6270.0,14100.0
2023-05-01,6340.0,6370.0,6290.0,6360.0,6253.0546875,18300.0,6289.5,6317.6,6951.866666666667,7227.95,55.88235294117647,6631.4,-77.46666666666624,-21.100000000000364,-0.156498673740053,6360.0,6330.0,6330.0,6270.0,14100.0
2023-05-02,6380.0,6380.0,6270.0,6290.0,6184.2314453125,14900.0,6288.0,6311.2,6934.666666666667,7224.65,45.00000000000001,6608.4,-77.59999999999945,-17.800000000000182,-0.159090909090909,6360.0,6370.0,6360.0,6340.0,18300.0
2023-05-03,6380.0,6380.0,6270.0,6290.0,6184.2314453125,14900.0,6286.5,6304.8,6917.066666666667,7221.35,51.42857142857142,6590.4,-79.73333333333358,-15.099999999999454,-0.159090909090909,6360.0,6380.0,6290.0,6380.0,14900.0
2023-05-04,6380.0,6380.0,6270.0,6290.0,6184.2314453125,14900.0,6283.5,6298.4,6899.466666666666,7218.05,54.54545454545455,6572.2,-82.66666666666697,-14.649999999999636,-0.159090909090909,6360.0,6380.0,6290.0,6380.0,14900.0
2023-05-05,6380.0,6380.0,6270.0,6290.0,6184.2314453125,14900.0,6280.5,6296.8,6881.866666666667,7214.9,62.06896551724138,6556.0,-84.80000000000018,-14.550000000000182,-0.163563829787234,6360.0,6380.0,6290.0,6380.0,14900.0
2023-05-06,6380.0,6380.0,6270.0,6290.0,6184.2314453125,14900.0,6277.5,6289.6,6864.4,7211.25,62.06896551724138,6540.6,-87.46666666666715,-16.699999999999818,-0.1657824933687002,6360.0,6380.0,6290.0,6380.0,14900.0
2023-05-07,6380.0,6380.0,6270.0,6290.0,6184.2314453125,14900.0,6276.0,6288.4,6845.866666666667,7207.45,62.06896551724138,6525.2,-88.80000000000018,-17.199999999999818,-0.1701846965699208,6360.0,6380.0,6290.0,6380.0,14900.0
2023-05-08,6310.0,6370.0,6300.0,6320.0,6213.7275390625,10800.0,6275.5,6288.4,6829.2,7203.9,65.625,6510.4,-87.86666666666679,-17.450000000000728,-0.1770833333333333,6360.0,6380.0,6290.0,6380.0,14900.0
2023-05-09,6370.0,6430.0,6360.0,6420.0,6312.0458984375,10000.0,6282.5,6291.2,6813.866666666667,7201.15,71.7948717948718,6502.0,-85.59999999999945,-16.900000000000546,-0.1607843137254901,6420.0,6370.0,6320.0,6310.0,10800.0
2023-05-10,6420.0,6420.0,6310.0,6380.0,6272.71826171875,10000.0,6288.5,6292.4,6797.066666666667,7198.2,70.0,6492.8,-84.80000000000018,-16.699999999999818,-0.1660130718954248,6420.0,6430.0,6420.0,6370.0,10000.0
2023-05-11,6420.0,6420.0,6360.0,6400.0,6292.38232421875,4500.0,6297.5,6294.4,6780.533333333334,7195.35,73.17073170731707,6481.6,-83.86666666666588,-15.899999999999636,-0.1633986928104575,6420.0,6420.0,6380.0,6420.0,10000.0
2023-05-12,6400.0,6540.0,6380.0,6530.0,6420.1962890625,15500.0,6313.0,6302.8,6765.733333333334,7193.0,73.80952380952381,6472.8,-80.13333333333321,-14.449999999999818,-0.1223118279569892,6530.0,6420.0,6400.0,6420.0,4500.0
2023-05-13,6400.0,6540.0,6380.0,6530.0,6420.1962890625,15500.0,6328.5,6310.8,6751.333333333333,7190.0,73.80952380952381,6463.6,-77.86666666666679,-13.899999999999636,-0.0917941585535465,6530.0,6540.0,6530.0,6400.0,15500.0
2023-05-14,6400.0,6540.0,6380.0,6530.0,6420.1962890625,15500.0,6344.0,6320.8,6736.8,7186.15,73.80952380952381,6454.4,-77.0666666666666,-15.0,-0.0930555555555555,6530.0,6540.0,6530.0,6400.0,15500.0
2023-05-15,6530.0,6610.0,6460.0,6590.0,6479.1875,10500.0,6361.0,6334.0,6723.466666666666,7182.35,75.55555555555556,6446.4,-73.60000000000036,-15.849999999999454,-0.0718309859154929,6590.0,6540.0,6530.0,6400.0,15500.0
2023-05-16,6590.0,6590.0,6510.0,6550.0,6439.85986328125,10100.0,6377.5,6347.2,6710.266666666666,7179.45,80.95238095238095,6439.0,-70.26666666666733,-15.900000000000546,-0.0722379603399433,6590.0,6610.0,6590.0,6530.0,10500.0
2023-05-17,6550.0,6590.0,6480.0,6500.0,6390.70068359375,14500.0,6392.0,6358.4,6697.2,7176.3,72.34042553191489,6431.0,-68.53333333333376,-16.699999999999818,-0.0793201133144475,6590.0,6590.0,6550.0,6590.0,10100.0
2023-05-18,6500.0,6520.0,6440.0,6490.0,6380.869140625,9300.0,6400.0,6369.2,6684.0,7173.1,70.83333333333333,6421.4,-67.33333333333303,-16.899999999999636,-0.0807365439093484,6590.0,6590.0,6500.0,6550.0,14500.0
2023-05-19,6540.0,6540.0,6410.0,6420.0,6312.0458984375,20100.0,6404.5,6377.2,6669.866666666667,7168.05,61.81818181818182,6411.6,-66.9333333333334,-18.09999999999945,-0.0614035087719297,6590.0,6520.0,6490.0,6500.0,9300.0
2023-05-20,6540.0,6540.0,6410.0,6420.0,6312.0458984375,20100.0,6409.0,6384.0,6655.2,7163.5,61.81818181818182,6403.4,-68.26666666666642,-18.850000000000364,-0.0614035087719297,6590.0,6540.0,6420.0,6540.0,20100.0
2023-05-21,6540.0,6540.0,6410.0,6420.0,6312.0458984375,20100.0,6412.0,6392.0,6640.266666666666,7159.6,61.81818181818182,6395.2,-70.0,-19.84999999999945,-0.0775862068965517,6590.0,6540.0,6420.0,6540.0,20100.0
2023-05-22,6380.0,6430.0,6320.0,6430.0,6321.87744140625,12100.0,6419.0,6400.8,6624.933333333333,7155.75,60.37735849056604,6387.2,-72.26666666666642,-20.550000000000185,-0.0774748923959828,6590.0,6540.0,6420.0,6540.0,20100.0
2023-05-23,6350.0,6410.0,6190.0,6200.0,6095.7451171875,20400.0,6414.5,6395.6,6605.2,7151.6,33.33333333333333,6373.0,-78.80000000000018,-21.5,-0.1130185979971387,6590.0,6430.0,6430.0,6380.0,12100.0
2023-05-24,6200.0,6200.0,6030.0,6070.0,5967.931640625,22500.0,6403.5,6385.2,6584.133333333333,7146.8,29.33333333333333,6357.8,-85.73333333333358,-21.25,-0.1316165951359084,6590.0,6410.0,6200.0,6350.0,20400.0
2023-05-25,6130.0,6240.0,6100.0,6200.0,6095.7451171875,14900.0,6399.0,6380.0,6564.8,7142.65,38.372093023255815,6349.0,-90.39999999999964,-20.850000000000364,-0.1130185979971387,6590.0,6200.0,6070.0,6200.0,22500.0
2023-05-26,6240.0,6240.0,6100.0,6110.0,6007.2587890625,16100.0,6390.0,6370.0,6544.266666666666,7138.25,24.39024390243904,6343.8,-96.0,-21.350000000000364,-0.1170520231213873,6590.0,6240.0,6200.0,6130.0,14900.0
2023-05-27,6240.0,6240.0,6100.0,6110.0,6007.2587890625,16100.0,6381.0,6362.8,6526.533333333334,7133.85,24.39024390243904,6337.0,-98.39999999999964,-21.89999999999964,-0.1144927536231884,6590.0,6240.0,6110.0,6240.0,16100.0
2023-05-28,6240.0,6240.0,6100.0,6110.0,6007.2587890625,16100.0,6370.5,6355.6,6512.133333333333,7129.9,24.39024390243904,6330.2,-93.0666666666666,-21.700000000000728,-0.1233859397417503,6590.0,6240.0,6110.0,6240.0,16100.0
2023-05-29,6210.0,6210.0,6080.0,6090.0,5987.5947265625,7400.0,6354.0,6347.6,6497.333333333333,7126.1,17.948717948717942,6323.0,-86.80000000000018,-20.69999999999981,-0.1186685962373371,6590.0,6240.0,6110.0,6240.0,16100.0
2023-05-30,6090.0,6110.0,6010.0,6050.0,5948.267578125,12500.0,6337.5,6338.0,6483.333333333333,7120.95,17.948717948717942,6317.4,-81.46666666666715,-21.69999999999981,-0.1142020497803806,6590.0,6210.0,6090.0,6210.0,7400.0
2023-05-31,6030.0,6070.0,5980.0,6050.0,5948.267578125,65400.0,6320.0,6328.4,6469.866666666667,7115.8,19.17808219178083,6309.0,-74.39999999999964,-22.44999999999981,-0.1142020497803806,6590.0,6110.0,6050.0,6090.0,12500.0
2023-06-01,6000.0,6230.0,6000.0,6170.0,6066.25,19000.0,6302.0,6323.6,6458.0,7111.25,30.95238095238095,6306.0,-68.53333333333376,-22.600000000000364,-0.096632503660322,6590.0,6070.0,6050.0,6030.0,65400.0
2023-06-02,6180.0,6370.0,6180.0,6350.0,6243.22314453125,20300.0,6293.0,6324.8,6448.533333333334,7108.25,46.31578947368421,6306.6,-63.599999999999454,-21.64999999999964,-0.0810419681620839,6590.0,6230.0,6170.0,6000.0,19000.0
2023-06-03,6180.0,6370.0,6180.0,6350.0,6243.22314453125,20300.0,6284.0,6322.0,6442.0,7105.0,46.31578947368421,6306.6,-55.33333333333303,-21.100000000000364,-0.0702781844802342,6590.0,6370.0,6350.0,6180.0,20300.0
2023-06-04,6180.0,6370.0,6180.0,6350.0,6243.22314453125,20300.0,6272.0,6320.8,6435.466666666666,7100.7,46.31578947368421,6306.6,-47.86666666666679,-20.25,-0.0436746987951807,6550.0,6370.0,6350.0,6180.0,20300.0
2023-06-05,6450.0,6620.0,6410.0,6590.0,6479.1875,16700.0,6274.0,6328.4,6430.533333333334,7096.8,56.77966101694915,6311.4,-39.33333333333303,-19.0,0.0345368916797488,6590.0,6370.0,6350.0,6180.0,20300.0
2023-06-06,6590.0,6660.0,6450.0,6650.0,6538.17822265625,14700.0,6281.5,6333.2,6426.266666666666,7092.1,72.27722772277228,6318.0,-31.733333333333576,-19.14999999999964,0.0310077519379845,6650.0,6620.0,6590.0,6450.0,16700.0
2023-06-07,6660.0,6680.0,6540.0,6580.0,6469.35546875,14900.0,6286.0,6335.2,6420.8,7087.05,76.84210526315789,6323.0,-27.733333333333576,-21.19999999999981,0.0201550387596898,6650.0,6660.0,6650.0,6590.0,14700.0
2023-06-08,6480.0,6630.0,6480.0,6580.0,6469.35546875,16700.0,6294.0,6337.2,6415.333333333333,7082.0,73.17073170731707,6329.0,-26.66666666666697,-23.0,0.0201550387596898,6650.0,6680.0,6580.0,6660.0,14900.0
2023-06-09,6580.0,6630.0,6540.0,6560.0,6449.69140625,11300.0,6301.0,6336.0,6409.6,7077.7,80.0,6335.0,-25.86666666666588,-23.0,0.0363349131121641,6650.0,6630.0,6580.0,6480.0,16700.0
2023-06-10,6580.0,6630.0,6540.0,6560.0,6449.69140625,11300.0,6308.0,6336.4,6404.8,7072.05,80.0,6341.8,-25.733333333333576,-24.75,0.0139103554868624,6650.0,6630.0,6560.0,6580.0,11300.0
2023-06-11,6580.0,6630.0,6540.0,6560.0,6449.69140625,11300.0,6314.5,6338.8,6400.266666666666,7066.4,80.0,6348.6,-26.0,-25.700000000000728,0.0379746835443037,6650.0,6630.0,6560.0,6580.0,11300.0
2023-06-12,6630.0,6660.0,6610.0,6660.0,6548.01025390625,5400.0,6337.5,6345.6,6396.133333333333,7059.8,84.33734939759036,6357.4,-24.66666666666697,-27.25,0.0537974683544304,6660.0,6630.0,6560.0,6580.0,11300.0
2023-06-13,6700.0,6730.0,6660.0,6670.0,6557.84228515625,10000.0,6367.5,6355.6,6392.933333333333,7053.05,88.75,6366.4,-22.39999999999964,-28.94999999999981,0.0503937007874015,6670.0,6660.0,6660.0,6630.0,5400.0
2023-06-14,6720.0,6760.0,6690.0,6740.0,6626.6650390625,11700.0,6394.5,6368.4,6391.733333333334,7046.65,89.65517241379311,6376.2,-17.866666666666788,-31.050000000000185,0.0614173228346457,6740.0,6730.0,6670.0,6700.0,10000.0
2023-06-15,6740.0,6740.0,6660.0,6710.0,6597.16943359375,8100.0,6424.5,6380.0,6390.133333333333,7040.1,84.61538461538461,6386.0,-14.66666666666697,-31.94999999999981,0.0566929133858267,6740.0,6760.0,6740.0,6720.0,11700.0
2023-06-16,6790.0,6880.0,6670.0,6840.0,6724.9833984375,20000.0,6461.0,6396.4,6390.266666666666,7034.5,83.56164383561644,6398.6,-10.0,-31.89999999999964,0.0822784810126582,6840.0,6740.0,6710.0,6740.0,8100.0
2023-06-17,6790.0,6880.0,6670.0,6840.0,6724.9833984375,20000.0,6497.5,6422.0,6389.333333333333,7029.85,83.56164383561644,6408.8,-6.800000000000182,-29.94999999999981,0.0805687203791469,6840.0,6880.0,6840.0,6790.0,20000.0
2023-06-18,6790.0,6880.0,6670.0,6840.0,6724.9833984375,20000.0,6535.0,6452.8,6389.466666666666,7025.75,83.56164383561644,6419.0,-3.466666666667152,-27.300000000000185,0.0891719745222929,6840.0,6880.0,6840.0,6790.0,20000.0
2023-06-19,6740.0,6780.0,6680.0,6760.0,6646.32861328125,10100.0,6570.5,6475.2,6391.066666666667,7022.1,64.91228070175438,6427.6,-0.6666666666669698,-24.549999999999272,0.0798722044728434,6840.0,6880.0,6840.0,6790.0,20000.0
2023-06-20,6760.0,6790.0,6700.0,6750.0,6636.49658203125,9300.0,6605.5,6500.8,6396.133333333333,7019.75,59.61538461538462,6435.4,6.0,-20.350000000000364,0.085209003215434,6840.0,6780.0,6760.0,6740.0,10100.0
2023-06-21,6740.0,6940.0,6740.0,6900.0,6783.974609375,15400.0,6642.0,6532.4,6402.133333333333,7018.15,76.66666666666666,6447.6,11.866666666666788,-16.350000000000364,0.1093247588424437,6900.0,6790.0,6750.0,6760.0,9300.0
2023-06-22,6940.0,7020.0,6900.0,6960.0,6842.9658203125,17600.0,6672.5,6566.4,6408.933333333333,7016.85,78.78787878787878,6461.0,19.600000000000364,-13.0,0.1189710610932475,6960.0,6940.0,6900.0,6740.0,15400.0
2023-06-23,6980.0,7000.0,6730.0,6800.0,6685.65625,15500.0,6695.0,6594.8,6413.6,7015.0,65.0,6471.2,24.13333333333412,-10.75,0.0932475884244372,6960.0,7020.0,6960.0,6940.0,17600.0
2023-06-24,6980.0,7000.0,6730.0,6800.0,6685.65625,15500.0,6717.5,6624.8,6419.866666666667,7014.1,65.0,6481.4,28.800000000000185,-8.0,0.088,6960.0,7000.0,6800.0,6980.0,15500.0
2023-06-25,6980.0,7000.0,6730.0,6800.0,6685.65625,15500.0,6728.0,6654.8,6424.266666666666,7012.9,65.0,6491.6,28.13333333333321,-6.850000000000364,0.0932475884244372,6960.0,7000.0,6800.0,6980.0,15500.0
2023-06-26,6900.0,6990.0,6740.0,6890.0,6774.14306640625,16600.0,6740.0,6683.6,6431.866666666667,7012.45,64.55696202531647,6503.6,29.733333333333576,-5.699999999999818,0.1095008051529791,6960.0,7000.0,6800.0,6980.0,15500.0
2023-06-27,6900.0,6900.0,6840.0,6900.0,6783.974609375,8900.0,6756.0,6705.6,6439.6,7011.2,64.55696202531647,6515.2,30.66666666666697,-5.650000000000546,0.0900473933649288,6960.0,6990.0,6890.0,6900.0,16600.0
2023-06-28,6890.0,6990.0,6860.0,6990.0,6872.46142578125,10800.0,6776.5,6731.2,6448.133333333333,7010.4,65.4320987654321,6526.6,34.53333333333285,-4.600000000000364,0.1042654028436018,6990.0,6900.0,6900.0,6900.0,8900.0
2023-06-29,6990.0,7080.0,6980.0,7010.0,6892.125,10500.0,6799.0,6757.6,6456.933333333333,7009.7,68.75,6539.2,37.066666666666606,-4.400000000000546,0.1074249605055293,7010.0,6990.0,6990.0,6890.0,10800.0
2023-06-30,7040.0,7040.0,6850.0,6880.0,6764.310546875,12800.0,6815.0,6769.2,6464.0,7007.45,52.50000000000001,6548.8,39.733333333333576,-5.449999999999818,0.0817610062893081,7010.0,7080.0,7010.0,6990.0,10500.0
2023-07-01,7040.0,7040.0,6850.0,6880.0,6764.310546875,12800.0,6831.0,6778.4,6471.466666666666,7004.95,52.50000000000001,6555.8,39.599999999999454,-7.5,0.0937996820349762,7010.0,7040.0,6880.0,7040.0,12800.0
2023-07-02,7040.0,7040.0,6850.0,6880.0,6764.310546875,12800.0,6842.0,6790.4,6478.8,7002.75,52.50000000000001,6562.8,39.19999999999982,-8.449999999999818,0.0937996820349762,7010.0,7040.0,6880.0,7040.0,12800.0
2023-07-03,6950.0,7100.0,6870.0,6930.0,6813.4697265625,15600.0,6855.0,6804.4,6487.466666666666,7000.45,61.03896103896104,6570.8,39.33333333333303,-9.949999999999818,0.1017488076311605,7010.0,7040.0,6880.0,7040.0,12800.0
2023-07-04,6940.0,6940.0,6820.0,6830.0,6715.1513671875,8800.0,6859.5,6815.2,6495.066666666667,6997.8,54.65116279069768,6575.6,38.13333333333321,-11.899999999999636,0.0858505564387916,7010.0,7100.0,6930.0,6950.0,15600.0
2023-07-05,6810.0,6920.0,6790.0,6860.0,6744.64697265625,10200.0,6867.0,6827.2,6503.6,6995.3,47.2972972972973,6581.8,39.60000000000037,-12.149999999999636,0.0906200317965024,7010.0,6940.0,6830.0,6940.0,8800.0
2023-07-06,6860.0,6860.0,6770.0,6800.0,6685.65625,5800.0,6865.0,6836.8,6511.333333333333,6992.5,39.18918918918919,6587.8,39.86666666666679,-12.449999999999818,0.0810810810810811,7010.0,6920.0,6860.0,6810.0,10200.0
2023-07-07,6810.0,6840.0,6700.0,6730.0,6616.8330078125,10400.0,6859.5,6839.6,6518.133333333333,6989.95,44.61538461538461,6592.6,39.33333333333303,-12.800000000000182,0.0648734177215188,7010.0,6860.0,6800.0,6860.0,5800.0
2023-07-08,6810.0,6840.0,6700.0,6730.0,6616.8330078125,10400.0,6854.0,6842.0,6524.933333333333,6988.6,44.61538461538461,6598.8,37.46666666666715,-11.849999999999454,0.0482866043613707,7010.0,6840.0,6730.0,6810.0,10400.0
2023-07-09,6810.0,6840.0,6700.0,6730.0,6616.8330078125,10400.0,6852.5,6841.6,6531.333333333333,6987.7,44.61538461538461,6605.0,36.26666666666642,-10.100000000000364,0.0548589341692788,7010.0,6840.0,6730.0,6810.0,10400.0
2023-07-10,6810.0,6860.0,6780.0,6810.0,6695.48779296875,12300.0,6855.5,6845.6,6539.2,6986.65,43.75,6612.8,35.599999999999454,-8.650000000000546,0.0640624999999999,7010.0,6840.0,6730.0,6810.0,10400.0
2023-07-11,6900.0,6900.0,6730.0,6760.0,6646.32861328125,12200.0,6848.5,6842.4,6546.533333333334,6985.0,39.70588235294118,6619.4,35.20000000000073,-7.5,0.0352220520673813,7010.0,6860.0,6810.0,6810.0,12300.0
2023-07-12,6820.0,6820.0,6690.0,6730.0,6616.8330078125,8400.0,6837.0,6838.0,6551.866666666667,6983.2,29.032258064516128,6630.0,33.733333333333576,-6.75,0.0306278713629402,7010.0,6900.0,6760.0,6900.0,12200.0
2023-07-13,6750.0,6770.0,6670.0,6730.0,6616.8330078125,5100.0,6833.5,6833.6,6557.2,6981.4,26.66666666666667,6643.2,32.266666666666424,-7.200000000000728,0.0306278713629402,7010.0,6820.0,6730.0,6820.0,8400.0
2023-07-14,6730.0,6820.0,6680.0,6790.0,6675.82421875,9600.0,6833.0,6834.8,6563.333333333333,6979.25,41.50943396226416,6655.0,32.0,-8.449999999999818,0.0303490136570561,7010.0,6770.0,6730.0,6750.0,5100.0
2023-07-15,6730.0,6820.0,6680.0,6790.0,6675.82421875,9600.0,6832.5,6836.4,6569.066666666667,6976.5,41.50943396226416,6668.6,29.866666666666788,-10.149999999999636,0.0366412213740459,7010.0,6820.0,6790.0,6730.0,9600.0
2023-07-16,6730.0,6820.0,6680.0,6790.0,6675.82421875,9600.0,6827.5,6832.0,6575.733333333334,6973.85,41.50943396226416,6682.2,29.19999999999981,-11.149999999999636,0.0446153846153847,7010.0,6820.0,6790.0,6730.0,9600.0
2023-07-17,6730.0,6820.0,6680.0,6790.0,6675.82421875,9600.0,6822.0,6825.2,6582.4,6970.35,35.41666666666667,6695.8,30.53333333333285,-12.849999999999454,0.0462249614791987,7010.0,6820.0,6790.0,6730.0,9600.0
2023-07-18,6790.0,6860.0,6760.0,6820.0,6705.31982421875,5800.0,6813.5,6826.0,6589.466666666666,6966.95,48.78048780487806,6710.4,32.266666666666424,-14.449999999999818,0.0623052959501557,7010.0,6820.0,6790.0,6730.0,9600.0
2023-07-19,6850.0,6920.0,6810.0,6920.0,6803.63818359375,8100.0,6809.0,6830.8,6597.866666666667,6964.05,56.25,6727.8,34.53333333333376,-15.199999999999818,0.0778816199376946,6930.0,6860.0,6820.0,6790.0,5800.0
2023-07-20,6940.0,6950.0,6830.0,6840.0,6724.9833984375,3600.0,6807.0,6832.4,6605.2,6960.75,54.0,6743.6,36.13333333333321,-15.75,0.0654205607476634,6930.0,6920.0,6920.0,6850.0,8100.0
2023-07-21,6900.0,6900.0,6770.0,6790.0,6675.82421875,6900.0,6802.5,6828.4,6611.866666666667,6957.2,56.25,6756.0,36.13333333333321,-16.650000000000546,0.0559875583203732,6930.0,6950.0,6840.0,6940.0,3600.0
2023-07-22,6900.0,6900.0,6770.0,6790.0,6675.82421875,6900.0,6798.0,6824.0,6618.133333333333,6953.65,56.25,6764.8,35.733333333333576,-16.700000000000728,0.0951612903225807,6930.0,6900.0,6790.0,6900.0,6900.0
2023-07-23,6900.0,6900.0,6770.0,6790.0,6675.82421875,6900.0,6791.0,6816.0,6623.066666666667,6950.45,56.25,6773.6,33.600000000000364,-16.5,0.1186161449752882,6920.0,6900.0,6790.0,6900.0,6900.0
2023-07-24,6890.0,6930.0,6860.0,6890.0,6774.14306640625,4100.0,6794.0,6811.2,6629.866666666667,6947.6,58.0,6784.4,32.0,-16.449999999999818,0.1112903225806452,6920.0,6900.0,6790.0,6900.0,6900.0
2023-07-25,6940.0,6990.0,6900.0,6990.0,6872.46142578125,13900.0,6800.5,6815.6,6637.733333333334,6944.2,70.9090909090909,6792.4,32.53333333333376,-16.550000000000182,0.1440261865793781,6990.0,6930.0,6890.0,6890.0,4100.0
2023-07-26,6970.0,6970.0,6860.0,6860.0,6744.64697265625,4800.0,6803.5,6814.8,6642.133333333333,6940.15,60.0,6796.6,30.266666666666424,-17.050000000000182,0.1227495908346971,6990.0,6990.0,6990.0,6940.0,13900.0
2023-07-27,6910.0,7000.0,6900.0,7000.0,6882.29296875,7200.0,6817.0,6819.6,6648.4,6936.8,67.0886075949367,6805.0,30.266666666666424,-16.849999999999454,0.1456628477905073,7000.0,6970.0,6860.0,6970.0,4800.0
2023-07-28,7000.0,7080.0,6820.0,7080.0,6960.94775390625,16000.0,6834.5,6825.6,6655.733333333334,6933.85,67.90123456790123,6815.0,32.66666666666697,-16.599999999999454,0.1625615763546797,7080.0,7000.0,7000.0,6910.0,7200.0
2023-07-29,7000.0,7080.0,6820.0,7080.0,6960.94775390625,16000.0,6852.0,6835.6,6662.266666666666,6932.0,67.90123456790123,6825.4,32.39999999999964,-15.600000000000364,0.1702479338842975,7080.0,7080.0,7080.0,7000.0,16000.0
2023-07-30,7000.0,7080.0,6820.0,7080.0,6960.94775390625,16000.0,6865.5,6844.4,6669.333333333333,6929.35,67.90123456790123,6835.8,31.59999999999945,-14.849999999999454,0.1702479338842975,7080.0,7080.0,7080.0,7000.0,16000.0
2023-07-31,7100.0,7220.0,7060.0,7160.0,7039.6025390625,18200.0,6885.5,6858.8,6678.133333333333,6926.5,70.78651685393258,6847.8,36.0,-13.649999999999636,0.1604538087520259,7160.0,7080.0,7080.0,7000.0,16000.0
2023-08-01,7150.0,7150.0,6910.0,7060.0,6941.2841796875,12300.0,6902.0,6872.0,6685.733333333334,6924.45,62.5,6855.8,37.33333333333394,-12.350000000000364,0.1118110236220473,7160.0,7220.0,7160.0,7100.0,18200.0
2023-08-02,7020.0,7170.0,6950.0,7130.0,7010.10693359375,12900.0,6922.0,6888.0,6695.2,6922.75,61.29032258064516,6865.0,39.46666666666624,-11.100000000000364,0.1228346456692912,7160.0,7150.0,7060.0,7150.0,12300.0
2023-08-03,6990.0,7010.0,6870.0,6940.0,6823.30224609375,15800.0,6929.5,6896.4,6702.133333333333,6920.1,54.80769230769231,6869.0,39.86666666666679,-11.899999999999636,0.0929133858267716,7160.0,7170.0,7130.0,7020.0,12900.0
2023-08-04,6910.0,6980.0,6850.0,6900.0,6783.974609375,12000.0,6935.0,6900.0,6708.533333333334,6917.3,55.33980582524272,6872.8,39.20000000000073,-12.050000000000182,0.0470409711684369,7160.0,7010.0,6940.0,6990.0,15800.0
2023-08-05,6910.0,6980.0,6850.0,6900.0,6783.974609375,12000.0,6940.5,6905.6,6714.8,6913.4,55.33980582524272,6874.0,36.66666666666697,-13.100000000000364,0.037593984962406,7160.0,6980.0,6900.0,6910.0,12000.0
2023-08-06,6910.0,6980.0,6850.0,6900.0,6783.974609375,12000.0,6946.0,6912.4,6724.133333333333,6909.4,55.33980582524272,6875.2,38.39999999999964,-15.050000000000182,0.0486322188449848,7160.0,6980.0,6900.0,6910.0,12000.0
2023-08-07,6900.0,6980.0,6850.0,6980.0,6862.62939453125,5400.0,6954.0,6922.4,6736.266666666666,6906.2,54.45544554455446,6878.0,41.066666666666606,-16.550000000000182,0.0607902735562309,7160.0,6980.0,6900.0,6910.0,12000.0
2023-08-08,6930.0,7180.0,6930.0,7170.0,7049.4345703125,10900.0,6966.5,6937.6,6749.2,6903.3,58.18181818181818,6886.2,47.066666666666606,-16.800000000000182,0.0929878048780488,7170.0,6980.0,6980.0,6900.0,5400.0
2023-08-09,7170.0,7270.0,7160.0,7210.0,7088.76220703125,9700.0,6985.0,6954.4,6763.866666666667,6900.6,67.32673267326733,6895.4,55.33333333333303,-16.699999999999818,0.0990853658536585,7210.0,7180.0,7170.0,6930.0,10900.0
2023-08-10,7260.0,7260.0,7170.0,7250.0,7128.0888671875,7200.0,7008.0,6972.8,6779.066666666667,6898.1,63.73626373626374,6902.4,64.26666666666642,-15.299999999999272,0.1051829268292683,7250.0,7270.0,7210.0,7170.0,9700.0
2023-08-11,7260.0,7260.0,7170.0,7250.0,7128.0888671875,7200.0,7031.0,6991.2,6794.266666666666,6895.9,60.24096385542169,6908.2,70.13333333333321,-13.5,0.0885885885885886,7250.0,7260.0,7250.0,7260.0,7200.0
2023-08-12,7260.0,7260.0,7170.0,7250.0,7128.0888671875,7200.0,7054.0,7008.4,6809.733333333334,6892.45,60.24096385542169,6917.2,73.46666666666715,-13.75,0.0869565217391303,7250.0,7260.0,7250.0,7260.0,7200.0
2023-08-13,7260.0,7260.0,7170.0,7250.0,7128.0888671875,7200.0,7072.0,7021.6,6825.733333333334,6888.95,60.24096385542169,6926.2,76.53333333333376,-14.350000000000364,0.07566765578635,7250.0,7260.0,7250.0,7260.0,7200.0
2023-08-14,7120.0,7310.0,7120.0,7200.0,7078.9296875,7400.0,7082.5,7036.0,6841.066666666667,6885.6,52.50000000000001,6934.2,77.19999999999982,-15.0,0.0730253353204173,7250.0,7260.0,7250.0,7260.0,7200.0
2023-08-15,7270.0,7270.0,7120.0,7120.0,7000.275390625,7100.0,7095.5,7049.2,6853.733333333334,6882.0,53.84615384615384,6938.8,74.66666666666697,-16.100000000000364,0.0409356725146199,7250.0,7310.0,7200.0,7120.0,7400.0
2023-08-16,7150.0,7150.0,7010.0,7010.0,6892.125,9100.0,7096.0,7058.0,6862.533333333334,6877.85,42.6829268292683,6941.0,68.26666666666733,-18.049999999999272,0.0248538011695906,7250.0,7270.0,7120.0,7270.0,7100.0
2023-08-17,7060.0,7060.0,6890.0,6910.0,6793.80615234375,9600.0,7087.5,7062.8,6870.0,6873.2,47.945205479452056,6939.4,60.26666666666642,-19.25,0.010233918128655,7250.0,7150.0,7010.0,7150.0,9100.0
2023-08-18,6900.0,6900.0,6750.0,6760.0,6646.32861328125,10200.0,7071.5,7057.6,6875.466666666666,6867.65,41.66666666666667,6934.4,49.733333333332666,-21.300000000000185,0.0,7250.0,7060.0,6910.0,7060.0,9600.0
2023-08-19,6900.0,6900.0,6750.0,6760.0,6646.32861328125,10200.0,7055.5,7048.4,6877.733333333334,6861.65,41.66666666666667,6932.0,36.66666666666697,-23.950000000000728,0.0014814814814814,7250.0,6900.0,6760.0,6900.0,10200.0
2023-08-20,6900.0,6900.0,6750.0,6760.0,6646.32861328125,10200.0,7035.5,7044.4,6879.2,6856.5,41.66666666666667,6929.6,25.46666666666624,-25.5,-0.0202898550724637,7250.0,6900.0,6760.0,6900.0,10200.0
2023-08-21,6760.0,6880.0,6760.0,6850.0,6734.8154296875,12400.0,7025.0,7038.4,6882.8,6851.95,42.35294117647059,6929.0,20.266666666666424,-25.900000000000546,-0.0158045977011493,7250.0,6900.0,6760.0,6900.0,10200.0
2023-08-22,6800.0,6880.0,6780.0,6830.0,6715.1513671875,3900.0,7010.0,7028.4,6886.133333333333,6847.65,25.0,6927.0,16.133333333333212,-25.550000000000185,0.0044117647058823,7250.0,6880.0,6850.0,6760.0,12400.0
2023-08-23,6880.0,6900.0,6820.0,6890.0,6774.14306640625,3400.0,7007.5,7020.8,6890.533333333334,6843.65,27.14285714285714,6928.2,15.066666666667516,-24.0,0.013235294117647,7250.0,6880.0,6830.0,6800.0,3900.0
2023-08-24,6910.0,7020.0,6900.0,6980.0,6862.62939453125,5400.0,7011.5,7016.8,6896.133333333333,6840.1,32.0,6930.6,18.39999999999964,-21.549999999999272,0.026470588235294,7250.0,6900.0,6890.0,6880.0,3400.0
2023-08-25,6970.0,6990.0,6890.0,6930.0,6813.4697265625,7200.0,7013.0,7007.6,6901.066666666667,6836.55,30.0,6933.2,21.866666666666788,-19.94999999999981,0.0058055152394775,7250.0,7020.0,6980.0,6910.0,5400.0
2023-08-26,6970.0,6990.0,6890.0,6930.0,6813.4697265625,7200.0,7014.5,7002.4,6904.666666666667,6833.25,30.0,6937.2,21.866666666666788,-18.69999999999981,0.0043478260869564,7250.0,6990.0,6930.0,6970.0,7200.0
2023-08-27,6970.0,6990.0,6890.0,6930.0,6813.4697265625,7200.0,7012.0,6994.4,6908.133333333333,6830.6,30.0,6941.2,22.0,-17.049999999999272,-0.0085836909871244,7250.0,6990.0,6930.0,6970.0,7200.0
2023-08-28,7020.0,7050.0,6970.0,7000.0,6882.29296875,5700.0,7003.5,6996.8,6911.6,6828.25,37.80487804878049,6946.6,21.06666666666661,-15.399999999999636,-0.0014265335235378,7250.0,6990.0,6930.0,6970.0,7200.0
2023-08-29,7000.0,7020.0,6960.0,7020.0,6901.95654296875,2700.0,6994.0,7001.6,6915.733333333334,6825.9,43.42105263157895,6950.8,19.600000000000364,-14.200000000000728,0.0203488372093023,7250.0,7050.0,7000.0,7020.0,5700.0
2023-08-30,7040.0,7040.0,7000.0,7020.0,6901.95654296875,4700.0,6982.5,7006.4,6918.133333333333,6823.55,50.76923076923077,6956.0,17.066666666666606,-13.0,0.0203488372093023,7250.0,7020.0,7020.0,7000.0,2700.0
2023-08-31,7020.0,7140.0,6980.0,7110.0,6990.443359375,17300.0,6975.5,7014.8,6921.733333333334,6821.65,65.625,6963.6,17.066666666666606,-11.600000000000364,0.0334302325581394,7250.0,7040.0,7020.0,7040.0,4700.0
2023-09-01,7130.0,7180.0,7060.0,7170.0,7049.4345703125,11900.0,6971.5,7022.4,6926.133333333333,6820.35,87.27272727272727,6972.4,18.0,-10.25,0.0346320346320345,7250.0,7140.0,7110.0,7020.0,17300.0
2023-09-02,7130.0,7180.0,7060.0,7170.0,7049.4345703125,11900.0,6967.5,7022.4,6931.6,6818.75,87.27272727272727,6980.0,20.0,-9.5,0.0497803806734993,7200.0,7180.0,7170.0,7130.0,11900.0
2023-09-03,7130.0,7180.0,7060.0,7170.0,7049.4345703125,11900.0,6966.0,7020.8,6937.2,6817.25,87.27272727272727,6987.6,21.46666666666624,-8.649999999999636,0.0451895043731778,7170.0,7180.0,7170.0,7130.0,11900.0
2023-09-04,7170.0,7330.0,7130.0,7330.0,7206.74365234375,12200.0,6976.5,7024.0,6942.933333333333,6816.0,88.70967741935485,6998.4,24.800000000000185,-7.550000000000182,0.0779411764705881,7330.0,7180.0,7170.0,7130.0,11900.0
2023-09-05,7280.0,7320.0,7230.0,7320.0,7196.912109375,5800.0,6992.0,7026.8,6947.733333333334,6814.55,90.1639344262295,7009.0,26.0,-7.099999999999454,0.0876671619613669,7330.0,7330.0,7330.0,7170.0,12200.0
2023-09-06,7320.0,7320.0,7210.0,7230.0,7108.42529296875,5400.0,7008.0,7026.0,6953.466666666666,6812.65,76.5625,7017.2,27.33333333333303,-7.700000000000728,0.0742942050520059,7330.0,7320.0,7320.0,7280.0,5800.0
2023-09-07,7270.0,7270.0,7170.0,7170.0,7049.4345703125,9000.0,7028.5,7022.8,6958.4,6810.45,65.57377049180329,7022.2,26.799999999999272,-8.300000000000182,0.0653789004457652,7330.0,7320.0,7230.0,7320.0,5400.0
2023-09-08,7080.0,7150.0,6990.0,7010.0,6892.125,11700.0,7041.0,7015.2,6961.2,6807.5,55.55555555555556,7025.6,24.0,-9.75,0.0293685756240822,7330.0,7270.0,7170.0,7270.0,9000.0
2023-09-09,7080.0,7150.0,6990.0,7010.0,6892.125,11700.0,7053.5,7010.8,6962.8,6804.15,55.55555555555556,7030.0,19.866666666666788,-11.850000000000364,0.03698224852071,7330.0,7150.0,7010.0,7080.0,11700.0
2023-09-10,7080.0,7150.0,6990.0,7010.0,6892.125,11700.0,7061.5,7010.8,6964.266666666666,6801.35,55.55555555555556,7034.4,16.53333333333285,-13.199999999999818,0.0416047548291234,7330.0,7150.0,7010.0,7080.0,11700.0
2023-09-11,7120.0,7130.0,6900.0,6930.0,6813.4697265625,8100.0,7066.5,7011.6,6963.466666666666,6798.15,45.2054794520548,7037.2,10.0,-14.5,0.0297176820208022,7330.0,7150.0,7010.0,7080.0,11700.0
2023-09-12,6990.0,7030.0,6920.0,6980.0,6862.62939453125,4500.0,7071.0,7020.4,6963.066666666667,6794.85,47.368421052631575,7039.0,4.66666666666697,-15.599999999999454,0.027982326951399,7330.0,7130.0,6930.0,7120.0,8100.0
2023-09-13,6980.0,7000.0,6940.0,6940.0,6823.30224609375,7200.0,7069.0,7027.6,6963.866666666667,6791.35,45.00000000000001,7038.0,2.66666666666697,-16.149999999999636,0.0220913107511044,7330.0,7030.0,6980.0,6990.0,4500.0
2023-09-14,6950.0,7090.0,6950.0,7090.0,6970.77978515625,8500.0,7077.0,7040.8,6966.666666666667,6788.6,48.83720930232558,7042.6,3.866666666666788,-15.549999999999272,0.0441826215022091,7330.0,7000.0,6940.0,6980.0,7200.0
2023-09-15,7190.0,7200.0,7010.0,7140.0,7019.93896484375,14800.0,7087.5,7052.4,6970.133333333333,6786.25,48.23529411764706,7045.4,5.866666666666788,-15.100000000000364,0.0515463917525773,7330.0,7090.0,7090.0,6950.0,8500.0
2023-09-16,7190.0,7200.0,7010.0,7140.0,7019.93896484375,14800.0,7098.0,7064.8,6972.933333333333,6783.85,48.23529411764706,7046.6,9.466666666667152,-14.299999999999272,0.0469208211143694,7330.0,7200.0,7140.0,7190.0,14800.0
2023-09-17,7190.0,7200.0,7010.0,7140.0,7019.93896484375,14800.0,7105.0,7074.8,6977.066666666667,6781.6,48.23529411764706,7047.8,14.0,-13.25,0.0317919075144508,7330.0,7200.0,7140.0,7190.0,14800.0
2023-09-18,7190.0,7200.0,7010.0,7140.0,7019.93896484375,14800.0,7111.0,7081.2,6980.8,6779.6,36.23188405797102,7049.0,16.933333333333394,-11.75,0.0438596491228069,7330.0,7200.0,7140.0,7190.0,14800.0
2023-09-19,7120.0,7190.0,7040.0,7160.0,7039.6025390625,9800.0,7118.0,7090.4,6985.6,6778.0,38.57142857142856,7049.0,18.9333333333334,-10.600000000000364,0.0544918998527246,7330.0,7200.0,7140.0,7190.0,14800.0
2023-09-20,7180.0,7180.0,7010.0,7020.0,6901.95654296875,13600.0,7113.5,7094.0,6989.466666666666,6775.7,36.0,7048.2,19.33333333333303,-10.550000000000182,0.0338733431516937,7330.0,7190.0,7160.0,7120.0,9800.0
2023-09-21,7020.0,7080.0,6940.0,6940.0,6823.30224609375,15500.0,7102.0,7094.4,6992.266666666666,6773.0,35.06493506493507,7044.4,19.33333333333303,-10.850000000000364,0.0220913107511044,7330.0,7180.0,7020.0,7180.0,13600.0
2023-09-22,6910.0,6960.0,6840.0,6920.0,6803.63818359375,12100.0,7089.5,7091.2,6994.8,6770.0,42.85714285714285,7044.0,17.733333333333576,-11.600000000000364,0.004354136429608,7330.0,7080.0,6940.0,7020.0,15500.0
2023-09-23,6910.0,6960.0,6840.0,6920.0,6803.63818359375,12100.0,7077.0,7087.2,6996.266666666666,6766.9,42.85714285714285,7044.4,15.466666666666242,-12.700000000000728,-0.0100143061516452,7330.0,6960.0,6920.0,6910.0,12100.0
2023-09-24,6910.0,6960.0,6840.0,6920.0,6803.63818359375,12100.0,7056.5,7083.2,6998.4,6763.6,42.85714285714285,7044.8,12.799999999999272,-14.399999999999636,0.0087463556851312,7320.0,6960.0,6920.0,6910.0,12100.0
2023-09-25,7020.0,7060.0,6940.0,6970.0,6852.79736328125,13200.0,7039.0,7077.6,7001.6,6760.05,53.33333333333333,7046.2,12.133333333334122,-15.649999999999636,-0.0042857142857143,7230.0,6960.0,6920.0,6910.0,12100.0
2023-09-26,6980.0,7000.0,6880.0,6900.0,6783.974609375,14900.0,7022.5,7066.8,7003.866666666667,6756.3,43.54838709677419,7044.6,11.600000000000364,-16.699999999999818,-0.0254237288135593,7170.0,7060.0,6970.0,7020.0,13200.0
2023-09-27,7030.0,7170.0,6930.0,7160.0,7039.6025390625,55800.0,7022.0,7066.4,7008.8,6753.85,63.095238095238095,7044.4,14.0,-16.149999999999636,0.0112994350282484,7160.0,7000.0,6900.0,6980.0,14900.0
2023-09-28,7070.0,7070.0,6960.0,6970.0,6852.79736328125,21300.0,7020.0,7058.4,7011.2,6750.45,43.18181818181818,7039.6,14.933333333333394,-16.449999999999818,-0.0155367231638418,7160.0,7170.0,7160.0,7030.0,55800.0
2023-09-29,7010.0,7010.0,6930.0,6960.0,6842.9658203125,6600.0,7017.5,7043.6,7013.466666666666,6748.05,39.285714285714285,7033.8,15.066666666666606,-15.550000000000182,-0.0279329608938547,7160.0,7070.0,6970.0,7070.0,21300.0
2023-09-30,7010.0,7010.0,6930.0,6960.0,6842.9658203125,6600.0,7015.0,7029.2,7015.733333333334,6746.9,39.285714285714285,7028.0,14.133333333333212,-13.150000000000546,-0.0141643059490085,7160.0,7010.0,6960.0,7010.0,6600.0
2023-10-01,7010.0,7010.0,6930.0,6960.0,6842.9658203125,6600.0,7016.5,7018.4,7017.6,6745.7,39.285714285714285,7022.2,13.733333333333576,-10.600000000000364,-0.0238429172510519,7160.0,7010.0,6960.0,7010.0,6600.0
2023-10-02,6960.0,7050.0,6910.0,6920.0,6803.63818359375,11100.0,7013.5,7008.4,7017.6,6744.8,37.5,7015.6,8.800000000000182,-9.050000000000182,-0.0028818443804035,7160.0,7010.0,6960.0,7010.0,6600.0
2023-10-03,6910.0,6910.0,6750.0,6760.0,6646.32861328125,14400.0,7004.5,6998.4,7016.533333333334,6743.3,30.392156862745097,7006.8,5.33333333333394,-7.149999999999636,-0.0202898550724637,7160.0,7050.0,6920.0,6960.0,11100.0
2023-10-04,6660.0,6810.0,6600.0,6610.0,6498.8505859375,22100.0,6980.5,6982.4,7014.133333333333,6741.05,30.09708737864078,6996.6,0.6666666666669698,-7.0,-0.0420289855072464,7160.0,6910.0,6760.0,6910.0,14400.0
2023-10-05,6590.0,6790.0,6580.0,6760.0,6646.32861328125,12600.0,6961.5,6972.4,7013.733333333334,6739.55,41.81818181818182,6991.6,-2.0,-7.349999999999454,-0.0202898550724637,7160.0,6810.0,6610.0,6660.0,22100.0
2023-10-06,6710.0,6860.0,6710.0,6750.0,6636.49658203125,11000.0,6942.0,6965.2,7013.2,6739.1,42.201834862385326,6988.4,-4.400000000000546,-6.599999999999454,-0.0329512893982808,7160.0,6790.0,6760.0,6590.0,12600.0
2023-10-07,6710.0,6860.0,6710.0,6750.0,6636.49658203125,11000.0,6922.5,6956.0,7011.333333333333,6738.65,42.201834862385326,6988.2,-6.266666666667334,-6.150000000000546,-0.0585774058577406,7160.0,6860.0,6750.0,6710.0,11000.0
2023-10-08,6710.0,6860.0,6710.0,6750.0,6636.49658203125,11000.0,6903.0,6948.4,7008.133333333333,6737.6,42.201834862385326,6988.0,-8.400000000000546,-5.699999999999818,-0.0638002773925103,7160.0,6860.0,6750.0,6710.0,11000.0
2023-10-09,6710.0,6860.0,6710.0,6750.0,6636.49658203125,11000.0,6882.5,6934.8,7006.666666666667,6736.5,39.42307692307692,6987.8,-7.466666666666242,-4.550000000000182,-0.0689655172413793,7160.0,6860.0,6750.0,6710.0,11000.0
2023-10-10,6850.0,6890.0,6790.0,6840.0,6724.9833984375,12100.0,6873.5,6922.8,7004.533333333334,6735.75,47.16981132075472,6987.6,-9.199999999999818,-3.800000000000182,-0.056551724137931,7160.0,6860.0,6750.0,6710.0,11000.0
2023-10-11,6800.0,6890.0,6790.0,6830.0,6715.1513671875,9800.0,6868.0,6910.4,7001.2,6734.95,29.62962962962964,6987.6,-12.0,-4.150000000000546,-0.0579310344827586,7160.0,6890.0,6840.0,6850.0,12100.0
2023-10-12,6830.0,6980.0,6780.0,6940.0,6823.30224609375,10500.0,6869.0,6902.4,6999.333333333333,6734.7,47.945205479452056,6988.6,-12.0,-3.949999999999818,-0.0427586206896551,7160.0,6890.0,6830.0,6800.0,9800.0
2023-10-13,6920.0,6940.0,6780.0,6830.0,6715.1513671875,9600.0,6864.5,6890.0,6996.0,6734.25,42.16867469879519,6985.6,-12.133333333333212,-3.350000000000364,-0.0513888888888889,7160.0,6980.0,6940.0,6830.0,10500.0
2023-10-14,6920.0,6940.0,6780.0,6830.0,6715.1513671875,9600.0,6860.0,6876.8,6991.6,6733.9,42.16867469879519,6983.6,-15.066666666666606,-2.600000000000364,-0.0407303370786517,7160.0,6940.0,6830.0,6920.0,9600.0
2023-10-15,6920.0,6940.0,6780.0,6830.0,6715.1513671875,9600.0,6853.0,6869.2,6988.533333333334,6733.2,42.16867469879519,6981.6,-16.0,-2.550000000000182,-0.0256776034236804,7160.0,6940.0,6830.0,6920.0,9600.0
2023-10-16,6750.0,6760.0,6650.0,6680.0,6567.673828125,15400.0,6842.0,6858.8,6982.533333333334,6732.05,37.234042553191486,6976.6,-18.66666666666606,-2.899999999999636,-0.0332850940665702,7160.0,6940.0,6830.0,6920.0,9600.0
2023-10-17,6700.0,6810.0,6680.0,6740.0,6626.6650390625,12100.0,6821.0,6851.6,6979.866666666667,6731.6,48.80952380952381,6971.4,-19.46666666666624,-3.0999999999994543,-0.0029585798816568,6970.0,6760.0,6680.0,6750.0,15400.0
2023-10-18,6750.0,6760.0,6660.0,6720.0,6607.00146484375,13000.0,6808.5,6843.6,6977.466666666666,6731.05,57.74647887323944,6965.4,-18.53333333333376,-3.199999999999818,-0.0059171597633136,6960.0,6810.0,6740.0,6700.0,12100.0
2023-10-19,6650.0,6750.0,6620.0,6640.0,6528.3466796875,10900.0,6792.5,6832.4,6974.0,6730.1,40.625,6957.8,-17.600000000000364,-3.799999999999272,-0.0177514792899408,6960.0,6760.0,6720.0,6750.0,13000.0
2023-10-20,6640.0,6650.0,6590.0,6610.0,6498.8505859375,8500.0,6775.0,6818.0,6970.133333333333,6728.6,39.39393939393939,6947.8,-18.400000000000546,-4.599999999999454,-0.0350364963503649,6960.0,6750.0,6640.0,6650.0,10900.0
2023-10-21,6640.0,6650.0,6590.0,6610.0,6498.8505859375,8500.0,6757.5,6806.4,6965.2,6727.5,39.39393939393939,6936.6,-17.33333333333394,-4.550000000000182,-0.0322108345534406,6940.0,6650.0,6610.0,6640.0,8500.0
2023-10-22,6640.0,6650.0,6590.0,6610.0,6498.8505859375,8500.0,6742.0,6784.4,6957.733333333334,6727.35,39.39393939393939,6925.4,-22.13333333333321,-4.25,-0.0406386066763425,6940.0,6650.0,6610.0,6640.0,8500.0
2023-10-23,6580.0,6620.0,6530.0,6530.0,6420.1962890625,10900.0,6730.5,6766.8,6948.666666666667,6728.15,35.135135135135144,6912.6,-28.799999999999272,-2.9000000000005457,-0.0644699140401146,6940.0,6650.0,6610.0,6640.0,8500.0
2023-10-24,6530.0,6600.0,6400.0,6570.0,6459.52392578125,14300.0,6728.5,6751.2,6939.6,6728.75,30.434782608695656,6897.4,-34.39999999999964,-1.3500000000003638,-0.0519480519480519,6940.0,6620.0,6530.0,6580.0,10900.0
2023-10-25,6660.0,6710.0,6530.0,6530.0,6420.1962890625,12400.0,6717.0,6734.0,6930.0,6729.15,29.166666666666657,6881.6,-40.13333333333321,0.5499999999992724,-0.0577200577200577,6940.0,6600.0,6570.0,6530.0,14300.0
2023-10-26,6490.0,6570.0,6360.0,6370.0,6262.88671875,19700.0,6698.0,6710.4,6918.266666666666,6728.75,12.987012987012989,6864.4,-46.933333333333394,1.25,-0.0808080808080807,6940.0,6710.0,6530.0,6660.0,12400.0
2023-10-27,6380.0,6500.0,6380.0,6420.0,6312.0458984375,15100.0,6681.5,6690.4,6907.2,6729.2,21.12676056338028,6849.4,-50.53333333333376,1.8499999999994543,-0.0828571428571428,6940.0,6570.0,6370.0,6490.0,19700.0
2023-10-28,6380.0,6500.0,6380.0,6420.0,6312.0458984375,15100.0,6665.0,6676.8,6896.8,6728.95,21.12676056338028,6837.6,-51.86666666666679,0.8000000000001819,-0.0854700854700855,6940.0,6500.0,6420.0,6380.0,15100.0
2023-10-29,6380.0,6500.0,6380.0,6420.0,6312.0458984375,15100.0,6648.5,6669.2,6887.466666666666,6729.45,21.12676056338028,6825.8,-52.13333333333412,0.6999999999998181,-0.0854700854700855,6940.0,6500.0,6420.0,6380.0,15100.0
2023-10-30,6370.0,6390.0,6130.0,6190.0,6085.9130859375,118500.0,6616.0,6646.4,6876.533333333334,6728.8,18.987341772151893,6809.4,-53.46666666666624,-0.3499999999994543,-0.1293952180028129,6940.0,6500.0,6420.0,6380.0,15100.0
2023-10-31,6210.0,6220.0,5980.0,6120.0,6017.0908203125,43300.0,6580.5,6621.2,6866.0,6727.65,11.25,6793.2,-52.26666666666642,-1.1000000000003638,-0.1464435146443514,6940.0,6390.0,6190.0,6370.0,118500.0
2023-11-01,6220.0,6250.0,6160.0,6190.0,6085.9130859375,27000.0,6543.0,6598.8,6858.4,6726.85,18.823529411764696,6777.4,-48.80000000000018,-2.3499999999994543,-0.1366806136680614,6830.0,6220.0,6120.0,6210.0,43300.0
2023-11-02,6200.0,6400.0,6200.0,6370.0,6262.88671875,18400.0,6520.0,6583.6,6853.2,6726.95,35.78947368421052,6766.0,-43.60000000000037,-2.0,-0.111576011157601,6830.0,6250.0,6190.0,6220.0,27000.0
2023-11-03,6200.0,6400.0,6200.0,6370.0,6262.88671875,18400.0,6497.0,6568.4,6848.0,6727.2,36.95652173913044,6751.6,-39.46666666666624,-2.25,-0.1309686221009549,6830.0,6400.0,6370.0,6200.0,18400.0
2023-11-04,6200.0,6400.0,6200.0,6370.0,6262.88671875,18400.0,6474.0,6549.6,6841.6,6727.4,36.95652173913044,6736.2,-34.933333333333394,-1.4000000000005457,-0.1297814207650273,6740.0,6400.0,6370.0,6200.0,18400.0
2023-11-05,6200.0,6400.0,6200.0,6370.0,6262.88671875,18400.0,6458.5,6531.2,6835.466666666666,6727.85,36.95652173913044,6720.8,-30.53333333333376,0.2000000000007276,-0.1189488243430152,6740.0,6400.0,6370.0,6200.0,18400.0
2023-11-06,6470.0,6600.0,6430.0,6590.0,6479.1875,19000.0,6451.0,6517.2,6831.466666666666,6729.5,52.83018867924528,6709.8,-26.9333333333334,2.649999999999636,-0.0808926080892608,6720.0,6400.0,6370.0,6200.0,18400.0
2023-11-07,6570.0,6630.0,6520.0,6610.0,6498.8505859375,11900.0,6445.5,6508.4,6826.533333333334,6731.45,51.92307692307693,6699.2,-26.66666666666606,4.5,-0.0570613409415121,6640.0,6600.0,6590.0,6470.0,19000.0
2023-11-08,6630.0,6630.0,6510.0,6580.0,6469.35546875,10300.0,6442.5,6498.4,6821.866666666667,6733.25,52.42718446601941,6687.6,-26.13333333333321,6.050000000000182,-0.0613409415121255,6610.0,6630.0,6610.0,6570.0,11900.0
2023-11-09,6590.0,6670.0,6570.0,6650.0,6538.17822265625,6200.0,6444.5,6491.2,6818.133333333333,6735.4,64.89361702127658,6680.2,-23.46666666666715,8.0,-0.0513552068473609,6650.0,6630.0,6580.0,6630.0,10300.0
2023-11-10,6570.0,6590.0,6500.0,6590.0,6479.1875,8000.0,6443.5,6487.6,6813.6,6737.25,58.94736842105264,6673.2,-21.86666666666588,9.399999999999636,-0.049062049062049,6650.0,6670.0,6650.0,6590.0,6200.0
2023-11-11,6570.0,6590.0,6500.0,6590.0,6479.1875,8000.0,6442.5,6481.6,6808.133333333333,6738.95,58.94736842105264,6666.6,-23.33333333333303,9.449999999999818,-0.0558739255014326,6650.0,6590.0,6590.0,6570.0,8000.0
2023-11-12,6570.0,6590.0,6500.0,6590.0,6479.1875,8000.0,6445.5,6476.4,6802.4,6740.8,58.94736842105264,6660.0,-24.13333333333412,9.350000000000364,-0.0504322766570605,6650.0,6590.0,6590.0,6570.0,8000.0
2023-11-13,6640.0,6640.0,6400.0,6400.0,6292.38232421875,9400.0,6437.0,6466.8,6794.133333333333,6741.75,61.53846153846154,6649.6,-27.733333333333576,8.5,-0.0973201692524682,6650.0,6590.0,6590.0,6570.0,8000.0
2023-11-14,6420.0,6540.0,6420.0,6460.0,6351.373046875,7100.0,6433.5,6460.8,6785.466666666666,6742.4,68.88888888888889,6639.4,-32.66666666666697,7.0,-0.0952380952380952,6650.0,6640.0,6400.0,6640.0,9400.0
2023-11-15,6520.0,6540.0,6450.0,6480.0,6371.037109375,8200.0,6439.0,6455.6,6776.266666666666,6743.15,67.05882352941177,6631.0,-37.33333333333394,5.899999999999636,-0.0924369747899159,6650.0,6540.0,6460.0,6420.0,7100.0
2023-11-16,6440.0,6490.0,6380.0,6400.0,6292.38232421875,15500.0,6438.0,6447.2,6766.0,6743.5,51.99999999999999,6615.8,-42.13333333333321,4.550000000000182,-0.103641456582633,6650.0,6540.0,6480.0,6520.0,8200.0
2023-11-17,6400.0,6450.0,6360.0,6430.0,6321.87744140625,8700.0,6438.5,6443.2,6756.133333333333,6743.85,53.84615384615384,6605.0,-46.26666666666642,3.050000000000182,-0.0994397759103641,6650.0,6490.0,6400.0,6440.0,15500.0
2023-11-18,6400.0,6450.0,6360.0,6430.0,6321.87744140625,8700.0,6439.0,6437.6,6744.133333333333,6744.55,53.84615384615384,6594.4,-50.0,2.800000000000182,-0.1019553072625698,6650.0,6450.0,6430.0,6400.0,8700.0
2023-11-19,6400.0,6450.0,6360.0,6430.0,6321.87744140625,8700.0,6451.0,6433.6,6732.266666666666,6745.25,53.84615384615384,6583.8,-53.19999999999982,2.850000000000364,-0.084045584045584,6650.0,6450.0,6430.0,6400.0,8700.0
2023-11-20,6450.0,6540.0,6390.0,6400.0,6292.38232421875,10500.0,6465.0,6434.8,6721.2,6745.8,33.89830508474576,6572.6,-55.066666666666606,2.6500000000005457,-0.0778097982708934,6650.0,6450.0,6430.0,6400.0,8700.0
2023-11-21,6400.0,6480.0,6390.0,6450.0,6341.54150390625,10300.0,6478.0,6436.0,6711.6,6746.6,37.096774193548384,6563.2,-54.39999999999964,3.100000000000364,-0.0679190751445086,6650.0,6540.0,6400.0,6450.0,10500.0
2023-11-22,6450.0,6510.0,6450.0,6480.0,6371.037109375,3500.0,6483.5,6438.4,6704.533333333334,6747.55,41.935483870967744,6557.6,-51.599999999999454,3.699999999999818,-0.0635838150289017,6650.0,6480.0,6450.0,6400.0,10300.0
2023-11-23,6450.0,6510.0,6450.0,6480.0,6371.037109375,3500.0,6489.0,6440.8,6697.466666666666,6748.5,34.54545454545455,6555.0,-46.66666666666697,3.949999999999818,-0.0635838150289017,6650.0,6510.0,6480.0,6450.0,3500.0
2023-11-24,6510.0,6530.0,6470.0,6500.0,6390.70068359375,6000.0,6495.5,6453.2,6690.666666666667,6749.4,41.1764705882353,6549.8,-41.599999999999454,4.149999999999636,-0.067431850789096,6650.0,6510.0,6480.0,6450.0,3500.0
2023-11-25,6510.0,6530.0,6470.0,6500.0,6390.70068359375,6000.0,6502.0,6468.4,6684.933333333333,6749.8,41.1764705882353,6544.8,-36.26666666666642,4.0,-0.0579710144927536,6650.0,6530.0,6500.0,6510.0,6000.0
2023-11-26,6510.0,6530.0,6470.0,6500.0,6390.70068359375,6000.0,6497.5,6480.8,6678.533333333334,6750.4,41.1764705882353,6539.8,-33.066666666666606,3.799999999999272,-0.0921787709497207,6650.0,6530.0,6500.0,6510.0,6000.0
2023-11-27,6570.0,6590.0,6500.0,6510.0,6400.5322265625,8500.0,6492.5,6486.4,6672.8,6750.95,66.66666666666666,6535.0,-31.733333333333576,3.399999999999636,-0.0659971305595409,6650.0,6530.0,6500.0,6510.0,6000.0
2023-11-28,6550.0,6620.0,6470.0,6600.0,6489.01904296875,11300.0,6493.5,6495.6,6666.266666666666,6751.3,69.44444444444444,6532.0,-31.19999999999981,2.800000000000182,-0.0517241379310344,6650.0,6590.0,6510.0,6570.0,8500.0
2023-11-29,6600.0,6660.0,6600.0,6640.0,6528.3466796875,7600.0,6493.0,6506.4,6659.6,6751.85,71.05263157894737,6528.0,-31.06666666666661,2.450000000000728,-0.0459770114942529,6640.0,6620.0,6600.0,6550.0,11300.0
2023-11-30,6640.0,6730.0,6620.0,6690.0,6577.505859375,18800.0,6498.0,6519.2,6653.6,6752.65,91.42857142857144,6525.2,-31.33333333333303,2.8499999999994543,-0.0387931034482759,6690.0,6660.0,6640.0,6600.0,7600.0
2023-12-01,6740.0,6770.0,6670.0,6720.0,6607.00146484375,10700.0,6504.5,6524.4,6648.0,6753.3,91.42857142857144,6520.8,-30.53333333333376,2.9000000000005457,-0.0289017341040462,6720.0,6730.0,6690.0,6640.0,18800.0
2023-12-02,6740.0,6770.0,6670.0,6720.0,6607.00146484375,10700.0,6511.0,6528.8,6642.4,6754.15,91.42857142857144,6518.6,-30.400000000000546,3.199999999999818,-0.0059171597633136,6720.0,6770.0,6720.0,6740.0,10700.0
2023-12-03,6740.0,6770.0,6670.0,6720.0,6607.00146484375,10700.0,6527.0,6534.4,6636.533333333334,6755.25,91.42857142857144,6516.4,-29.733333333332663,3.949999999999818,0.0166414523449318,6720.0,6770.0,6720.0,6740.0,10700.0
2023-12-04,6660.0,6780.0,6660.0,6750.0,6636.49658203125,15500.0,6541.5,6538.4,6632.933333333333,6756.55,100.0,6514.8,-26.66666666666697,4.699999999999818,-0.0014792899408283,6750.0,6770.0,6720.0,6740.0,10700.0
2023-12-05,6750.0,6800.0,6680.0,6680.0,6567.673828125,11300.0,6551.5,6542.0,6629.466666666666,6757.85,81.08108108108108,6514.8,-24.13333333333412,5.200000000000728,-0.0103703703703703,6750.0,6780.0,6750.0,6660.0,15500.0
2023-12-06,6670.0,6770.0,6670.0,6760.0,6646.32861328125,9900.0,6569.5,6548.8,6627.333333333333,6759.55,83.33333333333333,6515.2,-20.66666666666697,6.25,0.0014814814814814,6760.0,6800.0,6680.0,6750.0,11300.0
2023-12-07,6750.0,6760.0,6690.0,6700.0,6587.33740234375,10000.0,6583.0,6553.2,6624.4,6760.95,72.91666666666666,6514.8,-18.0,6.800000000000182,-0.0074074074074074,6760.0,6770.0,6760.0,6670.0,9900.0
2023-12-08,6700.0,6740.0,6590.0,6650.0,6538.17822265625,18800.0,6594.0,6563.2,6620.8,6762.05,64.70588235294119,6515.0,-15.733333333333576,6.800000000000182,-0.0148148148148148,6760.0,6760.0,6700.0,6750.0,10000.0
2023-12-09,6700.0,6740.0,6590.0,6650.0,6538.17822265625,18800.0,6605.0,6570.8,6616.533333333334,6764.3,64.70588235294119,6515.8,-16.399999999999636,7.75,-0.0277777777777777,6760.0,6740.0,6650.0,6700.0,18800.0
2023-12-10,6700.0,6740.0,6590.0,6650.0,6538.17822265625,18800.0,6617.5,6577.6,6613.2,6767.2,64.70588235294119,6516.6,-16.266666666666424,9.349999999999454,-0.0263543191800877,6760.0,6740.0,6650.0,6700.0,18800.0
2023-12-11,6750.0,6840.0,6690.0,6820.0,6705.31982421875,13600.0,6636.0,6594.4,6608.666666666667,6770.3,73.13432835820896,6520.8,-18.66666666666606,10.75,-0.0172910662824207,6820.0,6740.0,6650.0,6700.0,18800.0
2023-12-12,6870.0,6910.0,6810.0,6910.0,6793.80615234375,10200.0,6657.5,6613.6,6607.866666666667,6774.3,73.13432835820896,6528.4,-16.53333333333285,13.350000000000364,0.0117130307467057,6910.0,6840.0,6820.0,6750.0,13600.0
2023-12-13,6910.0,6970.0,6880.0,6930.0,6813.4697265625,6600.0,6680.0,6633.6,6607.466666666666,6778.4,72.3076923076923,6535.6,-13.33333333333394,16.349999999999454,0.0146412884333821,6930.0,6910.0,6910.0,6870.0,10200.0
2023-12-14,6930.0,6940.0,6840.0,6850.0,6734.8154296875,10000.0,6697.5,6650.4,6606.0,6782.1,61.764705882352935,6542.0,-10.533333333333758,17.800000000000182,0.0029282576866764,6930.0,6970.0,6930.0,6910.0,6600.0
2023-12-15,6870.0,6970.0,6800.0,6960.0,6842.9658203125,14800.0,6720.5,6672.8,6606.0,6786.45,65.78947368421052,6553.8,-7.199999999999818,19.25,0.0419161676646706,6960.0,6940.0,6850.0,6930.0,10000.0
2023-12-16,6870.0,6970.0,6800.0,6960.0,6842.9658203125,14800.0,6743.5,6693.2,6606.533333333334,6791.0,65.78947368421052,6564.6,-2.133333333333212,20.69999999999981,0.032640949554896,6960.0,6970.0,6960.0,6870.0,14800.0
2023-12-17,6870.0,6970.0,6800.0,6960.0,6842.9658203125,14800.0,6766.0,6712.4,6609.2,6795.55,65.78947368421052,6575.4,1.3333333333330302,21.25,0.0357142857142858,6960.0,6970.0,6960.0,6870.0,14800.0
2023-12-18,6860.0,6860.0,6750.0,6790.0,6675.82421875,9400.0,6775.5,6724.8,6611.6,6798.65,52.22222222222223,6582.8,4.133333333334122,20.25,0.0225903614457831,6960.0,6970.0,6960.0,6870.0,14800.0
2023-12-19,6820.0,6950.0,6820.0,6910.0,6793.80615234375,10600.0,6789.0,6741.2,6613.6,6801.45,62.10526315789473,6597.2,7.600000000000364,19.34999999999945,0.0453857791225416,6960.0,6860.0,6790.0,6860.0,9400.0
2023-12-20,6910.0,6950.0,6890.0,6890.0,6774.14306640625,7300.0,6799.0,6756.8,6615.466666666666,6804.15,57.30337078651685,6612.6,9.466666666666242,17.699999999999818,0.0423600605143721,6960.0,6950.0,6910.0,6820.0,10600.0
2023-12-21,6860.0,6880.0,6810.0,6830.0,6715.1513671875,10100.0,6804.5,6770.0,6616.533333333334,6806.55,57.30337078651685,6625.4,10.0,15.550000000000182,0.0332829046898639,6960.0,6950.0,6890.0,6910.0,7300.0
2023-12-22,6860.0,6920.0,6860.0,6920.0,6803.63818359375,7500.0,6814.5,6786.4,6618.8,6808.2,64.51612903225806,6636.4,9.600000000000364,12.649999999999636,0.0597243491577335,6960.0,6880.0,6830.0,6860.0,10100.0
2023-12-23,6860.0,6920.0,6860.0,6920.0,6803.63818359375,7500.0,6824.5,6799.2,6621.066666666667,6809.55,64.51612903225806,6647.4,9.466666666666242,10.900000000000546,0.0532724505327244,6960.0,6920.0,6920.0,6860.0,7500.0
2023-12-24,6860.0,6920.0,6860.0,6920.0,6803.63818359375,7500.0,6833.0,6810.4,6622.133333333333,6811.25,64.51612903225806,6658.4,8.533333333332848,9.800000000000182,0.0597243491577335,6960.0,6920.0,6920.0,6860.0,7500.0
2023-12-25,6960.0,6970.0,6880.0,6880.0,6764.310546875,8900.0,6843.0,6818.0,6622.8,6812.75,53.75,6668.6,7.33333333333394,8.600000000000364,0.0800627943485086,6960.0,6920.0,6920.0,6860.0,7500.0
2023-12-26,6850.0,6920.0,6850.0,6890.0,6774.14306640625,13300.0,6849.5,6824.8,6622.133333333333,6814.4,48.61111111111112,6674.6,5.599999999999454,7.849999999999454,0.073208722741433,6960.0,6970.0,6880.0,6960.0,8900.0
2023-12-27,6920.0,7040.0,6920.0,7040.0,6921.62060546875,18900.0,6866.5,6837.6,6624.933333333333,6816.8,56.47058823529412,6683.2,6.133333333333212,8.600000000000364,0.0965732087227413,7040.0,6920.0,6890.0,6850.0,13300.0
2023-12-28,7020.0,7050.0,6990.0,7020.0,6901.95654296875,46100.0,6885.0,6849.6,6627.466666666666,6819.1,60.75949367088607,6692.0,6.399999999999636,9.550000000000182,0.0934579439252336,7040.0,7040.0,7040.0,6920.0,18900.0
2023-12-29,7010.0,7140.0,6970.0,7130.0,7010.10693359375,27900.0,6909.0,6864.8,6631.466666666666,6821.45,60.75949367088607,6701.6,9.33333333333303,10.199999999999818,0.1518578352180937,7130.0,7050.0,7020.0,7020.0,46100.0
2023-12-30,7010.0,7140.0,6970.0,7130.0,7010.10693359375,27900.0,6933.0,6882.8,6637.466666666666,6823.75,60.75949367088607,6712.4,14.66666666666606,11.0,0.1650326797385621,7130.0,7140.0,7130.0,7010.0,27900.0
2023-12-31,7010.0,7140.0,6970.0,7130.0,7010.10693359375,27900.0,6948.5,6897.6,6642.666666666667,6825.7,60.75949367088607,6723.2,20.53333333333376,11.300000000000182,0.1518578352180937,7130.0,7140.0,7130.0,7010.0,27900.0
2024-01-01,7010.0,7140.0,6970.0,7130.0,7010.10693359375,27900.0,6959.5,6914.8,6648.133333333333,6827.8,77.41935483870968,6734.0,23.19999999999981,11.0,0.1193092621664049,7130.0,7140.0,7130.0,7010.0,27900.0
2024-01-02,7010.0,7140.0,6970.0,7130.0,7010.10693359375,27900.0,6969.5,6934.0,6654.666666666667,6829.25,72.0,6748.6,27.200000000000728,10.149999999999636,0.1193092621664049,7130.0,7140.0,7130.0,7010.0,27900.0
2024-01-03,7010.0,7140.0,6970.0,7130.0,7010.10693359375,27900.0,6983.5,6953.2,6661.6,6830.7,75.0,6762.0,30.13333333333412,9.25,0.1193092621664049,7130.0,7140.0,7130.0,7010.0,27900.0
2024-01-04,7700.0,7830.0,7450.0,7670.0,7541.02685546875,57200.0,7019.0,6994.0,6675.733333333334,6834.85,93.75,6785.8,38.26666666666733,11.100000000000364,0.2040816326530612,7670.0,7140.0,7130.0,7010.0,27900.0
2024-01-05,7720.0,7930.0,7620.0,7930.0,7796.65478515625,25900.0,7067.5,7038.4,6693.333333333333,6840.7,94.69026548672566,6816.4,50.66666666666606,15.0,0.2033383915022761,7930.0,7830.0,7670.0,7700.0,57200.0
2024-01-06,7720.0,7930.0,7620.0,7930.0,7796.65478515625,25900.0,7116.0,7079.2,6712.0,6846.6,94.69026548672566,6846.4,63.86666666666679,18.800000000000185,0.199697428139183,7930.0,7930.0,7930.0,7720.0,25900.0
2024-01-07,7720.0,7930.0,7620.0,7930.0,7796.65478515625,25900.0,7173.0,7119.2,6730.133333333333,6851.75,94.69026548672566,6876.4,75.46666666666624,22.5,0.2051671732522797,7930.0,7930.0,7930.0,7720.0,25900.0
2024-01-08,7720.0,7930.0,7620.0,7930.0,7796.65478515625,25900.0,7224.0,7162.4,6748.8,6856.6,98.1651376146789,6906.4,87.19999999999982,25.900000000000546,0.1924812030075187,7930.0,7930.0,7930.0,7720.0,25900.0
2024-01-09,8060.0,8200.0,7830.0,7870.0,7737.66357421875,24500.0,7273.0,7198.8,6768.8,6861.95,92.98245614035088,6935.8,93.0666666666666,27.09999999999945,0.1942336874051593,7930.0,7930.0,7930.0,7720.0,25900.0
2024-01-10,7990.0,7990.0,7810.0,7820.0,7688.50439453125,14100.0,7322.5,7233.2,6787.466666666666,6867.05,87.5,6963.2,94.1333333333332,26.350000000000364,0.1866464339908953,7930.0,8200.0,7870.0,8060.0,24500.0
2024-01-11,7850.0,7940.0,7720.0,7810.0,7678.6728515625,12300.0,7367.0,7267.2,6806.0,6872.1,88.3495145631068,6989.8,94.0,25.5,0.1851289833080425,7930.0,7990.0,7820.0,7990.0,14100.0
2024-01-12,7810.0,7820.0,7660.0,7690.0,7560.6904296875,14500.0,7405.5,7303.2,6822.933333333333,6876.1,76.92307692307693,7014.0,92.80000000000018,24.350000000000364,0.2015625000000001,7930.0,7940.0,7810.0,7850.0,12300.0
2024-01-13,7810.0,7820.0,7660.0,7690.0,7560.6904296875,14500.0,7444.0,7334.4,6842.933333333333,6880.05,76.92307692307693,7037.8,94.1333333333332,23.44999999999981,0.1904024767801857,7930.0,7820.0,7690.0,7810.0,14500.0
2024-01-14,7810.0,7820.0,7660.0,7690.0,7560.6904296875,14500.0,7484.5,7366.4,6863.866666666667,6883.55,76.92307692307693,7061.6,95.0666666666666,21.600000000000364,0.1867283950617284,7930.0,7820.0,7690.0,7810.0,14500.0
2024-01-15,7630.0,7660.0,7630.0,7660.0,7531.19482421875,900.0,7523.0,7399.6,6883.466666666666,6886.8,74.76635514018692,7084.8,96.0,19.75,0.1968749999999999,7930.0,7820.0,7690.0,7810.0,14500.0
2024-01-16,7700.0,7830.0,7680.0,7690.0,7560.6904296875,15900.0,7555.5,7430.4,6901.066666666667,6890.85,75.45454545454545,7108.4,95.0666666666666,18.75,0.1959564541213063,7930.0,7660.0,7660.0,7630.0,900.0
2024-01-17,7700.0,7780.0,7530.0,7530.0,7403.38134765625,20400.0,7581.0,7454.8,6916.533333333334,6894.1,65.87301587301587,7127.0,93.60000000000036,18.0,0.1710730948678072,7930.0,7830.0,7690.0,7700.0,15900.0
2024-01-18,7530.0,7650.0,7530.0,7570.0,7442.7080078125,12500.0,7603.0,7480.8,6932.533333333334,6897.55,43.42105263157895,7145.6,89.60000000000036,17.5,0.1772939346811819,7930.0,7780.0,7530.0,7700.0,20400.0
2024-01-19,7580.0,7580.0,7500.0,7540.0,7413.212890625,8600.0,7623.5,7507.2,6948.133333333333,6900.6,13.20754716981132,7162.6,84.26666666666642,17.050000000000182,0.1781250000000001,7930.0,7650.0,7570.0,7530.0,12500.0
2024-01-20,7580.0,7580.0,7500.0,7540.0,7413.212890625,8600.0,7644.0,7533.2,6960.8,6904.15,13.20754716981132,7179.0,77.33333333333394,17.349999999999454,0.1689922480620154,7930.0,7580.0,7540.0,7580.0,8600.0
2024-01-21,7580.0,7580.0,7500.0,7540.0,7413.212890625,8600.0,7664.5,7553.2,6973.2,6907.55,13.20754716981132,7195.4,72.13333333333321,16.699999999999818,0.1635802469135803,7930.0,7580.0,7540.0,7580.0,8600.0
2024-01-22,7550.0,7660.0,7550.0,7600.0,7472.20361328125,11800.0,7688.0,7576.4,6986.8,6911.55,22.033898305084747,7213.0,70.26666666666642,17.449999999999818,0.1728395061728396,7930.0,7580.0,7540.0,7580.0,8600.0
2024-01-23,7620.0,7620.0,7510.0,7580.0,7452.54052734375,13600.0,7710.5,7594.4,6999.2,6915.8,23.63636363636364,7229.6,66.66666666666606,18.25,0.1661538461538461,7930.0,7660.0,7600.0,7550.0,11800.0
2024-01-24,7550.0,7560.0,7450.0,7490.0,7364.0537109375,15500.0,7701.5,7608.8,7011.2,6919.6,22.033898305084747,7245.8,63.066666666666606,19.0,0.1523076923076922,7930.0,7620.0,7580.0,7620.0,13600.0
2024-01-25,7490.0,7550.0,7450.0,7510.0,7383.71728515625,14300.0,7680.5,7624.0,7023.466666666666,6923.5,25.0,7260.8,62.66666666666606,19.350000000000364,0.1553846153846154,7930.0,7560.0,7490.0,7550.0,15500.0
2024-01-26,7460.0,7520.0,7330.0,7330.0,7206.74365234375,16900.0,7650.5,7632.0,7033.333333333333,6926.1,22.72727272727272,7273.4,60.13333333333321,18.550000000000185,0.1259600614439324,7930.0,7550.0,7510.0,7490.0,14300.0
2024-01-27,7460.0,7520.0,7330.0,7330.0,7206.74365234375,16900.0,7620.5,7640.0,7045.733333333334,6928.95,22.72727272727272,7287.0,58.933333333333394,17.399999999999636,0.1106060606060606,7930.0,7520.0,7330.0,7460.0,16900.0
2024-01-28,7460.0,7520.0,7330.0,7330.0,7206.74365234375,16900.0,7590.5,7648.0,7057.333333333333,6931.95,22.72727272727272,7300.6,58.13333333333321,16.149999999999636,0.1039156626506023,7870.0,7520.0,7330.0,7460.0,16900.0
2024-01-29,7320.0,7320.0,7130.0,7270.0,7147.7529296875,30700.0,7560.5,7632.0,7067.866666666667,6934.65,21.73913043478261,7313.0,56.66666666666697,15.049999999999272,0.086696562032885,7820.0,7520.0,7330.0,7460.0,16900.0
2024-01-30,7240.0,7280.0,7040.0,7110.0,6990.443359375,26500.0,7525.0,7599.2,7077.333333333333,6936.25,14.63414634146342,7318.8,53.86666666666679,12.75,0.0580357142857141,7810.0,7320.0,7270.0,7320.0,30700.0
2024-01-31,7040.0,7150.0,7000.0,7150.0,7029.7705078125,13200.0,7492.0,7568.0,7086.933333333333,6938.05,22.85714285714286,7323.6,53.60000000000037,11.949999999999818,0.0639880952380953,7690.0,7280.0,7110.0,7240.0,26500.0
2024-02-01,7050.0,7140.0,7020.0,7120.0,7000.275390625,14900.0,7463.5,7535.6,7096.133333333333,6939.7,17.391304347826093,7327.4,50.39999999999964,10.75,0.0595238095238095,7690.0,7150.0,7150.0,7040.0,13200.0
2024-02-02,7090.0,7150.0,7050.0,7060.0,6941.2841796875,11000.0,7432.0,7500.8,7104.533333333334,6941.05,16.666666666666657,7331.6,47.20000000000073,9.100000000000364,0.0459259259259259,7690.0,7140.0,7120.0,7050.0,14900.0
2024-02-03,7090.0,7150.0,7050.0,7060.0,6941.2841796875,11000.0,7400.5,7468.4,7113.333333333333,6942.25,16.666666666666657,7333.6,45.46666666666624,7.600000000000364,0.0568862275449102,7690.0,7150.0,7060.0,7090.0,11000.0
2024-02-04,7090.0,7150.0,7050.0,7060.0,6941.2841796875,11000.0,7370.5,7438.0,7121.466666666666,6942.95,16.666666666666657,7335.6,44.13333333333321,6.699999999999818,0.0443786982248519,7690.0,7150.0,7060.0,7090.0,11000.0
2024-02-05,7050.0,7240.0,7050.0,7230.0,7108.42529296875,10600.0,7347.5,7414.8,7131.466666666666,6944.9,27.71084337349397,7341.0,44.53333333333285,6.849999999999454,0.0791044776119402,7600.0,7150.0,7060.0,7090.0,11000.0
2024-02-06,7230.0,7230.0,7120.0,7160.0,7039.6025390625,8800.0,7329.0,7393.6,7140.533333333334,6946.75,26.13636363636364,7348.4,44.40000000000055,7.050000000000182,0.0766917293233082,7600.0,7240.0,7230.0,7050.0,10600.0
2024-02-07,7100.0,7190.0,7100.0,7190.0,7069.09814453125,9600.0,7310.0,7373.6,7149.733333333334,6948.75,31.707317073170746,7354.0,45.19999999999982,7.699999999999818,0.081203007518797,7600.0,7230.0,7160.0,7230.0,8800.0
2024-02-08,7190.0,7240.0,7070.0,7200.0,7078.9296875,16100.0,7293.0,7354.0,7159.066666666667,6950.8,30.86419753086419,7360.2,45.733333333333576,8.550000000000182,0.0827067669172931,7600.0,7190.0,7190.0,7100.0,9600.0
2024-02-09,7200.0,7290.0,7120.0,7160.0,7039.6025390625,12400.0,7274.0,7334.0,7167.866666666667,6952.15,37.3134328358209,7366.8,46.40000000000055,9.199999999999818,0.0498533724340175,7600.0,7240.0,7200.0,7190.0,16100.0
2024-02-10,7200.0,7290.0,7120.0,7160.0,7039.6025390625,12400.0,7255.0,7312.8,7176.533333333334,6953.0,37.3134328358209,7371.6,45.06666666666752,8.100000000000364,0.0361794500723589,7600.0,7290.0,7160.0,7200.0,12400.0
2024-02-11,7200.0,7290.0,7120.0,7160.0,7039.6025390625,12400.0,7233.0,7298.0,7184.0,6954.5,37.3134328358209,7376.4,43.46666666666624,7.75,0.0331890331890332,7580.0,7290.0,7160.0,7200.0,12400.0
2024-02-12,7200.0,7290.0,7120.0,7160.0,7039.6025390625,12400.0,7212.0,7281.6,7190.933333333333,6955.3,40.98360655737705,7381.2,41.19999999999982,6.550000000000182,0.0452554744525548,7510.0,7290.0,7160.0,7200.0,12400.0
2024-02-13,7170.0,7240.0,7160.0,7190.0,7069.09814453125,11800.0,7197.0,7267.6,7197.6,6955.85,58.33333333333333,7387.4,38.53333333333376,5.050000000000182,0.0330459770114941,7510.0,7290.0,7160.0,7200.0,12400.0
2024-02-14,7160.0,7170.0,7030.0,7060.0,6941.2841796875,10400.0,7174.5,7248.4,7202.133333333333,6955.75,42.10526315789473,7390.8,34.266666666666424,3.600000000000364,0.014367816091954,7330.0,7240.0,7190.0,7170.0,11800.0
2024-02-15,7100.0,7100.0,6970.0,7040.0,6921.62060546875,11200.0,7160.0,7228.4,7206.4,6955.55,42.85714285714285,7390.8,29.86666666666588,2.550000000000182,0.0114942528735633,7330.0,7170.0,7060.0,7160.0,10400.0
2024-02-16,7050.0,7240.0,7020.0,7190.0,7069.09814453125,17500.0,7153.0,7212.0,7212.666666666667,6955.7,60.0,7394.2,28.66666666666697,1.199999999999818,0.0589101620029455,7330.0,7100.0,7040.0,7100.0,11200.0
2024-02-17,7050.0,7240.0,7020.0,7190.0,7069.09814453125,17500.0,7146.0,7196.4,7218.533333333334,6956.35,60.0,7395.4,27.600000000000364,1.050000000000182,0.0405209840810418,7270.0,7240.0,7190.0,7050.0,17500.0
2024-02-18,7050.0,7240.0,7020.0,7190.0,7069.09814453125,17500.0,7142.0,7184.4,7225.333333333333,6956.65,60.0,7396.6,27.733333333332663,0.7999999999992724,0.0435413642960813,7230.0,7240.0,7190.0,7050.0,17500.0
2024-02-19,7190.0,7240.0,7140.0,7190.0,7069.09814453125,14000.0,7146.0,7171.6,7231.066666666667,6957.9,45.83333333333333,7397.8,28.9333333333334,2.149999999999636,0.0527086383601755,7230.0,7240.0,7190.0,7050.0,17500.0
2024-02-20,7200.0,7220.0,7140.0,7150.0,7029.7705078125,10900.0,7146.0,7164.4,7237.066666666667,6959.15,48.88888888888889,7398.2,30.66666666666697,3.5999999999994543,0.033236994219653,7230.0,7240.0,7190.0,7190.0,14000.0
2024-02-21,7140.0,7160.0,7050.0,7100.0,6980.611328125,14000.0,7145.0,7155.2,7243.066666666667,6960.15,40.42553191489362,7397.6,30.39999999999964,4.449999999999818,0.0260115606936415,7230.0,7220.0,7150.0,7200.0,10900.0
2024-02-22,7180.0,7180.0,7070.0,7170.0,7049.4345703125,9600.0,7150.5,7148.8,7250.0,6961.5,47.16981132075472,7398.4,31.46666666666624,5.149999999999636,0.0361271676300578,7230.0,7160.0,7100.0,7140.0,14000.0
2024-02-23,7180.0,7180.0,7070.0,7170.0,7049.4345703125,9600.0,7156.0,7144.8,7256.933333333333,6962.45,51.02040816326532,7388.4,31.600000000000364,5.800000000000182,0.0421511627906976,7230.0,7180.0,7170.0,7180.0,9600.0
2024-02-24,7180.0,7180.0,7070.0,7170.0,7049.4345703125,9600.0,7161.5,7147.2,7261.6,6962.45,51.02040816326532,7373.2,30.53333333333376,4.550000000000182,0.0406386066763424,7230.0,7180.0,7170.0,7180.0,9600.0
2024-02-25,7180.0,7180.0,7070.0,7170.0,7049.4345703125,9600.0,7158.5,7148.0,7265.066666666667,6962.25,51.02040816326532,7358.0,28.0,3.100000000000364,0.0184659090909091,7200.0,7180.0,7170.0,7180.0,9600.0
2024-02-26,7180.0,7240.0,7160.0,7170.0,7049.4345703125,16700.0,7159.0,7150.0,7268.266666666666,6961.85,51.02040816326532,7342.8,25.19999999999981,1.7000000000007276,0.0213675213675212,7200.0,7180.0,7170.0,7180.0,9600.0
2024-02-27,7210.0,7250.0,7180.0,7250.0,7128.0888671875,13200.0,7162.0,7157.6,7273.6,6961.85,55.55555555555556,7329.2,23.600000000000364,0.3500000000003638,0.0168302945301543,7250.0,7240.0,7170.0,7180.0,16700.0
2024-02-28,7250.0,7460.0,7250.0,7450.0,7324.72607421875,16400.0,7174.5,7173.2,7280.133333333333,6962.85,81.9672131147541,7320.8,23.19999999999981,0.4000000000005457,0.0448807854137447,7450.0,7250.0,7250.0,7210.0,13200.0
2024-02-29,7470.0,7490.0,7300.0,7380.0,7255.9033203125,15400.0,7185.5,7186.0,7285.733333333334,6963.5,75.75757575757575,7312.0,24.13333333333321,1.050000000000182,0.0350631136044881,7450.0,7460.0,7450.0,7250.0,16400.0
2024-03-01,7390.0,7420.0,7310.0,7420.0,7295.23046875,6900.0,7198.5,7193.6,7291.866666666667,6964.6,70.9090909090909,7304.2,26.800000000000185,2.350000000000364,0.040673211781206,7450.0,7490.0,7380.0,7470.0,15400.0
2024-03-02,7390.0,7420.0,7310.0,7420.0,7295.23046875,6900.0,7211.5,7204.0,7300.266666666666,6966.1,70.9090909090909,7298.8,32.0,4.25,0.040673211781206,7450.0,7420.0,7420.0,7390.0,6900.0
2024-03-03,7390.0,7420.0,7310.0,7420.0,7295.23046875,6900.0,7224.5,7213.2,7307.066666666667,6968.15,70.9090909090909,7293.4,33.46666666666624,6.299999999999272,0.040673211781206,7450.0,7420.0,7420.0,7390.0,6900.0
2024-03-04,7420.0,7550.0,7350.0,7520.0,7393.548828125,16200.0,7241.0,7226.0,7315.466666666666,6971.2,75.38461538461539,7290.0,35.33333333333303,8.349999999999454,-0.0195567144719687,7520.0,7420.0,7420.0,7390.0,6900.0
2024-03-05,7430.0,7590.0,7430.0,7590.0,7462.3720703125,9800.0,7267.5,7243.2,7325.6,6975.35,82.3529411764706,7288.6,39.86666666666679,11.850000000000364,-0.0428751576292559,7590.0,7550.0,7520.0,7420.0,16200.0
2024-03-06,7530.0,7660.0,7460.0,7500.0,7373.88525390625,14400.0,7290.5,7256.8,7333.333333333333,6979.05,77.77777777777777,7284.8,41.46666666666624,14.449999999999818,-0.0542244640605296,7590.0,7590.0,7590.0,7430.0,9800.0
2024-03-07,7550.0,7630.0,7470.0,7500.0,7373.88525390625,21900.0,7306.0,7270.4,7341.066666666667,6982.75,75.38461538461539,7284.2,40.80000000000018,16.649999999999636,-0.0542244640605296,7590.0,7660.0,7500.0,7530.0,14400.0
2024-03-08,7460.0,7500.0,7400.0,7460.0,7334.55810546875,29200.0,7319.5,7282.4,7348.266666666666,6985.8,71.01449275362319,7282.0,41.19999999999982,17.650000000000546,-0.0592686002522068,7590.0,7630.0,7500.0,7550.0,21900.0
2024-03-09,7460.0,7500.0,7400.0,7460.0,7334.55810546875,29200.0,7333.0,7293.2,7356.0,6988.95,71.01449275362319,7280.4,40.53333333333376,17.75,-0.0520965692503176,7590.0,7500.0,7460.0,7460.0,29200.0
2024-03-10,7460.0,7500.0,7400.0,7460.0,7334.55810546875,29200.0,7346.5,7309.2,7363.6,6991.8,71.01449275362319,7278.8,38.0,16.449999999999818,-0.0460358056265984,7590.0,7500.0,7460.0,7460.0,29200.0
2024-03-11,7420.0,7420.0,7130.0,7250.0,7128.0888671875,46000.0,7351.5,7317.6,7366.4,6993.15,54.44444444444445,7273.0,33.066666666666606,14.099999999999454,-0.0717029449423816,7590.0,7500.0,7460.0,7460.0,29200.0
2024-03-12,7240.0,7380.0,7200.0,7380.0,7255.9033203125,13000.0,7365.5,7325.2,7371.2,6995.4,56.8421052631579,7268.6,30.13333333333321,12.649999999999636,-0.0403120936280884,7590.0,7420.0,7250.0,7420.0,46000.0
2024-03-13,7410.0,7410.0,7310.0,7370.0,7246.0712890625,7900.0,7375.5,7332.4,7374.4,6997.6,44.73684210526316,7264.4,26.13333333333321,11.800000000000182,-0.0416124837451234,7590.0,7380.0,7380.0,7240.0,13000.0
2024-03-14,7370.0,7440.0,7350.0,7420.0,7295.23046875,8700.0,7388.0,7341.6,7378.266666666666,7000.05,52.7027027027027,7263.0,22.266666666666424,11.100000000000364,-0.0351105331599479,7590.0,7410.0,7370.0,7410.0,7900.0
2024-03-15,7420.0,7540.0,7420.0,7470.0,7344.3896484375,13600.0,7403.0,7352.8,7382.8,7002.4,53.33333333333334,7262.2,19.19999999999981,10.599999999999454,-0.0248041775456918,7590.0,7440.0,7420.0,7370.0,8700.0
2024-03-16,7420.0,7540.0,7420.0,7470.0,7344.3896484375,13600.0,7418.0,7365.6,7387.333333333333,7004.65,53.33333333333334,7265.0,20.9333333333334,11.5,-0.0286085825747723,7590.0,7540.0,7470.0,7420.0,13600.0
2024-03-17,7420.0,7540.0,7420.0,7470.0,7344.3896484375,13600.0,7433.0,7380.4,7391.866666666667,7006.9,53.33333333333334,7267.8,20.66666666666697,11.5,-0.0079681274900398,7590.0,7540.0,7470.0,7420.0,13600.0
2024-03-18,7520.0,7610.0,7520.0,7610.0,7482.03564453125,16000.0,7451.0,7398.0,7398.266666666666,7009.4,55.69620253164557,7273.4,23.866666666666788,11.799999999999272,0.0052840158520475,7610.0,7540.0,7470.0,7420.0,13600.0
2024-03-19,7670.0,7750.0,7530.0,7570.0,7442.7080078125,40500.0,7457.0,7414.0,7396.933333333333,7011.4,48.68421052631579,7279.4,18.66666666666697,11.349999999999454,0.0039787798408488,7610.0,7610.0,7610.0,7520.0,16000.0
2024-03-20,7670.0,7750.0,7530.0,7570.0,7442.7080078125,40500.0,7466.5,7430.0,7392.133333333333,7013.4,55.223880597014926,7288.6,9.33333333333303,11.0,0.0039787798408488,7610.0,7750.0,7570.0,7670.0,40500.0
2024-03-21,7690.0,7690.0,7590.0,7630.0,7501.69970703125,16900.0,7477.0,7448.4,7388.133333333333,7015.7,58.9041095890411,7298.2,0.8000000000001819,11.050000000000182,0.0119363395225464,7630.0,7750.0,7570.0,7670.0,40500.0
2024-03-22,7690.0,7710.0,7580.0,7710.0,7580.35400390625,17900.0,7491.5,7470.0,7385.2,7017.6,66.23376623376623,7310.0,-6.66666666666697,10.700000000000728,0.0144736842105264,7710.0,7690.0,7630.0,7690.0,16900.0
2024-03-23,7690.0,7710.0,7580.0,7710.0,7580.35400390625,17900.0,7506.0,7488.4,7382.266666666666,7019.55,66.23376623376623,7323.0,-16.0,10.150000000000546,0.017150395778364,7710.0,7710.0,7710.0,7690.0,17900.0
2024-03-24,7690.0,7710.0,7580.0,7710.0,7580.35400390625,17900.0,7515.5,7498.8,7380.133333333333,7021.95,66.23376623376623,7336.0,-16.800000000000182,10.550000000000182,0.0293724966622161,7710.0,7710.0,7710.0,7690.0,17900.0
2024-03-25,7770.0,7770.0,7610.0,7610.0,7482.03564453125,29300.0,7516.5,7508.0,7377.333333333333,7024.15,77.27272727272728,7347.0,-14.800000000000182,10.75,0.0133155792276964,7710.0,7710.0,7710.0,7690.0,17900.0
2024-03-26,7620.0,7700.0,7600.0,7680.0,7550.85888671875,33600.0,7525.5,7518.4,7375.6,7027.5,75.0,7356.0,-12.533333333332848,11.800000000000182,0.0477489768076397,7710.0,7770.0,7610.0,7770.0,29300.0
2024-03-27,7770.0,7850.0,7480.0,7630.0,7501.69970703125,58200.0,7532.0,7526.8,7374.8,7030.6,70.3125,7365.4,-10.399999999999636,13.0,0.0409276944065484,7710.0,7700.0,7680.0,7620.0,33600.0
2024-03-28,7670.0,7730.0,7590.0,7600.0,7531.4287109375,77200.0,7539.0,7534.0,7373.6,7033.55,64.51612903225806,7373.6,-8.66666666666606,14.0,0.0368349249658936,7710.0,7850.0,7630.0,7770.0,58200.0
2024-03-29,7580.0,7980.0,7580.0,7880.0,7808.90234375,25800.0,7560.0,7548.4,7376.133333333333,7038.3,74.11764705882354,7387.2,-4.0,16.350000000000364,0.0839064649243466,7880.0,7730.0,7600.0,7670.0,77200.0
2024-03-30,7580.0,7980.0,7580.0,7880.0,7808.90234375,25800.0,7581.0,7560.0,7379.066666666667,7042.8,74.11764705882354,7401.6,1.733333333333576,18.650000000000546,0.1082981715893107,7880.0,7980.0,7880.0,7580.0,25800.0
2024-03-31,7580.0,7980.0,7580.0,7880.0,7808.90234375,25800.0,7612.5,7575.2,7381.6,7047.5,74.11764705882354,7416.0,6.0,20.0,0.102097902097902,7880.0,7980.0,7880.0,7580.0,25800.0
2024-04-01,7860.0,7920.0,7690.0,7770.0,7699.89501953125,19400.0,7632.0,7586.0,7384.8,7050.9,59.75609756097561,7428.2,10.0,20.299999999999272,0.0912921348314605,7880.0,7980.0,7880.0,7580.0,25800.0
2024-04-02,7770.0,7800.0,7390.0,7410.0,7343.14306640625,22400.0,7634.0,7584.0,7382.666666666667,7052.25,42.98245614035088,7433.2,9.066666666666606,18.69999999999981,0.0495750708215296,7880.0,7920.0,7770.0,7860.0,19400.0
2024-04-03,7300.0,7380.0,7220.0,7290.0,7224.2255859375,10800.0,7627.5,7577.2,7379.333333333333,7053.0,38.888888888888886,7435.2,3.199999999999818,14.699999999999818,0.0325779036827196,7880.0,7800.0,7410.0,7770.0,22400.0
2024-04-04,7440.0,7550.0,7240.0,7260.0,7194.49658203125,16200.0,7617.0,7569.2,7375.6,7053.6,34.95934959349594,7439.2,-3.4666666666662422,10.800000000000182,0.028328611898017,7880.0,7380.0,7290.0,7300.0,10800.0
2024-04-05,7160.0,7320.0,7160.0,7310.0,7244.04541015625,6100.0,7609.0,7571.6,7372.533333333334,7054.45,33.33333333333333,7444.6,-9.066666666666606,6.949999999999818,0.0110650069156292,7880.0,7550.0,7260.0,7440.0,16200.0
2024-04-06,7160.0,7320.0,7160.0,7310.0,7244.04541015625,6100.0,7601.0,7568.8,7368.666666666667,7055.2,33.33333333333333,7447.0,-16.133333333333212,4.300000000000182,0.020949720670391,7880.0,7320.0,7310.0,7160.0,6100.0
2024-04-07,7160.0,7320.0,7160.0,7310.0,7244.04541015625,6100.0,7586.0,7566.4,7365.066666666667,7056.65,33.33333333333333,7449.4,-17.600000000000364,4.399999999999636,0.0166898470097356,7880.0,7320.0,7310.0,7160.0,6100.0
2024-04-08,7460.0,7460.0,7310.0,7340.0,7273.7744140625,5700.0,7574.5,7563.2,7363.066666666667,7058.65,38.05309734513275,7452.4,-16.266666666666424,5.649999999999636,0.0194444444444443,7880.0,7320.0,7310.0,7160.0,6100.0
2024-04-09,7290.0,7400.0,7290.0,7350.0,7283.6845703125,5200.0,7563.5,7558.4,7360.933333333333,7060.8,34.57943925233644,7455.6,-14.66666666666697,7.199999999999818,0.026536312849162,7880.0,7460.0,7340.0,7460.0,5700.0
2024-04-10,7200.0,7310.0,7200.0,7210.0,7144.94775390625,5600.0,7542.5,7548.0,7359.333333333333,7062.25,31.89655172413792,7456.8,-13.200000000000728,7.800000000000182,0.0069832402234637,7880.0,7400.0,7350.0,7290.0,5200.0
2024-04-11,7200.0,7290.0,7150.0,7240.0,7174.6767578125,8400.0,7519.0,7538.8,7358.133333333333,7063.85,34.482758620689665,7459.6,-10.533333333333758,8.650000000000546,0.0111731843575419,7880.0,7310.0,7210.0,7200.0,5600.0
2024-04-12,7290.0,7430.0,7240.0,7370.0,7303.50390625,9900.0,7502.0,7529.2,7358.666666666667,7065.85,24.75247524752476,7463.6,-6.399999999999636,9.200000000000728,0.0293296089385475,7880.0,7290.0,7240.0,7200.0,8400.0
2024-04-13,7290.0,7430.0,7240.0,7370.0,7303.50390625,9900.0,7485.0,7521.2,7360.0,7068.2,24.75247524752476,7467.6,-3.066666666666606,9.550000000000182,0.0250347705146036,7880.0,7430.0,7370.0,7290.0,9900.0
2024-04-14,7290.0,7430.0,7240.0,7370.0,7303.50390625,9900.0,7473.0,7513.2,7363.466666666666,7069.25,24.75247524752476,7471.6,2.5333333333328483,8.449999999999818,0.0439093484419264,7880.0,7430.0,7370.0,7290.0,9900.0
2024-04-15,7240.0,7260.0,7200.0,7200.0,7135.03759765625,5800.0,7449.0,7496.0,7364.133333333333,7070.4,23.36448598130842,7472.2,4.800000000000182,8.149999999999636,0.0227272727272727,7880.0,7430.0,7370.0,7290.0,9900.0
2024-04-16,7220.0,7230.0,7150.0,7180.0,7115.21826171875,9800.0,7426.5,7474.8,7364.933333333333,7071.5,34.24657534246576,7472.4,6.800000000000182,7.649999999999636,-0.0013908205841446,7880.0,7260.0,7200.0,7240.0,5800.0
2024-04-17,7180.0,7180.0,7010.0,7060.0,6996.30078125,7800.0,7399.5,7448.8,7364.933333333333,7072.0,34.24657534246576,7468.6,6.266666666666424,6.149999999999636,-0.0180806675938803,7880.0,7230.0,7180.0,7220.0,9800.0
2024-04-18,7060.0,7200.0,7060.0,7180.0,7115.21826171875,3200.0,7364.5,7427.6,7366.533333333334,7073.1,45.12195121951219,7463.2,6.533333333333758,4.900000000000546,-0.0013908205841446,7880.0,7180.0,7060.0,7180.0,7800.0
2024-04-19,7150.0,7150.0,6900.0,7000.0,6936.84228515625,13100.0,7320.5,7403.2,7365.733333333334,7073.5,33.684210526315795,7455.6,2.2666666666673336,4.25,-0.0264255910987483,7880.0,7200.0,7180.0,7060.0,3200.0
2024-04-20,7150.0,7150.0,6900.0,7000.0,6936.84228515625,13100.0,7276.5,7376.0,7362.666666666667,7074.7,33.684210526315795,7447.2,-1.4666666666662422,4.300000000000182,-0.0209790209790209,7770.0,7150.0,7000.0,7150.0,13100.0
2024-04-21,7150.0,7150.0,6900.0,7000.0,6936.84228515625,13100.0,7238.0,7350.8,7360.533333333334,7076.65,33.684210526315795,7438.8,-4.399999999999636,5.149999999999636,-0.0140845070422535,7410.0,7150.0,7000.0,7150.0,13100.0
2024-04-22,7000.0,7130.0,6980.0,7020.0,6956.66162109375,10400.0,7218.5,7327.6,7358.266666666666,7077.95,32.97872340425532,7430.8,-6.66666666666697,5.949999999999818,-0.0209205020920502,7370.0,7150.0,7000.0,7150.0,13100.0
2024-04-23,7070.0,7110.0,7050.0,7080.0,7016.12060546875,5100.0,7208.0,7295.6,7356.666666666667,7079.6,36.36363636363636,7422.0,-9.866666666666788,6.5,-0.0125523012552301,7370.0,7130.0,7020.0,7000.0,10400.0
2024-04-24,7150.0,7180.0,7070.0,7070.0,7006.21044921875,5800.0,7198.5,7263.2,7355.466666666666,7081.2,41.860465116279066,7411.6,-10.266666666667334,7.699999999999818,-0.0139470013947001,7370.0,7110.0,7080.0,7070.0,5100.0
2024-04-25,7070.0,7100.0,7020.0,7030.0,6966.57177734375,11600.0,7184.5,7229.2,7353.733333333334,7082.6,37.93103448275862,7402.2,-8.933333333333394,7.900000000000546,-0.0195258019525802,7370.0,7180.0,7070.0,7150.0,5800.0
2024-04-26,7040.0,7310.0,6960.0,7310.0,7244.04541015625,15800.0,7184.5,7210.8,7355.733333333334,7085.4,47.05882352941176,7398.4,-4.800000000000182,8.75,0.0195258019525801,7370.0,7100.0,7030.0,7070.0,11600.0
2024-04-27,7040.0,7310.0,6960.0,7310.0,7244.04541015625,15800.0,7184.5,7206.8,7357.733333333334,7087.75,47.05882352941176,7395.4,-0.5333333333328483,9.800000000000182,0.0082758620689655,7370.0,7310.0,7310.0,7040.0,15800.0
2024-04-28,7040.0,7310.0,6960.0,7310.0,7244.04541015625,15800.0,7183.0,7207.6,7359.333333333333,7090.15,47.05882352941176,7392.4,2.6666666666660603,10.549999999999272,-0.0187919463087248,7370.0,7310.0,7310.0,7040.0,15800.0
2024-04-29,7040.0,7310.0,6960.0,7310.0,7244.04541015625,15800.0,7181.0,7209.6,7362.666666666667,7092.0,56.47058823529412,7389.4,7.200000000000728,10.800000000000182,-0.0094850948509485,7370.0,7310.0,7310.0,7040.0,15800.0
2024-04-30,7300.0,7380.0,7200.0,7380.0,7313.41357421875,7500.0,7189.5,7212.4,7367.2,7094.75,61.11111111111111,7392.0,13.466666666666242,12.149999999999636,-0.0053908355795148,7380.0,7310.0,7310.0,7040.0,15800.0
2024-05-01,7370.0,7430.0,7240.0,7390.0,7323.3232421875,4300.0,7197.0,7215.6,7369.866666666667,7097.55,70.8860759493671,7392.2,14.133333333333212,12.150000000000546,-0.0040431266846361,7390.0,7380.0,7380.0,7300.0,7500.0
2024-05-02,7390.0,7410.0,7310.0,7310.0,7244.04541015625,2900.0,7194.0,7215.6,7371.466666666666,7099.95,58.66666666666667,7391.0,13.733333333332666,12.199999999999818,-0.0148247978436657,7390.0,7430.0,7390.0,7370.0,4300.0
2024-05-03,7390.0,7410.0,7310.0,7310.0,7244.04541015625,2900.0,7191.0,7214.4,7373.066666666667,7103.1,77.19298245614036,7388.8,13.733333333333576,12.950000000000728,-0.0279255319148936,7390.0,7410.0,7310.0,7390.0,2900.0
2024-05-04,7390.0,7410.0,7310.0,7310.0,7244.04541015625,2900.0,7188.0,7212.8,7374.666666666667,7105.95,77.19298245614036,7385.6,12.0,13.949999999999818,-0.0368906455862977,7390.0,7410.0,7310.0,7390.0,2900.0
2024-05-05,7390.0,7410.0,7310.0,7310.0,7244.04541015625,2900.0,7193.5,7216.8,7376.8,7108.9,77.19298245614036,7382.4,9.600000000000364,14.149999999999636,-0.0253333333333333,7390.0,7410.0,7310.0,7390.0,2900.0
2024-05-06,7390.0,7410.0,7310.0,7310.0,7244.04541015625,2900.0,7200.0,7219.6,7379.6,7112.25,76.36363636363636,7379.2,9.733333333333576,14.699999999999818,-0.0253333333333333,7390.0,7410.0,7310.0,7390.0,2900.0
2024-05-07,7370.0,7510.0,7370.0,7460.0,7392.69189453125,7300.0,7220.0,7223.2,7383.466666666666,7116.5,79.6875,7376.2,12.0,16.550000000000182,0.0,7460.0,7410.0,7310.0,7390.0,2900.0
2024-05-08,7330.0,7530.0,7330.0,7350.0,7283.6845703125,11000.0,7228.5,7222.4,7385.866666666667,7120.2,68.91891891891892,7371.8,12.800000000000182,17.099999999999454,-0.0147453083109919,7460.0,7510.0,7460.0,7370.0,7300.0
2024-05-09,7340.0,7490.0,7300.0,7490.0,7422.42138671875,9200.0,7253.0,7227.2,7390.133333333333,7124.6,77.38095238095238,7370.2,15.466666666666242,18.650000000000546,0.0040214477211795,7490.0,7530.0,7350.0,7330.0,11000.0
2024-05-10,7480.0,7640.0,7480.0,7600.0,7531.4287109375,10700.0,7283.0,7243.2,7395.866666666667,7129.95,71.64179104477611,7369.6,19.06666666666661,21.050000000000185,0.0482758620689656,7600.0,7490.0,7490.0,7340.0,9200.0
2024-05-11,7480.0,7640.0,7480.0,7600.0,7531.4287109375,10700.0,7313.0,7260.0,7401.6,7135.1,71.64179104477611,7367.4,22.0,22.850000000000364,0.029810298102981,7600.0,7640.0,7600.0,7480.0,10700.0
2024-05-12,7480.0,7640.0,7480.0,7600.0,7531.4287109375,10700.0,7342.0,7281.6,7406.266666666666,7140.45,71.64179104477611,7365.2,22.800000000000185,23.94999999999981,0.0312075983717774,7600.0,7640.0,7600.0,7480.0,10700.0
2024-05-13,7600.0,7600.0,7430.0,7500.0,7432.3310546875,3800.0,7363.0,7294.4,7406.933333333333,7146.1,62.33766233766234,7361.0,21.06666666666661,25.900000000000546,0.0107816711590296,7600.0,7640.0,7600.0,7480.0,10700.0
2024-05-14,7350.0,7460.0,7310.0,7380.0,7313.41357421875,12400.0,7378.5,7309.6,7406.933333333333,7150.9,50.0,7356.4,16.800000000000182,26.299999999999272,-0.0120481927710843,7600.0,7600.0,7500.0,7600.0,3800.0
2024-05-15,7340.0,7340.0,7270.0,7290.0,7224.2255859375,3600.0,7391.5,7321.2,7405.2,7155.25,44.44444444444444,7348.6,9.33333333333303,25.300000000000185,-0.0240963855421686,7600.0,7460.0,7380.0,7350.0,12400.0
2024-05-16,7240.0,7310.0,7160.0,7310.0,7244.04541015625,4600.0,7391.5,7333.6,7403.733333333334,7159.7,50.0,7342.2,2.133333333333212,24.59999999999945,-0.0214190093708166,7600.0,7340.0,7290.0,7340.0,3600.0
2024-05-17,7270.0,7380.0,7200.0,7290.0,7224.2255859375,7500.0,7390.5,7344.4,7402.0,7165.2,48.83720930232558,7336.0,-4.266666666666424,24.75,-0.0420499342969776,7600.0,7310.0,7310.0,7240.0,4600.0
2024-05-18,7270.0,7380.0,7200.0,7290.0,7224.2255859375,7500.0,7389.5,7352.8,7398.933333333333,7171.05,48.83720930232558,7324.2,-8.0,24.94999999999981,-0.0369881109643328,7600.0,7380.0,7290.0,7270.0,7500.0
2024-05-19,7270.0,7380.0,7200.0,7290.0,7224.2255859375,7500.0,7388.5,7361.6,7394.933333333333,7176.55,48.83720930232558,7312.4,-12.0,25.650000000000546,-0.0369881109643328,7600.0,7380.0,7290.0,7270.0,7500.0
2024-05-20,7290.0,7540.0,7290.0,7510.0,7442.24072265625,9100.0,7395.0,7380.8,7395.066666666667,7182.25,59.25925925925926,7305.0,-10.133333333333212,27.0,-0.0157273918741808,7600.0,7380.0,7290.0,7270.0,7500.0
2024-05-21,7460.0,7500.0,7380.0,7390.0,7323.3232421875,3300.0,7395.0,7384.0,7393.6,7187.35,46.66666666666666,7297.4,-10.133333333333212,27.650000000000546,-0.0415045395590142,7600.0,7540.0,7510.0,7290.0,9100.0
2024-05-22,7430.0,7430.0,7340.0,7350.0,7283.6845703125,6900.0,7397.0,7385.6,7392.133333333333,7192.25,50.0,7296.2,-9.866666666666788,27.050000000000185,-0.0466926070038909,7600.0,7500.0,7390.0,7460.0,3300.0
2024-05-23,7330.0,7450.0,7280.0,7370.0,7303.50390625,7200.0,7400.0,7388.0,7390.933333333333,7197.25,43.02325581395349,7297.8,-8.0,26.19999999999981,-0.0440985732814526,7600.0,7430.0,7350.0,7430.0,6900.0
2024-05-24,7340.0,7500.0,7340.0,7440.0,7372.87255859375,5900.0,7406.5,7393.2,7390.666666666667,7201.5,40.2439024390244,7301.4,-4.266666666666424,24.94999999999981,-0.0223390275952694,7600.0,7450.0,7370.0,7330.0,7200.0
2024-05-25,7340.0,7500.0,7340.0,7440.0,7372.87255859375,5900.0,7413.0,7395.6,7393.2,7205.65,40.2439024390244,7304.0,-1.866666666666788,23.39999999999964,-0.03125,7600.0,7500.0,7440.0,7340.0,5900.0
2024-05-26,7340.0,7500.0,7340.0,7440.0,7372.87255859375,5900.0,7419.5,7397.6,7394.0,7209.95,40.2439024390244,7306.6,0.3999999999996362,22.59999999999945,-0.0249017038007863,7600.0,7500.0,7440.0,7340.0,5900.0
2024-05-27,7530.0,7530.0,7430.0,7490.0,7422.42138671875,3900.0,7421.0,7404.8,7395.6,7214.15,49.35064935064936,7310.2,3.466666666667152,21.89999999999964,-0.0144736842105263,7600.0,7500.0,7440.0,7340.0,5900.0
2024-05-28,7540.0,7540.0,7420.0,7460.0,7392.69189453125,3100.0,7426.5,7410.8,7396.133333333333,7218.5,55.88235294117647,7312.6,5.199999999999818,21.25,-0.0532994923857867,7600.0,7530.0,7490.0,7530.0,3900.0
2024-05-29,7460.0,7480.0,7260.0,7330.0,7263.86474609375,5100.0,7418.5,7411.6,7394.266666666666,7222.2,52.77777777777778,7312.2,3.5999999999994543,20.69999999999981,-0.0697969543147207,7600.0,7540.0,7460.0,7540.0,3100.0
2024-05-30,7330.0,7500.0,7300.0,7480.0,7412.51123046875,7900.0,7412.5,7418.4,7394.4,7226.65,60.0,7317.6,1.199999999999818,21.0,-0.0507614213197969,7600.0,7480.0,7330.0,7460.0,5100.0
2024-05-31,7480.0,7800.0,7430.0,7800.0,7729.6240234375,26200.0,7422.5,7438.0,7398.8,7233.65,72.17391304347827,7328.8,4.800000000000182,23.69999999999981,0.0038610038610038,7800.0,7500.0,7480.0,7330.0,7900.0
2024-06-01,7480.0,7800.0,7430.0,7800.0,7729.6240234375,26200.0,7432.5,7451.6,7401.333333333333,7240.35,72.17391304347827,7337.4,5.733333333332666,26.200000000000728,0.0526315789473683,7800.0,7800.0,7800.0,7480.0,26200.0
2024-06-02,7480.0,7800.0,7430.0,7800.0,7729.6240234375,26200.0,7447.5,7469.6,7404.4,7246.95,72.17391304347827,7346.0,8.266666666666424,28.44999999999981,0.0699588477366255,7800.0,7800.0,7800.0,7480.0,26200.0
2024-06-03,7760.0,7830.0,7580.0,7610.0,7541.33837890625,9800.0,7459.0,7474.4,7404.933333333333,7253.0,54.46428571428572,7350.8,10.66666666666697,30.800000000000185,0.0482093663911846,7800.0,7800.0,7800.0,7480.0,26200.0
2024-06-04,7660.0,7770.0,7620.0,7620.0,7551.24853515625,7300.0,7475.5,7475.2,7404.8,7258.95,61.38613861386138,7359.2,10.400000000000546,32.30000000000018,0.042407660738714,7800.0,7830.0,7610.0,7760.0,9800.0
2024-06-05,7550.0,7710.0,7510.0,7700.0,7630.5263671875,7600.0,7495.0,7479.2,7404.666666666667,7265.3,66.66666666666666,7369.6,5.866666666666788,31.650000000000546,0.0533515731874145,7800.0,7770.0,7620.0,7660.0,7300.0
2024-06-06,7700.0,7730.0,7580.0,7600.0,7531.4287109375,3200.0,7510.5,7479.2,7403.2,7271.15,60.17699115044248,7380.4,1.866666666666788,30.799999999999272,0.039671682626539,7800.0,7710.0,7700.0,7550.0,7600.0
2024-06-07,7630.0,7690.0,7630.0,7690.0,7620.61669921875,2300.0,7530.5,7486.8,7402.933333333333,7277.6,60.869565217391305,7390.6,-1.4666666666662422,30.650000000000546,0.047683923705722,7800.0,7730.0,7600.0,7700.0,3200.0
2024-06-08,7630.0,7690.0,7630.0,7690.0,7620.61669921875,2300.0,7550.5,7499.2,7404.0,7283.8,60.869565217391305,7404.4,-0.933333333333394,30.800000000000185,0.0462585034013605,7800.0,7690.0,7690.0,7630.0,2300.0
2024-06-09,7630.0,7690.0,7630.0,7690.0,7620.61669921875,2300.0,7559.5,7515.2,7404.133333333333,7289.85,60.869565217391305,7418.2,-0.6666666666669698,30.900000000000546,0.0665742024965325,7800.0,7690.0,7690.0,7630.0,2300.0
2024-06-10,7710.0,7890.0,7710.0,7880.0,7808.90234375,9600.0,7584.0,7538.0,7407.466666666666,7296.85,65.11627906976744,7435.8,2.7999999999992724,31.550000000000185,0.0883977900552486,7880.0,7690.0,7690.0,7630.0,2300.0
2024-06-11,7900.0,7940.0,7800.0,7820.0,7749.44384765625,8400.0,7607.5,7559.2,7410.4,7303.45,63.63636363636363,7451.8,7.199999999999818,32.30000000000018,0.0610583446404342,7880.0,7890.0,7880.0,7710.0,9600.0
2024-06-12,7900.0,7930.0,7810.0,7870.0,7798.99267578125,4100.0,7632.5,7582.4,7410.266666666666,7310.3,71.7741935483871,7467.6,7.33333333333303,32.69999999999982,0.0678426051560379,7880.0,7940.0,7820.0,7900.0,8400.0
2024-06-13,7830.0,7830.0,7730.0,7740.0,7670.16552734375,5000.0,7647.5,7600.4,7408.4,7316.5,60.65573770491803,7481.0,4.399999999999636,32.69999999999982,0.0502035278154682,7880.0,7930.0,7870.0,7900.0,4100.0
2024-06-14,7730.0,7930.0,7730.0,7910.0,7838.6318359375,13400.0,7671.0,7616.4,7408.8,7323.5,55.14018691588786,7498.6,4.66666666666697,33.64999999999964,0.0986111111111112,7910.0,7830.0,7740.0,7830.0,5000.0
2024-06-15,7730.0,7930.0,7730.0,7910.0,7838.6318359375,13400.0,7694.5,7637.2,7410.666666666667,7330.05,55.14018691588786,7510.6,3.200000000000728,33.19999999999982,0.1016713091922005,7910.0,7930.0,7910.0,7730.0,13400.0
2024-06-16,7730.0,7930.0,7730.0,7910.0,7838.6318359375,13400.0,7715.5,7659.6,7417.333333333333,7336.4,55.14018691588786,7522.6,6.933333333333394,32.94999999999982,0.1203966005665722,7910.0,7930.0,7910.0,7730.0,13400.0
2024-06-17,7900.0,7900.0,7730.0,7760.0,7689.9853515625,7800.0,7730.5,7675.2,7423.6,7341.75,57.28155339805825,7531.6,13.33333333333394,31.44999999999981,0.0807799442896934,7910.0,7930.0,7910.0,7730.0,13400.0
2024-06-18,7880.0,7940.0,7850.0,7930.0,7858.451171875,5900.0,7760.5,7694.8,7432.533333333334,7347.8,63.02521008403362,7544.0,24.13333333333412,31.300000000000185,0.1328571428571427,7930.0,7900.0,7760.0,7900.0,7800.0
2024-06-19,7930.0,8050.0,7870.0,7950.0,7878.27099609375,11700.0,7784.0,7715.2,7441.066666666667,7353.95,61.06194690265487,7555.4,32.266666666666424,30.44999999999981,0.1357142857142856,7950.0,7940.0,7930.0,7880.0,5900.0
2024-06-20,7970.0,8080.0,7930.0,8020.0,7947.63916015625,8700.0,7795.0,7738.4,7450.533333333334,7360.45,69.0909090909091,7568.0,39.86666666666679,30.39999999999964,0.1457142857142856,8020.0,8050.0,7950.0,7930.0,11700.0
2024-06-21,8000.0,8050.0,7810.0,7920.0,7848.54150390625,48800.0,7801.0,7755.6,7458.666666666667,7366.3,60.36036036036035,7580.2,41.33333333333394,29.900000000000546,0.1282051282051282,8020.0,8080.0,8020.0,7970.0,8700.0
2024-06-22,8000.0,8050.0,7810.0,7920.0,7848.54150390625,48800.0,7807.0,7774.0,7466.4,7372.5,60.36036036036035,7592.4,42.79999999999927,30.75,0.11864406779661,8020.0,8050.0,7920.0,8000.0,48800.0
2024-06-23,8000.0,8050.0,7810.0,7920.0,7848.54150390625,48800.0,7822.5,7797.6,7474.0,7378.3,60.36036036036035,7604.6,41.46666666666624,30.5,0.1202263083451202,8020.0,8050.0,7920.0,8000.0,48800.0
2024-06-24,7980.0,8040.0,7900.0,7980.0,7908.0,10600.0,7840.5,7817.6,7484.266666666666,7384.7,55.102040816326536,7618.0,43.19999999999982,30.75,0.1351351351351351,8020.0,8050.0,7920.0,8000.0,48800.0
2024-06-25,8020.0,8120.0,8020.0,8070.0,7997.18798828125,12400.0,7859.0,7828.4,7495.333333333333,7391.8,62.37623762376238,7633.2,44.79999999999927,31.350000000000364,0.1039671682626539,8070.0,8040.0,7980.0,7980.0,10600.0
2024-06-26,8100.0,8260.0,8080.0,8240.0,8165.654296875,12400.0,7891.0,7846.0,7506.933333333333,7399.75,66.3716814159292,7648.8,48.26666666666642,33.44999999999982,0.1272229822161423,8240.0,8120.0,8070.0,8020.0,12400.0
2024-06-27,8290.0,8290.0,8110.0,8230.0,8155.74462890625,10900.0,7918.0,7863.2,7518.4,7407.65,74.25742574257426,7666.4,52.0,35.14999999999964,0.1258549931600547,8240.0,8260.0,8240.0,8100.0,12400.0
2024-06-28,8220.0,8270.0,8020.0,8220.0,8145.8349609375,20500.0,7944.5,7887.6,7529.733333333334,7414.65,68.23529411764706,7681.0,55.733333333333576,36.349999999999454,0.1244870041039671,8240.0,8290.0,8230.0,8290.0,10900.0
2024-06-29,8220.0,8270.0,8020.0,8220.0,8145.8349609375,20500.0,7971.0,7911.6,7543.333333333333,7421.2,68.23529411764706,7693.4,59.066666666666606,36.5,0.113821138211382,8240.0,8270.0,8220.0,8220.0,20500.0
2024-06-30,8220.0,8270.0,8020.0,8220.0,8145.8349609375,20500.0,7988.0,7932.4,7557.2,7427.65,68.23529411764706,7705.8,61.86666666666679,35.849999999999454,0.1123139377537212,8240.0,8270.0,8220.0,8220.0,20500.0
2024-07-01,8160.0,8260.0,7750.0,7800.0,7729.6240234375,22600.0,7987.0,7940.4,7567.066666666667,7432.4,51.78571428571429,7709.8,60.13333333333321,32.64999999999964,0.06703146374829,8240.0,8270.0,8220.0,8220.0,20500.0
2024-07-02,7800.0,7800.0,7600.0,7740.0,7670.16552734375,16500.0,7980.5,7942.4,7574.533333333334,7436.3,40.59405940594059,7714.6,56.13333333333412,28.650000000000546,0.0588235294117647,8240.0,8260.0,7800.0,8160.0,22600.0
2024-07-03,7610.0,7780.0,7610.0,7670.0,7600.79736328125,7100.0,7977.0,7941.6,7583.466666666666,7439.85,36.79245283018869,7720.4,53.733333333332666,25.200000000000728,0.0492476060191517,8240.0,7800.0,7740.0,7800.0,16500.0
2024-07-04,7670.0,7820.0,7670.0,7790.0,7719.71435546875,7800.0,7971.0,7945.6,7594.0,7444.0,39.63963963963965,7730.4,50.66666666666697,22.800000000000185,0.0656634746922024,8240.0,7780.0,7670.0,7610.0,7100.0
2024-07-05,7790.0,7790.0,7630.0,7700.0,7630.5263671875,6900.0,7960.5,7938.4,7603.333333333333,7448.55,39.99999999999999,7738.2,46.13333333333321,20.900000000000546,0.0533515731874145,8240.0,7820.0,7790.0,7670.0,7800.0
2024-07-06,7790.0,7790.0,7630.0,7700.0,7630.5263671875,6900.0,7950.0,7933.6,7612.4,7452.5,39.99999999999999,7746.4,45.33333333333303,20.100000000000364,0.032171581769437,8240.0,7790.0,7700.0,7790.0,6900.0
2024-07-07,7790.0,7790.0,7630.0,7700.0,7630.5263671875,6900.0,7947.0,7926.8,7620.666666666667,7456.55,39.99999999999999,7754.6,46.13333333333321,20.25,0.0476190476190476,8240.0,7790.0,7700.0,7790.0,6900.0
2024-07-08,7640.0,7800.0,7590.0,7590.0,7521.51904296875,9700.0,7930.0,7920.8,7627.6,7460.35,33.04347826086956,7760.6,44.13333333333412,20.5,0.0133511348464618,8240.0,7790.0,7700.0,7790.0,6900.0
2024-07-09,7590.0,7850.0,7590.0,7690.0,7620.61669921875,9900.0,7917.0,7912.0,7636.4,7464.2,33.62068965517241,7764.2,42.39999999999964,20.19999999999981,0.0118421052631578,8240.0,7800.0,7590.0,7640.0,9700.0
2024-07-10,7760.0,7760.0,7580.0,7590.0,7521.51904296875,10200.0,7895.5,7899.2,7640.133333333333,7467.55,20.18348623853211,7768.2,36.80000000000018,19.0,-0.0013157894736841,8240.0,7850.0,7690.0,7590.0,9900.0
2024-07-11,7690.0,7750.0,7630.0,7740.0,7670.16552734375,6900.0,7886.5,7892.4,7645.866666666667,7471.65,30.081300813008127,7776.0,33.46666666666715,19.14999999999964,0.0184210526315788,8240.0,7760.0,7590.0,7760.0,10200.0
2024-07-12,7590.0,7950.0,7590.0,7840.0,7769.26318359375,13000.0,7882.5,7895.6,7652.933333333333,7476.45,35.606060606060595,7785.4,32.266666666666424,19.89999999999964,0.0453333333333332,8240.0,7750.0,7740.0,7690.0,6900.0
2024-07-13,7590.0,7950.0,7590.0,7840.0,7769.26318359375,13000.0,7878.5,7892.0,7660.0,7481.2,35.606060606060595,7793.4,32.39999999999964,20.84999999999945,0.062330623306233,8240.0,7950.0,7840.0,7590.0,13000.0
2024-07-14,7590.0,7950.0,7590.0,7840.0,7769.26318359375,13000.0,7871.5,7887.6,7666.133333333333,7485.2,35.606060606060595,7801.4,29.733333333333576,21.0,0.0754458161865569,8240.0,7950.0,7840.0,7590.0,13000.0
2024-07-15,7590.0,7950.0,7590.0,7840.0,7769.26318359375,13000.0,7860.0,7880.4,7672.133333333333,7489.3,52.22222222222223,7809.4,32.0,21.75,0.0725034199726402,8240.0,7950.0,7840.0,7590.0,13000.0
2024-07-16,7980.0,7980.0,7830.0,7890.0,7818.81201171875,8800.0,7842.5,7879.2,7679.866666666667,7493.1,58.42696629213484,7817.4,34.0,21.450000000000728,0.0823045267489712,8230.0,7950.0,7840.0,7590.0,13000.0
2024-07-17,7890.0,8070.0,7890.0,7940.0,7868.36083984375,5800.0,7828.0,7880.0,7688.266666666666,7497.15,65.51724137931035,7827.0,35.33333333333303,20.69999999999981,0.0891632373113855,8220.0,7980.0,7890.0,7980.0,8800.0
2024-07-18,7950.0,8120.0,7950.0,8020.0,7947.63916015625,10800.0,7818.0,7884.0,7697.733333333334,7501.6,63.855421686746986,7840.8,37.733333333333576,20.400000000000546,0.1001371742112482,8220.0,8070.0,7940.0,7890.0,5800.0
2024-07-19,8040.0,8040.0,7880.0,7910.0,7838.6318359375,5100.0,7802.5,7881.2,7705.733333333334,7505.5,62.35294117647059,7849.4,39.60000000000037,20.300000000000185,0.0532623169107855,8220.0,8120.0,8020.0,7950.0,10800.0
2024-07-20,8040.0,8040.0,7880.0,7910.0,7838.6318359375,5100.0,7787.0,7874.8,7713.733333333334,7509.4,62.35294117647059,7851.6,41.60000000000037,20.09999999999945,0.0703653585926928,8020.0,8040.0,7910.0,8040.0,5100.0
2024-07-21,8040.0,8040.0,7880.0,7910.0,7838.6318359375,5100.0,7792.5,7861.6,7719.733333333334,7513.3,62.35294117647059,7853.8,39.86666666666679,20.19999999999981,0.0761904761904761,8020.0,8040.0,7910.0,8040.0,5100.0
2024-07-22,7910.0,7970.0,7720.0,7810.0,7739.5341796875,6200.0,7796.0,7844.8,7725.866666666667,7514.0,63.095238095238095,7854.0,37.60000000000037,16.850000000000364,0.0597014925373133,8020.0,8040.0,7910.0,8040.0,5100.0
2024-07-23,7810.0,7860.0,7770.0,7850.0,7779.17333984375,2000.0,7805.0,7830.0,7730.666666666667,7513.6,60.256410256410255,7858.8,32.933333333333394,12.0,0.0551075268817204,8020.0,7970.0,7810.0,7910.0,6200.0
2024-07-24,7850.0,7920.0,7710.0,7710.0,7640.43603515625,7900.0,7801.0,7809.6,7732.133333333333,7512.5,57.3170731707317,7860.6,26.39999999999964,7.0,0.0362903225806452,8020.0,7860.0,7850.0,7810.0,2000.0
2024-07-25,7840.0,7920.0,7700.0,7700.0,7630.5263671875,9000.0,7801.0,7788.8,7733.466666666666,7511.35,47.05882352941176,7860.6,19.733333333332663,1.950000000000728,0.0349462365591397,8020.0,7920.0,7710.0,7850.0,7900.0
2024-07-26,7700.0,7820.0,7640.0,7640.0,7571.06787109375,2800.0,7798.0,7782.4,7734.0,7509.9,34.375,7861.4,14.266666666666424,-3.4000000000005457,0.0200267022696929,8020.0,7920.0,7700.0,7840.0,9000.0
2024-07-27,7700.0,7820.0,7640.0,7640.0,7571.06787109375,2800.0,7795.0,7778.4,7735.866666666667,7508.75,34.375,7860.4,10.0,-5.25,0.0241286863270777,8020.0,7820.0,7640.0,7700.0,2800.0
2024-07-28,7700.0,7820.0,7640.0,7640.0,7571.06787109375,2800.0,7797.5,7777.2,7739.333333333333,7507.85,34.375,7859.4,8.66666666666606,-5.75,0.0422919508867667,8020.0,7820.0,7640.0,7700.0,2800.0
2024-07-29,7720.0,7910.0,7570.0,7850.0,7779.17333984375,20500.0,7805.5,7779.6,7746.8,7508.05,50.588235294117645,7862.6,14.66666666666697,-4.449999999999818,0.0494652406417113,8020.0,7820.0,7640.0,7700.0,2800.0
2024-07-30,7700.0,7840.0,7560.0,7590.0,7521.51904296875,10900.0,7805.5,7775.2,7750.533333333334,7507.55,35.84905660377359,7856.8,17.066666666667516,-3.800000000000182,-0.0269230769230769,8020.0,7910.0,7850.0,7720.0,20500.0
2024-07-31,7620.0,7780.0,7470.0,7710.0,7640.43603515625,14500.0,7804.0,7775.6,7756.133333333333,7507.65,39.823008849557525,7854.6,22.13333333333321,-2.25,-0.0115384615384614,8020.0,7840.0,7590.0,7700.0,10900.0
2024-08-01,7710.0,7710.0,7410.0,7420.0,7353.052734375,14000.0,7783.0,7764.4,7757.866666666667,7506.3,27.611940298507463,7845.6,22.0,-2.449999999999818,-0.0487179487179487,8020.0,7780.0,7710.0,7620.0,14500.0
2024-08-02,7300.0,7450.0,7130.0,7130.0,7065.66943359375,16400.0,7747.5,7746.0,7755.733333333334,7503.65,24.34210526315789,7833.4,16.400000000000546,-4.200000000000728,-0.0630749014454664,8020.0,7710.0,7420.0,7710.0,14000.0
2024-08-03,7300.0,7450.0,7130.0,7130.0,7065.66943359375,16400.0,7712.0,7723.6,7750.666666666667,7500.85,24.34210526315789,7817.8,3.866666666666788,-7.199999999999818,-0.0643044619422572,8020.0,7450.0,7130.0,7300.0,16400.0
2024-08-04,7300.0,7450.0,7130.0,7130.0,7065.66943359375,16400.0,7676.5,7705.2,7747.2,7498.85,24.34210526315789,7802.2,-3.33333333333394,-8.699999999999818,-0.074025974025974,8020.0,7450.0,7130.0,7300.0,16400.0
2024-08-05,6500.0,7060.0,6420.0,6550.0,6490.90234375,26000.0,7609.5,7657.6,7736.533333333334,7493.75,18.5,7775.0,-19.59999999999945,-13.899999999999636,-0.1381578947368421,8020.0,7450.0,7130.0,7300.0,16400.0
2024-08-06,7120.0,7280.0,6850.0,7120.0,7055.759765625,17800.0,7568.5,7628.8,7733.2,7491.65,35.573122529644266,7762.2,-24.66666666666697,-14.650000000000546,-0.0741222366710012,8020.0,7060.0,6550.0,6500.0,26000.0
2024-08-07,7120.0,7380.0,7090.0,7160.0,7095.3984375,9700.0,7525.5,7601.6,7729.466666666666,7489.75,38.68312757201646,7746.8,-26.266666666667334,-13.899999999999636,-0.0689206762028609,7910.0,7280.0,7120.0,7120.0,17800.0
2024-08-08,7150.0,7400.0,7120.0,7130.0,7065.66943359375,10700.0,7486.5,7573.2,7725.333333333333,7487.7,38.36734693877551,7730.4,-25.33333333333394,-13.150000000000546,-0.0728218465539661,7910.0,7380.0,7160.0,7120.0,9700.0
2024-08-09,7290.0,7490.0,7210.0,7380.0,7313.41357421875,15600.0,7460.0,7554.8,7724.533333333334,7486.6,45.07575757575758,7717.6,-22.66666666666606,-12.25,-0.0634517766497462,7910.0,7400.0,7130.0,7150.0,10700.0
2024-08-10,7290.0,7490.0,7210.0,7380.0,7313.41357421875,15600.0,7433.5,7534.4,7723.066666666667,7485.6,45.07575757575758,7706.8,-13.466666666667152,-8.149999999999636,-0.0562659846547314,7850.0,7490.0,7380.0,7290.0,15600.0
2024-08-11,7290.0,7490.0,7210.0,7380.0,7313.41357421875,15600.0,7412.0,7512.0,7722.0,7485.05,45.07575757575758,7696.0,-11.199999999999818,-6.599999999999454,-0.062261753494282,7850.0,7490.0,7380.0,7290.0,15600.0
2024-08-12,7290.0,7490.0,7210.0,7380.0,7313.41357421875,15600.0,7388.5,7486.4,7722.666666666667,7484.4,40.32921810699589,7685.2,-6.799999999999272,-5.350000000000364,-0.0465116279069767,7850.0,7490.0,7380.0,7290.0,15600.0
2024-08-13,7340.0,7410.0,7250.0,7300.0,7234.1357421875,6800.0,7368.0,7462.0,7720.266666666666,7484.25,43.55555555555556,7671.6,-5.066666666666606,-3.449999999999818,-0.0771175726927939,7850.0,7490.0,7380.0,7290.0,15600.0
2024-08-14,7410.0,7420.0,7300.0,7380.0,7313.41357421875,5900.0,7352.0,7440.8,7714.666666666667,7484.5,42.53393665158371,7657.8,-9.866666666666788,-2.100000000000364,-0.0670037926675094,7850.0,7410.0,7300.0,7340.0,6800.0
2024-08-15,7450.0,7470.0,7370.0,7370.0,7303.50390625,6500.0,7338.5,7419.2,7708.933333333333,7484.7,48.70466321243523,7640.4,-14.133333333333212,-0.9000000000005457,-0.06826801517067,7850.0,7420.0,7380.0,7410.0,5900.0
2024-08-16,7460.0,7550.0,7370.0,7540.0,7471.97021484375,6100.0,7333.5,7408.4,7705.466666666666,7486.05,61.325966850828735,7626.6,-16.533333333333758,1.0,-0.0283505154639175,7850.0,7470.0,7370.0,7450.0,6500.0
2024-08-17,7460.0,7550.0,7370.0,7540.0,7471.97021484375,6100.0,7328.5,7396.0,7704.533333333334,7488.2,61.325966850828735,7613.0,-18.13333333333321,3.800000000000182,-0.0491803278688525,7850.0,7550.0,7540.0,7460.0,6100.0
2024-08-18,7460.0,7550.0,7370.0,7540.0,7471.97021484375,6100.0,7313.0,7389.2,7703.466666666666,7490.15,61.325966850828735,7599.4,-16.800000000000182,5.899999999999636,-0.0515723270440251,7710.0,7550.0,7540.0,7460.0,6100.0
2024-08-19,7540.0,7610.0,7310.0,7330.0,7263.86474609375,10200.0,7300.0,7374.4,7698.533333333334,7491.2,77.08333333333333,7581.6,-16.133333333333212,6.699999999999818,-0.0860349127182045,7710.0,7550.0,7540.0,7460.0,6100.0
2024-08-20,7480.0,7480.0,7350.0,7410.0,7343.14306640625,8100.0,7285.0,7365.2,7696.0,7492.95,65.26315789473685,7573.8,-12.933333333333394,8.25,-0.0643939393939394,7540.0,7610.0,7330.0,7540.0,10200.0
2024-08-21,7350.0,7480.0,7350.0,7480.0,7412.51123046875,6600.0,7288.0,7358.8,7693.2,7495.05,66.3265306122449,7568.6,-12.266666666666424,9.0,-0.0555555555555555,7540.0,7480.0,7410.0,7480.0,8100.0
2024-08-22,7460.0,7550.0,7450.0,7520.0,7452.150390625,6700.0,7307.5,7354.0,7690.933333333333,7497.35,69.6969696969697,7565.6,-13.600000000000364,9.150000000000546,-0.0505050505050505,7540.0,7480.0,7480.0,7350.0,6600.0
2024-08-23,7530.0,7590.0,7490.0,7550.0,7481.8798828125,5400.0,7328.5,7342.0,7689.066666666667,7498.95,61.03896103896104,7560.8,-14.399999999999636,8.800000000000182,-0.0538847117794486,7550.0,7550.0,7520.0,7460.0,6700.0
2024-08-24,7530.0,7590.0,7490.0,7550.0,7481.8798828125,5400.0,7349.5,7340.4,7684.666666666667,7500.9,61.03896103896104,7557.8,-13.866666666666788,9.699999999999818,-0.0644361833952912,7550.0,7590.0,7550.0,7530.0,5400.0
2024-08-25,7530.0,7590.0,7490.0,7550.0,7481.8798828125,5400.0,7399.5,7334.0,7681.066666666667,7502.7,61.03896103896104,7554.8,-14.933333333333394,9.75,-0.0837378640776699,7550.0,7590.0,7550.0,7530.0,5400.0
2024-08-26,7600.0,7600.0,7420.0,7440.0,7372.87255859375,12100.0,7415.5,7334.8,7675.333333333333,7503.9,53.409090909090914,7549.6,-17.866666666666788,8.849999999999454,-0.0959902794653706,7550.0,7590.0,7550.0,7530.0,5400.0
2024-08-27,7440.0,7540.0,7390.0,7500.0,7432.3310546875,8000.0,7432.5,7349.6,7672.133333333333,7505.6,61.62790697674418,7547.8,-18.800000000000185,8.25,-0.0875912408759124,7550.0,7600.0,7440.0,7600.0,12100.0
2024-08-28,7490.0,7490.0,7370.0,7470.0,7402.6015625,8700.0,7449.5,7363.2,7666.266666666666,7507.15,55.55555555555556,7543.4,-22.800000000000185,8.199999999999818,-0.0912408759124088,7550.0,7540.0,7500.0,7440.0,8000.0
2024-08-29,7430.0,7540.0,7270.0,7290.0,7224.2255859375,13800.0,7445.0,7369.6,7658.0,7507.8,45.91836734693878,7537.4,-26.66666666666697,6.900000000000546,-0.1131386861313868,7550.0,7490.0,7470.0,7490.0,8700.0
2024-08-30,7350.0,7350.0,7160.0,7290.0,7224.2255859375,13800.0,7440.5,7399.2,7649.733333333334,7508.45,34.5679012345679,7528.4,-31.33333333333303,5.75,-0.0653846153846153,7550.0,7540.0,7290.0,7430.0,13800.0
2024-08-31,7350.0,7350.0,7160.0,7290.0,7224.2255859375,13800.0,7436.0,7406.0,7643.466666666666,7508.95,34.5679012345679,7517.4,-31.866666666666788,5.050000000000182,-0.0581395348837209,7550.0,7350.0,7290.0,7350.0,13800.0
2024-09-01,7350.0,7350.0,7160.0,7290.0,7224.2255859375,13800.0,7431.5,7411.2,7634.933333333333,7510.1,34.5679012345679,7506.4,-37.19999999999982,4.5,-0.0495436766623207,7550.0,7350.0,7290.0,7350.0,13800.0
2024-09-02,7290.0,7290.0,7120.0,7170.0,7105.30859375,13500.0,7425.0,7412.8,7624.533333333334,7510.75,38.888888888888886,7493.0,-41.733333333332666,3.600000000000364,-0.079589216944801,7550.0,7350.0,7290.0,7350.0,13800.0
2024-09-03,7180.0,7240.0,7140.0,7200.0,7135.03759765625,8300.0,7416.0,7405.6,7613.6,7510.8,34.32835820895522,7480.2,-44.39999999999964,3.0,-0.0649350649350649,7550.0,7290.0,7170.0,7290.0,13500.0
2024-09-04,7040.0,7100.0,6970.0,7010.0,6946.751953125,14900.0,7398.0,7390.8,7601.466666666666,7509.9,20.25316455696202,7462.6,-48.26666666666733,1.449999999999818,-0.0896103896103895,7550.0,7240.0,7200.0,7180.0,8300.0
2024-09-05,7010.0,7130.0,7010.0,7100.0,7035.93994140625,10200.0,7376.0,7379.6,7590.533333333334,7509.45,25.0,7445.8,-52.93333333333248,0.5,-0.0779220779220779,7550.0,7100.0,7010.0,7040.0,14900.0
2024-09-06,7100.0,7220.0,7100.0,7130.0,7065.66943359375,7100.0,7355.5,7369.6,7580.0,7509.15,25.0,7428.0,-54.933333333333394,-0.9500000000007276,-0.0606060606060605,7550.0,7130.0,7100.0,7010.0,10200.0
2024-09-07,7100.0,7220.0,7100.0,7130.0,7065.66943359375,7100.0,7335.0,7362.8,7568.666666666667,7509.05,25.0,7412.4,-55.86666666666679,-1.699999999999818,-0.0728218465539661,7550.0,7220.0,7130.0,7100.0,7100.0
2024-09-08,7100.0,7220.0,7100.0,7130.0,7065.66943359375,7100.0,7325.0,7352.8,7556.133333333333,7509.2,25.0,7396.8,-57.46666666666715,-1.6000000000003638,-0.0606060606060605,7550.0,7220.0,7130.0,7100.0,7100.0
2024-09-09,7010.0,7200.0,7000.0,7200.0,7135.03759765625,6300.0,7314.5,7346.0,7542.266666666666,7509.35,35.0,7382.6,-59.19999999999982,-0.5499999999992724,-0.0697674418604651,7550.0,7220.0,7130.0,7100.0,7100.0
2024-09-10,7150.0,7240.0,7150.0,7220.0,7154.857421875,4100.0,7301.5,7333.2,7528.8,7509.6,31.57894736842105,7370.8,-61.733333333333576,0.1500000000005457,-0.0790816326530612,7550.0,7200.0,7200.0,7010.0,6300.0
2024-09-11,7130.0,7260.0,7080.0,7150.0,7085.48876953125,12000.0,7283.0,7317.6,7514.533333333334,7509.5,30.0,7356.8,-65.46666666666624,0.3500000000003638,-0.0880102040816326,7550.0,7240.0,7220.0,7150.0,4100.0
2024-09-12,7230.0,7280.0,7140.0,7200.0,7135.03759765625,9100.0,7265.5,7304.0,7500.933333333333,7509.65,43.28358208955223,7346.6,-67.73333333333358,0.5999999999994543,-0.0816326530612244,7550.0,7260.0,7150.0,7130.0,12000.0
2024-09-13,7140.0,7190.0,7100.0,7110.0,7045.849609375,9200.0,7243.5,7295.2,7486.133333333333,7509.35,38.15789473684211,7334.8,-70.0,0.1500000000005457,-0.0931122448979592,7550.0,7280.0,7200.0,7230.0,9100.0
2024-09-14,7140.0,7190.0,7100.0,7110.0,7045.849609375,9200.0,7221.5,7283.2,7476.933333333333,7508.65,38.15789473684211,7324.2,-65.33333333333303,-0.7000000000007276,-0.0988593155893535,7500.0,7190.0,7110.0,7140.0,9200.0
2024-09-15,7140.0,7190.0,7100.0,7110.0,7045.849609375,9200.0,7205.0,7268.4,7468.533333333334,7506.95,38.15789473684211,7313.6,-60.26666666666642,-2.6500000000005457,-0.1045340050377834,7500.0,7190.0,7110.0,7140.0,9200.0
2024-09-16,7140.0,7190.0,7100.0,7110.0,7045.849609375,9200.0,7185.5,7252.0,7461.066666666667,7505.6,45.31250000000001,7303.0,-53.46666666666715,-3.899999999999636,-0.1134663341645885,7470.0,7190.0,7110.0,7140.0,9200.0
2024-09-17,7160.0,7200.0,7090.0,7180.0,7115.21826171875,11600.0,7171.0,7237.2,7452.933333333333,7504.4,48.52941176470589,7289.6,-48.0,-5.25,-0.0922882427307205,7290.0,7190.0,7110.0,7140.0,9200.0
2024-09-18,7180.0,7330.0,7090.0,7190.0,7125.1279296875,13000.0,7166.0,7222.8,7446.133333333333,7503.25,68.0,7281.6,-40.0,-6.100000000000364,-0.09102402022756,7290.0,7200.0,7180.0,7160.0,11600.0
2024-09-19,7200.0,7260.0,7130.0,7250.0,7184.58642578125,11800.0,7164.0,7210.8,7440.133333333333,7502.4,65.95744680851064,7272.4,-36.80000000000018,-6.25,-0.0834386852085967,7290.0,7330.0,7190.0,7180.0,13000.0
2024-09-20,7310.0,7310.0,7100.0,7250.0,7184.58642578125,21200.0,7162.0,7203.2,7434.133333333333,7501.05,63.63636363636363,7269.0,-34.400000000000546,-5.899999999999636,-0.0717029449423816,7290.0,7260.0,7250.0,7200.0,11800.0
2024-09-21,7310.0,7310.0,7100.0,7250.0,7184.58642578125,21200.0,7160.0,7193.2,7429.6,7499.35,63.63636363636363,7271.4,-31.46666666666624,-6.25,-0.0764331210191082,7250.0,7310.0,7250.0,7310.0,21200.0
2024-09-22,7310.0,7310.0,7100.0,7250.0,7184.58642578125,21200.0,7164.0,7184.4,7423.733333333334,7498.1,63.63636363636363,7273.8,-29.19999999999981,-6.299999999999272,-0.059662775616083,7250.0,7310.0,7250.0,7310.0,21200.0
2024-09-23,7310.0,7310.0,7100.0,7250.0,7184.58642578125,21200.0,7166.5,7182.8,7419.2,7496.85,56.75675675675676,7276.2,-26.9333333333334,-6.399999999999636,-0.0584415584415584,7250.0,7310.0,7250.0,7310.0,21200.0
2024-09-24,7250.0,7330.0,7160.0,7220.0,7154.857421875,30300.0,7177.0,7180.0,7412.266666666666,7495.65,50.0,7289.6,-27.866666666666788,-6.75,-0.0549738219895288,7250.0,7310.0,7250.0,7310.0,21200.0
2024-09-25,7240.0,7240.0,7130.0,7160.0,7095.3984375,23300.0,7180.0,7174.8,7403.2,7494.15,51.35135135135135,7290.4,-30.9333333333334,-6.900000000000546,-0.06282722513089,7250.0,7330.0,7220.0,7250.0,30300.0
2024-09-26,7250.0,7460.0,7240.0,7460.0,7392.69189453125,42900.0,7196.5,7181.6,7398.133333333333,7494.15,70.96774193548387,7296.4,-31.46666666666715,-5.200000000000728,-0.0235602094240837,7460.0,7240.0,7160.0,7240.0,23300.0
2024-09-27,7610.0,7610.0,7360.0,7470.0,7402.6015625,32900.0,7213.5,7193.6,7393.2,7495.25,83.33333333333333,7303.2,-30.53333333333376,-2.850000000000364,-0.0484076433121019,7470.0,7460.0,7460.0,7250.0,42900.0
2024-09-28,7610.0,7610.0,7360.0,7470.0,7402.6015625,32900.0,7230.5,7204.4,7388.266666666666,7495.7,83.33333333333333,7305.0,-30.9333333333334,-1.1500000000005457,-0.0158102766798419,7470.0,7610.0,7470.0,7610.0,32900.0
2024-09-29,7610.0,7610.0,7360.0,7470.0,7402.6015625,32900.0,7244.0,7222.8,7382.666666666667,7496.2,83.33333333333333,7306.8,-29.59999999999945,0.5500000000001819,-0.0311284046692607,7470.0,7610.0,7470.0,7610.0,32900.0
2024-09-30,7320.0,7390.0,7200.0,7340.0,7273.7744140625,14400.0,7250.0,7232.4,7374.666666666667,7495.8,67.16417910447763,7306.0,-28.53333333333285,1.6500000000005457,-0.0107816711590296,7470.0,7610.0,7470.0,7610.0,32900.0
2024-10-01,7340.0,7470.0,7340.0,7400.0,7333.2333984375,7300.0,7262.5,7243.2,7366.4,7495.45,66.66666666666666,7306.4,-31.733333333333576,1.300000000000182,0.0378681626928472,7470.0,7390.0,7340.0,7320.0,14400.0
2024-10-02,7380.0,7450.0,7310.0,7340.0,7273.7744140625,13700.0,7269.5,7251.6,7358.8,7494.8,60.56338028169014,7307.2,-34.39999999999964,-0.4499999999998181,0.0294530154277699,7470.0,7470.0,7400.0,7340.0,7300.0
2024-10-03,7380.0,7530.0,7350.0,7480.0,7412.51123046875,9800.0,7288.0,7265.6,7353.066666666667,7494.85,64.55696202531647,7309.2,-35.19999999999982,-0.8499999999994543,0.0490883590462833,7480.0,7450.0,7340.0,7380.0,13700.0
2024-10-04,7480.0,7540.0,7440.0,7490.0,7422.42138671875,10300.0,7307.0,7277.2,7347.466666666666,7494.25,65.0,7311.6,-35.20000000000073,-1.949999999999818,0.1435114503816794,7490.0,7530.0,7480.0,7380.0,9800.0
2024-10-05,7480.0,7540.0,7440.0,7490.0,7422.42138671875,10300.0,7326.0,7288.0,7343.2,7493.85,65.0,7310.6,-31.46666666666715,-1.949999999999818,0.0519662921348313,7490.0,7540.0,7490.0,7480.0,10300.0
2024-10-06,7480.0,7540.0,7440.0,7490.0,7422.42138671875,10300.0,7345.0,7301.6,7338.4,7493.45,65.0,7309.6,-28.0,-2.0,0.0460893854748603,7490.0,7540.0,7490.0,7480.0,10300.0
2024-10-07,7500.0,7590.0,7380.0,7450.0,7382.7822265625,8900.0,7358.5,7311.6,7334.933333333333,7492.55,61.90476190476191,7307.8,-23.866666666666788,-2.25,0.0448807854137447,7490.0,7540.0,7490.0,7480.0,10300.0
2024-10-08,7330.0,7400.0,7200.0,7230.0,7164.76708984375,16000.0,7360.5,7316.4,7328.666666666667,7490.15,50.48543689320388,7305.8,-24.39999999999964,-4.700000000000728,-0.0203252032520325,7490.0,7590.0,7450.0,7500.0,8900.0
2024-10-09,7270.0,7280.0,7090.0,7150.0,7085.48876953125,16200.0,7355.5,7318.0,7322.133333333333,7487.35,49.52380952380953,7300.6,-25.33333333333303,-6.899999999999636,-0.0311653116531165,7490.0,7400.0,7230.0,7330.0,16000.0
2024-10-10,7150.0,7150.0,7000.0,7090.0,7026.0302734375,17900.0,7347.5,7317.2,7314.8,7484.25,27.160493827160494,7292.8,-28.39999999999964,-9.600000000000364,-0.0392953929539295,7490.0,7280.0,7150.0,7270.0,16200.0
2024-10-11,7090.0,7110.0,7020.0,7060.0,6996.30078125,12300.0,7338.0,7315.2,7307.066666666667,7481.5,25.30120481927712,7283.6,-31.33333333333303,-11.949999999999818,-0.043360433604336,7490.0,7150.0,7090.0,7150.0,17900.0
2024-10-12,7090.0,7110.0,7020.0,7060.0,6996.30078125,12300.0,7328.5,7310.4,7296.533333333334,7478.4,25.30120481927712,7273.8,-38.39999999999964,-14.150000000000546,-0.0328767123287671,7490.0,7110.0,7060.0,7090.0,12300.0
2024-10-13,7090.0,7110.0,7020.0,7060.0,6996.30078125,12300.0,7319.0,7305.2,7289.466666666666,7475.55,25.30120481927712,7264.0,-39.20000000000073,-14.599999999999454,-0.043360433604336,7490.0,7110.0,7060.0,7090.0,12300.0
2024-10-14,7090.0,7110.0,7020.0,7060.0,6996.30078125,12300.0,7311.0,7297.6,7280.8,7472.85,30.0,7254.2,-41.33333333333303,-14.5,-0.0420624151967435,7490.0,7110.0,7060.0,7090.0,12300.0
2024-10-15,7070.0,7120.0,7040.0,7090.0,7026.0302734375,10700.0,7307.5,7291.2,7276.4,7468.9,26.86567164179104,7247.2,-38.40000000000055,-15.350000000000364,-0.0596816976127321,7490.0,7110.0,7060.0,7090.0,12300.0
2024-10-16,7090.0,7120.0,7000.0,7000.0,6936.84228515625,13300.0,7284.5,7281.2,7274.666666666667,7464.5,25.71428571428572,7237.2,-32.39999999999964,-17.0,-0.0716180371352784,7490.0,7120.0,7090.0,7070.0,10700.0
2024-10-17,7000.0,7000.0,6910.0,6940.0,6877.3837890625,16800.0,7258.0,7268.8,7272.133333333333,7459.8,6.451612903225794,7226.6,-24.400000000000546,-18.59999999999945,-0.0795755968169761,7490.0,7120.0,7000.0,7090.0,13300.0
2024-10-18,6910.0,6970.0,6870.0,6920.0,6857.56396484375,12500.0,7230.5,7255.6,7269.333333333333,7455.55,4.761904761904759,7219.2,-20.13333333333321,-20.0,-0.0559345156889494,7490.0,7000.0,6940.0,7000.0,16800.0
2024-10-19,6910.0,6970.0,6870.0,6920.0,6857.56396484375,12500.0,7203.0,7243.6,7274.266666666666,7453.1,4.761904761904759,7211.8,-6.533333333333758,-19.75,-0.0661268556005397,7490.0,6970.0,6920.0,6910.0,12500.0
2024-10-20,6910.0,6970.0,6870.0,6920.0,6857.56396484375,12500.0,7182.0,7234.0,7271.6,7451.25,4.761904761904759,7204.4,-4.799999999999272,-17.649999999999636,-0.0748663101604277,7490.0,6970.0,6920.0,6910.0,12500.0
2024-10-21,6910.0,7030.0,6880.0,6980.0,6917.02294921875,10700.0,7161.0,7214.8,7269.2,7449.85,13.846153846153854,7198.2,-5.466666666667152,-14.649999999999636,-0.0718085106382978,7490.0,6970.0,6920.0,6910.0,12500.0
2024-10-22,6960.0,6960.0,6840.0,6860.0,6798.10546875,16900.0,7137.0,7190.4,7265.6,7447.6,16.36363636363636,7192.0,-6.533333333332848,-12.199999999999818,-0.0913907284768211,7490.0,7030.0,6980.0,6910.0,10700.0
2024-10-23,6860.0,6880.0,6730.0,6740.0,6679.18798828125,19400.0,7100.0,7161.2,7257.066666666667,7444.75,15.254237288135585,7182.8,-12.266666666666424,-10.800000000000182,-0.1072847682119205,7490.0,6960.0,6860.0,6960.0,16900.0
2024-10-24,6700.0,6810.0,6680.0,6760.0,6699.0078125,16100.0,7063.5,7132.8,7248.8,7442.0,20.0,7177.8,-25.46666666666624,-11.100000000000364,-0.104635761589404,7490.0,6880.0,6740.0,6860.0,19400.0
2024-10-25,6850.0,6860.0,6660.0,6690.0,6629.63916015625,13900.0,7023.5,7106.8,7239.6,7438.75,18.644067796610173,7169.6,-32.0,-12.5,-0.1008064516129032,7490.0,6810.0,6760.0,6700.0,16100.0
2024-10-26,6850.0,6860.0,6660.0,6690.0,6629.63916015625,13900.0,6983.5,7078.4,7230.4,7435.45,18.644067796610173,7160.8,-38.80000000000018,-14.400000000000546,-0.1079999999999999,7450.0,6860.0,6690.0,6850.0,13900.0
2024-10-27,6850.0,6860.0,6660.0,6690.0,6629.63916015625,13900.0,6945.5,7052.4,7222.266666666666,7432.85,18.644067796610173,7152.0,-43.33333333333394,-14.75,-0.1044176706827308,7230.0,6860.0,6690.0,6850.0,13900.0
2024-10-28,6790.0,6860.0,6570.0,6620.0,6560.27099609375,25700.0,6915.0,7018.0,7212.133333333333,7429.75,16.666666666666657,7141.8,-44.933333333333394,-15.0,-0.0919067215363511,7150.0,6860.0,6690.0,6850.0,13900.0
2024-10-29,6620.0,6690.0,6550.0,6670.0,6609.81982421875,16500.0,6891.0,6985.2,7202.8,7426.25,19.11764705882352,7131.2,-46.0,-15.75,-0.0850480109739368,7090.0,6860.0,6620.0,6790.0,25700.0
2024-10-30,6660.0,6810.0,6660.0,6670.0,6609.81982421875,100400.0,6870.0,6952.4,7191.2,7422.75,22.033898305084747,7120.2,-48.40000000000055,-16.0,-0.0850480109739368,7090.0,6690.0,6670.0,6620.0,16500.0
2024-10-31,6680.0,6850.0,6590.0,6810.0,6748.556640625,18000.0,6857.5,6925.2,7181.466666666666,7419.95,40.29850746268656,7113.4,-48.933333333333394,-15.5,-0.0658436213991769,7090.0,6810.0,6670.0,6660.0,100400.0
2024-11-01,6700.0,6860.0,6700.0,6740.0,6679.18798828125,15300.0,6841.5,6896.8,7170.8,7417.65,37.49999999999999,7104.2,-51.46666666666624,-15.200000000000728,-0.0599721059972105,7090.0,6850.0,6810.0,6680.0,18000.0
2024-11-02,6700.0,6860.0,6700.0,6740.0,6679.18798828125,15300.0,6825.5,6877.2,7162.933333333333,7415.45,37.49999999999999,7096.8,-49.19999999999982,-14.300000000000182,-0.0638888888888888,7090.0,6860.0,6740.0,6700.0,15300.0
2024-11-03,6700.0,6860.0,6700.0,6740.0,6679.18798828125,15300.0,6809.5,6860.8,7154.0,7413.85,37.49999999999999,7089.4,-48.80000000000018,-12.399999999999636,-0.0385164051355206,7090.0,6860.0,6740.0,6700.0,15300.0
2024-11-04,6700.0,6860.0,6700.0,6740.0,6679.18798828125,15300.0,6792.0,6846.8,7144.133333333333,7411.65,31.818181818181813,7082.0,-47.066666666666606,-11.100000000000364,-0.0507042253521127,7000.0,6860.0,6740.0,6700.0,15300.0
2024-11-05,6740.0,6800.0,6610.0,6640.0,6580.09033203125,13900.0,6774.0,6830.0,7132.4,7409.85,32.8125,7072.6,-49.066666666666606,-10.099999999999454,-0.0687237026647966,6980.0,6860.0,6740.0,6700.0,15300.0
2024-11-06,6620.0,6770.0,6620.0,6680.0,6619.7294921875,17100.0,6761.0,6814.8,7120.8,7408.25,44.642857142857146,7062.6,-50.0,-9.399999999999636,-0.0631136044880785,6980.0,6800.0,6640.0,6740.0,13900.0
2024-11-07,6680.0,6850.0,6660.0,6780.0,6718.8271484375,19800.0,6754.0,6803.6,7110.533333333334,7407.15,51.5625,7054.4,-52.39999999999964,-8.300000000000182,-0.0490883590462832,6980.0,6770.0,6680.0,6620.0,17100.0
2024-11-08,6780.0,6850.0,6730.0,6730.0,6669.2783203125,10300.0,6744.5,6790.4,7099.6,7405.7,53.22580645161291,7044.0,-54.39999999999964,-8.150000000000546,-0.0652777777777777,6980.0,6850.0,6780.0,6680.0,19800.0
2024-11-09,6780.0,6850.0,6730.0,6730.0,6669.2783203125,10300.0,6735.0,6776.0,7090.133333333333,7403.95,53.22580645161291,7033.6,-54.0,-7.699999999999818,-0.0678670360110803,6980.0,6850.0,6730.0,6780.0,10300.0
2024-11-10,6780.0,6850.0,6730.0,6730.0,6669.2783203125,10300.0,6722.5,6765.2,7079.866666666667,7402.25,53.22580645161291,7023.2,-52.53333333333285,-7.600000000000364,-0.0587412587412587,6860.0,6850.0,6730.0,6780.0,10300.0
2024-11-11,6720.0,6730.0,6670.0,6680.0,6619.7294921875,8100.0,6713.5,6754.8,7069.333333333333,7400.5,55.0,7011.8,-51.46666666666715,-7.75,-0.0722222222222221,6810.0,6850.0,6730.0,6780.0,10300.0
2024-11-12,6680.0,6790.0,6630.0,6660.0,6599.91015625,8300.0,6709.5,6744.4,7060.933333333333,7397.25,49.122807017543856,7000.0,-49.60000000000037,-9.899999999999636,-0.0632911392405063,6810.0,6730.0,6680.0,6720.0,8100.0
2024-11-13,6660.0,6700.0,6630.0,6630.0,6570.1806640625,10000.0,6703.0,6732.8,7052.133333333333,7393.85,46.66666666666666,6988.2,-47.46666666666715,-11.849999999999454,-0.0675105485232067,6810.0,6790.0,6660.0,6680.0,8300.0
2024-11-14,6620.0,6670.0,6600.0,6600.0,6540.451171875,12000.0,6698.5,6720.0,7042.933333333333,7390.3,28.57142857142857,6977.0,-47.19999999999982,-13.649999999999636,-0.0717299578059071,6810.0,6700.0,6630.0,6660.0,10000.0
2024-11-15,6600.0,6660.0,6600.0,6600.0,6540.451171875,9200.0,6694.0,6704.8,7033.733333333334,7386.75,33.33333333333333,6959.8,-46.13333333333321,-15.5,-0.0717299578059071,6810.0,6670.0,6600.0,6620.0,12000.0
2024-11-16,6600.0,6660.0,6600.0,6600.0,6540.451171875,9200.0,6689.5,6694.4,7026.133333333333,7382.85,33.33333333333333,6942.4,-43.19999999999982,-17.649999999999636,-0.0807799442896936,6810.0,6660.0,6600.0,6600.0,9200.0
2024-11-17,6600.0,6660.0,6600.0,6600.0,6540.451171875,9200.0,6688.5,6688.8,7018.133333333333,7378.9,33.33333333333333,6925.0,-42.80000000000018,-18.350000000000364,-0.0820584144645341,6810.0,6660.0,6600.0,6600.0,9200.0
2024-11-18,6600.0,6690.0,6600.0,6610.0,6550.36083984375,10800.0,6685.5,6682.8,7012.8,7375.4,34.88372093023256,6907.8,-39.33333333333303,-18.450000000000728,-0.0882758620689655,6810.0,6660.0,6600.0,6600.0,9200.0
2024-11-19,6640.0,6730.0,6640.0,6680.0,6619.7294921875,10500.0,6686.0,6682.4,7007.2,7372.25,55.0,6894.6,-35.733333333333576,-18.050000000000185,-0.0786206896551724,6810.0,6690.0,6610.0,6600.0,10800.0
2024-11-20,6690.0,6730.0,6620.0,6620.0,6560.27099609375,7800.0,6676.5,6679.6,7000.4,7368.8,42.85714285714285,6879.0,-33.33333333333394,-17.949999999999818,-0.0868965517241379,6780.0,6730.0,6680.0,6640.0,10500.0
2024-11-21,6620.0,6660.0,6580.0,6580.0,6520.6318359375,7900.0,6668.5,6675.2,6993.066666666667,7365.15,22.22222222222221,6863.8,-33.066666666666606,-17.700000000000728,-0.0924137931034483,6780.0,6730.0,6620.0,6690.0,7800.0
2024-11-22,6580.0,6600.0,6510.0,6510.0,6451.26318359375,11100.0,6657.0,6670.8,6984.8,7361.15,21.05263157894737,6844.4,-33.33333333333303,-17.75,-0.1020689655172414,6780.0,6660.0,6580.0,6620.0,7900.0
2024-11-23,6580.0,6600.0,6510.0,6510.0,6451.26318359375,11100.0,6645.5,6664.4,6975.6,7356.4,21.05263157894737,6824.8,-37.19999999999982,-19.0,-0.0983379501385041,6780.0,6600.0,6510.0,6580.0,11100.0
2024-11-24,6580.0,6600.0,6510.0,6510.0,6451.26318359375,11100.0,6634.0,6658.0,6966.133333333333,7352.2,21.05263157894737,6805.2,-41.066666666666606,-20.050000000000185,-0.0907821229050279,6780.0,6600.0,6510.0,6580.0,11100.0
2024-11-25,6570.0,6570.0,6470.0,6470.0,6411.6240234375,40300.0,6625.5,6644.4,6957.066666666667,7347.1,21.621621621621628,6784.8,-43.33333333333303,-21.69999999999981,-0.1327077747989276,6780.0,6600.0,6510.0,6580.0,11100.0
2024-11-26,6470.0,6470.0,6380.0,6380.0,6322.43603515625,11100.0,6610.5,6630.0,6946.133333333333,7341.0,18.181818181818187,6763.4,-46.933333333333394,-24.14999999999964,-0.1459170013386881,6780.0,6570.0,6470.0,6570.0,40300.0
2024-11-27,6380.0,6380.0,6200.0,6280.0,6223.33837890625,16600.0,6585.5,6611.6,6935.066666666667,7334.4,15.686274509803908,6744.4,-49.733333333333576,-26.75,-0.1593038821954484,6730.0,6470.0,6380.0,6470.0,11100.0
2024-11-28,6280.0,6340.0,6250.0,6270.0,6213.4287109375,12900.0,6562.5,6592.8,6923.866666666667,7327.75,16.326530612244895,6726.8,-51.733333333333576,-28.64999999999964,-0.1606425702811245,6730.0,6380.0,6280.0,6380.0,16600.0
2024-11-29,6270.0,6310.0,6250.0,6250.0,6193.609375,9600.0,6538.5,6573.2,6912.4,7321.5,15.686274509803908,6710.0,-53.733333333333576,-30.69999999999981,-0.1485013623978202,6730.0,6340.0,6270.0,6280.0,12900.0
2024-11-30,6270.0,6310.0,6250.0,6250.0,6193.609375,9600.0,6514.5,6557.6,6900.933333333333,7315.85,15.686274509803908,6693.8,-56.13333333333321,-31.25,-0.1554054054054053,6680.0,6310.0,6250.0,6270.0,9600.0
2024-12-01,6270.0,6310.0,6250.0,6250.0,6193.609375,9600.0,6493.0,6540.4,6888.533333333334,7310.65,15.686274509803908,6677.6,-57.599999999999454,-30.350000000000364,-0.1485013623978202,6680.0,6310.0,6250.0,6270.0,9600.0
2024-12-02,6250.0,6250.0,6120.0,6120.0,6064.7822265625,21700.0,6466.0,6514.0,6874.266666666666,7304.7,11.111111111111114,6658.8,-60.80000000000018,-29.69999999999981,-0.1818181818181817,6680.0,6310.0,6250.0,6270.0,9600.0
2024-12-03,6130.0,6430.0,6130.0,6400.0,6342.255859375,22700.0,6454.5,6500.8,6862.933333333333,7300.25,33.33333333333333,6645.6,-60.933333333333394,-27.5,-0.1455273698264352,6680.0,6250.0,6120.0,6250.0,21700.0
2024-12-04,6400.0,6400.0,6330.0,6340.0,6282.79736328125,11100.0,6441.5,6485.2,6850.8,7295.5,33.33333333333333,6630.6,-61.599999999999454,-26.0,-0.1535380507343123,6680.0,6430.0,6400.0,6130.0,22700.0
2024-12-05,6340.0,6430.0,6340.0,6360.0,6302.61669921875,9700.0,6429.5,6470.4,6838.933333333333,7290.85,36.58536585365854,6617.8,-62.0,-25.0,-0.15086782376502,6680.0,6400.0,6340.0,6400.0,11100.0
2024-12-06,6360.0,6380.0,6270.0,6350.0,6292.70703125,10200.0,6417.0,6457.2,6826.933333333333,7285.05,39.47368421052632,6606.0,-61.60000000000037,-25.59999999999945,-0.1476510067114094,6680.0,6430.0,6360.0,6340.0,9700.0
2024-12-07,6360.0,6380.0,6270.0,6350.0,6292.70703125,10200.0,6404.5,6444.8,6814.933333333333,7279.85,39.47368421052632,6594.6,-59.33333333333303,-24.84999999999945,-0.1217150760719225,6680.0,6380.0,6350.0,6360.0,10200.0
2024-12-08,6360.0,6380.0,6270.0,6350.0,6292.70703125,10200.0,6391.5,6433.6,6803.333333333333,7274.85,39.47368421052632,6583.2,-59.60000000000037,-25.39999999999964,-0.1118881118881118,6680.0,6380.0,6350.0,6360.0,10200.0
2024-12-09,6390.0,6390.0,6300.0,6310.0,6253.06787109375,13700.0,6373.0,6422.0,6792.0,7269.55,39.47368421052632,6571.0,-58.80000000000018,-25.94999999999981,-0.1100141043723554,6620.0,6380.0,6350.0,6360.0,10200.0
2024-12-10,6360.0,6360.0,6320.0,6320.0,6262.9775390625,8500.0,6358.0,6410.8,6776.8,7263.95,45.588235294117645,6557.8,-62.13333333333321,-26.900000000000546,-0.1048158640226628,6580.0,6390.0,6310.0,6390.0,13700.0
2024-12-11,6360.0,6370.0,6320.0,6320.0,6262.9775390625,11100.0,6345.0,6399.6,6761.466666666666,7258.35,53.44827586206896,6547.0,-65.46666666666715,-26.69999999999981,-0.1048158640226628,6510.0,6360.0,6320.0,6360.0,8500.0
2024-12-12,6350.0,6390.0,6260.0,6260.0,6203.51904296875,16500.0,6332.5,6386.0,6745.333333333333,7252.45,49.20634920634921,6537.4,-69.60000000000036,-27.400000000000546,-0.1133144475920679,6510.0,6370.0,6320.0,6360.0,11100.0
2024-12-13,6200.0,6240.0,6170.0,6230.0,6173.78955078125,12300.0,6318.5,6370.8,6728.8,7246.15,48.4375,6526.8,-74.53333333333285,-28.700000000000728,-0.1175637393767705,6510.0,6390.0,6260.0,6350.0,16500.0
2024-12-14,6200.0,6240.0,6170.0,6230.0,6173.78955078125,12300.0,6304.5,6352.8,6714.0,7240.0,48.4375,6517.6,-78.0,-29.550000000000185,-0.1212976022566996,6470.0,6240.0,6230.0,6200.0,12300.0
2024-12-15,6200.0,6240.0,6170.0,6230.0,6173.78955078125,12300.0,6292.5,6337.2,6698.4,7234.5,48.4375,6508.4,-78.40000000000055,-29.44999999999981,-0.1099999999999999,6400.0,6240.0,6230.0,6200.0,12300.0
2024-12-16,6230.0,6230.0,6160.0,6160.0,6104.42138671875,16300.0,6281.5,6320.4,6682.666666666667,7227.9,53.44827586206896,6497.8,-78.79999999999927,-30.450000000000728,-0.1123919308357348,6400.0,6240.0,6230.0,6200.0,12300.0
2024-12-17,6160.0,6180.0,6070.0,6120.0,6064.7822265625,17500.0,6273.5,6304.8,6664.533333333334,7219.5,8.823529411764696,6487.8,-80.79999999999927,-32.94999999999982,-0.115606936416185,6400.0,6230.0,6160.0,6230.0,16300.0
2024-12-18,6160.0,6460.0,6150.0,6450.0,6391.8046875,31600.0,6282.5,6302.4,6650.666666666667,7212.75,59.01639344262295,6483.4,-78.13333333333321,-33.39999999999964,-0.0679190751445086,6450.0,6180.0,6120.0,6160.0,17500.0
2024-12-19,6340.0,6670.0,6260.0,6650.0,6590.0,69900.0,6302.5,6308.0,6639.466666666666,7207.0,68.35443037974683,6483.0,-74.53333333333376,-33.0,-0.0390173410404623,6650.0,6460.0,6450.0,6160.0,31600.0
2024-12-20,6650.0,6820.0,6640.0,6760.0,6699.0078125,36600.0,6328.0,6319.6,6629.733333333334,7202.75,73.03370786516854,6482.0,-68.66666666666606,-31.75,-0.0315186246418338,6760.0,6670.0,6650.0,6340.0,69900.0
2024-12-21,6650.0,6820.0,6640.0,6760.0,6699.0078125,36600.0,6353.5,6334.8,6620.533333333334,7198.45,73.03370786516854,6482.4,-62.13333333333321,-29.44999999999981,-0.0145772594752187,6760.0,6820.0,6760.0,6650.0,36600.0
2024-12-22,6650.0,6820.0,6640.0,6760.0,6699.0078125,36600.0,6385.5,6354.0,6614.266666666666,7193.75,73.03370786516854,6482.8,-50.26666666666733,-25.75,0.002967359050445,6760.0,6820.0,6760.0,6650.0,36600.0
2024-12-23,6770.0,6890.0,6700.0,6890.0,6827.8349609375,52600.0,6410.0,6378.8,6610.8,7190.2,79.59183673469389,6485.8,-39.86666666666679,-22.550000000000185,0.0192307692307691,6890.0,6820.0,6760.0,6650.0,36600.0
2024-12-24,6890.0,7000.0,6840.0,6990.0,6926.9326171875,22300.0,6442.5,6408.4,6609.466666666666,7186.7,81.30841121495327,6490.8,-30.0,-20.300000000000185,0.0448430493273541,6990.0,6890.0,6890.0,6770.0,52600.0
2024-12-25,7050.0,7050.0,6880.0,6940.0,6877.3837890625,26000.0,6471.5,6436.0,6607.866666666667,7182.95,77.67857142857143,6496.8,-21.866666666666788,-19.800000000000185,0.0373692077727951,6990.0,7000.0,6990.0,6890.0,22300.0
2024-12-26,6920.0,7090.0,6880.0,7020.0,6956.66162109375,51800.0,6505.0,6466.8,6607.333333333333,7179.6,83.33333333333333,6503.6,-13.200000000000728,-18.84999999999945,0.0493273542600896,7020.0,7050.0,6940.0,7050.0,26000.0
2024-12-27,7050.0,7190.0,6970.0,7160.0,7095.3984375,71500.0,6545.5,6508.4,6608.666666666667,7176.0,87.2,6511.2,-5.599999999999454,-17.75,0.081570996978852,7160.0,7090.0,7020.0,6920.0,51800.0
2024-12-28,7050.0,7190.0,6970.0,7160.0,7095.3984375,71500.0,6586.0,6538.8,6610.0,7172.7,87.2,6519.8,-0.8000000000001819,-17.5,0.0734632683658171,7160.0,7190.0,7160.0,7050.0,71500.0
2024-12-29,7050.0,7190.0,6970.0,7160.0,7095.3984375,71500.0,6628.5,6571.6,6610.933333333333,7169.15,87.2,6528.4,1.4666666666671515,-17.550000000000182,0.0734632683658171,7160.0,7190.0,7160.0,7050.0,71500.0
2024-12-30,7190.0,7450.0,7160.0,7420.0,7353.052734375,47300.0,6683.5,6614.0,6616.533333333334,7167.55,93.75,6542.2,8.66666666666697,-15.399999999999636,0.0895741556534508,7420.0,7190.0,7160.0,7050.0,71500.0
2024-12-31,7190.0,7450.0,7160.0,7420.0,7353.052734375,47300.0,6738.5,6656.8,6622.933333333333,7165.1,96.42857142857144,6557.0,15.600000000000364,-14.5,0.1008902077151334,7420.0,7450.0,7420.0,7190.0,47300.0
2025-01-01,7190.0,7450.0,7160.0,7420.0,7353.052734375,47300.0,6796.5,6699.6,6629.6,7162.65,95.32710280373831,6572.2,20.9333333333334,-13.350000000000364,0.1008902077151334,7420.0,7450.0,7420.0,7190.0,47300.0
2025-01-02,7190.0,7450.0,7160.0,7420.0,7353.052734375,47300.0,6856.0,6742.4,6636.266666666666,7160.2,94.2528735632184,6588.0,26.266666666666424,-12.5,0.1008902077151334,7420.0,7450.0,7420.0,7190.0,47300.0
2025-01-03,7190.0,7450.0,7160.0,7420.0,7353.052734375,47300.0,6915.5,6786.8,6642.933333333333,7158.5,93.42105263157896,6604.4,32.0,-10.649999999999636,0.1008902077151334,7420.0,7450.0,7420.0,7190.0,47300.0
2025-01-04,7190.0,7450.0,7160.0,7420.0,7353.052734375,47300.0,6975.0,6830.8,6648.8,7155.95,93.42105263157896,6620.8,32.266666666666424,-11.600000000000364,0.1174698795180722,7420.0,7450.0,7420.0,7190.0,47300.0
2025-01-05,7190.0,7450.0,7160.0,7420.0,7353.052734375,47300.0,7038.0,6874.8,6656.266666666666,7153.3,93.42105263157896,6637.2,33.33333333333303,-11.800000000000182,0.1107784431137723,7420.0,7450.0,7420.0,7190.0,47300.0
2025-01-06,7410.0,7410.0,6820.0,6820.0,6758.46630859375,40500.0,7073.0,6897.2,6657.333333333333,7147.3,47.15447154471545,6641.6,27.733333333332663,-15.349999999999454,0.0058997050147493,7420.0,7450.0,7420.0,7190.0,47300.0
2025-01-07,6920.0,6920.0,6710.0,6740.0,6679.18798828125,24500.0,7087.5,6917.6,6657.066666666667,7141.4,39.6694214876033,6644.2,20.800000000000185,-18.800000000000185,0.0014858841010401,7420.0,7410.0,6820.0,7410.0,40500.0
2025-01-08,6700.0,6770.0,6560.0,6560.0,6500.81201171875,19600.0,7083.0,6930.8,6655.333333333333,7134.6,35.82089552238807,6641.8,12.399999999999636,-23.89999999999964,-0.025260029717682,7420.0,6920.0,6740.0,6920.0,24500.0
2025-01-09,6560.0,6560.0,6460.0,6480.0,6421.5341796875,18800.0,7069.0,6940.8,6652.533333333334,7127.4,29.85074626865672,6639.0,3.733333333333576,-28.550000000000185,-0.0371471025260029,7420.0,6770.0,6560.0,6700.0,19600.0
2025-01-10,6460.0,6500.0,6380.0,6400.0,6342.255859375,17200.0,7051.0,6950.4,6648.666666666667,7119.5,20.3125,6635.4,-7.599999999999454,-33.80000000000018,-0.0419161676646706,7420.0,6560.0,6480.0,6560.0,18800.0
2025-01-11,6460.0,6500.0,6380.0,6400.0,6342.255859375,17200.0,7033.0,6961.6,6645.733333333334,7111.15,20.3125,6633.2,-11.599999999999454,-36.15000000000055,-0.039039039039039,7420.0,6500.0,6400.0,6460.0,17200.0
2025-01-12,6460.0,6500.0,6380.0,6400.0,6342.255859375,17200.0,7008.5,6959.6,6642.133333333333,7101.95,20.3125,6631.0,-14.933333333333394,-39.44999999999982,-0.0346907993966817,7420.0,6500.0,6400.0,6460.0,17200.0
2025-01-13,6460.0,6500.0,6380.0,6400.0,6342.255859375,17200.0,6979.0,6949.6,6638.533333333334,7092.8,0.0,6628.8,-16.799999999999272,-41.80000000000018,-0.0303030303030302,7420.0,6500.0,6400.0,6460.0,17200.0
2025-01-14,6390.0,6450.0,6300.0,6300.0,6243.158203125,18100.0,6947.0,6931.2,6631.733333333334,7083.2,0.0,6625.4,-20.800000000000185,-44.19999999999982,-0.0454545454545454,7420.0,6500.0,6400.0,6460.0,17200.0
2025-01-15,6310.0,6410.0,6240.0,6250.0,6193.609375,17100.0,6908.5,6910.8,6625.2,7073.35,0.0,6622.8,-23.46666666666715,-46.14999999999964,-0.0530303030303029,7420.0,6450.0,6300.0,6390.0,18100.0
2025-01-16,6250.0,6320.0,6230.0,6230.0,6173.78955078125,15900.0,6862.0,6889.6,6618.4,7063.4,0.0,6621.8,-27.33333333333394,-47.75,-0.056060606060606,7420.0,6410.0,6250.0,6310.0,17100.0
2025-01-17,6230.0,6310.0,6190.0,6200.0,6144.06005859375,24500.0,6814.0,6862.0,6611.2,7055.4,0.0,6620.4,-30.9333333333334,-46.55000000000018,-0.0620272314674735,7420.0,6320.0,6230.0,6250.0,15900.0
2025-01-18,6230.0,6310.0,6190.0,6200.0,6144.06005859375,24500.0,6766.0,6830.4,6604.0,7047.7,0.0,6619.4,-34.53333333333376,-45.10000000000037,-0.0718562874251497,7420.0,6310.0,6200.0,6230.0,24500.0
2025-01-19,6230.0,6310.0,6190.0,6200.0,6144.06005859375,24500.0,6705.0,6800.8,6598.133333333333,7040.35,0.0,6618.4,-33.600000000000364,-42.849999999999454,-0.0634441087613293,7420.0,6310.0,6200.0,6230.0,24500.0
2025-01-20,6270.0,6280.0,6210.0,6240.0,6183.69921875,8400.0,6646.0,6769.6,6592.266666666666,7032.6,6.060606060606062,6618.2,-32.933333333333394,-40.75,-0.0516717325227963,7420.0,6310.0,6200.0,6230.0,24500.0
2025-01-21,6250.0,6310.0,6230.0,6300.0,6243.158203125,9400.0,6590.0,6735.2,6585.866666666667,7025.6,15.625,6621.8,-32.53333333333285,-37.79999999999927,-0.032258064516129,7420.0,6280.0,6240.0,6270.0,8400.0
2025-01-22,6300.0,6390.0,6250.0,6300.0,6243.158203125,14500.0,6534.0,6700.8,6580.133333333333,7018.6,21.73913043478261,6619.8,-31.06666666666661,-36.79999999999927,-0.032258064516129,7420.0,6310.0,6300.0,6250.0,9400.0
2025-01-23,6300.0,6300.0,6200.0,6260.0,6203.51904296875,24300.0,6476.0,6664.8,6573.866666666667,7011.4,23.80952380952381,6618.2,-30.13333333333321,-36.30000000000018,-0.0384024577572964,7420.0,6390.0,6300.0,6300.0,14500.0
2025-01-24,6250.0,6310.0,6250.0,6290.0,6233.248046875,10500.0,6419.5,6619.6,6568.0,7004.9,35.135135135135144,6616.8,-30.13333333333321,-35.45000000000073,-0.0278207109737248,7420.0,6300.0,6260.0,6300.0,24300.0
2025-01-25,6250.0,6310.0,6250.0,6290.0,6233.248046875,10500.0,6363.0,6574.4,6562.8,6997.9,35.135135135135144,6615.6,-29.46666666666624,-34.70000000000073,-0.0141065830721003,6820.0,6310.0,6290.0,6250.0,10500.0
2025-01-26,6250.0,6310.0,6250.0,6290.0,6233.248046875,10500.0,6336.5,6529.2,6557.866666666667,6991.4,35.135135135135144,6614.4,-28.0,-34.20000000000073,0.0015923566878981,6740.0,6310.0,6290.0,6250.0,10500.0
2025-01-27,6390.0,6450.0,6270.0,6300.0,6243.158203125,41300.0,6314.5,6484.4,6553.466666666666,6984.2,36.8421052631579,6613.4,-26.66666666666697,-34.400000000000546,0.0047846889952152,6560.0,6310.0,6290.0,6250.0,10500.0
2025-01-28,6400.0,6410.0,6310.0,6360.0,6302.61669921875,15900.0,6304.5,6442.0,6550.266666666666,6976.8,58.82352941176471,6614.4,-23.600000000000364,-34.599999999999454,0.0176,6480.0,6450.0,6300.0,6390.0,41300.0
2025-01-29,6370.0,6580.0,6340.0,6560.0,6500.81201171875,15600.0,6308.5,6407.6,6549.733333333334,6970.4,81.63265306122449,6619.2,-18.266666666666424,-34.5,0.0496,6560.0,6410.0,6360.0,6400.0,15900.0
2025-01-30,6510.0,6530.0,6450.0,6500.0,6441.353515625,11000.0,6313.5,6370.8,6548.4,6963.7,75.47169811320754,6622.8,-14.400000000000546,-34.19999999999982,0.04,6560.0,6580.0,6560.0,6370.0,15600.0
2025-01-31,6500.0,6540.0,6430.0,6500.0,6441.353515625,8300.0,6318.5,6358.0,6547.066666666667,6957.0,80.0,6627.6,-10.800000000000182,-34.39999999999964,0.0620915032679738,6560.0,6530.0,6500.0,6510.0,11000.0
2025-02-01,6500.0,6540.0,6430.0,6500.0,6441.353515625,8300.0,6323.5,6348.4,6545.6,6950.05,80.0,6633.0,-7.866666666665878,-34.14999999999964,0.015625,6560.0,6540.0,6500.0,6500.0,8300.0
2025-02-02,6500.0,6540.0,6430.0,6500.0,6441.353515625,8300.0,6328.5,6346.0,6543.2,6942.85,80.0,6638.4,-7.066666666666606,-33.94999999999982,0.0252365930599369,6560.0,6540.0,6500.0,6500.0,8300.0
2025-02-03,6470.0,6570.0,6280.0,6280.0,6223.33837890625,27000.0,6327.5,6338.0,6538.666666666667,6934.15,52.94117647058823,6639.4,-11.066666666666606,-36.25,-0.0125786163522012,6560.0,6540.0,6500.0,6500.0,8300.0
2025-02-04,6360.0,6450.0,6220.0,6220.0,6163.8798828125,10800.0,6326.0,6330.8,6533.866666666667,6925.7,44.11764705882353,6640.6,-14.533333333332848,-38.0,-0.0204724409448818,6560.0,6570.0,6280.0,6470.0,27000.0
2025-02-05,6260.0,6330.0,6250.0,6310.0,6253.06787109375,11000.0,6330.0,6327.2,6531.2,6917.7,50.64935064935064,6644.4,-15.866666666666788,-39.30000000000018,-0.0062992125984252,6560.0,6450.0,6220.0,6360.0,10800.0
2025-02-06,6310.0,6430.0,6310.0,6430.0,6371.98486328125,10300.0,6341.5,6328.4,6530.133333333333,6910.3,60.0,6644.0,-15.466666666667152,-39.75,0.0125984251968505,6560.0,6330.0,6310.0,6260.0,11000.0
2025-02-07,6430.0,6530.0,6430.0,6490.0,6431.44384765625,8700.0,6356.0,6332.0,6529.866666666667,6903.7,61.36363636363636,6640.8,-13.33333333333303,-39.15000000000055,0.0285261489698891,6560.0,6430.0,6430.0,6310.0,10300.0
2025-02-08,6430.0,6530.0,6430.0,6490.0,6431.44384765625,8700.0,6370.5,6339.6,6530.133333333333,6896.9,61.36363636363636,6635.4,-8.533333333333758,-37.25,0.0268987341772151,6560.0,6530.0,6490.0,6430.0,8700.0
2025-02-09,6430.0,6530.0,6430.0,6490.0,6431.44384765625,8700.0,6383.0,6349.2,6531.6,6890.8,61.36363636363636,6630.0,-2.266666666666424,-34.89999999999964,0.0268987341772151,6560.0,6530.0,6490.0,6430.0,8700.0
2025-02-10,6500.0,6620.0,6500.0,6500.0,6441.353515625,9800.0,6393.0,6360.0,6534.533333333334,6884.8,61.36363636363636,6624.8,3.33333333333394,-32.89999999999964,0.0383386581469649,6560.0,6530.0,6490.0,6430.0,8700.0
2025-02-11,6500.0,6620.0,6500.0,6500.0,6441.353515625,9800.0,6403.0,6372.0,6537.6,6879.1,58.53658536585366,6617.0,7.466666666667152,-31.19999999999981,0.043338683788122,6560.0,6620.0,6500.0,6500.0,9800.0
2025-02-12,6500.0,6540.0,6440.0,6500.0,6441.353515625,12800.0,6415.0,6384.0,6540.933333333333,6873.4,45.16129032258065,6607.2,11.066666666666606,-30.300000000000185,0.043338683788122,6560.0,6620.0,6500.0,6500.0,9800.0
2025-02-13,6550.0,6690.0,6550.0,6630.0,6570.1806640625,11100.0,6432.0,6401.2,6546.0,6868.35,59.42028985507247,6601.0,15.866666666666788,-28.549999999999272,0.0642054574638844,6630.0,6540.0,6500.0,6500.0,12800.0
2025-02-14,6690.0,6710.0,6610.0,6630.0,6570.1806640625,7400.0,6449.0,6416.8,6551.066666666667,6862.25,59.42028985507247,6593.2,19.46666666666624,-28.550000000000185,0.0762987012987013,6630.0,6690.0,6630.0,6550.0,11100.0
2025-02-15,6690.0,6710.0,6610.0,6630.0,6570.1806640625,7400.0,6466.0,6430.0,6557.866666666667,6857.45,59.42028985507247,6582.6,23.33333333333303,-27.350000000000364,0.0833333333333332,6630.0,6710.0,6630.0,6690.0,7400.0
2025-02-16,6690.0,6710.0,6610.0,6630.0,6570.1806640625,7400.0,6482.5,6443.2,6560.933333333333,6852.05,59.42028985507247,6572.0,23.33333333333303,-27.050000000000185,0.0279069767441859,6630.0,6710.0,6630.0,6690.0,7400.0
2025-02-17,6670.0,6690.0,6610.0,6620.0,6560.27099609375,7500.0,6495.5,6457.6,6564.666666666667,6848.05,85.41666666666667,6561.2,23.733333333333576,-25.34999999999945,-0.0045112781954886,6630.0,6710.0,6630.0,6690.0,7400.0
2025-02-18,6610.0,6670.0,6600.0,6670.0,6609.81982421875,7900.0,6501.0,6472.8,6568.8,6845.75,97.87234042553192,6546.2,22.800000000000185,-22.600000000000364,-0.0133136094674556,6670.0,6690.0,6620.0,6670.0,7500.0
2025-02-19,6670.0,6670.0,6530.0,6570.0,6510.72216796875,12900.0,6504.5,6484.0,6571.733333333334,6842.95,77.08333333333333,6529.2,20.66666666666697,-19.300000000000185,-0.0281065088757396,6670.0,6670.0,6670.0,6610.0,7900.0
2025-02-20,6530.0,6600.0,6510.0,6600.0,6540.451171875,14100.0,6509.5,6496.4,6575.066666666667,6840.3,71.7948717948718,6512.8,17.199999999999818,-17.149999999999636,-0.0236686390532544,6670.0,6670.0,6570.0,6670.0,12900.0
2025-02-21,6600.0,6640.0,6540.0,6630.0,6570.1806640625,11700.0,6516.0,6509.6,6578.8,6840.7,69.44444444444444,6497.0,17.866666666666788,-11.350000000000364,-0.0377358490566037,6670.0,6600.0,6600.0,6530.0,14100.0
2025-02-22,6600.0,6640.0,6540.0,6630.0,6570.1806640625,11700.0,6522.5,6520.4,6583.066666666667,6838.25,69.44444444444444,6481.2,18.39999999999964,-9.800000000000182,-0.0515021459227468,6670.0,6640.0,6630.0,6600.0,11700.0
2025-02-23,6600.0,6640.0,6540.0,6630.0,6570.1806640625,11700.0,6540.0,6523.2,6587.2,6835.6,69.44444444444444,6465.4,18.39999999999964,-10.149999999999636,-0.0446685878962536,6670.0,6640.0,6630.0,6600.0,11700.0
2025-02-24,6600.0,6640.0,6540.0,6630.0,6570.1806640625,11700.0,6560.5,6528.4,6591.333333333333,6833.1,68.57142857142857,6449.6,19.59999999999945,-9.849999999999454,-0.0555555555555555,6670.0,6640.0,6630.0,6600.0,11700.0
2025-02-25,6600.0,6710.0,6590.0,6700.0,6639.548828125,17800.0,6580.0,6536.4,6597.2,6829.7,73.80952380952381,6447.2,22.13333333333321,-10.600000000000364,-0.0642458100558659,6700.0,6640.0,6630.0,6600.0,11700.0
2025-02-26,6670.0,6700.0,6550.0,6630.0,6570.1806640625,17700.0,6590.0,6541.6,6602.533333333334,6825.95,63.26530612244898,6445.0,23.733333333333576,-14.75,-0.074022346368715,6700.0,6710.0,6700.0,6600.0,17800.0
2025-02-27,6630.0,6720.0,6620.0,6710.0,6649.458984375,14000.0,6601.0,6550.0,6608.933333333333,6822.6,59.09090909090909,6448.0,25.866666666666788,-15.649999999999636,-0.0628491620111731,6710.0,6700.0,6630.0,6670.0,17700.0
2025-02-28,6650.0,6730.0,6640.0,6650.0,6590.0,20200.0,6609.0,6564.8,6614.533333333334,6818.95,52.0,6451.4,27.33333333333394,-16.650000000000546,-0.1037735849056603,6710.0,6720.0,6710.0,6630.0,14000.0
2025-03-01,6650.0,6730.0,6640.0,6650.0,6590.0,20200.0,6617.0,6582.0,6621.066666666667,6815.7,52.0,6456.4,29.733333333333576,-17.400000000000546,-0.1037735849056603,6710.0,6730.0,6650.0,6650.0,20200.0
2025-03-02,6650.0,6730.0,6640.0,6650.0,6590.0,20200.0,6624.5,6595.6,6628.133333333333,6812.05,52.0,6461.4,30.9333333333334,-17.649999999999636,-0.1037735849056603,6710.0,6730.0,6650.0,6650.0,20200.0
2025-03-03,6700.0,6790.0,6650.0,6690.0,6629.63916015625,24200.0,6634.0,6606.0,6631.333333333333,6808.65,56.60377358490566,6467.2,28.799999999999272,-17.300000000000182,-0.0983827493261455,6710.0,6730.0,6650.0,6650.0,20200.0
2025-03-04,6690.0,6760.0,6630.0,6760.0,6699.0078125,24900.0,6647.0,6616.8,6632.8,6804.75,58.18181818181818,6474.4,23.866666666666788,-17.850000000000364,-0.0889487870619946,6760.0,6790.0,6690.0,6700.0,24200.0
2025-03-05,6800.0,6910.0,6770.0,6850.0,6788.19580078125,34100.0,6658.0,6631.2,6634.0,6801.3,75.92592592592592,6485.4,19.46666666666624,-17.649999999999636,-0.0768194070080862,6850.0,6760.0,6760.0,6690.0,24900.0
2025-03-06,6870.0,7010.0,6870.0,6960.0,6897.203125,20700.0,6674.5,6650.0,6636.666666666667,6798.4,79.03225806451613,6499.6,15.600000000000364,-17.300000000000182,-0.0619946091644204,6960.0,6910.0,6850.0,6800.0,34100.0
2025-03-07,6910.0,6950.0,6820.0,6880.0,6817.9248046875,20200.0,6687.0,6665.2,6638.266666666666,6796.15,68.65671641791045,6512.6,10.133333333333212,-15.900000000000546,0.0087976539589442,6960.0,7010.0,6960.0,6870.0,20700.0
2025-03-08,6910.0,6950.0,6820.0,6880.0,6817.9248046875,20200.0,6699.5,6680.4,6638.133333333333,6793.5,68.65671641791045,6526.2,6.800000000000182,-15.149999999999636,0.0207715133531156,6960.0,6950.0,6880.0,6910.0,20200.0
2025-03-09,6910.0,6950.0,6820.0,6880.0,6817.9248046875,20200.0,6712.5,6695.6,6636.666666666667,6790.5,68.65671641791045,6539.8,3.866666666666788,-14.25,0.048780487804878,6960.0,6950.0,6880.0,6910.0,20200.0
2025-03-10,6880.0,6950.0,6850.0,6900.0,6837.74462890625,16900.0,6724.0,6706.4,6636.133333333333,6787.4,69.56521739130434,6553.8,2.133333333333212,-13.900000000000546,0.0648148148148148,6960.0,6950.0,6880.0,6910.0,20200.0
2025-03-11,6820.0,6860.0,6780.0,6850.0,6788.19580078125,20300.0,6738.0,6715.2,6633.866666666667,6783.9,61.19402985074626,6566.0,-2.800000000000182,-14.5,0.0703125,6960.0,6950.0,6900.0,6880.0,16900.0
2025-03-12,6810.0,6900.0,6810.0,6860.0,6798.10546875,11600.0,6751.0,6724.4,6629.866666666667,6780.45,68.85245901639345,6577.2,-8.399999999999636,-15.699999999999818,0.0718749999999999,6960.0,6860.0,6850.0,6820.0,20300.0
2025-03-13,6860.0,6890.0,6730.0,6770.0,6708.91748046875,16600.0,6758.0,6730.0,6624.666666666667,6776.55,54.83870967741936,6586.6,-13.466666666666242,-16.949999999999818,0.0578125,6960.0,6900.0,6860.0,6810.0,11600.0
2025-03-14,6740.0,6740.0,6560.0,6600.0,6540.451171875,24800.0,6756.5,6729.2,6617.2,6772.35,46.57534246575342,6593.4,-19.46666666666715,-18.14999999999964,0.03125,6960.0,6890.0,6770.0,6860.0,16600.0
2025-03-15,6740.0,6740.0,6560.0,6600.0,6540.451171875,24800.0,6755.0,6726.4,6606.266666666666,6767.85,46.57534246575342,6599.6,-29.866666666666788,-19.549999999999272,0.0476190476190476,6960.0,6740.0,6600.0,6740.0,24800.0
2025-03-16,6740.0,6740.0,6560.0,6600.0,6540.451171875,24800.0,6753.5,6727.6,6595.333333333333,6763.5,46.57534246575342,6605.8,-38.53333333333376,-20.39999999999964,0.056,6960.0,6740.0,6600.0,6740.0,24800.0
2025-03-17,6600.0,6680.0,6600.0,6640.0,6580.09033203125,32200.0,6750.5,6729.2,6584.933333333333,6760.25,46.57534246575342,6612.8,-44.933333333333394,-20.19999999999981,0.0658105939004816,6960.0,6740.0,6600.0,6740.0,24800.0
2025-03-18,6700.0,6720.0,6660.0,6680.0,6619.7294921875,14800.0,6753.0,6731.2,6575.066666666667,6757.2,44.28571428571428,6620.4,-49.60000000000037,-19.350000000000364,0.0774193548387096,6960.0,6680.0,6640.0,6600.0,32200.0
2025-03-19,6650.0,6730.0,6650.0,6670.0,6609.81982421875,16900.0,6751.0,6732.8,6565.066666666667,6754.1,35.48387096774192,6626.6,-52.13333333333321,-18.25,0.0758064516129033,6960.0,6720.0,6680.0,6700.0,14800.0
2025-03-20,6650.0,6730.0,6650.0,6670.0,6609.81982421875,16900.0,6752.0,6734.4,6555.066666666667,6751.0,21.568627450980387,6628.8,-51.19999999999982,-16.850000000000364,0.0758064516129033,6960.0,6730.0,6670.0,6650.0,16900.0
2025-03-21,6630.0,6750.0,6630.0,6690.0,6629.63916015625,28300.0,6754.0,6736.8,6545.333333333333,6748.6,28.88888888888889,6632.6,-50.0,-14.899999999999636,0.0721153846153845,6960.0,6730.0,6670.0,6650.0,16900.0
2025-03-22,6630.0,6750.0,6630.0,6690.0,6629.63916015625,28300.0,6756.0,6736.4,6543.6,6746.05,28.88888888888889,6636.4,-41.33333333333303,-14.199999999999818,0.0619047619047619,6960.0,6750.0,6690.0,6630.0,28300.0
2025-03-23,6630.0,6750.0,6630.0,6690.0,6629.63916015625,28300.0,6756.0,6738.8,6542.933333333333,6744.45,28.88888888888889,6640.2,-32.13333333333321,-12.75,0.0619047619047619,6960.0,6750.0,6690.0,6630.0,28300.0
2025-03-24,6750.0,6750.0,6580.0,6620.0,6560.27099609375,45500.0,6749.0,6735.2,6543.733333333334,6742.05,22.0,6642.6,-21.33333333333303,-12.050000000000182,0.0575079872204473,6960.0,6750.0,6690.0,6630.0,28300.0
2025-03-25,6680.0,6700.0,6590.0,6680.0,6619.7294921875,26300.0,6740.5,6736.4,6546.4,6739.8,33.33333333333333,6650.6,-8.66666666666697,-11.199999999999818,0.0620031796502384,6960.0,6750.0,6620.0,6750.0,45500.0
2025-03-26,6680.0,6680.0,6590.0,6660.0,6599.91015625,43000.0,6725.5,6736.8,6549.866666666667,6737.45,30.769230769230774,6659.4,4.533333333333758,-11.150000000000546,0.0588235294117647,6900.0,6700.0,6680.0,6680.0,26300.0
2025-03-27,6670.0,6750.0,6640.0,6650.0,6590.0,48900.0,6714.0,6736.8,6553.2,6735.05,36.36363636363636,6666.2,9.599999999999454,-11.0,0.0572337042925277,6900.0,6680.0,6660.0,6680.0,43000.0
2025-03-28,6550.0,6550.0,6200.0,6250.0,6250.0,94400.0,6682.5,6719.2,6551.2,6730.3,23.88059701492537,6662.6,8.266666666666424,-14.149999999999636,-0.0079365079365079,6900.0,6750.0,6650.0,6670.0,48900.0
2025-03-29,6550.0,6550.0,6200.0,6250.0,6250.0,94400.0,6651.0,6698.8,6549.2,6725.45,23.88059701492537,6657.8,5.466666666666242,-16.600000000000364,-0.0172955974842767,6900.0,6550.0,6250.0,6550.0,94400.0
2025-03-30,6550.0,6550.0,6200.0,6250.0,6250.0,94400.0,6618.5,6674.8,6548.533333333334,6720.95,23.88059701492537,6653.0,2.1333333333341216,-18.850000000000364,-0.0472560975609755,6860.0,6550.0,6250.0,6550.0,94400.0
2025-03-31,6180.0,6180.0,6000.0,6000.0,6000.0,39600.0,6576.0,6636.4,6545.2,6714.95,13.63636363636364,6643.2,-4.66666666666697,-22.5,-0.0769230769230768,6860.0,6550.0,6250.0,6550.0,94400.0
2025-04-01,6080.0,6100.0,5760.0,5760.0,5760.0,46000.0,6521.0,6591.6,6538.933333333333,6708.2,7.407407407407419,6628.4,-14.266666666666424,-26.850000000000364,-0.1138461538461538,6770.0,6180.0,6000.0,6180.0,39600.0
2025-04-02,5780.0,5840.0,5740.0,5770.0,5770.0,29800.0,6471.0,6547.2,6533.2,6701.5,8.333333333333329,6613.8,-18.0,-28.800000000000185,-0.1123076923076923,6690.0,6100.0,5760.0,6080.0,46000.0
2025-04-03,5580.0,5670.0,5440.0,5600.0,5600.0,29500.0,6421.0,6496.0,6525.2,6693.95,7.200000000000003,6595.8,-24.0,-31.5,-0.1384615384615384,6690.0,5840.0,5770.0,5780.0,29800.0
2025-04-04,5500.0,5560.0,5330.0,5480.0,5480.0,41900.0,6365.0,6439.2,6515.6,6685.8,5.1851851851851904,6572.8,-32.933333333333394,-35.14999999999964,-0.1273885350318471,6690.0,5670.0,5600.0,5580.0,29500.0
2025-04-05,5500.0,5560.0,5330.0,5480.0,5480.0,41900.0,6309.0,6384.4,6505.466666666666,6677.3,5.1851851851851904,6549.8,-39.733333333333576,-37.64999999999964,-0.1189710610932476,6690.0,5560.0,5480.0,5500.0,41900.0
2025-04-06,5500.0,5560.0,5330.0,5480.0,5480.0,41900.0,6251.0,6329.2,6494.533333333334,6668.75,5.1851851851851904,6526.8,-44.39999999999964,-39.44999999999982,-0.1315372424722662,6690.0,5560.0,5480.0,5500.0,41900.0
2025-04-07,5190.0,5310.0,5060.0,5170.0,5170.0,31600.0,6175.5,6265.2,6479.466666666666,6658.35,4.40251572327044,6497.6,-53.733333333333576,-43.14999999999964,-0.1959564541213063,6690.0,5560.0,5480.0,5500.0,41900.0
2025-04-08,5370.0,5670.0,5350.0,5610.0,5610.0,27400.0,6122.5,6225.6,6470.8,6650.15,22.84263959390863,6477.4,-54.39999999999964,-43.80000000000018,-0.135593220338983,6690.0,5310.0,5170.0,5190.0,31600.0
2025-04-09,5470.0,5530.0,5380.0,5490.0,5490.0,19000.0,6063.5,6181.2,6460.133333333333,6641.35,21.73913043478261,6453.8,-55.46666666666715,-44.44999999999982,-0.1540832049306625,6690.0,5670.0,5610.0,5370.0,27400.0
2025-04-10,5760.0,5840.0,5650.0,5810.0,5810.0,23900.0,6019.5,6149.6,6453.733333333334,6634.15,32.35294117647058,6438.6,-51.733333333332666,-43.15000000000055,-0.1047765793528505,6690.0,5530.0,5490.0,5470.0,19000.0
2025-04-11,5710.0,6020.0,5620.0,5970.0,5970.0,18800.0,5983.5,6122.8,6449.466666666666,6627.75,43.45794392523364,6426.0,-45.06666666666752,-41.0,-0.0815384615384615,6690.0,5840.0,5810.0,5760.0,23900.0
2025-04-12,5710.0,6020.0,5620.0,5970.0,5970.0,18800.0,5947.5,6094.4,6445.066666666667,6621.5,43.45794392523364,6412.8,-34.39999999999964,-36.85000000000037,-0.0815384615384615,6680.0,6020.0,5970.0,5710.0,18800.0
2025-04-13,5710.0,6020.0,5620.0,5970.0,5970.0,18800.0,5915.0,6066.4,6439.866666666667,6615.55,43.45794392523364,6399.6,-30.9333333333334,-34.599999999999454,-0.0815384615384615,6680.0,6020.0,5970.0,5710.0,18800.0
2025-04-14,6020.0,6050.0,5920.0,5980.0,5980.0,10500.0,5880.0,6038.8,6432.133333333333,6608.15,49.47368421052632,6386.6,-28.0,-33.20000000000073,-0.0980392156862745,6660.0,6020.0,5970.0,5710.0,18800.0
2025-04-15,5970.0,6000.0,5960.0,5960.0,5960.0,7000.0,5845.0,6009.6,6424.933333333333,6600.6,55.95238095238095,6373.2,-28.800000000000185,-33.54999999999927,-0.1010558069381598,6650.0,6050.0,5980.0,6020.0,10500.0
2025-04-16,5950.0,6040.0,5940.0,6040.0,6040.0,14200.0,5814.5,5983.6,6418.8,6593.45,57.71428571428572,6360.0,-30.66666666666606,-34.30000000000018,-0.0889894419306184,6250.0,6000.0,5960.0,5970.0,7000.0
2025-04-17,6030.0,6070.0,6020.0,6070.0,6070.0,6200.0,5805.5,5958.8,6413.066666666667,6586.45,64.59627329192547,6348.8,-32.0,-35.05000000000018,-0.0844645550527903,6250.0,6040.0,6040.0,5950.0,14200.0
2025-04-18,6100.0,6250.0,6100.0,6240.0,6240.0,11700.0,5805.0,5943.6,6409.6,6580.95,72.89156626506023,6339.4,-30.266666666666424,-34.600000000000364,-0.0574018126888217,6250.0,6070.0,6070.0,6030.0,6200.0
2025-04-19,6100.0,6250.0,6100.0,6240.0,6240.0,11700.0,5804.5,5926.0,6409.066666666667,6575.15,72.89156626506023,6331.2,-23.06666666666661,-33.0,-0.0644677661169415,6240.0,6250.0,6240.0,6100.0,11700.0
2025-04-20,6100.0,6250.0,6100.0,6240.0,6240.0,11700.0,5816.5,5909.2,6409.333333333333,6569.65,72.89156626506023,6323.0,-15.600000000000364,-30.950000000000728,-0.0502283105022831,6240.0,6250.0,6240.0,6100.0,11700.0
2025-04-21,6230.0,6300.0,6150.0,6290.0,6290.0,7900.0,5843.0,5894.8,6409.066666666667,6563.7,90.0,6315.8,-9.733333333333576,-29.75,-0.0469696969696969,6290.0,6250.0,6240.0,6100.0,11700.0
2025-04-22,6310.0,6420.0,6310.0,6310.0,6310.0,13700.0,5870.0,5897.2,6407.466666666666,6557.8,85.71428571428571,6308.2,-5.600000000000364,-28.64999999999964,-0.0482654600301659,6310.0,6300.0,6290.0,6230.0,7900.0
2025-04-23,6300.0,6310.0,6210.0,6210.0,6210.0,20200.0,5900.5,5895.6,6403.733333333334,6551.4,87.5,6297.2,-5.866666666666788,-29.550000000000185,-0.0633484162895927,6310.0,6420.0,6310.0,6310.0,13700.0
2025-04-24,6210.0,6260.0,6050.0,6050.0,6050.0,20300.0,5929.0,5887.6,6397.866666666667,6544.2,65.0,6281.2,-11.199999999999818,-30.94999999999981,-0.0874811463046757,6310.0,6310.0,6210.0,6300.0,20200.0
2025-04-25,6120.0,6200.0,6040.0,6160.0,6160.0,11600.0,5963.0,5894.0,6393.466666666666,6537.75,62.66666666666666,6265.2,-15.866666666666788,-31.89999999999964,-0.0708898944193061,6310.0,6260.0,6050.0,6210.0,20300.0
2025-04-26,6120.0,6200.0,6040.0,6160.0,6160.0,11600.0,5997.0,5910.0,6388.933333333333,6532.4,62.66666666666666,6250.8,-20.13333333333321,-31.300000000000185,-0.0805970149253731,6310.0,6200.0,6160.0,6120.0,11600.0
2025-04-27,6120.0,6200.0,6040.0,6160.0,6160.0,11600.0,6046.5,5925.6,6384.4,6527.45,62.66666666666666,6236.4,-23.06666666666661,-30.350000000000364,-0.0708898944193061,6310.0,6200.0,6160.0,6120.0,11600.0
2025-04-28,6160.0,6270.0,6160.0,6210.0,6210.0,11400.0,6076.5,5950.0,6380.533333333334,6523.05,64.55696202531647,6223.0,-23.19999999999981,-28.34999999999945,-0.0745156482861401,6310.0,6200.0,6160.0,6120.0,11600.0
2025-04-29,6160.0,6270.0,6160.0,6210.0,6210.0,11400.0,6112.5,5979.2,6374.933333333333,6518.8,66.23376623376623,6209.2,-22.9333333333334,-25.39999999999964,-0.0661654135338345,6310.0,6270.0,6210.0,6160.0,11400.0
2025-04-30,6210.0,6280.0,6120.0,6140.0,6140.0,11300.0,6129.0,6005.6,6368.4,6514.2,56.57894736842105,6195.0,-25.06666666666661,-23.550000000000185,-0.0766917293233082,6310.0,6270.0,6210.0,6160.0,11400.0
2025-05-01,6140.0,6260.0,6050.0,6100.0,6100.0,11800.0,6135.5,6030.4,6361.333333333333,6509.4,51.94805194805195,6179.8,-27.600000000000364,-23.0,-0.0827067669172932,6310.0,6280.0,6140.0,6210.0,11300.0
2025-05-02,6100.0,6130.0,5990.0,6090.0,6090.0,13000.0,6141.5,6067.2,6354.133333333333,6504.55,37.70491803278688,6166.2,-30.266666666666424,-22.89999999999964,-0.0896860986547085,6310.0,6260.0,6100.0,6140.0,11800.0
2025-05-03,6100.0,6130.0,5990.0,6090.0,6090.0,13000.0,6147.5,6086.4,6347.066666666667,6499.55,37.70491803278688,6156.0,-33.46666666666715,-23.5,-0.0991124260355029,6310.0,6130.0,6090.0,6100.0,13000.0
2025-05-04,6100.0,6130.0,5990.0,6090.0,6090.0,13000.0,6153.0,6110.4,6339.333333333333,6495.0,37.70491803278688,6145.8,-35.600000000000364,-23.800000000000185,-0.110948905109489,6310.0,6130.0,6090.0,6100.0,13000.0
2025-05-05,6100.0,6130.0,5990.0,6090.0,6090.0,13000.0,6159.5,6121.6,6332.933333333333,6490.75,32.14285714285715,6135.6,-35.46666666666624,-23.44999999999981,-0.125,6310.0,6130.0,6090.0,6100.0,13000.0
2025-05-06,6100.0,6130.0,5990.0,6090.0,6090.0,13000.0,6162.0,6126.4,6326.133333333333,6486.6,29.62962962962964,6124.6,-35.19999999999982,-22.799999999999272,-0.1148255813953488,6310.0,6130.0,6090.0,6100.0,13000.0
2025-05-07,6090.0,6170.0,6080.0,6120.0,6120.0,6100.0,6164.5,6132.4,6319.333333333333,6482.6,40.42553191489362,6113.4,-34.80000000000018,-21.94999999999981,-0.1104651162790697,6310.0,6130.0,6090.0,6100.0,13000.0
2025-05-08,6120.0,6220.0,6060.0,6170.0,6170.0,9900.0,6161.0,6140.4,6313.2,6478.85,66.66666666666666,6103.4,-33.86666666666679,-20.69999999999981,-0.1031976744186046,6310.0,6170.0,6120.0,6090.0,6100.0
2025-05-09,6170.0,6370.0,6170.0,6330.0,6330.0,10000.0,6165.5,6154.4,6309.2,6475.6,70.73170731707317,6096.6,-30.13333333333321,-19.39999999999964,-0.0826086956521738,6330.0,6220.0,6170.0,6120.0,9900.0
2025-05-10,6170.0,6370.0,6170.0,6330.0,6330.0,10000.0,6170.0,6169.2,6305.2,6472.95,70.73170731707317,6089.4,-27.733333333333576,-17.800000000000182,-0.075912408759124,6330.0,6370.0,6330.0,6170.0,10000.0
2025-05-11,6170.0,6370.0,6170.0,6330.0,6330.0,10000.0,6172.0,6180.8,6300.266666666666,6470.9,70.73170731707317,6082.2,-25.866666666666788,-15.700000000000728,-0.0772594752186589,6330.0,6370.0,6330.0,6170.0,10000.0
2025-05-12,6280.0,6360.0,6280.0,6300.0,6300.0,3800.0,6171.5,6190.0,6295.866666666667,6468.6,61.53846153846154,6074.4,-23.46666666666624,-14.0,-0.069423929098966,6330.0,6370.0,6330.0,6170.0,10000.0
2025-05-13,6400.0,6400.0,6320.0,6370.0,6370.0,11400.0,6179.5,6195.2,6291.333333333333,6467.0,67.3913043478261,6069.4,-21.866666666666788,-11.850000000000364,-0.0348484848484847,6370.0,6360.0,6300.0,6280.0,3800.0
2025-05-14,6360.0,6410.0,6290.0,6370.0,6370.0,7400.0,6195.5,6200.4,6287.6,6465.4,79.48717948717949,6063.2,-21.59999999999945,-10.200000000000728,-0.0348484848484847,6370.0,6400.0,6370.0,6400.0,11400.0
2025-05-15,6270.0,6410.0,6270.0,6340.0,6340.0,11000.0,6204.5,6204.4,6283.466666666666,6463.65,81.57894736842105,6056.8,-21.733333333333576,-9.300000000000182,-0.0393939393939394,6370.0,6410.0,6370.0,6360.0,7400.0
2025-05-16,6250.0,6630.0,6250.0,6550.0,6550.0,24900.0,6224.0,6214.8,6282.133333333333,6463.3,89.65517241379311,6054.8,-18.13333333333321,-7.599999999999454,-0.0135542168674698,6550.0,6410.0,6340.0,6270.0,11000.0
2025-05-17,6250.0,6630.0,6250.0,6550.0,6550.0,24900.0,6243.5,6224.4,6280.266666666666,6462.7,89.65517241379311,6060.8,-15.600000000000364,-5.900000000000546,-0.0194610778443113,6550.0,6630.0,6550.0,6250.0,24900.0
2025-05-18,6250.0,6630.0,6250.0,6550.0,6550.0,24900.0,6260.5,6238.0,6277.466666666666,6462.1,89.65517241379311,6066.8,-13.866666666666788,-4.899999999999636,-0.0179910044977511,6550.0,6630.0,6550.0,6250.0,24900.0
2025-05-19,6520.0,6560.0,6310.0,6380.0,6380.0,14000.0,6269.0,6251.2,6271.2,6459.95,69.33333333333334,6069.4,-16.400000000000546,-5.449999999999818,-0.0434782608695651,6550.0,6630.0,6550.0,6250.0,24900.0
2025-05-20,6390.0,6460.0,6260.0,6280.0,6280.0,10700.0,6276.0,6256.0,6262.133333333333,6457.65,61.17647058823529,6075.0,-21.33333333333303,-6.0,-0.0612855007473841,6550.0,6560.0,6380.0,6520.0,14000.0
2025-05-21,6270.0,6330.0,6230.0,6240.0,6240.0,4300.0,6283.0,6259.2,6253.6,6455.15,56.97674418604652,6084.6,-28.53333333333285,-8.150000000000546,-0.0672645739910313,6550.0,6460.0,6280.0,6390.0,10700.0
2025-05-22,6200.0,6240.0,6100.0,6100.0,6100.0,9400.0,6283.5,6256.8,6243.2,6451.95,46.31578947368421,6091.2,-37.066666666666606,-10.75,-0.0881913303437966,6550.0,6330.0,6240.0,6270.0,4300.0
2025-05-23,6170.0,6170.0,6080.0,6130.0,6130.0,7700.0,6285.5,6253.6,6233.2,6448.9,37.80487804878049,6101.8,-44.26666666666642,-13.200000000000728,-0.0740181268882175,6550.0,6240.0,6100.0,6200.0,9400.0
2025-05-24,6170.0,6170.0,6080.0,6130.0,6130.0,7700.0,6287.5,6250.4,6222.933333333333,6446.35,37.80487804878049,6114.8,-48.26666666666642,-13.599999999999454,-0.0823353293413173,6550.0,6170.0,6130.0,6170.0,7700.0
2025-05-25,6170.0,6170.0,6080.0,6130.0,6130.0,7700.0,6289.5,6250.0,6213.333333333333,6443.6,37.80487804878049,6127.8,-48.80000000000018,-14.049999999999272,-0.0795795795795796,6550.0,6170.0,6130.0,6170.0,7700.0
2025-05-26,6150.0,6210.0,6150.0,6200.0,6200.0,9100.0,6295.0,6254.0,6204.533333333334,6440.7,44.1860465116279,6142.2,-49.066666666666606,-14.449999999999818,-0.0676691729323308,6550.0,6170.0,6130.0,6170.0,7700.0
2025-05-27,6240.0,6240.0,6160.0,6200.0,6200.0,5200.0,6299.0,6258.4,6196.933333333333,6438.05,39.24050632911393,6162.8,-46.26666666666642,-13.899999999999636,-0.008,6550.0,6210.0,6200.0,6150.0,9100.0
2025-05-28,6230.0,6230.0,6160.0,6160.0,6160.0,9100.0,6298.5,6261.2,6191.066666666667,6435.2,37.34939759036145,6173.8,-42.13333333333321,-13.699999999999818,-0.0143999999999999,6550.0,6240.0,6200.0,6240.0,5200.0
2025-05-29,6160.0,6290.0,6160.0,6260.0,6260.0,10300.0,6295.0,6268.0,6186.533333333334,6432.85,45.55555555555555,6189.2,-36.39999999999964,-13.5,0.0016,6550.0,6230.0,6160.0,6230.0,9100.0
2025-05-30,6160.0,6250.0,6150.0,6150.0,6150.0,16400.0,6286.0,6270.4,6180.533333333334,6430.2,25.00000000000001,6196.0,-32.79999999999927,-13.400000000000546,0.0249999999999999,6550.0,6290.0,6260.0,6160.0,10300.0
2025-05-31,6160.0,6250.0,6150.0,6150.0,6150.0,16400.0,6277.0,6272.8,6174.0,6427.65,25.00000000000001,6199.6,-30.53333333333376,-13.050000000000182,0.0677083333333332,6550.0,6250.0,6150.0,6160.0,16400.0
2025-06-01,6160.0,6250.0,6150.0,6150.0,6150.0,16400.0,6269.5,6274.0,6166.933333333333,6425.25,25.00000000000001,6203.2,-30.0,-12.800000000000182,0.0658578856152514,6550.0,6250.0,6150.0,6160.0,16400.0
2025-06-02,6130.0,6190.0,6130.0,6150.0,6150.0,8200.0,6258.5,6273.2,6160.0,6423.0,31.746031746031747,6206.8,-31.06666666666661,-12.199999999999818,0.0982142857142858,6550.0,6250.0,6150.0,6160.0,16400.0
2025-06-03,6150.0,6150.0,6090.0,6120.0,6120.0,8000.0,6246.0,6264.8,6152.666666666667,6420.6,35.71428571428572,6209.6,-33.86666666666679,-12.25,0.1167883211678832,6550.0,6190.0,6150.0,6130.0,8200.0
2025-06-04,6120.0,6120.0,6040.0,6060.0,6060.0,8300.0,6232.0,6254.0,6144.266666666666,6417.9,34.482758620689665,6211.6,-36.26666666666733,-12.300000000000182,0.1058394160583942,6550.0,6150.0,6120.0,6150.0,8000.0
2025-06-05,6060.0,6110.0,6050.0,6050.0,6050.0,6900.0,6207.0,6242.8,6135.733333333334,6415.15,44.44444444444444,6211.8,-38.26666666666642,-12.5,0.1040145985401459,6550.0,6120.0,6060.0,6120.0,8300.0
2025-06-06,6040.0,6120.0,6040.0,6090.0,6090.0,6400.0,6184.0,6234.4,6127.733333333334,6412.55,45.65217391304348,6212.2,-39.19999999999982,-12.699999999999818,0.1779497098646034,6550.0,6110.0,6050.0,6060.0,6900.0
2025-06-07,6040.0,6120.0,6040.0,6090.0,6090.0,6400.0,6161.0,6223.2,6120.666666666667,6409.6,45.65217391304348,6209.2,-39.33333333333303,-13.399999999999636,0.0855614973262031,6380.0,6120.0,6090.0,6040.0,6400.0
2025-06-08,6040.0,6120.0,6040.0,6090.0,6090.0,6400.0,6146.5,6212.0,6112.8,6406.95,45.65217391304348,6206.2,-39.86666666666679,-13.650000000000546,0.1092896174863387,6280.0,6120.0,6090.0,6040.0,6400.0
2025-06-09,6050.0,6050.0,5990.0,6010.0,6010.0,14100.0,6133.0,6198.8,6104.133333333333,6404.1,29.787234042553195,6201.6,-40.13333333333321,-13.799999999999272,0.0344234079173837,6260.0,6120.0,6090.0,6040.0,6400.0
2025-06-10,6010.0,6240.0,6010.0,6220.0,6220.0,17200.0,6132.0,6185.6,6098.4,6402.65,51.47058823529412,6200.2,-37.33333333333394,-12.5,0.0418760469011725,6260.0,6050.0,6010.0,6050.0,14100.0
2025-06-11,6190.0,6240.0,6180.0,6230.0,6230.0,8600.0,6138.5,6172.8,6098.133333333333,6401.25,55.38461538461538,6198.6,-29.600000000000364,-11.300000000000182,0.0435510887772194,6260.0,6240.0,6220.0,6010.0,17200.0
2025-06-12,6230.0,6300.0,6210.0,6280.0,6280.0,10500.0,6146.0,6162.0,6098.533333333334,6400.1,51.66666666666666,6200.0,-22.13333333333321,-9.5,0.0519262981574539,6280.0,6240.0,6230.0,6190.0,8600.0
2025-06-13,6260.0,6320.0,6170.0,6250.0,6250.0,11900.0,6152.0,6156.8,6098.533333333334,6399.0,59.61538461538462,6204.0,-14.266666666666424,-7.949999999999818,0.0451505016722408,6280.0,6300.0,6280.0,6230.0,10500.0
2025-06-14,6260.0,6320.0,6170.0,6250.0,6250.0,11900.0,6158.0,6155.6,6101.866666666667,6398.35,59.61538461538462,6205.8,-2.266666666666424,-5.75,0.0486577181208054,6280.0,6320.0,6250.0,6260.0,11900.0
2025-06-15,6260.0,6320.0,6170.0,6250.0,6250.0,11900.0,6160.5,6156.0,6108.4,6398.2,59.61538461538462,6207.6,10.0,-4.449999999999818,0.0347682119205297,6280.0,6320.0,6250.0,6260.0,11900.0
2025-06-16,6250.0,6370.0,6050.0,6100.0,6100.0,17400.0,6155.5,6156.0,6112.8,6397.35,46.26865671641792,6206.4,14.66666666666697,-3.899999999999636,0.0049423393739702,6280.0,6320.0,6250.0,6260.0,11900.0
2025-06-17,6100.0,6100.0,5980.0,5990.0,5990.0,18300.0,6147.0,6150.4,6118.0,6396.05,41.333333333333336,6202.0,19.46666666666624,-4.050000000000182,-0.0400641025641025,6280.0,6370.0,6100.0,6250.0,17400.0
2025-06-18,5980.0,6020.0,5930.0,5930.0,5930.0,13800.0,6130.5,6142.4,6124.0,6394.45,41.333333333333336,6196.4,25.46666666666624,-4.550000000000182,-0.0496794871794872,6280.0,6100.0,5990.0,6100.0,18300.0
2025-06-19,5930.0,5930.0,5810.0,5850.0,5850.0,15400.0,6115.5,6131.2,6128.933333333333,6392.45,37.80487804878049,6190.6,27.06666666666661,-5.900000000000546,-0.0625,6280.0,6020.0,5930.0,5980.0,13800.0
2025-06-20,5850.0,5900.0,5760.0,5900.0,5900.0,59700.0,6103.0,6119.2,6134.533333333334,6391.35,38.55421686746988,6186.6,26.13333333333412,-6.849999999999454,-0.0620031796502384,6280.0,5930.0,5850.0,5930.0,15400.0
2025-06-21,5850.0,5900.0,5760.0,5900.0,5900.0,59700.0,6090.5,6107.2,6144.266666666666,6388.85,38.55421686746988,6182.8,31.46666666666624,-8.5,-0.0649762282091918,6280.0,5900.0,5900.0,5850.0,59700.0
2025-06-22,5850.0,5900.0,5760.0,5900.0,5900.0,59700.0,6078.0,6096.8,6148.133333333333,6386.65,38.55421686746988,6179.0,30.13333333333321,-9.400000000000546,-0.0499194847020934,6280.0,5900.0,5900.0,5850.0,59700.0
2025-06-23,5900.0,5980.0,5830.0,5940.0,5940.0,14000.0,6069.0,6084.0,6154.133333333333,6384.55,45.56962025316456,6176.0,30.13333333333321,-9.899999999999636,-0.0181818181818181,6280.0,5900.0,5900.0,5850.0,59700.0
2025-06-24,5970.0,5990.0,5910.0,5980.0,5980.0,8200.0,6065.0,6077.2,6156.4,6382.7,30.645161290322577,6173.8,27.46666666666624,-9.75,-0.0292207792207792,6280.0,5980.0,5940.0,5900.0,14000.0
2025-06-25,5990.0,5990.0,5880.0,5940.0,5940.0,14400.0,6059.5,6068.8,6156.0,6380.65,27.692307692307693,6170.8,21.46666666666624,-10.700000000000728,-0.0357142857142857,6280.0,5990.0,5980.0,5970.0,8200.0
2025-06-26,5940.0,6040.0,5890.0,6010.0,6010.0,24800.0,6055.5,6063.2,6156.533333333334,6378.95,29.85074626865672,6168.6,12.266666666667334,-9.900000000000546,-0.0243506493506493,6280.0,5990.0,5940.0,5990.0,14400.0
2025-06-27,6040.0,6170.0,6040.0,6130.0,6130.0,24300.0,6057.5,6062.4,6158.666666666667,6378.05,42.10526315789474,6167.8,10.533333333333758,-8.599999999999454,-0.0128824476650563,6280.0,6040.0,6010.0,5940.0,24800.0
2025-06-28,6040.0,6170.0,6040.0,6130.0,6130.0,24300.0,6059.5,6062.8,6160.666666666667,6377.1,42.10526315789474,6163.8,6.533333333333758,-7.449999999999818,-0.0128824476650563,6280.0,6170.0,6130.0,6040.0,24300.0
2025-06-29,6040.0,6170.0,6040.0,6130.0,6130.0,24300.0,6065.5,6065.6,6162.933333333333,6376.15,42.10526315789474,6159.8,6.533333333333758,-6.550000000000182,-0.001628664495114,6280.0,6170.0,6130.0,6040.0,24300.0
2025-06-30,6170.0,6200.0,6110.0,6180.0,6180.0,15700.0,6063.5,6070.8,6164.8,6375.75,56.060606060606055,6156.8,8.800000000000182,-4.899999999999636,0.0131147540983607,6280.0,6170.0,6130.0,6040.0,24300.0
2025-07-01,6110.0,6180.0,6100.0,6140.0,6140.0,15000.0,6059.0,6072.8,6165.733333333334,6375.3,62.71186440677966,6153.6,9.199999999999818,-3.649999999999636,0.0082101806239738,6280.0,6200.0,6180.0,6170.0,15700.0
2025-07-02,6140.0,6300.0,6080.0,6240.0,6240.0,20200.0,6057.0,6078.8,6165.733333333334,6375.35,74.60317460317461,6151.0,7.066666666666606,-2.699999999999818,0.0246305418719212,6250.0,6180.0,6140.0,6110.0,15000.0
2025-07-03,6210.0,6250.0,6170.0,6180.0,6180.0,5300.0,6053.5,6082.4,6164.933333333333,6375.1,77.04918032786885,6147.2,4.266666666666424,-2.0,0.0147783251231528,6250.0,6300.0,6240.0,6140.0,20200.0
2025-07-04,6180.0,6230.0,6100.0,6110.0,6110.0,5300.0,6046.5,6086.4,6163.2,6374.85,66.66666666666666,6142.6,0.2666666666664241,-1.2999999999992724,0.0032840722495894,6250.0,6250.0,6180.0,6210.0,5300.0
2025-07-05,6180.0,6230.0,6100.0,6110.0,6110.0,5300.0,6039.5,6082.0,6160.8,6374.8,66.66666666666666,6133.8,-4.0,-0.949999999999818,0.0032840722495894,6240.0,6230.0,6110.0,6180.0,5300.0
2025-07-06,6180.0,6230.0,6100.0,6110.0,6110.0,5300.0,6040.0,6077.2,6158.133333333333,6373.1,66.66666666666666,6125.0,-7.600000000000364,-2.199999999999818,-0.0016339869281045,6240.0,6230.0,6110.0,6180.0,5300.0
2025-07-07,6150.0,6160.0,6090.0,6150.0,6150.0,10200.0,6048.0,6072.0,6157.333333333333,6370.6,66.66666666666666,6117.0,-8.400000000000546,-4.75,-0.0032414910858995,6240.0,6230.0,6110.0,6180.0,5300.0
2025-07-08,6190.0,6200.0,6120.0,6150.0,6150.0,15100.0,6059.0,6068.0,6158.666666666667,6367.55,64.40677966101694,6112.4,-6.266666666666424,-7.550000000000182,-0.0284360189573459,6240.0,6160.0,6150.0,6150.0,10200.0
2025-07-09,6180.0,6190.0,6110.0,6130.0,6130.0,19600.0,6073.0,6063.2,6158.266666666666,6364.4,66.66666666666666,6109.4,-4.933333333333394,-10.450000000000728,-0.0315955766192732,6240.0,6200.0,6150.0,6190.0,15100.0
2025-07-10,6170.0,6170.0,6060.0,6080.0,6080.0,15900.0,6082.0,6056.4,6157.2,6361.0,56.36363636363637,6106.2,-3.600000000000364,-13.800000000000182,-0.0394944707740916,6240.0,6190.0,6130.0,6180.0,19600.0
2025-07-11,6140.0,6180.0,6070.0,6110.0,6110.0,9100.0,6092.5,6056.8,6156.533333333334,6357.1,47.826086956521735,6106.4,-1.5999999999994543,-16.0,-0.0301587301587301,6240.0,6170.0,6080.0,6170.0,15900.0
2025-07-12,6140.0,6180.0,6070.0,6110.0,6110.0,9100.0,6103.0,6061.6,6155.2,6352.7,47.826086956521735,6106.0,-2.133333333333212,-17.900000000000546,-0.0408163265306122,6240.0,6180.0,6110.0,6140.0,9100.0
2025-07-13,6140.0,6180.0,6070.0,6110.0,6110.0,9100.0,6111.5,6068.8,6153.866666666667,6348.55,47.826086956521735,6105.6,-4.800000000000182,-19.0,-0.0408163265306122,6240.0,6180.0,6110.0,6140.0,9100.0
2025-07-14,6110.0,6280.0,6100.0,6240.0,6240.0,11300.0,6124.5,6084.4,6155.2,6344.65,55.55555555555556,6107.8,-3.066666666666606,-19.75,-0.0157728706624605,6240.0,6180.0,6110.0,6140.0,9100.0
2025-07-15,6240.0,6240.0,6100.0,6140.0,6140.0,7800.0,6134.5,6094.0,6155.733333333334,6339.55,50.0,6106.6,-1.4666666666662422,-21.44999999999981,-0.0625954198473282,6240.0,6280.0,6240.0,6110.0,11300.0
2025-07-16,6140.0,6180.0,6110.0,6140.0,6140.0,8100.0,6141.0,6103.6,6156.4,6334.45,40.0,6105.4,-0.1333333333341215,-22.650000000000546,-0.0625954198473282,6240.0,6240.0,6140.0,6240.0,7800.0
2025-07-17,6100.0,6210.0,6100.0,6140.0,6140.0,5800.0,6141.5,6113.2,6157.066666666667,6329.35,45.45454545454546,6105.0,1.866666666666788,-23.34999999999945,-0.0625954198473282,6240.0,6180.0,6140.0,6140.0,8100.0
2025-07-18,6160.0,6190.0,6060.0,6090.0,6090.0,7400.0,6139.5,6119.2,6157.066666666667,6322.7,47.61904761904762,6101.6,3.199999999999818,-25.850000000000364,-0.0454545454545454,6240.0,6210.0,6140.0,6100.0,5800.0
2025-07-19,6160.0,6190.0,6060.0,6090.0,6090.0,7400.0,6137.5,6123.6,6157.066666666667,6316.05,47.61904761904762,6100.4,1.866666666666788,-28.59999999999945,-0.0302547770700637,6240.0,6190.0,6090.0,6160.0,7400.0
2025-07-20,6160.0,6190.0,6060.0,6090.0,6090.0,7400.0,6133.0,6129.6,6157.066666666667,6309.4,47.61904761904762,6099.2,1.3333333333330302,-30.150000000000546,-0.0240384615384615,6240.0,6190.0,6090.0,6160.0,7400.0
2025-07-21,6160.0,6190.0,6060.0,6090.0,6090.0,7400.0,6130.5,6132.8,6156.666666666667,6302.75,42.10526315789474,6098.0,0.2666666666673336,-31.69999999999981,-0.001639344262295,6240.0,6190.0,6090.0,6160.0,7400.0
2025-07-22,6120.0,6140.0,6030.0,6060.0,6060.0,7600.0,6121.5,6130.0,6155.2,6295.95,39.024390243902445,6096.2,-1.866666666666788,-33.400000000000546,-0.0114192495921696,6240.0,6190.0,6090.0,6160.0,7400.0
2025-07-23,6060.0,6240.0,6060.0,6220.0,6220.0,19000.0,6123.5,6133.6,6153.733333333334,6289.95,58.18181818181818,6098.2,-3.33333333333303,-32.75,0.0146818923327896,6240.0,6140.0,6060.0,6120.0,7600.0
2025-07-24,6250.0,6290.0,6230.0,6280.0,6280.0,11800.0,6132.0,6139.6,6153.066666666667,6284.25,67.85714285714286,6102.6,-4.0,-31.800000000000185,0.0244698205546491,6280.0,6240.0,6220.0,6060.0,19000.0
2025-07-25,6300.0,6400.0,6260.0,6260.0,6260.0,15900.0,6139.5,6142.8,6152.133333333333,6281.45,63.63636363636363,6106.8,-4.933333333333394,-27.94999999999981,0.0096774193548387,6280.0,6290.0,6280.0,6250.0,11800.0
2025-07-26,6300.0,6400.0,6260.0,6260.0,6260.0,15900.0,6147.0,6147.6,6151.6,6279.05,63.63636363636363,6110.2,-5.066666666666606,-23.69999999999981,0.0096774193548387,6280.0,6400.0,6260.0,6300.0,15900.0
2025-07-27,6300.0,6400.0,6260.0,6260.0,6260.0,15900.0,6152.5,6148.4,6150.133333333333,6277.55,63.63636363636363,6113.6,-5.066666666666606,-18.39999999999964,0.0162337662337661,6280.0,6400.0,6260.0,6300.0,15900.0
2025-07-28,6260.0,6620.0,6200.0,6340.0,6340.0,42000.0,6162.0,6154.8,6149.733333333334,6276.85,60.0,6118.6,-4.0,-13.099999999999454,0.0127795527156548,6340.0,6400.0,6260.0,6300.0,15900.0
2025-07-29,6300.0,6610.0,6300.0,6600.0,6600.0,21900.0,6185.5,6174.4,6153.2,6277.85,84.84848484848484,6130.4,0.133333333333212,-6.399999999999636,0.0731707317073171,6600.0,6620.0,6340.0,6260.0,42000.0
2025-07-30,6580.0,6710.0,6540.0,6560.0,6560.0,19300.0,6209.5,6192.4,6153.333333333333,6278.65,80.0,6137.2,1.199999999999818,-2.800000000000182,0.0666666666666666,6600.0,6610.0,6600.0,6300.0,21900.0
2025-07-31,6560.0,6670.0,6430.0,6500.0,6500.0,17700.0,6229.0,6208.0,6152.666666666667,6279.15,73.68421052631578,6142.6,1.066666666666606,0.0999999999994543,0.056910569105691,6600.0,6710.0,6560.0,6580.0,19300.0
2025-08-01,6500.0,6630.0,6460.0,6610.0,6610.0,11000.0,6254.0,6226.4,6153.466666666666,6280.2,81.70731707317073,6149.2,3.33333333333303,2.649999999999636,0.0747967479674796,6610.0,6670.0,6500.0,6560.0,17700.0
2025-08-02,6500.0,6630.0,6460.0,6610.0,6610.0,11000.0,6279.0,6244.8,6156.533333333334,6281.75,81.70731707317073,6156.4,6.800000000000182,4.899999999999636,0.0800653594771241,6610.0,6630.0,6610.0,6500.0,11000.0
2025-08-03,6500.0,6630.0,6460.0,6610.0,6610.0,11000.0,6297.5,6264.0,6160.933333333333,6283.55,81.70731707317073,6163.6,7.733333333333576,5.699999999999818,0.0907590759075906,6610.0,6630.0,6610.0,6500.0,11000.0
2025-08-04,6580.0,6760.0,6580.0,6650.0,6650.0,35000.0,6323.0,6286.8,6166.4,6285.65,82.55813953488372,6171.6,13.066666666666606,7.0,0.0991735537190081,6650.0,6630.0,6610.0,6500.0,11000.0
2025-08-05,6700.0,6880.0,6690.0,6740.0,6740.0,35100.0,6353.0,6312.0,6174.933333333333,6288.35,86.95652173913044,6184.4,22.266666666666424,9.200000000000728,0.1067323481116584,6740.0,6760.0,6650.0,6580.0,35000.0
2025-08-06,6760.0,6900.0,6760.0,6850.0,6850.0,29700.0,6388.5,6341.6,6184.533333333334,6291.6,86.20689655172414,6201.6,31.06666666666752,11.400000000000546,0.1247947454844007,6850.0,6880.0,6740.0,6700.0,35100.0
2025-08-07,6850.0,6960.0,6850.0,6880.0,6880.0,25700.0,6428.0,6372.4,6194.533333333334,6295.0,85.71428571428571,6220.6,38.0,13.25,0.1297208538587848,6880.0,6900.0,6850.0,6760.0,29700.0
2025-08-08,6880.0,6990.0,6880.0,6920.0,6920.0,31000.0,6469.5,6399.6,6205.066666666667,6298.4,88.37209302325581,6242.0,44.13333333333321,14.849999999999454,0.1514143094841931,6920.0,6960.0,6880.0,6850.0,25700.0
2025-08-09,6880.0,6990.0,6880.0,6920.0,6920.0,31000.0,6511.0,6430.8,6214.666666666667,6301.5,88.37209302325581,6262.4,48.26666666666733,15.850000000000364,0.112540192926045,6920.0,6990.0,6920.0,6880.0,31000.0
2025-08-10,6880.0,6990.0,6880.0,6920.0,6920.0,31000.0,6552.5,6462.0,6224.266666666666,6304.6,88.37209302325581,6282.8,49.33333333333303,16.25,0.1107544141252006,6920.0,6990.0,6920.0,6880.0,31000.0
2025-08-11,6880.0,6990.0,6880.0,6920.0,6920.0,31000.0,6595.5,6493.2,6234.4,6307.9,87.17948717948718,6303.2,49.86666666666588,16.299999999999272,0.1019108280254776,6920.0,6990.0,6920.0,6880.0,31000.0
2025-08-12,6950.0,6950.0,6680.0,6790.0,6790.0,47200.0,6624.0,6521.2,6241.466666666666,6310.4,64.61538461538461,6320.2,46.93333333333248,15.399999999999636,0.0864,6920.0,6990.0,6920.0,6880.0,31000.0
2025-08-13,6770.0,6910.0,6770.0,6910.0,6910.0,12200.0,6655.5,6554.0,6251.6,6313.5,73.97260273972603,6338.8,46.53333333333376,15.100000000000364,0.1055999999999999,6920.0,6950.0,6790.0,6950.0,47200.0
2025-08-14,6860.0,6890.0,6790.0,6810.0,6810.0,8000.0,6683.0,6582.8,6260.4,6316.1,70.12987012987013,6356.2,45.733333333332666,14.600000000000364,0.0895999999999999,6920.0,6910.0,6910.0,6770.0,12200.0
2025-08-15,6810.0,6830.0,6720.0,6740.0,6740.0,7200.0,6707.0,6608.8,6268.266666666666,6318.3,58.9041095890411,6370.8,44.0,13.699999999999818,0.1049180327868852,6920.0,6890.0,6810.0,6860.0,8000.0
2025-08-16,6810.0,6830.0,6720.0,6740.0,6740.0,7200.0,6731.0,6636.0,6276.133333333333,6320.2,58.9041095890411,6383.0,41.733333333333576,12.300000000000182,0.1252086811352253,6920.0,6830.0,6740.0,6810.0,7200.0
2025-08-17,6810.0,6830.0,6720.0,6740.0,6740.0,7200.0,6751.0,6656.8,6284.4,6321.1,58.9041095890411,6395.2,42.933333333333394,10.700000000000728,0.1365935919055649,6920.0,6830.0,6740.0,6810.0,7200.0
2025-08-18,6750.0,6820.0,6750.0,6780.0,6780.0,5900.0,6760.0,6676.8,6294.0,6322.5,58.9041095890411,6408.2,42.39999999999964,9.0,0.158974358974359,6920.0,6830.0,6740.0,6810.0,7200.0
2025-08-19,6850.0,6870.0,6780.0,6870.0,6870.0,9400.0,6775.5,6701.2,6304.933333333333,6324.35,58.9041095890411,6422.0,44.53333333333376,8.25,0.1644067796610169,6920.0,6820.0,6780.0,6750.0,5900.0
2025-08-20,6870.0,6900.0,6790.0,6800.0,6800.0,7600.0,6790.5,6722.8,6314.4,6325.85,46.3768115942029,6435.2,46.13333333333321,7.550000000000182,0.1525423728813559,6920.0,6870.0,6870.0,6850.0,9400.0
2025-08-21,6790.0,6790.0,6690.0,6690.0,6690.0,13300.0,6794.5,6740.0,6322.4,6326.8,37.66233766233766,6444.2,46.26666666666642,6.600000000000364,0.1338983050847457,6920.0,6900.0,6800.0,6870.0,7600.0
2025-08-22,6720.0,6730.0,6670.0,6700.0,6700.0,11300.0,6799.0,6754.4,6330.533333333334,6328.9,35.135135135135144,6454.6,46.13333333333412,7.799999999999272,0.127946127946128,6920.0,6790.0,6690.0,6790.0,13300.0
2025-08-23,6720.0,6730.0,6670.0,6700.0,6700.0,11300.0,6803.5,6758.4,6339.733333333334,6331.3,35.135135135135144,6466.4,45.733333333333576,8.800000000000182,0.120401337792642,6920.0,6730.0,6700.0,6720.0,11300.0
2025-08-24,6720.0,6730.0,6670.0,6700.0,6700.0,11300.0,6806.0,6764.0,6346.133333333333,6333.25,35.135135135135144,6478.2,41.19999999999982,8.899999999999636,0.127946127946128,6920.0,6730.0,6700.0,6720.0,11300.0
2025-08-25,6730.0,6800.0,6720.0,6730.0,6730.0,11800.0,6805.5,6773.2,6352.8,6334.75,37.66233766233766,6490.6,38.40000000000055,8.899999999999636,0.119800332778702,6920.0,6730.0,6700.0,6720.0,11300.0
2025-08-26,6730.0,6740.0,6610.0,6620.0,6620.0,15700.0,6794.0,6773.6,6357.333333333333,6335.4,38.66666666666667,6500.0,34.933333333333394,8.599999999999454,0.0799347471451876,6920.0,6800.0,6730.0,6730.0,11800.0
2025-08-27,6600.0,6640.0,6560.0,6610.0,6610.0,13300.0,6780.5,6773.6,6362.133333333333,6336.0,26.5625,6509.2,31.59999999999945,7.100000000000364,0.0783034257748775,6920.0,6740.0,6620.0,6730.0,15700.0
2025-08-28,6580.0,6580.0,6510.0,6510.0,6510.0,13800.0,6760.0,6769.6,6365.6,6336.1,26.5625,6516.8,25.866666666666788,4.800000000000182,0.0619902120717781,6920.0,6640.0,6610.0,6600.0,13300.0
2025-08-29,6510.0,6590.0,6510.0,6510.0,6510.0,9300.0,6739.5,6764.0,6369.066666666667,6336.15,29.824561403508767,6525.4,22.9333333333334,2.899999999999636,0.0533980582524271,6920.0,6580.0,6510.0,6580.0,13800.0
2025-08-30,6510.0,6590.0,6510.0,6510.0,6510.0,9300.0,6719.0,6754.8,6374.533333333334,6336.2,29.824561403508767,6533.4,21.733333333333576,1.449999999999818,0.0602605863192182,6920.0,6590.0,6510.0,6510.0,9300.0
2025-08-31,6510.0,6590.0,6510.0,6510.0,6510.0,9300.0,6698.5,6741.2,6381.466666666666,6336.25,29.824561403508767,6541.4,24.13333333333321,0.8500000000003638,0.0432692307692308,6910.0,6590.0,6510.0,6510.0,9300.0
2025-09-01,6560.0,6610.0,6520.0,6590.0,6590.0,11400.0,6688.5,6729.6,6390.266666666666,6336.05,34.42622950819671,6551.0,28.13333333333321,0.0500000000001819,0.0663430420711974,6910.0,6590.0,6510.0,6510.0,9300.0
2025-09-02,6630.0,6650.0,6560.0,6570.0,6570.0,9900.0,6671.5,6715.6,6399.866666666667,6335.75,22.22222222222221,6557.6,34.266666666666424,-0.3500000000003638,0.0752864157119477,6870.0,6610.0,6590.0,6560.0,11400.0
2025-09-03,6570.0,6640.0,6560.0,6630.0,6630.0,10100.0,6662.5,6704.0,6409.6,6335.75,33.9622641509434,6567.4,40.53333333333376,-0.3999999999996362,0.0851063829787233,6870.0,6650.0,6570.0,6630.0,9900.0
2025-09-04,6650.0,6740.0,6590.0,6670.0,6670.0,12100.0,6659.0,6694.0,6419.866666666667,6335.95,47.826086956521735,6578.0,45.33333333333303,-0.25,0.0916530278232405,6870.0,6640.0,6630.0,6570.0,10100.0
2025-09-05,6740.0,6750.0,6690.0,6700.0,6700.0,8300.0,6657.0,6685.2,6430.533333333334,6336.35,50.0,6589.2,49.06666666666752,0.1000000000003638,0.089430894308943,6870.0,6740.0,6670.0,6650.0,12100.0
2025-09-06,6740.0,6750.0,6690.0,6700.0,6700.0,8300.0,6655.0,6681.6,6440.666666666667,6336.5,50.0,6601.4,50.40000000000055,0.4499999999998181,0.089430894308943,6870.0,6750.0,6700.0,6740.0,8300.0
2025-09-07,6740.0,6750.0,6690.0,6700.0,6700.0,8300.0,6651.0,6673.2,6450.266666666666,6337.15,50.0,6613.6,50.39999999999964,1.3999999999996362,0.0929853181076671,6870.0,6750.0,6700.0,6740.0,8300.0
2025-09-08,6750.0,6810.0,6740.0,6760.0,6760.0,13900.0,6645.5,6671.2,6461.2,6337.95,52.94117647058823,6627.0,51.599999999999454,2.199999999999818,0.1118421052631579,6800.0,6750.0,6700.0,6740.0,8300.0
2025-09-09,6800.0,6910.0,6800.0,6880.0,6880.0,13400.0,6649.5,6676.8,6472.8,6339.2,75.0,6642.8,52.933333333333394,3.25,0.1260229132569559,6880.0,6810.0,6760.0,6750.0,13900.0
2025-09-10,6930.0,6930.0,6760.0,6760.0,6760.0,9200.0,6653.0,6677.6,6481.2,6339.85,61.90476190476191,6656.8,50.66666666666606,3.5,0.1063829787234043,6880.0,6910.0,6880.0,6800.0,13400.0
2025-09-11,6770.0,6940.0,6770.0,6910.0,6910.0,20200.0,6663.5,6684.4,6491.6,6341.25,79.41176470588235,6670.6,50.933333333333394,4.75,0.1309328968903436,6910.0,6930.0,6760.0,6930.0,9200.0
2025-09-12,6940.0,6940.0,6810.0,6810.0,6810.0,16000.0,6669.0,6685.6,6500.666666666667,6342.15,69.23076923076923,6681.2,50.40000000000055,5.0,0.0913461538461537,6910.0,6940.0,6910.0,6770.0,20200.0
2025-09-13,6940.0,6940.0,6810.0,6810.0,6810.0,16000.0,6674.5,6683.2,6509.066666666667,6342.7,69.23076923076923,6692.2,47.86666666666679,4.75,0.1091205211726384,6910.0,6940.0,6810.0,6940.0,16000.0
2025-09-14,6940.0,6940.0,6810.0,6810.0,6810.0,16000.0,6678.5,6683.6,6518.0,6343.6,69.23076923076923,6703.2,45.19999999999982,4.400000000000546,0.1091205211726384,6910.0,6940.0,6810.0,6940.0,16000.0
2025-09-15,6940.0,6940.0,6810.0,6810.0,6810.0,16000.0,6688.0,6688.4,6525.6,6344.1,65.71428571428572,6714.2,44.40000000000055,4.25,0.1091205211726384,6910.0,6940.0,6810.0,6940.0,16000.0
2025-09-16,6810.0,6880.0,6780.0,6780.0,6780.0,18200.0,6696.5,6691.6,6533.6,6344.75,64.78873239436619,6723.0,42.0,3.5,0.1133004926108374,6910.0,6940.0,6810.0,6940.0,16000.0
2025-09-17,6780.0,6860.0,6670.0,6820.0,6820.0,13800.0,6712.0,6696.4,6543.066666666667,6345.6,63.76811594202898,6727.4,42.39999999999964,3.450000000000728,0.1198686371100163,6910.0,6880.0,6780.0,6810.0,18200.0
2025-09-18,6860.0,6870.0,6760.0,6770.0,6770.0,12500.0,6725.0,6699.2,6551.866666666667,6346.2,57.142857142857146,6731.6,42.80000000000018,3.5,0.1116584564860427,6910.0,6860.0,6820.0,6780.0,13800.0
2025-09-19,6780.0,6830.0,6770.0,6810.0,6810.0,28700.0,6740.0,6702.4,6561.2,6346.8,57.74647887323944,6737.8,43.19999999999982,3.199999999999818,0.1182266009852217,6910.0,6870.0,6770.0,6860.0,12500.0
2025-09-20,6780.0,6830.0,6770.0,6810.0,6810.0,28700.0,6755.0,6710.0,6570.0,6347.05,57.74647887323944,6741.8,44.39999999999964,2.949999999999818,0.1237623762376238,6910.0,6830.0,6810.0,6780.0,28700.0
2025-09-21,6780.0,6830.0,6770.0,6810.0,6810.0,28700.0,6766.0,6718.0,6578.8,6346.85,57.74647887323944,6745.8,45.19999999999982,2.100000000000364,0.094855305466238,6910.0,6830.0,6810.0,6780.0,28700.0
2025-09-22,6830.0,6950.0,6790.0,6800.0,6800.0,30300.0,6777.5,6729.6,6587.733333333334,6346.05,53.03030303030303,6749.6,44.66666666666697,0.4499999999998181,0.0828025477707006,6910.0,6830.0,6810.0,6780.0,28700.0
2025-09-23,6830.0,6950.0,6790.0,6800.0,6800.0,30300.0,6786.0,6741.2,6597.333333333333,6345.65,42.59259259259259,6752.6,45.46666666666624,-0.5500000000001819,0.0862619808306708,6910.0,6950.0,6800.0,6830.0,30300.0
2025-09-24,6770.0,6830.0,6710.0,6740.0,6740.0,22500.0,6789.5,6750.4,6605.733333333334,6344.95,47.91666666666666,6752.6,44.53333333333376,-1.850000000000364,0.0766773162939298,6910.0,6950.0,6800.0,6830.0,30300.0
2025-09-25,6750.0,6800.0,6740.0,6740.0,6740.0,30700.0,6791.5,6759.6,6614.133333333333,6344.25,24.24242424242425,6750.4,44.13333333333321,-2.800000000000182,0.0766773162939298,6910.0,6830.0,6740.0,6770.0,22500.0
2025-09-26,6840.0,6900.0,6800.0,6870.0,6870.0,56300.0,6800.0,6770.8,6624.266666666666,6344.1,58.33333333333334,6750.2,45.46666666666624,-2.75,0.0835962145110409,6910.0,6800.0,6740.0,6750.0,30700.0
2025-09-27,6840.0,6900.0,6800.0,6870.0,6870.0,56300.0,6808.5,6782.8,6632.666666666667,6344.2,58.33333333333334,6749.2,44.933333333333394,-1.850000000000364,0.040909090909091,6910.0,6900.0,6870.0,6840.0,56300.0
2025-09-28,6840.0,6900.0,6800.0,6870.0,6870.0,56300.0,6814.0,6792.4,6642.4,6344.25,58.33333333333334,6748.2,45.066666666666606,-1.3999999999996362,0.0472560975609757,6910.0,6900.0,6870.0,6840.0,56300.0
2025-09-29,6810.0,6810.0,6730.0,6750.0,6750.0,48300.0,6807.5,6795.6,6650.533333333334,6344.15,43.75,6744.8,44.80000000000018,-0.8000000000001819,0.0384615384615385,6910.0,6900.0,6870.0,6840.0,56300.0
2025-09-30,6750.0,6750.0,6680.0,6680.0,6680.0,9900.0,6803.5,6794.8,6657.733333333334,6344.55,40.38461538461539,6740.0,43.60000000000037,0.3000000000001819,0.0105900151285931,6910.0,6810.0,6750.0,6810.0,48300.0
2025-10-01,6680.0,6680.0,6310.0,6310.0,6310.0,26000.0,6773.5,6779.2,6660.666666666667,6343.1,20.0,6730.4,36.40000000000055,-1.0,-0.0453857791225416,6870.0,6750.0,6680.0,6750.0,9900.0
2025-10-02,6330.0,6390.0,6260.0,6270.0,6270.0,16800.0,6746.5,6762.0,6663.066666666667,6341.45,20.23809523809524,6717.6,30.39999999999964,-2.75,-0.0514372163388804,6870.0,6680.0,6310.0,6680.0,26000.0
2025-10-03,6270.0,6350.0,6270.0,6290.0,6290.0,8000.0,6720.5,6743.2,6665.733333333334,6339.7,18.292682926829272,6707.2,23.33333333333394,-4.550000000000182,-0.0541353383458647,6870.0,6390.0,6270.0,6330.0,16800.0
2025-10-04,6270.0,6350.0,6270.0,6290.0,6290.0,8000.0,6694.5,6719.6,6668.4,6337.75,18.292682926829272,6698.2,17.86666666666588,-6.399999999999636,-0.0667655786350148,6870.0,6350.0,6290.0,6270.0,8000.0
2025-10-05,6270.0,6350.0,6270.0,6290.0,6290.0,8000.0,6668.5,6700.8,6671.466666666666,6335.85,18.292682926829272,6689.2,13.733333333332666,-8.699999999999818,-0.0817518248175181,6870.0,6350.0,6290.0,6270.0,8000.0
2025-10-06,6440.0,6440.0,6310.0,6380.0,6380.0,15300.0,6648.5,6679.6,6673.6,6334.4,26.666666666666657,6682.0,12.933333333333394,-8.700000000000728,-0.0726744186046511,6870.0,6350.0,6290.0,6270.0,8000.0
2025-10-07,6420.0,6460.0,6370.0,6400.0,6400.0,9400.0,6627.5,6663.2,6675.2,6332.95,28.26086956521739,6674.4,12.133333333333212,-8.5,-0.0751445086705202,6870.0,6440.0,6380.0,6440.0,15300.0
2025-10-08,6390.0,6430.0,6260.0,6260.0,6260.0,11400.0,6602.0,6641.2,6675.2,6330.8,26.0,6662.2,9.466666666666242,-8.899999999999636,-0.0953757225433525,6870.0,6460.0,6400.0,6420.0,9400.0
2025-10-09,6270.0,6320.0,6230.0,6290.0,6290.0,12100.0,6576.0,6620.4,6675.6,6328.8,28.15533980582524,6652.0,7.200000000000728,-8.949999999999818,-0.0910404624277456,6870.0,6430.0,6260.0,6390.0,11400.0
2025-10-10,6220.0,6270.0,6160.0,6210.0,6210.0,16100.0,6546.0,6596.4,6674.933333333333,6326.75,16.326530612244895,6642.4,3.466666666667152,-9.100000000000364,-0.1026011560693641,6870.0,6320.0,6290.0,6270.0,12100.0
2025-10-11,6220.0,6270.0,6160.0,6210.0,6210.0,16100.0,6516.0,6573.6,6673.2,6324.4,16.326530612244895,6632.6,-0.4000000000005457,-10.0,-0.085419734904271,6870.0,6270.0,6210.0,6220.0,16100.0
2025-10-12,6220.0,6270.0,6160.0,6210.0,6210.0,16100.0,6486.5,6549.2,6668.0,6322.15,16.326530612244895,6622.8,-7.199999999999818,-10.800000000000182,-0.1013024602026049,6870.0,6270.0,6210.0,6220.0,16100.0
2025-10-13,6220.0,6270.0,6160.0,6210.0,6210.0,16100.0,6457.0,6526.8,6663.333333333333,6319.95,18.604651162790702,6613.0,-11.866666666666788,-10.850000000000364,-0.0881057268722467,6870.0,6270.0,6210.0,6220.0,16100.0
2025-10-14,6150.0,6220.0,6100.0,6150.0,6150.0,15600.0,6427.5,6500.4,6658.666666666667,6319.45,18.823529411764696,6601.4,-16.933333333333394,-9.350000000000364,-0.0875370919881305,6870.0,6270.0,6210.0,6220.0,16100.0
2025-10-15,6200.0,6220.0,6170.0,6170.0,6170.0,12000.0,6399.0,6474.8,6652.8,6319.05,36.0,6592.4,-22.13333333333321,-7.699999999999818,-0.0845697329376854,6870.0,6220.0,6150.0,6150.0,15600.0
2025-10-16,6180.0,6250.0,6170.0,6250.0,6250.0,11600.0,6368.0,6452.4,6648.0,6319.05,48.14814814814815,6585.2,-25.19999999999981,-5.349999999999454,-0.072700296735905,6870.0,6220.0,6170.0,6200.0,12000.0
2025-10-17,6170.0,6200.0,6150.0,6150.0,6150.0,6700.0,6332.0,6426.4,6641.866666666667,6319.8,38.70967741935484,6578.0,-26.13333333333321,-2.3499999999994543,-0.0929203539823009,6870.0,6250.0,6250.0,6180.0,11600.0
2025-10-18,6170.0,6200.0,6150.0,6150.0,6150.0,6700.0,6296.0,6400.4,6635.2,6321.75,38.70967741935484,6570.8,-28.13333333333321,1.800000000000182,-0.1048034934497816,6750.0,6200.0,6150.0,6170.0,6700.0
2025-10-19,6170.0,6200.0,6150.0,6150.0,6150.0,6700.0,6266.0,6376.8,6627.333333333333,6323.65,38.70967741935484,6563.6,-31.33333333333394,4.199999999999818,-0.0955882352941176,6680.0,6200.0,6150.0,6170.0,6700.0
2025-10-20,6270.0,6280.0,6210.0,6260.0,6260.0,10900.0,6245.0,6357.6,6619.466666666666,6326.95,40.625,6558.6,-33.33333333333394,7.899999999999636,-0.0642750373692078,6400.0,6200.0,6150.0,6170.0,6700.0
2025-10-21,6250.0,6290.0,6250.0,6280.0,6280.0,6800.0,6243.5,6334.0,6611.466666666666,6330.95,40.625,6552.4,-36.53333333333376,11.899999999999636,-0.062686567164179,6400.0,6280.0,6260.0,6270.0,10900.0
2025-10-22,6300.0,6360.0,6290.0,6330.0,6330.0,9300.0,6246.5,6312.4,6603.6,6335.2,56.36363636363637,6547.6,-38.26666666666642,15.399999999999636,-0.0552238805970148,6400.0,6290.0,6280.0,6250.0,6800.0
2025-10-23,6330.0,6380.0,6280.0,6330.0,6330.0,11100.0,6248.5,6290.8,6595.733333333334,6339.45,53.846153846153854,6541.6,-39.46666666666624,17.699999999999818,-0.0552238805970148,6400.0,6360.0,6330.0,6300.0,9300.0
2025-10-24,6370.0,6370.0,6260.0,6300.0,6300.0,6300.0,6249.0,6272.8,6587.466666666666,6345.1,59.57446808510638,6534.2,-39.86666666666679,21.450000000000728,-0.0638930163447251,6400.0,6380.0,6330.0,6330.0,11100.0
2025-10-25,6370.0,6370.0,6260.0,6300.0,6300.0,6300.0,6249.5,6257.6,6579.2,6348.55,59.57446808510638,6526.2,-40.26666666666642,21.600000000000364,-0.0483383685800604,6400.0,6370.0,6300.0,6370.0,6300.0
2025-10-26,6370.0,6370.0,6260.0,6300.0,6300.0,6300.0,6245.5,6257.2,6572.666666666667,6352.6,59.57446808510638,6518.2,-38.79999999999927,21.650000000000546,-0.0468986384266263,6400.0,6370.0,6300.0,6370.0,6300.0
2025-10-27,6350.0,6380.0,6310.0,6350.0,6350.0,9400.0,6243.0,6260.4,6565.2,6355.3,63.46153846153846,6511.2,-38.40000000000055,20.100000000000364,-0.0245775729646697,6350.0,6370.0,6300.0,6370.0,6300.0
2025-10-28,6280.0,6290.0,6160.0,6160.0,6160.0,20400.0,6238.0,6255.2,6556.533333333334,6356.25,50.76923076923077,6499.2,-39.19999999999982,16.800000000000182,-0.053763440860215,6350.0,6380.0,6350.0,6350.0,9400.0
2025-10-29,6160.0,6160.0,6060.0,6080.0,6080.0,17300.0,6227.5,6246.8,6547.733333333334,6356.8,43.66197183098591,6483.2,-39.733333333332666,11.699999999999818,-0.0660522273425499,6350.0,6290.0,6160.0,6280.0,20400.0
2025-10-30,6060.0,6070.0,6010.0,6010.0,6010.0,20700.0,6217.5,6235.6,6538.0,6357.0,32.85714285714285,6468.2,-41.19999999999982,8.449999999999818,-0.0768049155145929,6350.0,6160.0,6080.0,6160.0,17300.0
2025-10-31,6010.0,6020.0,5950.0,5990.0,5990.0,21700.0,6206.5,6220.0,6528.0,6357.05,37.096774193548384,6449.8,-44.66666666666697,4.449999999999818,-0.0910470409711684,6350.0,6070.0,6010.0,6060.0,20700.0
2025-11-01,6010.0,6020.0,5950.0,5990.0,5990.0,21700.0,6195.5,6203.6,6517.466666666666,6357.2,37.096774193548384,6433.4,-47.733333333333576,1.899999999999636,-0.0882800608828006,6350.0,6020.0,5990.0,6010.0,21700.0
2025-11-02,6010.0,6020.0,5950.0,5990.0,5990.0,21700.0,6184.5,6192.8,6505.733333333334,6356.95,37.096774193548384,6417.0,-50.80000000000018,0.6999999999998181,-0.0965309200603318,6350.0,6020.0,5990.0,6010.0,21700.0
2025-11-03,6010.0,6020.0,5950.0,5990.0,5990.0,21700.0,6176.5,6180.8,6494.933333333333,6356.55,23.529411764705884,6400.6,-52.80000000000018,-0.25,-0.1019490254872563,6350.0,6020.0,5990.0,6010.0,21700.0
2025-11-04,5960.0,6040.0,5950.0,6020.0,6020.0,15100.0,6169.0,6173.2,6486.0,6355.45,25.00000000000001,6384.8,-52.0,-1.550000000000182,-0.1014925373134328,6350.0,6020.0,5990.0,6010.0,21700.0
2025-11-05,6030.0,6030.0,5930.0,5950.0,5950.0,20400.0,6154.0,6162.8,6476.0,6354.0,14.814814814814824,6368.2,-52.0,-3.050000000000182,-0.1119402985074626,6350.0,6040.0,6020.0,5960.0,15100.0
2025-11-06,6000.0,6060.0,5980.0,6000.0,6000.0,10700.0,6146.5,6154.4,6466.666666666667,6352.8,22.033898305084747,6351.8,-50.79999999999927,-4.399999999999636,-0.1044776119402984,6350.0,6030.0,5950.0,6030.0,20400.0
2025-11-07,6000.0,6070.0,6000.0,6000.0,6000.0,8000.0,6139.0,6146.0,6457.333333333333,6351.35,23.21428571428572,6336.4,-48.40000000000055,-5.599999999999454,-0.1124260355029586,6350.0,6060.0,6000.0,6000.0,10700.0
2025-11-08,6000.0,6070.0,6000.0,6000.0,6000.0,8000.0,6131.5,6140.0,6447.6,6349.8,23.21428571428572,6320.2,-47.33333333333303,-6.75,-0.127906976744186,6350.0,6070.0,6000.0,6000.0,8000.0
2025-11-09,6000.0,6070.0,6000.0,6000.0,6000.0,8000.0,6118.5,6133.2,6439.333333333333,6348.75,23.21428571428572,6304.0,-46.66666666666697,-6.699999999999818,-0.1124260355029586,6350.0,6070.0,6000.0,6000.0,8000.0
2025-11-10,6010.0,6130.0,6010.0,6060.0,6060.0,9000.0,6107.5,6125.6,6432.0,6348.8,24.56140350877193,6289.0,-44.0,-5.199999999999818,-0.1230101302460202,6350.0,6070.0,6000.0,6000.0,8000.0
2025-11-11,6090.0,6110.0,6050.0,6110.0,6110.0,6800.0,6096.5,6124.0,6426.666666666667,6348.55,44.1860465116279,6275.2,-40.0,-4.25,-0.1027900146842878,6350.0,6130.0,6060.0,6010.0,9000.0
2025-11-12,6060.0,6180.0,6060.0,6160.0,6160.0,10400.0,6088.0,6124.4,6422.0,6348.55,60.0,6262.4,-35.33333333333303,-2.800000000000182,-0.0954478707782672,6350.0,6110.0,6110.0,6090.0,6800.0
2025-11-13,6110.0,6200.0,6110.0,6150.0,6150.0,8700.0,6080.5,6124.4,6417.2,6348.5,70.58823529411765,6250.6,-30.400000000000546,-1.300000000000182,-0.0969162995594713,6350.0,6180.0,6160.0,6060.0,10400.0
2025-11-14,6170.0,6210.0,6150.0,6150.0,6150.0,8400.0,6073.0,6120.0,6412.4,6348.2,75.0,6238.8,-26.9333333333334,-0.5500000000001819,-0.0969162995594713,6350.0,6200.0,6150.0,6110.0,8700.0
2025-11-15,6170.0,6210.0,6150.0,6150.0,6150.0,8400.0,6065.5,6114.8,6406.533333333334,6347.9,75.0,6224.4,-25.46666666666624,-0.9000000000005457,-0.0929203539823009,6350.0,6210.0,6150.0,6170.0,8400.0
2025-11-16,6170.0,6210.0,6150.0,6150.0,6150.0,8400.0,6055.5,6107.6,6400.933333333333,6347.95,75.0,6210.0,-25.733333333333576,-0.6000000000003638,-0.0982404692082111,6160.0,6210.0,6150.0,6170.0,8400.0
2025-11-17,6160.0,6180.0,6090.0,6090.0,6090.0,12000.0,6052.0,6098.0,6393.733333333334,6347.9,63.15789473684211,6194.4,-28.266666666666424,-0.6500000000005457,-0.1004431314623338,6160.0,6210.0,6150.0,6170.0,8400.0
2025-11-18,6080.0,6090.0,6010.0,6010.0,6010.0,9000.0,6048.5,6086.4,6384.933333333333,6347.5,48.83720930232558,6179.6,-32.266666666666424,-1.0,-0.1174743024963289,6160.0,6180.0,6090.0,6160.0,12000.0
2025-11-19,6010.0,6030.0,5970.0,5980.0,5980.0,12900.0,6047.0,6073.6,6375.333333333333,6346.95,53.84615384615384,6165.6,-37.066666666666606,-1.25,-0.1218795888399412,6160.0,6090.0,6010.0,6080.0,9000.0
2025-11-20,6000.0,6080.0,6000.0,6010.0,6010.0,10900.0,6048.0,6062.0,6366.133333333333,6346.55,51.35135135135135,6159.6,-40.40000000000055,-1.3499999999994543,-0.1174743024963289,6160.0,6030.0,5980.0,6010.0,12900.0
2025-11-21,6000.0,6240.0,6000.0,6240.0,6240.0,22600.0,6060.5,6057.6,6360.0,6347.3,70.0,6159.0,-40.933333333333394,-0.6499999999996362,-0.0823529411764706,6240.0,6080.0,6010.0,6000.0,10900.0
2025-11-22,6000.0,6240.0,6000.0,6240.0,6240.0,22600.0,6073.0,6060.8,6353.066666666667,6348.05,70.0,6158.0,-40.66666666666697,0.1500000000005457,-0.0823529411764706,6240.0,6240.0,6240.0,6000.0,22600.0
2025-11-23,6000.0,6240.0,6000.0,6240.0,6240.0,22600.0,6085.5,6067.2,6344.533333333334,6348.65,70.0,6157.0,-40.39999999999964,1.1499999999996362,-0.0741839762611276,6240.0,6240.0,6240.0,6000.0,22600.0
2025-11-24,6000.0,6240.0,6000.0,6240.0,6240.0,22600.0,6096.5,6076.4,6337.6,6349.0,66.66666666666666,6156.0,-37.733333333332666,2.050000000000182,-0.0741839762611276,6240.0,6240.0,6240.0,6000.0,22600.0
2025-11-25,6300.0,6300.0,6170.0,6190.0,6190.0,12800.0,6108.5,6084.4,6328.0,6348.3,57.407407407407405,6152.2,-38.13333333333321,1.75,-0.0989810771470159,6240.0,6240.0,6240.0,6000.0,22600.0
2025-11-26,6220.0,6260.0,6200.0,6230.0,6230.0,13600.0,6120.0,6094.0,6320.266666666666,6347.8,56.60377358490566,6148.8,-39.733333333333576,0.5,-0.0931586608442504,6240.0,6300.0,6190.0,6300.0,12800.0
2025-11-27,6190.0,6320.0,6190.0,6280.0,6280.0,10200.0,6134.0,6105.6,6313.2,6347.55,61.40350877192982,6149.2,-39.86666666666679,-0.5,-0.0858806404657933,6280.0,6260.0,6230.0,6220.0,13600.0
2025-11-28,6350.0,6370.0,6300.0,6330.0,6330.0,10100.0,6150.5,6119.2,6306.8,6347.7,64.51612903225806,6150.0,-37.733333333333576,-0.949999999999818,-0.0622222222222221,6330.0,6320.0,6280.0,6190.0,10200.0
2025-11-29,6350.0,6370.0,6300.0,6330.0,6330.0,10100.0,6167.0,6131.6,6300.4,6347.5,64.51612903225806,6152.4,-37.20000000000073,-1.5,-0.0523952095808383,6330.0,6370.0,6330.0,6350.0,10100.0
2025-11-30,6350.0,6370.0,6300.0,6330.0,6330.0,10100.0,6180.5,6146.8,6294.4,6347.3,64.51612903225806,6154.8,-33.600000000000364,-1.0,0.0031695721077653,6330.0,6370.0,6330.0,6350.0,10100.0
2025-12-01,6350.0,6400.0,6290.0,6330.0,6330.0,8800.0,6191.5,6160.0,6287.866666666667,6347.25,71.42857142857143,6157.2,-32.39999999999964,-0.5500000000001819,0.0095693779904306,6330.0,6370.0,6330.0,6350.0,10100.0
2025-12-02,6240.0,6240.0,6150.0,6150.0,6150.0,11200.0,6191.0,6166.0,6279.6,6345.25,60.6060606060606,6156.0,-33.599999999999454,-2.300000000000182,-0.0222575516693164,6330.0,6400.0,6330.0,6350.0,8800.0
2025-12-03,6140.0,6160.0,6050.0,6050.0,6050.0,11000.0,6186.0,6168.0,6269.466666666666,6342.75,54.7945205479452,6154.0,-37.33333333333394,-4.949999999999818,-0.0381558028616851,6330.0,6240.0,6150.0,6240.0,11200.0
2025-12-04,6050.0,6130.0,6050.0,6100.0,6100.0,9000.0,6183.5,6172.0,6260.0,6340.5,55.99999999999999,6152.6,-40.39999999999964,-7.0,-0.0302066772655007,6330.0,6160.0,6050.0,6140.0,11000.0
2025-12-05,6090.0,6090.0,6040.0,6050.0,6050.0,8700.0,6178.5,6171.6,6249.866666666667,6338.85,33.33333333333333,6148.6,-44.53333333333285,-8.449999999999818,-0.0517241379310344,6330.0,6130.0,6100.0,6050.0,9000.0
2025-12-06,6090.0,6090.0,6040.0,6050.0,6050.0,8700.0,6173.5,6169.2,6239.866666666667,6337.7,33.33333333333333,6146.6,-48.0,-9.550000000000182,-0.0546875,6330.0,6090.0,6050.0,6090.0,8700.0
2025-12-07,6090.0,6090.0,6040.0,6050.0,6050.0,8700.0,6171.5,6164.8,6229.866666666667,6336.75,33.33333333333333,6144.6,-49.733333333333576,-8.5,-0.0335463258785942,6330.0,6090.0,6050.0,6090.0,8700.0
2025-12-08,6060.0,6110.0,6020.0,6100.0,6100.0,10800.0,6176.0,6162.8,6221.333333333333,6336.75,38.70967741935484,6143.6,-48.13333333333321,-6.0,-0.0302066772655007,6330.0,6090.0,6050.0,6090.0,8700.0
2025-12-09,6150.0,6150.0,6070.0,6100.0,6100.0,9300.0,6182.0,6160.8,6212.8,6336.6,42.10526315789473,6140.4,-47.19999999999982,-3.899999999999636,-0.0177133655394524,6330.0,6110.0,6100.0,6060.0,10800.0
2025-12-10,6180.0,6270.0,6130.0,6240.0,6240.0,15700.0,6193.5,6164.4,6204.4,6337.15,50.74626865671642,6139.6,-45.46666666666715,-1.7000000000007276,0.0048309178743961,6330.0,6150.0,6100.0,6150.0,9300.0
2025-12-11,6240.0,6250.0,6160.0,6160.0,6160.0,18900.0,6189.5,6164.8,6194.933333333333,6337.3,41.42857142857144,6136.2,-44.933333333333394,-0.3999999999996362,-0.0080515297906602,6330.0,6270.0,6240.0,6180.0,15700.0
2025-12-12,6240.0,6250.0,6110.0,6110.0,6110.0,18000.0,6183.0,6165.6,6184.8,6336.85,34.28571428571429,6131.8,-45.066666666666606,0.1000000000003638,-0.0161030595813204,6330.0,6250.0,6160.0,6240.0,18900.0
2025-12-13,6240.0,6250.0,6110.0,6110.0,6110.0,18000.0,6176.5,6169.6,6176.266666666666,6336.4,34.28571428571429,6128.0,-45.066666666666606,-0.3500000000003638,-0.0065040650406503,6330.0,6250.0,6110.0,6240.0,18000.0
2025-12-14,6240.0,6250.0,6110.0,6110.0,6110.0,18000.0,6170.0,6174.8,6168.666666666667,6336.15,34.28571428571429,6124.2,-44.13333333333321,-0.4500000000007276,-0.0097244732576985,6330.0,6250.0,6110.0,6240.0,18000.0
2025-12-15,6160.0,6250.0,6140.0,6220.0,6220.0,22700.0,6171.5,6183.2,6167.466666666666,6335.95,43.20987654320988,6122.6,-36.933333333333394,-1.199999999999818,-0.0048,6330.0,6250.0,6110.0,6240.0,18000.0
2025-12-16,6170.0,6200.0,6150.0,6150.0,6150.0,13000.0,6167.5,6179.6,6165.866666666667,6335.95,50.0,6118.6,-29.06666666666661,-1.3500000000003638,0.0,6330.0,6250.0,6220.0,6160.0,22700.0
2025-12-17,6150.0,6170.0,6100.0,6100.0,6100.0,10400.0,6158.5,6174.0,6163.333333333333,6335.7,53.846153846153854,6117.4,-21.46666666666715,-1.1500000000005457,-0.008130081300813,6330.0,6200.0,6150.0,6170.0,13000.0
2025-12-18,6080.0,6120.0,6080.0,6090.0,6090.0,9500.0,6146.5,6168.0,6160.666666666667,6335.4,49.18032786885246,6117.6,-15.599999999999454,-1.0,-0.0097560975609756,6330.0,6170.0,6100.0,6150.0,10400.0
2025-12-19,6140.0,6220.0,6090.0,6090.0,6090.0,28200.0,6134.5,6162.0,6158.0,6335.1,53.57142857142857,6119.2,-10.66666666666697,-1.0499999999992724,-0.0271565495207667,6330.0,6120.0,6090.0,6080.0,9500.0
2025-12-20,6140.0,6220.0,6090.0,6090.0,6090.0,28200.0,6122.5,6158.0,6154.133333333333,6334.95,53.57142857142857,6121.2,-13.33333333333303,-1.0,-0.0302547770700637,6330.0,6220.0,6090.0,6140.0,28200.0
2025-12-21,6140.0,6220.0,6090.0,6090.0,6090.0,28200.0,6110.5,6152.4,6150.0,6335.1,53.57142857142857,6123.2,-15.866666666666788,-0.8499999999994543,-0.0379146919431279,6240.0,6220.0,6090.0,6140.0,28200.0
2025-12-22,6130.0,6150.0,6050.0,6050.0,6050.0,28600.0,6105.5,6143.2,6147.2,6335.1,45.45454545454546,6124.4,-16.133333333333212,-0.5999999999994543,-0.0442338072669826,6240.0,6220.0,6090.0,6140.0,28200.0
2025-12-23,6060.0,6270.0,6060.0,6240.0,6240.0,28400.0,6115.0,6139.6,6146.533333333334,6335.85,59.45945945945946,6129.4,-14.133333333333212,0.4500000000007276,-0.0095238095238094,6240.0,6150.0,6050.0,6130.0,28600.0
2025-12-24,6260.0,6360.0,6210.0,6340.0,6340.0,23800.0,6127.0,6140.0,6148.266666666666,6337.1,57.142857142857146,6135.8,-9.733333333333576,2.0,0.0063492063492063,6340.0,6270.0,6240.0,6060.0,28400.0
2025-12-25,6380.0,6390.0,6300.0,6300.0,6300.0,23200.0,6139.5,6138.8,6149.466666666666,6338.15,60.6060606060606,6142.8,-4.66666666666697,3.199999999999818,0.0,6340.0,6360.0,6340.0,6260.0,23800.0
2025-12-26,6300.0,6370.0,6280.0,6330.0,6330.0,22300.0,6153.5,6138.8,6151.066666666667,6339.75,67.1875,6149.4,1.066666666666606,4.649999999999636,-0.0031496062992125,6340.0,6390.0,6300.0,6380.0,23200.0
2025-12-27,6300.0,6370.0,6280.0,6330.0,6330.0,22300.0,6167.5,6146.0,6152.666666666667,6340.3,67.1875,6156.0,5.466666666667152,5.199999999999818,0.0275974025974026,6340.0,6370.0,6330.0,6300.0,22300.0
2025-12-28,6300.0,6370.0,6280.0,6330.0,6330.0,22300.0,6179.0,6157.2,6155.066666666667,6340.8,67.1875,6162.6,8.533333333332848,4.949999999999818,0.0411184210526316,6340.0,6370.0,6330.0,6300.0,22300.0
2025-12-29,6300.0,6440.0,6190.0,6420.0,6420.0,65900.0,6195.0,6170.0,6158.4,6341.5,66.12903225806451,6171.0,10.133333333333212,4.399999999999636,0.0682196339434275,6420.0,6370.0,6330.0,6300.0,22300.0
2025-12-30,6440.0,6500.0,6200.0,6460.0,6460.0,62900.0,6206.0,6186.4,6161.2,6342.55,76.27118644067797,6179.0,11.733333333333576,4.400000000000546,0.0784641068447411,6460.0,6440.0,6420.0,6300.0,65900.0
2025-12-31,6440.0,6500.0,6200.0,6460.0,6460.0,62900.0,6221.0,6202.8,6165.333333333333,6343.6,83.33333333333333,6186.0,14.266666666666424,3.850000000000364,0.0784641068447411,6460.0,6500.0,6460.0,6440.0,62900.0
2026-01-01,6440.0,6500.0,6200.0,6460.0,6460.0,62900.0,6238.5,6219.2,6169.466666666666,6344.65,84.90566037735849,6192.0,16.799999999999272,4.349999999999454,0.0784641068447411,6460.0,6500.0,6460.0,6440.0,62900.0
2026-01-02,6440.0,6500.0,6200.0,6460.0,6460.0,62900.0,6256.0,6233.6,6173.6,6346.45,84.90566037735849,6198.2,18.53333333333376,5.649999999999636,0.0784641068447411,6460.0,6500.0,6460.0,6440.0,62900.0
2026-01-03,6440.0,6500.0,6200.0,6460.0,6460.0,62900.0,6273.5,6248.0,6176.266666666666,6348.8,84.90566037735849,6204.4,17.866666666666788,7.300000000000182,0.0730897009966777,6460.0,6500.0,6460.0,6440.0,62900.0
2026-01-04,6440.0,6500.0,6200.0,6460.0,6460.0,62900.0,6285.5,6256.8,6178.666666666667,6351.45,84.90566037735849,6210.6,17.46666666666715,8.899999999999636,0.0857142857142856,6460.0,6500.0,6460.0,6440.0,62900.0
2026-01-05,6460.0,6490.0,6210.0,6210.0,6210.0,51500.0,6288.5,6258.8,6177.066666666667,6353.25,60.810810810810814,6211.8,11.733333333333576,9.649999999999636,0.0349999999999999,6460.0,6500.0,6460.0,6440.0,62900.0
2026-01-06,6240.0,6300.0,6220.0,6220.0,6220.0,24200.0,6294.5,6263.2,6175.6,6354.85,48.21428571428571,6214.4,6.133333333334122,10.200000000000728,0.0366666666666666,6460.0,6490.0,6210.0,6460.0,51500.0
2026-01-07,6220.0,6230.0,6150.0,6160.0,6160.0,24900.0,6298.0,6265.2,6173.733333333334,6356.15,32.69230769230769,6217.4,0.133333333333212,9.699999999999818,0.0266666666666666,6460.0,6300.0,6220.0,6240.0,24200.0
2026-01-08,6180.0,6210.0,6140.0,6140.0,6140.0,18000.0,6300.5,6266.4,6171.6,6357.35,34.0,6220.6,-4.66666666666606,8.550000000000182,0.0233333333333334,6460.0,6230.0,6160.0,6220.0,24900.0
2026-01-09,6120.0,6230.0,6120.0,6220.0,6220.0,17100.0,6307.0,6266.4,6170.533333333334,6358.75,39.99999999999999,6224.8,-8.133333333333212,7.300000000000182,0.0264026402640265,6460.0,6210.0,6140.0,6180.0,18000.0
2026-01-10,6120.0,6230.0,6120.0,6220.0,6220.0,17100.0,6313.5,6269.2,6168.8,6359.95,39.99999999999999,6224.4,-8.266666666666424,6.699999999999818,0.0180032733224222,6460.0,6230.0,6220.0,6120.0,17100.0
2026-01-11,6120.0,6230.0,6120.0,6220.0,6220.0,17100.0,6322.0,6274.0,6169.6,6361.35,39.99999999999999,6224.0,-6.0,6.5,0.0097402597402598,6460.0,6230.0,6220.0,6120.0,17100.0
2026-01-12,6120.0,6230.0,6120.0,6220.0,6220.0,17100.0,6321.0,6279.2,6171.466666666666,6362.4,28.26086956521739,6223.6,-2.2666666666673336,6.25,0.0113821138211382,6460.0,6230.0,6220.0,6120.0,17100.0
2026-01-13,6310.0,6310.0,6170.0,6180.0,6180.0,14300.0,6313.0,6282.8,6173.733333333334,6362.65,19.565217391304344,6222.4,2.133333333333212,5.299999999999272,0.0048780487804878,6460.0,6230.0,6220.0,6120.0,17100.0
2026-01-14,6180.0,6220.0,6160.0,6200.0,6200.0,12300.0,6308.0,6287.2,6176.533333333334,6363.0,22.91666666666667,6222.6,6.0,4.25,0.0081300813008129,6460.0,6310.0,6180.0,6310.0,14300.0
2026-01-15,6230.0,6250.0,6190.0,6250.0,6250.0,8500.0,6304.0,6293.6,6180.0,6363.6,30.188679245283023,6223.0,11.199999999999818,3.6500000000005457,0.0162601626016261,6460.0,6220.0,6200.0,6180.0,12300.0
2026-01-16,6250.0,6310.0,6210.0,6310.0,6310.0,14400.0,6303.0,6304.0,6184.266666666666,6364.25,37.288135593220346,6223.6,14.66666666666606,2.899999999999636,0.0361247947454843,6460.0,6250.0,6250.0,6230.0,8500.0
2026-01-17,6250.0,6310.0,6210.0,6310.0,6310.0,14400.0,6302.0,6306.8,6188.533333333334,6365.1,37.288135593220346,6223.2,17.066666666667516,2.700000000000728,0.0499168053244591,6460.0,6310.0,6310.0,6250.0,14400.0
2026-01-18,6250.0,6310.0,6210.0,6310.0,6310.0,14400.0,6296.5,6305.6,6192.4,6365.45,37.288135593220346,6222.8,18.66666666666606,2.800000000000182,0.0551839464882943,6460.0,6310.0,6310.0,6250.0,14400.0
2026-01-19,6330.0,6330.0,6260.0,6290.0,6290.0,10900.0,6288.0,6305.2,6196.933333333333,6366.0,61.11111111111111,6222.0,20.39999999999964,3.0,0.0465890183028285,6460.0,6310.0,6310.0,6250.0,14400.0
2026-01-20,6280.0,6310.0,6240.0,6270.0,6270.0,7400.0,6278.5,6302.8,6200.533333333334,6366.8,56.75675675675676,6220.8,20.53333333333376,3.199999999999818,0.0048076923076922,6460.0,6330.0,6290.0,6330.0,10900.0
2026-01-21,6240.0,6240.0,6170.0,6180.0,6180.0,15900.0,6264.5,6296.8,6202.933333333333,6367.15,52.50000000000001,6221.4,18.66666666666697,2.899999999999636,-0.0096153846153845,6460.0,6310.0,6270.0,6280.0,7400.0
2026-01-22,6190.0,6240.0,6180.0,6210.0,6210.0,10300.0,6252.0,6292.0,6205.733333333334,6367.65,58.53658536585366,6224.6,17.199999999999818,2.5499999999992724,-0.0048076923076922,6460.0,6240.0,6180.0,6240.0,15900.0
2026-01-23,6270.0,6270.0,6220.0,6220.0,6220.0,8300.0,6240.0,6284.0,6208.666666666667,6368.0,50.0,6227.0,16.266666666667334,2.550000000000182,-0.0032051282051281,6460.0,6240.0,6210.0,6190.0,10300.0
2026-01-24,6270.0,6270.0,6220.0,6220.0,6220.0,8300.0,6228.0,6274.4,6210.8,6368.35,50.0,6230.4,13.866666666666788,2.350000000000364,0.0048465266558965,6310.0,6270.0,6220.0,6270.0,8300.0
2026-01-25,6270.0,6270.0,6220.0,6220.0,6220.0,8300.0,6228.5,6264.8,6212.266666666666,6368.8,50.0,6233.8,11.733333333332666,2.0,-0.001605136436597,6310.0,6270.0,6220.0,6270.0,8300.0
2026-01-26,6220.0,6290.0,6140.0,6160.0,6160.0,43000.0,6225.5,6252.8,6212.266666666666,6369.2,42.50000000000001,6236.0,9.33333333333303,2.050000000000182,-0.019108280254777,6310.0,6270.0,6220.0,6270.0,8300.0
2026-01-27,6170.0,6180.0,6050.0,6050.0,6050.0,29700.0,6220.0,6236.4,6210.933333333333,6368.9,36.17021276595744,6235.0,5.199999999999818,1.25,-0.0442338072669826,6310.0,6290.0,6160.0,6220.0,43000.0
2026-01-28,6060.0,6060.0,6020.0,6040.0,6040.0,13500.0,6215.0,6219.6,6209.466666666666,6368.55,32.60869565217391,6233.8,0.7999999999992724,0.5500000000001819,-0.0458135860979462,6310.0,6180.0,6050.0,6170.0,29700.0
2026-01-29,6040.0,6070.0,6010.0,6050.0,6050.0,17500.0,6206.5,6203.2,6208.133333333333,6368.25,26.190476190476204,6230.0,-2.66666666666697,-0.1000000000003638,-0.0442338072669826,6310.0,6060.0,6040.0,6060.0,13500.0
2026-01-30,6080.0,6150.0,6060.0,6150.0,6150.0,14100.0,6203.0,6200.8,6208.133333333333,6367.8,32.60869565217391,6229.8,-4.133333333333212,-1.0,-0.0284360189573459,6310.0,6070.0,6050.0,6040.0,17500.0
2026-01-31,6080.0,6150.0,6060.0,6150.0,6150.0,14100.0,6199.5,6198.0,6208.933333333333,6367.85,32.60869565217391,6230.6,-3.33333333333303,-1.3499999999994543,0.0,6310.0,6150.0,6150.0,6080.0,14100.0
2026-02-01,6080.0,6150.0,6060.0,6150.0,6150.0,14100.0,6196.0,6197.6,6210.8,6367.9,32.60869565217391,6231.4,-0.133333333333212,-1.0,0.0165289256198346,6310.0,6150.0,6150.0,6080.0,14100.0
2026-02-02,6150.0,6160.0,6020.0,6030.0,6030.0,24900.0,6188.5,6193.2,6211.466666666666,6367.35,26.78571428571428,6229.8,2.0,-1.199999999999818,-0.0114754098360655,6310.0,6150.0,6150.0,6080.0,14100.0
2026-02-03,6070.0,6100.0,6020.0,6020.0,6020.0,17200.0,6179.5,6185.2,6211.6,6367.0,27.272727272727263,6225.8,3.466666666667152,-1.25,-0.0049586776859503,6310.0,6160.0,6030.0,6150.0,24900.0
2026-02-04,6020.0,6050.0,5960.0,5960.0,5960.0,32700.0,6165.0,6174.8,6207.866666666667,6366.35,28.84615384615384,6222.0,-0.2666666666664241,-1.449999999999818,-0.0148760330578512,6310.0,6100.0,6020.0,6070.0,17200.0
2026-02-05,5970.0,6020.0,5970.0,6000.0,6000.0,13900.0,6149.5,6166.0,6204.666666666667,6365.9,30.188679245283023,6220.0,-4.266666666666424,-1.950000000000728,-0.0082644628099173,6310.0,6050.0,5960.0,6020.0,32700.0
2026-02-06,6010.0,6010.0,5930.0,5960.0,5960.0,25300.0,6132.0,6155.6,6200.933333333333,6365.25,26.78571428571428,6217.4,-9.866666666666788,-2.649999999999636,-0.0229508196721311,6310.0,6020.0,6000.0,5970.0,13900.0
2026-02-07,6010.0,6010.0,5930.0,5960.0,5960.0,25300.0,6114.5,6146.8,6197.2,6364.75,26.78571428571428,6214.8,-14.266666666666424,-2.600000000000364,-0.0229508196721311,6290.0,6010.0,5960.0,6010.0,25300.0
2026-02-08,6010.0,6010.0,5930.0,5960.0,5960.0,25300.0,6098.0,6137.2,6194.133333333333,6363.45,26.78571428571428,6212.2,-17.46666666666715,-3.550000000000182,-0.0448717948717948,6270.0,6010.0,5960.0,6010.0,25300.0
2026-02-09,5990.0,5990.0,5900.0,5900.0,5900.0,27300.0,6079.5,6123.2,6189.733333333334,6361.55,26.78571428571428,6208.4,-18.13333333333321,-4.800000000000182,-0.0422077922077922,6220.0,6010.0,5960.0,6010.0,25300.0
2026-02-10,5910.0,5920.0,5860.0,5860.0,5860.0,35400.0,6063.5,6105.2,6184.133333333333,6359.55,30.612244897959187,6204.6,-20.53333333333376,-6.349999999999454,-0.0409165302782323,6220.0,5990.0,5900.0,5990.0,27300.0
2026-02-11,5910.0,5920.0,5860.0,5860.0,5860.0,35400.0,6046.0,6087.2,6177.866666666667,6357.55,31.25,6197.0,-23.06666666666661,-7.699999999999818,-0.0409165302782323,6220.0,5920.0,5860.0,5910.0,35400.0
2026-02-12,5910.0,5930.0,5870.0,5890.0,5890.0,18500.0,6029.5,6070.4,6172.0,6355.7,34.0,6188.0,-25.19999999999981,-9.050000000000182,-0.0360065466448444,6220.0,5920.0,5860.0,5910.0,35400.0
2026-02-13,5890.0,5930.0,5830.0,5890.0,5890.0,26500.0,6013.0,6054.4,6166.133333333333,6353.45,17.5,6179.8,-28.0,-10.0,-0.0530546623794212,6220.0,5930.0,5890.0,5910.0,18500.0
2026-02-14,5890.0,5930.0,5830.0,5890.0,5890.0,26500.0,5996.5,6039.2,6160.266666666666,6349.9,17.5,6171.0,-29.46666666666715,-11.650000000000546,-0.0422764227642276,6160.0,5930.0,5890.0,5890.0,26500.0
2026-02-15,5890.0,5930.0,5830.0,5890.0,5890.0,26500.0,5983.0,6027.6,6156.8,6346.55,17.5,6162.2,-27.33333333333303,-13.0,-0.0344262295081967,6150.0,5930.0,5890.0,5890.0,26500.0
2026-02-16,5890.0,5890.0,5830.0,5890.0,5890.0,27400.0,5975.0,6014.8,6154.666666666667,6343.5,25.0,6153.4,-23.19999999999981,-14.050000000000182,-0.0328407224958948,6150.0,5930.0,5890.0,5890.0,26500.0
2026-02-17,5860.0,5960.0,5860.0,5900.0,5900.0,20900.0,5968.0,6002.0,6152.0,6339.95,28.57142857142857,6143.0,-20.0,-15.75,-0.0311986863711001,6150.0,5890.0,5890.0,5890.0,27400.0
2026-02-21,5980.0,6010.0,5940.0,5990.0,5990.0,15100.0,5940.0,5973.6,6147.866666666667,6326.6,55.99999999999999,6105.0,-6.800000000000182,-16.899999999999636,-0.0400641025641025,6030.0,6010.0,5990.0,5980.0,15100.0
2026-02-22,5980.0,6010.0,5940.0,5990.0,5990.0,15100.0,5938.0,5971.6,6146.4,6322.3,55.99999999999999,6095.6,-5.600000000000364,-17.649999999999636,-0.0552050473186119,6020.0,6010.0,5990.0,5980.0,15100.0
2026-02-23,5980.0,6010.0,5940.0,5990.0,5990.0,15100.0,5936.5,5969.2,6143.066666666667,6317.85,73.68421052631578,6086.2,-7.733333333333576,-18.84999999999945,-0.0492063492063492,6000.0,6010.0,5990.0,5980.0,15100.0
2026-02-18,5900.0,5970.0,5900.0,5960.0,5960.0,14200.0,,,,,,,,,,,,,,
2026-02-19,5980.0,6000.0,5940.0,6000.0,6000.0,15600.0,,,,,,,,,,,,,,
2026-02-20,5980.0,6010.0,5940.0,5990.0,5990.0,15100.0,,,,,,,,,,,,,,
2026-02-24,5990.0,6090.0,5960.0,6090.0,6090.0,25100.0,,,,,,,,,,,,,,
2026-02-25,6120.0,6130.0,6090.0,6120.0,6120.0,19400.0,,,,,,,,,,,,,,
2026-02-26,6150.0,6190.0,6110.0,6120.0,6120.0,22500.0,,,,,,,,,,,,,,
2026-02-27,6120.0,6280.0,6110.0,6280.0,6280.0,27400.0,,,,,,,,,,,,,,
2026-03-02,6180.0,6260.0,6160.0,6190.0,6190.0,30700.0,,,,,,,,,,,,,,
2026-03-03,6200.0,6200.0,6080.0,6080.0,6080.0,25700.0,,,,,,,,,,,,,,
2026-03-04,6020.0,6050.0,5920.0,6000.0,6000.0,28000.0,,,,,,,,,,,,,,
2026-03-05,6100.0,6160.0,6000.0,6000.0,6000.0,25300.0,,,,,,,,,,,,,,
2026-03-06,6000.0,6000.0,5940.0,5960.0,5960.0,25000.0,,,,,,,,,,,,,,
