Date,Open,High,Low,Close,Adj Close,Volume,MA20,MA25,MA75,MA200,RSI14,MA50,MA75_slope,MA200_slope,Ret60,High20,PrevHigh,PrevClose,PrevOpen,PrevVolume
2020-02-25,2374.166748046875,2454.166748046875,2308.333251953125,2342.5,2111.460205078125,172560.0,,,,,50.0,,,,,,,,,
2020-02-26,2319.166748046875,2320.0,2278.333251953125,2304.166748046875,2076.907958984375,114960.0,,,,,50.0,,,,,,2454.166748046875,2342.5,2374.166748046875,172560.0
2020-02-27,2252.5,2261.666748046875,2214.166748046875,2226.666748046875,2031.2952880859373,196320.0,,,,,50.0,,,,,,2320.0,2304.166748046875,2319.166748046875,114960.0
2020-02-28,2159.166748046875,2178.333251953125,2133.333251953125,2153.333251953125,1964.3961181640625,170160.0,,,,,50.0,,,,,,2261.666748046875,2226.666748046875,2252.5,196320.0
2020-02-29,2159.166748046875,2178.333251953125,2133.333251953125,2153.333251953125,1964.3961181640625,170160.0,,,,,50.0,,,,,,2178.333251953125,2153.333251953125,2159.166748046875,170160.0
2020-03-01,2159.166748046875,2178.333251953125,2133.333251953125,2153.333251953125,1964.3961181640625,170160.0,,,,,50.0,,,,,,2178.333251953125,2153.333251953125,2159.166748046875,170160.0
2020-03-02,2131.666748046875,2300.833251953125,2113.333251953125,2276.666748046875,2076.908203125,375360.0,,,,,50.0,,,,,,2178.333251953125,2153.333251953125,2159.166748046875,170160.0
2020-03-03,2307.5,2317.5,2197.5,2197.5,2004.6875,137760.0,,,,,50.0,,,,,,2300.833251953125,2276.666748046875,2131.666748046875,375360.0
2020-03-04,2145.0,2176.666748046875,2118.333251953125,2150.833251953125,1962.1153564453125,133920.0,,,,,50.0,,,,,,2317.5,2197.5,2307.5,137760.0
2020-03-05,2192.5,2219.166748046875,2170.833251953125,2210.0,2016.0909423828125,130320.0,,,,,50.0,,,,,,2176.666748046875,2150.833251953125,2145.0,133920.0
2020-03-06,2168.333251953125,2209.166748046875,2098.333251953125,2118.333251953125,1932.4669189453125,116880.0,,,,,50.0,,,,,,2219.166748046875,2210.0,2192.5,130320.0
2020-03-07,2168.333251953125,2209.166748046875,2098.333251953125,2118.333251953125,1932.4669189453125,116880.0,,,,,50.0,,,,,,2209.166748046875,2118.333251953125,2168.333251953125,116880.0
2020-03-08,2168.333251953125,2209.166748046875,2098.333251953125,2118.333251953125,1932.4669189453125,116880.0,,,,,50.0,,,,,,2209.166748046875,2118.333251953125,2168.333251953125,116880.0
2020-03-09,2055.833251953125,2075.833251953125,1975.0,1991.6666259765625,1816.9141845703125,160440.0,,,,,50.0,,,,,,2209.166748046875,2118.333251953125,2168.333251953125,116880.0
2020-03-10,1973.3333740234373,2040.0,1897.5,2035.8333740234373,1857.2056884765625,97440.0,,,,,29.824580283251063,,,,,,2075.833251953125,1991.6666259765625,2055.833251953125,160440.0
2020-03-11,2045.0,2086.666748046875,1985.0,1986.6666259765625,1812.3531494140625,149400.0,,,,,29.40541814279217,,,,,,2040.0,2035.8333740234373,1973.3333740234373,97440.0
2020-03-12,1949.1666259765625,1964.1666259765625,1875.8333740234373,1917.5,1749.255126953125,146400.0,,,,,29.72679009337529,,,,,,2086.666748046875,1986.6666259765625,2045.0,149400.0
2020-03-13,1706.6666259765625,1793.3333740234375,1687.5,1759.1666259765625,1604.814453125,412560.0,,,,,26.74534854830054,,,,,,1964.1666259765625,1917.5,1949.1666259765625,146400.0
2020-03-14,1706.6666259765625,1793.3333740234375,1687.5,1759.1666259765625,1604.814453125,412560.0,,,,,26.74534854830054,,,,,,1793.3333740234375,1759.1666259765625,1706.6666259765625,412560.0
2020-03-15,1706.6666259765625,1793.3333740234375,1687.5,1759.1666259765625,1604.814453125,412560.0,2086.6249755859376,,,,26.74534854830054,,,,,2342.5,1793.3333740234375,1759.1666259765625,1706.6666259765625,412560.0
2020-03-16,1750.0,1843.3333740234373,1725.0,1737.5,1585.0487060546875,172080.0,2056.3749755859376,,,,13.854762867295022,,,,,2304.166748046875,1793.3333740234375,1759.1666259765625,1706.6666259765625,412560.0
2020-03-17,1654.1666259765625,1708.3333740234375,1616.6666259765625,1657.5,1512.06787109375,482400.0,2024.0416381835937,,,,13.839301479099165,,,,,2276.666748046875,1843.3333740234373,1737.5,1750.0,172080.0
2020-03-18,1690.0,1748.3333740234375,1661.6666259765625,1670.8333740234375,1524.2313232421875,342720.0,1996.2499694824216,,,,16.35516217747565,,,,,2276.666748046875,1708.3333740234375,1657.5,1654.1666259765625,482400.0
2020-03-19,1690.8333740234375,1690.8333740234375,1526.6666259765625,1568.3333740234375,1430.72509765625,434280.0,1966.9999755859376,,,,7.59913303213699,,,,,2276.666748046875,1748.3333740234375,1670.8333740234375,1690.0,342720.0
2020-03-20,1690.8333740234375,1690.8333740234375,1526.6666259765625,1568.3333740234375,1430.72509765625,434280.0,1937.749981689453,1997.3999853515625,,,8.646633310577457,,,,,2276.666748046875,1690.8333740234375,1568.3333740234375,1690.8333740234375,434280.0
2020-03-21,1690.8333740234375,1690.8333740234375,1526.6666259765625,1568.3333740234375,1430.72509765625,434280.0,1908.4999877929688,1966.4333203125,,,8.646633310577457,,,,,2276.666748046875,1690.8333740234375,1568.3333740234375,1690.8333740234375,434280.0
2020-03-22,1690.8333740234375,1690.8333740234375,1526.6666259765625,1568.3333740234375,1430.72509765625,434280.0,1873.083319091797,1936.9999853515624,,,8.646633310577457,,,,,2210.0,1690.8333740234375,1568.3333740234375,1690.8333740234375,434280.0
2020-03-23,1596.6666259765625,1647.5,1568.3333740234375,1645.8333740234375,1501.4248046875,318600.0,1845.4999877929688,1913.766650390625,,,21.92152958983592,,,,,2210.0,1690.8333740234375,1568.3333740234375,1690.8333740234375,434280.0
2020-03-24,1712.5,1799.1666259765625,1708.3333740234375,1799.1666259765625,1641.3046875,275520.0,1827.9166564941409,1899.5999853515625,,,33.67815530711208,,,,,2210.0,1647.5,1645.8333740234375,1596.6666259765625,318600.0
2020-03-25,1917.5,1918.3333740234373,1750.8333740234375,1844.1666259765625,1682.356201171875,323640.0,1809.6249877929688,1887.2333203125,,,40.11560582049378,,,,,2118.333251953125,1799.1666259765625,1799.1666259765625,1712.5,275520.0
2020-03-26,1810.8333740234373,1909.1666259765625,1783.3333740234375,1875.0,1710.484375,241200.0,1797.4583251953125,1876.099990234375,,,46.88644688644688,,,,,2118.333251953125,1918.3333740234373,1844.1666259765625,1917.5,323640.0
2020-03-27,2000.0,2058.333251953125,1913.3333740234373,2045.8333740234373,1866.328125,350160.0,1793.8333312988282,1866.8666552734376,,,70.623507053732,,,,,2118.333251953125,1909.1666259765625,1875.0,1810.8333740234373,241200.0
2020-03-28,2000.0,2058.333251953125,1913.3333740234373,2045.8333740234373,1866.328125,350160.0,1790.2083374023437,1860.799990234375,,,70.623507053732,,,,,2045.8333740234373,2058.333251953125,2045.8333740234373,2000.0,350160.0
2020-03-29,2000.0,2058.333251953125,1913.3333740234373,2045.8333740234373,1866.328125,350160.0,1792.9166748046875,1856.5999951171875,,,70.623507053732,,,,,2045.8333740234373,2058.333251953125,2045.8333740234373,2000.0,350160.0
2020-03-30,2003.3333740234373,2029.1666259765625,1883.3333740234373,1950.0,1778.9034423828125,266760.0,1788.6250061035155,1846.199995117188,,,63.813649676068025,,,,,2045.8333740234373,2058.333251953125,2045.8333740234373,2000.0,350160.0
2020-03-31,1922.5,1947.5,1882.5,1916.6666259765625,1748.494873046875,240840.0,1785.1250061035155,1838.133330078125,,,67.93540361169246,,,,,2045.8333740234373,2029.1666259765625,1950.0,2003.3333740234373,266760.0
2020-04-01,1875.0,1893.3333740234373,1729.1666259765625,1733.3333740234375,1581.247314453125,351000.0,1775.9166748046875,1822.7333349609376,,,53.50140056022409,,,,,2045.8333740234373,1947.5,1916.6666259765625,1922.5,240840.0
2020-04-02,1704.1666259765625,1724.1666259765625,1629.1666259765625,1633.3333740234375,1490.021728515625,332640.0,1769.6250122070312,1803.33333984375,,,53.65168539325843,,,,,2045.8333740234373,1893.3333740234373,1733.3333740234375,1875.0,351000.0
2020-04-03,1875.0,1893.3333740234373,1558.3333740234375,1565.0,1427.68408203125,352440.0,1759.916680908203,1786.2666748046877,,,49.82608484094408,,,,,2045.8333740234373,1724.1666259765625,1633.3333740234375,1704.1666259765625,332640.0
2020-04-04,1875.0,1893.3333740234373,1558.3333740234375,1565.0,1427.68408203125,352440.0,1750.208349609375,1767.43333984375,,,49.82608484094408,,,,,2045.8333740234373,1893.3333740234373,1565.0,1875.0,352440.0
2020-04-05,1875.0,1893.3333740234373,1558.3333740234375,1565.0,1427.68408203125,352440.0,1741.583349609375,1750.5666748046874,,,49.82608484094408,,,,,2045.8333740234373,1893.3333740234373,1565.0,1875.0,352440.0
2020-04-06,1554.1666259765625,1635.8333740234375,1496.6666259765625,1622.5,1480.138916015625,546600.0,1739.833349609375,1738.7666748046877,,,48.7566586317085,,,,,2045.8333740234373,1893.3333740234373,1565.0,1875.0,352440.0
2020-04-07,1642.5,1681.6666259765625,1595.0,1666.6666259765625,1520.4302978515625,391440.0,1739.6250122070312,1735.0666748046874,,,42.01005103544568,,,,,2045.8333740234373,1635.8333740234375,1622.5,1554.1666259765625,546600.0
2020-04-08,1681.6666259765625,1729.1666259765625,1660.8333740234375,1715.8333740234375,1565.283203125,340080.0,1747.0000122070312,1733.3333447265625,,,42.30000638671749,,,,,2045.8333740234373,1681.6666259765625,1666.6666259765625,1642.5,391440.0
2020-04-09,1799.1666259765625,1830.8333740234373,1780.0,1815.8333740234373,1656.509033203125,261600.0,1759.3750122070312,1735.6000146484375,,,46.72207102638191,,,,,2045.8333740234373,1729.1666259765625,1715.8333740234375,1681.6666259765625,340080.0
2020-04-10,1846.6666259765625,1880.0,1821.6666259765625,1873.3333740234373,1708.9637451171875,247560.0,1774.6250122070312,1741.033349609375,,,39.0707508630512,,,,,2045.8333740234373,1830.8333740234373,1815.8333740234373,1799.1666259765625,261600.0
2020-04-11,1846.6666259765625,1880.0,1821.6666259765625,1873.3333740234373,1708.9637451171875,247560.0,1789.8750122070312,1749.6666845703126,,,39.0707508630512,,,,,2045.8333740234373,1880.0,1873.3333740234373,1846.6666259765625,247560.0
2020-04-12,1846.6666259765625,1880.0,1821.6666259765625,1873.3333740234373,1708.9637451171875,247560.0,1801.2500122070312,1757.7666845703125,,,39.0707508630512,,,,,2045.8333740234373,1880.0,1873.3333740234373,1846.6666259765625,247560.0
2020-04-13,1908.3333740234373,1922.5,1876.6666259765625,1887.5,1721.8873291015625,226680.0,1805.666680908203,1770.533349609375,,,45.58303886925795,,,,,2045.8333740234373,1880.0,1873.3333740234373,1846.6666259765625,247560.0
2020-04-14,1870.8333740234373,1911.6666259765625,1856.6666259765625,1900.8333740234373,1734.051025390625,168240.0,1808.500018310547,1783.833349609375,,,48.84849076704544,1890.6166674804688,,,,2045.8333740234373,1922.5,1887.5,1908.3333740234373,226680.0
2020-04-15,1900.8333740234373,1921.6666259765625,1840.8333740234373,1855.8333740234373,1692.999267578125,237000.0,1807.5416870117188,1795.333349609375,,,61.15326086618264,1880.8833349609367,,,,2045.8333740234373,1911.6666259765625,1900.8333740234373,1870.8333740234373,168240.0
2020-04-16,1838.3333740234373,1869.1666259765625,1826.6666259765625,1866.6666259765625,1702.8819580078125,162000.0,1798.583349609375,1807.2666796875,,,75.36230999490489,1872.1333325195312,,,,2045.8333740234373,1921.6666259765625,1855.8333740234373,1900.8333740234373,237000.0
2020-04-17,1942.5,1975.8333740234373,1881.6666259765625,1895.0,1728.7294921875,121920.0,1791.041680908203,1817.2333447265623,,,89.28571428571428,1865.4999975585936,,,,2045.8333740234373,1869.1666259765625,1866.6666259765625,1838.3333740234373,162000.0
2020-04-18,1942.5,1975.8333740234373,1881.6666259765625,1895.0,1728.7294921875,121920.0,1783.5000122070312,1821.0666796875,,,89.28571428571428,1860.3333325195315,,,,1950.0,1975.8333740234373,1895.0,1942.5,121920.0
2020-04-19,1942.5,1975.8333740234373,1881.6666259765625,1895.0,1728.7294921875,121920.0,1780.7500122070312,1823.1000146484373,,,89.28571428571428,1855.1666674804687,,,,1916.6666259765625,1975.8333740234373,1895.0,1942.5,121920.0
2020-04-20,1875.0,1921.6666259765625,1866.6666259765625,1919.1666259765625,1750.775634765625,83520.0,1780.8750122070312,1824.8666796875,,,88.3620677408224,1850.4833349609376,,,,1919.1666259765625,1975.8333740234373,1895.0,1942.5,121920.0
2020-04-21,1880.8333740234373,1931.6666259765625,1846.6666259765625,1866.6666259765625,1702.8819580078125,133560.0,1787.5416748046875,1817.700009765625,,,75.31645569620252,1842.2833325195315,,,,1919.1666259765625,1921.6666259765625,1919.1666259765625,1875.0,83520.0
2020-04-22,1858.3333740234373,1907.5,1840.0,1860.0,1696.80029296875,98040.0,1798.8750061035155,1810.266674804688,,,70.4491738867097,1835.5333325195315,,,,1919.1666259765625,1931.6666259765625,1866.6666259765625,1880.8333740234373,133560.0
2020-04-23,1865.8333740234373,1947.5,1862.5,1946.6666259765625,1775.8629150390625,155160.0,1817.958337402344,1806.3000048828128,,,69.28746654611994,1831.45,,,,1946.6666259765625,1907.5,1860.0,1858.3333740234373,98040.0
2020-04-24,1908.3333740234373,1940.0,1889.1666259765625,1889.1666259765625,1723.40771484375,180240.0,1834.166668701172,1803.866669921875,,,52.33414145718554,1825.0333325195315,,,,1946.6666259765625,1947.5,1946.6666259765625,1865.8333740234373,155160.0
2020-04-25,1908.3333740234373,1940.0,1889.1666259765625,1889.1666259765625,1723.40771484375,180240.0,1850.375,1802.766669921875,,,52.33414145718554,1820.45,,,-0.1935254531583511,1946.6666259765625,1940.0,1889.1666259765625,1908.3333740234373,180240.0
2020-04-26,1908.3333740234373,1940.0,1889.1666259765625,1889.1666259765625,1723.40771484375,180240.0,1863.708331298828,1809.0,,,52.33414145718554,1815.8666674804688,,,-0.1801085457127124,1946.6666259765625,1940.0,1889.1666259765625,1908.3333740234373,180240.0
2020-04-27,1899.1666259765625,1945.0,1899.1666259765625,1937.5,1767.500244140625,113520.0,1877.25,1821.1666650390623,,,56.69643003113447,1812.2500024414064,,,-0.1298653012627588,1946.6666259765625,1940.0,1889.1666259765625,1908.3333740234373,180240.0
2020-04-28,1973.3333740234373,1983.3333740234373,1935.0,1972.5,1799.42919921875,199680.0,1890.083331298828,1837.4666650390625,,,59.07172761067533,1811.866669921875,,,-0.0839782935544718,1972.5,1945.0,1937.5,1899.1666259765625,113520.0
2020-04-29,1973.3333740234373,1983.3333740234373,1935.0,1972.5,1799.42919921875,199680.0,1897.9166625976563,1853.7666650390624,,,66.66666666666669,1810.6000024414063,,,-0.0839782935544718,1972.5,1983.3333740234373,1972.5,1973.3333740234373,199680.0
2020-04-30,2014.1666259765625,2028.3333740234373,1972.5,1994.1666259765625,1819.19482421875,193560.0,1903.9583251953125,1870.933330078125,,,67.66744047421705,1810.7500024414064,,,-0.073916392565895,1994.1666259765625,1983.3333740234373,1972.5,1973.3333740234373,199680.0
2020-05-01,1970.8333740234373,1970.8333740234373,1899.1666259765625,1904.1666259765625,1737.091552734375,140760.0,1905.4999877929688,1882.199995117188,,,51.08480812130412,1810.4833349609376,,,-0.1636164460125206,1994.1666259765625,2028.3333740234373,1994.1666259765625,2014.1666259765625,193560.0
2020-05-02,1970.8333740234373,1970.8333740234373,1899.1666259765625,1904.1666259765625,1737.091552734375,140760.0,1907.041650390625,1891.699995117188,,,51.08480812130412,1813.3833349609367,,,-0.1334850393735779,1994.1666259765625,1970.8333740234373,1904.1666259765625,1970.8333740234373,140760.0
2020-05-03,1970.8333740234373,1970.8333740234373,1899.1666259765625,1904.1666259765625,1737.091552734375,140760.0,1907.874981689453,1899.2333251953123,,,51.08480812130412,1816.2833349609373,,,-0.1146842163392117,1994.1666259765625,1970.8333740234373,1904.1666259765625,1970.8333740234373,140760.0
2020-05-04,1970.8333740234373,1970.8333740234373,1899.1666259765625,1904.1666259765625,1737.091552734375,140760.0,1908.0416442871087,1902.7666552734368,,,48.11715442704679,1819.1833349609376,,,-0.1383861420920531,1994.1666259765625,1970.8333740234373,1904.1666259765625,1970.8333740234373,140760.0
2020-05-05,1970.8333740234373,1970.8333740234373,1899.1666259765625,1904.1666259765625,1737.091552734375,140760.0,1910.4583068847653,1903.9999853515624,,,55.42168802279933,1822.5166674804689,,,-0.1011014795613951,1994.1666259765625,1970.8333740234373,1904.1666259765625,1970.8333740234373,140760.0
2020-05-06,1970.8333740234373,1970.8333740234373,1899.1666259765625,1904.1666259765625,1737.091552734375,140760.0,1912.3333068847653,1905.2333154296875,,,56.51105129365153,1827.45,,,-0.1011014795613951,1994.1666259765625,1970.8333740234373,1904.1666259765625,1970.8333740234373,140760.0
2020-05-07,1910.0,1948.3333740234373,1910.0,1944.1666259765625,1773.58203125,142320.0,1914.7916381835937,1908.0666455078128,,,49.57264957264957,1832.9166650390623,,,-0.0822187093631179,1994.1666259765625,1970.8333740234373,1904.1666259765625,1970.8333740234373,140760.0
2020-05-08,2001.6666259765625,2047.5,1983.3333740234373,2045.8333740234373,1866.328125,197880.0,1922.3333068847653,1914.39998046875,,,73.26733319458413,1842.4666650390625,,,0.027196694135654,2045.8333740234373,1948.3333740234373,1944.1666259765625,1910.0,142320.0
2020-05-09,2001.6666259765625,2047.5,1983.3333740234373,2045.8333740234373,1866.328125,197880.0,1929.8749755859376,1920.19998046875,1900.477771809896,,73.26733319458413,1852.0166650390624,,,0.0049119933524996,2045.8333740234373,2047.5,2045.8333740234373,2001.6666259765625,197880.0
2020-05-10,2001.6666259765625,2047.5,1983.3333740234373,2045.8333740234373,1866.328125,197880.0,1936.2083129882808,1927.79998046875,1896.522216796875,,73.26733319458413,1861.5666650390624,,,0.029781920767804,2045.8333740234373,2047.5,2045.8333740234373,2001.6666259765625,197880.0
2020-05-11,2038.3333740234373,2088.333251953125,2035.8333740234373,2088.333251953125,1905.09912109375,106440.0,1947.2916442871087,1936.6666455078123,1893.6444368489583,,72.79596308150067,1871.9666625976563,,,0.0890916568204041,2088.333251953125,2047.5,2045.8333740234373,2001.6666259765625,197880.0
2020-05-12,2116.666748046875,2140.0,2097.5,2097.5,1913.46142578125,96120.0,1959.1666442871087,1944.7666455078124,1891.922213541667,,70.49180327868852,1880.999995117188,,,0.1923259394689909,2097.5,2088.333251953125,2088.333251953125,2038.3333740234373,106440.0
2020-05-13,2076.666748046875,2109.166748046875,2035.8333740234373,2099.166748046875,1914.9822998046875,108360.0,1966.791650390625,1952.933315429688,1891.1999934895832,,70.65218170108119,1886.9999975585936,,,0.1932734040367374,2099.166748046875,2140.0,2097.5,2116.666748046875,96120.0
2020-05-14,2084.166748046875,2114.166748046875,2052.5,2057.5,1876.9710693359373,220320.0,1975.208319091797,1959.433315429688,1889.922216796875,,59.693877741675706,1891.2666650390624,-10.555555013020694,,0.1695879000989029,2099.166748046875,2109.166748046875,2099.166748046875,2076.666748046875,108360.0
2020-05-15,2065.0,2092.5,2043.3333740234373,2087.5,1904.3389892578125,77760.0,1985.1249877929688,1966.166650390625,1889.0444401041664,,84.37498140336501,1895.5166650390624,-7.477776692708403,,0.2014388489208634,2099.166748046875,2114.166748046875,2057.5,2084.166748046875,220320.0
2020-05-16,2065.0,2092.5,2043.3333740234373,2087.5,1904.3389892578125,77760.0,1995.0416564941409,1974.9999853515624,1886.522216796875,,84.37498140336501,1896.3499975585937,-7.122220052083321,,0.2594268476621417,2099.166748046875,2092.5,2087.5,2065.0,77760.0
2020-05-17,2065.0,2092.5,2043.3333740234373,2087.5,1904.3389892578125,77760.0,2002.5416564941409,1984.0999853515625,1885.0555501302083,,84.37498140336501,1897.183330078125,-6.866663411458376,,0.2493765281772004,2099.166748046875,2092.5,2087.5,2065.0,77760.0
2020-05-18,2062.5,2084.166748046875,2053.333251953125,2073.333251953125,1891.415283203125,81360.0,2007.583319091797,1989.166650390625,1884.022216796875,,80.11865657012183,1897.7333276367187,-7.177776692708221,,0.3219977884128995,2099.166748046875,2092.5,2087.5,2065.0,77760.0
2020-05-19,2144.166748046875,2163.333251953125,2117.5,2147.5,1959.0740966796875,113760.0,2016.333319091797,1999.4999853515624,1883.1888834635413,,84.27227084589137,1901.6833276367188,-6.7333333333333485,,0.3692879559724955,2147.5,2084.166748046875,2073.333251953125,2062.5,81360.0
2020-05-20,2132.5,2156.666748046875,2103.333251953125,2155.833251953125,1966.6763916015625,140040.0,2024.416650390625,2010.166650390625,1883.6888834635413,,84.63299477326689,1906.46666015625,-5.355556640624855,,0.3746014002255797,2155.833251953125,2163.333251953125,2147.5,2144.166748046875,113760.0
2020-05-21,2158.333251953125,2174.166748046875,2129.166748046875,2138.333251953125,1950.7122802734373,102720.0,2036.124981689453,2020.133315429688,1883.9555501302084,,78.48407780641801,1914.566657714844,-2.566666666666606,,0.3634430583259203,2155.833251953125,2156.666748046875,2155.833251953125,2132.5,140040.0
2020-05-22,2147.5,2147.5,2110.0,2125.0,1938.5484619140625,108360.0,2047.166650390625,2027.633315429688,1884.0444401041664,,65.67655202054071,1924.399990234375,-1.011110026041706,,0.2911392085853637,2155.833251953125,2174.166748046875,2138.333251953125,2158.333251953125,102720.0
2020-05-23,2147.5,2147.5,2110.0,2125.0,1938.5484619140625,108360.0,2058.208319091797,2033.7333154296875,1885.8222184244792,,65.67655202054071,1935.599990234375,1.8000016276041606,,0.181102388916635,2155.833251953125,2147.5,2125.0,2147.5,108360.0
2020-05-24,2147.5,2147.5,2110.0,2125.0,1938.5484619140625,108360.0,2069.249987792969,2039.833315429688,1887.0111067708333,,65.67655202054071,1946.799990234375,3.822223307291552,,0.1522819956004379,2155.833251953125,2147.5,2125.0,2147.5,108360.0
2020-05-25,2145.833251953125,2153.333251953125,2117.5,2143.333251953125,1955.2735595703125,89400.0,2081.208319091797,2045.79998046875,1889.0999951171875,,62.04378703539359,1958.3666552734376,5.411111653645776,,0.1431110677083333,2155.833251953125,2147.5,2125.0,2147.5,108360.0
2020-05-26,2184.166748046875,2248.333251953125,2172.5,2244.166748046875,2047.259521484375,128280.0,2098.2083251953127,2059.3999853515625,1893.4555517578128,,72.91666189829873,1970.799990234375,9.500001627604206,,0.0969450281443915,2244.166748046875,2153.333251953125,2143.333251953125,2145.833251953125,89400.0
2020-05-27,2240.0,2286.666748046875,2226.666748046875,2270.0,2070.825927734375,223080.0,2114.4999938964843,2074.0333203125,1900.2666634114585,,74.81838424580427,1982.866657714844,16.222223307291642,,0.1095722793570941,2270.0,2248.333251953125,2244.166748046875,2184.166748046875,128280.0
2020-05-28,2333.333251953125,2333.333251953125,2280.0,2313.333251953125,2110.357421875,232440.0,2127.874987792969,2090.3999853515625,1907.6555517578124,,86.98794874528161,1994.8166552734367,21.833333333333258,,0.1307535018864265,2313.333251953125,2286.666748046875,2270.0,2240.0,223080.0
2020-05-29,2337.5,2360.0,2319.166748046875,2340.833251953125,2135.444580078125,233760.0,2142.6249816894533,2107.866650390625,1915.4111067708327,,86.89320077679402,2005.3166528320312,28.40000000000009,,0.2004273086939103,2340.833251953125,2333.333251953125,2313.333251953125,2333.333251953125,232440.0
2020-05-30,2337.5,2360.0,2319.166748046875,2340.833251953125,2135.444580078125,233760.0,2157.3749755859376,2125.3333154296874,1923.4555501302084,,86.89320077679402,2014.666650390625,34.35555501302088,,0.221304331294674,2340.833251953125,2360.0,2340.833251953125,2337.5,233760.0
2020-05-31,2337.5,2360.0,2319.166748046875,2340.833251953125,2135.444580078125,233760.0,2169.9999755859376,2142.79998046875,1932.56666015625,,86.89320077679402,2024.0166479492189,39.11110839843741,,0.3504806905780337,2340.833251953125,2360.0,2340.833251953125,2337.5,233760.0
2020-06-01,2352.5,2369.166748046875,2330.0,2360.0,2152.9296875,118440.0,2183.1249755859376,2159.433315429688,1941.755548502604,,91.14834665360222,2033.74998046875,41.4888850911459,,0.4448979231879304,2360.0,2360.0,2340.833251953125,2337.5,233760.0
2020-06-02,2370.0,2388.333251953125,2358.333251953125,2365.833251953125,2158.250732421875,75840.0,2196.45830078125,2172.233310546875,1952.3888802083327,,88.98811470085336,2043.3166455078128,44.73332845052096,,0.5117145379892172,2365.833251953125,2369.166748046875,2360.0,2352.5,118440.0
2020-06-03,2400.0,2403.333251953125,2327.5,2343.333251953125,2137.724853515625,147240.0,2210.749963378906,2184.1333056640624,1962.7222119140624,,81.86970601856078,2052.1666430664063,47.31110514322904,,0.4973375411841054,2365.833251953125,2388.333251953125,2365.833251953125,2370.0,75840.0
2020-06-04,2380.833251953125,2380.833251953125,2278.333251953125,2303.333251953125,2101.234375,227520.0,2221.5416259765625,2194.43330078125,1972.5222102864584,,76.05264496949269,2061.116640625,49.06666015625001,,0.4717784357527954,2365.833251953125,2403.333251953125,2343.333251953125,2400.0,147240.0
2020-06-05,2321.666748046875,2321.666748046875,2265.833251953125,2290.0,2089.0712890625,89040.0,2231.6666259765625,2202.499970703125,1982.144431966146,,76.05264496949269,2069.583308105469,49.57777180989592,,0.4114021571648689,2365.833251953125,2380.833251953125,2303.333251953125,2380.833251953125,227520.0
2020-06-06,2321.666748046875,2321.666748046875,2265.833251953125,2290.0,2089.0712890625,89040.0,2241.7916259765625,2210.199970703125,1990.7333203125,,76.05264496949269,2077.483308105469,48.977771809895785,,0.3740000335449227,2365.833251953125,2321.666748046875,2290.0,2321.666748046875,89040.0
2020-06-07,2321.666748046875,2321.666748046875,2265.833251953125,2290.0,2089.0712890625,89040.0,2252.624963378906,2217.83330078125,1997.2777652994791,,76.05264496949269,2085.3833081054686,44.88888509114577,,0.3346284287676524,2365.833251953125,2321.666748046875,2290.0,2321.666748046875,89040.0
2020-06-08,2331.666748046875,2372.5,2315.0,2364.166748046875,2156.730224609375,139800.0,2263.45830078125,2230.099970703125,2004.2111002604167,,79.64208001258389,2094.7666430664062,41.48888834635432,,0.3019733979271823,2365.833251953125,2321.666748046875,2290.0,2321.666748046875,89040.0
2020-06-09,2363.333251953125,2368.333251953125,2310.0,2342.5,2136.964599609375,95520.0,2272.791638183594,2240.299970703125,2010.44443359375,,66.76135441488215,2103.233310546875,37.92222330729169,,0.2504448126971195,2365.833251953125,2372.5,2364.166748046875,2331.666748046875,139800.0
2020-06-10,2350.0,2389.166748046875,2333.333251953125,2375.0,2166.613037109375,84360.0,2284.6249755859376,2251.799970703125,2014.8333219401045,,67.5,2113.399978027344,32.68888997395834,,0.267793566768691,2375.0,2368.333251953125,2342.5,2363.333251953125,95520.0
2020-06-11,2334.166748046875,2337.5,2275.0,2277.5,2077.66796875,104280.0,2292.2499755859376,2259.399970703125,2017.9222102864585,,44.94118912196941,2121.749978027344,27.18888997395834,,0.2157473045539764,2375.0,2389.166748046875,2375.0,2350.0,84360.0
2020-06-12,2235.833251953125,2251.666748046875,2179.166748046875,2239.166748046875,2042.6983642578125,84720.0,2297.958312988281,2266.033310546875,2020.4999886067708,,36.073081656678085,2127.59998046875,23.22222330729164,,0.1863135088990066,2375.0,2337.5,2277.5,2334.166748046875,104280.0
2020-06-13,2235.833251953125,2251.666748046875,2179.166748046875,2239.166748046875,2042.6983642578125,84720.0,2303.666650390625,2269.69998046875,2024.355545247396,,36.073081656678085,2134.599982910156,20.144444986979124,,0.1779921263205188,2375.0,2251.666748046875,2239.166748046875,2235.833251953125,84720.0
2020-06-14,2235.833251953125,2251.666748046875,2179.166748046875,2239.166748046875,2042.6983642578125,84720.0,2308.4583251953127,2273.0333203125,2028.655546875,,36.073081656678085,2141.5999853515623,18.211113281249936,,0.2065559222013413,2375.0,2251.666748046875,2239.166748046875,2235.833251953125,84720.0
2020-06-15,2221.666748046875,2238.333251953125,2161.666748046875,2161.666748046875,1971.9984130859373,47760.0,2304.3333251953127,2273.96666015625,2034.3666585286453,,26.57480825826008,2147.0499877929688,19.533336588541488,,0.1580357831254313,2375.0,2251.666748046875,2239.166748046875,2235.833251953125,84720.0
2020-06-16,2225.0,2291.666748046875,2199.166748046875,2280.0,2079.948974609375,93000.0,2304.8333251953127,2280.16666015625,2042.9888802083333,,41.99067511765453,2153.8999877929687,25.06666992187501,,0.2031662269129288,2375.0,2238.333251953125,2161.666748046875,2221.666748046875,47760.0
2020-06-17,2270.0,2290.833251953125,2250.0,2266.666748046875,2067.78466796875,69600.0,2302.5,2285.833330078125,2052.344436848958,,42.72153218995136,2159.7833227539063,31.844448242187354,,0.1961302100511213,2375.0,2291.666748046875,2280.0,2225.0,93000.0
2020-06-18,2251.666748046875,2283.333251953125,2240.0,2278.333251953125,2078.427978515625,57000.0,2299.375,2291.96666015625,2061.855546875,,47.4916371574762,2165.8999877929687,37.500001627604206,,0.2022866764924142,2375.0,2290.833251953125,2266.666748046875,2270.0,69600.0
2020-06-19,2287.5,2305.833251953125,2277.5,2296.666748046875,2095.1533203125,90360.0,2297.166674804688,2298.1,2071.611103515625,,50.66225984683164,2171.949990234375,42.95555664062499,,0.1967000243546974,2375.0,2283.333251953125,2278.333251953125,2251.666748046875,57000.0
2020-06-20,2287.5,2305.833251953125,2277.5,2296.666748046875,2095.1533203125,90360.0,2294.958349609375,2300.2,2080.5999934895835,,50.66225984683164,2179.799992675781,46.23333496093778,,0.2303572132733418,2375.0,2305.833251953125,2296.666748046875,2287.5,90360.0
2020-06-21,2287.5,2305.833251953125,2277.5,2296.666748046875,2095.1533203125,90360.0,2291.7916870117188,2301.266669921875,2088.999995117188,,50.66225984683164,2187.649995117188,46.01111490885432,,0.2347670688424059,2375.0,2305.833251953125,2296.666748046875,2287.5,90360.0
2020-06-22,2259.166748046875,2304.166748046875,2258.333251953125,2292.5,2091.352294921875,45240.0,2288.1250244140624,2300.43333984375,2096.688883463541,,41.730758287777626,2195.4166625976563,44.344446614583376,,0.1776541342048987,2375.0,2305.833251953125,2296.666748046875,2287.5,90360.0
2020-06-23,2327.5,2359.166748046875,2297.5,2336.666748046875,2131.643310546875,133680.0,2287.79169921875,2300.2666796875,2103.633328450521,,49.36015506458436,2204.0666650390626,41.77778157552075,,0.2368769995812238,2375.0,2304.166748046875,2292.5,2259.166748046875,45240.0
2020-06-24,2325.833251953125,2350.833251953125,2311.666748046875,2321.666748046875,2117.95947265625,88680.0,2288.708374023437,2299.50001953125,2109.611106770833,,43.916357963320976,2212.4166674804687,38.00000325520841,,0.2289369905879748,2375.0,2359.166748046875,2336.666748046875,2327.5,133680.0
2020-06-25,2291.666748046875,2319.166748046875,2280.0,2285.833251953125,2085.27001953125,110040.0,2288.500036621094,2297.30001953125,2115.111105143229,,51.10618364858794,2220.05,34.51111165364546,,0.2099691051717127,2375.0,2350.833251953125,2321.666748046875,2325.833251953125,88680.0
2020-06-26,2362.5,2381.666748046875,2326.666748046875,2367.5,2159.771484375,160200.0,2292.375036621094,2297.60001953125,2121.6999934895834,,65.27775920889184,2228.5166674804686,32.69999837239584,,0.2219354838709677,2375.0,2319.166748046875,2285.833251953125,2291.666748046875,110040.0
2020-06-27,2362.5,2381.666748046875,2326.666748046875,2367.5,2159.771484375,160200.0,2296.250036621094,2297.666689453125,2128.0999934895835,,65.27775920889184,2234.95,31.411110026042024,,0.2002534854245881,2375.0,2381.666748046875,2367.5,2362.5,160200.0
2020-06-28,2362.5,2381.666748046875,2326.666748046875,2367.5,2159.771484375,160200.0,2296.41669921875,2298.633359375,2134.3222151692707,,65.27775920889184,2241.3833325195315,30.688886718749927,,0.2002534854245881,2375.0,2381.666748046875,2367.5,2362.5,160200.0
2020-06-29,2335.833251953125,2380.0,2322.5,2345.0,2139.245361328125,120720.0,2296.54169921875,2300.300029296875,2140.844436848958,,75.1141273048699,2247.3666650390624,31.23333007812471,,0.1759298192304421,2375.0,2381.666748046875,2367.5,2362.5,160200.0
2020-06-30,2461.666748046875,2495.833251953125,2379.166748046875,2391.666748046875,2181.8173828125,284640.0,2297.375036621094,2304.36669921875,2147.8444384765626,,69.03407837735489,2253.4333349609374,32.733333333333576,,0.2560175750482421,2391.666748046875,2380.0,2345.0,2335.833251953125,120720.0
2020-07-01,2308.333251953125,2308.333251953125,2160.0,2170.0,1979.600341796875,391680.0,2292.000036621094,2299.56669921875,2151.511105143229,,40.36545133439328,2254.8833349609376,29.81111165364564,,0.1396061512668847,2391.666748046875,2495.833251953125,2391.666748046875,2461.666748046875,284640.0
2020-07-02,2195.833251953125,2207.5,2104.166748046875,2118.333251953125,1932.4669189453125,326040.0,2285.958361816406,2292.700029296875,2154.4888818359377,,35.23079142008501,2255.2666650390624,26.38888834635418,,0.11247262873685,2391.666748046875,2308.333251953125,2170.0,2308.333251953125,391680.0
2020-07-03,2173.333251953125,2184.166748046875,2114.166748046875,2175.0,1984.161376953125,218280.0,2282.7500244140624,2285.133359375,2158.222215169271,,39.51150048217713,2257.6166650390624,23.90000000000009,,0.1422319718919236,2391.666748046875,2207.5,2118.333251953125,2195.833251953125,326040.0
2020-07-04,2173.333251953125,2184.166748046875,2114.166748046875,2175.0,1984.161376953125,218280.0,2279.5416870117188,2278.433359375,2161.633326822917,,39.51150048217713,2259.3666650390624,20.788889973958703,,0.1422319718919236,2391.666748046875,2184.166748046875,2175.0,2173.333251953125,218280.0
2020-07-05,2173.333251953125,2184.166748046875,2114.166748046875,2175.0,1984.161376953125,218280.0,2280.208349609375,2270.433359375,2165.7444384765627,,39.51150048217713,2261.1166650390624,17.90000000000009,,0.1422319718919236,2391.666748046875,2184.166748046875,2175.0,2173.333251953125,218280.0
2020-07-06,2190.0,2226.666748046875,2185.0,2220.0,2025.213623046875,148200.0,2277.208349609375,2268.133359375,2170.5444384765624,,44.16107994853193,2263.7666650390624,19.033333333333303,,0.1418774349574514,2391.666748046875,2184.166748046875,2175.0,2173.333251953125,218280.0
2020-07-07,2166.666748046875,2194.166748046875,2119.166748046875,2128.333251953125,1941.5897216796875,299880.0,2270.291674804688,2263.70001953125,2172.96666015625,,34.413968093469364,2264.8666650390624,18.477778320312154,,0.0403258051106281,2391.666748046875,2226.666748046875,2220.0,2190.0,148200.0
2020-07-08,2129.166748046875,2187.5,2125.0,2125.833251953125,1939.308837890625,201720.0,2262.666674804688,2259.1666796875,2176.122215169271,,35.06988805403425,2264.433330078125,17.90000000000009,,0.0391038092082522,2391.666748046875,2194.166748046875,2128.333251953125,2166.666748046875,299880.0
2020-07-09,2102.5,2115.833251953125,2064.166748046875,2071.666748046875,1889.8951416015625,82320.0,2251.416674804688,2252.4666796875,2178.5555501302083,,34.11621257135903,2262.75,16.92222330729146,,0.0126273108804715,2391.666748046875,2187.5,2125.833251953125,2129.166748046875,201720.0
2020-07-10,2064.166748046875,2071.666748046875,2012.5,2012.5,1835.9195556640625,141840.0,2237.208337402344,2246.500009765625,2180.1999951171874,,22.762161943453307,2260.2333349609376,14.455556640624764,,-0.0363128116081097,2391.666748046875,2115.833251953125,2071.666748046875,2102.5,82320.0
2020-07-11,2064.166748046875,2071.666748046875,2012.5,2012.5,1835.9195556640625,141840.0,2223.0,2235.800009765625,2181.1999951171874,,22.762161943453307,2257.9833349609376,10.655556640625036,,-0.0405244338498211,2391.666748046875,2071.666748046875,2012.5,2064.166748046875,141840.0
2020-07-12,2064.166748046875,2071.666748046875,2012.5,2012.5,1835.9195556640625,141840.0,2209.0,2225.63333984375,2181.7333284505207,,22.762161943453307,2255.7333349609376,8.766668294270858,,-0.0412862618596222,2391.666748046875,2071.666748046875,2012.5,2064.166748046875,141840.0
2020-07-13,1993.3333740234373,2114.166748046875,1984.1666259765625,2105.833251953125,1921.063720703125,147960.0,2197.4583251953127,2218.73333984375,2183.511105143229,,33.448673548107166,2255.35,7.388889973958157,,0.0234912524681045,2391.666748046875,2071.666748046875,2012.5,2064.166748046875,141840.0
2020-07-14,2118.333251953125,2129.166748046875,2081.666748046875,2114.166748046875,1928.6658935546875,165600.0,2187.0833251953127,2211.43333984375,2185.111106770833,,29.71986348590538,2254.766669921875,6.555556640625127,,0.0127744900823352,2391.666748046875,2114.166748046875,2105.833251953125,1993.3333740234373,147960.0
2020-07-15,2132.5,2157.5,2111.666748046875,2129.166748046875,1942.349853515625,144360.0,2179.25,2204.73333984375,2188.1111083984374,,45.72426899732648,2252.466669921875,7.911113281249982,,0.0199601188248503,2391.666748046875,2129.166748046875,2114.166748046875,2118.333251953125,165600.0
2020-07-16,2130.0,2158.333251953125,2111.666748046875,2119.166748046875,1933.227294921875,104880.0,2166.833337402344,2197.63333984375,2190.977776692708,,50.0956209310689,2249.4500048828127,9.777781575520748,,0.0151696996631736,2391.666748046875,2157.5,2129.166748046875,2132.5,144360.0
2020-07-17,2055.0,2064.166748046875,2026.6666259765625,2045.0,1865.5679931640625,220080.0,2150.708337402344,2187.73333984375,2192.855555013021,,35.66176985374187,2244.08333984375,11.122226562500146,,-0.0136655561407865,2391.666748046875,2158.333251953125,2119.166748046875,2130.0,104880.0
2020-07-18,2055.0,2064.166748046875,2026.6666259765625,2045.0,1865.5679931640625,220080.0,2134.583337402344,2176.066669921875,2194.733333333333,,35.66176985374187,2238.166674804688,11.222228190104031,,-0.0477299185098952,2391.666748046875,2064.166748046875,2045.0,2055.0,220080.0
2020-07-19,2055.0,2064.166748046875,2026.6666259765625,2045.0,1865.5679931640625,220080.0,2119.583337402344,2165.0,2196.611111653646,,35.66176985374187,2232.250009765625,11.50000488281239,,-0.0514108648489919,2391.666748046875,2064.166748046875,2045.0,2055.0,220080.0
2020-07-20,2049.166748046875,2050.0,1997.5,2041.6666259765625,1862.527099609375,110400.0,2102.083331298828,2155.2333349609376,2198.44444498698,,28.340086734126544,2226.266677246094,10.333336588541895,,-0.0452065298466778,2220.0,2064.166748046875,2045.0,2055.0,220080.0
2020-07-21,1982.5,2042.5,1976.6666259765625,2013.3333740234373,1836.679931640625,208680.0,2094.25,2141.066669921875,2199.3666682942708,,33.49284241682366,2219.3333447265627,8.388891601562591,,-0.0525490004595589,2220.0,2050.0,2041.6666259765625,2049.166748046875,110400.0
2020-07-22,1974.1666259765625,2029.1666259765625,1974.1666259765625,2005.8333740234373,1829.837890625,166440.0,2088.625006103516,2126.6000048828123,2198.833334960937,,33.01888715418548,2212.1333471679686,5.977779947916588,,-0.0560784122242647,2220.0,2042.5,2013.3333740234373,1982.5,208680.0
2020-07-23,1974.1666259765625,2029.1666259765625,1974.1666259765625,2005.8333740234373,1829.837890625,166440.0,2080.166674804688,2112.13333984375,2198.300001627604,,38.99721516663093,2205.383349609375,3.5666682942710395,,-0.0560784122242647,2220.0,2029.1666259765625,2005.8333740234373,1974.1666259765625,166440.0
2020-07-24,1974.1666259765625,2029.1666259765625,1974.1666259765625,2005.8333740234373,1829.837890625,166440.0,2071.7083435058594,2098.5666748046874,2197.766668294271,,48.61112029463685,2199.433352050781,1.1555566406250364,,-0.0641523560577386,2220.0,2029.1666259765625,2005.8333740234373,1974.1666259765625,166440.0
2020-07-25,1974.1666259765625,2029.1666259765625,1974.1666259765625,2005.8333740234373,1829.837890625,166440.0,2063.250012207031,2083.13333984375,2196.666669921875,,48.61112029463685,2193.75001953125,-1.7777750651043789,,-0.1062012768128135,2220.0,2029.1666259765625,2005.8333740234373,1974.1666259765625,166440.0
2020-07-26,1974.1666259765625,2029.1666259765625,1974.1666259765625,2005.8333740234373,1829.837890625,166440.0,2052.5416809082026,2076.5666748046874,2195.444448242188,,48.61112029463685,2188.066687011719,-3.922220052083048,,-0.1163729629852698,2129.166748046875,2029.1666259765625,2005.8333740234373,1974.1666259765625,166440.0
2020-07-27,1997.5,2040.0,1976.6666259765625,2009.1666259765625,1832.8787841796875,239520.0,2046.5833496093744,2072.200009765625,2194.2444466145835,,17.77781756362512,2182.45001953125,-4.588888346353997,,-0.131484136891975,2129.166748046875,2029.1666259765625,2005.8333740234373,1974.1666259765625,166440.0
2020-07-28,2010.0,2017.5,1984.1666259765625,1994.1666259765625,1819.19482421875,77280.0,2040.0000183105465,2064.9666748046875,2193.400001627604,,11.70207875407226,2175.0500170898435,-4.900000000000091,,-0.148095395384235,2129.166748046875,2040.0,2009.1666259765625,1997.5,239520.0
2020-07-29,1975.8333740234373,1984.1666259765625,1935.0,1944.1666259765625,1773.58203125,88320.0,2033.625012207031,2055.73333984375,2191.4888899739585,,1.7390883447454255,2167.083349609375,-6.277778320312336,,-0.1694553106871645,2129.166748046875,2017.5,1994.1666259765625,2010.0,77280.0
2020-07-30,1981.6666259765625,2000.0,1950.8333740234373,1956.6666259765625,1784.9853515625,94680.0,2030.833343505859,2047.0000048828124,2189.744444986979,,8.154466234087195,2158.716682128906,-6.922224934895894,,-0.1641153318614321,2129.166748046875,1984.1666259765625,1944.1666259765625,1975.8333740234373,88320.0
2020-07-31,1919.1666259765625,1939.1666259765625,1875.8333740234373,1876.6666259765625,1712.0045166015625,141600.0,2024.041674804687,2033.266669921875,2186.9333333333334,,7.916630808490581,2150.700014648437,-8.511114908854324,,-0.2048022771285752,2129.166748046875,2000.0,1956.6666259765625,1981.6666259765625,94680.0
2020-08-01,1919.1666259765625,1939.1666259765625,1875.8333740234373,1876.6666259765625,1712.0045166015625,141600.0,2017.2500061035155,2023.2000048828124,2184.3111116536456,,7.916630808490581,2143.4500122070312,-9.933334960937827,,-0.2067629346120352,2129.166748046875,1939.1666259765625,1876.6666259765625,1919.1666259765625,141600.0
2020-08-02,1919.1666259765625,1939.1666259765625,1875.8333740234373,1876.6666259765625,1712.0045166015625,141600.0,2005.791674804687,2013.23333984375,2180.7,,7.916630808490581,2136.200009765625,-12.700001627604252,,-0.1991465044878292,2129.166748046875,1939.1666259765625,1876.6666259765625,1919.1666259765625,141600.0
2020-08-03,1945.8333740234373,1974.1666259765625,1940.8333740234373,1964.1666259765625,1791.8272705078125,101160.0,1998.291668701172,2008.9333349609376,2178.144444986979,,36.363628553214696,2130.700007324219,-13.344444986979395,,-0.1472503493313285,2129.166748046875,1939.1666259765625,1876.6666259765625,1919.1666259765625,141600.0
2020-08-04,1978.3333740234373,2008.3333740234373,1953.3333740234373,1995.8333740234373,1820.7154541015625,103560.0,1991.6249999999995,2008.266669921875,2176.2444466145835,,46.95652173913044,2127.38333984375,-13.499998372395568,,-0.1284570419111628,2119.166748046875,1974.1666259765625,1964.1666259765625,1945.8333740234373,101160.0
2020-08-05,1955.8333740234373,1999.1666259765625,1949.1666259765625,1995.0,1819.955322265625,39840.0,1985.416662597656,2007.566669921875,2174.51111328125,,48.071209652145335,2121.68333984375,-12.422220052083505,,-0.1288209606986899,2045.0,2008.3333740234373,1995.8333740234373,1978.3333740234373,103560.0
2020-08-06,1975.8333740234373,1988.3333740234373,1963.3333740234373,1978.3333740234373,1804.7509765625,89400.0,1982.083331298828,2006.2000048828124,2172.555558268229,,45.3781512605042,2115.916672363281,-11.755553385416531,,-0.1360989633085426,2045.0,1999.1666259765625,1995.0,1955.8333740234373,39840.0
2020-08-07,1980.8333740234373,1980.8333740234373,1949.1666259765625,1958.3333740234373,1786.505615234375,69000.0,1977.7499999999995,2000.300009765625,2170.333336588541,,42.51968503937008,2109.516674804688,-10.366663411458376,,-0.1716602157435433,2045.0,1988.3333740234373,1978.3333740234373,1975.8333740234373,89400.0
2020-08-08,1980.8333740234373,1980.8333740234373,1949.1666259765625,1958.3333740234373,1786.505615234375,69000.0,1973.416668701172,1994.066674804688,2167.866671549479,,42.51968503937008,2102.7500073242186,-10.277773437499944,,-0.1639985596484793,2041.6666259765625,1980.8333740234373,1958.3333740234373,1980.8333740234373,69000.0
2020-08-09,1980.8333740234373,1980.8333740234373,1949.1666259765625,1958.3333740234373,1786.505615234375,69000.0,1969.2500061035155,1987.23333984375,2164.055559895833,,42.51968503937008,2095.98333984375,-12.188886718749927,,-0.1754385793585527,2013.3333740234373,1980.8333740234373,1958.3333740234373,1980.8333740234373,69000.0
2020-08-10,1980.8333740234373,1980.8333740234373,1949.1666259765625,1958.3333740234373,1786.505615234375,69000.0,1966.5000061035155,1980.8000048828128,2159.9000048828125,,41.909829371003205,2089.2166723632813,-14.611108398437407,,-0.1401390234803787,2009.1666259765625,1980.8333740234373,1958.3333740234373,1980.8333740234373,69000.0
2020-08-11,1966.6666259765625,1995.8333740234373,1963.3333740234373,1985.8333740234373,1811.5927734375,191400.0,1965.5000061035155,1978.43333984375,2155.53333984375,,48.72450256982853,2083.08333984375,-17.02221842447898,,-0.1131373419350788,2009.1666259765625,1980.8333740234373,1958.3333740234373,1980.8333740234373,69000.0
2020-08-12,1994.1666259765625,2081.666748046875,1990.0,2066.666748046875,1885.333740234375,285240.0,1968.541674804687,1979.300009765625,2151.877786458333,,67.13287835552394,2077.68333984375,-18.45555013020794,,-0.0770375855886856,2066.666748046875,1995.8333740234373,1985.8333740234373,1966.6666259765625,191400.0
2020-08-13,2067.5,2096.666748046875,2033.3333740234373,2040.0,1861.0067138671875,132960.0,1970.250006103516,1979.100009765625,2147.866676432292,,61.21076166906702,2072.0500048828126,-19.99999511718761,,-0.0889468139077177,2066.666748046875,2081.666748046875,2066.666748046875,1994.1666259765625,285240.0
2020-08-14,2001.6666259765625,2036.6666259765625,1985.8333740234373,2009.1666259765625,1832.8787841796875,105840.0,1970.416668701172,1977.800009765625,2143.444454752604,,70.54262010763375,2066.516672363281,-20.61110514322945,,-0.0705474709309844,2066.666748046875,2096.666748046875,2040.0,2067.5,132960.0
2020-08-15,2001.6666259765625,2036.6666259765625,1985.8333740234373,2009.1666259765625,1832.8787841796875,105840.0,1970.583331298828,1977.63333984375,2138.766676432292,,70.54262010763375,2059.3500048828123,-21.13332845052082,,-0.1187865675541393,2066.666748046875,2036.6666259765625,2009.1666259765625,2001.6666259765625,105840.0
2020-08-16,2001.6666259765625,2036.6666259765625,1985.8333740234373,2009.1666259765625,1832.8787841796875,105840.0,1970.583331298828,1977.766669921875,2134.0111214192707,,70.54262010763375,2052.183337402344,-21.52221842447944,,-0.1136029909523282,2066.666748046875,2036.6666259765625,2009.1666259765625,2001.6666259765625,105840.0
2020-08-17,2008.3333740234373,2008.3333740234373,1954.1666259765625,1954.1666259765625,1782.7044677734375,112560.0,1968.583331298828,1975.7,2128.822233072917,,48.27586352045434,2043.916669921875,-23.055553385416715,,-0.1422823573762386,2066.666748046875,2036.6666259765625,2009.1666259765625,2001.6666259765625,105840.0
2020-08-18,1945.0,2043.3333740234373,1941.6666259765625,2014.1666259765625,1837.440185546875,252960.0,1972.083331298828,1976.033330078125,2124.966678059896,,52.879566897309175,2037.300002441406,-22.899998372395657,,-0.1230044029289645,2066.666748046875,2008.3333740234373,1954.1666259765625,2008.3333740234373,112560.0
2020-08-19,2002.5,2036.6666259765625,2002.5,2023.3333740234373,1845.8026123046875,124680.0,1975.416668701172,1976.733330078125,2121.411123046875,,54.33673822100066,2029.9333349609376,-22.03333170572887,,-0.1190130759091997,2066.666748046875,2043.3333740234373,2014.1666259765625,1945.0,252960.0
2020-08-20,2015.8333740234373,2087.5,2005.8333740234373,2068.333251953125,1886.8538818359373,293160.0,1985.0,1979.2333251953123,2118.45556640625,,62.67603478624466,2027.9,-20.31111002604166,,-0.0994195158213218,2068.333251953125,2036.6666259765625,2023.3333740234373,2002.5,124680.0
2020-08-21,2052.5,2078.333251953125,2033.3333740234373,2039.1666259765625,1860.24658203125,306960.0,1993.125,1980.4333251953128,2115.111121419271,,61.0983845157,2026.3166674804688,-18.89999999999964,,-0.1105052885598418,2068.333251953125,2087.5,2068.333251953125,2015.8333740234373,293160.0
2020-08-22,2052.5,2078.333251953125,2033.3333740234373,2039.1666259765625,1860.24658203125,306960.0,2001.25,1982.2333251953123,2110.777786458333,,61.0983845157,2023.6,-18.04444661458365,,-0.1273181647827962,2068.333251953125,2078.333251953125,2039.1666259765625,2052.5,306960.0
2020-08-23,2052.5,2078.333251953125,2033.3333740234373,2039.1666259765625,1860.24658203125,306960.0,2005.0,1986.0333251953125,2106.7333414713544,,61.0983845157,2020.8833325195312,-18.233336588541533,,-0.1216798760235371,2068.333251953125,2078.333251953125,2039.1666259765625,2052.5,306960.0
2020-08-24,2065.833251953125,2085.833251953125,2043.3333740234373,2058.333251953125,1877.7313232421875,144720.0,2008.1249938964845,1990.099990234375,2102.5111181640623,,63.04346095411634,2018.5499975585933,-18.900004882812937,,-0.0995260698940367,2068.333251953125,2078.333251953125,2039.1666259765625,2052.5,306960.0
2020-08-25,2063.333251953125,2107.5,2050.0,2063.333251953125,1882.2928466796875,147960.0,2011.5416564941409,1997.5666552734367,2099.6555615234374,,60.739011897033365,2015.4166625976563,-18.800004882812573,,-0.1284759231454593,2068.333251953125,2085.833251953125,2058.333251953125,2065.833251953125,144720.0
2020-08-26,2056.666748046875,2095.833251953125,2030.0,2090.833251953125,1907.3798828125,75840.0,2017.166650390625,2006.1333203125,2097.677781575521,,53.92951283028455,2014.6666625976563,-17.43333984375022,,-0.1168602948455649,2090.833251953125,2107.5,2063.333251953125,2063.333251953125,147960.0
2020-08-27,2090.833251953125,2108.333251953125,2080.833251953125,2094.166748046875,1910.4207763671875,140760.0,2023.958319091797,2014.8333251953125,2095.7444482421874,,59.53080337850435,2014.0333325195315,-15.033338216145694,,-0.1154522711523231,2094.166748046875,2095.833251953125,2090.833251953125,2056.666748046875,75840.0
2020-08-28,2073.333251953125,2155.0,2060.0,2083.333251953125,1921.9525146484373,231840.0,2030.2083129882808,2019.599990234375,2093.666668294271,,64.03783637661705,2014.266662597656,-13.06667317708343,,-0.1115849671841684,2094.166748046875,2108.333251953125,2094.166748046875,2090.833251953125,140760.0
2020-08-29,2073.333251953125,2155.0,2060.0,2083.333251953125,1921.9525146484373,231840.0,2036.4583068847653,2023.0999853515625,2092.622221679688,,64.03783637661705,2015.6833276367188,-9.888896484374982,,-0.128919924293611,2094.166748046875,2155.0,2083.333251953125,2073.333251953125,231840.0
2020-08-30,2073.333251953125,2155.0,2060.0,2083.333251953125,1921.9525146484373,231840.0,2042.70830078125,2026.633315429688,2089.999998372396,,64.03783637661705,2017.099992675781,-9.655563151041406,,-0.0399385935699885,2094.166748046875,2155.0,2083.333251953125,2073.333251953125,231840.0
2020-08-31,2121.666748046875,2170.833251953125,2114.166748046875,2131.666748046875,1966.5419921875,142680.0,2049.999969482422,2032.766650390625,2088.199998372396,,84.46599410365675,2019.4833276367187,-9.477783203125,,0.0062943335669476,2131.666748046875,2155.0,2083.333251953125,2073.333251953125,231840.0
2020-09-01,2125.0,2160.0,2113.333251953125,2154.166748046875,1987.299072265625,114360.0,2054.374969482422,2040.5999853515625,2086.544444986979,,81.81815659708485,2020.4499975585936,-9.20000325520823,,-0.0095785066451149,2154.166748046875,2170.833251953125,2131.666748046875,2121.666748046875,142680.0
2020-09-02,2136.666748046875,2156.666748046875,2118.333251953125,2152.5,1985.760986328125,131040.0,2059.999969482422,2048.366650390625,2084.622221679688,,80.39209491252028,2021.2166625976563,-9.044446614583649,,-0.0103448275862069,2154.166748046875,2160.0,2154.166748046875,2125.0,114360.0
2020-09-03,2181.666748046875,2211.666748046875,2170.833251953125,2170.833251953125,2002.6746826171875,172800.0,2068.08330078125,2056.8666455078123,2082.944441731771,,77.57841495056984,2022.049992675781,-9.677779947916406,,-0.0019157462284482,2170.833251953125,2156.666748046875,2152.5,2136.666748046875,131040.0
2020-09-04,2129.166748046875,2160.833251953125,2127.5,2155.0,1988.0675048828125,80760.0,2075.374969482422,2064.733310546875,2081.0555517578123,,83.57481974322121,2022.766657714844,-8.94444661458374,,-0.0292792792792793,2170.833251953125,2211.666748046875,2170.833251953125,2181.666748046875,172800.0
2020-09-05,2129.166748046875,2160.833251953125,2127.5,2155.0,1988.0675048828125,80760.0,2082.666638183594,2071.4999755859376,2079.22221842448,,83.57481974322121,2024.966657714844,-8.977779947916588,,0.0125294044165327,2170.833251953125,2160.833251953125,2155.0,2129.166748046875,80760.0
2020-09-06,2129.166748046875,2160.833251953125,2127.5,2155.0,1988.0675048828125,80760.0,2092.708306884765,2075.0333056640625,2076.799995117188,,83.57481974322121,2027.166657714844,-9.74444986979188,,0.013720148567663,2170.833251953125,2160.833251953125,2155.0,2129.166748046875,80760.0
2020-09-07,2141.666748046875,2178.333251953125,2141.666748046875,2159.166748046875,1991.91162109375,105720.0,2099.958312988281,2079.7999755859373,2074.633328450521,,82.01053444154749,2029.4499926757808,-9.98889322916648,,0.0422365228782539,2170.833251953125,2160.833251953125,2155.0,2129.166748046875,80760.0
2020-09-08,2160.833251953125,2191.666748046875,2145.833251953125,2180.0,2011.130859375,102480.0,2107.791644287109,2086.633310546875,2073.22221842448,,83.6537906264305,2032.21666015625,-9.722223307291642,,0.0832298136645963,2180.0,2178.333251953125,2159.166748046875,2141.666748046875,105720.0
2020-09-09,2117.5,2175.833251953125,2117.5,2170.0,2001.9056396484373,102240.0,2112.8749816894533,2093.0666455078126,2070.588885091146,,75.40102930463186,2035.349992675781,-10.466666666666242,,0.0782608695652173,2180.0,2191.666748046875,2180.0,2160.833251953125,102480.0
2020-09-10,2175.0,2193.333251953125,2145.833251953125,2168.333251953125,2000.367919921875,166800.0,2119.333312988281,2099.433310546875,2067.933328450521,,74.05395047730052,2038.599990234375,-11.288889973958248,,0.0774326717779503,2180.0,2175.833251953125,2170.0,2117.5,102240.0
2020-09-11,2166.666748046875,2181.666748046875,2156.666748046875,2170.0,2001.9056396484373,236040.0,2125.8749816894533,2108.0666455078126,2065.299995117188,2047.512495727539,79.8850352151212,2041.8833227539064,-11.5,,0.0304709539501104,2180.0,2193.333251953125,2168.333251953125,2175.0,166800.0
2020-09-12,2166.666748046875,2181.666748046875,2156.666748046875,2170.0,2001.9056396484373,236040.0,2132.416650390625,2114.29998046875,2062.9666617838543,2046.6499957275391,79.8850352151212,2045.1666552734373,-11.666666666666517,,0.026409105149679,2180.0,2181.666748046875,2170.0,2166.666748046875,236040.0
2020-09-13,2166.666748046875,2181.666748046875,2156.666748046875,2170.0,2001.9056396484373,236040.0,2137.999987792969,2120.1666455078125,2060.011105143229,2045.979161987305,79.8850352151212,2048.449987792969,-13.211113281250164,,0.0191780432371406,2180.0,2181.666748046875,2170.0,2166.666748046875,236040.0
2020-09-14,2154.166748046875,2204.166748046875,2139.166748046875,2193.333251953125,2023.431396484375,147000.0,2144.499987792969,2125.1666455078125,2060.3222151692707,2045.812494506836,75.69437662760417,2052.199985351562,-10.266669921875293,,0.0349979556703621,2193.333251953125,2181.666748046875,2170.0,2166.666748046875,236040.0
2020-09-15,2181.666748046875,2195.833251953125,2157.5,2178.333251953125,2009.593505859375,161760.0,2148.874987792969,2130.733310546875,2061.122215169271,2045.937494506836,60.74066840277777,2055.5833178710936,-6.811113281250073,,0.065199634206907,2193.333251953125,2204.166748046875,2193.333251953125,2154.166748046875,147000.0
2020-09-16,2169.166748046875,2203.333251953125,2160.833251953125,2191.666748046875,2021.89404296875,108000.0,2153.749987792969,2136.8333154296874,2061.3444384765626,2046.1291619873048,65.7718345140556,2059.5333203125,-3.955556640624764,-1.3833337402343204,0.0717196811965159,2193.333251953125,2195.833251953125,2178.333251953125,2181.666748046875,161760.0
2020-09-17,2162.5,2210.0,2162.5,2200.0,2029.5819091796875,123840.0,2159.5833251953127,2143.266650390625,2061.677771809896,2046.362495727539,62.773749163328894,2064.6499877929687,-1.2888899739582484,-0.2875000000001364,0.0757946210268949,2200.0,2203.333251953125,2191.666748046875,2169.166748046875,108000.0
2020-09-18,2208.333251953125,2244.166748046875,2207.5,2243.333251953125,2069.55859375,126840.0,2167.5833251953127,2150.666650390625,2062.5888818359376,2046.1958282470705,81.17642395655793,2070.3833203125,2.5777766927085395,0.2166662597655886,0.0987754922428152,2243.333251953125,2210.0,2200.0,2162.5,123840.0
2020-09-19,2208.333251953125,2244.166748046875,2207.5,2243.333251953125,2069.55859375,126840.0,2175.5833251953127,2157.866650390625,2062.89999186198,2046.424994506836,81.17642395655793,2077.716652832032,2.5777766927085395,0.6124999999999545,0.1142383476562836,2243.333251953125,2244.166748046875,2243.333251953125,2208.333251953125,126840.0
2020-09-20,2208.333251953125,2244.166748046875,2207.5,2243.333251953125,2069.55859375,126840.0,2181.166650390625,2163.966650390625,2064.4333251953126,2046.887494506836,81.17642395655793,2085.0499853515626,3.3111100260416606,0.9500000000000456,0.1184045898355425,2243.333251953125,2244.166748046875,2243.333251953125,2208.333251953125,126840.0
2020-09-21,2208.333251953125,2244.166748046875,2207.5,2243.333251953125,2069.55859375,126840.0,2185.6249755859376,2169.933310546875,2065.999991861979,2047.0541607666016,80.60600142045455,2092.383317871094,4.655553385416624,0.9249987792968568,0.1184045898355425,2243.333251953125,2244.166748046875,2243.333251953125,2208.333251953125,126840.0
2020-09-22,2208.333251953125,2244.166748046875,2207.5,2243.333251953125,2069.55859375,126840.0,2190.166638183594,2176.333310546875,2068.288878580729,2047.6791607666016,77.14280333230795,2097.966650390625,6.611106770832976,1.316665039062627,0.1184045898355425,2243.333251953125,2244.166748046875,2243.333251953125,2208.333251953125,126840.0
2020-09-23,2198.333251953125,2232.5,2197.5,2215.833251953125,2044.1885986328125,132600.0,2192.416638183594,2181.633310546875,2070.999988606771,2048.1666607666016,67.08070465310519,2102.3666479492185,8.411106770833157,1.9708325195313137,0.1046945776500147,2243.333251953125,2244.166748046875,2243.333251953125,2208.333251953125,126840.0
2020-09-24,2189.166748046875,2215.0,2167.5,2190.0,2020.3563232421875,169080.0,2194.166638183594,2185.89998046875,2073.3666552734376,2048.524994506836,56.842134478893136,2106.2666479492186,10.466663411458285,2.099999999999909,0.0918155158656817,2243.333251953125,2232.5,2215.833251953125,2198.333251953125,132600.0
2020-09-25,2179.166748046875,2203.333251953125,2172.5,2199.166748046875,2028.8131103515625,252480.0,2196.3749755859376,2188.59998046875,2075.855545247396,2049.562495117188,58.79399870151475,2110.683315429688,11.422220052083048,2.675000610351617,0.0945666325598864,2243.333251953125,2215.0,2190.0,2189.166748046875,169080.0
2020-09-26,2179.166748046875,2203.333251953125,2172.5,2199.166748046875,2028.8131103515625,252480.0,2198.583312988281,2190.39998046875,2077.099991861979,2050.3791619873045,58.79399870151475,2115.499982910156,11.099999999999907,3.325001220702916,0.1027998961570837,2243.333251953125,2203.333251953125,2199.166748046875,2179.166748046875,252480.0
2020-09-27,2179.166748046875,2203.333251953125,2172.5,2199.166748046875,2028.8131103515625,252480.0,2200.583312988281,2192.266650390625,2078.2333251953123,2051.4416625976564,58.79399870151475,2120.316650390625,9.944446614583285,3.7625018310548057,0.131161660046615,2243.333251953125,2203.333251953125,2199.166748046875,2179.166748046875,252480.0
2020-09-28,2230.0,2231.666748046875,2201.666748046875,2231.666748046875,2058.79541015625,255240.0,2203.166650390625,2194.699990234375,2079.599991861979,2053.0124963378908,60.952427455357146,2125.783317871094,8.600003255208321,4.845835571289172,0.1405452101136857,2243.333251953125,2203.333251953125,2199.166748046875,2179.166748046875,252480.0
2020-09-29,2167.5,2209.166748046875,2167.5,2208.333251953125,2037.26953125,220920.0,2205.083312988281,2196.8333203125,2080.788878580729,2055.2583294677734,58.18181091813661,2130.783315429688,7.42222330729146,6.733334960937555,0.1767317761107265,2243.333251953125,2231.666748046875,2231.666748046875,2230.0,255240.0
2020-09-30,2199.166748046875,2235.0,2182.5,2184.166748046875,2014.9749755859373,211320.0,2205.874987792969,2197.999990234375,2082.6444352213543,2057.383330078125,48.0686679089558,2134.749982910156,6.788889973958703,7.820834960937191,0.1638544202864471,2243.333251953125,2209.166748046875,2208.333251953125,2167.5,220920.0
2020-10-01,2199.166748046875,2235.0,2182.5,2184.166748046875,2014.9749755859373,211320.0,2206.5833251953127,2199.16666015625,2084.499991861979,2059.5083306884767,45.7399303443501,2137.099982910156,7.400000000000091,9.129168701172148,0.1638544202864471,2243.333251953125,2235.0,2184.166748046875,2199.166748046875,211320.0
2020-10-02,2188.333251953125,2309.166748046875,2185.833251953125,2227.5,2054.951904296875,317280.0,2209.4583251953127,2201.899990234375,2086.9333251953126,2061.9583306884765,45.7399303443501,2140.849982910156,8.700000000000273,10.516668090820076,0.1340687549318842,2243.333251953125,2235.0,2184.166748046875,2199.166748046875,211320.0
2020-10-03,2188.333251953125,2309.166748046875,2185.833251953125,2227.5,2054.951904296875,317280.0,2212.3333251953127,2203.799990234375,2089.411103515625,2064.8083306884764,45.7399303443501,2145.216650390625,9.811111653646094,11.795834350585665,0.1160751338221897,2243.333251953125,2309.166748046875,2227.5,2188.333251953125,317280.0
2020-10-04,2188.333251953125,2309.166748046875,2185.833251953125,2227.5,2054.951904296875,317280.0,2214.0416625976563,2206.099990234375,2092.2666585286456,2067.5916638183594,45.7399303443501,2149.5833178710936,11.477779947916588,12.333334350586028,0.1165413533834587,2243.333251953125,2309.166748046875,2227.5,2188.333251953125,317280.0
2020-10-05,2226.666748046875,2274.166748046875,2215.0,2255.0,2080.321533203125,225960.0,2217.875,2209.56666015625,2095.588880208333,2071.024996948242,52.734395116575286,2154.4999853515624,12.944444986978851,13.641666870117206,0.1398483337587799,2255.0,2309.166748046875,2227.5,2188.333251953125,317280.0
2020-10-06,2268.333251953125,2274.166748046875,2235.833251953125,2255.833251953125,2081.090087890625,188400.0,2221.0833251953127,2212.999990234375,2098.9222119140627,2074.4624963378906,52.91829015555855,2160.533317871094,14.422220052083505,14.95416564941388,0.1519148281267699,2255.833251953125,2274.166748046875,2255.0,2226.666748046875,225960.0
2020-10-07,2237.5,2275.0,2210.833251953125,2262.5,2087.240478515625,181680.0,2224.2083251953127,2216.699990234375,2102.34443359375,2077.933329467773,62.06899164407313,2165.4999853515624,15.411108398437593,15.97499877929704,0.1553191249310355,2262.5,2274.166748046875,2255.833251953125,2268.333251953125,188400.0
2020-10-08,2276.666748046875,2320.0,2260.833251953125,2295.0,2117.22265625,164280.0,2226.7916625976563,2221.699990234375,2106.199988606771,2081.5666625976564,76.25,2170.933317871093,16.788885091145858,16.758331909180015,0.1719148692670615,2295.0,2275.0,2262.5,2237.5,181680.0
2020-10-09,2314.166748046875,2330.833251953125,2275.833251953125,2310.0,2131.060791015625,153360.0,2230.125,2226.36666015625,2110.255543619792,2084.887495727539,76.92306779916332,2175.7666528320315,17.98888509114613,17.29583190917947,0.1795744435759965,2310.0,2320.0,2295.0,2276.666748046875,164280.0
2020-10-10,2314.166748046875,2330.833251953125,2275.833251953125,2310.0,2131.060791015625,153360.0,2233.458337402344,2231.633330078125,2114.2666552734377,2087.4416625976564,76.92306779916332,2181.1833203125,18.67777506510447,16.416665649414426,0.1632395900970173,2310.0,2330.833251953125,2310.0,2314.166748046875,153360.0
2020-10-11,2314.166748046875,2330.833251953125,2275.833251953125,2310.0,2131.060791015625,153360.0,2236.791674804688,2236.36666015625,2118.4777669270834,2089.7708294677736,76.92306779916332,2186.599987792969,19.55555501302069,15.308333129883067,0.117741891469967,2310.0,2330.833251953125,2310.0,2314.166748046875,153360.0
2020-10-12,2332.5,2355.0,2295.833251953125,2315.833251953125,2136.44189453125,110040.0,2240.416674804688,2240.999990234375,2123.433321940104,2091.974995727539,73.48834800903708,2192.1333203125,21.088888346354,14.041666259765408,0.1352123784083945,2315.833251953125,2330.833251953125,2310.0,2314.166748046875,153360.0
2020-10-13,2333.333251953125,2345.833251953125,2306.666748046875,2331.666748046875,2151.049072265625,103320.0,2246.208349609375,2244.533330078125,2128.433323567708,2093.404162597656,85.92241156175247,2197.599990234375,22.2333349609371,11.837499999999636,0.1605143734226424,2331.666748046875,2355.0,2315.833251953125,2332.5,110040.0
2020-10-14,2314.166748046875,2345.0,2310.0,2342.5,2161.043212890625,120720.0,2253.833349609375,2248.5,2134.6444352213543,2094.887495727539,100.0,2203.1833251953126,24.38889160156259,10.0,0.1659062865736282,2342.5,2345.833251953125,2331.666748046875,2333.333251953125,103320.0
2020-10-15,2325.833251953125,2370.833251953125,2316.666748046875,2370.0,2186.413330078125,159600.0,2262.3750122070314,2253.566669921875,2141.222213541667,2096.508328857422,100.0,2208.76666015625,26.9555582682292,9.066666259765498,0.1795935535451436,2370.0,2345.0,2342.5,2314.166748046875,120720.0
2020-10-16,2355.833251953125,2360.833251953125,2325.0,2350.0,2167.962158203125,168720.0,2269.916674804688,2257.83333984375,2147.5333251953125,2098.508328857422,87.6923076923077,2213.8833251953124,29.055558268229102,8.737499389648292,0.2025586604344071,2370.0,2370.833251953125,2370.0,2325.833251953125,159600.0
2020-10-17,2355.833251953125,2360.833251953125,2325.0,2350.0,2167.962158203125,168720.0,2277.458337402344,2262.100009765625,2152.677770182292,2100.674995727539,87.6923076923077,2219.21666015625,29.244448242187445,8.700000000000273,0.1667356462430758,2370.0,2360.833251953125,2350.0,2355.833251953125,168720.0
2020-10-18,2355.833251953125,2360.833251953125,2325.0,2350.0,2167.962158203125,168720.0,2283.375,2267.4666796875,2157.39999186198,2103.758328857422,87.6923076923077,2224.549995117188,28.96666829427113,10.35416625976586,0.1614497295257775,2370.0,2360.833251953125,2350.0,2355.833251953125,168720.0
2020-10-19,2354.166748046875,2378.333251953125,2351.666748046875,2360.0,2177.18798828125,98040.0,2290.958337402344,2274.2666796875,2162.2666585286456,2107.391661987305,86.20689655172414,2230.083330078125,27.62222330729128,12.504166259765952,0.1410153551278328,2370.0,2360.833251953125,2350.0,2355.833251953125,168720.0
2020-10-20,2342.5,2370.833251953125,2335.833251953125,2354.166748046875,2171.80615234375,94320.0,2299.458337402344,2280.4666796875,2167.2777701822915,2111.337495727539,82.77783203125,2234.533330078125,26.05555664062468,14.829166870117206,0.1544749301295858,2370.0,2378.333251953125,2360.0,2354.166748046875,98040.0
2020-10-21,2345.833251953125,2390.833251953125,2345.0,2384.166748046875,2199.482421875,133320.0,2309.458337402344,2287.8666796875,2172.955548502604,2115.433329467773,85.09619379891912,2239.133330078125,25.42222330729146,16.925000610351617,0.169186822535942,2384.166748046875,2370.833251953125,2354.166748046875,2342.5,94320.0
2020-10-22,2397.5,2400.0,2370.0,2385.0,2200.2509765625,137640.0,2317.333337402344,2295.300009765625,2178.6444368489583,2119.533329467773,81.76474237677203,2243.783330078125,25.966666666666697,18.85833374023423,0.1695954463053341,2385.0,2390.833251953125,2384.166748046875,2345.833251953125,133320.0
2020-10-23,2391.666748046875,2425.833251953125,2375.0,2391.666748046875,2206.4013671875,138720.0,2325.541674804688,2301.700009765625,2184.4222151692707,2123.379163208008,80.62504920962476,2248.2,27.02222330729137,19.620834350585938,0.1619434053146906,2391.666748046875,2400.0,2385.0,2397.5,137640.0
2020-10-24,2391.666748046875,2425.833251953125,2375.0,2391.666748046875,2206.4013671875,138720.0,2333.7500122070314,2309.033349609375,2190.1999934895834,2127.00416381836,80.62504920962476,2252.9333349609374,27.933334960937827,19.612501831054487,0.1591277103603858,2391.666748046875,2425.833251953125,2391.666748046875,2391.666748046875,138720.0
2020-10-25,2391.666748046875,2425.833251953125,2375.0,2391.666748046875,2206.4013671875,138720.0,2340.583349609375,2317.333349609375,2195.611105143229,2130.3833306884767,80.62504920962476,2257.666669921875,28.333334960937464,19.045834960937555,0.143882108156033,2391.666748046875,2425.833251953125,2391.666748046875,2391.666748046875,138720.0
2020-10-26,2374.166748046875,2410.833251953125,2360.0,2360.0,2177.18798828125,156600.0,2345.7916870117188,2324.3666796875,2199.522215169271,2133.104163818359,63.87436402038816,2261.766669921875,26.56666666666706,17.670834350585665,0.1269398686618696,2391.666748046875,2425.833251953125,2391.666748046875,2391.666748046875,138720.0
2020-10-27,2291.666748046875,2309.166748046875,2226.666748046875,2232.5,2059.564453125,354360.0,2344.2916870117188,2324.5666796875,2202.0888818359376,2134.899996948242,31.692287167153594,2263.2333349609376,23.444444986979303,15.36666748046855,0.0716000418593767,2391.666748046875,2410.833251953125,2360.0,2374.166748046875,156600.0
2020-10-28,2241.666748046875,2288.333251953125,2223.333251953125,2286.666748046875,2109.53466796875,212880.0,2343.8750244140624,2326.933349609375,2205.788883463542,2136.9666638183594,41.11407360896221,2265.366669921875,21.36666829427122,13.587500610351526,0.0976000819375031,2391.666748046875,2309.166748046875,2232.5,2291.666748046875,354360.0
2020-10-29,2245.833251953125,2289.166748046875,2234.166748046875,2285.833251953125,2108.76611328125,111960.0,2342.6666870117188,2329.2666796875,2209.477771809896,2139.029163208008,35.36231711759756,2267.6833349609374,19.277778320312336,12.024999389648656,0.0972000037968752,2391.666748046875,2288.333251953125,2286.666748046875,2241.666748046875,212880.0
2020-10-30,2269.166748046875,2274.166748046875,2195.0,2208.333251953125,2037.26953125,130320.0,2337.583349609375,2327.400009765625,2212.133326822917,2140.6333294677734,29.46860176870912,2268.4833349609376,16.522221679687846,10.249998779296677,0.0359655203968889,2391.666748046875,2289.166748046875,2285.833251953125,2245.833251953125,111960.0
2020-10-31,2269.166748046875,2274.166748046875,2195.0,2208.333251953125,2037.26953125,130320.0,2332.5000122070314,2325.500009765625,2215.522215169271,2142.170828857422,29.46860176870912,2269.25,16.0,9.066665039062627,0.0251449911922376,2391.666748046875,2274.166748046875,2208.333251953125,2269.166748046875,130320.0
2020-11-01,2269.166748046875,2274.166748046875,2195.0,2208.333251953125,2037.26953125,130320.0,2327.1250122070314,2323.33333984375,2218.111103515625,2143.93332824707,29.46860176870912,2270.0166650390624,16.02222167968739,9.033331298828216,0.0259387930095817,2391.666748046875,2274.166748046875,2208.333251953125,2269.166748046875,130320.0
2020-11-02,2222.5,2267.5,2214.166748046875,2250.0,2075.70849609375,76800.0,2323.041674804688,2321.53333984375,2221.1333251953124,2145.8499951171875,35.39824270754744,2271.6166650390624,15.34444173177053,8.883331298828125,0.0364683689894871,2391.666748046875,2274.166748046875,2208.333251953125,2269.166748046875,130320.0
2020-11-03,2222.5,2267.5,2214.166748046875,2250.0,2075.70849609375,76800.0,2318.416674804688,2319.13333984375,2223.5555485026043,2147.624995117188,35.95506061813046,2272.75,14.07777669270854,8.595831909179651,0.0440835266821346,2391.666748046875,2267.5,2250.0,2222.5,76800.0
2020-11-04,2278.333251953125,2312.5,2250.833251953125,2305.0,2126.448486328125,116520.0,2315.166674804688,2318.93333984375,2227.0999934895835,2149.674995117188,40.0,2275.2833349609373,14.966666666666695,9.041665649413972,0.0696055684454757,2391.666748046875,2267.5,2250.0,2222.5,76800.0
2020-11-05,2312.5,2362.5,2277.5,2357.5,2174.88134765625,182640.0,2315.541674804688,2320.83333984375,2231.3444384765626,2151.987495117188,46.92737765431035,2278.6,15.822223307291551,9.816666259765498,0.093967517401392,2391.666748046875,2312.5,2305.0,2278.333251953125,116520.0
2020-11-06,2321.666748046875,2321.666748046875,2284.166748046875,2312.5,2133.367431640625,142800.0,2313.666674804688,2320.700009765625,2234.9888834635417,2153.954161987305,41.85248558398975,2280.85,16.87777994791668,10.020833740234592,0.0710150117362757,2391.666748046875,2362.5,2357.5,2312.5,182640.0
2020-11-07,2321.666748046875,2321.666748046875,2284.166748046875,2312.5,2133.367431640625,142800.0,2311.791674804688,2319.93333984375,2238.3777734375,2156.1833288574217,41.85248558398975,2282.2333349609376,17.244448242187445,10.33333374023414,0.0607798165137614,2391.666748046875,2321.666748046875,2312.5,2321.666748046875,142800.0
2020-11-08,2321.666748046875,2321.666748046875,2284.166748046875,2312.5,2133.367431640625,142800.0,2309.416674804688,2318.73333984375,2241.699996744792,2158.445828857422,41.85248558398975,2283.616669921875,18.144448242187536,10.82083374023432,0.0656682027649768,2391.666748046875,2321.666748046875,2312.5,2321.666748046875,142800.0
2020-11-09,2312.5,2315.0,2285.0,2296.666748046875,2118.760498046875,127440.0,2306.541674804688,2315.800009765625,2244.444443359375,2160.1958294677734,43.26242350480827,2284.68333984375,17.344449869791333,10.520834350586028,0.0591853194051945,2391.666748046875,2321.666748046875,2312.5,2321.666748046875,142800.0
2020-11-10,2371.666748046875,2383.333251953125,2290.0,2317.5,2137.980224609375,219120.0,2303.208337402344,2314.500009765625,2247.4222200520835,2162.3374963378906,61.697242466473234,2286.166674804688,16.07778157552093,10.350001220703234,0.0679723502304148,2391.666748046875,2315.0,2296.666748046875,2312.5,127440.0
2020-11-11,2352.5,2395.833251953125,2334.166748046875,2395.833251953125,2210.245361328125,146760.0,2303.75,2316.33333984375,2251.58888671875,2164.870829467773,64.08600050403226,2289.2166748046875,16.60000325520832,10.916667480468732,0.1040706230198733,2395.833251953125,2383.333251953125,2317.5,2371.666748046875,219120.0
2020-11-12,2401.666748046875,2425.833251953125,2391.666748046875,2425.0,2237.15283203125,168840.0,2305.4166625976563,2319.33333984375,2256.144443359375,2167.5499963378907,66.73347999387056,2293.400009765625,17.76666992187529,11.366667480469005,0.1175115207373271,2425.0,2395.833251953125,2395.833251953125,2352.5,146760.0
2020-11-13,2398.333251953125,2403.333251953125,2370.833251953125,2385.0,2200.2509765625,150480.0,2305.0833251953127,2320.33333984375,2260.1666666666665,2169.787496337891,73.34803339844468,2297.300009765625,18.46666992187465,11.341667480468914,0.0873860585828438,2425.0,2425.833251953125,2425.0,2401.666748046875,168840.0
2020-11-14,2398.333251953125,2403.333251953125,2370.833251953125,2385.0,2200.2509765625,150480.0,2304.749987792969,2321.566669921875,2263.544443359375,2171.849996337891,73.34803339844468,2301.016674804688,19.09999999999991,11.65416687011748,0.0948737975980371,2425.0,2403.333251953125,2385.0,2398.333251953125,150480.0
2020-11-15,2398.333251953125,2403.333251953125,2370.833251953125,2385.0,2200.2509765625,150480.0,2305.999987792969,2321.6,2266.622220052084,2173.912496337891,73.34803339844468,2304.73333984375,19.19999999999981,11.575000000000273,0.0882128873495096,2425.0,2403.333251953125,2385.0,2398.333251953125,150480.0
2020-11-16,2421.666748046875,2481.666748046875,2399.166748046875,2481.666748046875,2289.430419921875,192840.0,2318.4583251953127,2325.466669921875,2271.011110026041,2176.3499969482423,76.73078364084728,2310.38333984375,19.42222330729146,11.479167480468732,0.1280303400213067,2481.666748046875,2403.333251953125,2385.0,2398.333251953125,150480.0
2020-11-17,2483.333251953125,2484.166748046875,2420.0,2425.833251953125,2237.921142578125,184080.0,2325.416650390625,2326.833330078125,2274.4111100260416,2178.958330078125,67.97273145151269,2314.266669921875,18.266666666666424,11.408333740234411,0.0813521574831153,2481.666748046875,2481.666748046875,2481.666748046875,2421.666748046875,192840.0
2020-11-18,2435.833251953125,2498.333251953125,2425.0,2496.666748046875,2303.268310546875,203280.0,2335.9583251953127,2331.033330078125,2278.9666666666667,2181.9208306884766,68.97689657289577,2320.03333984375,18.800000000000185,12.133334350585756,0.112927268328586,2496.666748046875,2484.166748046875,2425.833251953125,2483.333251953125,184080.0
2020-11-19,2465.833251953125,2486.666748046875,2431.666748046875,2479.166748046875,2287.123291015625,191400.0,2349.5,2334.533330078125,2283.2888899739582,2184.795831298828,62.94326434546192,2325.93333984375,19.744446614583467,12.94583496093719,0.1051263765151366,2496.666748046875,2498.333251953125,2496.666748046875,2435.833251953125,203280.0
2020-11-20,2462.5,2533.333251953125,2443.333251953125,2525.0,2329.40673828125,168000.0,2365.333337402344,2341.133330078125,2288.222223307292,2187.8999981689453,72.56636388054346,2332.7500048828124,21.60000325520832,13.987501831054487,0.1255572473691306,2525.0,2486.666748046875,2479.166748046875,2465.833251953125,191400.0
2020-11-21,2462.5,2533.333251953125,2443.333251953125,2525.0,2329.40673828125,168000.0,2381.166674804688,2352.833330078125,2293.1,2191.0041650390626,72.56636388054346,2338.7000048828127,22.08888997395843,14.654168090820349,0.1255572473691306,2525.0,2533.333251953125,2525.0,2462.5,168000.0
2020-11-22,2462.5,2533.333251953125,2443.333251953125,2525.0,2329.40673828125,168000.0,2394.916674804688,2362.36666015625,2297.7,2194.1083319091795,72.56636388054346,2344.6500048828125,23.28888997395825,15.150001831054396,0.1395261794967481,2525.0,2533.333251953125,2525.0,2462.5,168000.0
2020-11-23,2462.5,2533.333251953125,2443.333251953125,2525.0,2329.40673828125,168000.0,2408.666674804688,2371.933330078125,2302.4333333333334,2197.012498779297,75.09155268525032,2350.6000048828123,23.466666666666697,15.091668090820349,0.1529680365296803,2525.0,2533.333251953125,2525.0,2462.5,168000.0
2020-11-24,2600.0,2616.666748046875,2570.833251953125,2570.833251953125,2371.68896484375,123120.0,2421.958337402344,2386.433330078125,2307.8,2199.637498168945,76.38886698971203,2356.916669921875,24.511110026041933,14.84166687011748,0.1690033301187072,2570.833251953125,2533.333251953125,2525.0,2462.5,168000.0
2020-11-25,2533.333251953125,2566.666748046875,2500.0,2504.166748046875,2310.18701171875,130440.0,2429.291674804688,2398.266669921875,2312.255556640625,2201.9291650390624,61.56584965599642,2361.88333984375,24.033333333333303,14.029166870117024,0.1386888921774016,2570.833251953125,2616.666748046875,2570.833251953125,2600.0,123120.0
2020-11-26,2487.5,2508.333251953125,2482.5,2504.166748046875,2310.18701171875,123120.0,2438.8750122070314,2410.100009765625,2316.71111328125,2204.22083190918,59.01329032753011,2366.7166748046875,23.61111328125025,13.216666870117024,0.1386888921774016,2570.833251953125,2566.666748046875,2504.166748046875,2533.333251953125,130440.0
2020-11-27,2512.5,2516.666748046875,2465.0,2467.5,2276.360595703125,321480.0,2446.6250122070314,2418.800009765625,2320.677779947917,2206.1166656494142,59.464623616521415,2370.166674804688,22.977779947917043,12.008333740234775,0.1056758372008379,2570.833251953125,2508.333251953125,2504.166748046875,2487.5,123120.0
2020-11-28,2512.5,2516.666748046875,2465.0,2467.5,2276.360595703125,321480.0,2454.3750122070314,2427.500009765625,2324.333336588541,2207.966665649414,59.464623616521415,2373.3166748046874,21.90000325520805,10.954166870117206,0.1173585317422807,2570.833251953125,2516.666748046875,2467.5,2512.5,321480.0
2020-11-29,2512.5,2516.666748046875,2465.0,2467.5,2276.360595703125,321480.0,2462.916674804688,2434.000009765625,2328.1888932291668,2209.80833190918,59.464623616521415,2376.4666748046875,20.38889322916657,10.17083374023423,0.1297214382585427,2570.833251953125,2516.666748046875,2467.5,2512.5,321480.0
2020-11-30,2512.5,2512.5,2420.0,2467.5,2276.360595703125,371040.0,2470.416674804688,2438.400009765625,2331.866669921875,2211.8583319091795,47.911536415575,2379.616674804688,19.61111328125025,9.929166870117117,0.1297214382585427,2570.833251953125,2516.666748046875,2467.5,2512.5,321480.0
2020-12-01,2512.5,2537.5,2473.333251953125,2529.166748046875,2333.250732421875,125400.0,2477.083349609375,2447.0666796875,2336.2555598958334,2214.066665649414,64.9758689990942,2383.8833447265624,19.5444466145832,9.845833740234411,0.1354283941849046,2570.833251953125,2512.5,2467.5,2512.5,371040.0
2020-12-02,2520.833251953125,2533.333251953125,2479.166748046875,2486.666748046875,2294.04248046875,117360.0,2480.1666870117188,2454.033349609375,2339.500006510417,2216.062499389649,48.42105182003075,2386.9833447265623,18.822226562499964,9.94583374023432,0.1163487084385521,2570.833251953125,2537.5,2529.166748046875,2512.5,125400.0
2020-12-03,2500.0,2550.0,2491.666748046875,2533.333251953125,2337.09423828125,78960.0,2487.583349609375,2462.8666796875,2343.366673177083,2218.291665649414,57.83130914091598,2390.800009765625,19.033336588541715,10.324999999999818,0.1372988785423681,2570.833251953125,2533.333251953125,2486.666748046875,2520.833251953125,117360.0
2020-12-04,2541.666748046875,2595.833251953125,2537.5,2587.5,2387.065185546875,90600.0,2497.708349609375,2474.500009765625,2347.9555631510416,2220.8624993896483,58.82353346669737,2395.150009765625,19.76666992187484,11.05416748046855,0.147450110864745,2587.5,2550.0,2533.333251953125,2500.0,78960.0
2020-12-05,2541.666748046875,2595.833251953125,2537.5,2587.5,2387.065185546875,90600.0,2507.833349609375,2485.300009765625,2352.544453125,2223.062499389649,58.82353346669737,2399.900009765625,20.67778320312481,11.204167480469096,0.1470262696764994,2587.5,2595.833251953125,2587.5,2541.666748046875,90600.0
2020-12-06,2541.666748046875,2595.833251953125,2537.5,2587.5,2387.065185546875,90600.0,2513.1250122070314,2492.9666796875,2357.1333430989584,2225.220833129883,58.82353346669737,2404.650009765625,20.87778320312509,11.154167480468914,0.143646408839779,2587.5,2595.833251953125,2587.5,2541.666748046875,90600.0
2020-12-07,2595.833251953125,2595.833251953125,2525.0,2529.166748046875,2333.250732421875,109200.0,2518.2916870117188,2497.133349609375,2361.311123046875,2227.175000610352,50.50506066824139,2408.2333447265623,21.81111653645803,11.112501220703052,0.1020334414147603,2587.5,2595.833251953125,2587.5,2541.666748046875,90600.0
2020-12-08,2516.666748046875,2595.833251953125,2504.166748046875,2579.166748046875,2379.377197265625,119160.0,2522.4166870117188,2504.90001953125,2366.500013020833,2229.4458343505858,51.00001992188278,2412.6166796875,23.13333984375004,11.154168701171784,0.1165224017518939,2587.5,2595.833251953125,2529.166748046875,2595.833251953125,109200.0
2020-12-09,2600.0,2620.833251953125,2566.666748046875,2620.833251953125,2417.81640625,68160.0,2529.5000122070314,2514.333349609375,2372.1222330729165,2231.925000610352,64.89360243251431,2417.950009765625,24.166669921874927,11.062501220703323,0.1345598493303572,2620.833251953125,2595.833251953125,2579.166748046875,2516.666748046875,119160.0
2020-12-10,2625.0,2629.166748046875,2587.5,2591.666748046875,2390.908935546875,45720.0,2532.833349609375,2522.60001953125,2377.35556640625,2234.2583343505858,60.39604764545765,2422.100009765625,24.81111328125008,11.19583496093719,0.1219336571631493,2620.833251953125,2620.833251953125,2620.833251953125,2600.0,68160.0
2020-12-11,2591.666748046875,2600.0,2575.0,2595.833251953125,2394.752685546875,73080.0,2536.3750122070314,2527.1666796875,2382.644453125,2236.520834350586,66.52361891122342,2426.3166748046874,25.51111002604148,11.300001220703052,0.1209068052563171,2620.833251953125,2629.166748046875,2591.666748046875,2625.0,45720.0
2020-12-12,2591.666748046875,2600.0,2575.0,2595.833251953125,2394.752685546875,73080.0,2539.916674804688,2533.9666796875,2387.500006510417,2238.279166870117,66.52361891122342,2430.4000048828125,26.18888346354197,11.104166259765408,0.1132951371063337,2620.833251953125,2600.0,2595.833251953125,2591.666748046875,73080.0
2020-12-13,2591.666748046875,2600.0,2575.0,2595.833251953125,2394.752685546875,73080.0,2543.458337402344,2537.93333984375,2392.666673177084,2239.908333129883,66.52361891122342,2434.4833349609376,26.166660156250146,10.46249877929722,0.1081465323172359,2620.833251953125,2600.0,2595.833251953125,2591.666748046875,73080.0
2020-12-14,2458.333251953125,2529.166748046875,2440.0,2520.833251953125,2325.562255859375,180720.0,2540.958337402344,2539.6,2397.155559895833,2240.945833129883,55.75539397758787,2437.0666650390626,25.033326822916933,9.020832519531268,0.0636427223430906,2620.833251953125,2600.0,2595.833251953125,2591.666748046875,73080.0
2020-12-15,2541.666748046875,2554.166748046875,2493.333251953125,2516.666748046875,2321.718994140625,82920.0,2541.583337402344,2539.266669921875,2401.588893229167,2241.825000610352,48.45995584404646,2440.2,24.23332682291675,7.566666259765952,0.0709220204454788,2620.833251953125,2529.166748046875,2520.833251953125,2458.333251953125,180720.0
2020-12-16,2545.833251953125,2562.5,2516.666748046875,2533.333251953125,2337.09423828125,48840.0,2543.0416625976563,2539.6,2405.666669921875,2242.787500610352,56.14034524143,2446.2166650390627,23.022216796875,6.266666259765316,0.0780141497672872,2620.833251953125,2554.166748046875,2516.666748046875,2541.666748046875,82920.0
2020-12-17,2541.666748046875,2541.666748046875,2495.0,2516.666748046875,2321.718994140625,58920.0,2545.5,2539.266669921875,2409.5222265625,2243.66666809082,47.61906422729975,2450.8166650390626,22.02222005208296,5.387501220703143,0.0709220204454788,2620.833251953125,2562.5,2533.333251953125,2545.833251953125,48840.0
2020-12-18,2520.833251953125,2533.333251953125,2497.5,2504.166748046875,2310.18701171875,79200.0,2547.333337402344,2538.43333984375,2413.211116536458,2244.3875018310546,36.48645331606131,2455.1833349609374,20.54444335937478,4.479168701171602,0.061087605104608,2620.833251953125,2541.666748046875,2516.666748046875,2541.666748046875,58920.0
2020-12-19,2520.833251953125,2533.333251953125,2497.5,2504.166748046875,2310.18701171875,79200.0,2549.166674804688,2535.7666796875,2416.53333984375,2245.0791693115234,36.48645331606131,2461.1000048828123,19.37777994791668,4.133336181640516,0.0637168119566919,2620.833251953125,2533.333251953125,2504.166748046875,2520.833251953125,79200.0
2020-12-20,2520.833251953125,2533.333251953125,2497.5,2504.166748046875,2310.18701171875,79200.0,2551.0000122070314,2535.7666796875,2419.844453125,2245.8833367919924,36.48645331606131,2467.016674804688,18.25555989583336,4.058336181640698,0.0503320500121498,2620.833251953125,2533.333251953125,2504.166748046875,2520.833251953125,79200.0
2020-12-21,2520.833251953125,2545.833251953125,2512.5,2537.5,2340.93798828125,65880.0,2551.416674804688,2537.100009765625,2423.5111197916667,2247.054170532226,51.47057936509989,2473.600009765625,17.844449869791788,4.266669921875291,0.0639412997903563,2620.833251953125,2533.333251953125,2504.166748046875,2520.833251953125,79200.0
2020-12-22,2504.166748046875,2504.166748046875,2459.166748046875,2464.166748046875,2273.28564453125,77640.0,2550.291674804688,2536.9666796875,2425.766676432292,2247.925004272461,31.249930340052003,2477.8833447265624,16.24444986979188,4.258336181640971,0.0303135878187068,2620.833251953125,2545.833251953125,2537.5,2520.833251953125,65880.0
2020-12-23,2474.166748046875,2476.666748046875,2442.5,2443.333251953125,2254.065673828125,56520.0,2545.791674804688,2536.000009765625,2427.544453125,2248.6916705322265,18.950348915670887,2481.750009765625,14.333336588541895,4.304168701171875,0.0216027186682437,2620.833251953125,2504.166748046875,2464.166748046875,2504.166748046875,77640.0
2020-12-24,2451.666748046875,2492.5,2444.166748046875,2469.166748046875,2277.898681640625,78000.0,2539.8750122070314,2536.0666796875,2429.666676432292,2249.587504272461,28.318546595939225,2485.0333447265625,13.133336588541624,4.5083349609376455,0.032404180082066,2620.833251953125,2476.666748046875,2443.333251953125,2474.166748046875,56520.0
2020-12-25,2471.666748046875,2520.833251953125,2458.333251953125,2516.666748046875,2321.718994140625,42240.0,2536.333349609375,2538.033349609375,2432.4222330729167,2250.350004272461,37.85167524344154,2488.2166796875,12.577779947916495,4.466667480468459,0.0663842152740996,2620.833251953125,2492.5,2469.166748046875,2451.666748046875,78000.0
2020-12-26,2471.666748046875,2520.833251953125,2458.333251953125,2516.666748046875,2321.718994140625,42240.0,2532.7916870117188,2537.533349609375,2435.1000130208336,2251.220838012696,37.85167524344154,2492.3000146484374,11.588893229166844,4.166667480468732,0.1272863373110302,2620.833251953125,2520.833251953125,2516.666748046875,2471.666748046875,42240.0
2020-12-27,2471.666748046875,2520.833251953125,2458.333251953125,2516.666748046875,2321.718994140625,42240.0,2532.1666870117188,2538.733349609375,2437.5666796875,2251.929171752929,37.85167524344154,2496.383349609375,11.80000325520814,4.004167480468368,0.100583086799356,2620.833251953125,2520.833251953125,2516.666748046875,2471.666748046875,42240.0
2020-12-28,2562.5,2562.5,2516.666748046875,2550.0,2352.4697265625,63120.0,2530.708349609375,2539.40001953125,2440.3333463541667,2253.2916717529297,55.13198647702425,2501.133349609375,12.78889322916666,4.600001220703234,0.1155669372738184,2620.833251953125,2520.833251953125,2516.666748046875,2471.666748046875,42240.0
2020-12-29,2550.0,2570.833251953125,2529.166748046875,2562.5,2364.00146484375,69240.0,2527.7916870117188,2538.40001953125,2442.9000130208333,2254.908338012696,57.83475046303291,2506.450014648437,13.233336588541531,5.32083374023432,0.1603774012521153,2595.833251953125,2562.5,2550.0,2562.5,63120.0
2020-12-30,2541.666748046875,2545.833251953125,2512.5,2520.833251953125,2325.562255859375,47160.0,2524.2500122070314,2535.733349609375,2445.1777897135416,2256.3166705322265,48.03149606299212,2510.5166796875,12.755556640624944,5.966666259765589,0.1415094391770872,2595.833251953125,2570.833251953125,2562.5,2550.0,69240.0
2020-12-31,2541.666748046875,2545.833251953125,2512.5,2520.833251953125,2325.562255859375,47160.0,2520.5000122070314,2533.0666796875,2447.45556640625,2257.725003051758,50.6924933493695,2513.0166796875,12.355553385416442,6.504165039062627,0.1415094391770872,2595.833251953125,2545.833251953125,2520.833251953125,2541.666748046875,47160.0
2021-01-01,2541.666748046875,2545.833251953125,2512.5,2520.833251953125,2325.562255859375,47160.0,2516.7500122070314,2532.73333984375,2449.7333430989584,2259.520835571289,52.89014355460647,2514.9333447265626,12.166663411458558,7.591663818359393,0.1203703342013888,2595.833251953125,2545.833251953125,2520.833251953125,2541.666748046875,47160.0
2021-01-02,2541.666748046875,2545.833251953125,2512.5,2520.833251953125,2325.562255859375,47160.0,2513.0000122070314,2530.4,2451.877786458333,2260.7250018310547,52.89014355460647,2517.650009765625,11.544440104166824,7.433330078124982,0.1203703342013888,2562.5,2545.833251953125,2520.833251953125,2541.666748046875,47160.0
2021-01-03,2541.666748046875,2545.833251953125,2512.5,2520.833251953125,2325.562255859375,47160.0,2513.0000122070314,2526.4,2454.1000065104167,2261.995834350586,52.89014355460647,2520.366674804688,11.199993489583449,7.08749633789057,0.0936369856629608,2562.5,2545.833251953125,2520.833251953125,2541.666748046875,47160.0
2021-01-04,2495.0,2537.5,2468.333251953125,2537.5,2340.93798828125,85080.0,2514.041674804688,2524.233330078125,2456.1444498697915,2263.29166809082,50.0,2523.416674804688,10.966660156249873,6.974997558593714,0.0763520678685047,2562.5,2545.833251953125,2520.833251953125,2541.666748046875,47160.0
2021-01-05,2533.333251953125,2595.833251953125,2512.5,2595.833251953125,2394.752685546875,142320.0,2517.166674804688,2524.233330078125,2458.955559895833,2264.787500610352,75.64928641273538,2525.7000048828127,11.499993489583176,7.06249755859335,0.122522487331081,2595.833251953125,2537.5,2537.5,2495.0,85080.0
2021-01-06,2654.166748046875,2804.166748046875,2654.166748046875,2762.5,2548.509033203125,436200.0,2529.458337402344,2530.9,2463.9000032552085,2267.116666870117,89.64801918671196,2532.43333984375,14.166660156250146,7.595831298828216,0.1945945945945946,2762.5,2595.833251953125,2595.833251953125,2533.333251953125,142320.0
2021-01-07,2791.666748046875,2858.333251953125,2791.666748046875,2812.5,2594.635986328125,202680.0,2544.875,2539.566669921875,2469.51111328125,2269.695833129883,90.2343577891621,2538.7500048828124,17.633326822916388,8.970831298828216,0.2162162162162162,2812.5,2804.166748046875,2762.5,2654.166748046875,436200.0
2021-01-08,2833.333251953125,2962.5,2829.166748046875,2962.5,2733.016357421875,266640.0,2567.7916625976563,2557.23333984375,2477.122223307292,2273.045833129883,92.1259700839736,2548.416669921875,23.022216796875,11.049998779296857,0.2899128715645669,2962.5,2858.333251953125,2812.5,2791.666748046875,202680.0
2021-01-09,2833.333251953125,2962.5,2829.166748046875,2962.5,2733.016357421875,266640.0,2590.7083251953127,2575.066669921875,2485.155556640625,2276.1749993896483,92.1259700839736,2557.166669921875,29.01110677083352,12.883331298828123,0.2783171521035599,2962.5,2962.5,2962.5,2833.333251953125,266640.0
2021-01-10,2833.333251953125,2962.5,2829.166748046875,2962.5,2733.016357421875,266640.0,2611.9583251953127,2592.23333984375,2494.888889973958,2279.379165649414,92.1259700839736,2565.916669921875,35.93333007812498,14.591665039062718,0.236521781131854,2962.5,2962.5,2962.5,2833.333251953125,266640.0
2021-01-11,2833.333251953125,2962.5,2829.166748046875,2962.5,2733.016357421875,266640.0,2636.874987792969,2610.066669921875,2503.9,2282.7624993896484,91.59662500110788,2574.666669921875,39.99999674479159,15.645832519531268,0.2216494845360825,2962.5,2962.5,2962.5,2833.333251953125,266640.0
2021-01-12,2845.833251953125,2879.166748046875,2775.0,2783.333251953125,2567.728515625,154680.0,2653.874987792969,2621.233330078125,2510.5333333333333,2284.841665649414,66.66665438286617,2579.833334960937,41.02222005208341,15.145832519531268,0.1670160385547694,2962.5,2962.5,2962.5,2833.333251953125,266640.0
2021-01-13,2770.833251953125,2804.166748046875,2762.5,2791.666748046875,2575.41650390625,99120.0,2669.999987792969,2632.733330078125,2518.31111328125,2286.9624993896487,71.52318060679812,2584.2500048828124,41.18888997395834,13.91666625976586,0.1705101668959643,2962.5,2879.166748046875,2783.333251953125,2845.833251953125,154680.0
2021-01-14,2775.0,2812.5,2770.833251953125,2795.833251953125,2579.26025390625,82560.0,2683.958312988281,2644.399990234375,2526.144446614584,2289.104165649414,71.7105207363999,2590.083334960937,40.98888997395852,12.92916625976568,0.17225712870152,2962.5,2804.166748046875,2791.666748046875,2770.833251953125,99120.0
2021-01-15,2800.0,2816.666748046875,2775.0,2791.666748046875,2575.41650390625,107640.0,2697.708312988281,2654.56666015625,2533.9222265625,2291.3374993896487,71.24184283088235,2595.833334960937,39.03333658854172,11.958333740234592,0.1249160469446499,2962.5,2812.5,2795.833251953125,2775.0,82560.0
2021-01-16,2800.0,2816.666748046875,2775.0,2791.666748046875,2575.41650390625,107640.0,2711.458312988281,2667.66666015625,2541.1444498697915,2293.3374993896487,71.24184283088235,2602.316669921875,37.244449869791424,10.575000000000273,0.1508073548745381,2962.5,2816.666748046875,2791.666748046875,2800.0,107640.0
2021-01-17,2800.0,2816.666748046875,2775.0,2791.666748046875,2575.41650390625,107640.0,2723.541650390625,2681.6,2548.366673177083,2296.445833129883,71.24184283088235,2608.8000048828126,37.833339843749854,11.604167480468732,0.1181575395397789,2962.5,2816.666748046875,2791.666748046875,2800.0,107640.0
2021-01-18,2745.833251953125,2762.5,2708.333251953125,2750.0,2536.976806640625,53880.0,2732.916650390625,2692.833330078125,2554.300006510417,2299.6041668701173,66.0377358490566,2614.4500048828127,35.98889322916648,12.64166748046864,0.1092436610673692,2962.5,2816.666748046875,2791.666748046875,2800.0,107640.0
2021-01-19,2758.333251953125,2779.166748046875,2700.0,2708.333251953125,2498.53857421875,123960.0,2742.291650390625,2700.499990234375,2558.977783203125,2302.2708331298827,58.709675224376205,2619.266669921875,32.83333658854144,13.166667480468732,0.072607228496287,2962.5,2762.5,2750.0,2745.833251953125,53880.0
2021-01-20,2679.166748046875,2691.666748046875,2641.666748046875,2658.333251953125,2452.41162109375,103200.0,2749.166650390625,2706.166650390625,2563.588893229167,2304.687499389649,40.15747413916798,2621.85,29.66666666666697,13.349999999999907,0.0528052482982672,2962.5,2779.166748046875,2708.333251953125,2758.333251953125,123960.0
2021-01-21,2600.0,2708.333251953125,2591.666748046875,2695.833251953125,2487.006591796875,257640.0,2757.916650390625,2713.333310546875,2568.700003255208,2307.291665649414,38.70967132219139,2626.033330078125,27.555553385416715,13.954166259765316,0.0676567334467821,2962.5,2691.666748046875,2658.333251953125,2679.166748046875,103200.0
2021-01-22,2662.5,2666.666748046875,2612.5,2620.833251953125,2417.81640625,192840.0,2762.916650390625,2716.166640625,2572.81111328125,2309.2958319091795,11.320752631052358,2627.783330078125,24.444440104166915,12.849998779296584,0.0379537631497524,2962.5,2708.333251953125,2695.833251953125,2600.0,257640.0
2021-01-23,2662.5,2666.666748046875,2612.5,2620.833251953125,2417.81640625,192840.0,2767.916650390625,2718.499970703125,2577.133333333333,2311.75833190918,11.320752631052358,2628.4499951171874,22.83332682291666,12.154165039062264,0.019448947131057,2962.5,2666.666748046875,2620.833251953125,2662.5,192840.0
2021-01-24,2662.5,2666.666748046875,2612.5,2620.833251953125,2417.81640625,192840.0,2772.083312988281,2722.499970703125,2581.1777766927084,2314.2333319091795,11.320752631052358,2629.11666015625,22.19999348958345,11.962498779296766,0.0465889517929443,2962.5,2666.666748046875,2620.833251953125,2662.5,192840.0
2021-01-25,2670.833251953125,2700.0,2654.166748046875,2691.666748046875,2483.1630859375,117360.0,2776.874987792969,2729.333310546875,2585.122223307292,2317.33333190918,23.57725629894422,2631.1999951171874,21.53333007812489,12.645832519531268,0.0748752055534003,2962.5,2666.666748046875,2620.833251953125,2662.5,192840.0
2021-01-26,2666.666748046875,2716.666748046875,2658.333251953125,2700.0,2490.850341796875,99120.0,2773.749987792969,2736.49998046875,2588.7888899739582,2320.77083190918,37.804892862782765,2634.61666015625,20.08888671875001,13.47916625976586,0.0942249240121579,2962.5,2700.0,2691.666748046875,2670.833251953125,117360.0
2021-01-27,2708.333251953125,2804.166748046875,2708.333251953125,2779.166748046875,2563.885009765625,165480.0,2772.0833251953127,2746.8333203125,2594.044446614583,2324.604165649414,48.48484848484848,2638.61666015625,21.23333333333312,15.308333740234502,0.1263087124810029,2962.5,2716.666748046875,2700.0,2666.666748046875,99120.0
2021-01-28,2758.333251953125,2791.666748046875,2754.166748046875,2766.666748046875,2552.352783203125,149760.0,2762.2916625976563,2756.66666015625,2599.1333365885416,2328.374999389649,46.53467414345833,2641.533330078125,22.00000325520841,16.616667480469005,0.121242856351317,2962.5,2804.166748046875,2779.166748046875,2708.333251953125,165480.0
2021-01-29,2791.666748046875,2829.166748046875,2762.5,2762.5,2548.509033203125,167640.0,2752.2916625976563,2765.66666015625,2604.166669921875,2331.658333129883,46.53464714703826,2644.9499951171874,22.98889322916648,17.425001220703507,0.1195542046605877,2962.5,2791.666748046875,2766.666748046875,2758.333251953125,149760.0
2021-01-30,2791.666748046875,2829.166748046875,2762.5,2762.5,2548.509033203125,167640.0,2742.2916625976563,2772.333330078125,2607.91111328125,2334.8999993896487,46.53464714703826,2648.283330078125,22.78888997395825,17.566667480468823,0.0922569665022341,2962.5,2829.166748046875,2762.5,2791.666748046875,167640.0
2021-01-31,2791.666748046875,2829.166748046875,2762.5,2762.5,2548.509033203125,167640.0,2732.2916625976563,2772.333330078125,2612.4000032552085,2338.066665649414,46.53464714703826,2651.6166650390624,23.61111328125025,17.29583374023423,0.1109248966190483,2795.833251953125,2829.166748046875,2762.5,2791.666748046875,167640.0
2021-02-01,2737.5,2833.333251953125,2725.0,2804.166748046875,2586.947998046875,135360.0,2733.333337402344,2772.0,2616.5000032552084,2341.4916656494142,56.4356470107064,2655.7833349609373,22.45555664062522,16.887500000000273,0.1069079624186615,2804.166748046875,2829.166748046875,2762.5,2791.666748046875,167640.0
2021-02-02,2745.833251953125,2804.166748046875,2741.666748046875,2766.666748046875,2552.352783203125,163560.0,2732.083337402344,2764.166669921875,2620.333336588541,2345.0999993896485,57.000014062489015,2660.7000048828127,21.19999999999981,16.72499999999991,0.0692431876509662,2804.166748046875,2833.333251953125,2804.166748046875,2737.5,135360.0
2021-02-03,2766.666748046875,2775.0,2745.833251953125,2766.666748046875,2552.352783203125,100320.0,2730.6250122070314,2756.33333984375,2623.555559895833,2348.7083331298827,64.77273635232923,2665.7000048828127,19.38888997395861,17.049999999999727,0.0692431876509662,2804.166748046875,2804.166748046875,2766.666748046875,2745.833251953125,163560.0
2021-02-04,2741.666748046875,2779.166748046875,2733.333251953125,2745.833251953125,2533.133544921875,95280.0,2728.333337402344,2747.666669921875,2626.5000032552084,2352.2124993896487,57.14284717794757,2669.9500048828127,18.58888997395843,17.3125,0.0611915949577295,2804.166748046875,2775.0,2766.666748046875,2766.666748046875,100320.0
2021-02-05,2750.0,2804.166748046875,2750.0,2791.666748046875,2575.41650390625,73680.0,2728.333337402344,2740.83333984375,2630.055559895833,2355.9625,76.62334796398545,2675.4500048828127,17.655556640625036,17.89583435058603,0.1037891235137868,2804.166748046875,2779.166748046875,2745.833251953125,2741.666748046875,95280.0
2021-02-06,2750.0,2804.166748046875,2750.0,2791.666748046875,2575.41650390625,73680.0,2728.333337402344,2741.1666796875,2633.611116536458,2359.8541668701173,76.62334796398545,2681.2000048828127,17.1111132812498,18.36250122070305,0.0823909505505682,2804.166748046875,2804.166748046875,2791.666748046875,2750.0,73680.0
2021-02-07,2750.0,2804.166748046875,2750.0,2791.666748046875,2575.41650390625,73680.0,2730.416674804688,2741.1666796875,2636.555563151041,2363.7833337402344,76.62334796398545,2686.9500048828127,16.222226562500055,18.683334350585938,0.0651828940152676,2804.166748046875,2804.166748046875,2791.666748046875,2750.0,73680.0
2021-02-08,2841.666748046875,2887.5,2837.5,2850.0,2629.231201171875,144840.0,2737.5000122070314,2743.333349609375,2641.166673177084,2368.0041668701174,75.67562859529588,2693.866669921875,17.6111132812498,19.295833740234684,0.0996784220609419,2850.0,2804.166748046875,2791.666748046875,2750.0,73680.0
2021-02-09,2866.666748046875,2887.5,2808.333251953125,2875.0,2652.2939453125,184320.0,2748.333349609375,2746.6666796875,2646.111116536458,2372.35,76.92303647380338,2700.616669921875,19.6111132812498,20.137500610351253,0.1075441759738717,2875.0,2887.5,2850.0,2841.666748046875,144840.0
2021-02-10,2879.166748046875,2883.333251953125,2829.166748046875,2837.5,2617.699462890625,96360.0,2755.4166870117188,2748.500009765625,2651.044449869792,2376.508333129883,60.29408850228558,2708.083334960937,20.988889973958067,20.545833129882794,0.093097947591604,2875.0,2887.5,2875.0,2866.666748046875,184320.0
2021-02-11,2879.166748046875,2883.333251953125,2829.166748046875,2837.5,2617.699462890625,96360.0,2766.2500244140624,2750.33333984375,2655.977783203125,2380.6666662597654,63.07688840611718,2715.966669921875,22.366666666666788,20.81249938964811,0.093097947591604,2875.0,2883.333251953125,2837.5,2879.166748046875,96360.0
2021-02-12,2887.5,2891.666748046875,2845.833251953125,2866.666748046875,2644.6064453125,86280.0,2778.54169921875,2755.000009765625,2661.300006510417,2384.954166870117,67.60562334173726,2723.916669921875,24.74444335937505,21.170833129882794,0.1371901516396614,2875.0,2883.333251953125,2837.5,2879.166748046875,96360.0
2021-02-13,2887.5,2891.666748046875,2845.833251953125,2866.666748046875,2644.6064453125,86280.0,2790.833374023437,2761.333349609375,2666.622229817709,2389.316667480469,67.60562334173726,2730.916669921875,25.45555664062522,21.312500610351435,0.1390728431849892,2875.0,2891.666748046875,2866.666748046875,2887.5,86280.0
2021-02-14,2887.5,2891.666748046875,2845.833251953125,2866.666748046875,2644.6064453125,86280.0,2799.583374023437,2769.666689453125,2671.122229817709,2393.9291680908204,67.60562334173726,2737.916669921875,25.011113281250346,21.57916809082053,0.1315790158427674,2875.0,2891.666748046875,2866.666748046875,2887.5,86280.0
2021-02-15,2879.166748046875,2916.666748046875,2829.166748046875,2904.166748046875,2679.20166015625,101880.0,2809.791711425781,2778.000029296875,2676.688896484375,2398.666668701172,67.14283801022543,2745.666669921875,25.64444661458356,22.15833557128917,0.1539735049548096,2904.166748046875,2891.666748046875,2866.666748046875,2887.5,86280.0
2021-02-16,2916.666748046875,2958.333251953125,2916.666748046875,2920.833251953125,2694.577392578125,130920.0,2816.875036621094,2790.000029296875,2681.8555631510417,2403.8875018310546,78.46149130919994,2753.083334960937,25.87777994791668,23.22083557128917,0.1663892806783848,2920.833251953125,2916.666748046875,2904.166748046875,2879.166748046875,101880.0
2021-02-17,2920.833251953125,2933.333251953125,2895.833251953125,2929.166748046875,2702.26513671875,82920.0,2825.000036621094,2802.333369140625,2686.411119791667,2409.1500024414063,79.10444367485579,2760.416669921875,25.11111328125025,24.19583557128908,0.1697171325877076,2929.166748046875,2958.333251953125,2920.833251953125,2916.666748046875,130920.0
2021-02-18,2920.833251953125,2941.666748046875,2883.333251953125,2887.5,2663.826171875,94800.0,2831.250036621094,2813.0000390625,2690.411119791667,2414.2041693115234,73.61110545971235,2767.7500048828124,23.78888997395825,24.88750183105458,0.153078165522366,2929.166748046875,2933.333251953125,2929.166748046875,2920.833251953125,82920.0
2021-02-19,2866.666748046875,2883.333251953125,2829.166748046875,2858.333251953125,2636.91845703125,91800.0,2836.04169921875,2819.66669921875,2694.022229817708,2418.6750024414064,61.76467040172886,2774.5000048828124,22.89999999999964,24.745834350585938,0.1264367495381773,2929.166748046875,2941.666748046875,2887.5,2920.833251953125,94800.0
2021-02-20,2866.666748046875,2883.333251953125,2829.166748046875,2858.333251953125,2636.91845703125,91800.0,2840.833361816406,2826.000029296875,2698.4111165364584,2422.9875018310545,61.76467040172886,2781.2500048828124,21.72222005208323,24.32083312988243,0.1599593469957625,2929.166748046875,2883.333251953125,2858.333251953125,2866.666748046875,91800.0
2021-02-21,2866.666748046875,2883.333251953125,2829.166748046875,2858.333251953125,2636.91845703125,91800.0,2843.5416870117188,2829.166689453125,2702.1333365885416,2427.3041680908204,61.76467040172886,2788.0000048828124,20.277773437499945,23.41666625976586,0.1698499374443751,2929.166748046875,2883.333251953125,2858.333251953125,2866.666748046875,91800.0
2021-02-22,2883.333251953125,2920.833251953125,2870.833251953125,2887.5,2663.826171875,53640.0,2849.583349609375,2834.00001953125,2705.6888932291668,2431.8500012207032,57.37703973227492,2795.33333984375,19.277773437499945,22.699998779296948,0.1694228436714648,2929.166748046875,2883.333251953125,2858.333251953125,2866.666748046875,91800.0
2021-02-23,2883.333251953125,2920.833251953125,2870.833251953125,2887.5,2663.826171875,53640.0,2855.6250122070314,2839.00001953125,2709.6333365885416,2436.495834350586,52.727268853311294,2802.33333984375,19.22221679687481,22.291665039062536,0.1473509562761616,2929.166748046875,2920.833251953125,2887.5,2883.333251953125,53640.0
2021-02-24,2875.0,2875.0,2833.333251953125,2833.333251953125,2613.855224609375,89880.0,2860.0000122070314,2841.833349609375,2712.800003255208,2440.8708337402345,49.152527223703615,2807.08333984375,18.777773437499945,22.195831298828125,0.1258277458276935,2929.166748046875,2920.833251953125,2887.5,2883.333251953125,53640.0
2021-02-25,2837.5,2866.666748046875,2812.5,2833.333251953125,2635.559814453125,74040.0,2862.083337402344,2844.6666796875,2715.966669921875,2445.2458331298826,49.152527223703615,2808.5000048828124,17.555553385416715,22.258331298828125,0.1258277458276935,2929.166748046875,2875.0,2833.333251953125,2875.0,89880.0
2021-02-26,2820.833251953125,2845.833251953125,2779.166748046875,2779.166748046875,2585.1748046875,144600.0,2861.458337402344,2843.6666796875,2718.4111165364584,2449.35,33.84616355398825,2807.83333984375,16.27777994791677,22.04583190917947,0.0898693129595589,2929.166748046875,2866.666748046875,2833.333251953125,2837.5,74040.0
2021-02-27,2820.833251953125,2845.833251953125,2779.166748046875,2779.166748046875,2585.1748046875,144600.0,2860.833337402344,2844.1666796875,2721.8555631510417,2453.3166668701174,33.84616355398825,2804.166674804688,16.166669921874927,21.46666564941416,0.0845528772865853,2929.166748046875,2845.833251953125,2779.166748046875,2820.833251953125,144600.0
2021-02-28,2820.833251953125,2845.833251953125,2779.166748046875,2779.166748046875,2585.1748046875,144600.0,2857.291674804688,2844.6666796875,2725.3555631510417,2456.8791668701174,33.84616355398825,2800.500009765625,15.722226562500056,20.38333251953145,0.1024794067174394,2929.166748046875,2845.833251953125,2779.166748046875,2820.833251953125,144600.0
2021-03-01,2804.166748046875,2870.833251953125,2804.166748046875,2870.833251953125,2670.4423828125,66840.0,2857.083337402344,2849.6666796875,2729.8555631510417,2461.033333129883,44.87176983173077,2798.666674804688,17.05555989583354,20.16249938964848,0.1388429796888874,2929.166748046875,2845.833251953125,2779.166748046875,2820.833251953125,144600.0
2021-03-02,2854.166748046875,2887.5,2787.5,2870.833251953125,2670.4423828125,158760.0,2858.75,2852.83333984375,2734.577783203125,2465.3416662597656,41.89189617192981,2796.83333984375,18.6111132812498,20.095833129882976,0.1388429796888874,2929.166748046875,2870.833251953125,2870.833251953125,2804.166748046875,66840.0
2021-03-03,2895.833251953125,2929.166748046875,2870.833251953125,2916.666748046875,2713.076171875,114720.0,2862.708337402344,2857.83333984375,2740.077783203125,2469.8791668701174,48.19277193487767,2799.500009765625,21.666666666666515,20.52916687011748,0.1570248630237882,2929.166748046875,2887.5,2870.833251953125,2854.166748046875,158760.0
2021-03-04,2916.666748046875,2916.666748046875,2841.666748046875,2841.666748046875,2643.31201171875,75600.0,2861.458337402344,2859.83333984375,2744.577783203125,2474.0416674804687,43.95605598470639,2800.500009765625,22.72222005208323,20.725000610351344,0.1272727959475981,2929.166748046875,2929.166748046875,2916.666748046875,2895.833251953125,114720.0
2021-03-05,2808.333251953125,2858.333251953125,2766.666748046875,2845.833251953125,2647.187255859375,121560.0,2860.4166625976563,2859.666669921875,2749.1333365885416,2478.5000006103514,48.23529330666053,2801.500009765625,23.777773437499945,21.620833740234048,0.1215106411637931,2929.166748046875,2916.666748046875,2841.666748046875,2916.666748046875,75600.0
2021-03-06,2808.333251953125,2858.333251953125,2766.666748046875,2845.833251953125,2647.187255859375,121560.0,2859.374987792969,2858.5,2753.2444466145835,2482.6583337402344,48.23529330666053,2802.58333984375,23.388883463541788,21.625000610351435,0.0963081892151191,2929.166748046875,2858.333251953125,2845.833251953125,2808.333251953125,121560.0
2021-03-07,2808.333251953125,2858.333251953125,2766.666748046875,2845.833251953125,2647.187255859375,121560.0,2856.458312988281,2858.833330078125,2758.333333333333,2486.7708331298827,48.23529330666053,2803.666669921875,23.755550130208576,21.429166870117115,0.0301658830599547,2929.166748046875,2858.333251953125,2845.833251953125,2808.333251953125,121560.0
2021-03-08,2883.333251953125,2891.666748046875,2825.0,2870.833251953125,2670.4423828125,138480.0,2853.958312988281,2860.16666015625,2764.0333333333333,2490.783333129883,47.61903433247373,2805.25,23.9555501302084,20.90416625976559,0.0207407118055555,2929.166748046875,2858.333251953125,2845.833251953125,2808.333251953125,121560.0
2021-03-09,2845.833251953125,2879.166748046875,2791.666748046875,2866.666748046875,2666.566650390625,182040.0,2850.833312988281,2860.16666015625,2769.333333333333,2494.9208337402342,47.05883163928268,2807.583334960937,24.755550130208576,20.879166259765498,-0.0323487770305906,2916.666748046875,2891.666748046875,2870.833251953125,2883.333251953125,138480.0
2021-03-10,2866.666748046875,2937.5,2854.166748046875,2929.166748046875,2724.703857421875,123000.0,2852.916650390625,2862.66666015625,2774.833333333333,2499.370834350586,63.21843105930908,2812.0000048828124,25.69999674479186,20.870833740234502,-0.0112517306170886,2929.166748046875,2879.166748046875,2866.666748046875,2845.833251953125,182040.0
2021-03-11,2933.333251953125,2975.0,2904.166748046875,2950.0,2744.0830078125,163560.0,2857.499987792969,2865.999990234375,2780.611110026042,2503.925001220703,65.21742453336697,2817.83333984375,27.366663411458376,21.26666748046864,-0.0042194092827003,2950.0,2937.5,2929.166748046875,2866.666748046875,123000.0
2021-03-12,2962.5,2962.5,2908.333251953125,2925.0,2720.828125,123840.0,2860.8333251953127,2866.8333203125,2786.0555533854167,2508.2583349609376,70.588247458924,2822.416674804688,27.72222005208323,21.487501831054946,-0.0126582278481012,2950.0,2975.0,2950.0,2933.333251953125,163560.0
2021-03-13,2962.5,2962.5,2908.333251953125,2925.0,2720.828125,123840.0,2864.1666625976563,2866.999990234375,2791.0555533854167,2512.566668701172,70.588247458924,2828.500009765625,27.02222005208341,21.78333557128872,0.0508982343193953,2950.0,2962.5,2925.0,2962.5,123840.0
2021-03-14,2962.5,2962.5,2908.333251953125,2925.0,2720.828125,123840.0,2866.0416625976563,2866.8333203125,2795.88888671875,2516.7375024414064,70.588247458924,2834.5833447265627,26.555553385416715,21.816668701172148,0.0477611634864398,2950.0,2962.5,2925.0,2962.5,123840.0
2021-03-15,2891.666748046875,2920.833251953125,2858.333251953125,2912.5,2709.200439453125,105840.0,2867.2916625976563,2867.8333203125,2801.111110026042,2520.829168701172,57.57577909781524,2840.4166796875,26.27777669270836,21.45833435058603,0.0417287933625416,2950.0,2962.5,2925.0,2962.5,123840.0
2021-03-16,2912.5,2995.833251953125,2912.5,2987.5,2778.96533203125,108960.0,2875.0,2872.999990234375,2807.333333333333,2525.350002441406,66.66668991817099,2846.3333447265627,26.72222330729164,21.42500122070305,0.0701492225352955,2987.5,2920.833251953125,2912.5,2891.666748046875,105840.0
2021-03-17,2958.333251953125,2975.0,2945.833251953125,2970.833251953125,2763.462158203125,78360.0,2881.875,2877.499990234375,2813.333333333333,2529.787502441406,58.44154164117455,2851.750009765625,27.27777994791677,21.52916748046846,0.064179044304482,2987.5,2995.833251953125,2987.5,2912.5,108960.0
2021-03-18,3000.0,3045.833251953125,2975.0,3033.333251953125,2821.599609375,115560.0,2894.5833251953127,2884.499990234375,2820.1666666666665,2534.537502441406,81.08108750114812,2856.83333984375,29.1111132812498,21.97083374023441,0.0865671033533377,3033.333251953125,2975.0,2970.833251953125,2958.333251953125,78360.0
2021-03-19,3062.5,3170.833251953125,3029.166748046875,3141.666748046875,2922.370849609375,260880.0,2912.7083251953127,2894.66666015625,2828.444446614584,2539.5875024414063,85.85860558712122,2864.33333984375,32.555559895833085,22.84999999999991,0.1424242720170454,3141.666748046875,3045.833251953125,3033.333251953125,3000.0,115560.0
2021-03-20,3062.5,3170.833251953125,3029.166748046875,3141.666748046875,2922.370849609375,260880.0,2930.8333251953127,2904.833330078125,2836.5000032552084,2544.5250024414063,85.85860558712122,2871.916674804688,35.38889322916657,23.69583374023432,0.160000064903848,3141.666748046875,3170.833251953125,3141.666748046875,3062.5,260880.0
2021-03-21,3062.5,3170.833251953125,3029.166748046875,3141.666748046875,2922.370849609375,260880.0,2944.375,2917.166669921875,2843.777783203125,2549.4708361816406,85.85860558712122,2879.500009765625,36.4444498697917,24.120833740234502,0.1818182486107173,3141.666748046875,3170.833251953125,3141.666748046875,3062.5,260880.0
2021-03-22,3087.5,3100.0,3025.0,3041.666748046875,2829.350830078125,103920.0,2952.916674804688,2925.500009765625,2847.500006510417,2553.8250036621093,67.52138421474359,2885.0833447265627,34.16667317708334,24.03750122070324,0.1282844537373348,3141.666748046875,3170.833251953125,3141.666748046875,3062.5,260880.0
2021-03-23,3037.5,3108.333251953125,3016.666748046875,3054.166748046875,2840.978515625,79680.0,2959.791674804688,2936.500009765625,2850.7222298177085,2558.320837402344,68.90755681868539,2890.0833447265627,30.55556315104195,23.783334960937736,0.1653418796372552,3141.666748046875,3100.0,3041.666748046875,3087.5,103920.0
2021-03-24,2995.833251953125,3012.5,2958.333251953125,2991.666748046875,2782.84130859375,126720.0,2967.291674804688,2945.000009765625,2851.1111197916666,2562.5041711425783,56.30251893956179,2894.5833447265627,22.66667317708334,22.916668701172057,0.1414945021082105,3141.666748046875,3108.333251953125,3054.166748046875,3037.5,79680.0
2021-03-25,3020.833251953125,3083.333251953125,3012.5,3066.666748046875,2852.60595703125,90480.0,2978.333349609375,2956.500009765625,2852.500009765625,2567.0625048828124,60.60606329631424,2900.5833447265627,16.00000651041637,22.537502441406104,0.1701113551430642,3141.666748046875,3012.5,2991.666748046875,2995.833251953125,126720.0
2021-03-26,3137.5,3175.0,3125.0,3162.5,2941.749755859375,97200.0,2994.1666870117188,2968.1666796875,2855.166676432292,2572.079171142578,69.12751176397029,2908.9166796875,11.38889322916657,22.608334960937555,0.1749225650964299,3162.5,3083.333251953125,3066.666748046875,3020.833251953125,90480.0
2021-03-27,3137.5,3175.0,3125.0,3162.5,2941.749755859375,97200.0,3010.0000244140624,2979.833349609375,2857.8333430989583,2576.991671142578,69.12751176397029,2916.3333447265627,10.333336588541442,23.16666748046873,0.1712962962962962,3162.5,3175.0,3162.5,3137.5,97200.0
2021-03-28,3137.5,3175.0,3125.0,3162.5,2941.749755859375,97200.0,3024.583361816406,2989.6666796875,2862.8888997395834,2581.954171142578,69.12751176397029,2923.750009765625,12.166669921874927,23.63333374023432,0.1379310011615968,3162.5,3175.0,3162.5,3137.5,97200.0
2021-03-29,3187.5,3191.666748046875,3120.833251953125,3179.166748046875,2957.25341796875,158280.0,3040.208361816406,3003.1666796875,2868.05556640625,2587.0083386230467,71.33333151041738,2931.500009765625,16.944446614583285,24.504167480468368,0.1490963811565682,3179.166748046875,3175.0,3162.5,3137.5,97200.0
2021-03-30,3408.333251953125,3433.333251953125,3316.666748046875,3375.0,3139.4169921875,384000.0,3062.5000244140624,3024.333349609375,2875.7777897135416,2593.033338623047,75.97764796228003,2942.000009765625,23.27777994791677,25.97083374023441,0.2217194570135747,3375.0,3191.666748046875,3179.166748046875,3187.5,158280.0
2021-03-31,3375.0,3433.333251953125,3333.333251953125,3341.666748046875,3108.41015625,190440.0,3082.083361816406,3044.166689453125,2883.111123046875,2598.891672363281,74.31695056352459,2951.3333447265627,27.944446614583285,26.81250122070287,0.2096531214649322,3375.0,3433.333251953125,3375.0,3408.333251953125,384000.0
2021-04-01,3350.0,3395.833251953125,3341.666748046875,3350.0,3116.161865234375,118440.0,3103.333361816406,3064.333359375,2890.55556640625,2604.791672363281,72.35294948907968,2961.5833447265627,32.72222330729164,27.80000122070305,0.2126696832579184,3375.0,3433.333251953125,3341.666748046875,3375.0,190440.0
2021-04-02,3333.333251953125,3354.166748046875,3258.333251953125,3320.833251953125,3089.031005859375,146280.0,3123.1250244140624,3082.333359375,2897.6111197916666,2610.4291723632814,64.23840134478512,2971.250009765625,34.72222005208323,28.47500122070324,0.1842495651394884,3375.0,3395.833251953125,3350.0,3350.0,118440.0
2021-04-03,3333.333251953125,3354.166748046875,3258.333251953125,3320.833251953125,3089.031005859375,146280.0,3142.9166870117188,3100.50001953125,2905.2222298177085,2616.141672363281,64.23840134478512,2980.33333984375,37.16666341145856,29.13333374023432,0.2003011400984462,3375.0,3354.166748046875,3320.833251953125,3333.333251953125,146280.0
2021-04-04,3333.333251953125,3354.166748046875,3258.333251953125,3320.833251953125,3089.031005859375,146280.0,3163.333349609375,3116.1666796875,2913.388896484375,2621.7875048828123,64.23840134478512,2989.416669921875,37.61110677083343,28.754166259765498,0.2003011400984462,3375.0,3354.166748046875,3320.833251953125,3333.333251953125,146280.0
2021-04-05,3312.5,3312.5,3208.333251953125,3308.333251953125,3077.403564453125,141840.0,3179.3750122070314,3130.500009765625,2922.055563151041,2627.329171142578,74.61537698779357,2998.25,38.94444010416646,28.43749877929713,0.2048558482565869,3375.0,3354.166748046875,3320.833251953125,3333.333251953125,146280.0
2021-04-06,3304.166748046875,3425.0,3220.833251953125,3420.833251953125,3182.05078125,297120.0,3201.8750122070314,3150.33333984375,2931.7222298177085,2633.216671142578,78.57142313601439,3008.583330078125,41.16666341145856,28.424998779296857,0.2253730694562421,3420.833251953125,3312.5,3308.333251953125,3312.5,141840.0
2021-04-07,3445.833251953125,3562.5,3441.666748046875,3554.166748046875,3306.0771484375,301080.0,3227.9166870117188,3175.500009765625,2944.166676432292,2639.770838623047,89.47368421052632,3021.25,46.55555664062513,29.34166625976559,0.2731343203960377,3554.166748046875,3425.0,3420.833251953125,3304.166748046875,297120.0
2021-04-08,3470.833251953125,3566.666748046875,3458.333251953125,3516.666748046875,3271.1953125,172080.0,3246.6666870117188,3199.1666796875,2956.111123046875,2646.1375061035155,83.33333333333333,3033.0,50.88889322916657,29.995833740234502,0.2597014849667245,3554.166748046875,3562.5,3554.166748046875,3445.833251953125,301080.0
2021-04-09,3516.666748046875,3570.833251953125,3462.5,3466.666748046875,3224.68505859375,124440.0,3262.9166870117188,3221.333349609375,2967.388902994792,2652.2541735839845,74.17218877118833,3044.583334960937,54.00000651041682,30.46666870117224,0.2163742975603071,3554.166748046875,3566.666748046875,3516.666748046875,3470.833251953125,172080.0
2021-04-10,3516.666748046875,3570.833251953125,3462.5,3466.666748046875,3224.68505859375,124440.0,3279.1666870117188,3240.50001953125,2977.722236328125,2658.370841064453,74.17218877118833,3056.7500048828124,55.66667317708334,31.041669921874927,0.2057971297554348,3554.166748046875,3570.833251953125,3466.666748046875,3516.666748046875,124440.0
2021-04-11,3516.666748046875,3570.833251953125,3462.5,3466.666748046875,3224.68505859375,124440.0,3300.4166870117188,3260.333359375,2987.9444596354165,2664.625008544922,74.17218877118833,3068.916674804688,56.22222981770801,31.40833740234393,0.2217327746420705,3554.166748046875,3570.833251953125,3466.666748046875,3516.666748046875,124440.0
2021-04-12,3550.0,3583.333251953125,3458.333251953125,3562.5,3313.8291015625,226440.0,3325.833349609375,3281.500029296875,2998.388902994792,2671.487508544922,77.05882089370644,3083.000009765625,54.222226562500055,31.71666992187511,0.2555066079295154,3562.5,3570.833251953125,3466.666748046875,3516.666748046875,124440.0
2021-04-13,3566.666748046875,3608.333251953125,3491.666748046875,3508.333251953125,3263.443115234375,181320.0,3351.666674804688,3296.166689453125,3008.2777897135416,2678.033341064453,61.7646970121931,3095.416674804688,52.16666666666652,31.895834960937464,0.2238371461710475,3562.5,3583.333251953125,3562.5,3550.0,226440.0
2021-04-14,3508.333251953125,3533.333251953125,3479.166748046875,3504.166748046875,3259.56787109375,93600.0,3373.541674804688,3310.666689453125,3018.1666796875,2684.558341064453,65.11627906976744,3107.750009765625,50.77777669270836,32.30416748046855,0.2223837146171048,3562.5,3608.333251953125,3508.333251953125,3566.666748046875,181320.0
2021-04-15,3483.333251953125,3525.0,3441.666748046875,3520.833251953125,3275.070556640625,111120.0,3391.458337402344,3325.833349609375,3028.2777897135416,2691.1666735839844,65.64884984029845,3121.500009765625,50.55555338541672,32.79583251953136,0.2281976111635397,3562.5,3533.333251953125,3504.166748046875,3508.333251953125,93600.0
2021-04-16,3462.5,3512.5,3450.0,3462.5,3220.809326171875,161400.0,3406.458337402344,3342.6666796875,3037.611123046875,2697.32083984375,62.318852886741205,3134.0833447265627,49.66666341145856,32.695831298828125,0.1922524773512464,3562.5,3525.0,3520.833251953125,3483.333251953125,111120.0
2021-04-17,3462.5,3512.5,3450.0,3462.5,3220.809326171875,161400.0,3421.458337402344,3359.000009765625,3046.3888997395834,2703.591673583984,62.318852886741205,3147.750009765625,47.99999674479159,32.10416503906208,0.185449391088885,3562.5,3512.5,3462.5,3462.5,161400.0
2021-04-18,3462.5,3512.5,3450.0,3462.5,3220.809326171875,161400.0,3435.625,3377.83333984375,3055.666676432292,2709.98333984375,62.318852886741205,3161.416674804688,47.3888867187502,31.949998779296948,0.1820767808144563,3562.5,3512.5,3462.5,3462.5,161400.0
2021-04-19,3475.0,3491.666748046875,3400.0,3441.666748046875,3201.43017578125,133200.0,3438.958337402344,3392.83333984375,3064.666676432292,2716.27083984375,61.42859175702665,3174.666674804688,46.49999674479159,31.71249877929677,0.1919192201028139,3562.5,3512.5,3462.5,3462.5,161400.0
2021-04-20,3425.0,3441.666748046875,3354.166748046875,3425.0,3185.92724609375,149160.0,3443.125,3403.33333984375,3073.722233072917,2722.25833984375,50.427358988060384,3185.750009765625,45.44444335937533,31.09166625976559,0.1982507629786227,3562.5,3491.666748046875,3441.666748046875,3475.0,133200.0
2021-04-21,3387.5,3387.5,3337.5,3350.0,3116.161865234375,94200.0,3443.125,3410.83333984375,3081.166676432292,2727.87083984375,26.21356019944649,3195.3333447265627,43.55555338541672,30.550000000000185,0.1720116951761712,3562.5,3441.666748046875,3425.0,3425.0,149160.0
2021-04-22,3395.833251953125,3429.166748046875,3370.833251953125,3416.666748046875,3178.175537109375,95640.0,3447.916674804688,3421.000009765625,3089.500009765625,2733.8166735839845,39.0909013429697,3205.3333447265627,43.11111002604139,30.225000000000364,0.1953353394717834,3562.5,3387.5,3350.0,3387.5,94200.0
2021-04-23,3475.0,3475.0,3366.666748046875,3425.0,3185.92724609375,94800.0,3453.1250122070314,3430.83333984375,3097.944453125,2739.6666735839844,44.99998535154819,3217.000009765625,42.27777669270836,29.683333740234502,0.1861471861471861,3562.5,3429.166748046875,3416.666748046875,3395.833251953125,95640.0
2021-04-24,3475.0,3475.0,3366.666748046875,3425.0,3185.92724609375,94800.0,3458.333349609375,3432.83333984375,3105.6111197916666,2745.512507324219,44.99998535154819,3228.5833447265627,40.94444335937487,29.241667480469005,0.1861471861471861,3562.5,3475.0,3425.0,3475.0,94800.0
2021-04-25,3475.0,3475.0,3366.666748046875,3425.0,3185.92724609375,94800.0,3464.1666870117188,3436.166669921875,3112.944453125,2751.325007324219,44.99998535154819,3240.1666796875,39.22222005208323,29.066667480468823,0.2088235641321105,3562.5,3475.0,3425.0,3475.0,94800.0
2021-04-26,3458.333251953125,3500.0,3420.833251953125,3491.666748046875,3247.940185546875,96000.0,3467.708361816406,3441.83333984375,3121.666676432292,2757.308341064453,40.86021979600541,3253.083349609375,40.5,29.43750122070287,0.2323530052950655,3562.5,3475.0,3425.0,3475.0,94800.0
2021-04-27,3525.0,3525.0,3445.833251953125,3491.666748046875,3247.940185546875,143400.0,3464.583361816406,3448.6666796875,3130.3888997395834,2763.2166748046875,47.50002197267772,3265.50001953125,40.88888997395861,29.40000122070296,0.2563718065858142,3562.5,3500.0,3491.666748046875,3458.333251953125,96000.0
2021-04-28,3479.166748046875,3479.166748046875,3395.833251953125,3400.0,3162.671630859375,152160.0,3458.7500244140624,3451.833349609375,3137.500009765625,2768.666674804688,37.62375031399875,3276.166684570313,39.55555664062467,29.00000122070287,0.223388270023535,3562.5,3525.0,3491.666748046875,3525.0,143400.0
2021-04-29,3479.166748046875,3479.166748046875,3395.833251953125,3400.0,3162.671630859375,152160.0,3455.4166870117188,3455.00001953125,3144.6111197916666,2774.116674804688,35.051559469321944,3285.583349609375,39.0,28.60416748046873,0.223388270023535,3562.5,3479.166748046875,3400.0,3479.166748046875,152160.0
2021-04-30,3404.166748046875,3458.333251953125,3391.666748046875,3425.0,3185.92724609375,154440.0,3453.333349609375,3459.666689453125,3152.055563151041,2779.662508544922,44.94382244389816,3295.083349609375,39.11111002604139,28.33750122070296,0.1930334155318342,3562.5,3479.166748046875,3400.0,3479.166748046875,152160.0
2021-05-01,3404.166748046875,3458.333251953125,3391.666748046875,3425.0,3185.92724609375,154440.0,3451.2500122070314,3459.833359375,3159.000006510417,2785.1291748046874,44.94382244389816,3305.083349609375,37.33333007812507,27.82083374023432,0.1930334155318342,3562.5,3458.333251953125,3425.0,3404.166748046875,154440.0
2021-05-02,3404.166748046875,3458.333251953125,3391.666748046875,3425.0,3185.92724609375,154440.0,3444.3750122070314,3454.666689453125,3165.7222298177085,2790.541674804688,44.94382244389816,3315.083349609375,35.33333007812507,27.32499999999981,0.1742856815210467,3520.833251953125,3458.333251953125,3425.0,3404.166748046875,154440.0
2021-05-03,3404.166748046875,3458.333251953125,3391.666748046875,3425.0,3185.92724609375,154440.0,3440.208349609375,3451.00001953125,3172.33333984375,2795.8166748046874,47.61903765413111,3325.083349609375,34.83333007812507,27.15000000000009,0.2052785578583624,3520.833251953125,3458.333251953125,3425.0,3404.166748046875,154440.0
2021-05-04,3404.166748046875,3458.333251953125,3391.666748046875,3425.0,3185.92724609375,154440.0,3436.2500122070314,3449.333349609375,3179.500006510417,2801.1916748046874,50.0,3335.333349609375,34.8888867187502,27.07499999999981,0.203513943640017,3520.833251953125,3458.333251953125,3425.0,3404.166748046875,154440.0
2021-05-05,3404.166748046875,3458.333251953125,3391.666748046875,3425.0,3185.92724609375,154440.0,3431.458349609375,3447.6666796875,3187.055563151041,2806.5666748046874,64.5161198865172,3344.083349609375,35.0,26.90416625976559,0.203513943640017,3491.666748046875,3458.333251953125,3425.0,3404.166748046875,154440.0
2021-05-06,3462.5,3462.5,3387.5,3395.833251953125,3158.7958984375,167400.0,3428.1250122070314,3444.83333984375,3194.2222298177085,2811.7958410644533,45.28298549308263,3352.583349609375,35.22222330729164,26.66666625976586,0.1932650128473021,3491.666748046875,3458.333251953125,3425.0,3404.166748046875,154440.0
2021-05-07,3404.166748046875,3441.666748046875,3379.166748046875,3404.166748046875,3166.548095703125,202560.0,3425.208349609375,3438.500009765625,3201.500009765625,2817.016674804688,45.28304598495359,3360.00001953125,35.777779947916315,26.475000000000364,0.1857765496240178,3491.666748046875,3462.5,3395.833251953125,3462.5,167400.0
2021-05-08,3404.166748046875,3441.666748046875,3379.166748046875,3404.166748046875,3166.548095703125,202560.0,3422.2916870117188,3434.333349609375,3208.3888997395834,2822.266674804688,45.28304598495359,3365.25001953125,36.05555989583354,26.45000000000028,0.1874999946771667,3491.666748046875,3441.666748046875,3404.166748046875,3404.166748046875,202560.0
2021-05-09,3404.166748046875,3441.666748046875,3379.166748046875,3404.166748046875,3166.548095703125,202560.0,3420.4166870117188,3430.333349609375,3215.2777897135416,2827.366674804688,45.28304598495359,3370.50001953125,35.77778320312473,26.175000000000185,0.1621621576568568,3491.666748046875,3441.666748046875,3404.166748046875,3404.166748046875,202560.0
2021-05-10,3404.166748046875,3437.5,3362.5,3429.166748046875,3189.802734375,92040.0,3420.6250244140624,3426.666689453125,3223.222236328125,2832.587508544922,32.55817122425286,3376.25001953125,36.16667317708334,26.0208337402346,0.1624294061175848,3491.666748046875,3441.666748046875,3404.166748046875,3404.166748046875,202560.0
2021-05-11,3458.333251953125,3466.666748046875,3350.0,3362.5,3127.78955078125,151440.0,3421.2500244140624,3422.666689453125,3230.27779296875,2837.4416748046874,23.72884049119358,3382.666684570313,36.0555631510415,25.64583374023414,0.1495726495726494,3491.666748046875,3437.5,3429.166748046875,3404.166748046875,92040.0
2021-05-12,3366.666748046875,3366.666748046875,3250.0,3262.5,3034.77001953125,160200.0,3413.5416870117188,3414.666689453125,3236.722236328125,2841.7958410644533,22.950854314991915,3386.833349609375,35.222226562500055,24.77916625976559,0.1153846153846154,3491.666748046875,3466.666748046875,3362.5,3458.333251953125,151440.0
2021-05-13,3220.833251953125,3270.833251953125,3200.0,3200.0,2976.63232421875,147720.0,3402.2916870117188,3404.166689453125,3242.3333463541667,2845.8375073242187,18.42108509345693,3391.0000146484376,33.944446614583285,23.570832519530995,0.0940170940170941,3491.666748046875,3366.666748046875,3262.5,3366.666748046875,160200.0
2021-05-14,3258.333251953125,3308.333251953125,3229.166748046875,3279.166748046875,3050.273193359375,123120.0,3395.0000244140624,3397.666689453125,3249.000013020833,2850.433341064453,30.337111199623426,3395.2500146484376,33.72222330729164,23.066666259765498,0.125894162419528,3491.666748046875,3270.833251953125,3200.0,3220.833251953125,147720.0
2021-05-15,3258.333251953125,3308.333251953125,3229.166748046875,3279.166748046875,3050.273193359375,123120.0,3387.708361816406,3391.833359375,3254.4444596354165,2855.666674804688,30.337111199623426,3397.583349609375,31.22222330729164,23.07916625976532,0.097629037003138,3491.666748046875,3308.333251953125,3279.166748046875,3258.333251953125,123120.0
2021-05-16,3258.333251953125,3308.333251953125,3229.166748046875,3279.166748046875,3050.273193359375,123120.0,3377.083361816406,3389.000029296875,3259.88890625,2860.6291748046874,30.337111199623426,3399.916684570313,29.61111328125025,23.1875,0.1037868738984395,3491.666748046875,3308.333251953125,3279.166748046875,3258.333251953125,123120.0
2021-05-17,3316.666748046875,3341.666748046875,3262.5,3279.166748046875,3050.273193359375,117480.0,3366.458361816406,3383.500029296875,3264.722239583333,2865.5958422851563,30.337111199623426,3402.25001953125,28.00000325520841,23.80000122070305,0.0810440118755368,3429.166748046875,3308.333251953125,3279.166748046875,3258.333251953125,123120.0
2021-05-18,3283.333251953125,3375.0,3283.333251953125,3362.5,3127.78955078125,117360.0,3364.583361816406,3381.000029296875,3271.666682942708,2871.3666760253905,43.11927098676105,3405.916684570313,29.33333658854144,25.529168701171784,0.0702917494640109,3429.166748046875,3341.666748046875,3279.166748046875,3316.666748046875,117480.0
2021-05-19,3362.5,3383.333251953125,3337.5,3370.833251953125,3135.540771484375,106680.0,3363.1250244140624,3378.833359375,3278.666682942708,2877.1791760253905,44.144138437426925,3405.833349609375,29.666669921874927,26.745834960937373,0.0729442433856866,3429.166748046875,3375.0,3362.5,3283.333251953125,117360.0
2021-05-20,3370.833251953125,3391.666748046875,3325.0,3333.333251953125,3100.65869140625,95520.0,3358.5416870117188,3375.166689453125,3285.166682942708,2882.8041760253905,43.36283415278133,3405.6666796875,30.72222330729164,27.137501220703143,0.0610079041723334,3429.166748046875,3383.333251953125,3370.833251953125,3362.5,106680.0
2021-05-21,3366.666748046875,3416.666748046875,3350.0,3391.666748046875,3154.92041015625,57600.0,3356.8750244140624,3371.166689453125,3292.444462890625,2888.512509765625,48.80000037499988,3406.5000146484376,32.55555664062467,27.88333496093765,0.1150684900720118,3429.166748046875,3391.666748046875,3333.333251953125,3370.833251953125,95520.0
2021-05-22,3366.666748046875,3416.666748046875,3350.0,3391.666748046875,3154.92041015625,57600.0,3355.208361816406,3367.166689453125,3299.388909505208,2894.220843505859,48.80000037499988,3407.916684570313,34.66666992187493,28.62500122070287,0.110504771953211,3429.166748046875,3416.666748046875,3391.666748046875,3366.666748046875,57600.0
2021-05-23,3366.666748046875,3416.666748046875,3350.0,3391.666748046875,3154.92041015625,57600.0,3353.54169921875,3366.833359375,3306.388909505208,2899.6541772460937,48.80000037499988,3409.3333544921875,34.722226562500055,28.28750122070324,0.1337047317389685,3429.166748046875,3416.666748046875,3391.666748046875,3366.666748046875,57600.0
2021-05-24,3441.666748046875,3504.166748046875,3437.5,3445.833251953125,3205.3056640625,62520.0,3354.583361816406,3368.666689453125,3313.2777962239584,2905.095843505859,51.51513671875,3411.8333544921875,34.611113281250255,27.91666748046873,0.1236412479927062,3445.833251953125,3416.666748046875,3391.666748046875,3366.666748046875,57600.0
2021-05-25,3420.833251953125,3475.0,3420.833251953125,3462.5,3220.809326171875,46200.0,3356.458361816406,3370.166689453125,3320.111129557292,2910.845843505859,60.0,3414.916689453125,34.94444661458374,28.04166748046873,0.0948616600790512,3462.5,3504.166748046875,3445.833251953125,3441.666748046875,62520.0
2021-05-26,3483.333251953125,3537.5,3470.833251953125,3508.333251953125,3263.443115234375,78600.0,3362.083361816406,3373.50001953125,3327.88890625,2916.825009765625,77.57008936369914,3416.666689453125,35.44444335937533,28.3125,0.1093543879693677,3508.333251953125,3475.0,3462.5,3420.833251953125,46200.0
2021-05-27,3541.666748046875,3541.666748046875,3458.333251953125,3479.166748046875,3236.312744140625,204600.0,3365.833361816406,3375.666689453125,3335.2777962239584,2922.658343505859,83.83841373012176,3415.166689453125,35.8888867187502,28.4375,0.1001317780385375,3508.333251953125,3537.5,3508.333251953125,3483.333251953125,78600.0
2021-05-28,3554.166748046875,3587.5,3525.0,3529.166748046875,3282.82275390625,79920.0,3372.083361816406,3379.833359375,3343.3333528645835,2928.82084350586,82.60872334300555,3415.416689453125,36.94444335937533,29.16666625976586,0.1100917403011412,3529.166748046875,3541.666748046875,3479.166748046875,3541.666748046875,204600.0
2021-05-29,3554.166748046875,3587.5,3525.0,3529.166748046875,3282.82275390625,79920.0,3378.333361816406,3384.000029296875,3351.555576171875,2934.8791772460936,82.60872334300555,3416.666689453125,38.27777994791677,29.78333374023441,0.0456790364583332,3529.166748046875,3587.5,3529.166748046875,3554.166748046875,79920.0
2021-05-30,3554.166748046875,3587.5,3525.0,3529.166748046875,3282.82275390625,79920.0,3383.333361816406,3388.16669921875,3358.777799479167,2940.5458447265623,82.60872334300555,3417.916689453125,38.66666992187493,29.700001220703143,0.0561097243193353,3529.166748046875,3587.5,3529.166748046875,3554.166748046875,79920.0
2021-05-31,3529.166748046875,3537.5,3441.666748046875,3454.166748046875,3213.0576171875,79080.0,3387.91669921875,3390.5000390625,3365.22224609375,2945.691678466797,69.09092264980302,3417.666689453125,37.333339843749854,28.866668701171875,0.0310945516557836,3529.166748046875,3587.5,3529.166748046875,3554.166748046875,79920.0
2021-06-01,3475.0,3475.0,3412.5,3462.5,3220.809326171875,53880.0,3397.91669921875,3392.833369140625,3370.9444694010417,2951.0791784667967,63.043489337202224,3415.666689453125,35.66667317708334,28.420834960937555,0.0426600004572812,3529.166748046875,3537.5,3454.166748046875,3529.166748046875,79080.0
2021-06-02,3495.833251953125,3570.833251953125,3445.833251953125,3529.166748046875,3282.82275390625,125400.0,3414.375036621094,3397.833369140625,3376.111136067708,2956.800012207031,67.92455333304589,3416.083359375,32.77778320312473,27.9791687011716,0.0627353077638632,3529.166748046875,3475.0,3462.5,3475.0,53880.0
2021-06-03,3529.166748046875,3537.5,3458.333251953125,3479.166748046875,3236.312744140625,83760.0,3424.375036621094,3400.833369140625,3380.611136067708,2962.2708459472656,66.05506954381792,3415.583359375,29.055559895833085,27.39166870117197,0.0476788456633969,3529.166748046875,3570.833251953125,3529.166748046875,3495.833251953125,125400.0
2021-06-04,3516.666748046875,3583.333251953125,3504.166748046875,3529.166748046875,3282.82275390625,81120.0,3436.875036621094,3404.833369140625,3385.777802734375,2967.5083459472658,65.42057200684289,3415.750029296875,27.00000325520841,26.962501220703416,0.0667506805619952,3529.166748046875,3537.5,3479.166748046875,3529.166748046875,83760.0
2021-06-05,3516.666748046875,3583.333251953125,3504.166748046875,3529.166748046875,3282.82275390625,81120.0,3449.375036621094,3411.5000390625,3392.277802734375,2973.0250134277344,65.42057200684289,3417.0833642578127,27.055556640625127,27.333334960937464,0.0316687450438857,3529.166748046875,3583.333251953125,3529.166748046875,3516.666748046875,81120.0
2021-06-06,3516.666748046875,3583.333251953125,3504.166748046875,3529.166748046875,3282.82275390625,81120.0,3461.875036621094,3422.166708984375,3398.611136067708,2978.1875134277343,65.42057200684289,3418.41669921875,27.666666666666515,27.108334960937555,-0.0070339974942758,3529.166748046875,3583.333251953125,3529.166748046875,3516.666748046875,81120.0
2021-06-07,3579.166748046875,3658.333251953125,3550.0,3641.666748046875,3387.469970703125,240600.0,3475.833374023437,3439.83337890625,3407.277802734375,2984.0000134277343,69.42151001469202,3422.000034179688,31.16666666666697,27.200001220703143,0.0355450228741247,3641.666748046875,3583.333251953125,3529.166748046875,3516.666748046875,81120.0
2021-06-08,3675.0,3691.666748046875,3625.0,3650.0,3395.221435546875,121200.0,3489.791711425781,3454.666708984375,3415.055579427084,2989.6250134277343,68.90757543827169,3426.16669921875,34.44444335937533,27.35416748046873,0.0528845906680863,3650.0,3658.333251953125,3641.666748046875,3579.166748046875,240600.0
2021-06-09,3641.666748046875,3650.0,3570.833251953125,3616.666748046875,3364.21484375,93960.0,3503.958386230469,3468.166708984375,3421.111136067708,2995.083347167969,61.20692093677327,3430.000034179688,35.33333333333303,27.575001220703143,0.0432692297534829,3650.0,3691.666748046875,3650.0,3675.0,121200.0
2021-06-10,3595.833251953125,3654.166748046875,3587.5,3620.833251953125,3368.090576171875,105120.0,3515.416711425781,3481.833369140625,3427.22224609375,3000.5625134277343,65.45453867509849,3435.41669921875,34.94444335937487,27.53749999999991,0.0444711058520717,3650.0,3650.0,3616.666748046875,3641.666748046875,93960.0
2021-06-11,3637.5,3695.833251953125,3616.666748046875,3666.666748046875,3410.724853515625,145560.0,3529.166711425781,3497.333369140625,3433.9444694010417,3006.270847167969,65.1376201037916,3440.41669921875,35.333333333333485,28.0833337402346,0.0292397889254385,3666.666748046875,3654.166748046875,3620.833251953125,3595.833251953125,105120.0
2021-06-12,3637.5,3695.833251953125,3616.666748046875,3666.666748046875,3410.724853515625,145560.0,3542.916711425781,3509.5000390625,3440.4444694010417,3011.7500146484376,65.1376201037916,3445.250034179688,33.166666666666515,27.750001220703325,0.0451306887695472,3666.666748046875,3695.833251953125,3666.666748046875,3637.5,145560.0
2021-06-13,3637.5,3695.833251953125,3616.666748046875,3666.666748046875,3410.724853515625,145560.0,3553.958386230469,3521.33337890625,3444.333359375,3017.5625146484376,65.1376201037916,3450.083369140625,29.277779947916315,27.937501220703325,0.0463733639646495,3666.666748046875,3695.833251953125,3666.666748046875,3637.5,145560.0
2021-06-14,3708.333251953125,3716.666748046875,3650.0,3662.5,3406.8486328125,82800.0,3563.958386230469,3534.500048828125,3448.611136067708,3023.354180908203,77.1739081975858,3454.833369140625,27.5,28.27083374023414,0.0402367104344654,3666.666748046875,3695.833251953125,3666.666748046875,3637.5,145560.0
2021-06-15,3683.333251953125,3695.833251953125,3650.0,3683.333251953125,3426.227783203125,113520.0,3572.708386230469,3546.166708984375,3453.055579427084,3029.433347167969,77.89473229743675,3458.66669921875,25.833333333333485,28.870833740234502,0.063778556520758,3683.333251953125,3716.666748046875,3662.5,3708.333251953125,82800.0
2021-06-16,3708.333251953125,3741.666748046875,3650.0,3729.166748046875,3468.862548828125,102240.0,3585.208386230469,3559.666708984375,3458.500026041667,3035.741680908204,76.66666666666666,3463.41669921875,24.555556640625127,29.47083374023441,0.0770156673059567,3729.166748046875,3695.833251953125,3683.333251953125,3683.333251953125,113520.0
2021-06-17,3729.166748046875,3750.0,3691.666748046875,3737.5,3476.613525390625,102360.0,3595.625048828125,3573.5000390625,3464.0555826822915,3042.091680908203,88.7499972534173,3470.16669921875,23.6111132812498,30.34166625976559,0.0794223826714801,3737.5,3741.666748046875,3729.166748046875,3708.333251953125,102240.0
2021-06-18,3837.5,3879.166748046875,3779.166748046875,3866.666748046875,3596.764404296875,264960.0,3612.500048828125,3590.33337890625,3471.3333626302083,3049.0875146484377,90.9090909090909,3479.500034179688,27.00000325520841,31.52500000000009,0.1234866798888023,3866.666748046875,3750.0,3737.5,3729.166748046875,102360.0
2021-06-19,3837.5,3879.166748046875,3779.166748046875,3866.666748046875,3596.764404296875,264960.0,3629.375048828125,3606.500048828125,3478.777809244792,3055.7750146484377,90.9090909090909,3488.333369140625,30.16667317708334,32.420833740234684,0.1289537950501824,3866.666748046875,3879.166748046875,3866.666748046875,3837.5,264960.0
2021-06-20,3837.5,3879.166748046875,3779.166748046875,3866.666748046875,3596.764404296875,264960.0,3650.000048828125,3620.833388671875,3484.722255859375,3062.6750146484374,90.9090909090909,3497.1667041015626,31.666676432291297,33.24166748046855,0.1542288800139926,3866.666748046875,3879.166748046875,3866.666748046875,3837.5,264960.0
2021-06-21,3829.166748046875,3866.666748046875,3741.666748046875,3770.833251953125,3507.6201171875,206760.0,3665.416711425781,3632.500048828125,3487.611142578125,3068.8625146484374,66.31576220568988,3504.083369140625,29.11111653645821,33.12083374023405,0.1036584864791709,3866.666748046875,3879.166748046875,3866.666748046875,3837.5,264960.0
2021-06-22,3829.166748046875,3916.666748046875,3750.0,3900.0,3627.7705078125,181080.0,3683.9583740234375,3647.33337890625,3492.7222526041664,3075.4250146484374,74.19353314419534,3513.583369140625,28.666669921874927,33.33333374023414,0.1386861313868612,3900.0,3866.666748046875,3770.833251953125,3829.166748046875,206760.0
2021-06-23,3958.333251953125,3962.5,3891.666748046875,3908.333251953125,3635.522216796875,197040.0,3705.41669921875,3662.5000390625,3498.6111393229166,3082.029180908203,79.66098075941422,3523.250034179688,27.27777669270836,32.9416662597655,0.1411191976505474,3908.333251953125,3916.666748046875,3900.0,3829.166748046875,181080.0
2021-06-24,3900.0,3920.833251953125,3862.5,3887.5,3616.142822265625,75720.0,3723.333361816406,3676.833369140625,3504.2222493489585,3088.529180908203,76.22949520564228,3532.500034179688,25.444440104166915,32.7541662597655,0.1350364963503649,3908.333251953125,3962.5,3908.333251953125,3958.333251953125,197040.0
2021-06-25,3895.833251953125,3925.0,3866.666748046875,3900.0,3627.7705078125,71160.0,3741.8750244140624,3694.66669921875,3510.000026041667,3095.3833471679686,74.56138231836846,3542.583369140625,25.277770182291988,32.70833251953127,0.1169450813659502,3908.333251953125,3920.833251953125,3887.5,3900.0,75720.0
2021-06-26,3895.833251953125,3925.0,3866.666748046875,3900.0,3627.7705078125,71160.0,3760.416687011719,3712.16669921875,3514.500026041667,3101.9875134277345,74.56138231836846,3552.500034179688,26.888883463541788,33.12499877929713,0.1169450813659502,3908.333251953125,3925.0,3900.0,3895.833251953125,71160.0
2021-06-27,3895.833251953125,3925.0,3866.666748046875,3900.0,3627.7705078125,71160.0,3773.333349609375,3727.000029296875,3519.7222493489585,3108.3833471679686,74.56138231836846,3562.41669921875,26.999996744792043,32.95833251953127,0.1470588235294117,3908.333251953125,3925.0,3900.0,3895.833251953125,71160.0
2021-06-28,3954.166748046875,3958.333251953125,3904.166748046875,3945.833251953125,3670.405029296875,91680.0,3788.125012207032,3745.666689453125,3525.611136067708,3115.1541796875,77.41934264438277,3573.250029296875,26.999996744791588,33.124998779296675,0.1605391917509191,3945.833251953125,3925.0,3900.0,3895.833251953125,71160.0
2021-06-29,3945.833251953125,4045.833251953125,3891.666748046875,4020.833251953125,3740.16943359375,301080.0,3808.333337402344,3765.333349609375,3532.277802734375,3122.2791796875,79.56203536666419,3585.083359375,28.055553385416715,33.749998779296675,0.1739659129790145,4020.833251953125,3958.333251953125,3945.833251953125,3954.166748046875,91680.0
2021-06-30,4020.833251953125,4216.66650390625,4012.5,4158.33349609375,3868.072509765625,425280.0,3835.208349609375,3790.50001953125,3541.5555826822915,3130.091680908203,82.38993131267272,3601.000029296875,31.55555664062468,34.70833374023459,0.2141119696624087,4158.33349609375,4045.833251953125,4020.833251953125,3945.833251953125,301080.0
2021-07-01,4108.33349609375,4116.66650390625,3908.333251953125,3912.5,3639.39794921875,502200.0,3847.500012207032,3805.833349609375,3547.5555826822915,3136.6750146484374,59.72221694758195,3614.000029296875,33.05555664062467,34.68750122070287,0.1423357664233577,4158.33349609375,4216.66650390625,4158.33349609375,4020.833251953125,425280.0
2021-07-02,3954.166748046875,4020.833251953125,3916.666748046875,4012.5,3732.41796875,309960.0,3864.7916748046873,3820.6666796875,3554.888916015625,3144.133348388672,58.373197156662506,3630.250029296875,35.166666666666515,35.750001220703325,0.1715328467153285,4158.33349609375,4116.66650390625,3912.5,4108.33349609375,502200.0
2021-07-03,3954.166748046875,4020.833251953125,3916.666748046875,4012.5,3732.41796875,309960.0,3882.083337402344,3835.1666796875,3562.500026041667,3151.6125146484374,58.373197156662506,3644.916694335937,36.88888997395861,36.45833496093746,0.1715328467153285,4158.33349609375,4020.833251953125,4012.5,3954.166748046875,309960.0
2021-07-04,3954.166748046875,4020.833251953125,3916.666748046875,4012.5,3732.41796875,309960.0,3899.583337402344,3851.000009765625,3570.333359375,3159.008348388672,58.373197156662506,3659.583359375,38.05555664062467,36.72916870117206,0.1715328467153285,4158.33349609375,4020.833251953125,4012.5,3954.166748046875,309960.0
2021-07-05,4070.833251953125,4087.5,4000.0,4025.0,3744.04541015625,154680.0,3916.6666748046873,3867.1666796875,3579.333359375,3166.5500146484374,66.13756630159774,3674.5000244140624,37.77777669270836,36.45833374023414,0.1852761020244464,4158.33349609375,4020.833251953125,4012.5,3954.166748046875,309960.0
2021-07-06,4070.833251953125,4150.0,4050.0,4087.5,3802.182861328125,112320.0,3934.583337402344,3884.000009765625,3588.277802734375,3174.466680908203,63.00577741018392,3690.666689453125,40.722220052083685,37.79166625976586,0.2007343654200206,4158.33349609375,4087.5,4025.0,4070.833251953125,154680.0
2021-07-07,4087.5,4145.83349609375,4062.5,4120.83349609375,3833.189453125,137040.0,3953.750012207032,3902.1666796875,3597.5555826822915,3182.5500146484374,64.24581865080599,3705.833359375,42.66666666666652,38.41666625976541,0.2105263346626775,4158.33349609375,4150.0,4087.5,4070.833251953125,112320.0
2021-07-08,4104.16650390625,4125.0,4062.5,4066.666748046875,3782.803955078125,111240.0,3963.750012207032,3918.1666796875,3606.1111393229166,3190.3625146484374,61.497323019587526,3719.750029296875,43.6111132812498,38.75,0.1946144384319912,4158.33349609375,4145.83349609375,4120.83349609375,4087.5,137040.0
2021-07-09,4008.333251953125,4041.666748046875,3954.166748046875,4020.833251953125,3740.16943359375,150960.0,3971.458337402344,3932.500009765625,3614.055582682292,3197.779180908203,57.43588572486264,3733.500029296875,43.72222330729164,38.77083251953127,0.172539438113717,4158.33349609375,4125.0,4066.666748046875,4104.16650390625,111240.0
2021-07-10,4008.333251953125,4041.666748046875,3954.166748046875,4020.833251953125,3740.16943359375,150960.0,3979.166662597656,3946.000009765625,3621.111136067708,3205.5625134277343,57.43588572486264,3746.083359375,41.77777669270836,39.01249877929695,0.195786840729554,4158.33349609375,4041.666748046875,4020.833251953125,4008.333251953125,150960.0
2021-07-11,4008.333251953125,4041.666748046875,3954.166748046875,4020.833251953125,3740.16943359375,150960.0,3991.666662597656,3957.666669921875,3628.166689453125,3213.4500134277346,57.43588572486264,3758.666689453125,39.88888671874975,38.98333251953136,0.2324393109434865,4158.33349609375,4041.666748046875,4020.833251953125,4008.333251953125,150960.0
2021-07-12,4116.66650390625,4120.83349609375,4062.5,4079.166748046875,3794.431396484375,104520.0,4000.625,3971.33333984375,3637.22224609375,3221.5000134277343,58.08080837972493,3772.416689453125,39.66666341145856,38.94999877929695,0.2747396087646485,4158.33349609375,4041.666748046875,4020.833251953125,4008.333251953125,150960.0
2021-07-13,4133.33349609375,4175.0,4100.0,4120.83349609375,3833.189453125,160200.0,4011.250012207032,3981.500009765625,3646.833359375,3229.520847167969,56.31579645298582,3785.916694335937,40.72222005208323,39.15833251953154,0.2566709206075555,4158.33349609375,4120.83349609375,4079.166748046875,4116.66650390625,104520.0
2021-07-14,4041.666748046875,4054.166748046875,3958.333251953125,3995.833251953125,3716.914306640625,226080.0,4016.6666748046873,3986.666669921875,3654.4444694010417,3236.9166796875,39.57219100533892,3796.583359375,40.3888867187502,39.13749877929695,0.2185514061866809,4158.33349609375,4175.0,4120.83349609375,4133.33349609375,160200.0
2021-07-15,4000.0,4141.66650390625,3920.833251953125,4120.83349609375,3833.189453125,457680.0,4027.708349609375,3996.83333984375,3663.72224934896,3244.9375134277343,65.82276978852143,3808.8333642578127,42.611113281250255,39.375,0.2566709206075555,4158.33349609375,4054.166748046875,3995.833251953125,4041.666748046875,226080.0
2021-07-16,4104.16650390625,4208.33349609375,4070.833251953125,4158.33349609375,3868.072509765625,167040.0,4040.6250244140624,4012.333349609375,3673.500029296875,3252.979180908203,62.23775249555631,3822.41669921875,45.333339843749854,39.52916748046846,0.2681067525982084,4158.33349609375,4141.66650390625,4120.83349609375,4000.0,457680.0
2021-07-17,4104.16650390625,4208.33349609375,4070.833251953125,4158.33349609375,3868.072509765625,167040.0,4053.54169921875,4022.666689453125,3683.277809244792,3260.958348388672,62.23775249555631,3835.000034179688,46.0555631510415,39.45833496093746,0.2366791066449813,4158.33349609375,4208.33349609375,4158.33349609375,4104.16650390625,167040.0
2021-07-18,4104.16650390625,4208.33349609375,4070.833251953125,4158.33349609375,3868.072509765625,167040.0,4064.166711425781,4032.66669921875,3693.055589192708,3269.145849609375,62.23775249555631,3847.583369140625,46.22222981770847,39.6250024414062,0.2336218333209845,4158.33349609375,4208.33349609375,4158.33349609375,4104.16650390625,167040.0
2021-07-19,4112.5,4162.5,4087.5,4133.33349609375,3844.81689453125,160680.0,4069.7917236328126,4042.5000390625,3702.500035807292,3277.208350830078,58.90410629046874,3859.6667041015626,48.05556640624991,40.2916711425778,0.2400000791015644,4158.33349609375,4208.33349609375,4158.33349609375,4104.16650390625,167040.0
2021-07-20,4125.0,4166.66650390625,4087.5,4112.5,3825.437744140625,138000.0,4067.500048828125,4051.0000390625,3712.0555924479168,3285.166684570313,52.20587728428933,3872.833369140625,48.33334309895827,40.22917114257825,0.2125306834370517,4158.33349609375,4162.5,4133.33349609375,4112.5,160680.0
2021-07-21,4200.0,4300.0,4166.66650390625,4266.66650390625,3968.8427734375,213960.0,4085.2083740234375,4065.66669921875,3723.555589192708,3293.895850830078,60.60602186644621,3888.91669921875,50.05555989583354,40.91666992187493,0.2579851798126253,4266.66650390625,4166.66650390625,4112.5,4125.0,138000.0
2021-07-22,4200.0,4300.0,4166.66650390625,4266.66650390625,3968.8427734375,213960.0,4097.91669921875,4080.333359375,3735.0555859375,3302.625017089844,65.7894320924454,3903.666694335937,51.77777669270836,41.66666870117206,0.2579851798126253,4266.66650390625,4300.0,4266.66650390625,4200.0,213960.0
2021-07-23,4200.0,4300.0,4166.66650390625,4266.66650390625,3968.8427734375,213960.0,4110.625024414063,4093.166689453125,3746.555582682292,3311.270849609375,70.92195280674102,3919.416689453125,53.499993489583176,42.125,0.238210381041471,4266.66650390625,4300.0,4266.66650390625,4200.0,213960.0
2021-07-24,4200.0,4300.0,4166.66650390625,4266.66650390625,3968.8427734375,213960.0,4123.333349609375,4103.00001953125,3757.72224609375,3319.6250158691405,70.92195280674102,3934.166684570313,55.22221028645845,42.416665039062536,0.23225025383574,4266.66650390625,4300.0,4266.66650390625,4200.0,213960.0
2021-07-25,4200.0,4300.0,4166.66650390625,4266.66650390625,3968.8427734375,213960.0,4135.416674804687,4107.33333984375,3769.777799479167,3327.145848388672,70.92195280674102,3948.9166796875,57.72220703125004,41.97916381835921,0.2161520008200341,4266.66650390625,4300.0,4266.66650390625,4200.0,213960.0
2021-07-26,4283.33349609375,4291.66650390625,4216.66650390625,4275.0,3976.5947265625,171000.0,4144.791674804687,4121.83333984375,3783.277799479167,3334.458348388672,68.21702186997383,3963.833344726562,59.72221028645845,40.562497558593805,0.2287424862288902,4275.0,4300.0,4266.66650390625,4200.0,213960.0
2021-07-27,4283.33349609375,4283.33349609375,4166.66650390625,4216.66650390625,3922.332763671875,193680.0,4149.583325195313,4130.0,3796.833352864584,3340.729180908203,58.646574473428,3975.33333984375,61.777766927083576,38.10416381835921,0.1948051211351387,4275.0,4291.66650390625,4275.0,4283.33349609375,171000.0
2021-07-28,4183.33349609375,4233.33349609375,4175.0,4208.33349609375,3914.581787109375,114240.0,4156.666662597656,4137.83333984375,3809.2222428385417,3346.958348388672,74.28572863519608,3986.500009765625,62.66666015625015,35.687498779296675,0.1924439383383462,4275.0,4283.33349609375,4216.66650390625,4283.33349609375,193680.0
2021-07-29,4241.66650390625,4308.33349609375,4191.66650390625,4300.0,3999.849853515625,104520.0,4170.625,4149.33333984375,3822.833352864584,3353.645848388672,72.1649372442563,4000.1666748046873,65.11110677083343,34.02083251953127,0.2184179175947758,4300.0,4233.33349609375,4208.33349609375,4183.33349609375,114240.0
2021-07-30,4250.0,4266.66650390625,4166.66650390625,4216.66650390625,3922.332763671875,93960.0,4180.416662597656,4157.0,3835.333349609375,3359.916680908203,56.48144531249999,4012.08333984375,65.5555501302083,32.77083251953127,0.2207478131420619,4300.0,4308.33349609375,4300.0,4241.66650390625,104520.0
2021-07-31,4250.0,4266.66650390625,4166.66650390625,4216.66650390625,3922.332763671875,93960.0,4190.208325195313,4162.16666015625,3847.833346354167,3367.083347167969,56.48144531249999,4023.0833349609375,64.55554687499989,32.62499877929713,0.2178098206227436,4300.0,4266.66650390625,4216.66650390625,4250.0,93960.0
2021-08-01,4250.0,4266.66650390625,4166.66650390625,4216.66650390625,3922.332763671875,93960.0,4197.083312988281,4165.99998046875,3859.222233072917,3374.2083459472656,56.48144531249999,4034.083330078125,62.388880208333376,33.479165039062536,0.1948051211351387,4300.0,4266.66650390625,4216.66650390625,4250.0,93960.0
2021-08-02,4266.66650390625,4375.0,4225.0,4341.66650390625,4038.608642578125,129480.0,4208.124963378907,4176.999970703125,3872.166676432292,3381.9375122070314,68.9393643465909,4047.5833251953127,62.94443359375009,34.979163818359666,0.2479041156459553,4341.66650390625,4266.66650390625,4216.66650390625,4250.0,93960.0
2021-08-03,4366.66650390625,4400.0,4308.33349609375,4366.66650390625,4061.863037109375,95280.0,4226.6666259765625,4190.83330078125,3885.944453125,3389.812510986328,72.93232287720949,4061.666655273437,63.111100260416606,36.16666259765634,0.23730807174891,4366.66650390625,4375.0,4341.66650390625,4266.66650390625,129480.0
2021-08-04,4325.0,4350.0,4300.0,4325.0,4023.1044921875,51120.0,4236.874951171875,4202.999970703125,3898.388896484375,3397.479177246094,56.60379444420491,4074.499990234375,63.05554687499989,37.56249633789093,0.2255017426970709,4366.66650390625,4400.0,4366.66650390625,4366.66650390625,95280.0
2021-08-05,4241.66650390625,4266.66650390625,4200.0,4258.33349609375,3961.092041015625,99120.0,4241.874951171875,4212.49998046875,3909.944453125,3404.812510986328,49.18035936242275,4085.0833251953127,62.11110677083343,37.72916381835921,0.2066115885429367,4366.66650390625,4350.0,4325.0,4325.0,51120.0
2021-08-06,4266.66650390625,4275.0,4175.0,4183.33349609375,3891.3271484375,88920.0,4243.124951171875,4216.666650390625,3920.500009765625,3411.979178466797,42.857166772972526,4093.999995117188,61.2777766927079,37.77083251953127,0.1487414377873499,4366.66650390625,4266.66650390625,4258.33349609375,4241.66650390625,99120.0
2021-08-07,4266.66650390625,4275.0,4175.0,4183.33349609375,3891.3271484375,88920.0,4244.374951171875,4219.166650390625,3930.333346354167,3419.3541796875,42.857166772972526,4100.333330078125,58.16666992187493,37.41666748046873,0.1461187660530822,4366.66650390625,4275.0,4183.33349609375,4266.66650390625,88920.0
2021-08-08,4266.66650390625,4275.0,4175.0,4183.33349609375,3891.3271484375,88920.0,4246.874951171875,4226.66666015625,3939.944459635417,3426.979180908203,42.857166772972526,4106.666665039063,54.00000651041637,37.16666992187493,0.156682046625638,4366.66650390625,4275.0,4183.33349609375,4266.66650390625,88920.0
2021-08-09,4266.66650390625,4275.0,4175.0,4183.33349609375,3891.3271484375,88920.0,4250.4166259765625,4229.16666015625,3948.944462890625,3434.4166821289064,42.02899289146815,4113.0,50.55556640624991,36.93750488281239,0.1553510490540277,4366.66650390625,4275.0,4183.33349609375,4266.66650390625,88920.0
2021-08-10,4250.0,4308.33349609375,4216.66650390625,4250.0,3953.33984375,98880.0,4249.58330078125,4232.8333203125,3959.222239583333,3442.5625158691405,52.85716079403012,4122.5833349609375,49.27778645833314,37.75000488281239,0.1590908833653479,4366.66650390625,4275.0,4183.33349609375,4266.66650390625,88920.0
2021-08-11,4200.0,4216.66650390625,4116.66650390625,4166.66650390625,3875.823486328125,166440.0,4244.58330078125,4233.166640625,3967.722236328125,3450.2916821289064,46.83541675010717,4127.916665039063,47.222226562500055,38.31250366210952,0.1363635667532943,4366.66650390625,4308.33349609375,4250.0,4250.0,98880.0
2021-08-12,4145.83349609375,4233.33349609375,4095.833251953125,4095.833251953125,3809.934326171875,206640.0,4236.041638183594,4230.666630859375,3975.2777897135416,3457.6666821289064,33.98691558935187,4131.666665039063,44.94444335937487,38.3125024414062,0.1170454075584737,4366.66650390625,4216.66650390625,4166.66650390625,4200.0,166440.0
2021-08-13,4083.333251953125,4095.833251953125,4020.833251953125,4095.833251953125,3809.934326171875,192360.0,4227.499975585937,4229.16662109375,3982.8333430989583,3464.6875146484376,39.09774369841379,4135.833330078125,42.88888346354179,37.70833374023459,0.1183162462670648,4366.66650390625,4233.33349609375,4095.833251953125,4145.83349609375,206640.0
2021-08-14,4083.333251953125,4095.833251953125,4020.833251953125,4095.833251953125,3809.934326171875,192360.0,4218.958312988281,4228.499951171875,3991.388896484375,3471.666680908203,39.09774369841379,4139.749995117188,42.44443359375009,37.24999877929668,0.111990952700592,4366.66650390625,4095.833251953125,4095.833251953125,4083.333251953125,192360.0
2021-08-15,4083.333251953125,4095.833251953125,4020.833251953125,4095.833251953125,3809.934326171875,192360.0,4209.999975585937,4221.66662109375,3999.83333984375,3478.2500134277343,39.09774369841379,4143.66666015625,40.611100260416606,35.687497558593805,0.09832397655543,4366.66650390625,4095.833251953125,4095.833251953125,4083.333251953125,192360.0
2021-08-16,4095.833251953125,4175.0,4087.5,4108.33349609375,3821.561767578125,98760.0,4204.583325195313,4215.33330078125,4007.5555631510415,3484.958347167969,23.584932777466392,4147.833330078125,39.83332682291666,34.666665039062536,0.0992196645066889,4366.66650390625,4095.833251953125,4095.833251953125,4083.333251953125,192360.0
2021-08-17,4125.0,4175.0,4125.0,4150.0,3860.320068359375,118080.0,4201.666650390625,4210.666640625,4016.500006510417,3491.895847167969,26.36363733212879,4151.916665039063,41.22221679687527,34.229165039062536,0.0732758394801522,4366.66650390625,4175.0,4108.33349609375,4095.833251953125,98760.0
2021-08-18,4129.16650390625,4150.0,4058.333251953125,4141.66650390625,3852.568359375,101400.0,4193.749975585937,4205.666640625,4024.666669921875,3498.7916796875,28.43135340073529,4154.333330078125,41.83332682291666,34.104165039062536,0.0711206250185079,4366.66650390625,4175.0,4150.0,4125.0,118080.0
2021-08-19,4141.66650390625,4225.0,4125.0,4162.5,3871.947509765625,97800.0,4191.041650390625,4201.49998046875,4033.11111328125,3505.7916796875,37.362626749118526,4154.41666015625,41.72221679687482,34.12499877929713,0.0765085980328033,4366.66650390625,4150.0,4141.66650390625,4129.16650390625,101400.0
2021-08-20,4141.66650390625,4183.33349609375,4112.5,4166.66650390625,3875.823486328125,115320.0,4188.541650390625,4197.166640625,4041.611110026042,3512.604178466797,47.2972459368423,4159.499990234375,41.77777018229199,34.354165039062536,0.1049723563745761,4366.66650390625,4225.0,4162.5,4141.66650390625,97800.0
2021-08-21,4141.66650390625,4183.33349609375,4112.5,4166.66650390625,3875.823486328125,115320.0,4186.041650390625,4195.166640625,4048.6111067708334,3519.604177246094,47.2972459368423,4162.5833203125,41.05554361979193,34.64583007812507,0.0683760266426281,4366.66650390625,4183.33349609375,4166.66650390625,4141.66650390625,115320.0
2021-08-22,4141.66650390625,4183.33349609375,4112.5,4166.66650390625,3875.823486328125,115320.0,4177.291650390625,4193.4999609375,4055.499993489583,3526.60417602539,47.2972459368423,4165.666650390625,38.99998697916635,34.70832885742175,0.0660980615775348,4366.66650390625,4183.33349609375,4166.66650390625,4141.66650390625,115320.0
2021-08-23,4216.66650390625,4325.0,4208.33349609375,4316.66650390625,4015.352783203125,121440.0,4174.791650390625,4194.16662109375,4064.833323567708,3534.458342285156,64.5454138688161,4171.74998046875,40.16665364583332,35.666662597655886,0.1103965283360128,4325.0,4183.33349609375,4166.66650390625,4141.66650390625,115320.0
2021-08-24,4391.66650390625,4500.0,4391.66650390625,4458.33349609375,4147.130859375,116520.0,4181.458325195313,4203.83330078125,4075.999993489583,3542.79167602539,69.53124141694163,4180.416650390625,42.888880208333376,36.99999633789048,0.1431624348958333,4458.33349609375,4325.0,4316.66650390625,4216.66650390625,121440.0
2021-08-25,4441.66650390625,4516.66650390625,4408.33349609375,4475.0,4162.634765625,103320.0,4192.291650390625,4214.166640625,4086.777770182292,3551.208342285156,83.03570868044875,4188.166650390625,45.16666015624969,38.60416381835921,0.1474358974358973,4475.0,4500.0,4458.33349609375,4391.66650390625,116520.0
2021-08-26,4483.33349609375,4500.0,4400.0,4450.0,4139.3798828125,65760.0,4205.624975585937,4223.49998046875,4097.222213541667,3559.500008544922,92.07917690364238,4194.74998046875,48.61110677083343,39.89583129882794,0.1410256410256409,4475.0,4516.66650390625,4475.0,4441.66650390625,103320.0
2021-08-27,4500.0,4500.0,4375.0,4391.66650390625,4085.117431640625,72840.0,4216.0416259765625,4225.49998046875,4106.888876953125,3567.208341064453,80.86952002604616,4201.249975585937,51.38888346354179,40.604165039062536,0.1129883660776704,4475.0,4500.0,4450.0,4483.33349609375,65760.0
2021-08-28,4500.0,4500.0,4375.0,4391.66650390625,4085.117431640625,72840.0,4226.458276367188,4226.49998046875,4116.611097005209,3574.7916735839844,80.86952002604616,4208.666640625,51.7777734375004,40.3333312988284,0.0922279609016345,4475.0,4500.0,4391.66650390625,4500.0,72840.0
2021-08-29,4500.0,4500.0,4375.0,4391.66650390625,4085.117431640625,72840.0,4236.874926757812,4229.166640625,4126.055540364583,3582.562506103516,80.86952002604616,4216.083305664062,50.05554687499989,39.77083007812507,0.0561121439710614,4475.0,4500.0,4391.66650390625,4500.0,72840.0
2021-08-30,4365.0,4465.0,4300.0,4460.0,4170.841796875,109900.0,4247.374926757812,4237.23330078125,4135.799983723959,3590.6750061035154,82.8659984064705,4224.866640625,49.02221354166704,39.46666381835939,0.1399361022364218,4475.0,4500.0,4391.66650390625,4500.0,72840.0
2021-08-31,4480.0,4505.0,4410.0,4455.0,4166.16650390625,104800.0,4261.7916015625,4248.0999609375,4145.366650390625,3598.6166723632814,80.60196670938714,4232.383305664062,48.14443684895832,39.11666381835949,0.1102803738317756,4475.0,4465.0,4460.0,4365.0,109900.0
2021-09-01,4525.0,4650.0,4520.0,4565.0,4269.033203125,96400.0,4285.249938964844,4263.36662109375,4154.677760416666,3607.108338623047,85.27776263202911,4241.266635742188,47.788883463541424,39.899997558593896,0.1376947040498441,4565.0,4505.0,4455.0,4480.0,104800.0
2021-09-02,4625.0,4680.0,4530.0,4680.0,4376.5791015625,178500.0,4314.458276367188,4283.23328125,4165.522203776041,3616.1750048828126,87.2748924843879,4254.949970703125,48.9111067708327,41.383331298828125,0.1663551401869158,4680.0,4650.0,4565.0,4525.0,96400.0
2021-09-03,4660.0,4730.0,4645.0,4700.0,4395.28125,211600.0,4344.666613769531,4303.89994140625,4176.633313802084,3625.154171142578,87.55867107815865,4266.53330078125,50.57777343750058,42.59166503906226,0.1677018633540372,4700.0,4680.0,4680.0,4625.0,178500.0
2021-09-04,4660.0,4730.0,4645.0,4700.0,4395.28125,211600.0,4374.874951171875,4321.89994140625,4189.022203776041,3634.0500048828126,87.55867107815865,4277.366630859375,53.222220052082776,43.37499877929713,0.1498470948012231,4700.0,4730.0,4700.0,4660.0,211600.0
2021-09-05,4660.0,4730.0,4645.0,4700.0,4395.28125,211600.0,4404.458276367188,4343.23328125,4199.688870442708,3642.904171142578,87.55867107815865,4288.1999609375,54.32222005208314,44.28749877929658,0.1405459610186283,4700.0,4730.0,4700.0,4660.0,211600.0
2021-09-06,4695.0,4810.0,4630.0,4790.0,4479.4462890625,210700.0,4436.458276367188,4370.999951171875,4211.444427083334,3652.416671142578,86.41024157884497,4300.833291015625,56.76666666666733,45.30833251953118,0.177868828888063,4790.0,4730.0,4700.0,4660.0,211600.0
2021-09-07,4860.0,4950.0,4805.0,4825.0,4512.177734375,165000.0,4470.624951171875,4400.16662109375,4223.944427083334,3662.250004882813,83.74230620257794,4314.66662109375,58.42222330729237,46.07499999999982,0.2000000242875652,4825.0,4810.0,4790.0,4695.0,210700.0
2021-09-08,4825.0,4905.0,4805.0,4850.0,4535.55712890625,150500.0,4504.999951171875,4430.333291015625,4236.61109375,3672.208338623047,83.98789535268637,4329.41662109375,59.97777994791613,47.054167480469005,0.2062176409937184,4850.0,4950.0,4825.0,4860.0,165000.0
2021-09-09,4795.0,4850.0,4735.0,4805.0,4493.47412109375,131800.0,4536.9166259765625,4458.6999609375,4248.677760416666,3681.941672363281,81.04954500185347,4340.183291015625,59.65555664062504,47.89166748046864,0.1950259309226427,4850.0,4905.0,4850.0,4825.0,150500.0
2021-09-10,4825.0,4865.0,4770.0,4820.0,4507.50146484375,194400.0,4569.58330078125,4487.16662109375,4260.944427083334,3691.604172363281,90.5362805179538,4351.2499609375,61.2555566406254,48.70000122070314,0.1816138681528132,4850.0,4850.0,4805.0,4795.0,131800.0
2021-09-11,4825.0,4865.0,4770.0,4820.0,4507.50146484375,194400.0,4602.249975585937,4513.96662109375,4272.599983723959,3701.266672363281,90.5362805179538,4362.316630859375,61.15555664062504,48.85000122070278,0.1696662834276145,4850.0,4865.0,4820.0,4825.0,194400.0
2021-09-12,4825.0,4865.0,4770.0,4820.0,4507.50146484375,194400.0,4627.416650390625,4541.0999609375,4283.255540364583,3711.200006103516,90.5362805179538,4373.38330078125,59.31111328124916,48.95000122070314,0.2062565417723649,4850.0,4865.0,4820.0,4825.0,194400.0
2021-09-13,4725.0,4855.0,4705.0,4835.0,4521.5283203125,305800.0,4646.249975585937,4567.9999609375,4292.277760416667,3721.20833984375,89.47368421052632,4384.749970703125,55.66666666666697,49.00000122070287,0.1733063237287377,4850.0,4865.0,4820.0,4825.0,194400.0
2021-09-14,4875.0,4940.0,4855.0,4910.0,4591.666015625,212500.0,4667.999975585937,4597.73330078125,4305.577760416667,3731.862506103515,91.74311926605505,4397.449970703125,56.90000000000055,49.92083374023423,0.180761476830165,4910.0,4855.0,4835.0,4725.0,305800.0
2021-09-15,4840.0,4895.0,4735.0,4815.0,4502.8251953125,282400.0,4686.249975585937,4623.666640625,4316.277760416667,3742.041672363281,73.58490566037736,4409.416640625,55.33333333333303,50.4375,0.1579157863415978,4910.0,4940.0,4910.0,4875.0,212500.0
2021-09-16,4805.0,4810.0,4615.0,4645.0,4343.84765625,291800.0,4698.916650390625,4642.79998046875,4324.71109375,3751.370838623047,47.00854700854701,4418.149970703125,52.11111002604139,50.10416625976586,0.1170340244146876,4910.0,4895.0,4815.0,4840.0,282400.0
2021-09-17,4740.0,4885.0,4700.0,4875.0,4558.93603515625,265200.0,4723.083325195313,4665.1333203125,4336.21109375,3761.391672363281,61.0062893081761,4429.649970703125,52.95555338541726,50.1916662597655,0.1794354374277249,4910.0,4810.0,4645.0,4805.0,291800.0
2021-09-18,4740.0,4885.0,4700.0,4875.0,4558.93603515625,265200.0,4747.25,4681.79998046875,4347.544427083333,3771.412506103516,61.0062893081761,4442.816640625,55.26666666666642,50.20416625976577,0.1854103343465045,4910.0,4885.0,4875.0,4740.0,265200.0
2021-09-19,4740.0,4885.0,4700.0,4875.0,4558.93603515625,265200.0,4768.0,4697.79998046875,4358.044427083333,3781.204172363281,61.0062893081761,4455.983310546875,52.46666666666624,49.34166625976559,0.1425781685858982,4910.0,4885.0,4875.0,4740.0,265200.0
2021-09-20,4740.0,4885.0,4700.0,4875.0,4558.93603515625,265200.0,4789.0,4714.79998046875,4368.09998046875,3791.370838623047,56.02836879432625,4469.14998046875,51.82222005208314,49.32916625976577,0.1425781685858982,4910.0,4885.0,4875.0,4740.0,265200.0
2021-09-21,4775.0,4930.0,4755.0,4890.0,4572.962890625,227800.0,4805.25,4734.7333203125,4379.077757161458,3801.591672363281,54.744525547445264,4480.116650390625,54.36666341145792,50.22083374023441,0.1460937937200086,4910.0,4885.0,4875.0,4740.0,265200.0
2021-09-22,4890.0,5000.0,4855.0,4960.0,4638.42431640625,211000.0,4819.25,4757.46666015625,4391.59998046875,3812.162506103516,57.53424657534247,4491.9833203125,55.38888671874975,50.77083374023459,0.1625000443458573,4960.0,4930.0,4890.0,4775.0,227800.0
2021-09-23,4890.0,5000.0,4855.0,4960.0,4638.42431640625,211000.0,4832.25,4780.2,4404.122203776042,3822.73333984375,61.31386861313869,4504.6833203125,56.57777669270854,51.32083374023432,0.1625000443458573,4960.0,5000.0,4960.0,4890.0,211000.0
2021-09-24,5070.0,5100.0,4950.0,4980.0,4657.1279296875,205100.0,4846.25,4801.0,4416.91109375,3833.279173583984,61.59420289855072,4519.116650390625,58.86666666666679,52.07500122070314,0.1649122807017544,4980.0,5000.0,4960.0,4890.0,211000.0
2021-09-25,5070.0,5100.0,4950.0,4980.0,4657.1279296875,205100.0,4860.25,4822.0,4428.922203776042,3843.84583984375,61.59420289855072,4535.04998046875,60.822223307292006,52.475001220703234,0.1810277135710425,4980.0,5100.0,4980.0,5070.0,205100.0
2021-09-26,5070.0,5100.0,4950.0,4980.0,4657.1279296875,205100.0,4869.75,4838.6,4440.377757161458,3854.100006103516,61.59420289855072,4550.983310546875,61.30000000000018,52.50833374023432,0.1833662908660933,4980.0,5100.0,4980.0,5070.0,205100.0
2021-09-27,4990.0,5030.0,4885.0,4905.0,4586.9912109375,230600.0,4873.75,4847.6,4452.49998046875,3863.875006103516,54.66666666666667,4565.416640625,60.90000000000055,51.71250000000009,0.1406976744186046,4980.0,5100.0,4980.0,5070.0,205100.0
2021-09-28,4930.0,4965.0,4840.0,4870.0,4554.25927734375,207500.0,4874.75,4854.4,4462.4888671875,3873.600006103516,47.183098591549296,4579.149970703125,58.36666341145792,50.86666625976568,0.154940756042365,4980.0,5030.0,4905.0,4990.0,230600.0
2021-09-29,4825.0,4930.0,4825.0,4880.0,4563.61181640625,205500.0,4878.5,4861.6,4472.111087239583,3883.375006103516,55.2,4591.749970703125,55.199993489582994,50.09583251953154,0.1573122976358809,4980.0,4965.0,4870.0,4930.0,207500.0
2021-09-30,4900.0,4950.0,4850.0,4885.0,4568.287109375,193100.0,4881.75,4869.0,4481.799973958333,3893.175006103515,76.08695652173913,4606.116640625,52.87777018229099,49.32916625976532,0.1584980684326391,4980.0,4930.0,4880.0,4825.0,205500.0
2021-10-01,4770.0,4795.0,4665.0,4690.0,4385.9296875,317700.0,4875.25,4865.0,4488.888860677083,3902.062506103516,28.23529411764705,4617.999975585937,48.51110351562511,47.96250000000009,0.0802303667912656,4980.0,4950.0,4885.0,4900.0,193100.0
2021-10-02,4770.0,4795.0,4665.0,4690.0,4385.9296875,317700.0,4868.75,4859.6,4496.311080729167,3910.575006103516,28.23529411764705,4629.883310546875,43.81110026041642,46.69999999999982,0.074045841560034,4980.0,4795.0,4690.0,4770.0,317700.0
2021-10-03,4770.0,4795.0,4665.0,4690.0,4385.9296875,317700.0,4861.5,4853.2,4504.011080729167,3919.17083984375,28.23529411764705,4641.766645507812,41.52221354166704,45.57083374023432,0.084393063583815,4980.0,4795.0,4690.0,4770.0,317700.0
2021-10-04,4900.0,4940.0,4710.0,4895.0,4577.63916015625,322800.0,4860.75,4856.8,4512.388860677083,3928.479173583984,51.58730158730159,4657.74998046875,40.2777734375004,45.10416748046873,0.1495107192732265,4980.0,4795.0,4690.0,4770.0,317700.0
2021-10-05,4900.0,4960.0,4795.0,4935.0,4615.04443359375,416500.0,4866.75,4861.4,4521.299973958333,3937.44583984375,53.43511450381679,4674.283310546875,39.5,44.27083374023459,0.1796812290026912,4980.0,4940.0,4895.0,4900.0,322800.0
2021-10-06,5000.0,5140.0,4875.0,4880.0,4563.61181640625,362900.0,4878.5,4863.8,4529.47775390625,3946.137506103516,43.75,4688.883310546875,40.58889322916639,44.07499999999982,0.16653381915565,4980.0,4960.0,4935.0,4900.0,416500.0
2021-10-07,4920.0,5020.0,4875.0,4895.0,4577.63916015625,304400.0,4879.5,4866.8,4537.855533854166,3954.904172363281,45.038167938931295,4703.94998046875,41.54445312499956,44.32916625976577,0.1701194763866613,4980.0,5140.0,4880.0,5000.0,362900.0
2021-10-08,4885.0,5000.0,4860.0,5000.0,4675.83154296875,240800.0,4885.75,4873.4,4547.633313802084,3964.695838623047,51.35135135135135,4720.69998046875,43.62223307291697,45.524998779296766,0.1952190770037398,5000.0,5020.0,4895.0,4920.0,304400.0
2021-10-09,4885.0,5000.0,4860.0,5000.0,4675.83154296875,240800.0,4892.0,4877.0,4557.29998046875,3974.4250048828126,51.35135135135135,4737.366650390625,44.91111979166635,45.945831298828125,0.1764705882352941,5000.0,5000.0,5000.0,4885.0,240800.0
2021-10-10,4885.0,5000.0,4860.0,5000.0,4675.83154296875,240800.0,4898.25,4884.4,4567.744427083333,3984.466671142578,51.35135135135135,4754.0333203125,46.44445312500011,47.02083129882794,0.2000000468750018,5000.0,5000.0,5000.0,4885.0,240800.0
2021-10-11,5010.0,5050.0,4970.0,5030.0,4703.8857421875,166200.0,4905.25,4899.8,4578.69998046875,3994.283337402344,58.992805755395686,4771.299990234375,49.22222656250051,48.1458312988284,0.2280773387445427,5030.0,5000.0,5000.0,4885.0,240800.0
2021-10-12,5010.0,5210.0,5000.0,5120.0,4788.05126953125,292200.0,4913.25,4909.6,4589.633313802084,4004.070837402344,66.66666666666666,4787.36666015625,51.77777994791722,49.166665039062536,0.2500508895371887,5120.0,5050.0,5030.0,5010.0,166200.0
2021-10-13,5250.0,5340.0,5230.0,5300.0,4956.38134765625,390700.0,4930.25,4926.6,4604.077760416667,4014.758337402344,72.82608695652173,4804.199990234375,56.444446614583285,50.06249877929713,0.2939979911224804,5300.0,5210.0,5120.0,5010.0,292200.0
2021-10-14,5320.0,5380.0,5260.0,5350.0,5003.1396484375,226200.0,4948.75,4945.6,4619.188873697916,4025.695837402344,74.09326424870466,4821.699990234375,61.88889322916657,51.27083251953127,0.306205519340617,5350.0,5340.0,5300.0,5250.0,390700.0
2021-10-15,5390.0,5530.0,5330.0,5530.0,5171.46923828125,202500.0,4976.25,4971.8,4636.699986979167,4037.450003662109,94.21052631578948,4843.299990234375,68.95555989583409,52.98333251953136,0.3460445714200142,5530.0,5380.0,5350.0,5320.0,226200.0
2021-10-16,5390.0,5530.0,5330.0,5530.0,5171.46923828125,202500.0,5003.75,4997.4,4652.54443359375,4048.225003662109,94.21052631578948,4866.06666015625,73.84445312499975,53.9416662597655,0.3325301204819277,5530.0,5530.0,5530.0,5390.0,202500.0
2021-10-17,5390.0,5530.0,5330.0,5530.0,5171.46923828125,202500.0,5035.0,5020.2,4668.055546875,4059.166669921875,94.21052631578948,4888.833330078125,78.42223307291624,55.095832519531086,0.3352113200771551,5530.0,5530.0,5530.0,5390.0,202500.0
2021-10-18,5560.0,5670.0,5440.0,5490.0,5134.0625,232400.0,5066.0,5041.4,4683.588880208334,4069.866669921875,87.89808917197452,4910.8,79.51111979166672,55.10833251953136,0.318918918918919,5530.0,5530.0,5530.0,5390.0,202500.0
2021-10-19,5500.0,5510.0,5370.0,5460.0,5106.0078125,230900.0,5095.0,5060.6,4699.611100260417,4080.5625036621095,83.87096774193549,4930.8,80.42222656250033,54.86666625976568,0.310400051187502,5530.0,5670.0,5490.0,5560.0,232400.0
2021-10-20,5510.0,5540.0,5330.0,5380.0,5031.19384765625,231400.0,5119.75,5076.6,4715.566653645833,4090.858337402344,81.25,4949.3,78.86666666666588,53.40833374023441,0.2912000504375021,5530.0,5510.0,5460.0,5500.0,230900.0
2021-10-21,5300.0,5410.0,5280.0,5330.0,4984.43603515625,227900.0,5151.75,5090.6,4730.855540364583,4100.904171142578,76.04790419161677,4964.6,78.31110677083325,52.67916748046855,0.2792000499687519,5530.0,5540.0,5380.0,5510.0,231400.0
2021-10-22,5300.0,5370.0,5240.0,5330.0,4984.43603515625,165500.0,5183.75,5107.6,4746.1444270833335,4111.012504882812,72.6027397260274,4977.6,78.08888020833365,51.84583496093728,0.2347490813053918,5530.0,5410.0,5330.0,5300.0,227900.0
2021-10-23,5300.0,5370.0,5240.0,5330.0,4984.43603515625,165500.0,5215.75,5126.0,4761.433313802083,4120.558338623046,72.6027397260274,4990.2,77.84443359374927,50.69166870117124,0.195513975046949,5530.0,5370.0,5330.0,5300.0,165500.0
2021-10-24,5300.0,5370.0,5240.0,5330.0,4984.43603515625,165500.0,5237.5,5144.0,4775.833313802084,4129.437504882812,72.6027397260274,5002.8,76.22221354166686,48.87500122070287,0.1910614525139664,5530.0,5370.0,5330.0,5300.0,165500.0
2021-10-25,5380.0,5440.0,5350.0,5420.0,5068.60107421875,210900.0,5261.75,5165.4,4792.544427083333,4138.954171142578,74.68354430379748,5017.2,76.97777343750022,48.09583374023441,0.2179775280898876,5530.0,5370.0,5330.0,5300.0,165500.0
2021-10-26,5480.0,5520.0,5410.0,5460.0,5106.0078125,219700.0,5290.75,5196.2,4810.733317057292,4148.920837402344,72.97297297297297,5030.6,79.87777669270872,48.01666625976577,0.2432638031925922,5530.0,5440.0,5420.0,5380.0,210900.0
2021-10-27,5410.0,5430.0,5300.0,5380.0,5031.19384765625,136400.0,5315.0,5223.8,4827.855540364583,4158.48750366211,56.25,5041.7,81.71111328124971,47.47499877929749,0.2250474837318949,5530.0,5520.0,5460.0,5480.0,219700.0
2021-10-28,5300.0,5320.0,5220.0,5260.0,4918.974609375,491600.0,5328.0,5246.6,4843.377763671875,4167.454169921875,43.66197183098591,5049.9,81.94444986979215,46.89583129882885,0.1977230045408491,5530.0,5430.0,5380.0,5410.0,136400.0
2021-10-29,5250.0,5320.0,5190.0,5310.0,4965.732421875,197700.0,5343.5,5263.2,4859.566653645833,4176.191669921875,31.034482758620683,5060.0,83.73333984374949,46.75416503906217,0.1905829596412556,5530.0,5320.0,5260.0,5300.0,491600.0
2021-10-30,5250.0,5320.0,5190.0,5310.0,4965.732421875,197700.0,5359.0,5278.2,4875.588873697917,4185.200003662109,31.034482758620683,5069.8,83.04444661458365,46.24583251953118,0.1919191919191918,5530.0,5320.0,5310.0,5250.0,197700.0
2021-10-31,5250.0,5320.0,5190.0,5310.0,4965.732421875,197700.0,5373.0,5295.4,4891.055540364583,4194.229169921875,31.034482758620683,5079.6,80.3222233072911,45.30833251953118,0.1631982475355968,5530.0,5320.0,5310.0,5250.0,197700.0
2021-11-01,5410.0,5440.0,5340.0,5390.0,5040.5458984375,95000.0,5386.5,5315.2,4907.699986979167,4203.575003662109,41.935483870967744,5091.0,79.84444661458383,45.08749999999964,0.1517094017094016,5530.0,5320.0,5310.0,5250.0,197700.0
2021-11-02,5390.0,5430.0,5350.0,5360.0,5012.49072265625,108600.0,5389.5,5329.6,4923.666653645833,4213.0625036621095,41.935483870967744,5101.5,80.28888997395825,45.60833374023423,0.1404255319148937,5530.0,5440.0,5390.0,5410.0,95000.0
2021-11-03,5390.0,5430.0,5350.0,5360.0,5012.49072265625,108600.0,5390.0,5344.0,4939.577766927084,4222.55000366211,48.14814814814815,5110.5,80.0111132812508,46.35833374023514,0.1404255319148937,5530.0,5430.0,5360.0,5390.0,108600.0
2021-11-04,5420.0,5450.0,5370.0,5390.0,5040.5458984375,234800.0,5383.0,5359.6,4955.888880208333,4232.1875036621095,55.76923076923077,5122.0,80.3000065104161,46.98750000000018,0.1468085106382979,5530.0,5430.0,5360.0,5390.0,108600.0
2021-11-05,5390.0,5500.0,5390.0,5490.0,5134.0625,122800.0,5381.0,5378.0,4973.533326822917,4242.429169921875,62.903225806451616,5138.9,82.47778645833387,48.19999999999982,0.1461377870563673,5530.0,5450.0,5390.0,5420.0,234800.0
2021-11-06,5390.0,5500.0,5390.0,5490.0,5134.0625,122800.0,5379.0,5392.8,4989.1777734375,4252.754169921875,62.903225806451616,5151.2,81.47778645833296,49.179166259765225,0.1378238341968911,5490.0,5500.0,5490.0,5390.0,122800.0
2021-11-07,5390.0,5500.0,5390.0,5490.0,5134.0625,122800.0,5379.0,5400.4,5002.933326822917,4263.454169921875,62.903225806451616,5163.5,79.26667317708325,50.39166625976577,0.1319587628865979,5490.0,5500.0,5490.0,5390.0,122800.0
2021-11-08,5490.0,5490.0,5330.0,5330.0,4984.43603515625,100500.0,5372.5,5399.6,5014.333326822917,4273.02083618164,43.47826086956522,5172.6,74.75555989583336,50.47083251953063,0.109261186264308,5490.0,5500.0,5490.0,5390.0,122800.0
2021-11-09,5400.0,5410.0,5310.0,5350.0,5003.1396484375,93000.0,5371.0,5392.4,5026.333326822917,4282.64583618164,41.791044776119406,5182.1,70.4444466145842,50.45833251953081,0.1099585062240664,5490.0,5490.0,5330.0,5490.0,100500.0
2021-11-10,5350.0,5390.0,5310.0,5330.0,4984.43603515625,108900.0,5371.0,5384.4,5038.844440104167,4292.170836181641,45.90163934426229,5190.9,65.31111328125007,49.74166625976613,0.1058091286307054,5490.0,5410.0,5350.0,5400.0,93000.0
2021-11-11,5310.0,5390.0,5290.0,5370.0,5021.8427734375,67800.0,5373.0,5378.0,5051.88888671875,4301.89583618164,60.37735849056604,5199.1,62.71111328124971,49.14166625976577,0.1141078838174274,5490.0,5390.0,5330.0,5350.0,108900.0
2021-11-12,5350.0,5510.0,5340.0,5490.0,5134.0625,105400.0,5381.0,5378.0,5066.533333333334,4311.887502441407,65.0,5209.7,63.60000651041719,48.43333251953118,0.1354705274043433,5490.0,5390.0,5370.0,5310.0,67800.0
2021-11-13,5350.0,5510.0,5340.0,5490.0,5134.0625,105400.0,5389.0,5379.2,5080.266666666666,4321.879168701172,65.0,5219.9,65.93333984374931,48.85833251953136,0.1181262729124237,5490.0,5510.0,5490.0,5350.0,105400.0
2021-11-14,5350.0,5510.0,5340.0,5490.0,5134.0625,105400.0,5392.5,5383.6,5094.066666666667,4332.329168701172,65.0,5230.1,67.73333984374949,49.68333251953118,0.1401869158878503,5490.0,5510.0,5490.0,5350.0,105400.0
2021-11-15,5520.0,5550.0,5450.0,5490.0,5134.0625,65600.0,5394.0,5390.0,5106.4,4342.779168701172,59.61538461538462,5240.3,67.55555989583263,50.60833251953136,0.1819160387513454,5490.0,5510.0,5490.0,5350.0,105400.0
2021-11-16,5490.0,5520.0,5420.0,5420.0,5068.60107421875,79900.0,5396.0,5393.6,5116.266666666666,4352.754168701172,55.35714285714286,5250.6,64.37777994791668,50.85833251953136,0.1117948717948718,5490.0,5550.0,5490.0,5520.0,65600.0
2021-11-17,5430.0,5450.0,5290.0,5300.0,4956.38134765625,142800.0,5398.0,5392.4,5124.266666666666,4362.129168701172,45.588235294117645,5259.2,57.733333333332666,50.241666259765225,0.087179487179487,5490.0,5520.0,5420.0,5490.0,79900.0
2021-11-18,5300.0,5390.0,5300.0,5340.0,4993.7880859375,126100.0,5399.5,5392.8,5132.8,4371.704168701172,46.3768115942029,5268.4,52.53333333333376,49.82499999999982,0.0953846153846154,5490.0,5450.0,5300.0,5430.0,142800.0
2021-11-19,5280.0,5330.0,5200.0,5290.0,4947.029296875,120400.0,5398.5,5387.6,5140.666666666667,4381.029168701172,34.375,5276.5,46.60000000000037,48.70000000000073,0.0851282051282051,5490.0,5390.0,5340.0,5300.0,126100.0
2021-11-20,5280.0,5330.0,5200.0,5290.0,4947.029296875,120400.0,5397.5,5380.8,5147.333333333333,4390.354168701172,34.375,5288.5,40.933333333333394,47.57499999999982,0.081799591002045,5490.0,5330.0,5290.0,5280.0,120400.0
2021-11-21,5280.0,5330.0,5200.0,5290.0,4947.029296875,120400.0,5392.5,5377.2,5153.533333333334,4399.679168701172,34.375,5300.5,37.26666666666733,46.92500000000018,0.0665322580645162,5490.0,5330.0,5290.0,5280.0,120400.0
2021-11-22,5320.0,5340.0,5200.0,5210.0,4872.2158203125,108600.0,5385.0,5375.2,5158.333333333333,4408.750002441407,39.285714285714285,5310.9,34.066666666666606,46.62083374023496,0.0504032258064515,5490.0,5330.0,5290.0,5280.0,120400.0
2021-11-23,5320.0,5340.0,5200.0,5210.0,4872.2158203125,108600.0,5377.5,5371.2,5163.733333333334,4417.779168701172,37.037037037037045,5317.2,30.9333333333334,46.07500000000073,0.0461847389558232,5490.0,5340.0,5210.0,5320.0,108600.0
2021-11-24,5210.0,5290.0,5200.0,5250.0,4909.62255859375,134400.0,5370.5,5368.8,5169.466666666666,4427.008334960938,42.85714285714285,5323.5,28.799999999999272,45.97916625976541,0.0542168674698795,5490.0,5340.0,5210.0,5320.0,108600.0
2021-11-25,5300.0,5340.0,5270.0,5300.0,4956.38134765625,118700.0,5361.0,5368.4,5175.866666666667,4436.487501220703,43.85964912280702,5331.9,28.53333333333376,46.133332519531,0.0642570281124497,5490.0,5290.0,5250.0,5210.0,134400.0
2021-11-26,5260.0,5260.0,5130.0,5140.0,4806.75390625,110700.0,5343.5,5358.4,5180.133333333333,4445.041667480469,21.31147540983608,5336.8,26.59999999999945,45.36249877929731,0.0479102956167176,5490.0,5340.0,5300.0,5300.0,118700.0
2021-11-27,5260.0,5260.0,5130.0,5140.0,4806.75390625,110700.0,5326.0,5349.6,5184.2,4453.929167480469,21.31147540983608,5339.6,25.866666666666788,45.179165039062354,0.055441478439425,5490.0,5260.0,5140.0,5260.0,110700.0
2021-11-28,5260.0,5260.0,5130.0,5140.0,4806.75390625,110700.0,5316.5,5340.8,5187.266666666666,4463.316667480469,21.31147540983608,5342.4,23.53333333333285,45.53749877929658,0.0532786885245901,5490.0,5260.0,5140.0,5260.0,110700.0
2021-11-29,5000.0,5190.0,4970.0,5050.0,4722.58984375,217800.0,5301.5,5327.2,5190.4,4472.566667480469,18.57142857142857,5343.4,20.9333333333334,45.55833251953118,0.0337768679631524,5490.0,5260.0,5140.0,5260.0,110700.0
2021-11-30,5220.0,5270.0,5160.0,5160.0,4825.45751953125,345900.0,5293.0,5314.0,5197.266666666666,4481.970833740234,32.432432432432435,5346.0,21.39999999999964,45.48333251953136,0.1002132196162046,5490.0,5190.0,5050.0,5000.0,217800.0
2021-12-01,5130.0,5180.0,5070.0,5150.0,4816.10595703125,148700.0,5282.0,5300.4,5200.933333333333,4491.325,38.095238095238095,5346.6,20.800000000000185,46.28333251953063,0.0980810234541578,5490.0,5270.0,5160.0,5220.0,345900.0
2021-12-02,5090.0,5230.0,5090.0,5180.0,4844.1611328125,97000.0,5266.5,5288.0,5205.0,4500.829166259766,37.096774193548384,5344.2,20.800000000000185,46.899998779296766,0.1044776119402985,5490.0,5180.0,5150.0,5130.0,148700.0
2021-12-03,5230.0,5460.0,5230.0,5450.0,5096.65576171875,126900.0,5264.5,5292.8,5212.666666666667,4511.683332519531,59.523809523809526,5346.2,25.400000000000546,48.366665039062354,0.1133810010214504,5490.0,5230.0,5180.0,5090.0,97000.0
2021-12-04,5230.0,5460.0,5230.0,5450.0,5096.65576171875,126900.0,5262.5,5296.8,5220.333333333333,4522.120832519531,59.523809523809526,5344.6,29.9333333333334,49.554165039062354,0.1043566362715298,5490.0,5460.0,5450.0,5230.0,126900.0
2021-12-05,5230.0,5460.0,5230.0,5450.0,5096.65576171875,126900.0,5260.5,5301.6,5227.8,4532.516666259766,59.523809523809526,5343.0,30.53333333333376,50.54583251953136,0.1168032786885246,5450.0,5460.0,5450.0,5230.0,126900.0
2021-12-06,5500.0,5510.0,5200.0,5240.0,4900.27099609375,181800.0,5251.5,5296.4,5231.533333333334,4542.05,51.54639175257732,5337.2,30.600000000000364,50.72500000000037,0.0704800817160367,5450.0,5460.0,5450.0,5230.0,126900.0
2021-12-07,5290.0,5400.0,5290.0,5380.0,5031.19384765625,93300.0,5255.5,5292.0,5237.133333333333,4551.991666259765,57.65765765765766,5335.0,32.13333333333321,51.162499999999454,0.076,5450.0,5510.0,5240.0,5500.0,181800.0
2021-12-08,5480.0,5530.0,5330.0,5330.0,4984.43603515625,131200.0,5255.0,5285.6,5241.8,4561.683332519531,53.57142857142857,5332.4,29.13333333333321,50.0,0.066,5450.0,5400.0,5380.0,5290.0,93300.0
2021-12-09,5340.0,5360.0,5190.0,5200.0,4862.8642578125,95200.0,5250.5,5274.0,5244.733333333334,4570.724998779297,45.833333333333336,5328.8,24.400000000000546,48.60416625976541,0.04,5450.0,5530.0,5330.0,5480.0,131200.0
2021-12-10,5210.0,5220.0,5090.0,5110.0,4778.69921875,97500.0,5241.5,5258.8,5246.466666666666,4579.045832519531,48.67256637168141,5324.4,18.66666666666606,46.52916625976559,0.0159045725646123,5450.0,5360.0,5200.0,5340.0,95200.0
2021-12-11,5210.0,5220.0,5090.0,5110.0,4778.69921875,97500.0,5232.5,5246.4,5249.2,4587.283332519532,48.67256637168141,5320.0,17.66666666666606,45.23333251953136,-0.001953125,5450.0,5220.0,5110.0,5210.0,97500.0
2021-12-12,5210.0,5220.0,5090.0,5110.0,4778.69921875,97500.0,5227.5,5238.8,5252.4,4595.291666259765,48.67256637168141,5315.6,15.266666666666424,43.30000000000018,-0.0358490566037735,5450.0,5220.0,5110.0,5210.0,97500.0
2021-12-13,5090.0,5190.0,5060.0,5070.0,4741.29296875,90500.0,5220.5,5228.0,5254.933333333333,4603.245832519531,50.92592592592592,5310.4,13.133333333333212,41.5625,-0.0523364485981308,5450.0,5220.0,5110.0,5210.0,97500.0
2021-12-14,5050.0,5060.0,4970.0,5010.0,4685.1826171875,136300.0,5208.5,5216.8,5256.6,4610.649998779297,42.71844660194174,5302.2,11.866666666666788,39.92500000000018,-0.0940325497287523,5450.0,5190.0,5070.0,5090.0,90500.0
2021-12-15,5010.0,5140.0,5010.0,5100.0,4769.3486328125,89200.0,5198.5,5209.2,5262.066666666667,4618.504165039062,47.74774774774775,5295.0,15.600000000000364,39.45833251953081,-0.077757685352622,5450.0,5060.0,5010.0,5050.0,136300.0
2021-12-16,5150.0,5210.0,5130.0,5150.0,4816.10595703125,89300.0,5199.0,5203.6,5268.2,4626.6083312988285,48.67256637168141,5290.4,19.0,39.32499877929695,-0.0687160940325497,5450.0,5140.0,5100.0,5010.0,89200.0
2021-12-17,5120.0,5130.0,4965.0,4985.0,4661.8037109375,145600.0,5191.25,5194.6,5272.133333333333,4634.262497558594,27.317073170731703,5284.9,19.733333333333576,38.97083129882867,-0.0919854280510018,5450.0,5210.0,5150.0,5150.0,89300.0
2021-12-18,5120.0,5130.0,4965.0,4985.0,4661.8037109375,145600.0,5183.5,5185.6,5273.333333333333,4641.874997558593,27.317073170731703,5278.4,18.39999999999964,38.62916503906217,-0.086996336996337,5450.0,5130.0,4985.0,5120.0,145600.0
2021-12-19,5120.0,5130.0,4965.0,4985.0,4661.8037109375,145600.0,5180.25,5175.0,5274.0,4649.154163818359,27.317073170731703,5271.9,17.399999999999636,38.50416503906217,-0.0734200743494424,5450.0,5130.0,4985.0,5120.0,145600.0
2021-12-20,4920.0,4940.0,4830.0,4865.0,4549.58447265625,175300.0,5165.5,5157.6,5273.8,4656.083330078125,29.94652406417113,5263.0,11.733333333333576,37.5791650390629,-0.0872420262664165,5450.0,5130.0,4985.0,5120.0,145600.0
2021-12-21,4965.0,5100.0,4950.0,5070.0,4741.29296875,188600.0,5161.5,5154.8,5276.133333333333,4663.787496337891,34.5,5256.6,7.933333333333394,37.179165039062354,-0.048780487804878,5450.0,4940.0,4865.0,4920.0,175300.0
2021-12-22,5060.0,5080.0,5040.0,5080.0,4750.64501953125,71000.0,5156.5,5152.4,5277.2,4671.541662597656,36.97916666666667,5251.0,5.066666666666606,37.27916503906181,-0.0469043151969981,5450.0,5100.0,5070.0,4965.0,188600.0
2021-12-23,5130.0,5160.0,5060.0,5100.0,4769.3486328125,52400.0,5139.0,5150.8,5278.533333333334,4679.395828857422,44.11764705882352,5245.8,5.200000000000728,37.52083129882885,-0.0431519699812382,5450.0,5080.0,5080.0,5060.0,71000.0
2021-12-24,5070.0,5160.0,5070.0,5130.0,4797.40283203125,59600.0,5123.0,5154.0,5280.266666666666,4686.837495117187,51.265822784810126,5240.6,6.266666666666424,37.68333129882831,-0.0535055350553506,5450.0,5160.0,5100.0,5130.0,52400.0
2021-12-25,5070.0,5160.0,5070.0,5130.0,4797.40283203125,59600.0,5107.0,5152.8,5281.6,4694.237495117188,51.265822784810126,5233.4,7.800000000000182,38.15416503906272,-0.0604395604395604,5380.0,5160.0,5130.0,5070.0,59600.0
2021-12-26,5070.0,5160.0,5070.0,5130.0,4797.40283203125,59600.0,5101.5,5152.0,5281.733333333334,4701.804161376953,51.265822784810126,5226.2,5.600000000000364,38.01666503906199,-0.0464684014869888,5380.0,5160.0,5130.0,5070.0,59600.0
2021-12-27,5070.0,5110.0,5020.0,5040.0,4713.23779296875,92900.0,5084.5,5146.4,5278.266666666666,4708.899995117187,48.21428571428571,5217.2,1.066666666666606,37.35833251953136,-0.0418250950570342,5330.0,5160.0,5130.0,5070.0,59600.0
2021-12-28,5100.0,5190.0,5060.0,5130.0,4797.40283203125,100000.0,5074.5,5133.6,5275.333333333333,4716.216661376953,56.89655172413793,5213.2,-3.200000000000728,36.820832519531,-0.0338983050847457,5200.0,5110.0,5040.0,5070.0,92900.0
2021-12-29,5180.0,5180.0,5050.0,5110.0,4778.69921875,92300.0,5070.0,5120.0,5269.733333333334,4723.433327636719,50.625,5208.4,-10.533333333332848,36.59583251953154,-0.0376647834274952,5150.0,5190.0,5130.0,5100.0,100000.0
2021-12-30,5060.0,5160.0,5040.0,5110.0,4778.69921875,76200.0,5070.0,5106.4,5264.133333333333,4730.649993896484,47.33333333333333,5204.0,-17.46666666666715,36.41249877929658,-0.0376647834274952,5150.0,5180.0,5110.0,5180.0,92300.0
2021-12-31,5060.0,5160.0,5040.0,5110.0,4778.69921875,76200.0,5070.0,5101.2,5258.533333333334,4737.887493896485,60.68376068376069,5198.8,-23.19999999999981,36.08333251953172,-0.0519480519480519,5150.0,5160.0,5110.0,5060.0,76200.0
2022-01-01,5060.0,5160.0,5040.0,5110.0,4778.69921875,76200.0,5070.0,5090.4,5253.466666666666,4745.020827636718,60.68376068376069,5191.2,-24.800000000000185,36.12083251953118,-0.0466417910447761,5150.0,5160.0,5110.0,5060.0,76200.0
2022-01-02,5060.0,5160.0,5040.0,5110.0,4778.69921875,76200.0,5072.0,5081.6,5248.8,4751.924993896484,60.68376068376069,5183.6,-26.53333333333285,35.70833251953081,-0.0466417910447761,5150.0,5160.0,5110.0,5060.0,76200.0
2022-01-03,5060.0,5160.0,5040.0,5110.0,4778.69921875,76200.0,5077.0,5078.0,5245.2,4758.787493896484,76.34408602150538,5176.0,-24.53333333333376,35.35416625976541,-0.0519480519480519,5150.0,5160.0,5110.0,5060.0,76200.0
2022-01-04,5140.0,5180.0,4995.0,5060.0,4731.94140625,138600.0,5075.0,5076.0,5241.6,4764.75416015625,48.38709677419355,5167.4,-22.53333333333285,34.10416625976541,-0.0783242258652094,5150.0,5160.0,5110.0,5060.0,76200.0
2022-01-05,5010.0,5020.0,4835.0,4850.0,4535.55712890625,189900.0,5060.0,5065.6,5235.2,4769.670826416015,27.450980392156865,5156.0,-23.33333333333394,31.78333251953063,-0.1165755919854281,5130.0,5180.0,5060.0,5140.0,138600.0
2022-01-06,4500.0,4700.0,4470.0,4475.0,4184.869140625,425200.0,5034.5,5040.2,5223.8,4772.7124926757815,13.872832369942202,5139.5,-29.66666666666606,27.69166503906308,-0.1848816029143898,5130.0,5020.0,4850.0,5010.0,189900.0
2022-01-07,4530.0,4530.0,4315.0,4370.0,4086.67626953125,354400.0,5003.75,5012.2,5211.0,4775.708326416016,9.574468085106387,5120.1,-37.80000000000018,23.78333251953154,-0.1801125703564727,5130.0,4700.0,4475.0,4500.0,425200.0
2022-01-08,4530.0,4530.0,4315.0,4370.0,4086.67626953125,354400.0,4973.0,4986.6,5197.0,4778.058326416016,9.574468085106387,5101.7,-48.19999999999982,19.270832519531723,-0.1831775700934579,5130.0,4530.0,4370.0,4530.0,354400.0
2022-01-09,4530.0,4530.0,4315.0,4370.0,4086.67626953125,354400.0,4948.25,4957.4,5182.466666666666,4780.36666015625,9.574468085106387,5083.3,-59.13333333333412,15.612500000000182,-0.1801125703564727,5130.0,4530.0,4370.0,4530.0,354400.0
2022-01-10,4530.0,4530.0,4315.0,4370.0,4086.67626953125,354400.0,4913.25,4926.2,5169.0,4782.77916015625,10.588235294117652,5064.9,-66.19999999999982,13.10833374023514,-0.186219739292365,5130.0,4530.0,4370.0,4530.0,354400.0
2022-01-11,4300.0,4450.0,4295.0,4420.0,4133.43505859375,376300.0,4880.25,4903.6,5157.8,4785.37916015625,6.172839506172849,5049.1,-66.0,12.666667480468275,-0.1948998178506374,5130.0,4530.0,4370.0,4530.0,354400.0
2022-01-12,4485.0,4610.0,4460.0,4595.0,4297.0888671875,263800.0,4855.0,4888.0,5148.266666666666,4788.85416015625,23.31606217616581,5036.8,-62.733333333333576,13.145833740234592,-0.163023679417122,5130.0,4450.0,4420.0,4300.0,376300.0
2022-01-13,4600.0,4605.0,4520.0,4560.0,4264.35791015625,191300.0,4826.5,4871.0,5138.266666666666,4792.15416015625,22.5,5023.0,-58.733333333333576,14.095833740234411,-0.1693989071038251,5130.0,4610.0,4595.0,4485.0,263800.0
2022-01-14,4500.0,4500.0,4365.0,4410.0,4124.08349609375,184400.0,4790.5,4852.8,5126.266666666666,4794.474993896484,19.565217391304344,5005.2,-56.19999999999982,14.10833374023423,-0.1967213114754098,5130.0,4605.0,4560.0,4600.0,191300.0
2022-01-15,4500.0,4500.0,4365.0,4410.0,4124.08349609375,184400.0,4754.5,4826.4,5113.2,4796.420827636719,19.565217391304344,4990.6,-55.80000000000018,13.64166748046864,-0.1863468634686347,5130.0,4500.0,4410.0,4500.0,184400.0
2022-01-16,4500.0,4500.0,4365.0,4410.0,4124.08349609375,184400.0,4723.0,4799.6,5100.533333333334,4797.67916015625,19.565217391304344,4976.0,-57.26666666666642,12.300000000000182,-0.1679245283018867,5130.0,4500.0,4410.0,4500.0,184400.0
2022-01-17,4380.0,4430.0,4340.0,4410.0,4124.08349609375,110700.0,4687.0,4772.0,5087.866666666667,4800.16666015625,19.565217391304344,4961.4,-60.39999999999964,11.3125,-0.1741573033707865,5110.0,4500.0,4410.0,4500.0,184400.0
2022-01-18,4415.0,4475.0,4320.0,4360.0,4077.324951171875,126100.0,4649.5,4741.2,5074.133333333333,4801.90416015625,19.565217391304344,4947.6,-64.13333333333321,9.75,-0.1758034026465028,5110.0,4430.0,4410.0,4380.0,110700.0
2022-01-19,4335.0,4485.0,4325.0,4420.0,4133.43505859375,208200.0,4615.0,4712.8,5059.866666666667,4803.94166015625,28.50000000000001,4932.8,-66.39999999999964,9.466666259765589,-0.164461247637051,5110.0,4475.0,4360.0,4415.0,126100.0
2022-01-20,4465.0,4710.0,4465.0,4675.0,4371.90185546875,357600.0,4593.25,4694.6,5049.0,4807.25416015625,61.36363636363636,4923.3,-64.19999999999982,10.833332519530812,-0.1162570888468809,5110.0,4485.0,4420.0,4335.0,208200.0
2022-01-21,4605.0,4760.0,4570.0,4650.0,4348.52294921875,263200.0,4570.25,4679.0,5037.8,4810.37916015625,67.5,4912.7,-62.733333333333576,12.699999999999818,-0.1074856046065259,5110.0,4710.0,4675.0,4465.0,357600.0
2022-01-22,4605.0,4760.0,4570.0,4650.0,4348.52294921875,263200.0,4547.25,4659.8,5028.733333333334,4813.19166015625,67.5,4896.7,-59.13333333333321,13.024999999999636,-0.1074856046065259,5110.0,4760.0,4650.0,4605.0,263200.0
2022-01-23,4605.0,4760.0,4570.0,4650.0,4348.52294921875,263200.0,4524.25,4641.4,5019.4,4815.8374926757815,67.5,4880.7,-54.733333333333576,13.933332519531175,-0.1142857142857143,5060.0,4760.0,4650.0,4605.0,263200.0
2022-01-24,4590.0,4650.0,4505.0,4625.0,4325.14453125,177900.0,4502.5,4622.0,5010.0,4818.629158935547,65.45454545454545,4864.2,-49.86666666666679,14.68749877929713,-0.1273584905660377,4850.0,4760.0,4650.0,4605.0,263200.0
2022-01-25,4630.0,4650.0,4520.0,4560.0,4264.35791015625,255300.0,4488.0,4600.0,4999.2,4821.324992675782,58.33333333333333,4850.6,-49.80000000000018,14.070832519531905,-0.11284046692607,4675.0,4650.0,4625.0,4590.0,177900.0
2022-01-26,4565.0,4635.0,4540.0,4545.0,4250.330078125,156200.0,4491.5,4577.4,4986.6,4823.945826416016,46.3235294117647,4833.9,-51.19999999999982,13.566666259765952,-0.1157587548638132,4675.0,4650.0,4560.0,4630.0,255300.0
2022-01-27,4585.0,4630.0,4320.0,4360.0,4077.324951171875,155600.0,4491.0,4547.4,4971.533333333334,4825.64166015625,37.95180722891567,4814.5,-57.19999999999982,12.449999999999818,-0.1517509727626459,4675.0,4635.0,4545.0,4565.0,156200.0
2022-01-28,4460.0,4480.0,4370.0,4415.0,4128.75830078125,191800.0,4493.25,4519.6,4957.2,4827.320826416016,50.34013605442176,4798.8,-62.19999999999982,11.48333374023423,-0.1257425742574257,4675.0,4630.0,4360.0,4585.0,155600.0
2022-01-29,4460.0,4480.0,4370.0,4415.0,4128.75830078125,191800.0,4495.5,4493.8,4942.866666666667,4828.791658935547,50.34013605442176,4784.9,-67.13333333333321,10.162500000000364,-0.1443798449612403,4675.0,4480.0,4415.0,4460.0,191800.0
2022-01-30,4460.0,4480.0,4370.0,4415.0,4128.75830078125,191800.0,4497.75,4476.4,4929.466666666666,4830.887492675782,50.34013605442176,4771.0,-69.73333333333358,9.5625,-0.1427184466019417,4675.0,4480.0,4415.0,4460.0,191800.0
2022-01-31,4470.0,4600.0,4470.0,4555.0,4259.6826171875,131800.0,4504.5,4479.6,4919.533333333334,4833.058325195312,58.28571428571429,4759.9,-67.0666666666666,9.112498779296402,-0.1206563706563706,4675.0,4480.0,4415.0,4460.0,191800.0
2022-02-01,4610.0,4610.0,4465.0,4480.0,4189.54541015625,186200.0,4498.75,4484.0,4908.066666666667,4834.666657714844,56.66666666666666,4748.1,-63.46666666666715,9.024997558593896,-0.1779816513761467,4675.0,4600.0,4555.0,4470.0,131800.0
2022-02-02,4600.0,4795.0,4580.0,4775.0,4465.4189453125,196700.0,4509.5,4500.2,4901.2,4837.749990234375,65.63876651982379,4743.4,-56.0,10.429163818359484,-0.1238532110091743,4775.0,4610.0,4480.0,4610.0,186200.0
2022-02-03,4705.0,4805.0,4705.0,4790.0,4479.4462890625,211200.0,4528.5,4517.0,4894.533333333334,4840.908322753906,56.42458100558659,4737.2,-48.33333333333303,12.116663818358576,-0.1211009174311926,4790.0,4795.0,4775.0,4600.0,196700.0
2022-02-04,4850.0,4865.0,4785.0,4835.0,4521.5283203125,203200.0,4549.75,4535.6,4888.466666666666,4844.416655273438,60.10928961748633,4730.9,-41.0,13.529162597656068,-0.0772900763358778,4835.0,4805.0,4790.0,4705.0,211200.0
2022-02-05,4850.0,4865.0,4785.0,4835.0,4521.5283203125,203200.0,4571.0,4552.2,4883.466666666666,4848.029155273438,60.10928961748633,4727.9,-36.06666666666752,14.9708300781258,-0.1013011152416356,4835.0,4865.0,4835.0,4850.0,203200.0
2022-02-06,4850.0,4865.0,4785.0,4835.0,4521.5283203125,203200.0,4592.25,4561.8,4878.466666666666,4850.870822753906,60.10928961748633,4724.9,-29.600000000000364,16.2041650390629,-0.0928705440900562,4835.0,4865.0,4835.0,4850.0,203200.0
2022-02-07,4890.0,4935.0,4770.0,4895.0,4577.63916015625,229900.0,4619.0,4575.2,4873.733333333334,4854.012490234375,64.21052631578948,4723.1,-27.46666666666624,16.262499999999818,-0.0586538461538461,4895.0,4865.0,4835.0,4850.0,203200.0
2022-02-08,4930.0,4950.0,4710.0,4725.0,4418.66064453125,177100.0,4634.25,4587.8,4866.066666666667,4856.304157714843,57.81990521327015,4720.3,-28.46666666666715,15.395834960937464,-0.0753424657534246,4895.0,4935.0,4895.0,4890.0,229900.0
2022-02-09,4775.0,4820.0,4705.0,4755.0,4446.71630859375,122600.0,4638.25,4601.6,4860.933333333333,4858.745825195312,59.81308411214953,4714.0,-27.53333333333285,14.329169921874382,-0.0694716242661448,4895.0,4950.0,4725.0,4930.0,177100.0
2022-02-10,4815.0,4825.0,4660.0,4710.0,4404.63232421875,110400.0,4641.25,4613.6,4855.2,4860.9624926757815,68.81720430107526,4706.6,-28.266666666666424,12.933337402343568,-0.0782778864970645,4895.0,4820.0,4755.0,4775.0,122600.0
2022-02-11,4815.0,4825.0,4660.0,4710.0,4404.63232421875,110400.0,4644.25,4625.6,4849.466666666666,4863.137492675782,66.85714285714286,4698.8,-29.0,12.266669921875293,-0.0710059171597633,4895.0,4825.0,4710.0,4815.0,110400.0
2022-02-12,4815.0,4825.0,4660.0,4710.0,4404.63232421875,110400.0,4647.25,4639.6,4844.933333333333,4865.60416015625,66.85714285714286,4690.4,-28.800000000000185,11.59166992187511,-0.0598802395209581,4895.0,4825.0,4710.0,4815.0,110400.0
2022-02-13,4815.0,4825.0,4660.0,4710.0,4404.63232421875,110400.0,4651.5,4651.2,4838.933333333333,4868.112492675781,66.85714285714286,4682.0,-27.13333333333321,11.808334960937827,-0.076470588235294,4895.0,4825.0,4710.0,4815.0,110400.0
2022-02-14,4690.0,4735.0,4610.0,4675.0,4371.90185546875,146200.0,4657.25,4651.2,4832.6,4869.987492675781,57.79220779220778,4672.9,-28.33333333333303,11.241667480469005,-0.0922330097087378,4895.0,4825.0,4710.0,4815.0,110400.0
2022-02-15,4690.0,4720.0,4500.0,4520.0,4226.951171875,212200.0,4656.0,4646.0,4823.8,4871.50416015625,52.35294117647059,4662.5,-31.39999999999964,10.541667480468275,-0.0932798395185556,4895.0,4735.0,4675.0,4690.0,146200.0
2022-02-16,4545.0,4595.0,4440.0,4460.0,4170.841796875,153900.0,4661.0,4638.4,4810.6,4872.720827636719,24.390243902439025,4649.1,-38.86666666666588,9.583334960937464,-0.1053159478435306,4895.0,4720.0,4520.0,4690.0,212200.0
2022-02-17,4435.0,4450.0,4335.0,4395.0,4110.0556640625,136000.0,4660.0,4628.2,4796.533333333334,4873.612495117188,20.30075187969925,4634.8,-48.39999999999964,8.008334960937646,-0.1183550651955868,4895.0,4595.0,4460.0,4545.0,153900.0
2022-02-18,4325.0,4425.0,4315.0,4395.0,4110.0556640625,120700.0,4659.0,4619.0,4782.466666666666,4873.879162597656,14.516129032258064,4620.5,-56.46666666666715,5.766669921875291,-0.0966084275436793,4895.0,4450.0,4395.0,4435.0,136000.0
2022-02-19,4325.0,4425.0,4315.0,4395.0,4110.0556640625,120700.0,4658.0,4612.4,4771.2,4874.020830078125,14.516129032258064,4606.2,-61.40000000000055,4.033337402343932,-0.1331360946745562,4895.0,4425.0,4395.0,4325.0,120700.0
2022-02-20,4325.0,4425.0,4315.0,4395.0,4110.0556640625,120700.0,4650.0,4606.4,4758.066666666667,4874.370830078125,14.516129032258064,4591.9,-65.73333333333358,2.866669921875655,-0.1348425196850393,4895.0,4425.0,4395.0,4325.0,120700.0
2022-02-21,4375.0,4480.0,4355.0,4420.0,4133.43505859375,116600.0,4647.0,4608.8,4745.933333333333,4875.179162597657,9.401709401709413,4578.1,-64.66666666666697,2.458334960937464,-0.1333333333333333,4895.0,4425.0,4395.0,4325.0,120700.0
2022-02-22,4390.0,4460.0,4375.0,4405.0,4119.40771484375,76000.0,4628.5,4608.4,4735.333333333333,4876.287495117187,12.79069767441861,4564.0,-61.20000000000073,2.6749999999992724,-0.1413255360623782,4895.0,4480.0,4420.0,4375.0,116600.0
2022-02-23,4390.0,4460.0,4375.0,4405.0,4119.40771484375,76000.0,4609.25,4608.0,4725.933333333333,4877.395827636718,6.25,4550.9,-56.53333333333285,3.5166650390619907,-0.1413255360623782,4895.0,4460.0,4405.0,4390.0,76000.0
2022-02-24,4450.0,4555.0,4380.0,4540.0,4245.654296875,181300.0,4594.5,4613.0,4718.333333333333,4879.17916015625,32.65306122448979,4544.7,-52.86666666666679,5.158330078124891,-0.115009746588694,4895.0,4460.0,4405.0,4390.0,76000.0
2022-02-25,4540.0,4600.0,4480.0,4575.0,4308.75634765625,128400.0,4581.5,4613.8,4711.2,4881.137492675782,37.14285714285714,4546.7,-46.86666666666679,6.76666259765625,-0.0922619047619047,4895.0,4555.0,4540.0,4450.0,181300.0
2022-02-26,4540.0,4600.0,4480.0,4575.0,4308.75634765625,128400.0,4568.5,4617.6,4704.6,4882.762492675782,37.14285714285714,4550.8,-41.33333333333303,7.583330078125073,-0.1081871345029239,4895.0,4600.0,4575.0,4540.0,128400.0
2022-02-27,4540.0,4600.0,4480.0,4575.0,4308.75634765625,128400.0,4552.5,4609.6,4698.8,4884.80416015625,37.14285714285714,4554.9,-36.53333333333285,8.5166650390629,-0.1046966731898239,4755.0,4600.0,4575.0,4540.0,128400.0
2022-02-28,4640.0,4705.0,4555.0,4670.0,4398.2275390625,175500.0,4549.75,4604.8,4693.066666666667,4887.674993896484,49.57264957264957,4560.9,-32.86666666666679,10.279166259765589,-0.086105675146771,4755.0,4600.0,4575.0,4540.0,128400.0
2022-03-01,4740.0,4750.0,4630.0,4645.0,4374.68212890625,110400.0,4544.25,4597.2,4686.333333333333,4890.420827636719,63.73626373626374,4566.4,-32.0,11.241667480469005,-0.0909980430528375,4710.0,4705.0,4670.0,4640.0,175500.0
2022-03-02,4530.0,4600.0,4480.0,4535.0,4271.08349609375,116000.0,4535.5,4585.2,4680.333333333333,4892.616661376953,57.42574257425742,4568.7,-30.866666666666788,11.479168701171147,-0.1125244618395303,4710.0,4750.0,4645.0,4740.0,110400.0
2022-03-03,4595.0,4690.0,4585.0,4590.0,4322.8828125,105400.0,4529.5,4575.4,4675.066666666667,4895.087495117187,69.6969696969697,4568.6,-29.53333333333376,12.32500244140556,-0.1017612524461839,4710.0,4600.0,4535.0,4530.0,116000.0
2022-03-04,4565.0,4575.0,4445.0,4475.0,4214.57568359375,105300.0,4517.75,4558.6,4668.266666666666,4896.920827636719,56.55737704918032,4566.9,-30.53333333333376,12.116667480469005,-0.12426614481409,4710.0,4690.0,4590.0,4595.0,105400.0
2022-03-05,4565.0,4575.0,4445.0,4475.0,4214.57568359375,105300.0,4506.0,4548.6,4663.066666666667,4898.545827636719,56.55737704918032,4568.2,-30.0,10.870833740234955,-0.1156126482213438,4675.0,4575.0,4475.0,4565.0,105300.0
2022-03-06,4565.0,4575.0,4445.0,4475.0,4214.57568359375,105300.0,4496.0,4537.4,4655.133333333333,4900.212495117187,56.55737704918032,4569.5,-31.19999999999981,9.791667480468275,-0.0773195876288659,4670.0,4575.0,4475.0,4565.0,105300.0
2022-03-07,4305.0,4340.0,4215.0,4315.0,4063.887451171875,124500.0,4485.75,4521.6,4644.933333333333,4900.974995117187,42.95302013422819,4567.6,-35.39999999999964,8.35833374023423,-0.035754189944134,4670.0,4575.0,4475.0,4565.0,105300.0
2022-03-08,4265.0,4430.0,4265.0,4355.0,4101.55908203125,131900.0,4480.5,4507.4,4635.0,4901.916662597656,46.75324675324676,4566.5,-40.066666666666606,6.829167480468641,-0.0034324942791762,4670.0,4340.0,4315.0,4305.0,124500.0
2022-03-09,4360.0,4395.0,4290.0,4330.0,4078.013427734375,54700.0,4477.25,4492.2,4624.333333333333,4902.733330078125,45.283018867924525,4565.9,-43.933333333333394,5.812502441405741,-0.0091533180778031,4670.0,4430.0,4355.0,4265.0,131900.0
2022-03-10,4455.0,4550.0,4435.0,4540.0,4275.79296875,93500.0,4484.5,4485.4,4616.466666666666,4904.599997558594,50.0,4568.3,-46.60000000000037,6.054169921874745,0.0389016018306636,4670.0,4395.0,4330.0,4360.0,54700.0
2022-03-11,4470.0,4515.0,4405.0,4465.0,4205.1572265625,168600.0,4488.0,4477.0,4607.6,4905.341665039063,43.95604395604395,4564.1,-47.53333333333285,5.129169921875473,0.0217391304347827,4670.0,4550.0,4540.0,4455.0,93500.0
2022-03-12,4470.0,4515.0,4405.0,4465.0,4205.1572265625,168600.0,4491.5,4474.8,4599.933333333333,4905.374997558593,43.95604395604395,4560.4,-45.0,4.400002441406286,0.010180995475113,4670.0,4515.0,4465.0,4470.0,168600.0
2022-03-13,4470.0,4515.0,4405.0,4465.0,4205.1572265625,168600.0,4493.75,4475.0,4591.066666666667,4905.324997558594,43.95604395604395,4556.7,-43.933333333333394,3.408334960938191,-0.0282916213275299,4670.0,4515.0,4465.0,4470.0,168600.0
2022-03-14,4535.0,4680.0,4515.0,4525.0,4261.66552734375,87600.0,4499.75,4480.2,4583.266666666666,4905.699997558594,41.71428571428572,4554.2,-41.066666666666606,2.9666674804693685,-0.0076754385964912,4670.0,4515.0,4465.0,4470.0,168600.0
2022-03-15,4560.0,4670.0,4540.0,4620.0,4351.13671875,113300.0,4510.5,4489.2,4576.733333333334,4906.841665039063,48.67724867724867,4554.1,-39.733333333332666,2.2416674804690047,0.0476190476190476,4670.0,4680.0,4525.0,4535.0,87600.0
2022-03-16,4590.0,4625.0,4480.0,4605.0,4337.009765625,129100.0,4513.75,4497.6,4570.0,4907.908332519532,54.11764705882352,4555.0,-37.60000000000037,2.5666674804688228,0.0442176870748298,4670.0,4670.0,4620.0,4560.0,113300.0
2022-03-17,4775.0,4810.0,4690.0,4750.0,4473.5712890625,105500.0,4522.5,4511.8,4565.2,4909.7,58.51063829787234,4559.1,-34.733333333333576,4.325002441406468,0.0770975056689342,4750.0,4625.0,4605.0,4590.0,129100.0
2022-03-18,4745.0,4805.0,4705.0,4770.0,4492.40771484375,106300.0,4532.25,4525.8,4560.666666666667,4911.25,67.45562130177515,4567.3,-30.39999999999964,5.925002441405923,0.0816326530612245,4770.0,4810.0,4750.0,4775.0,105500.0
2022-03-19,4745.0,4805.0,4705.0,4770.0,4492.40771484375,106300.0,4542.0,4540.4,4556.133333333333,4912.825,67.45562130177515,4574.4,-27.13333333333321,7.125002441405741,0.0940366972477064,4770.0,4805.0,4770.0,4745.0,106300.0
2022-03-20,4745.0,4805.0,4705.0,4770.0,4492.40771484375,106300.0,4547.0,4555.0,4552.266666666666,4913.85,67.45562130177515,4581.5,-24.46666666666715,7.0083349609376455,0.0791855203619908,4770.0,4805.0,4770.0,4745.0,106300.0
2022-03-21,4745.0,4805.0,4705.0,4770.0,4492.40771484375,106300.0,4553.25,4564.2,4551.2,4914.3,83.21167883211679,4588.6,-18.800000000000185,6.391667480468641,0.0203208556149732,4770.0,4805.0,4770.0,4745.0,106300.0
2022-03-22,4840.0,4850.0,4730.0,4740.0,4464.15380859375,99600.0,4563.5,4570.8,4554.733333333334,4914.5,78.51851851851852,4592.3,-10.466666666666242,4.800000000000182,0.0193548387096773,4770.0,4805.0,4770.0,4745.0,106300.0
2022-03-23,4830.0,4830.0,4765.0,4815.0,4534.78857421875,81000.0,4574.75,4580.4,4560.666666666667,4915.075,83.44827586206897,4599.0,0.0,3.824999999999818,0.0354838709677418,4815.0,4850.0,4740.0,4840.0,99600.0
2022-03-24,4850.0,4875.0,4770.0,4875.0,4591.296875,111300.0,4594.75,4592.4,4567.4,4915.95,79.13043478260869,4601.0,11.266666666666424,3.125,0.0483870967741935,4875.0,4830.0,4815.0,4830.0,81000.0
2022-03-25,4850.0,4860.0,4740.0,4750.0,4473.5712890625,107300.0,4608.5,4595.6,4572.466666666666,4915.75,72.8,4600.2,20.19999999999981,1.899999999999636,0.0270270270270269,4875.0,4875.0,4875.0,4850.0,111300.0
2022-03-26,4850.0,4860.0,4740.0,4750.0,4473.5712890625,107300.0,4622.25,4599.8,4577.533333333334,4915.375,72.8,4598.5,26.33333333333394,1.074999999999818,0.0416666666666667,4875.0,4860.0,4750.0,4850.0,107300.0
2022-03-27,4850.0,4860.0,4740.0,4750.0,4473.5712890625,107300.0,4644.0,4608.4,4581.933333333333,4914.875,72.8,4596.8,27.19999999999981,0.375,0.045104510451045,4875.0,4860.0,4750.0,4850.0,107300.0
2022-03-28,4770.0,4770.0,4630.0,4655.0,4384.10009765625,72400.0,4659.0,4611.0,4582.733333333334,4914.125,59.84848484848485,4593.2,22.06666666666661,-0.949999999999818,0.0676605504587155,4875.0,4860.0,4750.0,4850.0,107300.0
2022-03-29,4695.0,4735.0,4655.0,4730.0,4454.7353515625,111600.0,4679.0,4621.2,4585.0,4913.675,58.59375000000001,4589.9,17.600000000000364,-2.274999999999636,0.0713476783691959,4875.0,4770.0,4655.0,4770.0,72400.0
2022-03-30,4720.0,4720.0,4605.0,4700.0,4426.4814453125,136700.0,4687.0,4630.2,4588.866666666667,4913.075,57.25190839694657,4589.4,16.400000000000546,-2.675000000000182,0.0645526613816533,4875.0,4735.0,4730.0,4695.0,111600.0
2022-03-31,4655.0,4685.0,4615.0,4620.0,4351.13671875,117200.0,4694.75,4636.0,4591.666666666667,4912.075,38.983050847457626,4586.7,14.133333333333212,-3.300000000000182,0.0464326160815402,4875.0,4720.0,4700.0,4720.0,136700.0
2022-04-01,4630.0,4685.0,4580.0,4610.0,4341.71923828125,83400.0,4702.0,4647.8,4594.333333333333,4910.95,36.206896551724135,4584.7,12.399999999999636,-3.925000000000182,0.0120746432491767,4875.0,4685.0,4620.0,4655.0,117200.0
2022-04-02,4630.0,4685.0,4580.0,4610.0,4341.71923828125,83400.0,4709.25,4658.0,4597.0,4909.45,36.206896551724135,4582.7,14.266666666666424,-4.675000000000182,0.0290178571428572,4875.0,4685.0,4610.0,4630.0,83400.0
2022-04-03,4630.0,4685.0,4580.0,4610.0,4341.71923828125,83400.0,4713.5,4669.2,4600.333333333333,4908.425,36.206896551724135,4580.7,15.33333333333303,-5.25,-0.0345549738219895,4875.0,4685.0,4610.0,4630.0,83400.0
2022-04-04,4625.0,4750.0,4625.0,4730.0,4454.7353515625,73000.0,4719.0,4676.8,4604.466666666666,4908.85,47.142857142857146,4581.1,15.599999999999454,-4.224999999999454,-0.0125260960334029,4875.0,4685.0,4610.0,4630.0,83400.0
2022-04-05,4750.0,4835.0,4730.0,4790.0,4511.244140625,166600.0,4728.25,4689.8,4606.0,4908.425,53.424657534246585,4583.4,14.33333333333303,-3.649999999999636,-0.0093071354705274,4875.0,4750.0,4730.0,4625.0,73000.0
2022-04-06,4780.0,4780.0,4310.0,4325.0,4073.3046875,319800.0,4707.0,4684.2,4601.666666666667,4905.675,28.125,4579.5,7.33333333333394,-5.274999999999636,-0.1054808686659772,4875.0,4835.0,4790.0,4750.0,166600.0
2022-04-07,4295.0,4495.0,4215.0,4440.0,4181.6123046875,251300.0,4690.5,4683.2,4598.866666666667,4903.5,31.489361702127653,4579.1,1.866666666666788,-5.949999999999818,-0.0816959669079627,4875.0,4780.0,4325.0,4780.0,319800.0
2022-04-08,4510.0,4655.0,4475.0,4610.0,4341.71923828125,353000.0,4682.5,4686.6,4598.333333333333,4902.175,44.26229508196721,4583.4,-2.0,-6.25,-0.0582226762002042,4875.0,4495.0,4440.0,4295.0,251300.0
2022-04-09,4510.0,4655.0,4475.0,4610.0,4341.71923828125,353000.0,4674.5,4686.2,4598.133333333333,4900.775,44.26229508196721,4587.7,-6.33333333333303,-8.075000000000728,-0.0243386243386243,4875.0,4655.0,4610.0,4510.0,353000.0
2022-04-10,4510.0,4655.0,4475.0,4610.0,4341.71923828125,353000.0,4666.5,4686.4,4598.8,4899.025,44.26229508196721,4592.0,-7.199999999999818,-9.400000000000546,-0.0304942166140904,4875.0,4655.0,4610.0,4510.0,353000.0
2022-04-11,4540.0,4670.0,4470.0,4620.0,4351.13671875,141400.0,4660.5,4681.2,4599.8,4897.325,48.458149779735685,4596.5,-1.866666666666788,-8.350000000000364,-0.019108280254777,4875.0,4655.0,4610.0,4510.0,353000.0
2022-04-12,4415.0,4450.0,4240.0,4250.0,4002.66943359375,157200.0,4632.25,4660.4,4598.333333333333,4893.675,33.21678321678323,4593.1,-0.5333333333337578,-9.824999999999818,-0.0976645435244161,4875.0,4670.0,4620.0,4540.0,141400.0
2022-04-13,4315.0,4385.0,4290.0,4375.0,4120.39501953125,113800.0,4607.25,4644.6,4597.8,4890.65,39.34426229508197,4592.5,-0.5333333333328483,-11.525000000000546,-0.0711252653927813,4790.0,4450.0,4250.0,4415.0,157200.0
2022-04-14,4350.0,4370.0,4165.0,4190.0,3946.1611328125,205700.0,4579.25,4621.4,4594.8,4886.7,36.809815950920246,4588.2,-3.33333333333303,-14.074999999999818,-0.1104033970276008,4790.0,4385.0,4375.0,4315.0,113800.0
2022-04-15,4170.0,4225.0,4135.0,4165.0,3922.61572265625,120900.0,4550.0,4597.2,4591.466666666666,4883.0,36.4741641337386,4580.7,-7.33333333333394,-16.024999999999636,-0.1090909090909091,4790.0,4370.0,4190.0,4350.0,205700.0
2022-04-16,4170.0,4225.0,4135.0,4165.0,3922.61572265625,120900.0,4520.75,4574.2,4586.266666666666,4879.475,36.4741641337386,4572.5,-13.533333333333758,-17.849999999999454,-0.0785398230088495,4790.0,4225.0,4165.0,4170.0,120900.0
2022-04-17,4170.0,4225.0,4135.0,4165.0,3922.61572265625,120900.0,4496.25,4548.2,4582.066666666667,4875.9,36.4741641337386,4564.3,-16.266666666666424,-17.775000000000546,-0.0661434977578475,4790.0,4225.0,4165.0,4170.0,120900.0
2022-04-18,4145.0,4260.0,4100.0,4145.0,3903.7802734375,113900.0,4467.0,4519.0,4573.666666666667,4872.2,31.067961165048544,4555.7,-24.13333333333321,-18.44999999999981,-0.0568828213879408,4790.0,4225.0,4165.0,4170.0,120900.0
2022-04-19,4245.0,4310.0,4215.0,4285.0,4035.632568359375,129200.0,4446.25,4500.4,4566.933333333333,4870.175,34.46153846153847,4548.0,-27.866666666666788,-16.524999999999636,-0.0250284414106939,4790.0,4260.0,4145.0,4145.0,113900.0
2022-04-20,4330.0,4365.0,4280.0,4285.0,4035.632568359375,112300.0,4429.5,4481.8,4559.6,4868.15,48.27586206896552,4540.8,-31.86666666666588,-14.850000000000364,-0.0250284414106939,4790.0,4310.0,4285.0,4245.0,129200.0
2022-04-21,4250.0,4470.0,4200.0,4455.0,4195.7392578125,233000.0,4421.75,4470.0,4554.533333333334,4866.975,50.61728395061729,4539.2,-31.733333333332663,-12.5,0.0136518771331057,4790.0,4365.0,4285.0,4330.0,112300.0
2022-04-22,4385.0,4420.0,4350.0,4385.0,4129.81298828125,103900.0,4410.5,4459.2,4548.533333333334,4864.425,39.91031390134529,4535.1,-33.53333333333285,-11.474999999999454,-0.007918552036199,4790.0,4470.0,4455.0,4250.0,233000.0
2022-04-23,4385.0,4420.0,4350.0,4385.0,4129.81298828125,103900.0,4399.25,4445.4,4541.733333333334,4861.675,39.91031390134529,4533.3,-31.9333333333334,-10.524999999999636,-0.0045402951191827,4790.0,4420.0,4385.0,4385.0,103900.0
2022-04-24,4385.0,4420.0,4350.0,4385.0,4129.81298828125,103900.0,4382.0,4432.8,4537.2,4859.2,39.91031390134529,4531.5,-29.733333333333576,-10.975000000000364,-0.0045402951191827,4790.0,4420.0,4385.0,4385.0,103900.0
2022-04-25,4315.0,4440.0,4310.0,4410.0,4153.3583984375,116200.0,4363.0,4424.4,4532.6,4856.775,40.70796460176991,4530.2,-27.0,-11.375,-0.0286343612334801,4620.0,4420.0,4385.0,4385.0,103900.0
2022-04-26,4435.0,4535.0,4425.0,4500.0,4238.12060546875,150000.0,4371.75,4420.0,4529.8,4854.275,64.70588235294119,4533.9,-24.733333333333576,-12.700000000000728,-0.0163934426229508,4620.0,4440.0,4410.0,4315.0,116200.0
2022-04-27,4430.0,4575.0,4365.0,4530.0,4266.37451171875,199000.0,4376.25,4416.8,4527.4,4851.925,60.264900662251655,4537.4,-21.13333333333412,-12.5,-0.0098360655737704,4620.0,4535.0,4500.0,4435.0,150000.0
2022-04-28,4600.0,4715.0,4585.0,4695.0,4421.77294921875,163600.0,4380.5,4420.2,4527.2,4850.4,84.35374149659864,4544.7,-14.533333333333758,-11.275000000000546,0.0262295081967212,4695.0,4575.0,4530.0,4430.0,199000.0
2022-04-29,4600.0,4715.0,4585.0,4695.0,4421.77294921875,163600.0,4384.75,4418.8,4527.0,4848.725,87.32394366197182,4547.8,-10.199999999999818,-10.474999999999454,0.0053533190578158,4695.0,4715.0,4695.0,4600.0,163600.0
2022-04-30,4600.0,4715.0,4585.0,4695.0,4421.77294921875,163600.0,4389.0,4415.0,4527.266666666666,4846.6,87.32394366197182,4552.4,-5.33333333333394,-10.174999999999272,0.0107642626480086,4695.0,4715.0,4695.0,4600.0,163600.0
2022-05-01,4600.0,4715.0,4585.0,4695.0,4421.77294921875,163600.0,4392.75,4429.8,4529.6,4843.575,87.32394366197182,4557.0,-0.1999999999998181,-10.699999999999818,0.0352811466372657,4695.0,4715.0,4695.0,4600.0,163600.0
2022-05-02,4625.0,4670.0,4570.0,4660.0,4388.80859375,147200.0,4413.25,4438.6,4532.266666666666,4840.125,85.51724137931035,4560.9,4.866666666666788,-11.800000000000182,0.0152505446623094,4695.0,4715.0,4695.0,4600.0,163600.0
2022-05-03,4625.0,4670.0,4570.0,4660.0,4388.80859375,147200.0,4427.5,4440.6,4535.8,4835.775,82.05128205128204,4563.6,8.600000000000364,-14.625,0.041340782122905,4695.0,4670.0,4660.0,4625.0,147200.0
2022-05-04,4625.0,4670.0,4570.0,4660.0,4388.80859375,147200.0,4451.0,4442.6,4539.333333333333,4831.425,82.05128205128204,4564.4,12.33333333333303,-17.300000000000182,0.041340782122905,4695.0,4670.0,4660.0,4625.0,147200.0
2022-05-05,4625.0,4670.0,4570.0,4660.0,4388.80859375,147200.0,4475.75,4444.6,4542.866666666667,4827.075,74.6987951807229,4565.5,15.600000000000364,-19.525000000000546,0.041340782122905,4695.0,4670.0,4660.0,4625.0,147200.0
2022-05-06,4590.0,4665.0,4550.0,4660.0,4388.80859375,133700.0,4500.5,4446.2,4546.4,4822.925,89.85507246376812,4563.7,16.799999999999272,-20.64999999999964,0.0799536500579374,4695.0,4670.0,4660.0,4625.0,147200.0
2022-05-07,4590.0,4665.0,4550.0,4660.0,4388.80859375,133700.0,4525.25,4462.6,4549.6,4818.925,89.85507246376812,4561.5,17.33333333333394,-21.19999999999981,0.0700344431687716,4695.0,4665.0,4660.0,4590.0,133700.0
2022-05-08,4590.0,4665.0,4550.0,4660.0,4388.80859375,133700.0,4551.0,4474.0,4553.0,4815.325,89.85507246376812,4559.3,17.199999999999818,-20.44999999999981,0.0762124711316396,4695.0,4665.0,4660.0,4590.0,133700.0
2022-05-09,4590.0,4620.0,4475.0,4525.0,4261.66552734375,117600.0,4563.0,4487.4,4554.6,4811.3,62.63736263736264,4554.4,15.266666666667334,-20.125,-0.0033039647577092,4695.0,4665.0,4660.0,4590.0,133700.0
2022-05-10,4475.0,4485.0,4370.0,4475.0,4214.57568359375,155300.0,4572.5,4499.8,4553.733333333334,4807.025,46.98795180722892,4548.5,10.866666666666788,-20.050000000000185,0.0022396416573349,4695.0,4620.0,4525.0,4590.0,117600.0
2022-05-11,4790.0,4855.0,4665.0,4790.0,4511.244140625,271500.0,4589.25,4524.8,4556.6,4804.325,68.57142857142857,4549.5,10.200000000000728,-18.600000000000364,0.0727883538633817,4790.0,4485.0,4475.0,4475.0,155300.0
2022-05-12,4655.0,4685.0,4585.0,4645.0,4374.68212890625,172800.0,4602.25,4544.0,4557.533333333334,4800.9,46.3235294117647,4546.1,7.933333333333394,-18.025000000000546,0.0403135498320268,4790.0,4855.0,4790.0,4790.0,271500.0
2022-05-13,4580.0,4650.0,4495.0,4530.0,4266.37451171875,183300.0,4609.5,4559.4,4556.933333333333,4796.45,39.62264150943396,4539.2,3.933333333333394,-18.875,0.0011049723756906,4790.0,4685.0,4645.0,4655.0,172800.0
2022-05-14,4580.0,4650.0,4495.0,4530.0,4266.37451171875,183300.0,4616.75,4569.2,4555.066666666667,4791.8,39.62264150943396,4534.8,0.4666666666662422,-19.5,-0.0194805194805194,4790.0,4650.0,4530.0,4580.0,183300.0
2022-05-15,4580.0,4650.0,4495.0,4530.0,4266.37451171875,183300.0,4622.75,4579.0,4553.533333333334,4787.55,39.62264150943396,4530.4,-0.1999999999998181,-19.47499999999945,-0.01628664495114,4790.0,4650.0,4530.0,4580.0,183300.0
2022-05-16,4600.0,4725.0,4530.0,4675.0,4402.93603515625,98100.0,4631.5,4587.8,4555.4,4784.625,50.82872928176796,4528.9,-1.2000000000007276,-19.69999999999981,-0.0157894736842105,4790.0,4650.0,4530.0,4580.0,183300.0
2022-05-17,4605.0,4690.0,4590.0,4665.0,4393.5185546875,87000.0,4638.25,4599.0,4556.4,4781.4,50.27322404371585,4529.1,-1.1333333333341216,-19.5,-0.0220125786163521,4790.0,4725.0,4675.0,4600.0,98100.0
2022-05-18,4660.0,4680.0,4380.0,4460.0,4200.4482421875,139100.0,4626.5,4602.0,4556.2,4777.15,41.07142857142856,4523.7,-0.7333333333335759,-19.300000000000185,-0.0649895178197065,4790.0,4690.0,4665.0,4605.0,87000.0
2022-05-19,4320.0,4455.0,4320.0,4455.0,4195.7392578125,129300.0,4614.5,4604.8,4555.933333333333,4772.875,40.888888888888886,4518.8,0.8666666666667879,-18.925000000000185,-0.0660377358490565,4790.0,4680.0,4460.0,4660.0,139100.0
2022-05-20,4365.0,4485.0,4360.0,4485.0,4223.99365234375,128100.0,4604.0,4607.8,4556.066666666667,4768.35,42.42424242424243,4516.1,2.5333333333328483,-19.19999999999981,-0.0597484276729559,4790.0,4455.0,4455.0,4320.0,129300.0
2022-05-21,4365.0,4485.0,4360.0,4485.0,4223.99365234375,128100.0,4593.5,4607.2,4558.333333333333,4763.975,42.42424242424243,4513.6,2.933333333333394,-20.64999999999964,-0.0537974683544303,4790.0,4485.0,4485.0,4365.0,128100.0
2022-05-22,4365.0,4485.0,4360.0,4485.0,4223.99365234375,128100.0,4584.75,4605.4,4560.066666666667,4759.6,42.42424242424243,4511.1,3.66666666666697,-21.799999999999272,-0.0685358255451713,4790.0,4485.0,4485.0,4365.0,128100.0
2022-05-23,4550.0,4565.0,4475.0,4505.0,4242.82958984375,57600.0,4577.0,4597.8,4562.4,4755.175,49.03846153846154,4509.0,6.199999999999818,-21.97499999999945,-0.0758974358974359,4790.0,4485.0,4485.0,4365.0,128100.0
2022-05-24,4520.0,4555.0,4460.0,4495.0,4233.412109375,83600.0,4568.75,4589.8,4561.8,4750.2,51.0,4504.3,5.866666666666788,-22.675000000000185,-0.0536842105263157,4790.0,4565.0,4505.0,4550.0,57600.0
2022-05-25,4425.0,4470.0,4390.0,4400.0,4143.9404296875,122600.0,4555.75,4578.0,4560.933333333333,4744.75,25.00000000000001,4496.5,4.866666666666788,-23.600000000000364,-0.0736842105263158,4790.0,4555.0,4495.0,4520.0,83600.0
2022-05-26,4395.0,4440.0,4375.0,4405.0,4148.64990234375,118700.0,4543.0,4566.4,4560.133333333333,4739.325,31.25,4498.1,1.800000000000182,-24.650000000000546,-0.0726315789473683,4790.0,4470.0,4400.0,4425.0,122600.0
2022-05-27,4465.0,4470.0,4325.0,4385.0,4129.81298828125,105500.0,4529.25,4555.4,4559.066666666667,4734.6,36.69724770642201,4497.0,-1.0,-25.0,-0.0580021482277121,4790.0,4440.0,4405.0,4395.0,118700.0
2022-05-28,4465.0,4470.0,4325.0,4385.0,4129.81298828125,105500.0,4515.5,4544.4,4557.2,4729.775,36.69724770642201,4492.5,-5.199999999999818,-25.400000000000546,-0.072938689217759,4790.0,4470.0,4385.0,4465.0,105500.0
2022-05-29,4465.0,4470.0,4325.0,4385.0,4129.81298828125,105500.0,4508.5,4533.4,4554.066666666667,4725.05,36.69724770642201,4488.0,-7.733333333333576,-25.14999999999964,-0.0670212765957446,4790.0,4470.0,4385.0,4465.0,105500.0
2022-05-30,4455.0,4615.0,4455.0,4575.0,4308.75634765625,233800.0,4513.5,4530.0,4553.666666666667,4721.075,41.52542372881357,4487.3,-7.266666666666424,-23.675000000000185,-0.0097402597402597,4790.0,4470.0,4385.0,4465.0,105500.0
2022-05-31,4600.0,4745.0,4545.0,4715.0,4440.60791015625,392600.0,4509.75,4532.2,4553.2,4717.2,53.47222222222222,4489.2,-6.933333333333394,-22.125,0.0227765726681128,4715.0,4615.0,4575.0,4455.0,233800.0
2022-06-01,4685.0,4695.0,4620.0,4655.0,4384.10009765625,115600.0,4510.25,4532.0,4551.666666666667,4713.025,66.95652173913044,4497.3,-7.399999999999636,-21.575000000000728,0.0097613882863341,4715.0,4745.0,4715.0,4600.0,392600.0
2022-06-02,4660.0,4680.0,4550.0,4625.0,4355.84619140625,95100.0,4515.0,4530.6,4549.733333333334,4708.7,64.16666666666666,4502.3,-7.466666666666242,-21.07499999999981,0.0032537960954446,4715.0,4695.0,4655.0,4685.0,115600.0
2022-06-03,4655.0,4690.0,4605.0,4640.0,4369.9736328125,122100.0,4520.5,4535.2,4548.0,4704.45,63.24786324786325,4511.3,-6.066666666666606,-20.600000000000364,-0.0190274841437632,4715.0,4680.0,4625.0,4660.0,95100.0
2022-06-04,4655.0,4690.0,4605.0,4640.0,4369.9736328125,122100.0,4526.0,4541.8,4546.266666666666,4700.55,63.24786324786325,4520.8,-7.400000000000546,-20.52499999999964,-0.0313152400835072,4715.0,4690.0,4640.0,4655.0,122100.0
2022-06-05,4655.0,4690.0,4605.0,4640.0,4369.9736328125,122100.0,4524.25,4535.8,4544.933333333333,4697.25,63.24786324786325,4530.3,-8.266666666666424,-19.94999999999981,0.0728323699421964,4715.0,4690.0,4640.0,4655.0,122100.0
2022-06-06,4615.0,4615.0,4525.0,4565.0,4299.33740234375,93200.0,4519.25,4532.6,4541.6,4693.375,54.6875,4538.3,-10.066666666666606,-19.64999999999964,0.0281531531531531,4715.0,4690.0,4640.0,4655.0,122100.0
2022-06-07,4575.0,4645.0,4560.0,4595.0,4327.5927734375,84900.0,4526.0,4535.2,4537.866666666667,4689.9,57.57575757575758,4547.3,-11.866666666666788,-18.800000000000185,-0.0032537960954447,4715.0,4615.0,4565.0,4615.0,93200.0
2022-06-08,4945.0,5070.0,4795.0,4875.0,4591.296875,351700.0,4547.0,4549.0,4539.533333333334,4687.825,78.10650887573965,4559.1,-8.466666666666242,-16.625,0.0574837310195228,4875.0,4645.0,4595.0,4575.0,84900.0
2022-06-09,4805.0,4855.0,4750.0,4790.0,4511.244140625,121800.0,4562.25,4559.4,4540.066666666667,4685.325,70.8108108108108,4569.2,-6.199999999999818,-15.225000000000364,0.0390455531453362,4875.0,5070.0,4875.0,4945.0,351700.0
2022-06-10,4725.0,4875.0,4685.0,4820.0,4539.49755859375,159100.0,4579.0,4565.2,4541.0,4683.375,73.2620320855615,4576.5,-3.933333333333394,-13.875,0.0432900432900433,4875.0,4855.0,4790.0,4805.0,121800.0
2022-06-11,4725.0,4875.0,4685.0,4820.0,4539.49755859375,159100.0,4595.75,4571.4,4543.2,4681.425,73.2620320855615,4585.2,1.5999999999994543,-11.949999999999818,0.1341176470588234,4875.0,4875.0,4820.0,4725.0,159100.0
2022-06-12,4725.0,4875.0,4685.0,4820.0,4539.49755859375,159100.0,4611.5,4585.8,4544.4,4679.275,73.2620320855615,4593.9,6.533333333332848,-10.625,0.1017142857142856,4875.0,4875.0,4820.0,4725.0,159100.0
2022-06-13,4760.0,4795.0,4605.0,4705.0,4431.1904296875,120400.0,4622.0,4595.8,4544.466666666666,4676.3,57.55813953488372,4600.3,4.9333333333324845,-11.524999999999636,0.1229116945107398,4875.0,4875.0,4820.0,4725.0,159100.0
2022-06-14,4635.0,4765.0,4575.0,4595.0,4327.5927734375,147700.0,4631.75,4600.2,4544.133333333333,4673.575,42.7710843373494,4604.0,4.066666666666606,-11.75,0.1032412965186073,4875.0,4795.0,4705.0,4760.0,120400.0
2022-06-15,4525.0,4540.0,4395.0,4410.0,4153.3583984375,177400.0,4632.0,4597.2,4541.466666666666,4669.925,37.17277486910995,4602.2,0.4666666666662422,-13.449999999999818,0.0588235294117647,4875.0,4765.0,4595.0,4635.0,147700.0
2022-06-16,4520.0,4545.0,4430.0,4455.0,4195.7392578125,106400.0,4635.5,4596.0,4539.4,4666.5,41.23711340206185,4600.7,-3.800000000000182,-14.925000000000182,0.0696278511404562,4875.0,4540.0,4410.0,4525.0,177400.0
2022-06-17,4360.0,4415.0,4150.0,4150.0,3908.48876953125,455200.0,4623.75,4581.8,4533.266666666666,4662.0,30.55555555555556,4589.8,-11.133333333333212,-17.274999999999636,0.0012062726176116,4875.0,4545.0,4455.0,4520.0,106400.0
2022-06-18,4360.0,4415.0,4150.0,4150.0,3908.48876953125,455200.0,4612.0,4568.0,4525.533333333334,4656.95,30.55555555555556,4578.9,-18.933333333332484,-19.350000000000364,-0.0315052508751458,4875.0,4415.0,4150.0,4360.0,455200.0
2022-06-19,4360.0,4415.0,4150.0,4150.0,3908.48876953125,455200.0,4590.75,4558.0,4517.0,4651.95,30.55555555555556,4568.0,-27.13333333333321,-21.625,-0.0315052508751458,4875.0,4415.0,4150.0,4360.0,455200.0
2022-06-20,4175.0,4210.0,4090.0,4140.0,3899.07080078125,194300.0,4562.0,4547.4,4514.533333333334,4646.75,32.21757322175732,4556.9,-26.933333333332484,-23.175000000000185,-0.0707070707070707,4875.0,4415.0,4150.0,4360.0,455200.0
2022-06-21,4210.0,4310.0,4195.0,4245.0,3997.9599609375,124700.0,4541.5,4541.8,4511.933333333333,4640.725,36.22047244094488,4548.6,-27.46666666666624,-25.77499999999964,-0.0319270239452679,4875.0,4210.0,4140.0,4175.0,194300.0
2022-06-22,4280.0,4280.0,4130.0,4145.0,3903.7802734375,156000.0,4517.5,4532.2,4505.733333333334,4634.2,16.513761467889907,4538.3,-27.53333333333285,-27.800000000000185,-0.0547320410490307,4875.0,4310.0,4245.0,4210.0,124700.0
2022-06-23,4165.0,4310.0,4165.0,4195.0,3950.869873046875,97000.0,4495.25,4524.6,4500.2,4627.925,21.80094786729857,4529.0,-25.33333333333394,-29.02499999999964,-0.0433295324971493,4875.0,4280.0,4145.0,4280.0,156000.0
2022-06-24,4250.0,4305.0,4230.0,4295.0,4045.051025390625,93400.0,4478.0,4513.4,4496.0,4623.2,26.666666666666657,4521.7,-21.0,-28.75,-0.0260770975056688,4875.0,4310.0,4195.0,4165.0,97000.0
2022-06-25,4250.0,4305.0,4230.0,4295.0,4045.051025390625,93400.0,4460.75,4496.6,4491.666666666667,4617.775,26.666666666666657,4514.4,-22.866666666666788,-28.975000000000364,-0.0455555555555555,4875.0,4305.0,4295.0,4250.0,93400.0
2022-06-26,4250.0,4305.0,4230.0,4295.0,4045.051025390625,93400.0,4447.25,4482.2,4492.266666666666,4612.6,26.666666666666657,4507.1,-19.66666666666697,-28.125,-0.0518763796909492,4875.0,4305.0,4295.0,4250.0,93400.0
2022-06-27,4335.0,4345.0,4280.0,4335.0,4082.722412109375,72400.0,4434.25,4470.6,4491.733333333334,4608.275,32.38095238095238,4500.6,-14.0,-25.925000000000185,-0.0766773162939297,4875.0,4305.0,4295.0,4250.0,93400.0
2022-06-28,4335.0,4335.0,4230.0,4290.0,4040.34130859375,177700.0,4405.0,4456.6,4493.066666666667,4604.175,34.517766497461935,4495.9,-7.133333333333212,-23.75,-0.0862619808306709,4820.0,4345.0,4335.0,4335.0,72400.0
2022-06-29,4240.0,4330.0,4180.0,4290.0,4040.34130859375,269600.0,4380.0,4442.6,4494.733333333334,4600.075,42.50000000000001,4492.2,-1.266666666666424,-23.125,-0.0862619808306709,4820.0,4335.0,4290.0,4335.0,177700.0
2022-06-30,4295.0,4315.0,4225.0,4240.0,3993.251708984375,136400.0,4351.0,4426.6,4495.733333333334,4595.725,36.64596273291926,4481.2,4.066666666666606,-22.049999999999272,-0.0969116080937166,4820.0,4330.0,4290.0,4240.0,269600.0
2022-07-01,3870.0,3900.0,3540.0,3560.0,3352.82421875,647800.0,4288.0,4386.4,4487.666666666667,4588.175,25.00000000000001,4459.5,-4.599999999999454,-24.425000000000185,-0.2360515021459227,4820.0,4315.0,4240.0,4295.0,136400.0
2022-07-02,3870.0,3900.0,3540.0,3560.0,3352.82421875,647800.0,4225.0,4345.0,4479.866666666667,4580.925,25.00000000000001,4440.1,-11.866666666666788,-27.34999999999945,-0.2360515021459227,4705.0,3900.0,3560.0,3870.0,647800.0
2022-07-03,3870.0,3900.0,3540.0,3560.0,3352.82421875,647800.0,4167.75,4292.4,4470.2,4573.225,25.00000000000001,4420.7,-22.866666666666788,-30.94999999999981,-0.2360515021459227,4595.0,3900.0,3560.0,3870.0,647800.0
2022-07-04,3560.0,3710.0,3560.0,3685.0,3470.5498046875,289200.0,4122.25,4248.2,4462.2,4565.9,32.432432432432435,4403.8,-32.53333333333376,-34.17500000000018,-0.2092274678111587,4455.0,3900.0,3560.0,3870.0,647800.0
2022-07-05,3640.0,3785.0,3635.0,3685.0,3470.5498046875,183500.0,4086.0,4202.8,4451.933333333333,4559.4,26.47058823529412,4384.0,-43.80000000000018,-36.32500000000073,-0.2092274678111587,4455.0,3710.0,3685.0,3560.0,289200.0
2022-07-06,3640.0,3645.0,3560.0,3620.0,3409.33251953125,143900.0,4044.25,4154.8,4441.733333333334,4552.575,27.272727272727263,4363.1,-45.933333333333394,-35.600000000000364,-0.223175965665236,4335.0,3785.0,3685.0,3640.0,183500.0
2022-07-07,3645.0,3715.0,3625.0,3655.0,3442.295654296875,130300.0,4019.5,4108.2,4432.0,4545.925,26.31578947368422,4347.0,-47.86666666666679,-35.0,-0.2156652360515021,4335.0,3645.0,3620.0,3640.0,143900.0
2022-07-08,3750.0,3825.0,3720.0,3730.0,3512.93115234375,172900.0,3998.5,4069.2,4423.266666666666,4540.25,24.66367713004485,4332.5,-46.933333333333394,-32.975000000000364,-0.1756906077348066,4335.0,3715.0,3655.0,3645.0,130300.0
2022-07-09,3750.0,3825.0,3720.0,3730.0,3512.93115234375,172900.0,3977.5,4034.6,4414.2,4533.55,24.66367713004485,4317.4,-48.0,-32.349999999999454,-0.1664804469273743,4335.0,3825.0,3730.0,3750.0,172900.0
2022-07-10,3750.0,3825.0,3720.0,3730.0,3512.93115234375,172900.0,3957.0,4007.4,4403.933333333333,4526.8,24.66367713004485,4302.3,-48.0,-32.599999999999454,-0.2212943632567849,4335.0,3825.0,3730.0,3750.0,172900.0
2022-07-11,3775.0,3830.0,3770.0,3805.0,3583.56640625,128400.0,3935.0,3981.4,4394.266666666666,4520.325,26.95652173913044,4288.7,-47.46666666666715,-32.25,-0.1808396124865446,4335.0,3825.0,3730.0,3750.0,172900.0
2022-07-12,3800.0,3800.0,3650.0,3680.0,3465.841064453125,116100.0,3911.75,3962.6,4380.733333333334,4513.075,25.203252032520325,4272.2,-51.26666666666642,-32.850000000000364,-0.1876379690949227,4335.0,3830.0,3805.0,3775.0,128400.0
2022-07-13,3610.0,3650.0,3555.0,3620.0,3409.33251953125,243100.0,3883.0,3941.4,4366.4,4505.525,24.03100775193799,4254.7,-56.86666666666679,-34.725000000000364,-0.2008830022075055,4335.0,3800.0,3680.0,3800.0,116100.0
2022-07-14,3675.0,3740.0,3635.0,3700.0,3484.6767578125,114500.0,3853.25,3923.4,4353.133333333333,4498.375,29.545454545454547,4240.7,-61.066666666666606,-35.17500000000018,-0.1832229580573952,4335.0,3650.0,3620.0,3610.0,243100.0
2022-07-15,3695.0,3715.0,3645.0,3670.0,3456.4228515625,115600.0,3822.0,3904.6,4339.466666666666,4491.525,58.208955223880594,4226.0,-64.46666666666715,-35.275000000000546,-0.2149732620320855,4335.0,3740.0,3700.0,3675.0,114500.0
2022-07-16,3695.0,3715.0,3645.0,3670.0,3456.4228515625,115600.0,3790.75,3881.6,4326.266666666666,4484.225,58.208955223880594,4211.7,-68.0,-36.099999999999454,-0.2132904608788853,4335.0,3715.0,3670.0,3695.0,115600.0
2022-07-17,3695.0,3715.0,3645.0,3670.0,3456.4228515625,115600.0,3757.5,3862.6,4313.066666666667,4477.025,58.208955223880594,4197.4,-67.66666666666697,-36.05000000000018,-0.1771300448430492,4290.0,3715.0,3670.0,3695.0,115600.0
2022-07-18,3695.0,3715.0,3645.0,3670.0,3456.4228515625,115600.0,3726.5,3841.6,4299.866666666667,4469.825,48.62385321100918,4183.1,-66.53333333333285,-35.69999999999982,-0.1762065095398428,4290.0,3715.0,3670.0,3695.0,115600.0
2022-07-19,3685.0,3760.0,3660.0,3740.0,3522.34912109375,117800.0,3699.0,3819.4,4287.6,4462.975,54.47154471544715,4166.4,-65.53333333333285,-35.39999999999964,-0.1661092530657748,4240.0,3715.0,3670.0,3695.0,115600.0
2022-07-20,3820.0,3830.0,3790.0,3820.0,3597.693115234375,119300.0,3678.0,3800.4,4276.4,4456.525,65.87301587301587,4148.5,-63.066666666666606,-35.0,-0.1482720178372352,3820.0,3760.0,3740.0,3685.0,117800.0
2022-07-21,3830.0,3855.0,3765.0,3805.0,3583.56640625,218600.0,3690.25,3780.8,4265.0,4450.0,62.29508196721312,4131.5,-61.26666666666642,-34.225000000000364,-0.1516164994425863,3820.0,3830.0,3820.0,3820.0,119300.0
2022-07-22,3785.0,3860.0,3765.0,3830.0,3607.111572265625,303700.0,3703.75,3760.6,4253.933333333333,4443.6,58.92857142857143,4115.6,-59.13333333333321,-33.42499999999927,-0.1498335183129855,3830.0,3855.0,3805.0,3830.0,218600.0
2022-07-23,3785.0,3860.0,3765.0,3830.0,3607.111572265625,303700.0,3717.25,3742.2,4244.666666666667,4437.45,58.92857142857143,4099.4,-55.19999999999982,-32.375,-0.1479421579532814,3830.0,3860.0,3830.0,3785.0,303700.0
2022-07-24,3785.0,3860.0,3765.0,3830.0,3607.111572265625,303700.0,3724.5,3723.8,4236.066666666667,4432.35,58.92857142857143,4083.2,-51.53333333333376,-30.625,-0.1295454545454545,3830.0,3860.0,3830.0,3785.0,303700.0
2022-07-25,3830.0,3840.0,3775.0,3810.0,3588.275146484375,163600.0,3730.75,3706.6,4223.0,4429.025,50.495049504950494,4066.6,-53.39999999999964,-27.5,-0.1350737797956867,3830.0,3860.0,3830.0,3785.0,303700.0
2022-07-26,3820.0,3840.0,3760.0,3795.0,3574.148193359375,188100.0,3739.5,3716.0,4211.666666666667,4426.15,64.55696202531647,4051.2,-53.33333333333303,-23.850000000000364,-0.1345496009122007,3830.0,3840.0,3810.0,3830.0,163600.0
2022-07-27,3815.0,3825.0,3715.0,3810.0,3588.275146484375,128200.0,3747.25,3726.0,4202.066666666667,4423.35,77.14285714285714,4035.5,-51.86666666666679,-20.25,-0.1311288483466363,3830.0,3840.0,3795.0,3820.0,188100.0
2022-07-28,3850.0,3875.0,3755.0,3870.0,3644.783447265625,150400.0,3754.25,3738.4,4193.266666666666,4420.85,75.75757575757575,4015.4,-51.40000000000055,-16.599999999999454,-0.1174458380843785,3870.0,3825.0,3810.0,3815.0,128200.0
2022-07-29,3900.0,3950.0,3875.0,3935.0,3706.001220703125,154000.0,3764.5,3748.4,4185.333333333333,4418.675,86.3013698630137,3998.3,-50.733333333333576,-13.675000000000182,-0.1398907103825136,3935.0,3875.0,3870.0,3850.0,150400.0
2022-07-30,3900.0,3950.0,3875.0,3935.0,3706.001220703125,154000.0,3774.75,3758.4,4175.466666666666,4416.25,86.3013698630137,3980.6,-47.53333333333376,-12.774999999999636,-0.1654294803817603,3935.0,3950.0,3935.0,3900.0,154000.0
2022-07-31,3900.0,3950.0,3875.0,3935.0,3706.001220703125,154000.0,3781.25,3771.0,4165.733333333334,4412.95,86.3013698630137,3962.9,-45.933333333333394,-13.199999999999818,-0.1546723952738991,3935.0,3950.0,3935.0,3900.0,154000.0
2022-08-01,3935.0,4040.0,3915.0,4035.0,3800.181884765625,117700.0,3799.0,3786.2,4160.066666666667,4410.325,89.24731182795699,3947.2,-42.0,-13.025000000000546,-0.1275675675675676,4035.0,3950.0,3935.0,3900.0,154000.0
2022-08-02,3990.0,4005.0,3905.0,3950.0,3720.1279296875,134300.0,3815.5,3795.0,4153.333333333333,4408.025,71.875,3932.1,-39.933333333333394,-12.825000000000728,-0.1487068965517241,4035.0,4040.0,4035.0,3935.0,117700.0
2022-08-03,3985.0,3985.0,3855.0,3920.0,3691.873779296875,113700.0,3826.5,3802.6,4145.8,4405.575,61.62790697674418,3918.6,-39.53333333333285,-13.100000000000364,-0.1551724137931034,4035.0,4005.0,3950.0,3990.0,134300.0
2022-08-04,3985.0,4045.0,3960.0,4010.0,3776.636474609375,137400.0,3843.5,3813.8,4139.466666666666,4403.575,70.29702970297029,3910.6,-36.0,-12.675000000000182,-0.1357758620689655,4035.0,3985.0,3920.0,3985.0,113700.0
2022-08-05,3975.0,4025.0,3945.0,4000.0,3767.218017578125,117200.0,3860.0,3821.6,4133.0,4401.525,67.34693877551021,3901.5,-32.733333333333576,-11.425000000000182,-0.1237677984665936,4035.0,4045.0,4010.0,3985.0,137400.0
2022-08-06,3975.0,4025.0,3945.0,4000.0,3767.218017578125,117200.0,3876.5,3834.4,4126.266666666666,4399.725,67.34693877551021,3898.5,-33.80000000000018,-10.599999999999454,-0.1294885745375408,4035.0,4025.0,4000.0,3975.0,117200.0
2022-08-07,3975.0,4025.0,3945.0,4000.0,3767.218017578125,117200.0,3893.0,3849.6,4119.666666666667,4397.625,67.34693877551021,3895.5,-33.66666666666606,-10.399999999999636,-0.1794871794871795,4035.0,4025.0,4000.0,3975.0,117200.0
2022-08-08,3970.0,4010.0,3895.0,3995.0,3762.509033203125,57200.0,3905.75,3861.4,4114.266666666666,4394.225,69.47368421052632,3892.4,-31.53333333333376,-11.349999999999454,-0.1659707724425887,4035.0,4025.0,4000.0,3975.0,117200.0
2022-08-09,3985.0,4020.0,3925.0,3930.0,3701.2919921875,87800.0,3911.25,3871.8,4107.933333333333,4390.625,62.85714285714286,3888.2,-31.53333333333285,-12.949999999999818,-0.1846473029045643,4035.0,4010.0,3995.0,3970.0,57200.0
2022-08-10,3930.0,3940.0,3870.0,3925.0,3696.5830078125,77800.0,3917.25,3882.0,4101.8,4387.0,61.16504854368932,3881.8,-31.19999999999981,-14.524999999999636,-0.1856846473029045,4035.0,4020.0,3930.0,3985.0,87800.0
2022-08-11,3930.0,3940.0,3870.0,3925.0,3696.5830078125,77800.0,3922.0,3892.2,4095.6666666666665,4383.375,56.04395604395605,3877.4,-30.59999999999991,-16.350000000000364,-0.1856846473029045,4035.0,3940.0,3925.0,3930.0,77800.0
2022-08-12,4050.0,4075.0,4005.0,4025.0,3790.763427734375,94500.0,3931.75,3906.4,4090.866666666667,4380.375,59.18367346938776,3874.0,-28.800000000000185,-17.25,-0.1445270988310307,4035.0,3940.0,3925.0,3930.0,77800.0
2022-08-13,4050.0,4075.0,4005.0,4025.0,3790.763427734375,94500.0,3941.5,3917.8,4083.533333333333,4377.7,59.18367346938776,3868.6,-30.73333333333312,-16.525000000000546,-0.1240478781284004,4035.0,4075.0,4025.0,4050.0,94500.0
2022-08-14,4050.0,4075.0,4005.0,4025.0,3790.763427734375,94500.0,3952.25,3926.0,4074.3333333333335,4375.1,59.18367346938776,3863.2,-33.59999999999991,-15.524999999999636,-0.0873015873015873,4035.0,4075.0,4025.0,4050.0,94500.0
2022-08-15,4085.0,4085.0,4005.0,4055.0,3819.017333984375,38400.0,3965.25,3936.0,4066.3333333333335,4373.575,52.38095238095237,3858.4,-35.4666666666667,-13.425000000000182,-0.0897867564534231,4055.0,4075.0,4025.0,4050.0,94500.0
2022-08-16,4090.0,4140.0,4040.0,4100.0,3861.3984375,48000.0,3979.75,3946.8,4059.3333333333335,4372.0,69.73684210526315,3853.7,-36.33333333333303,-11.375,-0.0120481927710843,4100.0,4085.0,4055.0,4085.0,38400.0
2022-08-17,4170.0,4170.0,4090.0,4130.0,3889.65283203125,58400.0,3992.75,3958.8,4052.533333333333,4370.575,77.63157894736842,3850.5,-38.333333333333485,-9.800000000000182,-0.0048192771084337,4130.0,4140.0,4100.0,4090.0,48000.0
2022-08-18,4085.0,4145.0,4060.0,4130.0,3889.65283203125,41500.0,4002.5,3970.8,4045.733333333333,4369.15,70.6896551724138,3847.3,-37.80000000000018,-8.550000000000182,-0.0048192771084337,4130.0,4170.0,4130.0,4170.0,58400.0
2022-08-19,4150.0,4185.0,4125.0,4160.0,3917.90673828125,41800.0,4013.75,3984.8,4039.3333333333335,4367.175,75.80645161290323,3845.7,-35.0,-7.925000000000182,0.0048309178743961,4160.0,4145.0,4130.0,4085.0,41500.0
2022-08-20,4150.0,4185.0,4125.0,4160.0,3917.90673828125,41800.0,4025.0,3999.4,4033.933333333333,4365.575,75.80645161290323,3857.7,-32.40000000000009,-8.0,-0.0200235571260306,4160.0,4185.0,4160.0,4150.0,41800.0
2022-08-21,4150.0,4185.0,4125.0,4160.0,3917.90673828125,41800.0,4031.25,4013.4,4028.133333333333,4362.5,75.80645161290323,3869.7,-31.20000000000028,-9.5,0.0036188178528346,4160.0,4185.0,4160.0,4150.0,41800.0
2022-08-22,4090.0,4200.0,4090.0,4190.0,3946.1611328125,67300.0,4043.25,4026.2,4019.0,4359.5,79.1044776119403,3882.3,-33.5333333333333,-11.074999999999818,-0.00119189511323,4190.0,4185.0,4160.0,4150.0,41800.0
2022-08-23,4150.0,4180.0,4135.0,4140.0,3899.07080078125,63700.0,4054.25,4034.4,4010.3333333333335,4356.025,82.8125,3891.4,-35.39999999999964,-13.125,-0.0360884749708964,4190.0,4200.0,4190.0,4090.0,67300.0
2022-08-24,4140.0,4170.0,4095.0,4145.0,3903.7802734375,61200.0,4061.0,4042.8,4001.3333333333335,4352.575,84.375,3900.6,-38.0,-14.600000000000364,-0.0349243306169965,4190.0,4180.0,4140.0,4150.0,63700.0
2022-08-25,4155.0,4250.0,4115.0,4250.0,4002.66943359375,63100.0,4073.5,4055.4,3993.733333333333,4349.65,88.23529411764706,3913.2,-40.20000000000027,-15.925000000000182,-0.0104772991850989,4250.0,4170.0,4145.0,4140.0,61200.0
2022-08-26,4310.0,4325.0,4195.0,4210.0,3964.9970703125,95800.0,4084.0,4062.4,3985.6,4346.225,75.34246575342465,3924.3,-42.5333333333333,-16.274999999999636,-0.0288350634371395,4250.0,4250.0,4250.0,4155.0,63100.0
2022-08-27,4310.0,4325.0,4195.0,4210.0,3964.9970703125,95800.0,4094.5,4072.8,3979.0,4343.65,75.34246575342465,3933.9,-40.0,-15.850000000000364,-0.0186480186480186,4250.0,4325.0,4210.0,4310.0,95800.0
2022-08-28,4310.0,4325.0,4195.0,4210.0,3964.9970703125,95800.0,4105.25,4084.4,3973.866666666667,4340.925,75.34246575342465,3943.5,-36.4666666666667,-15.099999999999454,-0.0186480186480186,4250.0,4325.0,4210.0,4310.0,95800.0
2022-08-29,4070.0,4165.0,4070.0,4150.0,3908.48876953125,74400.0,4116.25,4090.0,3970.4,4338.125,62.025316455696206,3951.9,-30.9333333333334,-14.449999999999818,-0.0212264150943396,4250.0,4325.0,4210.0,4310.0,95800.0
2022-08-30,4135.0,4185.0,4110.0,4170.0,3955.922119140625,56000.0,4128.5,4096.8,3966.6,4335.425,59.45945945945946,3959.2,-27.13333333333321,-14.224999999999454,0.1713483146067416,4250.0,4165.0,4150.0,4070.0,74400.0
2022-08-31,4125.0,4235.0,4125.0,4200.0,3984.3818359375,100600.0,4142.25,4104.8,3967.266666666667,4332.875,59.45945945945946,3969.6,-18.33333333333303,-13.350000000000364,0.1797752808988764,4250.0,4185.0,4170.0,4135.0,56000.0
2022-09-01,4155.0,4170.0,4120.0,4125.0,3913.232421875,62300.0,4147.25,4109.8,3966.933333333333,4329.95,49.43820224719101,3979.7,-12.066666666666606,-13.699999999999818,0.1587078651685394,4250.0,4235.0,4200.0,4125.0,100600.0
2022-09-02,4150.0,4180.0,4125.0,4150.0,3936.948974609375,81500.0,4153.5,4116.0,3966.933333333333,4327.325,48.86363636363636,3988.7,-6.933333333333394,-13.600000000000364,0.1261872455902306,4250.0,4170.0,4125.0,4155.0,62300.0
2022-09-03,4150.0,4180.0,4125.0,4150.0,3936.948974609375,81500.0,4159.75,4124.8,3967.0666666666666,4325.475,48.86363636363636,3998.3,-3.333333333333485,-12.649999999999636,0.1261872455902306,4250.0,4180.0,4150.0,4150.0,81500.0
2022-09-04,4150.0,4180.0,4125.0,4150.0,3936.948974609375,81500.0,4164.5,4133.8,3965.8,4323.925,48.86363636363636,4007.9,-0.7999999999997272,-11.5,0.1464088397790055,4250.0,4180.0,4150.0,4150.0,81500.0
2022-09-05,4115.0,4190.0,4100.0,4165.0,3951.178466796875,79800.0,4167.75,4143.4,3966.0666666666666,4322.775,47.05882352941176,4017.8,-1.2000000000002728,-10.100000000000364,0.1395348837209302,4250.0,4180.0,4150.0,4150.0,81500.0
2022-09-06,4170.0,4210.0,4135.0,4185.0,3970.152099609375,70200.0,4170.5,4149.8,3965.933333333333,4321.725,55.69620253164557,4028.1,-1.0,-8.224999999999454,0.1219839142091152,4250.0,4190.0,4165.0,4115.0,79800.0
2022-09-07,4200.0,4245.0,4105.0,4155.0,3941.692138671875,158400.0,4171.75,4155.0,3964.0666666666666,4320.525,51.19047619047619,4036.4,-2.866666666666788,-6.800000000000182,0.113941018766756,4250.0,4210.0,4185.0,4170.0,70200.0
2022-09-08,4245.0,4280.0,4220.0,4265.0,4046.044677734375,109600.0,4177.0,4164.6,3963.6666666666665,4319.875,51.76470588235294,4045.3,-3.400000000000091,-5.600000000000364,0.1434316353887399,4265.0,4245.0,4155.0,4200.0,158400.0
2022-09-09,4315.0,4400.0,4315.0,4395.0,4169.37109375,146000.0,4188.75,4178.2,3965.0,4319.75,67.96116504854369,4057.1,-0.8000000000001819,-4.175000000000182,0.1550591327201051,4395.0,4280.0,4265.0,4245.0,109600.0
2022-09-10,4315.0,4400.0,4315.0,4395.0,4169.37109375,146000.0,4200.5,4190.0,3965.8,4319.7,67.96116504854369,4068.4,-0.2666666666664241,-3.074999999999818,0.1942934782608696,4395.0,4400.0,4395.0,4315.0,146000.0
2022-09-11,4315.0,4400.0,4315.0,4395.0,4169.37109375,146000.0,4210.75,4200.6,3967.2,4319.65,67.96116504854369,4079.7,1.266666666666424,-2.075000000000728,0.2140883977900551,4395.0,4400.0,4395.0,4315.0,146000.0
2022-09-12,4450.0,4500.0,4400.0,4485.0,4254.7509765625,143200.0,4228.0,4214.8,3969.8,4319.375,80.73394495412845,4092.8,5.733333333333576,-1.1499999999996362,0.2121621621621621,4485.0,4400.0,4395.0,4315.0,146000.0
2022-09-13,4500.0,4545.0,4430.0,4545.0,4311.669921875,132400.0,4248.0,4230.2,3973.866666666667,4319.225,82.05128205128204,4107.5,10.200000000000273,-0.6499999999996362,0.2384196185286102,4545.0,4500.0,4485.0,4450.0,143200.0
2022-09-14,4490.0,4580.0,4455.0,4545.0,4311.669921875,167900.0,4262.75,4245.6,3987.0,4319.075,81.08108108108108,4122.5,22.0,-0.6750000000001819,0.2384196185286102,4545.0,4545.0,4545.0,4500.0,132400.0
2022-09-15,4475.0,4485.0,4335.0,4375.0,4150.3974609375,191900.0,4271.0,4254.2,3997.866666666667,4318.075,69.23076923076923,4133.8,32.066666666666606,-1.625,0.1920980926430517,4545.0,4580.0,4545.0,4490.0,167900.0
2022-09-16,4365.0,4435.0,4350.0,4410.0,4183.60107421875,156000.0,4281.0,4263.0,4009.2,4316.775,69.69696969696969,4144.6,42.0,-2.875,0.2016348773841962,4545.0,4485.0,4375.0,4475.0,191900.0
2022-09-17,4365.0,4435.0,4350.0,4410.0,4183.60107421875,156000.0,4291.0,4273.8,4018.866666666667,4315.6,69.69696969696969,4154.1,49.066666666666606,-3.774999999999636,0.179144385026738,4545.0,4435.0,4410.0,4365.0,156000.0
2022-09-18,4365.0,4435.0,4350.0,4410.0,4183.60107421875,156000.0,4304.0,4284.4,4028.533333333333,4314.975,69.69696969696969,4163.6,54.66666666666652,-4.25,0.1544502617801046,4545.0,4435.0,4410.0,4365.0,156000.0
2022-09-19,4365.0,4435.0,4350.0,4410.0,4183.60107421875,156000.0,4316.0,4290.8,4039.0666666666666,4314.075,68.9922480620155,4173.1,52.066666666666606,-5.0,0.1590013140604467,4545.0,4435.0,4410.0,4365.0,156000.0
2022-09-20,4455.0,4530.0,4455.0,4495.0,4264.2373046875,105800.0,4330.75,4302.2,4050.266666666667,4314.175,71.83098591549296,4182.3,52.40000000000009,-3.899999999999636,0.1736292428198433,4545.0,4435.0,4410.0,4365.0,156000.0
2022-09-21,4425.0,4485.0,4425.0,4455.0,4226.29052734375,84600.0,4347.25,4312.0,4059.933333333333,4314.075,70.83333333333334,4192.4,50.733333333333576,-2.699999999999818,0.1631853785900783,4545.0,4530.0,4495.0,4455.0,105800.0
2022-09-22,4440.0,4450.0,4350.0,4445.0,4216.8037109375,106700.0,4362.0,4321.4,4069.466666666666,4313.925,64.51612903225806,4202.9,50.59999999999991,-1.675000000000182,0.1605744125326371,4545.0,4485.0,4455.0,4425.0,84600.0
2022-09-23,4440.0,4450.0,4350.0,4445.0,4216.8037109375,106700.0,4376.75,4333.2,4079.0,4314.575,55.102040816326536,4211.6,50.4666666666667,-0.4000000000005457,0.1666666666666667,4545.0,4450.0,4445.0,4440.0,106700.0
2022-09-24,4440.0,4450.0,4350.0,4445.0,4216.8037109375,106700.0,4391.5,4344.2,4087.533333333333,4315.025,55.102040816326536,4220.5,48.4666666666667,0.949999999999818,0.1712779973649538,4545.0,4450.0,4445.0,4440.0,106700.0
2022-09-25,4440.0,4450.0,4350.0,4445.0,4216.8037109375,106700.0,4405.5,4354.0,4097.733333333334,4315.6,55.102040816326536,4229.4,47.4666666666667,1.425000000000182,0.1666666666666667,4545.0,4450.0,4445.0,4440.0,106700.0
2022-09-26,4400.0,4410.0,4370.0,4385.0,4159.88427734375,156700.0,4415.5,4364.4,4107.933333333333,4314.825,39.130434782608695,4237.1,48.0,0.75,0.1330749354005167,4545.0,4450.0,4445.0,4440.0,106700.0
2022-09-27,4405.0,4440.0,4385.0,4420.0,4193.08740234375,120300.0,4428.75,4375.2,4117.533333333334,4314.6,35.632183908045974,4245.6,48.06666666666706,0.6750000000001819,0.1232528589580685,4545.0,4410.0,4385.0,4400.0,156700.0
2022-09-28,4405.0,4435.0,4380.0,4415.0,4188.3447265625,176900.0,4436.25,4385.8,4127.466666666666,4314.35,35.22727272727272,4255.3,48.46666666666624,-0.2249999999994543,0.121982210927573,4545.0,4440.0,4420.0,4405.0,120300.0
2022-09-29,4455.0,4595.0,4455.0,4570.0,4335.38671875,190700.0,4445.0,4402.6,4139.466666666666,4314.875,72.94117647058823,4268.2,51.93333333333294,-0.1499999999996362,0.1613722998729352,4570.0,4435.0,4415.0,4405.0,176900.0
2022-09-30,4455.0,4510.0,4390.0,4460.0,4231.0341796875,208700.0,4448.25,4414.4,4150.0,4314.55,55.0,4278.9,52.26666666666642,-1.050000000000182,0.1053283767038413,4570.0,4595.0,4570.0,4455.0,190700.0
2022-10-01,4455.0,4510.0,4390.0,4460.0,4231.0341796875,208700.0,4451.5,4425.4,4160.533333333334,4313.75,55.0,4287.6,52.60000000000037,-1.074999999999818,0.1291139240506329,4570.0,4510.0,4460.0,4455.0,208700.0
2022-10-02,4455.0,4510.0,4390.0,4460.0,4231.0341796875,208700.0,4450.25,4437.6,4170.133333333333,4313.025,55.0,4296.3,52.599999999999454,-1.5750000000007276,0.1377551020408163,4570.0,4510.0,4460.0,4455.0,208700.0
2022-10-03,4435.0,4435.0,4290.0,4330.0,4107.70751953125,161500.0,4439.5,4440.2,4176.933333333333,4310.925,43.650793650793645,4302.4,49.46666666666715,-3.425000000000182,0.0798004987531171,4570.0,4510.0,4460.0,4455.0,208700.0
2022-10-04,4050.0,4445.0,4030.0,4320.0,4098.220703125,523600.0,4428.25,4437.2,4183.8,4308.675,34.23423423423422,4307.7,44.33333333333394,-6.199999999999818,0.08,4570.0,4435.0,4330.0,4435.0,161500.0
2022-10-05,4410.0,4510.0,4320.0,4440.0,4212.06103515625,269000.0,4431.5,4439.0,4191.933333333333,4307.025,48.81889763779528,4314.5,41.933333333333394,-7.525000000000546,0.1100000000000001,4570.0,4445.0,4320.0,4050.0,523600.0
2022-10-06,4450.0,4490.0,4405.0,4440.0,4212.06103515625,178700.0,4433.0,4440.8,4200.066666666667,4305.375,49.6,4320.7,39.53333333333285,-8.375,0.1100000000000001,4570.0,4510.0,4440.0,4410.0,269000.0
2022-10-07,4370.0,4440.0,4325.0,4415.0,4188.3447265625,136800.0,4433.25,4438.0,4207.866666666667,4303.6,47.692307692307686,4326.4,37.733333333333576,-9.424999999999272,0.1051314142678347,4570.0,4490.0,4440.0,4450.0,178700.0
2022-10-08,4370.0,4440.0,4325.0,4415.0,4188.3447265625,136800.0,4433.5,4432.8,4215.933333333333,4301.975,47.692307692307686,4331.5,39.0,-8.949999999999818,0.1234096692111959,4570.0,4440.0,4415.0,4370.0,136800.0
2022-10-09,4370.0,4440.0,4325.0,4415.0,4188.3447265625,136800.0,4433.75,4427.6,4224.2,4299.975,47.692307692307686,4336.6,40.39999999999964,-8.699999999999818,0.1248407643312101,4570.0,4440.0,4415.0,4370.0,136800.0
2022-10-10,4370.0,4440.0,4325.0,4415.0,4188.3447265625,136800.0,4429.75,4429.2,4232.266666666666,4297.675,52.54237288135593,4341.7,40.33333333333303,-9.349999999999454,0.1248407643312101,4570.0,4440.0,4415.0,4370.0,136800.0
2022-10-11,4350.0,4370.0,4210.0,4275.0,4055.53125,202300.0,4420.75,4423.8,4237.666666666667,4295.3,39.568345323741006,4343.4,37.60000000000037,-10.074999999999818,0.0621118012422359,4570.0,4440.0,4415.0,4370.0,136800.0
2022-10-12,4205.0,4300.0,4200.0,4290.0,4069.760986328125,122400.0,4413.0,4419.0,4242.4,4293.0,41.13475177304964,4346.4,34.53333333333285,-10.600000000000364,0.0658385093167701,4570.0,4370.0,4275.0,4350.0,202300.0
2022-10-13,4340.0,4360.0,4210.0,4245.0,4027.0712890625,133700.0,4403.0,4412.4,4246.533333333334,4290.475,22.689075630252105,4348.4,30.600000000000364,-11.5,0.0546583850931676,4570.0,4300.0,4290.0,4205.0,122400.0
2022-10-14,4315.0,4365.0,4265.0,4335.0,4112.45068359375,129700.0,4397.5,4409.4,4251.866666666667,4288.875,39.130434782608695,4350.1,27.66666666666697,-11.100000000000364,0.0690505548705302,4570.0,4360.0,4245.0,4340.0,133700.0
2022-10-15,4315.0,4365.0,4265.0,4335.0,4112.45068359375,129700.0,4392.0,4403.0,4255.866666666667,4286.9,39.130434782608695,4352.6,23.600000000000364,-10.775000000000546,0.0573170731707317,4570.0,4365.0,4335.0,4315.0,129700.0
2022-10-16,4315.0,4365.0,4265.0,4335.0,4112.45068359375,129700.0,4389.5,4398.2,4261.0,4285.075,39.130434782608695,4355.1,23.33333333333303,-10.225000000000364,0.0496368038740919,4570.0,4365.0,4335.0,4315.0,129700.0
2022-10-17,4275.0,4365.0,4255.0,4350.0,4126.681640625,103900.0,4386.0,4394.4,4266.733333333334,4283.725,52.17391304347826,4357.9,24.33333333333394,-9.274999999999636,0.0532687651331718,4570.0,4365.0,4335.0,4315.0,129700.0
2022-10-18,4445.0,4445.0,4375.0,4415.0,4188.3447265625,77000.0,4386.0,4393.2,4272.133333333333,4282.75,59.22330097087379,4363.2,25.59999999999945,-7.725000000000364,0.0612980769230768,4570.0,4365.0,4350.0,4275.0,103900.0
2022-10-19,4415.0,4470.0,4415.0,4445.0,4216.8037109375,62200.0,4379.75,4393.2,4278.066666666667,4281.925,50.588235294117645,4368.7,26.19999999999981,-6.949999999999818,0.0685096153846154,4460.0,4445.0,4415.0,4445.0,77000.0
2022-10-20,4405.0,4420.0,4340.0,4365.0,4140.9111328125,103500.0,4375.0,4390.0,4282.933333333333,4280.7,42.57425742574257,4372.0,27.06666666666661,-6.199999999999818,0.0492788461538462,4460.0,4470.0,4445.0,4415.0,62200.0
2022-10-21,4320.0,4410.0,4320.0,4380.0,4155.14111328125,65300.0,4371.0,4389.8,4288.0,4278.95,46.464646464646464,4377.1,27.0,-6.125,0.0453460620525059,4460.0,4420.0,4365.0,4405.0,103500.0
2022-10-22,4320.0,4410.0,4320.0,4380.0,4155.14111328125,65300.0,4367.0,4388.2,4293.133333333333,4276.9,46.464646464646464,4381.7,26.39999999999964,-6.825000000000728,0.0579710144927536,4445.0,4410.0,4380.0,4320.0,65300.0
2022-10-23,4320.0,4410.0,4320.0,4380.0,4155.14111328125,65300.0,4369.5,4386.8,4299.133333333333,4277.175,46.464646464646464,4386.3,27.0,-5.574999999999818,0.0566948130277442,4445.0,4410.0,4380.0,4320.0,65300.0
2022-10-24,4440.0,4475.0,4395.0,4470.0,4240.5205078125,101300.0,4377.0,4382.8,4306.4,4277.325,54.70085470085471,4392.7,28.33333333333303,-4.600000000000364,0.0517647058823529,4470.0,4410.0,4380.0,4320.0,65300.0
2022-10-25,4490.0,4505.0,4445.0,4505.0,4273.72412109375,89400.0,4380.25,4384.6,4314.133333333333,4276.8,73.95833333333333,4399.5,31.19999999999981,-3.899999999999636,0.0700712589073633,4505.0,4475.0,4470.0,4440.0,101300.0
2022-10-26,4540.0,4590.0,4495.0,4505.0,4273.72412109375,82600.0,4383.5,4386.4,4320.533333333334,4276.275,73.11827956989248,4405.9,32.53333333333376,-2.675000000000182,0.0700712589073633,4505.0,4505.0,4505.0,4490.0,89400.0
2022-10-27,4500.0,4520.0,4470.0,4500.0,4268.97998046875,100600.0,4387.75,4388.0,4326.866666666667,4275.725,80.0,4412.8,33.733333333333576,-1.1749999999992724,0.0688836104513064,4505.0,4590.0,4505.0,4540.0,82600.0
2022-10-28,4430.0,4585.0,4430.0,4530.0,4297.4404296875,344400.0,4393.5,4396.0,4333.6,4275.275,76.7123287671233,4418.1,34.46666666666715,-1.9000000000005457,0.0915662650602409,4530.0,4520.0,4500.0,4500.0,100600.0
2022-10-29,4430.0,4585.0,4430.0,4530.0,4297.4404296875,344400.0,4399.25,4404.4,4339.933333333333,4276.675,76.7123287671233,4420.8,33.53333333333376,-0.6499999999996362,0.0863309352517984,4530.0,4585.0,4530.0,4430.0,344400.0
2022-10-30,4430.0,4585.0,4430.0,4530.0,4297.4404296875,344400.0,4405.0,4408.0,4345.666666666667,4277.45,76.7123287671233,4423.5,31.53333333333376,0.6499999999996362,0.0785714285714285,4530.0,4585.0,4530.0,4430.0,344400.0
2022-10-31,4595.0,4625.0,4510.0,4600.0,4363.84619140625,134800.0,4421.25,4414.4,4351.933333333333,4279.5,79.76190476190476,4427.6,31.39999999999964,3.225000000000364,0.1151515151515152,4600.0,4585.0,4530.0,4430.0,344400.0
2022-11-01,4650.0,4695.0,4595.0,4645.0,4406.53662109375,69100.0,4439.0,4423.6,4358.8,4281.9,78.75,4430.8,31.9333333333334,6.174999999999272,0.1192771084337349,4645.0,4625.0,4600.0,4595.0,134800.0
2022-11-02,4620.0,4675.0,4600.0,4665.0,4425.509765625,99000.0,4460.0,4433.6,4365.533333333334,4284.4,78.2051282051282,4433.2,31.9333333333334,9.125,0.1240963855421686,4665.0,4695.0,4645.0,4650.0,69100.0
2022-11-03,4620.0,4675.0,4600.0,4665.0,4425.509765625,99000.0,4476.5,4443.6,4372.266666666666,4286.9,98.38709677419357,4435.6,32.33333333333303,10.224999999999454,0.1240963855421686,4665.0,4675.0,4665.0,4620.0,99000.0
2022-11-04,4655.0,4665.0,4525.0,4590.0,4354.3603515625,96900.0,4489.25,4450.6,4378.0,4289.125,78.37837837837839,4439.9,32.33333333333303,11.675000000000182,0.1020408163265305,4665.0,4675.0,4665.0,4620.0,99000.0
2022-11-05,4655.0,4665.0,4525.0,4590.0,4354.3603515625,96900.0,4502.0,4463.2,4383.333333333333,4290.65,78.37837837837839,4443.5,31.39999999999964,11.149999999999636,0.096774193548387,4665.0,4665.0,4590.0,4655.0,96900.0
2022-11-06,4655.0,4665.0,4525.0,4590.0,4354.3603515625,96900.0,4514.0,4475.2,4389.333333333333,4292.175,78.37837837837839,4447.1,30.53333333333285,10.275000000000546,0.1046931407942237,4665.0,4665.0,4590.0,4655.0,96900.0
2022-11-07,4610.0,4630.0,4560.0,4615.0,4378.076171875,73900.0,4524.0,4490.0,4395.6,4292.975,73.77049180327869,4451.2,30.06666666666661,8.575000000000728,0.082063305978898,4665.0,4665.0,4590.0,4655.0,96900.0
2022-11-08,4650.0,4655.0,4615.0,4645.0,4406.53662109375,78600.0,4534.0,4502.4,4400.866666666667,4294.275,73.33333333333333,4455.9,28.600000000000364,7.375,0.0568828213879408,4665.0,4630.0,4615.0,4610.0,73900.0
2022-11-09,4685.0,4695.0,4635.0,4695.0,4453.96923828125,51100.0,4550.5,4516.8,4407.333333333333,4295.825,77.14285714285714,4459.9,29.33333333333303,6.699999999999818,0.0682593856655289,4695.0,4655.0,4645.0,4650.0,78600.0
2022-11-10,4665.0,4665.0,4580.0,4595.0,4359.10400390625,77100.0,4561.25,4527.2,4412.466666666666,4296.875,60.674157303370784,4462.7,29.13333333333321,6.225000000000364,0.0455062571103526,4695.0,4695.0,4695.0,4685.0,51100.0
2022-11-11,4675.0,4710.0,4625.0,4665.0,4425.509765625,95600.0,4575.5,4539.8,4418.533333333334,4298.15,63.91752577319588,4467.1,29.200000000000728,5.974999999999454,0.040133779264214,4695.0,4665.0,4595.0,4665.0,77100.0
2022-11-12,4675.0,4710.0,4625.0,4665.0,4425.509765625,95600.0,4589.75,4549.8,4425.4,4298.975,63.91752577319588,4471.5,29.799999999999272,6.0,0.0264026402640265,4695.0,4710.0,4665.0,4675.0,95600.0
2022-11-13,4675.0,4710.0,4625.0,4665.0,4425.509765625,95600.0,4599.5,4558.6,4432.0,4299.65,63.91752577319588,4475.9,31.13333333333321,5.375,0.0264026402640265,4695.0,4710.0,4665.0,4675.0,95600.0
2022-11-14,4615.0,4615.0,4470.0,4500.0,4268.97998046875,183600.0,4599.25,4564.0,4436.0,4298.675,41.3793103448276,4477.0,28.66666666666697,2.850000000000364,0.0285714285714284,4695.0,4710.0,4665.0,4675.0,95600.0
2022-11-15,4530.0,4570.0,4490.0,4555.0,4321.15771484375,66000.0,4601.75,4571.0,4441.733333333334,4297.975,42.37288135593221,4480.4,29.266666666667334,1.1000000000003638,0.0328798185941043,4695.0,4615.0,4500.0,4615.0,183600.0
2022-11-16,4565.0,4630.0,4565.0,4605.0,4368.58984375,75700.0,4607.0,4580.0,4447.8,4297.525,45.16129032258065,4484.1,29.266666666666424,-0.625,0.0442176870748298,4695.0,4570.0,4555.0,4530.0,66000.0
2022-11-17,4615.0,4675.0,4585.0,4670.0,4430.25341796875,53800.0,4614.0,4591.6,4454.733333333334,4297.4,50.36496350364963,4489.2,29.33333333333394,-1.5750000000007276,0.0589569160997731,4695.0,4630.0,4605.0,4565.0,75700.0
2022-11-18,4740.0,4760.0,4695.0,4710.0,4468.19970703125,68000.0,4623.0,4601.2,4462.2,4297.65,59.230769230769226,4492.0,30.19999999999981,-2.0,0.0680272108843538,4710.0,4675.0,4670.0,4615.0,53800.0
2022-11-19,4740.0,4760.0,4695.0,4710.0,4468.19970703125,68000.0,4632.0,4609.4,4469.466666666666,4297.9,59.230769230769226,4497.0,33.46666666666624,-0.7750000000005457,0.0478309232480533,4710.0,4760.0,4710.0,4740.0,68000.0
2022-11-20,4740.0,4760.0,4695.0,4710.0,4468.19970703125,68000.0,4637.5,4617.6,4476.466666666666,4298.15,59.230769230769226,4502.0,34.733333333332666,0.1749999999992724,0.0572390572390573,4710.0,4760.0,4710.0,4740.0,68000.0
2022-11-21,4710.0,4730.0,4635.0,4690.0,4449.2265625,126400.0,4639.75,4625.2,4483.6,4298.3,55.81395348837209,4506.6,35.80000000000018,0.7750000000005457,0.0551181102362203,4710.0,4760.0,4710.0,4740.0,68000.0
2022-11-22,4710.0,4785.0,4700.0,4750.0,4506.14599609375,55600.0,4644.0,4634.0,4490.066666666667,4298.75,57.77777777777777,4515.0,35.33333333333303,1.3500000000003638,0.0686164229471315,4750.0,4730.0,4690.0,4710.0,126400.0
2022-11-23,4710.0,4785.0,4700.0,4750.0,4506.14599609375,55600.0,4648.25,4642.8,4494.8,4299.2,54.400000000000006,4523.6,32.600000000000364,1.550000000000182,0.0686164229471315,4750.0,4785.0,4750.0,4710.0,55600.0
2022-11-24,4750.0,4795.0,4710.0,4740.0,4496.65966796875,101700.0,4655.75,4651.2,4499.4,4299.6,63.55140186915888,4529.6,29.9333333333334,1.7000000000007276,0.0663667041619797,4750.0,4785.0,4750.0,4710.0,55600.0
2022-11-25,4755.0,4775.0,4710.0,4740.0,4496.65966796875,56200.0,4663.25,4656.8,4504.0,4300.675,58.064516129032256,4535.6,27.53333333333376,2.5250000000005457,0.0809578107183579,4750.0,4795.0,4740.0,4750.0,101700.0
2022-11-26,4755.0,4775.0,4710.0,4740.0,4496.65966796875,56200.0,4670.75,4660.6,4507.4,4302.0,58.064516129032256,4542.1,23.799999999999272,3.699999999999818,0.0723981900452488,4750.0,4775.0,4740.0,4755.0,56200.0
2022-11-27,4755.0,4775.0,4710.0,4740.0,4496.65966796875,56200.0,4677.0,4663.6,4510.0,4301.75,58.064516129032256,4548.6,19.9333333333334,3.0,0.0736126840317101,4750.0,4775.0,4740.0,4755.0,56200.0
2022-11-28,4730.0,4805.0,4700.0,4795.0,4548.8359375,80200.0,4684.5,4668.8,4513.333333333333,4302.5,91.54929577464787,4556.2,18.53333333333285,3.300000000000182,0.0492341356673959,4795.0,4775.0,4740.0,4755.0,56200.0
2022-11-29,4760.0,4770.0,4715.0,4735.0,4491.9169921875,51300.0,4686.5,4674.6,4518.133333333333,4303.525,75.0,4562.6,18.733333333333576,3.924999999999272,0.061659192825112,4795.0,4805.0,4795.0,4730.0,80200.0
2022-11-30,4695.0,4725.0,4620.0,4700.0,4458.712890625,87700.0,4691.75,4679.0,4522.0,4304.375,63.76811594202898,4571.1,18.0,3.699999999999818,0.053811659192825,4795.0,4770.0,4735.0,4760.0,51300.0
2022-12-01,4710.0,4710.0,4575.0,4575.0,4340.130859375,104300.0,4687.25,4678.4,4524.2,4304.6,38.27160493827161,4576.8,16.800000000000182,2.600000000000364,0.0257847533632287,4795.0,4725.0,4700.0,4695.0,87700.0
2022-12-02,4545.0,4545.0,4330.0,4365.0,4140.9111328125,177300.0,4672.25,4668.4,4523.6,4303.05,20.0,4579.2,13.600000000000364,1.300000000000182,0.008083140877598,4795.0,4710.0,4575.0,4710.0,104300.0
2022-12-03,4545.0,4545.0,4330.0,4365.0,4140.9111328125,177300.0,4657.25,4657.2,4523.0,4301.55,20.0,4579.8,9.66666666666697,-0.949999999999818,0.0104166666666667,4795.0,4545.0,4365.0,4545.0,177300.0
2022-12-04,4545.0,4545.0,4330.0,4365.0,4140.9111328125,177300.0,4650.5,4644.0,4521.266666666666,4301.075,20.0,4580.4,3.133333333333212,-2.449999999999818,-0.0168918918918918,4795.0,4545.0,4365.0,4545.0,177300.0
2022-12-05,4435.0,4465.0,4405.0,4455.0,4226.29052734375,86300.0,4645.5,4638.4,4521.266666666666,4301.075,31.7829457364341,4582.8,-0.7333333333335759,-3.300000000000182,0.0033783783783782,4795.0,4545.0,4365.0,4545.0,177300.0
2022-12-06,4450.0,4475.0,4320.0,4320.0,4098.220703125,118100.0,4631.25,4624.6,4519.6,4300.25,20.1388888888889,4582.2,-4.599999999999454,-4.350000000000364,-0.0215175537938845,4795.0,4465.0,4455.0,4435.0,86300.0
2022-12-07,4390.0,4440.0,4375.0,4425.0,4197.8310546875,122900.0,4619.0,4615.0,4519.333333333333,4299.95,30.30303030303031,4582.4,-4.266666666667334,-3.100000000000364,0.0022650056625141,4795.0,4475.0,4320.0,4450.0,118100.0
2022-12-08,4480.0,4480.0,4365.0,4440.0,4212.06103515625,113900.0,4605.5,4606.0,4519.266666666666,4299.725,31.927710843373504,4582.3,-3.733333333333576,-1.824999999999818,0.0056625141562853,4795.0,4440.0,4425.0,4390.0,122900.0
2022-12-09,4460.0,4510.0,4445.0,4495.0,4264.2373046875,61600.0,4594.75,4605.8,4519.933333333333,4299.675,36.15819209039548,4584.9,-1.3333333333330302,-1.3999999999996362,0.0181200453001133,4795.0,4480.0,4440.0,4480.0,113900.0
2022-12-10,4460.0,4510.0,4445.0,4495.0,4264.2373046875,61600.0,4584.0,4603.4,4521.4,4299.675,36.15819209039548,4587.2,0.133333333333212,-1.3999999999996362,0.0514619883040936,4795.0,4510.0,4495.0,4460.0,61600.0
2022-12-11,4460.0,4510.0,4445.0,4495.0,4264.2373046875,61600.0,4574.25,4599.0,4522.4,4300.15,36.15819209039548,4589.5,2.7999999999992724,-0.1000000000003638,0.0477855477855477,4795.0,4510.0,4495.0,4460.0,61600.0
2022-12-12,4470.0,4545.0,4455.0,4545.0,4311.669921875,78200.0,4564.0,4594.0,4524.133333333333,4300.85,35.79545454545455,4592.8,4.800000000000182,0.9000000000005457,0.0706713780918728,4795.0,4510.0,4495.0,4460.0,61600.0
2022-12-13,4580.0,4580.0,4520.0,4525.0,4292.697265625,97600.0,4552.75,4586.6,4523.533333333334,4301.55,37.5,4593.9,4.266666666667334,1.824999999999818,0.0438292964244522,4795.0,4545.0,4545.0,4470.0,78200.0
2022-12-14,4550.0,4565.0,4420.0,4455.0,4226.29052734375,186100.0,4538.5,4576.4,4523.466666666666,4301.9,36.0,4592.9,3.5333333333328483,2.2249999999994543,0.0276816608996539,4795.0,4580.0,4525.0,4580.0,97600.0
2022-12-15,4435.0,4525.0,4435.0,4455.0,4226.29052734375,66400.0,4524.25,4566.2,4523.4,4302.25,41.99999999999999,4591.9,2.0,2.574999999999818,0.0276816608996539,4795.0,4565.0,4455.0,4550.0,186100.0
2022-12-16,4400.0,4510.0,4395.0,4435.0,4207.3173828125,154800.0,4509.0,4556.0,4523.066666666667,4301.55,56.25,4590.6,0.6666666666669698,1.4000000000005457,0.0195402298850575,4795.0,4525.0,4455.0,4435.0,66400.0
2022-12-17,4400.0,4510.0,4395.0,4435.0,4207.3173828125,154800.0,4493.75,4543.4,4524.466666666666,4300.15,56.25,4588.7,0.3333333333330301,-0.7000000000007276,0.0045300113250283,4795.0,4510.0,4435.0,4400.0,154800.0
2022-12-18,4400.0,4510.0,4395.0,4435.0,4207.3173828125,154800.0,4475.75,4530.8,4526.0,4299.05,56.25,4586.8,2.4666666666662422,-2.5,-0.0022497187851518,4735.0,4510.0,4435.0,4400.0,154800.0
2022-12-19,4415.0,4535.0,4415.0,4530.0,4297.4404296875,73400.0,4465.5,4522.4,4527.2,4298.575,56.63716814159292,4586.8,3.733333333333576,-3.324999999999818,0.0378006872852234,4700.0,4510.0,4435.0,4400.0,154800.0
2022-12-20,4515.0,4695.0,4505.0,4625.0,4387.5634765625,173700.0,4461.75,4517.8,4529.666666666667,4298.5,79.04761904761905,4587.3,6.266666666667334,-3.75,0.0559360730593607,4625.0,4535.0,4530.0,4415.0,73400.0
2022-12-21,4595.0,4610.0,4510.0,4585.0,4349.61669921875,104100.0,4462.25,4511.6,4531.933333333333,4298.225,67.3913043478261,4586.1,8.866666666666788,-3.324999999999818,0.0468036529680364,4625.0,4695.0,4625.0,4515.0,173700.0
2022-12-22,4610.0,4650.0,4545.0,4635.0,4397.0498046875,55800.0,4475.75,4507.4,4534.866666666667,4298.2,69.6969696969697,4585.5,10.400000000000546,-1.949999999999818,0.0582191780821916,4635.0,4610.0,4585.0,4595.0,104100.0
2022-12-23,4610.0,4670.0,4545.0,4545.0,4311.669921875,75400.0,4484.75,4497.4,4536.6,4298.1,54.71698113207548,4583.1,10.600000000000364,-0.949999999999818,0.0167785234899329,4635.0,4650.0,4635.0,4610.0,55800.0
2022-12-24,4610.0,4670.0,4545.0,4545.0,4311.669921875,75400.0,4493.75,4489.8,4538.333333333333,4297.85,54.71698113207548,4582.2,11.133333333333212,-0.7249999999994543,0.0088790233074362,4635.0,4670.0,4545.0,4610.0,75400.0
2022-12-25,4610.0,4670.0,4545.0,4545.0,4311.669921875,75400.0,4498.25,4483.6,4541.933333333333,4296.2,54.71698113207548,4581.3,12.266666666666424,-2.300000000000182,0.0088790233074362,4635.0,4670.0,4545.0,4610.0,75400.0
2022-12-26,4580.0,4580.0,4470.0,4540.0,4306.927734375,50500.0,4509.25,4482.2,4545.266666666666,4294.95,49.48453608247423,4580.3,13.33333333333303,-3.2750000000005457,0.0088888888888889,4635.0,4670.0,4545.0,4610.0,75400.0
2022-12-27,4575.0,4605.0,4460.0,4475.0,4245.26416015625,64000.0,4511.75,4486.6,4548.333333333333,4293.225,45.283018867924525,4577.5,13.466666666666242,-4.974999999999454,-0.0121412803532008,4635.0,4580.0,4540.0,4580.0,50500.0
2022-12-28,4485.0,4530.0,4455.0,4520.0,4287.9541015625,73900.0,4515.75,4492.8,4550.8,4291.725,56.43564356435645,4575.0,14.199999999999818,-6.375,-0.0022075055187638,4635.0,4605.0,4475.0,4575.0,64000.0
2022-12-29,4480.0,4505.0,4400.0,4495.0,4264.2373046875,87000.0,4515.75,4498.0,4552.933333333333,4290.1,53.77358490566038,4571.0,14.600000000000364,-7.75,-0.0077262693156733,4635.0,4530.0,4520.0,4485.0,73900.0
2022-12-30,4530.0,4595.0,4530.0,4540.0,4306.927734375,90500.0,4518.0,4501.4,4555.666666666667,4289.275,59.45945945945946,4569.9,13.733333333333576,-6.925000000000182,-0.0130434782608696,4635.0,4505.0,4495.0,4480.0,87000.0
2022-12-31,4530.0,4595.0,4530.0,4540.0,4306.927734375,90500.0,4520.25,4510.2,4558.2,4289.0,59.45945945945946,4567.4,12.933333333333394,-5.949999999999818,-0.0226049515608181,4635.0,4595.0,4540.0,4530.0,90500.0
2023-01-01,4530.0,4595.0,4530.0,4540.0,4306.927734375,90500.0,4520.0,4514.8,4559.866666666667,4289.65,59.45945945945946,4564.9,11.533333333333758,-3.575000000000728,-0.0267952840300107,4635.0,4595.0,4540.0,4530.0,90500.0
2023-01-02,4530.0,4595.0,4530.0,4540.0,4306.927734375,90500.0,4520.75,4518.8,4561.133333333333,4290.075,51.086956521739125,4562.4,10.33333333333303,-1.6500000000005457,-0.0267952840300107,4635.0,4595.0,4540.0,4530.0,90500.0
2023-01-03,4530.0,4595.0,4530.0,4540.0,4306.927734375,90500.0,4525.0,4520.6,4563.466666666666,4292.025,38.35616438356164,4563.2,10.533333333332848,1.9249999999992724,-0.0108932461873638,4635.0,4595.0,4540.0,4530.0,90500.0
2023-01-04,4555.0,4560.0,4490.0,4540.0,4306.927734375,89300.0,4529.25,4522.4,4565.6,4293.975,43.07692307692308,4562.9,9.933333333333394,4.700000000000728,-0.0108932461873638,4635.0,4595.0,4540.0,4530.0,90500.0
2023-01-05,4505.0,4520.0,4420.0,4480.0,4250.00732421875,135200.0,4531.5,4521.8,4566.933333333333,4295.625,26.86567164179104,4560.4,8.733333333333576,6.625,-0.0239651416122004,4635.0,4560.0,4540.0,4555.0,89300.0
2023-01-06,4270.0,4520.0,4230.0,4490.0,4259.494140625,241800.0,4534.25,4519.6,4568.4,4297.375,39.21568627450981,4556.8,8.533333333332848,7.725000000000364,-0.0270855904658721,4635.0,4520.0,4480.0,4505.0,135200.0
2023-01-07,4270.0,4520.0,4230.0,4490.0,4259.494140625,241800.0,4537.0,4518.2,4568.666666666667,4298.6,39.21568627450981,4552.4,7.533333333333758,8.525000000000546,-0.0333692142088266,4635.0,4520.0,4490.0,4270.0,241800.0
2023-01-08,4270.0,4520.0,4230.0,4490.0,4259.494140625,241800.0,4535.0,4519.6,4568.466666666666,4300.325,39.21568627450981,4548.0,5.0,8.300000000000182,-0.0436634717784877,4635.0,4520.0,4490.0,4270.0,241800.0
2023-01-09,4270.0,4520.0,4230.0,4490.0,4259.494140625,241800.0,4528.25,4521.0,4568.266666666666,4301.8,40.0,4543.6,2.6666666666660603,7.824999999999818,-0.0228509249183895,4635.0,4520.0,4490.0,4270.0,241800.0
2023-01-10,4530.0,4585.0,4360.0,4410.0,4183.60107421875,148500.0,4519.5,4520.0,4567.066666666667,4302.375,37.73584905660377,4538.0,0.133333333333212,6.75,-0.0546623794212218,4635.0,4520.0,4490.0,4270.0,241800.0
2023-01-11,4445.0,4475.0,4405.0,4470.0,4240.5205078125,107200.0,4511.25,4521.4,4566.266666666666,4303.25,41.07142857142856,4532.4,-2.133333333333212,5.875,-0.0418006430868167,4545.0,4585.0,4410.0,4530.0,148500.0
2023-01-12,4485.0,4485.0,4330.0,4395.0,4169.37109375,89600.0,4503.75,4519.8,4564.466666666666,4303.75,34.848484848484844,4525.3,-4.200000000000728,5.149999999999636,-0.0578778135048231,4545.0,4475.0,4470.0,4445.0,107200.0
2023-01-13,4350.0,4425.0,4270.0,4385.0,4159.88427734375,167800.0,4495.75,4514.0,4562.533333333334,4304.0,23.728813559322035,4518.2,-5.9333333333324845,3.675000000000182,-0.0255555555555555,4545.0,4485.0,4395.0,4485.0,89600.0
2023-01-14,4350.0,4425.0,4270.0,4385.0,4159.88427734375,167800.0,4487.75,4504.4,4559.666666666667,4304.475,23.728813559322035,4511.1,-8.599999999999454,2.675000000000182,-0.0373216245883644,4540.0,4425.0,4385.0,4350.0,167800.0
2023-01-15,4350.0,4425.0,4270.0,4385.0,4159.88427734375,167800.0,4480.0,4496.4,4556.2,4304.95,23.728813559322035,4504.0,-10.866666666666788,2.574999999999818,-0.0477741585233442,4540.0,4425.0,4385.0,4350.0,167800.0
2023-01-16,4380.0,4385.0,4315.0,4345.0,4121.9375,85800.0,4473.5,4484.8,4551.933333333333,4305.475,20.895522388059703,4496.1,-14.33333333333303,2.225000000000364,-0.0695931477516059,4540.0,4425.0,4385.0,4350.0,167800.0
2023-01-17,4360.0,4400.0,4305.0,4390.0,4164.62744140625,70200.0,4467.0,4478.6,4548.266666666666,4309.625,30.26315789473685,4488.0,-16.199999999999818,5.875,-0.0679405520169851,4540.0,4385.0,4345.0,4380.0,85800.0
2023-01-18,4390.0,4505.0,4355.0,4505.0,4273.72412109375,100200.0,4467.5,4477.0,4547.133333333333,4314.35,46.464646464646464,4483.4,-15.400000000000546,10.350000000000364,-0.043524416135881,4540.0,4400.0,4390.0,4360.0,70200.0
2023-01-19,4470.0,4505.0,4425.0,4485.0,4254.7509765625,92300.0,4464.75,4474.6,4545.733333333334,4318.975,50.54945054945055,4479.1,-13.933333333333394,14.5,-0.0477707006369426,4540.0,4505.0,4505.0,4390.0,100200.0
2023-01-20,4480.0,4480.0,4350.0,4365.0,4140.9111328125,108200.0,4456.0,4467.6,4542.733333333334,4322.375,38.93805309734513,4474.9,-13.466666666666242,17.425000000000182,-0.0692963752665245,4540.0,4505.0,4485.0,4470.0,92300.0
2023-01-21,4480.0,4480.0,4350.0,4365.0,4140.9111328125,108200.0,4447.25,4463.2,4539.4,4325.775,38.93805309734513,4474.9,-12.533333333333758,20.299999999999272,-0.0810526315789473,4540.0,4480.0,4365.0,4480.0,108200.0
2023-01-22,4480.0,4480.0,4350.0,4365.0,4140.9111328125,108200.0,4438.5,4457.0,4535.666666666667,4329.5,38.93805309734513,4474.9,-12.599999999999454,19.875,-0.0810526315789473,4540.0,4480.0,4365.0,4480.0,108200.0
2023-01-23,4375.0,4480.0,4365.0,4480.0,4250.00732421875,103500.0,4435.5,4456.4,4532.8,4333.625,49.264705882352935,4477.2,-14.33333333333303,19.27499999999964,-0.0548523206751054,4540.0,4480.0,4365.0,4480.0,108200.0
2023-01-24,4450.0,4495.0,4380.0,4465.0,4235.77783203125,97000.0,4431.75,4453.4,4531.066666666667,4337.3,54.47154471544715,4477.4,-14.66666666666697,18.32499999999981,-0.0580168776371308,4505.0,4480.0,4480.0,4375.0,103500.0
2023-01-25,4430.0,4495.0,4420.0,4455.0,4226.29052734375,70200.0,4430.5,4450.0,4528.266666666666,4340.925,48.67256637168141,4480.1,-14.466666666667152,18.550000000000185,-0.060126582278481,4505.0,4495.0,4465.0,4450.0,97000.0
2023-01-26,4465.0,4470.0,4410.0,4435.0,4207.3173828125,70300.0,4427.75,4445.8,4525.2,4344.45,53.92156862745099,4480.3,-14.199999999999818,18.675000000000185,-0.0643459915611814,4505.0,4495.0,4455.0,4430.0,70200.0
2023-01-27,4430.0,4450.0,4390.0,4415.0,4188.3447265625,58700.0,4424.0,4440.8,4521.866666666667,4347.5,52.88461538461538,4479.8,-13.800000000000182,18.0,-0.0792492179353493,4505.0,4470.0,4435.0,4465.0,70300.0
2023-01-28,4430.0,4450.0,4390.0,4415.0,4188.3447265625,58700.0,4420.25,4435.8,4520.733333333334,4351.175,52.88461538461538,4478.2,-12.066666666666606,17.550000000000182,-0.0675818373812038,4505.0,4450.0,4415.0,4430.0,58700.0
2023-01-29,4430.0,4450.0,4390.0,4415.0,4188.3447265625,58700.0,4416.5,4430.8,4518.866666666667,4355.15,52.88461538461538,4476.6,-12.199999999999818,17.849999999999454,-0.0606382978723404,4505.0,4450.0,4415.0,4430.0,58700.0
2023-01-30,4400.0,4450.0,4390.0,4415.0,4188.3447265625,88900.0,4416.75,4428.2,4516.333333333333,4358.725,57.29166666666667,4475.0,-11.933333333333394,17.800000000000182,-0.0349726775956283,4505.0,4450.0,4415.0,4430.0,58700.0
2023-01-31,4440.0,4440.0,4350.0,4355.0,4131.42431640625,93500.0,4411.0,4422.8,4512.133333333333,4362.15,46.464646464646464,4471.2,-13.066666666666606,17.699999999999818,-0.0022909507445589,4505.0,4450.0,4415.0,4400.0,88900.0
2023-02-01,4365.0,4400.0,4325.0,4340.0,4117.1943359375,113000.0,4408.25,4416.8,4507.2,4365.5,29.113924050632903,4467.5,-14.66666666666697,18.0,-0.0057273768613974,4505.0,4440.0,4355.0,4440.0,93500.0
2023-02-02,4325.0,4360.0,4325.0,4340.0,4117.1943359375,68000.0,4406.0,4410.8,4502.266666666666,4368.85,30.66666666666667,4465.2,-18.46666666666715,17.675000000000182,-0.0057273768613974,4505.0,4400.0,4340.0,4365.0,113000.0
2023-02-03,4300.0,4335.0,4230.0,4240.0,4022.328857421875,66100.0,4398.75,4400.8,4496.0,4371.7,32.39436619718309,4460.9,-22.866666666666788,16.550000000000182,-0.0482603815937149,4505.0,4360.0,4340.0,4325.0,68000.0
2023-02-04,4300.0,4335.0,4230.0,4240.0,4022.328857421875,66100.0,4391.5,4394.0,4490.0,4374.2,32.39436619718309,4457.0,-26.33333333333303,15.474999999999454,-0.0185185185185184,4505.0,4335.0,4240.0,4300.0,66100.0
2023-02-05,4300.0,4335.0,4230.0,4240.0,4022.328857421875,66100.0,4386.25,4384.8,4483.2,4376.3,32.39436619718309,4453.1,-28.9333333333334,14.150000000000546,-0.0418079096045197,4505.0,4335.0,4240.0,4300.0,66100.0
2023-02-06,4290.0,4295.0,4170.0,4210.0,3993.8681640625,150800.0,4377.25,4377.4,4476.0,4378.325,0.0,4448.6,-31.19999999999981,12.824999999999818,-0.0518018018018018,4505.0,4335.0,4240.0,4300.0,66100.0
2023-02-07,4250.0,4275.0,4225.0,4255.0,4036.55859375,68300.0,4364.75,4372.2,4469.533333333334,4380.45,15.0,4443.1,-32.733333333332666,11.599999999999454,-0.0533926585094549,4485.0,4295.0,4210.0,4290.0,150800.0
2023-02-08,4250.0,4290.0,4210.0,4275.0,4055.53125,53800.0,4354.25,4367.8,4463.333333333333,4382.675,20.967741935483872,4436.1,-32.66666666666697,10.975000000000364,-0.0489432703003337,4480.0,4275.0,4255.0,4250.0,68300.0
2023-02-09,4275.0,4285.0,4225.0,4255.0,4036.55859375,73200.0,4348.75,4362.6,4456.866666666667,4384.8,20.967741935483872,4429.5,-33.13333333333321,10.600000000000364,-0.0533926585094549,4480.0,4290.0,4275.0,4250.0,53800.0
2023-02-10,4240.0,4315.0,4205.0,4295.0,4074.505126953125,129400.0,4345.25,4360.6,4450.933333333333,4387.225,31.818181818181813,4422.7,-32.266666666666424,10.925000000000182,-0.055005500550055,4480.0,4285.0,4255.0,4275.0,73200.0
2023-02-11,4240.0,4315.0,4205.0,4295.0,4074.505126953125,129400.0,4341.75,4356.8,4444.266666666666,4389.725,31.818181818181813,4417.7,-31.733333333333576,11.400000000000546,-0.0508287292817679,4480.0,4315.0,4295.0,4240.0,129400.0
2023-02-12,4240.0,4315.0,4205.0,4295.0,4074.505126953125,129400.0,4332.5,4348.4,4438.4,4392.15,31.818181818181813,4412.7,-31.13333333333412,11.699999999999818,-0.0359147025813691,4465.0,4315.0,4295.0,4240.0,129400.0
2023-02-13,4270.0,4270.0,4140.0,4150.0,3936.948974609375,86100.0,4316.75,4335.0,4431.066666666667,4393.55,22.10526315789474,4404.8,-32.266666666666424,10.875,-0.0684624017957351,4455.0,4315.0,4295.0,4240.0,129400.0
2023-02-14,4185.0,4185.0,4105.0,4160.0,3946.435302734375,113900.0,4302.0,4326.8,4425.533333333334,4394.675,27.05882352941176,4397.2,-31.33333333333303,9.875,-0.0620067643742954,4435.0,4270.0,4150.0,4270.0,86100.0
2023-02-15,4140.0,4155.0,4055.0,4080.0,3870.54248046875,72100.0,4284.25,4315.4,4421.733333333334,4395.4,23.46938775510204,4389.3,-29.19999999999981,8.174999999999272,-0.0800450958286358,4415.0,4185.0,4160.0,4185.0,113900.0
2023-02-16,4100.0,4130.0,4055.0,4090.0,3880.029052734375,131100.0,4268.0,4304.4,4418.066666666667,4396.175,25.00000000000001,4380.7,-26.19999999999981,6.449999999999818,-0.0777903043968433,4415.0,4155.0,4080.0,4140.0,72100.0
2023-02-17,4050.0,4065.0,4015.0,4035.0,3827.85302734375,72400.0,4249.0,4286.6,4413.666666666667,4396.175,27.472527472527474,4371.5,-24.733333333332663,4.025000000000546,-0.1092715231788079,4415.0,4130.0,4090.0,4100.0,131100.0
2023-02-18,4050.0,4065.0,4015.0,4035.0,3827.85302734375,72400.0,4230.0,4269.4,4408.066666666667,4396.6,27.472527472527474,4361.4,-23.0,3.050000000000182,-0.1275675675675676,4415.0,4065.0,4035.0,4050.0,72400.0
2023-02-19,4050.0,4065.0,4015.0,4035.0,3827.85302734375,72400.0,4211.0,4252.6,4404.266666666666,4397.175,27.472527472527474,4351.3,-21.266666666667334,2.5,-0.1199563794983642,4355.0,4065.0,4035.0,4050.0,72400.0
2023-02-20,4050.0,4065.0,4010.0,4025.0,3818.3662109375,88700.0,4194.5,4236.2,4398.933333333333,4397.25,28.73563218390805,4341.0,-22.800000000000185,1.850000000000364,-0.1316073354908306,4340.0,4065.0,4035.0,4050.0,72400.0
2023-02-21,4015.0,4040.0,4000.0,4000.0,3794.6494140625,66600.0,4177.5,4219.6,4393.066666666667,4397.25,19.27710843373493,4330.2,-25.0,1.074999999999818,-0.1199119911991198,4340.0,4065.0,4025.0,4050.0,88700.0
2023-02-22,3970.0,3980.0,3910.0,3975.0,3770.9326171875,90700.0,4159.25,4202.0,4386.133333333333,4397.125,14.285714285714292,4318.9,-27.53333333333376,0.949999999999818,-0.1254125412541253,4295.0,4040.0,4000.0,4015.0,66600.0
2023-02-23,3970.0,3980.0,3910.0,3975.0,3770.9326171875,90700.0,4146.0,4184.4,4379.2,4397.0,15.0,4307.6,-28.866666666666788,0.3999999999996362,-0.1254125412541253,4295.0,3980.0,3975.0,3970.0,90700.0
2023-02-24,3975.0,4040.0,3965.0,4030.0,3823.109130859375,104500.0,4135.5,4169.0,4373.0,4397.175,18.07228915662651,4298.6,-31.266666666666424,0.0,-0.1123348017621145,4295.0,3980.0,3975.0,3970.0,90700.0
2023-02-25,3975.0,4040.0,3965.0,4030.0,3823.109130859375,104500.0,4125.0,4156.0,4366.133333333333,4397.675,18.07228915662651,4289.4,-32.80000000000018,0.4250000000001819,-0.0994413407821228,4295.0,4040.0,4030.0,3975.0,104500.0
2023-02-26,3975.0,4040.0,3965.0,4030.0,3823.109130859375,104500.0,4116.0,4143.6,4359.533333333334,4398.2,18.07228915662651,4280.2,-33.53333333333285,0.949999999999818,-0.1084070796460177,4295.0,4040.0,4030.0,3975.0,104500.0
2023-02-27,4000.0,4075.0,3975.0,4070.0,3890.013671875,111800.0,4106.75,4132.8,4354.4,4398.925,37.096774193548384,4271.8,-31.733333333333576,1.800000000000182,-0.0945494994438265,4295.0,4040.0,4030.0,3975.0,104500.0
2023-02-28,4090.0,4100.0,4035.0,4095.0,3913.90771484375,81500.0,4097.75,4127.0,4349.6,4399.275,40.0,4263.9,-29.59999999999945,2.274999999999636,-0.0980176211453744,4295.0,4075.0,4070.0,4000.0,111800.0
2023-03-01,4085.0,4100.0,4045.0,4070.0,3890.013671875,85700.0,4088.5,4120.2,4344.733333333334,4399.5,48.14814814814815,4257.1,-28.266666666666424,2.324999999999818,-0.1035242290748899,4295.0,4100.0,4095.0,4090.0,81500.0
2023-03-02,4055.0,4055.0,3995.0,4025.0,3847.003662109375,72300.0,4075.0,4111.6,4339.266666666666,4399.5,39.34426229508197,4248.2,-26.866666666666788,1.824999999999818,-0.1134361233480176,4295.0,4100.0,4070.0,4085.0,85700.0
2023-03-03,4065.0,4185.0,4065.0,4145.0,3961.697021484375,147300.0,4067.5,4109.0,4335.4,4399.95,64.86486486486487,4243.2,-24.13333333333412,1.75,-0.0870044052863435,4295.0,4055.0,4025.0,4055.0,72300.0
2023-03-04,4065.0,4185.0,4065.0,4145.0,3961.697021484375,147300.0,4060.0,4104.6,4330.266666666666,4400.175,64.86486486486487,4238.4,-24.13333333333321,1.25,-0.0870044052863435,4160.0,4185.0,4145.0,4065.0,147300.0
2023-03-05,4065.0,4185.0,4065.0,4145.0,3961.697021484375,147300.0,4059.75,4099.4,4323.866666666667,4400.25,64.86486486486487,4233.6,-25.733333333333576,0.9750000000003638,-0.0870044052863435,4160.0,4185.0,4145.0,4065.0,147300.0
2023-03-06,4175.0,4225.0,4165.0,4180.0,3995.149169921875,93100.0,4060.75,4096.4,4318.466666666666,4400.5,69.62025316455696,4229.5,-26.266666666667334,1.0,-0.0669642857142857,4180.0,4185.0,4145.0,4065.0,147300.0
2023-03-07,4185.0,4200.0,4135.0,4155.0,3971.2548828125,116200.0,4064.5,4090.8,4312.066666666667,4400.475,69.62025316455696,4225.7,-27.19999999999981,0.9750000000003638,-0.0746102449888641,4180.0,4225.0,4180.0,4175.0,93100.0
2023-03-08,4165.0,4200.0,4150.0,4170.0,3985.591552734375,91800.0,4068.5,4085.8,4307.066666666667,4400.525,75.32467532467533,4221.3,-28.33333333333303,0.5749999999998181,-0.0712694877505567,4180.0,4200.0,4155.0,4185.0,116200.0
2023-03-09,4180.0,4180.0,4135.0,4165.0,3980.8125,65500.0,4075.0,4080.6,4302.0,4400.55,74.35897435897436,4214.5,-28.266666666666424,0.375,-0.0723830734966592,4180.0,4200.0,4170.0,4165.0,91800.0
2023-03-10,4105.0,4185.0,4075.0,4105.0,3923.4658203125,191200.0,4078.5,4078.8,4296.133333333333,4400.125,59.49367088607595,4206.9,-27.733333333333576,-0.125,-0.0857461024498886,4180.0,4180.0,4165.0,4180.0,65500.0
2023-03-11,4105.0,4185.0,4075.0,4105.0,3923.4658203125,191200.0,4082.0,4076.6,4290.333333333333,4399.95,59.49367088607595,4201.7,-28.13333333333321,-0.5500000000001819,-0.0691609977324263,4180.0,4185.0,4105.0,4105.0,191200.0
2023-03-12,4105.0,4185.0,4075.0,4105.0,3923.4658203125,191200.0,4086.0,4077.6,4285.4,4399.75,59.49367088607595,4196.5,-26.66666666666697,-0.7250000000003638,-0.08165548098434,4180.0,4185.0,4105.0,4105.0,191200.0
2023-03-13,4045.0,4080.0,3995.0,4075.0,3894.792724609375,125600.0,4089.75,4077.0,4279.466666666666,4398.875,50.64935064935064,4190.7,-27.600000000000364,-1.6499999999996362,-0.0728100113765642,4180.0,4185.0,4105.0,4105.0,191200.0
2023-03-14,4005.0,4050.0,3950.0,4040.0,3861.34033203125,116500.0,4093.0,4077.2,4273.4,4398.025,43.03797468354431,4181.9,-28.600000000000364,-2.5250000000005457,-0.0786773090079817,4180.0,4080.0,4075.0,4045.0,125600.0
2023-03-15,4090.0,4135.0,4060.0,4120.0,3937.802490234375,81500.0,4100.25,4080.6,4267.8,4397.575,55.55555555555556,4175.0,-28.33333333333303,-2.550000000000182,-0.0604332953249715,4180.0,4050.0,4040.0,4005.0,116500.0
2023-03-16,4070.0,4120.0,4070.0,4100.0,3918.686767578125,73800.0,4103.75,4083.2,4261.933333333333,4397.025,58.82352941176471,4167.9,-28.39999999999964,-2.925000000000182,-0.064994298745724,4180.0,4135.0,4120.0,4090.0,81500.0
2023-03-17,4100.0,4130.0,4035.0,4090.0,3909.129150390625,128300.0,4106.75,4085.8,4255.933333333333,4396.725,41.26984126984127,4161.0,-29.46666666666624,-3.024999999999636,-0.0586881472957422,4180.0,4120.0,4100.0,4070.0,73800.0
2023-03-18,4100.0,4130.0,4035.0,4090.0,3909.129150390625,128300.0,4109.75,4089.4,4249.933333333333,4396.325,41.26984126984127,4154.5,-29.53333333333285,-2.550000000000182,-0.0683371298405467,4180.0,4130.0,4090.0,4100.0,128300.0
2023-03-19,4100.0,4130.0,4035.0,4090.0,3909.129150390625,128300.0,4110.75,4094.0,4243.933333333333,4395.775,41.26984126984127,4148.0,-29.46666666666624,-2.25,-0.0921198668146503,4180.0,4130.0,4090.0,4100.0,128300.0
2023-03-20,4080.0,4110.0,4020.0,4020.0,3842.224853515625,65800.0,4107.0,4095.8,4237.0,4395.25,27.14285714285714,4140.1,-30.800000000000185,-2.324999999999818,-0.1036789297658863,4180.0,4130.0,4090.0,4100.0,128300.0
2023-03-21,4080.0,4110.0,4020.0,4020.0,3842.224853515625,65800.0,4104.5,4095.4,4230.866666666667,4394.6,29.23076923076924,4132.2,-31.06666666666661,-2.4249999999992724,-0.0790378006872852,4180.0,4110.0,4020.0,4080.0,65800.0
2023-03-22,4090.0,4105.0,4005.0,4010.0,3832.666748046875,165200.0,4103.75,4094.6,4224.466666666666,4393.9,25.00000000000001,4125.3,-31.46666666666715,-2.825000000000728,-0.0813287514318442,4180.0,4110.0,4020.0,4080.0,65800.0
2023-03-23,4005.0,4005.0,3880.0,3955.0,3780.099365234375,161900.0,4094.25,4091.6,4217.333333333333,4392.925,21.621621621621628,4117.6,-32.600000000000364,-3.399999999999636,-0.0939289805269186,4180.0,4105.0,4010.0,4090.0,165200.0
2023-03-24,3940.0,3955.0,3865.0,3905.0,3732.310302734375,190000.0,4082.25,4085.0,4209.533333333334,4391.625,22.22222222222221,4108.9,-34.39999999999964,-4.149999999999636,-0.1283482142857143,4180.0,4005.0,3955.0,4005.0,161900.0
2023-03-25,3940.0,3955.0,3865.0,3905.0,3732.310302734375,190000.0,4070.25,4077.4,4201.733333333334,4390.225,22.22222222222221,4102.2,-35.266666666666424,-5.024999999999636,-0.1254199328107502,4180.0,3955.0,3905.0,3940.0,190000.0
2023-03-26,3940.0,3955.0,3865.0,3905.0,3732.310302734375,190000.0,4056.5,4070.8,4195.0,4388.975,22.22222222222221,4095.5,-35.86666666666679,-5.625,-0.1234567901234567,4170.0,3955.0,3905.0,3940.0,190000.0
2023-03-27,3955.0,3985.0,3880.0,3950.0,3775.320556640625,168000.0,4046.25,4067.8,4188.066666666667,4387.4,33.33333333333333,4089.7,-36.39999999999964,-6.5,-0.1093573844419391,4170.0,3955.0,3905.0,3940.0,190000.0
2023-03-28,3980.0,3990.0,3885.0,3925.0,3751.42578125,158400.0,4034.0,4059.0,4181.8,4385.05,34.24657534246576,4084.0,-35.53333333333285,-7.875,-0.1109852774631936,4165.0,3985.0,3950.0,3955.0,168000.0
2023-03-29,3965.0,4000.0,3945.0,3995.0,3818.330322265625,168400.0,4025.5,4053.0,4176.6,4383.05,32.39436619718309,4078.8,-32.933333333333394,-8.574999999999818,-0.0951302378255946,4120.0,3990.0,3925.0,3980.0,158400.0
2023-03-30,4040.0,4085.0,4015.0,4055.0,3875.67724609375,102300.0,4023.0,4049.4,4172.2,4381.35,44.30379746835443,4074.4,-29.53333333333376,-8.875,-0.0815402038505096,4120.0,4000.0,3995.0,3965.0,168400.0
2023-03-31,4125.0,4270.0,4105.0,4195.0,4009.48583984375,245500.0,4027.5,4050.0,4169.666666666667,4379.9,60.0,4073.2,-25.33333333333303,-9.075000000000728,-0.0498301245753114,4195.0,4085.0,4055.0,4040.0,102300.0
2023-04-01,4125.0,4270.0,4105.0,4195.0,4009.48583984375,245500.0,4032.0,4051.6,4167.666666666667,4378.15,60.0,4071.2,-20.39999999999964,-9.25,-0.036739380022962,4195.0,4270.0,4195.0,4125.0,245500.0
2023-04-02,4125.0,4270.0,4105.0,4195.0,4009.48583984375,245500.0,4038.0,4052.6,4165.066666666667,4376.4,60.0,4069.2,-16.733333333333576,-8.650000000000546,-0.0334101382488479,4195.0,4270.0,4195.0,4125.0,245500.0
2023-04-03,4200.0,4235.0,4135.0,4190.0,4004.70703125,138700.0,4045.5,4053.6,4160.866666666667,4375.475,68.47826086956522,4067.1,-15.733333333333576,-7.574999999999818,-0.0345622119815668,4195.0,4270.0,4195.0,4125.0,245500.0
2023-04-04,4180.0,4180.0,4110.0,4145.0,3961.697021484375,124400.0,4046.75,4055.2,4156.333333333333,4374.15,62.37623762376238,4067.0,-15.866666666666788,-7.200000000000728,-0.0224056603773584,4195.0,4235.0,4190.0,4200.0,138700.0
2023-04-05,4105.0,4170.0,4065.0,4080.0,3899.5712890625,201600.0,4045.75,4054.2,4152.533333333334,4372.5,56.25,4065.4,-17.133333333333212,-7.399999999999636,-0.0377358490566037,4195.0,4180.0,4145.0,4180.0,124400.0
2023-04-06,3990.0,4015.0,3760.0,3775.0,3608.059326171875,462500.0,4030.0,4041.0,4144.666666666667,4369.325,38.88888888888889,4059.3,-23.0,-8.824999999999818,-0.1096698113207547,4195.0,4170.0,4080.0,4105.0,201600.0
2023-04-07,3735.0,3775.0,3645.0,3655.0,3493.365966796875,304700.0,4008.25,4024.2,4135.2,4365.55,35.79545454545455,4050.6,-29.866666666666788,-10.849999999999454,-0.1318289786223277,4195.0,4015.0,3775.0,3990.0,462500.0
2023-04-08,3735.0,3775.0,3645.0,3655.0,3493.365966796875,304700.0,3986.5,4008.8,4124.2,4361.35,35.79545454545455,4043.0,-36.66666666666697,-14.125,-0.1410105757931844,4195.0,3775.0,3655.0,3735.0,304700.0
2023-04-09,3735.0,3775.0,3645.0,3655.0,3493.365966796875,304700.0,3968.25,3990.2,4113.4,4357.35,35.79545454545455,4035.4,-42.933333333333394,-16.799999999999272,-0.1450292397660818,4195.0,3775.0,3655.0,3735.0,304700.0
2023-04-10,3680.0,3755.0,3665.0,3715.0,3550.71240234375,142000.0,3953.0,3974.8,4103.533333333334,4353.7,36.87150837988827,4029.0,-49.0,-18.800000000000185,-0.1269095182138661,4195.0,3775.0,3655.0,3735.0,304700.0
2023-04-11,3720.0,3720.0,3530.0,3560.0,3402.5673828125,314100.0,3930.5,3953.6,4091.866666666667,4349.275,32.195121951219505,4019.7,-52.80000000000018,-20.050000000000185,-0.1711292200232829,4195.0,3755.0,3715.0,3680.0,142000.0
2023-04-12,3595.0,3660.0,3590.0,3605.0,3445.576904296875,155400.0,3913.0,3934.2,4081.0666666666666,4345.075,30.5,4011.8,-54.13333333333321,-20.475000000000364,-0.1606519208381839,4195.0,3720.0,3560.0,3720.0,314100.0
2023-04-13,3580.0,3590.0,3545.0,3570.0,3412.125,132600.0,3896.25,3913.4,4069.8,4340.7,25.128205128205124,4003.7,-54.39999999999964,-20.650000000000546,-0.1688009313154831,4195.0,3660.0,3605.0,3595.0,155400.0
2023-04-14,3625.0,3630.0,3570.0,3600.0,3440.79833984375,137700.0,3881.0,3896.6,4058.933333333333,4336.775,15.60693641618498,3996.2,-54.46666666666624,-20.575000000000728,-0.1325301204819277,4195.0,3590.0,3570.0,3580.0,132600.0
2023-04-15,3625.0,3630.0,3570.0,3600.0,3440.79833984375,137700.0,3865.75,3879.8,4048.0666666666666,4332.675,15.60693641618498,3987.6,-55.46666666666715,-21.02499999999964,-0.1346153846153845,4195.0,3630.0,3600.0,3625.0,137700.0
2023-04-16,3625.0,3630.0,3570.0,3600.0,3440.79833984375,137700.0,3848.25,3863.4,4038.0,4328.6,15.60693641618498,3979.0,-53.86666666666679,-20.674999999999272,-0.1176470588235294,4195.0,3630.0,3600.0,3625.0,137700.0
2023-04-17,3615.0,3680.0,3595.0,3675.0,3512.481689453125,165700.0,3835.75,3852.2,4029.133333333333,4324.125,22.45989304812835,3971.9,-51.933333333333394,-20.94999999999981,-0.1014669926650366,4195.0,3630.0,3600.0,3625.0,137700.0
2023-04-18,3670.0,3755.0,3660.0,3690.0,3526.818115234375,150800.0,3820.5,3843.6,4020.466666666666,4320.275,24.861878453038685,3964.3,-49.333333333333485,-20.425000000000185,-0.0855018587360595,4195.0,3680.0,3675.0,3615.0,165700.0
2023-04-19,3670.0,3725.0,3635.0,3700.0,3536.376220703125,162800.0,3802.75,3835.4,4013.266666666667,4316.475,27.64705882352941,3956.4,-45.66666666666652,-20.299999999999272,-0.0830235439900867,4195.0,3755.0,3690.0,3670.0,150800.0
2023-04-20,3660.0,3695.0,3640.0,3655.0,3493.365966796875,82100.0,3775.75,3825.4,4005.466666666666,4312.45,39.83050847457627,3948.1,-42.59999999999991,-20.225000000000364,-0.094175960346964,4195.0,3725.0,3700.0,3670.0,162800.0
2023-04-21,3635.0,3695.0,3630.0,3680.0,3517.2607421875,79000.0,3750.0,3814.6,3998.0,4309.2,52.52525252525253,3941.2,-40.0,-19.400000000000546,-0.0857142857142857,4195.0,3695.0,3655.0,3660.0,82100.0
2023-04-22,3635.0,3695.0,3630.0,3680.0,3517.2607421875,79000.0,3724.25,3804.8,3990.933333333333,4306.0,52.52525252525253,3931.9,-38.19999999999982,-18.125,-0.0799999999999999,4190.0,3695.0,3680.0,3635.0,79000.0
2023-04-23,3635.0,3695.0,3630.0,3680.0,3517.2607421875,79000.0,3698.75,3792.2,3983.266666666667,4302.2,52.52525252525253,3922.6,-37.19999999999982,-18.07499999999981,-0.0742138364779874,4145.0,3695.0,3680.0,3635.0,79000.0
2023-04-24,3715.0,3720.0,3695.0,3695.0,3531.597412109375,86900.0,3676.25,3777.8,3975.533333333333,4298.475,47.77777777777778,3913.6,-37.733333333333576,-18.0,-0.070440251572327,4080.0,3695.0,3680.0,3635.0,79000.0
2023-04-25,3825.0,3870.0,3745.0,3815.0,3646.29052734375,289500.0,3663.0,3762.6,3969.6666666666665,4295.475,80.72289156626506,3906.3,-35.80000000000018,-16.974999999999454,-0.053349875930521,3815.0,3720.0,3695.0,3715.0,86900.0
2023-04-26,3770.0,3790.0,3725.0,3730.0,3565.049072265625,171600.0,3660.75,3744.0,3962.133333333333,4292.05,63.73626373626374,3897.8,-35.86666666666679,-17.149999999999636,-0.0744416873449131,3815.0,3870.0,3815.0,3825.0,289500.0
2023-04-27,3720.0,3840.0,3705.0,3810.0,3641.511474609375,162100.0,3668.5,3728.6,3955.6666666666665,4289.025,74.0,3890.6,-35.26666666666688,-16.975000000000364,-0.0545905707196029,3815.0,3790.0,3730.0,3770.0,171600.0
2023-04-28,3860.0,3905.0,3830.0,3875.0,3703.63671875,162900.0,3679.5,3716.0,3950.0666666666666,4286.325,75.70093457943925,3884.8,-33.20000000000027,-15.875,-0.0479115479115479,3875.0,3840.0,3810.0,3720.0,162100.0
2023-04-29,3860.0,3905.0,3830.0,3875.0,3703.63671875,162900.0,3690.5,3705.2,3946.4,4284.325,75.70093457943925,3880.2,-29.13333333333321,-14.150000000000546,-0.0537240537240537,3875.0,3905.0,3875.0,3860.0,162900.0
2023-04-30,3860.0,3905.0,3830.0,3875.0,3703.63671875,162900.0,3698.5,3697.0,3942.6,4282.25,75.70093457943925,3875.6,-27.06666666666661,-13.225000000000364,-0.0479115479115479,3875.0,3905.0,3875.0,3860.0,162900.0
2023-05-01,3965.0,4020.0,3955.0,4000.0,3823.109130859375,160200.0,3720.5,3706.0,3941.533333333333,4281.025,77.77777777777777,3873.5,-20.59999999999991,-11.025000000000546,-0.0062111801242236,4000.0,3905.0,3875.0,3860.0,162900.0
2023-05-02,4010.0,4040.0,3995.0,4015.0,3837.445556640625,129500.0,3741.0,3720.4,3940.533333333333,4279.425,77.77777777777777,3872.3,-15.133333333333212,-9.599999999999454,-0.0313630880579011,4015.0,4020.0,4000.0,3965.0,160200.0
2023-05-03,4010.0,4040.0,3995.0,4015.0,3837.445556640625,129500.0,3763.25,3734.8,3940.266666666667,4277.825,77.3913043478261,3871.8,-9.799999999999727,-8.5,-0.0313630880579011,4015.0,4040.0,4015.0,4010.0,129500.0
2023-05-04,4010.0,4040.0,3995.0,4015.0,3837.445556640625,129500.0,3784.0,3749.2,3940.0,4276.225,83.9622641509434,3869.7,-6.400000000000091,-8.099999999999454,-0.0313630880579011,4015.0,4040.0,4015.0,4010.0,129500.0
2023-05-05,4010.0,4040.0,3995.0,4015.0,3837.445556640625,129500.0,3804.75,3761.2,3939.733333333333,4274.55,83.16831683168317,3868.0,-2.866666666666788,-7.699999999999818,-0.0394736842105263,4015.0,4040.0,4015.0,4010.0,129500.0
2023-05-06,4010.0,4040.0,3995.0,4015.0,3837.445556640625,129500.0,3825.5,3779.4,3939.6,4272.55,83.16831683168317,3866.5,-1.933333333333394,-8.474999999999454,-0.0336943441636582,4015.0,4040.0,4015.0,4010.0,129500.0
2023-05-07,4010.0,4040.0,3995.0,4015.0,3837.445556640625,129500.0,3842.5,3795.8,3939.8,4270.4,83.16831683168317,3865.0,-0.7333333333331211,-9.025000000000546,-0.0371702637889688,4015.0,4040.0,4015.0,4010.0,129500.0
2023-05-08,3990.0,4090.0,3990.0,4075.0,3894.792724609375,129800.0,3861.75,3816.0,3941.133333333333,4268.95,84.54545454545455,3864.7,0.8666666666663332,-8.875,-0.021608643457383,4075.0,4040.0,4015.0,4010.0,129500.0
2023-05-09,4055.0,4105.0,4035.0,4075.0,3894.792724609375,131900.0,3880.5,3835.0,3942.466666666666,4267.425,80.23255813953489,3865.8,2.466666666666697,-8.800000000000182,-0.0073081607795371,4075.0,4090.0,4075.0,3990.0,129800.0
2023-05-10,4090.0,4125.0,4075.0,4110.0,3928.244384765625,95900.0,3903.25,3855.4,3943.533333333333,4266.075,100.0,3867.6,3.800000000000182,-8.475000000000364,0.0012180267965895,4110.0,4105.0,4075.0,4055.0,131900.0
2023-05-11,4055.0,4080.0,4015.0,4025.0,3847.003662109375,72800.0,3920.5,3872.4,3943.466666666666,4264.3,77.92207792207792,3867.9,3.866666666666788,-8.25,-0.0194884287454324,4110.0,4125.0,4110.0,4090.0,95900.0
2023-05-12,4025.0,4085.0,4015.0,4075.0,3894.792724609375,87100.0,3940.25,3888.4,3944.0666666666666,4262.325,77.02702702702703,3870.3,4.266666666666424,-8.074999999999818,0.0,4110.0,4080.0,4025.0,4055.0,72800.0
2023-05-13,4025.0,4085.0,4015.0,4075.0,3894.792724609375,87100.0,3960.0,3903.8,3944.133333333333,4260.175,77.02702702702703,3873.7,3.0,-8.774999999999636,0.0086633663366335,4110.0,4085.0,4075.0,4025.0,87100.0
2023-05-14,4025.0,4085.0,4015.0,4075.0,3894.792724609375,87100.0,3979.0,3918.8,3943.866666666667,4258.025,77.02702702702703,3877.1,1.400000000000091,-9.400000000000546,-0.0109223300970874,4110.0,4085.0,4075.0,4025.0,87100.0
2023-05-15,4075.0,4095.0,4060.0,4080.0,3899.5712890625,83100.0,3992.25,3935.8,3944.0,4255.925,66.0,3880.6,0.466666666666697,-10.149999999999636,-0.0048780487804878,4110.0,4085.0,4075.0,4025.0,87100.0
2023-05-16,4100.0,4160.0,4090.0,4155.0,3971.2548828125,95500.0,4013.5,3954.8,3945.733333333333,4254.05,72.58064516129032,3884.7,2.266666666666424,-10.25,0.0158924205378974,4155.0,4095.0,4080.0,4075.0,83100.0
2023-05-17,4200.0,4255.0,4120.0,4175.0,3990.3701171875,233100.0,4031.75,3974.6,3946.133333333333,4252.275,74.24242424242425,3889.7,2.066666666666606,-10.050000000000182,0.0207823960880195,4175.0,4160.0,4155.0,4100.0,95500.0
2023-05-18,4200.0,4200.0,4105.0,4105.0,3923.4658203125,113300.0,4043.25,3991.6,3945.6,4250.15,61.25,3891.9,1.466666666666697,-10.025000000000546,0.0036674816625916,4175.0,4255.0,4175.0,4200.0,233100.0
2023-05-19,4070.0,4110.0,4060.0,4080.0,3899.5712890625,177200.0,4053.5,4007.0,3944.733333333333,4247.55,57.64705882352941,3892.4,0.8666666666663332,-10.474999999999454,0.0149253731343284,4175.0,4200.0,4105.0,4200.0,113300.0
2023-05-20,4070.0,4110.0,4060.0,4080.0,3899.5712890625,177200.0,4063.75,4017.6,3943.4,4244.725,57.64705882352941,3890.1,-0.599999999999909,-11.199999999999818,0.0149253731343284,4175.0,4110.0,4080.0,4070.0,177200.0
2023-05-21,4070.0,4110.0,4060.0,4080.0,3899.5712890625,177200.0,4067.75,4031.6,3942.4,4241.8,57.64705882352941,3887.8,-3.33333333333303,-12.25,0.0174563591022443,4175.0,4110.0,4080.0,4070.0,177200.0
2023-05-22,4060.0,4125.0,4060.0,4115.0,3933.0234375,126800.0,4072.75,4043.8,3941.6666666666665,4239.05,55.0,3886.2,-4.466666666666697,-13.224999999999454,0.0404551201011378,4175.0,4110.0,4080.0,4070.0,177200.0
2023-05-23,4135.0,4200.0,4090.0,4110.0,3928.244384765625,140700.0,4077.5,4053.2,3940.933333333333,4236.65,54.320987654320994,3884.6,-4.666666666666515,-13.5,0.0524967989756721,4175.0,4125.0,4115.0,4060.0,126800.0
2023-05-24,4050.0,4075.0,3990.0,3990.0,3813.55126953125,149400.0,4076.25,4057.8,3939.4,4233.65,37.755102040816325,3881.5,-5.33333333333303,-13.900000000000546,0.0217669654289371,4175.0,4200.0,4110.0,4135.0,140700.0
2023-05-25,3945.0,3955.0,3905.0,3920.0,3746.64697265625,122000.0,4071.5,4059.6,3936.933333333333,4230.3,38.94736842105262,3878.3,-6.466666666666697,-14.425000000000182,0.0038412291933418,4175.0,4075.0,3990.0,4050.0,149400.0
2023-05-26,3880.0,3885.0,3800.0,3810.0,3641.511474609375,211600.0,4061.25,4052.0,3933.0,4226.275,25.233644859813083,3879.0,-9.400000000000093,-15.525000000000546,-0.0354430379746835,4175.0,3955.0,3920.0,3945.0,122000.0
2023-05-27,3880.0,3885.0,3800.0,3810.0,3641.511474609375,211600.0,4051.0,4043.8,3929.466666666666,4222.1,25.233644859813083,3882.1,-12.199999999999818,-16.949999999999818,-0.0292993630573248,4175.0,3885.0,3810.0,3880.0,211600.0
2023-05-28,3880.0,3885.0,3800.0,3810.0,3641.511474609375,211600.0,4037.75,4035.6,3926.4,4217.675,25.233644859813083,3885.2,-14.533333333333305,-18.97499999999945,-0.04630788485607,4175.0,3885.0,3810.0,3880.0,211600.0
2023-05-29,3820.0,3820.0,3745.0,3760.0,3593.72265625,169400.0,4022.0,4025.4,3921.6,4213.5,22.41379310344827,3887.3,-17.800000000000182,-20.14999999999964,-0.0727496917385943,4175.0,3885.0,3810.0,3880.0,211600.0
2023-05-30,3700.0,3740.0,3620.0,3625.0,3464.692626953125,156800.0,3997.75,4009.8,3915.266666666667,4208.3,8.593750000000014,3885.5,-21.666666666666515,-22.0,-0.135876042908224,4175.0,3820.0,3760.0,3820.0,169400.0
2023-05-31,3600.0,3610.0,3565.0,3585.0,3426.4619140625,305900.0,3975.75,3992.6,3908.533333333333,4202.9,5.303030303030312,3886.0,-24.466666666666697,-23.375,-0.1454112038140643,4175.0,3740.0,3625.0,3700.0,156800.0
2023-06-01,3600.0,3615.0,3500.0,3520.0,3364.3359375,163500.0,3948.0,3972.8,3900.933333333333,4197.175,5.343511450381669,3884.3,-28.533333333333303,-24.925000000000185,-0.1609058402860548,4175.0,3610.0,3585.0,3600.0,305900.0
2023-06-02,3495.0,3595.0,3495.0,3595.0,3436.019287109375,173900.0,3924.0,3953.6,3894.3333333333335,4192.65,15.60283687943263,3884.8,-32.066666666666606,-25.025000000000546,-0.1420047732696897,4175.0,3615.0,3520.0,3600.0,163500.0
2023-06-03,3495.0,3595.0,3495.0,3595.0,3436.019287109375,173900.0,3900.0,3934.4,3888.6666666666665,4187.85,15.60283687943263,3884.7,-32.933333333333394,-25.64999999999964,-0.1326899879372738,4175.0,3595.0,3595.0,3495.0,173900.0
2023-06-04,3495.0,3595.0,3495.0,3595.0,3436.019287109375,173900.0,3875.75,3913.8,3883.0,4182.8,15.60283687943263,3884.6,-32.26666666666688,-25.5,-0.1188725490196078,4175.0,3595.0,3595.0,3495.0,173900.0
2023-06-05,3665.0,3775.0,3635.0,3750.0,3584.164794921875,169600.0,3855.5,3902.8,3879.533333333333,4178.2,27.878787878787875,3887.6,-29.0,-24.69999999999981,-0.0066225165562914,4175.0,3595.0,3595.0,3495.0,173900.0
2023-06-06,3715.0,3715.0,3645.0,3700.0,3536.376220703125,98400.0,3831.75,3887.8,3876.133333333333,4173.15,26.436781609195407,3888.1,-24.800000000000185,-24.025000000000546,0.0123119015047878,4115.0,3775.0,3750.0,3665.0,169600.0
2023-06-07,3730.0,3730.0,3650.0,3685.0,3522.039306640625,115200.0,3810.75,3872.2,3873.2,4168.025,30.065359477124176,3888.0,-21.133333333333667,-24.625,0.0082079343365253,4115.0,3715.0,3700.0,3715.0,98400.0
2023-06-08,3675.0,3710.0,3655.0,3690.0,3526.818115234375,91500.0,3791.25,3856.8,3870.3333333333335,4162.925,33.57142857142857,3887.8,-18.33333333333303,-24.925000000000185,0.0095759233926129,4115.0,3730.0,3685.0,3730.0,115200.0
2023-06-09,3690.0,3710.0,3670.0,3700.0,3536.376220703125,183500.0,3772.25,3841.6,3867.6,4157.975,40.833333333333336,3888.7,-15.400000000000093,-24.82499999999981,-0.0040376850605652,4115.0,3710.0,3690.0,3675.0,91500.0
2023-06-10,3690.0,3710.0,3670.0,3700.0,3536.376220703125,183500.0,3753.25,3823.4,3864.266666666667,4152.725,40.833333333333336,3889.1,-15.266666666666424,-25.47499999999945,0.0393258426966292,4115.0,3710.0,3700.0,3690.0,183500.0
2023-06-11,3690.0,3710.0,3670.0,3700.0,3536.376220703125,183500.0,3732.5,3804.4,3861.266666666667,4147.475,40.833333333333336,3889.5,-14.866666666666331,-25.674999999999272,0.0263522884882108,4110.0,3710.0,3700.0,3690.0,183500.0
2023-06-12,3710.0,3770.0,3710.0,3770.0,3603.280517578125,106300.0,3715.5,3791.0,3858.266666666667,4142.625,50.80645161290322,3891.3,-14.93333333333294,-25.39999999999964,0.0560224089635854,3990.0,3710.0,3700.0,3690.0,183500.0
2023-06-13,3800.0,3850.0,3800.0,3845.0,3674.963623046875,138700.0,3708.25,3781.6,3855.466666666666,4138.15,69.64285714285714,3894.3,-14.866666666666788,-24.775000000000546,0.0680555555555555,3920.0,3770.0,3770.0,3710.0,106300.0
2023-06-14,3860.0,3890.0,3855.0,3885.0,3713.19482421875,108800.0,3706.5,3773.8,3851.3333333333335,4133.875,76.78571428571428,3895.7,-16.266666666666424,-24.100000000000364,0.0791666666666666,3885.0,3850.0,3845.0,3800.0,138700.0
2023-06-15,3860.0,3890.0,3850.0,3860.0,3689.30029296875,73400.0,3709.0,3765.0,3846.866666666667,4129.475,82.6923076923077,3898.3,-17.40000000000009,-23.25,0.0722222222222221,3885.0,3890.0,3885.0,3860.0,108800.0
2023-06-16,3860.0,3980.0,3855.0,3975.0,3799.214599609375,217900.0,3717.25,3759.4,3843.933333333333,4125.375,83.92857142857143,3901.6,-17.333333333333485,-22.100000000000364,0.0816326530612245,3975.0,3890.0,3860.0,3860.0,73400.0
2023-06-17,3860.0,3980.0,3855.0,3975.0,3799.214599609375,217900.0,3725.5,3754.0,3841.0666666666666,4121.575,83.92857142857143,3903.6,-17.200000000000273,-21.050000000000185,0.0772357723577235,3975.0,3980.0,3975.0,3860.0,217900.0
2023-06-18,3860.0,3980.0,3855.0,3975.0,3799.214599609375,217900.0,3736.25,3753.4,3838.8,4117.95,83.92857142857143,3905.6,-16.666666666666515,-20.19999999999981,0.0743243243243243,3975.0,3980.0,3975.0,3860.0,217900.0
2023-06-19,3975.0,3975.0,3870.0,3905.0,3732.310302734375,71100.0,3750.25,3752.8,3836.466666666666,4114.6,66.31578947368422,3906.2,-14.866666666666788,-19.27499999999964,0.0683994528043776,3975.0,3980.0,3975.0,3860.0,217900.0
2023-06-20,3890.0,3955.0,3885.0,3955.0,3780.099365234375,118100.0,3768.75,3758.6,3838.866666666667,4112.55,76.84210526315789,3905.3,-8.0,-16.925000000000182,0.0747282608695651,3975.0,3975.0,3905.0,3975.0,71100.0
2023-06-21,3920.0,4075.0,3920.0,4060.0,3880.455810546875,193600.0,3795.75,3768.6,3844.266666666667,4111.025,83.1858407079646,3906.2,0.3333333333334849,-14.350000000000364,0.1032608695652173,4060.0,3955.0,3955.0,3890.0,118100.0
2023-06-22,4060.0,4145.0,4045.0,4080.0,3899.5712890625,210700.0,3820.0,3779.4,3849.933333333333,4109.6,83.62068965517241,3907.5,8.866666666666788,-11.974999999999454,0.108695652173913,4080.0,4075.0,4060.0,3920.0,193600.0
2023-06-23,4130.0,4145.0,3975.0,3985.0,3808.7724609375,123400.0,3839.5,3788.4,3854.3333333333335,4107.25,71.42857142857143,3906.9,15.533333333333305,-10.699999999999818,0.0784844384303111,4080.0,4145.0,4080.0,4060.0,210700.0
2023-06-24,4130.0,4145.0,3975.0,3985.0,3808.7724609375,123400.0,3859.0,3802.8,3857.933333333333,4105.575,71.42857142857143,3906.3,21.466666666666697,-9.025000000000546,0.0445609436435123,4080.0,4145.0,3985.0,4130.0,123400.0
2023-06-25,4130.0,4145.0,3975.0,3985.0,3808.7724609375,123400.0,3870.75,3818.8,3863.6,4103.375,71.42857142857143,3905.7,24.73333333333312,-9.175000000000182,0.0683646112600535,4080.0,4145.0,3985.0,4130.0,123400.0
2023-06-26,3970.0,4020.0,3930.0,3990.0,3813.55126953125,125500.0,3885.25,3837.6,3868.733333333333,4101.125,68.33333333333333,3905.2,24.46666666666624,-9.899999999999636,0.0472440944881888,4080.0,4145.0,3985.0,4130.0,123400.0
2023-06-27,4015.0,4035.0,3975.0,4025.0,3847.003662109375,126300.0,3902.25,3854.8,3874.8,4098.775,66.07142857142857,3904.2,24.866666666666788,-10.825000000000728,0.0387096774193549,4080.0,4020.0,3990.0,3970.0,125500.0
2023-06-28,4050.0,4135.0,4050.0,4130.0,3947.360107421875,133000.0,3924.25,3876.2,3881.866666666667,4096.95,69.6,3905.3,27.533333333333303,-10.300000000000182,0.0658064516129033,4130.0,4035.0,4025.0,4015.0,126300.0
2023-06-29,4135.0,4155.0,4080.0,4110.0,3928.244384765625,129000.0,3944.75,3896.8,3888.6666666666665,4095.025,70.16129032258064,3905.3,30.73333333333312,-10.549999999999727,0.0606451612903224,4130.0,4135.0,4130.0,4050.0,133000.0
2023-06-30,4100.0,4115.0,3990.0,4055.0,3875.67724609375,265600.0,3962.5,3909.0,3894.733333333333,4092.575,57.142857142857146,3905.9,31.13333333333321,-10.800000000000182,0.0137499999999999,4130.0,4155.0,4110.0,4135.0,129000.0
2023-07-01,4100.0,4115.0,3990.0,4055.0,3875.67724609375,265600.0,3980.25,3923.2,3899.8,4090.225,57.142857142857146,3905.5,31.06666666666706,-10.900000000000093,0.0099626400996264,4130.0,4115.0,4055.0,4100.0,265600.0
2023-07-02,4100.0,4115.0,3990.0,4055.0,3875.67724609375,265600.0,3994.5,3938.0,3904.6666666666665,4088.225,57.142857142857146,3905.1,29.866666666666333,-10.549999999999727,0.0099626400996264,4130.0,4115.0,4055.0,4100.0,265600.0
2023-07-03,4545.0,4630.0,4275.0,4355.0,4162.41015625,404900.0,4020.0,3964.6,3913.4,4087.725,78.48101265822785,3910.7,31.533333333333303,-9.224999999999907,0.0846824408468243,4355.0,4115.0,4055.0,4100.0,265600.0
2023-07-04,4285.0,4370.0,4235.0,4280.0,4090.7265625,199600.0,4039.75,3987.8,3921.733333333333,4086.95,69.93865030674846,3914.7,33.066666666666606,-8.075000000000273,0.0660024906600249,4355.0,4630.0,4355.0,4545.0,404900.0
2023-07-05,4210.0,4230.0,4170.0,4210.0,4023.822509765625,158000.0,4057.25,4008.2,3928.8,4085.825,59.61538461538462,3915.8,34.06666666666706,-6.75,0.0485678704856786,4355.0,4370.0,4280.0,4285.0,199600.0
2023-07-06,4230.0,4285.0,4190.0,4195.0,4009.48583984375,146900.0,4068.25,4028.0,3935.6666666666665,4084.625,57.41935483870968,3916.2,35.86666666666633,-5.599999999999909,0.0448318804483187,4355.0,4230.0,4210.0,4210.0,158000.0
2023-07-07,4195.0,4195.0,4085.0,4085.0,3904.350341796875,265300.0,4073.75,4040.6,3941.0666666666666,4082.4,56.32911392405063,3915.8,36.40000000000009,-5.824999999999818,0.0024539877300613,4355.0,4285.0,4195.0,4230.0,146900.0
2023-07-08,4195.0,4195.0,4085.0,4085.0,3904.350341796875,265300.0,4079.25,4050.2,3946.266666666667,4079.7,56.32911392405063,3915.9,32.86666666666679,-8.025000000000091,0.0024539877300613,4355.0,4195.0,4085.0,4195.0,265300.0
2023-07-09,4195.0,4195.0,4085.0,4085.0,3904.350341796875,265300.0,4088.25,4058.2,3949.866666666667,4077.2,56.32911392405063,3916.0,28.133333333333667,-9.75,-0.0060827250608272,4355.0,4195.0,4085.0,4195.0,265300.0
2023-07-10,4105.0,4255.0,4075.0,4245.0,4057.274169921875,183300.0,4102.75,4073.6,3956.733333333333,4075.25,63.49206349206349,3919.3,27.93333333333294,-10.574999999999818,0.0546583850931676,4355.0,4195.0,4085.0,4195.0,265300.0
2023-07-11,4290.0,4300.0,4235.0,4275.0,4085.948486328125,183100.0,4113.5,4085.6,3962.933333333333,4073.9,63.297872340425535,3922.5,27.26666666666688,-10.724999999999907,0.0490797546012269,4355.0,4255.0,4245.0,4105.0,183300.0
2023-07-12,4270.0,4275.0,4155.0,4165.0,3980.8125,111000.0,4117.75,4093.2,3966.8,4072.0,51.85185185185185,3923.6,25.733333333333576,-10.400000000000093,0.0220858895705522,4355.0,4300.0,4275.0,4290.0,183100.0
2023-07-13,4210.0,4285.0,4190.0,4225.0,4038.1591796875,105600.0,4129.75,4103.2,3971.466666666666,4070.4,55.83756345177665,3928.3,25.19999999999981,-9.299999999999727,0.0368098159509202,4355.0,4275.0,4165.0,4270.0,111000.0
2023-07-14,4225.0,4235.0,4090.0,4130.0,3947.360107421875,161100.0,4137.0,4112.2,3974.866666666667,4068.35,53.65853658536585,3932.5,25.0,-8.849999999999909,0.0122549019607842,4355.0,4285.0,4225.0,4210.0,105600.0
2023-07-15,4225.0,4235.0,4090.0,4130.0,3947.360107421875,161100.0,4144.25,4119.2,3976.6,4066.625,53.65853658536585,3938.9,19.866666666666788,-8.625,-0.0060168471720818,4355.0,4235.0,4130.0,4225.0,161100.0
2023-07-16,4225.0,4235.0,4090.0,4130.0,3947.360107421875,161100.0,4151.25,4122.0,3978.133333333333,4064.675,53.65853658536585,3945.3,15.199999999999818,-9.224999999999907,-0.0107784431137724,4355.0,4235.0,4130.0,4225.0,161100.0
2023-07-17,4225.0,4235.0,4090.0,4130.0,3947.360107421875,161100.0,4156.5,4124.0,3979.6666666666665,4062.85,34.48275862068965,3951.7,12.866666666666331,-9.150000000000093,0.0060901339829475,4355.0,4235.0,4130.0,4225.0,161100.0
2023-07-18,4170.0,4205.0,4145.0,4200.0,4014.2646484375,83100.0,4160.0,4132.6,3982.133333333333,4061.15,44.44444444444444,3960.5,10.666666666666517,-9.25,0.0294117647058822,4355.0,4235.0,4130.0,4225.0,161100.0
2023-07-19,4270.0,4300.0,4225.0,4290.0,4100.28466796875,121300.0,4169.0,4144.8,3985.8,4059.9,55.4054054054054,3973.8,10.933333333333394,-8.449999999999818,0.0514705882352941,4355.0,4205.0,4200.0,4170.0,83100.0
2023-07-20,4290.0,4310.0,4240.0,4255.0,4066.83251953125,86700.0,4179.0,4155.6,3989.0,4058.475,53.94736842105264,3987.2,12.400000000000093,-8.150000000000091,0.0428921568627451,4355.0,4300.0,4290.0,4270.0,121300.0
2023-07-21,4255.0,4310.0,4240.0,4270.0,4081.169189453125,72200.0,4189.75,4166.8,3992.4,4057.125,63.909774436090224,4002.2,14.26666666666688,-7.550000000000182,0.0376670716889429,4355.0,4310.0,4255.0,4290.0,86700.0
2023-07-22,4255.0,4310.0,4240.0,4270.0,4081.169189453125,72200.0,4200.5,4176.6,3995.0,4055.775,63.909774436090224,4015.7,15.333333333333483,-7.074999999999818,0.0389294403892943,4355.0,4310.0,4270.0,4255.0,72200.0
2023-07-23,4255.0,4310.0,4240.0,4270.0,4081.169189453125,72200.0,4196.25,4182.2,3997.6,4054.425,63.909774436090224,4029.2,15.466666666666695,-6.724999999999909,0.0701754385964912,4290.0,4310.0,4270.0,4255.0,72200.0
2023-07-24,4355.0,4395.0,4335.0,4385.0,4191.08349609375,136600.0,4201.5,4193.2,4001.266666666667,4053.95,61.29032258064516,4045.0,15.466666666666695,-5.950000000000273,0.1186224489795917,4385.0,4310.0,4270.0,4255.0,72200.0
2023-07-25,4400.0,4400.0,4350.0,4380.0,4186.3046875,105600.0,4210.0,4206.2,4006.0,4053.4,58.82352941176471,4057.6,17.0,-5.074999999999818,0.1496062992125983,4385.0,4395.0,4385.0,4355.0,136600.0
2023-07-26,4430.0,4525.0,4415.0,4510.0,4310.55615234375,168700.0,4225.75,4224.4,4011.8,4053.5,78.04878048780488,4073.8,19.40000000000009,-3.625,0.1837270341207348,4510.0,4400.0,4380.0,4400.0,105600.0
2023-07-27,4490.0,4490.0,4420.0,4480.0,4281.88232421875,130300.0,4245.5,4241.4,4017.2,4053.45,71.7948717948718,4089.7,22.19999999999981,-2.325000000000273,0.1758530183727034,4510.0,4525.0,4510.0,4430.0,168700.0
2023-07-28,4410.0,4550.0,4380.0,4545.0,4344.00732421875,148800.0,4268.5,4249.0,4023.466666666666,4053.725,87.38738738738739,4106.8,25.866666666666788,-0.7000000000002728,0.2087765957446807,4545.0,4490.0,4480.0,4490.0,130300.0
2023-07-29,4410.0,4550.0,4380.0,4545.0,4344.00732421875,148800.0,4291.5,4259.6,4029.6666666666665,4054.4,87.38738738738739,4123.7,28.39999999999964,0.4500000000002728,0.2537931034482759,4545.0,4550.0,4545.0,4410.0,148800.0
2023-07-30,4410.0,4550.0,4380.0,4545.0,4344.00732421875,148800.0,4306.5,4273.0,4034.866666666667,4054.775,87.38738738738739,4140.6,28.866666666666788,1.375,0.2677824267782427,4545.0,4550.0,4545.0,4410.0,148800.0
2023-07-31,4655.0,4790.0,4615.0,4785.0,4573.39404296875,256500.0,4332.0,4296.6,4043.0,4056.725,91.19496855345912,4162.3,31.19999999999981,3.224999999999909,0.359375,4785.0,4550.0,4545.0,4410.0,148800.0
2023-08-01,4715.0,4870.0,4710.0,4775.0,4563.8369140625,193100.0,4362.5,4324.2,4051.933333333333,4058.675,89.1156462585034,4182.4,34.733333333333576,5.225000000000364,0.3282336578581364,4785.0,4790.0,4785.0,4655.0,256500.0
2023-08-02,4730.0,4760.0,4640.0,4640.0,4434.80712890625,100400.0,4383.25,4346.4,4059.4,4059.95,72.43589743589743,4198.3,35.933333333333394,6.224999999999909,0.2906815020862308,4785.0,4870.0,4775.0,4715.0,193100.0
2023-08-03,4575.0,4590.0,4525.0,4560.0,4358.34423828125,110300.0,4404.75,4365.4,4065.8,4060.825,68.48484848484848,4211.8,36.13333333333367,6.424999999999727,0.2684283727399166,4785.0,4760.0,4640.0,4730.0,100400.0
2023-08-04,4500.0,4525.0,4460.0,4475.0,4277.10302734375,111400.0,4422.0,4374.6,4071.0666666666666,4061.475,61.452513966480446,4224.1,36.19999999999982,6.699999999999818,0.1933333333333333,4785.0,4590.0,4560.0,4575.0,110300.0
2023-08-05,4500.0,4525.0,4460.0,4475.0,4277.10302734375,111400.0,4439.25,4382.6,4075.866666666667,4061.9,61.452513966480446,4234.1,32.86666666666679,5.175000000000182,0.2094594594594594,4785.0,4525.0,4475.0,4500.0,111400.0
2023-08-06,4500.0,4525.0,4460.0,4475.0,4277.10302734375,111400.0,4456.5,4395.0,4080.733333333333,4061.75,61.452513966480446,4244.1,28.799999999999727,3.074999999999818,0.2143826322930799,4785.0,4525.0,4475.0,4500.0,111400.0
2023-08-07,4440.0,4485.0,4400.0,4415.0,4219.7568359375,151200.0,4467.25,4402.6,4086.4,4061.4,51.78571428571429,4252.9,27.0,1.4500000000002728,0.1964769647696476,4785.0,4525.0,4475.0,4500.0,111400.0
2023-08-08,4510.0,4540.0,4375.0,4395.0,4200.6416015625,164200.0,4472.5,4413.2,4092.733333333333,4061.55,50.87719298245614,4262.7,26.93333333333294,0.7250000000003638,0.1878378378378378,4785.0,4485.0,4415.0,4440.0,151200.0
2023-08-09,4360.0,4415.0,4355.0,4400.0,4205.42041015625,130100.0,4479.75,4424.0,4100.6,4061.725,42.465753424657535,4271.6,29.53333333333376,0.25,0.1891891891891892,4785.0,4540.0,4395.0,4510.0,164200.0
2023-08-10,4400.0,4450.0,4360.0,4440.0,4243.6513671875,78400.0,4488.25,4436.4,4109.0,4062.1,47.2972972972973,4279.2,33.13333333333321,0.1999999999998181,0.1999999999999999,4785.0,4415.0,4400.0,4360.0,130100.0
2023-08-11,4400.0,4450.0,4360.0,4440.0,4243.6513671875,78400.0,4496.75,4448.8,4117.4,4061.9,42.22222222222222,4286.4,36.66666666666652,0.1500000000000909,0.1777188328912466,4785.0,4450.0,4440.0,4400.0,78400.0
2023-08-12,4400.0,4450.0,4360.0,4440.0,4243.6513671875,78400.0,4505.25,4458.4,4126.466666666666,4061.775,42.22222222222222,4295.5,40.06666666666615,0.375,0.154746423927178,4785.0,4450.0,4440.0,4400.0,78400.0
2023-08-13,4400.0,4450.0,4360.0,4440.0,4243.6513671875,78400.0,4508.0,4464.4,4137.333333333333,4061.7,42.22222222222222,4304.6,44.59999999999991,0.1499999999996362,0.1428571428571428,4785.0,4450.0,4440.0,4400.0,78400.0
2023-08-14,4440.0,4475.0,4350.0,4390.0,4195.8623046875,67600.0,4508.5,4469.8,4148.066666666667,4061.475,9.278350515463911,4312.7,47.46666666666624,-0.25,0.1373056994818653,4785.0,4450.0,4440.0,4400.0,78400.0
2023-08-15,4360.0,4415.0,4345.0,4385.0,4191.08349609375,74200.0,4502.25,4474.4,4159.6,4061.325,9.375,4320.6,50.60000000000037,-0.775000000000091,0.1031446540880502,4785.0,4475.0,4390.0,4440.0,67600.0
2023-08-16,4335.0,4365.0,4305.0,4335.0,4143.29443359375,78300.0,4495.0,4477.0,4169.466666666666,4060.925,11.392405063291136,4326.8,52.066666666666606,-0.974999999999909,0.090566037735849,4785.0,4415.0,4385.0,4360.0,74200.0
2023-08-17,4300.0,4305.0,4190.0,4240.0,4052.495849609375,93800.0,4479.75,4475.8,4178.066666666667,4060.05,10.975609756097567,4329.0,51.60000000000037,-1.724999999999909,0.0666666666666666,4785.0,4365.0,4335.0,4335.0,78300.0
2023-08-18,4220.0,4280.0,4190.0,4275.0,4085.948486328125,89800.0,4466.25,4471.4,4187.133333333333,4059.35,22.22222222222221,4332.3,49.80000000000018,-2.349999999999909,0.0947503201024326,4785.0,4305.0,4240.0,4300.0,93800.0
2023-08-19,4220.0,4280.0,4190.0,4275.0,4085.948486328125,89800.0,4452.75,4467.2,4194.133333333333,4058.95,22.22222222222221,4336.7,46.066666666666606,-2.525000000000091,0.0809102402022756,4785.0,4280.0,4275.0,4220.0,89800.0
2023-08-20,4220.0,4280.0,4190.0,4275.0,4085.948486328125,89800.0,4427.25,4457.8,4201.8,4058.625,22.22222222222221,4341.1,42.19999999999982,-2.699999999999818,0.0529556650246305,4775.0,4280.0,4275.0,4220.0,89800.0
2023-08-21,4275.0,4310.0,4240.0,4275.0,4085.948486328125,65200.0,4402.25,4449.6,4209.666666666667,4058.3,26.66666666666667,4345.5,40.20000000000073,-2.625,0.0477941176470588,4640.0,4280.0,4275.0,4220.0,89800.0
2023-08-22,4285.0,4505.0,4260.0,4430.0,4234.0927734375,169800.0,4391.75,4445.0,4219.533333333334,4059.25,54.02298850574712,4347.0,41.46666666666715,-0.8000000000001819,0.1116687578419071,4560.0,4310.0,4275.0,4275.0,65200.0
2023-08-23,4390.0,4450.0,4325.0,4450.0,4253.20849609375,142500.0,4386.25,4441.2,4229.533333333334,4060.3,55.55555555555556,4350.4,42.40000000000055,0.9500000000002728,0.1166875784190715,4475.0,4505.0,4430.0,4285.0,169800.0
2023-08-24,4420.0,4420.0,4355.0,4360.0,4167.18896484375,76300.0,4380.5,4433.8,4238.333333333333,4060.9,41.99999999999999,4353.4,44.19999999999982,1.9500000000002728,0.0941028858218318,4475.0,4450.0,4450.0,4390.0,142500.0
2023-08-25,4305.0,4320.0,4260.0,4295.0,4105.0634765625,107200.0,4371.5,4414.2,4246.266666666666,4061.325,37.16814159292036,4355.4,44.46666666666624,2.699999999999818,0.0764411027568923,4475.0,4420.0,4360.0,4420.0,76300.0
2023-08-26,4305.0,4320.0,4260.0,4295.0,4105.0634765625,107200.0,4362.5,4395.0,4253.266666666666,4061.525,37.16814159292036,4359.6,43.599999999999454,3.224999999999909,0.0670807453416149,4450.0,4320.0,4295.0,4305.0,107200.0
2023-08-27,4305.0,4320.0,4260.0,4295.0,4105.0634765625,107200.0,4356.5,4381.2,4259.266666666666,4061.625,37.16814159292036,4363.8,39.733333333332666,2.375,0.039951573849879,4450.0,4320.0,4295.0,4305.0,107200.0
2023-08-28,4355.0,4365.0,4315.0,4360.0,4167.18896484375,65600.0,4354.75,4373.2,4265.6,4062.15,47.41379310344827,4369.3,36.066666666666606,1.849999999999909,0.0608272506082725,4450.0,4320.0,4295.0,4305.0,107200.0
2023-08-29,4365.0,4400.0,4335.0,4335.0,4143.29443359375,81800.0,4351.5,4367.6,4271.933333333333,4062.35,45.833333333333336,4371.1,33.600000000000364,1.449999999999818,0.0690505548705302,4450.0,4365.0,4360.0,4355.0,65600.0
2023-08-30,4315.0,4415.0,4300.0,4365.0,4201.041015625,109500.0,4347.75,4363.2,4277.133333333333,4062.7,52.58620689655173,4372.9,30.866666666666788,1.375,0.0764488286066584,4450.0,4400.0,4335.0,4365.0,81800.0
2023-08-31,4345.0,4430.0,4325.0,4415.0,4249.16259765625,93000.0,4346.5,4360.8,4283.0,4063.3,66.35514018691589,4377.9,29.733333333333576,1.775000000000091,0.0887792848335389,4450.0,4415.0,4365.0,4315.0,109500.0
2023-09-01,4440.0,4485.0,4440.0,4475.0,4306.90869140625,77800.0,4348.25,4363.2,4289.666666666667,4064.925,67.85714285714286,4382.9,30.400000000000546,3.300000000000182,0.0275545350172214,4475.0,4430.0,4415.0,4345.0,93000.0
2023-09-02,4440.0,4485.0,4440.0,4475.0,4306.90869140625,77800.0,4350.0,4366.4,4297.266666666666,4066.5,67.85714285714286,4389.8,31.66666666666606,4.349999999999909,0.0455607476635513,4475.0,4485.0,4475.0,4440.0,77800.0
2023-09-03,4440.0,4485.0,4440.0,4475.0,4306.90869140625,77800.0,4354.25,4369.4,4304.2,4068.475,67.85714285714286,4396.7,32.266666666666424,6.125,0.0629453681710214,4475.0,4485.0,4475.0,4440.0,77800.0
2023-09-04,4460.0,4535.0,4430.0,4535.0,4364.65478515625,82100.0,4361.75,4373.2,4310.533333333334,4070.7,70.96774193548387,4404.8,33.400000000000546,8.0,0.0810488676996423,4535.0,4485.0,4475.0,4440.0,77800.0
2023-09-05,4525.0,4545.0,4480.0,4535.0,4364.65478515625,73700.0,4371.75,4377.0,4316.6,4073.2,61.29032258064516,4412.9,33.600000000000364,9.899999999999636,0.11015911872705,4535.0,4535.0,4535.0,4460.0,82100.0
2023-09-06,4540.0,4555.0,4525.0,4550.0,4379.091796875,65200.0,4387.25,4381.4,4324.133333333333,4075.775,60.869565217391305,4419.9,34.46666666666624,10.849999999999907,0.1138310893512852,4550.0,4545.0,4535.0,4525.0,73700.0
2023-09-07,4540.0,4540.0,4375.0,4380.0,4215.4775390625,111700.0,4392.5,4379.0,4329.4,4077.5,51.85185185185185,4421.7,32.13333333333321,11.0,0.0722154222766218,4550.0,4555.0,4550.0,4540.0,65200.0
2023-09-08,4310.0,4365.0,4255.0,4260.0,4099.984375,141400.0,4391.75,4373.8,4333.066666666667,4078.675,47.05882352941176,4421.8,28.866666666666788,10.200000000000273,0.0035335689045936,4550.0,4540.0,4380.0,4540.0,111700.0
2023-09-09,4310.0,4365.0,4255.0,4260.0,4099.984375,141400.0,4391.0,4368.8,4336.666666666667,4079.975,47.05882352941176,4421.6,26.13333333333321,9.275000000000093,-0.0035087719298245,4550.0,4365.0,4260.0,4310.0,141400.0
2023-09-10,4310.0,4365.0,4255.0,4260.0,4099.984375,141400.0,4390.25,4365.8,4339.8,4081.4,47.05882352941176,4421.4,23.19999999999981,8.200000000000273,0.0228091236494598,4550.0,4365.0,4260.0,4310.0,141400.0
2023-09-11,4255.0,4275.0,4140.0,4185.0,4027.802001953125,111800.0,4378.0,4363.6,4340.533333333334,4082.45,35.53719008264463,4419.7,16.400000000000546,6.674999999999727,-0.0094674556213018,4550.0,4365.0,4260.0,4310.0,141400.0
2023-09-12,4195.0,4250.0,4140.0,4150.0,3994.116455078125,99300.0,4363.0,4358.6,4341.066666666667,4083.05,34.95934959349594,4415.0,11.66666666666697,5.550000000000182,0.0048426150121065,4550.0,4275.0,4185.0,4255.0,111800.0
2023-09-13,4155.0,4255.0,4150.0,4230.0,4071.111572265625,101400.0,4356.5,4356.8,4343.4,4084.05,39.84962406015037,4412.0,10.33333333333303,5.375,0.0242130750605327,4550.0,4250.0,4150.0,4195.0,99300.0
2023-09-14,4195.0,4230.0,4155.0,4225.0,4066.299560546875,74000.0,4353.0,4354.8,4345.666666666667,4085.025,34.67741935483872,4406.3,9.0,5.050000000000182,0.0230024213075059,4550.0,4255.0,4230.0,4155.0,101400.0
2023-09-15,4245.0,4290.0,4190.0,4265.0,4104.79736328125,100900.0,4351.5,4354.4,4348.466666666666,4086.0,32.5,4402.0,8.66666666666606,4.599999999999909,0.0326876513317191,4550.0,4230.0,4225.0,4195.0,74000.0
2023-09-16,4245.0,4290.0,4190.0,4265.0,4104.79736328125,100900.0,4350.0,4347.8,4347.266666666666,4086.85,32.5,4396.4,6.733333333332666,4.400000000000091,0.0154761904761904,4550.0,4290.0,4265.0,4245.0,100900.0
2023-09-17,4245.0,4290.0,4190.0,4265.0,4104.79736328125,100900.0,4345.25,4340.4,4347.066666666667,4087.825,32.5,4390.8,6.0,4.774999999999636,-0.0058275058275057,4550.0,4290.0,4265.0,4245.0,100900.0
2023-09-18,4245.0,4290.0,4190.0,4265.0,4104.79736328125,100900.0,4341.75,4336.6,4347.8,4089.025,25.0,4385.2,4.400000000000546,4.974999999999909,0.0023501762632196,4550.0,4290.0,4265.0,4245.0,100900.0
2023-09-19,4260.0,4310.0,4200.0,4270.0,4109.609375,112600.0,4337.0,4335.6,4348.8,4089.65,25.68807339449542,4374.9,3.133333333333212,4.625,0.0,4550.0,4290.0,4265.0,4245.0,100900.0
2023-09-20,4200.0,4280.0,4145.0,4175.0,4018.177490234375,118800.0,4325.0,4330.8,4350.0,4089.8,20.0,4362.9,1.5333333333337578,3.800000000000182,-0.0222482435597189,4550.0,4310.0,4270.0,4260.0,112600.0
2023-09-21,4145.0,4215.0,4145.0,4215.0,4056.67529296875,100500.0,4312.0,4327.6,4351.733333333334,4090.15,33.33333333333333,4354.4,4.466666666667152,3.300000000000182,-0.0128805620608899,4550.0,4280.0,4175.0,4200.0,118800.0
2023-09-22,4145.0,4155.0,4100.0,4135.0,3979.679931640625,122100.0,4295.0,4318.6,4352.4,4089.925,36.26373626373627,4345.9,5.33333333333303,2.100000000000364,-0.057012542759407,4550.0,4215.0,4215.0,4145.0,100500.0
2023-09-23,4145.0,4155.0,4100.0,4135.0,3979.679931640625,122100.0,4278.0,4310.6,4350.933333333333,4089.825,36.26373626373627,4339.1,3.133333333333212,0.7999999999997272,-0.0559360730593607,4550.0,4155.0,4135.0,4145.0,122100.0
2023-09-24,4145.0,4155.0,4100.0,4135.0,3979.679931640625,122100.0,4258.0,4301.4,4349.066666666667,4089.65,36.26373626373627,4332.3,0.2666666666664241,0.0,-0.0831485587583148,4550.0,4155.0,4135.0,4145.0,122100.0
2023-09-25,4160.0,4195.0,4155.0,4170.0,4013.36572265625,79900.0,4239.75,4291.6,4349.133333333333,4089.675,48.19277108433735,4326.2,-0.8666666666667879,-0.125,-0.0691964285714286,4550.0,4155.0,4135.0,4145.0,122100.0
2023-09-26,4130.0,4160.0,4120.0,4125.0,3970.0556640625,72000.0,4218.5,4277.6,4347.8,4089.775,47.05882352941176,4320.4,-3.933333333333394,-0.375,-0.0924092409240924,4380.0,4195.0,4170.0,4160.0,79900.0
2023-09-27,4090.0,4160.0,4075.0,4155.0,3998.928955078125,147100.0,4207.25,4264.8,4348.133333333333,4090.025,39.99999999999999,4315.6,-4.266666666666424,0.099999999999909,-0.0858085808580858,4270.0,4160.0,4125.0,4130.0,72000.0
2023-09-28,4170.0,4170.0,4020.0,4045.0,3893.060791015625,128500.0,4196.5,4247.6,4347.0,4089.725,31.25,4308.5,-3.933333333333394,-0.099999999999909,-0.1100110011001099,4270.0,4160.0,4155.0,4090.0,147100.0
2023-09-29,4050.0,4065.0,3965.0,4000.0,3849.7509765625,125900.0,4183.5,4226.2,4345.266666666666,4089.35,22.680412371134025,4299.7,-3.800000000000182,-0.3000000000001819,-0.1640543364681296,4270.0,4170.0,4045.0,4170.0,128500.0
2023-09-30,4050.0,4065.0,3965.0,4000.0,3849.7509765625,125900.0,4170.5,4204.8,4343.533333333334,4089.15,22.680412371134025,4290.9,-5.599999999999454,-0.525000000000091,-0.1623036649214659,4270.0,4065.0,4000.0,4050.0,125900.0
2023-10-01,4050.0,4065.0,3965.0,4000.0,3849.7509765625,125900.0,4161.25,4182.8,4340.866666666667,4088.55,22.680412371134025,4282.1,-6.933333333333394,-1.224999999999909,-0.1379310344827586,4270.0,4065.0,4000.0,4050.0,125900.0
2023-10-02,4070.0,4125.0,4025.0,4040.0,3888.24853515625,219400.0,4155.75,4169.2,4337.533333333334,4088.25,28.57142857142857,4274.1,-10.599999999999454,-1.775000000000091,-0.1140350877192982,4270.0,4065.0,4000.0,4050.0,125900.0
2023-10-03,3805.0,4090.0,3745.0,4065.0,3912.309326171875,401000.0,4147.5,4161.4,4335.0,4088.125,31.19266055045871,4267.6,-12.0,-1.599999999999909,-0.0916201117318435,4270.0,4125.0,4040.0,4070.0,219400.0
2023-10-04,4005.0,4160.0,3975.0,4145.0,3989.3046875,245200.0,4143.5,4156.8,4333.333333333333,4088.4,47.16981132075472,4262.8,-11.933333333333394,-0.949999999999818,-0.0737430167597765,4270.0,4090.0,4065.0,3805.0,401000.0
2023-10-05,4150.0,4210.0,4060.0,4145.0,3989.3046875,171500.0,4137.5,4152.2,4331.666666666667,4088.675,42.85714285714285,4259.0,-11.866666666666788,-0.474999999999909,-0.0737430167597765,4270.0,4160.0,4145.0,4005.0,245200.0
2023-10-06,4240.0,4285.0,4155.0,4280.0,4119.2333984375,134400.0,4138.25,4156.0,4331.8,4089.975,63.30275229357797,4259.8,-9.066666666666606,1.4249999999997272,-0.0305775764439411,4280.0,4210.0,4145.0,4150.0,171500.0
2023-10-07,4240.0,4285.0,4155.0,4280.0,4119.2333984375,134400.0,4139.0,4161.2,4330.4,4091.275,63.30275229357797,4259.9,-7.133333333334122,3.025000000000091,-0.0261660978384528,4280.0,4285.0,4280.0,4240.0,134400.0
2023-10-08,4240.0,4285.0,4155.0,4280.0,4119.2333984375,134400.0,4139.75,4163.2,4329.066666666667,4092.625,63.30275229357797,4260.0,-5.933333333333394,4.5,-0.0272727272727272,4280.0,4285.0,4280.0,4240.0,134400.0
2023-10-09,4240.0,4285.0,4155.0,4280.0,4119.2333984375,134400.0,4140.25,4165.4,4326.0,4094.25,60.78431372549019,4260.1,-7.33333333333303,5.849999999999909,-0.036036036036036,4280.0,4285.0,4280.0,4240.0,134400.0
2023-10-10,4280.0,4290.0,4210.0,4260.0,4099.984375,116200.0,4144.5,4165.2,4323.066666666667,4096.025,63.91752577319588,4259.8,-8.600000000000364,7.349999999999454,-0.0405405405405405,4280.0,4285.0,4280.0,4240.0,134400.0
2023-10-11,4305.0,4355.0,4245.0,4285.0,4124.04541015625,114000.0,4148.0,4166.0,4319.6,4097.925,63.54166666666666,4256.9,-12.199999999999818,7.950000000000273,-0.0349099099099099,4285.0,4290.0,4260.0,4280.0,116200.0
2023-10-12,4285.0,4325.0,4260.0,4315.0,4152.9189453125,80100.0,4157.0,4168.0,4316.533333333334,4099.975,83.75,4254.2,-13.866666666665878,8.700000000000273,-0.0281531531531531,4315.0,4355.0,4285.0,4305.0,114000.0
2023-10-13,4315.0,4335.0,4235.0,4255.0,4095.1728515625,112200.0,4163.0,4167.6,4312.666666666667,4101.5,80.72289156626506,4252.1,-16.399999999999636,8.875,-0.030751708428246,4315.0,4325.0,4315.0,4285.0,80100.0
2023-10-14,4315.0,4335.0,4235.0,4255.0,4095.1728515625,112200.0,4169.0,4167.0,4305.6,4103.15,80.72289156626506,4251.3,-20.39999999999964,8.899999999999636,-0.0296465222348917,4315.0,4335.0,4255.0,4315.0,112200.0
2023-10-15,4315.0,4335.0,4235.0,4255.0,4095.1728515625,112200.0,4173.25,4170.2,4298.666666666667,4104.45,80.72289156626506,4250.5,-24.39999999999964,8.425000000000182,-0.0184544405997693,4315.0,4335.0,4255.0,4315.0,112200.0
2023-10-16,4225.0,4235.0,4130.0,4185.0,4027.802001953125,78100.0,4176.25,4169.0,4292.6,4105.1,66.29213483146069,4248.3,-27.0,7.175000000000182,-0.0129716981132075,4315.0,4335.0,4255.0,4315.0,112200.0
2023-10-17,4210.0,4250.0,4160.0,4200.0,4042.238525390625,110800.0,4178.5,4171.6,4287.8,4105.125,65.51724137931035,4245.1,-28.733333333333576,5.149999999999636,-0.0175438596491228,4315.0,4235.0,4185.0,4225.0,78100.0
2023-10-18,4225.0,4265.0,4085.0,4120.0,3965.24365234375,157200.0,4182.25,4171.0,4283.066666666667,4104.75,47.12643678160919,4240.8,-29.600000000000364,3.25,-0.0362573099415204,4315.0,4250.0,4200.0,4210.0,110800.0
2023-10-19,4030.0,4075.0,4000.0,4060.0,3907.497314453125,81500.0,4185.25,4168.0,4277.533333333334,4104.075,41.41414141414141,4234.7,-28.06666666666661,0.925000000000182,-0.0502923976608187,4315.0,4265.0,4120.0,4225.0,157200.0
2023-10-20,4060.0,4095.0,4015.0,4060.0,3907.497314453125,59100.0,4188.25,4163.6,4272.0,4103.425,19.444444444444443,4227.6,-26.66666666666697,-1.0249999999996362,-0.0502923976608187,4315.0,4075.0,4060.0,4030.0,81500.0
2023-10-21,4060.0,4095.0,4015.0,4060.0,3907.497314453125,59100.0,4191.25,4161.0,4267.266666666666,4103.0,19.444444444444443,4219.3,-25.33333333333394,-2.100000000000364,-0.0835214446952595,4315.0,4095.0,4060.0,4060.0,59100.0
2023-10-22,4060.0,4095.0,4015.0,4060.0,3907.497314453125,59100.0,4192.25,4157.2,4262.8,4102.9,19.444444444444443,4211.0,-25.0,-2.225000000000364,-0.0876404494382022,4315.0,4095.0,4060.0,4060.0,59100.0
2023-10-23,4045.0,4045.0,3935.0,3950.0,3801.62939453125,99600.0,4186.5,4153.4,4256.8,4103.775,14.893617021276595,4200.5,-26.266666666666424,-0.9750000000003638,-0.0940366972477064,4315.0,4095.0,4060.0,4060.0,59100.0
2023-10-24,3955.0,4070.0,3935.0,4070.0,3917.121826171875,71200.0,4182.75,4156.2,4251.866666666667,4105.85,33.33333333333333,4191.2,-25.66666666666697,1.7750000000005457,-0.0523864959254947,4315.0,4045.0,3950.0,4045.0,99600.0
2023-10-25,4085.0,4110.0,3995.0,4050.0,3897.872802734375,110700.0,4178.0,4158.2,4246.666666666667,4107.825,29.203539823008853,4181.5,-25.33333333333303,4.399999999999636,-0.0570430733410942,4315.0,4070.0,4070.0,3955.0,71200.0
2023-10-26,4040.0,4080.0,3970.0,3985.0,3835.314453125,72300.0,4163.25,4157.6,4240.6,4109.475,22.5,4170.2,-26.66666666666606,6.475000000000364,-0.0721769499417928,4315.0,4110.0,4050.0,4085.0,110700.0
2023-10-27,4035.0,4100.0,4015.0,4075.0,3921.93408203125,66100.0,4153.0,4159.0,4235.733333333334,4111.275,35.71428571428572,4164.1,-27.06666666666661,8.375,-0.0653669724770642,4315.0,4080.0,3985.0,4040.0,72300.0
2023-10-28,4035.0,4100.0,4015.0,4075.0,3921.93408203125,66100.0,4142.75,4159.4,4231.533333333334,4113.85,35.71428571428572,4160.4,-25.266666666666424,10.075000000000728,-0.0599769319492502,4315.0,4100.0,4075.0,4035.0,66100.0
2023-10-29,4035.0,4100.0,4015.0,4075.0,3921.93408203125,66100.0,4132.5,4156.6,4227.4,4116.2,35.71428571428572,4156.7,-24.46666666666715,10.349999999999454,-0.0664375715922107,4315.0,4100.0,4075.0,4035.0,66100.0
2023-10-30,4045.0,4075.0,4000.0,4045.0,3893.060791015625,87400.0,4121.75,4152.6,4223.533333333334,4118.575,38.13559322033898,4152.4,-23.13333333333321,10.75,-0.0838052095130238,4315.0,4100.0,4075.0,4035.0,66100.0
2023-10-31,4095.0,4140.0,4050.0,4135.0,3979.679931640625,70700.0,4114.25,4146.8,4222.133333333333,4121.25,45.11278195488721,4151.4,-18.46666666666715,11.774999999999636,-0.0759776536312849,4315.0,4075.0,4045.0,4045.0,87400.0
2023-11-01,4190.0,4200.0,4155.0,4175.0,4018.177490234375,80100.0,4107.25,4142.6,4220.8,4124.125,54.400000000000006,4151.9,-14.933333333333394,12.850000000000364,-0.0670391061452514,4255.0,4140.0,4135.0,4095.0,70700.0
2023-11-02,4215.0,4230.0,4160.0,4195.0,4037.426513671875,57100.0,4104.25,4139.2,4219.733333333334,4127.1,61.53846153846153,4151.2,-11.800000000000182,13.25,-0.0625698324022346,4255.0,4200.0,4175.0,4190.0,80100.0
2023-11-03,4215.0,4230.0,4160.0,4195.0,4037.426513671875,57100.0,4101.25,4135.8,4218.666666666667,4129.7,61.53846153846153,4150.6,-8.733333333332666,13.5,-0.0749724366041896,4255.0,4230.0,4195.0,4215.0,57100.0
2023-11-04,4215.0,4230.0,4160.0,4195.0,4037.426513671875,57100.0,4098.25,4133.2,4217.6,4132.225,61.53846153846153,4149.2,-5.933333333333394,13.650000000000546,-0.0749724366041896,4200.0,4230.0,4195.0,4215.0,57100.0
2023-11-05,4215.0,4230.0,4160.0,4195.0,4037.426513671875,57100.0,4098.75,4129.6,4214.466666666666,4134.7,61.53846153846153,4147.8,-7.66666666666697,13.449999999999818,-0.0780219780219779,4200.0,4230.0,4195.0,4215.0,57100.0
2023-11-06,4265.0,4325.0,4245.0,4295.0,4133.669921875,94900.0,4103.5,4128.8,4212.4,4137.9,80.0,4148.4,-8.400000000000546,13.774999999999636,-0.0194063926940639,4295.0,4230.0,4195.0,4215.0,57100.0
2023-11-07,4260.0,4260.0,4175.0,4175.0,4018.177490234375,65800.0,4106.25,4125.6,4209.933333333333,4140.375,59.130434782608695,4146.6,-9.800000000000182,13.274999999999636,-0.0199530516431925,4295.0,4325.0,4295.0,4265.0,94900.0
2023-11-08,4175.0,4175.0,4105.0,4140.0,3984.492431640625,87400.0,4110.25,4121.0,4207.866666666667,4142.675,57.62711864406779,4144.0,-10.800000000000182,12.975000000000364,-0.028169014084507,4295.0,4260.0,4175.0,4260.0,65800.0
2023-11-09,4135.0,4135.0,4045.0,4095.0,3941.182373046875,85300.0,4112.0,4114.6,4205.2,4144.75,59.64912280701755,4142.4,-12.400000000000546,12.524999999999636,-0.0387323943661971,4295.0,4175.0,4140.0,4175.0,87400.0
2023-11-10,4125.0,4155.0,4110.0,4135.0,3979.679931640625,55200.0,4115.75,4112.6,4203.066666666667,4146.95,55.76923076923077,4140.8,-11.399999999999636,12.25,-0.01194743130227,4295.0,4135.0,4095.0,4135.0,85300.0
2023-11-11,4125.0,4155.0,4110.0,4135.0,3979.679931640625,55200.0,4119.5,4110.0,4200.066666666667,4148.55,55.76923076923077,4140.8,-12.33333333333303,10.650000000000546,-0.0036144578313253,4295.0,4155.0,4135.0,4125.0,55200.0
2023-11-12,4125.0,4155.0,4110.0,4135.0,3979.679931640625,55200.0,4128.75,4110.6,4197.4,4150.575,55.76923076923077,4140.8,-12.533333333333758,10.199999999999818,-0.0224586288416075,4295.0,4155.0,4135.0,4125.0,55200.0
2023-11-13,4150.0,4150.0,4085.0,4085.0,3931.558349609375,38500.0,4129.5,4111.6,4193.666666666667,4151.95,53.70370370370371,4139.8,-14.199999999999818,9.274999999999636,-0.0331360946745562,4295.0,4155.0,4135.0,4125.0,55200.0
2023-11-14,4130.0,4130.0,4025.0,4025.0,3873.81201171875,44700.0,4128.25,4110.2,4188.466666666666,4152.7,39.21568627450981,4136.9,-16.733333333333576,7.949999999999818,-0.0562719812426729,4295.0,4150.0,4085.0,4150.0,38500.0
2023-11-15,4065.0,4105.0,4025.0,4090.0,3936.370361328125,108900.0,4133.5,4111.4,4183.333333333333,4153.775,42.056074766355145,4136.2,-19.733333333333576,6.824999999999818,-0.041031652989449,4295.0,4130.0,4025.0,4130.0,44700.0
2023-11-16,4060.0,4060.0,3945.0,3975.0,3825.68994140625,88100.0,4128.5,4108.0,4176.666666666667,4154.275,32.539682539682545,4132.6,-23.39999999999964,5.724999999999454,-0.0679953106682297,4295.0,4105.0,4090.0,4065.0,108900.0
2023-11-17,3975.0,4075.0,3960.0,4070.0,3917.121826171875,65400.0,4128.25,4112.8,4171.266666666666,4154.625,41.37931034482759,4133.1,-26.13333333333321,4.050000000000182,-0.0457209847596717,4295.0,4060.0,3975.0,4060.0,88100.0
2023-11-18,3975.0,4075.0,3960.0,4070.0,3917.121826171875,65400.0,4128.0,4112.8,4165.066666666667,4154.9,41.37931034482759,4134.5,-28.600000000000364,2.949999999999818,-0.0468384074941452,4295.0,4075.0,4070.0,3975.0,65400.0
2023-11-19,3975.0,4075.0,3960.0,4070.0,3917.121826171875,65400.0,4129.25,4113.6,4158.866666666667,4155.175,41.37931034482759,4135.9,-29.59999999999945,2.475000000000364,-0.0251497005988023,4295.0,4075.0,4070.0,3975.0,65400.0
2023-11-20,4080.0,4130.0,4050.0,4120.0,3965.24365234375,103200.0,4128.5,4119.0,4153.133333333333,4155.7,37.037037037037045,4138.3,-30.19999999999981,1.925000000000182,-0.0225385527876631,4295.0,4075.0,4070.0,3975.0,65400.0
2023-11-21,4105.0,4140.0,3990.0,4000.0,3849.7509765625,120200.0,4119.75,4116.0,4148.066666666667,4155.625,37.037037037037045,4137.5,-28.600000000000364,1.3500000000003638,-0.0326481257557436,4295.0,4130.0,4120.0,4080.0,103200.0
2023-11-22,3965.0,3990.0,3935.0,3955.0,3806.44140625,146700.0,4107.75,4111.2,4144.0,4155.325,36.496350364963504,4135.3,-27.266666666666424,0.6999999999998181,-0.0435308343409915,4295.0,4140.0,4000.0,4105.0,120200.0
2023-11-23,3965.0,3990.0,3935.0,3955.0,3806.44140625,146700.0,4095.75,4106.4,4139.933333333333,4155.025,39.0625,4131.5,-25.13333333333321,0.125,-0.0435308343409915,4295.0,3990.0,3955.0,3965.0,146700.0
2023-11-24,3970.0,3980.0,3880.0,3885.0,3739.07080078125,268700.0,4080.25,4100.0,4134.933333333333,4154.075,31.343283582089555,4126.3,-23.9333333333334,-1.1000000000003638,-0.0683453237410072,4295.0,3990.0,3955.0,3965.0,146700.0
2023-11-25,3970.0,3980.0,3880.0,3885.0,3739.07080078125,268700.0,4064.75,4090.0,4130.933333333333,4153.125,31.343283582089555,4118.4,-22.19999999999981,-2.574999999999818,-0.0581818181818182,4295.0,3980.0,3885.0,3970.0,268700.0
2023-11-26,3970.0,3980.0,3880.0,3885.0,3739.07080078125,268700.0,4044.25,4078.4,4127.4,4152.0,31.343283582089555,4110.5,-20.66666666666697,-3.625,-0.0649819494584837,4175.0,3980.0,3885.0,3970.0,268700.0
2023-11-27,3895.0,3955.0,3850.0,3915.0,3767.944091796875,182700.0,4031.25,4067.2,4123.2,4151.45,36.92307692307693,4103.2,-20.800000000000185,-3.875,-0.0321384425216316,4140.0,3980.0,3885.0,3970.0,268700.0
2023-11-28,3980.0,3980.0,3830.0,3915.0,3767.944091796875,130600.0,4020.0,4056.0,4119.066666666667,4150.65,40.67796610169491,4095.9,-20.866666666666788,-4.375,-0.0212499999999999,4135.0,3955.0,3915.0,3895.0,182700.0
2023-11-29,3860.0,3945.0,3860.0,3910.0,3763.131591796875,87300.0,4010.75,4044.6,4114.333333333333,4149.825,33.01886792452831,4088.9,-20.600000000000364,-4.25,-0.0224999999999999,4135.0,3980.0,3915.0,3980.0,130600.0
2023-11-30,3885.0,3935.0,3840.0,3920.0,3772.755859375,161300.0,4000.0,4033.6,4109.733333333334,4149.05,43.52941176470588,4081.6,-21.19999999999981,-4.074999999999818,-0.02,4135.0,3945.0,3910.0,3860.0,87300.0
2023-12-01,3925.0,3995.0,3895.0,3910.0,3763.131591796875,92800.0,3988.75,4018.2,4105.0,4148.2,26.47058823529412,4073.5,-22.39999999999964,-3.800000000000182,-0.0321782178217822,4135.0,3935.0,3920.0,3885.0,161300.0
2023-12-02,3925.0,3995.0,3895.0,3910.0,3763.131591796875,92800.0,3977.5,4007.6,4100.266666666666,4146.975,26.47058823529412,4066.6,-22.9333333333334,-4.474999999999454,-0.038130381303813,4120.0,3995.0,3910.0,3925.0,92800.0
2023-12-03,3925.0,3995.0,3895.0,3910.0,3763.131591796875,92800.0,3968.75,3998.4,4095.466666666666,4145.65,26.47058823529412,4059.7,-23.59999999999991,-5.0,-0.0566948130277442,4120.0,3995.0,3910.0,3925.0,92800.0
2023-12-04,3860.0,3870.0,3815.0,3815.0,3671.7001953125,97000.0,3958.25,3987.2,4090.6666666666665,4144.2,10.389610389610397,4050.9,-23.666666666666515,-5.625,-0.0796139927623642,4120.0,3995.0,3910.0,3925.0,92800.0
2023-12-05,3820.0,3870.0,3785.0,3785.0,3642.826904296875,75400.0,3943.0,3973.2,4084.933333333333,4142.725,13.559322033898296,4042.9,-24.800000000000185,-6.324999999999818,-0.1156542056074766,4120.0,3870.0,3815.0,3860.0,97000.0
2023-12-06,3780.0,3950.0,3780.0,3935.0,3787.192626953125,87900.0,3941.0,3965.2,4082.266666666667,4142.0,47.5,4037.6,-22.73333333333312,-6.199999999999818,-0.080607476635514,4120.0,3870.0,3785.0,3820.0,75400.0
2023-12-07,3900.0,3945.0,3825.0,3830.0,3686.13671875,75500.0,3929.0,3953.0,4078.2,4140.75,37.62376237623763,4031.8,-22.06666666666661,-6.225000000000364,-0.1051401869158878,4120.0,3950.0,3935.0,3780.0,87900.0
2023-12-08,3830.0,3865.0,3745.0,3770.0,3628.390380859375,121300.0,3914.0,3940.4,4073.3333333333335,4139.025,38.38383838383839,4026.0,-22.13333333333321,-6.625,-0.1191588785046728,4120.0,3945.0,3830.0,3900.0,75500.0
2023-12-09,3830.0,3865.0,3745.0,3770.0,3628.390380859375,121300.0,3899.0,3930.2,4068.0,4137.325,38.38383838383839,4020.2,-22.666666666666515,-6.875,-0.1150234741784037,4120.0,3865.0,3770.0,3830.0,121300.0
2023-12-10,3830.0,3865.0,3745.0,3770.0,3628.390380859375,121300.0,3881.5,3917.4,4063.266666666667,4136.225,38.38383838383839,4014.4,-21.666666666666515,-6.5,-0.1201866977829638,4000.0,3865.0,3770.0,3830.0,121300.0
2023-12-11,3785.0,3840.0,3785.0,3815.0,3671.7001953125,72600.0,3872.25,3911.0,4058.733333333333,4135.7,40.19607843137256,4009.5,-23.53333333333376,-6.300000000000182,-0.115874855156431,3955.0,3865.0,3770.0,3830.0,121300.0
2023-12-12,3820.0,3825.0,3770.0,3780.0,3638.0146484375,71300.0,3863.5,3899.4,4055.2,4135.55,37.61467889908257,4006.1,-23.0,-5.199999999999818,-0.1116333725029377,3955.0,3840.0,3815.0,3785.0,72600.0
2023-12-13,3780.0,3825.0,3770.0,3800.0,3657.263427734375,62000.0,3855.75,3888.6,4052.533333333333,4135.5,40.17857142857142,4000.7,-20.800000000000185,-3.524999999999636,-0.1069330199764982,3935.0,3825.0,3780.0,3820.0,71300.0
2023-12-14,3825.0,3850.0,3730.0,3760.0,3618.765869140625,61600.0,3849.5,3876.2,4049.3333333333335,4135.25,36.44067796610169,3994.9,-18.666666666666515,-2.074999999999818,-0.1163337250293772,3935.0,3825.0,3800.0,3780.0,62000.0
2023-12-15,3745.0,3835.0,3735.0,3820.0,3676.512451171875,141300.0,3846.25,3864.2,4046.933333333333,4135.55,42.96875,3991.6,-16.333333333333485,-0.6750000000001819,-0.087216248506571,3935.0,3850.0,3760.0,3825.0,61600.0
2023-12-16,3745.0,3835.0,3735.0,3820.0,3676.512451171875,141300.0,3843.0,3857.0,4044.0,4136.525,42.96875,3986.5,-14.73333333333312,0.8249999999998181,-0.0904761904761904,3935.0,3835.0,3820.0,3745.0,141300.0
2023-12-17,3745.0,3835.0,3735.0,3820.0,3676.512451171875,141300.0,3838.25,3851.6,4040.733333333333,4137.7,42.96875,3981.4,-14.466666666666695,2.149999999999636,-0.0728155339805824,3935.0,3835.0,3820.0,3745.0,141300.0
2023-12-18,3825.0,3895.0,3805.0,3885.0,3739.07080078125,83200.0,3836.75,3848.8,4037.266666666667,4139.525,55.73770491803279,3977.6,-15.266666666666424,4.024999999999636,-0.0431034482758621,3935.0,3835.0,3820.0,3745.0,141300.0
2023-12-19,3905.0,3970.0,3875.0,3895.0,3748.69482421875,110700.0,3836.0,3849.2,4033.933333333333,4141.025,59.32203389830509,3974.6,-15.400000000000093,5.774999999999636,-0.0406403940886699,3935.0,3895.0,3885.0,3825.0,83200.0
2023-12-20,3895.0,3940.0,3850.0,3900.0,3753.50732421875,57000.0,3835.0,3849.8,4028.866666666667,4142.55,46.06741573033708,3969.9,-18.06666666666661,7.0,-0.0394088669950738,3935.0,3970.0,3895.0,3905.0,110700.0
2023-12-21,3875.0,3890.0,3765.0,3790.0,3647.63916015625,105000.0,3829.0,3846.0,4022.3333333333335,4143.525,45.55555555555555,3962.2,-21.666666666666515,7.0,-0.0665024630541871,3935.0,3940.0,3900.0,3895.0,57000.0
2023-12-22,3755.0,3835.0,3745.0,3830.0,3686.13671875,94300.0,3825.0,3842.6,4016.3333333333335,4143.925,56.97674418604652,3954.9,-24.39999999999964,6.225000000000364,-0.030379746835443,3935.0,3890.0,3790.0,3875.0,105000.0
2023-12-23,3755.0,3835.0,3745.0,3830.0,3686.13671875,94300.0,3821.0,3839.2,4010.3333333333335,4144.575,56.97674418604652,3947.6,-26.9333333333334,5.050000000000182,-0.058968058968059,3935.0,3835.0,3830.0,3755.0,94300.0
2023-12-24,3755.0,3835.0,3745.0,3830.0,3686.13671875,94300.0,3821.75,3836.0,4004.6,4145.3,56.97674418604652,3940.3,-29.333333333333485,4.275000000000546,-0.054320987654321,3935.0,3835.0,3830.0,3755.0,94300.0
2023-12-25,3890.0,3895.0,3800.0,3805.0,3662.07568359375,87100.0,3822.75,3831.4,3998.2,4145.875,48.78048780487806,3932.5,-30.66666666666697,3.324999999999818,-0.0451693851944793,3935.0,3835.0,3830.0,3755.0,94300.0
2023-12-26,3800.0,3840.0,3795.0,3830.0,3686.13671875,75900.0,3817.5,3828.2,3991.733333333333,4146.525,56.25,3923.2,-30.600000000000364,3.0,-0.060122699386503,3900.0,3895.0,3805.0,3890.0,87100.0
2023-12-27,3830.0,3890.0,3820.0,3875.0,3729.446044921875,94700.0,3819.75,3826.8,3986.6666666666665,4147.4,58.82352941176471,3917.2,-29.66666666666697,3.4749999999994543,-0.049079754601227,3900.0,3840.0,3830.0,3800.0,75900.0
2023-12-28,3885.0,3920.0,3875.0,3895.0,3748.69482421875,55500.0,3826.0,3826.2,3981.866666666667,4148.375,66.66666666666666,3912.3,-28.466666666666697,3.800000000000182,-0.0441717791411042,3900.0,3890.0,3875.0,3830.0,94700.0
2023-12-29,3895.0,3920.0,3875.0,3915.0,3767.944091796875,89100.0,3833.25,3830.2,3977.3333333333335,4149.1,63.013698630136986,3908.7,-27.266666666666424,3.800000000000182,-0.0321384425216316,3915.0,3920.0,3895.0,3885.0,55500.0
2023-12-30,3895.0,3920.0,3875.0,3915.0,3767.944091796875,89100.0,3840.5,3835.4,3973.733333333333,4149.45,63.013698630136986,3904.3,-24.466666666666697,3.574999999999818,-0.053204353083434,3915.0,3920.0,3915.0,3895.0,89100.0
2023-12-31,3895.0,3920.0,3875.0,3915.0,3767.944091796875,89100.0,3845.5,3834.6,3969.933333333333,4149.6,63.013698630136986,3899.9,-21.799999999999727,3.075000000000728,-0.0622754491017963,3915.0,3920.0,3915.0,3895.0,89100.0
2024-01-01,3895.0,3920.0,3875.0,3915.0,3767.944091796875,89100.0,3852.25,3838.0,3967.2,4149.875,55.0,3895.5,-19.466666666666697,2.475000000000364,-0.0667461263408819,3915.0,3920.0,3915.0,3895.0,89100.0
2024-01-02,3895.0,3920.0,3875.0,3915.0,3767.944091796875,89100.0,3858.0,3843.8,3965.266666666667,4149.575,53.44827586206896,3892.1,-16.59999999999991,1.199999999999818,-0.0667461263408819,3915.0,3920.0,3915.0,3895.0,89100.0
2024-01-03,3895.0,3920.0,3875.0,3915.0,3767.944091796875,89100.0,3865.75,3849.6,3963.3333333333335,4149.275,52.631578947368425,3889.9,-14.0,0.1749999999992724,-0.0667461263408819,3915.0,3920.0,3915.0,3895.0,89100.0
2024-01-04,3890.0,4030.0,3860.0,4000.0,3849.7509765625,125900.0,3874.75,3858.8,3962.533333333333,4149.4,90.3846153846154,3888.1,-11.199999999999818,-0.0500000000001819,-0.0464839094159713,4000.0,3920.0,3915.0,3895.0,89100.0
2024-01-05,4020.0,4050.0,3915.0,3935.0,3787.192626953125,150400.0,3880.5,3863.6,3960.866666666667,4149.55,68.42105263157895,3887.3,-9.066666666666606,-0.0500000000001819,-0.0838183934807915,4000.0,4030.0,4000.0,3890.0,125900.0
2024-01-06,4020.0,4050.0,3915.0,3935.0,3787.192626953125,150400.0,3886.25,3869.8,3960.6666666666665,4149.45,68.42105263157895,3884.6,-6.533333333333303,-0.4250000000001819,-0.0574850299401197,4000.0,4050.0,3935.0,4020.0,150400.0
2024-01-07,4020.0,4050.0,3915.0,3935.0,3787.192626953125,150400.0,3888.75,3875.2,3958.866666666667,4148.825,68.42105263157895,3881.9,-6.400000000000091,-0.75,-0.0495169082125603,4000.0,4050.0,3935.0,4020.0,150400.0
2024-01-08,4020.0,4050.0,3915.0,3935.0,3787.192626953125,150400.0,3890.75,3882.2,3957.3333333333335,4148.1,75.0,3879.2,-6.0,-1.1749999999992724,-0.039072039072039,4000.0,4050.0,3935.0,4020.0,150400.0
2024-01-09,4215.0,4295.0,4150.0,4235.0,4075.924072265625,326000.0,3907.5,3898.8,3960.6666666666665,4149.35,87.85046728971963,3881.5,-1.866666666666788,-0.0499999999992724,0.0241837968561065,4235.0,4050.0,3935.0,4020.0,150400.0
2024-01-10,4280.0,4345.0,4215.0,4315.0,4152.9189453125,197600.0,3933.75,3918.6,3963.866666666667,4151.0,88.59649122807018,3887.8,3.0,1.449999999999818,0.0435308343409914,4315.0,4295.0,4235.0,4215.0,326000.0
2024-01-11,4385.0,4385.0,4290.0,4330.0,4167.35498046875,141900.0,3958.75,3939.0,3967.266666666667,4152.725,88.49557522123894,3895.3,6.600000000000364,3.2750000000005457,0.0471584038694075,4330.0,4345.0,4315.0,4280.0,197600.0
2024-01-12,4395.0,4420.0,4350.0,4390.0,4225.1015625,119000.0,3986.75,3959.2,3971.466666666666,4154.725,89.25619834710744,3904.0,12.599999999999907,5.900000000000546,0.0746634026927783,4390.0,4385.0,4330.0,4385.0,141900.0
2024-01-13,4395.0,4420.0,4350.0,4390.0,4225.1015625,119000.0,4014.75,3979.0,3976.0666666666666,4156.55,89.25619834710744,3914.1,18.73333333333312,8.449999999999818,0.0906832298136646,4390.0,4420.0,4390.0,4395.0,119000.0
2024-01-14,4395.0,4420.0,4350.0,4390.0,4225.1015625,119000.0,4044.0,3998.6,3979.466666666666,4157.85,89.25619834710744,3924.2,18.800000000000185,8.5,0.0733496332518337,4390.0,4420.0,4390.0,4395.0,119000.0
2024-01-15,4460.0,4485.0,4400.0,4400.0,4234.7265625,22000.0,4072.5,4023.0,3982.466666666666,4159.3,89.4308943089431,3934.5,18.59999999999991,8.300000000000182,0.1069182389937106,4400.0,4420.0,4390.0,4395.0,119000.0
2024-01-16,4460.0,4485.0,4265.0,4285.0,4124.04541015625,166200.0,4093.0,4041.2,3983.6666666666665,4160.45,75.34246575342465,3941.9,16.399999999999636,7.724999999999454,0.0528255528255527,4400.0,4485.0,4400.0,4460.0,22000.0
2024-01-17,4295.0,4395.0,4290.0,4370.0,4205.853515625,157300.0,4116.75,4062.8,3986.0,4162.025,77.91411042944785,3951.0,14.533333333333305,7.299999999999272,0.0737100737100737,4400.0,4485.0,4285.0,4460.0,166200.0
2024-01-18,4400.0,4445.0,4385.0,4390.0,4225.1015625,171400.0,4140.5,4085.2,3988.6,4163.7,76.0,3960.6,12.533333333333305,7.149999999999636,0.0786240786240786,4400.0,4395.0,4370.0,4295.0,157300.0
2024-01-19,4375.0,4405.0,4350.0,4390.0,4225.1015625,140200.0,4164.25,4108.6,3991.2,4163.875,83.21167883211679,3970.0,11.73333333333312,6.024999999999636,0.0655339805825243,4400.0,4445.0,4390.0,4400.0,171400.0
2024-01-20,4375.0,4405.0,4350.0,4390.0,4225.1015625,140200.0,4188.0,4131.0,3992.466666666666,4164.425,83.21167883211679,3979.6,10.0,5.125,0.0974999999999999,4400.0,4405.0,4390.0,4375.0,140200.0
2024-01-21,4375.0,4405.0,4350.0,4390.0,4225.1015625,140200.0,4211.75,4151.6,3995.3333333333335,4165.325,83.21167883211679,3989.2,11.66666666666697,4.875,0.1099873577749683,4400.0,4405.0,4390.0,4375.0,140200.0
2024-01-22,4395.0,4465.0,4395.0,4440.0,4273.2236328125,128600.0,4238.0,4173.4,3999.3333333333335,4166.55,84.35374149659864,3999.8,13.333333333333483,4.525000000000546,0.1226295828065739,4440.0,4405.0,4390.0,4375.0,140200.0
2024-01-23,4450.0,4480.0,4405.0,4440.0,4273.2236328125,125700.0,4264.25,4194.4,4003.933333333333,4168.325,73.5632183908046,4012.3,15.333333333333483,4.625,0.1428571428571428,4440.0,4465.0,4440.0,4395.0,128600.0
2024-01-24,4410.0,4430.0,4340.0,4345.0,4181.79150390625,144200.0,4281.5,4211.6,4006.733333333333,4169.625,53.33333333333333,4023.5,15.533333333333305,5.75,0.1184041184041184,4440.0,4480.0,4440.0,4450.0,125700.0
2024-01-25,4335.0,4345.0,4265.0,4275.0,4114.421875,127300.0,4298.5,4226.0,4008.6,4170.575,44.55445544554456,4030.3,16.133333333333212,6.149999999999636,0.1003861003861004,4440.0,4430.0,4345.0,4410.0,144200.0
2024-01-26,4275.0,4280.0,4165.0,4200.0,4042.238525390625,150200.0,4311.75,4237.4,4009.466666666666,4170.35,31.730769230769223,4037.7,14.133333333333212,5.025000000000546,0.0727969348659003,4440.0,4345.0,4275.0,4335.0,127300.0
2024-01-27,4275.0,4280.0,4165.0,4200.0,4042.238525390625,150200.0,4325.0,4248.8,4011.0,4169.975,31.730769230769223,4046.3,11.666666666666517,3.425000000000182,0.0727969348659003,4440.0,4280.0,4200.0,4275.0,150200.0
2024-01-28,4275.0,4280.0,4165.0,4200.0,4042.238525390625,150200.0,4338.25,4260.2,4013.3333333333335,4170.15,31.730769230769223,4054.9,9.400000000000093,1.824999999999818,0.0741687979539642,4440.0,4280.0,4200.0,4275.0,150200.0
2024-01-29,4245.0,4245.0,4150.0,4190.0,4032.6142578125,126800.0,4336.0,4267.8,4014.6666666666665,4169.975,29.807692307692307,4063.3,7.933333333333394,0.3500000000003638,0.0688775510204082,4440.0,4280.0,4200.0,4275.0,150200.0
2024-01-30,4180.0,4255.0,4180.0,4225.0,4066.299560546875,86400.0,4331.5,4279.4,4018.0,4170.45,43.18181818181818,4071.5,9.400000000000093,-0.125,0.0805626598465474,4440.0,4245.0,4190.0,4245.0,126800.0
2024-01-31,4155.0,4250.0,4140.0,4240.0,4080.736083984375,95500.0,4327.0,4291.6,4020.266666666667,4171.0,32.432432432432435,4080.7,10.800000000000182,0.6499999999996362,0.0843989769820972,4440.0,4255.0,4225.0,4180.0,86400.0
2024-02-01,4170.0,4250.0,4130.0,4220.0,4061.487060546875,108400.0,4318.5,4303.0,4022.266666666667,4171.45,27.02702702702703,4089.1,11.26666666666688,1.4749999999994543,0.0792838874680306,4440.0,4250.0,4240.0,4155.0,95500.0
2024-02-02,4220.0,4230.0,4165.0,4195.0,4037.426513671875,121700.0,4308.75,4313.4,4023.933333333333,4171.775,25.316455696202524,4097.8,10.599999999999907,1.625,0.0996068152031455,4440.0,4250.0,4220.0,4170.0,108400.0
2024-02-03,4220.0,4230.0,4165.0,4195.0,4037.426513671875,121700.0,4299.0,4311.8,4024.933333333333,4171.75,25.316455696202524,4105.3,10.26666666666688,1.7749999999996362,0.1083223249669749,4440.0,4230.0,4195.0,4220.0,121700.0
2024-02-04,4220.0,4230.0,4165.0,4195.0,4037.426513671875,121700.0,4288.75,4307.0,4027.533333333333,4171.275,25.316455696202524,4112.8,9.533333333333305,0.8249999999998181,0.0660736975857687,4440.0,4230.0,4195.0,4220.0,121700.0
2024-02-05,4165.0,4190.0,4135.0,4165.0,4008.55322265625,140200.0,4282.75,4300.4,4030.3333333333335,4170.825,13.333333333333329,4119.7,10.066666666666606,-0.1750000000001819,0.0874673629242819,4440.0,4230.0,4195.0,4220.0,121700.0
2024-02-06,4165.0,4165.0,4070.0,4085.0,3931.558349609375,95400.0,4268.5,4288.2,4032.0666666666666,4169.9,10.989010989010993,4123.7,9.799999999999727,-1.550000000000182,0.0835543766578248,4440.0,4190.0,4165.0,4165.0,140200.0
2024-02-07,4045.0,4055.0,4010.0,4035.0,3883.436279296875,134500.0,4250.75,4274.0,4034.0666666666666,4168.725,12.195121951219503,4126.5,10.133333333333212,-3.0499999999992724,0.0702917771883289,4440.0,4165.0,4085.0,4165.0,95400.0
2024-02-08,4040.0,4060.0,3945.0,4015.0,3864.187255859375,172800.0,4232.0,4259.0,4035.8,4167.45,13.8888888888889,4128.8,10.866666666666788,-4.300000000000182,0.0649867374005304,4440.0,4055.0,4035.0,4045.0,134500.0
2024-02-09,3995.0,4025.0,3960.0,3985.0,3835.314453125,161000.0,4211.75,4242.4,4037.133333333333,4165.45,15.873015873015872,4132.7,9.599999999999907,-5.824999999999818,0.0445609436435123,4440.0,4060.0,4015.0,4040.0,172800.0
2024-02-10,3995.0,4025.0,3960.0,3985.0,3835.314453125,161000.0,4191.5,4230.4,4038.0666666666666,4163.475,15.873015873015872,4135.8,7.733333333333121,-7.349999999999454,0.0542328042328041,4440.0,4025.0,3985.0,3995.0,161000.0
2024-02-11,3995.0,4025.0,3960.0,3985.0,3835.314453125,161000.0,4168.75,4215.0,4039.0,4160.85,15.873015873015872,4138.9,6.933333333333394,-9.049999999999272,0.0486842105263158,4440.0,4025.0,3985.0,3995.0,161000.0
2024-02-12,3995.0,4025.0,3960.0,3985.0,3835.314453125,161000.0,4146.0,4198.8,4040.0,4158.375,16.393442622950815,4142.0,5.933333333333394,-10.350000000000364,0.0598404255319149,4345.0,4025.0,3985.0,3995.0,161000.0
2024-02-13,4010.0,4030.0,3975.0,4000.0,3849.7509765625,162300.0,4128.75,4183.2,4041.0666666666666,4155.65,10.526315789473683,4145.9,5.266666666666424,-11.800000000000182,0.0471204188481675,4275.0,4025.0,3985.0,3995.0,161000.0
2024-02-14,3990.0,3990.0,3945.0,3975.0,3825.68994140625,91700.0,4113.75,4166.6,4041.933333333333,4152.8,5.0847457627118615,4148.8,4.800000000000182,-12.649999999999636,0.0405759162303664,4240.0,4030.0,4000.0,4010.0,162300.0
2024-02-15,3955.0,3960.0,3900.0,3935.0,3787.192626953125,123500.0,4100.5,4148.4,4042.266666666667,4149.75,4.761904761904759,4150.0,4.200000000000273,-13.725000000000364,0.0301047120418849,4240.0,3990.0,3975.0,3990.0,91700.0
2024-02-16,3955.0,4010.0,3935.0,3985.0,3835.314453125,120300.0,4089.75,4130.2,4043.266666666667,4145.75,19.11764705882352,4151.8,4.266666666666879,-15.100000000000364,0.0257400257400257,4240.0,3960.0,3935.0,3955.0,123500.0
2024-02-17,3955.0,4010.0,3935.0,3985.0,3835.314453125,120300.0,4079.0,4112.0,4045.533333333333,4141.8,19.11764705882352,4153.2,5.533333333333303,-16.574999999999818,0.0231065468549422,4240.0,4010.0,3985.0,3955.0,120300.0
2024-02-18,3955.0,4010.0,3935.0,3985.0,3835.314453125,120300.0,4068.75,4097.6,4048.2,4138.525,19.11764705882352,4154.6,7.133333333333212,-17.125,0.0217948717948717,4240.0,4010.0,3985.0,3955.0,120300.0
2024-02-19,3985.0,4030.0,3965.0,4000.0,3849.7509765625,115700.0,4057.5,4086.6,4049.0666666666666,4135.725,24.615384615384613,4156.3,7.133333333333212,-17.074999999999818,0.0554089709762533,4240.0,4010.0,3985.0,3955.0,120300.0
2024-02-20,4035.0,4045.0,4000.0,4005.0,3854.563232421875,77600.0,4045.75,4078.8,4051.4,4133.375,34.0,4158.1,9.133333333333212,-16.375,0.0456919060052218,4220.0,4030.0,4000.0,3985.0,115700.0
2024-02-21,4030.0,4040.0,4005.0,4020.0,3868.999755859375,102700.0,4035.75,4071.6,4054.733333333333,4131.1,46.51162790697675,4160.2,11.466666666666242,-14.649999999999636,0.0496083550913837,4195.0,4045.0,4005.0,4035.0,77600.0
2024-02-22,4010.0,4015.0,3970.0,4015.0,3864.187255859375,88900.0,4026.75,4064.2,4058.0,4128.8,50.0,4162.2,12.466666666666695,-13.0,0.0483028720626632,4195.0,4040.0,4020.0,4030.0,102700.0
2024-02-23,4010.0,4015.0,3970.0,4015.0,3864.187255859375,88900.0,4017.75,4057.2,4061.266666666667,4126.8,58.82352941176471,4162.5,13.06666666666706,-11.724999999999454,0.055190538764783,4195.0,4015.0,4015.0,4010.0,88900.0
2024-02-24,4010.0,4015.0,3970.0,4015.0,3864.187255859375,88900.0,4008.75,4048.8,4063.933333333333,4124.9,58.82352941176471,4164.1,14.866666666666788,-10.825000000000728,0.0483028720626632,4165.0,4015.0,4015.0,4010.0,88900.0
2024-02-25,4010.0,4015.0,3970.0,4015.0,3864.187255859375,88900.0,4001.25,4039.8,4067.0666666666666,4122.975,58.82352941176471,4165.7,15.666666666666517,-10.399999999999636,0.0361290322580645,4085.0,4015.0,4015.0,4010.0,88900.0
2024-02-26,4000.0,4020.0,3945.0,3945.0,3796.81689453125,181900.0,3994.25,4028.8,4069.0,4120.5,41.66666666666667,4165.9,14.26666666666688,-10.600000000000364,0.012836970474968,4035.0,4015.0,4015.0,4010.0,88900.0
2024-02-27,3995.0,4100.0,3950.0,4080.0,3926.745849609375,176400.0,3996.5,4024.2,4073.266666666667,4118.7,61.11111111111111,4168.8,15.26666666666688,-10.100000000000364,0.0421455938697317,4080.0,4020.0,3945.0,4000.0,181900.0
2024-02-28,4055.0,4095.0,3985.0,3985.0,3869.456787109375,85600.0,3995.0,4015.8,4075.466666666666,4116.425,51.16279069767442,4163.8,14.199999999999818,-10.375,0.0178799489144316,4080.0,4100.0,4080.0,3995.0,176400.0
2024-02-29,3965.0,4010.0,3955.0,3965.0,3850.036376953125,172300.0,3994.0,4006.6,4077.4,4114.05,53.65853658536585,4156.8,13.466666666666695,-10.849999999999454,0.0127713920817369,4080.0,4095.0,3985.0,4055.0,85600.0
2024-03-01,3965.0,3975.0,3870.0,3915.0,3801.486328125,182000.0,3990.5,3996.6,4078.6666666666665,4111.675,41.463414634146346,4148.5,11.599999999999907,-11.300000000000182,0.0,4080.0,4010.0,3965.0,3965.0,172300.0
2024-03-02,3965.0,3975.0,3870.0,3915.0,3801.486328125,182000.0,3987.0,3989.8,4079.0666666666666,4109.325,41.463414634146346,4139.0,10.066666666666606,-11.175000000000182,0.0,4080.0,3975.0,3915.0,3965.0,182000.0
2024-03-03,3965.0,3975.0,3870.0,3915.0,3801.486328125,182000.0,3983.5,3985.0,4079.3333333333335,4107.225,41.463414634146346,4129.5,6.066666666666606,-11.474999999999454,0.0,4080.0,3975.0,3915.0,3965.0,182000.0
2024-03-04,3915.0,3915.0,3780.0,3790.0,3680.110595703125,270500.0,3973.0,3976.0,4077.866666666667,4104.975,29.807692307692307,4117.5,2.400000000000091,-11.449999999999818,-0.0524999999999999,4080.0,3975.0,3915.0,3965.0,182000.0
2024-03-05,3720.0,3740.0,3700.0,3735.0,3626.705078125,165700.0,3961.0,3966.0,4077.133333333333,4102.275,26.31578947368422,4104.2,-0.2666666666668789,-11.775000000000546,-0.0508259212198221,4080.0,3915.0,3790.0,3915.0,270500.0
2024-03-06,3700.0,3770.0,3655.0,3725.0,3616.995361328125,278800.0,3950.5,3955.6,4075.733333333333,4099.525,23.893805309734503,4093.0,-2.933333333333394,-12.150000000000546,-0.0533672172808131,4080.0,3740.0,3735.0,3720.0,165700.0
2024-03-07,3725.0,3750.0,3700.0,3750.0,3641.270263671875,136700.0,3938.75,3946.2,4074.6666666666665,4096.9,27.35042735042736,4080.6,-4.400000000000091,-12.425000000000182,-0.0470139771283354,4080.0,3770.0,3725.0,3700.0,278800.0
2024-03-08,3705.0,3805.0,3700.0,3775.0,3665.545654296875,125100.0,3928.25,3937.8,4073.933333333333,4094.4,30.32786885245902,4068.3,-5.400000000000091,-12.825000000000273,-0.0406607369758577,4080.0,3750.0,3750.0,3725.0,136700.0
2024-03-09,3705.0,3805.0,3700.0,3775.0,3665.545654296875,125100.0,3917.75,3928.8,4073.533333333333,4091.125,30.32786885245902,4056.0,-4.333333333333485,-13.850000000000364,-0.1086186540731994,4080.0,3805.0,3775.0,3705.0,125100.0
2024-03-10,3705.0,3805.0,3700.0,3775.0,3665.545654296875,125100.0,3906.5,3920.8,4072.8,4087.75,30.32786885245902,4043.7,-4.33333333333303,-14.524999999999636,-0.1251448435689455,4080.0,3805.0,3775.0,3705.0,125100.0
2024-03-11,3770.0,3830.0,3705.0,3735.0,3626.705078125,155200.0,3893.0,3912.8,4070.933333333333,4084.625,31.89655172413792,4030.6,-4.799999999999727,-14.899999999999636,-0.1374133949191686,4080.0,3805.0,3775.0,3705.0,125100.0
2024-03-12,3775.0,3775.0,3685.0,3750.0,3641.270263671875,98800.0,3879.5,3903.4,4069.0,4081.9,14.130434782608688,4016.8,-5.666666666666515,-14.999999999999543,-0.1457858769931662,4080.0,3830.0,3735.0,3770.0,155200.0
2024-03-13,3760.0,3770.0,3705.0,3705.0,3597.5751953125,67800.0,3864.0,3892.2,4066.2,4078.95,15.853658536585357,4002.1,-7.733333333333576,-15.450000000000273,-0.1560364464692483,4080.0,3775.0,3750.0,3775.0,98800.0
2024-03-14,3700.0,3750.0,3680.0,3715.0,3607.28515625,116800.0,3849.0,3881.4,4063.533333333333,4076.05,18.75,3989.5,-10.0,-15.074999999999818,-0.15375854214123,4080.0,3770.0,3705.0,3760.0,67800.0
2024-03-15,3700.0,3745.0,3700.0,3735.0,3626.705078125,106600.0,3835.0,3870.8,4061.133333333333,4072.925,25.67567567567568,3978.7,-11.66666666666697,-14.824999999999818,-0.1511363636363636,4080.0,3750.0,3715.0,3700.0,116800.0
2024-03-16,3700.0,3745.0,3700.0,3735.0,3626.705078125,106600.0,3821.0,3860.0,4058.733333333333,4069.925,25.67567567567568,3969.4,-12.200000000000273,-14.699999999999818,-0.1283547257876313,4080.0,3745.0,3735.0,3700.0,106600.0
2024-03-17,3700.0,3745.0,3700.0,3735.0,3626.705078125,106600.0,3810.5,3848.6,4056.3333333333335,4066.775,25.67567567567568,3960.1,-12.666666666666517,-15.125,-0.1453089244851259,4080.0,3745.0,3735.0,3700.0,106600.0
2024-03-18,3745.0,3820.0,3740.0,3810.0,3699.53076171875,71800.0,3797.0,3840.4,4054.933333333333,4063.75,53.125,3952.3,-11.266666666666424,-15.199999999999818,-0.1321184510250569,3985.0,3745.0,3735.0,3700.0,106600.0
2024-03-19,3810.0,3835.0,3785.0,3800.0,3689.820556640625,104500.0,3787.75,3831.8,4052.266666666667,4060.375,61.81818181818182,3944.5,-11.266666666666424,-15.675000000000182,-0.1343963553530751,3965.0,3820.0,3810.0,3745.0,71800.0
2024-03-20,3810.0,3835.0,3785.0,3800.0,3689.820556640625,104500.0,3779.5,3823.2,4050.466666666666,4057.0,64.15094339622641,3936.0,-10.666666666666517,-15.925000000000182,-0.1343963553530751,3915.0,3835.0,3800.0,3810.0,104500.0
2024-03-21,3805.0,3820.0,3760.0,3785.0,3675.255615234375,225100.0,3773.0,3814.0,4048.466666666666,4053.55,56.86274509803922,3926.9,-10.266666666666424,-16.375,-0.1378132118451025,3915.0,3835.0,3800.0,3810.0,104500.0
2024-03-22,3800.0,3845.0,3770.0,3770.0,3660.690673828125,116300.0,3765.75,3807.0,4046.266666666667,4049.725,48.97959183673469,3917.9,-10.066666666666606,-17.050000000000182,-0.1509009009009009,3915.0,3820.0,3785.0,3805.0,225100.0
2024-03-23,3800.0,3845.0,3770.0,3770.0,3660.690673828125,116300.0,3758.5,3794.6,4044.0666666666666,4045.9,48.97959183673469,3909.4,-10.866666666666788,-17.84999999999991,-0.1509009009009009,3810.0,3845.0,3770.0,3800.0,116300.0
2024-03-24,3800.0,3845.0,3770.0,3770.0,3660.690673828125,116300.0,3757.5,3786.0,4037.866666666667,4042.0,48.97959183673469,3900.9,-14.400000000000093,-18.375,-0.1323360184119677,3810.0,3845.0,3770.0,3800.0,116300.0
2024-03-25,3780.0,3835.0,3755.0,3755.0,3646.12548828125,117800.0,3758.5,3777.6,4030.4,4038.875,54.54545454545455,3892.1,-20.06666666666661,-18.125,-0.1216374269005847,3810.0,3845.0,3770.0,3800.0,116300.0
2024-03-26,3745.0,3775.0,3695.0,3750.0,3641.270263671875,97700.0,3759.75,3771.0,4022.6666666666665,4036.325,50.0,3883.8,-25.800000000000185,-17.225000000000364,-0.1071428571428571,3810.0,3835.0,3755.0,3780.0,117800.0
2024-03-27,3760.0,3815.0,3740.0,3760.0,3650.98046875,158100.0,3760.25,3764.8,4014.266666666667,4033.825,65.71428571428572,3877.3,-32.0,-15.900000000000093,-0.1047619047619047,3810.0,3775.0,3750.0,3745.0,97700.0
2024-03-28,3775.0,3785.0,3680.0,3685.0,3578.155029296875,140300.0,3755.75,3755.6,4004.866666666667,4030.95,43.75,3870.3,-39.19999999999982,-14.950000000000273,-0.1226190476190476,3810.0,3815.0,3760.0,3760.0,158100.0
2024-03-29,3685.0,3690.0,3635.0,3645.0,3539.314697265625,119100.0,3749.25,3749.8,3994.933333333333,4028.25,32.69230769230769,3862.9,-42.933333333333394,-13.75,-0.130071599045346,3810.0,3785.0,3685.0,3775.0,140300.0
2024-03-30,3685.0,3690.0,3635.0,3645.0,3539.314697265625,119100.0,3742.75,3746.2,3984.866666666667,4025.725,32.69230769230769,3856.1,-45.5333333333333,-13.150000000000093,-0.1372781065088757,3810.0,3690.0,3645.0,3685.0,119100.0
2024-03-31,3685.0,3690.0,3635.0,3645.0,3539.314697265625,119100.0,3738.25,3743.0,3976.3333333333335,4022.8,32.69230769230769,3849.3,-46.33333333333303,-13.524999999999636,-0.1403301886792453,3810.0,3690.0,3645.0,3685.0,119100.0
2024-04-01,3645.0,3675.0,3590.0,3605.0,3500.474365234375,176500.0,3731.0,3737.2,3966.133333333333,4019.7,4.444444444444457,3841.7,-48.13333333333367,-14.125,-0.1457345971563981,3810.0,3690.0,3645.0,3685.0,119100.0
2024-04-02,3600.0,3600.0,3465.0,3485.0,3383.953857421875,219200.0,3720.0,3725.6,3954.0666666666666,4015.8,2.985074626865668,3831.7,-50.80000000000018,-15.149999999999636,-0.169249106078665,3810.0,3675.0,3605.0,3645.0,176500.0
2024-04-03,3495.0,3635.0,3495.0,3595.0,3490.764404296875,298600.0,3714.0,3718.4,3943.466666666666,4012.45,26.966292134831463,3823.6,-51.4666666666667,-15.800000000000182,-0.1430274135876043,3810.0,3600.0,3485.0,3600.0,219200.0
2024-04-04,3615.0,3685.0,3575.0,3680.0,3573.300048828125,247900.0,3711.25,3714.6,3934.0,4009.525,39.80582524271844,3817.7,-50.86666666666679,-16.199999999999818,-0.1227651966626937,3810.0,3635.0,3595.0,3495.0,298600.0
2024-04-05,3500.0,3525.0,3270.0,3415.0,3315.9833984375,873600.0,3695.25,3701.8,3921.0,4005.275,26.79738562091504,3807.3,-55.333333333333485,-17.52500000000009,-0.1800720288115246,3810.0,3685.0,3680.0,3615.0,247900.0
2024-04-06,3500.0,3525.0,3270.0,3415.0,3315.9833984375,873600.0,3679.25,3688.4,3907.3333333333335,4001.0,26.79738562091504,3795.9,-58.79999999999973,-18.69999999999981,-0.1640146878824969,3810.0,3525.0,3415.0,3500.0,873600.0
2024-04-07,3500.0,3525.0,3270.0,3415.0,3315.9833984375,873600.0,3659.5,3676.8,3893.6666666666665,3997.2,26.79738562091504,3784.5,-60.40000000000009,-18.600000000000364,-0.1536555142503097,3800.0,3525.0,3415.0,3500.0,873600.0
2024-04-08,3315.0,3345.0,3230.0,3250.0,3155.767578125,390800.0,3632.0,3658.2,3879.0666666666666,3992.375,22.40437158469946,3769.8,-64.40000000000009,-20.07499999999981,-0.1905354919053549,3800.0,3525.0,3415.0,3500.0,873600.0
2024-04-09,3230.0,3315.0,3200.0,3265.0,3170.332763671875,262200.0,3605.25,3639.4,3865.6,3988.025,23.78378378378379,3755.1,-68.40000000000009,-21.5,-0.1806775407779172,3785.0,3345.0,3250.0,3315.0,390800.0
2024-04-10,3295.0,3310.0,3145.0,3180.0,3087.797119140625,259700.0,3575.0,3617.2,3852.0,3983.25,21.0,3738.6,-69.0,-22.02500000000009,-0.2020075282308657,3770.0,3315.0,3265.0,3230.0,262200.0
2024-04-11,3130.0,3165.0,3090.0,3095.0,3005.26171875,257300.0,3541.25,3591.6,3837.266666666667,3978.05,20.7920792079208,3720.1,-70.0666666666666,-22.94999999999981,-0.2233375156838143,3770.0,3310.0,3180.0,3295.0,259700.0
2024-04-12,3095.0,3130.0,3080.0,3095.0,3005.26171875,208100.0,3507.5,3563.0,3822.533333333333,3972.675,21.649484536082483,3701.7,-71.13333333333321,-24.52499999999964,-0.2233375156838143,3770.0,3165.0,3095.0,3130.0,257300.0
2024-04-13,3095.0,3130.0,3080.0,3095.0,3005.26171875,208100.0,3473.75,3534.8,3807.933333333333,3967.525,21.649484536082483,3683.3,-71.13333333333321,-24.84999999999991,-0.2262499999999999,3760.0,3130.0,3095.0,3095.0,208100.0
2024-04-14,3095.0,3130.0,3080.0,3095.0,3005.26171875,208100.0,3440.75,3506.6,3792.866666666667,3962.225,21.649484536082483,3664.9,-72.73333333333312,-25.800000000000185,-0.2213836477987421,3760.0,3130.0,3095.0,3095.0,208100.0
2024-04-15,3090.0,3120.0,3070.0,3090.0,3000.406494140625,121200.0,3407.75,3478.8,3777.533333333333,3957.45,22.45989304812835,3646.4,-74.4666666666667,-25.800000000000185,-0.2147395171537484,3760.0,3130.0,3095.0,3095.0,208100.0
2024-04-16,3080.0,3080.0,2992.0,2996.0,2909.13232421875,221400.0,3369.55,3447.84,3761.213333333333,3952.43,23.102310231023097,3627.42,-76.05333333333374,-25.620000000000346,-0.2481806775407778,3685.0,3120.0,3090.0,3090.0,121200.0
2024-04-17,3005.0,3015.0,2959.0,2973.0,2886.799072265625,259400.0,3333.95,3415.96,3744.92,3947.295,12.1654501216545,3605.28,-77.61333333333323,-25.38000000000011,-0.2539523212045169,3680.0,3080.0,2996.0,3080.0,221400.0
2024-04-18,2997.0,3025.0,2982.0,3010.0,2922.726318359375,226900.0,3302.2,3385.56,3729.12,3942.345,6.718346253229967,3585.78,-78.8133333333335,-25.18000000000029,-0.2446675031367629,3680.0,3015.0,2973.0,3005.0,259400.0
2024-04-19,3015.0,3040.0,2868.0,2882.0,2798.437744140625,338900.0,3264.05,3350.64,3711.613333333333,3936.555,8.16326530612244,3564.12,-81.25333333333356,-25.67000000000008,-0.2794999999999999,3680.0,3025.0,3010.0,2997.0,226900.0
2024-04-20,3015.0,3040.0,2868.0,2882.0,2798.437744140625,338900.0,3225.9,3315.92,3694.506666666666,3930.64,8.16326530612244,3543.46,-83.02666666666664,-26.809999999999945,-0.2803995006242197,3680.0,3040.0,2882.0,3015.0,338900.0
2024-04-21,3015.0,3040.0,2868.0,2882.0,2798.437744140625,338900.0,3189.75,3280.8,3678.466666666666,3924.325,8.16326530612244,3522.8,-82.74666666666644,-28.10500000000001,-0.2830845771144279,3680.0,3040.0,2882.0,3015.0,338900.0
2024-04-22,2945.0,2986.0,2945.0,2977.0,2890.683349609375,261900.0,3164.35,3252.48,3664.36,3918.485,25.925925925925924,3504.04,-80.55999999999995,-28.809999999999945,-0.2585305105853051,3680.0,3040.0,2882.0,3015.0,338900.0
2024-04-23,3000.0,3025.0,2968.0,2968.0,2881.944091796875,467700.0,3133.0,3225.4,3650.4,3911.925,23.529411764705884,3487.6,-78.7199999999998,-30.41999999999961,-0.260772104607721,3680.0,2986.0,2977.0,2945.0,261900.0
2024-04-24,2977.0,2988.0,2931.0,2963.0,2877.089111328125,312800.0,3097.15,3198.12,3636.7733333333335,3905.34,27.44282744282745,3472.16,-74.83999999999969,-31.21499999999969,-0.2620174346201743,3415.0,3025.0,2968.0,3000.0,467700.0
2024-04-25,2960.0,2971.0,2915.0,2931.0,2846.01708984375,383100.0,3072.95,3169.56,3622.72,3898.595,30.8411214953271,3456.28,-71.78666666666686,-32.04500000000007,-0.2699875466998754,3415.0,2988.0,2963.0,2977.0,312800.0
2024-04-26,2946.0,2970.0,2908.0,2966.0,2880.001953125,353200.0,3050.5,3144.0,3609.133333333333,3892.025,36.06911447084234,3440.6,-69.33333333333348,-32.29999999999973,-0.2481622306717363,3415.0,2971.0,2931.0,2960.0,383100.0
2024-04-27,2946.0,2970.0,2908.0,2966.0,2880.001953125,353200.0,3028.05,3123.24,3595.5466666666666,3885.555,36.06911447084234,3424.42,-68.8133333333335,-32.93000000000029,-0.2730392156862745,3265.0,2970.0,2966.0,2946.0,353200.0
2024-04-28,2946.0,2970.0,2908.0,2966.0,2880.001953125,353200.0,3013.85,3098.08,3581.76,3878.96,36.06911447084234,3408.24,-68.63999999999987,-32.965000000000146,-0.2557089084065245,3265.0,2970.0,2966.0,2946.0,353200.0
2024-04-29,2946.0,2970.0,2908.0,2966.0,2880.001953125,353200.0,2998.9,3069.52,3568.306666666667,3872.215,36.46288209606988,3392.06,-68.4666666666667,-33.125,-0.2519546027742749,3180.0,2970.0,2966.0,2946.0,353200.0
2024-04-30,2996.0,3035.0,2951.0,3005.0,2917.871337890625,212400.0,2990.15,3053.12,3555.9066666666668,3865.965,51.1166253101737,3377.46,-66.81333333333305,-32.629999999999654,-0.2324393358876118,3095.0,2970.0,2966.0,2946.0,353200.0
2024-05-01,3015.0,3045.0,3005.0,3035.0,2947.00146484375,157600.0,2987.15,3037.92,3543.24,3859.865,57.5609756097561,3363.16,-65.89333333333343,-32.16000000000031,-0.2247765006385695,3095.0,3035.0,3005.0,2996.0,212400.0
2024-05-02,3060.0,3085.0,3025.0,3030.0,2942.146484375,229500.0,2983.9,3022.52,3530.5066666666667,3853.74,52.645502645502646,3349.66,-65.03999999999996,-31.81500000000005,-0.2260536398467433,3095.0,3045.0,3035.0,3015.0,157600.0
2024-05-03,3060.0,3085.0,3025.0,3030.0,2942.146484375,229500.0,2980.65,3013.72,3517.773333333333,3847.965,79.6,3335.96,-63.98666666666668,-30.99499999999989,-0.2005277044854881,3095.0,3085.0,3030.0,3060.0,229500.0
2024-05-04,3060.0,3085.0,3025.0,3030.0,2942.146484375,229500.0,2977.4,3004.32,3504.84,3842.115,79.6,3321.86,-63.4666666666667,-30.100000000000364,-0.1887550200803213,3090.0,3085.0,3030.0,3060.0,229500.0
2024-05-05,3060.0,3085.0,3025.0,3030.0,2942.146484375,229500.0,2974.4,2998.32,3491.84,3836.665,79.6,3307.76,-64.0666666666666,-29.300000000000185,-0.1865771812080536,3035.0,3085.0,3030.0,3060.0,229500.0
2024-05-06,3060.0,3085.0,3025.0,3030.0,2942.146484375,229500.0,2976.1,2995.72,3478.64,3831.515,67.09677419354838,3293.66,-64.59999999999991,-28.34999999999991,-0.1919999999999999,3035.0,3085.0,3030.0,3060.0,229500.0
2024-05-07,3040.0,3055.0,2992.0,3045.0,2956.71142578125,228600.0,2979.7,2993.72,3465.7066666666665,3826.44,73.91304347826087,3278.36,-64.80000000000018,-27.299999999999727,-0.1933774834437086,3045.0,3085.0,3030.0,3060.0,229500.0
2024-05-08,3070.0,3110.0,3070.0,3090.0,3000.406494140625,225200.0,2983.7,2993.52,3453.373333333333,3821.59,81.59203980099502,3264.16,-64.40000000000009,-26.375,-0.1814569536423841,3090.0,3055.0,3045.0,3040.0,228600.0
2024-05-09,3070.0,3075.0,3025.0,3045.0,2956.71142578125,136200.0,2991.85,2991.52,3440.44,3816.515,76.63551401869158,3249.06,-64.40000000000009,-25.59999999999991,-0.1933774834437086,3090.0,3110.0,3090.0,3070.0,225200.0
2024-05-10,3070.0,3100.0,3035.0,3040.0,2951.8564453125,104800.0,2999.75,2989.52,3427.44,3811.965,70.1086956521739,3234.16,-64.40000000000009,-24.69999999999981,-0.1860776439089692,3090.0,3075.0,3045.0,3070.0,136200.0
2024-05-11,3070.0,3100.0,3035.0,3040.0,2951.8564453125,104800.0,3007.65,2991.28,3415.373333333333,3806.815,70.1086956521739,3219.56,-63.26666666666642,-24.69999999999981,-0.1893333333333333,3090.0,3100.0,3040.0,3070.0,104800.0
2024-05-12,3070.0,3100.0,3035.0,3040.0,2951.8564453125,104800.0,3010.8,2993.96,3401.5066666666667,3801.765,70.1086956521739,3204.96,-64.19999999999982,-24.675000000000185,-0.1794871794871795,3090.0,3100.0,3040.0,3070.0,104800.0
2024-05-13,3030.0,3055.0,3020.0,3050.0,2961.56640625,146500.0,3014.9,2995.56,3389.04,3797.09,71.64948453608247,3190.56,-64.33333333333348,-24.5,-0.1790040376850605,3090.0,3100.0,3040.0,3070.0,104800.0
2024-05-14,3070.0,3135.0,3070.0,3090.0,3000.406494140625,156600.0,3021.25,3003.88,3377.373333333333,3792.165,71.7948717948718,3177.26,-63.066666666666606,-24.34999999999991,-0.1726907630522088,3090.0,3055.0,3050.0,3030.0,146500.0
2024-05-15,3145.0,3175.0,3090.0,3125.0,3034.39208984375,226400.0,3030.95,3013.6,3366.84,3787.415,72.5,3164.76,-60.59999999999991,-24.550000000000185,-0.1633199464524766,3125.0,3135.0,3090.0,3070.0,156600.0
2024-05-16,3140.0,3205.0,3135.0,3145.0,3053.81201171875,200300.0,3039.9,3024.12,3356.5733333333333,3782.765,76.74418604651163,3152.46,-58.80000000000018,-24.050000000000185,-0.1579651941097724,3145.0,3175.0,3125.0,3145.0,226400.0
2024-05-17,3115.0,3185.0,3105.0,3180.0,3087.797119140625,167800.0,3050.6,3032.24,3346.773333333333,3778.44,80.0,3142.36,-54.73333333333312,-23.32499999999981,-0.1653543307086614,3180.0,3205.0,3145.0,3140.0,200300.0
2024-05-18,3115.0,3185.0,3105.0,3180.0,3087.797119140625,167800.0,3061.3,3040.72,3338.64,3773.665,80.0,3133.06,-50.40000000000009,-23.425000000000185,-0.163157894736842,3180.0,3185.0,3180.0,3115.0,167800.0
2024-05-19,3115.0,3185.0,3105.0,3180.0,3087.797119140625,167800.0,3072.0,3049.4,3331.24,3768.69,80.0,3123.76,-46.13333333333367,-23.47499999999991,-0.163157894736842,3180.0,3185.0,3180.0,3115.0,167800.0
2024-05-20,3180.0,3245.0,3165.0,3215.0,3121.78271484375,165900.0,3082.5,3060.76,3324.44,3763.79,82.45614035087719,3115.16,-42.40000000000009,-23.625,-0.1505944517833554,3215.0,3185.0,3180.0,3115.0,167800.0
2024-05-21,3225.0,3265.0,3205.0,3240.0,3146.0576171875,142200.0,3092.75,3071.72,3317.64,3759.015,83.05084745762711,3107.86,-38.933333333333394,-23.75,-0.1405835543766578,3240.0,3245.0,3215.0,3180.0,165900.0
2024-05-22,3220.0,3275.0,3215.0,3240.0,3146.0576171875,205000.0,3103.25,3082.68,3310.5066666666667,3754.24,80.0,3102.96,-36.26666666666688,-24.20000000000028,-0.1405835543766578,3240.0,3265.0,3240.0,3225.0,142200.0
2024-05-23,3230.0,3235.0,3140.0,3155.0,3063.522216796875,122400.0,3109.5,3090.24,3302.24,3749.04,68.9655172413793,3094.16,-36.40000000000009,-24.625,-0.163129973474801,3240.0,3275.0,3240.0,3220.0,205000.0
2024-05-24,3105.0,3115.0,3080.0,3100.0,3010.116943359375,135600.0,3113.0,3095.6,3293.24,3743.065,58.82352941176471,3082.56,-38.0,-25.625,-0.1744340878828228,3240.0,3235.0,3155.0,3230.0,122400.0
2024-05-25,3105.0,3115.0,3080.0,3100.0,3010.116943359375,135600.0,3116.5,3099.4,3284.773333333333,3737.69,58.82352941176471,3076.26,-39.66666666666652,-26.09999999999991,-0.1733333333333333,3240.0,3115.0,3100.0,3105.0,135600.0
2024-05-26,3105.0,3115.0,3080.0,3100.0,3010.116943359375,135600.0,3120.0,3102.0,3276.1066666666666,3732.49,58.82352941176471,3069.96,-41.5333333333333,-26.52500000000009,-0.1755319148936169,3240.0,3115.0,3100.0,3105.0,135600.0
2024-05-27,3145.0,3145.0,3075.0,3125.0,3034.39208984375,205200.0,3124.0,3105.8,3268.373333333333,3727.64,60.56338028169014,3064.16,-42.13333333333321,-26.59999999999991,-0.151967435549525,3240.0,3115.0,3100.0,3105.0,135600.0
2024-05-28,3125.0,3190.0,3115.0,3180.0,3087.797119140625,217300.0,3128.5,3111.8,3261.24,3722.865,62.16216216216216,3062.76,-41.0,-26.175000000000185,-0.1275720164609053,3240.0,3145.0,3125.0,3145.0,205200.0
2024-05-29,3170.0,3185.0,3090.0,3105.0,3014.971923828125,202100.0,3131.5,3114.8,3252.84,3717.715,47.56097560975609,3059.56,-40.39999999999964,-25.34999999999991,-0.1481481481481481,3240.0,3190.0,3180.0,3125.0,217300.0
2024-05-30,3100.0,3200.0,3080.0,3190.0,3097.507080078125,182500.0,3139.0,3121.2,3245.5733333333333,3712.99,54.736842105263165,3059.76,-39.20000000000027,-24.70000000000028,-0.1248285322359396,3240.0,3185.0,3105.0,3170.0,202100.0
2024-05-31,3230.0,3245.0,3200.0,3235.0,3141.20263671875,332000.0,3148.75,3129.4,3238.9066666666668,3708.74,55.6701030927835,3062.56,-37.19999999999982,-23.75,-0.102635228848821,3240.0,3200.0,3190.0,3100.0,182500.0
2024-06-01,3230.0,3245.0,3200.0,3235.0,3141.20263671875,332000.0,3158.5,3137.0,3231.24,3704.79,55.6701030927835,3065.36,-37.13333333333367,-22.84999999999991,-0.0717360114777618,3240.0,3245.0,3235.0,3230.0,332000.0
2024-06-02,3230.0,3245.0,3200.0,3235.0,3141.20263671875,332000.0,3167.75,3142.8,3223.7066666666665,3700.515,55.6701030927835,3068.16,-37.5333333333333,-22.34999999999991,-0.1001390820584144,3240.0,3245.0,3235.0,3230.0,332000.0
2024-06-03,3260.0,3300.0,3255.0,3300.0,3204.31787109375,171700.0,3178.25,3153.0,3217.04,3697.14,58.252427184466015,3072.26,-35.80000000000018,-20.57500000000028,-0.1032608695652174,3300.0,3245.0,3235.0,3230.0,332000.0
2024-06-04,3300.0,3340.0,3275.0,3310.0,3214.028076171875,198300.0,3187.5,3163.8,3210.7066666666665,3693.34,56.99999999999999,3076.66,-34.86666666666679,-19.64999999999964,-0.0307467057101025,3310.0,3300.0,3300.0,3260.0,171700.0
2024-06-05,3275.0,3310.0,3240.0,3255.0,3160.622802734375,140500.0,3193.0,3172.4,3203.84,3689.265,51.35135135135135,3081.84,-35.066666666666606,-19.47499999999991,-0.0468521229868228,3310.0,3340.0,3310.0,3300.0,198300.0
2024-06-06,3240.0,3260.0,3205.0,3250.0,3155.767578125,101900.0,3196.5,3180.8,3196.9066666666668,3685.165,60.0,3087.38,-34.33333333333303,-19.625,-0.048316251830161,3310.0,3310.0,3255.0,3275.0,140500.0
2024-06-07,3210.0,3235.0,3210.0,3235.0,3141.20263671875,74000.0,3199.25,3188.2,3189.773333333333,3680.74,65.51724137931035,3091.88,-33.93333333333294,-19.77500000000009,-0.0046153846153845,3310.0,3260.0,3250.0,3240.0,101900.0
2024-06-08,3210.0,3235.0,3210.0,3235.0,3141.20263671875,74000.0,3202.0,3194.0,3182.84,3676.915,65.51724137931035,3098.94,-34.19999999999982,-20.22499999999991,-0.0091883614088821,3310.0,3235.0,3235.0,3210.0,74000.0
2024-06-09,3210.0,3235.0,3210.0,3235.0,3141.20263671875,74000.0,3203.0,3198.4,3175.9733333333334,3673.315,65.51724137931035,3106.0,-34.73333333333312,-20.02500000000009,0.0172955974842767,3310.0,3235.0,3235.0,3210.0,74000.0
2024-06-10,3255.0,3255.0,3210.0,3245.0,3150.91259765625,110400.0,3203.25,3202.4,3169.1066666666666,3669.765,64.28571428571428,3113.26,-34.733333333333576,-19.5,0.0484652665589659,3310.0,3235.0,3235.0,3210.0,74000.0
2024-06-11,3260.0,3280.0,3210.0,3225.0,3131.492431640625,92100.0,3202.5,3204.2,3162.9733333333334,3666.465,55.84415584415584,3118.22,-33.933333333333394,-18.69999999999981,0.0420032310177707,3310.0,3255.0,3245.0,3255.0,110400.0
2024-06-12,3240.0,3255.0,3225.0,3245.0,3150.91259765625,112600.0,3207.0,3206.8,3157.64,3663.265,71.21212121212122,3123.76,-32.13333333333367,-17.47499999999991,0.0484652665589659,3310.0,3280.0,3225.0,3260.0,92100.0
2024-06-13,3270.0,3275.0,3230.0,3250.0,3155.767578125,112400.0,3214.5,3209.6,3152.373333333333,3660.09,62.0,3129.5,-30.466666666666697,-16.824999999999818,0.0500807754442649,3310.0,3255.0,3245.0,3240.0,112600.0
2024-06-14,3305.0,3310.0,3240.0,3285.0,3189.752685546875,221000.0,3223.75,3212.4,3147.5733333333333,3656.94,60.41666666666666,3136.58,-28.40000000000009,-16.375,0.0631067961165048,3310.0,3275.0,3250.0,3270.0,112400.0
2024-06-15,3305.0,3310.0,3240.0,3285.0,3189.752685546875,221000.0,3233.0,3214.2,3143.306666666667,3653.79,60.41666666666666,3142.96,-25.799999999999727,-15.974999999999907,0.0964619492656875,3310.0,3310.0,3285.0,3305.0,221000.0
2024-06-16,3305.0,3310.0,3240.0,3285.0,3189.752685546875,221000.0,3241.0,3216.0,3140.64,3650.665,60.41666666666666,3149.34,-22.333333333333485,-15.800000000000182,0.1049445005045408,3310.0,3310.0,3285.0,3305.0,221000.0
2024-06-17,3240.0,3305.0,3210.0,3280.0,3184.897705078125,173000.0,3246.0,3221.0,3136.44,3647.465,44.44444444444444,3155.62,-21.19999999999981,-15.799999999999727,0.0897009966777409,3310.0,3310.0,3285.0,3305.0,221000.0
2024-06-18,3320.0,3375.0,3290.0,3340.0,3243.158203125,176800.0,3257.75,3230.6,3131.9066666666668,3644.615,56.52173913043478,3163.1,-20.466666666666697,-15.475000000000364,0.1589174184594031,3340.0,3305.0,3280.0,3240.0,173000.0
2024-06-19,3330.0,3365.0,3305.0,3325.0,3228.593017578125,209400.0,3264.5,3239.6,3130.7066666666665,3641.69,68.42105263157895,3169.5,-16.866666666666788,-15.25,0.1537126995142261,3340.0,3375.0,3340.0,3320.0,176800.0
2024-06-20,3370.0,3420.0,3320.0,3350.0,3252.868408203125,445800.0,3270.25,3249.6,3129.84,3638.89,73.80952380952381,3175.8,-13.466666666666695,-14.900000000000093,0.1623872310895211,3350.0,3365.0,3325.0,3330.0,209400.0
2024-06-21,3455.0,3540.0,3415.0,3500.0,3398.518798828125,676900.0,3283.5,3264.6,3130.9733333333334,3637.315,88.40579710144928,3185.2,-9.666666666666517,-13.349999999999907,0.175680214981525,3500.0,3420.0,3350.0,3370.0,445800.0
2024-06-22,3455.0,3540.0,3415.0,3500.0,3398.518798828125,676900.0,3296.75,3277.4,3134.306666666667,3635.89,88.40579710144928,3194.6,-2.133333333333212,-11.575000000000273,0.179245283018868,3500.0,3540.0,3500.0,3455.0,676900.0
2024-06-23,3455.0,3540.0,3415.0,3500.0,3398.518798828125,676900.0,3306.75,3293.2,3137.44,3633.715,88.40579710144928,3204.0,5.533333333333303,-10.899999999999636,0.181235234559568,3500.0,3540.0,3500.0,3455.0,676900.0
2024-06-24,3500.0,3585.0,3475.0,3560.0,3456.779296875,391800.0,3319.25,3308.0,3142.5066666666667,3632.365,89.87341772151899,3214.6,11.800000000000182,-9.325000000000273,0.2146025247355851,3560.0,3540.0,3500.0,3455.0,676900.0
2024-06-25,3700.0,3760.0,3585.0,3670.0,3563.590087890625,541300.0,3340.0,3325.4,3150.173333333333,3631.865,95.8762886597938,3227.4,20.33333333333303,-7.025000000000091,0.2373567093728927,3670.0,3585.0,3560.0,3500.0,391800.0
2024-06-26,3680.0,3745.0,3665.0,3745.0,3636.415283203125,205100.0,3364.75,3345.8,3158.84,3631.74,96.29629629629628,3241.4,27.866666666666788,-5.575000000000273,0.2626432906271072,3745.0,3760.0,3670.0,3700.0,541300.0
2024-06-27,3735.0,3815.0,3705.0,3785.0,3675.255615234375,335600.0,3392.25,3367.8,3168.04,3631.815,96.52173913043478,3255.3,33.73333333333312,-4.074999999999818,0.2761294672960215,3785.0,3745.0,3745.0,3680.0,205100.0
2024-06-28,3815.0,3820.0,3715.0,3740.0,3631.56005859375,235500.0,3417.5,3385.4,3176.64,3631.44,88.88888888888889,3269.2,39.19999999999982,-2.275000000000091,0.2609575185434929,3785.0,3815.0,3785.0,3735.0,335600.0
2024-06-29,3815.0,3820.0,3715.0,3740.0,3631.56005859375,235500.0,3442.75,3402.6,3185.306666666667,3631.24,88.88888888888889,3283.2,42.80000000000018,-1.125,0.2445923460898502,3785.0,3820.0,3740.0,3815.0,235500.0
2024-06-30,3815.0,3820.0,3715.0,3740.0,3631.56005859375,235500.0,3467.5,3422.0,3195.2266666666665,3630.94,88.88888888888889,3297.2,45.053333333333285,-0.9249999999997272,0.2322899505766062,3785.0,3820.0,3740.0,3815.0,235500.0
2024-07-01,3740.0,3745.0,3595.0,3650.0,3544.169921875,467000.0,3488.75,3438.0,3204.2533333333336,3630.39,77.61194029850746,3309.4,45.41333333333341,-1.349999999999909,0.2046204620462046,3785.0,3820.0,3740.0,3815.0,235500.0
2024-07-02,3860.0,3860.0,3540.0,3585.0,3481.054443359375,740500.0,3505.75,3452.0,3211.92,3629.215,68.14814814814815,3320.1,43.88000000000011,-2.599999999999909,0.1831683168316831,3785.0,3745.0,3650.0,3740.0,467000.0
2024-07-03,3655.0,3785.0,3640.0,3725.0,3616.995361328125,366300.0,3529.5,3471.6,3223.16,3628.74,75.0,3332.8,46.51999999999998,-2.700000000000273,0.2293729372937294,3785.0,3860.0,3585.0,3860.0,740500.0
2024-07-04,3730.0,3815.0,3710.0,3765.0,3655.835693359375,200100.0,3553.5,3492.8,3234.9333333333334,3628.465,75.4601226993865,3345.6,49.62666666666655,-2.774999999999636,0.2425742574257425,3785.0,3785.0,3725.0,3655.0,366300.0
2024-07-05,3785.0,3825.0,3650.0,3665.0,3558.73486328125,179300.0,3572.5,3509.6,3245.373333333333,3627.365,60.7843137254902,3356.0,50.14666666666699,-3.575000000000273,0.2095709570957096,3785.0,3815.0,3765.0,3730.0,200100.0
2024-07-06,3785.0,3825.0,3650.0,3665.0,3558.73486328125,179300.0,3591.5,3527.2,3254.5466666666666,3626.215,60.7843137254902,3365.7,50.29333333333307,-4.174999999999727,0.2036124794745484,3785.0,3825.0,3665.0,3785.0,179300.0
2024-07-07,3785.0,3825.0,3650.0,3665.0,3558.73486328125,179300.0,3610.75,3544.0,3263.84,3625.04,60.7843137254902,3375.4,51.92000000000007,-4.175000000000182,0.186084142394822,3785.0,3825.0,3665.0,3785.0,179300.0
2024-07-08,3670.0,3705.0,3620.0,3690.0,3583.010009765625,130200.0,3628.25,3561.6,3273.5333333333333,3624.54,58.9041095890411,3385.6,50.37333333333345,-4.199999999999818,0.2118226600985222,3785.0,3825.0,3665.0,3785.0,179300.0
2024-07-09,3680.0,3755.0,3665.0,3730.0,3621.85009765625,196900.0,3648.5,3579.4,3284.1866666666665,3624.04,54.54545454545455,3395.9,49.2533333333331,-4.425000000000182,0.2269736842105263,3785.0,3705.0,3690.0,3670.0,130200.0
2024-07-10,3715.0,3750.0,3675.0,3720.0,3612.14013671875,131200.0,3667.0,3596.8,3294.24,3623.49,47.89915966386555,3405.5,48.86666666666633,-3.875,0.2236842105263157,3785.0,3755.0,3730.0,3680.0,196900.0
2024-07-11,3770.0,3790.0,3685.0,3715.0,3607.28515625,219700.0,3677.75,3614.0,3304.2266666666665,3622.915,43.75,3415.0,49.67999999999984,-3.300000000000182,0.2220394736842106,3785.0,3750.0,3720.0,3715.0,131200.0
2024-07-12,3710.0,3810.0,3650.0,3685.0,3578.155029296875,349800.0,3687.0,3630.2,3313.813333333333,3622.315,44.95412844036698,3425.6,49.97333333333336,-2.724999999999909,0.2081967213114754,3785.0,3790.0,3715.0,3770.0,219700.0
2024-07-13,3710.0,3810.0,3650.0,3685.0,3578.155029296875,349800.0,3696.25,3644.0,3323.4,3621.59,44.95412844036698,3437.3,49.86666666666679,-2.949999999999818,0.1925566343042071,3785.0,3810.0,3685.0,3710.0,349800.0
2024-07-14,3710.0,3810.0,3650.0,3685.0,3578.155029296875,349800.0,3702.5,3658.4,3332.4666666666667,3620.64,44.95412844036698,3449.0,48.2800000000002,-3.400000000000091,0.1792,3785.0,3810.0,3685.0,3710.0,349800.0
2024-07-15,3710.0,3810.0,3650.0,3685.0,3578.155029296875,349800.0,3703.25,3671.8,3341.133333333333,3619.59,53.846153846153854,3460.7,46.89333333333343,-3.899999999999636,0.1717011128775833,3785.0,3810.0,3685.0,3710.0,349800.0
2024-07-16,3680.0,3725.0,3630.0,3635.0,3529.604736328125,155200.0,3697.75,3677.2,3349.2,3618.19,55.68181818181818,3470.9,44.97333333333336,-4.724999999999909,0.1430817610062893,3785.0,3810.0,3685.0,3710.0,349800.0
2024-07-17,3655.0,3655.0,3570.0,3585.0,3481.054443359375,188400.0,3687.75,3680.6,3356.6,3616.54,30.0,3479.0,42.786666666666406,-5.775000000000091,0.1273584905660376,3765.0,3725.0,3635.0,3680.0,155200.0
2024-07-18,3550.0,3655.0,3545.0,3610.0,3505.32958984375,143500.0,3681.25,3685.0,3364.333333333333,3615.015,26.86567164179104,3489.1,40.933333333333394,-6.575000000000273,0.1352201257861636,3765.0,3655.0,3585.0,3655.0,188400.0
2024-07-19,3600.0,3640.0,3575.0,3580.0,3476.199462890625,62600.0,3673.25,3685.8,3371.6666666666665,3613.34,33.9622641509434,3496.9,39.19999999999982,-7.299999999999727,0.1135303265940901,3765.0,3655.0,3610.0,3550.0,143500.0
2024-07-20,3600.0,3640.0,3575.0,3580.0,3476.199462890625,62600.0,3665.25,3682.2,3379.0,3611.665,33.9622641509434,3503.8,37.86666666666679,-7.925000000000182,0.1049382716049383,3765.0,3640.0,3580.0,3600.0,62600.0
2024-07-21,3600.0,3640.0,3575.0,3580.0,3476.199462890625,62600.0,3661.75,3675.6,3386.133333333333,3609.99,33.9622641509434,3510.7,36.933333333333394,-8.200000000000273,0.1049382716049383,3765.0,3640.0,3580.0,3600.0,62600.0
2024-07-22,3565.0,3605.0,3505.0,3560.0,3456.779296875,82200.0,3660.5,3666.6,3392.4,3607.79,25.00000000000001,3517.2,35.80000000000018,-8.75,0.1283676703645007,3765.0,3640.0,3580.0,3600.0,62600.0
2024-07-23,3555.0,3575.0,3520.0,3560.0,3456.779296875,74600.0,3652.25,3659.4,3399.266666666667,3605.915,11.36363636363636,3522.4,34.933333333333394,-9.099999999999907,0.1483870967741936,3765.0,3605.0,3560.0,3565.0,82200.0
2024-07-24,3530.0,3555.0,3505.0,3520.0,3417.93896484375,104100.0,3640.0,3650.6,3405.6666666666665,3603.84,10.0,3526.6,34.0,-9.5,0.1354838709677419,3730.0,3575.0,3560.0,3555.0,74600.0
2024-07-25,3505.0,3570.0,3485.0,3550.0,3447.0693359375,113800.0,3634.25,3643.0,3412.4666666666667,3601.915,20.0,3532.5,33.4666666666667,-9.75,0.1451612903225807,3730.0,3555.0,3520.0,3530.0,104100.0
2024-07-26,3555.0,3620.0,3535.0,3595.0,3490.764404296875,110000.0,3630.75,3640.8,3419.866666666667,3600.215,34.482758620689665,3539.4,33.733333333333576,-9.774999999999636,0.1504000000000001,3730.0,3570.0,3550.0,3505.0,113800.0
2024-07-27,3555.0,3620.0,3535.0,3595.0,3490.764404296875,110000.0,3627.25,3641.2,3427.133333333333,3597.015,34.482758620689665,3546.6,34.73333333333312,-10.775000000000093,0.130503144654088,3730.0,3620.0,3595.0,3555.0,110000.0
2024-07-28,3555.0,3620.0,3535.0,3595.0,3490.764404296875,110000.0,3622.5,3636.0,3433.866666666667,3593.415,34.482758620689665,3553.8,34.59999999999991,-12.5,0.1578099838969404,3730.0,3620.0,3595.0,3555.0,110000.0
2024-07-29,3640.0,3640.0,3580.0,3595.0,3490.764404296875,98900.0,3615.75,3629.2,3440.133333333333,3589.74,34.482758620689665,3561.0,34.4666666666667,-14.100000000000364,0.1269592476489027,3720.0,3620.0,3595.0,3555.0,110000.0
2024-07-30,3575.0,3595.0,3540.0,3555.0,3451.92431640625,84100.0,3607.5,3624.8,3445.6,3585.565,35.71428571428572,3567.2,33.13333333333321,-16.34999999999991,0.0989180834621328,3715.0,3640.0,3595.0,3640.0,98900.0
2024-07-31,3525.0,3615.0,3515.0,3610.0,3505.32958984375,113400.0,3602.25,3622.6,3451.333333333333,3581.665,54.38596491228071,3574.9,31.466666666666697,-18.550000000000185,0.1159196290571871,3685.0,3595.0,3555.0,3575.0,84100.0
2024-08-01,3590.0,3590.0,3500.0,3540.0,3437.359375,175800.0,3595.0,3617.6,3456.133333333333,3577.415,39.39393939393939,3580.8,29.0,-19.59999999999991,0.0942812982998455,3685.0,3615.0,3610.0,3525.0,113400.0
2024-08-02,3610.0,3640.0,3485.0,3525.0,3422.7939453125,513700.0,3587.0,3611.0,3460.733333333333,3573.04,41.26984126984127,3586.3,26.866666666666333,-20.375,0.0681818181818181,3685.0,3590.0,3540.0,3590.0,175800.0
2024-08-03,3610.0,3640.0,3485.0,3525.0,3422.7939453125,513700.0,3579.0,3602.8,3464.866666666667,3569.24,41.26984126984127,3591.1,24.733333333333576,-20.5,0.0649546827794562,3685.0,3640.0,3525.0,3610.0,513700.0
2024-08-04,3610.0,3640.0,3485.0,3525.0,3422.7939453125,513700.0,3571.0,3595.0,3468.6666666666665,3565.015,41.26984126984127,3595.9,23.06666666666661,-20.550000000000185,0.0829493087557604,3635.0,3640.0,3525.0,3610.0,513700.0
2024-08-05,3350.0,3390.0,3145.0,3200.0,3107.21728515625,340700.0,3549.25,3574.4,3468.133333333333,3559.065,20.967741935483872,3594.2,16.799999999999727,-22.59999999999991,-0.0153846153846153,3610.0,3640.0,3525.0,3610.0,513700.0
2024-08-06,3455.0,3545.0,3355.0,3445.0,3345.11376953125,482000.0,3542.25,3564.8,3472.0,3554.34,43.35260115606937,3597.5,15.866666666666788,-23.07499999999981,0.0649149922720246,3610.0,3390.0,3200.0,3350.0,340700.0
2024-08-07,3340.0,3435.0,3275.0,3360.0,3262.578125,263900.0,3529.75,3551.8,3475.4666666666667,3549.19,41.2087912087912,3597.9,14.733333333333576,-23.84999999999991,0.0386398763523956,3610.0,3545.0,3445.0,3455.0,482000.0
2024-08-08,3350.0,3415.0,3315.0,3360.0,3262.578125,201400.0,3518.75,3538.8,3478.9333333333334,3544.04,39.20454545454545,3598.6,14.066666666666606,-25.19999999999981,0.0386398763523956,3610.0,3435.0,3360.0,3340.0,263900.0
2024-08-09,3410.0,3410.0,3285.0,3335.0,3238.30322265625,192500.0,3506.5,3524.8,3482.0666666666666,3538.515,34.88372093023256,3598.3,13.400000000000093,-26.5,0.0277349768875192,3610.0,3415.0,3360.0,3350.0,201400.0
2024-08-10,3410.0,3410.0,3285.0,3335.0,3238.30322265625,192500.0,3494.25,3512.8,3484.866666666667,3532.99,34.88372093023256,3595.0,16.733333333333576,-26.07500000000028,0.0341085271317829,3610.0,3410.0,3335.0,3410.0,192500.0
2024-08-11,3410.0,3410.0,3285.0,3335.0,3238.30322265625,192500.0,3483.0,3502.8,3486.9333333333334,3527.94,34.88372093023256,3591.7,14.933333333333394,-26.40000000000009,0.0277349768875192,3610.0,3410.0,3335.0,3410.0,192500.0
2024-08-12,3410.0,3410.0,3285.0,3335.0,3238.30322265625,192500.0,3471.75,3491.8,3490.0,3523.24,34.88372093023256,3588.4,14.533333333333305,-25.95000000000028,0.0261538461538461,3610.0,3410.0,3335.0,3410.0,192500.0
2024-08-13,3385.0,3435.0,3350.0,3425.0,3325.693359375,196700.0,3467.0,3485.6,3493.133333333333,3519.365,42.85714285714285,3585.7,14.199999999999818,-24.675000000000185,0.0426179604261796,3610.0,3410.0,3335.0,3410.0,192500.0
2024-08-14,3455.0,3555.0,3425.0,3540.0,3437.359375,121100.0,3466.5,3484.0,3497.2,3516.065,46.39175257731959,3583.1,15.133333333333212,-22.44999999999981,0.0776255707762556,3610.0,3435.0,3425.0,3385.0,196700.0
2024-08-15,3545.0,3560.0,3510.0,3530.0,3427.649169921875,93500.0,3463.25,3482.0,3501.133333333333,3512.715,49.45054945054946,3578.8,16.266666666666424,-20.27499999999964,0.0745814307458143,3610.0,3555.0,3540.0,3455.0,121100.0
2024-08-16,3575.0,3600.0,3560.0,3595.0,3490.764404296875,70200.0,3463.25,3483.4,3505.9333333333334,3509.74,53.64583333333333,3575.0,19.0,-18.20000000000028,0.0960365853658535,3610.0,3560.0,3530.0,3545.0,93500.0
2024-08-17,3575.0,3600.0,3560.0,3595.0,3490.764404296875,70200.0,3463.25,3484.8,3509.866666666667,3506.59,53.64583333333333,3572.1,19.866666666666788,-16.649999999999636,0.0763473053892216,3610.0,3600.0,3595.0,3575.0,70200.0
2024-08-18,3575.0,3600.0,3560.0,3595.0,3490.764404296875,70200.0,3463.25,3487.8,3513.6666666666665,3503.365,53.64583333333333,3569.2,20.533333333333303,-16.0,0.081203007518797,3610.0,3600.0,3595.0,3575.0,70200.0
2024-08-19,3595.0,3660.0,3565.0,3645.0,3539.314697265625,128200.0,3467.75,3491.6,3518.866666666667,3500.49,82.48175182481752,3567.3,21.66666666666697,-15.575000000000273,0.0880597014925372,3645.0,3600.0,3595.0,3575.0,70200.0
2024-08-20,3660.0,3680.0,3600.0,3645.0,3539.314697265625,147300.0,3469.5,3493.6,3524.133333333333,3497.74,72.72727272727273,3567.2,23.0,-14.975000000000364,0.0414285714285713,3645.0,3660.0,3645.0,3595.0,128200.0
2024-08-21,3620.0,3665.0,3615.0,3620.0,3515.03955078125,48500.0,3473.5,3494.6,3529.266666666667,3494.865,84.21052631578948,3567.9,23.333333333333485,-14.875,0.0342857142857142,3645.0,3680.0,3645.0,3660.0,147300.0
2024-08-22,3645.0,3690.0,3615.0,3670.0,3563.590087890625,63700.0,3480.75,3497.6,3535.0666666666666,3492.24,86.04651162790698,3566.8,25.19999999999981,-14.350000000000364,0.0485714285714284,3670.0,3665.0,3620.0,3620.0,48500.0
2024-08-23,3740.0,3760.0,3715.0,3720.0,3612.14013671875,77500.0,3490.5,3502.6,3541.5333333333333,3490.015,92.3076923076923,3565.9,27.866666666666788,-13.349999999999907,0.0449438202247192,3720.0,3690.0,3670.0,3645.0,63700.0
2024-08-24,3740.0,3760.0,3715.0,3720.0,3612.14013671875,77500.0,3500.25,3509.2,3547.866666666667,3488.19,92.3076923076923,3567.0,29.0,-12.299999999999727,0.0136239782016349,3720.0,3760.0,3720.0,3740.0,77500.0
2024-08-25,3740.0,3760.0,3715.0,3720.0,3612.14013671875,77500.0,3526.25,3513.6,3554.4666666666667,3486.615,92.3076923076923,3568.1,30.333333333333485,-11.125,-0.0066755674232309,3720.0,3760.0,3720.0,3740.0,77500.0
2024-08-26,3730.0,3765.0,3715.0,3760.0,3650.98046875,72600.0,3542.0,3522.4,3561.333333333333,3485.34,92.92929292929291,3570.0,32.066666666666606,-9.524999999999636,-0.0066050198150594,3760.0,3760.0,3720.0,3740.0,77500.0
2024-08-27,3800.0,3815.0,3765.0,3785.0,3675.255615234375,83700.0,3563.25,3532.8,3568.4666666666667,3484.34,91.86046511627907,3571.9,33.40000000000009,-7.899999999999636,0.0120320855614972,3785.0,3765.0,3760.0,3730.0,72600.0
2024-08-28,3790.0,3830.0,3775.0,3810.0,3699.53076171875,106000.0,3585.75,3544.2,3575.4666666666667,3483.465,89.70588235294117,3573.5,33.933333333333394,-6.549999999999727,0.018716577540107,3810.0,3815.0,3785.0,3800.0,83700.0
2024-08-29,3820.0,3860.0,3775.0,3785.0,3707.366455078125,87600.0,3608.25,3554.6,3582.133333333333,3482.465,85.91549295774648,3574.8,34.266666666666424,-5.724999999999909,0.0120320855614972,3810.0,3830.0,3810.0,3790.0,106000.0
2024-08-30,3795.0,3865.0,3795.0,3820.0,3741.648681640625,219800.0,3632.5,3579.4,3589.266666666667,3481.64,84.61538461538461,3576.9,34.80000000000018,-4.974999999999909,0.0465753424657533,3820.0,3860.0,3785.0,3820.0,87600.0
2024-08-31,3795.0,3865.0,3795.0,3820.0,3741.648681640625,219800.0,3656.75,3594.4,3596.4666666666667,3480.74,84.61538461538461,3579.6,35.13333333333321,-4.600000000000364,0.0655509065550905,3820.0,3865.0,3820.0,3795.0,219800.0
2024-09-01,3795.0,3865.0,3795.0,3820.0,3741.648681640625,219800.0,3681.0,3612.8,3602.866666666667,3479.965,84.61538461538461,3582.3,34.40000000000009,-4.375,0.0255033557046979,3820.0,3865.0,3820.0,3795.0,219800.0
2024-09-02,3825.0,3870.0,3750.0,3785.0,3707.366455078125,97900.0,3699.0,3629.8,3609.0,3479.215,72.58064516129032,3584.3,33.5333333333333,-4.25,0.0053120849933598,3820.0,3865.0,3820.0,3795.0,219800.0
2024-09-03,3790.0,3825.0,3770.0,3825.0,3746.5458984375,98400.0,3713.25,3649.4,3615.3333333333335,3478.415,75.71428571428571,3587.1,33.20000000000027,-4.050000000000182,0.043656207366985,3825.0,3870.0,3785.0,3825.0,97900.0
2024-09-04,3765.0,3805.0,3755.0,3775.0,3697.57177734375,96900.0,3725.5,3667.0,3619.0,3477.365,70.66666666666667,3589.9,29.73333333333312,-4.275000000000091,0.0300136425648021,3825.0,3825.0,3825.0,3790.0,98400.0
2024-09-05,3765.0,3835.0,3735.0,3780.0,3702.468994140625,66400.0,3734.75,3684.8,3622.733333333333,3476.34,66.66666666666666,3593.8,26.266666666666424,-4.399999999999636,0.0313778990450204,3825.0,3805.0,3775.0,3765.0,96900.0
2024-09-06,3775.0,3785.0,3720.0,3745.0,3668.186767578125,112200.0,3742.25,3701.2,3626.0,3475.065,53.96825396825397,3596.5,23.13333333333321,-4.900000000000091,0.0149051490514904,3825.0,3835.0,3780.0,3765.0,66400.0
2024-09-07,3775.0,3785.0,3720.0,3745.0,3668.186767578125,112200.0,3749.75,3714.0,3628.466666666666,3473.765,53.96825396825397,3599.8,19.466666666666697,-5.450000000000273,0.0040214477211795,3825.0,3785.0,3745.0,3775.0,112200.0
2024-09-08,3775.0,3785.0,3720.0,3745.0,3668.186767578125,112200.0,3754.75,3722.2,3629.466666666666,3472.39,53.96825396825397,3603.1,14.133333333333212,-6.025000000000091,0.0067204301075269,3825.0,3785.0,3745.0,3775.0,112200.0
2024-09-09,3730.0,3745.0,3615.0,3710.0,3633.90478515625,170900.0,3758.0,3729.4,3629.0,3470.865,41.935483870967744,3605.7,10.0,-6.5,-0.0013458950201884,3825.0,3785.0,3745.0,3775.0,112200.0
2024-09-10,3710.0,3730.0,3670.0,3705.0,3629.00732421875,169300.0,3762.25,3733.8,3627.933333333333,3469.315,36.206896551724135,3608.6,5.200000000000273,-7.025000000000091,0.005427408412483,3825.0,3745.0,3710.0,3730.0,170900.0
2024-09-11,3695.0,3720.0,3645.0,3690.0,3614.31494140625,112700.0,3763.25,3737.6,3627.266666666667,3467.69,28.57142857142857,3611.2,1.2666666666668789,-7.375,0.0013568521031208,3825.0,3730.0,3705.0,3710.0,169300.0
2024-09-12,3735.0,3800.0,3725.0,3780.0,3702.468994140625,142500.0,3766.25,3745.0,3627.8,3466.515,49.275362318840585,3616.4,-0.6666666666665151,-7.25,0.0257801899592944,3825.0,3720.0,3690.0,3695.0,112700.0
2024-09-13,3735.0,3845.0,3725.0,3755.0,3677.98193359375,163400.0,3768.0,3749.4,3628.0,3465.565,40.29850746268656,3620.5,-1.466666666666697,-6.824999999999818,0.0189959294436905,3825.0,3800.0,3780.0,3735.0,142500.0
2024-09-14,3735.0,3845.0,3725.0,3755.0,3677.98193359375,163400.0,3769.75,3753.8,3629.4,3463.94,40.29850746268656,3623.7,0.4000000000000909,-6.924999999999727,0.0330123796423658,3825.0,3845.0,3755.0,3735.0,163400.0
2024-09-15,3735.0,3845.0,3725.0,3755.0,3677.98193359375,163400.0,3769.5,3759.2,3631.6666666666665,3462.79,40.29850746268656,3626.9,3.733333333333121,-6.525000000000091,0.0474198047419804,3825.0,3845.0,3755.0,3735.0,163400.0
2024-09-16,3735.0,3845.0,3725.0,3755.0,3677.98193359375,163400.0,3768.0,3762.6,3632.0666666666666,3461.74,45.0,3630.1,4.799999999999727,-5.950000000000273,0.0401662049861495,3825.0,3845.0,3755.0,3735.0,163400.0
2024-09-17,3765.0,3790.0,3710.0,3785.0,3707.366455078125,140400.0,3766.75,3765.2,3632.3333333333335,3461.09,43.10344827586207,3633.9,4.533333333333303,-5.424999999999727,0.0572625698324023,3825.0,3845.0,3755.0,3735.0,163400.0
2024-09-18,3820.0,3880.0,3800.0,3830.0,3751.443359375,154600.0,3769.0,3769.6,3634.533333333333,3460.665,59.64912280701755,3639.4,6.533333333333303,-4.900000000000091,0.0698324022346368,3830.0,3790.0,3785.0,3765.0,140400.0
2024-09-19,3835.0,3880.0,3785.0,3800.0,3722.058837890625,140400.0,3768.0,3772.8,3636.3333333333335,3460.09,53.22580645161291,3643.2,6.933333333333394,-3.849999999999909,0.0614525139664805,3830.0,3880.0,3830.0,3820.0,154600.0
2024-09-20,3795.0,3870.0,3770.0,3815.0,3736.751220703125,273000.0,3767.75,3775.0,3638.3333333333335,3460.215,62.06896551724138,3648.7,6.66666666666697,-2.574999999999818,0.0716292134831459,3830.0,3880.0,3800.0,3835.0,140400.0
2024-09-21,3795.0,3870.0,3770.0,3815.0,3736.751220703125,273000.0,3767.5,3776.2,3640.0,3460.615,62.06896551724138,3654.5,7.933333333333394,-1.125,0.0716292134831459,3830.0,3870.0,3815.0,3795.0,273000.0
2024-09-22,3795.0,3870.0,3770.0,3815.0,3736.751220703125,273000.0,3769.0,3776.4,3641.133333333333,3461.065,62.06896551724138,3660.3,8.799999999999727,-0.0250000000000909,0.0838068181818181,3830.0,3870.0,3815.0,3795.0,273000.0
2024-09-23,3795.0,3870.0,3770.0,3815.0,3736.751220703125,273000.0,3768.5,3777.6,3642.4,3461.39,70.58823529411765,3666.1,7.866666666666788,0.724999999999909,0.0746478873239435,3830.0,3870.0,3815.0,3795.0,273000.0
2024-09-24,3900.0,3925.0,3860.0,3900.0,3820.0078125,211100.0,3774.75,3780.8,3644.866666666667,3462.015,79.1044776119403,3680.1,8.533333333333303,1.9249999999997272,0.0848400556328232,3900.0,3870.0,3815.0,3795.0,273000.0
2024-09-25,3900.0,3950.0,3895.0,3915.0,3834.7001953125,226800.0,3781.5,3784.6,3647.933333333333,3462.715,83.58208955223881,3689.5,9.599999999999907,2.5,0.0890125173852574,3915.0,3925.0,3900.0,3900.0,211100.0
2024-09-26,3960.0,3990.0,3935.0,3985.0,3903.264404296875,189100.0,3793.5,3791.2,3651.933333333333,3463.765,82.53968253968254,3702.0,11.933333333333394,3.150000000000091,0.1084840055632823,3985.0,3950.0,3915.0,3900.0,226800.0
2024-09-27,3975.0,4025.0,3955.0,3970.0,3888.572021484375,176100.0,3804.75,3798.6,3655.733333333333,3464.94,85.24590163934427,3714.2,14.599999999999907,3.875,0.1043115438108484,3985.0,3990.0,3985.0,3960.0,189100.0
2024-09-28,3975.0,4025.0,3955.0,3970.0,3888.572021484375,176100.0,3816.0,3804.4,3659.533333333333,3466.04,85.24590163934427,3726.9,17.133333333333212,4.650000000000091,0.1167369901547117,3985.0,4025.0,3970.0,3975.0,176100.0
2024-09-29,3975.0,4025.0,3955.0,3970.0,3888.572021484375,176100.0,3829.0,3812.2,3664.0,3467.365,85.24590163934427,3739.6,19.13333333333321,5.349999999999909,0.0997229916897506,3985.0,4025.0,3970.0,3975.0,176100.0
2024-09-30,3760.0,3855.0,3740.0,3745.0,3668.186767578125,200800.0,3831.0,3810.8,3666.133333333333,3467.515,49.05660377358491,3747.8,18.19999999999981,4.799999999999727,0.057909604519774,3985.0,4025.0,3970.0,3975.0,176100.0
2024-10-01,3745.0,3795.0,3705.0,3760.0,3682.87939453125,168100.0,3834.5,3811.4,3668.133333333333,3467.64,47.57281553398058,3756.3,16.199999999999818,3.875,0.0666666666666666,3985.0,3855.0,3745.0,3760.0,200800.0
2024-10-02,3690.0,3715.0,3600.0,3645.0,3570.238037109375,345000.0,3827.75,3807.4,3669.0,3467.19,34.188034188034194,3760.7,13.26666666666688,2.25,0.0340425531914894,3985.0,3795.0,3760.0,3745.0,168100.0
2024-10-03,3750.0,3760.0,3630.0,3640.0,3565.34033203125,350300.0,3822.0,3803.2,3669.8,3466.715,35.71428571428572,3762.7,10.26666666666688,0.6750000000001819,0.0326241134751772,3985.0,3715.0,3645.0,3690.0,345000.0
2024-10-04,3685.0,3710.0,3625.0,3660.0,3584.930419921875,163800.0,3817.25,3801.2,3670.866666666667,3465.965,36.283185840707965,3765.3,6.866666666666788,-1.3999999999996362,0.14375,3985.0,3760.0,3640.0,3750.0,350300.0
2024-10-05,3685.0,3710.0,3625.0,3660.0,3584.930419921875,163800.0,3812.5,3799.4,3672.2,3465.265,36.283185840707965,3766.6,6.066666666666606,-2.25,0.0624092888243832,3985.0,3710.0,3660.0,3685.0,163800.0
2024-10-06,3685.0,3710.0,3625.0,3660.0,3584.930419921875,163800.0,3807.75,3798.2,3673.533333333333,3464.565,36.283185840707965,3767.9,5.400000000000091,-3.074999999999818,0.0892857142857141,3985.0,3710.0,3660.0,3685.0,163800.0
2024-10-07,3680.0,3680.0,3570.0,3595.0,3521.263427734375,203500.0,3798.25,3790.8,3674.533333333333,3463.615,32.539682539682545,3767.9,5.533333333333303,-3.575000000000273,0.0699404761904762,3985.0,3710.0,3660.0,3685.0,163800.0
2024-10-08,3600.0,3665.0,3585.0,3650.0,3575.135498046875,131400.0,3789.25,3786.6,3675.866666666667,3463.015,29.166666666666657,3768.0,6.066666666666606,-3.700000000000273,0.0944527736131934,3985.0,3680.0,3595.0,3680.0,203500.0
2024-10-09,3700.0,3850.0,3685.0,3810.0,3731.853759765625,184300.0,3789.75,3788.8,3678.733333333333,3463.215,42.95302013422819,3771.3,7.866666666666333,-2.75,0.1424287856071964,3985.0,3665.0,3650.0,3600.0,131400.0
2024-10-10,3845.0,3865.0,3790.0,3815.0,3736.751220703125,102900.0,3789.75,3791.2,3681.6666666666665,3463.44,37.5,3775.2,9.466666666666695,-1.824999999999818,0.1439280359820089,3985.0,3850.0,3810.0,3700.0,184300.0
2024-10-11,3770.0,3815.0,3735.0,3775.0,3697.57177734375,126900.0,3787.75,3792.0,3684.0666666666666,3463.54,36.17021276595744,3777.3,10.533333333333305,-1.025000000000091,0.1319340329835081,3985.0,3865.0,3815.0,3845.0,102900.0
2024-10-12,3770.0,3815.0,3735.0,3775.0,3697.57177734375,126900.0,3785.75,3791.6,3686.466666666666,3463.665,36.17021276595744,3778.4,11.933333333333394,0.0500000000001819,0.1021897810218979,3985.0,3815.0,3775.0,3770.0,126900.0
2024-10-13,3770.0,3815.0,3735.0,3775.0,3697.57177734375,126900.0,3783.75,3789.4,3689.4,3463.74,36.17021276595744,3779.5,13.533333333333305,0.724999999999909,0.0663841807909604,3985.0,3815.0,3775.0,3770.0,126900.0
2024-10-14,3770.0,3815.0,3735.0,3775.0,3697.57177734375,126900.0,3777.5,3788.4,3691.6,3464.19,53.125,3780.6,12.866666666666788,0.974999999999909,0.0694050991501415,3985.0,3815.0,3775.0,3770.0,126900.0
2024-10-15,3795.0,3825.0,3750.0,3825.0,3746.5458984375,115600.0,3773.0,3788.8,3695.4,3465.09,56.310679611650485,3781.9,13.733333333333576,1.650000000000091,0.0639777468706537,3985.0,3815.0,3775.0,3770.0,126900.0
2024-10-16,3855.0,3890.0,3810.0,3810.0,3731.853759765625,108100.0,3764.25,3788.6,3699.2,3465.915,69.87951807228916,3782.4,15.133333333333212,2.375,0.0598052851182198,3970.0,3825.0,3825.0,3795.0,115600.0
2024-10-17,3860.0,3880.0,3780.0,3820.0,3741.648681640625,89000.0,3756.75,3788.8,3703.133333333333,3466.79,71.42857142857143,3782.6,16.666666666666515,3.125,0.062586926286509,3970.0,3890.0,3810.0,3855.0,108100.0
2024-10-18,3880.0,3880.0,3830.0,3850.0,3771.033203125,61700.0,3750.75,3790.2,3707.466666666666,3468.015,72.09302325581396,3783.9,18.06666666666661,4.275000000000091,0.0562414266117969,3970.0,3880.0,3820.0,3860.0,89000.0
2024-10-19,3880.0,3880.0,3830.0,3850.0,3771.033203125,61700.0,3744.75,3788.2,3716.133333333333,3469.84,72.09302325581396,3784.5,24.533333333333303,5.650000000000091,0.0562414266117969,3850.0,3880.0,3850.0,3880.0,61700.0
2024-10-20,3880.0,3880.0,3830.0,3850.0,3771.033203125,61700.0,3750.0,3785.6,3721.533333333333,3471.115,72.09302325581396,3785.1,26.13333333333321,6.024999999999636,0.0635359116022098,3850.0,3880.0,3850.0,3880.0,61700.0
2024-10-21,3855.0,3910.0,3845.0,3890.0,3810.212890625,73300.0,3756.5,3781.8,3728.6,3472.165,86.41975308641976,3786.5,29.40000000000009,6.25,0.0599455040871934,3890.0,3880.0,3850.0,3880.0,61700.0
2024-10-22,3885.0,3900.0,3835.0,3845.0,3766.1357421875,83300.0,3766.5,3776.8,3735.0666666666666,3474.315,74.68354430379748,3787.7,31.9333333333334,7.525000000000091,0.0336021505376344,3890.0,3910.0,3890.0,3855.0,73300.0
2024-10-23,3825.0,3825.0,3750.0,3755.0,3677.98193359375,85200.0,3772.25,3768.2,3740.6666666666665,3476.015,41.53846153846154,3786.3,33.19999999999982,8.0,0.0094086021505377,3890.0,3900.0,3845.0,3885.0,83300.0
2024-10-24,3770.0,3865.0,3760.0,3855.0,3775.9306640625,130400.0,3782.0,3763.6,3747.6,3478.215,54.76190476190476,3787.9,31.466666666666697,8.375,0.0362903225806452,3890.0,3825.0,3755.0,3825.0,85200.0
2024-10-25,3875.0,3920.0,3830.0,3910.0,3829.802734375,171300.0,3794.5,3770.2,3755.266666666667,3481.515,65.51724137931035,3790.5,33.733333333333576,10.400000000000093,0.0398936170212766,3910.0,3865.0,3855.0,3770.0,130400.0
2024-10-26,3875.0,3920.0,3830.0,3910.0,3829.802734375,171300.0,3807.0,3776.2,3762.933333333333,3484.74,65.51724137931035,3793.8,34.333333333333485,12.574999999999818,0.0330250990752971,3910.0,3920.0,3910.0,3875.0,171300.0
2024-10-27,3875.0,3920.0,3830.0,3910.0,3829.802734375,171300.0,3822.75,3786.8,3769.4,3488.39,65.51724137931035,3797.1,34.333333333333485,14.074999999999818,0.026246719160105,3910.0,3920.0,3910.0,3875.0,171300.0
2024-10-28,3960.0,4010.0,3950.0,3965.0,3883.67431640625,172300.0,3838.5,3799.8,3775.0666666666666,3492.74,69.38775510204081,3801.5,34.40000000000009,16.72499999999991,0.0475561426684281,3965.0,3920.0,3910.0,3875.0,171300.0
2024-10-29,3955.0,3985.0,3945.0,3945.0,3864.084716796875,101800.0,3845.25,3811.2,3780.6,3496.99,63.04347826086957,3806.2,33.0,18.77499999999964,0.0327225130890052,3965.0,4010.0,3965.0,3960.0,172300.0
2024-10-30,3990.0,3990.0,3915.0,3915.0,3834.7001953125,960700.0,3850.25,3821.4,3784.866666666667,3501.09,61.05263157894737,3810.4,29.59999999999991,19.57500000000028,0.0248691099476439,3965.0,3985.0,3945.0,3955.0,101800.0
2024-10-31,3910.0,3935.0,3885.0,3915.0,3834.7001953125,143900.0,3857.25,3831.6,3789.133333333333,3505.19,60.215053763440864,3814.9,26.19999999999981,20.45000000000028,0.0248691099476439,3965.0,3990.0,3915.0,3990.0,960700.0
2024-11-01,3845.0,3910.0,3835.0,3855.0,3775.9306640625,99600.0,3861.25,3842.0,3792.6,3509.015,50.5050505050505,3816.4,23.19999999999981,20.625,0.0184940554821664,3965.0,3935.0,3915.0,3910.0,143900.0
2024-11-02,3845.0,3910.0,3835.0,3855.0,3775.9306640625,99600.0,3865.25,3850.2,3795.4,3513.31,50.5050505050505,3818.4,20.333333333333485,20.570000000000164,0.0078431372549019,3965.0,3910.0,3855.0,3845.0,99600.0
2024-11-03,3845.0,3910.0,3835.0,3855.0,3775.9306640625,99600.0,3869.25,3852.0,3798.2,3517.72,50.5050505050505,3820.4,17.59999999999991,20.73000000000001,0.0211920529801323,3965.0,3910.0,3855.0,3845.0,99600.0
2024-11-04,3845.0,3910.0,3835.0,3855.0,3775.9306640625,99600.0,3870.75,3853.6,3801.3333333333335,3521.945,46.15384615384615,3822.4,16.466666666666697,20.85500000000001,0.0198412698412697,3965.0,3910.0,3855.0,3845.0,99600.0
2024-11-05,3855.0,3885.0,3735.0,3745.0,3668.186767578125,171700.0,3867.5,3852.4,3802.3333333333335,3526.26,40.38461538461539,3822.2,13.200000000000273,21.070000000000164,0.0,3965.0,3910.0,3855.0,3845.0,99600.0
2024-11-06,3770.0,3850.0,3740.0,3805.0,3726.956298828125,112000.0,3866.75,3853.6,3803.466666666666,3530.875,55.102040816326536,3822.6,10.866666666666788,21.860000000000127,0.0160213618157543,3965.0,3885.0,3745.0,3855.0,171700.0
2024-11-07,3820.0,3860.0,3795.0,3835.0,3756.3408203125,144700.0,3866.0,3856.0,3805.0,3535.64,47.61904761904762,3822.7,9.599999999999907,22.329999999999927,0.0240320427236315,3965.0,3850.0,3805.0,3770.0,112000.0
2024-11-08,3865.0,3910.0,3830.0,3865.0,3785.725830078125,80400.0,3866.75,3859.6,3806.933333333333,3540.08,44.30379746835443,3824.0,8.733333333333576,22.360000000000127,0.0417789757412399,3965.0,3860.0,3835.0,3820.0,144700.0
2024-11-09,3865.0,3910.0,3830.0,3865.0,3785.725830078125,80400.0,3867.5,3861.2,3808.3333333333335,3544.565,44.30379746835443,3825.0,7.0,22.61999999999989,0.0431848852901484,3965.0,3910.0,3865.0,3865.0,80400.0
2024-11-10,3865.0,3910.0,3830.0,3865.0,3785.725830078125,80400.0,3866.25,3863.4,3809.4,3549.075,44.30379746835443,3826.0,7.066666666666606,22.8149999999996,0.0474254742547426,3965.0,3910.0,3865.0,3865.0,80400.0
2024-11-11,3820.0,3905.0,3800.0,3885.0,3805.3154296875,68700.0,3868.25,3866.0,3810.4,3553.845,38.888888888888886,3827.4,6.933333333333394,22.9699999999998,0.0277777777777776,3965.0,3910.0,3865.0,3865.0,80400.0
2024-11-12,3880.0,3900.0,3825.0,3855.0,3775.9306640625,65500.0,3873.25,3866.2,3811.3333333333335,3558.29,37.83783783783784,3828.2,6.333333333333485,22.65000000000009,0.0266311584553928,3965.0,3905.0,3885.0,3820.0,68700.0
2024-11-13,3850.0,3855.0,3785.0,3810.0,3731.853759765625,73300.0,3871.0,3864.6,3811.2,3562.51,36.36363636363636,3826.4,4.266666666666424,22.43000000000029,0.0146471371504659,3965.0,3900.0,3855.0,3880.0,65500.0
2024-11-14,3765.0,3775.0,3705.0,3730.0,3653.494384765625,201000.0,3862.0,3859.8,3810.0,3566.33,30.107526881720432,3822.7,1.666666666666515,21.76499999999988,-0.0066577896138482,3965.0,3855.0,3810.0,3850.0,73300.0
2024-11-15,3735.0,3755.0,3705.0,3720.0,3643.69970703125,88200.0,3852.5,3853.0,3808.6666666666665,3570.1,33.73493975903615,3817.4,-0.7333333333335759,21.02500000000009,-0.0093209054593874,3965.0,3775.0,3730.0,3765.0,201000.0
2024-11-16,3735.0,3755.0,3705.0,3720.0,3643.69970703125,88200.0,3843.0,3848.0,3807.8,3573.675,33.73493975903615,3812.4,-2.599999999999909,19.830000000000386,-0.0171730515191546,3965.0,3755.0,3720.0,3735.0,88200.0
2024-11-17,3735.0,3755.0,3705.0,3720.0,3643.69970703125,88200.0,3830.75,3846.6,3806.4,3577.1,33.73493975903615,3807.4,-4.933333333333394,18.809999999999945,-0.0287206266318538,3945.0,3755.0,3720.0,3735.0,88200.0
2024-11-18,3700.0,3740.0,3680.0,3735.0,3658.391845703125,65800.0,3820.25,3841.8,3805.866666666667,3580.625,36.04651162790697,3802.7,-5.33333333333303,18.11499999999978,-0.0171052631578947,3915.0,3755.0,3720.0,3735.0,88200.0
2024-11-19,3750.0,3825.0,3750.0,3780.0,3702.468994140625,103200.0,3813.5,3836.6,3805.866666666667,3584.375,54.7945205479452,3803.4,-4.133333333333212,18.04500000000008,-0.0091743119266054,3915.0,3740.0,3735.0,3700.0,65800.0
2024-11-20,3780.0,3810.0,3745.0,3790.0,3712.263916015625,98200.0,3807.25,3831.8,3806.466666666666,3588.175,47.61904761904761,3804.0,-2.199999999999818,18.07500000000028,-0.0065530799475753,3885.0,3825.0,3780.0,3750.0,103200.0
2024-11-21,3780.0,3850.0,3780.0,3820.0,3741.648681640625,106600.0,3805.5,3828.2,3807.466666666666,3592.125,47.61904761904761,3807.5,-0.3333333333334849,18.44999999999981,0.001310615989515,3885.0,3810.0,3790.0,3780.0,98200.0
2024-11-22,3850.0,3910.0,3845.0,3870.0,3790.623046875,123600.0,3806.25,3824.4,3809.133333333333,3596.325,50.74626865671642,3812.1,2.733333333333121,19.22499999999991,0.0144167758846658,3885.0,3850.0,3820.0,3780.0,106600.0
2024-11-23,3850.0,3910.0,3845.0,3870.0,3790.623046875,123600.0,3807.0,3821.4,3811.266666666667,3600.45,50.74626865671642,3816.3,5.400000000000091,19.82499999999981,-0.0076923076923076,3885.0,3910.0,3870.0,3850.0,123600.0
2024-11-24,3850.0,3910.0,3845.0,3870.0,3790.623046875,123600.0,3807.75,3819.6,3813.466666666666,3604.35,50.74626865671642,3820.5,7.599999999999909,19.97499999999991,-0.0114942528735632,3885.0,3910.0,3870.0,3850.0,123600.0
2024-11-25,3900.0,3935.0,3890.0,3915.0,3834.7001953125,139300.0,3816.25,3819.6,3816.466666666666,3608.7,54.16666666666666,3825.6,10.0,20.52499999999964,-0.0175658720200753,3915.0,3910.0,3870.0,3850.0,123600.0
2024-11-26,3915.0,3930.0,3860.0,3900.0,3820.0078125,125900.0,3821.0,3821.4,3818.0666666666666,3613.0,56.52173913043478,3831.7,10.599999999999907,20.875,-0.017632241813602,3915.0,3935.0,3915.0,3900.0,139300.0
2024-11-27,3890.0,3905.0,3800.0,3850.0,3771.033203125,125900.0,3821.75,3821.2,3819.3333333333335,3617.05,55.71428571428571,3835.7,10.200000000000273,20.725000000000364,-0.0302267002518891,3915.0,3930.0,3900.0,3915.0,125900.0
2024-11-28,3850.0,3920.0,3850.0,3895.0,3815.1103515625,119900.0,3823.25,3822.8,3821.2,3621.325,76.19047619047619,3837.4,9.93333333333294,20.875,-0.0188916876574307,3915.0,3905.0,3850.0,3890.0,125900.0
2024-11-29,3900.0,3920.0,3880.0,3900.0,3820.0078125,64300.0,3825.0,3824.6,3823.133333333333,3625.575,79.03225806451613,3839.1,9.666666666666517,21.22499999999991,0.041388518024032,3915.0,3920.0,3895.0,3850.0,119900.0
2024-11-30,3900.0,3920.0,3880.0,3900.0,3820.0078125,64300.0,3826.75,3830.8,3825.0666666666666,3629.625,79.03225806451613,3841.6,8.599999999999909,20.925000000000185,0.0372340425531914,3915.0,3920.0,3900.0,3900.0,64300.0
2024-12-01,3900.0,3920.0,3880.0,3900.0,3820.0078125,64300.0,3827.5,3834.6,3826.6,3633.5,79.03225806451613,3844.1,8.533333333333303,20.5,0.0699588477366255,3915.0,3920.0,3900.0,3900.0,64300.0
2024-12-02,3900.0,3975.0,3895.0,3945.0,3864.084716796875,87300.0,3832.0,3839.0,3828.133333333333,3637.5,80.88235294117646,3847.5,8.799999999999727,20.44999999999981,0.0837912087912087,3945.0,3920.0,3900.0,3900.0,64300.0
2024-12-03,3955.0,4010.0,3950.0,4005.0,3922.854248046875,122800.0,3841.75,3844.6,3830.866666666667,3641.625,81.69014084507043,3852.1,9.66666666666697,20.300000000000185,0.0942622950819671,4005.0,3975.0,3945.0,3900.0,87300.0
2024-12-04,4020.0,4035.0,3950.0,3970.0,3888.572021484375,78200.0,3853.75,3848.8,3832.933333333333,3645.575,73.68421052631578,3855.0,9.800000000000182,20.0,0.0846994535519125,4005.0,4010.0,4005.0,3955.0,122800.0
2024-12-05,3970.0,4015.0,3965.0,4010.0,3927.75146484375,74000.0,3868.25,3854.6,3835.533333333333,3649.725,74.35897435897436,3859.0,10.466666666666695,20.09999999999991,0.0956284153005464,4010.0,4035.0,3970.0,4020.0,78200.0
2024-12-06,4015.0,4015.0,3855.0,3865.0,3785.725830078125,129600.0,3875.5,3853.8,3836.2,3652.975,49.48453608247423,3859.9,9.599999999999907,19.47499999999991,0.0751043115438108,4010.0,4015.0,4010.0,3970.0,74000.0
2024-12-07,4015.0,4015.0,3855.0,3865.0,3785.725830078125,129600.0,3882.75,3854.2,3836.866666666667,3656.1,49.48453608247423,3860.2,8.733333333333576,18.59999999999991,0.058904109589041,4010.0,4015.0,3865.0,4015.0,129600.0
2024-12-08,4015.0,4015.0,3855.0,3865.0,3785.725830078125,129600.0,3889.25,3856.4,3836.4,3659.225,49.48453608247423,3860.5,5.533333333333303,17.59999999999991,0.0144356955380577,4010.0,4015.0,3865.0,4015.0,129600.0
2024-12-09,3905.0,3910.0,3855.0,3885.0,3805.3154296875,87500.0,3894.5,3862.6,3836.0,3662.875,46.7391304347826,3861.2,3.066666666666606,17.300000000000182,0.0183486238532109,4010.0,4015.0,3865.0,4015.0,129600.0
2024-12-10,3890.0,3915.0,3845.0,3870.0,3790.623046875,58000.0,3898.5,3868.6,3834.466666666666,3666.725,46.7391304347826,3860.8,-1.066666666666606,17.0,0.0251655629139073,4010.0,3910.0,3885.0,3905.0,87500.0
2024-12-11,3855.0,3860.0,3815.0,3860.0,3780.828125,42200.0,3900.5,3874.2,3833.0,3670.525,51.19047619047619,3861.1,-3.199999999999818,17.550000000000182,0.0225165562913907,4010.0,3915.0,3870.0,3890.0,58000.0
2024-12-12,3865.0,3910.0,3840.0,3875.0,3795.5205078125,133400.0,3900.75,3880.4,3831.733333333333,3674.4,47.43589743589743,3863.5,-5.133333333333667,18.300000000000185,0.0264900662251654,4010.0,3860.0,3860.0,3855.0,42200.0
2024-12-13,3925.0,3995.0,3815.0,3830.0,3751.443359375,216600.0,3898.75,3884.2,3829.866666666667,3677.925,41.860465116279066,3863.0,-6.533333333333303,18.70000000000028,0.0145695364238409,4010.0,3910.0,3875.0,3865.0,133400.0
2024-12-14,3925.0,3995.0,3815.0,3830.0,3751.443359375,216600.0,3896.75,3886.2,3831.0,3681.175,41.860465116279066,3861.4,-5.0,18.300000000000185,0.0013071895424836,4010.0,3995.0,3830.0,3925.0,216600.0
2024-12-15,3925.0,3995.0,3815.0,3830.0,3751.443359375,216600.0,3892.5,3887.8,3831.933333333333,3684.8,41.860465116279066,3859.8,-2.533333333333303,18.07500000000028,0.0052493438320209,4010.0,3995.0,3830.0,3925.0,216600.0
2024-12-16,3850.0,3920.0,3795.0,3825.0,3746.5458984375,104600.0,3888.75,3888.0,3834.3333333333335,3687.975,34.61538461538461,3858.1,1.333333333333485,17.449999999999818,0.0013089005235602,4010.0,3995.0,3830.0,3925.0,216600.0
2024-12-17,3850.0,3900.0,3825.0,3825.0,3746.5458984375,126500.0,3887.5,3886.2,3836.8,3690.925,22.72727272727272,3855.3,5.066666666667061,16.52500000000009,-0.0064935064935064,4010.0,3920.0,3825.0,3850.0,104600.0
2024-12-18,3815.0,3925.0,3815.0,3825.0,3746.5458984375,70400.0,3884.0,3884.4,3839.0,3693.875,25.42372881355932,3852.9,9.133333333333212,15.949999999999818,-0.0064935064935064,4010.0,3900.0,3825.0,3850.0,126500.0
2024-12-19,3685.0,3755.0,3675.0,3710.0,3633.90478515625,195100.0,3874.5,3878.0,3839.6666666666665,3696.25,9.459459459459469,3848.8,8.666666666666515,15.074999999999818,-0.0363636363636363,4010.0,3925.0,3825.0,3815.0,70400.0
2024-12-20,3725.0,3735.0,3670.0,3695.0,3619.21240234375,197200.0,3864.25,3869.2,3840.133333333333,3698.225,14.583333333333329,3844.4,8.199999999999818,13.424999999999727,-0.0501285347043701,4010.0,3755.0,3710.0,3685.0,195100.0
2024-12-21,3725.0,3735.0,3670.0,3695.0,3619.21240234375,197200.0,3854.0,3861.0,3841.466666666666,3700.15,14.583333333333329,3841.2,7.133333333333212,12.175000000000182,-0.0390117035110533,4010.0,3735.0,3695.0,3725.0,197200.0
2024-12-22,3725.0,3735.0,3670.0,3695.0,3619.21240234375,197200.0,3841.5,3854.8,3842.0666666666666,3702.35,14.583333333333329,3838.0,5.266666666666424,11.424999999999727,-0.0159786950732356,4010.0,3735.0,3695.0,3725.0,197200.0
2024-12-23,3675.0,3720.0,3675.0,3690.0,3614.31494140625,104900.0,3825.75,3846.6,3840.466666666666,3704.55,6.666666666666657,3834.7,1.466666666666697,10.675000000000182,-0.0428015564202334,4010.0,3735.0,3695.0,3725.0,197200.0
2024-12-24,3690.0,3695.0,3645.0,3670.0,3594.725341796875,64600.0,3810.75,3837.4,3838.533333333333,3706.725,6.521739130434767,3831.0,-1.133333333333212,10.474999999999907,-0.0613810741687979,4010.0,3720.0,3690.0,3675.0,104900.0
2024-12-25,3690.0,3705.0,3625.0,3660.0,3584.930419921875,60200.0,3793.25,3827.8,3837.0,3708.85,6.521739130434767,3829.3,-3.133333333333212,10.625,-0.0639386189258311,3885.0,3695.0,3670.0,3690.0,64600.0
2024-12-26,3615.0,3645.0,3595.0,3645.0,3570.238037109375,141000.0,3782.25,3817.6,3835.266666666667,3710.9,0.0,3826.1,-6.199999999999818,10.75,-0.067774936061381,3885.0,3705.0,3660.0,3690.0,60200.0
2024-12-27,3645.0,3675.0,3635.0,3660.0,3584.930419921875,140700.0,3772.0,3806.2,3833.733333333333,3712.975,7.5,3822.6,-8.333333333333485,10.625,-0.0769230769230768,3885.0,3645.0,3645.0,3615.0,141000.0
2024-12-28,3645.0,3675.0,3635.0,3660.0,3584.930419921875,140700.0,3761.75,3792.4,3832.2,3715.15,7.5,3818.5,-8.266666666666879,10.599999999999907,-0.0722433460076045,3885.0,3675.0,3660.0,3645.0,140700.0
2024-12-29,3645.0,3675.0,3635.0,3660.0,3584.930419921875,140700.0,3750.5,3780.0,3830.0,3717.225,7.5,3814.4,-8.533333333333303,10.5,-0.0651340996168582,3875.0,3675.0,3660.0,3645.0,140700.0
2024-12-30,3675.0,3685.0,3590.0,3605.0,3531.058349609375,175800.0,3737.25,3763.8,3827.266666666667,3719.0,6.0,3809.2,-9.73333333333312,10.150000000000093,-0.0791826309067688,3875.0,3675.0,3660.0,3645.0,140700.0
2024-12-31,3675.0,3685.0,3590.0,3605.0,3531.058349609375,175800.0,3724.5,3753.4,3824.4,3720.6,6.0,3803.6,-10.866666666666788,9.699999999999818,-0.0648508430609597,3875.0,3685.0,3605.0,3675.0,175800.0
2025-01-01,3675.0,3685.0,3590.0,3605.0,3531.058349609375,175800.0,3711.0,3743.0,3821.133333333333,3722.2,6.0,3798.6,-12.599999999999907,9.224999999999907,-0.0648508430609597,3830.0,3685.0,3605.0,3675.0,175800.0
2025-01-02,3675.0,3685.0,3590.0,3605.0,3531.058349609375,175800.0,3699.75,3732.6,3817.866666666667,3723.8,11.111111111111114,3794.5,-14.33333333333303,8.650000000000091,-0.0648508430609597,3830.0,3685.0,3605.0,3675.0,175800.0
2025-01-03,3675.0,3685.0,3590.0,3605.0,3531.058349609375,175800.0,3688.5,3721.4,3814.6,3725.425,12.5,3792.0,-15.400000000000093,8.200000000000273,-0.0648508430609597,3830.0,3685.0,3605.0,3675.0,175800.0
2025-01-04,3675.0,3685.0,3590.0,3605.0,3531.058349609375,175800.0,3677.25,3710.8,3810.8,3726.75,12.5,3789.7,-16.466666666666697,7.75,-0.0373831775700934,3825.0,3685.0,3605.0,3675.0,175800.0
2025-01-05,3675.0,3685.0,3590.0,3605.0,3531.058349609375,175800.0,3666.25,3700.6,3807.6,3728.15,12.5,3787.4,-16.800000000000182,7.550000000000182,-0.052562417871222,3825.0,3685.0,3605.0,3675.0,175800.0
2025-01-06,3610.0,3655.0,3570.0,3640.0,3565.34033203125,249400.0,3657.0,3691.2,3806.0666666666666,3729.6,33.33333333333333,3785.8,-15.066666666666606,7.400000000000091,-0.0508474576271186,3825.0,3685.0,3605.0,3675.0,175800.0
2025-01-07,3920.0,3970.0,3820.0,3920.0,3839.597412109375,456400.0,3661.75,3694.8,3806.933333333333,3731.7,80.48780487804878,3789.5,-10.933333333333394,7.899999999999636,0.0142302716688227,3920.0,3655.0,3640.0,3610.0,249400.0
2025-01-08,3800.0,3915.0,3770.0,3885.0,3805.3154296875,227300.0,3670.5,3697.0,3806.6,3733.625,75.86206896551724,3791.6,-8.0,8.199999999999818,0.0051746442432083,3920.0,3970.0,3920.0,3920.0,456400.0
2025-01-09,3910.0,3960.0,3865.0,3895.0,3815.1103515625,132200.0,3680.5,3699.6,3806.4,3735.6,79.06976744186046,3793.7,-4.400000000000091,8.849999999999909,0.0077619663648125,3920.0,3915.0,3885.0,3800.0,227300.0
2025-01-10,3860.0,3890.0,3820.0,3840.0,3761.23828125,117800.0,3687.75,3700.2,3805.466666666666,3737.0,69.14893617021276,3794.1,-2.133333333333212,8.849999999999909,-0.0115830115830115,3920.0,3960.0,3895.0,3910.0,132200.0
2025-01-11,3860.0,3890.0,3820.0,3840.0,3761.23828125,117800.0,3695.0,3700.8,3803.8,3737.85,69.14893617021276,3793.5,-2.266666666666424,8.25,-0.0038910505836575,3920.0,3890.0,3840.0,3860.0,117800.0
2025-01-12,3860.0,3890.0,3820.0,3840.0,3761.23828125,117800.0,3702.5,3701.4,3802.4,3738.325,69.14893617021276,3792.9,-4.533333333333303,6.625,0.0078740157480314,3920.0,3890.0,3840.0,3860.0,117800.0
2025-01-13,3860.0,3890.0,3820.0,3840.0,3761.23828125,117800.0,3711.0,3706.6,3801.4,3738.6,78.3132530120482,3792.3,-5.199999999999818,4.974999999999909,0.0294906166219839,3920.0,3890.0,3840.0,3860.0,117800.0
2025-01-14,3735.0,3775.0,3635.0,3660.0,3584.930419921875,168200.0,3711.0,3705.2,3798.0,3738.2,54.6218487394958,3787.2,-8.400000000000091,2.599999999999909,-0.0161290322580645,3920.0,3890.0,3840.0,3860.0,117800.0
2025-01-15,3665.0,3705.0,3645.0,3670.0,3594.725341796875,145500.0,3712.25,3704.2,3795.533333333333,3737.85,55.37190082644628,3782.6,-9.933333333333394,0.849999999999909,-0.0134408602150537,3920.0,3775.0,3660.0,3735.0,168200.0
2025-01-16,3685.0,3755.0,3685.0,3710.0,3633.90478515625,113400.0,3714.75,3704.8,3793.6,3737.7,58.13953488372093,3779.8,-10.200000000000273,-0.1500000000000909,-0.0026881720430107,3920.0,3705.0,3670.0,3665.0,145500.0
2025-01-17,3665.0,3680.0,3625.0,3630.0,3555.545654296875,83800.0,3713.25,3702.4,3790.6,3737.6,51.72413793103448,3774.5,-11.800000000000182,-0.724999999999909,-0.0281124497991968,3920.0,3755.0,3710.0,3685.0,113400.0
2025-01-18,3665.0,3680.0,3625.0,3630.0,3555.545654296875,83800.0,3711.75,3700.8,3787.6,3737.825,51.72413793103448,3769.1,-13.800000000000182,-0.775000000000091,-0.0396825396825396,3920.0,3680.0,3630.0,3665.0,83800.0
2025-01-19,3665.0,3680.0,3625.0,3630.0,3555.545654296875,83800.0,3713.0,3699.6,3786.0666666666666,3737.35,51.72413793103448,3763.7,-11.933333333333394,-0.849999999999909,-0.0422163588390501,3920.0,3680.0,3630.0,3665.0,83800.0
2025-01-20,3640.0,3745.0,3640.0,3720.0,3643.69970703125,107700.0,3718.75,3702.6,3784.933333333333,3737.125,55.12820512820513,3760.1,-10.599999999999907,-0.724999999999909,-0.0261780104712041,3920.0,3680.0,3630.0,3665.0,83800.0
2025-01-21,3775.0,3775.0,3725.0,3730.0,3653.494384765625,59100.0,3725.0,3705.4,3783.533333333333,3737.45,31.372549019607845,3755.8,-10.066666666666606,-0.25,-0.0361757105943152,3920.0,3745.0,3720.0,3640.0,107700.0
2025-01-22,3750.0,3750.0,3705.0,3710.0,3633.90478515625,53500.0,3730.25,3707.4,3781.466666666666,3737.675,32.32323232323233,3749.9,-9.133333333333212,0.0750000000002728,-0.041343669250646,3920.0,3775.0,3730.0,3775.0,59100.0
2025-01-23,3700.0,3715.0,3675.0,3680.0,3604.520263671875,65300.0,3734.0,3708.2,3779.0,3737.75,29.126213592233,3744.1,-8.599999999999909,-0.0749999999998181,-0.0490956072351421,3920.0,3750.0,3710.0,3750.0,53500.0
2025-01-24,3665.0,3720.0,3665.0,3700.0,3624.10986328125,113300.0,3738.75,3712.0,3776.8,3737.8,35.41666666666667,3737.9,-9.266666666666424,0.4500000000002728,-0.0549169859514686,3920.0,3715.0,3680.0,3700.0,65300.0
2025-01-25,3665.0,3720.0,3665.0,3700.0,3624.10986328125,113300.0,3743.5,3715.8,3774.3333333333335,3737.65,35.41666666666667,3734.6,-10.599999999999907,0.525000000000091,-0.0512820512820513,3920.0,3720.0,3700.0,3665.0,113300.0
2025-01-26,3665.0,3720.0,3665.0,3700.0,3624.10986328125,113300.0,3746.5,3719.6,3772.266666666667,3737.55,35.41666666666667,3731.3,-11.266666666666424,0.1000000000003638,-0.0389610389610389,3920.0,3720.0,3700.0,3665.0,113300.0
2025-01-27,3645.0,3710.0,3610.0,3610.0,3535.955810546875,163000.0,3731.0,3719.8,3769.6,3737.025,29.824561403508767,3726.2,-11.866666666666788,-0.650000000000091,-0.073170731707317,3895.0,3720.0,3700.0,3665.0,113300.0
2025-01-28,3610.0,3640.0,3580.0,3620.0,3545.750732421875,128600.0,3717.75,3720.4,3768.133333333333,3736.7,45.00000000000001,3720.9,-10.866666666666788,-1.050000000000182,-0.0717948717948717,3895.0,3710.0,3610.0,3645.0,163000.0
2025-01-29,3610.0,3655.0,3600.0,3635.0,3560.443115234375,145900.0,3704.75,3721.6,3767.0,3736.45,45.67901234567901,3716.2,-9.800000000000182,-1.3500000000003638,-0.0679487179487179,3840.0,3640.0,3620.0,3610.0,128600.0
2025-01-30,3635.0,3760.0,3625.0,3715.0,3638.80224609375,145100.0,3698.5,3726.0,3766.933333333333,3736.6,50.56179775280899,3713.3,-7.400000000000091,-1.050000000000182,-0.0474358974358974,3840.0,3655.0,3635.0,3610.0,145900.0
2025-01-31,3705.0,3725.0,3660.0,3720.0,3643.69970703125,151200.0,3692.5,3729.2,3766.933333333333,3736.775,62.16216216216216,3710.2,-5.333333333333485,-0.775000000000091,-0.0570342205323194,3840.0,3760.0,3715.0,3635.0,145100.0
2025-02-01,3705.0,3725.0,3660.0,3720.0,3643.69970703125,151200.0,3686.5,3721.2,3766.733333333333,3737.2,62.16216216216216,3708.0,-2.866666666666788,0.1749999999997271,-0.0711610486891385,3840.0,3725.0,3720.0,3705.0,151200.0
2025-02-02,3705.0,3725.0,3660.0,3720.0,3643.69970703125,151200.0,3680.5,3714.6,3765.933333333333,3737.875,62.16216216216216,3705.8,-2.199999999999818,1.175000000000182,-0.0629722921914357,3730.0,3725.0,3720.0,3705.0,151200.0
2025-02-03,3720.0,3755.0,3695.0,3720.0,3643.69970703125,151500.0,3683.5,3707.6,3765.0,3738.425,50.0,3703.6,-2.0,1.975000000000364,-0.0723192019950125,3730.0,3725.0,3720.0,3705.0,151200.0
2025-02-04,3830.0,3835.0,3730.0,3740.0,3663.289306640625,117500.0,3687.0,3703.6,3763.933333333333,3739.225,51.72413793103448,3701.9,-3.0,2.625,-0.0323415265200517,3740.0,3755.0,3720.0,3720.0,151500.0
2025-02-05,3810.0,3840.0,3750.0,3770.0,3692.67431640625,125500.0,3690.0,3700.8,3762.6,3740.175,60.0,3700.8,-4.333333333333485,3.400000000000091,-0.0245795601552393,3770.0,3835.0,3740.0,3830.0,117500.0
2025-02-06,3840.0,3880.0,3835.0,3880.0,3800.41796875,97800.0,3702.5,3702.4,3762.733333333333,3741.675,76.31578947368422,3701.9,-4.0,4.475000000000364,0.0038809831824062,3880.0,3840.0,3770.0,3810.0,125500.0
2025-02-07,3900.0,3935.0,3885.0,3890.0,3810.212890625,131500.0,3715.5,3704.4,3763.0,3743.325,75.67567567567568,3705.5,-2.933333333333394,5.449999999999818,0.0012870012870012,3890.0,3880.0,3880.0,3840.0,97800.0
2025-02-08,3900.0,3935.0,3885.0,3890.0,3810.212890625,131500.0,3728.5,3713.6,3762.6666666666665,3744.975,75.67567567567568,3709.4,-2.333333333333485,6.549999999999727,0.0051679586563306,3890.0,3935.0,3890.0,3900.0,131500.0
2025-02-09,3900.0,3935.0,3885.0,3890.0,3810.212890625,131500.0,3737.0,3722.4,3762.533333333333,3746.825,75.67567567567568,3713.3,-1.400000000000091,7.599999999999909,0.0077720207253886,3890.0,3935.0,3890.0,3900.0,131500.0
2025-02-10,3875.0,3930.0,3865.0,3870.0,3790.623046875,145700.0,3744.0,3728.8,3762.8,3748.425,93.33333333333331,3716.8,0.2000000000002728,8.25,-0.0012903225806452,3890.0,3935.0,3890.0,3900.0,131500.0
2025-02-11,3875.0,3930.0,3865.0,3870.0,3790.623046875,145700.0,3752.0,3738.4,3762.466666666666,3749.8,93.10344827586206,3720.4,-0.2666666666664241,8.125,0.010443864229765,3890.0,3930.0,3870.0,3875.0,145700.0
2025-02-12,3940.0,3975.0,3875.0,3900.0,3820.0078125,213500.0,3763.0,3749.2,3762.466666666666,3751.325,93.44262295081968,3725.0,-0.533333333333303,8.0,0.0182767624020887,3900.0,3930.0,3870.0,3875.0,145700.0
2025-02-13,3900.0,4000.0,3900.0,3990.0,3908.161865234375,134300.0,3777.5,3763.6,3763.6666666666665,3753.3,93.65079365079364,3731.6,1.0,8.325000000000273,0.04177545691906,3990.0,3975.0,3900.0,3940.0,213500.0
2025-02-14,4015.0,4015.0,3925.0,3940.0,3859.187255859375,142200.0,3789.5,3772.4,3764.2,3755.025,80.55555555555556,3737.5,1.666666666666515,8.200000000000273,0.030065359477124,3990.0,4000.0,3990.0,3900.0,134300.0
2025-02-15,4015.0,4015.0,3925.0,3940.0,3859.187255859375,142200.0,3801.5,3780.8,3764.133333333333,3756.95,80.55555555555556,3743.1,1.3333333333330302,8.524999999999636,0.030065359477124,3990.0,4015.0,3940.0,4015.0,142200.0
2025-02-16,4015.0,4015.0,3925.0,3940.0,3859.187255859375,142200.0,3818.0,3790.0,3763.266666666667,3758.6,80.55555555555556,3748.7,0.8000000000001819,8.799999999999727,0.030065359477124,3990.0,4015.0,3940.0,4015.0,142200.0
2025-02-17,3905.0,3915.0,3765.0,3790.0,3712.263916015625,116500.0,3826.5,3794.4,3760.866666666667,3759.85,56.86274509803922,3751.3,-1.599999999999909,8.525000000000091,0.0215633423180592,3990.0,4015.0,3940.0,4015.0,142200.0
2025-02-18,3840.0,3845.0,3790.0,3795.0,3717.161376953125,85900.0,3834.5,3798.2,3758.0,3761.2,55.55555555555556,3755.1,-5.666666666666515,7.899999999999636,0.027063599458728,3990.0,3915.0,3790.0,3905.0,116500.0
2025-02-19,3760.0,3805.0,3745.0,3770.0,3692.67431640625,69600.0,3837.25,3801.0,3756.733333333333,3762.425,50.0,3758.4,-7.466666666666697,7.400000000000091,0.020297699594046,3990.0,3845.0,3795.0,3840.0,85900.0
2025-02-20,3760.0,3770.0,3655.0,3665.0,3589.827880859375,97500.0,3834.5,3799.6,3754.0666666666666,3763.125,27.83505154639176,3759.6,-10.066666666666606,6.175000000000182,-0.0081190798376183,3990.0,3805.0,3770.0,3760.0,69600.0
2025-02-21,3640.0,3645.0,3585.0,3640.0,3565.34033203125,173100.0,3830.5,3800.8,3751.0666666666666,3765.325,25.00000000000001,3760.3,-12.200000000000273,6.724999999999909,-0.0135501355013549,3990.0,3770.0,3665.0,3760.0,97500.0
2025-02-22,3640.0,3645.0,3585.0,3640.0,3565.34033203125,173100.0,3826.5,3801.6,3747.8,3766.3,25.00000000000001,3761.0,-13.066666666666606,6.450000000000273,-0.0081743869209809,3990.0,3645.0,3640.0,3640.0,173100.0
2025-02-23,3640.0,3645.0,3585.0,3640.0,3565.34033203125,173100.0,3822.5,3801.8,3744.733333333333,3767.7,25.00000000000001,3761.7,-13.26666666666688,6.5,-0.0054644808743169,3990.0,3645.0,3640.0,3640.0,173100.0
2025-02-24,3640.0,3645.0,3585.0,3640.0,3565.34033203125,173100.0,3817.5,3798.8,3741.8,3769.1,26.04166666666667,3762.4,-14.93333333333294,6.674999999999727,-0.0013717421124828,3990.0,3645.0,3640.0,3640.0,173100.0
2025-02-25,3625.0,3655.0,3600.0,3620.0,3545.750732421875,152000.0,3810.0,3794.8,3738.4,3770.525,25.00000000000001,3762.0,-15.666666666666517,7.400000000000091,-0.0109289617486338,3990.0,3645.0,3640.0,3640.0,173100.0
2025-02-26,3620.0,3655.0,3605.0,3645.0,3570.238037109375,149500.0,3798.25,3791.8,3735.933333333333,3772.075,24.24242424242425,3756.5,-15.133333333333212,6.75,-0.0040983606557376,3990.0,3655.0,3620.0,3625.0,152000.0
2025-02-27,3620.0,3670.0,3620.0,3670.0,3633.603271484375,127200.0,3787.25,3789.8,3733.8,3773.75,12.79069767441861,3752.2,-14.0,7.449999999999818,0.0027322404371583,3990.0,3655.0,3645.0,3620.0,149500.0
2025-02-28,3625.0,3650.0,3585.0,3650.0,3613.801513671875,416500.0,3775.25,3787.0,3731.4,3775.325,13.75,3747.3,-13.33333333333303,7.625,0.0124826629680998,3990.0,3670.0,3670.0,3620.0,127200.0
2025-03-01,3625.0,3650.0,3585.0,3650.0,3613.801513671875,416500.0,3763.25,3783.4,3729.0666666666666,3776.45,13.75,3743.5,-12.733333333333576,7.349999999999909,0.0124826629680998,3990.0,3650.0,3650.0,3625.0,416500.0
2025-03-02,3625.0,3650.0,3585.0,3650.0,3613.801513671875,416500.0,3752.25,3778.6,3726.733333333333,3777.0,13.75,3739.7,-11.66666666666697,6.474999999999909,0.0124826629680998,3990.0,3650.0,3650.0,3625.0,416500.0
2025-03-03,3685.0,3880.0,3685.0,3840.0,3801.917236328125,166000.0,3750.75,3777.0,3726.933333333333,3778.55,55.68181818181818,3739.7,-9.0,6.475000000000364,0.0651872399445214,3990.0,3650.0,3650.0,3625.0,416500.0
2025-03-04,3875.0,3900.0,3850.0,3880.0,3841.5205078125,181200.0,3749.75,3776.6,3729.2,3779.975,58.94736842105264,3740.5,-4.600000000000364,6.224999999999909,0.0762829403606102,3990.0,3880.0,3840.0,3685.0,166000.0
2025-03-05,3905.0,3970.0,3885.0,3905.0,3866.272705078125,208600.0,3745.5,3777.2,3732.0,3781.525,64.21052631578948,3745.4,0.599999999999909,6.200000000000273,0.0832177531206657,3940.0,3900.0,3880.0,3875.0,181200.0
2025-03-06,3945.0,3945.0,3845.0,3870.0,3831.61962890625,103700.0,3742.0,3776.4,3734.3333333333335,3782.9,75.30864197530865,3749.4,5.266666666666879,6.450000000000273,0.073509015256588,3940.0,3970.0,3905.0,3905.0,208600.0
2025-03-07,3845.0,3910.0,3835.0,3900.0,3861.322265625,87000.0,3740.0,3777.6,3737.0666666666666,3784.175,81.70731707317073,3753.2,10.333333333333483,7.175000000000182,0.0714285714285714,3940.0,3945.0,3870.0,3945.0,103700.0
2025-03-08,3845.0,3910.0,3835.0,3900.0,3861.322265625,87000.0,3738.0,3778.8,3739.866666666667,3785.45,81.70731707317073,3758.6,12.933333333333394,6.899999999999636,-0.0051020408163264,3905.0,3910.0,3900.0,3845.0,87000.0
2025-03-09,3845.0,3910.0,3835.0,3900.0,3861.322265625,87000.0,3743.5,3778.8,3742.933333333333,3786.85,81.70731707317073,3764.0,13.733333333333576,6.875,0.0038610038610038,3905.0,3910.0,3900.0,3845.0,87000.0
2025-03-10,3940.0,3945.0,3880.0,3880.0,3841.5205078125,100100.0,3747.75,3774.4,3745.866666666667,3787.9,77.90697674418604,3769.0,13.866666666666788,6.375,-0.0038510911424903,3905.0,3910.0,3900.0,3845.0,87000.0
2025-03-11,3840.0,3910.0,3785.0,3865.0,3826.66943359375,132300.0,3752.5,3771.4,3748.8,3788.625,78.8235294117647,3771.9,14.466666666666695,5.724999999999909,0.0065104166666667,3905.0,3945.0,3880.0,3940.0,100100.0
2025-03-12,3840.0,3895.0,3840.0,3880.0,3841.5205078125,91300.0,3763.25,3769.0,3751.733333333333,3789.425,78.3132530120482,3774.9,14.666666666666517,5.25,0.0104166666666667,3905.0,3910.0,3865.0,3840.0,132300.0
2025-03-13,3870.0,3910.0,3860.0,3865.0,3826.66943359375,82600.0,3774.5,3766.0,3754.466666666666,3790.15,74.07407407407408,3778.0,14.599999999999907,4.700000000000273,0.0065104166666667,3905.0,3895.0,3880.0,3840.0,91300.0
2025-03-14,3815.0,3860.0,3780.0,3810.0,3772.21484375,158000.0,3783.0,3766.8,3756.466666666666,3790.4,68.18181818181819,3780.6,13.533333333333305,3.550000000000182,-0.0078125,3905.0,3910.0,3865.0,3870.0,82600.0
2025-03-15,3815.0,3860.0,3780.0,3810.0,3772.21484375,158000.0,3791.5,3767.4,3759.2,3790.525,68.18181818181819,3782.8,13.33333333333303,2.625,0.0409836065573769,3905.0,3860.0,3810.0,3815.0,158000.0
2025-03-16,3815.0,3860.0,3780.0,3810.0,3772.21484375,158000.0,3800.0,3769.0,3761.933333333333,3790.525,68.18181818181819,3785.0,13.133333333333212,1.900000000000091,0.0381471389645775,3905.0,3860.0,3810.0,3815.0,158000.0
2025-03-17,3830.0,3870.0,3830.0,3860.0,3821.718994140625,65800.0,3812.0,3776.8,3765.3333333333335,3790.9,53.33333333333333,3788.2,13.600000000000364,1.474999999999909,0.0404312668463611,3905.0,3860.0,3810.0,3815.0,158000.0
2025-03-18,3870.0,3910.0,3870.0,3880.0,3841.5205078125,80900.0,3823.75,3786.4,3769.0,3791.2,50.0,3793.6,14.533333333333305,1.0499999999997272,0.0688705234159778,3905.0,3870.0,3860.0,3830.0,65800.0
2025-03-19,3895.0,3950.0,3895.0,3915.0,3876.173583984375,68000.0,3836.0,3797.4,3773.133333333333,3791.675,51.72413793103448,3799.5,16.666666666666515,1.275000000000091,0.0785123966942149,3915.0,3910.0,3880.0,3870.0,80900.0
2025-03-20,3895.0,3950.0,3895.0,3915.0,3876.173583984375,68000.0,3849.25,3808.4,3777.266666666667,3792.15,58.8235294117647,3805.1,18.06666666666706,1.625,0.0785123966942149,3915.0,3950.0,3915.0,3895.0,68000.0
2025-03-21,3865.0,3905.0,3860.0,3885.0,3846.470947265625,77500.0,3861.0,3818.2,3781.0,3792.65,47.05882352941176,3808.5,19.06666666666661,2.125,0.0443548387096774,3915.0,3950.0,3915.0,3895.0,68000.0
2025-03-22,3865.0,3905.0,3860.0,3885.0,3846.470947265625,77500.0,3872.75,3828.8,3784.266666666667,3792.95,47.05882352941176,3811.8,18.9333333333334,2.049999999999727,0.0415549597855227,3915.0,3905.0,3885.0,3865.0,77500.0
2025-03-23,3865.0,3905.0,3860.0,3885.0,3846.470947265625,77500.0,3875.0,3838.4,3783.8,3793.5,47.05882352941176,3815.1,14.800000000000182,2.300000000000182,0.0471698113207548,3915.0,3905.0,3885.0,3865.0,77500.0
2025-03-24,3875.0,3880.0,3830.0,3850.0,3811.818115234375,39400.0,3873.5,3845.6,3783.3333333333335,3793.85,44.44444444444444,3817.7,10.200000000000273,2.174999999999727,0.046195652173913,3915.0,3905.0,3885.0,3865.0,77500.0
2025-03-25,3855.0,3860.0,3770.0,3855.0,3816.7685546875,70300.0,3871.0,3853.8,3782.8,3794.4,48.07692307692308,3820.4,5.533333333333303,2.25,0.0418918918918918,3915.0,3880.0,3850.0,3875.0,39400.0
2025-03-26,3890.0,3900.0,3860.0,3865.0,3826.66943359375,94800.0,3870.75,3862.4,3783.133333333333,3795.0,47.05882352941176,3822.9,2.133333333333212,2.349999999999909,0.0445945945945946,3915.0,3860.0,3855.0,3855.0,70300.0
2025-03-27,3875.0,3915.0,3840.0,3910.0,3871.22314453125,130500.0,3871.25,3872.8,3784.0666666666666,3795.825,57.89473684210526,3825.7,-0.2000000000002728,2.875,0.0567567567567568,3915.0,3900.0,3865.0,3890.0,94800.0
2025-03-28,3915.0,3920.0,3865.0,3890.0,3851.42138671875,108000.0,3870.75,3874.8,3784.733333333333,3796.725,66.0,3825.9,0.9333333333329392,3.224999999999909,0.077562326869806,3915.0,3915.0,3910.0,3875.0,130500.0
2025-03-29,3915.0,3920.0,3865.0,3890.0,3851.42138671875,108000.0,3870.25,3875.2,3785.4,3797.65,66.0,3825.9,2.066666666666606,3.800000000000182,0.0745856353591161,3915.0,3920.0,3890.0,3915.0,108000.0
2025-03-30,3915.0,3920.0,3865.0,3890.0,3851.42138671875,108000.0,3870.75,3874.6,3788.466666666666,3798.65,66.0,3825.9,5.666666666666515,4.25,0.0701513067400274,3915.0,3920.0,3890.0,3915.0,108000.0
2025-03-31,3820.0,3820.0,3685.0,3730.0,3693.008056640625,146700.0,3864.0,3869.0,3789.266666666667,3798.4,31.944444444444443,3822.7,6.133333333333667,3.400000000000091,0.0040376850605652,3915.0,3920.0,3890.0,3915.0,108000.0
2025-04-01,3740.0,3755.0,3685.0,3710.0,3673.20654296875,88100.0,3855.5,3861.4,3789.266666666667,3798.175,26.3888888888889,3819.5,5.200000000000273,2.350000000000364,-0.0026881720430107,3915.0,3820.0,3730.0,3820.0,146700.0
2025-04-02,3780.0,3795.0,3685.0,3730.0,3693.008056640625,95800.0,3848.75,3854.6,3790.6,3798.05,23.18840579710144,3816.7,5.866666666666788,1.3250000000002728,0.0026881720430107,3915.0,3755.0,3710.0,3740.0,88100.0
2025-04-03,3610.0,3700.0,3605.0,3660.0,3623.702392578125,101700.0,3841.25,3845.0,3791.0,3797.575,19.27710843373493,3811.9,5.599999999999909,-0.0750000000002728,-0.0161290322580645,3915.0,3795.0,3730.0,3780.0,95800.0
2025-04-04,3600.0,3640.0,3565.0,3625.0,3589.049560546875,129700.0,3832.0,3834.8,3790.933333333333,3796.925,19.04761904761905,3804.6,2.466666666666697,-1.724999999999909,-0.0255376344086021,3915.0,3700.0,3660.0,3610.0,101700.0
2025-04-05,3600.0,3640.0,3565.0,3625.0,3589.049560546875,129700.0,3822.75,3825.2,3789.6666666666665,3796.125,19.04761904761905,3798.3,0.3999999999996362,-2.275000000000091,-0.0307486631016042,3915.0,3640.0,3625.0,3600.0,129700.0
2025-04-06,3600.0,3640.0,3565.0,3625.0,3589.049560546875,129700.0,3811.0,3815.0,3788.266666666667,3795.1,19.04761904761905,3792.0,-1.0,-3.075000000000273,-0.0384615384615384,3915.0,3640.0,3625.0,3600.0,129700.0
2025-04-07,3390.0,3455.0,3335.0,3340.0,3306.8759765625,141000.0,3784.0,3794.0,3783.3333333333335,3792.8,11.9402985074627,3780.0,-7.266666666666424,-5.25,-0.1391752577319587,3915.0,3640.0,3625.0,3600.0,129700.0
2025-04-08,3410.0,3555.0,3385.0,3530.0,3494.99169921875,178200.0,3764.75,3782.8,3781.3333333333335,3791.375,30.994152046783626,3774.8,-9.666666666666517,-6.199999999999818,-0.0925449871465295,3915.0,3455.0,3340.0,3390.0,141000.0
2025-04-09,3475.0,3485.0,3295.0,3350.0,3316.77685546875,403200.0,3736.5,3764.4,3776.6666666666665,3789.05,24.8780487804878,3765.9,-14.26666666666688,-7.875,-0.1388174807197943,3910.0,3555.0,3530.0,3410.0,178200.0
2025-04-10,3600.0,3600.0,3455.0,3560.0,3524.694091796875,194900.0,3720.25,3754.4,3774.8,3787.775,35.294117647058826,3761.7,-14.866666666666331,-8.349999999999909,-0.0848329048843187,3910.0,3485.0,3350.0,3475.0,403200.0
2025-04-11,3375.0,3485.0,3375.0,3465.0,3430.63623046875,164000.0,3699.25,3738.6,3771.6666666666665,3786.025,33.201581027667984,3757.7,-16.600000000000364,-9.074999999999818,-0.1046511627906976,3910.0,3600.0,3560.0,3600.0,194900.0
2025-04-12,3375.0,3485.0,3375.0,3465.0,3430.63623046875,164000.0,3678.25,3722.0,3769.733333333333,3783.85,33.201581027667984,3754.2,-13.600000000000364,-8.950000000000273,-0.1046511627906976,3910.0,3485.0,3465.0,3375.0,164000.0
2025-04-13,3375.0,3485.0,3375.0,3465.0,3430.63623046875,164000.0,3659.0,3704.0,3767.6666666666665,3781.6,33.201581027667984,3750.7,-13.66666666666697,-9.775000000000093,-0.1115384615384615,3910.0,3485.0,3465.0,3375.0,164000.0
2025-04-14,3535.0,3650.0,3525.0,3640.0,3603.900634765625,132000.0,3648.25,3693.0,3767.733333333333,3779.875,46.484375,3750.7,-8.933333333333394,-9.175000000000182,-0.087719298245614,3910.0,3485.0,3465.0,3375.0,164000.0
2025-04-15,3645.0,3695.0,3605.0,3605.0,3569.247802734375,99700.0,3635.25,3681.8,3766.266666666667,3778.05,45.94594594594595,3750.0,-8.533333333333303,-9.724999999999907,-0.0850253807106599,3910.0,3650.0,3640.0,3535.0,132000.0
2025-04-16,3590.0,3635.0,3575.0,3580.0,3544.495849609375,81200.0,3618.75,3669.6,3764.4,3776.1,44.23076923076923,3749.2,-7.266666666666424,-9.925000000000182,-0.0913705583756345,3890.0,3695.0,3605.0,3645.0,99700.0
2025-04-17,3560.0,3605.0,3555.0,3585.0,3549.4462890625,86100.0,3603.5,3657.6,3762.6,3774.175,46.96356275303644,3748.0,-7.133333333333212,-9.674999999999727,-0.0901015228426396,3890.0,3635.0,3580.0,3590.0,81200.0
2025-04-18,3600.0,3675.0,3570.0,3650.0,3613.801513671875,86600.0,3591.5,3649.6,3761.6666666666665,3773.7,50.98814229249011,3747.6,-6.0,-7.900000000000091,-0.0369393139841688,3890.0,3605.0,3585.0,3560.0,86100.0
2025-04-19,3600.0,3675.0,3570.0,3650.0,3613.801513671875,86600.0,3579.5,3641.4,3760.733333333333,3773.15,50.98814229249011,3747.6,-7.0,-6.724999999999909,-0.0382081686429512,3730.0,3675.0,3650.0,3600.0,86600.0
2025-04-20,3600.0,3675.0,3570.0,3650.0,3613.801513671875,86600.0,3575.5,3632.8,3759.533333333333,3773.175,50.98814229249011,3747.6,-6.733333333333576,-4.875,-0.0318302387267904,3730.0,3675.0,3650.0,3600.0,86600.0
2025-04-21,3650.0,3715.0,3635.0,3680.0,3643.504150390625,82500.0,3574.0,3623.6,3758.3333333333335,3773.375,66.83168316831683,3748.2,-6.066666666666606,-2.724999999999909,0.0040927694406549,3730.0,3675.0,3650.0,3600.0,86600.0
2025-04-22,3680.0,3740.0,3670.0,3730.0,3693.008056640625,104900.0,3574.0,3617.2,3756.3333333333335,3773.725,61.49425287356322,3746.0,-6.266666666666424,-0.4500000000002728,0.0247252747252746,3730.0,3715.0,3680.0,3650.0,82500.0
2025-04-23,3735.0,3775.0,3705.0,3715.0,3678.156982421875,177100.0,3576.75,3610.2,3754.0,3774.0,75.88652482269504,3742.7,-7.666666666666515,0.3000000000001819,0.0206043956043955,3730.0,3740.0,3730.0,3680.0,104900.0
2025-04-24,3750.0,3785.0,3685.0,3720.0,3683.107421875,235600.0,3581.5,3603.4,3751.733333333333,3774.3,66.0,3739.0,-9.0,1.150000000000091,0.0219780219780219,3730.0,3775.0,3715.0,3735.0,177100.0
2025-04-25,3720.0,3760.0,3690.0,3715.0,3678.156982421875,196900.0,3586.0,3602.8,3749.4,3774.9,80.48780487804878,3735.9,-10.133333333333212,1.724999999999909,0.0206043956043955,3730.0,3785.0,3720.0,3750.0,235600.0
2025-04-26,3720.0,3760.0,3690.0,3715.0,3678.156982421875,196900.0,3590.5,3603.0,3747.3333333333335,3775.225,80.48780487804878,3732.2,-11.0,1.849999999999909,0.0262430939226518,3730.0,3760.0,3715.0,3720.0,196900.0
2025-04-27,3720.0,3760.0,3690.0,3715.0,3678.156982421875,196900.0,3609.25,3602.4,3745.266666666667,3774.75,80.48780487804878,3728.5,-11.066666666666606,1.025000000000091,0.01920438957476,3730.0,3760.0,3715.0,3720.0,196900.0
2025-04-28,3735.0,3745.0,3640.0,3665.0,3628.65283203125,137800.0,3616.0,3602.6,3742.133333333333,3774.0,54.38596491228071,3723.8,-11.866666666666788,0.0,-0.0013623978201634,3730.0,3760.0,3715.0,3720.0,196900.0
2025-04-29,3735.0,3745.0,3640.0,3665.0,3628.65283203125,137800.0,3631.75,3604.2,3737.8,3773.45,62.0,3719.5,-13.93333333333294,-0.8500000000003638,0.0041095890410958,3730.0,3745.0,3665.0,3735.0,137800.0
2025-04-30,3680.0,3690.0,3605.0,3650.0,3613.801513671875,119700.0,3636.25,3605.2,3733.933333333333,3772.825,64.58333333333333,3715.2,-15.466666666666695,-2.075000000000273,0.0,3730.0,3745.0,3665.0,3735.0,137800.0
2025-05-01,3715.0,3755.0,3695.0,3730.0,3693.008056640625,153500.0,3649.5,3609.4,3731.133333333333,3772.6,73.01587301587301,3712.2,-16.200000000000273,-2.625,0.0219178082191779,3730.0,3690.0,3650.0,3680.0,119700.0
2025-05-02,3710.0,3745.0,3675.0,3735.0,3697.95849609375,118300.0,3663.0,3625.2,3728.4,3772.4,66.66666666666666,3709.6,-16.866666666666788,-2.349999999999909,-0.02734375,3735.0,3755.0,3730.0,3715.0,153500.0
2025-05-03,3710.0,3745.0,3675.0,3735.0,3697.95849609375,118300.0,3676.5,3633.4,3727.6666666666665,3771.95,66.66666666666666,3708.1,-14.466666666666695,-2.050000000000182,-0.0373711340206185,3735.0,3745.0,3735.0,3710.0,118300.0
2025-05-04,3710.0,3745.0,3675.0,3735.0,3697.95849609375,118300.0,3681.25,3648.8,3726.866666666667,3771.575,66.66666666666666,3706.6,-10.933333333333394,-1.875,-0.0435339308578744,3735.0,3745.0,3735.0,3710.0,118300.0
2025-05-05,3710.0,3745.0,3675.0,3735.0,3697.95849609375,118300.0,3687.75,3655.8,3726.4,3771.15,62.22222222222223,3705.1,-7.533333333333303,-1.6749999999997272,-0.0348837209302325,3735.0,3745.0,3735.0,3710.0,118300.0
2025-05-06,3710.0,3745.0,3675.0,3735.0,3697.95849609375,118300.0,3695.5,3666.6,3727.3333333333335,3770.575,51.42857142857142,3702.6,-3.799999999999727,-2.025000000000091,-0.0423076923076922,3735.0,3745.0,3735.0,3710.0,118300.0
2025-05-07,3710.0,3725.0,3675.0,3700.0,3663.3056640625,164800.0,3701.25,3676.0,3728.133333333333,3769.825,46.15384615384615,3699.0,-0.2666666666668789,-2.575000000000273,-0.0512820512820513,3735.0,3745.0,3735.0,3710.0,118300.0
2025-05-08,3710.0,3745.0,3675.0,3710.0,3673.20654296875,142300.0,3704.25,3685.8,3729.0666666666666,3769.125,47.5,3694.9,1.400000000000091,-2.824999999999818,-0.0487179487179487,3735.0,3725.0,3700.0,3710.0,164800.0
2025-05-09,3720.0,3785.0,3715.0,3755.0,3717.76025390625,129600.0,3709.5,3690.4,3730.6,3768.45,58.33333333333333,3691.7,3.733333333333121,-3.125,-0.0322164948453608,3755.0,3745.0,3710.0,3710.0,142300.0
2025-05-10,3720.0,3785.0,3715.0,3755.0,3717.76025390625,129600.0,3714.75,3696.4,3732.133333333333,3768.0,58.33333333333333,3689.1,5.733333333333121,-3.150000000000091,-0.0284605433376455,3755.0,3785.0,3755.0,3720.0,129600.0
2025-05-11,3720.0,3785.0,3715.0,3755.0,3717.76025390625,129600.0,3718.5,3703.4,3733.933333333333,3768.0,58.33333333333333,3686.5,6.599999999999909,-2.574999999999818,-0.0322164948453608,3755.0,3785.0,3755.0,3720.0,129600.0
2025-05-12,3760.0,3785.0,3735.0,3760.0,3722.710693359375,87600.0,3720.0,3710.4,3735.466666666666,3767.525,74.35897435897436,3684.0,7.333333333333485,-2.299999999999727,-0.0271668822768434,3760.0,3785.0,3755.0,3720.0,129600.0
2025-05-13,3720.0,3760.0,3700.0,3750.0,3712.809814453125,132800.0,3721.75,3714.4,3736.533333333333,3766.725,70.73170731707317,3682.0,7.466666666666697,-2.400000000000091,-0.0157480314960629,3760.0,3785.0,3760.0,3760.0,87600.0
2025-05-14,3700.0,3780.0,3700.0,3750.0,3712.809814453125,128200.0,3723.25,3718.4,3737.866666666667,3765.925,76.31578947368422,3679.9,7.266666666666879,-2.524999999999636,-0.0157480314960629,3760.0,3760.0,3750.0,3720.0,132800.0
2025-05-15,3680.0,3720.0,3670.0,3690.0,3653.40478515625,126800.0,3722.0,3720.0,3738.4,3764.825,38.23529411764706,3676.4,6.266666666666879,-3.175000000000182,-0.031496062992126,3760.0,3780.0,3750.0,3700.0,128200.0
2025-05-16,3710.0,3755.0,3670.0,3730.0,3693.008056640625,120700.0,3722.75,3722.0,3739.466666666666,3763.65,48.78048780487806,3672.8,5.533333333333303,-4.349999999999909,-0.0336787564766839,3760.0,3720.0,3690.0,3680.0,126800.0
2025-05-17,3710.0,3755.0,3670.0,3730.0,3693.008056640625,120700.0,3723.5,3722.0,3738.0,3762.575,48.78048780487806,3669.6,2.533333333333303,-4.950000000000273,-0.0386597938144329,3760.0,3755.0,3730.0,3710.0,120700.0
2025-05-18,3710.0,3755.0,3670.0,3730.0,3693.008056640625,120700.0,3726.75,3722.6,3736.0,3761.65,48.78048780487806,3666.4,-0.533333333333303,-5.074999999999818,-0.0472541507024265,3760.0,3755.0,3730.0,3710.0,120700.0
2025-05-19,3750.0,3800.0,3750.0,3790.0,3752.4130859375,125700.0,3733.0,3725.4,3734.466666666666,3761.025,60.37735849056604,3664.4,-3.400000000000091,-4.900000000000091,-0.0319284802043422,3790.0,3755.0,3730.0,3710.0,120700.0
2025-05-20,3770.0,3775.0,3705.0,3725.0,3688.057861328125,122400.0,3736.75,3725.8,3732.533333333333,3760.375,48.48484848484849,3664.3,-5.866666666666788,-4.449999999999818,-0.0411840411840411,3790.0,3800.0,3790.0,3750.0,125700.0
2025-05-21,3745.0,3765.0,3595.0,3595.0,3559.346923828125,159800.0,3730.0,3721.0,3728.466666666666,3759.075,37.64705882352941,3662.0,-11.0,-4.575000000000273,-0.0746460746460746,3790.0,3775.0,3725.0,3770.0,122400.0
2025-05-22,3560.0,3660.0,3555.0,3605.0,3569.247802734375,162200.0,3723.5,3716.6,3724.533333333333,3757.825,37.64705882352941,3659.5,-13.466666666666695,-4.75,-0.0720720720720721,3790.0,3765.0,3595.0,3745.0,159800.0
2025-05-23,3605.0,3625.0,3555.0,3565.0,3529.64453125,122000.0,3715.0,3712.6,3720.0666666666666,3756.375,27.38095238095238,3657.6,-15.933333333333394,-5.275000000000091,-0.074025974025974,3790.0,3660.0,3605.0,3560.0,162200.0
2025-05-24,3605.0,3625.0,3555.0,3565.0,3529.64453125,122000.0,3706.5,3708.6,3715.866666666667,3755.475,27.38095238095238,3656.4,-18.59999999999991,-5.550000000000182,-0.0752269779507133,3790.0,3625.0,3565.0,3605.0,122000.0
2025-05-25,3605.0,3625.0,3555.0,3565.0,3529.64453125,122000.0,3698.0,3705.2,3711.866666666667,3754.275,27.38095238095238,3655.2,-20.666666666666515,-6.099999999999909,-0.0776196636481242,3790.0,3625.0,3565.0,3605.0,122000.0
2025-05-26,3570.0,3570.0,3515.0,3555.0,3519.74365234375,141800.0,3689.0,3698.2,3707.533333333333,3752.875,25.88235294117648,3653.8,-20.9333333333334,-6.199999999999818,-0.0907928388746802,3790.0,3625.0,3565.0,3605.0,122000.0
2025-05-27,3550.0,3575.0,3510.0,3525.0,3490.041259765625,182400.0,3680.25,3689.8,3703.0,3751.175,24.719101123595507,3657.5,-21.533333333333303,-6.649999999999636,-0.0938303341902313,3790.0,3570.0,3555.0,3570.0,141800.0
2025-05-28,3595.0,3620.0,3545.0,3545.0,3509.8427734375,211300.0,3672.0,3682.2,3699.466666666666,3749.575,27.956989247311824,3657.8,-20.59999999999991,-6.800000000000182,-0.0886889460154242,3790.0,3575.0,3525.0,3550.0,182400.0
2025-05-29,3545.0,3565.0,3510.0,3535.0,3499.942138671875,158200.0,3661.0,3674.2,3695.8,3747.925,31.325301204819283,3661.5,-20.06666666666661,-7.549999999999727,-0.0912596401028277,3790.0,3620.0,3545.0,3595.0,211300.0
2025-05-30,3520.0,3545.0,3510.0,3540.0,3504.892578125,233800.0,3650.25,3666.4,3692.2,3746.2,25.0,3661.1,-19.66666666666697,-8.075000000000273,-0.0509383378016086,3790.0,3565.0,3535.0,3545.0,158200.0
2025-05-31,3520.0,3545.0,3510.0,3540.0,3504.892578125,233800.0,3639.5,3658.6,3687.933333333333,3744.625,25.0,3662.6,-19.59999999999991,-8.25,-0.045822102425876,3790.0,3545.0,3540.0,3520.0,233800.0
2025-06-01,3520.0,3545.0,3510.0,3540.0,3504.892578125,233800.0,3628.5,3652.2,3683.4,3743.275,25.0,3664.1,-19.59999999999991,-7.900000000000091,-0.0509383378016086,3790.0,3545.0,3540.0,3520.0,233800.0
2025-06-02,3510.0,3540.0,3465.0,3480.0,3445.487548828125,93200.0,3615.0,3643.0,3677.6,3742.025,9.21052631578948,3664.4,-21.866666666666788,-7.549999999999727,-0.0491803278688525,3790.0,3545.0,3540.0,3520.0,233800.0
2025-06-03,3465.0,3490.0,3450.0,3460.0,3425.685791015625,86200.0,3600.5,3631.2,3671.533333333333,3740.725,10.447761194029852,3660.8,-24.26666666666688,-7.200000000000273,-0.0455172413793103,3790.0,3540.0,3480.0,3510.0,93200.0
2025-06-04,3460.0,3480.0,3445.0,3465.0,3430.63623046875,70300.0,3589.25,3619.6,3665.933333333333,3739.45,19.04761904761905,3658.0,-26.266666666666424,-6.75,-0.0441379310344827,3790.0,3490.0,3460.0,3465.0,86200.0
2025-06-05,3445.0,3485.0,3435.0,3485.0,3450.43798828125,86600.0,3577.0,3608.8,3660.6,3738.275,22.727272727272734,3656.1,-27.333333333333485,-6.349999999999909,-0.0386206896551724,3790.0,3480.0,3465.0,3460.0,70300.0
2025-06-06,3485.0,3510.0,3460.0,3465.0,3430.63623046875,58600.0,3563.75,3597.0,3655.0,3736.925,25.00000000000001,3653.7,-28.40000000000009,-6.349999999999909,0.0374251497005988,3790.0,3485.0,3485.0,3445.0,86600.0
2025-06-07,3485.0,3510.0,3460.0,3465.0,3430.63623046875,58600.0,3550.5,3585.6,3649.866666666667,3735.35,25.00000000000001,3650.0,-27.73333333333312,-6.675000000000182,-0.018413597733711,3790.0,3510.0,3465.0,3485.0,58600.0
2025-06-08,3485.0,3510.0,3460.0,3465.0,3430.63623046875,58600.0,3534.25,3574.2,3644.6666666666665,3733.725,25.00000000000001,3646.3,-26.866666666666788,-7.0,0.0343283582089553,3725.0,3510.0,3465.0,3485.0,58600.0
2025-06-09,3475.0,3535.0,3475.0,3485.0,3450.43798828125,96700.0,3522.25,3566.0,3639.6,3732.05,33.33333333333333,3643.0,-26.333333333333485,-7.399999999999636,-0.0210674157303371,3605.0,3510.0,3465.0,3485.0,58600.0
2025-06-10,3470.0,3550.0,3465.0,3510.0,3475.18994140625,112200.0,3518.0,3557.2,3634.266666666667,3730.25,46.34146341463415,3639.6,-26.33333333333303,-8.025000000000091,0.0129870129870128,3605.0,3535.0,3485.0,3475.0,96700.0
2025-06-11,3510.0,3510.0,3485.0,3495.0,3460.3388671875,64000.0,3512.5,3547.8,3629.0,3728.375,37.5,3634.9,-26.0,-8.550000000000182,0.0086580086580085,3565.0,3550.0,3510.0,3470.0,112200.0
2025-06-12,3500.0,3520.0,3470.0,3495.0,3460.3388671875,65700.0,3509.0,3538.4,3623.733333333333,3726.5,39.47368421052632,3630.5,-26.133333333333667,-8.849999999999909,0.0086580086580085,3565.0,3510.0,3495.0,3510.0,64000.0
2025-06-13,3475.0,3485.0,3450.0,3460.0,3425.685791015625,96700.0,3503.75,3525.2,3618.0,3724.225,31.818181818181827,3625.3,-26.666666666666515,-9.5,-0.0494505494505495,3565.0,3520.0,3495.0,3500.0,65700.0
2025-06-14,3475.0,3485.0,3450.0,3460.0,3425.685791015625,96700.0,3498.5,3514.6,3614.4,3722.025,31.818181818181827,3620.2,-25.19999999999981,-10.025000000000093,-0.0402219140083217,3555.0,3485.0,3460.0,3475.0,96700.0
2025-06-15,3475.0,3485.0,3450.0,3460.0,3425.685791015625,96700.0,3493.75,3509.2,3611.0666666666666,3720.075,31.818181818181827,3615.1,-23.20000000000028,-10.175000000000182,-0.0335195530726256,3545.0,3485.0,3460.0,3475.0,96700.0
2025-06-16,3490.0,3515.0,3480.0,3500.0,3465.2890625,106600.0,3492.5,3505.0,3608.0,3718.1,55.0,3610.8,-21.0,-10.275000000000093,-0.0237099023709902,3545.0,3485.0,3460.0,3475.0,96700.0
2025-06-17,3470.0,3525.0,3415.0,3425.0,3391.032958984375,127800.0,3486.5,3499.4,3604.866666666667,3715.725,43.13725490196078,3606.0,-18.866666666666333,-10.775000000000093,-0.0616438356164383,3540.0,3515.0,3500.0,3490.0,106600.0
2025-06-18,3435.0,3490.0,3420.0,3425.0,3391.032958984375,100500.0,3481.0,3493.8,3602.2,3713.35,41.99999999999999,3601.2,-15.800000000000182,-10.875,-0.0616438356164383,3540.0,3525.0,3425.0,3470.0,127800.0
2025-06-19,3430.0,3465.0,3420.0,3435.0,3400.933837890625,143600.0,3475.75,3488.6,3599.6666666666665,3711.025,39.583333333333336,3596.9,-14.733333333333576,-11.0,-0.0589041095890411,3540.0,3490.0,3425.0,3435.0,100500.0
2025-06-20,3365.0,3380.0,3300.0,3300.0,3267.272705078125,334300.0,3463.75,3478.4,3595.333333333333,3707.8,26.76056338028169,3588.3,-15.73333333333312,-12.274999999999636,-0.1032608695652174,3540.0,3465.0,3435.0,3430.0,143600.0
2025-06-21,3365.0,3380.0,3300.0,3300.0,3267.272705078125,334300.0,3451.75,3469.4,3594.8,3704.275,26.76056338028169,3579.6,-13.199999999999818,-13.824999999999818,-0.1152815013404825,3510.0,3380.0,3300.0,3365.0,334300.0
2025-06-22,3365.0,3380.0,3300.0,3300.0,3267.272705078125,334300.0,3442.75,3459.6,3591.733333333333,3700.925,26.76056338028169,3570.9,-13.133333333333669,-14.799999999999727,-0.1117092866756392,3510.0,3380.0,3300.0,3365.0,334300.0
2025-06-23,3275.0,3455.0,3260.0,3425.0,3391.032958984375,323400.0,3441.0,3455.2,3592.733333333333,3698.0,43.47826086956522,3564.7,-9.466666666666695,-15.349999999999907,-0.0793010752688172,3510.0,3380.0,3300.0,3365.0,334300.0
2025-06-24,3445.0,3460.0,3380.0,3395.0,3361.33056640625,108800.0,3437.5,3449.4,3590.5333333333333,3695.65,37.634408602150536,3557.9,-9.133333333333212,-15.375,-0.0861372812920592,3510.0,3455.0,3425.0,3275.0,323400.0
2025-06-25,3370.0,3460.0,3360.0,3430.0,3395.9833984375,181100.0,3434.75,3445.0,3590.0666666666666,3693.475,43.29896907216495,3551.8,-5.266666666666879,-14.325000000000273,-0.0767160161507402,3510.0,3460.0,3395.0,3445.0,108800.0
2025-06-26,3405.0,3475.0,3405.0,3455.0,3420.7353515625,106200.0,3434.25,3441.6,3589.9333333333334,3691.425,46.07843137254902,3546.9,-4.866666666666788,-12.849999999999907,-0.069986541049798,3510.0,3460.0,3430.0,3370.0,181100.0
2025-06-27,3490.0,3505.0,3465.0,3470.0,3435.586669921875,127100.0,3434.5,3441.2,3590.0,3689.35,51.02040816326532,3542.1,-1.7333333333331211,-11.575000000000273,-0.0532060027285129,3510.0,3475.0,3455.0,3405.0,106200.0
2025-06-28,3490.0,3505.0,3465.0,3470.0,3435.586669921875,127100.0,3434.75,3441.6,3587.733333333333,3687.35,51.02040816326532,3536.4,-5.0,-10.650000000000093,-0.0532060027285129,3510.0,3505.0,3470.0,3490.0,127100.0
2025-06-29,3490.0,3505.0,3465.0,3470.0,3435.586669921875,127100.0,3434.0,3441.8,3585.9333333333334,3685.4,51.02040816326532,3530.7,-4.599999999999909,-10.25,-0.0493150684931507,3510.0,3505.0,3470.0,3490.0,127100.0
2025-06-30,3500.0,3535.0,3485.0,3485.0,3450.43798828125,103900.0,3432.75,3441.8,3584.6666666666665,3683.45,48.38709677419355,3525.3,-5.400000000000091,-10.025000000000093,-0.0656836461126005,3500.0,3505.0,3470.0,3490.0,127100.0
2025-07-01,3470.0,3580.0,3470.0,3555.0,3519.74365234375,197600.0,3435.75,3445.4,3584.266666666667,3682.075,64.13043478260869,3521.2,-5.666666666666515,-9.350000000000364,-0.0481927710843373,3555.0,3535.0,3485.0,3500.0,103900.0
2025-07-02,3565.0,3595.0,3545.0,3565.0,3529.64453125,239400.0,3439.25,3449.4,3583.133333333333,3680.75,64.89361702127658,3517.5,-6.866666666666788,-8.599999999999909,-0.0455153949129852,3565.0,3580.0,3555.0,3470.0,197600.0
2025-07-03,3395.0,3440.0,3315.0,3345.0,3311.826416015625,484700.0,3433.5,3444.6,3579.0666666666666,3678.325,43.38235294117648,3509.4,-8.666666666666515,-9.025000000000093,-0.1044176706827308,3565.0,3595.0,3565.0,3565.0,239400.0
2025-07-04,3400.0,3400.0,3365.0,3385.0,3351.4296875,269500.0,3429.75,3440.6,3575.5333333333333,3676.125,57.26495726495726,3503.3,-10.400000000000093,-9.275000000000093,-0.0937081659973226,3565.0,3440.0,3345.0,3395.0,484700.0
2025-07-05,3400.0,3400.0,3365.0,3385.0,3351.4296875,269500.0,3426.0,3435.6,3571.6,3673.925,57.26495726495726,3496.4,-13.066666666666606,-9.524999999999636,-0.0937081659973226,3565.0,3400.0,3385.0,3400.0,269500.0
2025-07-06,3400.0,3400.0,3365.0,3385.0,3351.4296875,269500.0,3420.25,3431.2,3567.0,3671.725,57.26495726495726,3489.5,-17.26666666666688,-10.349999999999907,-0.0851351351351351,3565.0,3400.0,3385.0,3400.0,269500.0
2025-07-07,3425.0,3520.0,3410.0,3480.0,3445.487548828125,257300.0,3423.0,3430.6,3563.866666666667,3670.575,54.95495495495495,3484.5,-19.266666666666424,-10.175000000000182,-0.0619946091644204,3565.0,3400.0,3385.0,3400.0,269500.0
2025-07-08,3495.0,3500.0,3465.0,3500.0,3465.2890625,147200.0,3426.75,3432.2,3560.9333333333334,3669.6,59.63302752293578,3478.7,-18.13333333333321,-8.724999999999909,-0.0679094540612517,3565.0,3520.0,3480.0,3425.0,257300.0
2025-07-09,3505.0,3530.0,3495.0,3515.0,3480.140380859375,103800.0,3430.75,3434.4,3558.266666666667,3668.7,58.0952380952381,3474.5,-17.266666666666424,-7.425000000000182,-0.0639147802929427,3565.0,3500.0,3500.0,3495.0,147200.0
2025-07-10,3480.0,3505.0,3450.0,3465.0,3430.63623046875,196600.0,3439.0,3434.6,3554.9333333333334,3667.55,50.909090909090914,3471.9,-16.666666666666515,-6.375,-0.0772303595206391,3565.0,3530.0,3515.0,3505.0,103800.0
2025-07-11,3475.0,3495.0,3430.0,3460.0,3425.685791015625,123300.0,3447.0,3433.0,3551.5333333333333,3666.4,49.07407407407408,3469.0,-15.466666666666695,-5.324999999999818,-0.0797872340425531,3565.0,3505.0,3465.0,3480.0,196600.0
2025-07-12,3475.0,3495.0,3430.0,3460.0,3425.685791015625,123300.0,3455.0,3434.4,3548.8,3665.35,49.07407407407408,3466.9,-15.066666666666606,-5.224999999999909,-0.0773333333333333,3565.0,3495.0,3460.0,3475.0,123300.0
2025-07-13,3475.0,3495.0,3430.0,3460.0,3425.685791015625,123300.0,3456.75,3435.8,3546.0666666666666,3664.35,49.07407407407408,3464.8,-14.866666666666788,-5.25,-0.0773333333333333,3565.0,3495.0,3460.0,3475.0,123300.0
2025-07-14,3450.0,3480.0,3415.0,3465.0,3430.63623046875,143200.0,3460.25,3437.0,3543.6,3663.45,48.11320754716981,3462.8,-14.66666666666697,-5.25,-0.0609756097560976,3565.0,3495.0,3460.0,3475.0,123300.0
2025-07-15,3480.0,3480.0,3425.0,3445.0,3410.834716796875,102100.0,3461.0,3442.8,3539.8,3662.375,38.54166666666666,3460.6,-15.133333333333212,-5.175000000000182,-0.0764075067024129,3565.0,3480.0,3465.0,3450.0,143200.0
2025-07-16,3450.0,3470.0,3415.0,3425.0,3391.032958984375,127000.0,3459.5,3447.8,3535.6666666666665,3661.2,35.71428571428572,3458.6,-15.866666666666788,-5.200000000000273,-0.081769436997319,3565.0,3480.0,3445.0,3480.0,102100.0
2025-07-17,3440.0,3470.0,3405.0,3420.0,3386.08251953125,142500.0,3457.0,3452.6,3531.4666666666667,3660.0,63.63636363636363,3456.1,-17.333333333333485,-5.349999999999909,-0.0831099195710456,3565.0,3470.0,3425.0,3450.0,127000.0
2025-07-18,3445.0,3450.0,3405.0,3420.0,3386.08251953125,99300.0,3454.5,3452.4,3527.266666666667,3659.075,57.44680851063829,3453.8,-18.799999999999727,-5.275000000000091,-0.0976253298153034,3565.0,3470.0,3420.0,3440.0,142500.0
2025-07-19,3445.0,3450.0,3405.0,3420.0,3386.08251953125,99300.0,3452.0,3453.4,3523.0666666666666,3658.15,57.44680851063829,3451.4,-20.533333333333303,-5.299999999999727,-0.0818791946308724,3565.0,3450.0,3420.0,3445.0,99300.0
2025-07-20,3445.0,3450.0,3405.0,3420.0,3386.08251953125,99300.0,3448.75,3453.0,3518.866666666667,3657.225,57.44680851063829,3449.0,-20.9333333333334,-5.150000000000091,-0.0486787204450626,3565.0,3450.0,3420.0,3445.0,99300.0
2025-07-21,3445.0,3450.0,3405.0,3420.0,3386.08251953125,99300.0,3442.0,3451.6,3515.133333333333,3656.3,28.57142857142857,3446.6,-20.533333333333303,-4.899999999999636,-0.0513176144244105,3565.0,3450.0,3420.0,3445.0,99300.0
2025-07-22,3400.0,3470.0,3390.0,3450.0,3415.78515625,181400.0,3436.25,3450.8,3511.6666666666665,3655.525,33.33333333333333,3446.0,-19.800000000000185,-4.474999999999909,-0.032258064516129,3515.0,3450.0,3420.0,3445.0,99300.0
2025-07-23,3480.0,3550.0,3450.0,3535.0,3499.942138671875,164700.0,3445.75,3453.4,3508.733333333333,3655.175,54.54545454545455,3447.5,-18.53333333333376,-3.899999999999636,-0.0084151472650771,3535.0,3470.0,3450.0,3400.0,181400.0
2025-07-24,3575.0,3615.0,3560.0,3590.0,3554.396728515625,154300.0,3456.0,3458.2,3506.5333333333333,3655.1,77.77777777777777,3450.0,-16.533333333333303,-3.050000000000182,0.0070126227208975,3590.0,3550.0,3535.0,3480.0,164700.0
2025-07-25,3580.0,3595.0,3545.0,3555.0,3519.74365234375,88200.0,3464.5,3461.0,3503.866666666667,3654.675,68.62745098039215,3451.4,-15.0,-2.549999999999727,0.0,3590.0,3615.0,3590.0,3575.0,154300.0
2025-07-26,3580.0,3595.0,3545.0,3555.0,3519.74365234375,88200.0,3473.0,3461.0,3501.133333333333,3652.85,68.62745098039215,3453.2,-14.0,-3.450000000000273,0.0085106382978723,3590.0,3595.0,3555.0,3580.0,88200.0
2025-07-27,3580.0,3595.0,3545.0,3555.0,3519.74365234375,88200.0,3476.75,3460.6,3498.5333333333333,3651.2,68.62745098039215,3455.0,-13.133333333333212,-4.325000000000273,0.002820874471086,3590.0,3595.0,3555.0,3580.0,88200.0
2025-07-28,3555.0,3580.0,3530.0,3545.0,3509.8427734375,65700.0,3479.0,3468.6,3495.8,3649.45,65.38461538461539,3456.6,-12.93333333333294,-5.725000000000364,0.0028288543140029,3590.0,3595.0,3555.0,3580.0,88200.0
2025-07-29,3495.0,3510.0,3480.0,3505.0,3470.239501953125,132900.0,3478.5,3473.4,3493.333333333333,3647.775,60.71428571428572,3457.0,-13.199999999999818,-7.324999999999818,-0.0098870056497175,3590.0,3580.0,3545.0,3555.0,65700.0
2025-07-30,3505.0,3535.0,3480.0,3515.0,3480.140380859375,128800.0,3481.0,3478.6,3490.4666666666667,3646.15,66.66666666666666,3457.1,-13.400000000000093,-8.525000000000091,-0.0070621468926553,3590.0,3510.0,3505.0,3495.0,132900.0
2025-07-31,3530.0,3545.0,3520.0,3535.0,3499.942138671875,85700.0,3484.75,3484.6,3487.866666666667,3644.625,70.17543859649123,3457.9,-13.266666666666424,-8.224999999999909,-0.001412429378531,3590.0,3535.0,3515.0,3505.0,128800.0
2025-08-01,3550.0,3585.0,3545.0,3575.0,3539.54541015625,81500.0,3490.5,3488.4,3485.8,3643.3,73.84615384615384,3459.5,-12.73333333333312,-7.899999999999636,0.0272988505747127,3590.0,3545.0,3535.0,3530.0,85700.0
2025-08-02,3550.0,3585.0,3545.0,3575.0,3539.54541015625,81500.0,3496.25,3491.4,3482.9333333333334,3642.875,73.84615384615384,3461.8,-12.866666666666788,-6.574999999999818,0.033236994219653,3590.0,3585.0,3575.0,3550.0,81500.0
2025-08-03,3550.0,3585.0,3545.0,3575.0,3539.54541015625,81500.0,3501.75,3493.8,3480.9333333333334,3642.4,73.84615384615384,3464.1,-12.400000000000093,-5.375,0.0317460317460318,3590.0,3585.0,3575.0,3550.0,81500.0
2025-08-04,3505.0,3580.0,3490.0,3575.0,3539.54541015625,70300.0,3508.25,3498.2,3480.6666666666665,3641.725,73.84615384615384,3466.4,-9.800000000000182,-4.425000000000182,0.0258249641319943,3590.0,3585.0,3575.0,3550.0,81500.0
2025-08-05,3575.0,3590.0,3550.0,3575.0,3539.54541015625,62100.0,3515.75,3502.8,3480.266666666667,3641.45,71.1864406779661,3467.9,-7.599999999999909,-3.175000000000182,0.0317460317460318,3590.0,3580.0,3575.0,3505.0,70300.0
2025-08-06,3575.0,3650.0,3565.0,3625.0,3589.049560546875,104600.0,3526.0,3509.4,3481.0666666666666,3641.425,67.30769230769232,3471.9,-4.733333333333576,-1.875,0.046176046176046,3625.0,3590.0,3575.0,3575.0,62100.0
2025-08-07,3635.0,3700.0,3605.0,3670.0,3633.603271484375,84600.0,3538.5,3517.8,3482.4666666666667,3641.625,66.0,3476.8,-0.466666666666697,-1.25,0.0591630591630591,3670.0,3650.0,3625.0,3575.0,104600.0
2025-08-08,3645.0,3680.0,3640.0,3670.0,3633.603271484375,73700.0,3551.0,3526.0,3483.866666666667,3641.375,76.74418604651163,3481.5,2.933333333333394,-1.025000000000091,0.0530846484935436,3670.0,3700.0,3670.0,3635.0,84600.0
2025-08-09,3645.0,3680.0,3640.0,3670.0,3633.603271484375,73700.0,3563.5,3535.0,3485.4,3641.075,76.74418604651163,3488.9,4.733333333333576,-0.650000000000091,0.0455840455840454,3670.0,3680.0,3670.0,3645.0,73700.0
2025-08-10,3645.0,3680.0,3640.0,3670.0,3633.603271484375,73700.0,3576.0,3544.8,3487.333333333333,3640.875,76.74418604651163,3496.3,7.066666666666606,-0.5749999999998181,0.050071530758226,3670.0,3680.0,3670.0,3645.0,73700.0
2025-08-11,3645.0,3680.0,3640.0,3670.0,3633.603271484375,73700.0,3587.0,3554.8,3489.0,3640.825,80.48780487804878,3503.7,7.933333333333394,-0.6000000000003638,0.050071530758226,3670.0,3680.0,3670.0,3645.0,73700.0
2025-08-12,3710.0,3750.0,3680.0,3725.0,3688.057861328125,167500.0,3596.5,3567.0,3491.5333333333333,3640.95,100.0,3509.7,9.066666666666606,-0.6750000000001819,0.0765895953757225,3725.0,3680.0,3670.0,3645.0,73700.0
2025-08-13,3710.0,3740.0,3670.0,3685.0,3648.454345703125,92400.0,3601.25,3577.6,3493.4666666666667,3640.875,84.0,3515.5,9.599999999999907,-0.5,0.0650289017341041,3725.0,3750.0,3725.0,3710.0,167500.0
2025-08-14,3650.0,3690.0,3645.0,3685.0,3648.454345703125,101500.0,3607.75,3588.2,3495.4,3640.8,82.6086956521739,3520.6,10.0,-0.2749999999996362,0.0650289017341041,3725.0,3740.0,3685.0,3710.0,92400.0
2025-08-15,3680.0,3715.0,3660.0,3675.0,3638.5537109375,95700.0,3613.75,3598.4,3497.2,3641.125,75.0,3525.0,9.866666666666331,0.25,0.05,3725.0,3690.0,3685.0,3650.0,101500.0
2025-08-16,3680.0,3715.0,3660.0,3675.0,3638.5537109375,95700.0,3619.75,3607.4,3499.8,3641.4,75.0,3529.1,10.800000000000182,0.5750000000002728,0.0729927007299269,3725.0,3715.0,3675.0,3680.0,95700.0
2025-08-17,3680.0,3715.0,3660.0,3675.0,3638.5537109375,95700.0,3626.25,3613.0,3502.6666666666665,3641.6,75.0,3533.2,11.133333333333212,0.650000000000091,0.0729927007299269,3725.0,3715.0,3675.0,3680.0,95700.0
2025-08-18,3675.0,3715.0,3675.0,3715.0,3678.156982421875,84600.0,3636.75,3618.0,3506.0,3641.6,79.16666666666666,3538.1,12.533333333333305,0.724999999999909,0.0815138282387191,3725.0,3715.0,3675.0,3680.0,95700.0
2025-08-19,3680.0,3715.0,3670.0,3680.0,3643.504150390625,94000.0,3645.0,3623.0,3508.6,3641.4,69.0909090909091,3542.0,13.199999999999818,0.599999999999909,0.1151515151515152,3725.0,3715.0,3715.0,3675.0,84600.0
2025-08-20,3685.0,3700.0,3645.0,3645.0,3608.85107421875,75600.0,3650.5,3626.6,3511.0,3641.025,53.846153846153854,3543.8,13.800000000000182,-0.099999999999909,0.1045454545454545,3725.0,3715.0,3680.0,3680.0,94000.0
2025-08-21,3635.0,3635.0,3600.0,3620.0,3584.09912109375,67400.0,3652.75,3629.2,3513.0666666666666,3640.525,39.583333333333336,3544.9,13.266666666666424,-0.875,0.0969696969696969,3725.0,3700.0,3645.0,3685.0,75600.0
2025-08-22,3620.0,3620.0,3565.0,3600.0,3564.29736328125,68500.0,3654.0,3631.4,3514.866666666667,3639.925,36.53846153846153,3550.0,12.200000000000273,-1.6749999999997272,0.0510948905109489,3725.0,3635.0,3620.0,3635.0,67400.0
2025-08-23,3620.0,3620.0,3565.0,3600.0,3564.29736328125,68500.0,3655.25,3635.2,3516.4,3639.225,36.53846153846153,3554.3,10.400000000000093,-2.375,0.0603829160530191,3725.0,3620.0,3600.0,3620.0,68500.0
2025-08-24,3620.0,3620.0,3565.0,3600.0,3564.29736328125,68500.0,3656.5,3638.6,3517.6,3638.375,36.53846153846153,3558.6,9.0,-3.025000000000091,0.0495626822157433,3725.0,3620.0,3600.0,3620.0,68500.0
2025-08-25,3570.0,3610.0,3555.0,3610.0,3574.1982421875,83700.0,3658.25,3641.6,3519.133333333333,3637.025,38.888888888888886,3563.1,8.133333333333212,-4.0,0.044862518089725,3725.0,3620.0,3600.0,3620.0,68500.0
2025-08-26,3570.0,3615.0,3565.0,3605.0,3569.247802734375,102200.0,3657.25,3642.8,3520.6,3635.6,22.727272727272734,3565.6,7.533333333333303,-4.925000000000182,0.0389048991354465,3725.0,3610.0,3610.0,3570.0,83700.0
2025-08-27,3610.0,3630.0,3580.0,3630.0,3594.0,118300.0,3655.25,3645.0,3522.866666666667,3634.3,36.58536585365854,3568.2,8.0,-5.625,0.0461095100864552,3725.0,3615.0,3605.0,3570.0,102200.0
2025-08-28,3580.0,3665.0,3580.0,3650.0,3650.0,114500.0,3654.25,3648.0,3525.4,3633.1,42.22222222222222,3570.9,9.0,-6.125,0.0518731988472622,3725.0,3630.0,3630.0,3610.0,118300.0
2025-08-29,3605.0,3655.0,3550.0,3575.0,3575.0,154100.0,3649.5,3648.0,3526.9333333333334,3631.625,32.758620689655174,3573.1,9.333333333333483,-6.75,0.0258249641319943,3725.0,3665.0,3650.0,3580.0,114500.0
2025-08-30,3605.0,3655.0,3550.0,3575.0,3575.0,154100.0,3644.75,3648.0,3527.9333333333334,3630.15,32.758620689655174,3575.4,8.800000000000182,-6.875,0.0056258790436005,3725.0,3655.0,3575.0,3605.0,154100.0
2025-08-31,3605.0,3655.0,3550.0,3575.0,3575.0,154100.0,3640.0,3646.0,3529.9333333333334,3628.525,32.758620689655174,3577.7,9.333333333333483,-7.074999999999818,0.0028050490883591,3725.0,3655.0,3575.0,3605.0,154100.0
2025-09-01,3575.0,3605.0,3545.0,3585.0,3585.0,90100.0,3633.0,3642.6,3532.0666666666666,3626.5,25.00000000000001,3580.2,9.199999999999818,-7.800000000000182,0.0717488789237668,3715.0,3655.0,3575.0,3605.0,154100.0
2025-09-02,3605.0,3660.0,3605.0,3635.0,3635.0,117600.0,3630.5,3641.2,3534.733333333333,3624.975,41.81818181818182,3583.6,9.33333333333303,-8.125,0.0738552437223043,3715.0,3605.0,3585.0,3575.0,90100.0
2025-09-03,3620.0,3660.0,3575.0,3605.0,3605.0,145900.0,3626.5,3638.6,3538.8,3623.3,42.59259259259259,3586.8,11.866666666666788,-8.324999999999818,0.0649926144756278,3715.0,3660.0,3635.0,3605.0,117600.0
2025-09-04,3625.0,3645.0,3600.0,3600.0,3600.0,79000.0,3622.75,3635.8,3542.8,3621.6,46.0,3590.3,14.866666666666788,-8.550000000000182,0.0635155096011816,3715.0,3660.0,3605.0,3620.0,145900.0
2025-09-05,3585.0,3600.0,3560.0,3595.0,3595.0,88900.0,3618.75,3632.8,3546.733333333333,3620.625,48.93617021276596,3593.8,16.799999999999727,-7.900000000000091,0.0330459770114941,3715.0,3645.0,3600.0,3625.0,79000.0
2025-09-06,3585.0,3600.0,3560.0,3595.0,3595.0,88900.0,3614.75,3627.6,3549.0,3619.625,48.93617021276596,3597.3,16.933333333333394,-6.875,0.0271428571428571,3715.0,3600.0,3595.0,3585.0,88900.0
2025-09-07,3585.0,3600.0,3560.0,3595.0,3595.0,88900.0,3608.75,3624.0,3551.6666666666665,3618.75,48.93617021276596,3600.8,16.933333333333394,-6.224999999999909,0.0227596017069702,3680.0,3600.0,3595.0,3585.0,88900.0
2025-09-08,3605.0,3665.0,3600.0,3665.0,3665.0,99100.0,3608.0,3623.2,3554.8,3618.75,59.32203389830509,3605.7,16.0,-4.550000000000182,0.0577200577200576,3665.0,3600.0,3595.0,3585.0,88900.0
2025-09-09,3680.0,3705.0,3650.0,3680.0,3680.0,74800.0,3609.75,3623.4,3557.8,3618.95,62.29508196721312,3610.9,15.0,-2.650000000000091,0.0635838150289016,3680.0,3665.0,3665.0,3605.0,99100.0
2025-09-10,3675.0,3705.0,3655.0,3690.0,3690.0,76300.0,3613.25,3624.0,3560.733333333333,3619.2,60.3448275862069,3615.7,14.0,-1.425000000000182,0.0664739884393064,3690.0,3705.0,3680.0,3680.0,74800.0
2025-09-11,3650.0,3705.0,3640.0,3670.0,3670.0,75200.0,3616.75,3623.8,3563.4,3619.35,53.44827586206896,3618.4,14.400000000000093,-0.2750000000000909,0.0606936416184971,3690.0,3705.0,3690.0,3675.0,76300.0
2025-09-12,3680.0,3705.0,3630.0,3630.0,3630.0,129100.0,3618.25,3620.4,3565.5333333333333,3619.3,60.78431372549019,3619.2,13.866666666666788,0.5500000000001819,0.0476190476190476,3690.0,3705.0,3670.0,3650.0,75200.0
2025-09-13,3680.0,3705.0,3630.0,3630.0,3630.0,129100.0,3619.75,3618.4,3567.4666666666667,3619.35,60.78431372549019,3620.7,12.666666666666517,0.599999999999909,0.0537010159651669,3690.0,3705.0,3630.0,3680.0,129100.0
2025-09-14,3680.0,3705.0,3630.0,3630.0,3630.0,129100.0,3620.75,3617.8,3568.4666666666667,3619.275,60.78431372549019,3622.2,10.666666666666517,0.3250000000002728,0.0598540145985402,3690.0,3705.0,3630.0,3680.0,129100.0
2025-09-15,3680.0,3705.0,3630.0,3630.0,3630.0,129100.0,3622.0,3618.2,3569.333333333333,3619.075,59.18367346938776,3623.7,8.600000000000364,-0.125,0.0614035087719297,3690.0,3705.0,3630.0,3680.0,129100.0
2025-09-16,3630.0,3695.0,3625.0,3675.0,3675.0,128200.0,3624.25,3621.2,3573.733333333333,3619.2,58.33333333333333,3626.3,10.33333333333303,-0.1500000000000909,0.0745614035087718,3690.0,3705.0,3630.0,3680.0,129100.0
2025-09-17,3655.0,3675.0,3585.0,3600.0,3600.0,118700.0,3621.75,3621.2,3576.6,3618.95,49.122807017543856,3628.2,11.066666666666606,-0.3500000000003638,0.0526315789473683,3690.0,3695.0,3675.0,3630.0,128200.0
2025-09-18,3610.0,3630.0,3585.0,3625.0,3625.0,101900.0,3624.25,3622.2,3579.8,3618.825,54.09836065573771,3630.4,12.333333333333483,-0.525000000000091,0.0599415204678361,3690.0,3675.0,3600.0,3655.0,118700.0
2025-09-19,3625.0,3660.0,3555.0,3600.0,3600.0,208400.0,3625.5,3621.8,3582.6666666666665,3617.625,50.76923076923077,3631.7,14.199999999999818,-1.650000000000091,0.0526315789473683,3690.0,3630.0,3625.0,3610.0,101900.0
2025-09-20,3625.0,3660.0,3555.0,3600.0,3600.0,208400.0,3626.75,3621.6,3584.266666666667,3616.225,50.76923076923077,3632.2,14.933333333333394,-2.849999999999909,0.0434782608695651,3690.0,3660.0,3600.0,3625.0,208400.0
2025-09-21,3625.0,3660.0,3555.0,3600.0,3600.0,208400.0,3627.5,3620.4,3585.6,3614.7,50.76923076923077,3632.7,11.866666666666788,-4.5,0.0183875530410184,3690.0,3660.0,3600.0,3625.0,208400.0
2025-09-22,3600.0,3600.0,3555.0,3555.0,3555.0,88700.0,3623.5,3616.6,3586.133333333333,3613.125,31.66666666666667,3632.3,9.533333333333305,-5.824999999999818,-0.0097493036211698,3690.0,3660.0,3600.0,3625.0,208400.0
2025-09-23,3600.0,3600.0,3555.0,3555.0,3555.0,88700.0,3621.0,3615.8,3587.333333333333,3611.4,28.070175438596493,3631.9,7.533333333333303,-7.424999999999727,0.0,3690.0,3600.0,3555.0,3600.0,88700.0
2025-09-24,3510.0,3510.0,3470.0,3470.0,3470.0,183900.0,3614.5,3611.6,3587.4666666666667,3609.25,19.444444444444443,3629.8,4.800000000000182,-8.375,-0.0239099859353023,3690.0,3600.0,3555.0,3600.0,88700.0
2025-09-25,3450.0,3480.0,3445.0,3480.0,3480.0,218700.0,3608.75,3607.8,3587.733333333333,3607.15,22.85714285714286,3626.9,3.4666666666662422,-9.074999999999818,-0.021097046413502,3690.0,3510.0,3470.0,3510.0,183900.0
2025-09-26,3475.0,3545.0,3470.0,3525.0,3525.0,188200.0,3605.25,3605.4,3588.6,3605.375,35.21126760563381,3624.0,3.0,-9.324999999999818,-0.005641748942172,3690.0,3480.0,3480.0,3450.0,218700.0
2025-09-27,3475.0,3545.0,3470.0,3525.0,3525.0,188200.0,3601.75,3601.0,3589.4,3603.675,35.21126760563381,3621.1,3.266666666666879,-9.449999999999818,0.0057061340941511,3690.0,3545.0,3525.0,3475.0,188200.0
2025-09-28,3475.0,3545.0,3470.0,3525.0,3525.0,188200.0,3594.75,3597.8,3590.4666666666667,3601.9,35.21126760563381,3618.2,3.133333333333212,-9.5,0.0028449502133711,3690.0,3545.0,3525.0,3475.0,188200.0
2025-09-29,3530.0,3550.0,3455.0,3460.0,3460.0,138500.0,3583.75,3592.2,3590.9333333333334,3599.875,29.76190476190476,3614.0,3.466666666666697,-9.375,-0.0212164073550211,3690.0,3545.0,3525.0,3475.0,188200.0
2025-09-30,3455.0,3455.0,3410.0,3420.0,3420.0,169200.0,3570.25,3585.2,3590.9333333333334,3597.925,19.27710843373493,3609.0,3.200000000000273,-9.224999999999907,-0.0433566433566433,3675.0,3550.0,3460.0,3530.0,138500.0
2025-10-01,3415.0,3425.0,3345.0,3350.0,3350.0,162800.0,3554.25,3575.4,3590.0,3595.625,19.512195121951223,3601.5,1.400000000000091,-9.75,-0.0629370629370629,3675.0,3455.0,3420.0,3455.0,169200.0
2025-10-02,3355.0,3405.0,3325.0,3370.0,3370.0,177300.0,3541.25,3566.4,3589.333333333333,3593.425,18.51851851851852,3595.2,-0.066666666666606,-10.25,-0.0573426573426573,3675.0,3425.0,3350.0,3415.0,162800.0
2025-10-03,3330.0,3410.0,3230.0,3250.0,3250.0,420400.0,3522.25,3549.8,3587.0666666666666,3590.375,15.0,3586.5,-3.400000000000091,-11.525000000000093,-0.0909090909090909,3675.0,3405.0,3370.0,3355.0,177300.0
2025-10-04,3330.0,3410.0,3230.0,3250.0,3250.0,420400.0,3503.25,3532.6,3584.8,3587.225,15.0,3578.0,-6.133333333333212,-12.650000000000093,-0.0909090909090909,3675.0,3410.0,3250.0,3330.0,420400.0
2025-10-05,3330.0,3410.0,3230.0,3250.0,3250.0,420400.0,3484.25,3515.0,3582.133333333333,3583.9,15.0,3569.5,-8.800000000000182,-14.025000000000093,-0.1034482758620689,3675.0,3410.0,3250.0,3330.0,420400.0
2025-10-06,3250.0,3285.0,3235.0,3260.0,3260.0,282200.0,3463.5,3498.6,3578.4666666666667,3580.625,18.27956989247312,3561.2,-11.533333333333305,-15.0,-0.1117166212534059,3625.0,3410.0,3250.0,3330.0,420400.0
2025-10-07,3235.0,3335.0,3200.0,3305.0,3305.0,295900.0,3448.75,3485.6,3574.6666666666665,3577.725,25.490196078431367,3553.0,-14.66666666666697,-15.700000000000273,-0.0994550408719345,3625.0,3285.0,3260.0,3250.0,282200.0
2025-10-08,3285.0,3330.0,3260.0,3275.0,3275.0,216600.0,3431.25,3471.4,3570.9333333333334,3574.675,28.57142857142857,3544.9,-16.133333333333212,-15.699999999999818,-0.1076294277929155,3600.0,3335.0,3305.0,3235.0,295900.0
2025-10-09,3270.0,3290.0,3230.0,3255.0,3255.0,206900.0,3414.0,3456.4,3566.9333333333334,3571.525,25.80645161290323,3537.1,-17.866666666666788,-15.699999999999818,-0.1130790190735694,3600.0,3330.0,3275.0,3285.0,216600.0
2025-10-10,3210.0,3225.0,3185.0,3210.0,3210.0,199100.0,3394.5,3439.6,3562.333333333333,3568.325,16.129032258064512,3528.9,-19.799999999999727,-15.575000000000273,-0.1253405994550408,3600.0,3290.0,3255.0,3270.0,206900.0
2025-10-11,3210.0,3225.0,3185.0,3210.0,3210.0,199100.0,3375.0,3421.0,3557.866666666667,3565.1,16.129032258064512,3521.1,-20.59999999999991,-15.525000000000093,-0.1382550335570469,3555.0,3225.0,3210.0,3210.0,199100.0
2025-10-12,3210.0,3225.0,3185.0,3210.0,3210.0,199100.0,3357.75,3405.4,3553.9333333333334,3561.825,16.129032258064512,3513.3,-20.73333333333312,-15.900000000000093,-0.1289009497964721,3555.0,3225.0,3210.0,3210.0,199100.0
2025-10-13,3210.0,3225.0,3185.0,3210.0,3210.0,199100.0,3340.5,3388.8,3549.866666666667,3558.325,18.75,3505.5,-21.06666666666661,-16.350000000000364,-0.1289009497964721,3525.0,3225.0,3210.0,3210.0,199100.0
2025-10-14,3165.0,3175.0,3125.0,3160.0,3160.0,218400.0,3325.0,3371.2,3544.866666666667,3554.675,18.292682926829272,3496.5,-22.06666666666661,-16.84999999999991,-0.1401360544217686,3525.0,3225.0,3210.0,3210.0,199100.0
2025-10-15,3140.0,3190.0,3135.0,3185.0,3185.0,195100.0,3310.25,3354.6,3539.6666666666665,3551.15,27.39726027397259,3488.1,-22.66666666666697,-17.174999999999727,-0.1333333333333333,3525.0,3175.0,3160.0,3165.0,218400.0
2025-10-16,3130.0,3180.0,3115.0,3130.0,3130.0,249800.0,3290.5,3335.8,3533.733333333333,3547.35,20.0,3478.1,-24.133333333333667,-17.75,-0.1482993197278911,3525.0,3190.0,3185.0,3140.0,195100.0
2025-10-17,3115.0,3135.0,3105.0,3135.0,3135.0,203500.0,3271.0,3319.0,3527.866666666667,3544.375,29.824561403508767,3467.8,-26.06666666666661,-17.449999999999818,-0.1561238223418573,3525.0,3180.0,3130.0,3130.0,249800.0
2025-10-18,3115.0,3135.0,3105.0,3135.0,3135.0,203500.0,3251.5,3302.2,3522.0,3541.5,29.824561403508767,3459.0,-27.866666666666788,-16.824999999999818,-0.1480978260869565,3460.0,3135.0,3135.0,3115.0,203500.0
2025-10-19,3115.0,3135.0,3105.0,3135.0,3135.0,203500.0,3235.25,3288.8,3516.133333333333,3538.525,29.824561403508767,3450.2,-28.733333333333576,-16.15000000000009,-0.139917695473251,3420.0,3135.0,3135.0,3115.0,203500.0
2025-10-20,3150.0,3150.0,3110.0,3130.0,3130.0,174000.0,3220.75,3274.8,3509.5333333333333,3535.875,26.78571428571428,3441.3,-30.13333333333321,-15.275000000000093,-0.1353591160220995,3370.0,3135.0,3135.0,3115.0,203500.0
2025-10-21,3105.0,3135.0,3100.0,3120.0,3120.0,220500.0,3209.25,3258.6,3502.2,3533.35,12.244897959183676,3432.0,-31.533333333333303,-14.0,-0.1333333333333333,3370.0,3150.0,3130.0,3150.0,174000.0
2025-10-22,3120.0,3155.0,3120.0,3140.0,3140.0,198700.0,3197.75,3243.2,3495.133333333333,3530.925,21.276595744680847,3422.1,-32.733333333333576,-13.449999999999818,-0.1277777777777777,3305.0,3135.0,3120.0,3105.0,220500.0
2025-10-23,3130.0,3145.0,3110.0,3135.0,3135.0,178200.0,3192.0,3227.6,3488.0,3528.475,22.727272727272734,3412.7,-34.0,-13.025000000000093,-0.1291666666666666,3305.0,3155.0,3140.0,3120.0,198700.0
2025-10-24,3135.0,3245.0,3125.0,3235.0,3235.0,236700.0,3191.25,3218.6,3482.2,3527.95,54.54545454545455,3405.4,-33.933333333333394,-10.575000000000273,-0.1038781163434903,3305.0,3145.0,3135.0,3130.0,178200.0
2025-10-25,3135.0,3245.0,3125.0,3235.0,3235.0,236700.0,3190.5,3211.2,3476.4,3526.475,54.54545454545455,3398.2,-33.13333333333321,-9.400000000000093,-0.102635228848821,3305.0,3245.0,3235.0,3135.0,236700.0
2025-10-26,3135.0,3245.0,3125.0,3235.0,3235.0,236700.0,3189.25,3206.6,3469.866666666667,3525.9,54.54545454545455,3391.0,-32.33333333333303,-7.449999999999818,-0.1088154269972452,3305.0,3245.0,3235.0,3135.0,236700.0
2025-10-27,3230.0,3310.0,3215.0,3250.0,3250.0,275200.0,3186.5,3201.8,3464.0666666666666,3524.35,56.896551724137936,3384.1,-31.06666666666661,-6.575000000000273,-0.1095890410958904,3275.0,3245.0,3235.0,3135.0,236700.0
2025-10-28,3210.0,3215.0,3095.0,3125.0,3125.0,265300.0,3179.0,3196.8,3456.6,3522.65,45.2054794520548,3373.3,-31.40000000000009,-5.824999999999818,-0.1258741258741258,3255.0,3310.0,3250.0,3230.0,275200.0
2025-10-29,3100.0,3125.0,3070.0,3095.0,3095.0,322300.0,3171.0,3190.6,3448.866666666667,3520.8,37.83783783783784,3361.6,-33.33333333333303,-7.149999999999636,-0.1342657342657343,3250.0,3215.0,3125.0,3210.0,265300.0
2025-10-30,3125.0,3180.0,3110.0,3175.0,3175.0,804300.0,3169.25,3187.6,3442.2,3519.35,55.69620253164557,3351.3,-34.20000000000027,-7.125,-0.1118881118881118,3250.0,3125.0,3095.0,3100.0,322300.0
2025-10-31,3195.0,3260.0,3190.0,3245.0,3245.0,292000.0,3171.0,3187.0,3436.4666666666667,3517.375,61.95652173913044,3342.8,-33.40000000000009,-8.525000000000091,-0.0948396094839609,3250.0,3180.0,3175.0,3125.0,804300.0
2025-11-01,3195.0,3260.0,3190.0,3245.0,3245.0,292000.0,3172.75,3184.6,3430.2,3515.575,61.95652173913044,3335.1,-33.86666666666679,-8.775000000000091,-0.1072902338376891,3250.0,3260.0,3245.0,3195.0,292000.0
2025-11-02,3195.0,3260.0,3190.0,3245.0,3245.0,292000.0,3174.5,3183.4,3424.4,3513.9,61.95652173913044,3327.4,-32.19999999999982,-8.75,-0.0998613037447988,3250.0,3260.0,3245.0,3195.0,292000.0
2025-11-03,3195.0,3260.0,3190.0,3245.0,3245.0,292000.0,3178.75,3183.0,3419.0666666666666,3512.2,62.63736263736264,3319.7,-29.800000000000185,-8.600000000000364,-0.0986111111111111,3250.0,3260.0,3245.0,3195.0,292000.0
2025-11-04,3250.0,3335.0,3240.0,3290.0,3290.0,270700.0,3184.0,3186.2,3414.6666666666665,3510.4,67.34693877551021,3312.9,-27.533333333333303,-8.949999999999818,-0.0848400556328233,3290.0,3260.0,3245.0,3195.0,292000.0
2025-11-05,3285.0,3295.0,3200.0,3220.0,3220.0,183700.0,3188.5,3186.6,3409.6,3508.25,57.407407407407405,3303.8,-26.866666666666788,-9.125,-0.1043115438108484,3290.0,3335.0,3290.0,3250.0,270700.0
2025-11-06,3230.0,3260.0,3210.0,3210.0,3210.0,137700.0,3192.25,3186.6,3404.4,3506.05,56.88073394495412,3296.0,-25.799999999999727,-9.524999999999636,-0.1070931849791376,3290.0,3295.0,3220.0,3285.0,183700.0
2025-11-07,3220.0,3250.0,3195.0,3225.0,3225.0,125900.0,3196.75,3187.2,3399.4,3503.775,48.91304347826088,3288.0,-25.0,-10.125,-0.1200545702592087,3290.0,3260.0,3210.0,3230.0,137700.0
2025-11-08,3220.0,3250.0,3195.0,3225.0,3225.0,125900.0,3201.25,3189.8,3394.266666666667,3501.25,48.91304347826088,3280.5,-24.799999999999727,-10.949999999999818,-0.123641304347826,3290.0,3250.0,3225.0,3220.0,125900.0
2025-11-09,3220.0,3250.0,3195.0,3225.0,3225.0,125900.0,3206.0,3191.4,3389.2,3498.8,48.91304347826088,3273.0,-25.466666666666697,-11.599999999999907,-0.1260162601626016,3290.0,3250.0,3225.0,3220.0,125900.0
2025-11-10,3255.0,3285.0,3240.0,3280.0,3280.0,108600.0,3214.0,3197.4,3384.5333333333333,3496.6,53.0,3266.6,-25.06666666666661,-11.650000000000093,-0.106267029972752,3290.0,3250.0,3225.0,3220.0,125900.0
2025-11-11,3300.0,3315.0,3250.0,3265.0,3265.0,130500.0,3220.25,3202.6,3379.4,3494.35,67.94871794871794,3260.8,-25.0,-11.700000000000273,-0.1005509641873277,3290.0,3285.0,3280.0,3255.0,108600.0
2025-11-12,3265.0,3320.0,3255.0,3310.0,3310.0,132600.0,3229.0,3209.6,3375.866666666667,3492.325,76.54320987654322,3255.9,-23.533333333333303,-11.450000000000273,-0.0881542699724518,3310.0,3315.0,3265.0,3300.0,130500.0
2025-11-13,3310.0,3365.0,3295.0,3350.0,3350.0,154300.0,3234.75,3218.2,3372.866666666667,3490.5,73.97260273972603,3253.5,-21.40000000000009,-10.75,-0.0771349862258953,3350.0,3320.0,3310.0,3265.0,132600.0
2025-11-14,3350.0,3365.0,3340.0,3365.0,3365.0,89800.0,3241.25,3227.6,3370.0666666666666,3489.0,69.35483870967742,3251.2,-19.13333333333321,-9.800000000000182,-0.0730027548209366,3365.0,3365.0,3350.0,3310.0,154300.0
2025-11-15,3350.0,3365.0,3340.0,3365.0,3365.0,89800.0,3247.75,3237.4,3367.133333333333,3487.5,69.35483870967742,3248.0,-17.40000000000009,-9.099999999999907,-0.0843537414965986,3365.0,3365.0,3365.0,3350.0,89800.0
2025-11-16,3350.0,3365.0,3340.0,3365.0,3365.0,89800.0,3253.5,3246.4,3363.5333333333333,3486.075,69.35483870967742,3244.8,-15.866666666666788,-8.275000000000091,-0.0652777777777777,3365.0,3365.0,3365.0,3350.0,89800.0
2025-11-17,3400.0,3445.0,3380.0,3395.0,3395.0,152300.0,3267.0,3256.8,3360.733333333333,3484.4,72.05882352941177,3242.2,-15.133333333333669,-7.924999999999727,-0.0634482758620689,3395.0,3365.0,3365.0,3350.0,89800.0
2025-11-18,3395.0,3420.0,3375.0,3390.0,3390.0,201300.0,3281.75,3263.0,3357.9333333333334,3482.675,66.66666666666666,3240.8,-14.933333333333394,-7.824999999999818,-0.0583333333333333,3395.0,3445.0,3395.0,3400.0,152300.0
2025-11-19,3380.0,3390.0,3325.0,3355.0,3355.0,166700.0,3290.75,3267.8,3354.733333333333,3480.775,75.47169811320754,3239.5,-15.333333333333483,-8.224999999999909,-0.0680555555555555,3395.0,3420.0,3390.0,3395.0,201300.0
2025-11-20,3400.0,3410.0,3345.0,3370.0,3370.0,145100.0,3297.0,3273.2,3351.733333333333,3478.95,79.62962962962963,3239.9,-15.400000000000093,-8.550000000000182,-0.0638888888888888,3395.0,3390.0,3355.0,3380.0,166700.0
2025-11-21,3365.0,3430.0,3360.0,3430.0,3430.0,220500.0,3306.25,3280.4,3349.5333333333333,3477.425,82.53968253968254,3241.1,-14.0,-8.649999999999636,-0.0351617440225034,3430.0,3410.0,3370.0,3400.0,145100.0
2025-11-22,3365.0,3430.0,3360.0,3430.0,3430.0,220500.0,3315.5,3292.6,3346.4,3475.9,82.53968253968254,3244.7,-14.33333333333303,-8.5,-0.0351617440225034,3430.0,3430.0,3430.0,3365.0,220500.0
2025-11-23,3365.0,3430.0,3360.0,3430.0,3430.0,220500.0,3324.75,3306.0,3343.0666666666666,3474.55,82.53968253968254,3248.3,-14.866666666666788,-8.125,-0.0115273775216138,3430.0,3430.0,3430.0,3365.0,220500.0
2025-11-24,3365.0,3430.0,3360.0,3430.0,3430.0,220500.0,3331.75,3316.2,3339.6,3473.15,78.84615384615384,3251.9,-15.133333333333212,-7.625,-0.014367816091954,3430.0,3430.0,3430.0,3365.0,220500.0
2025-11-25,3475.0,3475.0,3405.0,3415.0,3415.0,132000.0,3341.5,3323.0,3336.2,3471.45,78.84615384615384,3255.0,-15.533333333333305,-7.5,-0.0312056737588652,3430.0,3430.0,3430.0,3365.0,220500.0
2025-11-26,3400.0,3445.0,3390.0,3445.0,3445.0,119100.0,3353.25,3331.0,3333.733333333333,3469.9,77.55102040816327,3257.8,-15.800000000000182,-7.525000000000091,-0.0226950354609929,3445.0,3475.0,3415.0,3475.0,132000.0
2025-11-27,3445.0,3480.0,3430.0,3480.0,3480.0,267300.0,3366.0,3340.4,3331.733333333333,3468.525,77.08333333333333,3261.9,-14.66666666666697,-7.375,-0.0127659574468085,3480.0,3445.0,3445.0,3400.0,119100.0
2025-11-28,3495.0,3540.0,3475.0,3510.0,3510.0,157300.0,3380.25,3351.0,3330.133333333333,3467.275,78.43137254901961,3267.0,-12.933333333333394,-7.275000000000091,0.0144508670520231,3510.0,3480.0,3480.0,3445.0,267300.0
2025-11-29,3495.0,3540.0,3475.0,3510.0,3510.0,157300.0,3394.5,3359.8,3328.5333333333333,3466.075,78.43137254901961,3273.0,-11.066666666666606,-7.075000000000273,0.0263157894736842,3510.0,3540.0,3510.0,3495.0,157300.0
2025-11-30,3495.0,3540.0,3475.0,3510.0,3510.0,157300.0,3406.0,3371.4,3326.333333333333,3464.875,78.43137254901961,3279.0,-9.866666666666331,-6.574999999999818,0.0477611940298507,3510.0,3540.0,3510.0,3495.0,157300.0
2025-12-01,3485.0,3520.0,3440.0,3440.0,3440.0,100700.0,3414.75,3380.6,3324.2,3463.625,57.62711864406779,3283.6,-9.533333333333305,-6.275000000000091,0.0207715133531156,3510.0,3540.0,3510.0,3495.0,157300.0
2025-12-02,3440.0,3475.0,3410.0,3475.0,3475.0,129700.0,3423.0,3390.6,3322.2,3462.35,63.07692307692307,3288.9,-9.533333333333305,-6.175000000000182,0.0692307692307692,3510.0,3520.0,3440.0,3485.0,100700.0
2025-12-03,3435.0,3470.0,3395.0,3395.0,3395.0,120300.0,3425.25,3397.4,3319.4666666666667,3460.675,55.4054054054054,3293.6,-10.666666666666517,-6.599999999999909,0.0446153846153847,3510.0,3475.0,3475.0,3440.0,129700.0
2025-12-04,3395.0,3450.0,3395.0,3450.0,3450.0,71400.0,3429.5,3406.4,3317.4666666666667,3459.275,59.75609756097561,3298.9,-11.066666666666606,-6.799999999999727,0.0615384615384615,3510.0,3470.0,3395.0,3435.0,120300.0
2025-12-05,3400.0,3435.0,3385.0,3400.0,3400.0,65900.0,3431.25,3411.2,3314.8,3457.325,46.25,3304.3,-11.533333333333305,-7.550000000000182,0.0429447852760735,3510.0,3450.0,3450.0,3395.0,71400.0
2025-12-06,3400.0,3435.0,3385.0,3400.0,3400.0,65900.0,3433.0,3416.6,3312.733333333333,3455.7,46.25,3309.6,-11.466666666666695,-7.925000000000182,0.0287443267776097,3510.0,3435.0,3400.0,3400.0,65900.0
2025-12-07,3400.0,3435.0,3385.0,3400.0,3400.0,65900.0,3433.25,3420.2,3310.6666666666665,3454.725,46.25,3314.9,-11.533333333333305,-7.625,0.0381679389312976,3510.0,3435.0,3400.0,3400.0,65900.0
2025-12-08,3400.0,3430.0,3385.0,3420.0,3420.0,61000.0,3434.75,3423.0,3310.0,3453.8,48.80952380952381,3320.6,-9.466666666666695,-6.875,0.0506912442396312,3510.0,3435.0,3400.0,3400.0,65900.0
2025-12-09,3420.0,3425.0,3385.0,3415.0,3415.0,68400.0,3437.75,3425.0,3309.133333333333,3453.05,50.0,3326.3,-8.333333333333485,-6.224999999999909,0.0638629283489096,3510.0,3430.0,3420.0,3400.0,61000.0
2025-12-10,3415.0,3435.0,3395.0,3410.0,3410.0,51600.0,3439.75,3426.8,3307.6,3452.275,45.45454545454546,3332.1,-7.200000000000273,-5.049999999999727,0.0623052959501557,3510.0,3425.0,3415.0,3420.0,68400.0
2025-12-11,3435.0,3440.0,3340.0,3355.0,3355.0,61600.0,3436.0,3426.4,3305.333333333333,3451.225,34.5679012345679,3336.4,-7.399999999999636,-4.474999999999909,0.0451713395638628,3510.0,3435.0,3410.0,3415.0,51600.0
2025-12-12,3380.0,3430.0,3370.0,3430.0,3430.0,106500.0,3436.0,3427.8,3304.0666666666666,3450.6,41.11111111111112,3342.3,-6.599999999999909,-4.125,0.0685358255451713,3510.0,3440.0,3355.0,3435.0,61600.0
2025-12-13,3380.0,3430.0,3370.0,3430.0,3430.0,106500.0,3436.0,3429.4,3303.6666666666665,3450.125,41.11111111111112,3346.2,-6.333333333333485,-3.675000000000182,0.0854430379746835,3510.0,3430.0,3430.0,3380.0,106500.0
2025-12-14,3380.0,3430.0,3370.0,3430.0,3430.0,106500.0,3436.0,3432.4,3303.8,3449.55,41.11111111111112,3350.1,-5.33333333333303,-3.5,0.0769230769230768,3510.0,3430.0,3430.0,3380.0,106500.0
2025-12-15,3430.0,3455.0,3410.0,3440.0,3440.0,72500.0,3437.25,3435.2,3305.0,3449.075,50.0,3354.2,-2.599999999999909,-3.200000000000273,0.0990415335463259,3510.0,3430.0,3430.0,3380.0,106500.0
2025-12-16,3405.0,3420.0,3360.0,3370.0,3370.0,153600.0,3433.5,3432.8,3305.0,3448.225,37.64705882352941,3356.6,-0.3333333333334849,-3.0,0.0749601275917064,3510.0,3455.0,3440.0,3430.0,72500.0
2025-12-17,3355.0,3370.0,3320.0,3360.0,3360.0,83300.0,3427.5,3430.0,3306.4666666666667,3447.325,45.070422535211264,3361.3,2.400000000000091,-3.275000000000091,0.0717703349282297,3510.0,3420.0,3370.0,3405.0,153600.0
2025-12-18,3370.0,3435.0,3345.0,3410.0,3410.0,69300.0,3422.5,3429.2,3308.6,3446.675,44.28571428571428,3367.6,4.933333333333394,-3.449999999999818,0.087719298245614,3510.0,3370.0,3360.0,3355.0,83300.0
2025-12-19,3410.0,3425.0,3385.0,3395.0,3395.0,148400.0,3416.75,3427.8,3310.5333333333333,3446.25,49.20634920634921,3372.0,6.733333333333121,-3.300000000000182,0.0846645367412139,3510.0,3435.0,3410.0,3370.0,69300.0
2025-12-20,3410.0,3425.0,3385.0,3395.0,3395.0,148400.0,3411.0,3427.0,3312.333333333333,3445.925,49.20634920634921,3375.0,7.333333333333485,-3.149999999999636,0.0881410256410255,3475.0,3425.0,3395.0,3410.0,148400.0
2025-12-21,3410.0,3425.0,3385.0,3395.0,3395.0,148400.0,3408.75,3425.0,3313.5333333333333,3445.575,49.20634920634921,3378.0,8.533333333333303,-2.650000000000091,0.0812101910828024,3475.0,3425.0,3395.0,3410.0,148400.0
2025-12-22,3415.0,3430.0,3365.0,3395.0,3395.0,101600.0,3404.75,3421.6,3315.133333333333,3445.125,45.76271186440678,3381.0,8.666666666666515,-2.199999999999818,0.0829346092503986,3450.0,3425.0,3395.0,3410.0,148400.0
2025-12-23,3400.0,3435.0,3375.0,3410.0,3410.0,109000.0,3405.5,3417.6,3317.2,3444.85,49.18032786885246,3384.3,8.599999999999909,-1.8250000000002728,0.054095826893354,3450.0,3430.0,3395.0,3415.0,101600.0
2025-12-24,3370.0,3430.0,3355.0,3410.0,3410.0,204200.0,3403.5,3413.6,3319.866666666667,3444.575,50.0,3386.7,9.333333333333483,-1.675000000000182,0.054095826893354,3440.0,3435.0,3410.0,3400.0,109000.0
2025-12-25,3410.0,3460.0,3400.0,3450.0,3450.0,65600.0,3406.0,3411.2,3323.0666666666666,3444.5,66.66666666666666,3391.3,10.73333333333312,-1.425000000000182,0.0664605873261205,3450.0,3430.0,3410.0,3370.0,204200.0
2025-12-26,3450.0,3465.0,3425.0,3425.0,3425.0,70500.0,3407.25,3410.6,3325.9333333333334,3444.2,48.93617021276596,3395.6,12.400000000000093,-1.375,0.0538461538461538,3450.0,3460.0,3450.0,3410.0,65600.0
2025-12-27,3450.0,3465.0,3425.0,3425.0,3425.0,70500.0,3408.5,3408.6,3328.8,3443.775,48.93617021276596,3399.6,13.66666666666697,-1.349999999999909,0.096,3450.0,3465.0,3425.0,3450.0,70500.0
2025-12-28,3450.0,3465.0,3425.0,3425.0,3425.0,70500.0,3408.75,3409.8,3332.333333333333,3443.425,48.93617021276596,3403.6,15.133333333333669,-1.4249999999997272,0.1066235864297253,3450.0,3465.0,3425.0,3450.0,70500.0
2025-12-29,3450.0,3455.0,3430.0,3455.0,3455.0,73600.0,3410.75,3410.0,3335.9333333333334,3443.225,52.94117647058823,3408.2,16.066666666666606,-1.349999999999909,0.0881889763779528,3455.0,3465.0,3425.0,3450.0,70500.0
2025-12-30,3430.0,3435.0,3400.0,3400.0,3400.0,105800.0,3410.25,3410.0,3339.5333333333333,3442.925,56.25,3410.6,16.466666666666697,-1.574999999999818,0.0477657935285054,3455.0,3455.0,3455.0,3450.0,73600.0
2025-12-31,3430.0,3435.0,3400.0,3400.0,3400.0,105800.0,3412.5,3410.0,3343.0666666666666,3442.625,58.69565217391305,3413.3,17.133333333333212,-1.574999999999818,0.0477657935285054,3455.0,3435.0,3400.0,3430.0,105800.0
2026-01-01,3430.0,3435.0,3400.0,3400.0,3400.0,105800.0,3411.0,3410.0,3346.6,3442.325,47.22222222222223,3415.1,17.799999999999727,-1.4500000000002728,0.0477657935285054,3455.0,3435.0,3400.0,3430.0,105800.0
2026-01-02,3430.0,3435.0,3400.0,3400.0,3400.0,105800.0,3409.5,3409.2,3350.133333333333,3441.825,51.51515151515152,3416.1,17.799999999999727,-1.6000000000003638,0.0477657935285054,3455.0,3435.0,3400.0,3430.0,105800.0
2026-01-03,3430.0,3435.0,3400.0,3400.0,3400.0,105800.0,3408.0,3408.6,3353.733333333333,3441.7,51.51515151515152,3416.8,17.799999999999727,-1.525000000000091,0.033434650455927,3455.0,3435.0,3400.0,3430.0,105800.0
2026-01-04,3430.0,3435.0,3400.0,3400.0,3400.0,105800.0,3406.0,3408.2,3357.4666666666667,3441.575,51.51515151515152,3417.5,17.933333333333394,-1.3500000000003638,0.0559006211180124,3455.0,3435.0,3400.0,3430.0,105800.0
2026-01-05,3390.0,3425.0,3330.0,3355.0,3355.0,155200.0,3405.25,3408.2,3360.333333333333,3441.175,40.47619047619048,3417.3,17.26666666666688,-1.449999999999818,0.0451713395638628,3455.0,3435.0,3400.0,3430.0,105800.0
2026-01-06,3380.0,3380.0,3330.0,3375.0,3375.0,174400.0,3406.0,3406.0,3363.5333333333333,3441.55,41.860465116279066,3416.9,16.933333333333394,-0.7749999999996362,0.0465116279069768,3455.0,3425.0,3355.0,3390.0,155200.0
2026-01-07,3375.0,3465.0,3350.0,3455.0,3455.0,159200.0,3408.25,3407.0,3366.4666666666667,3442.325,57.62711864406779,3418.2,16.333333333333485,0.5,0.0713178294573644,3455.0,3380.0,3375.0,3380.0,174400.0
2026-01-08,3320.0,3360.0,3260.0,3345.0,3345.0,314300.0,3405.75,3403.6,3367.9333333333334,3442.55,35.616438356164394,3418.0,14.200000000000273,0.8500000000003638,0.0372093023255815,3455.0,3465.0,3455.0,3375.0,159200.0
2026-01-09,3350.0,3440.0,3350.0,3420.0,3420.0,215200.0,3407.0,3402.8,3370.4,3442.525,49.397590361445786,3419.0,12.933333333333394,0.9500000000002728,0.0426829268292683,3455.0,3360.0,3345.0,3320.0,314300.0
2026-01-10,3350.0,3440.0,3350.0,3420.0,3420.0,215200.0,3408.25,3404.8,3372.6666666666665,3442.65,49.397590361445786,3418.8,12.33333333333303,1.474999999999909,0.0474732006125573,3455.0,3440.0,3420.0,3350.0,215200.0
2026-01-11,3350.0,3440.0,3350.0,3420.0,3420.0,215200.0,3409.5,3407.2,3376.6,3442.6,49.397590361445786,3418.6,13.066666666666606,1.0499999999997272,0.0332326283987916,3455.0,3440.0,3420.0,3350.0,215200.0
2026-01-12,3350.0,3440.0,3350.0,3420.0,3420.0,215200.0,3410.0,3407.6,3380.9333333333334,3442.425,45.45454545454546,3418.4,14.466666666666695,0.1000000000003638,0.0208955223880598,3455.0,3440.0,3420.0,3350.0,215200.0
2026-01-13,3445.0,3450.0,3380.0,3415.0,3415.0,174000.0,3410.25,3408.4,3384.133333333333,3442.15,52.23880597014925,3418.1,16.199999999999818,-0.4000000000000909,0.0148588410104011,3455.0,3440.0,3420.0,3350.0,215200.0
2026-01-14,3395.0,3430.0,3395.0,3425.0,3425.0,141000.0,3409.0,3409.6,3386.5333333333333,3441.925,53.6231884057971,3418.3,16.133333333333212,-0.599999999999909,0.0178306092124813,3455.0,3450.0,3415.0,3445.0,174000.0
2026-01-15,3430.0,3440.0,3415.0,3435.0,3435.0,124200.0,3409.5,3411.2,3389.0666666666666,3441.75,54.929577464788736,3418.1,16.40000000000009,-0.900000000000091,0.0208023774145615,3455.0,3430.0,3425.0,3395.0,141000.0
2026-01-16,3405.0,3425.0,3340.0,3375.0,3375.0,133400.0,3407.0,3410.4,3390.8,3441.2,46.98795180722892,3416.0,14.200000000000273,-1.400000000000091,-0.0058910162002945,3455.0,3440.0,3435.0,3430.0,124200.0
2026-01-17,3405.0,3425.0,3340.0,3375.0,3375.0,133400.0,3404.5,3409.0,3392.5333333333333,3440.3,46.98795180722892,3413.3,11.599999999999907,-2.125,-0.0044247787610619,3455.0,3425.0,3375.0,3405.0,133400.0
2026-01-18,3405.0,3425.0,3340.0,3375.0,3375.0,133400.0,3400.5,3407.6,3393.6666666666665,3439.35,46.98795180722892,3410.6,9.533333333333305,-2.800000000000182,0.0059612518628913,3455.0,3425.0,3375.0,3405.0,133400.0
2026-01-19,3395.0,3415.0,3375.0,3380.0,3380.0,90600.0,3399.5,3404.8,3395.8,3439.525,53.33333333333334,3408.0,9.26666666666688,-2.400000000000091,0.002967359050445,3455.0,3425.0,3375.0,3405.0,133400.0
2026-01-20,3380.0,3415.0,3370.0,3380.0,3380.0,69000.0,3398.5,3403.0,3398.0666666666666,3439.5,50.70422535211267,3406.8,9.0,-2.25,-0.0145772594752187,3455.0,3415.0,3380.0,3395.0,90600.0
2026-01-21,3400.0,3405.0,3370.0,3390.0,3390.0,88200.0,3398.0,3401.6,3400.266666666667,3439.525,38.59649122807018,3405.1,9.466666666666695,-1.6749999999997272,-0.0116618075801748,3455.0,3415.0,3380.0,3380.0,69000.0
2026-01-22,3445.0,3515.0,3435.0,3470.0,3470.0,182700.0,3401.5,3403.4,3403.5333333333333,3439.95,74.50980392156862,3406.6,11.0,-0.3500000000003638,0.0116618075801748,3470.0,3405.0,3390.0,3400.0,88200.0
2026-01-23,3500.0,3510.0,3465.0,3475.0,3475.0,118300.0,3405.25,3404.2,3406.866666666667,3439.925,64.86486486486487,3407.1,13.200000000000273,0.5750000000002728,0.0131195335276967,3475.0,3515.0,3470.0,3445.0,182700.0
2026-01-24,3500.0,3510.0,3465.0,3475.0,3475.0,118300.0,3409.0,3407.2,3409.4666666666667,3439.8,64.86486486486487,3408.6,13.666666666666517,0.2750000000000909,0.0175695461200584,3475.0,3510.0,3475.0,3500.0,118300.0
2026-01-25,3500.0,3510.0,3465.0,3475.0,3475.0,118300.0,3415.0,3410.2,3412.266666666667,3439.6,64.86486486486487,3410.1,14.200000000000273,0.099999999999909,0.0087082728592162,3475.0,3510.0,3475.0,3500.0,118300.0
2026-01-26,3450.0,3465.0,3430.0,3440.0,3440.0,128300.0,3418.25,3411.8,3414.0,3439.475,54.54545454545455,3410.9,13.73333333333312,-0.0500000000001819,-0.0114942528735632,3475.0,3510.0,3475.0,3500.0,118300.0
2026-01-27,3440.0,3470.0,3440.0,3455.0,3455.0,105800.0,3418.25,3414.0,3415.4,3439.45,58.69565217391305,3411.6,11.866666666666788,-0.5,-0.0156695156695156,3475.0,3465.0,3440.0,3450.0,128300.0
2026-01-28,3415.0,3435.0,3395.0,3420.0,3420.0,208100.0,3422.0,3414.8,3416.133333333333,3439.25,49.01960784313725,3411.7,9.266666666666424,-0.6750000000001819,-0.0256410256410256,3475.0,3470.0,3455.0,3440.0,105800.0
2026-01-29,3405.0,3485.0,3395.0,3450.0,3450.0,216800.0,3423.5,3416.8,3417.266666666667,3439.2,52.72727272727273,3412.5,7.800000000000182,-0.6000000000003638,-0.0170940170940171,3475.0,3435.0,3420.0,3415.0,208100.0
2026-01-30,3450.0,3490.0,3425.0,3470.0,3470.0,207100.0,3426.0,3421.4,3418.6666666666665,3439.225,70.2127659574468,3414.8,6.399999999999636,-0.375,0.0087209302325581,3475.0,3485.0,3450.0,3405.0,216800.0
2026-01-31,3450.0,3490.0,3425.0,3470.0,3470.0,207100.0,3428.5,3425.2,3419.6666666666665,3439.35,70.2127659574468,3415.6,5.666666666666515,-0.125,-0.0014388489208633,3475.0,3490.0,3470.0,3450.0,207100.0
2026-02-01,3450.0,3490.0,3425.0,3470.0,3470.0,207100.0,3431.0,3425.8,3420.733333333333,3439.575,70.2127659574468,3416.4,5.33333333333303,0.125,0.0220913107511044,3475.0,3490.0,3470.0,3450.0,207100.0
2026-02-02,3435.0,3510.0,3425.0,3480.0,3480.0,144400.0,3434.25,3431.2,3422.4,3439.875,70.83333333333333,3417.4,6.266666666666879,0.625,0.0086956521739129,3480.0,3490.0,3470.0,3450.0,207100.0
2026-02-03,3505.0,3555.0,3495.0,3540.0,3540.0,146700.0,3440.0,3436.0,3424.6666666666665,3440.475,76.66666666666666,3419.4,7.399999999999636,1.275000000000091,0.0411764705882353,3540.0,3510.0,3480.0,3435.0,144400.0
2026-02-04,3560.0,3615.0,3545.0,3595.0,3595.0,166100.0,3448.0,3443.0,3426.866666666667,3441.35,79.71014492753623,3423.9,8.200000000000273,2.125,0.0573529411764706,3595.0,3555.0,3540.0,3505.0,146700.0
2026-02-05,3640.0,3710.0,3600.0,3645.0,3645.0,241200.0,3461.5,3452.0,3429.733333333333,3442.475,77.77777777777777,3429.6,10.066666666666606,3.125,0.0720588235294117,3645.0,3615.0,3595.0,3560.0,166100.0
2026-02-06,3630.0,3700.0,3580.0,3640.0,3640.0,257300.0,3474.75,3460.8,3432.5333333333333,3443.575,76.19047619047619,3434.2,11.800000000000182,4.0,0.064327485380117,3645.0,3710.0,3645.0,3640.0,241200.0
2026-02-07,3630.0,3700.0,3580.0,3640.0,3640.0,257300.0,3488.0,3469.8,3435.333333333333,3444.525,76.19047619047619,3439.1,12.933333333333394,4.650000000000091,0.0658857979502196,3645.0,3700.0,3640.0,3630.0,257300.0
2026-02-08,3630.0,3700.0,3580.0,3640.0,3640.0,257300.0,3501.0,3478.4,3438.333333333333,3445.05,76.19047619047619,3444.0,13.66666666666697,4.575000000000273,0.0674486803519061,3645.0,3700.0,3640.0,3630.0,257300.0
2026-02-09,3710.0,3745.0,3690.0,3720.0,3720.0,157000.0,3518.0,3489.8,3442.0,3445.7,88.88888888888889,3450.5,15.133333333333212,4.349999999999909,0.1087928464977645,3720.0,3700.0,3640.0,3630.0,257300.0
2026-02-10,3730.0,3785.0,3710.0,3760.0,3760.0,209400.0,3536.5,3505.2,3445.733333333333,3446.725,89.6103896103896,3457.8,16.0,4.25,0.096209912536443,3760.0,3745.0,3720.0,3710.0,157000.0
2026-02-11,3730.0,3785.0,3710.0,3760.0,3760.0,209400.0,3551.0,3520.6,3449.0666666666666,3447.75,98.57142857142856,3464.8,16.533333333333303,4.175000000000182,0.096209912536443,3760.0,3785.0,3760.0,3730.0,209400.0
2026-02-12,3775.0,3835.0,3750.0,3815.0,3815.0,167000.0,3568.0,3538.2,3453.133333333333,3449.05,98.66666666666669,3472.9,17.799999999999727,4.525000000000091,0.1122448979591836,3815.0,3785.0,3760.0,3730.0,209400.0
2026-02-13,3770.0,3795.0,3590.0,3635.0,3635.0,207900.0,3576.0,3548.4,3454.8,3449.5,65.42056074766356,3476.6,16.466666666666697,4.449999999999818,0.0566860465116279,3815.0,3835.0,3815.0,3775.0,167000.0
2026-02-14,3770.0,3795.0,3590.0,3635.0,3635.0,207900.0,3584.0,3558.6,3457.4,3450.15,65.42056074766356,3480.8,15.400000000000093,4.450000000000273,0.0786350148367953,3815.0,3795.0,3635.0,3770.0,207900.0
2026-02-15,3770.0,3795.0,3590.0,3635.0,3635.0,207900.0,3593.75,3568.4,3459.5333333333333,3450.75,65.42056074766356,3485.0,13.800000000000182,4.025000000000091,0.0818452380952381,3815.0,3795.0,3635.0,3770.0,207900.0
2026-02-16,3630.0,3665.0,3590.0,3665.0,3665.0,121500.0,3604.25,3576.2,3463.133333333333,3451.4,66.66666666666666,3489.8,14.066666666666606,3.650000000000091,0.0747800586510263,3815.0,3795.0,3635.0,3770.0,207900.0
2026-02-17,3650.0,3695.0,3635.0,3650.0,3650.0,113300.0,3615.75,3583.2,3465.8,3451.775,60.78431372549019,3493.7,12.66666666666697,2.724999999999909,0.0751104565537554,3815.0,3665.0,3665.0,3630.0,121500.0
2026-02-21,3655.0,3700.0,3620.0,3700.0,3700.0,117500.0,3659.25,3618.6,3480.6,3453.925,56.38297872340426,3516.3,17.466666666666697,2.525000000000091,0.0850439882697946,3815.0,3700.0,3700.0,3655.0,117500.0
2026-02-22,3655.0,3700.0,3620.0,3700.0,3700.0,117500.0,3670.25,3629.8,3484.4,3454.3,56.38297872340426,3522.3,18.59999999999991,2.525000000000091,0.0850439882697946,3815.0,3700.0,3700.0,3655.0,117500.0
2026-02-23,3655.0,3700.0,3620.0,3700.0,3700.0,117500.0,3678.25,3639.8,3488.266666666667,3454.45,47.43589743589743,3528.3,18.866666666666788,2.199999999999818,0.0724637681159421,3815.0,3700.0,3700.0,3655.0,117500.0
2026-02-18,3650.0,3670.0,3630.0,3670.0,3670.0,110600.0,,,,,,,,,,,,,,
2026-02-19,3635.0,3675.0,3625.0,3660.0,3660.0,174900.0,,,,,,,,,,,,,,
2026-02-20,3655.0,3700.0,3620.0,3700.0,3661.052734375,117500.0,,,,,,,,,,,,,,
2026-02-24,3700.0,3860.0,3700.0,3770.0,3730.31591796875,293400.0,,,,,,,,,,,,,,
2026-02-25,3770.0,3835.0,3740.0,3800.0,3760.0,401600.0,,,,,,,,,,,,,,
2026-02-26,3800.0,3880.0,3795.0,3855.0,3855.0,343300.0,,,,,,,,,,,,,,
2026-02-27,3895.0,3980.0,3885.0,3955.0,3955.0,244200.0,,,,,,,,,,,,,,
2026-03-02,3905.0,4000.0,3895.0,3980.0,3980.0,158400.0,,,,,,,,,,,,,,
2026-03-03,4000.0,4005.0,3900.0,3900.0,3900.0,229700.0,,,,,,,,,,,,,,
2026-03-04,3850.0,3865.0,3760.0,3820.0,3820.0,199200.0,,,,,,,,,,,,,,
2026-03-05,3935.0,3940.0,3850.0,3905.0,3905.0,158400.0,,,,,,,,,,,,,,
2026-03-06,3905.0,3905.0,3815.0,3880.0,3880.0,122500.0,,,,,,,,,,,,,,
